,True_3TC,True_ABC,True_AZT,True_D4T,True_DDI,True_TDF,Pred_Proba_3TC,Pred_Proba_ABC,Pred_Proba_AZT,Pred_Proba_D4T,Pred_Proba_DDI,Pred_Proba_TDF,kFolds
0,1.0,1.0,0.0,1.0,1.0,1.0,0.737621545791626,0.8560923337936401,0.6826241612434387,0.6786938309669495,0.5809140205383301,0.6495001912117004,2.0
1,1.0,1.0,0.0,1.0,1.0,1.0,0.7514076828956604,0.8590803742408752,0.6984769701957703,0.7101265788078308,0.5785426497459412,0.6435044407844543,4.0
2,1.0,0.0,0.0,0.0,0.0,1.0,0.7445480227470398,0.8515745401382446,0.67286217212677,0.7053835988044739,0.5987716913223267,0.6771683096885681,2.0
3,0.0,0.0,0.0,0.0,0.0,0.0,0.727941632270813,0.8749321699142456,0.6924057006835938,0.5963030457496643,0.5442299246788025,0.4497618079185486,2.0
4,0.0,0.0,0.0,0.0,0.0,0.0,0.7500613331794739,0.880741536617279,0.6891238689422607,0.6350816488265991,0.5161612629890442,0.4271504282951355,3.0
5,0.0,0.0,0.0,0.0,0.0,0.0,0.722173273563385,0.8684571385383606,0.6958922147750854,0.6458894610404968,0.5841060280799866,0.47675082087516785,2.0
6,1.0,1.0,0.0,1.0,1.0,1.0,0.7381646037101746,0.8566235899925232,0.6791752576828003,0.6880841255187988,0.591202437877655,0.6228005886077881,2.0
7,0.0,1.0,0.0,0.0,1.0,0.0,0.7401832938194275,0.8672398328781128,0.6920817494392395,0.6450880765914917,0.651614248752594,0.5325515270233154,2.0
8,0.0,1.0,0.0,0.0,0.0,0.0,0.7478550672531128,0.8383192420005798,0.6870652437210083,0.6620089411735535,0.561175525188446,0.5231978297233582,4.0
9,1.0,1.0,0.0,0.0,0.0,0.0,0.882683277130127,0.8333156704902649,0.4961831271648407,0.4385327994823456,0.5267632007598877,0.575568675994873,3.0
10,1.0,1.0,0.0,0.0,1.0,0.0,0.9040694236755371,0.6944960355758667,0.32158201932907104,0.6021295189857483,0.6949509382247925,0.7186502814292908,1.0
11,1.0,1.0,0.0,0.0,1.0,0.0,0.8900505304336548,0.8224943280220032,0.4609006643295288,0.46659520268440247,0.6054163575172424,0.5930209755897522,3.0
12,1.0,1.0,0.0,0.0,1.0,0.0,0.8997130990028381,0.8475372195243835,0.44246017932891846,0.46568813920021057,0.5170175433158875,0.6002540588378906,2.0
13,1.0,1.0,0.0,0.0,1.0,0.0,0.8854837417602539,0.8108496069908142,0.43713289499282837,0.47481849789619446,0.6412266492843628,0.6406536102294922,4.0
14,0.0,0.0,0.0,0.0,0.0,0.0,0.7116626501083374,0.8267242312431335,0.7201606631278992,0.5684930086135864,0.5775937438011169,0.5484423041343689,4.0
15,0.0,0.0,0.0,0.0,0.0,0.0,0.62964928150177,0.7488815188407898,0.7116193175315857,0.6131699085235596,0.551747739315033,0.5233469605445862,0.0
16,0.0,1.0,0.0,1.0,1.0,0.0,0.7229115962982178,0.8979990482330322,0.7245696187019348,0.662594199180603,0.5052241086959839,0.5350729823112488,3.0
17,0.0,1.0,0.0,1.0,1.0,0.0,0.7229115962982178,0.8979990482330322,0.7245696187019348,0.662594199180603,0.5052241086959839,0.5350729823112488,3.0
18,0.0,0.0,0.0,0.0,0.0,0.0,0.7542240619659424,0.846759021282196,0.6654046177864075,0.7337631583213806,0.6748151779174805,0.6827972531318665,1.0
19,0.0,0.0,0.0,0.0,0.0,0.0,0.717065691947937,0.908996045589447,0.7970682978630066,0.6810106635093689,0.528317391872406,0.5423726439476013,3.0
20,0.0,1.0,0.0,1.0,1.0,0.0,0.7181839942932129,0.8813151717185974,0.7898008823394775,0.6782475709915161,0.477125883102417,0.5663725137710571,4.0
21,1.0,1.0,0.0,1.0,1.0,0.0,0.7181839942932129,0.8813151717185974,0.7898008823394775,0.6782475709915161,0.477125883102417,0.5663725137710571,4.0
22,1.0,1.0,0.0,1.0,1.0,0.0,0.7527692914009094,0.9091302752494812,0.7845311760902405,0.6756348609924316,0.5670801997184753,0.5546231865882874,3.0
23,0.0,1.0,0.0,1.0,1.0,0.0,0.6870067715644836,0.8372268080711365,0.7275897264480591,0.715090274810791,0.5714507102966309,0.5476831197738647,0.0
24,0.0,1.0,0.0,0.0,1.0,0.0,0.7428187727928162,0.870803952217102,0.6868060231208801,0.5988357067108154,0.6504265666007996,0.5440688729286194,2.0
25,0.0,1.0,0.0,0.0,1.0,0.0,0.7428187727928162,0.870803952217102,0.6868060231208801,0.5988357067108154,0.6504265666007996,0.5440688729286194,2.0
26,0.0,0.0,0.0,0.0,0.0,0.0,0.7451660633087158,0.8665527701377869,0.7006053328514099,0.6561993956565857,0.5637966394424438,0.44744792580604553,4.0
27,0.0,0.0,0.0,0.0,0.0,0.0,0.727941632270813,0.8749321699142456,0.6924057006835938,0.5963030457496643,0.5442299246788025,0.4497618079185486,2.0
28,0.0,0.0,0.0,0.0,0.0,0.0,0.7346675992012024,0.8787842988967896,0.6958246827125549,0.656093180179596,0.4992397129535675,0.5023847818374634,3.0
29,0.0,0.0,0.0,0.0,0.0,0.0,0.6692481637001038,0.8223931789398193,0.6205692887306213,0.599397599697113,0.5138183832168579,0.4563536047935486,0.0
30,1.0,1.0,0.0,0.0,1.0,0.0,0.8342967629432678,0.7600601315498352,0.5151867270469666,0.4776378870010376,0.5304010510444641,0.5111076831817627,0.0
31,1.0,1.0,0.0,0.0,1.0,0.0,0.8680678009986877,0.7196001410484314,0.40305787324905396,0.663270115852356,0.7183908224105835,0.6981103420257568,1.0
32,1.0,1.0,0.0,0.0,1.0,0.0,0.886630117893219,0.7839195728302002,0.3846234977245331,0.3784183859825134,0.5967167019844055,0.41520947217941284,0.0
33,1.0,1.0,0.0,0.0,1.0,0.0,0.9018115997314453,0.8508815169334412,0.4737451374530792,0.4712228775024414,0.5098533630371094,0.6192600131034851,2.0
34,1.0,1.0,0.0,0.0,1.0,0.0,0.8362576961517334,0.8398797512054443,0.5892670750617981,0.5395866632461548,0.5829434990882874,0.5986966490745544,4.0
35,1.0,1.0,0.0,0.0,1.0,0.0,0.8272475004196167,0.8393133282661438,0.6040765047073364,0.5330063104629517,0.48020943999290466,0.5962173342704773,3.0
36,1.0,1.0,0.0,0.0,1.0,0.0,0.882683277130127,0.8333156704902649,0.4961831271648407,0.4385327994823456,0.5267632007598877,0.575568675994873,3.0
37,1.0,1.0,0.0,0.0,1.0,0.0,0.8920608758926392,0.851095974445343,0.5131756663322449,0.4428611993789673,0.527550220489502,0.5671098232269287,4.0
38,0.0,0.0,0.0,0.0,0.0,0.0,0.7459188103675842,0.8797717690467834,0.7012994885444641,0.6356533169746399,0.5046882629394531,0.4287782311439514,3.0
39,0.0,0.0,0.0,0.0,0.0,0.0,0.722173273563385,0.8684571385383606,0.6958922147750854,0.6458894610404968,0.5841060280799866,0.47675082087516785,2.0
40,1.0,1.0,1.0,1.0,1.0,1.0,0.6987282037734985,0.8779569864273071,0.8645057678222656,0.7106093168258667,0.5346443057060242,0.6876581907272339,4.0
41,0.0,1.0,1.0,1.0,1.0,1.0,0.8250404596328735,0.7994726300239563,0.748142421245575,0.6741614937782288,0.6680207252502441,0.745717465877533,1.0
42,1.0,1.0,1.0,1.0,1.0,1.0,0.8506484031677246,0.8528844118118286,0.7875210642814636,0.5725401043891907,0.42862236499786377,0.612299382686615,2.0
43,1.0,1.0,1.0,1.0,1.0,1.0,0.7410832047462463,0.780243456363678,0.8068011999130249,0.5589745044708252,0.5377197265625,0.48258471488952637,0.0
44,1.0,1.0,1.0,1.0,1.0,1.0,0.5719135999679565,0.8695749640464783,0.8728951811790466,0.7104396820068359,0.42971017956733704,0.5139110684394836,0.0
45,1.0,1.0,1.0,1.0,1.0,1.0,0.70313560962677,0.9251255989074707,0.8854238390922546,0.6421983242034912,0.5215703845024109,0.5686728358268738,2.0
46,1.0,1.0,0.0,0.0,0.0,0.0,0.8529025316238403,0.8497449159622192,0.7096437215805054,0.46985337138175964,0.44021594524383545,0.5545787215232849,3.0
47,1.0,1.0,0.0,0.0,0.0,0.0,0.8544785380363464,0.8432354927062988,0.7235916256904602,0.4494348168373108,0.36291006207466125,0.589048445224762,2.0
48,1.0,1.0,1.0,1.0,1.0,0.0,0.8545116186141968,0.7610288858413696,0.6936298608779907,0.620410144329071,0.5511558651924133,0.6534684896469116,1.0
49,1.0,1.0,1.0,1.0,1.0,0.0,0.8407025337219238,0.7683644890785217,0.7584047913551331,0.48454445600509644,0.5918476581573486,0.46692144870758057,0.0
50,0.0,1.0,1.0,1.0,0.0,1.0,0.64949631690979,0.9030689001083374,0.8692583441734314,0.6351773142814636,0.5032848715782166,0.6185820698738098,3.0
51,0.0,1.0,1.0,1.0,0.0,1.0,0.5293505191802979,0.8636087775230408,0.854893147945404,0.6299738883972168,0.4642261266708374,0.6117020845413208,0.0
52,0.0,0.0,0.0,0.0,0.0,0.0,0.7431145906448364,0.8666344285011292,0.6674649715423584,0.6329065561294556,0.5936193466186523,0.44296950101852417,2.0
53,0.0,0.0,0.0,0.0,0.0,0.0,0.772037923336029,0.8471179008483887,0.6806997060775757,0.64645916223526,0.5547542572021484,0.5525071620941162,4.0
54,1.0,1.0,0.0,1.0,1.0,0.0,0.864539623260498,0.735802412033081,0.42986953258514404,0.6729359030723572,0.707916259765625,0.6936455368995667,1.0
55,1.0,1.0,0.0,1.0,1.0,0.0,0.8439126014709473,0.846604585647583,0.5672643184661865,0.532212495803833,0.4661564230918884,0.6253983974456787,2.0
56,1.0,1.0,0.0,0.0,1.0,0.0,0.818316638469696,0.7727119326591492,0.5294787883758545,0.47461673617362976,0.581989586353302,0.46073561906814575,0.0
57,1.0,1.0,0.0,0.0,1.0,0.0,0.8371353149414062,0.8461210131645203,0.570641040802002,0.5077670216560364,0.4783080220222473,0.5971189141273499,3.0
58,0.0,0.0,0.0,0.0,0.0,0.0,0.7724995613098145,0.7903112769126892,0.5136284232139587,0.7355157732963562,0.7549272775650024,0.6179975867271423,1.0
59,0.0,0.0,0.0,0.0,0.0,0.0,0.668137788772583,0.8186870217323303,0.640422523021698,0.6470193266868591,0.5836812257766724,0.46254321932792664,0.0
60,0.0,0.0,0.0,0.0,0.0,0.0,0.7312723398208618,0.8745481371879578,0.6747563481330872,0.5954052209854126,0.5569970607757568,0.44060221314430237,2.0
61,0.0,0.0,0.0,0.0,0.0,0.0,0.7756062150001526,0.8730146288871765,0.6640752553939819,0.5937688946723938,0.4739380180835724,0.49592283368110657,3.0
62,0.0,0.0,0.0,0.0,0.0,0.0,0.7097891569137573,0.8379179835319519,0.7849849462509155,0.5605766773223877,0.5841584205627441,0.5622611045837402,2.0
63,0.0,0.0,0.0,0.0,0.0,0.0,0.7427869439125061,0.7743318676948547,0.5927233099937439,0.7003591060638428,0.7667113542556763,0.6963409781455994,1.0
64,0.0,0.0,0.0,0.0,0.0,0.0,0.7279123067855835,0.8305767178535461,0.7160625457763672,0.6057606339454651,0.5335944294929504,0.5152378082275391,4.0
65,0.0,0.0,0.0,0.0,0.0,0.0,0.6855483055114746,0.7630545496940613,0.6057550311088562,0.6361032724380493,0.6167502999305725,0.5593014359474182,0.0
66,1.0,1.0,1.0,1.0,1.0,1.0,0.7479186654090881,0.8347869515419006,0.6609979867935181,0.6764406561851501,0.6782031655311584,0.6672177314758301,2.0
67,0.0,0.0,0.0,1.0,1.0,1.0,0.5495796799659729,0.7925493121147156,0.8203773498535156,0.669401228427887,0.4260663092136383,0.51065993309021,0.0
68,1.0,1.0,1.0,1.0,1.0,1.0,0.767673909664154,0.9137542843818665,0.8725247383117676,0.6785004734992981,0.5373978018760681,0.5874813199043274,2.0
69,0.0,1.0,1.0,1.0,1.0,0.0,0.8071572184562683,0.7901217341423035,0.7873132228851318,0.5782095789909363,0.49640101194381714,0.44360753893852234,0.0
70,1.0,1.0,1.0,1.0,1.0,0.0,0.7732048630714417,0.7689213156700134,0.7778028249740601,0.5870383381843567,0.5475643277168274,0.43169519305229187,0.0
71,0.0,0.0,0.0,0.0,0.0,0.0,0.7204599976539612,0.8478683233261108,0.7789893746376038,0.5897049903869629,0.47627171874046326,0.49575307965278625,2.0
72,1.0,1.0,0.0,0.0,1.0,1.0,0.787056565284729,0.8582465052604675,0.6621952056884766,0.5632748603820801,0.6992344856262207,0.6005988121032715,2.0
73,0.0,0.0,0.0,0.0,0.0,0.0,0.6713213920593262,0.7510066032409668,0.6532154083251953,0.5241812467575073,0.48484647274017334,0.4672050476074219,0.0
74,1.0,1.0,0.0,0.0,1.0,0.0,0.8454708456993103,0.8565365672111511,0.7738287448883057,0.5534136891365051,0.5041695833206177,0.6265366673469543,2.0
75,1.0,1.0,1.0,1.0,1.0,0.0,0.8262937664985657,0.8534472584724426,0.7831842303276062,0.5803762674331665,0.5611259937286377,0.6076894402503967,3.0
76,1.0,1.0,0.0,1.0,1.0,0.0,0.7901890277862549,0.8197839260101318,0.7733117938041687,0.47332561016082764,0.49194955825805664,0.4383552372455597,0.0
77,0.0,0.0,0.0,0.0,0.0,0.0,0.7191298007965088,0.8503281474113464,0.7219195365905762,0.6271570324897766,0.6792722940444946,0.5225991606712341,2.0
78,1.0,1.0,0.0,0.0,1.0,1.0,0.8535763025283813,0.7279861569404602,0.41648584604263306,0.44518256187438965,0.7372366786003113,0.5510421395301819,0.0
79,0.0,1.0,1.0,1.0,1.0,0.0,0.6742782592773438,0.9236744046211243,0.8735234141349792,0.6145040988922119,0.5252677798271179,0.6105991005897522,3.0
80,0.0,1.0,0.0,0.0,1.0,0.0,0.8692814707756042,0.8347878456115723,0.441135048866272,0.4708605110645294,0.6200559735298157,0.5994776487350464,2.0
81,1.0,1.0,1.0,0.0,1.0,1.0,0.8195361495018005,0.8147685527801514,0.7604606747627258,0.5868635177612305,0.4963037967681885,0.6642341017723083,1.0
82,1.0,1.0,0.0,0.0,1.0,0.0,0.8828204274177551,0.8266170024871826,0.6969383955001831,0.5039752721786499,0.4094686806201935,0.6303954124450684,2.0
83,1.0,1.0,0.0,0.0,1.0,0.0,0.9017211198806763,0.7434949278831482,0.5224325656890869,0.5683011412620544,0.6194299459457397,0.7159512639045715,1.0
84,1.0,1.0,0.0,0.0,0.0,0.0,0.8724120259284973,0.8218436241149902,0.4925314784049988,0.45791903138160706,0.5911442637443542,0.6353184580802917,2.0
85,1.0,1.0,1.0,1.0,1.0,1.0,0.8631082773208618,0.8287665843963623,0.781694233417511,0.6504343748092651,0.48686668276786804,0.6435047388076782,2.0
86,1.0,1.0,1.0,1.0,1.0,1.0,0.8985556364059448,0.7888365983963013,0.6869163513183594,0.6188751459121704,0.5406447052955627,0.6630170345306396,1.0
87,0.0,0.0,0.0,0.0,0.0,0.0,0.7451006174087524,0.8250653147697449,0.6968311667442322,0.6057530045509338,0.5570083260536194,0.578048050403595,4.0
88,0.0,0.0,1.0,0.0,0.0,0.0,0.8254689574241638,0.7886324524879456,0.7504236102104187,0.6927613615989685,0.6315644979476929,0.7495235204696655,1.0
89,0.0,0.0,0.0,0.0,0.0,0.0,0.7261269092559814,0.8553355932235718,0.770815372467041,0.6614471673965454,0.5349969863891602,0.5047899484634399,3.0
90,0.0,1.0,1.0,1.0,1.0,1.0,0.7323169112205505,0.9105646014213562,0.8650104999542236,0.6615674495697021,0.5100380182266235,0.6063981056213379,3.0
91,0.0,0.0,0.0,0.0,0.0,0.0,0.7168967127799988,0.840924084186554,0.7177006602287292,0.6600506901741028,0.6226786375045776,0.5449036359786987,4.0
92,0.0,0.0,0.0,0.0,0.0,0.0,0.6945760846138,0.849297046661377,0.7434316873550415,0.6132141351699829,0.5580641627311707,0.44531893730163574,2.0
93,0.0,0.0,0.0,0.0,0.0,0.0,0.7534500360488892,0.8635997176170349,0.7573343515396118,0.6425734758377075,0.5414106845855713,0.6166571378707886,3.0
94,1.0,1.0,0.0,0.0,0.0,0.0,0.9086145758628845,0.8410855531692505,0.42745253443717957,0.3957035541534424,0.5176102519035339,0.6108103394508362,2.0
95,0.0,1.0,1.0,1.0,0.0,1.0,0.7214428186416626,0.8978073000907898,0.8755608797073364,0.6304966807365417,0.4576702117919922,0.6325111985206604,4.0
96,0.0,0.0,0.0,0.0,0.0,0.0,0.8030611872673035,0.738012969493866,0.5980239510536194,0.6836394667625427,0.7744189500808716,0.7377653121948242,1.0
97,1.0,1.0,1.0,1.0,1.0,1.0,0.8006122708320618,0.8680052757263184,0.8453444838523865,0.6861909627914429,0.49473845958709717,0.6608272194862366,2.0
98,0.0,0.0,0.0,0.0,0.0,0.0,0.7248035669326782,0.8411223888397217,0.6892512440681458,0.57865971326828,0.605103611946106,0.5001758933067322,4.0
99,1.0,0.0,0.0,0.0,0.0,0.0,0.8514591455459595,0.7532803416252136,0.4217607080936432,0.3945643901824951,0.6016079783439636,0.4514535367488861,0.0
100,1.0,1.0,0.0,0.0,1.0,0.0,0.7700634598731995,0.7303065657615662,0.5192536115646362,0.5878646969795227,0.622223436832428,0.5936858057975769,0.0
101,0.0,0.0,0.0,0.0,0.0,0.0,0.6221073269844055,0.787132203578949,0.6547046899795532,0.6422825455665588,0.5139889121055603,0.4730185270309448,0.0
102,1.0,1.0,0.0,1.0,1.0,0.0,0.841874897480011,0.8494991064071655,0.7461621761322021,0.47290199995040894,0.41101792454719543,0.601231038570404,2.0
103,1.0,1.0,0.0,1.0,1.0,0.0,0.8400207161903381,0.8496851325035095,0.7828680276870728,0.6277616620063782,0.561873733997345,0.5813515782356262,4.0
104,1.0,1.0,1.0,1.0,1.0,0.0,0.8557530045509338,0.8372974991798401,0.8045766353607178,0.6526032090187073,0.5124028921127319,0.6115707755088806,2.0
105,0.0,0.0,0.0,0.0,0.0,0.0,0.7151484489440918,0.8428919911384583,0.731066107749939,0.5831188559532166,0.6927078366279602,0.5698516964912415,2.0
106,0.0,1.0,1.0,1.0,0.0,1.0,0.7490875720977783,0.9087780117988586,0.8524994850158691,0.6172667741775513,0.530105471611023,0.620819091796875,2.0
107,0.0,1.0,1.0,1.0,0.0,1.0,0.560768723487854,0.8826266527175903,0.8676725625991821,0.6631345152854919,0.3960041105747223,0.5782728791236877,0.0
108,0.0,0.0,0.0,0.0,0.0,0.0,0.6983490586280823,0.8908200263977051,0.7915192246437073,0.6791817545890808,0.57218337059021,0.5287572741508484,3.0
109,1.0,1.0,1.0,1.0,0.0,0.0,0.8077268004417419,0.7801119089126587,0.7884498238563538,0.5682280659675598,0.5978528261184692,0.4726502597332001,0.0
110,1.0,1.0,1.0,1.0,1.0,0.0,0.8703775405883789,0.8519608974456787,0.7837008833885193,0.6198400855064392,0.5054145455360413,0.6429648995399475,2.0
111,1.0,1.0,1.0,1.0,1.0,0.0,0.8776360154151917,0.7639050483703613,0.704870343208313,0.6689281463623047,0.5770580768585205,0.7105385065078735,1.0
112,0.0,0.0,0.0,0.0,0.0,0.0,0.706936776638031,0.8262149095535278,0.6991701126098633,0.5829482078552246,0.6263890862464905,0.5213435292243958,4.0
113,1.0,1.0,1.0,1.0,1.0,1.0,0.909644603729248,0.7293916344642639,0.560635507106781,0.628865122795105,0.6181058883666992,0.64312344789505,1.0
114,1.0,1.0,0.0,0.0,0.0,0.0,0.8529413342475891,0.8665031790733337,0.7678231596946716,0.5195038914680481,0.5349746942520142,0.5851878523826599,3.0
115,1.0,1.0,0.0,0.0,1.0,0.0,0.8174102902412415,0.7888898849487305,0.6472219824790955,0.4463430941104889,0.5263954401016235,0.47162798047065735,0.0
116,1.0,1.0,1.0,1.0,1.0,1.0,0.7456527352333069,0.9293375015258789,0.8859456181526184,0.6877139210700989,0.4918907880783081,0.5815595388412476,3.0
117,1.0,1.0,1.0,1.0,1.0,0.0,0.8642172813415527,0.853196382522583,0.7753022909164429,0.6556494235992432,0.5128216743469238,0.6105945706367493,2.0
118,0.0,1.0,1.0,1.0,0.0,1.0,0.7492148280143738,0.9060062766075134,0.8753001689910889,0.65668123960495,0.47842302918434143,0.6335204839706421,3.0
119,1.0,1.0,1.0,1.0,1.0,0.0,0.8487366437911987,0.8631202578544617,0.7956003546714783,0.5521639585494995,0.4884202480316162,0.6342670917510986,3.0
120,0.0,0.0,0.0,0.0,0.0,0.0,0.7947111129760742,0.8616015911102295,0.7080029845237732,0.5482410192489624,0.6025165915489197,0.5630275011062622,2.0
121,1.0,1.0,0.0,0.0,1.0,0.0,0.8865616917610168,0.8597372174263,0.5053243637084961,0.4606320858001709,0.4732397496700287,0.5286402702331543,4.0
122,0.0,1.0,1.0,1.0,1.0,0.0,0.7570945024490356,0.9133150577545166,0.8611924052238464,0.6534995436668396,0.5472897887229919,0.5598587393760681,4.0
123,0.0,0.0,0.0,0.0,0.0,0.0,0.5641552209854126,0.7585902214050293,0.6432796120643616,0.6503477692604065,0.5880312919616699,0.5050526857376099,0.0
124,0.0,0.0,0.0,0.0,0.0,0.0,0.6480347514152527,0.7467698454856873,0.6714913249015808,0.5570347309112549,0.41330936551094055,0.45107123255729675,0.0
125,0.0,1.0,1.0,1.0,0.0,1.0,0.745611310005188,0.8937684893608093,0.8786542415618896,0.673050582408905,0.5478457808494568,0.6506152749061584,2.0
126,0.0,1.0,1.0,1.0,1.0,1.0,0.7683663964271545,0.7726039886474609,0.666780412197113,0.7061253786087036,0.7555043697357178,0.6898052096366882,1.0
127,1.0,1.0,0.0,0.0,1.0,0.0,0.8771618008613586,0.8213204145431519,0.47713664174079895,0.44240161776542664,0.574364960193634,0.5792531371116638,3.0
128,1.0,1.0,0.0,0.0,0.0,0.0,0.8563898205757141,0.7632088661193848,0.4086485207080841,0.3652571737766266,0.5681493282318115,0.4380002021789551,0.0
129,0.0,0.0,0.0,1.0,1.0,0.0,0.7781828045845032,0.7536759972572327,0.5786404609680176,0.6581017374992371,0.6872668862342834,0.6916451454162598,1.0
130,1.0,1.0,1.0,1.0,1.0,0.0,0.8293594717979431,0.8755123615264893,0.7925933003425598,0.6032636761665344,0.5205332040786743,0.5999336242675781,4.0
131,1.0,1.0,1.0,1.0,1.0,1.0,0.861969530582428,0.7610951662063599,0.725476861000061,0.6227410435676575,0.521279513835907,0.6368775367736816,1.0
132,0.0,1.0,1.0,1.0,0.0,1.0,0.6978834271430969,0.903389573097229,0.8852736353874207,0.560051441192627,0.4440891146659851,0.5902179479598999,2.0
133,0.0,0.0,0.0,0.0,0.0,0.0,0.7475227117538452,0.8451915979385376,0.6650484204292297,0.5379645824432373,0.5396429896354675,0.552741289138794,3.0
134,0.0,0.0,0.0,0.0,0.0,0.0,0.6997855305671692,0.8994386196136475,0.862761914730072,0.6371095180511475,0.592134952545166,0.5832850337028503,4.0
135,1.0,1.0,1.0,0.0,1.0,0.0,0.8031986355781555,0.7343858480453491,0.7201132774353027,0.5215248465538025,0.6088314652442932,0.4362064599990845,0.0
136,1.0,1.0,1.0,0.0,1.0,0.0,0.8176519870758057,0.841076672077179,0.7443389892578125,0.6322402358055115,0.5921235680580139,0.6727971434593201,2.0
137,0.0,0.0,0.0,0.0,0.0,0.0,0.7441688776016235,0.8252256512641907,0.7120243310928345,0.6431472897529602,0.6742356419563293,0.639945924282074,2.0
138,0.0,0.0,0.0,0.0,0.0,0.0,0.7339977622032166,0.8434556126594543,0.671400249004364,0.6314939856529236,0.6544147729873657,0.5617958307266235,2.0
139,0.0,0.0,0.0,0.0,0.0,0.0,0.731590211391449,0.8336045145988464,0.7123661041259766,0.5938465595245361,0.6450037956237793,0.5576427578926086,2.0
140,0.0,0.0,0.0,0.0,0.0,0.0,0.7192217707633972,0.7410085201263428,0.5240836143493652,0.6695153713226318,0.7465495467185974,0.6846157908439636,1.0
141,1.0,1.0,0.0,1.0,1.0,0.0,0.6697169542312622,0.7640107870101929,0.6793650388717651,0.6344416737556458,0.5874500274658203,0.5977612733840942,0.0
142,1.0,1.0,0.0,0.0,1.0,0.0,0.8636378049850464,0.7606331706047058,0.6963980793952942,0.6049156785011292,0.5217554569244385,0.6512932777404785,1.0
143,1.0,1.0,0.0,0.0,1.0,0.0,0.8890889286994934,0.8364961743354797,0.4742126166820526,0.4433504343032837,0.45013028383255005,0.583713710308075,4.0
144,0.0,0.0,0.0,0.0,0.0,0.0,0.6878554224967957,0.8700558543205261,0.7724030613899231,0.636812150478363,0.6458494663238525,0.5568639039993286,2.0
145,0.0,0.0,0.0,0.0,0.0,0.0,0.7375981211662292,0.8753471970558167,0.7018051147460938,0.5894603729248047,0.5004603862762451,0.5072762966156006,3.0
146,1.0,1.0,1.0,1.0,1.0,0.0,0.8309285640716553,0.8391469717025757,0.8338483572006226,0.701229453086853,0.5647822022438049,0.6109179854393005,4.0
147,1.0,1.0,0.0,1.0,1.0,0.0,0.8532918691635132,0.7507644295692444,0.6643572449684143,0.6595486402511597,0.56355220079422,0.6238500475883484,1.0
148,0.0,0.0,0.0,0.0,0.0,0.0,0.7112563252449036,0.7754537463188171,0.5989877581596375,0.7129733562469482,0.7601274251937866,0.6608238816261292,1.0
149,1.0,0.0,0.0,0.0,0.0,0.0,0.8612585067749023,0.8256465792655945,0.5167593359947205,0.4539274275302887,0.4954759478569031,0.5630824565887451,3.0
150,0.0,0.0,0.0,0.0,0.0,0.0,0.8331601619720459,0.8322708010673523,0.6022458076477051,0.49122384190559387,0.556537926197052,0.5913925170898438,4.0
151,1.0,1.0,0.0,0.0,0.0,0.0,0.8827566504478455,0.8747259378433228,0.6800119280815125,0.4800731837749481,0.4622547924518585,0.542456865310669,4.0
152,0.0,0.0,0.0,0.0,0.0,0.0,0.7947478294372559,0.8198453187942505,0.598840057849884,0.4714127480983734,0.5573407411575317,0.5369815230369568,4.0
153,1.0,1.0,1.0,1.0,1.0,0.0,0.8265314102172852,0.8592498302459717,0.8113396167755127,0.5665249824523926,0.4932226240634918,0.6060581207275391,3.0
154,0.0,0.0,0.0,0.0,0.0,0.0,0.7278628349304199,0.8315470218658447,0.7353230118751526,0.5206775069236755,0.5163825154304504,0.5249052047729492,3.0
155,0.0,0.0,0.0,0.0,0.0,0.0,0.7643983364105225,0.7471413612365723,0.5133466720581055,0.6587026715278625,0.8014305233955383,0.6951813697814941,1.0
156,0.0,0.0,0.0,0.0,0.0,0.0,0.8408083915710449,0.7629846334457397,0.624706506729126,0.6317155957221985,0.7876940965652466,0.7228786945343018,1.0
157,1.0,1.0,1.0,1.0,1.0,1.0,0.8474383354187012,0.8690739870071411,0.7976837158203125,0.6047771573066711,0.5648139119148254,0.6255344152450562,3.0
158,1.0,1.0,1.0,1.0,1.0,1.0,0.8590242266654968,0.8230699300765991,0.7480309009552002,0.6194465160369873,0.5197821259498596,0.6935436129570007,1.0
159,0.0,0.0,0.0,0.0,0.0,0.0,0.7259426116943359,0.8764820098876953,0.7471398115158081,0.6520360708236694,0.4878641963005066,0.5071107745170593,3.0
160,0.0,0.0,0.0,0.0,0.0,0.0,0.6978122591972351,0.8320516347885132,0.7556595802307129,0.621681272983551,0.48022639751434326,0.5443184971809387,4.0
161,1.0,1.0,0.0,0.0,1.0,0.0,0.8580321669578552,0.8414133191108704,0.5931008458137512,0.4508059620857239,0.4610275328159332,0.5527425408363342,4.0
162,1.0,1.0,0.0,0.0,0.0,0.0,0.804387092590332,0.7735354900360107,0.6943808197975159,0.4711519479751587,0.6211837530136108,0.49873054027557373,0.0
163,0.0,0.0,0.0,0.0,0.0,0.0,0.6492921710014343,0.7321317195892334,0.6359869241714478,0.5983644723892212,0.41345515847206116,0.48881813883781433,0.0
164,1.0,1.0,0.0,0.0,1.0,0.0,0.8651916980743408,0.7465966939926147,0.5554569959640503,0.5904906392097473,0.5962804555892944,0.6769291758537292,1.0
165,1.0,1.0,1.0,1.0,1.0,1.0,0.8490102291107178,0.8535596132278442,0.7833402752876282,0.574347972869873,0.44971534609794617,0.6294162273406982,2.0
166,1.0,1.0,1.0,1.0,1.0,0.0,0.8359484672546387,0.8490421175956726,0.8095545172691345,0.6744844913482666,0.5692723393440247,0.6130785346031189,4.0
167,1.0,1.0,1.0,1.0,1.0,0.0,0.8669275641441345,0.8583545684814453,0.764592707157135,0.6214340925216675,0.4585249722003937,0.6114211082458496,2.0
168,0.0,0.0,0.0,0.0,0.0,0.0,0.6211495399475098,0.7873044610023499,0.6687694787979126,0.6359421014785767,0.5443786978721619,0.483061820268631,0.0
169,0.0,1.0,0.0,1.0,1.0,1.0,0.7602365016937256,0.8375028967857361,0.6747460961341858,0.6295639276504517,0.6372024416923523,0.6396235227584839,3.0
170,1.0,1.0,0.0,1.0,1.0,1.0,0.6237274408340454,0.7567539811134338,0.6505743265151978,0.6837602853775024,0.5997881889343262,0.6111006140708923,0.0
171,0.0,0.0,0.0,0.0,0.0,0.0,0.7382621765136719,0.85321444272995,0.731270968914032,0.6128636002540588,0.6817810535430908,0.5009145736694336,2.0
172,1.0,1.0,0.0,1.0,1.0,0.0,0.7590274214744568,0.9363951683044434,0.8475701808929443,0.610099732875824,0.479783296585083,0.6113259792327881,3.0
173,1.0,1.0,1.0,0.0,1.0,0.0,0.80088871717453,0.7851699590682983,0.7808877825737,0.5113555192947388,0.5417118072509766,0.4316941797733307,0.0
174,1.0,1.0,1.0,1.0,0.0,1.0,0.7412450313568115,0.8453892469406128,0.7999049425125122,0.6546593904495239,0.5234521627426147,0.7550946474075317,1.0
175,1.0,1.0,0.0,1.0,1.0,1.0,0.788392186164856,0.7486770749092102,0.7811694145202637,0.6737338900566101,0.6161404252052307,0.5064697861671448,0.0
176,1.0,1.0,0.0,1.0,1.0,0.0,0.8324759006500244,0.8463096618652344,0.8019220232963562,0.6516919136047363,0.5218454003334045,0.5848646759986877,3.0
177,0.0,1.0,1.0,1.0,1.0,1.0,0.736625611782074,0.8279724717140198,0.7771806120872498,0.7354117631912231,0.6989467740058899,0.6847397089004517,1.0
178,0.0,1.0,1.0,1.0,1.0,0.0,0.8273006081581116,0.8406442403793335,0.7455056309700012,0.638252854347229,0.6141604781150818,0.6786800026893616,1.0
179,1.0,1.0,0.0,1.0,1.0,0.0,0.8986197113990784,0.7197026014328003,0.48692864179611206,0.5444467067718506,0.6318796277046204,0.6339184641838074,1.0
180,0.0,0.0,0.0,0.0,0.0,0.0,0.7084563374519348,0.9141862988471985,0.863449215888977,0.6533397436141968,0.5196800231933594,0.6036869287490845,3.0
181,1.0,1.0,1.0,1.0,0.0,0.0,0.8591737151145935,0.7735223174095154,0.7500771880149841,0.657409131526947,0.6063439846038818,0.7014021277427673,1.0
182,0.0,0.0,0.0,0.0,0.0,0.0,0.7160210609436035,0.8707146048545837,0.7348284721374512,0.6208564639091492,0.6075108647346497,0.579619824886322,2.0
183,1.0,1.0,1.0,1.0,1.0,1.0,0.8554449677467346,0.8289427757263184,0.7860546708106995,0.6971567273139954,0.5389013290405273,0.6424626708030701,2.0
184,1.0,1.0,1.0,1.0,1.0,1.0,0.7877224683761597,0.786831259727478,0.8092406392097473,0.5554078221321106,0.507753849029541,0.4065779149532318,0.0
185,0.0,0.0,0.0,0.0,0.0,0.0,0.610776960849762,0.7589414119720459,0.6925436854362488,0.5913220643997192,0.5243605375289917,0.5116633176803589,0.0
186,1.0,1.0,1.0,1.0,1.0,1.0,0.8448548913002014,0.8566344976425171,0.7906489372253418,0.6031202077865601,0.5301277041435242,0.591900110244751,4.0
187,1.0,1.0,1.0,1.0,1.0,0.0,0.8518058657646179,0.8178332448005676,0.618511974811554,0.5529769659042358,0.5383470058441162,0.6189306974411011,4.0
188,1.0,1.0,0.0,0.0,1.0,0.0,0.8716716766357422,0.7658999562263489,0.39506566524505615,0.3569694459438324,0.5787948369979858,0.40134069323539734,0.0
189,1.0,1.0,1.0,1.0,0.0,0.0,0.8305613398551941,0.8575199842453003,0.8245713114738464,0.6261780261993408,0.4754534661769867,0.6404916048049927,4.0
190,0.0,0.0,0.0,0.0,0.0,0.0,0.7473902106285095,0.8732011914253235,0.6909494996070862,0.6164942979812622,0.47992953658103943,0.5383275151252747,3.0
191,0.0,0.0,0.0,0.0,0.0,0.0,0.7430294752120972,0.9344232082366943,0.8431845903396606,0.642539918422699,0.541102409362793,0.5596064925193787,3.0
192,0.0,1.0,0.0,1.0,1.0,0.0,0.7658915519714355,0.8393837213516235,0.7183325886726379,0.6674256920814514,0.623843789100647,0.5433332324028015,1.0
193,0.0,0.0,0.0,0.0,0.0,0.0,0.7176756262779236,0.8446906805038452,0.698699414730072,0.6097797155380249,0.6168956160545349,0.49203118681907654,2.0
194,1.0,1.0,1.0,1.0,0.0,0.0,0.8791090250015259,0.8382760882377625,0.7559552788734436,0.5292689204216003,0.5060369968414307,0.623627245426178,2.0
195,0.0,1.0,1.0,1.0,1.0,1.0,0.7511976361274719,0.8203773498535156,0.8006225824356079,0.6409463286399841,0.5774598717689514,0.7000296711921692,1.0
196,1.0,1.0,1.0,1.0,1.0,1.0,0.843392014503479,0.7522035241127014,0.7251356244087219,0.6714640259742737,0.579304575920105,0.6717746257781982,1.0
197,1.0,1.0,1.0,1.0,1.0,1.0,0.8212669491767883,0.8460933566093445,0.8174458146095276,0.6634372472763062,0.5695929527282715,0.610358715057373,4.0
198,0.0,0.0,0.0,0.0,0.0,0.0,0.6443891525268555,0.7991241812705994,0.693879246711731,0.609331488609314,0.4493037164211273,0.5095435380935669,0.0
199,0.0,0.0,1.0,0.0,0.0,0.0,0.6149036884307861,0.8539460897445679,0.8545392751693726,0.6723434925079346,0.5280826091766357,0.5714695453643799,0.0
200,0.0,0.0,0.0,0.0,0.0,0.0,0.7471441030502319,0.8727236390113831,0.7374400496482849,0.6058163642883301,0.5943946242332458,0.5227670073509216,4.0
201,1.0,1.0,1.0,1.0,1.0,0.0,0.827627420425415,0.8512877225875854,0.8139703273773193,0.6324697136878967,0.4803527593612671,0.6095016002655029,4.0
202,1.0,1.0,1.0,1.0,1.0,1.0,0.8358667492866516,0.8416315913200378,0.8084207773208618,0.7116018533706665,0.5598000884056091,0.6237127780914307,4.0
203,0.0,0.0,1.0,0.0,0.0,1.0,0.6922077536582947,0.8402127027511597,0.8126311898231506,0.6413347125053406,0.52187180519104,0.6218173503875732,0.0
204,1.0,1.0,1.0,1.0,1.0,0.0,0.8818966746330261,0.8568201661109924,0.7887938618659973,0.5698578953742981,0.41279464960098267,0.667367160320282,2.0
205,1.0,1.0,1.0,1.0,1.0,1.0,0.8355583548545837,0.8731198310852051,0.8221272826194763,0.6172512173652649,0.5028162002563477,0.5995370745658875,4.0
206,1.0,1.0,1.0,1.0,1.0,0.0,0.8393843173980713,0.8655790686607361,0.8030799627304077,0.6726180911064148,0.5471201539039612,0.5772409439086914,4.0
207,1.0,1.0,0.0,0.0,1.0,1.0,0.8090680241584778,0.8192158341407776,0.6104058623313904,0.5356044173240662,0.6798717379570007,0.6515544652938843,4.0
208,1.0,1.0,1.0,1.0,1.0,1.0,0.7866988182067871,0.8031001091003418,0.8222967982292175,0.6815242171287537,0.5742957592010498,0.7293856143951416,1.0
209,1.0,1.0,1.0,1.0,1.0,1.0,0.8688628077507019,0.7745304107666016,0.6769746541976929,0.5914393067359924,0.5540276765823364,0.6730893850326538,1.0
210,1.0,1.0,1.0,1.0,1.0,1.0,0.8194844126701355,0.7931390404701233,0.8104811310768127,0.5488696098327637,0.5228325724601746,0.4784424602985382,0.0
211,1.0,1.0,1.0,1.0,1.0,1.0,0.7000261545181274,0.9374626278877258,0.8866086602210999,0.6406713724136353,0.5331223607063293,0.5669957995414734,2.0
212,0.0,0.0,0.0,0.0,0.0,0.0,0.6868985295295715,0.7707480192184448,0.6856023669242859,0.5395455956459045,0.4094989597797394,0.5242583155632019,0.0
213,1.0,1.0,0.0,0.0,0.0,0.0,0.8625741004943848,0.8316653966903687,0.7123336791992188,0.507122278213501,0.4424823224544525,0.6188279986381531,2.0
214,1.0,1.0,0.0,0.0,0.0,0.0,0.8927925229072571,0.7529115080833435,0.5715175867080688,0.613837718963623,0.6329258680343628,0.6563719511032104,1.0
215,0.0,0.0,0.0,0.0,0.0,0.0,0.7391265630722046,0.8540186285972595,0.6933371424674988,0.5842673778533936,0.550056517124176,0.5163317322731018,2.0
216,0.0,0.0,0.0,0.0,0.0,0.0,0.7244389653205872,0.8461925387382507,0.7319201827049255,0.6526699066162109,0.4797063171863556,0.5232587456703186,4.0
217,0.0,0.0,0.0,0.0,0.0,0.0,0.730283260345459,0.8770175576210022,0.7398732304573059,0.6768976449966431,0.49493932723999023,0.5597769618034363,3.0
218,0.0,0.0,0.0,0.0,0.0,0.0,0.7835957407951355,0.7606073617935181,0.5418749451637268,0.6536100506782532,0.7341684103012085,0.6836097836494446,1.0
219,1.0,1.0,0.0,0.0,1.0,0.0,0.8540318012237549,0.8518866300582886,0.7512110471725464,0.6005809307098389,0.5135651230812073,0.5898777842521667,4.0
220,0.0,1.0,0.0,0.0,1.0,1.0,0.8033501505851746,0.7302464842796326,0.44980135560035706,0.4388151466846466,0.7042827010154724,0.5760354399681091,0.0
221,1.0,1.0,0.0,0.0,0.0,0.0,0.9137449264526367,0.7272494435310364,0.3463989794254303,0.5631512999534607,0.6146161556243896,0.669430136680603,1.0
222,1.0,1.0,0.0,0.0,1.0,0.0,0.8546499609947205,0.8397440314292908,0.7517125010490417,0.5427029728889465,0.4684077203273773,0.6012437343597412,2.0
223,0.0,0.0,0.0,0.0,0.0,0.0,0.7234839200973511,0.8539197444915771,0.7240602970123291,0.6448862552642822,0.5455469489097595,0.5791987776756287,3.0
224,1.0,1.0,0.0,0.0,0.0,0.0,0.8713834285736084,0.8432599306106567,0.6480292081832886,0.5454682111740112,0.5441340208053589,0.6379570364952087,2.0
225,0.0,0.0,0.0,0.0,0.0,0.0,0.7147131562232971,0.837340772151947,0.7562471628189087,0.5778244733810425,0.6214970946311951,0.5319764614105225,4.0
226,1.0,1.0,1.0,1.0,1.0,0.0,0.785714328289032,0.7625280022621155,0.7587236762046814,0.5820910334587097,0.5603892803192139,0.45527541637420654,0.0
227,0.0,1.0,1.0,1.0,0.0,1.0,0.7426782846450806,0.9063156843185425,0.8590042591094971,0.6437810659408569,0.5699039101600647,0.6259651780128479,2.0
228,1.0,1.0,1.0,1.0,1.0,1.0,0.8502926230430603,0.8446334600448608,0.7519526481628418,0.5008980631828308,0.44439226388931274,0.6035071611404419,2.0
229,1.0,1.0,1.0,1.0,1.0,1.0,0.8431167006492615,0.8470693826675415,0.721966028213501,0.5636603236198425,0.574897050857544,0.6057838797569275,4.0
230,0.0,0.0,0.0,0.0,0.0,0.0,0.7123610973358154,0.8435389995574951,0.7698855996131897,0.6398589015007019,0.4456437826156616,0.502352774143219,4.0
231,0.0,0.0,0.0,0.0,0.0,0.0,0.6157191395759583,0.8349981904029846,0.8051213026046753,0.70443195104599,0.4102599322795868,0.5765806436538696,0.0
232,0.0,0.0,0.0,0.0,0.0,0.0,0.8119345903396606,0.8347723484039307,0.6888139843940735,0.5615317225456238,0.5110740661621094,0.5865905284881592,2.0
233,0.0,1.0,1.0,1.0,1.0,1.0,0.6462555527687073,0.8497493267059326,0.8379881381988525,0.6585375666618347,0.5583775639533997,0.672837495803833,1.0
234,0.0,1.0,1.0,1.0,0.0,1.0,0.7605233192443848,0.9019104838371277,0.8679764866828918,0.6601145267486572,0.46443015336990356,0.6461121439933777,3.0
235,0.0,0.0,0.0,0.0,0.0,0.0,0.6986019611358643,0.8481996655464172,0.7614071369171143,0.5690637230873108,0.5470969080924988,0.5006405711174011,2.0
236,1.0,1.0,0.0,0.0,1.0,0.0,0.8855242133140564,0.7174617052078247,0.4738040566444397,0.6072483658790588,0.6802368760108948,0.711041271686554,1.0
237,1.0,1.0,1.0,1.0,1.0,1.0,0.6163123846054077,0.8475333452224731,0.8699122071266174,0.6814038753509521,0.45372751355171204,0.479754775762558,0.0
238,1.0,1.0,1.0,1.0,1.0,1.0,0.7369714975357056,0.9177483320236206,0.8638672232627869,0.6051573753356934,0.47055813670158386,0.5637557506561279,3.0
239,0.0,0.0,0.0,0.0,0.0,0.0,0.6737329959869385,0.7748784422874451,0.6654111742973328,0.5914866328239441,0.33399146795272827,0.48182594776153564,0.0
240,0.0,0.0,0.0,0.0,0.0,0.0,0.7908602952957153,0.7655539512634277,0.5341733694076538,0.5091857314109802,0.482576847076416,0.46219655871391296,0.0
241,1.0,1.0,1.0,1.0,1.0,1.0,0.7521110773086548,0.8914079666137695,0.8742508292198181,0.697614312171936,0.4796546995639801,0.6736176609992981,4.0
242,0.0,0.0,0.0,0.0,0.0,0.0,0.7260629534721375,0.8438226580619812,0.7103702425956726,0.5307199358940125,0.6296528577804565,0.5396167635917664,2.0
243,0.0,0.0,0.0,0.0,0.0,0.0,0.8117048740386963,0.7701882719993591,0.6278566122055054,0.6535694003105164,0.7298822999000549,0.7161017060279846,1.0
244,1.0,1.0,1.0,0.0,0.0,0.0,0.8230557441711426,0.7939542531967163,0.7553133368492126,0.460361510515213,0.5417358875274658,0.4181557893753052,0.0
245,0.0,0.0,0.0,0.0,0.0,0.0,0.7188056111335754,0.8650658130645752,0.70440274477005,0.644909143447876,0.5270824432373047,0.5719550848007202,3.0
246,0.0,1.0,1.0,1.0,1.0,1.0,0.8494285345077515,0.8356096148490906,0.8004179000854492,0.6458616256713867,0.5789391994476318,0.6217350959777832,4.0
247,1.0,1.0,1.0,1.0,1.0,1.0,0.8001078963279724,0.7908425331115723,0.8168382048606873,0.6324222087860107,0.4879203736782074,0.5024614930152893,0.0
248,0.0,1.0,1.0,1.0,0.0,1.0,0.7290968894958496,0.9096585512161255,0.8749810457229614,0.613832950592041,0.4749546945095062,0.6185600161552429,2.0
249,0.0,0.0,0.0,0.0,0.0,0.0,0.7067145705223083,0.8545075058937073,0.7068532705307007,0.6508816480636597,0.5817654132843018,0.5118154883384705,2.0
250,0.0,0.0,0.0,0.0,0.0,0.0,0.7257940173149109,0.8632704615592957,0.6956718564033508,0.5789389610290527,0.48560190200805664,0.4161713719367981,3.0
251,0.0,1.0,1.0,1.0,1.0,1.0,0.5647193193435669,0.8320550322532654,0.8576553463935852,0.6686713695526123,0.5318487882614136,0.6129851937294006,0.0
252,1.0,1.0,0.0,0.0,1.0,0.0,0.873688817024231,0.8476428985595703,0.7470133900642395,0.6117164492607117,0.5200004577636719,0.5951735377311707,4.0
253,1.0,1.0,1.0,1.0,1.0,0.0,0.8508252501487732,0.8613921403884888,0.7777432203292847,0.5913692116737366,0.5192545652389526,0.6108706593513489,4.0
254,1.0,1.0,1.0,0.0,1.0,1.0,0.8742601871490479,0.7589715719223022,0.6019157767295837,0.568536639213562,0.6469568610191345,0.6537593007087708,1.0
255,1.0,1.0,1.0,0.0,1.0,0.0,0.8597196340560913,0.8547223806381226,0.7431589365005493,0.5184345245361328,0.5437554717063904,0.55608069896698,3.0
256,1.0,1.0,1.0,1.0,1.0,0.0,0.8532447814941406,0.8554859757423401,0.7884954214096069,0.581169843673706,0.4672163426876068,0.6197019815444946,2.0
257,0.0,0.0,0.0,0.0,0.0,0.0,0.7082844972610474,0.866151750087738,0.6994529962539673,0.6311521530151367,0.535068929195404,0.5185496807098389,3.0
258,0.0,0.0,0.0,0.0,0.0,0.0,0.7476438879966736,0.8454948663711548,0.7147790789604187,0.5982263684272766,0.7212222218513489,0.5527750849723816,2.0
259,1.0,0.0,0.0,0.0,1.0,0.0,0.769486665725708,0.75069659948349,0.567689061164856,0.5040509104728699,0.5081150531768799,0.4832514822483063,0.0
260,0.0,0.0,1.0,0.0,0.0,1.0,0.6753509044647217,0.8870177865028381,0.8654381632804871,0.6017042398452759,0.465470552444458,0.6086689829826355,2.0
261,1.0,1.0,0.0,0.0,1.0,0.0,0.7907667756080627,0.8049407601356506,0.729182243347168,0.4251779019832611,0.5520395040512085,0.4414263069629669,0.0
262,1.0,1.0,0.0,0.0,1.0,1.0,0.7319679856300354,0.8399984836578369,0.7127751111984253,0.6338626742362976,0.5952486395835876,0.6041479706764221,4.0
263,0.0,0.0,0.0,1.0,1.0,1.0,0.7444564700126648,0.8435356020927429,0.7283992767333984,0.5644334554672241,0.49302247166633606,0.5751004815101624,3.0
264,0.0,0.0,0.0,0.0,0.0,0.0,0.7336512207984924,0.881247878074646,0.8355833888053894,0.6166484355926514,0.4937452971935272,0.5978983044624329,3.0
265,1.0,1.0,0.0,0.0,1.0,0.0,0.8087016344070435,0.781480073928833,0.7771751880645752,0.6511422395706177,0.5911809206008911,0.6955490112304688,1.0
266,1.0,1.0,1.0,1.0,1.0,0.0,0.8437268137931824,0.765446662902832,0.7173359990119934,0.6209242939949036,0.5676724314689636,0.6306936144828796,1.0
267,1.0,1.0,1.0,1.0,1.0,0.0,0.8711378574371338,0.8523881435394287,0.7446763515472412,0.546019434928894,0.4503023028373718,0.6086063981056213,2.0
268,1.0,1.0,0.0,1.0,1.0,0.0,0.7773206233978271,0.882310152053833,0.8276667594909668,0.6877408623695374,0.6151290535926819,0.6728466153144836,3.0
269,0.0,0.0,0.0,0.0,0.0,0.0,0.6719455718994141,0.8486230969429016,0.7615400552749634,0.6091301441192627,0.6413373351097107,0.4901375472545624,4.0
270,0.0,1.0,1.0,1.0,0.0,1.0,0.6751523613929749,0.8250490427017212,0.8032076358795166,0.5869575142860413,0.40312859416007996,0.5053181052207947,0.0
271,1.0,1.0,1.0,1.0,1.0,0.0,0.8521682620048523,0.7829775214195251,0.617579996585846,0.40046969056129456,0.5940264463424683,0.4369654655456543,0.0
272,1.0,1.0,0.0,0.0,1.0,0.0,0.8817813992500305,0.8446924090385437,0.5095741152763367,0.4503585994243622,0.5287036895751953,0.5833907723426819,2.0
273,0.0,1.0,1.0,0.0,0.0,0.0,0.8139902949333191,0.8469021916389465,0.713545024394989,0.5459011793136597,0.5052012801170349,0.6161730289459229,2.0
274,0.0,0.0,0.0,0.0,0.0,0.0,0.6046586036682129,0.8367121815681458,0.8368313908576965,0.6231071352958679,0.4635277986526489,0.5374864339828491,0.0
275,0.0,0.0,0.0,0.0,0.0,0.0,0.639025866985321,0.7345545291900635,0.6966869235038757,0.5728482604026794,0.43695196509361267,0.4912625551223755,0.0
276,1.0,1.0,1.0,1.0,1.0,1.0,0.8410635590553284,0.8452875018119812,0.770891547203064,0.6341412663459778,0.569797694683075,0.5743769407272339,4.0
277,1.0,1.0,1.0,1.0,1.0,1.0,0.7818135619163513,0.827390193939209,0.8014923334121704,0.6488419771194458,0.5881704688072205,0.6948884725570679,1.0
278,1.0,1.0,1.0,1.0,1.0,0.0,0.8049608469009399,0.8901835083961487,0.8486446738243103,0.6839205026626587,0.49970710277557373,0.6524494886398315,3.0
279,1.0,1.0,1.0,1.0,1.0,0.0,0.8203694224357605,0.8643679618835449,0.8163357377052307,0.6231266260147095,0.5343725681304932,0.565093457698822,4.0
280,1.0,1.0,1.0,1.0,1.0,1.0,0.6943764686584473,0.8939213752746582,0.863232433795929,0.6515594720840454,0.5634666681289673,0.6017004251480103,2.0
281,0.0,0.0,0.0,0.0,0.0,0.0,0.752946674823761,0.8778459429740906,0.7765010595321655,0.600847601890564,0.5909175872802734,0.5521289706230164,2.0
282,1.0,1.0,1.0,1.0,1.0,0.0,0.8460848331451416,0.774612545967102,0.69916832447052,0.6460967659950256,0.5965588092803955,0.6696008443832397,1.0
283,1.0,1.0,0.0,0.0,1.0,0.0,0.8885090947151184,0.8462153673171997,0.47688958048820496,0.41174283623695374,0.5392833948135376,0.5582295656204224,4.0
284,1.0,1.0,1.0,0.0,0.0,1.0,0.8281762599945068,0.8645496964454651,0.8041749596595764,0.5409891605377197,0.4435310363769531,0.6037124991416931,3.0
285,1.0,1.0,1.0,1.0,1.0,1.0,0.8752853870391846,0.7701445817947388,0.7134851813316345,0.6267977952957153,0.5382513403892517,0.6497765779495239,1.0
286,0.0,0.0,0.0,0.0,0.0,0.0,0.7446017861366272,0.7530040144920349,0.5369994044303894,0.6942198872566223,0.7903432250022888,0.6646936535835266,1.0
287,1.0,1.0,1.0,1.0,0.0,0.0,0.8583661317825317,0.7590065002441406,0.691173255443573,0.6001613736152649,0.5663052797317505,0.6496639847755432,1.0
288,1.0,1.0,0.0,0.0,1.0,0.0,0.8584076166152954,0.8372411727905273,0.7826070785522461,0.6938954591751099,0.5572564005851746,0.6294906735420227,4.0
289,0.0,0.0,0.0,0.0,0.0,0.0,0.6312075257301331,0.7719004154205322,0.7288110852241516,0.6030334234237671,0.44277939200401306,0.5080843567848206,0.0
290,0.0,1.0,1.0,1.0,1.0,1.0,0.7837365865707397,0.8621433973312378,0.7860680222511292,0.6846253871917725,0.6394253969192505,0.6154199838638306,1.0
291,1.0,1.0,1.0,1.0,1.0,0.0,0.8538148403167725,0.7715864777565002,0.7334161400794983,0.7255883812904358,0.5909520983695984,0.6709628105163574,1.0
292,1.0,1.0,1.0,0.0,1.0,1.0,0.8809412717819214,0.7534956336021423,0.6842073202133179,0.6182929873466492,0.5032435059547424,0.6353430151939392,1.0
293,1.0,1.0,0.0,0.0,1.0,0.0,0.8414393067359924,0.8336217403411865,0.6958630084991455,0.5851903557777405,0.5503305196762085,0.6311326026916504,4.0
294,1.0,1.0,1.0,1.0,1.0,0.0,0.8307431936264038,0.7761988043785095,0.767147958278656,0.664081871509552,0.5349645614624023,0.6479088664054871,1.0
295,1.0,1.0,0.0,0.0,0.0,0.0,0.8124260306358337,0.8502250909805298,0.6908906698226929,0.5296508073806763,0.5936264395713806,0.5750942826271057,4.0
296,0.0,1.0,1.0,1.0,0.0,1.0,0.7246303558349609,0.844821035861969,0.765293300151825,0.6788790225982666,0.5542341470718384,0.78928142786026,1.0
297,1.0,1.0,1.0,1.0,1.0,1.0,0.5810138583183289,0.8653981685638428,0.8565255999565125,0.6810842752456665,0.4903089702129364,0.6014217138290405,0.0
298,1.0,1.0,1.0,1.0,1.0,0.0,0.7971708178520203,0.7538692951202393,0.7882388234138489,0.5972903370857239,0.5883433818817139,0.4635491669178009,0.0
299,1.0,1.0,1.0,1.0,1.0,0.0,0.8467940092086792,0.8407317399978638,0.7781046032905579,0.5986627340316772,0.5203258991241455,0.6383516788482666,2.0
300,0.0,0.0,0.0,0.0,0.0,0.0,0.7050755620002747,0.8005742430686951,0.6354571580886841,0.624402642250061,0.46932390332221985,0.4899464249610901,0.0
301,1.0,1.0,1.0,1.0,1.0,0.0,0.8488521575927734,0.8506239056587219,0.7976321578025818,0.6304534673690796,0.5618637800216675,0.597861647605896,3.0
302,1.0,1.0,1.0,1.0,1.0,1.0,0.8517974615097046,0.8513225317001343,0.8022380471229553,0.6391485333442688,0.49432113766670227,0.6339690685272217,2.0
303,1.0,1.0,1.0,0.0,0.0,0.0,0.7901995182037354,0.7940818071365356,0.7677273154258728,0.5831424593925476,0.5642942786216736,0.4836987257003784,0.0
304,0.0,0.0,0.0,0.0,0.0,0.0,0.7160212993621826,0.8587694764137268,0.7658140659332275,0.6418127417564392,0.40684348344802856,0.5180182456970215,3.0
305,1.0,1.0,1.0,1.0,1.0,0.0,0.8723652362823486,0.8201030492782593,0.7171225547790527,0.5344434976577759,0.4674113988876343,0.6271582841873169,2.0
306,0.0,0.0,0.0,0.0,0.0,0.0,0.7514474987983704,0.7942488193511963,0.5678721070289612,0.7223183512687683,0.7197461724281311,0.651861846446991,1.0
307,1.0,1.0,1.0,1.0,1.0,1.0,0.7202354073524475,0.9275197982788086,0.8863055109977722,0.5922765731811523,0.4985564947128296,0.5505036115646362,2.0
308,1.0,1.0,0.0,0.0,0.0,0.0,0.9082970023155212,0.7157538533210754,0.32599741220474243,0.5721319913864136,0.640436589717865,0.6669419407844543,1.0
309,0.0,0.0,0.0,0.0,0.0,0.0,0.7425638437271118,0.765870988368988,0.5670450329780579,0.66142737865448,0.7396112680435181,0.7256126999855042,1.0
310,0.0,0.0,0.0,0.0,0.0,0.0,0.7630258202552795,0.7570964694023132,0.5244372487068176,0.7100348472595215,0.7297854423522949,0.6781966686248779,1.0
311,1.0,1.0,1.0,1.0,1.0,1.0,0.8423280715942383,0.8467079401016235,0.7847844958305359,0.6096381545066833,0.4703822135925293,0.629587709903717,2.0
312,1.0,1.0,1.0,1.0,1.0,1.0,0.8471463322639465,0.7682234048843384,0.7071127891540527,0.6135069131851196,0.5648460388183594,0.6559473276138306,1.0
313,1.0,1.0,1.0,1.0,1.0,1.0,0.7382134199142456,0.9081047773361206,0.8642147779464722,0.7015909552574158,0.5674607157707214,0.6209772229194641,3.0
314,1.0,1.0,1.0,1.0,1.0,0.0,0.8414463996887207,0.8567238450050354,0.7783437967300415,0.5400771498680115,0.5068901181221008,0.6205243468284607,2.0
315,1.0,1.0,1.0,1.0,1.0,1.0,0.8490655422210693,0.8429790735244751,0.754462480545044,0.5877709984779358,0.5571662187576294,0.6008544564247131,4.0
316,1.0,1.0,1.0,1.0,1.0,1.0,0.7590869665145874,0.7970092296600342,0.7668917775154114,0.6104838848114014,0.6660012602806091,0.5857885479927063,0.0
317,0.0,0.0,0.0,0.0,0.0,0.0,0.6831181645393372,0.8218468427658081,0.7325201630592346,0.5923508405685425,0.5389057993888855,0.5080949664115906,4.0
318,1.0,1.0,1.0,1.0,1.0,0.0,0.8817137479782104,0.8362966179847717,0.7261795997619629,0.5345357060432434,0.4493556022644043,0.6101381182670593,2.0
319,0.0,0.0,0.0,0.0,0.0,0.0,0.6921623945236206,0.8359858393669128,0.6735684871673584,0.5539446473121643,0.6459452509880066,0.4898532032966614,2.0
320,1.0,1.0,1.0,1.0,1.0,1.0,0.7948660254478455,0.9044142961502075,0.8494552969932556,0.6253983974456787,0.5222091674804688,0.603569507598877,3.0
321,0.0,0.0,0.0,0.0,0.0,0.0,0.7284569144248962,0.8534860610961914,0.7373536825180054,0.6102316975593567,0.6569883823394775,0.5247974395751953,2.0
322,1.0,1.0,1.0,1.0,1.0,1.0,0.8344601988792419,0.7929268479347229,0.7445160746574402,0.5906209945678711,0.4986129105091095,0.6723005175590515,1.0
323,0.0,0.0,0.0,0.0,0.0,0.0,0.7507795095443726,0.7843385934829712,0.5706153512001038,0.7145658135414124,0.715090274810791,0.7154651284217834,1.0
324,0.0,1.0,1.0,1.0,1.0,1.0,0.6828070878982544,0.8564693927764893,0.8342651724815369,0.6623415350914001,0.5290037989616394,0.5933657288551331,0.0
325,0.0,1.0,1.0,1.0,0.0,1.0,0.672109067440033,0.9250518679618835,0.8943285942077637,0.6216958165168762,0.5023065805435181,0.5536872744560242,2.0
326,1.0,1.0,0.0,0.0,0.0,0.0,0.881123423576355,0.7393609881401062,0.37486207485198975,0.5306874513626099,0.6880882978439331,0.6294152140617371,1.0
327,1.0,1.0,0.0,0.0,1.0,0.0,0.864382803440094,0.7457907199859619,0.45801278948783875,0.5371116995811462,0.6825911402702332,0.6298303008079529,1.0
328,1.0,1.0,1.0,1.0,1.0,1.0,0.835358202457428,0.8467485308647156,0.7679094672203064,0.559228241443634,0.4979967474937439,0.604905903339386,2.0
329,1.0,1.0,1.0,1.0,1.0,1.0,0.8417999148368835,0.8459702730178833,0.7777499556541443,0.5345700979232788,0.4406187832355499,0.6042726039886475,2.0
330,0.0,0.0,0.0,0.0,0.0,0.0,0.8098397850990295,0.84076327085495,0.6506076455116272,0.4971808195114136,0.5674320459365845,0.5711821913719177,4.0
331,0.0,0.0,0.0,0.0,0.0,0.0,0.6830177307128906,0.7622203230857849,0.6166840195655823,0.613119900226593,0.5989344716072083,0.5683854222297668,0.0
332,1.0,1.0,1.0,1.0,1.0,1.0,0.7978686094284058,0.8016557097434998,0.8129379153251648,0.6298565864562988,0.5540802478790283,0.4671308696269989,0.0
333,0.0,0.0,0.0,0.0,0.0,0.0,0.7227831482887268,0.8472504615783691,0.7271308302879333,0.5255764126777649,0.6404035091400146,0.5486477613449097,2.0
334,1.0,1.0,1.0,1.0,0.0,1.0,0.6900630593299866,0.9234028458595276,0.8719701170921326,0.623638927936554,0.5194640755653381,0.618725061416626,2.0
335,1.0,1.0,1.0,1.0,1.0,1.0,0.8556849360466003,0.8645209074020386,0.811154305934906,0.6519302129745483,0.5054506063461304,0.6278339624404907,3.0
336,0.0,0.0,0.0,0.0,0.0,0.0,0.7101898789405823,0.8614163994789124,0.7249119281768799,0.6518720984458923,0.5776351094245911,0.5303459167480469,2.0
337,1.0,1.0,1.0,1.0,1.0,0.0,0.8376597762107849,0.8586428761482239,0.81241774559021,0.5889132022857666,0.48670095205307007,0.580763041973114,4.0
338,0.0,1.0,1.0,1.0,0.0,1.0,0.7689047455787659,0.9171413779258728,0.8595277070999146,0.6200107932090759,0.47442176938056946,0.6559423804283142,3.0
339,1.0,1.0,0.0,0.0,0.0,0.0,0.871857762336731,0.7873146533966064,0.39856284856796265,0.32972952723503113,0.478841632604599,0.3882199227809906,0.0
340,0.0,0.0,0.0,0.0,0.0,0.0,0.7602202296257019,0.8568707704544067,0.6919270753860474,0.5779886245727539,0.4207569658756256,0.5553329586982727,3.0
341,1.0,1.0,1.0,1.0,1.0,1.0,0.7369073033332825,0.8451023697853088,0.806924045085907,0.6237207055091858,0.5464205741882324,0.6932507157325745,1.0
342,0.0,0.0,0.0,0.0,0.0,0.0,0.6670292615890503,0.7630850672721863,0.6962045431137085,0.6640229821205139,0.42275699973106384,0.5107586979866028,0.0
343,1.0,1.0,1.0,1.0,1.0,0.0,0.8399155735969543,0.8397850394248962,0.7048896551132202,0.5544732213020325,0.5062112808227539,0.5887237191200256,4.0
344,0.0,0.0,0.0,0.0,0.0,0.0,0.651888906955719,0.7777727246284485,0.712710440158844,0.6546332836151123,0.5453529953956604,0.5189214944839478,0.0
345,1.0,1.0,0.0,0.0,0.0,0.0,0.8308404684066772,0.8565308451652527,0.8134792447090149,0.6307968497276306,0.5111328363418579,0.6103414297103882,4.0
346,0.0,0.0,0.0,0.0,0.0,0.0,0.7393714189529419,0.8013282418251038,0.6995002031326294,0.6393567323684692,0.5837525725364685,0.7414331436157227,1.0
347,1.0,1.0,1.0,1.0,1.0,1.0,0.8231424689292908,0.8661316633224487,0.8325219750404358,0.6260524392127991,0.49363720417022705,0.6119071841239929,3.0
348,0.0,0.0,0.0,0.0,1.0,0.0,0.7562966346740723,0.7927228808403015,0.4983856976032257,0.6838284134864807,0.7423502802848816,0.6985088586807251,1.0
349,0.0,0.0,0.0,0.0,0.0,0.0,0.6792399287223816,0.8896719217300415,0.8659605383872986,0.6354854702949524,0.4406881332397461,0.4894949495792389,2.0
350,1.0,1.0,1.0,1.0,1.0,1.0,0.8146783113479614,0.7841987013816833,0.7744258046150208,0.5065283179283142,0.5869170427322388,0.49510303139686584,0.0
351,0.0,0.0,0.0,0.0,0.0,0.0,0.5802299380302429,0.7468294501304626,0.6783123016357422,0.6169006824493408,0.5428020358085632,0.5162583589553833,0.0
352,1.0,1.0,0.0,0.0,0.0,0.0,0.8590334057807922,0.7718691229820251,0.521658182144165,0.40884697437286377,0.5622093081474304,0.45204246044158936,0.0
353,0.0,0.0,0.0,0.0,0.0,0.0,0.8505584597587585,0.7608500123023987,0.47368648648262024,0.38821941614151,0.533363938331604,0.4394734799861908,0.0
354,0.0,1.0,1.0,0.0,1.0,0.0,0.7877656817436218,0.838860034942627,0.7324740886688232,0.693809449672699,0.685835063457489,0.6523135304450989,1.0
355,0.0,0.0,1.0,0.0,1.0,0.0,0.7944399118423462,0.8224561810493469,0.7471221089363098,0.6802411079406738,0.6850273013114929,0.6608918905258179,1.0
356,1.0,1.0,0.0,0.0,1.0,0.0,0.8503391742706299,0.8276618719100952,0.5388136506080627,0.4686438739299774,0.5633248686790466,0.5885122418403625,3.0
357,1.0,1.0,0.0,0.0,1.0,0.0,0.8527184128761292,0.8374685645103455,0.6133880615234375,0.457714706659317,0.4827720820903778,0.5504330396652222,3.0
358,0.0,0.0,0.0,0.0,0.0,0.0,0.7569583058357239,0.7659517526626587,0.5798141360282898,0.6469560861587524,0.7155272364616394,0.6830497980117798,1.0
359,1.0,1.0,0.0,1.0,1.0,0.0,0.8651758432388306,0.8213478326797485,0.7535055875778198,0.5720341801643372,0.519733190536499,0.6353509426116943,2.0
360,0.0,0.0,0.0,0.0,0.0,0.0,0.8034303188323975,0.7490431666374207,0.5419282913208008,0.6873994469642639,0.6991921067237854,0.6506220698356628,1.0
361,1.0,1.0,1.0,1.0,1.0,1.0,0.7548712491989136,0.8438804745674133,0.7856155633926392,0.6654439568519592,0.6411374807357788,0.7001795172691345,1.0
362,0.0,0.0,0.0,0.0,0.0,0.0,0.7610612511634827,0.8487516641616821,0.7073620557785034,0.5620821714401245,0.6013110876083374,0.5467533469200134,2.0
363,1.0,1.0,1.0,1.0,1.0,1.0,0.7849389314651489,0.860240638256073,0.7615653276443481,0.624774694442749,0.6291916966438293,0.6572346687316895,1.0
364,1.0,1.0,1.0,1.0,0.0,1.0,0.8659476637840271,0.8305134773254395,0.7715961933135986,0.6418062448501587,0.524198055267334,0.6316033005714417,2.0
365,1.0,1.0,1.0,1.0,0.0,0.0,0.8047749400138855,0.8274307250976562,0.7221463918685913,0.6656203866004944,0.6977673768997192,0.6903393864631653,1.0
366,1.0,1.0,0.0,1.0,1.0,0.0,0.8540918231010437,0.7513303160667419,0.64894700050354,0.40619951486587524,0.5693110823631287,0.4622124135494232,0.0
367,0.0,0.0,0.0,0.0,0.0,0.0,0.6025099754333496,0.840050458908081,0.8532334566116333,0.647216796875,0.4461253881454468,0.5757476687431335,0.0
368,0.0,0.0,0.0,1.0,1.0,1.0,0.7237167954444885,0.8771323561668396,0.7853502631187439,0.6295965909957886,0.5445637702941895,0.5902003049850464,2.0
369,1.0,1.0,0.0,0.0,0.0,0.0,0.7818904519081116,0.8593236804008484,0.7103471755981445,0.6421439051628113,0.539557695388794,0.610488772392273,3.0
370,0.0,0.0,0.0,0.0,0.0,0.0,0.7772477269172668,0.7551105618476868,0.5563966631889343,0.6809303164482117,0.7784613966941833,0.6943411827087402,1.0
371,0.0,0.0,0.0,0.0,0.0,0.0,0.6869179606437683,0.7583119869232178,0.5854056477546692,0.5822924971580505,0.5740845799446106,0.5534393191337585,0.0
372,0.0,0.0,0.0,0.0,0.0,0.0,0.7498304843902588,0.8569359183311462,0.6592003703117371,0.5064094066619873,0.4642532765865326,0.4589264988899231,3.0
373,0.0,0.0,0.0,0.0,0.0,0.0,0.7392252087593079,0.899326503276825,0.8386190533638,0.6538335084915161,0.4967195689678192,0.6067875027656555,3.0
374,0.0,0.0,0.0,0.0,0.0,0.0,0.60439133644104,0.8582186102867126,0.8530785441398621,0.6697911620140076,0.4220196604728699,0.5054060816764832,0.0
375,1.0,1.0,1.0,0.0,0.0,0.0,0.864197850227356,0.8529588580131531,0.7761292457580566,0.5131968259811401,0.4323059916496277,0.6374497413635254,2.0
376,1.0,1.0,1.0,0.0,1.0,0.0,0.8660356402397156,0.8530895709991455,0.7598720788955688,0.6366559267044067,0.5792388319969177,0.666958749294281,2.0
377,0.0,0.0,0.0,0.0,0.0,0.0,0.8058592677116394,0.7687482833862305,0.548054575920105,0.659679651260376,0.7499545812606812,0.663243293762207,1.0
378,1.0,1.0,0.0,0.0,1.0,0.0,0.877364993095398,0.8366861939430237,0.5654382109642029,0.4633939266204834,0.5241280198097229,0.5783535242080688,4.0
379,1.0,1.0,1.0,1.0,1.0,1.0,0.856106698513031,0.8639805912971497,0.7891058325767517,0.562213659286499,0.49762123823165894,0.6244207620620728,4.0
380,1.0,1.0,1.0,1.0,1.0,0.0,0.8651119470596313,0.7582972049713135,0.6930180191993713,0.604917585849762,0.5773653388023376,0.6947100758552551,1.0
381,1.0,1.0,0.0,0.0,1.0,0.0,0.86358642578125,0.7585177421569824,0.7322762608528137,0.6565770506858826,0.6296477317810059,0.7011534571647644,1.0
382,0.0,0.0,1.0,0.0,0.0,0.0,0.6975695490837097,0.8279950022697449,0.763583242893219,0.5880024433135986,0.3868503272533417,0.4902777373790741,0.0
383,0.0,0.0,0.0,0.0,0.0,0.0,0.7653788924217224,0.7782077789306641,0.5510931611061096,0.6744153499603271,0.7710409164428711,0.6835373044013977,1.0
384,0.0,0.0,0.0,0.0,0.0,0.0,0.7676235437393188,0.8651462197303772,0.80818110704422,0.6272505521774292,0.47276148200035095,0.6056364178657532,4.0
385,1.0,1.0,0.0,0.0,1.0,0.0,0.8786777257919312,0.8244370222091675,0.44081541895866394,0.4489598870277405,0.5750075578689575,0.6655135750770569,4.0
386,0.0,0.0,0.0,0.0,0.0,0.0,0.7588242888450623,0.8627808094024658,0.6848527789115906,0.5609519481658936,0.46651241183280945,0.555284321308136,3.0
387,0.0,0.0,0.0,0.0,0.0,0.0,0.7719376087188721,0.8446012139320374,0.6430896520614624,0.5857856273651123,0.5803107023239136,0.5468102693557739,4.0
388,1.0,1.0,1.0,1.0,1.0,0.0,0.8513644337654114,0.8584132194519043,0.7973443269729614,0.6373177170753479,0.47550225257873535,0.6260753870010376,2.0
389,0.0,0.0,0.0,0.0,0.0,0.0,0.7098376750946045,0.8666609525680542,0.7132794260978699,0.647470235824585,0.5538656115531921,0.5230724215507507,3.0
390,0.0,0.0,0.0,0.0,0.0,0.0,0.7776345014572144,0.7718276381492615,0.5879948735237122,0.6053616404533386,0.7304635047912598,0.7031455039978027,1.0
391,1.0,1.0,0.0,0.0,0.0,0.0,0.890853762626648,0.865420937538147,0.7068935036659241,0.5263487100601196,0.4785277247428894,0.5848513245582581,4.0
392,0.0,0.0,0.0,0.0,0.0,0.0,0.7324711680412292,0.8604046702384949,0.7386224865913391,0.625248908996582,0.510898768901825,0.4865230917930603,4.0
393,0.0,0.0,0.0,0.0,0.0,0.0,0.7321013808250427,0.8659390807151794,0.7907641530036926,0.5606582760810852,0.44401976466178894,0.5343822836875916,2.0
394,1.0,1.0,1.0,1.0,1.0,1.0,0.779400110244751,0.804989755153656,0.7667109370231628,0.5620211362838745,0.638471245765686,0.5091943740844727,0.0
395,1.0,1.0,1.0,1.0,1.0,1.0,0.827182412147522,0.849520742893219,0.8028991222381592,0.6116655468940735,0.5418747067451477,0.5953516364097595,3.0
396,1.0,1.0,1.0,0.0,0.0,1.0,0.8743569850921631,0.8565042614936829,0.7634049654006958,0.5619267821311951,0.5545551776885986,0.6062544584274292,3.0
397,1.0,1.0,1.0,0.0,0.0,0.0,0.8540661931037903,0.8506636619567871,0.7808647155761719,0.623620867729187,0.5648913383483887,0.6450148224830627,4.0
398,0.0,0.0,0.0,0.0,0.0,0.0,0.5819977521896362,0.7834770679473877,0.7166612148284912,0.6748009920120239,0.5863499045372009,0.5380823612213135,0.0
399,1.0,1.0,1.0,1.0,1.0,0.0,0.8507565259933472,0.8373234868049622,0.7389875650405884,0.6318187117576599,0.640519917011261,0.6256731748580933,3.0
400,1.0,1.0,0.0,0.0,1.0,1.0,0.8464398980140686,0.8298675417900085,0.5529565215110779,0.49936142563819885,0.6573890447616577,0.6675515174865723,4.0
401,1.0,1.0,1.0,1.0,1.0,1.0,0.8732938766479492,0.8461954593658447,0.7639023661613464,0.606063961982727,0.5487699508666992,0.5939781069755554,4.0
402,1.0,1.0,0.0,0.0,1.0,0.0,0.8743943572044373,0.8417810797691345,0.6788140535354614,0.5589462518692017,0.6095661520957947,0.6314795017242432,4.0
403,1.0,1.0,1.0,1.0,1.0,0.0,0.8401269316673279,0.8820784091949463,0.795299768447876,0.5567845106124878,0.47648727893829346,0.6009042859077454,4.0
404,0.0,0.0,0.0,0.0,0.0,0.0,0.7719261050224304,0.836199939250946,0.6694545149803162,0.6134874224662781,0.6813079118728638,0.621674120426178,2.0
405,1.0,1.0,1.0,1.0,1.0,1.0,0.7744567394256592,0.7610365748405457,0.8283490538597107,0.6022375226020813,0.5209439396858215,0.5279505848884583,0.0
406,0.0,0.0,0.0,0.0,0.0,0.0,0.7399425506591797,0.8463128209114075,0.7360024452209473,0.6348903179168701,0.5002542734146118,0.538131058216095,4.0
407,1.0,1.0,1.0,1.0,1.0,0.0,0.8627724647521973,0.8408759832382202,0.7456725835800171,0.5493850111961365,0.5708858966827393,0.576024055480957,3.0
408,0.0,0.0,0.0,0.0,0.0,0.0,0.6808215379714966,0.8011403679847717,0.7681971788406372,0.65217524766922,0.505865216255188,0.5856887698173523,0.0
409,0.0,0.0,1.0,1.0,0.0,0.0,0.684301495552063,0.8701164126396179,0.8429540991783142,0.5806864500045776,0.4274483919143677,0.54369056224823,2.0
410,0.0,0.0,0.0,0.0,0.0,0.0,0.7910257577896118,0.7888533473014832,0.5308162569999695,0.6902020573616028,0.7244670987129211,0.6575461626052856,1.0
411,1.0,1.0,0.0,0.0,1.0,0.0,0.8466318845748901,0.7736216187477112,0.45307785272598267,0.36903372406959534,0.4984685778617859,0.42590656876564026,0.0
412,1.0,1.0,0.0,1.0,1.0,0.0,0.8285993337631226,0.8778616189956665,0.8051252961158752,0.5265164971351624,0.4522404372692108,0.5861431956291199,3.0
413,0.0,1.0,1.0,1.0,1.0,0.0,0.6670427918434143,0.8288784623146057,0.7243937849998474,0.6806516051292419,0.6424382328987122,0.46366772055625916,0.0
414,0.0,0.0,0.0,0.0,0.0,0.0,0.7361423373222351,0.757615864276886,0.5643917918205261,0.7124860286712646,0.7564777731895447,0.6701119542121887,1.0
415,0.0,0.0,0.0,0.0,0.0,0.0,0.6670570373535156,0.7642964124679565,0.7071807384490967,0.6401863694190979,0.4377273917198181,0.5168053507804871,0.0
416,0.0,0.0,0.0,0.0,0.0,0.0,0.6092233061790466,0.7590811252593994,0.7181858420372009,0.5682311058044434,0.529613196849823,0.4911871552467346,0.0
417,1.0,1.0,1.0,1.0,1.0,1.0,0.8426328301429749,0.8539354205131531,0.8261122107505798,0.6688137054443359,0.5237197279930115,0.6753839254379272,3.0
418,1.0,1.0,1.0,1.0,1.0,1.0,0.836172342300415,0.8737126588821411,0.8188367486000061,0.6220981478691101,0.5163910984992981,0.5892952084541321,4.0
419,0.0,0.0,0.0,0.0,0.0,0.0,0.7336841225624084,0.801520586013794,0.617969274520874,0.6949748992919922,0.7199448943138123,0.7029829025268555,1.0
420,1.0,1.0,1.0,1.0,1.0,1.0,0.7221214771270752,0.7869318723678589,0.7079500555992126,0.6804403066635132,0.6496685147285461,0.5908647179603577,0.0
421,1.0,1.0,1.0,1.0,1.0,0.0,0.8776042461395264,0.8577701449394226,0.7629627585411072,0.5941481590270996,0.49095648527145386,0.6036527156829834,2.0
422,0.0,0.0,0.0,0.0,0.0,0.0,0.6825291514396667,0.8018474578857422,0.6729817986488342,0.6194049715995789,0.4003482162952423,0.5360133051872253,0.0
423,1.0,1.0,1.0,0.0,1.0,0.0,0.8621472120285034,0.7565606236457825,0.659734845161438,0.6485334634780884,0.5705640912055969,0.643158495426178,1.0
424,1.0,1.0,1.0,0.0,1.0,0.0,0.8597302436828613,0.8489867448806763,0.7693362832069397,0.5426076054573059,0.46002089977264404,0.6216473579406738,2.0
425,1.0,1.0,1.0,1.0,1.0,0.0,0.8735226392745972,0.7551229596138,0.6564449071884155,0.6807861924171448,0.6099317073822021,0.6276299357414246,1.0
426,0.0,0.0,0.0,0.0,0.0,0.0,0.629988431930542,0.7556135058403015,0.6425229907035828,0.6066439151763916,0.5507597327232361,0.4782053828239441,0.0
427,1.0,1.0,1.0,1.0,1.0,1.0,0.7705764770507812,0.7560959458351135,0.7906920909881592,0.542069673538208,0.5204310417175293,0.4440058469772339,0.0
428,0.0,0.0,0.0,0.0,0.0,0.0,0.733532190322876,0.7516326904296875,0.527878999710083,0.7041599154472351,0.7461265325546265,0.6627166271209717,1.0
429,1.0,1.0,0.0,0.0,0.0,0.0,0.8326126933097839,0.775073230266571,0.6008694767951965,0.42630863189697266,0.4970889091491699,0.4401548206806183,0.0
430,0.0,0.0,0.0,0.0,0.0,0.0,0.7752896547317505,0.7310763597488403,0.5585702657699585,0.6407531499862671,0.7121573090553284,0.6338254809379578,1.0
431,1.0,1.0,1.0,1.0,1.0,0.0,0.8221546411514282,0.8562895655632019,0.8146082758903503,0.6455551981925964,0.5283035039901733,0.6278342008590698,3.0
432,0.0,0.0,1.0,1.0,0.0,1.0,0.535125195980072,0.8616783022880554,0.8636832237243652,0.673342227935791,0.4257718324661255,0.5650668740272522,0.0
433,1.0,1.0,1.0,1.0,1.0,0.0,0.8101286292076111,0.8024625182151794,0.7817832231521606,0.5997154712677002,0.6057405471801758,0.5155748724937439,0.0
434,1.0,1.0,0.0,1.0,1.0,1.0,0.7973392009735107,0.8351404070854187,0.6945090889930725,0.6060535907745361,0.612992525100708,0.6119508147239685,2.0
435,1.0,1.0,1.0,1.0,1.0,0.0,0.8143860697746277,0.8413280844688416,0.8140932321548462,0.6458061337471008,0.5513333678245544,0.6896334290504456,1.0
436,1.0,1.0,1.0,1.0,1.0,1.0,0.7148754000663757,0.9226712584495544,0.8903883695602417,0.6451990008354187,0.5251699090003967,0.6093603372573853,2.0
437,1.0,1.0,0.0,0.0,1.0,0.0,0.8471844792366028,0.8279228806495667,0.6244727969169617,0.5555492639541626,0.5740395188331604,0.5840628147125244,4.0
438,1.0,1.0,1.0,1.0,1.0,1.0,0.7972962260246277,0.7635828256607056,0.7858376502990723,0.5814301371574402,0.5487805604934692,0.49646851420402527,0.0
439,0.0,0.0,0.0,0.0,0.0,0.0,0.5784071087837219,0.7459465861320496,0.7066300511360168,0.5760139226913452,0.46891170740127563,0.496308296918869,0.0
440,1.0,1.0,1.0,1.0,1.0,1.0,0.7380805611610413,0.9226153492927551,0.8913595676422119,0.6587729454040527,0.49791228771209717,0.603188157081604,2.0
441,1.0,1.0,0.0,0.0,0.0,0.0,0.8737649917602539,0.8692308664321899,0.7106910943984985,0.5390708446502686,0.4848474860191345,0.5752268433570862,4.0
442,0.0,0.0,0.0,0.0,0.0,0.0,0.7243993878364563,0.8372582793235779,0.686257541179657,0.5761040449142456,0.6781044006347656,0.5504786968231201,2.0
443,0.0,1.0,1.0,1.0,1.0,0.0,0.6960651874542236,0.9239857792854309,0.8784675002098083,0.6365973949432373,0.5789425373077393,0.5880436301231384,3.0
444,1.0,1.0,0.0,0.0,0.0,0.0,0.8464038372039795,0.8596128821372986,0.779470682144165,0.6076951026916504,0.5682424306869507,0.6184225678443909,3.0
445,0.0,1.0,1.0,1.0,1.0,1.0,0.7864955067634583,0.8973576426506042,0.8188351392745972,0.6422701478004456,0.6158928871154785,0.6457816362380981,2.0
446,0.0,0.0,0.0,0.0,0.0,0.0,0.7329476475715637,0.8368152976036072,0.7022332549095154,0.5353136658668518,0.6802600622177124,0.5136052966117859,2.0
447,0.0,0.0,0.0,0.0,0.0,0.0,0.7339817881584167,0.7623869776725769,0.5562562346458435,0.6498161554336548,0.7694828510284424,0.6202262043952942,1.0
448,0.0,0.0,0.0,0.0,0.0,0.0,0.743312656879425,0.8652613162994385,0.690680980682373,0.5393264293670654,0.5933963656425476,0.43946582078933716,2.0
449,0.0,0.0,0.0,0.0,0.0,0.0,0.7125476598739624,0.864326000213623,0.7210344672203064,0.6217540502548218,0.5663290619850159,0.5583676099777222,3.0
450,1.0,1.0,0.0,0.0,0.0,0.0,0.8921185731887817,0.7216041088104248,0.4202379584312439,0.5261325836181641,0.6224783658981323,0.6610352993011475,1.0
451,1.0,1.0,1.0,1.0,1.0,1.0,0.8609299659729004,0.7986226081848145,0.7285569906234741,0.6167091131210327,0.5589113235473633,0.626971960067749,1.0
452,0.0,0.0,0.0,0.0,0.0,0.0,0.7230117321014404,0.8237964510917664,0.7109926342964172,0.5685365200042725,0.5762810111045837,0.5443087816238403,4.0
453,1.0,1.0,1.0,1.0,0.0,0.0,0.8400498032569885,0.7801032066345215,0.7023513913154602,0.5427618622779846,0.47973984479904175,0.6622612476348877,1.0
454,1.0,1.0,1.0,1.0,1.0,0.0,0.8263071179389954,0.8684633374214172,0.8329870700836182,0.6296806335449219,0.5373596549034119,0.6074886322021484,3.0
455,0.0,0.0,0.0,0.0,0.0,0.0,0.7106413841247559,0.8510748147964478,0.7861036658287048,0.6173708438873291,0.5886841416358948,0.5443192720413208,4.0
456,1.0,1.0,1.0,1.0,1.0,0.0,0.8276636600494385,0.8502491116523743,0.8123854994773865,0.6539027690887451,0.5506375432014465,0.6076670289039612,3.0
457,1.0,1.0,0.0,1.0,0.0,0.0,0.8473577499389648,0.8332607746124268,0.7491785287857056,0.5694809556007385,0.43995407223701477,0.6727112531661987,2.0
458,0.0,1.0,1.0,1.0,0.0,1.0,0.7035547494888306,0.9243661761283875,0.8739537000656128,0.6075381636619568,0.4847409129142761,0.5613517165184021,2.0
459,1.0,1.0,0.0,0.0,0.0,0.0,0.8633619546890259,0.8519790768623352,0.7206287980079651,0.5436054468154907,0.5668164491653442,0.5734258890151978,4.0
460,0.0,0.0,1.0,0.0,0.0,1.0,0.7910449504852295,0.8967146873474121,0.8331623673439026,0.6010580062866211,0.5231772661209106,0.6202801465988159,3.0
461,1.0,1.0,1.0,1.0,1.0,1.0,0.8619887232780457,0.7940333485603333,0.7750545740127563,0.6245091557502747,0.5091564059257507,0.6702325940132141,1.0
462,1.0,1.0,0.0,1.0,0.0,0.0,0.7624005675315857,0.8053507208824158,0.7862153649330139,0.5709429383277893,0.4825381934642792,0.48810887336730957,0.0
463,0.0,0.0,0.0,0.0,0.0,0.0,0.7264999747276306,0.8490269780158997,0.7316218614578247,0.6386901140213013,0.5067363381385803,0.4667209982872009,4.0
464,1.0,1.0,0.0,0.0,0.0,0.0,0.8227954506874084,0.8012611269950867,0.7413871884346008,0.5539736151695251,0.5732719898223877,0.5333833694458008,0.0
465,1.0,1.0,1.0,1.0,1.0,0.0,0.8546234965324402,0.850501537322998,0.7958890199661255,0.6117273569107056,0.5026065707206726,0.6417818069458008,2.0
466,0.0,0.0,0.0,0.0,0.0,0.0,0.7212246060371399,0.8372495174407959,0.7346734404563904,0.597226619720459,0.6175524592399597,0.5893990397453308,4.0
467,0.0,0.0,0.0,0.0,0.0,0.0,0.7152509689331055,0.8362420201301575,0.7232518196105957,0.5553286671638489,0.6647132635116577,0.5038087964057922,2.0
468,1.0,1.0,0.0,0.0,1.0,0.0,0.8815780282020569,0.7413358092308044,0.555705189704895,0.5824952721595764,0.7055537104606628,0.7117626667022705,1.0
469,1.0,1.0,0.0,0.0,1.0,1.0,0.7266312837600708,0.843222439289093,0.7312528491020203,0.6706230044364929,0.5968863368034363,0.6308293342590332,4.0
470,0.0,1.0,0.0,0.0,1.0,0.0,0.714779257774353,0.8741154670715332,0.810944676399231,0.6855831742286682,0.6066147685050964,0.6322136521339417,3.0
471,1.0,1.0,1.0,1.0,1.0,1.0,0.8511159420013428,0.7913797497749329,0.6952746510505676,0.5985623002052307,0.608794629573822,0.6178097128868103,1.0
472,1.0,1.0,1.0,0.0,0.0,0.0,0.8874760270118713,0.8544010519981384,0.6554371118545532,0.5421441197395325,0.4309290647506714,0.6346047520637512,4.0
473,1.0,1.0,0.0,0.0,0.0,0.0,0.8782290816307068,0.8401520252227783,0.6438211798667908,0.4714623987674713,0.4098341464996338,0.5598127841949463,3.0
474,0.0,1.0,1.0,1.0,0.0,1.0,0.7170912027359009,0.9131454825401306,0.8763449788093567,0.6362813115119934,0.4789574444293976,0.5861319303512573,4.0
475,1.0,1.0,1.0,1.0,1.0,1.0,0.8378582000732422,0.8500897884368896,0.8049207329750061,0.6300474405288696,0.50551438331604,0.576481819152832,3.0
476,0.0,0.0,1.0,0.0,0.0,0.0,0.7063144445419312,0.9331428408622742,0.8791658282279968,0.6644467711448669,0.4720483422279358,0.6153227090835571,3.0
477,1.0,1.0,1.0,1.0,1.0,1.0,0.7457350492477417,0.8398830890655518,0.820781946182251,0.6701499223709106,0.5305689573287964,0.7383772730827332,1.0
478,0.0,1.0,1.0,1.0,1.0,1.0,0.6531252861022949,0.8372518420219421,0.8580030202865601,0.6933580636978149,0.509353518486023,0.5860415101051331,0.0
479,0.0,0.0,0.0,0.0,0.0,0.0,0.654375433921814,0.7750451564788818,0.6394217014312744,0.622717559337616,0.5336023569107056,0.5350680351257324,0.0
480,0.0,0.0,0.0,0.0,0.0,0.0,0.720177412033081,0.8453388214111328,0.7099751234054565,0.6475045680999756,0.6366302371025085,0.5644646883010864,2.0
481,0.0,0.0,0.0,0.0,0.0,0.0,0.6788214445114136,0.7679055333137512,0.6282636523246765,0.5525736808776855,0.5266175866127014,0.49384963512420654,0.0
482,0.0,0.0,0.0,0.0,0.0,0.0,0.7577690482139587,0.7584496736526489,0.5394561290740967,0.6840764880180359,0.7523496150970459,0.6774193644523621,1.0
483,1.0,1.0,1.0,1.0,1.0,1.0,0.7907917499542236,0.7611907124519348,0.788580596446991,0.6610082983970642,0.5893281102180481,0.535825788974762,0.0
484,1.0,1.0,1.0,1.0,1.0,1.0,0.8161516785621643,0.8374019861221313,0.8279953598976135,0.6743518710136414,0.5592190623283386,0.6332924365997314,4.0
485,1.0,1.0,1.0,1.0,1.0,0.0,0.855783224105835,0.7688258290290833,0.7331142425537109,0.6585344672203064,0.5788805484771729,0.677330493927002,1.0
486,0.0,0.0,0.0,0.0,0.0,0.0,0.6177651882171631,0.7613940834999084,0.633748471736908,0.6930922865867615,0.6498838067054749,0.5433043241500854,0.0
487,0.0,1.0,1.0,1.0,0.0,1.0,0.759367048740387,0.915675938129425,0.8616039752960205,0.6628217697143555,0.5254919528961182,0.661483883857727,3.0
488,0.0,0.0,0.0,0.0,0.0,0.0,0.7142758369445801,0.8500171899795532,0.7374438643455505,0.6593572497367859,0.5685127377510071,0.5063354969024658,4.0
489,0.0,0.0,0.0,0.0,0.0,0.0,0.7648800611495972,0.8758410811424255,0.6991183757781982,0.6030395030975342,0.48895716667175293,0.5265179872512817,3.0
490,1.0,1.0,0.0,0.0,1.0,0.0,0.8964836597442627,0.7645986080169678,0.4061664938926697,0.3443848192691803,0.6209493279457092,0.4223361611366272,0.0
491,0.0,0.0,0.0,0.0,0.0,0.0,0.7236731648445129,0.8694323897361755,0.7128638029098511,0.6387661695480347,0.49810320138931274,0.5043210983276367,3.0
492,1.0,1.0,1.0,1.0,1.0,0.0,0.8456615209579468,0.855172336101532,0.7898047566413879,0.5811700820922852,0.5693572759628296,0.6411287188529968,4.0
493,0.0,0.0,0.0,0.0,0.0,0.0,0.8021259307861328,0.7664560079574585,0.5549799799919128,0.6759792566299438,0.7040116190910339,0.6467854380607605,1.0
494,1.0,1.0,1.0,1.0,1.0,1.0,0.7781563997268677,0.8103765249252319,0.746368408203125,0.47769832611083984,0.5482407808303833,0.5077985525131226,0.0
495,1.0,1.0,0.0,0.0,0.0,0.0,0.8736330270767212,0.7579847574234009,0.6870126724243164,0.5676370859146118,0.49006080627441406,0.6728596091270447,1.0
496,1.0,1.0,1.0,1.0,1.0,1.0,0.7781466245651245,0.8989351987838745,0.864111065864563,0.7322530746459961,0.47639504075050354,0.6321930885314941,3.0
497,1.0,1.0,1.0,1.0,1.0,1.0,0.8953683972358704,0.7585301995277405,0.6608392596244812,0.6043106913566589,0.5119646191596985,0.6714352369308472,1.0
498,1.0,1.0,1.0,1.0,1.0,1.0,0.7197363972663879,0.9138540625572205,0.8878735303878784,0.6693263053894043,0.4409733712673187,0.6194976568222046,3.0
499,1.0,1.0,0.0,1.0,1.0,0.0,0.8265711665153503,0.8577414751052856,0.8215070962905884,0.6392621994018555,0.5071198344230652,0.6254847645759583,3.0
500,0.0,0.0,0.0,0.0,0.0,0.0,0.8225628137588501,0.750991940498352,0.5681254863739014,0.6274882555007935,0.7163373231887817,0.656091570854187,1.0
501,0.0,0.0,0.0,0.0,0.0,0.0,0.7008635401725769,0.8617490530014038,0.7249537110328674,0.5810943245887756,0.5935165286064148,0.5570258498191833,3.0
502,1.0,1.0,1.0,1.0,1.0,0.0,0.8298884630203247,0.8299692273139954,0.8052315711975098,0.6814152002334595,0.5677889585494995,0.6425424814224243,4.0
503,0.0,0.0,0.0,0.0,0.0,0.0,0.6895296573638916,0.8338012099266052,0.7261816263198853,0.5826898217201233,0.7035092711448669,0.5095096230506897,2.0
504,0.0,0.0,0.0,0.0,0.0,0.0,0.7301873564720154,0.874272346496582,0.6827858090400696,0.6220376491546631,0.45156610012054443,0.5085218548774719,3.0
505,1.0,1.0,0.0,0.0,1.0,0.0,0.8715313673019409,0.8270115256309509,0.5484745502471924,0.5041664838790894,0.5340461730957031,0.6185980439186096,2.0
506,1.0,1.0,0.0,0.0,1.0,0.0,0.8511094450950623,0.7644742727279663,0.46601057052612305,0.41040951013565063,0.5754122138023376,0.5096330642700195,0.0
507,0.0,1.0,1.0,1.0,0.0,1.0,0.7359538078308105,0.876398503780365,0.8606455326080322,0.6024718880653381,0.5227671265602112,0.6107497811317444,2.0
508,1.0,1.0,0.0,0.0,1.0,0.0,0.8525927662849426,0.8395597338676453,0.5724883675575256,0.4825044274330139,0.563825786113739,0.5794802904129028,4.0
509,0.0,0.0,0.0,0.0,0.0,0.0,0.7281233072280884,0.8440043926239014,0.7166690230369568,0.6728985905647278,0.5476042628288269,0.5270412564277649,4.0
510,1.0,1.0,1.0,1.0,1.0,1.0,0.838423490524292,0.8693310022354126,0.7728940844535828,0.5585365891456604,0.5079954862594604,0.5906661152839661,4.0
511,1.0,1.0,0.0,1.0,0.0,0.0,0.8420650959014893,0.8523731231689453,0.8041493892669678,0.6018441319465637,0.5154276490211487,0.5792028903961182,3.0
512,1.0,1.0,1.0,1.0,1.0,1.0,0.8402655720710754,0.8585004806518555,0.8216665983200073,0.6148495078086853,0.47537070512771606,0.6174331307411194,3.0
513,1.0,1.0,1.0,0.0,1.0,1.0,0.8091498613357544,0.8103934526443481,0.748069167137146,0.5093255043029785,0.5237185955047607,0.4676996171474457,0.0
514,1.0,1.0,1.0,1.0,1.0,1.0,0.7967202067375183,0.7966474294662476,0.7974547147750854,0.5834407806396484,0.5015870332717896,0.4630390405654907,0.0
515,1.0,1.0,0.0,0.0,0.0,0.0,0.8588020205497742,0.8236989974975586,0.5413872599601746,0.4872792661190033,0.5944865942001343,0.6000353693962097,3.0
516,1.0,1.0,1.0,1.0,1.0,1.0,0.8250362277030945,0.7860543131828308,0.7373079061508179,0.6474872827529907,0.5385497212409973,0.6403012871742249,1.0
517,0.0,0.0,1.0,0.0,0.0,0.0,0.6574838161468506,0.8937829732894897,0.8686816692352295,0.6709415912628174,0.43937844038009644,0.6026279926300049,3.0
518,0.0,1.0,0.0,0.0,0.0,0.0,0.8787477612495422,0.7195100784301758,0.49686455726623535,0.6325116753578186,0.7243143916130066,0.6865768432617188,1.0
519,0.0,0.0,0.0,0.0,0.0,0.0,0.7474650740623474,0.8257302045822144,0.7013707756996155,0.5544533133506775,0.6231567859649658,0.569154679775238,2.0
520,1.0,1.0,1.0,0.0,0.0,1.0,0.8552857041358948,0.8444821238517761,0.778147280216217,0.6160243153572083,0.5518887042999268,0.6210029125213623,4.0
521,1.0,1.0,1.0,1.0,1.0,1.0,0.8430875539779663,0.8310955166816711,0.7121824622154236,0.5784992575645447,0.48072466254234314,0.6115180850028992,3.0
522,0.0,0.0,0.0,0.0,0.0,0.0,0.6552721261978149,0.7958325743675232,0.6998124718666077,0.6014378070831299,0.4552236795425415,0.4732613265514374,0.0
523,1.0,1.0,0.0,0.0,0.0,0.0,0.8822106122970581,0.8310140371322632,0.4762769043445587,0.4263584315776825,0.5095949172973633,0.5962247848510742,2.0
524,0.0,0.0,0.0,0.0,0.0,0.0,0.7161331176757812,0.8184427618980408,0.7240346670150757,0.6018627882003784,0.646618127822876,0.5800353288650513,4.0
525,0.0,0.0,0.0,0.0,0.0,0.0,0.7357101440429688,0.8504142761230469,0.7470724582672119,0.6132085919380188,0.5125572085380554,0.5596902966499329,2.0
526,0.0,0.0,0.0,0.0,0.0,0.0,0.6408339142799377,0.7728111147880554,0.7059347033500671,0.5457901954650879,0.42286431789398193,0.5003249049186707,0.0
527,1.0,1.0,0.0,0.0,1.0,0.0,0.8282338380813599,0.7719694972038269,0.5546274185180664,0.44802793860435486,0.585736870765686,0.4291483759880066,0.0
528,1.0,1.0,1.0,1.0,0.0,0.0,0.8638812303543091,0.7805957198143005,0.7071207165718079,0.5962485074996948,0.5513949394226074,0.6858088374137878,1.0
529,1.0,1.0,0.0,0.0,1.0,0.0,0.7145973443984985,0.7609043121337891,0.6233175992965698,0.7040584087371826,0.6769589185714722,0.6509538292884827,0.0
530,0.0,0.0,0.0,0.0,0.0,0.0,0.8205707669258118,0.8286065459251404,0.7811003923416138,0.6368547081947327,0.5824279189109802,0.74263596534729,1.0
531,0.0,0.0,0.0,0.0,0.0,0.0,0.7289669513702393,0.8375715017318726,0.6877871155738831,0.5672943592071533,0.6446449756622314,0.533489465713501,2.0
532,1.0,1.0,1.0,1.0,1.0,1.0,0.786596953868866,0.7777038812637329,0.7918118238449097,0.6449443697929382,0.597922682762146,0.5403526425361633,0.0
533,1.0,1.0,1.0,1.0,1.0,1.0,0.614002525806427,0.9042198061943054,0.885539174079895,0.6103436946868896,0.49163681268692017,0.6222100257873535,2.0
534,1.0,1.0,1.0,1.0,1.0,1.0,0.7888621091842651,0.7837228178977966,0.7764647603034973,0.5510885715484619,0.6123014092445374,0.5263859033584595,0.0
535,1.0,1.0,1.0,1.0,1.0,1.0,0.7778042554855347,0.7668985724449158,0.8079575300216675,0.5447136759757996,0.5044434666633606,0.442018985748291,0.0
536,1.0,1.0,1.0,1.0,1.0,1.0,0.7550925612449646,0.8913893699645996,0.8746641278266907,0.6745089888572693,0.515356183052063,0.6438897252082825,2.0
537,0.0,0.0,0.0,0.0,0.0,0.0,0.743317723274231,0.8984504342079163,0.8246211409568787,0.6641950607299805,0.5917519330978394,0.607302188873291,3.0
538,0.0,0.0,0.0,0.0,0.0,0.0,0.7269797921180725,0.7894958257675171,0.7839007377624512,0.69589763879776,0.697725236415863,0.6748372912406921,1.0
539,0.0,0.0,0.0,0.0,0.0,0.0,0.75224369764328,0.9016026854515076,0.8598842620849609,0.6991373300552368,0.5167078375816345,0.626613974571228,3.0
540,1.0,1.0,1.0,1.0,1.0,1.0,0.7725743055343628,0.8699021935462952,0.8605029582977295,0.7150710821151733,0.5499067306518555,0.630131721496582,4.0
541,1.0,1.0,1.0,1.0,1.0,0.0,0.8688555955886841,0.8570135235786438,0.7971105575561523,0.5506969690322876,0.44690218567848206,0.6608405113220215,2.0
542,1.0,1.0,1.0,1.0,1.0,1.0,0.8489028215408325,0.8391178250312805,0.7966440916061401,0.6585021018981934,0.542096734046936,0.6815211772918701,2.0
543,0.0,0.0,0.0,0.0,0.0,0.0,0.6498186588287354,0.8124942779541016,0.6305767297744751,0.628959596157074,0.5395403504371643,0.5352388620376587,0.0
544,1.0,1.0,1.0,1.0,1.0,0.0,0.862772524356842,0.7947302460670471,0.7337366342544556,0.5535929203033447,0.6066962480545044,0.49670761823654175,0.0
545,0.0,0.0,0.0,0.0,0.0,0.0,0.689132571220398,0.8618798851966858,0.7497317790985107,0.617972731590271,0.6075037717819214,0.5206851363182068,2.0
546,1.0,0.0,0.0,0.0,1.0,0.0,0.8407686948776245,0.8381321430206299,0.5954288840293884,0.4858798086643219,0.4479150176048279,0.591788649559021,3.0
547,1.0,1.0,1.0,1.0,1.0,0.0,0.8644632697105408,0.8366062045097351,0.7733201384544373,0.619806706905365,0.5249921679496765,0.6015092134475708,2.0
548,1.0,1.0,1.0,0.0,0.0,1.0,0.8218445181846619,0.7968782186508179,0.7230514287948608,0.5060400366783142,0.534245491027832,0.46381130814552307,0.0
549,1.0,1.0,1.0,1.0,1.0,1.0,0.7665826082229614,0.8827950358390808,0.8799960613250732,0.6810061931610107,0.5362207293510437,0.661957323551178,2.0
550,1.0,1.0,0.0,0.0,0.0,0.0,0.8674559593200684,0.8408530950546265,0.5291532874107361,0.4334748089313507,0.4322628080844879,0.5237096548080444,4.0
551,0.0,0.0,0.0,0.0,0.0,0.0,0.637559711933136,0.7890660166740417,0.6733390688896179,0.4847635328769684,0.42087146639823914,0.46601399779319763,0.0
552,1.0,1.0,0.0,0.0,0.0,0.0,0.90144282579422,0.7378946542739868,0.3687872886657715,0.5050617456436157,0.6462773680686951,0.6616191267967224,1.0
553,1.0,1.0,0.0,0.0,0.0,0.0,0.8726697564125061,0.8362880349159241,0.48349419236183167,0.42931482195854187,0.5126639008522034,0.5974017381668091,2.0
554,1.0,1.0,1.0,1.0,1.0,1.0,0.7777566313743591,0.7997947931289673,0.7290794849395752,0.536972165107727,0.6011344790458679,0.5276378989219666,0.0
555,1.0,1.0,1.0,0.0,1.0,0.0,0.7862295508384705,0.7743946313858032,0.7643464207649231,0.45130470395088196,0.5163966417312622,0.41611742973327637,0.0
556,1.0,1.0,1.0,1.0,1.0,0.0,0.8476486206054688,0.8649729490280151,0.8381127119064331,0.6753657460212708,0.5176734924316406,0.635405957698822,4.0
557,0.0,0.0,0.0,0.0,0.0,0.0,0.7712231278419495,0.8351791501045227,0.7870214581489563,0.6659379005432129,0.6110047101974487,0.6439099907875061,1.0
558,1.0,1.0,0.0,1.0,1.0,0.0,0.8568137288093567,0.8427395820617676,0.7318658828735352,0.5124793648719788,0.49808469414711,0.6281349658966064,2.0
559,0.0,0.0,0.0,0.0,0.0,0.0,0.7290483117103577,0.8593933582305908,0.7559581995010376,0.621008038520813,0.48921456933021545,0.5817756056785583,3.0
560,0.0,0.0,0.0,0.0,0.0,0.0,0.5789511799812317,0.7604818940162659,0.7587486505508423,0.6659518480300903,0.4954274892807007,0.5061302781105042,0.0
561,1.0,0.0,0.0,0.0,1.0,0.0,0.8461814522743225,0.7403212189674377,0.5635745525360107,0.6596331596374512,0.7781296372413635,0.7041021585464478,1.0
562,0.0,0.0,0.0,0.0,0.0,0.0,0.7318933606147766,0.8396673202514648,0.6973406672477722,0.5976766347885132,0.5908702611923218,0.567618727684021,4.0
563,1.0,1.0,1.0,1.0,1.0,1.0,0.8490321040153503,0.8406247496604919,0.7867331504821777,0.6380310654640198,0.5737184882164001,0.59711754322052,4.0
564,0.0,0.0,0.0,0.0,0.0,0.0,0.7243145108222961,0.863200306892395,0.7204625010490417,0.6598487496376038,0.6104025840759277,0.5197979807853699,4.0
565,1.0,1.0,1.0,1.0,1.0,0.0,0.8018699884414673,0.8457157611846924,0.8082897663116455,0.6093698740005493,0.5315355658531189,0.6310884356498718,4.0
566,0.0,1.0,1.0,1.0,1.0,0.0,0.6361851692199707,0.821966290473938,0.8605722784996033,0.6956135034561157,0.4641004502773285,0.5661718845367432,0.0
567,1.0,1.0,1.0,1.0,0.0,1.0,0.7873409390449524,0.7938964366912842,0.7574361562728882,0.5335771441459656,0.5355158448219299,0.489031583070755,0.0
568,1.0,1.0,1.0,1.0,1.0,1.0,0.8380363583564758,0.8666410446166992,0.8202288150787354,0.6356394290924072,0.47878497838974,0.6040009260177612,3.0
569,1.0,1.0,1.0,1.0,1.0,1.0,0.8316321969032288,0.8415676951408386,0.7108613848686218,0.5481213331222534,0.48334917426109314,0.6292026042938232,3.0
570,0.0,0.0,0.0,0.0,0.0,0.0,0.6663527488708496,0.8123241066932678,0.7159374356269836,0.7197188138961792,0.48585763573646545,0.5810391306877136,0.0
571,1.0,1.0,1.0,1.0,1.0,1.0,0.8609418869018555,0.7734664678573608,0.7086368203163147,0.6492862105369568,0.6035202145576477,0.6409980654716492,1.0
572,0.0,0.0,0.0,0.0,0.0,0.0,0.7144827842712402,0.8584721088409424,0.7312052249908447,0.5842733383178711,0.5804725289344788,0.45269760489463806,2.0
573,1.0,1.0,0.0,0.0,1.0,0.0,0.8845474123954773,0.8433374762535095,0.4433336555957794,0.42177674174308777,0.5150867700576782,0.5731692314147949,2.0
574,0.0,1.0,1.0,1.0,1.0,1.0,0.7191298007965088,0.9360553622245789,0.8712177276611328,0.6460091471672058,0.46716728806495667,0.578266441822052,3.0
575,1.0,1.0,0.0,1.0,1.0,0.0,0.7766427993774414,0.8032214641571045,0.8263228535652161,0.6323506236076355,0.5684370994567871,0.47137656807899475,0.0
576,1.0,1.0,1.0,1.0,1.0,1.0,0.7994260787963867,0.7829391956329346,0.7869552969932556,0.5834148526191711,0.5219368934631348,0.5230163931846619,0.0
577,1.0,1.0,1.0,1.0,1.0,0.0,0.840576171875,0.8373390436172485,0.7939768433570862,0.6605829000473022,0.5532541275024414,0.6185057759284973,4.0
578,1.0,1.0,0.0,0.0,0.0,0.0,0.8413378000259399,0.7661870121955872,0.7037129998207092,0.5815892219543457,0.5206986665725708,0.6628658175468445,1.0
579,1.0,1.0,0.0,1.0,1.0,0.0,0.8427665829658508,0.8453870415687561,0.7669699192047119,0.5679358839988708,0.42649632692337036,0.5972943305969238,2.0
580,0.0,0.0,0.0,0.0,0.0,0.0,0.7392504215240479,0.8767150640487671,0.7054679989814758,0.6359743475914001,0.5212213397026062,0.5142974853515625,3.0
581,0.0,1.0,0.0,1.0,1.0,1.0,0.7581472992897034,0.902710497379303,0.8636553287506104,0.6633973717689514,0.5682913661003113,0.6316576600074768,2.0
582,0.0,0.0,0.0,0.0,0.0,0.0,0.7300547957420349,0.7859933376312256,0.6315208077430725,0.7275828123092651,0.7059264183044434,0.7196448445320129,1.0
583,0.0,0.0,0.0,0.0,0.0,0.0,0.7809064388275146,0.7504835724830627,0.512703001499176,0.6368480920791626,0.7616511583328247,0.6893875002861023,1.0
584,0.0,0.0,0.0,0.0,0.0,0.0,0.6017810702323914,0.7562955617904663,0.6776742935180664,0.5810679793357849,0.5003983974456787,0.4736471176147461,0.0
585,1.0,1.0,1.0,1.0,1.0,1.0,0.8617151379585266,0.7930486798286438,0.6937626600265503,0.5881471633911133,0.5082080364227295,0.6231555342674255,1.0
586,0.0,1.0,1.0,1.0,1.0,1.0,0.7313655614852905,0.8619478940963745,0.8722882866859436,0.6949642300605774,0.4696318805217743,0.6851321458816528,4.0
587,0.0,0.0,0.0,0.0,1.0,0.0,0.7726646065711975,0.8796467781066895,0.7696741819381714,0.6461989283561707,0.575336754322052,0.6037877798080444,3.0
588,1.0,1.0,0.0,0.0,0.0,0.0,0.9064458608627319,0.7340071797370911,0.5535024404525757,0.5610600113868713,0.583191454410553,0.6948835253715515,1.0
589,1.0,1.0,0.0,0.0,1.0,0.0,0.8583115339279175,0.7636337280273438,0.42060598731040955,0.3574526309967041,0.5868681073188782,0.4605312943458557,0.0
590,0.0,0.0,0.0,0.0,0.0,0.0,0.7211329340934753,0.7904702425003052,0.5898627638816833,0.7294472455978394,0.7501077651977539,0.702337384223938,1.0
591,0.0,0.0,0.0,0.0,1.0,0.0,0.7214593291282654,0.7364448308944702,0.5510833263397217,0.6328449845314026,0.7528095245361328,0.6282337307929993,1.0
592,1.0,1.0,1.0,1.0,1.0,1.0,0.6664839386940002,0.9090811610221863,0.8755990862846375,0.6141889691352844,0.4684404134750366,0.6256853342056274,4.0
593,1.0,1.0,1.0,1.0,1.0,1.0,0.8697476387023926,0.7904068231582642,0.7028036713600159,0.5594866275787354,0.4992031753063202,0.6548441052436829,1.0
594,1.0,1.0,1.0,1.0,1.0,1.0,0.8577669262886047,0.8261001706123352,0.6073577404022217,0.5426894426345825,0.5585461258888245,0.6365444660186768,2.0
595,0.0,0.0,0.0,0.0,0.0,0.0,0.7484976053237915,0.8618045449256897,0.7054488062858582,0.6324609518051147,0.47801610827445984,0.5149285197257996,3.0
596,1.0,1.0,1.0,0.0,1.0,0.0,0.8357920050621033,0.7596912384033203,0.6606524586677551,0.6103861927986145,0.5568837523460388,0.6410818696022034,1.0
597,1.0,1.0,1.0,1.0,1.0,1.0,0.7461265325546265,0.8664242625236511,0.8382282853126526,0.6523901224136353,0.533660352230072,0.7052871584892273,1.0
598,1.0,1.0,0.0,0.0,1.0,0.0,0.837310791015625,0.7676640748977661,0.694240927696228,0.6112574934959412,0.6145294308662415,0.6583119034767151,1.0
599,1.0,1.0,0.0,0.0,0.0,0.0,0.8810553550720215,0.7337719202041626,0.5735606551170349,0.5977261066436768,0.6797664761543274,0.6824069619178772,1.0
600,0.0,0.0,0.0,0.0,0.0,0.0,0.7393316626548767,0.8452552556991577,0.687365710735321,0.5703012347221375,0.6211939454078674,0.5348272919654846,4.0
601,1.0,1.0,1.0,1.0,1.0,0.0,0.7919641733169556,0.7778680324554443,0.7852805852890015,0.6183950304985046,0.5558273792266846,0.47753357887268066,0.0
602,0.0,1.0,1.0,1.0,1.0,1.0,0.6404184103012085,0.8501611351966858,0.8672976493835449,0.6685793995857239,0.42747950553894043,0.5496798157691956,0.0
603,0.0,0.0,0.0,0.0,0.0,0.0,0.6987174153327942,0.8458654880523682,0.7652232050895691,0.6678484678268433,0.546562135219574,0.5137906074523926,2.0
604,1.0,1.0,1.0,1.0,1.0,0.0,0.850548505783081,0.8682002425193787,0.7604595422744751,0.5126678943634033,0.5032186508178711,0.5554628372192383,3.0
605,1.0,1.0,1.0,1.0,1.0,1.0,0.8647571802139282,0.8362633585929871,0.7562763094902039,0.6043061017990112,0.5248933434486389,0.6207168102264404,2.0
606,0.0,0.0,0.0,0.0,0.0,0.0,0.7334024310112,0.8770015835762024,0.7049549221992493,0.5817781686782837,0.5066196918487549,0.49876922369003296,3.0
607,1.0,1.0,1.0,1.0,1.0,0.0,0.7963483929634094,0.7650438547134399,0.7892951965332031,0.6736742854118347,0.6651340126991272,0.519323468208313,0.0
608,1.0,1.0,1.0,0.0,0.0,0.0,0.83008873462677,0.8480270504951477,0.8082044124603271,0.6208745241165161,0.5776748061180115,0.6111104488372803,4.0
609,1.0,1.0,1.0,1.0,0.0,0.0,0.8624077439308167,0.8409857749938965,0.7685078978538513,0.5533608794212341,0.4219483435153961,0.6281825304031372,2.0
610,0.0,0.0,0.0,0.0,0.0,0.0,0.6666328310966492,0.805396556854248,0.6456146240234375,0.6011225581169128,0.5189721584320068,0.4674832820892334,0.0
611,1.0,1.0,1.0,1.0,1.0,1.0,0.7107154726982117,0.8570737838745117,0.8282649517059326,0.6734845042228699,0.560990571975708,0.6350213289260864,1.0
612,0.0,0.0,0.0,0.0,0.0,0.0,0.7185034155845642,0.8567452430725098,0.7515842914581299,0.6103273034095764,0.5075438022613525,0.5016318559646606,4.0
613,1.0,1.0,1.0,0.0,0.0,1.0,0.8529152870178223,0.7885146141052246,0.6580859422683716,0.5091835260391235,0.5532516837120056,0.48345446586608887,0.0
614,0.0,1.0,1.0,0.0,0.0,0.0,0.7735753655433655,0.8204253315925598,0.7426797151565552,0.6645922660827637,0.6712477207183838,0.6168956160545349,1.0
615,1.0,1.0,0.0,0.0,0.0,0.0,0.9070985317230225,0.7200508713722229,0.3416628837585449,0.5442386269569397,0.6177345514297485,0.6672818064689636,1.0
616,1.0,1.0,1.0,1.0,1.0,1.0,0.8247084021568298,0.850284218788147,0.7964513301849365,0.624946117401123,0.5576247572898865,0.6028797030448914,3.0
617,0.0,0.0,0.0,0.0,0.0,0.0,0.7303029894828796,0.7749272584915161,0.5684701204299927,0.6516544222831726,0.7393089532852173,0.644095242023468,1.0
618,1.0,1.0,0.0,0.0,1.0,1.0,0.7299904823303223,0.7561399340629578,0.6291798949241638,0.6417320966720581,0.6426631808280945,0.6229924559593201,0.0
619,1.0,1.0,1.0,1.0,1.0,0.0,0.8544895648956299,0.7831187844276428,0.682201623916626,0.6669133305549622,0.6533474326133728,0.7240133285522461,1.0
620,1.0,1.0,0.0,0.0,1.0,0.0,0.8943954110145569,0.7402291297912598,0.3633841872215271,0.5621497631072998,0.7056224942207336,0.6414275169372559,1.0
621,0.0,1.0,1.0,1.0,1.0,0.0,0.8828959465026855,0.7609980702400208,0.49198153614997864,0.6198170781135559,0.6906445026397705,0.6555502414703369,1.0
622,1.0,1.0,0.0,0.0,1.0,0.0,0.875157356262207,0.8219565153121948,0.5519768595695496,0.4476834237575531,0.4564666450023651,0.5982386469841003,2.0
623,0.0,0.0,0.0,0.0,0.0,0.0,0.710107684135437,0.8988164663314819,0.8454549908638,0.6717166304588318,0.46974244713783264,0.5568830966949463,4.0
624,0.0,0.0,0.0,0.0,0.0,0.0,0.7224666476249695,0.8661319017410278,0.7918412089347839,0.6500735878944397,0.5849376320838928,0.5803172588348389,2.0
625,0.0,0.0,0.0,0.0,0.0,0.0,0.7061316967010498,0.8613369464874268,0.7293404340744019,0.5916401743888855,0.48033955693244934,0.5389286875724792,3.0
626,1.0,1.0,0.0,0.0,0.0,0.0,0.8425685167312622,0.7469528913497925,0.6091458797454834,0.5918399691581726,0.595424234867096,0.6663388609886169,1.0
627,1.0,1.0,0.0,0.0,1.0,0.0,0.8510376214981079,0.8628238439559937,0.7374780178070068,0.5502037405967712,0.49788740277290344,0.5601845383644104,4.0
628,1.0,1.0,0.0,0.0,1.0,0.0,0.8317268490791321,0.7879768013954163,0.610711932182312,0.3638990819454193,0.4716620147228241,0.44161176681518555,0.0
629,0.0,0.0,0.0,0.0,0.0,0.0,0.733356237411499,0.7935351729393005,0.5770938992500305,0.7038464546203613,0.7097110152244568,0.691655695438385,1.0
630,1.0,1.0,0.0,0.0,1.0,0.0,0.8466219305992126,0.8324353694915771,0.662540853023529,0.4657888114452362,0.44670629501342773,0.601104736328125,2.0
631,1.0,1.0,0.0,0.0,0.0,0.0,0.8491998314857483,0.7629755139350891,0.605068027973175,0.5960022807121277,0.5297845005989075,0.69059818983078,1.0
632,0.0,0.0,0.0,0.0,1.0,0.0,0.8340803384780884,0.8362942934036255,0.5618525743484497,0.48927098512649536,0.5601401925086975,0.5475121140480042,4.0
633,1.0,1.0,1.0,1.0,1.0,1.0,0.837009072303772,0.8598685264587402,0.7925717830657959,0.6405133008956909,0.5537811517715454,0.6285744905471802,3.0
634,0.0,0.0,0.0,0.0,0.0,0.0,0.6640412211418152,0.7700313925743103,0.7097668051719666,0.662236213684082,0.5916293263435364,0.6056974530220032,0.0
635,0.0,0.0,0.0,0.0,0.0,0.0,0.7440892457962036,0.8679168224334717,0.6999251246452332,0.5728223919868469,0.5472826361656189,0.5185648202896118,3.0
636,1.0,1.0,1.0,1.0,1.0,1.0,0.6934500932693481,0.8364010453224182,0.8093475103378296,0.6565449237823486,0.5646283030509949,0.7497669458389282,1.0
637,0.0,1.0,1.0,1.0,1.0,1.0,0.5308265089988708,0.8578818440437317,0.8866721391677856,0.613101065158844,0.3571387231349945,0.5552324652671814,0.0
638,1.0,1.0,1.0,1.0,1.0,1.0,0.8449947834014893,0.869769811630249,0.8212470412254333,0.632128894329071,0.49092864990234375,0.6390615105628967,2.0
639,1.0,1.0,0.0,0.0,1.0,0.0,0.8502691984176636,0.847338080406189,0.6744515895843506,0.526763916015625,0.4746825397014618,0.6035867929458618,4.0
640,1.0,1.0,1.0,1.0,1.0,0.0,0.7903944253921509,0.8979805111885071,0.8566308617591858,0.6245815753936768,0.5313543081283569,0.6197259426116943,4.0
641,1.0,1.0,1.0,1.0,1.0,1.0,0.8192980885505676,0.8665041923522949,0.8019696474075317,0.5964007377624512,0.5258930921554565,0.6152873039245605,4.0
642,0.0,0.0,0.0,0.0,0.0,0.0,0.8417840003967285,0.8471123576164246,0.6133617162704468,0.5508768558502197,0.5662936568260193,0.5746952891349792,4.0
643,1.0,1.0,0.0,1.0,1.0,1.0,0.7470998764038086,0.7776346206665039,0.7508909106254578,0.5373427867889404,0.5669214725494385,0.5432795882225037,0.0
644,0.0,0.0,0.0,0.0,0.0,0.0,0.807304859161377,0.8376300930976868,0.5705831050872803,0.4336935877799988,0.6120819449424744,0.5856785178184509,2.0
645,1.0,1.0,0.0,0.0,1.0,0.0,0.8351997137069702,0.8589163422584534,0.682853102684021,0.4990992248058319,0.4575507938861847,0.5625933408737183,4.0
646,0.0,0.0,1.0,0.0,0.0,0.0,0.7242124676704407,0.8981968760490417,0.8770179152488708,0.6705830097198486,0.5026512145996094,0.6165912747383118,4.0
647,0.0,0.0,0.0,0.0,0.0,0.0,0.724675178527832,0.8808261752128601,0.8418409824371338,0.667799711227417,0.44015365839004517,0.5386303663253784,4.0
648,1.0,1.0,0.0,0.0,1.0,0.0,0.8968998193740845,0.8596567511558533,0.5711641311645508,0.49608084559440613,0.4802236258983612,0.5910322070121765,4.0
649,0.0,0.0,0.0,0.0,0.0,0.0,0.7135351896286011,0.8458483815193176,0.7267526984214783,0.5432169437408447,0.5964797735214233,0.4638129472732544,2.0
650,1.0,1.0,1.0,0.0,1.0,0.0,0.7526787519454956,0.7794003486633301,0.8043537735939026,0.5326104164123535,0.4807817041873932,0.4724624752998352,0.0
651,1.0,1.0,0.0,0.0,0.0,0.0,0.8993749022483826,0.7211585640907288,0.3081093430519104,0.5271175503730774,0.6891391277313232,0.6379086971282959,1.0
652,1.0,1.0,0.0,0.0,0.0,0.0,0.8762588500976562,0.859666645526886,0.7117500901222229,0.5104648470878601,0.5443663597106934,0.5965188145637512,3.0
653,1.0,1.0,1.0,1.0,1.0,1.0,0.7643413543701172,0.9028118252754211,0.8594773411750793,0.6426913738250732,0.44007861614227295,0.6088083982467651,3.0
654,0.0,1.0,1.0,1.0,1.0,1.0,0.6963543891906738,0.8442050218582153,0.8014737367630005,0.6407644152641296,0.5937041640281677,0.6345285773277283,1.0
655,1.0,1.0,0.0,1.0,1.0,1.0,0.7113630771636963,0.9219120740890503,0.8755788803100586,0.6916015148162842,0.5848346948623657,0.6453985571861267,3.0
656,1.0,1.0,0.0,1.0,0.0,0.0,0.8534697890281677,0.8594312071800232,0.7491580843925476,0.5017949342727661,0.5127243399620056,0.5660541653633118,3.0
657,0.0,0.0,0.0,0.0,0.0,0.0,0.7396280169487,0.8581738471984863,0.7186336517333984,0.6193407773971558,0.5065670013427734,0.5419923663139343,3.0
658,0.0,0.0,0.0,0.0,0.0,0.0,0.7270559072494507,0.858059823513031,0.6929444074630737,0.6362641453742981,0.4299013018608093,0.5079317688941956,3.0
659,1.0,1.0,0.0,0.0,1.0,0.0,0.8858698606491089,0.8504860997200012,0.49505162239074707,0.42170852422714233,0.43425896763801575,0.5414882898330688,4.0
660,1.0,1.0,1.0,1.0,1.0,0.0,0.8469162583351135,0.7927534580230713,0.7573757767677307,0.6898292303085327,0.6144801378250122,0.720331072807312,1.0
661,0.0,1.0,1.0,1.0,1.0,1.0,0.6761345863342285,0.8871707320213318,0.8692803978919983,0.5981747508049011,0.4554150104522705,0.604310929775238,2.0
662,0.0,1.0,1.0,1.0,1.0,1.0,0.66925448179245,0.9195891618728638,0.875898540019989,0.6449874043464661,0.4999094307422638,0.6079044342041016,3.0
663,1.0,1.0,1.0,1.0,1.0,0.0,0.8363049030303955,0.855151891708374,0.7839367985725403,0.6295250654220581,0.558744490146637,0.5742083191871643,4.0
664,0.0,1.0,1.0,1.0,1.0,1.0,0.7381584048271179,0.8557802438735962,0.7677675485610962,0.7166624069213867,0.6533082127571106,0.6383247971534729,1.0
665,1.0,1.0,0.0,0.0,1.0,0.0,0.8595249056816101,0.8289746046066284,0.6269733905792236,0.5355615615844727,0.5441983938217163,0.6006475687026978,2.0
666,1.0,1.0,1.0,1.0,1.0,1.0,0.8524572253227234,0.8549420833587646,0.7832729816436768,0.6259617209434509,0.48913851380348206,0.6210730075836182,2.0
667,0.0,0.0,0.0,0.0,0.0,0.0,0.75432288646698,0.897845983505249,0.8745496869087219,0.6683138608932495,0.4771524965763092,0.6324018239974976,3.0
668,1.0,1.0,1.0,1.0,1.0,1.0,0.7766063213348389,0.7873404026031494,0.7989219427108765,0.6574902534484863,0.5492417812347412,0.5174906849861145,0.0
669,0.0,1.0,1.0,1.0,0.0,1.0,0.7579484581947327,0.8246216177940369,0.767626166343689,0.6879560947418213,0.6077536344528198,0.7870750427246094,1.0
670,0.0,1.0,1.0,1.0,0.0,1.0,0.7507141828536987,0.8298884630203247,0.7668539881706238,0.6572843194007874,0.6309154629707336,0.7223583459854126,1.0
671,1.0,1.0,1.0,1.0,1.0,0.0,0.7701122760772705,0.900111198425293,0.8516409397125244,0.6003584265708923,0.5197578072547913,0.6324463486671448,3.0
672,0.0,0.0,0.0,0.0,0.0,0.0,0.7067813277244568,0.8620632290840149,0.7098473906517029,0.49901002645492554,0.5304892659187317,0.4272378385066986,2.0
673,0.0,0.0,0.0,0.0,0.0,0.0,0.7009525895118713,0.8301041126251221,0.6939171552658081,0.6600455641746521,0.6712339520454407,0.5447975993156433,2.0
674,1.0,1.0,0.0,0.0,1.0,0.0,0.8704012036323547,0.7676644325256348,0.4029284715652466,0.3135104179382324,0.45929795503616333,0.375866562128067,0.0
675,0.0,0.0,0.0,0.0,0.0,0.0,0.7452346682548523,0.858514666557312,0.7085258960723877,0.5771675109863281,0.44626739621162415,0.4969152510166168,3.0
676,1.0,0.0,1.0,1.0,1.0,0.0,0.7006790637969971,0.9177412986755371,0.8691795468330383,0.5794753432273865,0.4969090521335602,0.6126005053520203,2.0
677,0.0,0.0,0.0,0.0,0.0,0.0,0.7684807181358337,0.7845614552497864,0.5053472518920898,0.6945205330848694,0.7521485686302185,0.6425319314002991,1.0
678,1.0,1.0,1.0,1.0,1.0,1.0,0.7470998764038086,0.7776346206665039,0.7508909106254578,0.5373427867889404,0.5669214725494385,0.5432795882225037,0.0
679,1.0,1.0,1.0,1.0,1.0,1.0,0.7068199515342712,0.7619951963424683,0.7849008440971375,0.685326099395752,0.6169543266296387,0.5560004115104675,0.0
680,0.0,1.0,1.0,1.0,0.0,1.0,0.7554607391357422,0.8458555340766907,0.7993151545524597,0.6806091666221619,0.5771698355674744,0.7389295101165771,1.0
681,0.0,0.0,0.0,0.0,0.0,0.0,0.7114300727844238,0.8585488796234131,0.7630434036254883,0.6646472215652466,0.5425897836685181,0.5752853155136108,4.0
682,0.0,1.0,1.0,1.0,0.0,0.0,0.6023229360580444,0.8618979454040527,0.8669252395629883,0.6903232336044312,0.4070025384426117,0.5128346681594849,0.0
683,1.0,1.0,0.0,0.0,1.0,0.0,0.8084631562232971,0.8156753182411194,0.6035910844802856,0.5488830804824829,0.5470725297927856,0.6544468402862549,4.0
684,0.0,1.0,1.0,1.0,0.0,1.0,0.7205398678779602,0.9228094220161438,0.8587004542350769,0.6527727842330933,0.5118387341499329,0.6051992177963257,3.0
685,0.0,1.0,1.0,1.0,1.0,1.0,0.7212061882019043,0.9105497598648071,0.8666311502456665,0.6617558598518372,0.5690919756889343,0.629828929901123,3.0
686,1.0,1.0,1.0,1.0,1.0,1.0,0.8639105558395386,0.862650454044342,0.7562873959541321,0.5518403649330139,0.5094465017318726,0.6125413775444031,4.0
687,1.0,1.0,1.0,1.0,1.0,1.0,0.8047441840171814,0.8928057551383972,0.8411697149276733,0.6446260213851929,0.514872670173645,0.6372454762458801,4.0
688,1.0,1.0,1.0,1.0,1.0,1.0,0.7194540500640869,0.905487596988678,0.8662428855895996,0.6392253637313843,0.5596662759780884,0.5972204804420471,2.0
689,0.0,0.0,0.0,0.0,0.0,0.0,0.7539883852005005,0.8756369352340698,0.7889089584350586,0.6179518699645996,0.5153040885925293,0.5972001552581787,3.0
690,0.0,0.0,0.0,0.0,0.0,0.0,0.6983386874198914,0.8759620785713196,0.8347573280334473,0.6364343166351318,0.3850233852863312,0.5383175015449524,3.0
691,1.0,1.0,1.0,1.0,1.0,1.0,0.7333016395568848,0.9089838862419128,0.8732371926307678,0.6412459015846252,0.5260105133056641,0.6084670424461365,2.0
692,1.0,1.0,1.0,1.0,1.0,1.0,0.8533632159233093,0.8016793727874756,0.6102014780044556,0.4177304804325104,0.6207103729248047,0.43066295981407166,0.0
693,0.0,0.0,0.0,1.0,1.0,0.0,0.5924660563468933,0.7617150545120239,0.6553138494491577,0.6173630356788635,0.5826362371444702,0.5105302929878235,0.0
694,0.0,0.0,0.0,0.0,0.0,0.0,0.6603608727455139,0.7826211452484131,0.7232342958450317,0.5972766280174255,0.5298956036567688,0.5122909545898438,0.0
695,0.0,1.0,1.0,1.0,1.0,1.0,0.7107990980148315,0.9227165579795837,0.8778463006019592,0.6093522906303406,0.5005806684494019,0.6132973432540894,2.0
696,1.0,1.0,1.0,1.0,1.0,1.0,0.8347915410995483,0.863990843296051,0.797723650932312,0.6040114760398865,0.5346647500991821,0.615878701210022,3.0
697,1.0,1.0,0.0,1.0,1.0,1.0,0.7407628297805786,0.8757812976837158,0.8188495635986328,0.6953160762786865,0.6136488318443298,0.6461625695228577,3.0
698,0.0,1.0,1.0,1.0,0.0,1.0,0.7210187911987305,0.9233789443969727,0.8796544075012207,0.6516687870025635,0.5057970285415649,0.5849065184593201,4.0
699,1.0,1.0,1.0,1.0,1.0,1.0,0.7554069757461548,0.8929653763771057,0.8563001155853271,0.7220993041992188,0.5930721163749695,0.6360758543014526,4.0
700,0.0,0.0,0.0,0.0,0.0,0.0,0.7518290877342224,0.7874432802200317,0.56399005651474,0.6608301401138306,0.7044945359230042,0.7175138592720032,1.0
701,1.0,1.0,1.0,1.0,1.0,0.0,0.8126534819602966,0.7666810154914856,0.7992183566093445,0.6432260870933533,0.576903223991394,0.49080711603164673,0.0
702,1.0,1.0,1.0,1.0,1.0,1.0,0.8499957323074341,0.8689392805099487,0.8184697031974792,0.6550328731536865,0.5175896883010864,0.6076139211654663,4.0
703,0.0,0.0,1.0,0.0,0.0,1.0,0.6795479655265808,0.9189562797546387,0.8674325346946716,0.6443893909454346,0.4804877042770386,0.5936596989631653,3.0
704,1.0,1.0,0.0,0.0,1.0,0.0,0.7998001575469971,0.758761465549469,0.7790367007255554,0.5291315913200378,0.5085833072662354,0.460825115442276,0.0
705,1.0,1.0,1.0,1.0,0.0,1.0,0.8452069759368896,0.7790353894233704,0.7133752703666687,0.5616102814674377,0.5456583499908447,0.6260594725608826,1.0
706,1.0,1.0,0.0,0.0,1.0,0.0,0.8920008540153503,0.7460381388664246,0.6708510518074036,0.6265277862548828,0.5537066459655762,0.6707925200462341,1.0
707,0.0,0.0,0.0,0.0,0.0,0.0,0.6716512441635132,0.7502985596656799,0.6293189525604248,0.6611877083778381,0.7000274062156677,0.6762059926986694,1.0
708,1.0,1.0,1.0,1.0,1.0,1.0,0.8586971163749695,0.8608486652374268,0.7838169932365417,0.5727134346961975,0.5672950744628906,0.5913330316543579,3.0
709,0.0,1.0,0.0,0.0,1.0,0.0,0.7963911890983582,0.8501073718070984,0.6489017009735107,0.5491788387298584,0.5625336170196533,0.5502395033836365,4.0
710,0.0,1.0,1.0,0.0,0.0,1.0,0.7190021872520447,0.839564859867096,0.7904927730560303,0.6673147678375244,0.5723685026168823,0.723173201084137,1.0
711,1.0,1.0,0.0,0.0,1.0,0.0,0.8579768538475037,0.7542738914489746,0.41352933645248413,0.40096569061279297,0.6130326986312866,0.4455118179321289,0.0
712,1.0,1.0,0.0,0.0,0.0,0.0,0.7526291012763977,0.7975903749465942,0.7681864500045776,0.4732719957828522,0.5085673928260803,0.4705439805984497,0.0
713,1.0,1.0,1.0,0.0,0.0,0.0,0.8809764981269836,0.8366630673408508,0.6662418246269226,0.4974094331264496,0.4937673807144165,0.5972388386726379,3.0
714,1.0,1.0,0.0,0.0,1.0,1.0,0.8732500076293945,0.810526967048645,0.4482385218143463,0.48799341917037964,0.5290300250053406,0.686934769153595,2.0
715,1.0,1.0,1.0,1.0,1.0,0.0,0.8044580221176147,0.7988379001617432,0.796316921710968,0.5859293937683105,0.538949191570282,0.4516865611076355,0.0
716,0.0,0.0,0.0,0.0,0.0,0.0,0.6788052916526794,0.8402073383331299,0.7284494042396545,0.6231741905212402,0.6628125905990601,0.540344774723053,2.0
717,0.0,0.0,0.0,0.0,0.0,0.0,0.7342239618301392,0.8467807173728943,0.7282865643501282,0.6194586753845215,0.6768049597740173,0.5485945343971252,3.0
718,1.0,1.0,1.0,1.0,1.0,0.0,0.8680806756019592,0.8176513314247131,0.7690902948379517,0.6650645136833191,0.5294735431671143,0.6473252177238464,2.0
719,0.0,0.0,0.0,0.0,0.0,0.0,0.734449565410614,0.8484521508216858,0.7644187808036804,0.6211775541305542,0.5238301753997803,0.5455785393714905,4.0
720,0.0,0.0,0.0,1.0,1.0,0.0,0.7367588877677917,0.7495534420013428,0.4962686598300934,0.7090801000595093,0.8120512366294861,0.6357409358024597,1.0
721,0.0,0.0,1.0,0.0,0.0,1.0,0.5808032751083374,0.8733806610107422,0.83774733543396,0.6749914884567261,0.5218703150749207,0.5564358830451965,0.0
722,1.0,1.0,1.0,0.0,1.0,0.0,0.8697202205657959,0.8399845957756042,0.6404178738594055,0.4772636890411377,0.47406110167503357,0.6072420477867126,2.0
723,0.0,0.0,0.0,0.0,0.0,0.0,0.7235845923423767,0.8894751667976379,0.8128697872161865,0.6024374961853027,0.48615527153015137,0.5850787162780762,2.0
724,0.0,1.0,1.0,1.0,1.0,1.0,0.8124962449073792,0.7701680064201355,0.6669821739196777,0.7349078059196472,0.7751911282539368,0.7434704899787903,1.0
725,0.0,1.0,1.0,1.0,0.0,1.0,0.7192703485488892,0.9170379042625427,0.8687980771064758,0.6576076745986938,0.5174129009246826,0.6117870211601257,4.0
726,1.0,1.0,1.0,1.0,1.0,0.0,0.8649346232414246,0.8623621463775635,0.7694309949874878,0.5409424901008606,0.5343877077102661,0.616165041923523,3.0
727,0.0,0.0,0.0,0.0,0.0,0.0,0.5851682424545288,0.8176687359809875,0.849324107170105,0.6355384588241577,0.4137876629829407,0.4822039008140564,0.0
728,0.0,0.0,0.0,0.0,0.0,0.0,0.7984715700149536,0.891238808631897,0.7943575382232666,0.558722198009491,0.4906698763370514,0.5939950346946716,3.0
729,1.0,1.0,0.0,0.0,1.0,0.0,0.8472033739089966,0.8326416611671448,0.6634423732757568,0.48337188363075256,0.5498722791671753,0.5667744874954224,4.0
730,0.0,0.0,0.0,0.0,0.0,0.0,0.7571214437484741,0.7849575281143188,0.5420270562171936,0.6929669380187988,0.7455077767372131,0.6744768619537354,1.0
731,1.0,1.0,1.0,1.0,1.0,1.0,0.7336352467536926,0.912638783454895,0.8649086356163025,0.6371983289718628,0.48633435368537903,0.6665033102035522,3.0
732,1.0,1.0,1.0,1.0,1.0,1.0,0.7458452582359314,0.913780689239502,0.8803672790527344,0.6997084617614746,0.49456852674484253,0.594237744808197,3.0
733,1.0,0.0,0.0,0.0,0.0,0.0,0.8636646270751953,0.8387462496757507,0.5322213172912598,0.48759791254997253,0.5558114647865295,0.5872888565063477,2.0
734,0.0,0.0,1.0,0.0,0.0,0.0,0.7028098702430725,0.89911949634552,0.8425627946853638,0.6723417639732361,0.5030083060264587,0.5581832528114319,3.0
735,0.0,0.0,1.0,0.0,0.0,0.0,0.7802110910415649,0.8736698031425476,0.7579962611198425,0.626250147819519,0.5132058262825012,0.6057008504867554,3.0
736,1.0,1.0,1.0,1.0,0.0,0.0,0.8672426342964172,0.8380483984947205,0.7512723803520203,0.562243640422821,0.48620209097862244,0.6156366467475891,2.0
737,0.0,0.0,0.0,0.0,0.0,0.0,0.6834374070167542,0.8380668759346008,0.7038146257400513,0.5812270641326904,0.6306954622268677,0.47811973094940186,2.0
738,1.0,1.0,1.0,1.0,1.0,0.0,0.8343560099601746,0.8745162487030029,0.8162581920623779,0.5606210231781006,0.4804634749889374,0.6096407771110535,3.0
739,0.0,0.0,0.0,0.0,0.0,0.0,0.7472133040428162,0.8731042742729187,0.7177034020423889,0.6468082070350647,0.530272901058197,0.5595123171806335,3.0
740,0.0,0.0,0.0,0.0,0.0,0.0,0.7787426710128784,0.8808414340019226,0.6937748193740845,0.6250005960464478,0.400127649307251,0.552018940448761,3.0
741,1.0,1.0,1.0,0.0,1.0,0.0,0.8579577207565308,0.8349389433860779,0.7261024713516235,0.5552321076393127,0.4429898262023926,0.606930136680603,2.0
742,0.0,1.0,1.0,1.0,1.0,1.0,0.7498530149459839,0.8914554119110107,0.8790900707244873,0.7168432474136353,0.5022850632667542,0.6483573317527771,4.0
743,1.0,1.0,1.0,1.0,1.0,1.0,0.7779408693313599,0.7500380277633667,0.7764534950256348,0.6718199253082275,0.6274734139442444,0.5231783390045166,0.0
744,0.0,0.0,0.0,0.0,0.0,0.0,0.7507026791572571,0.7623385787010193,0.5407744646072388,0.7075001001358032,0.7405236959457397,0.7094998359680176,1.0
745,1.0,1.0,0.0,0.0,1.0,0.0,0.8540146946907043,0.7705165147781372,0.6662806272506714,0.5951517224311829,0.5526995658874512,0.6101913452148438,1.0
746,1.0,1.0,1.0,1.0,1.0,0.0,0.7544098496437073,0.9086648225784302,0.867939829826355,0.6075079441070557,0.4585169553756714,0.6518985033035278,2.0
747,0.0,0.0,0.0,0.0,0.0,0.0,0.7215074896812439,0.8467603325843811,0.7223674654960632,0.608990490436554,0.5352919697761536,0.5053350329399109,4.0
748,1.0,1.0,0.0,0.0,1.0,0.0,0.8880952000617981,0.8098536133766174,0.44752609729766846,0.4466313123703003,0.580869734287262,0.5744167566299438,4.0
749,0.0,0.0,0.0,0.0,0.0,0.0,0.7751816511154175,0.8665525317192078,0.7654368281364441,0.6396974325180054,0.4812263548374176,0.5994037985801697,4.0
750,1.0,1.0,1.0,0.0,0.0,0.0,0.8007664680480957,0.899971067905426,0.8323312997817993,0.5871657729148865,0.5570305585861206,0.6035074591636658,3.0
751,0.0,0.0,0.0,0.0,0.0,0.0,0.7083324790000916,0.8482527136802673,0.7505588531494141,0.6445201635360718,0.5320571660995483,0.4955999553203583,4.0
752,1.0,1.0,0.0,0.0,1.0,0.0,0.811050534248352,0.7050007581710815,0.48889949917793274,0.4963614046573639,0.6524047255516052,0.5612860321998596,0.0
753,1.0,1.0,1.0,1.0,0.0,0.0,0.8424864411354065,0.8637440800666809,0.8222673535346985,0.628358006477356,0.52646404504776,0.6416137218475342,3.0
754,1.0,1.0,0.0,0.0,1.0,1.0,0.8825625777244568,0.7098353505134583,0.34382063150405884,0.5929238200187683,0.7553538084030151,0.7105768918991089,1.0
755,1.0,0.0,0.0,0.0,0.0,0.0,0.8270092010498047,0.7779356241226196,0.6770813465118408,0.5988444089889526,0.5914938449859619,0.6777462363243103,1.0
756,1.0,1.0,0.0,0.0,1.0,0.0,0.8638647794723511,0.8286005854606628,0.6988556981086731,0.5822629928588867,0.5374994874000549,0.6359349489212036,2.0
757,1.0,1.0,1.0,1.0,0.0,1.0,0.8022222518920898,0.7983580231666565,0.7826489210128784,0.6551294922828674,0.5824766755104065,0.6950383186340332,1.0
758,0.0,1.0,1.0,1.0,0.0,1.0,0.733819842338562,0.9162240028381348,0.8741738200187683,0.6307052373886108,0.46641772985458374,0.6265535354614258,3.0
759,1.0,1.0,1.0,1.0,0.0,1.0,0.6381733417510986,0.8042453527450562,0.8342285752296448,0.6994508504867554,0.5230645537376404,0.6124653816223145,0.0
760,1.0,0.0,0.0,0.0,0.0,0.0,0.8782612681388855,0.827928900718689,0.4793175756931305,0.4358656704425812,0.4804641902446747,0.553998589515686,3.0
761,1.0,1.0,1.0,1.0,1.0,1.0,0.7358596324920654,0.9013956785202026,0.8709765076637268,0.6717722415924072,0.45785775780677795,0.6341912746429443,3.0
762,1.0,1.0,1.0,1.0,1.0,0.0,0.8490573763847351,0.8528908491134644,0.796409010887146,0.6217046976089478,0.5019454956054688,0.6181960105895996,2.0
763,1.0,1.0,1.0,1.0,1.0,1.0,0.7587217092514038,0.8834540247917175,0.8414116501808167,0.7033095955848694,0.632479727268219,0.6523842215538025,4.0
764,1.0,1.0,1.0,1.0,1.0,1.0,0.7995140552520752,0.7771413326263428,0.749801754951477,0.5443819761276245,0.5355357527732849,0.4429124593734741,0.0
765,0.0,0.0,0.0,0.0,0.0,0.0,0.6650925874710083,0.764583945274353,0.6212214827537537,0.6350718140602112,0.5221213698387146,0.46470820903778076,0.0
766,1.0,1.0,1.0,1.0,1.0,1.0,0.8439353704452515,0.8399088382720947,0.7919673323631287,0.5899111032485962,0.548981785774231,0.6429060101509094,4.0
767,0.0,0.0,0.0,0.0,0.0,0.0,0.7676562070846558,0.7733180522918701,0.5588414669036865,0.6529359817504883,0.7951727509498596,0.7188459038734436,1.0
768,1.0,1.0,1.0,1.0,1.0,1.0,0.8618574738502502,0.8620714545249939,0.7782253623008728,0.6167770028114319,0.5643556118011475,0.6262918710708618,3.0
769,0.0,0.0,0.0,0.0,0.0,0.0,0.7136736512184143,0.8322789669036865,0.72465980052948,0.5860257148742676,0.5404247641563416,0.5153903365135193,4.0
770,1.0,1.0,0.0,0.0,1.0,0.0,0.888157844543457,0.8480747938156128,0.6396117806434631,0.5218648910522461,0.5158056020736694,0.6169707179069519,2.0
771,0.0,0.0,0.0,0.0,0.0,0.0,0.732915461063385,0.8561729788780212,0.7245060205459595,0.6497913599014282,0.6432148218154907,0.5437946915626526,2.0
772,1.0,1.0,1.0,1.0,1.0,1.0,0.8398165702819824,0.7609482407569885,0.717520534992218,0.6867761015892029,0.6102669835090637,0.7156331539154053,1.0
773,1.0,1.0,1.0,1.0,1.0,1.0,0.8293551206588745,0.8489894866943359,0.8145826458930969,0.6227632761001587,0.546893835067749,0.6368277668952942,3.0
774,1.0,1.0,1.0,1.0,1.0,1.0,0.6923836469650269,0.8504320979118347,0.857417643070221,0.6620548367500305,0.4660835862159729,0.58676677942276,0.0
775,1.0,1.0,0.0,0.0,1.0,0.0,0.87068772315979,0.8425129055976868,0.5048837065696716,0.4342045485973358,0.46889281272888184,0.5333304405212402,4.0
776,0.0,1.0,0.0,1.0,0.0,0.0,0.7574361562728882,0.8852548599243164,0.8517717123031616,0.7119284272193909,0.6200242638587952,0.6410443186759949,4.0
777,1.0,1.0,1.0,1.0,1.0,1.0,0.7895023822784424,0.7849830985069275,0.7226279973983765,0.44002923369407654,0.5674482583999634,0.4495108425617218,0.0
778,1.0,1.0,1.0,1.0,1.0,1.0,0.8313432931900024,0.85027015209198,0.7884798645973206,0.530251145362854,0.4402039349079132,0.627738893032074,2.0
779,0.0,0.0,1.0,1.0,1.0,1.0,0.7312819361686707,0.8983506560325623,0.8505698442459106,0.6860013008117676,0.5635277032852173,0.6321583986282349,4.0
780,1.0,1.0,0.0,1.0,1.0,0.0,0.886109471321106,0.7560544013977051,0.5832371711730957,0.6116092205047607,0.578137218952179,0.6938157677650452,1.0
781,1.0,1.0,1.0,1.0,1.0,1.0,0.7889708876609802,0.8385339379310608,0.7933355569839478,0.6881157755851746,0.6130720376968384,0.6756691336631775,1.0
782,0.0,0.0,0.0,0.0,0.0,0.0,0.7654405832290649,0.769101619720459,0.5065116286277771,0.705163836479187,0.725605309009552,0.620125412940979,1.0
783,0.0,0.0,0.0,0.0,0.0,0.0,0.7236443161964417,0.8584974408149719,0.7240848541259766,0.5608841776847839,0.5765871405601501,0.5244824290275574,3.0
784,1.0,1.0,1.0,1.0,1.0,0.0,0.8219524025917053,0.8554556369781494,0.8118221759796143,0.5522751808166504,0.499994695186615,0.591100811958313,3.0
785,1.0,1.0,1.0,1.0,1.0,0.0,0.8240008354187012,0.7747564315795898,0.7706013917922974,0.5184007883071899,0.5254485607147217,0.4549322724342346,0.0
786,0.0,0.0,0.0,0.0,0.0,0.0,0.7382150888442993,0.7378957867622375,0.6036764979362488,0.6663030385971069,0.6489244103431702,0.6603235602378845,1.0
787,1.0,1.0,0.0,0.0,1.0,0.0,0.783633291721344,0.7362197041511536,0.5441489815711975,0.5248492360115051,0.5864619612693787,0.4980906844139099,0.0
788,0.0,0.0,0.0,0.0,0.0,0.0,0.6951779723167419,0.9000347256660461,0.8363192081451416,0.6106802821159363,0.5914275050163269,0.5665707588195801,2.0
789,0.0,0.0,0.0,0.0,0.0,0.0,0.7533860802650452,0.8529064059257507,0.6686105728149414,0.5573877096176147,0.5569264888763428,0.49839144945144653,3.0
790,1.0,1.0,1.0,1.0,1.0,0.0,0.8396099805831909,0.8363603949546814,0.7064946889877319,0.5348057150840759,0.5223569273948669,0.5910247564315796,3.0
791,1.0,1.0,1.0,1.0,1.0,0.0,0.8387897610664368,0.8304823040962219,0.8018683791160583,0.7122955918312073,0.574804425239563,0.6377744674682617,4.0
792,1.0,1.0,0.0,0.0,1.0,0.0,0.8905245661735535,0.732852041721344,0.4890347719192505,0.6091615557670593,0.6510385870933533,0.717621386051178,1.0
793,1.0,1.0,0.0,0.0,0.0,0.0,0.8951998353004456,0.8443840742111206,0.5759339928627014,0.4371146261692047,0.4123995304107666,0.6215630769729614,2.0
794,1.0,1.0,0.0,0.0,0.0,0.0,0.8376249670982361,0.8592411279678345,0.7252861261367798,0.5224319100379944,0.4804990291595459,0.5771489143371582,4.0
795,0.0,0.0,0.0,0.0,0.0,0.0,0.7160163521766663,0.857674777507782,0.7628945112228394,0.6670358180999756,0.516043484210968,0.5498000383377075,4.0
796,0.0,0.0,0.0,0.0,0.0,0.0,0.7147706151008606,0.8425888419151306,0.7050856351852417,0.6041651964187622,0.6508011817932129,0.5238571166992188,2.0
797,1.0,1.0,0.0,0.0,1.0,0.0,0.837647020816803,0.8452154397964478,0.5559200644493103,0.464231938123703,0.494159460067749,0.5634254813194275,4.0
798,1.0,1.0,0.0,0.0,1.0,0.0,0.8782294392585754,0.7215349078178406,0.3804899752140045,0.5632210969924927,0.6759028434753418,0.6900795102119446,1.0
799,1.0,1.0,1.0,1.0,1.0,1.0,0.8656541705131531,0.8677845001220703,0.7802027463912964,0.581898033618927,0.46340999007225037,0.6309857964515686,2.0
800,1.0,1.0,0.0,1.0,1.0,0.0,0.8107031583786011,0.8471617102622986,0.8038939833641052,0.6376125812530518,0.5432730317115784,0.6192578673362732,4.0
801,1.0,1.0,1.0,1.0,1.0,1.0,0.84257972240448,0.8464029431343079,0.7658619284629822,0.5837789177894592,0.5634583830833435,0.5558766722679138,3.0
802,0.0,0.0,0.0,0.0,0.0,0.0,0.7187480330467224,0.845880925655365,0.7126397490501404,0.6159730553627014,0.6468347907066345,0.4957391321659088,2.0
803,0.0,0.0,0.0,0.0,0.0,0.0,0.7149723768234253,0.8455439805984497,0.6902545094490051,0.5983863472938538,0.6892610788345337,0.5171106457710266,2.0
804,1.0,1.0,1.0,1.0,1.0,1.0,0.8231751918792725,0.8569875359535217,0.8136422634124756,0.5945613384246826,0.47914740443229675,0.602546751499176,4.0
805,1.0,1.0,0.0,0.0,1.0,0.0,0.898099422454834,0.8523722887039185,0.455465704202652,0.4267866611480713,0.5404836535453796,0.5540473461151123,4.0
806,1.0,1.0,1.0,1.0,1.0,1.0,0.727618932723999,0.9087653160095215,0.8823691010475159,0.6921473145484924,0.5634020566940308,0.6514205932617188,2.0
807,1.0,1.0,1.0,1.0,1.0,1.0,0.8664070963859558,0.7874494791030884,0.7182784676551819,0.652458906173706,0.5696093440055847,0.648419201374054,1.0
808,1.0,1.0,1.0,1.0,1.0,0.0,0.8210179209709167,0.7805187702178955,0.7607218623161316,0.5947903394699097,0.6185555458068848,0.499539315700531,0.0
809,1.0,1.0,0.0,0.0,1.0,0.0,0.8558014035224915,0.7403122782707214,0.6474407315254211,0.4130462408065796,0.5069168210029602,0.42123928666114807,0.0
810,1.0,1.0,0.0,0.0,0.0,0.0,0.914171040058136,0.7169406414031982,0.35431531071662903,0.5524942278862,0.6785111427307129,0.6859942078590393,1.0
811,1.0,1.0,0.0,0.0,0.0,0.0,0.8819575905799866,0.7337081432342529,0.3955436646938324,0.5795533657073975,0.7469962239265442,0.6521819233894348,1.0
812,1.0,1.0,1.0,1.0,1.0,1.0,0.7081001996994019,0.8921157121658325,0.845119059085846,0.6189064979553223,0.6133958101272583,0.6124244332313538,2.0
813,0.0,0.0,0.0,0.0,0.0,0.0,0.7465452551841736,0.8902396559715271,0.7813109755516052,0.6248295307159424,0.5284945368766785,0.538550853729248,2.0
814,0.0,1.0,1.0,1.0,1.0,1.0,0.6862448453903198,0.9170055389404297,0.8824272155761719,0.672815203666687,0.4733003079891205,0.6255979537963867,3.0
815,1.0,1.0,0.0,0.0,0.0,0.0,0.7786762118339539,0.8634552955627441,0.7722525000572205,0.5800264477729797,0.5192977786064148,0.5624374151229858,4.0
816,1.0,1.0,1.0,1.0,1.0,1.0,0.7086232304573059,0.8451411128044128,0.8302252292633057,0.6505102515220642,0.5098918080329895,0.7083131670951843,1.0
817,1.0,1.0,1.0,1.0,1.0,0.0,0.8212075233459473,0.776371419429779,0.8033514618873596,0.6572139263153076,0.568853497505188,0.48640716075897217,0.0
818,1.0,1.0,1.0,1.0,1.0,1.0,0.7509602904319763,0.7902480363845825,0.8215380907058716,0.6103562116622925,0.5189540386199951,0.47254592180252075,0.0
819,1.0,1.0,1.0,1.0,1.0,1.0,0.7935344576835632,0.8365584015846252,0.8071855306625366,0.6702719926834106,0.5739085674285889,0.7098205089569092,1.0
820,1.0,1.0,0.0,0.0,0.0,0.0,0.8806861639022827,0.7883061170578003,0.6997466683387756,0.6264017224311829,0.5880572199821472,0.7248730063438416,1.0
821,1.0,1.0,0.0,0.0,0.0,0.0,0.8320171236991882,0.8093897700309753,0.5926480889320374,0.47938376665115356,0.5374320149421692,0.5898115634918213,4.0
822,1.0,0.0,0.0,0.0,0.0,0.0,0.7863109111785889,0.8779004216194153,0.7734538316726685,0.6227509379386902,0.4501580595970154,0.5412014722824097,3.0
823,0.0,0.0,0.0,0.0,0.0,0.0,0.7452805638313293,0.8656131029129028,0.7054103016853333,0.6308457255363464,0.5072445869445801,0.5285122394561768,3.0
824,1.0,1.0,0.0,0.0,1.0,0.0,0.8524702191352844,0.8344348073005676,0.5377707481384277,0.5064581632614136,0.5033261775970459,0.5834062099456787,2.0
825,0.0,0.0,0.0,0.0,0.0,0.0,0.7445973753929138,0.8825008273124695,0.6925542950630188,0.5998886227607727,0.46953925490379333,0.5288602113723755,3.0
826,0.0,0.0,1.0,1.0,1.0,1.0,0.8102089166641235,0.8405918478965759,0.8035140037536621,0.5846027731895447,0.5313624739646912,0.6685948371887207,2.0
827,1.0,1.0,0.0,0.0,0.0,0.0,0.8895590901374817,0.8311556577682495,0.49634337425231934,0.4194934070110321,0.45244354009628296,0.5548458695411682,3.0
828,1.0,1.0,1.0,1.0,1.0,1.0,0.8527238965034485,0.8554530143737793,0.811061441898346,0.6606802344322205,0.5338699817657471,0.6308595538139343,3.0
829,0.0,0.0,0.0,0.0,0.0,0.0,0.7086353302001953,0.7840206623077393,0.753333330154419,0.6496610641479492,0.4806517958641052,0.5932496190071106,0.0
830,0.0,0.0,0.0,0.0,0.0,0.0,0.7172588109970093,0.8881357312202454,0.7815057635307312,0.7002027630805969,0.4684436023235321,0.5639863610267639,3.0
831,0.0,0.0,0.0,0.0,0.0,0.0,0.7235246896743774,0.8602943420410156,0.7660199403762817,0.6327097415924072,0.5375389456748962,0.5647215247154236,4.0
832,1.0,1.0,1.0,1.0,1.0,1.0,0.7840909957885742,0.7615095376968384,0.7902202010154724,0.6211507320404053,0.5568375587463379,0.4613301455974579,0.0
833,1.0,1.0,1.0,1.0,1.0,0.0,0.8250679969787598,0.8733975887298584,0.820057213306427,0.6138377785682678,0.5279484391212463,0.601168155670166,3.0
834,1.0,1.0,1.0,0.0,1.0,1.0,0.8439173698425293,0.8328954577445984,0.6112412810325623,0.6089975237846375,0.6624976992607117,0.704008936882019,2.0
835,0.0,0.0,0.0,0.0,1.0,0.0,0.7211304306983948,0.8551754951477051,0.7143104076385498,0.6040133237838745,0.5225909352302551,0.516419529914856,4.0
836,1.0,1.0,1.0,1.0,1.0,0.0,0.8286844491958618,0.7617619633674622,0.7675883173942566,0.6145151853561401,0.5832545161247253,0.4751962423324585,0.0
837,1.0,1.0,0.0,0.0,1.0,0.0,0.8639519810676575,0.8163534998893738,0.4963451325893402,0.4323403537273407,0.5754256248474121,0.5756860971450806,3.0
838,1.0,1.0,1.0,0.0,1.0,0.0,0.8456624746322632,0.7796840071678162,0.7451515793800354,0.591392993927002,0.512563943862915,0.6592632532119751,1.0
839,1.0,1.0,1.0,1.0,1.0,1.0,0.8679015636444092,0.785636305809021,0.6936134696006775,0.5887067914009094,0.5153800249099731,0.6625548005104065,1.0
840,1.0,1.0,1.0,1.0,1.0,1.0,0.8331431150436401,0.8415694832801819,0.7801925539970398,0.6570537090301514,0.5740606188774109,0.6454320549964905,4.0
841,1.0,1.0,0.0,0.0,1.0,0.0,0.8490068316459656,0.738440215587616,0.4397127628326416,0.3854953348636627,0.6816081404685974,0.5373418927192688,0.0
842,0.0,1.0,1.0,1.0,0.0,1.0,0.7700700759887695,0.827768862247467,0.7705026268959045,0.6848498582839966,0.5968416929244995,0.7147560119628906,1.0
843,1.0,1.0,1.0,1.0,1.0,1.0,0.8324897289276123,0.7911455631256104,0.7626147270202637,0.5815892219543457,0.49987325072288513,0.5102256536483765,0.0
844,0.0,0.0,0.0,0.0,0.0,0.0,0.7143154740333557,0.8490561842918396,0.710050106048584,0.5877540707588196,0.6052533388137817,0.5062451958656311,2.0
845,0.0,1.0,0.0,1.0,1.0,0.0,0.8131136298179626,0.8220431804656982,0.7547314763069153,0.6996876001358032,0.6344481110572815,0.6932910084724426,1.0
846,1.0,1.0,1.0,1.0,1.0,0.0,0.849705159664154,0.7638826370239258,0.7042586803436279,0.6186918020248413,0.537117600440979,0.6704180240631104,1.0
847,1.0,1.0,1.0,1.0,1.0,1.0,0.8511512279510498,0.8474709391593933,0.7621006369590759,0.6058523654937744,0.4858349561691284,0.6279557943344116,2.0
848,0.0,0.0,0.0,0.0,0.0,0.0,0.6951180100440979,0.8560482859611511,0.6922147870063782,0.6139241456985474,0.5922614932060242,0.47866687178611755,3.0
849,1.0,1.0,1.0,1.0,1.0,1.0,0.8722245097160339,0.8611692786216736,0.779457688331604,0.6279466152191162,0.499661922454834,0.6296996474266052,2.0
850,0.0,0.0,0.0,0.0,0.0,0.0,0.7378489971160889,0.863260805606842,0.699968159198761,0.6035860180854797,0.5677114725112915,0.4920576214790344,3.0
851,1.0,1.0,0.0,0.0,1.0,0.0,0.8497973680496216,0.8690471649169922,0.7944232821464539,0.5296465754508972,0.4758886396884918,0.5754497051239014,3.0
852,0.0,1.0,1.0,1.0,0.0,1.0,0.7027081251144409,0.8978209495544434,0.8604135513305664,0.6057398319244385,0.5435025691986084,0.6530814170837402,2.0
853,0.0,0.0,0.0,0.0,0.0,0.0,0.7415464520454407,0.8478456139564514,0.7135173082351685,0.6381018757820129,0.6617149710655212,0.593160092830658,3.0
854,1.0,1.0,0.0,0.0,1.0,0.0,0.8326705694198608,0.8382230997085571,0.6746521592140198,0.6045554876327515,0.6444026827812195,0.6742212176322937,4.0
855,1.0,1.0,1.0,1.0,1.0,0.0,0.8343858122825623,0.7892075777053833,0.7272261381149292,0.42035576701164246,0.5501178503036499,0.44720399379730225,0.0
856,1.0,1.0,1.0,1.0,1.0,0.0,0.841264545917511,0.8576849102973938,0.8051921725273132,0.6093769669532776,0.5326423645019531,0.6274961829185486,4.0
857,1.0,1.0,1.0,1.0,1.0,1.0,0.8496341705322266,0.8062160015106201,0.760421633720398,0.634450376033783,0.5132339000701904,0.6827632188796997,1.0
858,0.0,1.0,1.0,1.0,1.0,0.0,0.7417430281639099,0.9167563915252686,0.8736569881439209,0.6451658606529236,0.5269838571548462,0.6108148694038391,2.0
859,1.0,1.0,1.0,1.0,1.0,0.0,0.8425580859184265,0.764667272567749,0.7170608639717102,0.6360106468200684,0.5653871297836304,0.65091872215271,1.0
860,0.0,0.0,0.0,0.0,0.0,0.0,0.7074458599090576,0.8430923819541931,0.7221410870552063,0.6242622137069702,0.6135733723640442,0.5103375315666199,4.0
861,1.0,0.0,0.0,0.0,0.0,0.0,0.8490505814552307,0.7213307023048401,0.5554041266441345,0.6075593829154968,0.6245392560958862,0.6917997002601624,1.0
862,0.0,0.0,0.0,0.0,0.0,0.0,0.7253663539886475,0.8748877048492432,0.7825560569763184,0.5903852581977844,0.5489233136177063,0.5018940567970276,2.0
863,0.0,0.0,0.0,0.0,0.0,0.0,0.6652359366416931,0.8988021612167358,0.86655592918396,0.6203215718269348,0.42796966433525085,0.5985060334205627,4.0
864,1.0,1.0,1.0,0.0,0.0,0.0,0.7708723545074463,0.804975688457489,0.7539374828338623,0.5338243842124939,0.5334202647209167,0.5536268353462219,0.0
865,0.0,0.0,0.0,0.0,0.0,0.0,0.6907908916473389,0.7395904660224915,0.6519706845283508,0.6749864816665649,0.5878788232803345,0.6029318571090698,0.0
866,1.0,1.0,1.0,1.0,1.0,0.0,0.8522262573242188,0.8640052676200867,0.7969704270362854,0.6142053604125977,0.507937490940094,0.6360460519790649,3.0
867,0.0,0.0,0.0,0.0,0.0,0.0,0.7421407699584961,0.7631950974464417,0.5411168932914734,0.6835101246833801,0.7836252450942993,0.6849091649055481,1.0
868,0.0,0.0,0.0,0.0,0.0,0.0,0.7300694584846497,0.8426761031150818,0.7117089033126831,0.5964247584342957,0.5303483009338379,0.5438071489334106,3.0
869,1.0,0.0,0.0,0.0,0.0,0.0,0.8367655277252197,0.8199184536933899,0.5122146606445312,0.5162935853004456,0.6071550846099854,0.6371815800666809,2.0
870,0.0,0.0,0.0,0.0,0.0,0.0,0.7046621441841125,0.8205965161323547,0.7282370924949646,0.5383749604225159,0.499676913022995,0.5262321829795837,4.0
871,1.0,1.0,1.0,1.0,1.0,0.0,0.8449677228927612,0.8536353707313538,0.7717530131340027,0.6312314867973328,0.5328593850135803,0.5622595548629761,4.0
872,1.0,1.0,1.0,1.0,1.0,1.0,0.7042717933654785,0.8751429915428162,0.7817846536636353,0.6650742292404175,0.5924309492111206,0.6069761514663696,3.0
873,0.0,0.0,0.0,0.0,0.0,0.0,0.7519746422767639,0.7768795490264893,0.5304052829742432,0.687895655632019,0.7532785534858704,0.6934013962745667,1.0
874,1.0,1.0,1.0,1.0,0.0,0.0,0.8073548078536987,0.8153486847877502,0.7991895079612732,0.6527016758918762,0.6371082067489624,0.5872686505317688,0.0
875,1.0,1.0,1.0,1.0,1.0,1.0,0.8259782791137695,0.8472674489021301,0.8032367825508118,0.6319682002067566,0.540245771408081,0.6258301734924316,3.0
876,1.0,1.0,0.0,0.0,1.0,0.0,0.7956806421279907,0.8567711114883423,0.8035153150558472,0.7005221247673035,0.6055419445037842,0.6855072975158691,3.0
877,1.0,1.0,1.0,1.0,1.0,1.0,0.83629310131073,0.8603213429450989,0.7633811831474304,0.5746620297431946,0.5631025433540344,0.58138108253479,4.0
878,1.0,1.0,0.0,0.0,1.0,0.0,0.8408220410346985,0.8436980843544006,0.6385490894317627,0.5951669812202454,0.6429674625396729,0.6726645827293396,4.0
879,0.0,0.0,1.0,0.0,0.0,0.0,0.7415107488632202,0.8202196955680847,0.7665687203407288,0.6745920181274414,0.6297058463096619,0.7295486927032471,1.0
880,0.0,0.0,0.0,0.0,0.0,0.0,0.728341281414032,0.8392951488494873,0.7210613489151001,0.6074402928352356,0.5845518708229065,0.508247435092926,4.0
881,0.0,0.0,0.0,0.0,0.0,0.0,0.7317992448806763,0.8469836115837097,0.762669563293457,0.5278328061103821,0.5778411626815796,0.5280709862709045,2.0
882,1.0,0.0,0.0,1.0,1.0,1.0,0.766450822353363,0.8371960520744324,0.6374015808105469,0.5845036506652832,0.6018646955490112,0.6576315760612488,3.0
883,0.0,0.0,0.0,0.0,0.0,0.0,0.6612876057624817,0.8483561277389526,0.7165308594703674,0.6829245090484619,0.6081044673919678,0.49290731549263,4.0
884,1.0,1.0,1.0,0.0,1.0,0.0,0.8533170819282532,0.8310449719429016,0.6723668575286865,0.5617411136627197,0.5018292665481567,0.6354466080665588,3.0
885,0.0,1.0,0.0,1.0,1.0,0.0,0.8406389355659485,0.8205821514129639,0.5420302152633667,0.46909698843955994,0.6774011254310608,0.6298206448554993,3.0
886,0.0,0.0,0.0,0.0,1.0,0.0,0.6189327239990234,0.7644657492637634,0.6734079718589783,0.6654773354530334,0.5436858534812927,0.5425291061401367,0.0
887,0.0,0.0,1.0,0.0,0.0,0.0,0.6439091563224792,0.8371455669403076,0.8297232985496521,0.670093297958374,0.3995913565158844,0.5440438389778137,0.0
888,0.0,0.0,0.0,0.0,0.0,0.0,0.722941517829895,0.7688634991645813,0.6062297821044922,0.6801510453224182,0.7168625593185425,0.6637305617332458,1.0
889,0.0,0.0,0.0,0.0,0.0,0.0,0.7677547931671143,0.774391770362854,0.6094072461128235,0.686803936958313,0.6639388203620911,0.6751194596290588,1.0
890,0.0,0.0,0.0,0.0,0.0,0.0,0.7174509167671204,0.8675532937049866,0.7126166224479675,0.5726833343505859,0.5083173513412476,0.5258382558822632,3.0
891,0.0,0.0,0.0,0.0,0.0,0.0,0.6986744403839111,0.8276796936988831,0.7395648956298828,0.5975620150566101,0.6276466846466064,0.5663740038871765,4.0
892,1.0,1.0,1.0,1.0,1.0,0.0,0.8710739016532898,0.7637439370155334,0.61793452501297,0.553321123123169,0.5861454606056213,0.6417291760444641,1.0
893,1.0,1.0,0.0,0.0,1.0,0.0,0.8618379235267639,0.8155873417854309,0.7314178943634033,0.6180245876312256,0.5215970873832703,0.6003891229629517,2.0
894,0.0,0.0,0.0,0.0,0.0,0.0,0.7423345446586609,0.8736443519592285,0.7091915011405945,0.6296523213386536,0.49168047308921814,0.5110699534416199,3.0
895,1.0,1.0,0.0,0.0,1.0,0.0,0.8248066902160645,0.8407816290855408,0.6609004139900208,0.535544216632843,0.6030306220054626,0.579745888710022,3.0
896,0.0,1.0,0.0,1.0,1.0,0.0,0.6631565690040588,0.8503872752189636,0.7751669883728027,0.6359359622001648,0.48065057396888733,0.49871253967285156,4.0
897,0.0,0.0,1.0,0.0,0.0,1.0,0.6830817461013794,0.8855600357055664,0.8581415414810181,0.6607715487480164,0.5504039525985718,0.6521340608596802,4.0
898,1.0,1.0,0.0,0.0,1.0,0.0,0.8469043374061584,0.7527046203613281,0.4517095685005188,0.3817487359046936,0.623483419418335,0.452393114566803,0.0
899,1.0,1.0,0.0,0.0,1.0,0.0,0.8604041337966919,0.7496539950370789,0.44276106357574463,0.40209415555000305,0.6744502782821655,0.482481449842453,0.0
900,0.0,0.0,0.0,0.0,0.0,0.0,0.7752593755722046,0.7438724637031555,0.5026119947433472,0.6251104474067688,0.8046303987503052,0.6552408337593079,1.0
901,0.0,0.0,0.0,0.0,0.0,0.0,0.7923593521118164,0.721480667591095,0.4674493074417114,0.7160651087760925,0.7244501113891602,0.7123503684997559,1.0
902,1.0,1.0,0.0,0.0,0.0,0.0,0.8500531315803528,0.8476472496986389,0.7150349617004395,0.5081530809402466,0.5451313853263855,0.5721439123153687,3.0
903,1.0,1.0,0.0,1.0,1.0,1.0,0.8424543738365173,0.7432432770729065,0.6660420894622803,0.6628876328468323,0.6656493544578552,0.70487380027771,1.0
904,1.0,1.0,1.0,1.0,1.0,1.0,0.7610700726509094,0.8679442405700684,0.7950237989425659,0.6688119769096375,0.5832537412643433,0.7500489354133606,1.0
905,0.0,1.0,1.0,1.0,0.0,1.0,0.7226744294166565,0.851398229598999,0.7894726991653442,0.6628842949867249,0.5760244131088257,0.6998293995857239,1.0
906,1.0,1.0,1.0,1.0,1.0,0.0,0.8184528350830078,0.7743638157844543,0.7859483957290649,0.5935948491096497,0.530080258846283,0.46800774335861206,0.0
907,1.0,1.0,1.0,1.0,1.0,1.0,0.7272419333457947,0.8551411628723145,0.8293312788009644,0.6486947536468506,0.5645173192024231,0.6806636452674866,1.0
908,1.0,1.0,1.0,0.0,0.0,0.0,0.7805042266845703,0.8843331336975098,0.8361387252807617,0.5860409140586853,0.5040768384933472,0.6129632592201233,3.0
909,1.0,1.0,0.0,0.0,1.0,0.0,0.8646084666252136,0.8514041304588318,0.7126839756965637,0.48797714710235596,0.43801063299179077,0.5913012623786926,2.0
910,1.0,1.0,1.0,1.0,1.0,1.0,0.7783367037773132,0.8275355100631714,0.8241245746612549,0.6323693990707397,0.56617671251297,0.45579737424850464,0.0
911,1.0,1.0,0.0,0.0,1.0,0.0,0.7519769072532654,0.9183008074760437,0.8650234341621399,0.6782918572425842,0.456891268491745,0.6382721662521362,3.0
912,0.0,0.0,0.0,0.0,0.0,0.0,0.7779995799064636,0.9203314781188965,0.8469887375831604,0.6299304962158203,0.48876869678497314,0.581779956817627,3.0
913,0.0,1.0,1.0,1.0,0.0,0.0,0.7782526016235352,0.8883492350578308,0.8562248945236206,0.6556069850921631,0.5065709948539734,0.620885968208313,4.0
914,0.0,0.0,0.0,0.0,0.0,0.0,0.718931257724762,0.8357871174812317,0.6970289945602417,0.565133273601532,0.6491571068763733,0.44535031914711,2.0
915,1.0,1.0,1.0,1.0,1.0,1.0,0.716503381729126,0.8268669247627258,0.7957369685173035,0.6884744167327881,0.6188547015190125,0.5768964886665344,0.0
916,1.0,1.0,1.0,1.0,1.0,1.0,0.715121328830719,0.9239782094955444,0.8952053785324097,0.6260570287704468,0.48235684633255005,0.6122501492500305,2.0
917,1.0,1.0,1.0,1.0,1.0,1.0,0.7346025109291077,0.8287750482559204,0.8399356603622437,0.751730740070343,0.6123549342155457,0.651675283908844,1.0
918,0.0,0.0,0.0,0.0,0.0,0.0,0.7043778300285339,0.8867402672767639,0.806204080581665,0.5960564613342285,0.5176758766174316,0.5587416291236877,2.0
919,1.0,1.0,0.0,0.0,1.0,0.0,0.8794316053390503,0.8255971670150757,0.4685194194316864,0.4119088649749756,0.4438669979572296,0.5526859760284424,3.0
920,0.0,0.0,0.0,0.0,0.0,0.0,0.7432399392127991,0.8786134123802185,0.7674946784973145,0.6930942535400391,0.45247095823287964,0.5368266105651855,3.0
921,1.0,1.0,1.0,0.0,1.0,0.0,0.7365652918815613,0.8103804588317871,0.7764998078346252,0.4744695723056793,0.483856737613678,0.4239438474178314,0.0
922,1.0,1.0,0.0,0.0,1.0,0.0,0.8861647248268127,0.7424861192703247,0.4218346178531647,0.5444273948669434,0.6371025443077087,0.6439086198806763,1.0
923,1.0,1.0,1.0,0.0,0.0,0.0,0.8435488343238831,0.812357485294342,0.7358852028846741,0.6165820956230164,0.535916805267334,0.6539722681045532,1.0
924,0.0,1.0,1.0,1.0,1.0,0.0,0.8435325622558594,0.8328515291213989,0.7992544174194336,0.658093273639679,0.5721118450164795,0.6075063347816467,3.0
925,1.0,1.0,0.0,0.0,0.0,0.0,0.8635876178741455,0.840940535068512,0.7124995589256287,0.5196827054023743,0.3978847861289978,0.6255115866661072,2.0
926,0.0,0.0,0.0,0.0,0.0,0.0,0.8064681887626648,0.8341792821884155,0.6412047743797302,0.489834725856781,0.5040323734283447,0.5537503957748413,2.0
927,0.0,0.0,0.0,0.0,0.0,0.0,0.7320899963378906,0.8580249547958374,0.6843892335891724,0.5852240920066833,0.46878424286842346,0.4703638553619385,3.0
928,1.0,1.0,1.0,1.0,1.0,0.0,0.8525824546813965,0.837195873260498,0.7808787822723389,0.6048017144203186,0.5279500484466553,0.6288455724716187,4.0
929,0.0,0.0,0.0,0.0,0.0,0.0,0.7303049564361572,0.8626302480697632,0.7752929925918579,0.701113224029541,0.47536006569862366,0.5409114360809326,4.0
930,0.0,0.0,1.0,0.0,0.0,0.0,0.6802977323532104,0.901280403137207,0.8502434492111206,0.6301472783088684,0.4821442663669586,0.6001653075218201,2.0
931,0.0,0.0,0.0,0.0,0.0,0.0,0.6479400396347046,0.7936441898345947,0.8139290809631348,0.6831331253051758,0.5042818784713745,0.6053197383880615,0.0
932,1.0,1.0,1.0,1.0,1.0,1.0,0.8049454092979431,0.7806248068809509,0.7942080497741699,0.5497716665267944,0.48724043369293213,0.4527679681777954,0.0
933,1.0,1.0,0.0,0.0,1.0,1.0,0.8484818339347839,0.8001309633255005,0.489882230758667,0.44158896803855896,0.613134503364563,0.647875964641571,3.0
934,1.0,1.0,0.0,0.0,1.0,0.0,0.8742226958274841,0.8333003520965576,0.4939420521259308,0.45827338099479675,0.5671376585960388,0.5835769176483154,3.0
935,1.0,0.0,0.0,0.0,1.0,1.0,0.7288586497306824,0.9055497646331787,0.8637056350708008,0.6241444945335388,0.4532768428325653,0.6199451684951782,3.0
936,0.0,0.0,1.0,0.0,0.0,1.0,0.7626861929893494,0.8737636208534241,0.8377727270126343,0.6570179462432861,0.5198432207107544,0.6376309990882874,2.0
937,1.0,1.0,1.0,1.0,1.0,0.0,0.838318407535553,0.7947073578834534,0.734768807888031,0.6262790560722351,0.5704406499862671,0.6198852062225342,1.0
938,1.0,1.0,1.0,1.0,1.0,1.0,0.6962724328041077,0.8589112162590027,0.8327137231826782,0.6690638065338135,0.5371008515357971,0.7255571484565735,1.0
939,0.0,0.0,0.0,0.0,0.0,0.0,0.7766332626342773,0.7520551085472107,0.5564659833908081,0.6849743723869324,0.7341509461402893,0.6911954283714294,1.0
940,1.0,1.0,1.0,1.0,1.0,1.0,0.8042595386505127,0.806817889213562,0.812625527381897,0.5688937306404114,0.48214757442474365,0.5051263570785522,0.0
941,0.0,0.0,0.0,0.0,0.0,0.0,0.7374681234359741,0.8444992899894714,0.7136293053627014,0.5584552884101868,0.6973551511764526,0.5814099907875061,2.0
942,1.0,1.0,1.0,1.0,1.0,1.0,0.8607025742530823,0.7862855195999146,0.6884139776229858,0.6662657260894775,0.6196682453155518,0.6783402562141418,1.0
943,1.0,1.0,0.0,1.0,1.0,0.0,0.7905607223510742,0.7337263822555542,0.4899523854255676,0.724690318107605,0.7693445086479187,0.7486209273338318,1.0
944,1.0,1.0,1.0,1.0,1.0,1.0,0.8749639391899109,0.8405659794807434,0.7520867586135864,0.5821213126182556,0.518313467502594,0.5964632630348206,2.0
945,1.0,1.0,1.0,1.0,1.0,1.0,0.8352523446083069,0.8760475516319275,0.8086149096488953,0.5087315440177917,0.44414737820625305,0.5809828639030457,3.0
946,0.0,0.0,0.0,0.0,0.0,0.0,0.7511864304542542,0.7829141616821289,0.5854838490486145,0.667110025882721,0.7524349093437195,0.68398118019104,1.0
947,0.0,0.0,0.0,0.0,0.0,0.0,0.7706284523010254,0.8596985936164856,0.740082323551178,0.6466119289398193,0.49095648527145386,0.6203970313072205,3.0
948,1.0,1.0,1.0,1.0,1.0,1.0,0.6343209147453308,0.880081832408905,0.8503010272979736,0.6855697631835938,0.4240018129348755,0.5919806957244873,0.0
949,1.0,1.0,1.0,1.0,1.0,1.0,0.631180465221405,0.8170604705810547,0.845999538898468,0.6613468527793884,0.49606558680534363,0.5412846803665161,0.0
950,1.0,1.0,0.0,0.0,0.0,0.0,0.8705407381057739,0.7809106111526489,0.5976465940475464,0.42723050713539124,0.5562512278556824,0.47624504566192627,0.0
951,0.0,0.0,0.0,0.0,0.0,0.0,0.7605376243591309,0.8642955422401428,0.7019060850143433,0.5957744121551514,0.4838397800922394,0.4509696960449219,4.0
952,1.0,1.0,0.0,0.0,0.0,0.0,0.8550457954406738,0.7487014532089233,0.36536404490470886,0.375645250082016,0.6028324961662292,0.40630826354026794,0.0
953,1.0,1.0,0.0,0.0,1.0,0.0,0.8232359290122986,0.848852276802063,0.5573254227638245,0.46879494190216064,0.5296699404716492,0.5795623660087585,3.0
954,0.0,0.0,0.0,0.0,0.0,0.0,0.7831758856773376,0.852504551410675,0.7146569490432739,0.6265039443969727,0.5792019367218018,0.6083173751831055,4.0
955,0.0,0.0,0.0,0.0,0.0,0.0,0.7186143398284912,0.8941441178321838,0.845226526260376,0.6567857265472412,0.5070822834968567,0.6308624148368835,4.0
956,0.0,0.0,0.0,0.0,0.0,0.0,0.6644774675369263,0.9039739370346069,0.8622682690620422,0.6562578678131104,0.5243961811065674,0.5310117602348328,4.0
957,0.0,1.0,1.0,1.0,0.0,1.0,0.7200169563293457,0.9045343399047852,0.860731840133667,0.6380704641342163,0.45382678508758545,0.5898808240890503,4.0
958,1.0,1.0,0.0,0.0,1.0,0.0,0.8547886610031128,0.8220142126083374,0.5655630826950073,0.48241305351257324,0.543411910533905,0.574838399887085,3.0
959,0.0,0.0,0.0,0.0,0.0,0.0,0.7346069812774658,0.8738026022911072,0.6898151636123657,0.5775908827781677,0.5569518208503723,0.5169951319694519,3.0
960,1.0,1.0,1.0,1.0,1.0,1.0,0.8254848122596741,0.8668140769004822,0.8077904582023621,0.6376657485961914,0.5588852167129517,0.6198228597640991,4.0
961,0.0,1.0,1.0,1.0,0.0,1.0,0.7187443971633911,0.8994665145874023,0.8705728054046631,0.6523539423942566,0.49591976404190063,0.6003445386886597,3.0
962,0.0,0.0,0.0,0.0,0.0,0.0,0.7264187932014465,0.8382909893989563,0.6840001940727234,0.6265266537666321,0.7075901627540588,0.5762611031532288,2.0
963,1.0,1.0,1.0,1.0,1.0,1.0,0.8005810976028442,0.7709836363792419,0.7473121881484985,0.48094940185546875,0.5522227883338928,0.43133795261383057,0.0
964,1.0,1.0,0.0,0.0,1.0,0.0,0.8717817068099976,0.7871783971786499,0.6845371723175049,0.5456968545913696,0.5083431005477905,0.6670160889625549,1.0
965,1.0,1.0,0.0,1.0,1.0,0.0,0.850746214389801,0.8516784906387329,0.766510009765625,0.5146951079368591,0.4085727334022522,0.6320492625236511,2.0
966,1.0,1.0,0.0,0.0,1.0,0.0,0.8977530598640442,0.8462928533554077,0.47283366322517395,0.41153639554977417,0.4433865249156952,0.5865203142166138,2.0
967,0.0,0.0,0.0,0.0,0.0,0.0,0.7443651556968689,0.8622855544090271,0.670098066329956,0.5993624329566956,0.5021023154258728,0.47462889552116394,3.0
968,1.0,1.0,1.0,1.0,1.0,1.0,0.7648194432258606,0.8134323954582214,0.8075697422027588,0.4719627797603607,0.496850848197937,0.44607260823249817,0.0
969,1.0,0.0,0.0,0.0,0.0,0.0,0.8060381412506104,0.8359677791595459,0.5986459851264954,0.5129871964454651,0.6332871913909912,0.5882352590560913,3.0
970,1.0,1.0,1.0,0.0,1.0,0.0,0.8781247138977051,0.8527098894119263,0.6529903411865234,0.4825805127620697,0.5160120129585266,0.5690959095954895,3.0
971,1.0,1.0,1.0,1.0,1.0,1.0,0.7364312410354614,0.9361969232559204,0.8555576205253601,0.629603385925293,0.49740076065063477,0.583963930606842,3.0
972,1.0,1.0,1.0,1.0,1.0,1.0,0.8190104961395264,0.8562377095222473,0.8237391710281372,0.6097164750099182,0.502144992351532,0.5879403948783875,4.0
973,1.0,1.0,1.0,1.0,1.0,0.0,0.881849467754364,0.7621614933013916,0.6734243035316467,0.6007579565048218,0.5579978823661804,0.6491783261299133,1.0
974,0.0,0.0,0.0,0.0,0.0,0.0,0.7216134667396545,0.8656317591667175,0.7482587695121765,0.6384308338165283,0.48538538813591003,0.5350470542907715,2.0
975,0.0,0.0,0.0,0.0,0.0,0.0,0.7161738276481628,0.8535347580909729,0.7691514492034912,0.6359650492668152,0.5995532274246216,0.5996650457382202,4.0
976,1.0,1.0,0.0,0.0,1.0,0.0,0.8824025392532349,0.8403090834617615,0.7510553598403931,0.5226226449012756,0.4613482356071472,0.6354240775108337,2.0
977,1.0,1.0,0.0,0.0,1.0,0.0,0.8577722907066345,0.859939455986023,0.7781888246536255,0.6120325922966003,0.5710650086402893,0.6170290112495422,3.0
978,0.0,0.0,0.0,0.0,0.0,0.0,0.7299787998199463,0.8489512801170349,0.7365036010742188,0.5964080691337585,0.5738094449043274,0.49734896421432495,2.0
979,0.0,0.0,0.0,0.0,0.0,0.0,0.7169365286827087,0.8423502445220947,0.7614567875862122,0.5815213918685913,0.6250049471855164,0.5627779364585876,2.0
980,1.0,1.0,0.0,0.0,1.0,0.0,0.8794237971305847,0.8325943350791931,0.46796658635139465,0.42668479681015015,0.4532175064086914,0.5545588731765747,3.0
981,1.0,1.0,0.0,1.0,1.0,0.0,0.8319377303123474,0.847831130027771,0.7640703320503235,0.6398233771324158,0.5536364912986755,0.6184527277946472,4.0
982,1.0,1.0,1.0,1.0,1.0,1.0,0.781441330909729,0.8457694053649902,0.8033866286277771,0.6720826625823975,0.5680541396141052,0.6825089454650879,1.0
983,1.0,1.0,0.0,1.0,1.0,1.0,0.8495191335678101,0.8294472098350525,0.7472810745239258,0.6304183602333069,0.5570785999298096,0.6881963014602661,1.0
984,1.0,1.0,1.0,1.0,1.0,1.0,0.7851350903511047,0.7930806875228882,0.7822033762931824,0.5103906393051147,0.5645423531532288,0.483252614736557,0.0
985,1.0,1.0,1.0,0.0,0.0,0.0,0.8493729829788208,0.7850632667541504,0.7025344967842102,0.5699521899223328,0.5377223491668701,0.6440626382827759,1.0
986,0.0,0.0,0.0,0.0,0.0,0.0,0.6910351514816284,0.8466090559959412,0.762553334236145,0.634076714515686,0.6520753502845764,0.5659610033035278,2.0
987,0.0,0.0,0.0,0.0,0.0,0.0,0.6778258681297302,0.7620872259140015,0.6269888877868652,0.5674771070480347,0.46386319398880005,0.5002734065055847,0.0
988,1.0,1.0,1.0,1.0,1.0,0.0,0.8746963143348694,0.8386687636375427,0.722269594669342,0.5995948910713196,0.5384342074394226,0.6036374568939209,2.0
989,1.0,1.0,0.0,0.0,1.0,1.0,0.8271891474723816,0.7260768413543701,0.5610746741294861,0.6892812252044678,0.7952820658683777,0.7255690097808838,1.0
990,1.0,1.0,1.0,1.0,1.0,0.0,0.8522849082946777,0.8500617146492004,0.7735288739204407,0.6213844418525696,0.5050076842308044,0.6004533767700195,2.0
991,1.0,1.0,0.0,0.0,1.0,0.0,0.859363853931427,0.8154277801513672,0.5818637609481812,0.504356861114502,0.5863766074180603,0.6357325315475464,3.0
992,1.0,0.0,0.0,0.0,1.0,1.0,0.7547566890716553,0.8433189988136292,0.6656213998794556,0.5883783102035522,0.6310528516769409,0.6092081069946289,3.0
993,1.0,1.0,0.0,0.0,1.0,0.0,0.8326720595359802,0.7698330879211426,0.5361047983169556,0.40106201171875,0.40325674414634705,0.44609248638153076,0.0
994,1.0,1.0,1.0,1.0,1.0,1.0,0.8674423098564148,0.8555928468704224,0.7548310160636902,0.5319585204124451,0.47304877638816833,0.6251758933067322,2.0
995,1.0,1.0,1.0,1.0,1.0,0.0,0.8240360617637634,0.8586170673370361,0.8293396234512329,0.6929044723510742,0.5262637138366699,0.6033499240875244,4.0
996,0.0,1.0,1.0,1.0,0.0,1.0,0.6903776526451111,0.9224010109901428,0.8841226696968079,0.6295263171195984,0.4725892245769501,0.598958432674408,3.0
997,1.0,1.0,1.0,1.0,1.0,1.0,0.8613113164901733,0.7850829362869263,0.7257264852523804,0.6211388111114502,0.5376453995704651,0.6550878286361694,1.0
998,1.0,1.0,1.0,1.0,0.0,1.0,0.6418933868408203,0.8670446276664734,0.8407497406005859,0.6635410189628601,0.46785733103752136,0.6083726286888123,0.0
999,1.0,1.0,0.0,0.0,0.0,0.0,0.891597330570221,0.7347974181175232,0.34158918261528015,0.5226152539253235,0.6324639320373535,0.6427926421165466,1.0
1000,1.0,1.0,0.0,0.0,0.0,0.0,0.8609893321990967,0.7610011100769043,0.36728188395500183,0.3476603925228119,0.584425151348114,0.41122984886169434,0.0
1001,1.0,1.0,1.0,1.0,1.0,1.0,0.8457409143447876,0.773047149181366,0.7387352585792542,0.7166218757629395,0.5868052840232849,0.6818702816963196,1.0
1002,1.0,1.0,1.0,0.0,1.0,0.0,0.8496053218841553,0.864719808101654,0.7579248547554016,0.5441100001335144,0.5065601468086243,0.5946040749549866,3.0
1003,1.0,1.0,1.0,1.0,1.0,1.0,0.7286551594734192,0.9259621500968933,0.8668386936187744,0.6573123335838318,0.5548022389411926,0.6437730193138123,3.0
1004,1.0,1.0,1.0,1.0,1.0,0.0,0.8545700311660767,0.7771266102790833,0.7299898862838745,0.6656062602996826,0.5709285736083984,0.6859731674194336,1.0
1005,1.0,1.0,0.0,0.0,1.0,0.0,0.8714408278465271,0.7356612682342529,0.5429154634475708,0.5139545202255249,0.5913906693458557,0.6493228077888489,1.0
1006,1.0,1.0,0.0,0.0,1.0,0.0,0.8587700724601746,0.8278201818466187,0.44920721650123596,0.4850957691669464,0.5384312868118286,0.6484991908073425,2.0
1007,1.0,1.0,1.0,0.0,1.0,1.0,0.8610658645629883,0.762686550617218,0.6475424766540527,0.591427743434906,0.5663097500801086,0.6680781245231628,1.0
1008,1.0,1.0,1.0,1.0,1.0,0.0,0.8811154961585999,0.8659551739692688,0.7455930113792419,0.47756627202033997,0.5195615291595459,0.5931330323219299,3.0
1009,1.0,1.0,1.0,1.0,1.0,0.0,0.8105898499488831,0.7979108691215515,0.760302722454071,0.48998066782951355,0.5710387825965881,0.44796693325042725,0.0
1010,1.0,1.0,0.0,0.0,0.0,0.0,0.8851287961006165,0.8226065635681152,0.5283989310264587,0.4978828430175781,0.5478262901306152,0.6171051859855652,2.0
1011,1.0,1.0,0.0,0.0,1.0,0.0,0.8632152676582336,0.8427037000656128,0.6452224254608154,0.4703475832939148,0.5333213806152344,0.5555553436279297,3.0
1012,0.0,1.0,1.0,0.0,0.0,1.0,0.7104495763778687,0.890454888343811,0.8809096217155457,0.6702630519866943,0.4675256907939911,0.6394075751304626,4.0
1013,0.0,0.0,0.0,0.0,0.0,0.0,0.6588436365127563,0.8524302244186401,0.7096744179725647,0.665786862373352,0.6246572136878967,0.5555878281593323,2.0
1014,1.0,1.0,1.0,1.0,1.0,1.0,0.8166738748550415,0.8326622843742371,0.8258064389228821,0.6772010326385498,0.5549026131629944,0.6270601749420166,4.0
1015,1.0,1.0,0.0,0.0,1.0,1.0,0.7769628763198853,0.8431794047355652,0.6430745720863342,0.5970726609230042,0.5279277563095093,0.6434425115585327,3.0
1016,1.0,1.0,1.0,1.0,1.0,1.0,0.7704512476921082,0.9118074774742126,0.8708803057670593,0.6952729225158691,0.48816102743148804,0.6264404058456421,4.0
1017,1.0,1.0,1.0,1.0,1.0,0.0,0.8413607478141785,0.8543845415115356,0.7971847653388977,0.6518640518188477,0.541480541229248,0.5954201817512512,4.0
1018,0.0,1.0,1.0,1.0,0.0,1.0,0.7069002985954285,0.8675767183303833,0.8145742416381836,0.6252741813659668,0.5481528639793396,0.6247586607933044,1.0
1019,1.0,1.0,0.0,0.0,0.0,0.0,0.8631142973899841,0.8560238480567932,0.7200841903686523,0.5506532192230225,0.5456900596618652,0.5877278447151184,3.0
1020,1.0,1.0,1.0,1.0,1.0,1.0,0.792343258857727,0.8893113732337952,0.8612416982650757,0.6412426233291626,0.5212715864181519,0.6283566951751709,4.0
1021,1.0,1.0,0.0,0.0,0.0,0.0,0.8730211853981018,0.826277494430542,0.4440855383872986,0.42286741733551025,0.616595983505249,0.5994309782981873,4.0
1022,1.0,1.0,1.0,1.0,1.0,0.0,0.8688222169876099,0.8400494456291199,0.7656286954879761,0.5856526494026184,0.4937749207019806,0.6260524988174438,2.0
1023,1.0,1.0,0.0,0.0,1.0,0.0,0.8315873146057129,0.8262556195259094,0.6232715249061584,0.48656463623046875,0.4695107638835907,0.5903657674789429,2.0
1024,1.0,1.0,0.0,0.0,1.0,0.0,0.8711555004119873,0.8311733603477478,0.477524995803833,0.40297630429267883,0.5345257520675659,0.5807661414146423,3.0
1025,1.0,1.0,1.0,1.0,1.0,1.0,0.8590724468231201,0.8459517955780029,0.7150686979293823,0.6017684936523438,0.5900821685791016,0.6238877177238464,4.0
1026,0.0,0.0,0.0,0.0,0.0,0.0,0.6402392983436584,0.826383650302887,0.6741358637809753,0.6766941547393799,0.5499621033668518,0.5289539694786072,0.0
1027,1.0,1.0,0.0,0.0,1.0,0.0,0.8622139692306519,0.7222685813903809,0.41183727979660034,0.5617657899856567,0.7452085018157959,0.6870550513267517,1.0
1028,0.0,0.0,0.0,0.0,0.0,0.0,0.7062749266624451,0.9054309725761414,0.8726962804794312,0.6342534422874451,0.4863038957118988,0.6047377586364746,4.0
1029,1.0,1.0,0.0,0.0,0.0,0.0,0.8787049651145935,0.8284270763397217,0.6317452788352966,0.48069265484809875,0.5086507797241211,0.644600510597229,2.0
1030,0.0,0.0,0.0,0.0,0.0,0.0,0.6130422353744507,0.7579168081283569,0.616539478302002,0.6070873737335205,0.46959149837493896,0.5132472515106201,0.0
1031,0.0,1.0,1.0,1.0,0.0,1.0,0.7343100905418396,0.9156101942062378,0.8735747337341309,0.6325475573539734,0.46828529238700867,0.6046789884567261,3.0
1032,1.0,1.0,1.0,1.0,0.0,1.0,0.7087477445602417,0.9119585752487183,0.8760859370231628,0.6335519552230835,0.4649011790752411,0.6121515035629272,3.0
1033,0.0,0.0,0.0,0.0,0.0,0.0,0.6404582858085632,0.7933475375175476,0.682098388671875,0.5860013961791992,0.4489704966545105,0.49922406673431396,0.0
1034,0.0,0.0,0.0,0.0,0.0,0.0,0.727007269859314,0.744659423828125,0.5591714978218079,0.6950191855430603,0.7938010096549988,0.6727124452590942,1.0
1035,1.0,1.0,1.0,1.0,1.0,0.0,0.8393268585205078,0.8485408425331116,0.743532121181488,0.5930066704750061,0.5115850567817688,0.635870099067688,3.0
1036,1.0,0.0,0.0,0.0,0.0,0.0,0.8796544075012207,0.7299074530601501,0.4398452043533325,0.5431069135665894,0.6793758869171143,0.6748865842819214,1.0
1037,1.0,0.0,0.0,0.0,0.0,0.0,0.8665745258331299,0.7849952578544617,0.6735386848449707,0.5527063012123108,0.5687211155891418,0.6584444046020508,1.0
1038,1.0,1.0,0.0,0.0,1.0,0.0,0.8617363572120667,0.8669145107269287,0.7252692580223083,0.5201325416564941,0.48668405413627625,0.5779263377189636,4.0
1039,1.0,1.0,0.0,0.0,0.0,0.0,0.8671414852142334,0.8198928236961365,0.4946294128894806,0.44481000304222107,0.5865848660469055,0.5910136103630066,3.0
1040,1.0,1.0,1.0,1.0,1.0,0.0,0.8290178775787354,0.7808613181114197,0.7263058423995972,0.5654709935188293,0.5612008571624756,0.5227775573730469,0.0
1041,0.0,0.0,0.0,0.0,0.0,0.0,0.7483900785446167,0.8407489657402039,0.7292609810829163,0.5617634654045105,0.5533303618431091,0.5976031422615051,2.0
1042,1.0,1.0,1.0,1.0,0.0,0.0,0.8395671844482422,0.8604910373687744,0.8051124215126038,0.5940145254135132,0.519612193107605,0.6182677745819092,3.0
1043,0.0,0.0,0.0,0.0,0.0,0.0,0.7286691069602966,0.8618412613868713,0.6947306990623474,0.5747542381286621,0.6472154855728149,0.5173162221908569,2.0
1044,1.0,1.0,1.0,1.0,1.0,0.0,0.8479026556015015,0.8553643822669983,0.7662644982337952,0.5604095458984375,0.5310211777687073,0.5608329772949219,4.0
1045,0.0,0.0,0.0,0.0,0.0,0.0,0.7022796869277954,0.8511357307434082,0.7526108622550964,0.6698102355003357,0.523799479007721,0.49778008460998535,4.0
1046,1.0,1.0,1.0,0.0,0.0,0.0,0.8948240876197815,0.8390034437179565,0.737809419631958,0.5627833008766174,0.5167812705039978,0.6447250843048096,2.0
1047,1.0,1.0,0.0,0.0,1.0,0.0,0.8297080993652344,0.7189490795135498,0.504061222076416,0.47494038939476013,0.6512432098388672,0.5599339604377747,0.0
1048,1.0,1.0,0.0,0.0,0.0,0.0,0.8354942798614502,0.8580527901649475,0.7863394618034363,0.5382872223854065,0.4385125935077667,0.6134559512138367,3.0
1049,0.0,1.0,1.0,1.0,0.0,1.0,0.726261556148529,0.8378981947898865,0.8178870677947998,0.5515846610069275,0.5284411907196045,0.5701879858970642,0.0
1050,1.0,1.0,1.0,1.0,1.0,0.0,0.6332462430000305,0.8590641617774963,0.8595055937767029,0.6837000846862793,0.48814284801483154,0.6497273445129395,0.0
1051,0.0,0.0,0.0,0.0,0.0,0.0,0.673392117023468,0.8267725706100464,0.7442193031311035,0.6315624117851257,0.6116698384284973,0.4911717176437378,4.0
1052,1.0,1.0,1.0,0.0,0.0,1.0,0.8427146077156067,0.8013769388198853,0.7404295802116394,0.5963392853736877,0.487362265586853,0.6672937273979187,1.0
1053,1.0,1.0,1.0,1.0,1.0,0.0,0.9017750024795532,0.7410604357719421,0.6597766876220703,0.6671379804611206,0.6323691010475159,0.6678740978240967,1.0
1054,0.0,0.0,0.0,0.0,0.0,0.0,0.642271876335144,0.7613597512245178,0.6450330018997192,0.6727375984191895,0.5779989957809448,0.5466963052749634,0.0
1055,0.0,0.0,0.0,0.0,0.0,0.0,0.7758517861366272,0.8482051491737366,0.7666326761245728,0.571208655834198,0.5607115626335144,0.6325870752334595,2.0
1056,0.0,0.0,0.0,0.0,0.0,0.0,0.7897473573684692,0.8392903208732605,0.6760458946228027,0.5004717707633972,0.557319164276123,0.5575094819068909,4.0
1057,0.0,0.0,0.0,0.0,0.0,0.0,0.6791529655456543,0.7798398733139038,0.6128665208816528,0.603192925453186,0.5262273550033569,0.5398303866386414,0.0
1058,1.0,1.0,1.0,1.0,1.0,1.0,0.7765328288078308,0.8911342024803162,0.8660812377929688,0.6740589141845703,0.5197731256484985,0.6438639163970947,2.0
1059,1.0,1.0,1.0,1.0,1.0,1.0,0.8522908687591553,0.8657880425453186,0.741278350353241,0.5715930461883545,0.5165358185768127,0.6102537512779236,4.0
1060,1.0,1.0,0.0,0.0,1.0,0.0,0.874273955821991,0.8374761343002319,0.483432799577713,0.44717568159103394,0.5412651300430298,0.6684130430221558,4.0
1061,1.0,1.0,1.0,1.0,1.0,0.0,0.8584513664245605,0.8437781929969788,0.7271412014961243,0.5313281416893005,0.5055581331253052,0.6417970061302185,2.0
1062,1.0,1.0,0.0,0.0,1.0,0.0,0.8737049102783203,0.8404960632324219,0.6774159073829651,0.5153670310974121,0.5742939710617065,0.5788898468017578,3.0
1063,0.0,0.0,0.0,0.0,0.0,0.0,0.7248827219009399,0.8466475605964661,0.7048740983009338,0.5527155995368958,0.6036807894706726,0.48950478434562683,2.0
1064,1.0,1.0,0.0,0.0,0.0,0.0,0.8514856100082397,0.8276485800743103,0.5345785617828369,0.4012770354747772,0.4538787007331848,0.5422695875167847,4.0
1065,0.0,1.0,1.0,1.0,1.0,0.0,0.6599500775337219,0.8751062154769897,0.7945170402526855,0.6359555125236511,0.5009533762931824,0.5282440781593323,3.0
1066,1.0,1.0,0.0,0.0,1.0,0.0,0.8798341751098633,0.8563238382339478,0.6609168648719788,0.46456179022789,0.519806981086731,0.5750342011451721,3.0
1067,1.0,1.0,0.0,0.0,1.0,0.0,0.892316997051239,0.8346296548843384,0.45051005482673645,0.4324105381965637,0.47355493903160095,0.5409836769104004,3.0
1068,0.0,0.0,0.0,0.0,0.0,0.0,0.7640600204467773,0.83786541223526,0.6935995817184448,0.6487909555435181,0.5702306032180786,0.5827406644821167,3.0
1069,1.0,1.0,0.0,1.0,1.0,0.0,0.8395739197731018,0.8501431941986084,0.7468516230583191,0.5519240498542786,0.5568979978561401,0.5753645300865173,3.0
1070,1.0,1.0,0.0,1.0,1.0,0.0,0.8179861903190613,0.8580719232559204,0.7789263725280762,0.5074624419212341,0.4848893880844116,0.5759557485580444,3.0
1071,0.0,0.0,0.0,0.0,0.0,0.0,0.7096310257911682,0.8401101231575012,0.7779731750488281,0.5753045082092285,0.5344809889793396,0.531861424446106,4.0
1072,0.0,0.0,0.0,0.0,0.0,0.0,0.7186436653137207,0.8609507083892822,0.7122276425361633,0.5828694105148315,0.5841987133026123,0.5391731858253479,3.0
1073,1.0,1.0,1.0,1.0,1.0,1.0,0.8225125670433044,0.7911598682403564,0.7353573441505432,0.5972636938095093,0.5151881575584412,0.6401900053024292,1.0
1074,1.0,1.0,1.0,1.0,1.0,1.0,0.768327534198761,0.809405505657196,0.8281483054161072,0.6386884450912476,0.5374884009361267,0.5068681240081787,0.0
1075,0.0,0.0,0.0,0.0,0.0,0.0,0.7402204871177673,0.8480628132820129,0.6876102089881897,0.5963314175605774,0.6857205629348755,0.6124774813652039,2.0
1076,0.0,0.0,0.0,0.0,0.0,0.0,0.721168041229248,0.8589704036712646,0.7472388744354248,0.6533457636833191,0.5296773314476013,0.4929203987121582,4.0
1077,0.0,0.0,0.0,0.0,0.0,0.0,0.7678492665290833,0.882544994354248,0.7613443732261658,0.6191230416297913,0.4508867859840393,0.5981823801994324,3.0
1078,0.0,0.0,0.0,0.0,0.0,0.0,0.6380202174186707,0.8598873615264893,0.7866382002830505,0.6235402822494507,0.3945380747318268,0.5554224848747253,0.0
1079,1.0,1.0,0.0,0.0,1.0,0.0,0.8725429773330688,0.7543084025382996,0.6611225008964539,0.6552097201347351,0.6200608015060425,0.6867510676383972,1.0
1080,0.0,0.0,0.0,0.0,0.0,0.0,0.7158405184745789,0.8576483726501465,0.8035898208618164,0.6637943983078003,0.5347595810890198,0.5771333575248718,3.0
1081,1.0,1.0,0.0,0.0,1.0,0.0,0.863368034362793,0.8406886458396912,0.6755211353302002,0.5412133932113647,0.47851860523223877,0.6113407015800476,3.0
1082,1.0,1.0,1.0,1.0,1.0,1.0,0.8362919688224792,0.8333393335342407,0.8059168457984924,0.6670801043510437,0.5433505177497864,0.6146723628044128,4.0
1083,1.0,1.0,1.0,1.0,1.0,1.0,0.774403989315033,0.782156765460968,0.7683892250061035,0.5857838988304138,0.653272807598114,0.5219180583953857,0.0
1084,1.0,1.0,1.0,1.0,1.0,1.0,0.7827743887901306,0.756453812122345,0.7253106832504272,0.645065188407898,0.6951755285263062,0.5985440611839294,0.0
1085,0.0,0.0,0.0,0.0,0.0,0.0,0.6198683977127075,0.7763566374778748,0.7858026027679443,0.6716963052749634,0.5033086538314819,0.5979607105255127,0.0
1086,1.0,1.0,1.0,1.0,0.0,1.0,0.7960881590843201,0.8663926124572754,0.8476080894470215,0.6708970069885254,0.6062766909599304,0.6381575465202332,4.0
1087,1.0,1.0,1.0,1.0,1.0,1.0,0.852466344833374,0.8610177040100098,0.7826424241065979,0.5650340914726257,0.48203808069229126,0.5964290499687195,2.0
1088,0.0,0.0,0.0,0.0,0.0,0.0,0.716294527053833,0.8297152519226074,0.7498452663421631,0.5446562170982361,0.6057112216949463,0.543178379535675,2.0
1089,1.0,1.0,0.0,0.0,1.0,0.0,0.8887895345687866,0.7367453575134277,0.42662352323532104,0.603780210018158,0.6821568012237549,0.6614928841590881,1.0
1090,1.0,1.0,0.0,1.0,1.0,0.0,0.6560817956924438,0.7318357229232788,0.7501564025878906,0.7149289846420288,0.49159201979637146,0.5919418334960938,0.0
1091,1.0,1.0,1.0,1.0,1.0,0.0,0.8603896498680115,0.7212105393409729,0.6913523077964783,0.6693468689918518,0.5275929570198059,0.6304563879966736,1.0
1092,0.0,1.0,1.0,1.0,0.0,1.0,0.6674065589904785,0.9109813570976257,0.8783215284347534,0.6463853716850281,0.4813489615917206,0.645233690738678,3.0
1093,0.0,0.0,1.0,1.0,0.0,1.0,0.6414647698402405,0.9072667956352234,0.8881264925003052,0.5807549357414246,0.42189645767211914,0.585884153842926,2.0
1094,1.0,1.0,0.0,0.0,0.0,0.0,0.8963358402252197,0.8332827091217041,0.511983335018158,0.4619426727294922,0.4304977357387543,0.6269139647483826,2.0
1095,1.0,1.0,1.0,1.0,1.0,0.0,0.8866559863090515,0.8645883798599243,0.7633850574493408,0.5960420966148376,0.552226722240448,0.6008374691009521,4.0
1096,0.0,1.0,1.0,1.0,0.0,0.0,0.7086740136146545,0.9316335320472717,0.8466013669967651,0.6646071672439575,0.5718472599983215,0.6256555914878845,2.0
1097,1.0,1.0,1.0,0.0,0.0,0.0,0.8849915266036987,0.8697608709335327,0.7391754984855652,0.495540589094162,0.5485989451408386,0.5883659720420837,3.0
1098,1.0,1.0,0.0,0.0,0.0,0.0,0.8468804955482483,0.8666676878929138,0.8161582946777344,0.5897674560546875,0.46203938126564026,0.6035051345825195,3.0
1099,1.0,1.0,1.0,1.0,1.0,0.0,0.8454832434654236,0.8622756600379944,0.8135808706283569,0.6630102396011353,0.4870718717575073,0.6370774507522583,3.0
1100,1.0,1.0,1.0,1.0,1.0,1.0,0.7990705966949463,0.9186043739318848,0.8632128238677979,0.651978611946106,0.5327557921409607,0.5457098484039307,2.0
1101,1.0,1.0,1.0,1.0,1.0,1.0,0.7637077569961548,0.8272577524185181,0.8268454670906067,0.6889452338218689,0.5606954097747803,0.6729923486709595,1.0
1102,1.0,1.0,1.0,1.0,1.0,0.0,0.726171612739563,0.8392521142959595,0.7194419503211975,0.5863396525382996,0.6764144897460938,0.6027299761772156,2.0
1103,0.0,0.0,1.0,0.0,0.0,1.0,0.6665323972702026,0.8535411357879639,0.851979672908783,0.6618382334709167,0.42655861377716064,0.5827807784080505,0.0
1104,1.0,1.0,1.0,0.0,1.0,0.0,0.8293882608413696,0.8945592641830444,0.7934578657150269,0.5482082366943359,0.5009017586708069,0.5943978428840637,4.0
1105,0.0,0.0,0.0,1.0,0.0,0.0,0.7811588644981384,0.8159592151641846,0.7723706364631653,0.6606370210647583,0.678530752658844,0.7106472253799438,1.0
1106,0.0,0.0,0.0,0.0,0.0,0.0,0.7596346735954285,0.8877654075622559,0.8146223425865173,0.6295205354690552,0.42232054471969604,0.5608788728713989,3.0
1107,1.0,1.0,0.0,0.0,1.0,0.0,0.8585450649261475,0.7586803436279297,0.6180260181427002,0.6259448528289795,0.6551471948623657,0.7066464424133301,1.0
1108,0.0,0.0,0.0,0.0,0.0,0.0,0.7636123299598694,0.7491501569747925,0.5223472118377686,0.7027165293693542,0.7342916131019592,0.6586910486221313,1.0
1109,1.0,1.0,1.0,1.0,1.0,1.0,0.7334033846855164,0.9015302062034607,0.8699472546577454,0.6853519678115845,0.5061629414558411,0.6343656778335571,4.0
1110,1.0,1.0,1.0,1.0,0.0,1.0,0.8530986905097961,0.8647342324256897,0.8065423965454102,0.5759199857711792,0.5053646564483643,0.6492748856544495,2.0
1111,1.0,1.0,1.0,1.0,1.0,1.0,0.7098165154457092,0.9215710759162903,0.8932817578315735,0.6111444234848022,0.49712520837783813,0.5674227476119995,2.0
1112,1.0,0.0,0.0,0.0,0.0,0.0,0.7854066491127014,0.7228718996047974,0.645858645439148,0.6429240703582764,0.6111013889312744,0.5673149228096008,0.0
1113,1.0,1.0,1.0,1.0,1.0,0.0,0.8772861361503601,0.8350603580474854,0.7321992516517639,0.5599319338798523,0.4920344054698944,0.6165984869003296,2.0
1114,1.0,1.0,1.0,1.0,1.0,1.0,0.8849266171455383,0.829805850982666,0.7470090389251709,0.5843197107315063,0.5219148993492126,0.6282294988632202,2.0
1115,0.0,0.0,1.0,0.0,0.0,0.0,0.6975235939025879,0.9136035442352295,0.870424211025238,0.5922842621803284,0.43154823780059814,0.6061052083969116,3.0
1116,1.0,1.0,0.0,0.0,1.0,0.0,0.894209623336792,0.7261242866516113,0.3992839753627777,0.5803033709526062,0.626573383808136,0.6682167053222656,1.0
1117,1.0,1.0,0.0,0.0,1.0,0.0,0.9015117287635803,0.8368459939956665,0.4229649603366852,0.45500674843788147,0.6084503531455994,0.6064037680625916,2.0
1118,0.0,0.0,0.0,0.0,0.0,0.0,0.7413961887359619,0.7926528453826904,0.5844714045524597,0.6793456673622131,0.6711593866348267,0.7206208109855652,1.0
1119,1.0,1.0,0.0,0.0,0.0,0.0,0.84990394115448,0.8318042159080505,0.5395829677581787,0.39972180128097534,0.5144433379173279,0.5467835068702698,3.0
1120,0.0,0.0,0.0,0.0,0.0,0.0,0.7366321086883545,0.8440872430801392,0.734233021736145,0.6299309134483337,0.6466382741928101,0.5613914132118225,2.0
1121,0.0,0.0,0.0,0.0,0.0,0.0,0.6489103436470032,0.745672345161438,0.6959877610206604,0.5749963521957397,0.535841703414917,0.5123072862625122,0.0
1122,0.0,0.0,0.0,0.0,0.0,0.0,0.7690488696098328,0.8686955571174622,0.7396569848060608,0.6083124279975891,0.4271102845668793,0.5310598015785217,4.0
1123,0.0,0.0,0.0,0.0,0.0,0.0,0.7393887639045715,0.8414533138275146,0.722583532333374,0.5837897658348083,0.5652421116828918,0.5319194197654724,4.0
1124,1.0,1.0,1.0,1.0,1.0,1.0,0.7980395555496216,0.8044620156288147,0.6756882071495056,0.4319000840187073,0.6226179003715515,0.461001992225647,0.0
1125,0.0,0.0,1.0,0.0,0.0,0.0,0.7297987341880798,0.7961976528167725,0.736681342124939,0.6745177507400513,0.6006273031234741,0.6525654792785645,1.0
1126,0.0,1.0,1.0,1.0,1.0,1.0,0.7415582537651062,0.91339111328125,0.8798771500587463,0.6892667412757874,0.5232836604118347,0.5952682495117188,4.0
1127,1.0,1.0,0.0,1.0,1.0,0.0,0.7673850655555725,0.8654014468193054,0.7713219523429871,0.715491771697998,0.5169963836669922,0.6313153505325317,3.0
1128,1.0,1.0,1.0,0.0,1.0,0.0,0.8149217963218689,0.845716118812561,0.7944825291633606,0.5120092630386353,0.500016450881958,0.6077104806900024,3.0
1129,1.0,1.0,0.0,1.0,1.0,0.0,0.84459388256073,0.8467991352081299,0.697586178779602,0.5480677485466003,0.5750973224639893,0.5782282948493958,4.0
1130,1.0,1.0,1.0,1.0,1.0,1.0,0.7451783418655396,0.8891409039497375,0.8756601810455322,0.6959047913551331,0.5139661431312561,0.5805811285972595,4.0
1131,0.0,1.0,0.0,1.0,1.0,0.0,0.6383872628211975,0.8147025108337402,0.7887940406799316,0.6838180422782898,0.49427080154418945,0.5790302753448486,0.0
1132,1.0,1.0,1.0,1.0,1.0,0.0,0.7978785634040833,0.803540050983429,0.8123033046722412,0.6424915790557861,0.5572564005851746,0.5115790367126465,0.0
1133,0.0,0.0,0.0,0.0,0.0,0.0,0.7391887903213501,0.8521111011505127,0.7858144640922546,0.5838615298271179,0.5086493492126465,0.5833459496498108,2.0
1134,1.0,1.0,1.0,0.0,0.0,0.0,0.7162193059921265,0.7978569865226746,0.7618242502212524,0.5490344166755676,0.4710206687450409,0.5293285846710205,0.0
1135,0.0,0.0,0.0,0.0,0.0,0.0,0.6984042525291443,0.8506919741630554,0.7263566255569458,0.6264414191246033,0.5953288078308105,0.4869540333747864,4.0
1136,1.0,1.0,0.0,0.0,1.0,0.0,0.886310875415802,0.833052933216095,0.4475036561489105,0.4123932421207428,0.5609801411628723,0.5583019256591797,4.0
1137,0.0,0.0,0.0,0.0,0.0,0.0,0.7110069990158081,0.865459680557251,0.7061706781387329,0.6409950852394104,0.5478110909461975,0.5235394239425659,3.0
1138,1.0,1.0,1.0,1.0,1.0,1.0,0.6957305073738098,0.8084362149238586,0.8330729603767395,0.5745395421981812,0.4384395480155945,0.44996821880340576,0.0
1139,1.0,1.0,1.0,1.0,1.0,1.0,0.8358967304229736,0.860072135925293,0.7756741642951965,0.5229942202568054,0.523665726184845,0.5326169729232788,3.0
1140,1.0,0.0,0.0,0.0,0.0,0.0,0.7733677625656128,0.8791291117668152,0.7805308103561401,0.5613554120063782,0.5065042972564697,0.5663492679595947,2.0
1141,0.0,0.0,0.0,0.0,0.0,0.0,0.7308730483055115,0.8746565580368042,0.6972528100013733,0.6432738900184631,0.4837791621685028,0.5422990322113037,3.0
1142,1.0,1.0,1.0,0.0,1.0,0.0,0.8808814883232117,0.8333009481430054,0.6538432240486145,0.5132850408554077,0.49454307556152344,0.6216589212417603,2.0
1143,0.0,0.0,0.0,0.0,0.0,0.0,0.7104005813598633,0.8340710401535034,0.6905554533004761,0.6085714101791382,0.6308555006980896,0.5234801769256592,4.0
1144,1.0,1.0,1.0,1.0,1.0,0.0,0.880983829498291,0.7491348385810852,0.7208475470542908,0.6715808510780334,0.5908651947975159,0.6765397787094116,1.0
1145,1.0,1.0,1.0,1.0,1.0,1.0,0.8544356226921082,0.8553315997123718,0.7918152809143066,0.6070135235786438,0.46856680512428284,0.6619312167167664,2.0
1146,1.0,1.0,0.0,0.0,0.0,0.0,0.9115471839904785,0.8379252552986145,0.5350819826126099,0.4413536787033081,0.4894661009311676,0.6348981261253357,2.0
1147,1.0,0.0,0.0,0.0,0.0,0.0,0.770880401134491,0.8595505952835083,0.7281615734100342,0.6076362729072571,0.4958033561706543,0.5722222924232483,4.0
1148,1.0,1.0,1.0,1.0,1.0,0.0,0.8176886439323425,0.8552206754684448,0.8140645027160645,0.6466765403747559,0.5005282163619995,0.6483775973320007,3.0
1149,1.0,1.0,0.0,1.0,1.0,0.0,0.8416922688484192,0.8590878248214722,0.7870402336120605,0.5723080039024353,0.5368442535400391,0.5596675872802734,3.0
1150,1.0,0.0,0.0,0.0,0.0,0.0,0.8391298055648804,0.849216639995575,0.5941562652587891,0.48746711015701294,0.539756178855896,0.5938279032707214,3.0
1151,1.0,1.0,1.0,1.0,1.0,0.0,0.854941725730896,0.8596935868263245,0.7626706957817078,0.5661894679069519,0.4714820086956024,0.626265823841095,2.0
1152,0.0,0.0,0.0,0.0,0.0,0.0,0.7387514114379883,0.8586581349372864,0.7384093403816223,0.5863738656044006,0.4556538760662079,0.503628134727478,4.0
1153,1.0,1.0,1.0,1.0,1.0,1.0,0.8213005661964417,0.8485444784164429,0.7922998070716858,0.6476835608482361,0.54293292760849,0.6125408411026001,4.0
1154,0.0,0.0,0.0,0.0,0.0,0.0,0.6937031745910645,0.8791031241416931,0.8369434475898743,0.6327842473983765,0.38694489002227783,0.529205858707428,4.0
1155,1.0,1.0,1.0,1.0,1.0,1.0,0.7288016676902771,0.7917311191558838,0.8342800736427307,0.6557344794273376,0.4751285910606384,0.5111392140388489,0.0
1156,1.0,1.0,1.0,1.0,1.0,1.0,0.7213605642318726,0.845923900604248,0.8199344277381897,0.6678364276885986,0.5396722555160522,0.756755530834198,1.0
1157,1.0,1.0,1.0,1.0,1.0,1.0,0.8328570127487183,0.7867857813835144,0.7353576421737671,0.6074814200401306,0.5182679891586304,0.6383984684944153,1.0
1158,0.0,0.0,0.0,0.0,0.0,0.0,0.6788898706436157,0.8513651490211487,0.7396780252456665,0.6512884497642517,0.575772762298584,0.5033968687057495,4.0
1159,1.0,1.0,1.0,1.0,1.0,0.0,0.854326069355011,0.8573718070983887,0.7587618827819824,0.6101779341697693,0.529478132724762,0.6304265260696411,2.0
1160,0.0,1.0,0.0,0.0,1.0,0.0,0.7787571549415588,0.884141206741333,0.8544341325759888,0.6590172648429871,0.5454555153846741,0.5941968560218811,2.0
1161,0.0,0.0,0.0,0.0,0.0,0.0,0.7702338099479675,0.7751633524894714,0.5630896091461182,0.6719754338264465,0.7362748980522156,0.6673781871795654,1.0
1162,0.0,0.0,1.0,0.0,0.0,0.0,0.7264902591705322,0.9005470871925354,0.8895437121391296,0.7123839855194092,0.4763343930244446,0.6337315440177917,4.0
1163,0.0,1.0,1.0,1.0,0.0,1.0,0.7253304719924927,0.9176327586174011,0.8826802372932434,0.6453425884246826,0.4497305452823639,0.603513240814209,3.0
1164,1.0,1.0,1.0,1.0,0.0,0.0,0.6643342971801758,0.8279542326927185,0.8438736796379089,0.6589829921722412,0.495008260011673,0.6155924797058105,0.0
1165,0.0,0.0,0.0,0.0,0.0,0.0,0.7767894864082336,0.7580360174179077,0.5936216115951538,0.6909820437431335,0.6656312346458435,0.6757506132125854,1.0
1166,0.0,0.0,0.0,0.0,0.0,0.0,0.7021193504333496,0.9069222211837769,0.8479196429252625,0.6219424605369568,0.4322277009487152,0.540510892868042,3.0
1167,0.0,0.0,0.0,0.0,0.0,0.0,0.7306094765663147,0.8578179478645325,0.6966667175292969,0.561180591583252,0.49010616540908813,0.515853226184845,3.0
1168,0.0,0.0,0.0,0.0,0.0,0.0,0.7667282223701477,0.81092369556427,0.7965425848960876,0.6787452101707458,0.5580311417579651,0.6995112299919128,1.0
1169,0.0,0.0,0.0,0.0,0.0,0.0,0.6251946687698364,0.8074637651443481,0.8498364090919495,0.6977390050888062,0.5553852915763855,0.5501991510391235,0.0
1170,0.0,0.0,0.0,0.0,0.0,0.0,0.7713612914085388,0.8617227077484131,0.75840824842453,0.6000549793243408,0.3745798170566559,0.5771070122718811,3.0
1171,1.0,1.0,1.0,1.0,1.0,1.0,0.8187360763549805,0.8402868509292603,0.8132534623146057,0.6484761238098145,0.5543164014816284,0.5900082588195801,4.0
1172,1.0,1.0,1.0,1.0,1.0,1.0,0.8629181981086731,0.8513386845588684,0.7758204936981201,0.6150709986686707,0.4727587103843689,0.5986063480377197,2.0
1173,0.0,0.0,0.0,0.0,0.0,0.0,0.8044683337211609,0.7597882151603699,0.5579472780227661,0.6129642724990845,0.7815864682197571,0.7272700667381287,1.0
1174,1.0,1.0,0.0,0.0,0.0,0.0,0.8249765038490295,0.8344786763191223,0.6832576990127563,0.48457446694374084,0.5008894205093384,0.6228748559951782,2.0
1175,1.0,1.0,1.0,0.0,1.0,0.0,0.8451072573661804,0.781925618648529,0.7018054127693176,0.564883291721344,0.4992920756340027,0.6570999622344971,1.0
1176,1.0,1.0,1.0,1.0,1.0,1.0,0.6467341184616089,0.9173111915588379,0.8893344402313232,0.5826703906059265,0.5020991563796997,0.5971001982688904,2.0
1177,0.0,1.0,1.0,1.0,1.0,1.0,0.7471703886985779,0.8981584906578064,0.847949743270874,0.6300662755966187,0.5505442023277283,0.665103018283844,2.0
1178,1.0,1.0,1.0,1.0,1.0,1.0,0.8035420775413513,0.7556566596031189,0.7986598014831543,0.6011660099029541,0.5801213979721069,0.4985722601413727,0.0
1179,1.0,1.0,1.0,1.0,1.0,0.0,0.8840914368629456,0.772742748260498,0.7260587811470032,0.6384759545326233,0.5335493087768555,0.6866958737373352,1.0
1180,1.0,1.0,1.0,1.0,1.0,1.0,0.7111848592758179,0.9147576689720154,0.8711512684822083,0.6499586701393127,0.5137799978256226,0.6025493144989014,4.0
1181,1.0,1.0,1.0,1.0,1.0,0.0,0.7868349552154541,0.8061944246292114,0.7682891488075256,0.5431841015815735,0.5743842124938965,0.45902371406555176,0.0
1182,1.0,1.0,1.0,1.0,0.0,1.0,0.5669981837272644,0.8706350326538086,0.8659582138061523,0.6103178262710571,0.4258788526058197,0.6085831522941589,0.0
1183,1.0,1.0,1.0,1.0,0.0,1.0,0.7423232793807983,0.8914421796798706,0.8737037777900696,0.704278290271759,0.5188949704170227,0.6523672938346863,4.0
1184,1.0,1.0,1.0,1.0,1.0,0.0,0.8471097946166992,0.8544959425926208,0.7987069487571716,0.6176396608352661,0.48723092675209045,0.5917242765426636,4.0
1185,1.0,1.0,0.0,1.0,1.0,0.0,0.8700156211853027,0.8419809341430664,0.7558016180992126,0.6102668046951294,0.5126404166221619,0.610198438167572,2.0
1186,0.0,0.0,0.0,0.0,1.0,0.0,0.7090065479278564,0.8197012543678284,0.7179214954376221,0.5622026920318604,0.6529667973518372,0.5630541443824768,4.0
1187,1.0,1.0,1.0,1.0,1.0,0.0,0.7882847189903259,0.8210058212280273,0.8072053790092468,0.5517988801002502,0.539328396320343,0.4911487102508545,0.0
1188,0.0,0.0,0.0,0.0,0.0,0.0,0.5695344805717468,0.7609265446662903,0.7040003538131714,0.6702334880828857,0.4815441966056824,0.5762828588485718,0.0
1189,1.0,1.0,1.0,1.0,1.0,1.0,0.769612193107605,0.7629207372665405,0.801464319229126,0.59180748462677,0.5610986351966858,0.46237996220588684,0.0
1190,0.0,0.0,0.0,0.0,0.0,0.0,0.6685619354248047,0.785711944103241,0.58890700340271,0.5688134431838989,0.5109305381774902,0.47990527749061584,0.0
1191,1.0,1.0,1.0,1.0,1.0,0.0,0.7937018871307373,0.7678292393684387,0.7871508002281189,0.5245611667633057,0.5554115176200867,0.4693808853626251,0.0
1192,0.0,0.0,0.0,0.0,0.0,0.0,0.7319695949554443,0.7631819844245911,0.5434761047363281,0.6998746991157532,0.8258472681045532,0.7011400461196899,1.0
1193,0.0,0.0,0.0,0.0,0.0,0.0,0.6930985450744629,0.8467846512794495,0.7237985730171204,0.6266273856163025,0.6243882775306702,0.5020142197608948,2.0
1194,1.0,1.0,0.0,1.0,0.0,1.0,0.8397316932678223,0.8651818037033081,0.7965115308761597,0.5633602142333984,0.5170971751213074,0.5860271453857422,4.0
1195,1.0,1.0,1.0,1.0,1.0,1.0,0.79548579454422,0.9110384583473206,0.8387934565544128,0.5545111894607544,0.553208589553833,0.5847180485725403,3.0
1196,0.0,0.0,0.0,0.0,0.0,0.0,0.8812149167060852,0.7723729014396667,0.5215287804603577,0.5938231348991394,0.7196926474571228,0.707555890083313,1.0
1197,1.0,1.0,0.0,0.0,1.0,0.0,0.8472689390182495,0.7785347104072571,0.6218569874763489,0.6722856163978577,0.7126907110214233,0.731564462184906,1.0
1198,0.0,1.0,1.0,1.0,0.0,1.0,0.692717969417572,0.9249092936515808,0.8936371803283691,0.582253098487854,0.4562605619430542,0.5550445914268494,2.0
1199,0.0,0.0,0.0,0.0,0.0,0.0,0.7311526536941528,0.8623057007789612,0.6707199811935425,0.5519641637802124,0.5231241583824158,0.5408836603164673,3.0
1200,1.0,1.0,1.0,1.0,1.0,0.0,0.8183291554450989,0.7693448662757874,0.7741034626960754,0.5683763027191162,0.5604380965232849,0.4397183060646057,0.0
1201,1.0,1.0,0.0,0.0,0.0,0.0,0.8247573375701904,0.7501277923583984,0.4661417007446289,0.3979491889476776,0.5720234513282776,0.4452710449695587,0.0
1202,1.0,1.0,1.0,1.0,1.0,1.0,0.8519769906997681,0.8160320520401001,0.7215278148651123,0.6176571249961853,0.6258940696716309,0.6842218637466431,1.0
1203,0.0,0.0,0.0,0.0,0.0,0.0,0.733048141002655,0.7565348148345947,0.5825941562652588,0.6823853254318237,0.6764737963676453,0.6180058717727661,1.0
1204,0.0,1.0,0.0,0.0,0.0,0.0,0.7879902720451355,0.7799805998802185,0.7866405248641968,0.5769501328468323,0.5122096538543701,0.5215542316436768,0.0
1205,1.0,1.0,1.0,1.0,1.0,0.0,0.848361074924469,0.8670464754104614,0.7353314161300659,0.48531603813171387,0.5480666756629944,0.5416056513786316,3.0
1206,1.0,1.0,0.0,0.0,1.0,0.0,0.8910776972770691,0.7554417252540588,0.6019943952560425,0.5506976246833801,0.5150989294052124,0.6553233861923218,1.0
1207,1.0,1.0,0.0,0.0,1.0,0.0,0.8841370344161987,0.839775562286377,0.5030273795127869,0.4253084063529968,0.5139216780662537,0.5773645639419556,4.0
1208,0.0,1.0,1.0,1.0,1.0,1.0,0.6402199268341064,0.8633700013160706,0.8643355965614319,0.6993702054023743,0.47715526819229126,0.6284834146499634,0.0
1209,0.0,0.0,0.0,0.0,0.0,0.0,0.7557399868965149,0.7640223503112793,0.5680596232414246,0.6772443056106567,0.7654812932014465,0.6899511814117432,1.0
1210,1.0,1.0,1.0,1.0,1.0,0.0,0.802495539188385,0.7494524717330933,0.7843227386474609,0.6279671788215637,0.5461038947105408,0.4756317734718323,0.0
1211,1.0,1.0,0.0,0.0,0.0,0.0,0.8803046345710754,0.8325059413909912,0.4715218245983124,0.41960906982421875,0.49177268147468567,0.6035670638084412,2.0
1212,0.0,0.0,0.0,0.0,0.0,0.0,0.7676846385002136,0.8681517243385315,0.6952952742576599,0.5881874561309814,0.40571320056915283,0.5552152395248413,3.0
1213,1.0,1.0,0.0,1.0,1.0,0.0,0.8365544080734253,0.8572237491607666,0.8101087212562561,0.6208537220954895,0.4995286166667938,0.5903996229171753,3.0
1214,0.0,0.0,0.0,0.0,0.0,0.0,0.7817159295082092,0.7949573993682861,0.5648635029792786,0.6984989047050476,0.6889781355857849,0.7271132469177246,1.0
1215,0.0,0.0,0.0,0.0,0.0,0.0,0.6725565195083618,0.8216008543968201,0.7165483236312866,0.6377812623977661,0.636776864528656,0.5537977814674377,4.0
1216,1.0,1.0,0.0,1.0,1.0,0.0,0.8665754199028015,0.8423640131950378,0.7582560777664185,0.5712026357650757,0.4820496141910553,0.62183678150177,2.0
1217,1.0,1.0,1.0,0.0,1.0,0.0,0.8876366019248962,0.8390787839889526,0.6926335692405701,0.5453449487686157,0.4992072582244873,0.6468178033828735,2.0
1218,0.0,0.0,0.0,0.0,0.0,0.0,0.7162242531776428,0.8440752625465393,0.7583286762237549,0.670098602771759,0.5692459940910339,0.6018924117088318,4.0
1219,0.0,0.0,0.0,0.0,0.0,0.0,0.7596861124038696,0.8437525629997253,0.7135224938392639,0.5987407565116882,0.4842391312122345,0.5738944411277771,3.0
1220,1.0,1.0,1.0,1.0,1.0,0.0,0.8625662922859192,0.8055157661437988,0.6633683443069458,0.6175485849380493,0.5790995955467224,0.679898738861084,2.0
1221,0.0,1.0,1.0,1.0,1.0,0.0,0.7926887273788452,0.7704082131385803,0.5824340581893921,0.6507694125175476,0.770270586013794,0.6866397857666016,1.0
1222,1.0,1.0,0.0,1.0,1.0,0.0,0.8989014625549316,0.7572110295295715,0.63230961561203,0.6798458695411682,0.5908147096633911,0.6733455061912537,1.0
1223,1.0,1.0,0.0,0.0,1.0,0.0,0.8453357219696045,0.7514411211013794,0.6463883519172668,0.6225048899650574,0.5747998356819153,0.6810697913169861,1.0
1224,1.0,1.0,0.0,1.0,1.0,0.0,0.8678475022315979,0.8502689599990845,0.5049557685852051,0.4610559046268463,0.4633592665195465,0.5967965126037598,4.0
1225,1.0,1.0,0.0,0.0,0.0,0.0,0.8040711283683777,0.8461055755615234,0.7527276873588562,0.5113875269889832,0.4030558168888092,0.6328805685043335,2.0
1226,0.0,1.0,1.0,1.0,1.0,1.0,0.7145407199859619,0.9203404784202576,0.8772297501564026,0.6191611289978027,0.4578840434551239,0.5971644520759583,3.0
1227,0.0,0.0,0.0,0.0,1.0,0.0,0.7132844924926758,0.8502517938613892,0.7273395657539368,0.646286129951477,0.6339602470397949,0.5040850639343262,2.0
1228,1.0,1.0,1.0,1.0,1.0,1.0,0.8534544706344604,0.77425616979599,0.7452153563499451,0.7065586447715759,0.5855786800384521,0.705589234828949,1.0
1229,1.0,1.0,1.0,1.0,1.0,0.0,0.8641085624694824,0.8413504958152771,0.799625813961029,0.6185551881790161,0.4514691233634949,0.6209108829498291,2.0
1230,0.0,0.0,0.0,0.0,0.0,0.0,0.5859040021896362,0.7744650840759277,0.723933219909668,0.638439953327179,0.5390259623527527,0.5505627989768982,0.0
1231,1.0,1.0,0.0,0.0,1.0,0.0,0.8598536252975464,0.7626461982727051,0.671126127243042,0.6380738615989685,0.6113998889923096,0.7017402052879333,1.0
1232,1.0,1.0,1.0,1.0,1.0,0.0,0.8656027317047119,0.8638272881507874,0.7719478011131287,0.5711632370948792,0.43020573258399963,0.6019858121871948,2.0
1233,1.0,1.0,1.0,1.0,1.0,1.0,0.8329837918281555,0.8735032677650452,0.8133899569511414,0.559852123260498,0.512027382850647,0.5889751315116882,3.0
1234,1.0,1.0,1.0,1.0,1.0,0.0,0.8834808468818665,0.8257722854614258,0.715434730052948,0.5797847509384155,0.5119848847389221,0.648866593837738,2.0
1235,1.0,1.0,1.0,1.0,1.0,1.0,0.8884400129318237,0.7674018740653992,0.693274974822998,0.6497664451599121,0.5498554706573486,0.6337940096855164,1.0
1236,1.0,1.0,1.0,1.0,1.0,1.0,0.7594106793403625,0.8678650259971619,0.810199499130249,0.6442804932594299,0.5686113834381104,0.6989853382110596,1.0
1237,1.0,1.0,1.0,1.0,1.0,1.0,0.7967383861541748,0.839955747127533,0.8121017217636108,0.6376453042030334,0.5747969150543213,0.6738254427909851,1.0
1238,1.0,1.0,1.0,1.0,1.0,0.0,0.8411710858345032,0.8423829078674316,0.7529406547546387,0.6384558081626892,0.5625790357589722,0.5778921842575073,4.0
1239,0.0,0.0,0.0,0.0,0.0,0.0,0.7635694742202759,0.7428510189056396,0.5343426465988159,0.6617870330810547,0.7780963778495789,0.7081705927848816,1.0
1240,1.0,1.0,0.0,0.0,0.0,0.0,0.8939820528030396,0.7795165181159973,0.3881884515285492,0.3734893500804901,0.5253565907478333,0.4291316866874695,0.0
1241,1.0,1.0,0.0,0.0,1.0,0.0,0.8502734303474426,0.8365123867988586,0.5903154611587524,0.4795704483985901,0.5769678354263306,0.596934974193573,4.0
1242,0.0,0.0,0.0,0.0,0.0,0.0,0.7375141382217407,0.8434687256813049,0.6862664222717285,0.5476462244987488,0.6711195707321167,0.5199635624885559,2.0
1243,1.0,1.0,1.0,1.0,1.0,1.0,0.8496754765510559,0.8643420338630676,0.8092337846755981,0.6073218584060669,0.4985674023628235,0.5848389863967896,3.0
1244,1.0,1.0,1.0,1.0,1.0,1.0,0.8456996083259583,0.8600516319274902,0.8329624533653259,0.6805885434150696,0.5195392966270447,0.6602493524551392,3.0
1245,0.0,1.0,1.0,1.0,1.0,1.0,0.7269679307937622,0.9241372346878052,0.8877612352371216,0.6650189757347107,0.4830470085144043,0.5985146760940552,3.0
1246,1.0,1.0,0.0,0.0,1.0,0.0,0.8833060264587402,0.7862067818641663,0.5496279001235962,0.38882380723953247,0.5710417032241821,0.43139785528182983,0.0
1247,1.0,1.0,0.0,0.0,0.0,0.0,0.8411391377449036,0.750575602054596,0.6398711800575256,0.4484770596027374,0.48395952582359314,0.47657135128974915,0.0
1248,0.0,0.0,0.0,1.0,0.0,1.0,0.8011781573295593,0.8885752558708191,0.825668454170227,0.6013392806053162,0.514867901802063,0.6179778575897217,4.0
1249,1.0,1.0,1.0,1.0,1.0,1.0,0.8603939414024353,0.8536424040794373,0.7621240615844727,0.5771366953849792,0.4610273241996765,0.6256433129310608,2.0
1250,1.0,1.0,0.0,0.0,0.0,0.0,0.8923037052154541,0.8428215384483337,0.46034494042396545,0.41337716579437256,0.4502812325954437,0.5529896020889282,4.0
1251,1.0,1.0,0.0,0.0,1.0,0.0,0.848351240158081,0.8236374258995056,0.5202882885932922,0.4140644669532776,0.4983479976654053,0.5336455702781677,3.0
1252,1.0,1.0,1.0,1.0,1.0,0.0,0.8383601307868958,0.8517454862594604,0.804206371307373,0.6443725228309631,0.5543437004089355,0.6334141492843628,3.0
1253,0.0,1.0,1.0,1.0,1.0,0.0,0.7351379990577698,0.8659123182296753,0.7605702877044678,0.6748680472373962,0.7060093283653259,0.6103572249412537,2.0
1254,1.0,1.0,0.0,0.0,0.0,0.0,0.83333420753479,0.8580628633499146,0.7728234529495239,0.6056761741638184,0.5502418875694275,0.5808941125869751,4.0
1255,1.0,1.0,0.0,0.0,0.0,0.0,0.8726099729537964,0.7604634165763855,0.6751376390457153,0.6132389307022095,0.5164391994476318,0.6887930631637573,1.0
1256,1.0,1.0,0.0,0.0,0.0,0.0,0.8414992094039917,0.8330275416374207,0.674724280834198,0.5392716526985168,0.5913311839103699,0.5909212231636047,4.0
1257,1.0,1.0,1.0,1.0,1.0,0.0,0.8768939971923828,0.8508585095405579,0.7670143842697144,0.599593460559845,0.5376331210136414,0.5814409255981445,4.0
1258,0.0,0.0,0.0,0.0,0.0,0.0,0.6527730822563171,0.7478201985359192,0.6977062821388245,0.6623937487602234,0.5865340828895569,0.5704788565635681,0.0
1259,1.0,1.0,0.0,0.0,1.0,0.0,0.8669098615646362,0.8319370150566101,0.7545590996742249,0.5677583813667297,0.4713747799396515,0.6064141988754272,2.0
1260,0.0,0.0,0.0,0.0,0.0,0.0,0.8390316367149353,0.8375380039215088,0.5861436128616333,0.4961470365524292,0.5355884432792664,0.5691551566123962,2.0
1261,1.0,1.0,1.0,1.0,1.0,0.0,0.8352845311164856,0.843882143497467,0.753909170627594,0.5223349928855896,0.4536206126213074,0.6221218109130859,2.0
1262,0.0,0.0,1.0,0.0,0.0,0.0,0.6906525492668152,0.9251447916030884,0.8521604537963867,0.6306017637252808,0.5124974250793457,0.6034817695617676,2.0
1263,0.0,0.0,1.0,0.0,0.0,0.0,0.7385556101799011,0.8326889276504517,0.7803775668144226,0.6408441066741943,0.5616598725318909,0.7228990197181702,1.0
1264,0.0,1.0,1.0,1.0,0.0,1.0,0.6440357565879822,0.9118332862854004,0.8877692222595215,0.6034713387489319,0.443166583776474,0.6039137840270996,4.0
1265,1.0,1.0,1.0,1.0,0.0,0.0,0.7941642999649048,0.8003139495849609,0.783698320388794,0.46123766899108887,0.4833730161190033,0.47237569093704224,0.0
1266,0.0,0.0,0.0,0.0,0.0,0.0,0.715451180934906,0.8609495759010315,0.7469004988670349,0.6969961524009705,0.5227136015892029,0.4937973618507385,4.0
1267,0.0,1.0,1.0,1.0,0.0,1.0,0.7087975740432739,0.8967969417572021,0.8900260925292969,0.6889475584030151,0.48821479082107544,0.6373657584190369,4.0
1268,1.0,1.0,1.0,1.0,1.0,0.0,0.878201961517334,0.76478511095047,0.6958032846450806,0.6111295223236084,0.5273990035057068,0.6595787405967712,1.0
1269,0.0,0.0,0.0,0.0,0.0,0.0,0.736634373664856,0.7633180618286133,0.6169453859329224,0.6727588772773743,0.7416287660598755,0.6727936267852783,1.0
1270,1.0,1.0,1.0,1.0,1.0,0.0,0.8727949857711792,0.8486146926879883,0.7553356289863586,0.5807415843009949,0.4901127517223358,0.6323190927505493,2.0
1271,1.0,1.0,1.0,0.0,0.0,0.0,0.8815872669219971,0.8458332419395447,0.7406960725784302,0.5237709879875183,0.49728256464004517,0.6436089873313904,2.0
1272,0.0,0.0,0.0,0.0,0.0,0.0,0.7229143381118774,0.8564508557319641,0.6762444972991943,0.6204113364219666,0.5139825344085693,0.5089660882949829,3.0
1273,1.0,1.0,1.0,0.0,1.0,0.0,0.8494362831115723,0.85250324010849,0.7652175426483154,0.5000320672988892,0.44878873229026794,0.5861304402351379,2.0
1274,0.0,0.0,0.0,0.0,1.0,0.0,0.8695645928382874,0.727603018283844,0.5060651302337646,0.6268281936645508,0.6597996950149536,0.688326895236969,1.0
1275,1.0,1.0,1.0,1.0,1.0,1.0,0.8625705242156982,0.8632234930992126,0.7741878628730774,0.6040543913841248,0.5663573741912842,0.614169716835022,4.0
1276,0.0,0.0,0.0,0.0,0.0,0.0,0.7261309623718262,0.87266606092453,0.6989204287528992,0.5915675759315491,0.5291187167167664,0.517271876335144,3.0
1277,1.0,1.0,1.0,0.0,1.0,0.0,0.8429176211357117,0.8442463874816895,0.740157425403595,0.5409436821937561,0.5929713249206543,0.5668733716011047,3.0
1278,1.0,1.0,1.0,1.0,1.0,1.0,0.8485302925109863,0.8307585716247559,0.7271813154220581,0.6752083897590637,0.6125041246414185,0.6806945204734802,2.0
1279,1.0,1.0,0.0,0.0,1.0,0.0,0.8554078936576843,0.8355291485786438,0.6266908049583435,0.43624642491340637,0.40452316403388977,0.5429875254631042,3.0
1280,1.0,1.0,0.0,0.0,0.0,0.0,0.852016270160675,0.7918384075164795,0.5678076148033142,0.3527488112449646,0.4548807144165039,0.4013468027114868,0.0
1281,0.0,0.0,0.0,0.0,0.0,0.0,0.7400453686714172,0.8696838021278381,0.7183353304862976,0.5762863159179688,0.6673086285591125,0.5326074361801147,2.0
1282,1.0,1.0,1.0,1.0,1.0,1.0,0.8491998314857483,0.8722977042198181,0.8023268580436707,0.6111629009246826,0.523544192314148,0.5967555046081543,4.0
1283,1.0,1.0,1.0,1.0,1.0,1.0,0.8288478255271912,0.876981794834137,0.8312833309173584,0.5971993207931519,0.47911423444747925,0.5974071025848389,3.0
1284,0.0,0.0,0.0,0.0,0.0,0.0,0.7505890130996704,0.7650279998779297,0.5731580853462219,0.6671271324157715,0.7199855446815491,0.6288048028945923,1.0
1285,1.0,1.0,1.0,1.0,1.0,1.0,0.799890398979187,0.8297898769378662,0.785574197769165,0.5124848484992981,0.4960370659828186,0.5239940285682678,0.0
1286,0.0,0.0,0.0,0.0,0.0,0.0,0.7330164909362793,0.8573095798492432,0.7079129815101624,0.6469129920005798,0.5733792185783386,0.5009891986846924,2.0
1287,0.0,0.0,0.0,0.0,0.0,0.0,0.7155570387840271,0.8586706519126892,0.7073962688446045,0.6374855041503906,0.6775370240211487,0.47911742329597473,2.0
1288,0.0,0.0,0.0,0.0,0.0,0.0,0.6795171499252319,0.7439889907836914,0.7152553796768188,0.6553951501846313,0.5074147582054138,0.5737700462341309,0.0
1289,1.0,1.0,1.0,1.0,1.0,1.0,0.746462345123291,0.9222009181976318,0.8761876225471497,0.6691139340400696,0.4523699879646301,0.5972003936767578,3.0
1290,1.0,1.0,1.0,1.0,1.0,1.0,0.7885668277740479,0.7472585439682007,0.7814436554908752,0.6499834060668945,0.5545276403427124,0.4924045503139496,0.0
1291,0.0,0.0,0.0,0.0,1.0,0.0,0.7522876262664795,0.8553704023361206,0.7048991918563843,0.6295738816261292,0.5083258748054504,0.5498765707015991,4.0
1292,0.0,0.0,0.0,0.0,0.0,0.0,0.7118333578109741,0.8563012480735779,0.7217839360237122,0.6358599066734314,0.4678536355495453,0.5270890593528748,3.0
1293,1.0,1.0,0.0,0.0,0.0,0.0,0.85200035572052,0.7551754117012024,0.5977646708488464,0.6543577313423157,0.6534922122955322,0.7220747470855713,1.0
1294,1.0,1.0,1.0,1.0,1.0,1.0,0.837124764919281,0.8463438153266907,0.7964358329772949,0.6453757286071777,0.5850757956504822,0.6035460233688354,4.0
1295,0.0,0.0,0.0,0.0,0.0,0.0,0.7144806385040283,0.8739060759544373,0.7712904810905457,0.6255538463592529,0.458469033241272,0.5379912257194519,3.0
1296,1.0,1.0,1.0,1.0,1.0,0.0,0.8613199591636658,0.8397759795188904,0.7660011053085327,0.5639784932136536,0.4473763406276703,0.6256565451622009,2.0
1297,1.0,1.0,1.0,1.0,1.0,1.0,0.8500239253044128,0.855400025844574,0.7740852236747742,0.5612838864326477,0.5587910413742065,0.5949590802192688,4.0
1298,1.0,1.0,1.0,0.0,0.0,0.0,0.7351717948913574,0.8033925294876099,0.8330370187759399,0.5684685111045837,0.5004528164863586,0.5073226094245911,0.0
1299,1.0,1.0,1.0,1.0,1.0,0.0,0.8518176078796387,0.8523778319358826,0.7563896179199219,0.5430122017860413,0.49928054213523865,0.6682387590408325,2.0
1300,1.0,1.0,1.0,0.0,0.0,0.0,0.8497499227523804,0.8475202322006226,0.7449160218238831,0.5694569945335388,0.4953116476535797,0.6153507828712463,4.0
1301,0.0,0.0,0.0,0.0,0.0,0.0,0.6225621104240417,0.7612857222557068,0.6740904450416565,0.6727946400642395,0.4947429299354553,0.5441233515739441,0.0
1302,1.0,1.0,0.0,0.0,1.0,0.0,0.8689016699790955,0.746343195438385,0.3545508086681366,0.3841683566570282,0.6612043380737305,0.4182336628437042,0.0
1303,0.0,0.0,0.0,0.0,0.0,0.0,0.7606942653656006,0.8746885657310486,0.7246337532997131,0.5827823281288147,0.38471755385398865,0.5319152474403381,3.0
1304,0.0,0.0,0.0,0.0,0.0,0.0,0.7576934695243835,0.7988162040710449,0.5913146138191223,0.7121573090553284,0.7329893708229065,0.7175740003585815,1.0
1305,1.0,0.0,0.0,0.0,0.0,0.0,0.8688080906867981,0.7222002744674683,0.4773440659046173,0.6186220645904541,0.6073426008224487,0.6778466701507568,1.0
1306,0.0,0.0,0.0,0.0,0.0,0.0,0.7536763548851013,0.8654939532279968,0.7392063736915588,0.6072801351547241,0.5227886438369751,0.5003793239593506,4.0
1307,1.0,1.0,1.0,1.0,1.0,1.0,0.7483120560646057,0.839496910572052,0.8241503834724426,0.6487383246421814,0.5209452509880066,0.6975411772727966,1.0
1308,0.0,0.0,1.0,1.0,0.0,1.0,0.6505728363990784,0.8414908051490784,0.7825897932052612,0.6690893769264221,0.5837754607200623,0.7355507612228394,1.0
1309,1.0,1.0,0.0,1.0,1.0,0.0,0.8168578147888184,0.7784021496772766,0.8018770217895508,0.5553660988807678,0.4858815670013428,0.45357781648635864,0.0
1310,1.0,1.0,0.0,0.0,1.0,0.0,0.8693042993545532,0.7649966478347778,0.46088406443595886,0.3953578472137451,0.5750336647033691,0.47982698678970337,0.0
1311,0.0,0.0,0.0,0.0,0.0,0.0,0.7284892797470093,0.8463504314422607,0.7524986267089844,0.5714044570922852,0.5806263089179993,0.49851709604263306,2.0
1312,1.0,1.0,1.0,1.0,1.0,1.0,0.7891765236854553,0.7486753463745117,0.7379580140113831,0.5541026592254639,0.6164010167121887,0.464311808347702,0.0
1313,0.0,0.0,0.0,1.0,1.0,0.0,0.6794578433036804,0.7517563700675964,0.6754993796348572,0.5481916666030884,0.417082816362381,0.4647369682788849,0.0
1314,1.0,1.0,1.0,1.0,1.0,0.0,0.846831202507019,0.8413228392601013,0.7917859554290771,0.6904487609863281,0.5838028192520142,0.6541261672973633,3.0
1315,1.0,1.0,1.0,1.0,1.0,0.0,0.8584462404251099,0.8100994229316711,0.7311333417892456,0.5884328484535217,0.5104218125343323,0.694747805595398,1.0
1316,1.0,1.0,0.0,0.0,1.0,0.0,0.8243390917778015,0.8347270488739014,0.5431431531906128,0.5122578144073486,0.5728102326393127,0.6069496273994446,3.0
1317,0.0,0.0,0.0,0.0,0.0,0.0,0.7254765033721924,0.8358871936798096,0.6860719919204712,0.6035573482513428,0.6193552613258362,0.49792203307151794,2.0
1318,0.0,0.0,0.0,0.0,0.0,0.0,0.716201663017273,0.7999186515808105,0.6126687526702881,0.7008834481239319,0.7097235918045044,0.685563325881958,1.0
1319,0.0,0.0,0.0,0.0,0.0,0.0,0.7542503476142883,0.7634615898132324,0.5134602189064026,0.6687403321266174,0.7488684058189392,0.6932635307312012,1.0
1320,0.0,0.0,0.0,0.0,0.0,0.0,0.7593072056770325,0.8438472747802734,0.6852496266365051,0.58711177110672,0.5664533972740173,0.5661476254463196,3.0
1321,0.0,0.0,0.0,0.0,0.0,0.0,0.7565028071403503,0.9262825846672058,0.828248918056488,0.639583945274353,0.5568509101867676,0.5574381351470947,4.0
1322,1.0,1.0,1.0,1.0,1.0,1.0,0.7789572477340698,0.9013746380805969,0.8632041811943054,0.6430262327194214,0.5372985601425171,0.6320253610610962,3.0
1323,1.0,1.0,1.0,1.0,1.0,0.0,0.8643674254417419,0.8404022455215454,0.7629667520523071,0.5675735473632812,0.48499205708503723,0.6058739423751831,2.0
1324,1.0,1.0,1.0,1.0,1.0,1.0,0.8396393060684204,0.8401811718940735,0.790871798992157,0.6028743386268616,0.49925509095191956,0.6091666221618652,2.0
1325,1.0,1.0,1.0,1.0,1.0,0.0,0.8640381693840027,0.7525777816772461,0.6704959869384766,0.6396806836128235,0.5563223361968994,0.6558842062950134,1.0
1326,1.0,1.0,1.0,1.0,1.0,0.0,0.8547495007514954,0.7958887219429016,0.7280633449554443,0.603502094745636,0.5745949149131775,0.6657138466835022,1.0
1327,1.0,1.0,1.0,1.0,1.0,0.0,0.8285622596740723,0.8630282878875732,0.8044389486312866,0.6446109414100647,0.541799783706665,0.6223660111427307,4.0
1328,1.0,1.0,1.0,1.0,1.0,1.0,0.6729575991630554,0.9260135889053345,0.8886522650718689,0.6267451047897339,0.5446817278862,0.5869388580322266,2.0
1329,1.0,1.0,0.0,0.0,1.0,0.0,0.8716249465942383,0.8235697746276855,0.7456589341163635,0.5665817856788635,0.49608519673347473,0.6278653144836426,2.0
1330,0.0,0.0,0.0,0.0,0.0,0.0,0.7396565675735474,0.7432928085327148,0.5602871775627136,0.7123536467552185,0.7261744737625122,0.6570211052894592,1.0
1331,0.0,0.0,0.0,0.0,0.0,0.0,0.6429904103279114,0.766874372959137,0.7157780528068542,0.6921465396881104,0.6873028874397278,0.6086630821228027,0.0
1332,0.0,0.0,1.0,1.0,1.0,1.0,0.7380161285400391,0.8610026836395264,0.8249425292015076,0.5848518013954163,0.4862985908985138,0.6072667241096497,4.0
1333,0.0,0.0,1.0,1.0,0.0,1.0,0.6669436097145081,0.8619362115859985,0.8253498077392578,0.6541186571121216,0.5360118746757507,0.6264454126358032,1.0
1334,0.0,0.0,0.0,0.0,0.0,0.0,0.6133322715759277,0.7606810331344604,0.7406978011131287,0.6480745077133179,0.5137081742286682,0.51174396276474,0.0
1335,1.0,1.0,1.0,1.0,1.0,1.0,0.8520087599754333,0.839891254901886,0.7955069541931152,0.6284126043319702,0.48385491967201233,0.6679133176803589,2.0
1336,1.0,1.0,1.0,1.0,1.0,1.0,0.8644906282424927,0.8287978768348694,0.7545081973075867,0.6379193067550659,0.5189594626426697,0.6831257343292236,2.0
1337,0.0,0.0,0.0,1.0,0.0,0.0,0.7446489930152893,0.8970606327056885,0.8336262702941895,0.6380846500396729,0.5559576749801636,0.5656542778015137,4.0
1338,0.0,0.0,0.0,0.0,0.0,0.0,0.717504620552063,0.8605343699455261,0.703601598739624,0.6395120620727539,0.6100183725357056,0.5023887157440186,2.0
1339,0.0,1.0,1.0,1.0,0.0,1.0,0.6066080331802368,0.8481736779212952,0.8612366914749146,0.6465825438499451,0.48428118228912354,0.5458852052688599,0.0
1340,0.0,0.0,0.0,0.0,0.0,0.0,0.6571439504623413,0.784703254699707,0.6730027198791504,0.654693603515625,0.5092570185661316,0.5403473973274231,0.0
1341,0.0,0.0,0.0,0.0,0.0,0.0,0.7363892793655396,0.8630784153938293,0.7155399322509766,0.5408962965011597,0.4511082172393799,0.48768413066864014,3.0
1342,0.0,0.0,0.0,0.0,0.0,0.0,0.7161064147949219,0.8722764849662781,0.7011823654174805,0.6197733879089355,0.510053813457489,0.50227290391922,3.0
1343,1.0,1.0,1.0,1.0,1.0,1.0,0.868151068687439,0.7651680707931519,0.7162203788757324,0.5693042278289795,0.500666081905365,0.6570338606834412,1.0
1344,1.0,1.0,1.0,1.0,1.0,1.0,0.8425983786582947,0.7719224691390991,0.736291766166687,0.6359452605247498,0.5406368374824524,0.6834330558776855,1.0
1345,0.0,0.0,0.0,1.0,0.0,0.0,0.7091655731201172,0.8178860545158386,0.7546172738075256,0.6939206719398499,0.6183179020881653,0.7326708436012268,1.0
1346,0.0,1.0,1.0,1.0,0.0,1.0,0.8634487986564636,0.8370102643966675,0.7546463012695312,0.5263205766677856,0.43631449341773987,0.6095543503761292,2.0
1347,1.0,1.0,0.0,0.0,1.0,0.0,0.8542024493217468,0.844000518321991,0.7190948724746704,0.5429462194442749,0.4798264503479004,0.6026589870452881,2.0
1348,1.0,0.0,0.0,0.0,0.0,0.0,0.7955687046051025,0.7447115778923035,0.487276554107666,0.456340491771698,0.49885985255241394,0.48169398307800293,0.0
1349,1.0,1.0,0.0,0.0,1.0,0.0,0.8547700643539429,0.8258801698684692,0.5748124122619629,0.4639897346496582,0.5734129548072815,0.5816431045532227,4.0
1350,1.0,1.0,1.0,0.0,0.0,1.0,0.8470243215560913,0.851372480392456,0.783944845199585,0.5419323444366455,0.4424285292625427,0.6434351801872253,2.0
1351,0.0,1.0,1.0,1.0,1.0,1.0,0.5755841135978699,0.852939784526825,0.8858613967895508,0.697317898273468,0.42594701051712036,0.5151420831680298,0.0
1352,1.0,1.0,1.0,1.0,1.0,1.0,0.8619945049285889,0.842380940914154,0.7734657526016235,0.6129233837127686,0.5021236538887024,0.628074586391449,2.0
1353,1.0,1.0,1.0,1.0,1.0,1.0,0.679554283618927,0.92856365442276,0.889196515083313,0.6115545630455017,0.48692232370376587,0.5893445014953613,2.0
1354,1.0,1.0,0.0,0.0,1.0,0.0,0.8095966577529907,0.8618130087852478,0.7432867884635925,0.5840327739715576,0.502141535282135,0.5914528965950012,4.0
1355,1.0,1.0,1.0,0.0,1.0,0.0,0.8570140600204468,0.7757036089897156,0.6634712219238281,0.5428195595741272,0.5505490899085999,0.6356895565986633,1.0
1356,1.0,1.0,0.0,0.0,1.0,1.0,0.7482023239135742,0.8157821297645569,0.6725978255271912,0.5888458490371704,0.6553057432174683,0.6445289254188538,2.0
1357,0.0,0.0,0.0,0.0,0.0,0.0,0.6460877060890198,0.8014002442359924,0.6707441210746765,0.5258923768997192,0.5025494694709778,0.4998210072517395,0.0
1358,1.0,1.0,0.0,0.0,0.0,0.0,0.893290102481842,0.8395739197731018,0.4959951937198639,0.40508294105529785,0.4583848714828491,0.6123864650726318,2.0
1359,0.0,1.0,0.0,1.0,1.0,0.0,0.5966167449951172,0.758695125579834,0.7462894320487976,0.6071248650550842,0.3751533627510071,0.49567773938179016,0.0
1360,0.0,0.0,0.0,0.0,0.0,0.0,0.7473365068435669,0.7273516654968262,0.5439289808273315,0.6364931464195251,0.7582074403762817,0.6647300720214844,1.0
1361,1.0,1.0,1.0,1.0,1.0,1.0,0.7588502764701843,0.9155436158180237,0.8690148591995239,0.7019796967506409,0.4785417318344116,0.6793562769889832,3.0
1362,1.0,1.0,1.0,1.0,1.0,1.0,0.6938490867614746,0.9051608443260193,0.8952240943908691,0.6785035133361816,0.44914013147354126,0.6320687532424927,4.0
1363,1.0,1.0,0.0,0.0,1.0,0.0,0.7940576076507568,0.8201515078544617,0.6331513524055481,0.5461416244506836,0.6071598529815674,0.5830895304679871,4.0
1364,0.0,0.0,0.0,0.0,0.0,0.0,0.7070127725601196,0.8341336250305176,0.6805705428123474,0.5816909074783325,0.6072084903717041,0.5256667733192444,3.0
1365,1.0,1.0,0.0,0.0,0.0,0.0,0.8800901174545288,0.7729082107543945,0.6201283931732178,0.526812732219696,0.5344665050506592,0.6369245052337646,1.0
1366,1.0,1.0,1.0,1.0,1.0,1.0,0.7244839668273926,0.9203014969825745,0.8687466382980347,0.6640315055847168,0.5059623122215271,0.6128808259963989,3.0
1367,0.0,0.0,0.0,0.0,0.0,0.0,0.7716256380081177,0.8552781939506531,0.6649568676948547,0.6156747341156006,0.47308045625686646,0.5544300675392151,4.0
1368,1.0,1.0,1.0,1.0,1.0,1.0,0.8360450863838196,0.8430421352386475,0.7785892486572266,0.6129016876220703,0.5410349369049072,0.6578798294067383,2.0
1369,0.0,0.0,1.0,1.0,0.0,0.0,0.6862159967422485,0.9140836000442505,0.8727248907089233,0.6224718689918518,0.4678145945072174,0.5973129272460938,4.0
1370,1.0,1.0,0.0,0.0,1.0,0.0,0.8862758278846741,0.8277510404586792,0.4491807222366333,0.45273905992507935,0.5712098479270935,0.652877926826477,2.0
1371,0.0,0.0,0.0,0.0,0.0,0.0,0.7129069566726685,0.854805588722229,0.8016449213027954,0.6581040024757385,0.5390528440475464,0.5401004552841187,4.0
1372,1.0,1.0,0.0,0.0,1.0,0.0,0.8602644205093384,0.8372114300727844,0.6547051072120667,0.5608652234077454,0.5555870532989502,0.6222825050354004,4.0
1373,0.0,0.0,0.0,0.0,0.0,0.0,0.6913059949874878,0.877149224281311,0.763100266456604,0.623816728591919,0.6087977290153503,0.5139116048812866,3.0
1374,0.0,0.0,0.0,0.0,0.0,0.0,0.6185873746871948,0.7932028770446777,0.639035165309906,0.6371764540672302,0.48145636916160583,0.5125720500946045,0.0
1375,0.0,1.0,1.0,1.0,0.0,0.0,0.5980565547943115,0.8500601053237915,0.862770140171051,0.6932730674743652,0.5075774192810059,0.5184749364852905,0.0
1376,0.0,0.0,0.0,0.0,0.0,0.0,0.6374168992042542,0.8442000150680542,0.8465499877929688,0.6534806489944458,0.43357107043266296,0.4886692762374878,0.0
1377,0.0,0.0,0.0,0.0,0.0,0.0,0.7625330090522766,0.7923241257667542,0.6031820178031921,0.6719035506248474,0.730928897857666,0.7139396667480469,1.0
1378,0.0,1.0,1.0,1.0,0.0,1.0,0.7480776906013489,0.8417571783065796,0.7963836193084717,0.6479490399360657,0.5673145055770874,0.7207304835319519,1.0
1379,0.0,0.0,0.0,0.0,0.0,0.0,0.6272655725479126,0.7729657292366028,0.6559786796569824,0.5863587856292725,0.4993424713611603,0.5034177899360657,0.0
1380,1.0,1.0,1.0,1.0,1.0,0.0,0.8551048636436462,0.7725282907485962,0.6654750108718872,0.579235851764679,0.5696783065795898,0.6112383604049683,1.0
1381,1.0,1.0,1.0,1.0,1.0,0.0,0.8754315376281738,0.7495219707489014,0.5984683632850647,0.579289972782135,0.6248025298118591,0.6583319306373596,1.0
1382,0.0,0.0,0.0,0.0,0.0,0.0,0.7380286455154419,0.8650895357131958,0.797429084777832,0.6586917042732239,0.575921356678009,0.6043455600738525,4.0
1383,0.0,0.0,0.0,0.0,0.0,0.0,0.6254734396934509,0.7441745400428772,0.6099652647972107,0.567193865776062,0.5631502270698547,0.4874247908592224,0.0
1384,1.0,1.0,0.0,0.0,0.0,0.0,0.8742087483406067,0.7273480296134949,0.43697431683540344,0.5668771266937256,0.6722066402435303,0.661503791809082,1.0
1385,1.0,1.0,0.0,0.0,0.0,0.0,0.8577226400375366,0.7683848738670349,0.4532698094844818,0.42443662881851196,0.643492579460144,0.46778714656829834,0.0
1386,1.0,1.0,1.0,1.0,1.0,0.0,0.8091323375701904,0.7835901975631714,0.7917473912239075,0.631782591342926,0.575458824634552,0.525377094745636,0.0
1387,1.0,1.0,1.0,1.0,1.0,1.0,0.815420389175415,0.8453218340873718,0.8391320109367371,0.6629731059074402,0.5349064469337463,0.6177822351455688,4.0
1388,1.0,1.0,1.0,1.0,1.0,1.0,0.7765502333641052,0.9230300784111023,0.8717163801193237,0.687783420085907,0.492940217256546,0.5714049935340881,3.0
1389,1.0,1.0,1.0,1.0,1.0,0.0,0.7214236259460449,0.8428270816802979,0.8253694176673889,0.6881977915763855,0.5530540347099304,0.5471831560134888,0.0
1390,1.0,1.0,1.0,1.0,1.0,1.0,0.8452531695365906,0.8575072884559631,0.7730349898338318,0.5374923348426819,0.4948863685131073,0.6035457253456116,4.0
1391,1.0,1.0,0.0,0.0,1.0,0.0,0.8542327880859375,0.8176445364952087,0.645691454410553,0.5585914254188538,0.6074477434158325,0.6554429531097412,2.0
1392,1.0,1.0,1.0,1.0,1.0,0.0,0.8286685347557068,0.7866925597190857,0.7860286235809326,0.6038511991500854,0.5264421105384827,0.48213616013526917,0.0
1393,1.0,1.0,0.0,0.0,1.0,1.0,0.7473442554473877,0.8362972140312195,0.6505685448646545,0.5881526470184326,0.6017495393753052,0.6005611419677734,3.0
1394,0.0,0.0,0.0,0.0,0.0,0.0,0.6707207560539246,0.8434433341026306,0.6807253360748291,0.666263222694397,0.6235386729240417,0.5494455099105835,3.0
1395,0.0,0.0,0.0,0.0,0.0,0.0,0.7188559770584106,0.92207270860672,0.8653022646903992,0.5825233459472656,0.4299966096878052,0.5860860347747803,4.0
1396,1.0,1.0,0.0,0.0,0.0,0.0,0.8179007768630981,0.8592790961265564,0.8305970430374146,0.6516783833503723,0.5583717823028564,0.6260902881622314,4.0
1397,1.0,1.0,1.0,1.0,1.0,0.0,0.7659331560134888,0.8935860395431519,0.8449361324310303,0.681813657283783,0.5595391988754272,0.5911435484886169,4.0
1398,0.0,0.0,0.0,0.0,0.0,0.0,0.7707448601722717,0.7726385593414307,0.5423398017883301,0.6897748112678528,0.744783341884613,0.7252451777458191,1.0
1399,1.0,1.0,1.0,0.0,1.0,0.0,0.8493438363075256,0.8579025268554688,0.8015406727790833,0.599327027797699,0.49338972568511963,0.6212844848632812,2.0
1400,1.0,1.0,0.0,1.0,1.0,1.0,0.8654539585113525,0.8244621753692627,0.4698348343372345,0.44194212555885315,0.5748497843742371,0.6476448178291321,4.0
1401,0.0,0.0,0.0,0.0,0.0,0.0,0.722680389881134,0.850959062576294,0.7202845215797424,0.5852227210998535,0.5718586444854736,0.43534043431282043,2.0
1402,0.0,0.0,0.0,0.0,0.0,0.0,0.732613205909729,0.836911141872406,0.7051316499710083,0.5724899172782898,0.6542474627494812,0.5692666172981262,2.0
1403,0.0,0.0,0.0,0.0,0.0,0.0,0.7601840496063232,0.8990052342414856,0.848183274269104,0.6623269319534302,0.5065701603889465,0.5572898983955383,3.0
1404,0.0,1.0,1.0,1.0,0.0,1.0,0.7998223304748535,0.8299353718757629,0.8074081540107727,0.6492395997047424,0.5631492137908936,0.6718703508377075,1.0
1405,1.0,1.0,1.0,1.0,0.0,1.0,0.8756648898124695,0.7439680099487305,0.6479358673095703,0.5919792056083679,0.5087782144546509,0.6706708669662476,1.0
1406,1.0,1.0,0.0,0.0,1.0,0.0,0.870927095413208,0.7450901865959167,0.5732361078262329,0.6313723921775818,0.6553344130516052,0.6800893545150757,1.0
1407,0.0,0.0,0.0,0.0,0.0,0.0,0.6669751405715942,0.7556320428848267,0.6142686605453491,0.6179877519607544,0.5110558271408081,0.5284163951873779,0.0
1408,0.0,1.0,0.0,0.0,1.0,0.0,0.7673859596252441,0.8366776704788208,0.7246742844581604,0.5819567441940308,0.5848455429077148,0.6025731563568115,4.0
1409,0.0,0.0,0.0,0.0,0.0,0.0,0.7615811824798584,0.8732502460479736,0.8405992984771729,0.7106165289878845,0.6059766411781311,0.6639807820320129,4.0
1410,0.0,0.0,0.0,0.0,0.0,0.0,0.6905225515365601,0.8665281534194946,0.7329415082931519,0.6745386123657227,0.5478273630142212,0.5079789161682129,4.0
1411,0.0,0.0,0.0,0.0,1.0,0.0,0.738227367401123,0.8309682011604309,0.7237845063209534,0.5473434329032898,0.5342099070549011,0.547334611415863,4.0
1412,1.0,1.0,1.0,1.0,1.0,0.0,0.8274945616722107,0.8552752137184143,0.8232042789459229,0.6349837779998779,0.5306139588356018,0.6205102205276489,3.0
1413,1.0,1.0,0.0,0.0,0.0,0.0,0.8601899147033691,0.8295525312423706,0.6885545253753662,0.5631824135780334,0.5392665266990662,0.6168064475059509,4.0
1414,0.0,0.0,0.0,0.0,0.0,0.0,0.7268949747085571,0.8586187958717346,0.7032592296600342,0.6179329752922058,0.5613997578620911,0.5555670261383057,2.0
1415,0.0,0.0,0.0,0.0,0.0,0.0,0.7120557427406311,0.7369192242622375,0.6041865944862366,0.6568722724914551,0.7421972751617432,0.6755005121231079,1.0
1416,0.0,0.0,0.0,0.0,0.0,0.0,0.7569793462753296,0.7805357575416565,0.6892984509468079,0.6444842219352722,0.5549948811531067,0.7375438809394836,1.0
1417,1.0,1.0,1.0,1.0,1.0,1.0,0.8236762285232544,0.7905426025390625,0.7802318334579468,0.5751277804374695,0.5996256470680237,0.514765202999115,0.0
1418,0.0,0.0,0.0,0.0,0.0,0.0,0.7750948071479797,0.854385495185852,0.7145308256149292,0.5769845247268677,0.5931596159934998,0.5921548008918762,2.0
1419,0.0,0.0,0.0,0.0,0.0,0.0,0.7866008281707764,0.8764720559120178,0.8075535893440247,0.6468753814697266,0.468000590801239,0.6335052251815796,4.0
1420,0.0,0.0,0.0,0.0,0.0,0.0,0.7505988478660583,0.8565240502357483,0.6393972039222717,0.5107123255729675,0.49654972553253174,0.579568088054657,3.0
1421,0.0,0.0,1.0,0.0,0.0,0.0,0.7132716178894043,0.8469772338867188,0.7504000663757324,0.700211763381958,0.6423575282096863,0.7350713014602661,1.0
1422,1.0,1.0,1.0,1.0,1.0,0.0,0.845395565032959,0.7684776186943054,0.714576244354248,0.6591546535491943,0.6033006906509399,0.6834440231323242,1.0
1423,1.0,1.0,1.0,1.0,1.0,0.0,0.814484179019928,0.7591354250907898,0.753144383430481,0.5317413806915283,0.5644966959953308,0.44639939069747925,0.0
1424,0.0,0.0,1.0,0.0,0.0,0.0,0.6100918650627136,0.8400176167488098,0.7554202675819397,0.6785127520561218,0.5148068070411682,0.5799347162246704,0.0
1425,1.0,1.0,1.0,1.0,0.0,0.0,0.7863367795944214,0.799343466758728,0.7695013284683228,0.49967631697654724,0.5523186326026917,0.4703744947910309,0.0
1426,0.0,0.0,1.0,1.0,0.0,1.0,0.7384836077690125,0.8829243779182434,0.8531830310821533,0.6903672218322754,0.5521007180213928,0.5934022068977356,4.0
1427,0.0,0.0,0.0,0.0,0.0,0.0,0.74257892370224,0.8597509264945984,0.7085092663764954,0.5660426616668701,0.576881468296051,0.5337473750114441,3.0
1428,1.0,1.0,0.0,0.0,1.0,0.0,0.8136803507804871,0.7753236293792725,0.5467394590377808,0.42547807097435,0.5211758613586426,0.4768298268318176,0.0
1429,1.0,1.0,1.0,1.0,1.0,0.0,0.835344672203064,0.8383646011352539,0.8286706209182739,0.6649609804153442,0.5671641826629639,0.6486428380012512,4.0
1430,1.0,1.0,1.0,0.0,0.0,0.0,0.876400887966156,0.867240846157074,0.7150765061378479,0.5095734596252441,0.4515158236026764,0.5768395662307739,4.0
1431,1.0,1.0,1.0,1.0,1.0,1.0,0.8477463722229004,0.8402447700500488,0.783512532711029,0.5987316966056824,0.4905286431312561,0.6580762267112732,2.0
1432,0.0,0.0,0.0,0.0,0.0,0.0,0.8528702855110168,0.7407111525535583,0.6617032289505005,0.6585446000099182,0.6911771893501282,0.7204070091247559,1.0
1433,1.0,1.0,0.0,0.0,1.0,0.0,0.8443403244018555,0.839255154132843,0.5208569169044495,0.3843543827533722,0.5573787689208984,0.5142745971679688,3.0
1434,1.0,1.0,1.0,1.0,1.0,1.0,0.8493141531944275,0.8701911568641663,0.7635664343833923,0.6142290830612183,0.5260366201400757,0.615798830986023,4.0
1435,1.0,1.0,1.0,0.0,0.0,1.0,0.7752956748008728,0.7764196991920471,0.7798831462860107,0.5900209546089172,0.5833011865615845,0.5377554893493652,0.0
1436,1.0,1.0,1.0,1.0,1.0,0.0,0.8507658839225769,0.8691221475601196,0.7870550751686096,0.5389220118522644,0.48020780086517334,0.6227578520774841,2.0
1437,1.0,1.0,1.0,1.0,1.0,0.0,0.8170108795166016,0.8557813763618469,0.8202677965164185,0.6648881435394287,0.5318769812583923,0.6362489461898804,4.0
1438,1.0,1.0,1.0,1.0,1.0,1.0,0.7777082324028015,0.8043010234832764,0.8009196519851685,0.6227021217346191,0.5050601363182068,0.5474803447723389,0.0
1439,1.0,1.0,1.0,1.0,1.0,1.0,0.7497343420982361,0.8717445135116577,0.8641655445098877,0.7314020991325378,0.5922322869300842,0.6359099745750427,4.0
1440,1.0,1.0,1.0,1.0,1.0,1.0,0.7713922262191772,0.8879403471946716,0.8629650473594666,0.7062450647354126,0.5170620083808899,0.6805134415626526,3.0
1441,0.0,1.0,1.0,1.0,1.0,1.0,0.7673604488372803,0.8528971672058105,0.7859241962432861,0.6909407377243042,0.6257761120796204,0.720266580581665,1.0
1442,1.0,1.0,0.0,0.0,1.0,0.0,0.8523592948913574,0.8522061705589294,0.7209872007369995,0.5471635460853577,0.5994648933410645,0.5958137512207031,3.0
1443,0.0,0.0,0.0,0.0,0.0,0.0,0.7484976053237915,0.8618045449256897,0.7054488062858582,0.6324609518051147,0.47801610827445984,0.5149285197257996,3.0
1444,1.0,1.0,0.0,0.0,1.0,0.0,0.8634542226791382,0.8283885717391968,0.7641123533248901,0.6533270478248596,0.5681121945381165,0.6475638747215271,2.0
1445,1.0,1.0,0.0,0.0,1.0,0.0,0.8502609133720398,0.8572668433189392,0.7869099378585815,0.5614892840385437,0.5429585576057434,0.5759143233299255,3.0
1446,1.0,1.0,0.0,0.0,0.0,0.0,0.892367959022522,0.7452108860015869,0.5523987412452698,0.5354267358779907,0.5166079998016357,0.6653226613998413,1.0
1447,0.0,0.0,0.0,1.0,1.0,0.0,0.6080986857414246,0.8178313970565796,0.854647696018219,0.6512022614479065,0.4389548599720001,0.5720816254615784,0.0
1448,1.0,1.0,0.0,0.0,1.0,0.0,0.8913028240203857,0.8255269527435303,0.4885081350803375,0.48488110303878784,0.6119031310081482,0.5990993976593018,2.0
1449,1.0,0.0,0.0,0.0,1.0,0.0,0.8103040456771851,0.8400295972824097,0.6309820413589478,0.52169269323349,0.4720160961151123,0.5534670352935791,3.0
1450,1.0,1.0,1.0,1.0,1.0,1.0,0.8162171244621277,0.7876465916633606,0.7079259157180786,0.4095776081085205,0.525881826877594,0.45552927255630493,0.0
1451,1.0,1.0,1.0,1.0,1.0,0.0,0.8182799220085144,0.850832462310791,0.819345235824585,0.6746473908424377,0.5244427919387817,0.5773546695709229,4.0
1452,0.0,0.0,0.0,0.0,0.0,0.0,0.7227755188941956,0.8478564620018005,0.7405738830566406,0.5632378458976746,0.5866151452064514,0.5022593140602112,2.0
1453,1.0,1.0,0.0,1.0,1.0,0.0,0.8443964719772339,0.859473705291748,0.7967892289161682,0.6463154554367065,0.559377133846283,0.6246997117996216,4.0
1454,1.0,1.0,0.0,0.0,0.0,0.0,0.8744781017303467,0.8491621613502502,0.6948593258857727,0.48697444796562195,0.43518000841140747,0.6146276593208313,2.0
1455,0.0,0.0,0.0,0.0,0.0,0.0,0.7336161732673645,0.8551969528198242,0.7248544096946716,0.6142606139183044,0.4718227684497833,0.5232068300247192,3.0
1456,1.0,1.0,1.0,1.0,1.0,1.0,0.7298975586891174,0.7899611592292786,0.7227487564086914,0.711609423160553,0.7377288937568665,0.7025212049484253,1.0
1457,1.0,1.0,0.0,0.0,0.0,0.0,0.9108537435531616,0.7649043202400208,0.45357757806777954,0.5399421453475952,0.6134930849075317,0.6639845371246338,1.0
1458,0.0,0.0,0.0,0.0,1.0,0.0,0.6408487558364868,0.7726542353630066,0.6658896803855896,0.6531089544296265,0.5552194118499756,0.5561313033103943,0.0
1459,0.0,1.0,1.0,1.0,1.0,1.0,0.7466257214546204,0.8937293291091919,0.8620249629020691,0.7034921646118164,0.5562219619750977,0.6180953979492188,4.0
1460,0.0,0.0,0.0,0.0,0.0,0.0,0.8149065375328064,0.7660287618637085,0.5784482955932617,0.6552630662918091,0.6596662998199463,0.6644821763038635,1.0
1461,1.0,1.0,0.0,0.0,1.0,1.0,0.7049888372421265,0.8882283568382263,0.8572933077812195,0.6233418583869934,0.5316030979156494,0.5825205445289612,2.0
1462,1.0,1.0,0.0,0.0,1.0,0.0,0.8707008361816406,0.7447049021720886,0.6145608425140381,0.5726344585418701,0.6356925368309021,0.6396088600158691,1.0
1463,0.0,0.0,1.0,1.0,1.0,1.0,0.7338906526565552,0.8910807967185974,0.8428894877433777,0.665651261806488,0.4339198172092438,0.5926854014396667,3.0
1464,1.0,1.0,1.0,1.0,1.0,0.0,0.8256362676620483,0.8385635018348694,0.7854084968566895,0.5997375249862671,0.5041812062263489,0.6115359663963318,4.0
1465,0.0,0.0,0.0,0.0,0.0,0.0,0.7181184887886047,0.846589207649231,0.711496114730835,0.6393341422080994,0.5443423986434937,0.5565788745880127,4.0
1466,1.0,1.0,1.0,1.0,1.0,1.0,0.8356509208679199,0.8602144122123718,0.8067964315414429,0.6228035092353821,0.5744339227676392,0.6244445443153381,3.0
1467,0.0,0.0,1.0,0.0,0.0,1.0,0.6619487404823303,0.8971059322357178,0.8662316203117371,0.6298536062240601,0.4924607574939728,0.6708335876464844,2.0
1468,0.0,1.0,1.0,1.0,1.0,1.0,0.767547070980072,0.8377297520637512,0.7603408098220825,0.6180804967880249,0.5842386484146118,0.7380831241607666,1.0
1469,0.0,0.0,0.0,0.0,0.0,0.0,0.7013172507286072,0.8385254740715027,0.7304443120956421,0.6019695997238159,0.6819115877151489,0.5021274089813232,2.0
1470,1.0,1.0,1.0,1.0,1.0,0.0,0.8483792543411255,0.8401144742965698,0.7900329828262329,0.6546210646629333,0.6014290452003479,0.6150725483894348,4.0
1471,0.0,0.0,0.0,0.0,0.0,0.0,0.8201994299888611,0.8529733419418335,0.7732335329055786,0.6252591609954834,0.5264660716056824,0.6485703587532043,2.0
1472,1.0,1.0,0.0,1.0,1.0,1.0,0.8139868974685669,0.7957137227058411,0.7733472585678101,0.6530863642692566,0.5937339663505554,0.7138183116912842,1.0
1473,1.0,1.0,1.0,1.0,0.0,1.0,0.7062562704086304,0.9219058156013489,0.8886270523071289,0.6349009871482849,0.4657737612724304,0.5680273175239563,3.0
1474,1.0,1.0,1.0,1.0,1.0,0.0,0.8551499247550964,0.8386526703834534,0.7513389587402344,0.6014167070388794,0.5181764364242554,0.6205890774726868,2.0
1475,0.0,0.0,0.0,0.0,0.0,0.0,0.705126166343689,0.8637896180152893,0.8226025700569153,0.6275937557220459,0.6334168910980225,0.592433750629425,2.0
1476,1.0,1.0,1.0,1.0,1.0,1.0,0.8084279894828796,0.8170106410980225,0.769463300704956,0.7089104056358337,0.6449478268623352,0.7244139909744263,1.0
1477,1.0,1.0,1.0,1.0,1.0,1.0,0.8046273589134216,0.7811034917831421,0.7823693752288818,0.5804556608200073,0.5683671236038208,0.4689132571220398,0.0
1478,1.0,1.0,0.0,0.0,0.0,0.0,0.8733574748039246,0.8327708840370178,0.5025796890258789,0.4240996539592743,0.5248867869377136,0.5567962527275085,4.0
1479,1.0,1.0,0.0,1.0,1.0,0.0,0.832574188709259,0.7528760433197021,0.7125689387321472,0.5002829432487488,0.6401986479759216,0.51805180311203,0.0
1480,1.0,1.0,1.0,1.0,1.0,0.0,0.8247725963592529,0.8573741912841797,0.7953665852546692,0.6072802543640137,0.5330376625061035,0.6146308183670044,4.0
1481,1.0,1.0,0.0,0.0,1.0,0.0,0.8523069620132446,0.737284243106842,0.5149311423301697,0.43831557035446167,0.6956775784492493,0.5066424608230591,0.0
1482,1.0,1.0,0.0,1.0,1.0,1.0,0.7799946665763855,0.8619223237037659,0.7996389269828796,0.6802067160606384,0.6031158566474915,0.6713384389877319,4.0
1483,1.0,1.0,1.0,1.0,1.0,1.0,0.6882715225219727,0.8664963245391846,0.8606649041175842,0.6388040781021118,0.5249196290969849,0.6318321228027344,4.0
1484,1.0,1.0,1.0,1.0,1.0,1.0,0.8116271495819092,0.8590117692947388,0.8296797275543213,0.6102473139762878,0.5125672221183777,0.5968677401542664,4.0
1485,1.0,1.0,0.0,0.0,1.0,0.0,0.8642274141311646,0.8278528451919556,0.5944451689720154,0.516152024269104,0.5270847082138062,0.5839206576347351,4.0
1486,1.0,1.0,1.0,1.0,1.0,1.0,0.8018430471420288,0.7935898303985596,0.7968039512634277,0.5684370994567871,0.5471792221069336,0.48846733570098877,0.0
1487,0.0,0.0,0.0,0.0,0.0,0.0,0.7805445790290833,0.7600588798522949,0.5619374513626099,0.6987654566764832,0.7637737393379211,0.6958765387535095,1.0
1488,0.0,0.0,1.0,1.0,0.0,1.0,0.7063770890235901,0.9272521138191223,0.8696749210357666,0.6036846041679382,0.46007639169692993,0.6140094995498657,3.0
1489,1.0,1.0,1.0,1.0,1.0,1.0,0.7533945441246033,0.7476240992546082,0.8140026926994324,0.6469756960868835,0.5739696025848389,0.49956026673316956,0.0
1490,0.0,0.0,0.0,0.0,0.0,0.0,0.6237839460372925,0.7800692319869995,0.6679003834724426,0.6805051565170288,0.5146913528442383,0.5252191424369812,0.0
1491,0.0,1.0,1.0,1.0,1.0,0.0,0.6937149167060852,0.9066756963729858,0.8817552924156189,0.6221181154251099,0.5068615078926086,0.6224918961524963,2.0
1492,0.0,0.0,0.0,0.0,0.0,0.0,0.7687570452690125,0.8548197746276855,0.7011956572532654,0.6076650023460388,0.4768334627151489,0.5779982805252075,3.0
1493,0.0,1.0,1.0,1.0,1.0,1.0,0.6807907223701477,0.8651105761528015,0.8039805889129639,0.6648704409599304,0.593898355960846,0.7317591905593872,1.0
1494,1.0,1.0,1.0,1.0,0.0,0.0,0.7292224168777466,0.9142839312553406,0.8703321814537048,0.6604062914848328,0.421491414308548,0.6357688903808594,3.0
1495,1.0,1.0,1.0,1.0,1.0,1.0,0.830418050289154,0.8332824110984802,0.7477420568466187,0.6505677103996277,0.6405721306800842,0.6528578400611877,4.0
1496,1.0,1.0,0.0,0.0,0.0,0.0,0.8485415577888489,0.8677279353141785,0.8107978105545044,0.6014660000801086,0.5195964574813843,0.6032183170318604,3.0
1497,1.0,1.0,1.0,0.0,1.0,0.0,0.8258271217346191,0.7985329627990723,0.7153622508049011,0.522508442401886,0.5915038585662842,0.4760890007019043,0.0
1498,0.0,0.0,0.0,0.0,0.0,0.0,0.7242241501808167,0.8417080640792847,0.7333829998970032,0.631074070930481,0.6141757965087891,0.5603406429290771,4.0
1499,1.0,1.0,1.0,1.0,1.0,0.0,0.8067693114280701,0.8491697907447815,0.7414908409118652,0.596011221408844,0.5373491644859314,0.6145563125610352,4.0
1500,1.0,1.0,1.0,1.0,1.0,1.0,0.8053264617919922,0.9276991486549377,0.8398742079734802,0.5927163362503052,0.542451024055481,0.5866607427597046,4.0
1501,0.0,1.0,1.0,1.0,0.0,1.0,0.6194177269935608,0.8360471725463867,0.8534303307533264,0.6680254340171814,0.3612205386161804,0.5442951321601868,0.0
1502,1.0,1.0,1.0,1.0,1.0,1.0,0.6668562889099121,0.7659592032432556,0.7273776531219482,0.7197070717811584,0.5963816046714783,0.6176515817642212,0.0
1503,0.0,0.0,1.0,0.0,0.0,1.0,0.6225396990776062,0.8169716000556946,0.8552972078323364,0.6071485280990601,0.41412562131881714,0.6029766201972961,0.0
1504,1.0,1.0,0.0,0.0,0.0,0.0,0.8641968965530396,0.8418703079223633,0.7571461200714111,0.5311264991760254,0.494850218296051,0.6109069585800171,2.0
1505,0.0,1.0,1.0,1.0,0.0,1.0,0.6988017559051514,0.9251759052276611,0.8599674105644226,0.6084961295127869,0.4398916959762573,0.6035231351852417,3.0
1506,1.0,1.0,1.0,1.0,1.0,1.0,0.8605433106422424,0.8488160371780396,0.7877417802810669,0.58315509557724,0.4818296432495117,0.6685746312141418,2.0
1507,0.0,0.0,0.0,0.0,0.0,0.0,0.7239353656768799,0.8666663765907288,0.6899648308753967,0.5950464606285095,0.6060444712638855,0.5215068459510803,3.0
1508,1.0,1.0,1.0,1.0,1.0,1.0,0.8452374339103699,0.8527306318283081,0.813856840133667,0.6249379515647888,0.49164867401123047,0.6281003355979919,4.0
1509,0.0,0.0,0.0,0.0,0.0,0.0,0.7117280960083008,0.8436232209205627,0.7692134380340576,0.6355493664741516,0.4466833472251892,0.5133131146430969,4.0
1510,0.0,0.0,0.0,0.0,0.0,0.0,0.6498568058013916,0.7676462531089783,0.6659854054450989,0.6194137334823608,0.5761239528656006,0.5403836369514465,0.0
1511,1.0,1.0,1.0,1.0,1.0,1.0,0.8057613372802734,0.7814692258834839,0.7660174369812012,0.6049870252609253,0.5329890847206116,0.4948018789291382,0.0
1512,0.0,0.0,0.0,0.0,0.0,0.0,0.7457244396209717,0.8295773863792419,0.7024297118186951,0.6195811033248901,0.622700035572052,0.5945810675621033,4.0
1513,1.0,1.0,1.0,1.0,1.0,1.0,0.7293883562088013,0.8737255334854126,0.8768811225891113,0.7077882885932922,0.4775404930114746,0.6235784292221069,4.0
1514,0.0,0.0,0.0,0.0,0.0,0.0,0.761389434337616,0.7769181132316589,0.5496126413345337,0.7149637341499329,0.7850678563117981,0.6941965222358704,1.0
1515,1.0,1.0,1.0,1.0,1.0,1.0,0.8627595901489258,0.8656826019287109,0.7587668895721436,0.6127001047134399,0.52707439661026,0.5916696786880493,4.0
1516,0.0,0.0,0.0,0.0,0.0,0.0,0.724641740322113,0.8533149361610413,0.7818878293037415,0.5731694102287292,0.5169821381568909,0.5210531949996948,2.0
1517,0.0,1.0,1.0,1.0,1.0,1.0,0.7614049315452576,0.8561188578605652,0.7933207154273987,0.6915327310562134,0.6215393543243408,0.7120857834815979,1.0
1518,1.0,1.0,1.0,1.0,1.0,1.0,0.8238829374313354,0.8388504981994629,0.7961987257003784,0.6682721376419067,0.5649722218513489,0.6514111757278442,3.0
1519,1.0,1.0,1.0,1.0,0.0,0.0,0.8274288177490234,0.8662549257278442,0.7741817831993103,0.5174188613891602,0.45248761773109436,0.6507761478424072,2.0
1520,1.0,1.0,1.0,1.0,1.0,1.0,0.8327349424362183,0.8584063649177551,0.815171480178833,0.6508480310440063,0.5390335917472839,0.6164102554321289,4.0
1521,0.0,1.0,1.0,1.0,1.0,1.0,0.7282228469848633,0.8780671954154968,0.8758240938186646,0.7124278545379639,0.5439456105232239,0.6662699580192566,4.0
1522,0.0,1.0,1.0,1.0,0.0,1.0,0.7359045147895813,0.8603501319885254,0.8403943777084351,0.68372642993927,0.6037678122520447,0.6387892365455627,4.0
1523,0.0,0.0,0.0,0.0,0.0,0.0,0.7448715567588806,0.8645140528678894,0.7326205372810364,0.5855020880699158,0.4082440137863159,0.5515346527099609,3.0
1524,0.0,0.0,0.0,0.0,1.0,0.0,0.6527730822563171,0.7478201985359192,0.6977062821388245,0.6623937487602234,0.5865340828895569,0.5704788565635681,0.0
1525,1.0,1.0,0.0,0.0,0.0,0.0,0.8243768811225891,0.7720023393630981,0.7033619284629822,0.6159787178039551,0.5954566597938538,0.6819713711738586,1.0
1526,0.0,0.0,0.0,0.0,0.0,0.0,0.6369696259498596,0.8062146902084351,0.6822313070297241,0.7195252776145935,0.4888615906238556,0.5952141880989075,0.0
1527,1.0,1.0,1.0,1.0,1.0,0.0,0.844656765460968,0.873640239238739,0.8236789703369141,0.5650901198387146,0.49632740020751953,0.6016272902488708,3.0
1528,1.0,1.0,1.0,1.0,0.0,1.0,0.8241221308708191,0.8601669669151306,0.7810182571411133,0.5826016664505005,0.5307734608650208,0.6171680092811584,4.0
1529,1.0,1.0,0.0,0.0,1.0,0.0,0.862802267074585,0.8508036136627197,0.803732693195343,0.6201601624488831,0.46809741854667664,0.6833578944206238,2.0
1530,0.0,0.0,0.0,0.0,0.0,0.0,0.7111214995384216,0.84908127784729,0.715726912021637,0.61662757396698,0.5453588962554932,0.4611484110355377,4.0
1531,1.0,1.0,0.0,0.0,1.0,0.0,0.8584421277046204,0.8271619081497192,0.4636671245098114,0.40380483865737915,0.5838768482208252,0.5138999223709106,4.0
1532,0.0,0.0,0.0,0.0,0.0,0.0,0.8475459218025208,0.7340012192726135,0.4275304675102234,0.5722201466560364,0.7138938307762146,0.6340635418891907,1.0
1533,0.0,1.0,1.0,1.0,0.0,1.0,0.7960634827613831,0.8016105890274048,0.7952104210853577,0.7280568480491638,0.6172307729721069,0.6702142357826233,1.0
1534,1.0,1.0,1.0,1.0,1.0,1.0,0.8374361395835876,0.8518149256706238,0.7924093008041382,0.6535604000091553,0.5723000764846802,0.5986776351928711,4.0
1535,1.0,1.0,1.0,1.0,1.0,1.0,0.7579715847969055,0.8914313316345215,0.8701397180557251,0.6893649101257324,0.5732402801513672,0.654777467250824,2.0
1536,1.0,1.0,1.0,1.0,1.0,1.0,0.7354137897491455,0.9024243950843811,0.8913036584854126,0.6950775980949402,0.44825389981269836,0.6157810688018799,4.0
1537,1.0,1.0,1.0,1.0,1.0,1.0,0.7814352512359619,0.7782829999923706,0.7893431186676025,0.6336909532546997,0.5694040060043335,0.4779431223869324,0.0
1538,1.0,1.0,1.0,1.0,1.0,0.0,0.7994809150695801,0.7832306027412415,0.7905967831611633,0.6140795350074768,0.5415312051773071,0.4882073402404785,0.0
1539,1.0,1.0,1.0,1.0,1.0,0.0,0.8704689145088196,0.7688578963279724,0.7179521918296814,0.6708167195320129,0.5874530673027039,0.6809335350990295,1.0
1540,0.0,0.0,0.0,0.0,0.0,0.0,0.6111527681350708,0.7774060964584351,0.7242976427078247,0.5835631489753723,0.48041456937789917,0.48974093794822693,0.0
1541,1.0,1.0,1.0,1.0,1.0,1.0,0.8353840112686157,0.8524078726768494,0.7652395963668823,0.6141420006752014,0.5109511613845825,0.5950877666473389,4.0
1542,0.0,0.0,0.0,0.0,0.0,0.0,0.7348392009735107,0.8575678467750549,0.6823074817657471,0.6275720000267029,0.4943164885044098,0.5491418242454529,3.0
1543,0.0,0.0,1.0,0.0,0.0,0.0,0.7074270844459534,0.9145198464393616,0.8714810609817505,0.5906409621238708,0.4454372525215149,0.6294888257980347,2.0
1544,1.0,1.0,0.0,0.0,1.0,0.0,0.8703567385673523,0.8277694582939148,0.5736082196235657,0.49069052934646606,0.50014728307724,0.5808383226394653,4.0
1545,0.0,0.0,0.0,0.0,0.0,0.0,0.7803304195404053,0.8939623236656189,0.820071816444397,0.6616905927658081,0.5108704566955566,0.6448357105255127,3.0
1546,1.0,1.0,1.0,1.0,1.0,1.0,0.832594096660614,0.7962133288383484,0.7686066031455994,0.647314190864563,0.5351107716560364,0.7104138731956482,1.0
1547,0.0,0.0,1.0,1.0,0.0,0.0,0.7276230454444885,0.8692330121994019,0.8380409479141235,0.6712090373039246,0.5727118849754333,0.6015612483024597,2.0
1548,0.0,0.0,0.0,0.0,0.0,0.0,0.7385851740837097,0.864210307598114,0.7544429302215576,0.6226617097854614,0.5954269170761108,0.5657735466957092,2.0
1549,1.0,1.0,1.0,1.0,1.0,1.0,0.7696927189826965,0.903677225112915,0.8759521842002869,0.6708297729492188,0.4993724226951599,0.6003257632255554,2.0
1550,0.0,0.0,0.0,0.0,0.0,0.0,0.7131996750831604,0.8113214373588562,0.595587968826294,0.5802838802337646,0.46508780121803284,0.4776678681373596,0.0
1551,1.0,1.0,0.0,0.0,1.0,0.0,0.8696446418762207,0.8322343230247498,0.4853006899356842,0.4020153880119324,0.5111561417579651,0.5999583601951599,2.0
1552,0.0,0.0,0.0,1.0,0.0,0.0,0.7781351804733276,0.7705767750740051,0.5184276103973389,0.6759546995162964,0.6946021914482117,0.6904809474945068,1.0
1553,0.0,0.0,0.0,0.0,0.0,0.0,0.655614972114563,0.789257824420929,0.5946250557899475,0.5850509405136108,0.513522744178772,0.4671018719673157,0.0
1554,1.0,1.0,1.0,1.0,1.0,1.0,0.874276340007782,0.8173996210098267,0.7021061778068542,0.5640335083007812,0.542894721031189,0.6681851744651794,2.0
1555,0.0,0.0,0.0,0.0,0.0,0.0,0.6294987201690674,0.7925965189933777,0.7895199060440063,0.6031865477561951,0.4292658269405365,0.5362026691436768,0.0
1556,1.0,1.0,1.0,1.0,1.0,1.0,0.8211897611618042,0.8558628559112549,0.8047856688499451,0.5749181509017944,0.5331661701202393,0.5872861742973328,3.0
1557,0.0,0.0,0.0,0.0,0.0,0.0,0.6233431696891785,0.7767968773841858,0.6206035614013672,0.6386146545410156,0.5493296980857849,0.5070855021476746,0.0
1558,1.0,1.0,0.0,1.0,1.0,1.0,0.6982773542404175,0.7363225817680359,0.6207890510559082,0.6514742374420166,0.6079645752906799,0.5979647040367126,0.0
1559,1.0,1.0,0.0,1.0,1.0,1.0,0.756424069404602,0.8427470326423645,0.6467118263244629,0.6466937065124512,0.629902720451355,0.6293776035308838,3.0
1560,1.0,0.0,0.0,0.0,1.0,0.0,0.8132029175758362,0.8466983437538147,0.7406952977180481,0.5590143799781799,0.4289749562740326,0.6399693489074707,2.0
1561,0.0,1.0,1.0,1.0,1.0,1.0,0.7924602031707764,0.8354922533035278,0.7613567113876343,0.6656304597854614,0.591596245765686,0.7209692597389221,1.0
1562,1.0,1.0,1.0,1.0,1.0,1.0,0.6194905042648315,0.8575440049171448,0.8698555827140808,0.7064166069030762,0.4370948076248169,0.5411686301231384,0.0
1563,1.0,1.0,1.0,1.0,1.0,0.0,0.7506539821624756,0.778576135635376,0.8001739978790283,0.5906537771224976,0.5377439260482788,0.47236260771751404,0.0
1564,0.0,0.0,0.0,0.0,0.0,0.0,0.7151273488998413,0.8645150065422058,0.6967311501502991,0.6424099802970886,0.5153165459632874,0.515380322933197,3.0
1565,0.0,0.0,0.0,0.0,0.0,0.0,0.8149923086166382,0.7705580592155457,0.5368520617485046,0.6193443536758423,0.7824881076812744,0.7136901021003723,1.0
1566,1.0,1.0,0.0,1.0,1.0,0.0,0.8287336826324463,0.8558844923973083,0.802978515625,0.6274474859237671,0.5439024567604065,0.5891613364219666,4.0
1567,0.0,1.0,1.0,0.0,0.0,1.0,0.7693384289741516,0.9110957384109497,0.8571889400482178,0.6296315789222717,0.42286303639411926,0.6803576946258545,3.0
1568,0.0,0.0,0.0,0.0,0.0,0.0,0.7966296076774597,0.8745083212852478,0.6398325562477112,0.5705519318580627,0.3941073417663574,0.5391907095909119,3.0
1569,0.0,0.0,0.0,0.0,0.0,0.0,0.7168576121330261,0.8563626408576965,0.7749682068824768,0.6118649840354919,0.5043843984603882,0.5559859871864319,4.0
1570,1.0,1.0,1.0,1.0,1.0,0.0,0.8571861386299133,0.8356357216835022,0.6287248730659485,0.5056709051132202,0.48831164836883545,0.5951000452041626,3.0
1571,1.0,1.0,1.0,1.0,1.0,1.0,0.7056258320808411,0.9155837893486023,0.8994400501251221,0.6818475127220154,0.4687168300151825,0.6412262320518494,4.0
1572,0.0,0.0,1.0,0.0,0.0,1.0,0.7347251176834106,0.826156735420227,0.7754700779914856,0.6317039728164673,0.6099231839179993,0.625519335269928,1.0
1573,0.0,0.0,0.0,0.0,0.0,0.0,0.7435057163238525,0.7386816740036011,0.5594853162765503,0.6556528806686401,0.7914833426475525,0.7125312089920044,1.0
1574,1.0,1.0,1.0,1.0,1.0,0.0,0.8255990147590637,0.8567915558815002,0.7969871163368225,0.6164401173591614,0.5401114821434021,0.6208614706993103,4.0
1575,1.0,1.0,1.0,1.0,1.0,1.0,0.7366840839385986,0.7814123034477234,0.8246731162071228,0.6478859186172485,0.5624279379844666,0.48625946044921875,0.0
1576,1.0,1.0,1.0,1.0,1.0,1.0,0.8509619832038879,0.8195671439170837,0.7739962935447693,0.6846777200698853,0.6007202863693237,0.6107326149940491,4.0
1577,1.0,1.0,1.0,1.0,1.0,1.0,0.6712667942047119,0.9062129259109497,0.8834331035614014,0.6642117500305176,0.49162861704826355,0.6397472023963928,3.0
1578,0.0,0.0,1.0,1.0,0.0,0.0,0.7004932165145874,0.8385321497917175,0.8128724694252014,0.6263938546180725,0.5509674549102783,0.7172859311103821,1.0
1579,0.0,0.0,0.0,0.0,0.0,0.0,0.7559887170791626,0.8554148077964783,0.7941591143608093,0.6580400466918945,0.523698091506958,0.5748409628868103,4.0
1580,1.0,1.0,1.0,1.0,1.0,0.0,0.8855188488960266,0.7677143216133118,0.6991021037101746,0.6435838341712952,0.5532452464103699,0.6385319828987122,1.0
1581,1.0,1.0,0.0,0.0,1.0,0.0,0.8119833469390869,0.7478967308998108,0.49441856145858765,0.46090635657310486,0.5405652523040771,0.43423324823379517,0.0
1582,1.0,1.0,0.0,0.0,1.0,0.0,0.8842455148696899,0.7072752118110657,0.3645830750465393,0.609011173248291,0.7193976640701294,0.6852139830589294,1.0
1583,1.0,1.0,0.0,0.0,1.0,0.0,0.8808962106704712,0.744954526424408,0.43017858266830444,0.5570836067199707,0.6983219981193542,0.6636629700660706,1.0
1584,1.0,1.0,0.0,0.0,1.0,0.0,0.8133281469345093,0.8136029243469238,0.5954172015190125,0.5348527431488037,0.5531851649284363,0.6572375297546387,4.0
1585,0.0,0.0,0.0,0.0,0.0,0.0,0.717374861240387,0.8287299275398254,0.7296286225318909,0.5951091647148132,0.6349963545799255,0.5595735907554626,4.0
1586,0.0,0.0,0.0,0.0,0.0,0.0,0.743602454662323,0.7872085571289062,0.7311545610427856,0.6740150451660156,0.6931801438331604,0.7148786783218384,1.0
1587,1.0,1.0,1.0,1.0,1.0,1.0,0.7049254179000854,0.8234224319458008,0.8123673796653748,0.6840099692344666,0.5917549729347229,0.7323671579360962,1.0
1588,0.0,0.0,0.0,0.0,1.0,0.0,0.6238729357719421,0.7782827615737915,0.6063193082809448,0.5834798216819763,0.6415947079658508,0.5405086874961853,0.0
1589,1.0,1.0,1.0,1.0,1.0,0.0,0.8206210732460022,0.8461833596229553,0.7961388230323792,0.574625551700592,0.5253573060035706,0.6034184098243713,3.0
1590,0.0,0.0,0.0,0.0,0.0,0.0,0.7139061689376831,0.8544197678565979,0.7022620439529419,0.6653918027877808,0.6134960651397705,0.5107653141021729,4.0
1591,1.0,1.0,1.0,1.0,1.0,1.0,0.6381526589393616,0.8634849786758423,0.8635662198066711,0.7003430724143982,0.44546157121658325,0.5934603214263916,0.0
1592,0.0,0.0,0.0,0.0,0.0,0.0,0.7142239212989807,0.8744155764579773,0.6968429684638977,0.598888635635376,0.5173906087875366,0.5051422119140625,3.0
1593,1.0,1.0,0.0,0.0,1.0,0.0,0.6718437671661377,0.7278813123703003,0.7041692733764648,0.6595689654350281,0.6349948048591614,0.5848802924156189,0.0
1594,1.0,1.0,0.0,0.0,1.0,0.0,0.8620821833610535,0.8273714184761047,0.4955941438674927,0.434241384267807,0.6035142540931702,0.5588035583496094,3.0
1595,0.0,0.0,0.0,0.0,0.0,0.0,0.776875376701355,0.8522968292236328,0.6832094788551331,0.5520808100700378,0.5038557052612305,0.5313748717308044,4.0
1596,0.0,0.0,0.0,0.0,0.0,0.0,0.7083245515823364,0.8312674164772034,0.7237386107444763,0.6097627878189087,0.6572888493537903,0.5551789402961731,4.0
1597,0.0,0.0,0.0,0.0,0.0,0.0,0.6341511011123657,0.7792717814445496,0.6399600505828857,0.5664648413658142,0.5395698547363281,0.535751223564148,0.0
1598,1.0,1.0,0.0,0.0,1.0,0.0,0.8684805631637573,0.8300415873527527,0.5105272531509399,0.426270067691803,0.4093042016029358,0.5450961589813232,3.0
1599,0.0,0.0,0.0,0.0,0.0,0.0,0.709519624710083,0.8544369339942932,0.6715763807296753,0.6412270665168762,0.5625226497650146,0.5338238477706909,3.0
1600,1.0,1.0,0.0,0.0,1.0,0.0,0.8365715146064758,0.7522950768470764,0.4770287573337555,0.3943561017513275,0.6164336800575256,0.4462422728538513,0.0
1601,1.0,1.0,0.0,0.0,1.0,0.0,0.813352108001709,0.7314842939376831,0.5309563279151917,0.4875984191894531,0.6759762763977051,0.5620697140693665,0.0
1602,0.0,1.0,1.0,1.0,1.0,0.0,0.7370014786720276,0.9131867289543152,0.81950443983078,0.6133421063423157,0.6066499948501587,0.5997453927993774,4.0
1603,1.0,1.0,0.0,0.0,1.0,0.0,0.8735020756721497,0.7475385069847107,0.4706061780452728,0.4257040023803711,0.6450318098068237,0.44716310501098633,0.0
1604,0.0,0.0,0.0,0.0,0.0,0.0,0.7185278534889221,0.7589952945709229,0.560636043548584,0.6629543304443359,0.7719232439994812,0.6882458329200745,1.0
1605,0.0,0.0,0.0,0.0,0.0,0.0,0.7584214806556702,0.7685181498527527,0.49794456362724304,0.6680023670196533,0.7520312070846558,0.663077712059021,1.0
1606,1.0,1.0,1.0,1.0,1.0,1.0,0.8480393886566162,0.8394273519515991,0.7738633751869202,0.6263461112976074,0.6030514240264893,0.6155072450637817,4.0
1607,1.0,1.0,1.0,1.0,1.0,0.0,0.7964795827865601,0.7926164865493774,0.7359186410903931,0.49658429622650146,0.5104750990867615,0.4465177357196808,0.0
1608,1.0,1.0,0.0,0.0,0.0,0.0,0.8764676451683044,0.8546686768531799,0.7039440274238586,0.4764789342880249,0.4846234917640686,0.6100809574127197,2.0
1609,1.0,1.0,1.0,0.0,0.0,0.0,0.8631024956703186,0.8532581925392151,0.7803618907928467,0.6397503614425659,0.5819365382194519,0.6117136478424072,4.0
1610,1.0,1.0,0.0,0.0,1.0,0.0,0.805536150932312,0.7589222192764282,0.642403244972229,0.4325462281703949,0.5334000587463379,0.4548933506011963,0.0
1611,0.0,0.0,0.0,0.0,0.0,0.0,0.7562171816825867,0.8572131395339966,0.7079792022705078,0.5873187780380249,0.39510512351989746,0.5220661759376526,3.0
1612,1.0,1.0,0.0,0.0,0.0,0.0,0.8817948698997498,0.7454482316970825,0.4398355185985565,0.6258069276809692,0.7224531173706055,0.6869156360626221,1.0
1613,1.0,1.0,1.0,1.0,1.0,1.0,0.6724790334701538,0.845241367816925,0.8507048487663269,0.6991826891899109,0.4918871521949768,0.545417308807373,0.0
1614,1.0,1.0,0.0,1.0,1.0,0.0,0.8617141246795654,0.7796112895011902,0.7045825719833374,0.6267977356910706,0.5163994431495667,0.7074682712554932,1.0
1615,0.0,1.0,1.0,1.0,0.0,1.0,0.6036597490310669,0.8562485575675964,0.8453182578086853,0.6384297609329224,0.41557997465133667,0.6105442643165588,0.0
1616,1.0,1.0,0.0,0.0,0.0,0.0,0.6698378324508667,0.8145455718040466,0.840887188911438,0.5898725986480713,0.49036905169487,0.5542446970939636,0.0
1617,0.0,0.0,0.0,0.0,0.0,0.0,0.8071978092193604,0.8852065801620483,0.7928828597068787,0.5650637745857239,0.48788750171661377,0.6104544997215271,3.0
1618,1.0,1.0,0.0,0.0,1.0,0.0,0.857270359992981,0.7836250066757202,0.4805651605129242,0.3709217309951782,0.6832789778709412,0.4419699013233185,0.0
1619,1.0,1.0,1.0,1.0,1.0,1.0,0.7791466116905212,0.8018695116043091,0.8330885767936707,0.6512134075164795,0.5286740660667419,0.48566967248916626,0.0
1620,1.0,1.0,1.0,1.0,1.0,1.0,0.8498355746269226,0.7808689475059509,0.7069407105445862,0.6555827856063843,0.5749887824058533,0.6671789288520813,1.0
1621,1.0,1.0,1.0,1.0,1.0,1.0,0.8531219363212585,0.8652647733688354,0.7842869162559509,0.542479932308197,0.5198045969009399,0.5675705075263977,3.0
1622,1.0,1.0,1.0,1.0,1.0,1.0,0.8321611285209656,0.8609078526496887,0.7734991312026978,0.5987388491630554,0.5181698203086853,0.5742924213409424,4.0
1623,0.0,1.0,1.0,1.0,1.0,1.0,0.6517469882965088,0.8608708381652832,0.8545202016830444,0.6992830038070679,0.4353125989437103,0.5840947031974792,0.0
1624,1.0,1.0,1.0,1.0,1.0,1.0,0.7687490582466125,0.8087399005889893,0.796688973903656,0.6508283019065857,0.5619288086891174,0.546207845211029,0.0
1625,1.0,1.0,1.0,1.0,1.0,1.0,0.8519748449325562,0.8614686727523804,0.7820505499839783,0.5606064200401306,0.4402778148651123,0.6233924627304077,2.0
1626,1.0,1.0,0.0,0.0,1.0,0.0,0.8062338829040527,0.8982903361320496,0.8133708834648132,0.5922525525093079,0.5178534984588623,0.6006038784980774,3.0
1627,0.0,0.0,0.0,0.0,0.0,0.0,0.6749406456947327,0.8537951111793518,0.7603765726089478,0.6497935056686401,0.608260989189148,0.5321434140205383,4.0
1628,1.0,1.0,1.0,0.0,1.0,0.0,0.853269636631012,0.8513246774673462,0.7716096043586731,0.5424092411994934,0.5117360353469849,0.6054027080535889,3.0
1629,0.0,0.0,0.0,0.0,0.0,0.0,0.7860702872276306,0.7467561960220337,0.556931734085083,0.6837401986122131,0.7777444124221802,0.687058687210083,1.0
1630,0.0,0.0,0.0,0.0,0.0,0.0,0.7466933131217957,0.8662986159324646,0.7102877497673035,0.6390513181686401,0.5529038906097412,0.5525612831115723,4.0
1631,0.0,0.0,0.0,0.0,1.0,0.0,0.7123100757598877,0.8506733179092407,0.7482439875602722,0.6613695621490479,0.49688708782196045,0.4932589828968048,4.0
1632,1.0,1.0,1.0,1.0,1.0,1.0,0.9019882678985596,0.7395977973937988,0.544381320476532,0.6234992742538452,0.5776959657669067,0.654330849647522,1.0
1633,0.0,0.0,0.0,0.0,0.0,0.0,0.7398756742477417,0.8762884736061096,0.7047930955886841,0.6426475048065186,0.5405839681625366,0.532270073890686,3.0
1634,1.0,1.0,0.0,0.0,1.0,0.0,0.8513504266738892,0.8512291312217712,0.7743464112281799,0.5956253409385681,0.5581814646720886,0.5974559783935547,3.0
1635,1.0,1.0,1.0,1.0,1.0,1.0,0.8292376399040222,0.8491519093513489,0.8248632550239563,0.6688061356544495,0.5198512673377991,0.6710320711135864,3.0
1636,1.0,1.0,0.0,0.0,0.0,0.0,0.8497871160507202,0.8500841856002808,0.7822326421737671,0.6098978519439697,0.5468844175338745,0.6349138021469116,2.0
1637,0.0,0.0,0.0,0.0,1.0,0.0,0.7640202641487122,0.7591251730918884,0.5391719341278076,0.6855530142784119,0.7586836218833923,0.6933846473693848,1.0
1638,1.0,1.0,1.0,1.0,1.0,0.0,0.8361474871635437,0.8537111282348633,0.7671643495559692,0.6314625144004822,0.5759227871894836,0.627079963684082,4.0
1639,0.0,0.0,0.0,0.0,0.0,0.0,0.6796650290489197,0.7676841020584106,0.6196195483207703,0.570301353931427,0.483341246843338,0.5048931241035461,0.0
1640,0.0,0.0,0.0,0.0,0.0,0.0,0.7336980104446411,0.8448610305786133,0.6892565488815308,0.564741849899292,0.6249192953109741,0.5463785529136658,2.0
1641,1.0,1.0,0.0,0.0,1.0,0.0,0.8577063083648682,0.8058621287345886,0.458827942609787,0.4700220227241516,0.6612555384635925,0.67097407579422,3.0
1642,0.0,0.0,0.0,0.0,0.0,0.0,0.6404601335525513,0.7762829065322876,0.7319835424423218,0.6039325594902039,0.46392807364463806,0.49666956067085266,0.0
1643,1.0,1.0,0.0,1.0,1.0,1.0,0.8284975290298462,0.8388431072235107,0.7954576015472412,0.6040078401565552,0.5755302906036377,0.6072021126747131,3.0
1644,1.0,1.0,0.0,0.0,1.0,0.0,0.8838910460472107,0.8202455639839172,0.4563330411911011,0.4328019917011261,0.5921286940574646,0.5895273089408875,4.0
1645,0.0,0.0,0.0,0.0,0.0,0.0,0.7687670588493347,0.8929888606071472,0.8002931475639343,0.6265391111373901,0.43171289563179016,0.5392338633537292,3.0
1646,1.0,1.0,1.0,1.0,1.0,1.0,0.8602352142333984,0.849861741065979,0.7696704268455505,0.5413484573364258,0.43070346117019653,0.6217964291572571,2.0
1647,1.0,1.0,0.0,1.0,1.0,0.0,0.8719912171363831,0.8484342098236084,0.7805176377296448,0.6182337403297424,0.534727156162262,0.623396635055542,4.0
1648,1.0,1.0,1.0,1.0,1.0,1.0,0.8755207061767578,0.8621736168861389,0.7862437963485718,0.589016854763031,0.5478832721710205,0.5984408259391785,3.0
1649,1.0,1.0,1.0,1.0,1.0,1.0,0.6881439685821533,0.9337791800498962,0.8900448083877563,0.6246141195297241,0.5351952910423279,0.5587722063064575,2.0
1650,1.0,1.0,1.0,1.0,1.0,1.0,0.7052230834960938,0.9055792689323425,0.882948637008667,0.6291099190711975,0.49109122157096863,0.6416200399398804,2.0
1651,1.0,1.0,0.0,0.0,0.0,0.0,0.8566495776176453,0.8479583859443665,0.7707105875015259,0.6517223715782166,0.6180939078330994,0.6371435523033142,4.0
1652,1.0,1.0,1.0,1.0,1.0,1.0,0.8585780262947083,0.8456915616989136,0.6810329556465149,0.5172854065895081,0.5113581418991089,0.5711694955825806,3.0
1653,1.0,1.0,1.0,1.0,1.0,0.0,0.7912901639938354,0.8117572665214539,0.7834345102310181,0.47109025716781616,0.5168458819389343,0.45419296622276306,0.0
1654,1.0,1.0,0.0,0.0,1.0,0.0,0.8418675065040588,0.7640572786331177,0.46821168065071106,0.40148529410362244,0.6060044765472412,0.4591447710990906,0.0
1655,0.0,0.0,0.0,0.0,0.0,0.0,0.7817087173461914,0.771034300327301,0.6111984252929688,0.7161247730255127,0.7062975168228149,0.6981217861175537,1.0
1656,1.0,1.0,0.0,0.0,1.0,0.0,0.8639386892318726,0.7340489029884338,0.6444715261459351,0.6274312734603882,0.6361656188964844,0.64168381690979,1.0
1657,1.0,1.0,0.0,0.0,0.0,0.0,0.8712952733039856,0.8602599501609802,0.5136289596557617,0.3989558517932892,0.4910100996494293,0.5149078369140625,4.0
1658,0.0,0.0,0.0,0.0,0.0,0.0,0.7291249632835388,0.8586832284927368,0.7335429191589355,0.6095790266990662,0.4652681052684784,0.5130234360694885,3.0
1659,1.0,1.0,1.0,1.0,1.0,1.0,0.7818408608436584,0.8456018567085266,0.8005247712135315,0.6861306428909302,0.5991337299346924,0.7126446962356567,1.0
1660,1.0,1.0,1.0,1.0,1.0,1.0,0.8418596982955933,0.7426910996437073,0.7322190403938293,0.6719232797622681,0.5533798336982727,0.6844647526741028,1.0
1661,1.0,1.0,1.0,1.0,1.0,1.0,0.7943083047866821,0.8203811645507812,0.7715513706207275,0.5068816542625427,0.5333088636398315,0.5025500059127808,0.0
1662,1.0,1.0,1.0,1.0,1.0,0.0,0.8075553774833679,0.782172679901123,0.7764010429382324,0.5205918550491333,0.531952977180481,0.5027274489402771,0.0
1663,0.0,0.0,0.0,0.0,0.0,0.0,0.6143051981925964,0.7960495948791504,0.6696476936340332,0.6339200735092163,0.44111862778663635,0.5131946802139282,0.0
1664,0.0,0.0,0.0,0.0,0.0,0.0,0.7878470420837402,0.7339332103729248,0.6217769384384155,0.6773110032081604,0.6580756902694702,0.6858633160591125,1.0
1665,1.0,1.0,1.0,1.0,1.0,1.0,0.8616396188735962,0.7963650822639465,0.6900998950004578,0.5824840664863586,0.5034501552581787,0.6295644640922546,1.0
1666,0.0,0.0,0.0,0.0,0.0,0.0,0.6866858601570129,0.8343142867088318,0.7528941631317139,0.5788382291793823,0.6464471817016602,0.5363447666168213,4.0
1667,0.0,0.0,0.0,0.0,0.0,0.0,0.6172080636024475,0.774825930595398,0.6582858562469482,0.5876745581626892,0.5108828544616699,0.5112607479095459,0.0
1668,1.0,1.0,1.0,1.0,0.0,1.0,0.727289617061615,0.8045298457145691,0.8314825296401978,0.6491326689720154,0.4809975028038025,0.5367910861968994,0.0
1669,1.0,1.0,0.0,0.0,0.0,0.0,0.8800334334373474,0.8463521003723145,0.5160617232322693,0.44286981225013733,0.5241191387176514,0.5805150866508484,2.0
1670,0.0,0.0,0.0,0.0,0.0,0.0,0.7899146676063538,0.8434410095214844,0.6735524535179138,0.4977002441883087,0.5105372071266174,0.5602806210517883,4.0
1671,1.0,1.0,1.0,1.0,1.0,1.0,0.7296129465103149,0.9167532920837402,0.8772785067558289,0.6492413878440857,0.4205537736415863,0.5980369448661804,3.0
1672,1.0,1.0,0.0,1.0,1.0,0.0,0.8458802700042725,0.8503816723823547,0.7940352559089661,0.6772037744522095,0.5817433595657349,0.609525740146637,4.0
1673,0.0,0.0,0.0,0.0,0.0,0.0,0.7383376359939575,0.8578916788101196,0.708436131477356,0.6148650646209717,0.4380472004413605,0.5025473833084106,3.0
