,True_3TC,True_ABC,True_AZT,True_D4T,True_DDI,True_TDF,Pred_Proba_3TC,Pred_Proba_ABC,Pred_Proba_AZT,Pred_Proba_D4T,Pred_Proba_DDI,Pred_Proba_TDF,kFolds
0,1.0,1.0,0.0,1.0,1.0,1.0,0.7948989868164062,0.76885986328125,0.7352113723754883,0.7594699859619141,0.7776832580566406,0.7359466552734375,2.0
1,1.0,1.0,0.0,1.0,1.0,1.0,0.797149658203125,0.7759933471679688,0.7397451400756836,0.7603816986083984,0.7777023315429688,0.7391128540039062,4.0
2,1.0,0.0,0.0,0.0,0.0,1.0,0.795196533203125,0.7693710327148438,0.7352676391601562,0.759282112121582,0.7775993347167969,0.7361202239990234,2.0
3,0.0,0.0,0.0,0.0,0.0,0.0,0.7940521240234375,0.7695083618164062,0.7361564636230469,0.7610273361206055,0.7786636352539062,0.7357749938964844,2.0
4,0.0,0.0,0.0,0.0,0.0,0.0,0.7991256713867188,0.7771987915039062,0.7393550872802734,0.7632732391357422,0.7811431884765625,0.7378044128417969,3.0
5,0.0,0.0,0.0,0.0,0.0,0.0,0.7989654541015625,0.7732315063476562,0.7348613739013672,0.7607936859130859,0.778900146484375,0.7350177764892578,2.0
6,1.0,1.0,0.0,1.0,1.0,1.0,0.79962158203125,0.7741851806640625,0.7352333068847656,0.7608928680419922,0.77899169921875,0.7353878021240234,2.0
7,0.0,1.0,0.0,0.0,1.0,0.0,0.8018112182617188,0.77764892578125,0.7391014099121094,0.7644195556640625,0.7825546264648438,0.7371492385864258,2.0
8,0.0,1.0,0.0,0.0,0.0,0.0,0.7994155883789062,0.7772064208984375,0.7385673522949219,0.76019287109375,0.7783012390136719,0.7386388778686523,4.0
9,1.0,1.0,0.0,0.0,0.0,0.0,0.8019180297851562,0.7777175903320312,0.7364253997802734,0.7613658905029297,0.77960205078125,0.7361221313476562,3.0
10,1.0,1.0,0.0,0.0,1.0,0.0,0.7968215942382812,0.7360382080078125,0.7011470794677734,0.7258930206298828,0.7327804565429688,0.709259033203125,1.0
11,1.0,1.0,0.0,0.0,1.0,0.0,0.804656982421875,0.781982421875,0.7409248352050781,0.7654380798339844,0.7828292846679688,0.7380790710449219,3.0
12,1.0,1.0,0.0,0.0,1.0,0.0,0.8013381958007812,0.77569580078125,0.7348480224609375,0.7606544494628906,0.779541015625,0.7353839874267578,2.0
13,1.0,1.0,0.0,0.0,1.0,0.0,0.801788330078125,0.778167724609375,0.7396965026855469,0.7607192993164062,0.7788925170898438,0.7384529113769531,4.0
14,0.0,0.0,0.0,0.0,0.0,0.0,0.7976150512695312,0.7766571044921875,0.7380943298339844,0.7576808929443359,0.7755012512207031,0.7391691207885742,4.0
15,0.0,0.0,0.0,0.0,0.0,0.0,0.7633209228515625,0.7265853881835938,0.6695880889892578,0.6850795745849609,0.7205581665039062,0.6717014312744141,0.0
16,0.0,1.0,0.0,1.0,1.0,0.0,0.798828125,0.777008056640625,0.73907470703125,0.7626018524169922,0.7802963256835938,0.7374372482299805,3.0
17,0.0,1.0,0.0,1.0,1.0,0.0,0.798828125,0.777008056640625,0.73907470703125,0.7626018524169922,0.7802963256835938,0.7374372482299805,3.0
18,0.0,0.0,0.0,0.0,0.0,0.0,0.796173095703125,0.7384262084960938,0.7074871063232422,0.7309036254882812,0.7340621948242188,0.7120780944824219,1.0
19,0.0,0.0,0.0,0.0,0.0,0.0,0.798248291015625,0.7753982543945312,0.7370033264160156,0.7603702545166016,0.7789382934570312,0.7359685897827148,3.0
20,0.0,1.0,0.0,1.0,1.0,0.0,0.805206298828125,0.7865753173828125,0.7462654113769531,0.764801025390625,0.7829437255859375,0.7420120239257812,4.0
21,1.0,1.0,0.0,1.0,1.0,0.0,0.805206298828125,0.7865753173828125,0.7462654113769531,0.764801025390625,0.7829437255859375,0.7420120239257812,4.0
22,1.0,1.0,0.0,1.0,1.0,0.0,0.8014678955078125,0.7802963256835938,0.7421493530273438,0.7650794982910156,0.7825546264648438,0.7383823394775391,3.0
23,0.0,1.0,0.0,1.0,1.0,0.0,0.7667694091796875,0.7306289672851562,0.6769218444824219,0.6933517456054688,0.7292861938476562,0.6717128753662109,0.0
24,0.0,1.0,0.0,0.0,1.0,0.0,0.7965164184570312,0.7729721069335938,0.7392177581787109,0.7635231018066406,0.7812652587890625,0.7372636795043945,2.0
25,0.0,1.0,0.0,0.0,1.0,0.0,0.7965164184570312,0.7729721069335938,0.7392177581787109,0.7635231018066406,0.7812652587890625,0.7372636795043945,2.0
26,0.0,0.0,0.0,0.0,0.0,0.0,0.7931442260742188,0.770965576171875,0.7363691329956055,0.7579936981201172,0.7760467529296875,0.737421989440918,4.0
27,0.0,0.0,0.0,0.0,0.0,0.0,0.7940521240234375,0.7695083618164062,0.7361564636230469,0.7610273361206055,0.7786636352539062,0.7357749938964844,2.0
28,0.0,0.0,0.0,0.0,0.0,0.0,0.8044662475585938,0.780670166015625,0.7384662628173828,0.7636318206787109,0.7805328369140625,0.7377243041992188,3.0
29,0.0,0.0,0.0,0.0,0.0,0.0,0.7549514770507812,0.7120132446289062,0.6580753326416016,0.6789741516113281,0.7128868103027344,0.6652736663818359,0.0
30,1.0,1.0,0.0,0.0,1.0,0.0,0.7550125122070312,0.7116622924804688,0.6576271057128906,0.6788578033447266,0.7124252319335938,0.6652088165283203,0.0
31,1.0,1.0,0.0,0.0,1.0,0.0,0.7967300415039062,0.7371902465820312,0.7040786743164062,0.7283306121826172,0.73486328125,0.7116069793701172,1.0
32,1.0,1.0,0.0,0.0,1.0,0.0,0.7553939819335938,0.7112503051757812,0.6572742462158203,0.6788959503173828,0.7114944458007812,0.6652431488037109,0.0
33,1.0,1.0,0.0,0.0,1.0,0.0,0.8033828735351562,0.7777786254882812,0.7363700866699219,0.7618427276611328,0.781219482421875,0.7365970611572266,2.0
34,1.0,1.0,0.0,0.0,1.0,0.0,0.7975997924804688,0.7745208740234375,0.7371273040771484,0.7591743469238281,0.7769432067871094,0.7372827529907227,4.0
35,1.0,1.0,0.0,0.0,1.0,0.0,0.8009872436523438,0.7774505615234375,0.73681640625,0.7618675231933594,0.7797927856445312,0.7365131378173828,3.0
36,1.0,1.0,0.0,0.0,1.0,0.0,0.8019180297851562,0.7777175903320312,0.7364253997802734,0.7613658905029297,0.77960205078125,0.7361221313476562,3.0
37,1.0,1.0,0.0,0.0,1.0,0.0,0.7989883422851562,0.7751922607421875,0.7371749877929688,0.7592563629150391,0.7773056030273438,0.7372322082519531,4.0
38,0.0,0.0,0.0,0.0,0.0,0.0,0.8009185791015625,0.7775421142578125,0.7369956970214844,0.7620677947998047,0.7799758911132812,0.7366704940795898,3.0
39,0.0,0.0,0.0,0.0,0.0,0.0,0.7989654541015625,0.7732315063476562,0.7348613739013672,0.7607936859130859,0.778900146484375,0.7350177764892578,2.0
40,1.0,1.0,1.0,1.0,1.0,1.0,0.8443450927734375,0.8314971923828125,0.8010482788085938,0.81597900390625,0.8119888305664062,0.7821807861328125,4.0
41,0.0,1.0,1.0,1.0,1.0,1.0,0.83636474609375,0.7787857055664062,0.7531967163085938,0.77294921875,0.7537841796875,0.7488174438476562,1.0
42,1.0,1.0,1.0,1.0,1.0,1.0,0.847076416015625,0.8193130493164062,0.7967948913574219,0.82342529296875,0.8183364868164062,0.7738189697265625,2.0
43,1.0,1.0,1.0,1.0,1.0,1.0,0.8284149169921875,0.784271240234375,0.7562904357910156,0.7787933349609375,0.7842330932617188,0.7329330444335938,0.0
44,1.0,1.0,1.0,1.0,1.0,1.0,0.79058837890625,0.7489852905273438,0.6941986083984375,0.7139968872070312,0.7381973266601562,0.6839447021484375,0.0
45,1.0,1.0,1.0,1.0,1.0,1.0,0.8097076416015625,0.7854461669921875,0.7471733093261719,0.7675018310546875,0.782684326171875,0.7375583648681641,2.0
46,1.0,1.0,0.0,0.0,0.0,0.0,0.8176651000976562,0.7955169677734375,0.7523117065429688,0.7744140625,0.7841110229492188,0.7421646118164062,3.0
47,1.0,1.0,0.0,0.0,0.0,0.0,0.8288726806640625,0.8084640502929688,0.7652969360351562,0.7890968322753906,0.7970046997070312,0.7528076171875,2.0
48,1.0,1.0,1.0,1.0,1.0,0.0,0.831939697265625,0.7682342529296875,0.74737548828125,0.7742691040039062,0.7600555419921875,0.7306137084960938,1.0
49,1.0,1.0,1.0,1.0,1.0,0.0,0.7997283935546875,0.7620010375976562,0.7123069763183594,0.7346038818359375,0.7536544799804688,0.6892280578613281,0.0
50,0.0,1.0,1.0,1.0,0.0,1.0,0.8177261352539062,0.7976455688476562,0.7584915161132812,0.7828369140625,0.7927932739257812,0.7466201782226562,3.0
51,0.0,1.0,1.0,1.0,0.0,1.0,0.76953125,0.7319793701171875,0.6823959350585938,0.6981964111328125,0.7245941162109375,0.6726455688476562,0.0
52,0.0,0.0,0.0,0.0,0.0,0.0,0.79559326171875,0.77105712890625,0.7370500564575195,0.7610301971435547,0.7793197631835938,0.7361612319946289,2.0
53,0.0,0.0,0.0,0.0,0.0,0.0,0.8003158569335938,0.7775650024414062,0.7396583557128906,0.7618179321289062,0.779052734375,0.7392368316650391,4.0
54,1.0,1.0,0.0,1.0,1.0,0.0,0.7975540161132812,0.738311767578125,0.706878662109375,0.7313003540039062,0.7356491088867188,0.7122573852539062,1.0
55,1.0,1.0,0.0,1.0,1.0,0.0,0.7957305908203125,0.7711868286132812,0.7368030548095703,0.7610092163085938,0.7794418334960938,0.7362203598022461,2.0
56,1.0,1.0,0.0,0.0,1.0,0.0,0.7628402709960938,0.7230758666992188,0.6703071594238281,0.6885757446289062,0.7233963012695312,0.6714420318603516,0.0
57,1.0,1.0,0.0,0.0,1.0,0.0,0.8051986694335938,0.782958984375,0.7426242828369141,0.7665996551513672,0.7828292846679688,0.7395563125610352,3.0
58,0.0,0.0,0.0,0.0,0.0,0.0,0.7968826293945312,0.7384414672851562,0.70770263671875,0.7317848205566406,0.73614501953125,0.7129745483398438,1.0
59,0.0,0.0,0.0,0.0,0.0,0.0,0.7622146606445312,0.7237167358398438,0.6692371368408203,0.6880016326904297,0.7230148315429688,0.6708593368530273,0.0
60,0.0,0.0,0.0,0.0,0.0,0.0,0.794219970703125,0.7696609497070312,0.7362384796142578,0.7608852386474609,0.7787055969238281,0.7356939315795898,2.0
61,0.0,0.0,0.0,0.0,0.0,0.0,0.8009567260742188,0.7791213989257812,0.7405910491943359,0.7643585205078125,0.7820205688476562,0.7381296157836914,3.0
62,0.0,0.0,0.0,0.0,0.0,0.0,0.8092193603515625,0.7870559692382812,0.7478485107421875,0.7742080688476562,0.7813186645507812,0.7416610717773438,2.0
63,0.0,0.0,0.0,0.0,0.0,0.0,0.8064727783203125,0.7464599609375,0.7112045288085938,0.7377891540527344,0.7402496337890625,0.7130146026611328,1.0
64,0.0,0.0,0.0,0.0,0.0,0.0,0.8013839721679688,0.7797393798828125,0.7407112121582031,0.7637977600097656,0.7760086059570312,0.7399482727050781,4.0
65,0.0,0.0,0.0,0.0,0.0,0.0,0.76416015625,0.7204132080078125,0.6652641296386719,0.6874275207519531,0.7179183959960938,0.6696949005126953,0.0
66,1.0,1.0,1.0,1.0,1.0,1.0,0.8120803833007812,0.788726806640625,0.7466278076171875,0.7694168090820312,0.7876205444335938,0.7435884475708008,2.0
67,0.0,0.0,0.0,1.0,1.0,1.0,0.7831878662109375,0.7432098388671875,0.6846237182617188,0.7060356140136719,0.7352447509765625,0.6808528900146484,0.0
68,1.0,1.0,1.0,1.0,1.0,1.0,0.8412933349609375,0.8139915466308594,0.7971534729003906,0.8198280334472656,0.8142318725585938,0.7757339477539062,2.0
69,0.0,1.0,1.0,1.0,1.0,0.0,0.815948486328125,0.7674407958984375,0.7285842895507812,0.7579498291015625,0.76611328125,0.7071990966796875,0.0
70,1.0,1.0,1.0,1.0,1.0,0.0,0.81182861328125,0.7689208984375,0.7329635620117188,0.7568130493164062,0.7625579833984375,0.7062911987304688,0.0
71,0.0,0.0,0.0,0.0,0.0,0.0,0.797271728515625,0.773895263671875,0.7390804290771484,0.7619419097900391,0.7789306640625,0.7368268966674805,2.0
72,1.0,1.0,0.0,0.0,1.0,1.0,0.81085205078125,0.7870025634765625,0.7470970153808594,0.7694911956787109,0.7843399047851562,0.7431354522705078,2.0
73,0.0,0.0,0.0,0.0,0.0,0.0,0.7784194946289062,0.7404861450195312,0.6839332580566406,0.7054557800292969,0.73175048828125,0.6791000366210938,0.0
74,1.0,1.0,0.0,0.0,1.0,0.0,0.8416748046875,0.8201828002929688,0.7824935913085938,0.8081283569335938,0.8084030151367188,0.7650680541992188,2.0
75,1.0,1.0,1.0,1.0,1.0,0.0,0.82708740234375,0.8018035888671875,0.7655982971191406,0.7906646728515625,0.7952651977539062,0.7538528442382812,3.0
76,1.0,1.0,0.0,1.0,1.0,0.0,0.7989044189453125,0.7542190551757812,0.7091751098632812,0.7326202392578125,0.747589111328125,0.6915168762207031,0.0
77,0.0,0.0,0.0,0.0,0.0,0.0,0.8037338256835938,0.779022216796875,0.7376613616943359,0.7630233764648438,0.7809066772460938,0.7370738983154297,2.0
78,1.0,1.0,0.0,0.0,1.0,1.0,0.758819580078125,0.7157363891601562,0.6597900390625,0.6792201995849609,0.7113418579101562,0.6656265258789062,0.0
79,0.0,1.0,1.0,1.0,1.0,0.0,0.8192291259765625,0.7955894470214844,0.7630081176757812,0.7855911254882812,0.7882766723632812,0.7447433471679688,3.0
80,0.0,1.0,0.0,0.0,1.0,0.0,0.8177566528320312,0.7981109619140625,0.759033203125,0.7784423828125,0.79278564453125,0.7492713928222656,2.0
81,1.0,1.0,1.0,0.0,1.0,1.0,0.837188720703125,0.76611328125,0.7367286682128906,0.7642745971679688,0.7472610473632812,0.727935791015625,1.0
82,1.0,1.0,0.0,0.0,1.0,0.0,0.8123550415039062,0.7932357788085938,0.7524833679199219,0.7729911804199219,0.7876205444335938,0.7438735961914062,2.0
83,1.0,1.0,0.0,0.0,1.0,0.0,0.8208770751953125,0.7575149536132812,0.7250213623046875,0.7511444091796875,0.745269775390625,0.7198219299316406,1.0
84,1.0,1.0,0.0,0.0,0.0,0.0,0.8168182373046875,0.7943038940429688,0.7492332458496094,0.7724113464355469,0.7881851196289062,0.7459907531738281,2.0
85,1.0,1.0,1.0,1.0,1.0,1.0,0.8487091064453125,0.8183517456054688,0.8004798889160156,0.82659912109375,0.8199005126953125,0.7783660888671875,2.0
86,1.0,1.0,1.0,1.0,1.0,1.0,0.8043746948242188,0.7427902221679688,0.7069282531738281,0.7306442260742188,0.733306884765625,0.7088203430175781,1.0
87,0.0,0.0,0.0,0.0,0.0,0.0,0.8372955322265625,0.8162841796875,0.7767562866210938,0.7993927001953125,0.8031082153320312,0.7610054016113281,4.0
88,0.0,0.0,1.0,0.0,0.0,0.0,0.828582763671875,0.76824951171875,0.7425994873046875,0.7638168334960938,0.743438720703125,0.7381134033203125,1.0
89,0.0,0.0,0.0,0.0,0.0,0.0,0.827117919921875,0.8072280883789062,0.7705459594726562,0.7933578491210938,0.801544189453125,0.7546005249023438,3.0
90,0.0,1.0,1.0,1.0,1.0,1.0,0.8405303955078125,0.8073158264160156,0.7862586975097656,0.8087158203125,0.8059539794921875,0.762939453125,3.0
91,0.0,0.0,0.0,0.0,0.0,0.0,0.805267333984375,0.78076171875,0.7417621612548828,0.7636585235595703,0.7800750732421875,0.7410383224487305,4.0
92,0.0,0.0,0.0,0.0,0.0,0.0,0.8040084838867188,0.7800521850585938,0.7385501861572266,0.7673320770263672,0.779754638671875,0.7384452819824219,2.0
93,0.0,0.0,0.0,0.0,0.0,0.0,0.8095169067382812,0.7874603271484375,0.7522773742675781,0.7733039855957031,0.7822265625,0.7415561676025391,3.0
94,1.0,1.0,0.0,0.0,0.0,0.0,0.8021774291992188,0.7741470336914062,0.7366600036621094,0.760716438293457,0.7815437316894531,0.7375469207763672,2.0
95,0.0,1.0,1.0,1.0,0.0,1.0,0.837646484375,0.8175125122070312,0.7849807739257812,0.803924560546875,0.8092193603515625,0.7671585083007812,4.0
96,0.0,0.0,0.0,0.0,0.0,0.0,0.8052597045898438,0.7462844848632812,0.7135734558105469,0.7363166809082031,0.7365493774414062,0.7130317687988281,1.0
97,1.0,1.0,1.0,1.0,1.0,1.0,0.852874755859375,0.8183517456054688,0.8001289367675781,0.8233718872070312,0.82086181640625,0.7813949584960938,2.0
98,0.0,0.0,0.0,0.0,0.0,0.0,0.7981185913085938,0.7756195068359375,0.7385807037353516,0.7589149475097656,0.7778549194335938,0.7393941879272461,4.0
99,1.0,0.0,0.0,0.0,0.0,0.0,0.7575302124023438,0.71551513671875,0.6608123779296875,0.6798248291015625,0.7132110595703125,0.6672420501708984,0.0
100,1.0,1.0,0.0,0.0,1.0,0.0,0.7618789672851562,0.7193756103515625,0.6617889404296875,0.6832637786865234,0.7162399291992188,0.6671085357666016,0.0
101,0.0,0.0,0.0,0.0,0.0,0.0,0.7551651000976562,0.7112960815429688,0.6590747833251953,0.6794147491455078,0.7137985229492188,0.6640777587890625,0.0
102,1.0,1.0,0.0,1.0,1.0,0.0,0.84246826171875,0.8194732666015625,0.7865829467773438,0.808868408203125,0.8121261596679688,0.7661056518554688,2.0
103,1.0,1.0,0.0,1.0,1.0,0.0,0.8299102783203125,0.8062248229980469,0.7764892578125,0.7970962524414062,0.80084228515625,0.7563591003417969,4.0
104,1.0,1.0,1.0,1.0,1.0,0.0,0.8389434814453125,0.8144378662109375,0.7886924743652344,0.8166275024414062,0.8118133544921875,0.7606048583984375,2.0
105,0.0,0.0,0.0,0.0,0.0,0.0,0.8102493286132812,0.7884597778320312,0.7517471313476562,0.7755622863769531,0.7890701293945312,0.7445487976074219,2.0
106,0.0,1.0,1.0,1.0,0.0,1.0,0.8257598876953125,0.80419921875,0.768218994140625,0.79046630859375,0.7968902587890625,0.7518272399902344,2.0
107,0.0,1.0,1.0,1.0,0.0,1.0,0.7713851928710938,0.73040771484375,0.6821556091308594,0.7004661560058594,0.7293548583984375,0.6752185821533203,0.0
108,0.0,0.0,0.0,0.0,0.0,0.0,0.8063507080078125,0.782958984375,0.7429924011230469,0.7656211853027344,0.7818679809570312,0.7385673522949219,3.0
109,1.0,1.0,1.0,1.0,0.0,0.0,0.8281707763671875,0.7794647216796875,0.75164794921875,0.7781829833984375,0.7847061157226562,0.7266769409179688,0.0
110,1.0,1.0,1.0,1.0,1.0,0.0,0.8325958251953125,0.8060836791992188,0.7757797241210938,0.8000717163085938,0.8036727905273438,0.7595329284667969,2.0
111,1.0,1.0,1.0,1.0,1.0,0.0,0.849212646484375,0.7741432189941406,0.7590599060058594,0.7904434204101562,0.7683792114257812,0.7403488159179688,1.0
112,0.0,0.0,0.0,0.0,0.0,0.0,0.8109970092773438,0.7901458740234375,0.7489852905273438,0.7708244323730469,0.7843017578125,0.7441749572753906,4.0
113,1.0,1.0,1.0,1.0,1.0,1.0,0.8168716430664062,0.7551956176757812,0.724395751953125,0.7477493286132812,0.7469940185546875,0.7168235778808594,1.0
114,1.0,1.0,0.0,0.0,0.0,0.0,0.7996978759765625,0.7751846313476562,0.736236572265625,0.7579803466796875,0.7744979858398438,0.7332878112792969,3.0
115,1.0,1.0,0.0,0.0,1.0,0.0,0.7689056396484375,0.7309188842773438,0.677764892578125,0.6963691711425781,0.7229156494140625,0.6691360473632812,0.0
116,1.0,1.0,1.0,1.0,1.0,1.0,0.8361663818359375,0.8110504150390625,0.7839431762695312,0.809173583984375,0.806060791015625,0.7615585327148438,3.0
117,1.0,1.0,1.0,1.0,1.0,0.0,0.8503570556640625,0.8203582763671875,0.7979965209960938,0.82427978515625,0.8187713623046875,0.7761306762695312,2.0
118,0.0,1.0,1.0,1.0,0.0,1.0,0.855377197265625,0.8243255615234375,0.7999382019042969,0.8246917724609375,0.8205718994140625,0.7787017822265625,3.0
119,1.0,1.0,1.0,1.0,1.0,0.0,0.8236923217773438,0.8008956909179688,0.773834228515625,0.7919998168945312,0.7942352294921875,0.7556915283203125,3.0
120,0.0,0.0,0.0,0.0,0.0,0.0,0.8413848876953125,0.8193588256835938,0.7911224365234375,0.8132705688476562,0.8109283447265625,0.7720603942871094,2.0
121,1.0,1.0,0.0,0.0,1.0,0.0,0.8007583618164062,0.7761993408203125,0.7378273010253906,0.7584686279296875,0.7767105102539062,0.7378044128417969,4.0
122,0.0,1.0,1.0,1.0,1.0,0.0,0.8251266479492188,0.8015518188476562,0.7650985717773438,0.7840728759765625,0.7922134399414062,0.7506561279296875,4.0
123,0.0,0.0,0.0,0.0,0.0,0.0,0.7682723999023438,0.72723388671875,0.6673240661621094,0.6906452178955078,0.7204666137695312,0.6690349578857422,0.0
124,0.0,0.0,0.0,0.0,0.0,0.0,0.774017333984375,0.7345962524414062,0.6791572570800781,0.6998329162597656,0.7309341430664062,0.6788997650146484,0.0
125,0.0,1.0,1.0,1.0,0.0,1.0,0.837066650390625,0.8123550415039062,0.7799568176269531,0.8055953979492188,0.8008193969726562,0.75830078125,2.0
126,0.0,1.0,1.0,1.0,1.0,1.0,0.8184356689453125,0.7548599243164062,0.7220306396484375,0.7471923828125,0.7437820434570312,0.7178153991699219,1.0
127,1.0,1.0,0.0,0.0,1.0,0.0,0.8101043701171875,0.7917404174804688,0.7505683898925781,0.7748832702636719,0.7854156494140625,0.7423343658447266,3.0
128,1.0,1.0,0.0,0.0,0.0,0.0,0.75750732421875,0.712188720703125,0.6631546020507812,0.6827468872070312,0.7154769897460938,0.6668491363525391,0.0
129,0.0,0.0,0.0,1.0,1.0,0.0,0.8025436401367188,0.7409286499023438,0.7073860168457031,0.7339439392089844,0.7365493774414062,0.7127819061279297,1.0
130,1.0,1.0,1.0,1.0,1.0,0.0,0.848724365234375,0.82159423828125,0.79827880859375,0.822509765625,0.8221282958984375,0.7807998657226562,4.0
131,1.0,1.0,1.0,1.0,1.0,1.0,0.8162155151367188,0.7508468627929688,0.7159843444824219,0.7393875122070312,0.7397079467773438,0.7142829895019531,1.0
132,0.0,1.0,1.0,1.0,0.0,1.0,0.8303985595703125,0.81451416015625,0.7847366333007812,0.8052520751953125,0.8033905029296875,0.7606887817382812,2.0
133,0.0,0.0,0.0,0.0,0.0,0.0,0.8129806518554688,0.7918167114257812,0.7468109130859375,0.7696456909179688,0.7868423461914062,0.7431545257568359,3.0
134,0.0,0.0,0.0,0.0,0.0,0.0,0.8099441528320312,0.7868423461914062,0.7464828491210938,0.7651786804199219,0.779083251953125,0.7399749755859375,4.0
135,1.0,1.0,1.0,0.0,1.0,0.0,0.7748184204101562,0.7377395629882812,0.6803359985351562,0.6998786926269531,0.7267684936523438,0.6737785339355469,0.0
136,1.0,1.0,1.0,0.0,1.0,0.0,0.81121826171875,0.784088134765625,0.7376213073730469,0.7644062042236328,0.7802200317382812,0.7391490936279297,2.0
137,0.0,0.0,0.0,0.0,0.0,0.0,0.8034744262695312,0.7771377563476562,0.7372446060180664,0.7631435394287109,0.7792892456054688,0.7393789291381836,2.0
138,0.0,0.0,0.0,0.0,0.0,0.0,0.8009185791015625,0.77484130859375,0.7383289337158203,0.7627811431884766,0.7812347412109375,0.7375030517578125,2.0
139,0.0,0.0,0.0,0.0,0.0,0.0,0.7965850830078125,0.7707748413085938,0.7356643676757812,0.759307861328125,0.7775497436523438,0.7362909317016602,2.0
140,0.0,0.0,0.0,0.0,0.0,0.0,0.7962493896484375,0.7347946166992188,0.7029304504394531,0.7268753051757812,0.731658935546875,0.7099819183349609,1.0
141,1.0,1.0,0.0,1.0,1.0,0.0,0.7909469604492188,0.7462158203125,0.6925163269042969,0.7152175903320312,0.7331924438476562,0.6804370880126953,0.0
142,1.0,1.0,0.0,0.0,1.0,0.0,0.8158035278320312,0.7521896362304688,0.7221870422363281,0.746917724609375,0.7440185546875,0.7159271240234375,1.0
143,1.0,1.0,0.0,0.0,1.0,0.0,0.8029937744140625,0.7774276733398438,0.7400054931640625,0.7611751556396484,0.7799148559570312,0.7379417419433594,4.0
144,0.0,0.0,0.0,0.0,0.0,0.0,0.801025390625,0.7733688354492188,0.7322616577148438,0.7582302093505859,0.7777557373046875,0.7342948913574219,2.0
145,0.0,0.0,0.0,0.0,0.0,0.0,0.8003311157226562,0.777679443359375,0.7382907867431641,0.7619667053222656,0.7803878784179688,0.7375612258911133,3.0
146,1.0,1.0,1.0,1.0,1.0,0.0,0.849945068359375,0.8148880004882812,0.7990188598632812,0.8239288330078125,0.8209152221679688,0.7839813232421875,4.0
147,1.0,1.0,0.0,1.0,1.0,0.0,0.820831298828125,0.7537727355957031,0.7263107299804688,0.7526473999023438,0.742340087890625,0.7202072143554688,1.0
148,0.0,0.0,0.0,0.0,0.0,0.0,0.8001022338867188,0.742218017578125,0.7090530395507812,0.7358169555664062,0.738067626953125,0.7130508422851562,1.0
149,1.0,0.0,0.0,0.0,0.0,0.0,0.8137893676757812,0.79156494140625,0.7489891052246094,0.7720718383789062,0.7859954833984375,0.7415180206298828,3.0
150,0.0,0.0,0.0,0.0,0.0,0.0,0.8263320922851562,0.8079681396484375,0.770050048828125,0.7916412353515625,0.7989273071289062,0.7552642822265625,4.0
151,1.0,1.0,0.0,0.0,0.0,0.0,0.8021926879882812,0.7752532958984375,0.7370567321777344,0.7584629058837891,0.7762069702148438,0.7349395751953125,4.0
152,0.0,0.0,0.0,0.0,0.0,0.0,0.8052978515625,0.7806625366210938,0.7413768768310547,0.7622661590576172,0.7809600830078125,0.7406768798828125,4.0
153,1.0,1.0,1.0,1.0,1.0,0.0,0.8459625244140625,0.8084983825683594,0.7871017456054688,0.8145599365234375,0.8141937255859375,0.7664108276367188,3.0
154,0.0,0.0,0.0,0.0,0.0,0.0,0.8190689086914062,0.7991485595703125,0.7589874267578125,0.7795181274414062,0.789825439453125,0.7508544921875,3.0
155,0.0,0.0,0.0,0.0,0.0,0.0,0.7981796264648438,0.736480712890625,0.7022895812988281,0.7276229858398438,0.7297592163085938,0.7112865447998047,1.0
156,0.0,0.0,0.0,0.0,0.0,0.0,0.8196334838867188,0.7532119750976562,0.7279052734375,0.7507438659667969,0.7440261840820312,0.7211456298828125,1.0
157,1.0,1.0,1.0,1.0,1.0,1.0,0.8385772705078125,0.8108367919921875,0.7835502624511719,0.8070526123046875,0.8061752319335938,0.7645339965820312,3.0
158,1.0,1.0,1.0,1.0,1.0,1.0,0.8104705810546875,0.7483596801757812,0.7147216796875,0.7390213012695312,0.73492431640625,0.7105140686035156,1.0
159,0.0,0.0,0.0,0.0,0.0,0.0,0.8033294677734375,0.7788238525390625,0.7383022308349609,0.7619380950927734,0.780181884765625,0.7374477386474609,3.0
160,0.0,0.0,0.0,0.0,0.0,0.0,0.8032760620117188,0.781494140625,0.7421627044677734,0.7617893218994141,0.7801055908203125,0.7411537170410156,4.0
161,1.0,1.0,0.0,0.0,1.0,0.0,0.8225860595703125,0.8016586303710938,0.7605056762695312,0.7806053161621094,0.79205322265625,0.7512378692626953,4.0
162,1.0,1.0,0.0,0.0,0.0,0.0,0.8159637451171875,0.7761688232421875,0.73675537109375,0.7576217651367188,0.7711029052734375,0.7089385986328125,0.0
163,0.0,0.0,0.0,0.0,0.0,0.0,0.7620697021484375,0.7211151123046875,0.6642608642578125,0.6879005432128906,0.7187957763671875,0.6698160171508789,0.0
164,1.0,1.0,0.0,0.0,1.0,0.0,0.8155975341796875,0.75433349609375,0.7164535522460938,0.7467880249023438,0.7456588745117188,0.7157974243164062,1.0
165,1.0,1.0,1.0,1.0,1.0,1.0,0.8480377197265625,0.819000244140625,0.79833984375,0.8239822387695312,0.8213348388671875,0.77972412109375,2.0
166,1.0,1.0,1.0,1.0,1.0,0.0,0.8449554443359375,0.8148536682128906,0.7957191467285156,0.8177108764648438,0.8164520263671875,0.7740325927734375,4.0
167,1.0,1.0,1.0,1.0,1.0,0.0,0.842926025390625,0.8134727478027344,0.7916259765625,0.8165130615234375,0.813018798828125,0.7682952880859375,2.0
168,0.0,0.0,0.0,0.0,0.0,0.0,0.7581939697265625,0.7159347534179688,0.6610507965087891,0.6823177337646484,0.7154312133789062,0.6654825210571289,0.0
169,0.0,1.0,0.0,1.0,1.0,1.0,0.8286590576171875,0.8063125610351562,0.7692184448242188,0.7934494018554688,0.8023452758789062,0.7559280395507812,3.0
170,1.0,1.0,0.0,1.0,1.0,1.0,0.7755050659179688,0.733154296875,0.6803550720214844,0.7017669677734375,0.7242584228515625,0.6758918762207031,0.0
171,0.0,0.0,0.0,0.0,0.0,0.0,0.8015594482421875,0.7764968872070312,0.7383842468261719,0.7624378204345703,0.781768798828125,0.7386302947998047,2.0
172,1.0,1.0,0.0,1.0,1.0,0.0,0.8190383911132812,0.7962112426757812,0.7545890808105469,0.7778053283691406,0.7883377075195312,0.7448291778564453,3.0
173,1.0,1.0,1.0,0.0,1.0,0.0,0.7706146240234375,0.72686767578125,0.6741676330566406,0.6938095092773438,0.7193832397460938,0.67156982421875,0.0
174,1.0,1.0,1.0,1.0,0.0,1.0,0.8187408447265625,0.75689697265625,0.7351837158203125,0.7569007873535156,0.7494888305664062,0.7297592163085938,1.0
175,1.0,1.0,0.0,1.0,1.0,1.0,0.8287811279296875,0.77496337890625,0.7522201538085938,0.7765731811523438,0.7791213989257812,0.7334365844726562,0.0
176,1.0,1.0,0.0,1.0,1.0,0.0,0.8423614501953125,0.8105201721191406,0.7889480590820312,0.8134841918945312,0.8136062622070312,0.764007568359375,3.0
177,0.0,1.0,1.0,1.0,1.0,1.0,0.8251571655273438,0.7677993774414062,0.7411346435546875,0.7699356079101562,0.7563400268554688,0.7289810180664062,1.0
178,0.0,1.0,1.0,1.0,1.0,0.0,0.823577880859375,0.76080322265625,0.7245635986328125,0.7522811889648438,0.7491073608398438,0.7196083068847656,1.0
179,1.0,1.0,0.0,1.0,1.0,0.0,0.8140869140625,0.7539520263671875,0.7164497375488281,0.7396736145019531,0.742034912109375,0.7156028747558594,1.0
180,0.0,0.0,0.0,0.0,0.0,0.0,0.8140945434570312,0.7923965454101562,0.7582550048828125,0.7806167602539062,0.7895050048828125,0.7436370849609375,3.0
181,1.0,1.0,1.0,1.0,0.0,0.0,0.8341827392578125,0.7631683349609375,0.7458381652832031,0.7673721313476562,0.75372314453125,0.73193359375,1.0
182,0.0,0.0,0.0,0.0,0.0,0.0,0.796630859375,0.7700576782226562,0.7356252670288086,0.7600688934326172,0.7781143188476562,0.7360963821411133,2.0
183,1.0,1.0,1.0,1.0,1.0,1.0,0.8521881103515625,0.8207969665527344,0.7982101440429688,0.825103759765625,0.8190460205078125,0.7781906127929688,2.0
184,1.0,1.0,1.0,1.0,1.0,1.0,0.8154296875,0.7649459838867188,0.7273178100585938,0.7548065185546875,0.7602081298828125,0.70550537109375,0.0
185,0.0,0.0,0.0,0.0,0.0,0.0,0.7539138793945312,0.7130355834960938,0.6577644348144531,0.6784133911132812,0.7116813659667969,0.6648578643798828,0.0
186,1.0,1.0,1.0,1.0,1.0,1.0,0.8308258056640625,0.8072586059570312,0.7779388427734375,0.7967605590820312,0.800384521484375,0.7564888000488281,4.0
187,1.0,1.0,1.0,1.0,1.0,0.0,0.801300048828125,0.778839111328125,0.7388744354248047,0.7593860626220703,0.7772064208984375,0.7380971908569336,4.0
188,1.0,1.0,0.0,0.0,1.0,0.0,0.7667388916015625,0.7244949340820312,0.6703109741210938,0.6925201416015625,0.7208099365234375,0.66748046875,0.0
189,1.0,1.0,1.0,1.0,0.0,0.0,0.843353271484375,0.8180084228515625,0.7919921875,0.8141021728515625,0.8142547607421875,0.773773193359375,4.0
190,0.0,0.0,0.0,0.0,0.0,0.0,0.8008804321289062,0.7776107788085938,0.7382259368896484,0.7623786926269531,0.7811508178710938,0.7373828887939453,3.0
191,0.0,0.0,0.0,0.0,0.0,0.0,0.7991714477539062,0.7755966186523438,0.7419166564941406,0.7644538879394531,0.7797927856445312,0.7347888946533203,3.0
192,0.0,1.0,0.0,1.0,1.0,0.0,0.8079605102539062,0.75018310546875,0.7131843566894531,0.7387466430664062,0.7398910522460938,0.7155742645263672,1.0
193,0.0,0.0,0.0,0.0,0.0,0.0,0.8040618896484375,0.7796783447265625,0.7383918762207031,0.7645092010498047,0.7831573486328125,0.7378273010253906,2.0
194,1.0,1.0,1.0,1.0,0.0,0.0,0.8001022338867188,0.7726058959960938,0.7304553985595703,0.7563705444335938,0.7730026245117188,0.7315826416015625,2.0
195,0.0,1.0,1.0,1.0,1.0,1.0,0.8201446533203125,0.7591323852539062,0.7362213134765625,0.7588119506835938,0.7481765747070312,0.7221107482910156,1.0
196,1.0,1.0,1.0,1.0,1.0,1.0,0.8339080810546875,0.7638778686523438,0.7464141845703125,0.7731781005859375,0.7598114013671875,0.7299652099609375,1.0
197,1.0,1.0,1.0,1.0,1.0,1.0,0.8409423828125,0.81439208984375,0.7848281860351562,0.8044586181640625,0.804931640625,0.7634811401367188,4.0
198,0.0,0.0,0.0,0.0,0.0,0.0,0.7808761596679688,0.7438507080078125,0.6937637329101562,0.7119789123535156,0.7372970581054688,0.6807098388671875,0.0
199,0.0,0.0,1.0,0.0,0.0,0.0,0.7647933959960938,0.7301483154296875,0.6763916015625,0.6911468505859375,0.723388671875,0.6729850769042969,0.0
200,0.0,0.0,0.0,0.0,0.0,0.0,0.8118743896484375,0.791107177734375,0.7493896484375,0.7696075439453125,0.7838211059570312,0.7475013732910156,4.0
201,1.0,1.0,1.0,1.0,1.0,0.0,0.845947265625,0.8171920776367188,0.7994613647460938,0.8225631713867188,0.8213729858398438,0.7817535400390625,4.0
202,1.0,1.0,1.0,1.0,1.0,1.0,0.8525390625,0.8136787414550781,0.7985801696777344,0.8235092163085938,0.8188247680664062,0.7863082885742188,4.0
203,0.0,0.0,1.0,0.0,0.0,1.0,0.790618896484375,0.75146484375,0.7041244506835938,0.7214736938476562,0.7392196655273438,0.6858367919921875,0.0
204,1.0,1.0,1.0,1.0,1.0,0.0,0.84063720703125,0.8216552734375,0.7952728271484375,0.8189010620117188,0.8176193237304688,0.7699508666992188,2.0
205,1.0,1.0,1.0,1.0,1.0,1.0,0.831207275390625,0.8061294555664062,0.7769241333007812,0.7991104125976562,0.7989730834960938,0.7553482055664062,4.0
206,1.0,1.0,1.0,1.0,1.0,0.0,0.8502655029296875,0.8169021606445312,0.7952346801757812,0.8202743530273438,0.817413330078125,0.777587890625,4.0
207,1.0,1.0,0.0,0.0,1.0,1.0,0.8071975708007812,0.7841415405273438,0.7404556274414062,0.7607803344726562,0.7783203125,0.7416725158691406,4.0
208,1.0,1.0,1.0,1.0,1.0,1.0,0.8343048095703125,0.7692298889160156,0.7476158142089844,0.7740402221679688,0.7546539306640625,0.7328033447265625,1.0
209,1.0,1.0,1.0,1.0,1.0,1.0,0.8136978149414062,0.7458038330078125,0.7076835632324219,0.7367095947265625,0.7327194213867188,0.7119674682617188,1.0
210,1.0,1.0,1.0,1.0,1.0,1.0,0.801788330078125,0.7625885009765625,0.7221755981445312,0.7442703247070312,0.7574615478515625,0.6935653686523438,0.0
211,1.0,1.0,1.0,1.0,1.0,1.0,0.7969131469726562,0.7698822021484375,0.7294483184814453,0.7537021636962891,0.7705307006835938,0.7292079925537109,2.0
212,0.0,0.0,0.0,0.0,0.0,0.0,0.76312255859375,0.7207870483398438,0.6659431457519531,0.6871376037597656,0.7203369140625,0.6689796447753906,0.0
213,1.0,1.0,0.0,0.0,0.0,0.0,0.8392333984375,0.8197708129882812,0.7849655151367188,0.808135986328125,0.8117752075195312,0.7640151977539062,2.0
214,1.0,1.0,0.0,0.0,0.0,0.0,0.8383026123046875,0.7681045532226562,0.7429389953613281,0.7744216918945312,0.7583465576171875,0.733306884765625,1.0
215,0.0,0.0,0.0,0.0,0.0,0.0,0.7987518310546875,0.7760391235351562,0.7402629852294922,0.7652359008789062,0.7840194702148438,0.7371969223022461,2.0
216,0.0,0.0,0.0,0.0,0.0,0.0,0.81304931640625,0.792449951171875,0.7510261535644531,0.7731094360351562,0.7869873046875,0.7442512512207031,4.0
217,0.0,0.0,0.0,0.0,0.0,0.0,0.8043746948242188,0.782012939453125,0.7397079467773438,0.7651786804199219,0.7804641723632812,0.7382011413574219,3.0
218,0.0,0.0,0.0,0.0,0.0,0.0,0.80157470703125,0.744659423828125,0.7077598571777344,0.7312107086181641,0.7347412109375,0.7130775451660156,1.0
219,1.0,1.0,0.0,0.0,1.0,0.0,0.8363494873046875,0.8125762939453125,0.7869644165039062,0.8103713989257812,0.8119049072265625,0.7688102722167969,4.0
220,0.0,1.0,0.0,0.0,1.0,1.0,0.7918319702148438,0.7570266723632812,0.7009658813476562,0.7234725952148438,0.7463455200195312,0.6870498657226562,0.0
221,1.0,1.0,0.0,0.0,0.0,0.0,0.7963180541992188,0.7351913452148438,0.6999530792236328,0.7255363464355469,0.7317886352539062,0.7075901031494141,1.0
222,1.0,1.0,0.0,0.0,1.0,0.0,0.8210525512695312,0.799041748046875,0.7616729736328125,0.787445068359375,0.7957382202148438,0.7490386962890625,2.0
223,0.0,0.0,0.0,0.0,0.0,0.0,0.8091049194335938,0.7873764038085938,0.7449989318847656,0.7684669494628906,0.7840499877929688,0.7411231994628906,3.0
224,1.0,1.0,0.0,0.0,0.0,0.0,0.8164291381835938,0.78985595703125,0.7402534484863281,0.7681922912597656,0.7827072143554688,0.7406387329101562,2.0
225,0.0,0.0,0.0,0.0,0.0,0.0,0.8114852905273438,0.788482666015625,0.7541275024414062,0.7802886962890625,0.7859878540039062,0.7470817565917969,4.0
226,1.0,1.0,1.0,1.0,1.0,0.0,0.8370819091796875,0.7807846069335938,0.7507247924804688,0.7789154052734375,0.7822036743164062,0.7312698364257812,0.0
227,0.0,1.0,1.0,1.0,0.0,1.0,0.8328704833984375,0.8093490600585938,0.7753753662109375,0.8010482788085938,0.804168701171875,0.7564315795898438,2.0
228,1.0,1.0,1.0,1.0,1.0,1.0,0.835174560546875,0.8166275024414062,0.7787551879882812,0.8028945922851562,0.8058242797851562,0.7576675415039062,2.0
229,1.0,1.0,1.0,1.0,1.0,1.0,0.84222412109375,0.8200454711914062,0.7867507934570312,0.8026123046875,0.8064651489257812,0.7660942077636719,4.0
230,0.0,0.0,0.0,0.0,0.0,0.0,0.7992935180664062,0.7739944458007812,0.7360820770263672,0.7572650909423828,0.773956298828125,0.735682487487793,4.0
231,0.0,0.0,0.0,0.0,0.0,0.0,0.7617950439453125,0.7226791381835938,0.66357421875,0.6839542388916016,0.7167434692382812,0.668339729309082,0.0
232,0.0,0.0,0.0,0.0,0.0,0.0,0.8292922973632812,0.8091354370117188,0.7657089233398438,0.7916946411132812,0.7985076904296875,0.7547760009765625,2.0
233,0.0,1.0,1.0,1.0,1.0,1.0,0.8245849609375,0.76153564453125,0.7407608032226562,0.7686614990234375,0.7548904418945312,0.7339553833007812,1.0
234,0.0,1.0,1.0,1.0,0.0,1.0,0.827362060546875,0.8027420043945312,0.7665176391601562,0.7889862060546875,0.792205810546875,0.7507171630859375,3.0
235,0.0,0.0,0.0,0.0,0.0,0.0,0.812652587890625,0.7879791259765625,0.7438735961914062,0.7701988220214844,0.7844619750976562,0.7429351806640625,2.0
236,1.0,1.0,0.0,0.0,1.0,0.0,0.8179168701171875,0.7573089599609375,0.7305717468261719,0.756805419921875,0.7574234008789062,0.7207679748535156,1.0
237,1.0,1.0,1.0,1.0,1.0,1.0,0.7970733642578125,0.758819580078125,0.7107925415039062,0.73431396484375,0.750885009765625,0.6922073364257812,0.0
238,1.0,1.0,1.0,1.0,1.0,1.0,0.8161773681640625,0.790130615234375,0.749664306640625,0.7696990966796875,0.781646728515625,0.7397270202636719,3.0
239,0.0,0.0,0.0,0.0,0.0,0.0,0.7675857543945312,0.7251968383789062,0.66644287109375,0.6901569366455078,0.7204971313476562,0.6694355010986328,0.0
240,0.0,0.0,0.0,0.0,0.0,0.0,0.7834091186523438,0.7405242919921875,0.6799049377441406,0.7046318054199219,0.731903076171875,0.6792526245117188,0.0
241,1.0,1.0,1.0,1.0,1.0,1.0,0.8454132080078125,0.817535400390625,0.794342041015625,0.8158950805664062,0.81640625,0.7739715576171875,4.0
242,0.0,0.0,0.0,0.0,0.0,0.0,0.8119430541992188,0.7882232666015625,0.7461204528808594,0.7701606750488281,0.78399658203125,0.7416400909423828,2.0
243,0.0,0.0,0.0,0.0,0.0,0.0,0.8129348754882812,0.75360107421875,0.7221107482910156,0.7451629638671875,0.73974609375,0.7179183959960938,1.0
244,1.0,1.0,1.0,0.0,0.0,0.0,0.7772903442382812,0.737884521484375,0.6816940307617188,0.7010383605957031,0.7291107177734375,0.6763496398925781,0.0
245,0.0,0.0,0.0,0.0,0.0,0.0,0.8079910278320312,0.78662109375,0.7456932067871094,0.7686958312988281,0.7853851318359375,0.7414836883544922,3.0
246,0.0,1.0,1.0,1.0,1.0,1.0,0.8192367553710938,0.7940444946289062,0.7643013000488281,0.7863082885742188,0.7891616821289062,0.7487220764160156,4.0
247,1.0,1.0,1.0,1.0,1.0,1.0,0.8345947265625,0.7721061706542969,0.7510261535644531,0.7768783569335938,0.7814712524414062,0.733123779296875,0.0
248,0.0,1.0,1.0,1.0,0.0,1.0,0.8433380126953125,0.8198776245117188,0.8011398315429688,0.8242721557617188,0.8194580078125,0.7755813598632812,2.0
249,0.0,0.0,0.0,0.0,0.0,0.0,0.8029708862304688,0.7771148681640625,0.7366886138916016,0.7612762451171875,0.7807693481445312,0.736536979675293,2.0
250,0.0,0.0,0.0,0.0,0.0,0.0,0.8066864013671875,0.7837677001953125,0.7430267333984375,0.7688560485839844,0.7828369140625,0.7402515411376953,3.0
251,0.0,1.0,1.0,1.0,1.0,1.0,0.8257598876953125,0.7796478271484375,0.7420730590820312,0.76678466796875,0.7789230346679688,0.7143402099609375,0.0
252,1.0,1.0,0.0,0.0,1.0,0.0,0.8404998779296875,0.8133697509765625,0.7853622436523438,0.8121261596679688,0.8128662109375,0.7671585083007812,4.0
253,1.0,1.0,1.0,1.0,1.0,0.0,0.8457183837890625,0.8138198852539062,0.7923393249511719,0.817138671875,0.8169937133789062,0.7717056274414062,4.0
254,1.0,1.0,1.0,0.0,1.0,1.0,0.817047119140625,0.7536468505859375,0.728057861328125,0.751739501953125,0.74725341796875,0.7204399108886719,1.0
255,1.0,1.0,1.0,0.0,1.0,0.0,0.824493408203125,0.7977447509765625,0.7634773254394531,0.7886962890625,0.7912521362304688,0.7453536987304688,3.0
256,1.0,1.0,1.0,1.0,1.0,0.0,0.843170166015625,0.8162078857421875,0.7867584228515625,0.8132858276367188,0.8128509521484375,0.7653961181640625,2.0
257,0.0,0.0,0.0,0.0,0.0,0.0,0.8066558837890625,0.784942626953125,0.7438583374023438,0.7700786590576172,0.7843246459960938,0.7392787933349609,3.0
258,0.0,0.0,0.0,0.0,0.0,0.0,0.8058242797851562,0.7812347412109375,0.7442893981933594,0.7664146423339844,0.781036376953125,0.7405376434326172,2.0
259,1.0,0.0,0.0,0.0,1.0,0.0,0.7620773315429688,0.7204666137695312,0.6633415222167969,0.6853008270263672,0.71868896484375,0.669306755065918,0.0
260,0.0,0.0,1.0,0.0,0.0,1.0,0.83160400390625,0.8151016235351562,0.7781524658203125,0.7985076904296875,0.8048934936523438,0.761077880859375,2.0
261,1.0,1.0,0.0,0.0,1.0,0.0,0.7927474975585938,0.7490081787109375,0.6986465454101562,0.7195396423339844,0.7414321899414062,0.68341064453125,0.0
262,1.0,1.0,0.0,0.0,1.0,1.0,0.8203353881835938,0.7990951538085938,0.761260986328125,0.7824783325195312,0.791290283203125,0.7483634948730469,4.0
263,0.0,0.0,0.0,1.0,1.0,1.0,0.8210906982421875,0.8002090454101562,0.7647514343261719,0.7869529724121094,0.7910614013671875,0.7535991668701172,3.0
264,0.0,0.0,0.0,0.0,0.0,0.0,0.844970703125,0.8245010375976562,0.7935867309570312,0.8221893310546875,0.8155059814453125,0.7772216796875,3.0
265,1.0,1.0,0.0,0.0,1.0,0.0,0.8493499755859375,0.7721405029296875,0.7560882568359375,0.78668212890625,0.7723312377929688,0.740478515625,1.0
266,1.0,1.0,1.0,1.0,1.0,0.0,0.8162307739257812,0.7534942626953125,0.7135086059570312,0.7380752563476562,0.739227294921875,0.7139701843261719,1.0
267,1.0,1.0,1.0,1.0,1.0,0.0,0.8533477783203125,0.8268280029296875,0.8058013916015625,0.8325729370117188,0.828216552734375,0.7832565307617188,2.0
268,1.0,1.0,0.0,1.0,1.0,0.0,0.858428955078125,0.8341522216796875,0.8106307983398438,0.8371734619140625,0.831817626953125,0.788421630859375,3.0
269,0.0,0.0,0.0,0.0,0.0,0.0,0.8027725219726562,0.7773895263671875,0.7386875152587891,0.7598800659179688,0.776947021484375,0.7369232177734375,4.0
270,0.0,1.0,1.0,1.0,0.0,1.0,0.7786788940429688,0.7375411987304688,0.682373046875,0.7033500671386719,0.7313385009765625,0.6791000366210938,0.0
271,1.0,1.0,1.0,1.0,1.0,0.0,0.7636947631835938,0.7220840454101562,0.6692276000976562,0.6877365112304688,0.7173995971679688,0.6708412170410156,0.0
272,1.0,1.0,0.0,0.0,1.0,0.0,0.8015213012695312,0.774871826171875,0.7335395812988281,0.760589599609375,0.7761344909667969,0.7366647720336914,2.0
273,0.0,1.0,1.0,0.0,0.0,0.0,0.8101959228515625,0.78472900390625,0.7405452728271484,0.7656784057617188,0.7826004028320312,0.7376956939697266,2.0
274,0.0,0.0,0.0,0.0,0.0,0.0,0.7785491943359375,0.7389907836914062,0.6903839111328125,0.7054405212402344,0.7321395874023438,0.6778640747070312,0.0
275,0.0,0.0,0.0,0.0,0.0,0.0,0.758697509765625,0.7173385620117188,0.6596431732177734,0.6819267272949219,0.71514892578125,0.6672687530517578,0.0
276,1.0,1.0,1.0,1.0,1.0,1.0,0.843170166015625,0.81060791015625,0.7843666076660156,0.808258056640625,0.810302734375,0.764495849609375,4.0
277,1.0,1.0,1.0,1.0,1.0,1.0,0.8112945556640625,0.7532577514648438,0.7258071899414062,0.7464065551757812,0.7423782348632812,0.7203025817871094,1.0
278,1.0,1.0,1.0,1.0,1.0,0.0,0.8441314697265625,0.8111343383789062,0.787200927734375,0.81109619140625,0.8074874877929688,0.76458740234375,3.0
279,1.0,1.0,1.0,1.0,1.0,0.0,0.8394775390625,0.8126678466796875,0.7893257141113281,0.8116836547851562,0.8095932006835938,0.7702560424804688,4.0
280,1.0,1.0,1.0,1.0,1.0,1.0,0.8231353759765625,0.803741455078125,0.7676010131835938,0.7862930297851562,0.7946548461914062,0.7510604858398438,2.0
281,0.0,0.0,0.0,0.0,0.0,0.0,0.8177566528320312,0.7909164428710938,0.751556396484375,0.7748298645019531,0.7893218994140625,0.7446079254150391,2.0
282,1.0,1.0,1.0,1.0,1.0,0.0,0.842987060546875,0.7726593017578125,0.7574653625488281,0.7883834838867188,0.767730712890625,0.745941162109375,1.0
283,1.0,1.0,0.0,0.0,1.0,0.0,0.7961502075195312,0.7712554931640625,0.7351951599121094,0.7572345733642578,0.7754478454589844,0.737147331237793,4.0
284,1.0,1.0,1.0,0.0,0.0,1.0,0.841949462890625,0.8145904541015625,0.7833747863769531,0.8112564086914062,0.8123626708984375,0.7656021118164062,3.0
285,1.0,1.0,1.0,1.0,1.0,1.0,0.842437744140625,0.7653541564941406,0.7477493286132812,0.7748184204101562,0.7539596557617188,0.7384796142578125,1.0
286,0.0,0.0,0.0,0.0,0.0,0.0,0.7973785400390625,0.7369842529296875,0.7021579742431641,0.7275180816650391,0.732452392578125,0.7105388641357422,1.0
287,1.0,1.0,1.0,1.0,0.0,0.0,0.8134231567382812,0.7484970092773438,0.7190170288085938,0.7425041198730469,0.74005126953125,0.7147674560546875,1.0
288,1.0,1.0,0.0,0.0,1.0,0.0,0.84844970703125,0.8161773681640625,0.7981834411621094,0.8210525512695312,0.8216323852539062,0.7788009643554688,4.0
289,0.0,0.0,0.0,0.0,0.0,0.0,0.7740249633789062,0.7353286743164062,0.6788330078125,0.6970481872558594,0.7244415283203125,0.6750946044921875,0.0
290,0.0,1.0,1.0,1.0,1.0,1.0,0.8336334228515625,0.772247314453125,0.7411956787109375,0.7689590454101562,0.7594757080078125,0.7257118225097656,1.0
291,1.0,1.0,1.0,1.0,1.0,0.0,0.85345458984375,0.7703666687011719,0.7592620849609375,0.7903060913085938,0.7674102783203125,0.7499160766601562,1.0
292,1.0,1.0,1.0,0.0,1.0,1.0,0.8093109130859375,0.7438812255859375,0.7060470581054688,0.7300567626953125,0.7322311401367188,0.7092094421386719,1.0
293,1.0,1.0,0.0,0.0,1.0,0.0,0.823089599609375,0.8020553588867188,0.7574234008789062,0.7771835327148438,0.7891845703125,0.7480239868164062,4.0
294,1.0,1.0,1.0,1.0,1.0,0.0,0.8452911376953125,0.7716865539550781,0.7491188049316406,0.7806472778320312,0.7650604248046875,0.7351913452148438,1.0
295,1.0,1.0,0.0,0.0,0.0,0.0,0.827789306640625,0.8052825927734375,0.7690849304199219,0.7919883728027344,0.8012161254882812,0.7606639862060547,4.0
296,0.0,1.0,1.0,1.0,0.0,1.0,0.8114471435546875,0.7531585693359375,0.73284912109375,0.75457763671875,0.7476654052734375,0.7264633178710938,1.0
297,1.0,1.0,1.0,1.0,1.0,1.0,0.816741943359375,0.7742996215820312,0.7456588745117188,0.766357421875,0.77783203125,0.7166671752929688,0.0
298,1.0,1.0,1.0,1.0,1.0,0.0,0.802490234375,0.7637939453125,0.7250137329101562,0.7457199096679688,0.7555084228515625,0.6982078552246094,0.0
299,1.0,1.0,1.0,1.0,1.0,0.0,0.8256378173828125,0.8021392822265625,0.7661514282226562,0.7910842895507812,0.7946090698242188,0.7467880249023438,2.0
300,0.0,0.0,0.0,0.0,0.0,0.0,0.7549057006835938,0.7125625610351562,0.6591548919677734,0.6799831390380859,0.7145500183105469,0.6665115356445312,0.0
301,1.0,1.0,1.0,1.0,1.0,0.0,0.8468475341796875,0.8156814575195312,0.7961883544921875,0.8228988647460938,0.8192214965820312,0.77630615234375,3.0
302,1.0,1.0,1.0,1.0,1.0,1.0,0.842315673828125,0.8128013610839844,0.7895240783691406,0.8134498596191406,0.809051513671875,0.764312744140625,2.0
303,1.0,1.0,1.0,0.0,0.0,0.0,0.8327178955078125,0.775848388671875,0.7467689514160156,0.77569580078125,0.7826080322265625,0.7282333374023438,0.0
304,0.0,0.0,0.0,0.0,0.0,0.0,0.8083343505859375,0.786041259765625,0.7451210021972656,0.7677536010742188,0.7863235473632812,0.7416877746582031,3.0
305,1.0,1.0,1.0,1.0,1.0,0.0,0.827484130859375,0.8103790283203125,0.7711029052734375,0.7928009033203125,0.7955551147460938,0.7573776245117188,2.0
306,0.0,0.0,0.0,0.0,0.0,0.0,0.7968902587890625,0.738922119140625,0.7039546966552734,0.7316837310791016,0.7353439331054688,0.7147560119628906,1.0
307,1.0,1.0,1.0,1.0,1.0,1.0,0.824066162109375,0.801177978515625,0.7652664184570312,0.7867584228515625,0.7959518432617188,0.7477684020996094,2.0
308,1.0,1.0,0.0,0.0,0.0,0.0,0.7960662841796875,0.7348861694335938,0.7017879486083984,0.7258548736572266,0.7326202392578125,0.7097969055175781,1.0
309,0.0,0.0,0.0,0.0,0.0,0.0,0.8054733276367188,0.7391891479492188,0.7052383422851562,0.7297782897949219,0.7266082763671875,0.707366943359375,1.0
310,0.0,0.0,0.0,0.0,0.0,0.0,0.7950668334960938,0.7350845336914062,0.7022686004638672,0.7272739410400391,0.7325973510742188,0.7103309631347656,1.0
311,1.0,1.0,1.0,1.0,1.0,1.0,0.8395538330078125,0.8155441284179688,0.7821502685546875,0.8048934936523438,0.8087692260742188,0.7637863159179688,2.0
312,1.0,1.0,1.0,1.0,1.0,1.0,0.8326568603515625,0.7586936950683594,0.7381668090820312,0.7664642333984375,0.7523193359375,0.7265396118164062,1.0
313,1.0,1.0,1.0,1.0,1.0,1.0,0.8179855346679688,0.7930755615234375,0.7582473754882812,0.7789535522460938,0.7890701293945312,0.7406272888183594,3.0
314,1.0,1.0,1.0,1.0,1.0,0.0,0.7976303100585938,0.7700653076171875,0.7316341400146484,0.755615234375,0.7739791870117188,0.7299137115478516,2.0
315,1.0,1.0,1.0,1.0,1.0,1.0,0.8069305419921875,0.7767333984375,0.7373695373535156,0.757049560546875,0.7745208740234375,0.7357845306396484,4.0
316,1.0,1.0,1.0,1.0,1.0,1.0,0.7867050170898438,0.7480392456054688,0.7047500610351562,0.7226486206054688,0.7392654418945312,0.6892623901367188,0.0
317,0.0,0.0,0.0,0.0,0.0,0.0,0.8017959594726562,0.7786178588867188,0.7401180267333984,0.7628936767578125,0.7780380249023438,0.7374601364135742,4.0
318,1.0,1.0,1.0,1.0,1.0,0.0,0.8013076782226562,0.7736892700195312,0.7323017120361328,0.7568683624267578,0.7752761840820312,0.7326040267944336,2.0
319,0.0,0.0,0.0,0.0,0.0,0.0,0.8036575317382812,0.77587890625,0.7365312576293945,0.7597427368164062,0.7808303833007812,0.7360048294067383,2.0
320,1.0,1.0,1.0,1.0,1.0,1.0,0.83331298828125,0.8013839721679688,0.7721748352050781,0.7954025268554688,0.7956466674804688,0.7501068115234375,3.0
321,0.0,0.0,0.0,0.0,0.0,0.0,0.799163818359375,0.7755813598632812,0.7400989532470703,0.7631072998046875,0.7819595336914062,0.737060546875,2.0
322,1.0,1.0,1.0,1.0,1.0,1.0,0.8359527587890625,0.7655448913574219,0.7470779418945312,0.77911376953125,0.7580108642578125,0.734344482421875,1.0
323,0.0,0.0,0.0,0.0,0.0,0.0,0.7979736328125,0.7365264892578125,0.7033329010009766,0.7282543182373047,0.73358154296875,0.7101554870605469,1.0
324,0.0,1.0,1.0,1.0,1.0,1.0,0.822967529296875,0.775054931640625,0.7400054931640625,0.7632522583007812,0.7750778198242188,0.716339111328125,0.0
325,0.0,1.0,1.0,1.0,0.0,1.0,0.8243560791015625,0.8016204833984375,0.7715187072753906,0.7974395751953125,0.796600341796875,0.7496566772460938,2.0
326,1.0,1.0,0.0,0.0,0.0,0.0,0.80718994140625,0.7451934814453125,0.7104721069335938,0.7383041381835938,0.7385177612304688,0.7118091583251953,1.0
327,1.0,1.0,0.0,0.0,1.0,0.0,0.816650390625,0.7542953491210938,0.71875,0.7460708618164062,0.7441864013671875,0.7156143188476562,1.0
328,1.0,1.0,1.0,1.0,1.0,1.0,0.850616455078125,0.8264389038085938,0.7957000732421875,0.8236236572265625,0.8201522827148438,0.7742919921875,2.0
329,1.0,1.0,1.0,1.0,1.0,1.0,0.8464813232421875,0.8227691650390625,0.7896461486816406,0.8162384033203125,0.8150558471679688,0.7669143676757812,2.0
330,0.0,0.0,0.0,0.0,0.0,0.0,0.8109817504882812,0.7859420776367188,0.7431449890136719,0.7641944885253906,0.7794113159179688,0.7425994873046875,4.0
331,0.0,0.0,0.0,0.0,0.0,0.0,0.76104736328125,0.7203292846679688,0.6618156433105469,0.6823177337646484,0.7145919799804688,0.6671543121337891,0.0
332,1.0,1.0,1.0,1.0,1.0,1.0,0.8327484130859375,0.7779693603515625,0.7551918029785156,0.77984619140625,0.7854843139648438,0.7350997924804688,0.0
333,0.0,0.0,0.0,0.0,0.0,0.0,0.801513671875,0.775604248046875,0.7377719879150391,0.7600784301757812,0.780059814453125,0.7365779876708984,2.0
334,1.0,1.0,1.0,1.0,0.0,1.0,0.81298828125,0.7913742065429688,0.7514419555664062,0.7721328735351562,0.7822036743164062,0.7431144714355469,2.0
335,1.0,1.0,1.0,1.0,1.0,1.0,0.84503173828125,0.8112564086914062,0.7874984741210938,0.8109970092773438,0.8106460571289062,0.76751708984375,3.0
336,0.0,0.0,0.0,0.0,0.0,0.0,0.7979278564453125,0.7723312377929688,0.7369499206542969,0.7613792419433594,0.7802810668945312,0.7377347946166992,2.0
337,1.0,1.0,1.0,1.0,1.0,0.0,0.803375244140625,0.7785797119140625,0.7396621704101562,0.7585067749023438,0.7729949951171875,0.7332382202148438,4.0
338,0.0,1.0,1.0,1.0,0.0,1.0,0.8189239501953125,0.7957763671875,0.749969482421875,0.7684555053710938,0.7856063842773438,0.7440528869628906,3.0
339,1.0,1.0,0.0,0.0,0.0,0.0,0.7809219360351562,0.740447998046875,0.68304443359375,0.7044181823730469,0.7319564819335938,0.6775131225585938,0.0
340,0.0,0.0,0.0,0.0,0.0,0.0,0.807769775390625,0.7873764038085938,0.7435474395751953,0.7679004669189453,0.7829208374023438,0.7413997650146484,3.0
341,1.0,1.0,1.0,1.0,1.0,1.0,0.8206329345703125,0.7562103271484375,0.7266616821289062,0.748443603515625,0.7430038452148438,0.7249183654785156,1.0
342,0.0,0.0,0.0,0.0,0.0,0.0,0.7582244873046875,0.71673583984375,0.6613311767578125,0.6809158325195312,0.7153854370117188,0.6678142547607422,0.0
343,1.0,1.0,1.0,1.0,1.0,0.0,0.8419342041015625,0.8203506469726562,0.786773681640625,0.8070755004882812,0.8101959228515625,0.7658462524414062,4.0
344,0.0,0.0,0.0,0.0,0.0,0.0,0.7593994140625,0.7172698974609375,0.6672763824462891,0.685577392578125,0.7182846069335938,0.6674423217773438,0.0
345,1.0,1.0,0.0,0.0,0.0,0.0,0.8485260009765625,0.8194808959960938,0.8006782531738281,0.8242950439453125,0.8234329223632812,0.7795867919921875,4.0
346,0.0,0.0,0.0,0.0,0.0,0.0,0.8201065063476562,0.75732421875,0.7252120971679688,0.7509078979492188,0.7427444458007812,0.7250747680664062,1.0
347,1.0,1.0,1.0,1.0,1.0,1.0,0.83660888671875,0.8075485229492188,0.7776756286621094,0.8023605346679688,0.8050537109375,0.7633209228515625,3.0
348,0.0,0.0,0.0,0.0,1.0,0.0,0.7950210571289062,0.7358169555664062,0.7025947570800781,0.7279090881347656,0.7320785522460938,0.7124691009521484,1.0
349,0.0,0.0,0.0,0.0,0.0,0.0,0.8098373413085938,0.7902984619140625,0.752471923828125,0.77520751953125,0.786590576171875,0.7428359985351562,2.0
350,1.0,1.0,1.0,1.0,1.0,1.0,0.8069915771484375,0.7656173706054688,0.7240829467773438,0.7435684204101562,0.757476806640625,0.7005844116210938,0.0
351,0.0,0.0,0.0,0.0,0.0,0.0,0.7819061279296875,0.738128662109375,0.6879310607910156,0.7084732055664062,0.735565185546875,0.6787834167480469,0.0
352,1.0,1.0,0.0,0.0,0.0,0.0,0.7602081298828125,0.716339111328125,0.6627998352050781,0.6830654144287109,0.7124252319335938,0.6651744842529297,0.0
353,0.0,0.0,0.0,0.0,0.0,0.0,0.7796783447265625,0.7399978637695312,0.686248779296875,0.7053985595703125,0.7313690185546875,0.6801910400390625,0.0
354,0.0,1.0,1.0,0.0,1.0,0.0,0.844512939453125,0.775299072265625,0.7515640258789062,0.78253173828125,0.7682571411132812,0.7338714599609375,1.0
355,0.0,0.0,1.0,0.0,1.0,0.0,0.847564697265625,0.7803115844726562,0.7551040649414062,0.7855072021484375,0.7709732055664062,0.7374534606933594,1.0
356,1.0,1.0,0.0,0.0,1.0,0.0,0.8236083984375,0.7986984252929688,0.759368896484375,0.7818984985351562,0.7956466674804688,0.7458839416503906,3.0
357,1.0,1.0,0.0,0.0,1.0,0.0,0.8168716430664062,0.7906112670898438,0.7577590942382812,0.778167724609375,0.7897109985351562,0.7419395446777344,3.0
358,0.0,0.0,0.0,0.0,0.0,0.0,0.8015213012695312,0.7462081909179688,0.7084274291992188,0.7312812805175781,0.7349166870117188,0.7146854400634766,1.0
359,1.0,1.0,0.0,1.0,1.0,0.0,0.8010787963867188,0.773834228515625,0.733306884765625,0.7566242218017578,0.7753524780273438,0.7328166961669922,2.0
360,0.0,0.0,0.0,0.0,0.0,0.0,0.7971878051757812,0.7372512817382812,0.7051277160644531,0.7305183410644531,0.7352066040039062,0.7110843658447266,1.0
361,1.0,1.0,1.0,1.0,1.0,1.0,0.81585693359375,0.75592041015625,0.7318115234375,0.7534408569335938,0.745819091796875,0.7220840454101562,1.0
362,0.0,0.0,0.0,0.0,0.0,0.0,0.8086013793945312,0.7872238159179688,0.7523612976074219,0.7766647338867188,0.7917861938476562,0.7452182769775391,2.0
363,1.0,1.0,1.0,1.0,1.0,1.0,0.8062896728515625,0.7459030151367188,0.7075958251953125,0.7320594787597656,0.733978271484375,0.7113800048828125,1.0
364,1.0,1.0,1.0,1.0,0.0,1.0,0.8345947265625,0.811004638671875,0.7810630798339844,0.80377197265625,0.8046112060546875,0.758056640625,2.0
365,1.0,1.0,1.0,1.0,0.0,0.0,0.8227462768554688,0.7587203979492188,0.7319793701171875,0.7543067932128906,0.7528228759765625,0.7224960327148438,1.0
366,1.0,1.0,0.0,1.0,1.0,0.0,0.7734222412109375,0.7355804443359375,0.6814041137695312,0.6989173889160156,0.7287673950195312,0.6746196746826172,0.0
367,0.0,0.0,0.0,0.0,0.0,0.0,0.812408447265625,0.7703399658203125,0.7275848388671875,0.7516021728515625,0.7586441040039062,0.7040252685546875,0.0
368,0.0,0.0,0.0,1.0,1.0,1.0,0.8042831420898438,0.780975341796875,0.7413291931152344,0.7636756896972656,0.7826614379882812,0.7390022277832031,2.0
369,1.0,1.0,0.0,0.0,0.0,0.0,0.815643310546875,0.793212890625,0.7562179565429688,0.7763786315917969,0.78863525390625,0.7459735870361328,3.0
370,0.0,0.0,0.0,0.0,0.0,0.0,0.7955703735351562,0.737701416015625,0.7025222778320312,0.7268581390380859,0.7315444946289062,0.711517333984375,1.0
371,0.0,0.0,0.0,0.0,0.0,0.0,0.7772750854492188,0.7373733520507812,0.6819915771484375,0.7029495239257812,0.726806640625,0.6774196624755859,0.0
372,0.0,0.0,0.0,0.0,0.0,0.0,0.806243896484375,0.7830734252929688,0.7421340942382812,0.7647418975830078,0.7818679809570312,0.7390403747558594,3.0
373,0.0,0.0,0.0,0.0,0.0,0.0,0.828033447265625,0.7999801635742188,0.7640800476074219,0.7852325439453125,0.7917709350585938,0.746795654296875,3.0
374,0.0,0.0,0.0,0.0,0.0,0.0,0.8148040771484375,0.76702880859375,0.731109619140625,0.7543106079101562,0.76519775390625,0.7101554870605469,0.0
375,1.0,1.0,1.0,0.0,0.0,0.0,0.8249969482421875,0.806884765625,0.76763916015625,0.7852554321289062,0.7948684692382812,0.7512359619140625,2.0
376,1.0,1.0,1.0,0.0,1.0,0.0,0.8303070068359375,0.8078460693359375,0.7688560485839844,0.7945785522460938,0.7943649291992188,0.7551345825195312,2.0
377,0.0,0.0,0.0,0.0,0.0,0.0,0.801727294921875,0.7429962158203125,0.7081451416015625,0.7314605712890625,0.7384872436523438,0.7118072509765625,1.0
378,1.0,1.0,0.0,0.0,1.0,0.0,0.815887451171875,0.7928924560546875,0.7512664794921875,0.7697105407714844,0.7858657836914062,0.743682861328125,4.0
379,1.0,1.0,1.0,1.0,1.0,1.0,0.8249969482421875,0.808074951171875,0.7678146362304688,0.7838821411132812,0.79425048828125,0.7498626708984375,4.0
380,1.0,1.0,1.0,1.0,1.0,0.0,0.849090576171875,0.77825927734375,0.7666015625,0.7960662841796875,0.7768783569335938,0.7550048828125,1.0
381,1.0,1.0,0.0,0.0,1.0,0.0,0.837677001953125,0.7714767456054688,0.753997802734375,0.7800064086914062,0.768096923828125,0.7359542846679688,1.0
382,0.0,0.0,1.0,0.0,0.0,0.0,0.7902984619140625,0.749755859375,0.6949195861816406,0.7175979614257812,0.7392044067382812,0.6813850402832031,0.0
383,0.0,0.0,0.0,0.0,0.0,0.0,0.7972030639648438,0.737152099609375,0.7044677734375,0.7298660278320312,0.7344970703125,0.712066650390625,1.0
384,0.0,0.0,0.0,0.0,0.0,0.0,0.807769775390625,0.7863845825195312,0.7466011047363281,0.76580810546875,0.7828445434570312,0.7410545349121094,4.0
385,1.0,1.0,0.0,0.0,1.0,0.0,0.8207244873046875,0.8006439208984375,0.7618942260742188,0.7829170227050781,0.7941360473632812,0.7491950988769531,4.0
386,0.0,0.0,0.0,0.0,0.0,0.0,0.81378173828125,0.7940597534179688,0.7512550354003906,0.7751731872558594,0.7866592407226562,0.7429771423339844,3.0
387,0.0,0.0,0.0,0.0,0.0,0.0,0.8002548217773438,0.7770233154296875,0.7390613555908203,0.7597522735595703,0.7784843444824219,0.7384681701660156,4.0
388,1.0,1.0,1.0,1.0,1.0,0.0,0.8495941162109375,0.8207244873046875,0.7930450439453125,0.8163986206054688,0.8121795654296875,0.773773193359375,2.0
389,0.0,0.0,0.0,0.0,0.0,0.0,0.8090286254882812,0.7884292602539062,0.7458877563476562,0.7679710388183594,0.7842941284179688,0.7439117431640625,3.0
390,0.0,0.0,0.0,0.0,0.0,0.0,0.8068771362304688,0.74212646484375,0.7074775695800781,0.7324752807617188,0.7347869873046875,0.7120895385742188,1.0
391,1.0,1.0,0.0,0.0,0.0,0.0,0.7988739013671875,0.77398681640625,0.7361774444580078,0.7570400238037109,0.7757682800292969,0.7357397079467773,4.0
392,0.0,0.0,0.0,0.0,0.0,0.0,0.7973251342773438,0.7743301391601562,0.7388715744018555,0.7596092224121094,0.7776527404785156,0.7389707565307617,4.0
393,0.0,0.0,0.0,0.0,0.0,0.0,0.8086395263671875,0.7858734130859375,0.7461433410644531,0.7681159973144531,0.784942626953125,0.7425422668457031,2.0
394,1.0,1.0,1.0,1.0,1.0,1.0,0.8120880126953125,0.7681503295898438,0.7218399047851562,0.7420654296875,0.7555084228515625,0.7025070190429688,0.0
395,1.0,1.0,1.0,1.0,1.0,1.0,0.835113525390625,0.8042526245117188,0.7799224853515625,0.8033447265625,0.8024215698242188,0.756195068359375,3.0
396,1.0,1.0,1.0,0.0,0.0,1.0,0.8035964965820312,0.7769241333007812,0.7403640747070312,0.7610282897949219,0.7743148803710938,0.7320060729980469,3.0
397,1.0,1.0,1.0,0.0,0.0,0.0,0.8042678833007812,0.779571533203125,0.7399101257324219,0.7601814270019531,0.7765579223632812,0.7372989654541016,4.0
398,0.0,0.0,0.0,0.0,0.0,0.0,0.7613143920898438,0.7187881469726562,0.6629638671875,0.6831855773925781,0.7163543701171875,0.6685638427734375,0.0
399,1.0,1.0,1.0,1.0,1.0,0.0,0.8192291259765625,0.7904281616210938,0.7575759887695312,0.7782516479492188,0.7848587036132812,0.7416648864746094,3.0
400,1.0,1.0,0.0,0.0,1.0,1.0,0.825958251953125,0.8070831298828125,0.7705116271972656,0.7919807434082031,0.7979736328125,0.7579383850097656,4.0
401,1.0,1.0,1.0,1.0,1.0,1.0,0.80316162109375,0.7755126953125,0.7362251281738281,0.7569923400878906,0.774139404296875,0.7326374053955078,4.0
402,1.0,1.0,0.0,0.0,1.0,0.0,0.82916259765625,0.8142547607421875,0.78143310546875,0.8010482788085938,0.8048553466796875,0.76116943359375,4.0
403,1.0,1.0,1.0,1.0,1.0,0.0,0.83526611328125,0.8136367797851562,0.7790145874023438,0.7988967895507812,0.8040390014648438,0.7583847045898438,4.0
404,0.0,0.0,0.0,0.0,0.0,0.0,0.809722900390625,0.7852249145507812,0.7437019348144531,0.7687797546386719,0.7845001220703125,0.7421607971191406,2.0
405,1.0,1.0,1.0,1.0,1.0,1.0,0.8316802978515625,0.7756195068359375,0.7513771057128906,0.7762985229492188,0.7832565307617188,0.7366867065429688,0.0
406,0.0,0.0,0.0,0.0,0.0,0.0,0.7951126098632812,0.7741241455078125,0.7395782470703125,0.7612972259521484,0.7785110473632812,0.7385330200195312,4.0
407,1.0,1.0,1.0,1.0,1.0,0.0,0.8370208740234375,0.8123779296875,0.7839584350585938,0.8035507202148438,0.805999755859375,0.7610626220703125,3.0
408,0.0,0.0,0.0,0.0,0.0,0.0,0.7840194702148438,0.7459640502929688,0.6915206909179688,0.7108383178710938,0.7356338500976562,0.68194580078125,0.0
409,0.0,0.0,1.0,1.0,0.0,0.0,0.8172531127929688,0.7950439453125,0.7507362365722656,0.7718086242675781,0.7899398803710938,0.7441844940185547,2.0
410,0.0,0.0,0.0,0.0,0.0,0.0,0.7934951782226562,0.7347488403320312,0.7025985717773438,0.7267303466796875,0.7322769165039062,0.7095279693603516,1.0
411,1.0,1.0,0.0,0.0,1.0,0.0,0.7627182006835938,0.7195816040039062,0.6614799499511719,0.6825466156005859,0.712554931640625,0.6665439605712891,0.0
412,1.0,1.0,0.0,1.0,1.0,0.0,0.825775146484375,0.8008270263671875,0.770660400390625,0.7925491333007812,0.7922439575195312,0.7529220581054688,3.0
413,0.0,1.0,1.0,1.0,1.0,0.0,0.7548294067382812,0.713470458984375,0.6585178375244141,0.6783599853515625,0.712615966796875,0.6662807464599609,0.0
414,0.0,0.0,0.0,0.0,0.0,0.0,0.8028564453125,0.7435379028320312,0.7063560485839844,0.7328910827636719,0.7405319213867188,0.7098484039306641,1.0
415,0.0,0.0,0.0,0.0,0.0,0.0,0.7664794921875,0.7244720458984375,0.6729526519775391,0.6910076141357422,0.7208633422851562,0.6703557968139648,0.0
416,0.0,0.0,0.0,0.0,0.0,0.0,0.7918853759765625,0.7487106323242188,0.7021102905273438,0.7215423583984375,0.742767333984375,0.6882858276367188,0.0
417,1.0,1.0,1.0,1.0,1.0,1.0,0.8519287109375,0.8181228637695312,0.8003997802734375,0.8251800537109375,0.8180618286132812,0.7796478271484375,3.0
418,1.0,1.0,1.0,1.0,1.0,1.0,0.8354949951171875,0.8107147216796875,0.7846221923828125,0.8070449829101562,0.8067092895507812,0.761810302734375,4.0
419,0.0,0.0,0.0,0.0,0.0,0.0,0.7978668212890625,0.7410125732421875,0.7052459716796875,0.7299537658691406,0.7331466674804688,0.7113990783691406,1.0
420,1.0,1.0,1.0,1.0,1.0,1.0,0.7931976318359375,0.755584716796875,0.6957855224609375,0.7160491943359375,0.7361831665039062,0.6869010925292969,0.0
421,1.0,1.0,1.0,1.0,1.0,0.0,0.835540771484375,0.8110847473144531,0.7808456420898438,0.8064804077148438,0.8071975708007812,0.7578887939453125,2.0
422,0.0,0.0,0.0,0.0,0.0,0.0,0.7561111450195312,0.7133331298828125,0.66143798828125,0.6807270050048828,0.714630126953125,0.6663732528686523,0.0
423,1.0,1.0,1.0,0.0,1.0,0.0,0.840179443359375,0.7702865600585938,0.7526130676269531,0.7818145751953125,0.7682723999023438,0.7341384887695312,1.0
424,1.0,1.0,1.0,0.0,1.0,0.0,0.8336639404296875,0.8117141723632812,0.7817459106445312,0.8041229248046875,0.8032455444335938,0.764251708984375,2.0
425,1.0,1.0,1.0,1.0,1.0,0.0,0.8282012939453125,0.7580108642578125,0.7302894592285156,0.7616500854492188,0.7511062622070312,0.721282958984375,1.0
426,0.0,0.0,0.0,0.0,0.0,0.0,0.7582168579101562,0.716796875,0.6643562316894531,0.6842117309570312,0.7166671752929688,0.6683053970336914,0.0
427,1.0,1.0,1.0,1.0,1.0,1.0,0.812286376953125,0.7687263488769531,0.7397308349609375,0.764434814453125,0.7677764892578125,0.7150955200195312,0.0
428,0.0,0.0,0.0,0.0,0.0,0.0,0.8058013916015625,0.7467193603515625,0.7080783843994141,0.7359790802001953,0.7430419921875,0.7149219512939453,1.0
429,1.0,1.0,0.0,0.0,0.0,0.0,0.7660751342773438,0.7269134521484375,0.6663169860839844,0.6861152648925781,0.7181625366210938,0.6684455871582031,0.0
430,0.0,0.0,0.0,0.0,0.0,0.0,0.7995452880859375,0.7433700561523438,0.7070217132568359,0.7329502105712891,0.73651123046875,0.7142581939697266,1.0
431,1.0,1.0,1.0,1.0,1.0,0.0,0.84503173828125,0.8097381591796875,0.7833061218261719,0.8076248168945312,0.8075103759765625,0.761444091796875,3.0
432,0.0,0.0,1.0,1.0,0.0,1.0,0.7677764892578125,0.7307891845703125,0.6802406311035156,0.6983566284179688,0.7269821166992188,0.6745567321777344,0.0
433,1.0,1.0,1.0,1.0,1.0,0.0,0.8244171142578125,0.7764968872070312,0.7490005493164062,0.7725448608398438,0.7758560180664062,0.722747802734375,0.0
434,1.0,1.0,0.0,1.0,1.0,1.0,0.8160934448242188,0.7941970825195312,0.75372314453125,0.7691574096679688,0.7812271118164062,0.7508926391601562,2.0
435,1.0,1.0,1.0,1.0,1.0,0.0,0.8311920166015625,0.7674636840820312,0.7495956420898438,0.773284912109375,0.756866455078125,0.7303543090820312,1.0
436,1.0,1.0,1.0,1.0,1.0,1.0,0.8466796875,0.8207244873046875,0.8003997802734375,0.824981689453125,0.822235107421875,0.7740859985351562,2.0
437,1.0,1.0,0.0,0.0,1.0,0.0,0.84295654296875,0.8184890747070312,0.78863525390625,0.8100433349609375,0.8121795654296875,0.7704391479492188,4.0
438,1.0,1.0,1.0,1.0,1.0,1.0,0.7986526489257812,0.7604751586914062,0.714447021484375,0.735504150390625,0.7503585815429688,0.6972885131835938,0.0
439,0.0,0.0,0.0,0.0,0.0,0.0,0.7641983032226562,0.7212677001953125,0.6696090698242188,0.6885490417480469,0.7192840576171875,0.6694679260253906,0.0
440,1.0,1.0,1.0,1.0,1.0,1.0,0.8378143310546875,0.8148880004882812,0.7925987243652344,0.8163375854492188,0.8146820068359375,0.7650222778320312,2.0
441,1.0,1.0,0.0,0.0,0.0,0.0,0.8209609985351562,0.7929611206054688,0.7554397583007812,0.7755966186523438,0.7859268188476562,0.7462615966796875,4.0
442,0.0,0.0,0.0,0.0,0.0,0.0,0.8283233642578125,0.8041152954101562,0.7602310180664062,0.786956787109375,0.7972259521484375,0.7527675628662109,2.0
443,0.0,1.0,1.0,1.0,1.0,0.0,0.8279876708984375,0.8081817626953125,0.774383544921875,0.7993621826171875,0.7988052368164062,0.7532997131347656,3.0
444,1.0,1.0,0.0,0.0,0.0,0.0,0.8480987548828125,0.8148193359375,0.7901573181152344,0.8177337646484375,0.8146438598632812,0.7657699584960938,3.0
445,0.0,1.0,1.0,1.0,1.0,1.0,0.80712890625,0.7835540771484375,0.7463111877441406,0.7683830261230469,0.78509521484375,0.7392177581787109,2.0
446,0.0,0.0,0.0,0.0,0.0,0.0,0.8028411865234375,0.7773590087890625,0.7392730712890625,0.7608928680419922,0.778717041015625,0.7367210388183594,2.0
447,0.0,0.0,0.0,0.0,0.0,0.0,0.8055953979492188,0.74420166015625,0.7078933715820312,0.7318267822265625,0.7353515625,0.7119274139404297,1.0
448,0.0,0.0,0.0,0.0,0.0,0.0,0.79656982421875,0.7696151733398438,0.7351188659667969,0.7599411010742188,0.7785491943359375,0.7359285354614258,2.0
449,0.0,0.0,0.0,0.0,0.0,0.0,0.8070831298828125,0.7826156616210938,0.7400741577148438,0.7641181945800781,0.7817840576171875,0.7385845184326172,3.0
450,1.0,1.0,0.0,0.0,0.0,0.0,0.7995376586914062,0.7378082275390625,0.6998405456542969,0.7242851257324219,0.7271957397460938,0.7078666687011719,1.0
451,1.0,1.0,1.0,1.0,1.0,1.0,0.8125762939453125,0.7490463256835938,0.7143211364746094,0.7399139404296875,0.73773193359375,0.7125968933105469,1.0
452,0.0,0.0,0.0,0.0,0.0,0.0,0.81866455078125,0.7967529296875,0.75946044921875,0.7804718017578125,0.7907028198242188,0.7493209838867188,4.0
453,1.0,1.0,1.0,1.0,0.0,0.0,0.8140106201171875,0.7503776550292969,0.7189216613769531,0.7432937622070312,0.7369842529296875,0.7147331237792969,1.0
454,1.0,1.0,1.0,1.0,1.0,0.0,0.83642578125,0.811767578125,0.7788543701171875,0.8023834228515625,0.8041305541992188,0.7603607177734375,3.0
455,0.0,0.0,0.0,0.0,0.0,0.0,0.8143539428710938,0.7960357666015625,0.7571067810058594,0.7802047729492188,0.7909927368164062,0.7486133575439453,4.0
456,1.0,1.0,1.0,1.0,1.0,0.0,0.8477783203125,0.8140373229980469,0.7943916320800781,0.8190383911132812,0.8141860961914062,0.7708892822265625,3.0
457,1.0,1.0,0.0,1.0,0.0,0.0,0.8343658447265625,0.818603515625,0.7819328308105469,0.8027725219726562,0.8031539916992188,0.7616043090820312,2.0
458,0.0,1.0,1.0,1.0,0.0,1.0,0.8139495849609375,0.7904739379882812,0.7517795562744141,0.7744865417480469,0.7868499755859375,0.7404270172119141,2.0
459,1.0,1.0,0.0,0.0,0.0,0.0,0.8277740478515625,0.8087921142578125,0.7713699340820312,0.7936248779296875,0.7990798950195312,0.7565269470214844,4.0
460,0.0,0.0,1.0,0.0,0.0,1.0,0.8120498657226562,0.7887344360351562,0.7497978210449219,0.7727241516113281,0.78094482421875,0.7403411865234375,3.0
461,1.0,1.0,1.0,1.0,1.0,1.0,0.8433074951171875,0.7684059143066406,0.7580718994140625,0.7831802368164062,0.761199951171875,0.7425003051757812,1.0
462,1.0,1.0,0.0,1.0,0.0,0.0,0.804962158203125,0.7626571655273438,0.7272605895996094,0.7505874633789062,0.7568130493164062,0.702056884765625,0.0
463,0.0,0.0,0.0,0.0,0.0,0.0,0.8116378784179688,0.7947235107421875,0.7547607421875,0.7758522033691406,0.7887649536132812,0.7461814880371094,4.0
464,1.0,1.0,0.0,0.0,0.0,0.0,0.8137664794921875,0.7730331420898438,0.7236480712890625,0.7474212646484375,0.75433349609375,0.6981201171875,0.0
465,1.0,1.0,1.0,1.0,1.0,0.0,0.8309326171875,0.8042984008789062,0.7659721374511719,0.7930450439453125,0.7963714599609375,0.7488632202148438,2.0
466,0.0,0.0,0.0,0.0,0.0,0.0,0.8065948486328125,0.785064697265625,0.7461204528808594,0.768157958984375,0.7798995971679688,0.7422866821289062,4.0
467,0.0,0.0,0.0,0.0,0.0,0.0,0.8068389892578125,0.7812728881835938,0.7417945861816406,0.7656097412109375,0.781951904296875,0.737548828125,2.0
468,1.0,1.0,0.0,0.0,1.0,0.0,0.8255996704101562,0.7570114135742188,0.7281112670898438,0.7526588439941406,0.7480697631835938,0.7244873046875,1.0
469,1.0,1.0,0.0,0.0,1.0,1.0,0.8060226440429688,0.7847061157226562,0.748931884765625,0.7692718505859375,0.7836761474609375,0.7440395355224609,4.0
470,0.0,1.0,0.0,0.0,1.0,0.0,0.8231430053710938,0.8043136596679688,0.7668380737304688,0.7903823852539062,0.7960433959960938,0.7501869201660156,3.0
471,1.0,1.0,1.0,1.0,1.0,1.0,0.8237838745117188,0.7589035034179688,0.7284927368164062,0.7562637329101562,0.7461929321289062,0.7221298217773438,1.0
472,1.0,1.0,1.0,0.0,0.0,0.0,0.8199691772460938,0.800537109375,0.762664794921875,0.780303955078125,0.7937469482421875,0.7486648559570312,4.0
473,1.0,1.0,0.0,0.0,0.0,0.0,0.8049163818359375,0.78289794921875,0.739532470703125,0.7648239135742188,0.7807159423828125,0.7385997772216797,3.0
474,0.0,1.0,1.0,1.0,0.0,1.0,0.820556640625,0.7988052368164062,0.7659759521484375,0.7880783081054688,0.7928085327148438,0.7508583068847656,4.0
475,1.0,1.0,1.0,1.0,1.0,1.0,0.8401031494140625,0.8066978454589844,0.7843017578125,0.8098068237304688,0.8072509765625,0.7586669921875,3.0
476,0.0,0.0,1.0,0.0,0.0,0.0,0.8225860595703125,0.8045806884765625,0.7694854736328125,0.7928237915039062,0.7942123413085938,0.7499656677246094,3.0
477,1.0,1.0,1.0,1.0,1.0,1.0,0.8419342041015625,0.7701225280761719,0.7547073364257812,0.7798538208007812,0.758697509765625,0.7431564331054688,1.0
478,0.0,1.0,1.0,1.0,1.0,1.0,0.8308868408203125,0.7804794311523438,0.7487030029296875,0.7738265991210938,0.7832870483398438,0.7245407104492188,0.0
479,0.0,0.0,0.0,0.0,0.0,0.0,0.7633819580078125,0.72503662109375,0.6689338684082031,0.6897602081298828,0.7216262817382812,0.6691303253173828,0.0
480,0.0,0.0,0.0,0.0,0.0,0.0,0.8052291870117188,0.7870559692382812,0.7543220520019531,0.7766799926757812,0.7859878540039062,0.7433090209960938,2.0
481,0.0,0.0,0.0,0.0,0.0,0.0,0.7605056762695312,0.7208633422851562,0.6652030944824219,0.6872177124023438,0.7206459045410156,0.6703014373779297,0.0
482,0.0,0.0,0.0,0.0,0.0,0.0,0.7995758056640625,0.7432785034179688,0.7108478546142578,0.7378768920898438,0.738067626953125,0.7151565551757812,1.0
483,1.0,1.0,1.0,1.0,1.0,1.0,0.8349761962890625,0.7767791748046875,0.7569084167480469,0.7844314575195312,0.7831802368164062,0.7446441650390625,0.0
484,1.0,1.0,1.0,1.0,1.0,1.0,0.8475189208984375,0.8119049072265625,0.7938652038574219,0.8187141418457031,0.8163909912109375,0.7756271362304688,4.0
485,1.0,1.0,1.0,1.0,1.0,0.0,0.82818603515625,0.764068603515625,0.7353057861328125,0.7600555419921875,0.746185302734375,0.7230377197265625,1.0
486,0.0,0.0,0.0,0.0,0.0,0.0,0.7721023559570312,0.7309722900390625,0.676788330078125,0.6976127624511719,0.7277145385742188,0.6761283874511719,0.0
487,0.0,1.0,1.0,1.0,0.0,1.0,0.8299713134765625,0.7997016906738281,0.7667503356933594,0.7903518676757812,0.7939910888671875,0.750457763671875,3.0
488,0.0,0.0,0.0,0.0,0.0,0.0,0.7977752685546875,0.7748031616210938,0.7364234924316406,0.7588005065917969,0.7747650146484375,0.7371540069580078,4.0
489,0.0,0.0,0.0,0.0,0.0,0.0,0.8199691772460938,0.8021163940429688,0.7620277404785156,0.7855415344238281,0.7925949096679688,0.7513675689697266,3.0
490,1.0,1.0,0.0,0.0,1.0,0.0,0.7525558471679688,0.7072067260742188,0.6544322967529297,0.6746196746826172,0.7068710327148438,0.6612825393676758,0.0
491,0.0,0.0,0.0,0.0,0.0,0.0,0.8045425415039062,0.78204345703125,0.7417240142822266,0.7672100067138672,0.7816696166992188,0.7391395568847656,3.0
492,1.0,1.0,1.0,1.0,1.0,0.0,0.8136367797851562,0.787811279296875,0.7541923522949219,0.776702880859375,0.787384033203125,0.7433300018310547,4.0
493,0.0,0.0,0.0,0.0,0.0,0.0,0.7974929809570312,0.7384109497070312,0.7069854736328125,0.7329254150390625,0.7373580932617188,0.7131061553955078,1.0
494,1.0,1.0,1.0,1.0,1.0,1.0,0.7766342163085938,0.73681640625,0.68408203125,0.7005844116210938,0.7269973754882812,0.675018310546875,0.0
495,1.0,1.0,0.0,0.0,0.0,0.0,0.8089218139648438,0.74810791015625,0.721221923828125,0.7429046630859375,0.7397613525390625,0.7162284851074219,1.0
496,1.0,1.0,1.0,1.0,1.0,1.0,0.8545989990234375,0.8126182556152344,0.796142578125,0.8201408386230469,0.8171920776367188,0.78277587890625,3.0
497,1.0,1.0,1.0,1.0,1.0,1.0,0.8271331787109375,0.7551612854003906,0.7327766418457031,0.758758544921875,0.7450942993164062,0.7189178466796875,1.0
498,1.0,1.0,1.0,1.0,1.0,1.0,0.8472442626953125,0.8162460327148438,0.7965660095214844,0.822113037109375,0.8165283203125,0.7731170654296875,3.0
499,1.0,1.0,0.0,1.0,1.0,0.0,0.83905029296875,0.8073577880859375,0.7816925048828125,0.8066177368164062,0.8078079223632812,0.7611160278320312,3.0
500,0.0,0.0,0.0,0.0,0.0,0.0,0.8134613037109375,0.751495361328125,0.713623046875,0.7390937805175781,0.7430191040039062,0.7171745300292969,1.0
501,0.0,0.0,0.0,0.0,0.0,0.0,0.82476806640625,0.8050384521484375,0.7638320922851562,0.7869491577148438,0.793121337890625,0.7513313293457031,3.0
502,1.0,1.0,1.0,1.0,1.0,0.0,0.85186767578125,0.8202667236328125,0.7999610900878906,0.8248977661132812,0.8233489990234375,0.7806472778320312,4.0
503,0.0,0.0,0.0,0.0,0.0,0.0,0.8344879150390625,0.8157577514648438,0.7785797119140625,0.8033370971679688,0.8044967651367188,0.7608871459960938,2.0
504,0.0,0.0,0.0,0.0,0.0,0.0,0.8030319213867188,0.7785415649414062,0.7360992431640625,0.7593612670898438,0.7784194946289062,0.7358798980712891,3.0
505,1.0,1.0,0.0,0.0,1.0,0.0,0.836395263671875,0.815460205078125,0.7730331420898438,0.799072265625,0.8037567138671875,0.7605171203613281,2.0
506,1.0,1.0,0.0,0.0,1.0,0.0,0.782196044921875,0.7357330322265625,0.6847610473632812,0.7060699462890625,0.72540283203125,0.6803169250488281,0.0
507,0.0,1.0,1.0,1.0,0.0,1.0,0.842010498046875,0.8213882446289062,0.79132080078125,0.8134918212890625,0.8093414306640625,0.7718582153320312,2.0
508,1.0,1.0,0.0,0.0,1.0,0.0,0.809051513671875,0.7860946655273438,0.7484283447265625,0.7717323303222656,0.7841720581054688,0.7409934997558594,4.0
509,0.0,0.0,0.0,0.0,0.0,0.0,0.802276611328125,0.7801361083984375,0.7401351928710938,0.7622756958007812,0.7784881591796875,0.7406558990478516,4.0
510,1.0,1.0,1.0,1.0,1.0,1.0,0.847503662109375,0.8159065246582031,0.7947807312011719,0.8209571838378906,0.8170623779296875,0.7772369384765625,4.0
511,1.0,1.0,0.0,1.0,0.0,0.0,0.8339385986328125,0.8079681396484375,0.7708702087402344,0.7944717407226562,0.8012847900390625,0.7546463012695312,3.0
512,1.0,1.0,1.0,1.0,1.0,1.0,0.8351287841796875,0.8038177490234375,0.7787628173828125,0.8037033081054688,0.8016204833984375,0.7534713745117188,3.0
513,1.0,1.0,1.0,0.0,1.0,1.0,0.8202056884765625,0.7718391418457031,0.7298088073730469,0.7578811645507812,0.7650299072265625,0.712127685546875,0.0
514,1.0,1.0,1.0,1.0,1.0,1.0,0.8313446044921875,0.7688064575195312,0.7467842102050781,0.7749710083007812,0.7779998779296875,0.7363967895507812,0.0
515,1.0,1.0,0.0,0.0,0.0,0.0,0.8443756103515625,0.8226547241210938,0.7788543701171875,0.8011550903320312,0.8087005615234375,0.7667694091796875,3.0
516,1.0,1.0,1.0,1.0,1.0,1.0,0.8416290283203125,0.7668380737304688,0.7481956481933594,0.778717041015625,0.7609329223632812,0.7354965209960938,1.0
517,0.0,0.0,1.0,0.0,0.0,0.0,0.8114471435546875,0.7880630493164062,0.7459373474121094,0.7686958312988281,0.7845687866210938,0.7401065826416016,3.0
518,0.0,1.0,0.0,0.0,0.0,0.0,0.7948684692382812,0.7352523803710938,0.6993827819824219,0.7243232727050781,0.7276763916015625,0.7070426940917969,1.0
519,0.0,0.0,0.0,0.0,0.0,0.0,0.8140335083007812,0.792022705078125,0.7522811889648438,0.7750091552734375,0.7900009155273438,0.7467060089111328,2.0
520,1.0,1.0,1.0,0.0,0.0,1.0,0.8424224853515625,0.8162918090820312,0.7893600463867188,0.8101425170898438,0.8113861083984375,0.77191162109375,4.0
521,1.0,1.0,1.0,1.0,1.0,1.0,0.830169677734375,0.8069610595703125,0.7685317993164062,0.7923202514648438,0.801971435546875,0.7522506713867188,3.0
522,0.0,0.0,0.0,0.0,0.0,0.0,0.770294189453125,0.7264022827148438,0.6710243225097656,0.6927490234375,0.7241439819335938,0.6739883422851562,0.0
523,1.0,1.0,0.0,0.0,0.0,0.0,0.8034286499023438,0.7791061401367188,0.7369594573974609,0.7627506256103516,0.7811431884765625,0.7362117767333984,2.0
524,0.0,0.0,0.0,0.0,0.0,0.0,0.819183349609375,0.79913330078125,0.7590179443359375,0.7801666259765625,0.7903213500976562,0.7492218017578125,4.0
525,0.0,0.0,0.0,0.0,0.0,0.0,0.8045578002929688,0.784698486328125,0.7490768432617188,0.7733650207519531,0.7884674072265625,0.7418155670166016,2.0
526,0.0,0.0,0.0,0.0,0.0,0.0,0.7587966918945312,0.7184066772460938,0.6611194610595703,0.6827526092529297,0.7156906127929688,0.6657428741455078,0.0
527,1.0,1.0,0.0,0.0,1.0,0.0,0.8085479736328125,0.770660400390625,0.718414306640625,0.7443084716796875,0.7633285522460938,0.6997528076171875,0.0
528,1.0,1.0,1.0,1.0,0.0,0.0,0.8267059326171875,0.7604141235351562,0.7341766357421875,0.7630386352539062,0.754119873046875,0.7221908569335938,1.0
529,1.0,1.0,0.0,0.0,1.0,0.0,0.7672500610351562,0.73004150390625,0.6745109558105469,0.6921463012695312,0.7192611694335938,0.6695175170898438,0.0
530,0.0,0.0,0.0,0.0,0.0,0.0,0.831268310546875,0.76605224609375,0.7502822875976562,0.77410888671875,0.7617111206054688,0.7366371154785156,1.0
531,0.0,0.0,0.0,0.0,0.0,0.0,0.8020858764648438,0.7761993408203125,0.7385654449462891,0.7618446350097656,0.7815093994140625,0.7384910583496094,2.0
532,1.0,1.0,1.0,1.0,1.0,1.0,0.8145904541015625,0.7659454345703125,0.733673095703125,0.7559738159179688,0.7593841552734375,0.7148056030273438,0.0
533,1.0,1.0,1.0,1.0,1.0,1.0,0.831207275390625,0.8148880004882812,0.7750473022460938,0.797637939453125,0.7990264892578125,0.7585372924804688,2.0
534,1.0,1.0,1.0,1.0,1.0,1.0,0.7816390991210938,0.7449951171875,0.6947097778320312,0.7142486572265625,0.7368927001953125,0.6814804077148438,0.0
535,1.0,1.0,1.0,1.0,1.0,1.0,0.8219757080078125,0.7765159606933594,0.7475509643554688,0.7721023559570312,0.7790374755859375,0.720672607421875,0.0
536,1.0,1.0,1.0,1.0,1.0,1.0,0.849639892578125,0.8206863403320312,0.8008537292480469,0.8246231079101562,0.8213424682617188,0.7764511108398438,2.0
537,0.0,0.0,0.0,0.0,0.0,0.0,0.8230972290039062,0.8024215698242188,0.765869140625,0.78790283203125,0.7917327880859375,0.7490196228027344,3.0
538,0.0,0.0,0.0,0.0,0.0,0.0,0.831451416015625,0.7653732299804688,0.7430381774902344,0.7707748413085938,0.7599334716796875,0.7271270751953125,1.0
539,0.0,0.0,0.0,0.0,0.0,0.0,0.8428192138671875,0.814300537109375,0.7915802001953125,0.818145751953125,0.8130874633789062,0.7717666625976562,3.0
540,1.0,1.0,1.0,1.0,1.0,1.0,0.8470458984375,0.8200531005859375,0.7928237915039062,0.8166046142578125,0.8155441284179688,0.7730636596679688,4.0
541,1.0,1.0,1.0,1.0,1.0,0.0,0.8388214111328125,0.8162918090820312,0.7865066528320312,0.8087692260742188,0.8120574951171875,0.7626419067382812,2.0
542,1.0,1.0,1.0,1.0,1.0,1.0,0.827850341796875,0.8051071166992188,0.7664108276367188,0.78997802734375,0.7923660278320312,0.7535743713378906,2.0
543,0.0,0.0,0.0,0.0,0.0,0.0,0.7548980712890625,0.7141265869140625,0.6599979400634766,0.6796455383300781,0.713897705078125,0.6666069030761719,0.0
544,1.0,1.0,1.0,1.0,1.0,0.0,0.8083648681640625,0.7635574340820312,0.7271804809570312,0.749847412109375,0.7535324096679688,0.700408935546875,0.0
545,0.0,0.0,0.0,0.0,0.0,0.0,0.797149658203125,0.7719497680664062,0.7371368408203125,0.7612762451171875,0.7769546508789062,0.7339153289794922,2.0
546,1.0,0.0,0.0,0.0,1.0,0.0,0.82403564453125,0.804962158203125,0.763427734375,0.7855377197265625,0.7939529418945312,0.7522125244140625,3.0
547,1.0,1.0,1.0,1.0,1.0,0.0,0.8313140869140625,0.80596923828125,0.77191162109375,0.798370361328125,0.7991561889648438,0.7523727416992188,2.0
548,1.0,1.0,1.0,0.0,0.0,1.0,0.7827835083007812,0.7422637939453125,0.6969985961914062,0.7144241333007812,0.73480224609375,0.6836700439453125,0.0
549,1.0,1.0,1.0,1.0,1.0,1.0,0.85052490234375,0.8151931762695312,0.7963104248046875,0.822265625,0.8163833618164062,0.7744522094726562,2.0
550,1.0,1.0,0.0,0.0,0.0,0.0,0.816009521484375,0.7948760986328125,0.7563629150390625,0.7755203247070312,0.7881240844726562,0.7463912963867188,4.0
551,0.0,0.0,0.0,0.0,0.0,0.0,0.7573699951171875,0.714630126953125,0.6592082977294922,0.6820201873779297,0.7143592834472656,0.6652288436889648,0.0
552,1.0,1.0,0.0,0.0,0.0,0.0,0.8116226196289062,0.7510299682617188,0.7182159423828125,0.7424201965332031,0.7421951293945312,0.7180061340332031,1.0
553,1.0,1.0,0.0,0.0,0.0,0.0,0.8135452270507812,0.7896652221679688,0.7452621459960938,0.7686824798583984,0.7872848510742188,0.7433013916015625,2.0
554,1.0,1.0,1.0,1.0,1.0,1.0,0.8165283203125,0.7689743041992188,0.7364730834960938,0.7614822387695312,0.76995849609375,0.71624755859375,0.0
555,1.0,1.0,1.0,0.0,1.0,0.0,0.7920684814453125,0.7540054321289062,0.7017822265625,0.7227935791015625,0.7450790405273438,0.6857185363769531,0.0
556,1.0,1.0,1.0,1.0,1.0,0.0,0.84197998046875,0.8177413940429688,0.7962226867675781,0.8180999755859375,0.8171615600585938,0.7712936401367188,4.0
557,0.0,0.0,0.0,0.0,0.0,0.0,0.8217926025390625,0.7596511840820312,0.7375717163085938,0.7623672485351562,0.7519149780273438,0.7262840270996094,1.0
558,1.0,1.0,0.0,1.0,1.0,0.0,0.8156509399414062,0.788543701171875,0.7431144714355469,0.7675437927246094,0.7860565185546875,0.7375812530517578,2.0
559,0.0,0.0,0.0,0.0,0.0,0.0,0.8276824951171875,0.805633544921875,0.7805709838867188,0.8035202026367188,0.8077011108398438,0.7559852600097656,3.0
560,0.0,0.0,0.0,0.0,0.0,0.0,0.7823410034179688,0.7466964721679688,0.6968574523925781,0.7179069519042969,0.740081787109375,0.6848983764648438,0.0
561,1.0,0.0,0.0,0.0,1.0,0.0,0.8097305297851562,0.7510223388671875,0.7121047973632812,0.7338905334472656,0.74005126953125,0.7158775329589844,1.0
562,0.0,0.0,0.0,0.0,0.0,0.0,0.8116531372070312,0.788970947265625,0.7477226257324219,0.7678451538085938,0.7815322875976562,0.7433147430419922,4.0
563,1.0,1.0,1.0,1.0,1.0,1.0,0.8194732666015625,0.79327392578125,0.7551345825195312,0.772125244140625,0.785552978515625,0.7448539733886719,4.0
564,0.0,0.0,0.0,0.0,0.0,0.0,0.7993392944335938,0.7760772705078125,0.7383556365966797,0.75848388671875,0.7769546508789062,0.7387619018554688,4.0
565,1.0,1.0,1.0,1.0,1.0,0.0,0.8501434326171875,0.8188934326171875,0.7959480285644531,0.8212051391601562,0.82080078125,0.778533935546875,4.0
566,0.0,1.0,1.0,1.0,1.0,0.0,0.826995849609375,0.7765960693359375,0.7477951049804688,0.7721176147460938,0.7789764404296875,0.7271499633789062,0.0
567,1.0,1.0,1.0,1.0,0.0,1.0,0.79119873046875,0.748077392578125,0.6974639892578125,0.714508056640625,0.7381210327148438,0.6900634765625,0.0
568,1.0,1.0,1.0,1.0,1.0,1.0,0.841278076171875,0.8075103759765625,0.7840690612792969,0.8097381591796875,0.8079833984375,0.7602310180664062,3.0
569,1.0,1.0,1.0,1.0,1.0,1.0,0.8397674560546875,0.81427001953125,0.7817955017089844,0.805206298828125,0.80865478515625,0.7655448913574219,3.0
570,0.0,0.0,0.0,0.0,0.0,0.0,0.7644119262695312,0.7223587036132812,0.667724609375,0.6835212707519531,0.7173233032226562,0.6678466796875,0.0
571,1.0,1.0,1.0,1.0,1.0,1.0,0.8406829833984375,0.7671661376953125,0.7424736022949219,0.7694854736328125,0.7528610229492188,0.73211669921875,1.0
572,0.0,0.0,0.0,0.0,0.0,0.0,0.7978439331054688,0.7723464965820312,0.7357845306396484,0.759735107421875,0.7776107788085938,0.7356414794921875,2.0
573,1.0,1.0,0.0,0.0,1.0,0.0,0.8055343627929688,0.780609130859375,0.7410602569580078,0.7662849426269531,0.7852401733398438,0.7404155731201172,2.0
574,0.0,1.0,1.0,1.0,1.0,1.0,0.8206787109375,0.7978973388671875,0.756622314453125,0.7779464721679688,0.789337158203125,0.744720458984375,3.0
575,1.0,1.0,0.0,1.0,1.0,0.0,0.8282928466796875,0.7789688110351562,0.7518119812011719,0.7738494873046875,0.780059814453125,0.7323989868164062,0.0
576,1.0,1.0,1.0,1.0,1.0,1.0,0.8260650634765625,0.7701950073242188,0.7397537231445312,0.767181396484375,0.7710723876953125,0.721954345703125,0.0
577,1.0,1.0,1.0,1.0,1.0,0.0,0.8482818603515625,0.8151779174804688,0.7957000732421875,0.8196258544921875,0.817169189453125,0.7778854370117188,4.0
578,1.0,1.0,0.0,0.0,0.0,0.0,0.8374481201171875,0.7685737609863281,0.7556419372558594,0.781524658203125,0.7652587890625,0.739288330078125,1.0
579,1.0,1.0,0.0,1.0,1.0,0.0,0.8346099853515625,0.808013916015625,0.7729225158691406,0.7995834350585938,0.8017730712890625,0.7559356689453125,2.0
580,0.0,0.0,0.0,0.0,0.0,0.0,0.80340576171875,0.7812652587890625,0.7413730621337891,0.7637481689453125,0.7825851440429688,0.7402114868164062,3.0
581,0.0,1.0,0.0,1.0,1.0,1.0,0.8422698974609375,0.8148918151855469,0.7897148132324219,0.8169403076171875,0.8134689331054688,0.7623367309570312,2.0
582,0.0,0.0,0.0,0.0,0.0,0.0,0.7996139526367188,0.73968505859375,0.7104225158691406,0.7327499389648438,0.7379531860351562,0.7129249572753906,1.0
583,0.0,0.0,0.0,0.0,0.0,0.0,0.7953109741210938,0.737152099609375,0.7025909423828125,0.7269573211669922,0.7311019897460938,0.7102775573730469,1.0
584,0.0,0.0,0.0,0.0,0.0,0.0,0.755706787109375,0.71405029296875,0.6596660614013672,0.6804065704345703,0.7147560119628906,0.6655235290527344,0.0
585,1.0,1.0,1.0,1.0,1.0,1.0,0.826812744140625,0.7588386535644531,0.7278251647949219,0.7611465454101562,0.7461776733398438,0.7228317260742188,1.0
586,0.0,1.0,1.0,1.0,1.0,1.0,0.8623504638671875,0.8342742919921875,0.8093643188476562,0.8343048095703125,0.83221435546875,0.7907485961914062,4.0
587,0.0,0.0,0.0,0.0,1.0,0.0,0.85394287109375,0.8337478637695312,0.804046630859375,0.8313751220703125,0.8243026733398438,0.7790298461914062,3.0
588,1.0,1.0,0.0,0.0,0.0,0.0,0.8002090454101562,0.7365875244140625,0.7011260986328125,0.7262344360351562,0.7286911010742188,0.7103557586669922,1.0
589,1.0,1.0,0.0,0.0,1.0,0.0,0.7668380737304688,0.7244720458984375,0.6729469299316406,0.692108154296875,0.7210311889648438,0.67340087890625,0.0
590,0.0,0.0,0.0,0.0,0.0,0.0,0.797332763671875,0.7393646240234375,0.7065334320068359,0.7309989929199219,0.7349777221679688,0.7115192413330078,1.0
591,0.0,0.0,0.0,0.0,1.0,0.0,0.8033905029296875,0.7470016479492188,0.7113685607910156,0.7395973205566406,0.7401046752929688,0.7170372009277344,1.0
592,1.0,1.0,1.0,1.0,1.0,1.0,0.8215179443359375,0.8051376342773438,0.7644577026367188,0.7800025939941406,0.7913665771484375,0.7497367858886719,4.0
593,1.0,1.0,1.0,1.0,1.0,1.0,0.804962158203125,0.7448806762695312,0.7097053527832031,0.7330665588378906,0.7341232299804688,0.7107524871826172,1.0
594,1.0,1.0,1.0,1.0,1.0,1.0,0.8140640258789062,0.7894058227539062,0.7467422485351562,0.7673873901367188,0.7849349975585938,0.7440986633300781,2.0
595,0.0,0.0,0.0,0.0,0.0,0.0,0.801055908203125,0.779266357421875,0.7432022094726562,0.7666378021240234,0.7824783325195312,0.7379417419433594,3.0
596,1.0,1.0,1.0,0.0,1.0,0.0,0.8262176513671875,0.7670745849609375,0.7347564697265625,0.764678955078125,0.7566375732421875,0.7222175598144531,1.0
597,1.0,1.0,1.0,1.0,1.0,1.0,0.8093414306640625,0.7512893676757812,0.7222824096679688,0.743560791015625,0.7364425659179688,0.7166671752929688,1.0
598,1.0,1.0,0.0,0.0,1.0,0.0,0.8106460571289062,0.7453460693359375,0.7116851806640625,0.7394256591796875,0.7346954345703125,0.7124252319335938,1.0
599,1.0,1.0,0.0,0.0,0.0,0.0,0.8165969848632812,0.7506103515625,0.7132225036621094,0.7416305541992188,0.741668701171875,0.7146816253662109,1.0
600,0.0,0.0,0.0,0.0,0.0,0.0,0.80169677734375,0.7798385620117188,0.7419586181640625,0.7605953216552734,0.779632568359375,0.7409124374389648,4.0
601,1.0,1.0,1.0,1.0,1.0,0.0,0.83453369140625,0.7796859741210938,0.7582817077636719,0.7831649780273438,0.7849044799804688,0.74114990234375,0.0
602,0.0,1.0,1.0,1.0,1.0,1.0,0.831512451171875,0.7750625610351562,0.7548828125,0.7780532836914062,0.7791366577148438,0.7435989379882812,0.0
603,0.0,0.0,0.0,0.0,0.0,0.0,0.7973403930664062,0.7726058959960938,0.7354087829589844,0.7605514526367188,0.7792510986328125,0.7347049713134766,2.0
604,1.0,1.0,1.0,1.0,1.0,0.0,0.8155059814453125,0.7854080200195312,0.748077392578125,0.7702713012695312,0.7810592651367188,0.7372398376464844,3.0
605,1.0,1.0,1.0,1.0,1.0,1.0,0.8073043823242188,0.7825469970703125,0.7484931945800781,0.7693519592285156,0.779510498046875,0.7376937866210938,2.0
606,0.0,0.0,0.0,0.0,0.0,0.0,0.7997589111328125,0.7767868041992188,0.7364311218261719,0.7607250213623047,0.77935791015625,0.7373952865600586,3.0
607,1.0,1.0,1.0,1.0,1.0,0.0,0.833648681640625,0.7791900634765625,0.7565650939941406,0.7804412841796875,0.7878189086914062,0.7365951538085938,0.0
608,1.0,1.0,1.0,0.0,0.0,0.0,0.806365966796875,0.7794342041015625,0.7465667724609375,0.7655563354492188,0.776214599609375,0.7390556335449219,4.0
609,1.0,1.0,1.0,1.0,0.0,0.0,0.8334503173828125,0.8137741088867188,0.7784652709960938,0.7979354858398438,0.8009185791015625,0.7575454711914062,2.0
610,0.0,0.0,0.0,0.0,0.0,0.0,0.759246826171875,0.7209625244140625,0.6668510437011719,0.6857032775878906,0.7213516235351562,0.6690454483032227,0.0
611,1.0,1.0,1.0,1.0,1.0,1.0,0.8107681274414062,0.7501907348632812,0.7209701538085938,0.7455482482910156,0.7416610717773438,0.7181854248046875,1.0
612,0.0,0.0,0.0,0.0,0.0,0.0,0.7978057861328125,0.77667236328125,0.7390804290771484,0.7613563537597656,0.777557373046875,0.7400264739990234,4.0
613,1.0,1.0,1.0,0.0,0.0,1.0,0.823394775390625,0.777801513671875,0.7435531616210938,0.765838623046875,0.7740249633789062,0.7162551879882812,0.0
614,0.0,1.0,1.0,0.0,0.0,0.0,0.8207473754882812,0.7576446533203125,0.7254409790039062,0.7499313354492188,0.7447509765625,0.7169227600097656,1.0
615,1.0,1.0,0.0,0.0,0.0,0.0,0.7982711791992188,0.7364654541015625,0.7011871337890625,0.7260799407958984,0.7315826416015625,0.7093601226806641,1.0
616,1.0,1.0,1.0,1.0,1.0,1.0,0.8292694091796875,0.8004226684570312,0.7696495056152344,0.7948226928710938,0.7954788208007812,0.7507095336914062,3.0
617,0.0,0.0,0.0,0.0,0.0,0.0,0.7973175048828125,0.7361984252929688,0.7010440826416016,0.7289333343505859,0.732574462890625,0.7107105255126953,1.0
618,1.0,1.0,0.0,0.0,1.0,1.0,0.7786788940429688,0.7420730590820312,0.6847343444824219,0.7004852294921875,0.7310714721679688,0.6806507110595703,0.0
619,1.0,1.0,1.0,1.0,1.0,0.0,0.844879150390625,0.7734222412109375,0.7516937255859375,0.7844009399414062,0.7711868286132812,0.739288330078125,1.0
620,1.0,1.0,0.0,0.0,1.0,0.0,0.8030548095703125,0.7432098388671875,0.7057685852050781,0.7315826416015625,0.7348403930664062,0.7122859954833984,1.0
621,0.0,1.0,1.0,1.0,1.0,0.0,0.82940673828125,0.7638397216796875,0.7320022583007812,0.7598037719726562,0.7496795654296875,0.7215499877929688,1.0
622,1.0,1.0,0.0,0.0,1.0,0.0,0.8138656616210938,0.7922515869140625,0.7482643127441406,0.7690963745117188,0.7855072021484375,0.7443389892578125,2.0
623,0.0,0.0,0.0,0.0,0.0,0.0,0.8115386962890625,0.794525146484375,0.7514457702636719,0.7724113464355469,0.78704833984375,0.7456264495849609,4.0
624,0.0,0.0,0.0,0.0,0.0,0.0,0.823577880859375,0.8035202026367188,0.7672805786132812,0.790618896484375,0.795867919921875,0.7525596618652344,2.0
625,0.0,0.0,0.0,0.0,0.0,0.0,0.8056488037109375,0.7832412719726562,0.7405624389648438,0.7642745971679688,0.7808685302734375,0.73919677734375,3.0
626,1.0,1.0,0.0,0.0,0.0,0.0,0.81964111328125,0.75311279296875,0.7229232788085938,0.7520904541015625,0.7445068359375,0.7170486450195312,1.0
627,1.0,1.0,0.0,0.0,1.0,0.0,0.8367462158203125,0.8136672973632812,0.7752227783203125,0.793487548828125,0.8010711669921875,0.7582550048828125,4.0
628,1.0,1.0,0.0,0.0,1.0,0.0,0.7955322265625,0.7556381225585938,0.707366943359375,0.7274856567382812,0.7499618530273438,0.6883926391601562,0.0
629,0.0,0.0,0.0,0.0,0.0,0.0,0.7993011474609375,0.7425918579101562,0.7060966491699219,0.7317638397216797,0.7348785400390625,0.7121925354003906,1.0
630,1.0,1.0,0.0,0.0,1.0,0.0,0.8128662109375,0.7900619506835938,0.7468147277832031,0.7704982757568359,0.7857742309570312,0.7419071197509766,2.0
631,1.0,1.0,0.0,0.0,0.0,0.0,0.8138656616210938,0.7504119873046875,0.7144851684570312,0.7421188354492188,0.7381210327148438,0.7166862487792969,1.0
632,0.0,0.0,0.0,0.0,1.0,0.0,0.8033370971679688,0.77984619140625,0.7419624328613281,0.7621250152587891,0.7798843383789062,0.740778923034668,4.0
633,1.0,1.0,1.0,1.0,1.0,1.0,0.8524627685546875,0.8169746398925781,0.7961540222167969,0.8212051391601562,0.816162109375,0.7772140502929688,3.0
634,0.0,0.0,0.0,0.0,0.0,0.0,0.7910842895507812,0.7547225952148438,0.7016105651855469,0.7232208251953125,0.7429962158203125,0.6884269714355469,0.0
635,0.0,0.0,0.0,0.0,0.0,0.0,0.81207275390625,0.7901763916015625,0.7488746643066406,0.7735595703125,0.7852325439453125,0.7416210174560547,3.0
636,1.0,1.0,1.0,1.0,1.0,1.0,0.8184051513671875,0.7561187744140625,0.7311630249023438,0.7580413818359375,0.7458038330078125,0.7286224365234375,1.0
637,0.0,1.0,1.0,1.0,1.0,1.0,0.80364990234375,0.76239013671875,0.7224311828613281,0.7416152954101562,0.758026123046875,0.6956405639648438,0.0
638,1.0,1.0,1.0,1.0,1.0,1.0,0.8465118408203125,0.8179359436035156,0.7971687316894531,0.8213653564453125,0.8147125244140625,0.7761077880859375,2.0
639,1.0,1.0,0.0,0.0,1.0,0.0,0.837738037109375,0.8215103149414062,0.7838592529296875,0.8014984130859375,0.8071060180664062,0.7626953125,4.0
640,1.0,1.0,1.0,1.0,1.0,0.0,0.841827392578125,0.8182373046875,0.7931251525878906,0.81317138671875,0.8134994506835938,0.767578125,4.0
641,1.0,1.0,1.0,1.0,1.0,1.0,0.8482208251953125,0.8178825378417969,0.795196533203125,0.81732177734375,0.8159713745117188,0.772247314453125,4.0
642,0.0,0.0,0.0,0.0,0.0,0.0,0.8131942749023438,0.7901840209960938,0.7500801086425781,0.7701072692871094,0.784759521484375,0.7461605072021484,4.0
643,1.0,1.0,0.0,1.0,1.0,1.0,0.815704345703125,0.7768325805664062,0.7405166625976562,0.7614822387695312,0.7709808349609375,0.7150344848632812,0.0
644,0.0,0.0,0.0,0.0,0.0,0.0,0.823822021484375,0.7988433837890625,0.7565231323242188,0.7845649719238281,0.794036865234375,0.7499485015869141,2.0
645,1.0,1.0,0.0,0.0,1.0,0.0,0.838623046875,0.8177337646484375,0.7803955078125,0.8002395629882812,0.8025360107421875,0.7607498168945312,4.0
646,0.0,0.0,1.0,0.0,0.0,0.0,0.8212890625,0.7974090576171875,0.7680625915527344,0.7893447875976562,0.7965545654296875,0.7531986236572266,4.0
647,0.0,0.0,0.0,0.0,0.0,0.0,0.7995758056640625,0.7779541015625,0.7393989562988281,0.7600421905517578,0.7764434814453125,0.7369861602783203,4.0
648,1.0,1.0,0.0,0.0,1.0,0.0,0.8077621459960938,0.7870635986328125,0.743804931640625,0.7630996704101562,0.7812652587890625,0.7403736114501953,4.0
649,0.0,0.0,0.0,0.0,0.0,0.0,0.797821044921875,0.770965576171875,0.7347478866577148,0.7574653625488281,0.7779579162597656,0.7345094680786133,2.0
650,1.0,1.0,1.0,0.0,1.0,0.0,0.80926513671875,0.7625541687011719,0.7357978820800781,0.7599411010742188,0.761871337890625,0.7103118896484375,0.0
651,1.0,1.0,0.0,0.0,0.0,0.0,0.8055953979492188,0.745269775390625,0.7057418823242188,0.7333106994628906,0.734771728515625,0.7111053466796875,1.0
652,1.0,1.0,0.0,0.0,0.0,0.0,0.8170623779296875,0.795196533203125,0.75482177734375,0.7768173217773438,0.7898025512695312,0.7440376281738281,3.0
653,1.0,1.0,1.0,1.0,1.0,1.0,0.8434906005859375,0.8188629150390625,0.78643798828125,0.809539794921875,0.8107452392578125,0.768768310546875,3.0
654,0.0,1.0,1.0,1.0,1.0,1.0,0.8075790405273438,0.7469558715820312,0.7136917114257812,0.7389030456542969,0.7352676391601562,0.716094970703125,1.0
655,1.0,1.0,0.0,1.0,1.0,1.0,0.8394317626953125,0.814971923828125,0.7838211059570312,0.8096237182617188,0.8072052001953125,0.7597007751464844,3.0
656,1.0,1.0,0.0,1.0,0.0,0.0,0.8053054809570312,0.7786407470703125,0.73541259765625,0.7578620910644531,0.7775726318359375,0.7333183288574219,3.0
657,0.0,0.0,0.0,0.0,0.0,0.0,0.8148345947265625,0.79559326171875,0.7511940002441406,0.7756004333496094,0.7885818481445312,0.74371337890625,3.0
658,0.0,0.0,0.0,0.0,0.0,0.0,0.8033599853515625,0.7800064086914062,0.7378139495849609,0.7630863189697266,0.7809906005859375,0.7381410598754883,3.0
659,1.0,1.0,0.0,0.0,1.0,0.0,0.8093490600585938,0.789703369140625,0.7505722045898438,0.7707366943359375,0.7850418090820312,0.7441291809082031,4.0
660,1.0,1.0,1.0,1.0,1.0,0.0,0.848541259765625,0.7737960815429688,0.7644805908203125,0.7910232543945312,0.773712158203125,0.7509536743164062,1.0
661,0.0,1.0,1.0,1.0,1.0,1.0,0.8146820068359375,0.794586181640625,0.7554740905761719,0.7774467468261719,0.7902145385742188,0.7448654174804688,2.0
662,0.0,1.0,1.0,1.0,1.0,1.0,0.8116226196289062,0.7870712280273438,0.7455291748046875,0.7691993713378906,0.781494140625,0.7380752563476562,3.0
663,1.0,1.0,1.0,1.0,1.0,0.0,0.84576416015625,0.8186225891113281,0.7934150695800781,0.8161468505859375,0.8160552978515625,0.7734527587890625,4.0
664,0.0,1.0,1.0,1.0,1.0,1.0,0.8134841918945312,0.75115966796875,0.7191886901855469,0.744171142578125,0.7401351928710938,0.7132244110107422,1.0
665,1.0,1.0,0.0,0.0,1.0,0.0,0.838714599609375,0.8197555541992188,0.7830352783203125,0.8071823120117188,0.8101654052734375,0.7656669616699219,2.0
666,1.0,1.0,1.0,1.0,1.0,1.0,0.844635009765625,0.8162612915039062,0.7964401245117188,0.8229598999023438,0.8190689086914062,0.7681350708007812,2.0
667,0.0,0.0,0.0,0.0,0.0,0.0,0.8414764404296875,0.8154258728027344,0.7842063903808594,0.8071365356445312,0.8096771240234375,0.7643966674804688,3.0
668,1.0,1.0,1.0,1.0,1.0,1.0,0.8313751220703125,0.780548095703125,0.7499351501464844,0.7745513916015625,0.7813720703125,0.725799560546875,0.0
669,0.0,1.0,1.0,1.0,0.0,1.0,0.816680908203125,0.7537994384765625,0.7357864379882812,0.7582244873046875,0.7483901977539062,0.7271728515625,1.0
670,0.0,1.0,1.0,1.0,0.0,1.0,0.8105621337890625,0.74737548828125,0.7098960876464844,0.7360687255859375,0.7360153198242188,0.7125358581542969,1.0
671,1.0,1.0,1.0,1.0,1.0,0.0,0.8389434814453125,0.8102760314941406,0.7815284729003906,0.8068161010742188,0.8039474487304688,0.76300048828125,3.0
672,0.0,0.0,0.0,0.0,0.0,0.0,0.798675537109375,0.772216796875,0.7353715896606445,0.7601947784423828,0.7788810729980469,0.7351417541503906,2.0
673,0.0,0.0,0.0,0.0,0.0,0.0,0.810333251953125,0.7844467163085938,0.7434120178222656,0.7670707702636719,0.7867584228515625,0.7418451309204102,2.0
674,1.0,1.0,0.0,0.0,1.0,0.0,0.7785797119140625,0.7386856079101562,0.6903152465820312,0.7123489379882812,0.7287826538085938,0.6770000457763672,0.0
675,0.0,0.0,0.0,0.0,0.0,0.0,0.8155136108398438,0.7912750244140625,0.7583732604980469,0.7807083129882812,0.7863845825195312,0.7441291809082031,3.0
676,1.0,0.0,1.0,1.0,1.0,0.0,0.82098388671875,0.8027191162109375,0.766448974609375,0.78472900390625,0.7921142578125,0.74945068359375,2.0
677,0.0,0.0,0.0,0.0,0.0,0.0,0.7943115234375,0.7358856201171875,0.7022571563720703,0.7275772094726562,0.7335128784179688,0.711054801940918,1.0
678,1.0,1.0,1.0,1.0,1.0,1.0,0.815704345703125,0.7768325805664062,0.7405166625976562,0.7614822387695312,0.7709808349609375,0.7150344848632812,0.0
679,1.0,1.0,1.0,1.0,1.0,1.0,0.8212738037109375,0.7837448120117188,0.7371673583984375,0.7574386596679688,0.7687835693359375,0.7186431884765625,0.0
680,0.0,1.0,1.0,1.0,0.0,1.0,0.8318405151367188,0.7720870971679688,0.7424087524414062,0.7741317749023438,0.76080322265625,0.7311973571777344,1.0
681,0.0,0.0,0.0,0.0,0.0,0.0,0.7999954223632812,0.7778396606445312,0.7402019500732422,0.7613124847412109,0.779449462890625,0.7406997680664062,4.0
682,0.0,1.0,1.0,1.0,0.0,0.0,0.784942626953125,0.7455062866210938,0.6968154907226562,0.7174453735351562,0.7349014282226562,0.6776847839355469,0.0
683,1.0,1.0,0.0,0.0,1.0,0.0,0.8381805419921875,0.81622314453125,0.7777938842773438,0.7959823608398438,0.8028030395507812,0.7586936950683594,4.0
684,0.0,1.0,1.0,1.0,0.0,1.0,0.8080978393554688,0.7830429077148438,0.7441635131835938,0.7664642333984375,0.7799301147460938,0.7382373809814453,3.0
685,0.0,1.0,1.0,1.0,1.0,1.0,0.8478546142578125,0.8183975219726562,0.7922706604003906,0.8175582885742188,0.8147048950195312,0.7706451416015625,3.0
686,1.0,1.0,1.0,1.0,1.0,1.0,0.8149795532226562,0.7915496826171875,0.7537345886230469,0.7741508483886719,0.7845993041992188,0.7434577941894531,4.0
687,1.0,1.0,1.0,1.0,1.0,1.0,0.8403472900390625,0.8179779052734375,0.7859344482421875,0.8028488159179688,0.8068084716796875,0.7624588012695312,4.0
688,1.0,1.0,1.0,1.0,1.0,1.0,0.8409881591796875,0.8166580200195312,0.7882041931152344,0.8134002685546875,0.8129196166992188,0.7655181884765625,2.0
689,0.0,0.0,0.0,0.0,0.0,0.0,0.8111953735351562,0.7916259765625,0.7533493041992188,0.7750892639160156,0.78729248046875,0.7423191070556641,3.0
690,0.0,0.0,0.0,0.0,0.0,0.0,0.8123626708984375,0.787567138671875,0.7492942810058594,0.7700004577636719,0.7887954711914062,0.7414016723632812,3.0
691,1.0,1.0,1.0,1.0,1.0,1.0,0.8379974365234375,0.81439208984375,0.791717529296875,0.8162612915039062,0.8140029907226562,0.7663345336914062,2.0
692,1.0,1.0,1.0,1.0,1.0,1.0,0.7645339965820312,0.7240219116210938,0.6692771911621094,0.6872920989990234,0.7211837768554688,0.6701259613037109,0.0
693,0.0,0.0,0.0,1.0,1.0,0.0,0.7623291015625,0.7234420776367188,0.6695117950439453,0.6899204254150391,0.7222442626953125,0.6712541580200195,0.0
694,0.0,0.0,0.0,0.0,0.0,0.0,0.7793045043945312,0.7457656860351562,0.6984405517578125,0.7128372192382812,0.7393112182617188,0.6847267150878906,0.0
695,0.0,1.0,1.0,1.0,1.0,1.0,0.8177947998046875,0.8006820678710938,0.7675704956054688,0.7866134643554688,0.7897109985351562,0.7499580383300781,2.0
696,1.0,1.0,1.0,1.0,1.0,1.0,0.8234939575195312,0.8009262084960938,0.7676467895507812,0.7901458740234375,0.791473388671875,0.7487525939941406,3.0
697,1.0,1.0,0.0,1.0,1.0,1.0,0.8167343139648438,0.79827880859375,0.76129150390625,0.7829208374023438,0.7883834838867188,0.7482528686523438,3.0
698,0.0,1.0,1.0,1.0,0.0,1.0,0.804534912109375,0.7838134765625,0.7459907531738281,0.7649612426757812,0.7787246704101562,0.7378921508789062,4.0
699,1.0,1.0,1.0,1.0,1.0,1.0,0.848541259765625,0.8233489990234375,0.8022079467773438,0.8251876831054688,0.8214569091796875,0.7805938720703125,4.0
700,0.0,0.0,0.0,0.0,0.0,0.0,0.8041534423828125,0.7473831176757812,0.7136993408203125,0.7384567260742188,0.7383956909179688,0.7145900726318359,1.0
701,1.0,1.0,1.0,1.0,1.0,0.0,0.8312835693359375,0.7707099914550781,0.7465553283691406,0.7727203369140625,0.7740554809570312,0.7240524291992188,0.0
702,1.0,1.0,1.0,1.0,1.0,1.0,0.8485260009765625,0.8188247680664062,0.8003387451171875,0.8249969482421875,0.8240814208984375,0.7874374389648438,4.0
703,0.0,0.0,1.0,0.0,0.0,1.0,0.80267333984375,0.7791519165039062,0.7368125915527344,0.7594795227050781,0.7782440185546875,0.7370624542236328,3.0
704,1.0,1.0,0.0,0.0,1.0,0.0,0.76409912109375,0.7250137329101562,0.6680374145507812,0.6868362426757812,0.7181243896484375,0.6697254180908203,0.0
705,1.0,1.0,1.0,1.0,0.0,1.0,0.821136474609375,0.7476959228515625,0.7220649719238281,0.7471771240234375,0.7378387451171875,0.7217369079589844,1.0
706,1.0,1.0,0.0,0.0,1.0,0.0,0.8022232055664062,0.7408294677734375,0.7039642333984375,0.7288055419921875,0.7328720092773438,0.7102241516113281,1.0
707,0.0,0.0,0.0,0.0,0.0,0.0,0.8081893920898438,0.7496719360351562,0.7129058837890625,0.7386245727539062,0.7382965087890625,0.7156848907470703,1.0
708,1.0,1.0,1.0,1.0,1.0,1.0,0.8068466186523438,0.7795333862304688,0.7366104125976562,0.7580795288085938,0.776336669921875,0.7329387664794922,3.0
709,0.0,1.0,0.0,0.0,1.0,0.0,0.8217010498046875,0.8021011352539062,0.7600936889648438,0.7769546508789062,0.7922897338867188,0.7495956420898438,4.0
710,0.0,1.0,1.0,0.0,0.0,1.0,0.8137130737304688,0.7489471435546875,0.7171440124511719,0.7473297119140625,0.7424774169921875,0.7129440307617188,1.0
711,1.0,1.0,0.0,0.0,1.0,0.0,0.79248046875,0.7572097778320312,0.6980094909667969,0.7204360961914062,0.7433013916015625,0.6851215362548828,0.0
712,1.0,1.0,0.0,0.0,0.0,0.0,0.7897415161132812,0.7528305053710938,0.6972541809082031,0.7180328369140625,0.7418289184570312,0.6837005615234375,0.0
713,1.0,1.0,1.0,0.0,0.0,0.0,0.8138504028320312,0.7925491333007812,0.7477989196777344,0.7712173461914062,0.78485107421875,0.7443161010742188,3.0
714,1.0,1.0,0.0,0.0,1.0,1.0,0.8157501220703125,0.7921295166015625,0.7471160888671875,0.771240234375,0.7907638549804688,0.7432117462158203,2.0
715,1.0,1.0,1.0,1.0,1.0,0.0,0.8349456787109375,0.7748680114746094,0.755645751953125,0.7797698974609375,0.7813720703125,0.7358474731445312,0.0
716,0.0,0.0,0.0,0.0,0.0,0.0,0.8106842041015625,0.7853775024414062,0.7449531555175781,0.7686405181884766,0.7871475219726562,0.7428131103515625,2.0
717,0.0,0.0,0.0,0.0,0.0,0.0,0.8229446411132812,0.8036727905273438,0.7594375610351562,0.7848129272460938,0.790679931640625,0.7508049011230469,3.0
718,1.0,1.0,1.0,1.0,1.0,0.0,0.813629150390625,0.7908172607421875,0.7536239624023438,0.7749481201171875,0.7874221801757812,0.7417068481445312,2.0
719,0.0,0.0,0.0,0.0,0.0,0.0,0.7974700927734375,0.7753829956054688,0.7377300262451172,0.7580699920654297,0.7760696411132812,0.7378444671630859,4.0
720,0.0,0.0,0.0,1.0,1.0,0.0,0.7982864379882812,0.7405014038085938,0.7031764984130859,0.7287635803222656,0.734954833984375,0.7124443054199219,1.0
721,0.0,0.0,1.0,0.0,0.0,1.0,0.77978515625,0.7398605346679688,0.6924057006835938,0.7129135131835938,0.7359848022460938,0.6822891235351562,0.0
722,1.0,1.0,1.0,0.0,1.0,0.0,0.8194198608398438,0.795440673828125,0.7482757568359375,0.7750434875488281,0.7897872924804688,0.7436618804931641,2.0
723,0.0,0.0,0.0,0.0,0.0,0.0,0.8043594360351562,0.7813186645507812,0.7455663681030273,0.7689399719238281,0.7836380004882812,0.7405872344970703,2.0
724,0.0,1.0,1.0,1.0,1.0,1.0,0.8171234130859375,0.750244140625,0.7171401977539062,0.7421646118164062,0.739837646484375,0.713714599609375,1.0
725,0.0,1.0,1.0,1.0,0.0,1.0,0.798370361328125,0.7746200561523438,0.7357673645019531,0.7556247711181641,0.77294921875,0.7351188659667969,4.0
726,1.0,1.0,1.0,1.0,1.0,0.0,0.80255126953125,0.7758712768554688,0.7364463806152344,0.7572822570800781,0.776824951171875,0.7323551177978516,3.0
727,0.0,0.0,0.0,0.0,0.0,0.0,0.7733917236328125,0.7298736572265625,0.6764602661132812,0.695770263671875,0.7227935791015625,0.6732673645019531,0.0
728,0.0,0.0,0.0,0.0,0.0,0.0,0.80780029296875,0.7793426513671875,0.7370109558105469,0.7590103149414062,0.77813720703125,0.7337169647216797,3.0
729,1.0,1.0,0.0,0.0,1.0,0.0,0.808929443359375,0.7838973999023438,0.7434043884277344,0.7644309997558594,0.7809982299804688,0.7427806854248047,4.0
730,0.0,0.0,0.0,0.0,0.0,0.0,0.7999267578125,0.7421875,0.7049694061279297,0.7324314117431641,0.7357559204101562,0.7160873413085938,1.0
731,1.0,1.0,1.0,1.0,1.0,1.0,0.8224945068359375,0.7996597290039062,0.7601776123046875,0.7819442749023438,0.7921600341796875,0.7476844787597656,3.0
732,1.0,1.0,1.0,1.0,1.0,1.0,0.849029541015625,0.8172416687011719,0.7985382080078125,0.8244171142578125,0.819793701171875,0.7769241333007812,3.0
733,1.0,0.0,0.0,0.0,0.0,0.0,0.7972869873046875,0.7719497680664062,0.7348957061767578,0.7588214874267578,0.7785797119140625,0.7357053756713867,2.0
734,0.0,0.0,1.0,0.0,0.0,0.0,0.7994918823242188,0.77557373046875,0.7371253967285156,0.7597255706787109,0.7767410278320312,0.7345848083496094,3.0
735,0.0,0.0,1.0,0.0,0.0,0.0,0.8247146606445312,0.8017501831054688,0.7576980590820312,0.7778396606445312,0.7940521240234375,0.7481002807617188,3.0
736,1.0,1.0,1.0,1.0,0.0,0.0,0.8152008056640625,0.7932853698730469,0.7600021362304688,0.7814102172851562,0.78955078125,0.7450485229492188,2.0
737,0.0,0.0,0.0,0.0,0.0,0.0,0.802947998046875,0.7802963256835938,0.7418842315673828,0.7671756744384766,0.78216552734375,0.7384910583496094,2.0
738,1.0,1.0,1.0,1.0,1.0,0.0,0.8250885009765625,0.7989044189453125,0.7571487426757812,0.7779464721679688,0.7880630493164062,0.7463531494140625,3.0
739,0.0,0.0,0.0,0.0,0.0,0.0,0.8061141967773438,0.7841339111328125,0.7426414489746094,0.7673244476318359,0.7824172973632812,0.7395229339599609,3.0
740,0.0,0.0,0.0,0.0,0.0,0.0,0.8079833984375,0.7840042114257812,0.7428703308105469,0.7668418884277344,0.7833251953125,0.7379741668701172,3.0
741,1.0,1.0,1.0,0.0,1.0,0.0,0.8464202880859375,0.819091796875,0.793853759765625,0.8203506469726562,0.8136062622070312,0.7751235961914062,2.0
742,0.0,1.0,1.0,1.0,1.0,1.0,0.849334716796875,0.8219528198242188,0.8037490844726562,0.825531005859375,0.8221588134765625,0.7824020385742188,4.0
743,1.0,1.0,1.0,1.0,1.0,1.0,0.8347015380859375,0.7729988098144531,0.7534294128417969,0.7827606201171875,0.7871551513671875,0.7423858642578125,0.0
744,0.0,0.0,0.0,0.0,0.0,0.0,0.802276611328125,0.7417755126953125,0.7086143493652344,0.7320213317871094,0.7347640991210938,0.7142486572265625,1.0
745,1.0,1.0,0.0,0.0,1.0,0.0,0.8165283203125,0.7538681030273438,0.7160835266113281,0.7450180053710938,0.7407302856445312,0.7145652770996094,1.0
746,1.0,1.0,1.0,1.0,1.0,0.0,0.824066162109375,0.8077011108398438,0.7727737426757812,0.7912826538085938,0.79510498046875,0.7547149658203125,2.0
747,0.0,0.0,0.0,0.0,0.0,0.0,0.7987289428710938,0.7765426635742188,0.738128662109375,0.7607746124267578,0.77679443359375,0.7390928268432617,4.0
748,1.0,1.0,0.0,0.0,1.0,0.0,0.8189849853515625,0.7962112426757812,0.7545242309570312,0.7723312377929688,0.7891616821289062,0.7455482482910156,4.0
749,0.0,0.0,0.0,0.0,0.0,0.0,0.8126602172851562,0.7930068969726562,0.7502555847167969,0.7712440490722656,0.7832870483398438,0.7443428039550781,4.0
750,1.0,1.0,1.0,0.0,0.0,0.0,0.8142471313476562,0.7902374267578125,0.7496109008789062,0.7727127075195312,0.7831573486328125,0.7377243041992188,3.0
751,0.0,0.0,0.0,0.0,0.0,0.0,0.7998275756835938,0.7768630981445312,0.7398929595947266,0.7618389129638672,0.7786941528320312,0.7389259338378906,4.0
752,1.0,1.0,0.0,0.0,1.0,0.0,0.756805419921875,0.716400146484375,0.6602611541748047,0.680145263671875,0.7132072448730469,0.6664829254150391,0.0
753,1.0,1.0,1.0,1.0,0.0,0.0,0.8489837646484375,0.8181610107421875,0.8004074096679688,0.8240737915039062,0.8211288452148438,0.780975341796875,3.0
754,1.0,1.0,0.0,0.0,1.0,1.0,0.8008651733398438,0.7418746948242188,0.7080574035644531,0.7314414978027344,0.7361068725585938,0.7109909057617188,1.0
755,1.0,0.0,0.0,0.0,0.0,0.0,0.827972412109375,0.7652664184570312,0.739471435546875,0.762664794921875,0.7539291381835938,0.7300605773925781,1.0
756,1.0,1.0,0.0,0.0,1.0,0.0,0.844635009765625,0.8283843994140625,0.80010986328125,0.823974609375,0.8206939697265625,0.773040771484375,2.0
757,1.0,1.0,1.0,1.0,0.0,1.0,0.8310394287109375,0.7592582702636719,0.7345199584960938,0.7635574340820312,0.7517776489257812,0.7246894836425781,1.0
758,0.0,1.0,1.0,1.0,0.0,1.0,0.8331146240234375,0.8055419921875,0.7804832458496094,0.803436279296875,0.8065948486328125,0.759429931640625,3.0
759,1.0,1.0,1.0,1.0,0.0,1.0,0.811859130859375,0.7657012939453125,0.7246360778808594,0.7484283447265625,0.7561492919921875,0.7050094604492188,0.0
760,1.0,0.0,0.0,0.0,0.0,0.0,0.8068161010742188,0.7855758666992188,0.7438850402832031,0.7657814025878906,0.7822113037109375,0.7409000396728516,3.0
761,1.0,1.0,1.0,1.0,1.0,1.0,0.84893798828125,0.8174858093261719,0.7943458557128906,0.820892333984375,0.8187637329101562,0.7773056030273438,3.0
762,1.0,1.0,1.0,1.0,1.0,0.0,0.836212158203125,0.8104896545410156,0.7883186340332031,0.8133926391601562,0.8102035522460938,0.76422119140625,2.0
763,1.0,1.0,1.0,1.0,1.0,1.0,0.83758544921875,0.81591796875,0.79010009765625,0.8105087280273438,0.8085403442382812,0.7689743041992188,4.0
764,1.0,1.0,1.0,1.0,1.0,1.0,0.8166046142578125,0.7694854736328125,0.7326622009277344,0.7580413818359375,0.7633743286132812,0.709564208984375,0.0
765,0.0,0.0,0.0,0.0,0.0,0.0,0.7751235961914062,0.7395858764648438,0.6809959411621094,0.6986503601074219,0.7323684692382812,0.6783657073974609,0.0
766,1.0,1.0,1.0,1.0,1.0,1.0,0.8050689697265625,0.780120849609375,0.7443809509277344,0.7631607055664062,0.77423095703125,0.7366409301757812,4.0
767,0.0,0.0,0.0,0.0,0.0,0.0,0.8004684448242188,0.7387771606445312,0.7087745666503906,0.7321815490722656,0.7336807250976562,0.7114620208740234,1.0
768,1.0,1.0,1.0,1.0,1.0,1.0,0.8415679931640625,0.8082199096679688,0.7842521667480469,0.81036376953125,0.8098220825195312,0.7608566284179688,3.0
769,0.0,0.0,0.0,0.0,0.0,0.0,0.8120651245117188,0.7898330688476562,0.7467803955078125,0.770172119140625,0.7823333740234375,0.7419281005859375,4.0
770,1.0,1.0,0.0,0.0,1.0,0.0,0.8232421875,0.799530029296875,0.7580108642578125,0.7824172973632812,0.793914794921875,0.7467536926269531,2.0
771,0.0,0.0,0.0,0.0,0.0,0.0,0.8116378784179688,0.7845458984375,0.7422103881835938,0.7667980194091797,0.7861785888671875,0.7386512756347656,2.0
772,1.0,1.0,1.0,1.0,1.0,1.0,0.842864990234375,0.7642326354980469,0.756561279296875,0.7833786010742188,0.76220703125,0.746673583984375,1.0
773,1.0,1.0,1.0,1.0,1.0,1.0,0.8390045166015625,0.813507080078125,0.7847137451171875,0.806732177734375,0.80670166015625,0.7611160278320312,3.0
774,1.0,1.0,1.0,1.0,1.0,1.0,0.81256103515625,0.7617111206054688,0.728179931640625,0.7489547729492188,0.7529067993164062,0.7053298950195312,0.0
775,1.0,1.0,0.0,0.0,1.0,0.0,0.80010986328125,0.77581787109375,0.7400245666503906,0.7631645202636719,0.7789764404296875,0.7379341125488281,4.0
776,0.0,1.0,0.0,1.0,0.0,0.0,0.8368377685546875,0.8114356994628906,0.7840919494628906,0.8060226440429688,0.8047027587890625,0.762725830078125,4.0
777,1.0,1.0,1.0,1.0,1.0,1.0,0.818634033203125,0.7795791625976562,0.7391891479492188,0.7600021362304688,0.7719497680664062,0.7135086059570312,0.0
778,1.0,1.0,1.0,1.0,1.0,1.0,0.836456298828125,0.8130950927734375,0.7782058715820312,0.7993927001953125,0.8038330078125,0.7602081298828125,2.0
779,0.0,0.0,1.0,1.0,1.0,1.0,0.838958740234375,0.821685791015625,0.7874908447265625,0.8036956787109375,0.8098602294921875,0.7630538940429688,4.0
780,1.0,1.0,0.0,1.0,1.0,0.0,0.8210601806640625,0.754302978515625,0.729827880859375,0.7569656372070312,0.74951171875,0.7232933044433594,1.0
781,1.0,1.0,1.0,1.0,1.0,1.0,0.8329315185546875,0.7667465209960938,0.7497329711914062,0.7738571166992188,0.7594757080078125,0.732025146484375,1.0
782,0.0,0.0,0.0,0.0,0.0,0.0,0.8009414672851562,0.7432022094726562,0.7087230682373047,0.7329788208007812,0.7433319091796875,0.7120304107666016,1.0
783,0.0,0.0,0.0,0.0,0.0,0.0,0.8171157836914062,0.7939376831054688,0.7507514953613281,0.7734756469726562,0.7882461547851562,0.7458171844482422,3.0
784,1.0,1.0,1.0,1.0,1.0,0.0,0.8240203857421875,0.7981643676757812,0.7612495422363281,0.7829360961914062,0.7908096313476562,0.7460556030273438,3.0
785,1.0,1.0,1.0,1.0,1.0,0.0,0.7916259765625,0.75396728515625,0.7072219848632812,0.7272872924804688,0.7429656982421875,0.6873588562011719,0.0
786,0.0,0.0,0.0,0.0,0.0,0.0,0.801849365234375,0.7377777099609375,0.7050666809082031,0.7325439453125,0.7335281372070312,0.7099666595458984,1.0
787,1.0,1.0,0.0,0.0,1.0,0.0,0.766357421875,0.7288970947265625,0.67132568359375,0.6917991638183594,0.7217254638671875,0.6709060668945312,0.0
788,0.0,0.0,0.0,0.0,0.0,0.0,0.8082199096679688,0.7809371948242188,0.7404937744140625,0.7639350891113281,0.7826004028320312,0.7367210388183594,2.0
789,0.0,0.0,0.0,0.0,0.0,0.0,0.8131866455078125,0.7944412231445312,0.7530021667480469,0.7765388488769531,0.7871780395507812,0.7471885681152344,3.0
790,1.0,1.0,1.0,1.0,1.0,0.0,0.8253936767578125,0.8072280883789062,0.769073486328125,0.7917251586914062,0.7966995239257812,0.7534904479980469,3.0
791,1.0,1.0,1.0,1.0,1.0,0.0,0.8585357666015625,0.8270950317382812,0.807220458984375,0.829559326171875,0.8270034790039062,0.7853317260742188,4.0
792,1.0,1.0,0.0,0.0,1.0,0.0,0.8215179443359375,0.7614059448242188,0.7368927001953125,0.763397216796875,0.7528533935546875,0.7284011840820312,1.0
793,1.0,1.0,0.0,0.0,0.0,0.0,0.8212203979492188,0.7994613647460938,0.758392333984375,0.7800331115722656,0.792022705078125,0.747833251953125,2.0
794,1.0,1.0,0.0,0.0,0.0,0.0,0.8274078369140625,0.804840087890625,0.76513671875,0.7853240966796875,0.7951583862304688,0.75128173828125,4.0
795,0.0,0.0,0.0,0.0,0.0,0.0,0.7992019653320312,0.7761001586914062,0.7373008728027344,0.7611274719238281,0.7764930725097656,0.7391691207885742,4.0
796,0.0,0.0,0.0,0.0,0.0,0.0,0.8102798461914062,0.78314208984375,0.7406387329101562,0.7668056488037109,0.7852249145507812,0.7418241500854492,2.0
797,1.0,1.0,0.0,0.0,1.0,0.0,0.79949951171875,0.7763595581054688,0.7365665435791016,0.7585105895996094,0.7767410278320312,0.7386894226074219,4.0
798,1.0,1.0,0.0,0.0,1.0,0.0,0.8177719116210938,0.7587966918945312,0.7275276184082031,0.75518798828125,0.7566604614257812,0.7201786041259766,1.0
799,1.0,1.0,1.0,1.0,1.0,1.0,0.8257904052734375,0.8040733337402344,0.7775840759277344,0.8031539916992188,0.8024215698242188,0.753997802734375,2.0
800,1.0,1.0,0.0,1.0,1.0,0.0,0.848480224609375,0.8189888000488281,0.8016738891601562,0.8258285522460938,0.8217315673828125,0.7865982055664062,4.0
801,1.0,1.0,1.0,1.0,1.0,1.0,0.825286865234375,0.7970542907714844,0.76318359375,0.788055419921875,0.794281005859375,0.7450752258300781,3.0
802,0.0,0.0,0.0,0.0,0.0,0.0,0.8149948120117188,0.7939605712890625,0.7559432983398438,0.7797775268554688,0.7941207885742188,0.7463951110839844,2.0
803,0.0,0.0,0.0,0.0,0.0,0.0,0.8019180297851562,0.7799072265625,0.7431068420410156,0.7671356201171875,0.7809219360351562,0.7395515441894531,2.0
804,1.0,1.0,1.0,1.0,1.0,1.0,0.8382415771484375,0.8104667663574219,0.776641845703125,0.8000411987304688,0.8008346557617188,0.7585678100585938,4.0
805,1.0,1.0,0.0,0.0,1.0,0.0,0.7987518310546875,0.7744979858398438,0.7376480102539062,0.7591476440429688,0.7772178649902344,0.737548828125,4.0
806,1.0,1.0,1.0,1.0,1.0,1.0,0.8419952392578125,0.8142585754394531,0.7912940979003906,0.8162460327148438,0.8153533935546875,0.7706375122070312,2.0
807,1.0,1.0,1.0,1.0,1.0,1.0,0.848724365234375,0.7709999084472656,0.7615013122558594,0.7902450561523438,0.7667770385742188,0.7464981079101562,1.0
808,1.0,1.0,1.0,1.0,1.0,0.0,0.7940902709960938,0.75250244140625,0.705169677734375,0.7257804870605469,0.7434844970703125,0.6888046264648438,0.0
809,1.0,1.0,0.0,0.0,1.0,0.0,0.7627410888671875,0.7222366333007812,0.6682281494140625,0.6874046325683594,0.7170333862304688,0.6690235137939453,0.0
810,1.0,1.0,0.0,0.0,0.0,0.0,0.8001861572265625,0.7345809936523438,0.6992263793945312,0.7252960205078125,0.7311782836914062,0.7072525024414062,1.0
811,1.0,1.0,0.0,0.0,0.0,0.0,0.801116943359375,0.7398147583007812,0.7045516967773438,0.7319602966308594,0.7323150634765625,0.7086868286132812,1.0
812,1.0,1.0,1.0,1.0,1.0,1.0,0.8167724609375,0.7928085327148438,0.7543754577636719,0.7784194946289062,0.791473388671875,0.7449684143066406,2.0
813,0.0,0.0,0.0,0.0,0.0,0.0,0.8026199340820312,0.7788467407226562,0.7433528900146484,0.7661685943603516,0.7822799682617188,0.7391204833984375,2.0
814,0.0,1.0,1.0,1.0,1.0,1.0,0.8325347900390625,0.802520751953125,0.7794952392578125,0.80078125,0.8011627197265625,0.7550926208496094,3.0
815,1.0,1.0,0.0,0.0,0.0,0.0,0.8272247314453125,0.80126953125,0.7629547119140625,0.7825546264648438,0.7903976440429688,0.75146484375,4.0
816,1.0,1.0,1.0,1.0,1.0,1.0,0.8432464599609375,0.7723426818847656,0.7610893249511719,0.7915420532226562,0.7691726684570312,0.7505416870117188,1.0
817,1.0,1.0,1.0,1.0,1.0,0.0,0.824676513671875,0.7732620239257812,0.7479438781738281,0.7726821899414062,0.7752609252929688,0.7229537963867188,0.0
818,1.0,1.0,1.0,1.0,1.0,1.0,0.82958984375,0.7754173278808594,0.7532768249511719,0.7773513793945312,0.781951904296875,0.732574462890625,0.0
819,1.0,1.0,1.0,1.0,1.0,1.0,0.8205413818359375,0.7546157836914062,0.7311630249023438,0.7528152465820312,0.7418594360351562,0.7190704345703125,1.0
820,1.0,1.0,0.0,0.0,0.0,0.0,0.84515380859375,0.7659187316894531,0.7527008056640625,0.7831497192382812,0.76220703125,0.748260498046875,1.0
821,1.0,1.0,0.0,0.0,0.0,0.0,0.8051681518554688,0.7827911376953125,0.7431583404541016,0.7606430053710938,0.77899169921875,0.7397270202636719,4.0
822,1.0,0.0,0.0,0.0,0.0,0.0,0.80609130859375,0.7845535278320312,0.7460975646972656,0.7686347961425781,0.7828216552734375,0.7391681671142578,3.0
823,0.0,0.0,0.0,0.0,0.0,0.0,0.8084335327148438,0.784820556640625,0.74493408203125,0.7680168151855469,0.7849884033203125,0.740020751953125,3.0
824,1.0,1.0,0.0,0.0,1.0,0.0,0.8047332763671875,0.7810211181640625,0.7429981231689453,0.7677841186523438,0.7836837768554688,0.7401981353759766,2.0
825,0.0,0.0,0.0,0.0,0.0,0.0,0.7976150512695312,0.7738189697265625,0.7355556488037109,0.7592811584472656,0.77813720703125,0.735234260559082,3.0
826,0.0,0.0,1.0,1.0,1.0,1.0,0.8416290283203125,0.81927490234375,0.7933502197265625,0.8150787353515625,0.8156280517578125,0.7692794799804688,2.0
827,1.0,1.0,0.0,0.0,0.0,0.0,0.8004608154296875,0.7742385864257812,0.7329120635986328,0.7565975189208984,0.7763824462890625,0.7332305908203125,3.0
828,1.0,1.0,1.0,1.0,1.0,1.0,0.8506317138671875,0.8149490356445312,0.7942085266113281,0.8197860717773438,0.8162918090820312,0.7719802856445312,3.0
829,0.0,0.0,0.0,0.0,0.0,0.0,0.784027099609375,0.7505569458007812,0.6934127807617188,0.7107734680175781,0.735504150390625,0.6822547912597656,0.0
830,0.0,0.0,0.0,0.0,0.0,0.0,0.8065643310546875,0.7824630737304688,0.7430839538574219,0.7665138244628906,0.7838134765625,0.7392921447753906,3.0
831,0.0,0.0,0.0,0.0,0.0,0.0,0.8065414428710938,0.7865982055664062,0.7539024353027344,0.7744941711425781,0.7875900268554688,0.7440071105957031,4.0
832,1.0,1.0,1.0,1.0,1.0,1.0,0.8222808837890625,0.7715988159179688,0.7483100891113281,0.7735137939453125,0.7737579345703125,0.7261199951171875,0.0
833,1.0,1.0,1.0,1.0,1.0,0.0,0.84075927734375,0.8102951049804688,0.7776641845703125,0.8012542724609375,0.80535888671875,0.7570266723632812,3.0
834,1.0,1.0,1.0,0.0,1.0,1.0,0.8234100341796875,0.8049545288085938,0.7636489868164062,0.7869186401367188,0.7944412231445312,0.7505760192871094,2.0
835,0.0,0.0,0.0,0.0,1.0,0.0,0.7945709228515625,0.7724380493164062,0.7358837127685547,0.7564697265625,0.7747726440429688,0.7375850677490234,4.0
836,1.0,1.0,1.0,1.0,1.0,0.0,0.8242950439453125,0.7712478637695312,0.7495040893554688,0.7767868041992188,0.7802963256835938,0.7249221801757812,0.0
837,1.0,1.0,0.0,0.0,1.0,0.0,0.8262557983398438,0.8016510009765625,0.7585220336914062,0.7799072265625,0.795318603515625,0.7506675720214844,3.0
838,1.0,1.0,1.0,0.0,1.0,0.0,0.8295745849609375,0.7587203979492188,0.7293586730957031,0.7559890747070312,0.7478485107421875,0.7259521484375,1.0
839,1.0,1.0,1.0,1.0,1.0,1.0,0.809539794921875,0.74786376953125,0.7088699340820312,0.7338790893554688,0.7318344116210938,0.7094001770019531,1.0
840,1.0,1.0,1.0,1.0,1.0,1.0,0.8474578857421875,0.8193283081054688,0.7919845581054688,0.8150787353515625,0.8144149780273438,0.7746353149414062,4.0
841,1.0,1.0,0.0,0.0,1.0,0.0,0.7584075927734375,0.7168731689453125,0.6618385314941406,0.6815013885498047,0.7133407592773438,0.6678524017333984,0.0
842,0.0,1.0,1.0,1.0,0.0,1.0,0.823760986328125,0.7610244750976562,0.7312774658203125,0.7553329467773438,0.7514572143554688,0.7194137573242188,1.0
843,1.0,1.0,1.0,1.0,1.0,1.0,0.827972412109375,0.7699089050292969,0.7374076843261719,0.7646942138671875,0.7645187377929688,0.7207183837890625,0.0
844,0.0,0.0,0.0,0.0,0.0,0.0,0.8105087280273438,0.786346435546875,0.7457313537597656,0.7691688537597656,0.7864608764648438,0.7390518188476562,2.0
845,0.0,1.0,0.0,1.0,1.0,0.0,0.83782958984375,0.7686309814453125,0.7525711059570312,0.7792282104492188,0.7624893188476562,0.7329025268554688,1.0
846,1.0,1.0,1.0,1.0,1.0,0.0,0.8196945190429688,0.7512779235839844,0.7199592590332031,0.7469863891601562,0.7401046752929688,0.714599609375,1.0
847,1.0,1.0,1.0,1.0,1.0,1.0,0.836822509765625,0.8104820251464844,0.7872200012207031,0.8095169067382812,0.8067779541015625,0.7613296508789062,2.0
848,0.0,0.0,0.0,0.0,0.0,0.0,0.8145523071289062,0.7897109985351562,0.7480316162109375,0.7711524963378906,0.7856826782226562,0.7419300079345703,3.0
849,1.0,1.0,1.0,1.0,1.0,1.0,0.8469696044921875,0.8163719177246094,0.7927436828613281,0.8197021484375,0.8171157836914062,0.7679367065429688,2.0
850,0.0,0.0,0.0,0.0,0.0,0.0,0.8162002563476562,0.7946624755859375,0.748779296875,0.7742958068847656,0.7862701416015625,0.7460556030273438,3.0
851,1.0,1.0,0.0,0.0,1.0,0.0,0.8124542236328125,0.7877731323242188,0.7419891357421875,0.7642059326171875,0.779754638671875,0.7358207702636719,3.0
852,0.0,1.0,1.0,1.0,0.0,1.0,0.8277053833007812,0.8038864135742188,0.7721786499023438,0.7939529418945312,0.797882080078125,0.7578086853027344,2.0
853,0.0,0.0,0.0,0.0,0.0,0.0,0.8190841674804688,0.7975082397460938,0.7608108520507812,0.7803459167480469,0.7902069091796875,0.7489280700683594,3.0
854,1.0,1.0,0.0,0.0,1.0,0.0,0.8205108642578125,0.7985382080078125,0.7579612731933594,0.7743377685546875,0.7846527099609375,0.7540855407714844,4.0
855,1.0,1.0,1.0,1.0,1.0,0.0,0.7631759643554688,0.7218856811523438,0.6665000915527344,0.6837806701660156,0.7129440307617188,0.664703369140625,0.0
856,1.0,1.0,1.0,1.0,1.0,0.0,0.836669921875,0.8179931640625,0.7879638671875,0.8061065673828125,0.81085205078125,0.7633285522460938,4.0
857,1.0,1.0,1.0,1.0,1.0,1.0,0.82989501953125,0.7651290893554688,0.7417678833007812,0.7659988403320312,0.7545089721679688,0.7266159057617188,1.0
858,0.0,1.0,1.0,1.0,1.0,0.0,0.84637451171875,0.8199386596679688,0.79815673828125,0.8257217407226562,0.8212966918945312,0.780792236328125,2.0
859,1.0,1.0,1.0,1.0,1.0,0.0,0.8383026123046875,0.7735977172851562,0.75482177734375,0.7822265625,0.7649154663085938,0.735931396484375,1.0
860,0.0,0.0,0.0,0.0,0.0,0.0,0.7999038696289062,0.777069091796875,0.7401885986328125,0.7607803344726562,0.7791061401367188,0.7403459548950195,4.0
861,1.0,0.0,0.0,0.0,0.0,0.0,0.8097763061523438,0.749053955078125,0.7111854553222656,0.7385787963867188,0.7435989379882812,0.7141876220703125,1.0
862,0.0,0.0,0.0,0.0,0.0,0.0,0.8060379028320312,0.7812271118164062,0.7376613616943359,0.764678955078125,0.7823486328125,0.7371978759765625,2.0
863,0.0,0.0,0.0,0.0,0.0,0.0,0.8059310913085938,0.78118896484375,0.7419090270996094,0.7592735290527344,0.77874755859375,0.7374057769775391,4.0
864,1.0,1.0,1.0,0.0,0.0,0.0,0.8179779052734375,0.7728805541992188,0.737548828125,0.7587890625,0.7682952880859375,0.7144012451171875,0.0
865,0.0,0.0,0.0,0.0,0.0,0.0,0.7655868530273438,0.729736328125,0.6699085235595703,0.6886692047119141,0.7207260131835938,0.6707954406738281,0.0
866,1.0,1.0,1.0,1.0,1.0,0.0,0.8223876953125,0.7959136962890625,0.7549858093261719,0.7759323120117188,0.784423828125,0.7433357238769531,3.0
867,0.0,0.0,0.0,0.0,0.0,0.0,0.79754638671875,0.739166259765625,0.7044086456298828,0.7298126220703125,0.7338714599609375,0.7117652893066406,1.0
868,0.0,0.0,0.0,0.0,0.0,0.0,0.8138885498046875,0.7929534912109375,0.7497138977050781,0.7731170654296875,0.7905960083007812,0.7455520629882812,3.0
869,1.0,0.0,0.0,0.0,0.0,0.0,0.8310699462890625,0.8113861083984375,0.7663726806640625,0.7861404418945312,0.8009262084960938,0.7571601867675781,2.0
870,0.0,0.0,0.0,0.0,0.0,0.0,0.80810546875,0.7838897705078125,0.7467460632324219,0.7658920288085938,0.7818984985351562,0.7412567138671875,4.0
871,1.0,1.0,1.0,1.0,1.0,0.0,0.84259033203125,0.8169326782226562,0.78839111328125,0.81146240234375,0.8115615844726562,0.7665863037109375,4.0
872,1.0,1.0,1.0,1.0,1.0,1.0,0.8271942138671875,0.806060791015625,0.7666397094726562,0.7873153686523438,0.7951736450195312,0.7539710998535156,3.0
873,0.0,0.0,0.0,0.0,0.0,0.0,0.7941360473632812,0.7352828979492188,0.7009468078613281,0.7260189056396484,0.72894287109375,0.7093563079833984,1.0
874,1.0,1.0,1.0,1.0,0.0,0.0,0.8291473388671875,0.770782470703125,0.7439765930175781,0.7685623168945312,0.7729415893554688,0.7245407104492188,0.0
875,1.0,1.0,1.0,1.0,1.0,1.0,0.85272216796875,0.8228912353515625,0.804534912109375,0.8293533325195312,0.8240966796875,0.7855377197265625,3.0
876,1.0,1.0,0.0,0.0,1.0,0.0,0.83648681640625,0.8106460571289062,0.7751426696777344,0.7977371215820312,0.7992782592773438,0.7561416625976562,3.0
877,1.0,1.0,1.0,1.0,1.0,1.0,0.8453369140625,0.8154830932617188,0.793792724609375,0.81878662109375,0.8173294067382812,0.773284912109375,4.0
878,1.0,1.0,0.0,0.0,1.0,0.0,0.822265625,0.8014297485351562,0.7596359252929688,0.7753372192382812,0.78326416015625,0.7569389343261719,4.0
879,0.0,0.0,1.0,0.0,0.0,0.0,0.832427978515625,0.7733154296875,0.746673583984375,0.7751083374023438,0.7595748901367188,0.7375259399414062,1.0
880,0.0,0.0,0.0,0.0,0.0,0.0,0.7952728271484375,0.7719192504882812,0.7360916137695312,0.7585296630859375,0.7759170532226562,0.7368831634521484,4.0
881,0.0,0.0,0.0,0.0,0.0,0.0,0.8145828247070312,0.7890167236328125,0.7517547607421875,0.7745704650878906,0.7870559692382812,0.7454586029052734,2.0
882,1.0,0.0,0.0,1.0,1.0,1.0,0.8020172119140625,0.778594970703125,0.7371597290039062,0.7624626159667969,0.7792434692382812,0.7374267578125,3.0
883,0.0,0.0,0.0,0.0,0.0,0.0,0.8042449951171875,0.7826080322265625,0.7440757751464844,0.7651596069335938,0.7811508178710938,0.7412652969360352,4.0
884,1.0,1.0,1.0,0.0,1.0,0.0,0.8441162109375,0.8222732543945312,0.787841796875,0.8113784790039062,0.8157272338867188,0.7686386108398438,3.0
885,0.0,1.0,0.0,1.0,1.0,0.0,0.86199951171875,0.8326797485351562,0.8090896606445312,0.8334884643554688,0.8285751342773438,0.7883834838867188,3.0
886,0.0,0.0,0.0,0.0,1.0,0.0,0.7614288330078125,0.7215652465820312,0.6683807373046875,0.6876602172851562,0.7188720703125,0.6681709289550781,0.0
887,0.0,0.0,1.0,0.0,0.0,0.0,0.767791748046875,0.7243804931640625,0.6721839904785156,0.6892166137695312,0.7211456298828125,0.6728973388671875,0.0
888,0.0,0.0,0.0,0.0,0.0,0.0,0.7950286865234375,0.7329177856445312,0.7025642395019531,0.7254905700683594,0.7303848266601562,0.7074565887451172,1.0
889,0.0,0.0,0.0,0.0,0.0,0.0,0.8084335327148438,0.7485809326171875,0.7127838134765625,0.7431564331054688,0.74273681640625,0.7165546417236328,1.0
890,0.0,0.0,0.0,0.0,0.0,0.0,0.813079833984375,0.7916107177734375,0.7496109008789062,0.771209716796875,0.785888671875,0.7441329956054688,3.0
891,0.0,0.0,0.0,0.0,0.0,0.0,0.8141860961914062,0.7928085327148438,0.7531509399414062,0.7755889892578125,0.783233642578125,0.7480239868164062,4.0
892,1.0,1.0,1.0,1.0,1.0,0.0,0.8165740966796875,0.7525863647460938,0.7135009765625,0.7425003051757812,0.7434539794921875,0.7155036926269531,1.0
893,1.0,1.0,0.0,0.0,1.0,0.0,0.820648193359375,0.7957916259765625,0.7610626220703125,0.7846603393554688,0.7907867431640625,0.7456436157226562,2.0
894,0.0,0.0,0.0,0.0,0.0,0.0,0.8062591552734375,0.7857208251953125,0.7492237091064453,0.7732620239257812,0.7878341674804688,0.7400970458984375,3.0
895,1.0,1.0,0.0,0.0,1.0,0.0,0.8456268310546875,0.8156166076660156,0.7917633056640625,0.8170242309570312,0.8144760131835938,0.7704315185546875,3.0
896,0.0,1.0,0.0,1.0,1.0,0.0,0.8170318603515625,0.7956695556640625,0.7615966796875,0.7830581665039062,0.7920303344726562,0.7470855712890625,4.0
897,0.0,0.0,1.0,0.0,0.0,1.0,0.8214569091796875,0.8050003051757812,0.7655868530273438,0.77947998046875,0.7912368774414062,0.7500953674316406,4.0
898,1.0,1.0,0.0,0.0,1.0,0.0,0.7577743530273438,0.7173233032226562,0.6648464202880859,0.6823825836181641,0.714569091796875,0.6678886413574219,0.0
899,1.0,1.0,0.0,0.0,1.0,0.0,0.7673721313476562,0.7257537841796875,0.6711959838867188,0.6911468505859375,0.7219314575195312,0.6718368530273438,0.0
900,0.0,0.0,0.0,0.0,0.0,0.0,0.7986679077148438,0.7342987060546875,0.70050048828125,0.7263946533203125,0.7303848266601562,0.709259033203125,1.0
901,0.0,0.0,0.0,0.0,0.0,0.0,0.8002853393554688,0.7415237426757812,0.7055816650390625,0.7296600341796875,0.7329940795898438,0.7092704772949219,1.0
902,1.0,1.0,0.0,0.0,0.0,0.0,0.8287353515625,0.8080215454101562,0.770782470703125,0.793121337890625,0.79998779296875,0.7536964416503906,3.0
903,1.0,1.0,0.0,1.0,1.0,1.0,0.840972900390625,0.7714996337890625,0.75189208984375,0.781951904296875,0.7713394165039062,0.736358642578125,1.0
904,1.0,1.0,1.0,1.0,1.0,1.0,0.81610107421875,0.7548904418945312,0.7284507751464844,0.7497940063476562,0.7398147583007812,0.7170333862304688,1.0
905,0.0,1.0,1.0,1.0,0.0,1.0,0.834136962890625,0.770355224609375,0.74273681640625,0.7728347778320312,0.7659149169921875,0.7315750122070312,1.0
906,1.0,1.0,1.0,1.0,1.0,0.0,0.824554443359375,0.7683258056640625,0.7427139282226562,0.7689208984375,0.770721435546875,0.7240829467773438,0.0
907,1.0,1.0,1.0,1.0,1.0,1.0,0.8315582275390625,0.763885498046875,0.74322509765625,0.7671585083007812,0.7552490234375,0.7301788330078125,1.0
908,1.0,1.0,1.0,0.0,0.0,0.0,0.8307342529296875,0.8090896606445312,0.7732315063476562,0.7961807250976562,0.7954177856445312,0.7556838989257812,3.0
909,1.0,1.0,0.0,0.0,1.0,0.0,0.8168106079101562,0.798309326171875,0.7580184936523438,0.7770195007324219,0.7888717651367188,0.7453765869140625,2.0
910,1.0,1.0,1.0,1.0,1.0,1.0,0.839630126953125,0.775970458984375,0.7580642700195312,0.783447265625,0.7881927490234375,0.7480239868164062,0.0
911,1.0,1.0,0.0,0.0,1.0,0.0,0.8439788818359375,0.8110198974609375,0.7878646850585938,0.8115997314453125,0.8106307983398438,0.7622299194335938,3.0
912,0.0,0.0,0.0,0.0,0.0,0.0,0.8151473999023438,0.794677734375,0.7575531005859375,0.779083251953125,0.7894515991210938,0.7442779541015625,3.0
913,0.0,1.0,1.0,1.0,0.0,0.0,0.8073959350585938,0.7833175659179688,0.7444076538085938,0.7643775939941406,0.7813034057617188,0.7410316467285156,4.0
914,0.0,0.0,0.0,0.0,0.0,0.0,0.7973861694335938,0.7722854614257812,0.7364826202392578,0.7608737945556641,0.7791671752929688,0.7365961074829102,2.0
915,1.0,1.0,1.0,1.0,1.0,1.0,0.8326873779296875,0.782928466796875,0.7493057250976562,0.7696456909179688,0.7771224975585938,0.7275543212890625,0.0
916,1.0,1.0,1.0,1.0,1.0,1.0,0.8291473388671875,0.808868408203125,0.7781219482421875,0.7947463989257812,0.8009872436523438,0.7554473876953125,2.0
917,1.0,1.0,1.0,1.0,1.0,1.0,0.8414764404296875,0.7709541320800781,0.75445556640625,0.7857131958007812,0.7653656005859375,0.7376861572265625,1.0
918,0.0,0.0,0.0,0.0,0.0,0.0,0.7997894287109375,0.7725067138671875,0.7344608306884766,0.7591133117675781,0.7781448364257812,0.7340841293334961,2.0
919,1.0,1.0,0.0,0.0,1.0,0.0,0.8075942993164062,0.7846603393554688,0.7401885986328125,0.763580322265625,0.7816925048828125,0.73956298828125,3.0
920,0.0,0.0,0.0,0.0,0.0,0.0,0.8041915893554688,0.7796173095703125,0.7383918762207031,0.7606582641601562,0.7793426513671875,0.7363929748535156,3.0
921,1.0,1.0,1.0,0.0,1.0,0.0,0.7647476196289062,0.7240524291992188,0.6699752807617188,0.6883583068847656,0.7175827026367188,0.669403076171875,0.0
922,1.0,1.0,0.0,0.0,1.0,0.0,0.8030166625976562,0.7419662475585938,0.7026863098144531,0.72998046875,0.7325668334960938,0.7122955322265625,1.0
923,1.0,1.0,1.0,0.0,0.0,0.0,0.8338775634765625,0.7653732299804688,0.7352142333984375,0.7623825073242188,0.753082275390625,0.7248802185058594,1.0
924,0.0,1.0,1.0,1.0,1.0,0.0,0.8360595703125,0.8073272705078125,0.7839469909667969,0.8085861206054688,0.8056488037109375,0.7580184936523438,3.0
925,1.0,1.0,0.0,0.0,0.0,0.0,0.8468170166015625,0.8247146606445312,0.796875,0.8234100341796875,0.821319580078125,0.7763671875,2.0
926,0.0,0.0,0.0,0.0,0.0,0.0,0.8041152954101562,0.7802734375,0.7414321899414062,0.7639064788818359,0.782684326171875,0.7397975921630859,2.0
927,0.0,0.0,0.0,0.0,0.0,0.0,0.8033447265625,0.7798385620117188,0.7384757995605469,0.7635726928710938,0.7807083129882812,0.7380084991455078,3.0
928,1.0,1.0,1.0,1.0,1.0,0.0,0.83154296875,0.811431884765625,0.7777633666992188,0.7990264892578125,0.8020095825195312,0.756591796875,4.0
929,0.0,0.0,0.0,0.0,0.0,0.0,0.8032684326171875,0.78179931640625,0.7413482666015625,0.7641754150390625,0.7792892456054688,0.7391452789306641,4.0
930,0.0,0.0,1.0,0.0,0.0,0.0,0.81475830078125,0.794708251953125,0.7517318725585938,0.7745437622070312,0.7884979248046875,0.7464523315429688,2.0
931,0.0,0.0,0.0,0.0,0.0,0.0,0.7957611083984375,0.7600479125976562,0.70654296875,0.7254409790039062,0.7467575073242188,0.6875267028808594,0.0
932,1.0,1.0,1.0,1.0,1.0,1.0,0.819854736328125,0.771392822265625,0.7364158630371094,0.76080322265625,0.7683563232421875,0.7184982299804688,0.0
933,1.0,1.0,0.0,0.0,1.0,1.0,0.8332366943359375,0.8097381591796875,0.7747650146484375,0.7998504638671875,0.80242919921875,0.7551536560058594,3.0
934,1.0,1.0,0.0,0.0,1.0,0.0,0.8038253784179688,0.780609130859375,0.741668701171875,0.7645988464355469,0.7816543579101562,0.7388343811035156,3.0
935,1.0,0.0,0.0,0.0,1.0,1.0,0.821044921875,0.7973175048828125,0.7646636962890625,0.785430908203125,0.7934112548828125,0.7496604919433594,3.0
936,0.0,0.0,1.0,0.0,0.0,1.0,0.8154678344726562,0.7931060791015625,0.7548751831054688,0.7755355834960938,0.7852706909179688,0.7460365295410156,2.0
937,1.0,1.0,1.0,1.0,1.0,0.0,0.8362579345703125,0.765777587890625,0.7432403564453125,0.7715530395507812,0.7555618286132812,0.7248916625976562,1.0
938,1.0,1.0,1.0,1.0,1.0,1.0,0.84283447265625,0.7766036987304688,0.7600936889648438,0.789093017578125,0.7736282348632812,0.7413558959960938,1.0
939,0.0,0.0,0.0,0.0,0.0,0.0,0.7947235107421875,0.7340927124023438,0.7034759521484375,0.7268714904785156,0.7294540405273438,0.7068347930908203,1.0
940,1.0,1.0,1.0,1.0,1.0,1.0,0.8243865966796875,0.771453857421875,0.7417030334472656,0.7648696899414062,0.7721481323242188,0.7190322875976562,0.0
941,0.0,0.0,0.0,0.0,0.0,0.0,0.8073806762695312,0.7829208374023438,0.7423477172851562,0.7677116394042969,0.7826309204101562,0.7410659790039062,2.0
942,1.0,1.0,1.0,1.0,1.0,1.0,0.8497467041015625,0.7724456787109375,0.7629127502441406,0.7924575805664062,0.7740478515625,0.7574691772460938,1.0
943,1.0,1.0,0.0,1.0,1.0,0.0,0.8005218505859375,0.7373123168945312,0.7023124694824219,0.7281608581542969,0.7306442260742188,0.7083377838134766,1.0
944,1.0,1.0,1.0,1.0,1.0,1.0,0.8244705200195312,0.7993927001953125,0.7695045471191406,0.7922515869140625,0.794342041015625,0.7571792602539062,2.0
945,1.0,1.0,1.0,1.0,1.0,1.0,0.8215484619140625,0.7944564819335938,0.7590713500976562,0.779937744140625,0.7889404296875,0.7462234497070312,3.0
946,0.0,0.0,0.0,0.0,0.0,0.0,0.80023193359375,0.7446136474609375,0.7085914611816406,0.7326469421386719,0.7352066040039062,0.7139339447021484,1.0
947,0.0,0.0,0.0,0.0,0.0,0.0,0.806671142578125,0.7853927612304688,0.7427597045898438,0.7657318115234375,0.7833480834960938,0.7415752410888672,3.0
948,1.0,1.0,1.0,1.0,1.0,1.0,0.8073577880859375,0.7646331787109375,0.7240524291992188,0.7471466064453125,0.7579803466796875,0.6992683410644531,0.0
949,1.0,1.0,1.0,1.0,1.0,1.0,0.806427001953125,0.7603759765625,0.71728515625,0.7413101196289062,0.7515487670898438,0.6946182250976562,0.0
950,1.0,1.0,0.0,0.0,0.0,0.0,0.7539138793945312,0.712799072265625,0.6574687957763672,0.6777248382568359,0.7113571166992188,0.6643791198730469,0.0
951,0.0,0.0,0.0,0.0,0.0,0.0,0.7960052490234375,0.7730941772460938,0.7383651733398438,0.7593917846679688,0.7777595520019531,0.7381534576416016,4.0
952,1.0,1.0,0.0,0.0,0.0,0.0,0.769073486328125,0.7292709350585938,0.6761894226074219,0.6973857879638672,0.7257461547851562,0.6739253997802734,0.0
953,1.0,1.0,0.0,0.0,1.0,0.0,0.8177413940429688,0.797271728515625,0.7535057067871094,0.7750663757324219,0.7845916748046875,0.7467269897460938,3.0
954,0.0,0.0,0.0,0.0,0.0,0.0,0.8036041259765625,0.7808914184570312,0.7417716979980469,0.7620811462402344,0.7790145874023438,0.7401151657104492,4.0
955,0.0,0.0,0.0,0.0,0.0,0.0,0.8340606689453125,0.8060760498046875,0.7754783630371094,0.7999038696289062,0.8010711669921875,0.7555580139160156,4.0
956,0.0,0.0,0.0,0.0,0.0,0.0,0.81158447265625,0.7856521606445312,0.7473182678222656,0.769805908203125,0.7795867919921875,0.7370033264160156,4.0
957,0.0,1.0,1.0,1.0,0.0,1.0,0.810150146484375,0.787200927734375,0.7463264465332031,0.7663917541503906,0.78106689453125,0.7410621643066406,4.0
958,1.0,1.0,0.0,0.0,1.0,0.0,0.8065338134765625,0.7797317504882812,0.7398872375488281,0.7614517211914062,0.7794876098632812,0.7366600036621094,3.0
959,0.0,0.0,0.0,0.0,0.0,0.0,0.80609130859375,0.7817840576171875,0.7394065856933594,0.7619209289550781,0.7809600830078125,0.7378749847412109,3.0
960,1.0,1.0,1.0,1.0,1.0,1.0,0.8559112548828125,0.8234100341796875,0.8027915954589844,0.8291549682617188,0.825103759765625,0.7866744995117188,4.0
961,0.0,1.0,1.0,1.0,0.0,1.0,0.8476715087890625,0.8227386474609375,0.7895050048828125,0.8157806396484375,0.8182754516601562,0.77069091796875,3.0
962,0.0,0.0,0.0,0.0,0.0,0.0,0.817291259765625,0.796142578125,0.7523956298828125,0.7779808044433594,0.7876968383789062,0.7466259002685547,2.0
963,1.0,1.0,1.0,1.0,1.0,1.0,0.7725296020507812,0.7298431396484375,0.6795692443847656,0.6979484558105469,0.7210311889648438,0.6751594543457031,0.0
964,1.0,1.0,0.0,0.0,1.0,0.0,0.805389404296875,0.7421112060546875,0.7073440551757812,0.7322578430175781,0.7322463989257812,0.7101840972900391,1.0
965,1.0,1.0,0.0,1.0,1.0,0.0,0.8174896240234375,0.7985153198242188,0.7634201049804688,0.7856826782226562,0.792236328125,0.7474517822265625,2.0
966,1.0,1.0,0.0,0.0,1.0,0.0,0.8029861450195312,0.7805404663085938,0.74102783203125,0.7660961151123047,0.7834014892578125,0.7387943267822266,2.0
967,0.0,0.0,0.0,0.0,0.0,0.0,0.8023605346679688,0.7806777954101562,0.7406711578369141,0.7649955749511719,0.7819671630859375,0.7396440505981445,3.0
968,1.0,1.0,1.0,1.0,1.0,1.0,0.7911529541015625,0.7538909912109375,0.69921875,0.7208251953125,0.7460098266601562,0.6835212707519531,0.0
969,1.0,0.0,0.0,0.0,0.0,0.0,0.8058013916015625,0.7862930297851562,0.7494430541992188,0.772125244140625,0.7837142944335938,0.7432003021240234,3.0
970,1.0,1.0,1.0,0.0,1.0,0.0,0.8040008544921875,0.7780303955078125,0.7345504760742188,0.7576828002929688,0.7754745483398438,0.7344837188720703,3.0
971,1.0,1.0,1.0,1.0,1.0,1.0,0.8076629638671875,0.7829666137695312,0.7433357238769531,0.7653236389160156,0.7826156616210938,0.7362537384033203,3.0
972,1.0,1.0,1.0,1.0,1.0,1.0,0.841064453125,0.8124237060546875,0.7870063781738281,0.8094635009765625,0.8068313598632812,0.7651214599609375,4.0
973,1.0,1.0,1.0,1.0,1.0,0.0,0.8179397583007812,0.7520828247070312,0.7229385375976562,0.7493019104003906,0.7433319091796875,0.7153511047363281,1.0
974,0.0,0.0,0.0,0.0,0.0,0.0,0.798065185546875,0.7723770141601562,0.7371368408203125,0.7614269256591797,0.7800369262695312,0.7375974655151367,2.0
975,0.0,0.0,0.0,0.0,0.0,0.0,0.824981689453125,0.8021774291992188,0.770782470703125,0.7928123474121094,0.7986526489257812,0.7555656433105469,4.0
976,1.0,1.0,0.0,0.0,1.0,0.0,0.8027572631835938,0.7798080444335938,0.7386093139648438,0.7635078430175781,0.778106689453125,0.7366256713867188,2.0
977,1.0,1.0,0.0,0.0,1.0,0.0,0.8461456298828125,0.8087692260742188,0.7898902893066406,0.8121261596679688,0.8107833862304688,0.7702255249023438,3.0
978,0.0,0.0,0.0,0.0,0.0,0.0,0.8003311157226562,0.7761764526367188,0.7376956939697266,0.7632427215576172,0.7811965942382812,0.7365837097167969,2.0
979,0.0,0.0,0.0,0.0,0.0,0.0,0.822723388671875,0.799560546875,0.757293701171875,0.7845687866210938,0.7915115356445312,0.7497901916503906,2.0
980,1.0,1.0,0.0,0.0,1.0,0.0,0.80615234375,0.7824783325195312,0.7393341064453125,0.7623500823974609,0.7807998657226562,0.7384567260742188,3.0
981,1.0,1.0,0.0,1.0,1.0,0.0,0.8448944091796875,0.8164901733398438,0.7899284362792969,0.8124542236328125,0.8111038208007812,0.7712173461914062,4.0
982,1.0,1.0,1.0,1.0,1.0,1.0,0.82635498046875,0.7595748901367188,0.7375373840332031,0.7615890502929688,0.7481765747070312,0.7224807739257812,1.0
983,1.0,1.0,0.0,1.0,1.0,1.0,0.821319580078125,0.7480125427246094,0.7288131713867188,0.7538185119628906,0.7449951171875,0.723358154296875,1.0
984,1.0,1.0,1.0,1.0,1.0,1.0,0.8130645751953125,0.7740402221679688,0.7343864440917969,0.7572860717773438,0.7689132690429688,0.7066574096679688,0.0
985,1.0,1.0,1.0,0.0,0.0,0.0,0.8162384033203125,0.7466011047363281,0.7174720764160156,0.7432327270507812,0.7342605590820312,0.7177619934082031,1.0
986,0.0,0.0,0.0,0.0,0.0,0.0,0.8054428100585938,0.7841339111328125,0.7485237121582031,0.7720565795898438,0.7838211059570312,0.7413501739501953,2.0
987,0.0,0.0,0.0,0.0,0.0,0.0,0.7678146362304688,0.721160888671875,0.6702041625976562,0.6906776428222656,0.72021484375,0.6704120635986328,0.0
988,1.0,1.0,1.0,1.0,1.0,0.0,0.8336334228515625,0.80963134765625,0.7765731811523438,0.8045272827148438,0.8063812255859375,0.7556266784667969,2.0
989,1.0,1.0,0.0,0.0,1.0,1.0,0.839813232421875,0.7749862670898438,0.7518081665039062,0.7806396484375,0.7691497802734375,0.7343368530273438,1.0
990,1.0,1.0,1.0,1.0,1.0,0.0,0.835693359375,0.8112640380859375,0.7822418212890625,0.80902099609375,0.8127975463867188,0.7595901489257812,2.0
991,1.0,1.0,0.0,0.0,1.0,0.0,0.8420028686523438,0.8226699829101562,0.7908935546875,0.8155899047851562,0.8157882690429688,0.7713737487792969,3.0
992,1.0,0.0,0.0,0.0,1.0,1.0,0.810882568359375,0.7884750366210938,0.7431869506835938,0.768585205078125,0.7812042236328125,0.7417125701904297,3.0
993,1.0,1.0,0.0,0.0,1.0,0.0,0.760589599609375,0.7194442749023438,0.6660118103027344,0.6837692260742188,0.7165069580078125,0.6676082611083984,0.0
994,1.0,1.0,1.0,1.0,1.0,1.0,0.82763671875,0.8090362548828125,0.7711639404296875,0.7987747192382812,0.8003082275390625,0.7544364929199219,2.0
995,1.0,1.0,1.0,1.0,1.0,0.0,0.8491973876953125,0.8194236755371094,0.8018569946289062,0.82275390625,0.8226394653320312,0.780029296875,4.0
996,0.0,1.0,1.0,1.0,0.0,1.0,0.8138961791992188,0.7935104370117188,0.7521705627441406,0.7739372253417969,0.78778076171875,0.7425880432128906,3.0
997,1.0,1.0,1.0,1.0,1.0,1.0,0.840789794921875,0.7610816955566406,0.7458152770996094,0.7766456604003906,0.7605056762695312,0.7352371215820312,1.0
998,1.0,1.0,1.0,1.0,0.0,1.0,0.815521240234375,0.7665328979492188,0.7252044677734375,0.7477798461914062,0.7631301879882812,0.7103042602539062,0.0
999,1.0,1.0,0.0,0.0,0.0,0.0,0.8090744018554688,0.7486114501953125,0.7090110778808594,0.7388687133789062,0.7381362915039062,0.7129898071289062,1.0
1000,1.0,1.0,0.0,0.0,0.0,0.0,0.7810440063476562,0.7453079223632812,0.68353271484375,0.7023468017578125,0.732574462890625,0.6798553466796875,0.0
1001,1.0,1.0,1.0,1.0,1.0,1.0,0.841339111328125,0.7695503234863281,0.7542762756347656,0.7831573486328125,0.7615737915039062,0.7377395629882812,1.0
1002,1.0,1.0,1.0,0.0,1.0,0.0,0.8396453857421875,0.8182220458984375,0.7813491821289062,0.8072280883789062,0.8090591430664062,0.7629241943359375,3.0
1003,1.0,1.0,1.0,1.0,1.0,1.0,0.8173904418945312,0.79486083984375,0.757080078125,0.7806396484375,0.7904586791992188,0.7435073852539062,3.0
1004,1.0,1.0,1.0,1.0,1.0,0.0,0.825225830078125,0.7579727172851562,0.7304191589355469,0.7567367553710938,0.7430191040039062,0.7198524475097656,1.0
1005,1.0,1.0,0.0,0.0,1.0,0.0,0.8152313232421875,0.7505569458007812,0.7112693786621094,0.7403793334960938,0.737945556640625,0.7117023468017578,1.0
1006,1.0,1.0,0.0,0.0,1.0,0.0,0.8184967041015625,0.7983322143554688,0.7542572021484375,0.7783889770507812,0.7873687744140625,0.7463836669921875,2.0
1007,1.0,1.0,1.0,0.0,1.0,1.0,0.8111953735351562,0.7496414184570312,0.7090606689453125,0.7339515686035156,0.7352981567382812,0.7132415771484375,1.0
1008,1.0,1.0,1.0,1.0,1.0,0.0,0.795928955078125,0.7690277099609375,0.7303981781005859,0.7538051605224609,0.77392578125,0.7304658889770508,3.0
1009,1.0,1.0,1.0,1.0,1.0,0.0,0.810302734375,0.7682075500488281,0.7209281921386719,0.7428359985351562,0.7576675415039062,0.695831298828125,0.0
1010,1.0,1.0,0.0,0.0,0.0,0.0,0.7994155883789062,0.7739410400390625,0.7341365814208984,0.7580451965332031,0.7772445678710938,0.7358369827270508,2.0
1011,1.0,1.0,0.0,0.0,1.0,0.0,0.817596435546875,0.7927474975585938,0.7500267028808594,0.7717742919921875,0.7862319946289062,0.7459373474121094,3.0
1012,0.0,1.0,1.0,0.0,0.0,1.0,0.8450775146484375,0.8165359497070312,0.7902297973632812,0.812347412109375,0.81451416015625,0.768829345703125,4.0
1013,0.0,0.0,0.0,0.0,0.0,0.0,0.7967453002929688,0.7708587646484375,0.7357568740844727,0.7605504989624023,0.7786903381347656,0.7358169555664062,2.0
1014,1.0,1.0,1.0,1.0,1.0,1.0,0.83795166015625,0.8089599609375,0.7865142822265625,0.8100395202636719,0.80780029296875,0.766815185546875,4.0
1015,1.0,1.0,0.0,0.0,1.0,1.0,0.8174057006835938,0.795867919921875,0.7538909912109375,0.7771720886230469,0.786712646484375,0.7450027465820312,3.0
1016,1.0,1.0,1.0,1.0,1.0,1.0,0.8428955078125,0.8186187744140625,0.7946281433105469,0.815887451171875,0.8162460327148438,0.771270751953125,4.0
1017,1.0,1.0,1.0,1.0,1.0,0.0,0.848541259765625,0.8167457580566406,0.7944221496582031,0.8174591064453125,0.8174972534179688,0.7734756469726562,4.0
1018,0.0,1.0,1.0,1.0,0.0,1.0,0.8019332885742188,0.738250732421875,0.7053184509277344,0.7284126281738281,0.7290573120117188,0.706390380859375,1.0
1019,1.0,1.0,0.0,0.0,0.0,0.0,0.8526763916015625,0.8220748901367188,0.7978324890136719,0.8251419067382812,0.8219223022460938,0.7823638916015625,3.0
1020,1.0,1.0,1.0,1.0,1.0,1.0,0.8456878662109375,0.8145217895507812,0.7939262390136719,0.8176422119140625,0.8163299560546875,0.7728347778320312,4.0
1021,1.0,1.0,0.0,0.0,0.0,0.0,0.7983932495117188,0.774871826171875,0.7374134063720703,0.7583866119384766,0.7773971557617188,0.7388582229614258,4.0
1022,1.0,1.0,1.0,1.0,1.0,0.0,0.818817138671875,0.7935256958007812,0.7565689086914062,0.7801742553710938,0.7928009033203125,0.7439689636230469,2.0
1023,1.0,1.0,0.0,0.0,1.0,0.0,0.8041534423828125,0.78448486328125,0.7457160949707031,0.7680168151855469,0.7852401733398438,0.7419834136962891,2.0
1024,1.0,1.0,0.0,0.0,1.0,0.0,0.803375244140625,0.779388427734375,0.7379970550537109,0.7617740631103516,0.7795486450195312,0.7369022369384766,3.0
1025,1.0,1.0,1.0,1.0,1.0,1.0,0.8557281494140625,0.8273696899414062,0.8026695251464844,0.8268508911132812,0.8250198364257812,0.78509521484375,4.0
1026,0.0,0.0,0.0,0.0,0.0,0.0,0.7540359497070312,0.7112274169921875,0.6574802398681641,0.6778011322021484,0.7118110656738281,0.6643209457397461,0.0
1027,1.0,1.0,0.0,0.0,1.0,0.0,0.8123092651367188,0.7462425231933594,0.711883544921875,0.7386245727539062,0.7377700805664062,0.7102470397949219,1.0
1028,0.0,0.0,0.0,0.0,0.0,0.0,0.840545654296875,0.8179779052734375,0.7901153564453125,0.8144073486328125,0.8151626586914062,0.7708206176757812,4.0
1029,1.0,1.0,0.0,0.0,0.0,0.0,0.826629638671875,0.809326171875,0.7619857788085938,0.78271484375,0.796661376953125,0.7533111572265625,2.0
1030,0.0,0.0,0.0,0.0,0.0,0.0,0.7858123779296875,0.7492523193359375,0.691314697265625,0.7115325927734375,0.7369384765625,0.6842308044433594,0.0
1031,0.0,1.0,1.0,1.0,0.0,1.0,0.8220062255859375,0.80145263671875,0.7563705444335938,0.779937744140625,0.7891082763671875,0.7456092834472656,3.0
1032,1.0,1.0,1.0,1.0,0.0,1.0,0.8188858032226562,0.7990341186523438,0.7540359497070312,0.7777557373046875,0.7873687744140625,0.7449150085449219,3.0
1033,0.0,0.0,0.0,0.0,0.0,0.0,0.7631301879882812,0.722503662109375,0.6684226989746094,0.6878452301025391,0.7216110229492188,0.6700954437255859,0.0
1034,0.0,0.0,0.0,0.0,0.0,0.0,0.8033065795898438,0.7410049438476562,0.7085952758789062,0.7358512878417969,0.7362823486328125,0.7104949951171875,1.0
1035,1.0,1.0,1.0,1.0,1.0,0.0,0.8436126708984375,0.8249893188476562,0.78851318359375,0.8169708251953125,0.8147125244140625,0.7715034484863281,3.0
1036,1.0,0.0,0.0,0.0,0.0,0.0,0.8186187744140625,0.754791259765625,0.7192726135253906,0.744140625,0.74609375,0.7170257568359375,1.0
1037,1.0,0.0,0.0,0.0,0.0,0.0,0.8204421997070312,0.7562942504882812,0.7203102111816406,0.7451438903808594,0.7459869384765625,0.7180900573730469,1.0
1038,1.0,1.0,0.0,0.0,1.0,0.0,0.80279541015625,0.7743606567382812,0.7356643676757812,0.7571258544921875,0.7749786376953125,0.7349376678466797,4.0
1039,1.0,1.0,0.0,0.0,0.0,0.0,0.83343505859375,0.8106689453125,0.77410888671875,0.7942428588867188,0.8021316528320312,0.7562255859375,3.0
1040,1.0,1.0,1.0,1.0,1.0,0.0,0.819580078125,0.7643814086914062,0.7313499450683594,0.7562789916992188,0.760040283203125,0.7093276977539062,0.0
1041,0.0,0.0,0.0,0.0,0.0,0.0,0.8095321655273438,0.7847518920898438,0.7399959564208984,0.7650012969970703,0.781768798828125,0.7392253875732422,2.0
1042,1.0,1.0,1.0,1.0,0.0,0.0,0.8252334594726562,0.80096435546875,0.7627372741699219,0.78436279296875,0.7909927368164062,0.7489204406738281,3.0
1043,0.0,0.0,0.0,0.0,0.0,0.0,0.8039016723632812,0.7764739990234375,0.7372455596923828,0.7610282897949219,0.7819137573242188,0.7364025115966797,2.0
1044,1.0,1.0,1.0,1.0,1.0,0.0,0.7966461181640625,0.7699203491210938,0.7318458557128906,0.7512722015380859,0.7699966430664062,0.7319660186767578,4.0
1045,0.0,0.0,0.0,0.0,0.0,0.0,0.7968215942382812,0.7713241577148438,0.7326011657714844,0.7565422058105469,0.7719955444335938,0.7340555191040039,4.0
1046,1.0,1.0,1.0,0.0,0.0,0.0,0.8015594482421875,0.7745590209960938,0.7322120666503906,0.7582817077636719,0.7775955200195312,0.7324390411376953,2.0
1047,1.0,1.0,0.0,0.0,1.0,0.0,0.7630462646484375,0.7225189208984375,0.6664848327636719,0.6853523254394531,0.714324951171875,0.6665306091308594,0.0
1048,1.0,1.0,0.0,0.0,0.0,0.0,0.8124771118164062,0.789093017578125,0.7418594360351562,0.763641357421875,0.7800750732421875,0.7397613525390625,3.0
1049,0.0,1.0,1.0,1.0,0.0,1.0,0.8214263916015625,0.7764358520507812,0.7400283813476562,0.7628555297851562,0.7720260620117188,0.7187728881835938,0.0
1050,1.0,1.0,1.0,1.0,1.0,0.0,0.8206634521484375,0.77435302734375,0.7443275451660156,0.765869140625,0.772003173828125,0.7194061279296875,0.0
1051,0.0,0.0,0.0,0.0,0.0,0.0,0.812835693359375,0.7913742065429688,0.7515792846679688,0.7745323181152344,0.7864837646484375,0.7450790405273438,4.0
1052,1.0,1.0,1.0,0.0,0.0,1.0,0.82098388671875,0.7569808959960938,0.727142333984375,0.7556381225585938,0.74578857421875,0.7212638854980469,1.0
1053,1.0,1.0,1.0,1.0,1.0,0.0,0.8056716918945312,0.7416534423828125,0.705780029296875,0.7306060791015625,0.7301406860351562,0.7077445983886719,1.0
1054,0.0,0.0,0.0,0.0,0.0,0.0,0.7587432861328125,0.7152557373046875,0.6613082885742188,0.6808242797851562,0.7138595581054688,0.6650810241699219,0.0
1055,0.0,0.0,0.0,0.0,0.0,0.0,0.8326568603515625,0.8108673095703125,0.76953125,0.7942581176757812,0.7961883544921875,0.7588958740234375,2.0
1056,0.0,0.0,0.0,0.0,0.0,0.0,0.8198471069335938,0.798187255859375,0.7590408325195312,0.7788314819335938,0.791046142578125,0.746917724609375,4.0
1057,0.0,0.0,0.0,0.0,0.0,0.0,0.7938995361328125,0.7509307861328125,0.6951522827148438,0.7206039428710938,0.7417068481445312,0.6874427795410156,0.0
1058,1.0,1.0,1.0,1.0,1.0,1.0,0.848968505859375,0.8169021606445312,0.7976264953613281,0.8211441040039062,0.8157806396484375,0.7799835205078125,2.0
1059,1.0,1.0,1.0,1.0,1.0,1.0,0.8561553955078125,0.8302459716796875,0.8094444274902344,0.8349075317382812,0.83038330078125,0.793121337890625,4.0
1060,1.0,1.0,0.0,0.0,1.0,0.0,0.8130264282226562,0.7928695678710938,0.7500381469726562,0.7737579345703125,0.786102294921875,0.7456989288330078,4.0
1061,1.0,1.0,1.0,1.0,1.0,0.0,0.8112411499023438,0.7857742309570312,0.7409629821777344,0.7650718688964844,0.7835464477539062,0.7366294860839844,2.0
1062,1.0,1.0,0.0,0.0,1.0,0.0,0.8102645874023438,0.786712646484375,0.7458534240722656,0.7684173583984375,0.7831649780273438,0.7386131286621094,3.0
1063,0.0,0.0,0.0,0.0,0.0,0.0,0.808837890625,0.7818374633789062,0.7388553619384766,0.7641925811767578,0.7838668823242188,0.7385635375976562,2.0
1064,1.0,1.0,0.0,0.0,0.0,0.0,0.8067626953125,0.781982421875,0.7414970397949219,0.7652969360351562,0.7802734375,0.7412815093994141,4.0
1065,0.0,1.0,1.0,1.0,1.0,0.0,0.8199539184570312,0.7984390258789062,0.7616424560546875,0.78765869140625,0.796295166015625,0.7465076446533203,3.0
1066,1.0,1.0,0.0,0.0,1.0,0.0,0.8352203369140625,0.8134689331054688,0.7762908935546875,0.7988357543945312,0.8033599853515625,0.7568893432617188,3.0
1067,1.0,1.0,0.0,0.0,1.0,0.0,0.8050537109375,0.781524658203125,0.7462921142578125,0.7698326110839844,0.7836151123046875,0.7402591705322266,3.0
1068,0.0,0.0,0.0,0.0,0.0,0.0,0.8252029418945312,0.806549072265625,0.769317626953125,0.79034423828125,0.79791259765625,0.7563209533691406,3.0
1069,1.0,1.0,0.0,1.0,1.0,0.0,0.850555419921875,0.8189773559570312,0.7954788208007812,0.8216018676757812,0.8168182373046875,0.7735977172851562,3.0
1070,1.0,1.0,0.0,1.0,1.0,0.0,0.817962646484375,0.7950210571289062,0.7618942260742188,0.784149169921875,0.7910385131835938,0.7449188232421875,3.0
1071,0.0,0.0,0.0,0.0,0.0,0.0,0.8002243041992188,0.7789077758789062,0.74139404296875,0.7623100280761719,0.7783584594726562,0.7393646240234375,4.0
1072,0.0,0.0,0.0,0.0,0.0,0.0,0.8131484985351562,0.7958297729492188,0.756927490234375,0.7794189453125,0.7866744995117188,0.7458763122558594,3.0
1073,1.0,1.0,1.0,1.0,1.0,1.0,0.836822509765625,0.7620697021484375,0.7394828796386719,0.768310546875,0.7517318725585938,0.7292938232421875,1.0
1074,1.0,1.0,1.0,1.0,1.0,1.0,0.8384246826171875,0.7783432006835938,0.7553329467773438,0.7820663452148438,0.7837600708007812,0.7420196533203125,0.0
1075,0.0,0.0,0.0,0.0,0.0,0.0,0.8171005249023438,0.7948684692382812,0.7523002624511719,0.7755279541015625,0.7901382446289062,0.746368408203125,2.0
1076,0.0,0.0,0.0,0.0,0.0,0.0,0.8035812377929688,0.781646728515625,0.7422027587890625,0.7632255554199219,0.7817459106445312,0.7416934967041016,4.0
1077,0.0,0.0,0.0,0.0,0.0,0.0,0.8199310302734375,0.79803466796875,0.7560653686523438,0.7789535522460938,0.79180908203125,0.7462425231933594,3.0
1078,0.0,0.0,0.0,0.0,0.0,0.0,0.7767410278320312,0.7343902587890625,0.6846084594726562,0.7044486999511719,0.7277755737304688,0.6730785369873047,0.0
1079,1.0,1.0,0.0,0.0,1.0,0.0,0.8181304931640625,0.750579833984375,0.7200126647949219,0.745452880859375,0.7343292236328125,0.7174949645996094,1.0
1080,0.0,0.0,0.0,0.0,0.0,0.0,0.8091049194335938,0.7866363525390625,0.7523231506347656,0.7724151611328125,0.7837066650390625,0.7408866882324219,3.0
1081,1.0,1.0,0.0,0.0,1.0,0.0,0.8493194580078125,0.8235702514648438,0.7925376892089844,0.819976806640625,0.8201217651367188,0.77252197265625,3.0
1082,1.0,1.0,1.0,1.0,1.0,1.0,0.8438262939453125,0.8135299682617188,0.7890129089355469,0.8113555908203125,0.8090896606445312,0.7702484130859375,4.0
1083,1.0,1.0,1.0,1.0,1.0,1.0,0.8224945068359375,0.7769546508789062,0.7342376708984375,0.7573699951171875,0.7688217163085938,0.7077560424804688,0.0
1084,1.0,1.0,1.0,1.0,1.0,1.0,0.82928466796875,0.783538818359375,0.7429275512695312,0.7652969360351562,0.7696380615234375,0.7274169921875,0.0
1085,0.0,0.0,0.0,0.0,0.0,0.0,0.7764739990234375,0.73797607421875,0.6848945617675781,0.7042922973632812,0.729339599609375,0.6780357360839844,0.0
1086,1.0,1.0,1.0,1.0,0.0,1.0,0.8191299438476562,0.7926406860351562,0.7585487365722656,0.7806396484375,0.7878341674804688,0.7476959228515625,4.0
1087,1.0,1.0,1.0,1.0,1.0,1.0,0.8437042236328125,0.81488037109375,0.7927207946777344,0.8176193237304688,0.8150253295898438,0.7733383178710938,2.0
1088,0.0,0.0,0.0,0.0,0.0,0.0,0.7996673583984375,0.7732467651367188,0.73577880859375,0.7607650756835938,0.7777786254882812,0.7361078262329102,2.0
1089,1.0,1.0,0.0,0.0,1.0,0.0,0.81805419921875,0.75604248046875,0.7236557006835938,0.7530670166015625,0.7491378784179688,0.717193603515625,1.0
1090,1.0,1.0,0.0,1.0,1.0,0.0,0.7701492309570312,0.731201171875,0.6761932373046875,0.6967353820800781,0.7269134521484375,0.6717033386230469,0.0
1091,1.0,1.0,1.0,1.0,1.0,0.0,0.815032958984375,0.75360107421875,0.721282958984375,0.7455902099609375,0.7412567138671875,0.7140045166015625,1.0
1092,0.0,1.0,1.0,1.0,0.0,1.0,0.821044921875,0.8011322021484375,0.7697372436523438,0.7942962646484375,0.7954940795898438,0.7509536743164062,3.0
1093,0.0,0.0,1.0,1.0,0.0,1.0,0.8287734985351562,0.8101959228515625,0.7815399169921875,0.8032684326171875,0.8002700805664062,0.7613716125488281,2.0
1094,1.0,1.0,0.0,0.0,0.0,0.0,0.8016128540039062,0.778289794921875,0.7398834228515625,0.7636184692382812,0.779541015625,0.7363834381103516,2.0
1095,1.0,1.0,1.0,1.0,1.0,0.0,0.7948226928710938,0.7677536010742188,0.7310600280761719,0.7516803741455078,0.7700653076171875,0.7314634323120117,4.0
1096,0.0,1.0,1.0,1.0,0.0,0.0,0.7924957275390625,0.7646408081054688,0.7310285568237305,0.7545318603515625,0.7741966247558594,0.7316761016845703,2.0
1097,1.0,1.0,1.0,0.0,0.0,0.0,0.795867919921875,0.7691650390625,0.7303028106689453,0.7533512115478516,0.7734375,0.7303504943847656,3.0
1098,1.0,1.0,0.0,0.0,0.0,0.0,0.8081588745117188,0.7838211059570312,0.7420616149902344,0.7650337219238281,0.7786941528320312,0.7350845336914062,3.0
1099,1.0,1.0,1.0,1.0,1.0,0.0,0.8457794189453125,0.8135604858398438,0.7911872863769531,0.8138580322265625,0.812042236328125,0.7737960815429688,3.0
1100,1.0,1.0,1.0,1.0,1.0,1.0,0.850616455078125,0.8165359497070312,0.7986030578613281,0.823333740234375,0.818450927734375,0.777008056640625,2.0
1101,1.0,1.0,1.0,1.0,1.0,1.0,0.84002685546875,0.7698631286621094,0.7567367553710938,0.7842864990234375,0.7705307006835938,0.737060546875,1.0
1102,1.0,1.0,1.0,1.0,1.0,0.0,0.8339080810546875,0.8108367919921875,0.7718658447265625,0.7994842529296875,0.80389404296875,0.7599029541015625,2.0
1103,0.0,0.0,1.0,0.0,0.0,1.0,0.7835922241210938,0.7481613159179688,0.6907272338867188,0.7083358764648438,0.7342758178710938,0.6794776916503906,0.0
1104,1.0,1.0,1.0,0.0,1.0,0.0,0.8060073852539062,0.78118896484375,0.7436408996582031,0.7633323669433594,0.7756729125976562,0.736541748046875,4.0
1105,0.0,0.0,0.0,1.0,0.0,0.0,0.8250732421875,0.7593536376953125,0.7313766479492188,0.7557144165039062,0.7486343383789062,0.7210884094238281,1.0
1106,0.0,0.0,0.0,0.0,0.0,0.0,0.8134613037109375,0.7918167114257812,0.7498283386230469,0.7728157043457031,0.7855453491210938,0.742095947265625,3.0
1107,1.0,1.0,0.0,0.0,1.0,0.0,0.8382415771484375,0.7688827514648438,0.7446365356445312,0.7730712890625,0.7626724243164062,0.730499267578125,1.0
1108,0.0,0.0,0.0,0.0,0.0,0.0,0.7957839965820312,0.7356033325195312,0.7044296264648438,0.7285690307617188,0.7339630126953125,0.711883544921875,1.0
1109,1.0,1.0,1.0,1.0,1.0,1.0,0.8503570556640625,0.8196334838867188,0.8005638122558594,0.8228530883789062,0.8205184936523438,0.7811126708984375,4.0
1110,1.0,1.0,1.0,1.0,0.0,1.0,0.8406219482421875,0.8159103393554688,0.7925071716308594,0.8160400390625,0.8130340576171875,0.7661666870117188,2.0
1111,1.0,1.0,1.0,1.0,1.0,1.0,0.8421173095703125,0.8157882690429688,0.7925834655761719,0.818359375,0.8147125244140625,0.7703857421875,2.0
1112,1.0,0.0,0.0,0.0,0.0,0.0,0.7962722778320312,0.7624359130859375,0.7157211303710938,0.734130859375,0.7535552978515625,0.6967430114746094,0.0
1113,1.0,1.0,1.0,1.0,1.0,0.0,0.8069992065429688,0.7810516357421875,0.73651123046875,0.76141357421875,0.7809677124023438,0.7351837158203125,2.0
1114,1.0,1.0,1.0,1.0,1.0,1.0,0.8241806030273438,0.7993316650390625,0.7668609619140625,0.7859039306640625,0.7934722900390625,0.7511482238769531,2.0
1115,0.0,0.0,1.0,0.0,0.0,0.0,0.807525634765625,0.7843093872070312,0.7452239990234375,0.7641983032226562,0.7799148559570312,0.7377243041992188,3.0
1116,1.0,1.0,0.0,0.0,1.0,0.0,0.8049774169921875,0.7439804077148438,0.7077102661132812,0.7318611145019531,0.7367477416992188,0.7123432159423828,1.0
1117,1.0,1.0,0.0,0.0,1.0,0.0,0.8224945068359375,0.8029403686523438,0.7622146606445312,0.7845306396484375,0.7966995239257812,0.7513351440429688,2.0
1118,0.0,0.0,0.0,0.0,0.0,0.0,0.801239013671875,0.7425613403320312,0.7053585052490234,0.7311859130859375,0.7341232299804688,0.7131538391113281,1.0
1119,1.0,1.0,0.0,0.0,0.0,0.0,0.8289031982421875,0.8056259155273438,0.7622642517089844,0.7867279052734375,0.7960052490234375,0.7506637573242188,3.0
1120,0.0,0.0,0.0,0.0,0.0,0.0,0.8038177490234375,0.77593994140625,0.7363033294677734,0.760711669921875,0.7792892456054688,0.7368316650390625,2.0
1121,0.0,0.0,0.0,0.0,0.0,0.0,0.7867355346679688,0.7435302734375,0.6950950622558594,0.7144088745117188,0.7374954223632812,0.6873435974121094,0.0
1122,0.0,0.0,0.0,0.0,0.0,0.0,0.7968521118164062,0.77392578125,0.736236572265625,0.7580738067626953,0.7765312194824219,0.7363510131835938,4.0
1123,0.0,0.0,0.0,0.0,0.0,0.0,0.8153152465820312,0.79510498046875,0.7547035217285156,0.7773170471191406,0.788330078125,0.7489070892333984,4.0
1124,1.0,1.0,1.0,1.0,1.0,1.0,0.7790374755859375,0.7416305541992188,0.694000244140625,0.7113380432128906,0.7339935302734375,0.6811790466308594,0.0
1125,0.0,0.0,1.0,0.0,0.0,0.0,0.8037109375,0.7436065673828125,0.7184219360351562,0.7406463623046875,0.739410400390625,0.71527099609375,1.0
1126,0.0,1.0,1.0,1.0,1.0,1.0,0.8254241943359375,0.8053817749023438,0.77490234375,0.794647216796875,0.796478271484375,0.7559661865234375,4.0
1127,1.0,1.0,0.0,1.0,1.0,0.0,0.7997589111328125,0.7760696411132812,0.7358722686767578,0.7593498229980469,0.7783737182617188,0.7353248596191406,3.0
1128,1.0,1.0,1.0,0.0,1.0,0.0,0.8053817749023438,0.7789688110351562,0.7353744506835938,0.7574348449707031,0.7763214111328125,0.7329845428466797,3.0
1129,1.0,1.0,0.0,1.0,1.0,0.0,0.83099365234375,0.8129959106445312,0.7785568237304688,0.8017730712890625,0.8037567138671875,0.7637825012207031,4.0
1130,1.0,1.0,1.0,1.0,1.0,1.0,0.8440093994140625,0.8145675659179688,0.7904205322265625,0.8120880126953125,0.8119049072265625,0.7696456909179688,4.0
1131,0.0,1.0,0.0,1.0,1.0,0.0,0.7875289916992188,0.7505645751953125,0.6925125122070312,0.70941162109375,0.7392501831054688,0.6832618713378906,0.0
1132,1.0,1.0,1.0,1.0,1.0,0.0,0.8225555419921875,0.7681694030761719,0.7404937744140625,0.7650794982910156,0.765869140625,0.7169647216796875,0.0
1133,0.0,0.0,0.0,0.0,0.0,0.0,0.8035736083984375,0.780517578125,0.7424221038818359,0.7663002014160156,0.7814559936523438,0.7402935028076172,2.0
1134,1.0,1.0,1.0,0.0,0.0,0.0,0.794769287109375,0.75439453125,0.7088851928710938,0.7253570556640625,0.7470932006835938,0.6933250427246094,0.0
1135,0.0,0.0,0.0,0.0,0.0,0.0,0.7995529174804688,0.775299072265625,0.7377567291259766,0.7574386596679688,0.7769432067871094,0.7375783920288086,4.0
1136,1.0,1.0,0.0,0.0,1.0,0.0,0.80230712890625,0.7770004272460938,0.7375469207763672,0.7590980529785156,0.77630615234375,0.7376136779785156,4.0
1137,0.0,0.0,0.0,0.0,0.0,0.0,0.8016891479492188,0.77886962890625,0.7380447387695312,0.7617092132568359,0.7802352905273438,0.7381372451782227,3.0
1138,1.0,1.0,1.0,1.0,1.0,1.0,0.7629928588867188,0.7237472534179688,0.6679115295410156,0.68609619140625,0.7164154052734375,0.6665592193603516,0.0
1139,1.0,1.0,1.0,1.0,1.0,1.0,0.8055801391601562,0.7758941650390625,0.7348213195800781,0.7566604614257812,0.7734375,0.7289066314697266,3.0
1140,1.0,0.0,0.0,0.0,0.0,0.0,0.81201171875,0.78790283203125,0.7472515106201172,0.7701988220214844,0.7872467041015625,0.7405643463134766,2.0
1141,0.0,0.0,0.0,0.0,0.0,0.0,0.802764892578125,0.7795944213867188,0.7402420043945312,0.7637538909912109,0.7813262939453125,0.7375354766845703,3.0
1142,1.0,1.0,1.0,0.0,1.0,0.0,0.8069000244140625,0.78070068359375,0.7373428344726562,0.7598075866699219,0.7786865234375,0.7344131469726562,2.0
1143,0.0,0.0,0.0,0.0,0.0,0.0,0.8002700805664062,0.777374267578125,0.7383804321289062,0.7590847015380859,0.7771759033203125,0.7381877899169922,4.0
1144,1.0,1.0,1.0,1.0,1.0,0.0,0.8404998779296875,0.7679977416992188,0.7539253234863281,0.78143310546875,0.761444091796875,0.7378768920898438,1.0
1145,1.0,1.0,1.0,1.0,1.0,1.0,0.8460693359375,0.8159408569335938,0.7932090759277344,0.8208847045898438,0.8154449462890625,0.7671890258789062,2.0
1146,1.0,1.0,0.0,0.0,0.0,0.0,0.798736572265625,0.773040771484375,0.7363500595092773,0.7609329223632812,0.7799339294433594,0.7370672225952148,2.0
1147,1.0,0.0,0.0,0.0,0.0,0.0,0.8123245239257812,0.7901229858398438,0.7496147155761719,0.7715873718261719,0.7854385375976562,0.7443294525146484,4.0
1148,1.0,1.0,1.0,1.0,1.0,0.0,0.85626220703125,0.819915771484375,0.797637939453125,0.8221435546875,0.8196487426757812,0.7793426513671875,3.0
1149,1.0,1.0,0.0,1.0,1.0,0.0,0.83062744140625,0.7996902465820312,0.7734107971191406,0.7963180541992188,0.796966552734375,0.7488327026367188,3.0
1150,1.0,0.0,0.0,0.0,0.0,0.0,0.7990341186523438,0.7751617431640625,0.7363109588623047,0.7609043121337891,0.779327392578125,0.7363786697387695,3.0
1151,1.0,1.0,1.0,1.0,1.0,0.0,0.8388671875,0.816436767578125,0.7817840576171875,0.8066558837890625,0.8065414428710938,0.765045166015625,2.0
1152,0.0,0.0,0.0,0.0,0.0,0.0,0.8085174560546875,0.7845993041992188,0.7466049194335938,0.7691326141357422,0.7853317260742188,0.743865966796875,4.0
1153,1.0,1.0,1.0,1.0,1.0,1.0,0.84808349609375,0.816650390625,0.7950057983398438,0.8202667236328125,0.8171157836914062,0.779632568359375,4.0
1154,0.0,0.0,0.0,0.0,0.0,0.0,0.7943115234375,0.770843505859375,0.7374019622802734,0.7582244873046875,0.7756881713867188,0.7358207702636719,4.0
1155,1.0,1.0,1.0,1.0,1.0,1.0,0.8238067626953125,0.7710418701171875,0.7440414428710938,0.7695846557617188,0.773101806640625,0.722869873046875,0.0
1156,1.0,1.0,1.0,1.0,1.0,1.0,0.82525634765625,0.760986328125,0.73980712890625,0.7616348266601562,0.7475814819335938,0.7269706726074219,1.0
1157,1.0,1.0,1.0,1.0,1.0,1.0,0.819732666015625,0.7501602172851562,0.7278900146484375,0.7518081665039062,0.737762451171875,0.7205429077148438,1.0
1158,0.0,0.0,0.0,0.0,0.0,0.0,0.7993392944335938,0.77679443359375,0.7415847778320312,0.7640190124511719,0.7792587280273438,0.7392845153808594,4.0
1159,1.0,1.0,1.0,1.0,1.0,0.0,0.8486328125,0.8176727294921875,0.793670654296875,0.8209152221679688,0.8216094970703125,0.7745132446289062,2.0
1160,0.0,1.0,0.0,0.0,1.0,0.0,0.84783935546875,0.8168983459472656,0.7939376831054688,0.8203201293945312,0.82073974609375,0.7751617431640625,2.0
1161,0.0,0.0,0.0,0.0,0.0,0.0,0.7944564819335938,0.7311782836914062,0.6969203948974609,0.7247200012207031,0.7299270629882812,0.7085685729980469,1.0
1162,0.0,0.0,1.0,0.0,0.0,0.0,0.8467254638671875,0.8205184936523438,0.7985572814941406,0.8221588134765625,0.8192901611328125,0.7772674560546875,4.0
1163,0.0,1.0,1.0,1.0,0.0,1.0,0.80963134765625,0.7812576293945312,0.7444305419921875,0.7656097412109375,0.7777481079101562,0.7349891662597656,3.0
1164,1.0,1.0,1.0,1.0,0.0,0.0,0.806488037109375,0.7688674926757812,0.724151611328125,0.7436447143554688,0.7590179443359375,0.6984634399414062,0.0
1165,0.0,0.0,0.0,0.0,0.0,0.0,0.8052902221679688,0.7458724975585938,0.7110557556152344,0.7371673583984375,0.736419677734375,0.7105159759521484,1.0
1166,0.0,0.0,0.0,0.0,0.0,0.0,0.8046035766601562,0.7802581787109375,0.7401313781738281,0.76629638671875,0.7786407470703125,0.7370185852050781,3.0
1167,0.0,0.0,0.0,0.0,0.0,0.0,0.8132553100585938,0.7932815551757812,0.7527236938476562,0.7763748168945312,0.7843170166015625,0.7440948486328125,3.0
1168,0.0,0.0,0.0,0.0,0.0,0.0,0.8425750732421875,0.7744522094726562,0.7499160766601562,0.7790069580078125,0.7656936645507812,0.7313308715820312,1.0
1169,0.0,0.0,0.0,0.0,0.0,0.0,0.8252410888671875,0.7773284912109375,0.7464942932128906,0.7732467651367188,0.7756576538085938,0.719635009765625,0.0
1170,0.0,0.0,0.0,0.0,0.0,0.0,0.8253326416015625,0.8012466430664062,0.7669410705566406,0.7889366149902344,0.7956771850585938,0.7527008056640625,3.0
1171,1.0,1.0,1.0,1.0,1.0,1.0,0.8412017822265625,0.8132476806640625,0.7905960083007812,0.8131332397460938,0.8134384155273438,0.7704010009765625,4.0
1172,1.0,1.0,1.0,1.0,1.0,1.0,0.8505706787109375,0.8211517333984375,0.8036460876464844,0.82940673828125,0.8243484497070312,0.7818984985351562,2.0
1173,0.0,0.0,0.0,0.0,0.0,0.0,0.7994384765625,0.7364501953125,0.7025260925292969,0.7262344360351562,0.7311172485351562,0.7097530364990234,1.0
1174,1.0,1.0,0.0,0.0,0.0,0.0,0.8194732666015625,0.8004837036132812,0.7597923278808594,0.7796478271484375,0.79254150390625,0.7505226135253906,2.0
1175,1.0,1.0,1.0,0.0,1.0,0.0,0.8084259033203125,0.7465744018554688,0.7144927978515625,0.7409210205078125,0.738250732421875,0.7124862670898438,1.0
1176,1.0,1.0,1.0,1.0,1.0,1.0,0.8259735107421875,0.805999755859375,0.7711181640625,0.7902755737304688,0.7961273193359375,0.7523117065429688,2.0
1177,0.0,1.0,1.0,1.0,1.0,1.0,0.8371734619140625,0.8233566284179688,0.7891082763671875,0.8111648559570312,0.8074798583984375,0.766204833984375,2.0
1178,1.0,1.0,1.0,1.0,1.0,1.0,0.801605224609375,0.7556838989257812,0.720306396484375,0.741485595703125,0.749908447265625,0.700286865234375,0.0
1179,1.0,1.0,1.0,1.0,1.0,0.0,0.8383941650390625,0.7633934020996094,0.7532081604003906,0.7769622802734375,0.7571182250976562,0.7395095825195312,1.0
1180,1.0,1.0,1.0,1.0,1.0,1.0,0.80389404296875,0.7758827209472656,0.7391357421875,0.7578620910644531,0.7733840942382812,0.7331924438476562,4.0
1181,1.0,1.0,1.0,1.0,1.0,0.0,0.821624755859375,0.7743911743164062,0.7329826354980469,0.7570419311523438,0.7640838623046875,0.71112060546875,0.0
1182,1.0,1.0,1.0,1.0,0.0,1.0,0.7787246704101562,0.7417526245117188,0.6932754516601562,0.7102813720703125,0.7338943481445312,0.6787376403808594,0.0
1183,1.0,1.0,1.0,1.0,0.0,1.0,0.83489990234375,0.8162994384765625,0.78375244140625,0.7976608276367188,0.7983627319335938,0.7659072875976562,4.0
1184,1.0,1.0,1.0,1.0,1.0,0.0,0.8190078735351562,0.7935104370117188,0.756103515625,0.7758865356445312,0.7865753173828125,0.7451362609863281,4.0
1185,1.0,1.0,0.0,1.0,1.0,0.0,0.8490142822265625,0.8181190490722656,0.7899055480957031,0.8209457397460938,0.8191299438476562,0.7670669555664062,2.0
1186,0.0,0.0,0.0,0.0,1.0,0.0,0.817626953125,0.79522705078125,0.762725830078125,0.7845840454101562,0.7919387817382812,0.7517890930175781,4.0
1187,1.0,1.0,1.0,1.0,1.0,0.0,0.8240509033203125,0.7757110595703125,0.7501258850097656,0.7730484008789062,0.7808837890625,0.72552490234375,0.0
1188,0.0,0.0,0.0,0.0,0.0,0.0,0.7668075561523438,0.72479248046875,0.6694259643554688,0.6895904541015625,0.7179794311523438,0.6684017181396484,0.0
1189,1.0,1.0,1.0,1.0,1.0,1.0,0.8216705322265625,0.7702102661132812,0.7372665405273438,0.7659072875976562,0.7717056274414062,0.7169265747070312,0.0
1190,0.0,0.0,0.0,0.0,0.0,0.0,0.75994873046875,0.7194976806640625,0.6655807495117188,0.6858081817626953,0.7170562744140625,0.6675567626953125,0.0
1191,1.0,1.0,1.0,1.0,1.0,0.0,0.7721481323242188,0.7344589233398438,0.6847496032714844,0.7017173767089844,0.724822998046875,0.6750850677490234,0.0
1192,0.0,0.0,0.0,0.0,0.0,0.0,0.8051300048828125,0.7484054565429688,0.7131881713867188,0.7350120544433594,0.7400741577148438,0.7166748046875,1.0
1193,0.0,0.0,0.0,0.0,0.0,0.0,0.805084228515625,0.781768798828125,0.7400035858154297,0.7688484191894531,0.78082275390625,0.7395248413085938,2.0
1194,1.0,1.0,0.0,1.0,0.0,1.0,0.800994873046875,0.7759323120117188,0.7382049560546875,0.7565231323242188,0.7739715576171875,0.7334194183349609,4.0
1195,1.0,1.0,1.0,1.0,1.0,1.0,0.8117904663085938,0.7895965576171875,0.7500228881835938,0.7732505798339844,0.782440185546875,0.742462158203125,3.0
1196,0.0,0.0,0.0,0.0,0.0,0.0,0.8372650146484375,0.769317626953125,0.7392120361328125,0.7678070068359375,0.7626724243164062,0.7315292358398438,1.0
1197,1.0,1.0,0.0,0.0,1.0,0.0,0.857421875,0.7755126953125,0.7616691589355469,0.7968063354492188,0.7820892333984375,0.7545394897460938,1.0
1198,0.0,1.0,1.0,1.0,0.0,1.0,0.819427490234375,0.7985916137695312,0.76116943359375,0.7840118408203125,0.7918167114257812,0.7450027465820312,2.0
1199,0.0,0.0,0.0,0.0,0.0,0.0,0.8037185668945312,0.7823944091796875,0.7425498962402344,0.763885498046875,0.7795257568359375,0.7386302947998047,3.0
1200,1.0,1.0,1.0,1.0,1.0,0.0,0.805511474609375,0.7669525146484375,0.7225303649902344,0.7468414306640625,0.7579803466796875,0.6972732543945312,0.0
1201,1.0,1.0,0.0,0.0,0.0,0.0,0.816070556640625,0.7820968627929688,0.7380599975585938,0.76129150390625,0.7789382934570312,0.7104339599609375,0.0
1202,1.0,1.0,1.0,1.0,1.0,1.0,0.8075027465820312,0.7493972778320312,0.7130050659179688,0.7355499267578125,0.734893798828125,0.7123298645019531,1.0
1203,0.0,0.0,0.0,0.0,0.0,0.0,0.8047409057617188,0.7471237182617188,0.7116508483886719,0.7372970581054688,0.7447586059570312,0.7136077880859375,1.0
1204,0.0,1.0,0.0,0.0,0.0,0.0,0.8024139404296875,0.7571029663085938,0.7134017944335938,0.7341384887695312,0.7461624145507812,0.6877403259277344,0.0
1205,1.0,1.0,1.0,1.0,1.0,0.0,0.8057479858398438,0.7811431884765625,0.7422866821289062,0.7637176513671875,0.7774200439453125,0.7341537475585938,3.0
1206,1.0,1.0,0.0,0.0,1.0,0.0,0.8080520629882812,0.7470855712890625,0.7105293273925781,0.7356681823730469,0.739654541015625,0.7112693786621094,1.0
1207,1.0,1.0,0.0,0.0,1.0,0.0,0.834503173828125,0.8160476684570312,0.7757797241210938,0.7948684692382812,0.8030624389648438,0.759307861328125,4.0
1208,0.0,1.0,1.0,1.0,1.0,1.0,0.83056640625,0.778106689453125,0.7510147094726562,0.77374267578125,0.7776565551757812,0.7306365966796875,0.0
1209,0.0,0.0,0.0,0.0,0.0,0.0,0.799346923828125,0.7352066040039062,0.7017326354980469,0.7273788452148438,0.730194091796875,0.7117519378662109,1.0
1210,1.0,1.0,1.0,1.0,1.0,0.0,0.838531494140625,0.7777175903320312,0.7564201354980469,0.7814254760742188,0.7833175659179688,0.7454452514648438,0.0
1211,1.0,1.0,0.0,0.0,0.0,0.0,0.8112030029296875,0.7867584228515625,0.7430248260498047,0.7659931182861328,0.7849044799804688,0.7415552139282227,2.0
1212,0.0,0.0,0.0,0.0,0.0,0.0,0.8014678955078125,0.779296875,0.7431488037109375,0.7658195495605469,0.7821884155273438,0.7367534637451172,3.0
1213,1.0,1.0,0.0,1.0,1.0,0.0,0.83941650390625,0.8059768676757812,0.7760887145996094,0.7991256713867188,0.8027801513671875,0.7542953491210938,3.0
1214,0.0,0.0,0.0,0.0,0.0,0.0,0.799285888671875,0.740264892578125,0.7085323333740234,0.7342796325683594,0.7370223999023438,0.7146415710449219,1.0
1215,0.0,0.0,0.0,0.0,0.0,0.0,0.8111572265625,0.7893295288085938,0.7487735748291016,0.7710514068603516,0.7860946655273438,0.7443408966064453,4.0
1216,1.0,1.0,0.0,1.0,1.0,0.0,0.8373870849609375,0.8133163452148438,0.7826118469238281,0.8071517944335938,0.8104324340820312,0.7632598876953125,2.0
1217,1.0,1.0,1.0,0.0,1.0,0.0,0.7991409301757812,0.7716522216796875,0.7331142425537109,0.7571449279785156,0.7762985229492188,0.7329444885253906,2.0
1218,0.0,0.0,0.0,0.0,0.0,0.0,0.8053665161132812,0.783538818359375,0.7419795989990234,0.7610874176025391,0.7792510986328125,0.7428760528564453,4.0
1219,0.0,0.0,0.0,0.0,0.0,0.0,0.82965087890625,0.8081207275390625,0.7641830444335938,0.787750244140625,0.7985153198242188,0.7559547424316406,3.0
1220,1.0,1.0,1.0,1.0,1.0,0.0,0.8352813720703125,0.8172073364257812,0.7726211547851562,0.7958908081054688,0.8012542724609375,0.7602348327636719,2.0
1221,0.0,1.0,1.0,1.0,1.0,0.0,0.7994766235351562,0.7372894287109375,0.7008056640625,0.72601318359375,0.7298812866210938,0.7091197967529297,1.0
1222,1.0,1.0,0.0,1.0,1.0,0.0,0.83868408203125,0.7641868591308594,0.7508544921875,0.7796783447265625,0.7604522705078125,0.7306671142578125,1.0
1223,1.0,1.0,0.0,0.0,1.0,0.0,0.8235549926757812,0.7627182006835938,0.7381820678710938,0.7609710693359375,0.754638671875,0.7285614013671875,1.0
1224,1.0,1.0,0.0,1.0,1.0,0.0,0.829925537109375,0.8107833862304688,0.7711563110351562,0.7909011840820312,0.7973556518554688,0.7550506591796875,4.0
1225,1.0,1.0,0.0,0.0,0.0,0.0,0.8241043090820312,0.8031692504882812,0.7578773498535156,0.7812995910644531,0.7970199584960938,0.7499179840087891,2.0
1226,0.0,1.0,1.0,1.0,1.0,1.0,0.825714111328125,0.7943801879882812,0.7574195861816406,0.7809219360351562,0.7881088256835938,0.7410507202148438,3.0
1227,0.0,0.0,0.0,0.0,1.0,0.0,0.803131103515625,0.7782821655273438,0.7390861511230469,0.7636299133300781,0.7805709838867188,0.7384262084960938,2.0
1228,1.0,1.0,1.0,1.0,1.0,1.0,0.8416748046875,0.7671661376953125,0.7562980651855469,0.783966064453125,0.7641830444335938,0.7436599731445312,1.0
1229,1.0,1.0,1.0,1.0,1.0,0.0,0.8537445068359375,0.8214874267578125,0.8038749694824219,0.8282012939453125,0.8235702514648438,0.7871170043945312,2.0
1230,0.0,0.0,0.0,0.0,0.0,0.0,0.7584762573242188,0.71875,0.6655693054199219,0.6829071044921875,0.7171630859375,0.6674938201904297,0.0
1231,1.0,1.0,0.0,0.0,1.0,0.0,0.8169097900390625,0.7532997131347656,0.7181472778320312,0.74639892578125,0.7390289306640625,0.7147064208984375,1.0
1232,1.0,1.0,1.0,1.0,1.0,0.0,0.8354949951171875,0.8103065490722656,0.7790107727050781,0.8046417236328125,0.8086471557617188,0.7587738037109375,2.0
1233,1.0,1.0,1.0,1.0,1.0,1.0,0.8390960693359375,0.8120880126953125,0.7794532775878906,0.8052978515625,0.8066558837890625,0.7577362060546875,3.0
1234,1.0,1.0,1.0,1.0,1.0,0.0,0.8294677734375,0.8039932250976562,0.7570953369140625,0.7825698852539062,0.7937240600585938,0.7500267028808594,2.0
1235,1.0,1.0,1.0,1.0,1.0,1.0,0.8248443603515625,0.7572822570800781,0.7278633117675781,0.7548446655273438,0.7474441528320312,0.7194099426269531,1.0
1236,1.0,1.0,1.0,1.0,1.0,1.0,0.8100662231445312,0.750030517578125,0.7186660766601562,0.7410125732421875,0.7353591918945312,0.7126846313476562,1.0
1237,1.0,1.0,1.0,1.0,1.0,1.0,0.839263916015625,0.7731704711914062,0.7609786987304688,0.7873687744140625,0.77093505859375,0.7451934814453125,1.0
1238,1.0,1.0,1.0,1.0,1.0,0.0,0.8345947265625,0.8091087341308594,0.7800025939941406,0.804534912109375,0.8066329956054688,0.7634963989257812,4.0
1239,0.0,0.0,0.0,0.0,0.0,0.0,0.7982330322265625,0.7392349243164062,0.7107353210449219,0.7333297729492188,0.7342300415039062,0.7139205932617188,1.0
1240,1.0,1.0,0.0,0.0,0.0,0.0,0.7540969848632812,0.7114334106445312,0.6575851440429688,0.6787929534912109,0.7120628356933594,0.6666126251220703,0.0
1241,1.0,1.0,0.0,0.0,1.0,0.0,0.8153457641601562,0.7937469482421875,0.7572860717773438,0.7790069580078125,0.7889328002929688,0.7458610534667969,4.0
1242,0.0,0.0,0.0,0.0,0.0,0.0,0.8117752075195312,0.7879180908203125,0.7440299987792969,0.7694206237792969,0.7871627807617188,0.7387428283691406,2.0
1243,1.0,1.0,1.0,1.0,1.0,1.0,0.8367919921875,0.8087120056152344,0.7835655212402344,0.8079681396484375,0.8040313720703125,0.7581024169921875,3.0
1244,1.0,1.0,1.0,1.0,1.0,1.0,0.843505859375,0.8103904724121094,0.7883148193359375,0.8132438659667969,0.8113937377929688,0.7663116455078125,3.0
1245,0.0,1.0,1.0,1.0,1.0,1.0,0.8480377197265625,0.8153038024902344,0.7895889282226562,0.8161773681640625,0.8155975341796875,0.770172119140625,3.0
1246,1.0,1.0,0.0,0.0,1.0,0.0,0.771209716796875,0.73046875,0.6766319274902344,0.6982078552246094,0.7211837768554688,0.6696834564208984,0.0
1247,1.0,1.0,0.0,0.0,0.0,0.0,0.7693405151367188,0.73419189453125,0.6787300109863281,0.698822021484375,0.7281417846679688,0.6743278503417969,0.0
1248,0.0,0.0,0.0,1.0,0.0,1.0,0.8236541748046875,0.8024673461914062,0.760589599609375,0.7791213989257812,0.7887725830078125,0.7480812072753906,4.0
1249,1.0,1.0,1.0,1.0,1.0,1.0,0.8490753173828125,0.81842041015625,0.7991256713867188,0.82708740234375,0.8217620849609375,0.7814483642578125,2.0
1250,1.0,1.0,0.0,0.0,0.0,0.0,0.804290771484375,0.7833633422851562,0.7437286376953125,0.7650909423828125,0.782135009765625,0.7397518157958984,4.0
1251,1.0,1.0,0.0,0.0,1.0,0.0,0.8131027221679688,0.791900634765625,0.755584716796875,0.7780914306640625,0.7867507934570312,0.7455291748046875,3.0
1252,1.0,1.0,1.0,1.0,1.0,0.0,0.846221923828125,0.8118019104003906,0.7916069030761719,0.8146591186523438,0.8115081787109375,0.7679443359375,3.0
1253,0.0,1.0,1.0,1.0,1.0,0.0,0.82269287109375,0.8012008666992188,0.7606468200683594,0.7831993103027344,0.7910308837890625,0.750823974609375,2.0
1254,1.0,1.0,0.0,0.0,0.0,0.0,0.8563232421875,0.8199615478515625,0.7974319458007812,0.8242874145507812,0.8224639892578125,0.7806167602539062,4.0
1255,1.0,1.0,0.0,0.0,0.0,0.0,0.8304595947265625,0.7605476379394531,0.74017333984375,0.7707595825195312,0.758544921875,0.7247238159179688,1.0
1256,1.0,1.0,0.0,0.0,0.0,0.0,0.8358154296875,0.8173370361328125,0.7780075073242188,0.7945022583007812,0.8036422729492188,0.76019287109375,4.0
1257,1.0,1.0,1.0,1.0,1.0,0.0,0.8080062866210938,0.7834854125976562,0.7447166442871094,0.7623367309570312,0.7790451049804688,0.7383289337158203,4.0
1258,0.0,0.0,0.0,0.0,0.0,0.0,0.7843856811523438,0.7413406372070312,0.6903610229492188,0.7052116394042969,0.7337875366210938,0.6845970153808594,0.0
1259,1.0,1.0,0.0,0.0,1.0,0.0,0.8344268798828125,0.8082275390625,0.7703094482421875,0.7972793579101562,0.8008956909179688,0.7558975219726562,2.0
1260,0.0,0.0,0.0,0.0,0.0,0.0,0.8103103637695312,0.7875747680664062,0.7473907470703125,0.7740249633789062,0.7857894897460938,0.7426738739013672,2.0
1261,1.0,1.0,1.0,1.0,1.0,0.0,0.84417724609375,0.8226394653320312,0.7893218994140625,0.8151779174804688,0.8119125366210938,0.769287109375,2.0
1262,0.0,0.0,1.0,0.0,0.0,0.0,0.79296875,0.7663955688476562,0.7317237854003906,0.7546062469482422,0.7744674682617188,0.7315673828125,2.0
1263,0.0,0.0,1.0,0.0,0.0,0.0,0.8216400146484375,0.7575454711914062,0.7296638488769531,0.7557449340820312,0.7487869262695312,0.7269172668457031,1.0
1264,0.0,1.0,1.0,1.0,0.0,1.0,0.8288726806640625,0.80902099609375,0.7692489624023438,0.7865676879882812,0.7931671142578125,0.7530555725097656,4.0
1265,1.0,1.0,1.0,1.0,0.0,0.0,0.7670516967773438,0.7248992919921875,0.6714591979980469,0.6899566650390625,0.7184371948242188,0.6686954498291016,0.0
1266,0.0,0.0,0.0,0.0,0.0,0.0,0.8027572631835938,0.7812271118164062,0.7402935028076172,0.7639389038085938,0.7803688049316406,0.7416629791259766,4.0
1267,0.0,1.0,1.0,1.0,0.0,1.0,0.8364715576171875,0.8130950927734375,0.7875328063964844,0.8074951171875,0.8062286376953125,0.7676773071289062,4.0
1268,1.0,1.0,1.0,1.0,1.0,0.0,0.832305908203125,0.7651138305664062,0.73370361328125,0.7647705078125,0.75726318359375,0.7231559753417969,1.0
1269,0.0,0.0,0.0,0.0,0.0,0.0,0.80078125,0.7398147583007812,0.7014694213867188,0.7302284240722656,0.7317657470703125,0.7086830139160156,1.0
1270,1.0,1.0,1.0,1.0,1.0,0.0,0.8197479248046875,0.7976455688476562,0.7575874328613281,0.7789192199707031,0.7910690307617188,0.7444343566894531,2.0
1271,1.0,1.0,1.0,0.0,0.0,0.0,0.8038787841796875,0.777679443359375,0.7354049682617188,0.7604618072509766,0.7801437377929688,0.7336444854736328,2.0
1272,0.0,0.0,0.0,0.0,0.0,0.0,0.80804443359375,0.7826309204101562,0.7398414611816406,0.7641220092773438,0.7811813354492188,0.7385597229003906,3.0
1273,1.0,1.0,1.0,0.0,1.0,0.0,0.8426971435546875,0.8169097900390625,0.7859039306640625,0.8121795654296875,0.8091964721679688,0.7660675048828125,2.0
1274,0.0,0.0,0.0,0.0,1.0,0.0,0.8179473876953125,0.7526473999023438,0.7142486572265625,0.7428665161132812,0.7384414672851562,0.7133903503417969,1.0
1275,1.0,1.0,1.0,1.0,1.0,1.0,0.817596435546875,0.7957382202148438,0.7602310180664062,0.7789306640625,0.7871246337890625,0.7460174560546875,4.0
1276,0.0,0.0,0.0,0.0,0.0,0.0,0.8014602661132812,0.7800445556640625,0.7443408966064453,0.7656078338623047,0.7814102172851562,0.7384681701660156,3.0
1277,1.0,1.0,1.0,0.0,1.0,0.0,0.8192596435546875,0.7942581176757812,0.7582626342773438,0.7804641723632812,0.7887496948242188,0.7413063049316406,3.0
1278,1.0,1.0,1.0,1.0,1.0,1.0,0.8341217041015625,0.8105316162109375,0.779876708984375,0.8025131225585938,0.8010635375976562,0.7651939392089844,2.0
1279,1.0,1.0,0.0,0.0,1.0,0.0,0.8152542114257812,0.7913894653320312,0.746917724609375,0.7716255187988281,0.7877197265625,0.7411003112792969,3.0
1280,1.0,1.0,0.0,0.0,0.0,0.0,0.7571945190429688,0.7121429443359375,0.6568698883056641,0.6792144775390625,0.7107696533203125,0.6633081436157227,0.0
1281,0.0,0.0,0.0,0.0,0.0,0.0,0.7992324829101562,0.7740402221679688,0.7367172241210938,0.75872802734375,0.7788925170898438,0.7365903854370117,2.0
1282,1.0,1.0,1.0,1.0,1.0,1.0,0.8245849609375,0.8040313720703125,0.7715072631835938,0.7888717651367188,0.79559326171875,0.7526779174804688,4.0
1283,1.0,1.0,1.0,1.0,1.0,1.0,0.84075927734375,0.8045692443847656,0.784759521484375,0.80792236328125,0.804046630859375,0.76141357421875,3.0
1284,0.0,0.0,0.0,0.0,0.0,0.0,0.8022918701171875,0.7445068359375,0.7078514099121094,0.7329750061035156,0.7377395629882812,0.7150897979736328,1.0
1285,1.0,1.0,1.0,1.0,1.0,1.0,0.799896240234375,0.7572860717773438,0.7159957885742188,0.7334823608398438,0.7473983764648438,0.69342041015625,0.0
1286,0.0,0.0,0.0,0.0,0.0,0.0,0.7994308471679688,0.7741317749023438,0.7375326156616211,0.7612247467041016,0.780242919921875,0.7373561859130859,2.0
1287,0.0,0.0,0.0,0.0,0.0,0.0,0.7979583740234375,0.772705078125,0.7363948822021484,0.7610549926757812,0.7796287536621094,0.7370834350585938,2.0
1288,0.0,0.0,0.0,0.0,0.0,0.0,0.7635574340820312,0.7237548828125,0.6689605712890625,0.6868324279785156,0.7178497314453125,0.6700572967529297,0.0
1289,1.0,1.0,1.0,1.0,1.0,1.0,0.8341522216796875,0.8079490661621094,0.7777671813964844,0.7997055053710938,0.800048828125,0.7544021606445312,3.0
1290,1.0,1.0,1.0,1.0,1.0,1.0,0.806121826171875,0.76043701171875,0.7212562561035156,0.7459487915039062,0.7533950805664062,0.697479248046875,0.0
1291,0.0,0.0,0.0,0.0,1.0,0.0,0.806365966796875,0.7848434448242188,0.7450370788574219,0.7655563354492188,0.7836685180664062,0.7429313659667969,4.0
1292,0.0,0.0,0.0,0.0,0.0,0.0,0.8198089599609375,0.795074462890625,0.753143310546875,0.7770805358886719,0.7916946411132812,0.7445697784423828,3.0
1293,1.0,1.0,0.0,0.0,0.0,0.0,0.81414794921875,0.7477645874023438,0.7119293212890625,0.7403488159179688,0.7370452880859375,0.7156791687011719,1.0
1294,1.0,1.0,1.0,1.0,1.0,1.0,0.8521728515625,0.8223114013671875,0.797943115234375,0.8212051391601562,0.8204116821289062,0.7768173217773438,4.0
1295,0.0,0.0,0.0,0.0,0.0,0.0,0.808013916015625,0.785247802734375,0.741607666015625,0.7681694030761719,0.7809600830078125,0.7405567169189453,3.0
1296,1.0,1.0,1.0,1.0,1.0,0.0,0.838470458984375,0.8195953369140625,0.7933883666992188,0.8166351318359375,0.8142166137695312,0.76898193359375,2.0
1297,1.0,1.0,1.0,1.0,1.0,1.0,0.8071441650390625,0.7854461669921875,0.7454986572265625,0.7664451599121094,0.779296875,0.7401409149169922,4.0
1298,1.0,1.0,1.0,0.0,0.0,0.0,0.807708740234375,0.7675704956054688,0.7251968383789062,0.7435760498046875,0.7563247680664062,0.7062911987304688,0.0
1299,1.0,1.0,1.0,1.0,1.0,0.0,0.813507080078125,0.7908248901367188,0.7581329345703125,0.7795829772949219,0.7875747680664062,0.7456817626953125,2.0
1300,1.0,1.0,1.0,0.0,0.0,0.0,0.8278656005859375,0.8116226196289062,0.7757072448730469,0.7912445068359375,0.798187255859375,0.7558822631835938,4.0
1301,0.0,0.0,0.0,0.0,0.0,0.0,0.7552719116210938,0.7146835327148438,0.6579818725585938,0.6778030395507812,0.7098464965820312,0.664947509765625,0.0
1302,1.0,1.0,0.0,0.0,1.0,0.0,0.788909912109375,0.7526092529296875,0.6968536376953125,0.7172622680664062,0.74310302734375,0.6846885681152344,0.0
1303,0.0,0.0,0.0,0.0,0.0,0.0,0.8059768676757812,0.7806396484375,0.7397842407226562,0.7622718811035156,0.7802352905273438,0.7359828948974609,3.0
1304,0.0,0.0,0.0,0.0,0.0,0.0,0.7981491088867188,0.7403640747070312,0.7070789337158203,0.7320785522460938,0.736358642578125,0.7128124237060547,1.0
1305,1.0,0.0,0.0,0.0,0.0,0.0,0.802215576171875,0.7415695190429688,0.7052421569824219,0.7322444915771484,0.7363204956054688,0.7146072387695312,1.0
1306,0.0,0.0,0.0,0.0,0.0,0.0,0.8086700439453125,0.78802490234375,0.7472991943359375,0.7685432434082031,0.7824783325195312,0.7453403472900391,4.0
1307,1.0,1.0,1.0,1.0,1.0,1.0,0.8320770263671875,0.7657699584960938,0.749542236328125,0.777679443359375,0.7594833374023438,0.7396011352539062,1.0
1308,0.0,0.0,1.0,1.0,0.0,1.0,0.8019943237304688,0.7445755004882812,0.7130203247070312,0.7361602783203125,0.7361679077148438,0.7139034271240234,1.0
1309,1.0,1.0,0.0,1.0,1.0,0.0,0.806488037109375,0.7677383422851562,0.7233505249023438,0.7416534423828125,0.7570419311523438,0.7027359008789062,0.0
1310,1.0,1.0,0.0,0.0,1.0,0.0,0.77154541015625,0.7275161743164062,0.6695556640625,0.6925697326660156,0.7199554443359375,0.6664638519287109,0.0
1311,0.0,0.0,0.0,0.0,0.0,0.0,0.7963638305664062,0.7721786499023438,0.7376079559326172,0.7611789703369141,0.7777023315429688,0.7355766296386719,2.0
1312,1.0,1.0,1.0,1.0,1.0,1.0,0.8256683349609375,0.7686004638671875,0.7471046447753906,0.7751235961914062,0.779693603515625,0.7257843017578125,0.0
1313,0.0,0.0,0.0,1.0,1.0,0.0,0.7736053466796875,0.7330703735351562,0.6721458435058594,0.6955184936523438,0.7215347290039062,0.6707401275634766,0.0
1314,1.0,1.0,1.0,1.0,1.0,0.0,0.8534393310546875,0.8128585815429688,0.796905517578125,0.820770263671875,0.8159408569335938,0.77435302734375,3.0
1315,1.0,1.0,1.0,1.0,1.0,0.0,0.8441925048828125,0.7687301635742188,0.7541694641113281,0.78045654296875,0.7646408081054688,0.7461700439453125,1.0
1316,1.0,1.0,0.0,0.0,1.0,0.0,0.8047866821289062,0.7829666137695312,0.7417964935302734,0.7637901306152344,0.7807388305664062,0.7385292053222656,3.0
1317,0.0,0.0,0.0,0.0,0.0,0.0,0.7954025268554688,0.7698135375976562,0.7354879379272461,0.759669303894043,0.7782630920410156,0.7360601425170898,2.0
1318,0.0,0.0,0.0,0.0,0.0,0.0,0.795257568359375,0.7360763549804688,0.7007408142089844,0.7269077301025391,0.7319717407226562,0.709075927734375,1.0
1319,0.0,0.0,0.0,0.0,0.0,0.0,0.7933807373046875,0.7331619262695312,0.6994056701660156,0.7241573333740234,0.7277679443359375,0.7088584899902344,1.0
1320,0.0,0.0,0.0,0.0,0.0,0.0,0.8146896362304688,0.7920684814453125,0.7495651245117188,0.7717208862304688,0.7856369018554688,0.7423820495605469,3.0
1321,0.0,0.0,0.0,0.0,0.0,0.0,0.8039398193359375,0.779754638671875,0.7414741516113281,0.7619705200195312,0.7774429321289062,0.7391014099121094,4.0
1322,1.0,1.0,1.0,1.0,1.0,1.0,0.8420562744140625,0.8103065490722656,0.7874526977539062,0.8138771057128906,0.8094024658203125,0.7631683349609375,3.0
1323,1.0,1.0,1.0,1.0,1.0,0.0,0.815948486328125,0.7942352294921875,0.7604179382324219,0.7828369140625,0.7908248901367188,0.7437858581542969,2.0
1324,1.0,1.0,1.0,1.0,1.0,1.0,0.8508453369140625,0.8234481811523438,0.8000335693359375,0.827545166015625,0.825042724609375,0.7758636474609375,2.0
1325,1.0,1.0,1.0,1.0,1.0,0.0,0.8203277587890625,0.7605209350585938,0.7345046997070312,0.7586822509765625,0.7507858276367188,0.7221717834472656,1.0
1326,1.0,1.0,1.0,1.0,1.0,0.0,0.8200759887695312,0.7567291259765625,0.722686767578125,0.7451629638671875,0.7415771484375,0.7180099487304688,1.0
1327,1.0,1.0,1.0,1.0,1.0,0.0,0.8486328125,0.8178443908691406,0.8002738952636719,0.8261642456054688,0.8222122192382812,0.7869720458984375,4.0
1328,1.0,1.0,1.0,1.0,1.0,1.0,0.8160324096679688,0.7955474853515625,0.7560272216796875,0.77984619140625,0.7912826538085938,0.7446136474609375,2.0
1329,1.0,1.0,0.0,0.0,1.0,0.0,0.8072433471679688,0.782867431640625,0.7430458068847656,0.7675399780273438,0.7822341918945312,0.7384529113769531,2.0
1330,0.0,0.0,0.0,0.0,0.0,0.0,0.80120849609375,0.740875244140625,0.7036304473876953,0.7292461395263672,0.734405517578125,0.7104816436767578,1.0
1331,0.0,0.0,0.0,0.0,0.0,0.0,0.7868499755859375,0.7503280639648438,0.6928863525390625,0.7083244323730469,0.739501953125,0.6899452209472656,0.0
1332,0.0,0.0,1.0,1.0,1.0,1.0,0.8059005737304688,0.7824020385742188,0.7432708740234375,0.7619819641113281,0.7775115966796875,0.7398223876953125,4.0
1333,0.0,0.0,1.0,1.0,0.0,1.0,0.81903076171875,0.7563400268554688,0.721893310546875,0.7466583251953125,0.7423019409179688,0.7173500061035156,1.0
1334,0.0,0.0,0.0,0.0,0.0,0.0,0.7619781494140625,0.7226181030273438,0.6673698425292969,0.6848888397216797,0.71966552734375,0.6690921783447266,0.0
1335,1.0,1.0,1.0,1.0,1.0,1.0,0.8555145263671875,0.8233261108398438,0.8075675964355469,0.83502197265625,0.8292465209960938,0.7933883666992188,2.0
1336,1.0,1.0,1.0,1.0,1.0,1.0,0.8545379638671875,0.8269729614257812,0.8018646240234375,0.8266830444335938,0.8244476318359375,0.78656005859375,2.0
1337,0.0,0.0,0.0,1.0,0.0,0.0,0.850067138671875,0.8204421997070312,0.7960281372070312,0.8212814331054688,0.81787109375,0.7743453979492188,4.0
1338,0.0,0.0,0.0,0.0,0.0,0.0,0.80853271484375,0.7866592407226562,0.7447643280029297,0.7700042724609375,0.786529541015625,0.7425651550292969,2.0
1339,0.0,1.0,1.0,1.0,0.0,1.0,0.8015594482421875,0.7637710571289062,0.7213859558105469,0.7398834228515625,0.7586822509765625,0.6964035034179688,0.0
1340,0.0,0.0,0.0,0.0,0.0,0.0,0.75384521484375,0.7130813598632812,0.6582717895507812,0.6789474487304688,0.7131195068359375,0.6666603088378906,0.0
1341,0.0,0.0,0.0,0.0,0.0,0.0,0.7993392944335938,0.7769775390625,0.7376155853271484,0.7628288269042969,0.7798919677734375,0.737513542175293,3.0
1342,0.0,0.0,0.0,0.0,0.0,0.0,0.80194091796875,0.7801437377929688,0.7433414459228516,0.7669448852539062,0.78204345703125,0.7392234802246094,3.0
1343,1.0,1.0,1.0,1.0,1.0,1.0,0.8154830932617188,0.7503509521484375,0.719451904296875,0.7436561584472656,0.7403411865234375,0.7143630981445312,1.0
1344,1.0,1.0,1.0,1.0,1.0,1.0,0.82025146484375,0.7545509338378906,0.7338981628417969,0.7566604614257812,0.7459793090820312,0.72503662109375,1.0
1345,0.0,0.0,0.0,1.0,0.0,0.0,0.8359832763671875,0.7718353271484375,0.75433349609375,0.7801055908203125,0.7671661376953125,0.7382125854492188,1.0
1346,0.0,1.0,1.0,1.0,0.0,1.0,0.8134078979492188,0.7901535034179688,0.7488021850585938,0.7751426696777344,0.7868499755859375,0.7421340942382812,2.0
1347,1.0,1.0,0.0,0.0,1.0,0.0,0.8315582275390625,0.8077316284179688,0.7731475830078125,0.7988662719726562,0.7985153198242188,0.7569313049316406,2.0
1348,1.0,0.0,0.0,0.0,0.0,0.0,0.7557373046875,0.7128524780273438,0.6579093933105469,0.6801719665527344,0.7139091491699219,0.6648502349853516,0.0
1349,1.0,1.0,0.0,0.0,1.0,0.0,0.8292694091796875,0.8072052001953125,0.7685432434082031,0.789154052734375,0.794921875,0.7525596618652344,4.0
1350,1.0,1.0,1.0,0.0,0.0,1.0,0.849884033203125,0.8253326416015625,0.7934494018554688,0.8206634521484375,0.817047119140625,0.7733383178710938,2.0
1351,0.0,1.0,1.0,1.0,1.0,1.0,0.8275299072265625,0.7764739990234375,0.7526283264160156,0.7779998779296875,0.7846221923828125,0.7321243286132812,0.0
1352,1.0,1.0,1.0,1.0,1.0,1.0,0.84613037109375,0.8179702758789062,0.7915000915527344,0.8174819946289062,0.8155975341796875,0.7700271606445312,2.0
1353,1.0,1.0,1.0,1.0,1.0,1.0,0.834564208984375,0.8164291381835938,0.7921142578125,0.8157806396484375,0.81243896484375,0.7692184448242188,2.0
1354,1.0,1.0,0.0,0.0,1.0,0.0,0.827301025390625,0.8075103759765625,0.76995849609375,0.7891693115234375,0.7976531982421875,0.7539901733398438,4.0
1355,1.0,1.0,1.0,0.0,1.0,0.0,0.8118743896484375,0.7453536987304688,0.7112884521484375,0.7368927001953125,0.7349166870117188,0.7107276916503906,1.0
1356,1.0,1.0,0.0,0.0,1.0,1.0,0.8203125,0.7968521118164062,0.7475204467773438,0.77374267578125,0.7878646850585938,0.7450389862060547,2.0
1357,0.0,0.0,0.0,0.0,0.0,0.0,0.7532577514648438,0.7120208740234375,0.6575908660888672,0.6791629791259766,0.7128639221191406,0.6665515899658203,0.0
1358,1.0,1.0,0.0,0.0,0.0,0.0,0.80047607421875,0.7740631103515625,0.7360172271728516,0.7617092132568359,0.7801361083984375,0.7361850738525391,2.0
1359,0.0,1.0,0.0,1.0,1.0,0.0,0.7659454345703125,0.7249832153320312,0.6670379638671875,0.6877689361572266,0.7192230224609375,0.6676158905029297,0.0
1360,0.0,0.0,0.0,0.0,0.0,0.0,0.8041915893554688,0.7450942993164062,0.7077674865722656,0.7340278625488281,0.7364654541015625,0.7144775390625,1.0
1361,1.0,1.0,1.0,1.0,1.0,1.0,0.8346099853515625,0.8090744018554688,0.7788963317871094,0.8020172119140625,0.8045654296875,0.7552223205566406,3.0
1362,1.0,1.0,1.0,1.0,1.0,1.0,0.83587646484375,0.8136825561523438,0.7856178283691406,0.8079452514648438,0.809173583984375,0.7653884887695312,4.0
1363,1.0,1.0,0.0,0.0,1.0,0.0,0.8376007080078125,0.8161697387695312,0.7757644653320312,0.796661376953125,0.8008880615234375,0.7594985961914062,4.0
1364,0.0,0.0,0.0,0.0,0.0,0.0,0.8255844116210938,0.8066558837890625,0.7649002075195312,0.788970947265625,0.7946548461914062,0.75323486328125,3.0
1365,1.0,1.0,0.0,0.0,0.0,0.0,0.820281982421875,0.7594680786132812,0.7198600769042969,0.7468986511230469,0.7440643310546875,0.7189369201660156,1.0
1366,1.0,1.0,1.0,1.0,1.0,1.0,0.82647705078125,0.8004493713378906,0.7677345275878906,0.789276123046875,0.7939071655273438,0.7491302490234375,3.0
1367,0.0,0.0,0.0,0.0,0.0,0.0,0.8031082153320312,0.7804412841796875,0.7402839660644531,0.7623748779296875,0.7787094116210938,0.7373981475830078,4.0
1368,1.0,1.0,1.0,1.0,1.0,1.0,0.830230712890625,0.8030357360839844,0.7685585021972656,0.794097900390625,0.7989425659179688,0.7534217834472656,2.0
1369,0.0,0.0,1.0,1.0,0.0,0.0,0.8125839233398438,0.7901382446289062,0.7561531066894531,0.7772712707519531,0.7873153686523438,0.7446498870849609,4.0
1370,1.0,1.0,0.0,0.0,1.0,0.0,0.8039779663085938,0.7798995971679688,0.7382621765136719,0.7632064819335938,0.7795562744140625,0.7390012741088867,2.0
1371,0.0,0.0,0.0,0.0,0.0,0.0,0.8032760620117188,0.780731201171875,0.7431831359863281,0.7647819519042969,0.7813796997070312,0.7413349151611328,4.0
1372,1.0,1.0,0.0,0.0,1.0,0.0,0.832855224609375,0.8109893798828125,0.7824478149414062,0.8031234741210938,0.8038482666015625,0.7650337219238281,4.0
1373,0.0,0.0,0.0,0.0,0.0,0.0,0.80841064453125,0.7848587036132812,0.7435722351074219,0.7687454223632812,0.78216552734375,0.7391910552978516,3.0
1374,0.0,0.0,0.0,0.0,0.0,0.0,0.7542648315429688,0.7113189697265625,0.6557540893554688,0.676483154296875,0.7097816467285156,0.6631679534912109,0.0
1375,0.0,1.0,1.0,1.0,0.0,0.0,0.7791213989257812,0.7430801391601562,0.6900215148925781,0.7078132629394531,0.7301788330078125,0.6758346557617188,0.0
1376,0.0,0.0,0.0,0.0,0.0,0.0,0.7805633544921875,0.7467880249023438,0.68939208984375,0.71026611328125,0.7331008911132812,0.6774101257324219,0.0
1377,0.0,0.0,0.0,0.0,0.0,0.0,0.8058547973632812,0.743896484375,0.7116622924804688,0.7358322143554688,0.7375259399414062,0.7150039672851562,1.0
1378,0.0,1.0,1.0,1.0,0.0,1.0,0.8212127685546875,0.758880615234375,0.7298660278320312,0.7586517333984375,0.74493408203125,0.7257499694824219,1.0
1379,0.0,0.0,0.0,0.0,0.0,0.0,0.758819580078125,0.718963623046875,0.6636466979980469,0.6845550537109375,0.718109130859375,0.6679754257202148,0.0
1380,1.0,1.0,1.0,1.0,1.0,0.0,0.82452392578125,0.75616455078125,0.7276535034179688,0.7566375732421875,0.7462081909179688,0.7200469970703125,1.0
1381,1.0,1.0,1.0,1.0,1.0,0.0,0.8251800537109375,0.75726318359375,0.7239875793457031,0.7537384033203125,0.746795654296875,0.718536376953125,1.0
1382,0.0,0.0,0.0,0.0,0.0,0.0,0.8385009765625,0.81976318359375,0.7847137451171875,0.804840087890625,0.8084793090820312,0.7636604309082031,4.0
1383,0.0,0.0,0.0,0.0,0.0,0.0,0.7674102783203125,0.7313766479492188,0.6769695281982422,0.6992759704589844,0.7233963012695312,0.6730594635009766,0.0
1384,1.0,1.0,0.0,0.0,0.0,0.0,0.813079833984375,0.752227783203125,0.7105445861816406,0.7374763488769531,0.7394561767578125,0.7150764465332031,1.0
1385,1.0,1.0,0.0,0.0,0.0,0.0,0.7947463989257812,0.7575302124023438,0.711639404296875,0.7317657470703125,0.751708984375,0.6928787231445312,0.0
1386,1.0,1.0,1.0,1.0,1.0,0.0,0.828094482421875,0.772064208984375,0.7436866760253906,0.7706298828125,0.7719192504882812,0.7209396362304688,0.0
1387,1.0,1.0,1.0,1.0,1.0,1.0,0.848663330078125,0.8146286010742188,0.7980003356933594,0.8230972290039062,0.819854736328125,0.7804107666015625,4.0
1388,1.0,1.0,1.0,1.0,1.0,1.0,0.83489990234375,0.8067970275878906,0.7811050415039062,0.80712890625,0.8072509765625,0.7593765258789062,3.0
1389,1.0,1.0,1.0,1.0,1.0,0.0,0.82720947265625,0.7742118835449219,0.7524452209472656,0.77642822265625,0.7820281982421875,0.7342987060546875,0.0
1390,1.0,1.0,1.0,1.0,1.0,1.0,0.8431243896484375,0.8229141235351562,0.7893447875976562,0.80633544921875,0.8132247924804688,0.76611328125,4.0
1391,1.0,1.0,0.0,0.0,1.0,0.0,0.8414306640625,0.81707763671875,0.7733078002929688,0.797210693359375,0.807403564453125,0.762969970703125,2.0
1392,1.0,1.0,1.0,1.0,1.0,0.0,0.8315887451171875,0.7758102416992188,0.7547340393066406,0.7784194946289062,0.7786712646484375,0.7336959838867188,0.0
1393,1.0,1.0,0.0,0.0,1.0,1.0,0.8143310546875,0.793670654296875,0.753753662109375,0.7790451049804688,0.7848739624023438,0.7463111877441406,3.0
1394,0.0,0.0,0.0,0.0,0.0,0.0,0.811981201171875,0.7861557006835938,0.7466011047363281,0.76727294921875,0.78497314453125,0.7402267456054688,3.0
1395,0.0,0.0,0.0,0.0,0.0,0.0,0.8223495483398438,0.80267333984375,0.7600326538085938,0.7784805297851562,0.7896347045898438,0.748992919921875,4.0
1396,1.0,1.0,0.0,0.0,0.0,0.0,0.8447265625,0.8163223266601562,0.794097900390625,0.8168411254882812,0.8148040771484375,0.7737655639648438,4.0
1397,1.0,1.0,1.0,1.0,1.0,0.0,0.8486175537109375,0.8206787109375,0.7971038818359375,0.8191375732421875,0.820587158203125,0.7751083374023438,4.0
1398,0.0,0.0,0.0,0.0,0.0,0.0,0.7972030639648438,0.7378311157226562,0.70416259765625,0.7286434173583984,0.7327804565429688,0.7103958129882812,1.0
1399,1.0,1.0,1.0,0.0,1.0,0.0,0.8456878662109375,0.8180084228515625,0.7921638488769531,0.819183349609375,0.8166427612304688,0.769805908203125,2.0
1400,1.0,1.0,0.0,1.0,1.0,1.0,0.820037841796875,0.7978744506835938,0.7615318298339844,0.7817039489746094,0.7946014404296875,0.7513275146484375,4.0
1401,0.0,0.0,0.0,0.0,0.0,0.0,0.7962417602539062,0.7697982788085938,0.7351646423339844,0.7596893310546875,0.7776641845703125,0.7358255386352539,2.0
1402,0.0,0.0,0.0,0.0,0.0,0.0,0.7988433837890625,0.7734222412109375,0.736231803894043,0.7595863342285156,0.77978515625,0.7362957000732422,2.0
1403,0.0,0.0,0.0,0.0,0.0,0.0,0.851287841796875,0.823333740234375,0.7933578491210938,0.8195419311523438,0.8193206787109375,0.7756576538085938,3.0
1404,0.0,1.0,1.0,1.0,0.0,1.0,0.8231964111328125,0.7537727355957031,0.7355308532714844,0.7598037719726562,0.7482147216796875,0.7243080139160156,1.0
1405,1.0,1.0,1.0,1.0,0.0,1.0,0.8112030029296875,0.7447280883789062,0.7126960754394531,0.7382164001464844,0.7366409301757812,0.7115306854248047,1.0
1406,1.0,1.0,0.0,0.0,1.0,0.0,0.8337860107421875,0.7632904052734375,0.731292724609375,0.7610626220703125,0.751739501953125,0.7239532470703125,1.0
1407,0.0,0.0,0.0,0.0,0.0,0.0,0.7617416381835938,0.718994140625,0.6603660583496094,0.6833419799804688,0.7143020629882812,0.6662769317626953,0.0
1408,0.0,1.0,0.0,0.0,1.0,0.0,0.8525543212890625,0.8344039916992188,0.8055953979492188,0.82659912109375,0.8275222778320312,0.7805938720703125,4.0
1409,0.0,0.0,0.0,0.0,0.0,0.0,0.856781005859375,0.8279342651367188,0.805816650390625,0.8329315185546875,0.8262557983398438,0.7902069091796875,4.0
1410,0.0,0.0,0.0,0.0,0.0,0.0,0.7981414794921875,0.7761611938476562,0.7378559112548828,0.7592277526855469,0.7772712707519531,0.7398796081542969,4.0
1411,0.0,0.0,0.0,0.0,1.0,0.0,0.8084487915039062,0.78662109375,0.7448959350585938,0.7647495269775391,0.7824478149414062,0.7433567047119141,4.0
1412,1.0,1.0,1.0,1.0,1.0,0.0,0.8462982177734375,0.8107109069824219,0.790924072265625,0.8176422119140625,0.8148651123046875,0.771636962890625,3.0
1413,1.0,1.0,0.0,0.0,0.0,0.0,0.8386383056640625,0.8202972412109375,0.7839736938476562,0.801605224609375,0.8062591552734375,0.7625198364257812,4.0
1414,0.0,0.0,0.0,0.0,0.0,0.0,0.7977447509765625,0.77093505859375,0.7352304458618164,0.7595901489257812,0.7797927856445312,0.7359743118286133,2.0
1415,0.0,0.0,0.0,0.0,0.0,0.0,0.8063812255859375,0.748992919921875,0.708770751953125,0.7329826354980469,0.7352981567382812,0.7151641845703125,1.0
1416,0.0,0.0,0.0,0.0,0.0,0.0,0.8124771118164062,0.753631591796875,0.7168540954589844,0.7415390014648438,0.73822021484375,0.7172966003417969,1.0
1417,1.0,1.0,1.0,1.0,1.0,1.0,0.8144378662109375,0.7697296142578125,0.7298126220703125,0.75274658203125,0.7616653442382812,0.705230712890625,0.0
1418,0.0,0.0,0.0,0.0,0.0,0.0,0.8071365356445312,0.7847442626953125,0.7426528930664062,0.7688980102539062,0.7835693359375,0.7404518127441406,2.0
1419,0.0,0.0,0.0,0.0,0.0,0.0,0.8533172607421875,0.8274002075195312,0.804962158203125,0.8298110961914062,0.8269271850585938,0.7860794067382812,4.0
1420,0.0,0.0,0.0,0.0,0.0,0.0,0.8043899536132812,0.7818374633789062,0.7392387390136719,0.7606239318847656,0.7794723510742188,0.7383098602294922,3.0
1421,0.0,0.0,1.0,0.0,0.0,0.0,0.8042678833007812,0.7459793090820312,0.7128944396972656,0.7355728149414062,0.7364959716796875,0.7141036987304688,1.0
1422,1.0,1.0,1.0,1.0,1.0,0.0,0.8486175537109375,0.7741127014160156,0.7607383728027344,0.78887939453125,0.7673416137695312,0.7470703125,1.0
1423,1.0,1.0,1.0,1.0,1.0,0.0,0.80084228515625,0.7609634399414062,0.7252044677734375,0.7453536987304688,0.7561187744140625,0.7006568908691406,0.0
1424,0.0,0.0,1.0,0.0,0.0,0.0,0.7600173950195312,0.719818115234375,0.6606369018554688,0.6806793212890625,0.712738037109375,0.6647090911865234,0.0
1425,1.0,1.0,1.0,1.0,0.0,0.0,0.804840087890625,0.7656707763671875,0.7213211059570312,0.7390365600585938,0.757080078125,0.698089599609375,0.0
1426,0.0,0.0,1.0,1.0,0.0,1.0,0.84979248046875,0.829315185546875,0.7956619262695312,0.82061767578125,0.820068359375,0.7743606567382812,4.0
1427,0.0,0.0,0.0,0.0,0.0,0.0,0.8215179443359375,0.7959442138671875,0.7535667419433594,0.7766532897949219,0.7880783081054688,0.7455215454101562,3.0
1428,1.0,1.0,0.0,0.0,1.0,0.0,0.815093994140625,0.7732696533203125,0.7230453491210938,0.7448883056640625,0.7607192993164062,0.7041397094726562,0.0
1429,1.0,1.0,1.0,1.0,1.0,0.0,0.84454345703125,0.8153610229492188,0.794647216796875,0.8180770874023438,0.8170318603515625,0.774444580078125,4.0
1430,1.0,1.0,1.0,0.0,0.0,0.0,0.8441619873046875,0.8215713500976562,0.7973976135253906,0.8172760009765625,0.8173599243164062,0.768768310546875,4.0
1431,1.0,1.0,1.0,1.0,1.0,1.0,0.85015869140625,0.8270263671875,0.7955703735351562,0.8232498168945312,0.8179473876953125,0.7742156982421875,2.0
1432,0.0,0.0,0.0,0.0,0.0,0.0,0.8365325927734375,0.7674407958984375,0.752532958984375,0.77685546875,0.7609786987304688,0.7379989624023438,1.0
1433,1.0,1.0,0.0,0.0,1.0,0.0,0.8153839111328125,0.7962608337402344,0.7628364562988281,0.7878952026367188,0.78851318359375,0.7490692138671875,3.0
1434,1.0,1.0,1.0,1.0,1.0,1.0,0.854583740234375,0.8255767822265625,0.8039932250976562,0.8282699584960938,0.8236618041992188,0.7861862182617188,4.0
1435,1.0,1.0,1.0,0.0,0.0,1.0,0.8017120361328125,0.7612380981445312,0.7060012817382812,0.7227325439453125,0.7463455200195312,0.6955375671386719,0.0
1436,1.0,1.0,1.0,1.0,1.0,0.0,0.8243408203125,0.8064079284667969,0.7693023681640625,0.7921066284179688,0.7948226928710938,0.7519989013671875,2.0
1437,1.0,1.0,1.0,1.0,1.0,0.0,0.842864990234375,0.81280517578125,0.788604736328125,0.8141098022460938,0.8118972778320312,0.771331787109375,4.0
1438,1.0,1.0,1.0,1.0,1.0,1.0,0.82769775390625,0.7721023559570312,0.7483787536621094,0.7724380493164062,0.7711715698242188,0.72796630859375,0.0
1439,1.0,1.0,1.0,1.0,1.0,1.0,0.844482421875,0.8160476684570312,0.7898445129394531,0.8135528564453125,0.81097412109375,0.7735137939453125,4.0
1440,1.0,1.0,1.0,1.0,1.0,1.0,0.848602294921875,0.8169631958007812,0.7974433898925781,0.8220443725585938,0.815521240234375,0.773284912109375,3.0
1441,0.0,1.0,1.0,1.0,1.0,1.0,0.8387603759765625,0.77191162109375,0.7613754272460938,0.7872161865234375,0.7714157104492188,0.7488250732421875,1.0
1442,1.0,1.0,0.0,0.0,1.0,0.0,0.8206329345703125,0.7989501953125,0.7576522827148438,0.7789154052734375,0.7879409790039062,0.7471542358398438,3.0
1443,0.0,0.0,0.0,0.0,0.0,0.0,0.801055908203125,0.779266357421875,0.7432022094726562,0.7666378021240234,0.7824783325195312,0.7379417419433594,3.0
1444,1.0,1.0,0.0,0.0,1.0,0.0,0.8390350341796875,0.8159255981445312,0.7856292724609375,0.8069305419921875,0.807464599609375,0.7641220092773438,2.0
1445,1.0,1.0,0.0,0.0,1.0,0.0,0.8006668090820312,0.7731399536132812,0.734222412109375,0.7547760009765625,0.7731704711914062,0.7319278717041016,3.0
1446,1.0,1.0,0.0,0.0,0.0,0.0,0.800018310546875,0.7401351928710938,0.7047882080078125,0.7298355102539062,0.7322463989257812,0.7108287811279297,1.0
1447,0.0,0.0,0.0,1.0,1.0,0.0,0.8114013671875,0.7668304443359375,0.7186813354492188,0.7407760620117188,0.7559890747070312,0.704681396484375,0.0
1448,1.0,1.0,0.0,0.0,1.0,0.0,0.83270263671875,0.8143692016601562,0.7772140502929688,0.7975845336914062,0.8031768798828125,0.7592697143554688,2.0
1449,1.0,0.0,0.0,0.0,1.0,0.0,0.8119964599609375,0.789581298828125,0.7489700317382812,0.771240234375,0.7868499755859375,0.7418346405029297,3.0
1450,1.0,1.0,1.0,1.0,1.0,1.0,0.79534912109375,0.759033203125,0.7109527587890625,0.7302703857421875,0.75274658203125,0.6932945251464844,0.0
1451,1.0,1.0,1.0,1.0,1.0,0.0,0.846710205078125,0.8128128051757812,0.7937240600585938,0.8179283142089844,0.8177566528320312,0.778076171875,4.0
1452,0.0,0.0,0.0,0.0,0.0,0.0,0.80096435546875,0.7796173095703125,0.7426300048828125,0.7665061950683594,0.7812881469726562,0.7392654418945312,2.0
1453,1.0,1.0,0.0,1.0,1.0,0.0,0.82421875,0.7997283935546875,0.7637557983398438,0.7838058471679688,0.7892837524414062,0.751800537109375,4.0
1454,1.0,1.0,0.0,0.0,0.0,0.0,0.8376617431640625,0.8215255737304688,0.7844085693359375,0.8012466430664062,0.8072662353515625,0.7636833190917969,2.0
1455,0.0,0.0,0.0,0.0,0.0,0.0,0.8115234375,0.7886276245117188,0.7500114440917969,0.7705421447753906,0.7896499633789062,0.7415122985839844,3.0
1456,1.0,1.0,1.0,1.0,1.0,1.0,0.802154541015625,0.7446136474609375,0.7095413208007812,0.7329788208007812,0.730438232421875,0.7125740051269531,1.0
1457,1.0,1.0,0.0,0.0,0.0,0.0,0.8095245361328125,0.7472610473632812,0.7108917236328125,0.7354240417480469,0.7383880615234375,0.7134284973144531,1.0
1458,0.0,0.0,0.0,0.0,1.0,0.0,0.7542877197265625,0.7091751098632812,0.6592655181884766,0.6774501800537109,0.7111320495605469,0.664154052734375,0.0
1459,0.0,1.0,1.0,1.0,1.0,1.0,0.8519134521484375,0.8195724487304688,0.7974510192871094,0.8215560913085938,0.819610595703125,0.7801361083984375,4.0
1460,0.0,0.0,0.0,0.0,0.0,0.0,0.8072967529296875,0.7480087280273438,0.7103061676025391,0.7360630035400391,0.7412796020507812,0.7157516479492188,1.0
1461,1.0,1.0,0.0,0.0,1.0,1.0,0.79949951171875,0.7718963623046875,0.7324295043945312,0.754974365234375,0.7735977172851562,0.7311382293701172,2.0
1462,1.0,1.0,0.0,0.0,1.0,0.0,0.8185882568359375,0.7590484619140625,0.722320556640625,0.7467803955078125,0.7398452758789062,0.7161750793457031,1.0
1463,0.0,0.0,1.0,1.0,1.0,1.0,0.82965087890625,0.8052291870117188,0.7622909545898438,0.7871475219726562,0.7966232299804688,0.7509498596191406,3.0
1464,1.0,1.0,1.0,1.0,1.0,0.0,0.8519439697265625,0.8270187377929688,0.8013191223144531,0.8229293823242188,0.8230438232421875,0.7750778198242188,4.0
1465,0.0,0.0,0.0,0.0,0.0,0.0,0.801971435546875,0.7796401977539062,0.7403659820556641,0.7620048522949219,0.7778396606445312,0.7384910583496094,4.0
1466,1.0,1.0,1.0,1.0,1.0,1.0,0.8046646118164062,0.7776260375976562,0.7439041137695312,0.7632331848144531,0.7746353149414062,0.7351531982421875,3.0
1467,0.0,0.0,1.0,0.0,0.0,1.0,0.8134689331054688,0.7948837280273438,0.7539176940917969,0.7758102416992188,0.7866058349609375,0.7459754943847656,2.0
1468,0.0,1.0,1.0,1.0,1.0,1.0,0.824920654296875,0.7657241821289062,0.7450180053710938,0.7680206298828125,0.7577667236328125,0.7311172485351562,1.0
1469,0.0,0.0,0.0,0.0,0.0,0.0,0.8084335327148438,0.785797119140625,0.744415283203125,0.7694358825683594,0.7836227416992188,0.7399272918701172,2.0
1470,1.0,1.0,1.0,1.0,1.0,0.0,0.83935546875,0.8101425170898438,0.7816009521484375,0.8026885986328125,0.8036270141601562,0.7573699951171875,4.0
1471,0.0,0.0,0.0,0.0,0.0,0.0,0.8505096435546875,0.821075439453125,0.7907943725585938,0.8209686279296875,0.81695556640625,0.7686004638671875,2.0
1472,1.0,1.0,0.0,1.0,1.0,1.0,0.8533935546875,0.7729606628417969,0.7595443725585938,0.791717529296875,0.773345947265625,0.7480545043945312,1.0
1473,1.0,1.0,1.0,1.0,0.0,1.0,0.83416748046875,0.8042373657226562,0.7718048095703125,0.7958831787109375,0.7995758056640625,0.7515029907226562,3.0
1474,1.0,1.0,1.0,1.0,1.0,0.0,0.8335418701171875,0.8078079223632812,0.7680397033691406,0.7947463989257812,0.7997817993164062,0.7498016357421875,2.0
1475,0.0,0.0,0.0,0.0,0.0,0.0,0.8045806884765625,0.7794189453125,0.7430973052978516,0.7655200958251953,0.7830047607421875,0.740020751953125,2.0
1476,1.0,1.0,1.0,1.0,1.0,1.0,0.85321044921875,0.772796630859375,0.7632942199707031,0.7904052734375,0.7670516967773438,0.7536849975585938,1.0
1477,1.0,1.0,1.0,1.0,1.0,1.0,0.8229217529296875,0.7692184448242188,0.739471435546875,0.7678985595703125,0.7720718383789062,0.71820068359375,0.0
1478,1.0,1.0,0.0,0.0,0.0,0.0,0.8142623901367188,0.7901077270507812,0.7505874633789062,0.770111083984375,0.7865142822265625,0.7430591583251953,4.0
1479,1.0,1.0,0.0,1.0,1.0,0.0,0.82232666015625,0.774505615234375,0.7357711791992188,0.7616348266601562,0.7733230590820312,0.7103118896484375,0.0
1480,1.0,1.0,1.0,1.0,1.0,0.0,0.8271026611328125,0.8024635314941406,0.7706565856933594,0.79302978515625,0.79425048828125,0.7500457763671875,4.0
1481,1.0,1.0,0.0,0.0,1.0,0.0,0.8060760498046875,0.7663040161132812,0.7138214111328125,0.7353897094726562,0.7523880004882812,0.6925544738769531,0.0
1482,1.0,1.0,0.0,1.0,1.0,1.0,0.842254638671875,0.8252716064453125,0.789947509765625,0.8081436157226562,0.8131561279296875,0.7670669555664062,4.0
1483,1.0,1.0,1.0,1.0,1.0,1.0,0.8431854248046875,0.8190841674804688,0.7973251342773438,0.818756103515625,0.81689453125,0.773345947265625,4.0
1484,1.0,1.0,1.0,1.0,1.0,1.0,0.8367767333984375,0.8134994506835938,0.7840042114257812,0.8024139404296875,0.8058013916015625,0.759521484375,4.0
1485,1.0,1.0,0.0,0.0,1.0,0.0,0.8390960693359375,0.8156585693359375,0.7808380126953125,0.8009796142578125,0.8066940307617188,0.7615737915039062,4.0
1486,1.0,1.0,1.0,1.0,1.0,1.0,0.796142578125,0.74969482421875,0.7079277038574219,0.7305755615234375,0.7416763305664062,0.6918144226074219,0.0
1487,0.0,0.0,0.0,0.0,0.0,0.0,0.799102783203125,0.7398223876953125,0.7082328796386719,0.7304496765136719,0.733734130859375,0.7114982604980469,1.0
1488,0.0,0.0,1.0,1.0,0.0,1.0,0.8151931762695312,0.7962265014648438,0.7603759765625,0.7849578857421875,0.78802490234375,0.7470741271972656,3.0
1489,1.0,1.0,1.0,1.0,1.0,1.0,0.8288421630859375,0.7719306945800781,0.7486534118652344,0.7725601196289062,0.7754592895507812,0.7318038940429688,0.0
1490,0.0,0.0,0.0,0.0,0.0,0.0,0.7585220336914062,0.7171249389648438,0.6594982147216797,0.6810836791992188,0.7144622802734375,0.6667251586914062,0.0
1491,0.0,1.0,1.0,1.0,1.0,0.0,0.8499755859375,0.8194923400878906,0.7957916259765625,0.8218765258789062,0.8201217651367188,0.7767410278320312,2.0
1492,0.0,0.0,0.0,0.0,0.0,0.0,0.8213043212890625,0.8009262084960938,0.75628662109375,0.7818183898925781,0.7914047241210938,0.7489128112792969,3.0
1493,0.0,1.0,1.0,1.0,1.0,1.0,0.8159255981445312,0.7521209716796875,0.7266998291015625,0.7495193481445312,0.7414169311523438,0.7196044921875,1.0
1494,1.0,1.0,1.0,1.0,0.0,0.0,0.8319244384765625,0.8073577880859375,0.7801132202148438,0.801055908203125,0.802459716796875,0.755645751953125,3.0
1495,1.0,1.0,1.0,1.0,1.0,1.0,0.85345458984375,0.8265304565429688,0.8049468994140625,0.827911376953125,0.8269882202148438,0.783935546875,4.0
1496,1.0,1.0,0.0,0.0,0.0,0.0,0.8213348388671875,0.7990646362304688,0.7686996459960938,0.7893524169921875,0.7942428588867188,0.75006103515625,3.0
1497,1.0,1.0,1.0,0.0,1.0,0.0,0.7761306762695312,0.7387771606445312,0.6875038146972656,0.7061195373535156,0.7304916381835938,0.676513671875,0.0
1498,0.0,0.0,0.0,0.0,0.0,0.0,0.7991714477539062,0.7752304077148438,0.7379341125488281,0.7570266723632812,0.776275634765625,0.7384653091430664,4.0
1499,1.0,1.0,1.0,1.0,1.0,0.0,0.8065948486328125,0.7862167358398438,0.7455863952636719,0.7636642456054688,0.7816009521484375,0.7411766052246094,4.0
1500,1.0,1.0,1.0,1.0,1.0,1.0,0.8042755126953125,0.7833709716796875,0.747344970703125,0.7706108093261719,0.7823486328125,0.7410469055175781,4.0
1501,0.0,1.0,1.0,1.0,0.0,1.0,0.8012542724609375,0.7524871826171875,0.70196533203125,0.7277297973632812,0.7441177368164062,0.6889381408691406,0.0
1502,1.0,1.0,1.0,1.0,1.0,1.0,0.7645111083984375,0.7258682250976562,0.6670913696289062,0.6823577880859375,0.7176742553710938,0.6713809967041016,0.0
1503,0.0,0.0,1.0,0.0,0.0,1.0,0.775146484375,0.7370223999023438,0.6819877624511719,0.6962738037109375,0.7264328002929688,0.6768913269042969,0.0
1504,1.0,1.0,0.0,0.0,0.0,0.0,0.8017501831054688,0.7735824584960938,0.7319831848144531,0.7566623687744141,0.776519775390625,0.7324466705322266,2.0
1505,0.0,1.0,1.0,1.0,0.0,1.0,0.8002548217773438,0.7748641967773438,0.7353744506835938,0.7573814392089844,0.7770004272460938,0.7327957153320312,3.0
1506,1.0,1.0,1.0,1.0,1.0,1.0,0.8562774658203125,0.8295974731445312,0.8062896728515625,0.8364334106445312,0.83087158203125,0.7888107299804688,2.0
1507,0.0,0.0,0.0,0.0,0.0,0.0,0.8086776733398438,0.7876052856445312,0.748077392578125,0.7722282409667969,0.7850418090820312,0.7421073913574219,3.0
1508,1.0,1.0,1.0,1.0,1.0,1.0,0.843780517578125,0.81549072265625,0.7938194274902344,0.81805419921875,0.8151626586914062,0.7717742919921875,4.0
1509,0.0,0.0,0.0,0.0,0.0,0.0,0.796630859375,0.7741851806640625,0.7364368438720703,0.7582187652587891,0.7751579284667969,0.7379665374755859,4.0
1510,0.0,0.0,0.0,0.0,0.0,0.0,0.773162841796875,0.7304229736328125,0.6755294799804688,0.6971282958984375,0.726226806640625,0.6768798828125,0.0
1511,1.0,1.0,1.0,1.0,1.0,1.0,0.8323211669921875,0.7777481079101562,0.7519874572753906,0.77508544921875,0.7763214111328125,0.7318115234375,0.0
1512,0.0,0.0,0.0,0.0,0.0,0.0,0.81402587890625,0.7918701171875,0.7537307739257812,0.7735633850097656,0.787689208984375,0.7454910278320312,4.0
1513,1.0,1.0,1.0,1.0,1.0,1.0,0.8480072021484375,0.8209991455078125,0.8012275695800781,0.8248519897460938,0.8199920654296875,0.7840423583984375,4.0
1514,0.0,0.0,0.0,0.0,0.0,0.0,0.7973480224609375,0.738739013671875,0.7034683227539062,0.7286052703857422,0.7353591918945312,0.7109508514404297,1.0
1515,1.0,1.0,1.0,1.0,1.0,1.0,0.826202392578125,0.8031158447265625,0.7696113586425781,0.7904434204101562,0.79205322265625,0.7504501342773438,4.0
1516,0.0,0.0,0.0,0.0,0.0,0.0,0.8059005737304688,0.7787551879882812,0.7376022338867188,0.7610054016113281,0.782073974609375,0.7365140914916992,2.0
1517,0.0,1.0,1.0,1.0,1.0,1.0,0.83880615234375,0.771453857421875,0.7610397338867188,0.7875442504882812,0.772308349609375,0.7483596801757812,1.0
1518,1.0,1.0,1.0,1.0,1.0,1.0,0.856170654296875,0.824676513671875,0.8021774291992188,0.8244476318359375,0.82098388671875,0.7841949462890625,3.0
1519,1.0,1.0,1.0,1.0,0.0,0.0,0.8407440185546875,0.8196945190429688,0.7826309204101562,0.8044586181640625,0.8074798583984375,0.7636795043945312,2.0
1520,1.0,1.0,1.0,1.0,1.0,1.0,0.8301544189453125,0.8064804077148438,0.7784957885742188,0.7991867065429688,0.7994003295898438,0.756622314453125,4.0
1521,0.0,1.0,1.0,1.0,1.0,1.0,0.8441314697265625,0.8168411254882812,0.7890434265136719,0.8118362426757812,0.8112411499023438,0.7694549560546875,4.0
1522,0.0,1.0,1.0,1.0,0.0,1.0,0.837493896484375,0.8164291381835938,0.7864837646484375,0.8075790405273438,0.808380126953125,0.7646331787109375,4.0
1523,0.0,0.0,0.0,0.0,0.0,0.0,0.8120956420898438,0.7926254272460938,0.74639892578125,0.7705955505371094,0.7848663330078125,0.7435703277587891,3.0
1524,0.0,0.0,0.0,0.0,1.0,0.0,0.7843856811523438,0.7413406372070312,0.6903610229492188,0.7052116394042969,0.7337875366210938,0.6845970153808594,0.0
1525,1.0,1.0,0.0,0.0,0.0,0.0,0.8551025390625,0.78118896484375,0.7675285339355469,0.7961807250976562,0.7777252197265625,0.7569580078125,1.0
1526,0.0,0.0,0.0,0.0,0.0,0.0,0.7962875366210938,0.7550201416015625,0.7086105346679688,0.7324600219726562,0.7519912719726562,0.6898460388183594,0.0
1527,1.0,1.0,1.0,1.0,1.0,0.0,0.8020172119140625,0.7760162353515625,0.7378654479980469,0.7587471008300781,0.7769241333007812,0.7321681976318359,3.0
1528,1.0,1.0,1.0,1.0,0.0,1.0,0.849090576171875,0.8137283325195312,0.7958335876464844,0.8210983276367188,0.820770263671875,0.7830657958984375,4.0
1529,1.0,1.0,0.0,0.0,1.0,0.0,0.846343994140625,0.8185081481933594,0.7965011596679688,0.8222618103027344,0.8150177001953125,0.7785415649414062,2.0
1530,0.0,0.0,0.0,0.0,0.0,0.0,0.8012161254882812,0.7784347534179688,0.7388324737548828,0.7600917816162109,0.7783126831054688,0.7396421432495117,4.0
1531,1.0,1.0,0.0,0.0,1.0,0.0,0.8057632446289062,0.7799301147460938,0.7392158508300781,0.760101318359375,0.7759017944335938,0.7379398345947266,4.0
1532,0.0,0.0,0.0,0.0,0.0,0.0,0.8205108642578125,0.7537994384765625,0.7134628295898438,0.7392120361328125,0.7368850708007812,0.7126808166503906,1.0
1533,0.0,1.0,1.0,1.0,0.0,1.0,0.83782958984375,0.7659530639648438,0.7521171569824219,0.7802810668945312,0.7617416381835938,0.7318191528320312,1.0
1534,1.0,1.0,1.0,1.0,1.0,1.0,0.8349456787109375,0.8092460632324219,0.7809066772460938,0.8009796142578125,0.8022994995117188,0.7585067749023438,4.0
1535,1.0,1.0,1.0,1.0,1.0,1.0,0.8480377197265625,0.8219451904296875,0.7983741760253906,0.824615478515625,0.8186264038085938,0.7718048095703125,2.0
1536,1.0,1.0,1.0,1.0,1.0,1.0,0.84832763671875,0.819091796875,0.8019447326660156,0.822662353515625,0.8207931518554688,0.781829833984375,4.0
1537,1.0,1.0,1.0,1.0,1.0,1.0,0.8322601318359375,0.7718544006347656,0.7515220642089844,0.7761077880859375,0.7776336669921875,0.7329940795898438,0.0
1538,1.0,1.0,1.0,1.0,1.0,0.0,0.8373565673828125,0.7735366821289062,0.7568931579589844,0.783050537109375,0.7840652465820312,0.74334716796875,0.0
1539,1.0,1.0,1.0,1.0,1.0,0.0,0.840087890625,0.7620773315429688,0.7464027404785156,0.774261474609375,0.7547988891601562,0.7376022338867188,1.0
1540,0.0,0.0,0.0,0.0,0.0,0.0,0.7607269287109375,0.7173385620117188,0.6629447937011719,0.6848258972167969,0.7173233032226562,0.6659450531005859,0.0
1541,1.0,1.0,1.0,1.0,1.0,1.0,0.8365325927734375,0.8097457885742188,0.7755241394042969,0.7997283935546875,0.79937744140625,0.7580413818359375,4.0
1542,0.0,0.0,0.0,0.0,0.0,0.0,0.8086166381835938,0.7852401733398438,0.7424964904785156,0.7654609680175781,0.7816925048828125,0.7388172149658203,3.0
1543,0.0,0.0,1.0,0.0,0.0,0.0,0.826873779296875,0.8085861206054688,0.769134521484375,0.7858123779296875,0.7960128784179688,0.7544441223144531,2.0
1544,1.0,1.0,0.0,0.0,1.0,0.0,0.813018798828125,0.7911148071289062,0.7473564147949219,0.7646694183349609,0.7830734252929688,0.7437229156494141,4.0
1545,0.0,0.0,0.0,0.0,0.0,0.0,0.8240814208984375,0.8057403564453125,0.7651748657226562,0.7857589721679688,0.7925491333007812,0.7530517578125,3.0
1546,1.0,1.0,1.0,1.0,1.0,1.0,0.838592529296875,0.7664604187011719,0.7567253112792969,0.7826995849609375,0.7647476196289062,0.7492523193359375,1.0
1547,0.0,0.0,1.0,1.0,0.0,0.0,0.842864990234375,0.8276748657226562,0.7984161376953125,0.81939697265625,0.8188095092773438,0.7772216796875,2.0
1548,0.0,0.0,0.0,0.0,0.0,0.0,0.8049163818359375,0.7800674438476562,0.7406024932861328,0.7639656066894531,0.7800521850585938,0.7388629913330078,2.0
1549,1.0,1.0,1.0,1.0,1.0,1.0,0.851776123046875,0.816680908203125,0.8011970520019531,0.8240470886230469,0.8178176879882812,0.781494140625,2.0
1550,0.0,0.0,0.0,0.0,0.0,0.0,0.76287841796875,0.7244491577148438,0.6671638488769531,0.6857509613037109,0.72174072265625,0.6691265106201172,0.0
1551,1.0,1.0,0.0,0.0,1.0,0.0,0.820343017578125,0.7946090698242188,0.7436141967773438,0.7721939086914062,0.788421630859375,0.7430973052978516,2.0
1552,0.0,0.0,0.0,1.0,0.0,0.0,0.7987747192382812,0.7351913452148438,0.7002525329589844,0.7254524230957031,0.7283935546875,0.7093181610107422,1.0
1553,0.0,0.0,0.0,0.0,0.0,0.0,0.755157470703125,0.7138900756835938,0.6610298156738281,0.6819858551025391,0.7147979736328125,0.6655855178833008,0.0
1554,1.0,1.0,1.0,1.0,1.0,1.0,0.8305206298828125,0.8147506713867188,0.77886962890625,0.797271728515625,0.8013381958007812,0.76007080078125,2.0
1555,0.0,0.0,0.0,0.0,0.0,0.0,0.7891464233398438,0.7461013793945312,0.6950874328613281,0.7155418395996094,0.736724853515625,0.6812057495117188,0.0
1556,1.0,1.0,1.0,1.0,1.0,1.0,0.8126296997070312,0.7817535400390625,0.7466964721679688,0.76837158203125,0.7799911499023438,0.7353172302246094,3.0
1557,0.0,0.0,0.0,0.0,0.0,0.0,0.7599334716796875,0.7174148559570312,0.6607608795166016,0.6831321716308594,0.7159042358398438,0.6681613922119141,0.0
1558,1.0,1.0,0.0,1.0,1.0,1.0,0.7688064575195312,0.7279891967773438,0.6725120544433594,0.6916160583496094,0.7225418090820312,0.6743068695068359,0.0
1559,1.0,1.0,0.0,1.0,1.0,1.0,0.8041915893554688,0.78057861328125,0.7403945922851562,0.7619495391845703,0.781707763671875,0.7383594512939453,3.0
1560,1.0,0.0,0.0,0.0,1.0,0.0,0.8151473999023438,0.79315185546875,0.7526397705078125,0.7787094116210938,0.7881393432617188,0.7422943115234375,2.0
1561,0.0,1.0,1.0,1.0,1.0,1.0,0.8053054809570312,0.7454376220703125,0.7120132446289062,0.7329521179199219,0.7331314086914062,0.7137794494628906,1.0
1562,1.0,1.0,1.0,1.0,1.0,1.0,0.804168701171875,0.7576370239257812,0.7188034057617188,0.7404556274414062,0.751800537109375,0.6961669921875,0.0
1563,1.0,1.0,1.0,1.0,1.0,0.0,0.827484130859375,0.7760772705078125,0.75274658203125,0.7767868041992188,0.77783203125,0.7307968139648438,0.0
1564,0.0,0.0,0.0,0.0,0.0,0.0,0.8013992309570312,0.7790374755859375,0.7390384674072266,0.7623481750488281,0.7807540893554688,0.73846435546875,3.0
1565,0.0,0.0,0.0,0.0,0.0,0.0,0.8131942749023438,0.7484893798828125,0.7217788696289062,0.744293212890625,0.74359130859375,0.7209434509277344,1.0
1566,1.0,1.0,0.0,1.0,1.0,0.0,0.8469696044921875,0.8205642700195312,0.7936477661132812,0.814910888671875,0.8132781982421875,0.769256591796875,4.0
1567,0.0,1.0,1.0,0.0,0.0,1.0,0.8361968994140625,0.8148574829101562,0.7854080200195312,0.8074188232421875,0.8081741333007812,0.7597503662109375,3.0
1568,0.0,0.0,0.0,0.0,0.0,0.0,0.8088836669921875,0.785919189453125,0.7440223693847656,0.7678031921386719,0.7851333618164062,0.7385635375976562,3.0
1569,0.0,0.0,0.0,0.0,0.0,0.0,0.8150482177734375,0.7950592041015625,0.7606010437011719,0.7837066650390625,0.7909927368164062,0.7498092651367188,4.0
1570,1.0,1.0,1.0,1.0,1.0,0.0,0.8326568603515625,0.8107376098632812,0.766448974609375,0.7893905639648438,0.7989120483398438,0.7570953369140625,3.0
1571,1.0,1.0,1.0,1.0,1.0,1.0,0.82855224609375,0.810211181640625,0.782257080078125,0.802886962890625,0.8021163940429688,0.7595748901367188,4.0
1572,0.0,0.0,1.0,0.0,0.0,1.0,0.8159942626953125,0.7567672729492188,0.7198333740234375,0.7451553344726562,0.7449188232421875,0.7172889709472656,1.0
1573,0.0,0.0,0.0,0.0,0.0,0.0,0.8075942993164062,0.74725341796875,0.7151565551757812,0.7398147583007812,0.7382736206054688,0.7174129486083984,1.0
1574,1.0,1.0,1.0,1.0,1.0,0.0,0.828887939453125,0.8041229248046875,0.7720718383789062,0.794342041015625,0.7952117919921875,0.7516670227050781,4.0
1575,1.0,1.0,1.0,1.0,1.0,1.0,0.8270416259765625,0.780426025390625,0.7486953735351562,0.7740249633789062,0.7787017822265625,0.728271484375,0.0
1576,1.0,1.0,1.0,1.0,1.0,1.0,0.833831787109375,0.8034286499023438,0.7728614807128906,0.79254150390625,0.7966537475585938,0.7572860717773438,4.0
1577,1.0,1.0,1.0,1.0,1.0,1.0,0.839569091796875,0.812225341796875,0.7826881408691406,0.8077468872070312,0.8082733154296875,0.762237548828125,3.0
1578,0.0,0.0,1.0,1.0,0.0,0.0,0.8164749145507812,0.7572021484375,0.7328948974609375,0.7560653686523438,0.7451248168945312,0.7226600646972656,1.0
1579,0.0,0.0,0.0,0.0,0.0,0.0,0.825164794921875,0.8051986694335938,0.7620086669921875,0.7823028564453125,0.7901992797851562,0.7505874633789062,4.0
1580,1.0,1.0,1.0,1.0,1.0,0.0,0.805450439453125,0.743804931640625,0.7086143493652344,0.7319755554199219,0.7333831787109375,0.7100906372070312,1.0
1581,1.0,1.0,0.0,0.0,1.0,0.0,0.7787094116210938,0.7380523681640625,0.6805610656738281,0.7032318115234375,0.7286605834960938,0.6741466522216797,0.0
1582,1.0,1.0,0.0,0.0,1.0,0.0,0.8000411987304688,0.738433837890625,0.7065620422363281,0.72918701171875,0.734619140625,0.7110099792480469,1.0
1583,1.0,1.0,0.0,0.0,1.0,0.0,0.8170089721679688,0.7560348510742188,0.7177505493164062,0.7432632446289062,0.7473373413085938,0.7174034118652344,1.0
1584,1.0,1.0,0.0,0.0,1.0,0.0,0.840850830078125,0.8189315795898438,0.7816925048828125,0.7993621826171875,0.8050689697265625,0.7607650756835938,4.0
1585,0.0,0.0,0.0,0.0,0.0,0.0,0.8233718872070312,0.8020858764648438,0.7639617919921875,0.7866058349609375,0.7906417846679688,0.7529373168945312,4.0
1586,0.0,0.0,0.0,0.0,0.0,0.0,0.82061767578125,0.7568740844726562,0.7234954833984375,0.7491302490234375,0.741119384765625,0.7188301086425781,1.0
1587,1.0,1.0,1.0,1.0,1.0,1.0,0.8370208740234375,0.768646240234375,0.7562179565429688,0.78106689453125,0.7659225463867188,0.7457046508789062,1.0
1588,0.0,0.0,0.0,0.0,1.0,0.0,0.7553024291992188,0.7154998779296875,0.6628780364990234,0.6816177368164062,0.7157096862792969,0.6674575805664062,0.0
1589,1.0,1.0,1.0,1.0,1.0,0.0,0.84136962890625,0.81060791015625,0.7821044921875,0.807281494140625,0.80499267578125,0.7607498168945312,3.0
1590,0.0,0.0,0.0,0.0,0.0,0.0,0.8023223876953125,0.7819976806640625,0.7409706115722656,0.7652416229248047,0.7825241088867188,0.7433147430419922,4.0
1591,1.0,1.0,1.0,1.0,1.0,1.0,0.8044586181640625,0.76348876953125,0.7119064331054688,0.7337112426757812,0.7497634887695312,0.6971397399902344,0.0
1592,0.0,0.0,0.0,0.0,0.0,0.0,0.8031997680664062,0.7816162109375,0.744781494140625,0.7675876617431641,0.7824859619140625,0.74017333984375,3.0
1593,1.0,1.0,0.0,0.0,1.0,0.0,0.8201751708984375,0.7835006713867188,0.73077392578125,0.7564315795898438,0.7728195190429688,0.7154731750488281,0.0
1594,1.0,1.0,0.0,0.0,1.0,0.0,0.8184432983398438,0.7991943359375,0.7571830749511719,0.7792930603027344,0.7877960205078125,0.7498283386230469,3.0
1595,0.0,0.0,0.0,0.0,0.0,0.0,0.79840087890625,0.7754440307617188,0.7379493713378906,0.7593631744384766,0.7778739929199219,0.7379627227783203,4.0
1596,0.0,0.0,0.0,0.0,0.0,0.0,0.8006362915039062,0.7752304077148438,0.7360343933105469,0.7575817108154297,0.7751922607421875,0.7364358901977539,4.0
1597,0.0,0.0,0.0,0.0,0.0,0.0,0.75445556640625,0.7144927978515625,0.6599197387695312,0.6806907653808594,0.713470458984375,0.6659822463989258,0.0
1598,1.0,1.0,0.0,0.0,1.0,0.0,0.8083038330078125,0.784515380859375,0.7420196533203125,0.7662086486816406,0.7818756103515625,0.7384414672851562,3.0
1599,0.0,0.0,0.0,0.0,0.0,0.0,0.8018798828125,0.7791519165039062,0.7390880584716797,0.7635078430175781,0.780670166015625,0.7374763488769531,3.0
1600,1.0,1.0,0.0,0.0,1.0,0.0,0.7899398803710938,0.7532424926757812,0.70697021484375,0.7270355224609375,0.7480316162109375,0.6908760070800781,0.0
1601,1.0,1.0,0.0,0.0,1.0,0.0,0.7614593505859375,0.7199325561523438,0.6628475189208984,0.6809425354003906,0.7137985229492188,0.6700878143310547,0.0
1602,0.0,1.0,1.0,1.0,1.0,0.0,0.8148117065429688,0.7902908325195312,0.7487564086914062,0.767913818359375,0.7827529907226562,0.7429275512695312,4.0
1603,1.0,1.0,0.0,0.0,1.0,0.0,0.76934814453125,0.729248046875,0.6741447448730469,0.6961021423339844,0.7215576171875,0.6708297729492188,0.0
1604,0.0,0.0,0.0,0.0,0.0,0.0,0.7994003295898438,0.7384033203125,0.7030925750732422,0.7302742004394531,0.7325515747070312,0.7131233215332031,1.0
1605,0.0,0.0,0.0,0.0,0.0,0.0,0.7951278686523438,0.73529052734375,0.7027988433837891,0.7264995574951172,0.73193359375,0.7098102569580078,1.0
1606,1.0,1.0,1.0,1.0,1.0,1.0,0.839324951171875,0.809906005859375,0.7812232971191406,0.802032470703125,0.8032608032226562,0.7622146606445312,4.0
1607,1.0,1.0,1.0,1.0,1.0,0.0,0.7613296508789062,0.7214736938476562,0.6622428894042969,0.68328857421875,0.7148818969726562,0.6664199829101562,0.0
1608,1.0,1.0,0.0,0.0,0.0,0.0,0.8279037475585938,0.8021240234375,0.7624244689941406,0.7896766662597656,0.8017807006835938,0.75225830078125,2.0
1609,1.0,1.0,1.0,0.0,0.0,0.0,0.842132568359375,0.8137969970703125,0.7847518920898438,0.8086700439453125,0.8087158203125,0.7663650512695312,4.0
1610,1.0,1.0,0.0,0.0,1.0,0.0,0.7696685791015625,0.733154296875,0.6780471801757812,0.6953086853027344,0.7259292602539062,0.6719818115234375,0.0
1611,0.0,0.0,0.0,0.0,0.0,0.0,0.8050155639648438,0.7819976806640625,0.7407112121582031,0.76409912109375,0.7816162109375,0.7379798889160156,3.0
1612,1.0,1.0,0.0,0.0,0.0,0.0,0.8128128051757812,0.7478485107421875,0.7174453735351562,0.7444076538085938,0.73828125,0.7127876281738281,1.0
1613,1.0,1.0,1.0,1.0,1.0,1.0,0.8156585693359375,0.7697372436523438,0.7294387817382812,0.755584716796875,0.7667770385742188,0.7049026489257812,0.0
1614,1.0,1.0,0.0,1.0,1.0,0.0,0.8246307373046875,0.7584381103515625,0.7318000793457031,0.7591094970703125,0.7505111694335938,0.722381591796875,1.0
1615,0.0,1.0,1.0,1.0,0.0,1.0,0.780242919921875,0.7416152954101562,0.691986083984375,0.7097091674804688,0.7327804565429688,0.6781730651855469,0.0
1616,1.0,1.0,0.0,0.0,0.0,0.0,0.785430908203125,0.7446823120117188,0.69439697265625,0.7105026245117188,0.7325973510742188,0.6838417053222656,0.0
1617,0.0,0.0,0.0,0.0,0.0,0.0,0.829833984375,0.8054580688476562,0.7657089233398438,0.7898712158203125,0.7945480346679688,0.7493820190429688,3.0
1618,1.0,1.0,0.0,0.0,1.0,0.0,0.7762985229492188,0.7341232299804688,0.6854324340820312,0.7071990966796875,0.7294692993164062,0.6740074157714844,0.0
1619,1.0,1.0,1.0,1.0,1.0,1.0,0.8269805908203125,0.7696189880371094,0.7450790405273438,0.7677154541015625,0.7711334228515625,0.7219009399414062,0.0
1620,1.0,1.0,1.0,1.0,1.0,1.0,0.842315673828125,0.7662200927734375,0.7477226257324219,0.7798385620117188,0.765106201171875,0.7363510131835938,1.0
1621,1.0,1.0,1.0,1.0,1.0,1.0,0.8133697509765625,0.7857170104980469,0.7510299682617188,0.7738113403320312,0.7824935913085938,0.7375717163085938,3.0
1622,1.0,1.0,1.0,1.0,1.0,1.0,0.8435821533203125,0.8129310607910156,0.7875785827636719,0.8144454956054688,0.8124008178710938,0.7721633911132812,4.0
1623,0.0,1.0,1.0,1.0,1.0,1.0,0.836151123046875,0.7771072387695312,0.7510337829589844,0.7790679931640625,0.7843399047851562,0.73577880859375,0.0
1624,1.0,1.0,1.0,1.0,1.0,1.0,0.8344268798828125,0.7784881591796875,0.7598228454589844,0.7841873168945312,0.786651611328125,0.7424240112304688,0.0
1625,1.0,1.0,1.0,1.0,1.0,1.0,0.829864501953125,0.8045730590820312,0.7706680297851562,0.7953643798828125,0.7988510131835938,0.7511672973632812,2.0
1626,1.0,1.0,0.0,0.0,1.0,0.0,0.8059005737304688,0.7835311889648438,0.743438720703125,0.7662010192871094,0.7836151123046875,0.7398433685302734,3.0
1627,0.0,0.0,0.0,0.0,0.0,0.0,0.8058853149414062,0.7851486206054688,0.7458610534667969,0.7655982971191406,0.7808303833007812,0.7423686981201172,4.0
1628,1.0,1.0,1.0,0.0,1.0,0.0,0.81964111328125,0.79742431640625,0.7590293884277344,0.7822799682617188,0.788482666015625,0.74432373046875,3.0
1629,0.0,0.0,0.0,0.0,0.0,0.0,0.8140487670898438,0.7496795654296875,0.7198410034179688,0.7458724975585938,0.7463607788085938,0.7178497314453125,1.0
1630,0.0,0.0,0.0,0.0,0.0,0.0,0.8048782348632812,0.7836380004882812,0.7448139190673828,0.7644767761230469,0.7814102172851562,0.7446212768554688,4.0
1631,0.0,0.0,0.0,0.0,1.0,0.0,0.801361083984375,0.7775421142578125,0.7393245697021484,0.7606868743896484,0.7772140502929688,0.739354133605957,4.0
1632,1.0,1.0,1.0,1.0,1.0,1.0,0.8075332641601562,0.748870849609375,0.7178764343261719,0.7429046630859375,0.7416229248046875,0.7140235900878906,1.0
1633,0.0,0.0,0.0,0.0,0.0,0.0,0.8022537231445312,0.7793426513671875,0.7376499176025391,0.7620124816894531,0.77996826171875,0.7373180389404297,3.0
1634,1.0,1.0,0.0,0.0,1.0,0.0,0.847198486328125,0.8176956176757812,0.7884750366210938,0.8137054443359375,0.8128509521484375,0.7707595825195312,3.0
1635,1.0,1.0,1.0,1.0,1.0,1.0,0.843536376953125,0.8132820129394531,0.7931098937988281,0.814910888671875,0.8088912963867188,0.7764892578125,3.0
1636,1.0,1.0,0.0,0.0,0.0,0.0,0.8489837646484375,0.8209381103515625,0.7922515869140625,0.8208694458007812,0.8199462890625,0.7696075439453125,2.0
1637,0.0,0.0,0.0,0.0,1.0,0.0,0.8019027709960938,0.7396087646484375,0.7068710327148438,0.7308921813964844,0.7349395751953125,0.7113800048828125,1.0
1638,1.0,1.0,1.0,1.0,1.0,0.0,0.8289794921875,0.8087387084960938,0.769439697265625,0.7883377075195312,0.7975540161132812,0.7546272277832031,4.0
1639,0.0,0.0,0.0,0.0,0.0,0.0,0.7541580200195312,0.7082061767578125,0.6534996032714844,0.6759319305419922,0.7082901000976562,0.662200927734375,0.0
1640,0.0,0.0,0.0,0.0,0.0,0.0,0.80120849609375,0.7768707275390625,0.7400398254394531,0.7642498016357422,0.7836151123046875,0.7365951538085938,2.0
1641,1.0,1.0,0.0,0.0,1.0,0.0,0.8059234619140625,0.7856979370117188,0.749176025390625,0.7710533142089844,0.7836227416992188,0.7415351867675781,3.0
1642,0.0,0.0,0.0,0.0,0.0,0.0,0.7686080932617188,0.7314071655273438,0.6716880798339844,0.6908416748046875,0.7245101928710938,0.6734275817871094,0.0
1643,1.0,1.0,0.0,1.0,1.0,1.0,0.8416900634765625,0.8153610229492188,0.7829704284667969,0.8080368041992188,0.8083114624023438,0.7627487182617188,3.0
1644,1.0,1.0,0.0,0.0,1.0,0.0,0.8277587890625,0.8057022094726562,0.7687301635742188,0.7846183776855469,0.7977981567382812,0.7540149688720703,4.0
1645,0.0,0.0,0.0,0.0,0.0,0.0,0.8163986206054688,0.7968215942382812,0.7605972290039062,0.784759521484375,0.7909927368164062,0.7445220947265625,3.0
1646,1.0,1.0,1.0,1.0,1.0,1.0,0.8013458251953125,0.7758407592773438,0.7355632781982422,0.7592124938964844,0.7760391235351562,0.7337512969970703,2.0
1647,1.0,1.0,0.0,1.0,1.0,0.0,0.8204803466796875,0.7952766418457031,0.7621955871582031,0.7817230224609375,0.789703369140625,0.7450103759765625,4.0
1648,1.0,1.0,1.0,1.0,1.0,1.0,0.80877685546875,0.7836799621582031,0.7451629638671875,0.7659149169921875,0.779693603515625,0.7342414855957031,3.0
1649,1.0,1.0,1.0,1.0,1.0,1.0,0.810150146484375,0.7872238159179688,0.7491912841796875,0.7715530395507812,0.7839279174804688,0.7385005950927734,2.0
1650,1.0,1.0,1.0,1.0,1.0,1.0,0.8137741088867188,0.7925338745117188,0.7585029602050781,0.7805709838867188,0.7856597900390625,0.7450103759765625,2.0
1651,1.0,1.0,0.0,0.0,0.0,0.0,0.841339111328125,0.8142166137695312,0.775177001953125,0.7980499267578125,0.7990798950195312,0.7586212158203125,4.0
1652,1.0,1.0,1.0,1.0,1.0,1.0,0.853118896484375,0.8220748901367188,0.7997589111328125,0.82586669921875,0.825286865234375,0.7799911499023438,3.0
1653,1.0,1.0,1.0,1.0,1.0,0.0,0.799102783203125,0.7590713500976562,0.7095565795898438,0.72808837890625,0.7476577758789062,0.6897163391113281,0.0
1654,1.0,1.0,0.0,0.0,1.0,0.0,0.7666091918945312,0.7249603271484375,0.6736183166503906,0.6913185119628906,0.71771240234375,0.6709766387939453,0.0
1655,0.0,0.0,0.0,0.0,0.0,0.0,0.79974365234375,0.7417449951171875,0.7107009887695312,0.7345237731933594,0.7383880615234375,0.7135124206542969,1.0
1656,1.0,1.0,0.0,0.0,1.0,0.0,0.8112945556640625,0.7462425231933594,0.7110557556152344,0.7365264892578125,0.7345733642578125,0.7090911865234375,1.0
1657,1.0,1.0,0.0,0.0,0.0,0.0,0.8203506469726562,0.7954177856445312,0.7535743713378906,0.7773780822753906,0.7886505126953125,0.7470226287841797,4.0
1658,0.0,0.0,0.0,0.0,0.0,0.0,0.8160934448242188,0.7928237915039062,0.7499237060546875,0.7736740112304688,0.7869338989257812,0.7431526184082031,3.0
1659,1.0,1.0,1.0,1.0,1.0,1.0,0.8273162841796875,0.7646713256835938,0.7483139038085938,0.772735595703125,0.7542266845703125,0.7358322143554688,1.0
1660,1.0,1.0,1.0,1.0,1.0,1.0,0.838958740234375,0.765106201171875,0.7433891296386719,0.7738189697265625,0.75848388671875,0.7312164306640625,1.0
1661,1.0,1.0,1.0,1.0,1.0,1.0,0.7752304077148438,0.7361297607421875,0.6825408935546875,0.6961135864257812,0.7201080322265625,0.6738090515136719,0.0
1662,1.0,1.0,1.0,1.0,1.0,0.0,0.778076171875,0.7328262329101562,0.6813621520996094,0.7036361694335938,0.7275924682617188,0.6765937805175781,0.0
1663,0.0,0.0,0.0,0.0,0.0,0.0,0.7565994262695312,0.7127151489257812,0.6580944061279297,0.6792411804199219,0.7124557495117188,0.665644645690918,0.0
1664,0.0,0.0,0.0,0.0,0.0,0.0,0.82720947265625,0.770721435546875,0.7365875244140625,0.7675552368164062,0.7612838745117188,0.7293357849121094,1.0
1665,1.0,1.0,1.0,1.0,1.0,1.0,0.82861328125,0.7607841491699219,0.7289848327636719,0.7619705200195312,0.7464218139648438,0.7241897583007812,1.0
1666,0.0,0.0,0.0,0.0,0.0,0.0,0.8104248046875,0.787750244140625,0.7525596618652344,0.7781639099121094,0.7852554321289062,0.7448692321777344,4.0
1667,0.0,0.0,0.0,0.0,0.0,0.0,0.7537994384765625,0.7124099731445312,0.6572437286376953,0.6787109375,0.7130966186523438,0.6656160354614258,0.0
1668,1.0,1.0,1.0,1.0,0.0,1.0,0.7887725830078125,0.7443771362304688,0.7061843872070312,0.7254638671875,0.739166259765625,0.6904373168945312,0.0
1669,1.0,1.0,0.0,0.0,0.0,0.0,0.8038406372070312,0.7799072265625,0.7386837005615234,0.7666263580322266,0.7782669067382812,0.7378997802734375,2.0
1670,0.0,0.0,0.0,0.0,0.0,0.0,0.8115310668945312,0.7874755859375,0.7478675842285156,0.7696914672851562,0.78173828125,0.7435245513916016,4.0
1671,1.0,1.0,1.0,1.0,1.0,1.0,0.845489501953125,0.81695556640625,0.7882919311523438,0.8131866455078125,0.8120269775390625,0.7629165649414062,3.0
1672,1.0,1.0,0.0,1.0,1.0,0.0,0.8465576171875,0.8126487731933594,0.7894020080566406,0.8140411376953125,0.809417724609375,0.7701568603515625,4.0
1673,0.0,0.0,0.0,0.0,0.0,0.0,0.8082351684570312,0.788421630859375,0.7537040710449219,0.7767562866210938,0.7871780395507812,0.7422733306884766,3.0
