,True_3TC,True_ABC,True_AZT,True_D4T,True_DDI,True_TDF,Pred_Proba_3TC,Pred_Proba_ABC,Pred_Proba_AZT,Pred_Proba_D4T,Pred_Proba_DDI,Pred_Proba_TDF,kFolds
0,1.0,1.0,0.0,1.0,1.0,1.0,0.9996535778045654,0.9993104934692383,0.9988287091255188,0.9996902942657471,0.9996911287307739,0.9994939565658569,2.0
1,1.0,1.0,0.0,1.0,1.0,1.0,0.9996325969696045,0.9992942810058594,0.9989985823631287,0.9996610879898071,0.9997187256813049,0.9995543360710144,4.0
2,1.0,0.0,0.0,0.0,0.0,1.0,0.9996664524078369,0.9993544220924377,0.9989078044891357,0.9997164607048035,0.9997251629829407,0.9995492100715637,2.0
3,0.0,0.0,0.0,0.0,0.0,0.0,0.9995924830436707,0.999218225479126,0.9987241625785828,0.9996145963668823,0.9996040463447571,0.9992809891700745,2.0
4,0.0,0.0,0.0,0.0,0.0,0.0,0.9995855689048767,0.9992057681083679,0.9986746311187744,0.9996063113212585,0.9996656179428101,0.9993046522140503,3.0
5,0.0,0.0,0.0,0.0,0.0,0.0,0.999672532081604,0.9992850422859192,0.9986763596534729,0.9996477365493774,0.9996544122695923,0.99943608045578,2.0
6,1.0,1.0,0.0,1.0,1.0,1.0,0.9997043013572693,0.9993495345115662,0.998801589012146,0.9997038245201111,0.9997063279151917,0.9995285272598267,2.0
7,0.0,1.0,0.0,0.0,1.0,0.0,0.9996950626373291,0.9993414282798767,0.9988176226615906,0.9996744394302368,0.9996635913848877,0.9994680285453796,2.0
8,0.0,1.0,0.0,0.0,0.0,0.0,0.9994615912437439,0.9989123344421387,0.9985052347183228,0.9995410442352295,0.999617338180542,0.999342143535614,4.0
9,1.0,1.0,0.0,0.0,0.0,0.0,0.9998621940612793,0.9995079040527344,0.9983221888542175,0.9996559619903564,0.9997460246086121,0.9996525049209595,3.0
10,1.0,1.0,0.0,0.0,1.0,0.0,0.9998534917831421,0.9992454051971436,0.9982615113258362,0.9996452331542969,0.9995309114456177,0.9995310306549072,1.0
11,1.0,1.0,0.0,0.0,1.0,0.0,0.9998741149902344,0.9995229244232178,0.9984244108200073,0.9996892213821411,0.9997513890266418,0.9996508359909058,3.0
12,1.0,1.0,0.0,0.0,1.0,0.0,0.9997914433479309,0.9994245767593384,0.9987188577651978,0.9996999502182007,0.9997581839561462,0.9995564818382263,2.0
13,1.0,1.0,0.0,0.0,1.0,0.0,0.9998788833618164,0.9995692372322083,0.998699426651001,0.99967360496521,0.9997445940971375,0.999693751335144,4.0
14,0.0,0.0,0.0,0.0,0.0,0.0,0.9990962743759155,0.9985525012016296,0.9979288578033447,0.9992222785949707,0.9994567036628723,0.9989330172538757,4.0
15,0.0,0.0,0.0,0.0,0.0,0.0,0.9988048076629639,0.9981916546821594,0.9962047934532166,0.9984778761863708,0.999103844165802,0.9982428550720215,0.0
16,0.0,1.0,0.0,1.0,1.0,0.0,0.9997068047523499,0.9994202852249146,0.9989872574806213,0.9997044205665588,0.9997416138648987,0.9995003938674927,3.0
17,0.0,1.0,0.0,1.0,1.0,0.0,0.9997068047523499,0.9994202852249146,0.9989872574806213,0.9997044205665588,0.9997416138648987,0.9995003938674927,3.0
18,0.0,0.0,0.0,0.0,0.0,0.0,0.999574601650238,0.9988638162612915,0.9985721111297607,0.9995200634002686,0.9991582632064819,0.9991355538368225,1.0
19,0.0,0.0,0.0,0.0,0.0,0.0,0.9996108412742615,0.9992983341217041,0.998943030834198,0.9996305704116821,0.9996827840805054,0.999351441860199,3.0
20,0.0,1.0,0.0,1.0,1.0,0.0,0.9997430443763733,0.9994669556617737,0.9991698265075684,0.9997207522392273,0.9997562766075134,0.9995772242546082,4.0
21,1.0,1.0,0.0,1.0,1.0,0.0,0.9997430443763733,0.9994669556617737,0.9991698265075684,0.9997207522392273,0.9997562766075134,0.9995772242546082,4.0
22,1.0,1.0,0.0,1.0,1.0,0.0,0.9996787309646606,0.9994138479232788,0.9990146160125732,0.9996808767318726,0.9997174143791199,0.9993826150894165,3.0
23,0.0,1.0,0.0,1.0,1.0,0.0,0.9993680119514465,0.9988054037094116,0.9972673654556274,0.9990949630737305,0.9992617964744568,0.9984573125839233,0.0
24,0.0,1.0,0.0,0.0,1.0,0.0,0.9996236562728882,0.9992885589599609,0.9988605976104736,0.9996473789215088,0.9996176958084106,0.9993345141410828,2.0
25,0.0,1.0,0.0,0.0,1.0,0.0,0.9996236562728882,0.9992885589599609,0.9988605976104736,0.9996473789215088,0.9996176958084106,0.9993345141410828,2.0
26,0.0,0.0,0.0,0.0,0.0,0.0,0.9995513558387756,0.9991647005081177,0.998710036277771,0.9996127486228943,0.99965500831604,0.999316930770874,4.0
27,0.0,0.0,0.0,0.0,0.0,0.0,0.9995924830436707,0.999218225479126,0.9987241625785828,0.9996145963668823,0.9996040463447571,0.9992809891700745,2.0
28,0.0,0.0,0.0,0.0,0.0,0.0,0.9996125102043152,0.999254047870636,0.9985619187355042,0.9995620846748352,0.9996527433395386,0.9994077682495117,3.0
29,0.0,0.0,0.0,0.0,0.0,0.0,0.9991693496704102,0.9982423782348633,0.996426522731781,0.9988406300544739,0.9991920590400696,0.9985336065292358,0.0
30,1.0,1.0,0.0,0.0,1.0,0.0,0.9994303584098816,0.9984328150749207,0.9964577555656433,0.99896240234375,0.9992490410804749,0.9987972974777222,0.0
31,1.0,1.0,0.0,0.0,1.0,0.0,0.9996830224990845,0.9989076852798462,0.9980615973472595,0.9995586276054382,0.9993733763694763,0.9992628693580627,1.0
32,1.0,1.0,0.0,0.0,1.0,0.0,0.999683141708374,0.9988172650337219,0.9965505599975586,0.9989842772483826,0.9993448853492737,0.998986542224884,0.0
33,1.0,1.0,0.0,0.0,1.0,0.0,0.9997754693031311,0.9994093179702759,0.9986764788627625,0.9996635913848877,0.9997324347496033,0.9995408058166504,2.0
34,1.0,1.0,0.0,0.0,1.0,0.0,0.9997401833534241,0.9993322491645813,0.9986715316772461,0.9996500015258789,0.9996969699859619,0.9995784163475037,4.0
35,1.0,1.0,0.0,0.0,1.0,0.0,0.9997280240058899,0.9993714690208435,0.9985914826393127,0.9996185302734375,0.9996944665908813,0.9995334148406982,3.0
36,1.0,1.0,0.0,0.0,1.0,0.0,0.9998621940612793,0.9995079040527344,0.9983221888542175,0.9996559619903564,0.9997460246086121,0.9996525049209595,3.0
37,1.0,1.0,0.0,0.0,1.0,0.0,0.9998692274093628,0.9995344877243042,0.9985937476158142,0.9996470212936401,0.9997181296348572,0.9996787309646606,4.0
38,0.0,0.0,0.0,0.0,0.0,0.0,0.9995890259742737,0.9992309808731079,0.9986259937286377,0.9995566010475159,0.9996483325958252,0.9994021654129028,3.0
39,0.0,0.0,0.0,0.0,0.0,0.0,0.999672532081604,0.9992850422859192,0.9986763596534729,0.9996477365493774,0.9996544122695923,0.99943608045578,2.0
40,1.0,1.0,1.0,1.0,1.0,1.0,0.9996098875999451,0.9996583461761475,0.9993855953216553,0.9996869564056396,0.999711811542511,0.9995445609092712,4.0
41,0.0,1.0,1.0,1.0,1.0,1.0,0.999665379524231,0.9994326233863831,0.9992333650588989,0.9995896220207214,0.9994729161262512,0.9995337724685669,1.0
42,1.0,1.0,1.0,1.0,1.0,1.0,0.9996968507766724,0.999488115310669,0.9990384578704834,0.9995493292808533,0.9995563626289368,0.9994039535522461,2.0
43,1.0,1.0,1.0,1.0,1.0,1.0,0.9992944002151489,0.9986396431922913,0.9969589710235596,0.9985194802284241,0.9983924031257629,0.9984379410743713,0.0
44,1.0,1.0,1.0,1.0,1.0,1.0,0.9995657801628113,0.9994679093360901,0.9989120960235596,0.9993364214897156,0.9993483424186707,0.9994169473648071,0.0
45,1.0,1.0,1.0,1.0,1.0,1.0,0.999771773815155,0.9997026324272156,0.999354898929596,0.9996784925460815,0.9996656179428101,0.9996719360351562,2.0
46,1.0,1.0,0.0,0.0,0.0,0.0,0.9998637437820435,0.999702513217926,0.9992196559906006,0.9997223019599915,0.9997532963752747,0.9997637867927551,3.0
47,1.0,1.0,0.0,0.0,0.0,0.0,0.9998409748077393,0.9996349811553955,0.9991806149482727,0.9997108578681946,0.9997766613960266,0.9997146725654602,2.0
48,1.0,1.0,1.0,1.0,1.0,0.0,0.999808132648468,0.9993582367897034,0.9988693594932556,0.9995822310447693,0.9992116689682007,0.9994348883628845,1.0
49,1.0,1.0,1.0,1.0,1.0,0.0,0.9996265172958374,0.9989030361175537,0.9973825812339783,0.9988502264022827,0.9988141059875488,0.9989797472953796,0.0
50,0.0,1.0,1.0,1.0,0.0,1.0,0.9997351765632629,0.9997348189353943,0.9995638728141785,0.9996947050094604,0.9997546076774597,0.9997343420982361,3.0
51,0.0,1.0,1.0,1.0,0.0,1.0,0.9995242357254028,0.9990991353988647,0.9983735084533691,0.9992121458053589,0.9993199110031128,0.9993382096290588,0.0
52,0.0,0.0,0.0,0.0,0.0,0.0,0.9996205568313599,0.9992977380752563,0.9988188147544861,0.9996144771575928,0.9996377229690552,0.9993993043899536,2.0
53,0.0,0.0,0.0,0.0,0.0,0.0,0.9996135830879211,0.9992196559906006,0.9986202716827393,0.9996163845062256,0.9996726512908936,0.9993409514427185,4.0
54,1.0,1.0,0.0,1.0,1.0,0.0,0.9996920824050903,0.9988600015640259,0.9981212019920349,0.9995631575584412,0.9992406368255615,0.999248206615448,1.0
55,1.0,1.0,0.0,1.0,1.0,0.0,0.9996587038040161,0.9993355870246887,0.9987970590591431,0.9996364116668701,0.9996647834777832,0.9994361996650696,2.0
56,1.0,1.0,0.0,0.0,1.0,0.0,0.9994747042655945,0.998752236366272,0.9971237778663635,0.9991368651390076,0.9992770552635193,0.9987598657608032,0.0
57,1.0,1.0,0.0,0.0,1.0,0.0,0.9997562766075134,0.999380350112915,0.9985142350196838,0.9996664524078369,0.9997164607048035,0.9994863271713257,3.0
58,0.0,0.0,0.0,0.0,0.0,0.0,0.9994807839393616,0.9984081387519836,0.9980390667915344,0.9994640946388245,0.9990501999855042,0.9990246295928955,1.0
59,0.0,0.0,0.0,0.0,0.0,0.0,0.9992142915725708,0.9985020160675049,0.996807336807251,0.9990102052688599,0.9991872906684875,0.9984089732170105,0.0
60,0.0,0.0,0.0,0.0,0.0,0.0,0.9996008276939392,0.9992197751998901,0.9987581968307495,0.9996090531349182,0.9996138215065002,0.9993152618408203,2.0
61,0.0,0.0,0.0,0.0,0.0,0.0,0.9996296167373657,0.9992614388465881,0.9987264275550842,0.999614953994751,0.9996727705001831,0.9993407130241394,3.0
62,0.0,0.0,0.0,0.0,0.0,0.0,0.9996684789657593,0.9993651509284973,0.9989826083183289,0.9996383190155029,0.9996066689491272,0.9994533658027649,2.0
63,0.0,0.0,0.0,0.0,0.0,0.0,0.9993461966514587,0.9985567927360535,0.9981655478477478,0.9993543028831482,0.9991899132728577,0.9989606142044067,1.0
64,0.0,0.0,0.0,0.0,0.0,0.0,0.9996154308319092,0.9994121789932251,0.9991004467010498,0.9996218681335449,0.9996832609176636,0.9994459748268127,4.0
65,0.0,0.0,0.0,0.0,0.0,0.0,0.9989544153213501,0.9980776309967041,0.9965140223503113,0.9984342455863953,0.9987653493881226,0.9981985688209534,0.0
66,1.0,1.0,1.0,1.0,1.0,1.0,0.9997645020484924,0.9995879530906677,0.9992040991783142,0.999744713306427,0.999754011631012,0.9996137022972107,2.0
67,0.0,0.0,0.0,1.0,1.0,1.0,0.9994744658470154,0.9992017149925232,0.9983224272727966,0.9991676807403564,0.9993149042129517,0.9991220831871033,0.0
68,1.0,1.0,1.0,1.0,1.0,1.0,0.9996088147163391,0.999568521976471,0.9990718364715576,0.9995567202568054,0.9993451237678528,0.999327540397644,2.0
69,0.0,1.0,1.0,1.0,1.0,0.0,0.9991099238395691,0.9982302784919739,0.9959818124771118,0.9980119466781616,0.9977774024009705,0.9979687333106995,0.0
70,1.0,1.0,1.0,1.0,1.0,0.0,0.9994921684265137,0.9990156888961792,0.9975554347038269,0.9987565279006958,0.9986635446548462,0.9988724589347839,0.0
71,0.0,0.0,0.0,0.0,0.0,0.0,0.9996253252029419,0.9994433522224426,0.9989504218101501,0.9996144771575928,0.9996656179428101,0.9994113445281982,2.0
72,1.0,1.0,0.0,0.0,1.0,1.0,0.9997519850730896,0.9995450377464294,0.9993181228637695,0.9997580647468567,0.9997695088386536,0.9996906518936157,2.0
73,0.0,0.0,0.0,0.0,0.0,0.0,0.9990795850753784,0.9982088804244995,0.9967998266220093,0.9984684586524963,0.9990110397338867,0.9984114170074463,0.0
74,1.0,1.0,0.0,0.0,1.0,0.0,0.9997687935829163,0.9994390606880188,0.9990471005439758,0.9996635913848877,0.9996436834335327,0.9996196031570435,2.0
75,1.0,1.0,1.0,1.0,1.0,0.0,0.9998544454574585,0.9997071623802185,0.9992807507514954,0.9997275471687317,0.9997183680534363,0.9997254014015198,3.0
76,1.0,1.0,0.0,1.0,1.0,0.0,0.9995239973068237,0.9988515377044678,0.9975048899650574,0.9988773465156555,0.9988611936569214,0.9988359808921814,0.0
77,0.0,0.0,0.0,0.0,0.0,0.0,0.9996273517608643,0.9992515444755554,0.9989007711410522,0.9996501207351685,0.9996458292007446,0.9994925260543823,2.0
78,1.0,1.0,0.0,0.0,1.0,1.0,0.999711811542511,0.9987642765045166,0.997111439704895,0.9992345571517944,0.9993867874145508,0.9992840886116028,0.0
79,0.0,1.0,1.0,1.0,1.0,0.0,0.9997279047966003,0.9996722936630249,0.9994134902954102,0.9996280670166016,0.9996359348297119,0.9996902942657471,3.0
80,0.0,1.0,0.0,0.0,1.0,0.0,0.9997498393058777,0.9994896650314331,0.9989076852798462,0.9996989965438843,0.9997122883796692,0.9995668530464172,2.0
81,1.0,1.0,1.0,0.0,1.0,1.0,0.9994972944259644,0.9987388253211975,0.9980992674827576,0.9991335272789001,0.998307466506958,0.9990876913070679,1.0
82,1.0,1.0,0.0,0.0,1.0,0.0,0.9998425245285034,0.9996349811553955,0.9992941617965698,0.9997422099113464,0.9997891783714294,0.9997122883796692,2.0
83,1.0,1.0,0.0,0.0,1.0,0.0,0.9997943043708801,0.9993888139724731,0.9989485144615173,0.9996588230133057,0.9994906187057495,0.9995784163475037,1.0
84,1.0,1.0,0.0,0.0,0.0,0.0,0.9997397065162659,0.9993665814399719,0.9988447427749634,0.999683141708374,0.9997299313545227,0.9996161460876465,2.0
85,1.0,1.0,1.0,1.0,1.0,1.0,0.9995167255401611,0.9992122650146484,0.9983269572257996,0.9992635846138,0.9991288781166077,0.9987799525260925,2.0
86,1.0,1.0,1.0,1.0,1.0,1.0,0.9998346567153931,0.9993477463722229,0.998659610748291,0.9995561242103577,0.9993336796760559,0.9994439482688904,1.0
87,0.0,0.0,0.0,0.0,0.0,0.0,0.9995242357254028,0.999151349067688,0.9986878037452698,0.9995182752609253,0.999578058719635,0.9993048906326294,4.0
88,0.0,0.0,1.0,0.0,0.0,0.0,0.9996417760848999,0.999099850654602,0.9987473487854004,0.9995689988136292,0.9991829991340637,0.9994043111801147,1.0
89,0.0,0.0,0.0,0.0,0.0,0.0,0.9994613528251648,0.9991589784622192,0.9987925291061401,0.9994480013847351,0.9995404481887817,0.9992892742156982,3.0
90,0.0,1.0,1.0,1.0,1.0,1.0,0.999541163444519,0.9993133544921875,0.9990234375,0.9993155002593994,0.999349057674408,0.9994316697120667,3.0
91,0.0,0.0,0.0,0.0,0.0,0.0,0.9993864297866821,0.9989257454872131,0.9984412789344788,0.9994926452636719,0.9996299743652344,0.9992246627807617,4.0
92,0.0,0.0,0.0,0.0,0.0,0.0,0.9997153878211975,0.9994984865188599,0.9991260170936584,0.9997004270553589,0.9997074007987976,0.9995811581611633,2.0
93,0.0,0.0,0.0,0.0,0.0,0.0,0.9996591806411743,0.999213457107544,0.9987947940826416,0.999550998210907,0.999603807926178,0.9994404911994934,3.0
94,1.0,1.0,0.0,0.0,0.0,0.0,0.9997864365577698,0.9994357228279114,0.9988753199577332,0.9997029900550842,0.9997369647026062,0.9995940327644348,2.0
95,0.0,1.0,1.0,1.0,0.0,1.0,0.9997568726539612,0.9996172189712524,0.9994528889656067,0.9997051358222961,0.9997449517250061,0.9997249245643616,4.0
96,0.0,0.0,0.0,0.0,0.0,0.0,0.9995262622833252,0.9989983439445496,0.9987958669662476,0.9994706511497498,0.9993056058883667,0.9993606209754944,1.0
97,1.0,1.0,1.0,1.0,1.0,1.0,0.9996738433837891,0.9995366334915161,0.9991263747215271,0.9995334148406982,0.9994708895683289,0.9994229078292847,2.0
98,0.0,0.0,0.0,0.0,0.0,0.0,0.9994020462036133,0.9988724589347839,0.9985585808753967,0.9994945526123047,0.9995796084403992,0.9992701411247253,4.0
99,1.0,0.0,0.0,0.0,0.0,0.0,0.9996234178543091,0.9983866214752197,0.9961369633674622,0.9989719390869141,0.9992594122886658,0.9990187883377075,0.0
100,1.0,1.0,0.0,0.0,1.0,0.0,0.9996229410171509,0.9987886548042297,0.9969639182090759,0.9990578293800354,0.9994508624076843,0.9990972280502319,0.0
101,0.0,0.0,0.0,0.0,0.0,0.0,0.9991586208343506,0.998346209526062,0.9967688322067261,0.9987510442733765,0.9991262555122375,0.9986109733581543,0.0
102,1.0,1.0,0.0,1.0,1.0,0.0,0.9997614026069641,0.9994392991065979,0.998917818069458,0.9995794892311096,0.9995957016944885,0.9995575547218323,2.0
103,1.0,1.0,0.0,1.0,1.0,0.0,0.9998311996459961,0.9996182918548584,0.9990233182907104,0.9996047616004944,0.9996015429496765,0.9996585845947266,4.0
104,1.0,1.0,1.0,1.0,1.0,0.0,0.9996660947799683,0.9994795918464661,0.9990279674530029,0.9994964599609375,0.9995105266571045,0.9994475245475769,2.0
105,0.0,0.0,0.0,0.0,0.0,0.0,0.9995638728141785,0.9992026686668396,0.9989187717437744,0.9996151924133301,0.9996141195297241,0.999441921710968,2.0
106,0.0,1.0,1.0,1.0,0.0,1.0,0.999810516834259,0.9997380375862122,0.9994750618934631,0.9997596144676208,0.9997429251670837,0.999701201915741,2.0
107,0.0,1.0,1.0,1.0,0.0,1.0,0.999446451663971,0.9993557333946228,0.998794436454773,0.9992315769195557,0.9992997646331787,0.9992683529853821,0.0
108,0.0,0.0,0.0,0.0,0.0,0.0,0.9996353387832642,0.9994356036186218,0.9992122650146484,0.9996180534362793,0.9996668100357056,0.9995447993278503,3.0
109,1.0,1.0,1.0,1.0,0.0,0.0,0.9993240833282471,0.9987610578536987,0.9973326921463013,0.9985765218734741,0.9986737966537476,0.9985888600349426,0.0
110,1.0,1.0,1.0,1.0,1.0,0.0,0.999761164188385,0.9995449185371399,0.9991247057914734,0.9996077418327332,0.9995558857917786,0.9995194673538208,2.0
111,1.0,1.0,1.0,1.0,1.0,0.0,0.999363124370575,0.9982722997665405,0.9967111349105835,0.9986066222190857,0.9975172281265259,0.9974084496498108,1.0
112,0.0,0.0,0.0,0.0,0.0,0.0,0.999323844909668,0.998734176158905,0.9984102249145508,0.9994207620620728,0.9994864463806152,0.999168872833252,4.0
113,1.0,1.0,1.0,1.0,1.0,1.0,0.9998641014099121,0.9993476271629333,0.9986810088157654,0.9996715784072876,0.9994248151779175,0.9995073080062866,1.0
114,1.0,1.0,0.0,0.0,0.0,0.0,0.9998871088027954,0.9996973276138306,0.9992844462394714,0.9998082518577576,0.9998055100440979,0.9997698664665222,3.0
115,1.0,1.0,0.0,0.0,1.0,0.0,0.9996485710144043,0.9991027116775513,0.9976230263710022,0.9988877177238464,0.9991148114204407,0.9990839958190918,0.0
116,1.0,1.0,1.0,1.0,1.0,1.0,0.9997709393501282,0.9997430443763733,0.9995692372322083,0.9996670484542847,0.9996651411056519,0.999675989151001,3.0
117,1.0,1.0,1.0,1.0,1.0,0.0,0.9996004700660706,0.9993560910224915,0.9987828135490417,0.9993717074394226,0.9992434978485107,0.9992050528526306,2.0
118,0.0,1.0,1.0,1.0,0.0,1.0,0.9995831847190857,0.9992876648902893,0.9987793564796448,0.9992509484291077,0.9993094205856323,0.9994163513183594,3.0
119,1.0,1.0,1.0,1.0,1.0,0.0,0.9998123049736023,0.999626874923706,0.999239444732666,0.9996522665023804,0.999634861946106,0.9996800422668457,3.0
120,0.0,0.0,0.0,0.0,0.0,0.0,0.9996790885925293,0.9994437098503113,0.9991160035133362,0.999687671661377,0.9996219873428345,0.9995412826538086,2.0
121,1.0,1.0,0.0,0.0,1.0,0.0,0.9998681545257568,0.9996193647384644,0.9990147352218628,0.9997081160545349,0.9997351765632629,0.9997416138648987,4.0
122,0.0,1.0,1.0,1.0,1.0,0.0,0.9996744394302368,0.9994699358940125,0.9992421865463257,0.999619722366333,0.999630331993103,0.9995009899139404,4.0
123,0.0,0.0,0.0,0.0,0.0,0.0,0.9987216591835022,0.9979801774024963,0.9963248372077942,0.9982094764709473,0.9986704587936401,0.9975706934928894,0.0
124,0.0,0.0,0.0,0.0,0.0,0.0,0.9990063309669495,0.9979332685470581,0.9960823655128479,0.9984607696533203,0.9987921118736267,0.9981776475906372,0.0
125,0.0,1.0,1.0,1.0,0.0,1.0,0.9997138381004333,0.9996256828308105,0.999320387840271,0.9996387958526611,0.999609649181366,0.9995498061180115,2.0
126,0.0,1.0,1.0,1.0,1.0,1.0,0.9994654059410095,0.9987993240356445,0.9986647367477417,0.9993767142295837,0.999219536781311,0.9992018342018127,1.0
127,1.0,1.0,0.0,0.0,1.0,0.0,0.9998569488525391,0.9995936751365662,0.9988628625869751,0.9997076392173767,0.999756395816803,0.9996830224990845,3.0
128,1.0,1.0,0.0,0.0,0.0,0.0,0.9995551705360413,0.9986715316772461,0.9967135190963745,0.9987267851829529,0.999042809009552,0.9988208413124084,0.0
129,0.0,0.0,0.0,1.0,1.0,0.0,0.9994122982025146,0.9989056587219238,0.9983943104743958,0.9991570711135864,0.9991030693054199,0.9989343285560608,1.0
130,1.0,1.0,1.0,1.0,1.0,0.0,0.999863862991333,0.9996907711029053,0.9992792010307312,0.9997126460075378,0.9997102618217468,0.9997549653053284,4.0
131,1.0,1.0,1.0,1.0,1.0,1.0,0.9997842907905579,0.9990580677986145,0.9984342455863953,0.9994428753852844,0.999153733253479,0.9994612336158752,1.0
132,0.0,1.0,1.0,1.0,0.0,1.0,0.9997692704200745,0.999675989151001,0.999451220035553,0.9997177720069885,0.9997445940971375,0.9996882677078247,2.0
133,0.0,0.0,0.0,0.0,0.0,0.0,0.9996551275253296,0.9993776679039001,0.9989491105079651,0.9995878338813782,0.9996825456619263,0.9994630217552185,3.0
134,0.0,0.0,0.0,0.0,0.0,0.0,0.999772846698761,0.9996471405029297,0.9994730353355408,0.9997469782829285,0.9997628331184387,0.999723494052887,4.0
135,1.0,1.0,1.0,0.0,1.0,0.0,0.9997363686561584,0.9992903470993042,0.9983344674110413,0.9993922710418701,0.9993793964385986,0.9994171857833862,0.0
136,1.0,1.0,1.0,0.0,1.0,0.0,0.9997469782829285,0.9995062351226807,0.99904865026474,0.999666690826416,0.9996789693832397,0.9996292591094971,2.0
137,0.0,0.0,0.0,0.0,0.0,0.0,0.9996757507324219,0.9994140863418579,0.9990004897117615,0.9996507167816162,0.9996676445007324,0.9996134638786316,2.0
138,0.0,0.0,0.0,0.0,0.0,0.0,0.9996269941329956,0.9992703795433044,0.9986901879310608,0.9996267557144165,0.9996213912963867,0.9993607401847839,2.0
139,0.0,0.0,0.0,0.0,0.0,0.0,0.9996229410171509,0.9993190765380859,0.9989131689071655,0.9997029900550842,0.9997183680534363,0.9995037317276001,2.0
140,0.0,0.0,0.0,0.0,0.0,0.0,0.9991627931594849,0.9982465505599976,0.9977458119392395,0.998997151851654,0.999054491519928,0.9986836314201355,1.0
141,1.0,1.0,0.0,1.0,1.0,0.0,0.9993327260017395,0.9988511800765991,0.9980582594871521,0.9988778233528137,0.999152421951294,0.9988669157028198,0.0
142,1.0,1.0,0.0,0.0,1.0,0.0,0.999870777130127,0.9995831847190857,0.9992601275444031,0.999722421169281,0.999527096748352,0.9996635913848877,1.0
143,1.0,1.0,0.0,0.0,1.0,0.0,0.9998703002929688,0.9995755553245544,0.9989326596260071,0.9996751546859741,0.9997099041938782,0.9997314810752869,4.0
144,0.0,0.0,0.0,0.0,0.0,0.0,0.9997250437736511,0.9995238780975342,0.9991469383239746,0.9996781349182129,0.9997088313102722,0.9995893836021423,2.0
145,0.0,0.0,0.0,0.0,0.0,0.0,0.9995445609092712,0.9992784857749939,0.9989227652549744,0.999574601650238,0.9996681213378906,0.9993470311164856,3.0
146,1.0,1.0,1.0,1.0,1.0,0.0,0.9995825886726379,0.9993700385093689,0.9985765218734741,0.9993805885314941,0.9991127848625183,0.9989156723022461,4.0
147,1.0,1.0,0.0,1.0,1.0,0.0,0.9997308850288391,0.9990503191947937,0.9984064698219299,0.9993446469306946,0.9987797141075134,0.9993283748626709,1.0
148,0.0,0.0,0.0,0.0,0.0,0.0,0.9995054006576538,0.9989996552467346,0.9987198114395142,0.9995300769805908,0.9991958737373352,0.9993295669555664,1.0
149,1.0,0.0,0.0,0.0,0.0,0.0,0.999847412109375,0.999550998210907,0.9989399313926697,0.9997517466545105,0.9997566342353821,0.9997137188911438,3.0
150,0.0,0.0,0.0,0.0,0.0,0.0,0.9998272061347961,0.9995933175086975,0.9991864562034607,0.9997391104698181,0.9997608065605164,0.9997121691703796,4.0
151,1.0,1.0,0.0,0.0,0.0,0.0,0.9998791217803955,0.9996017813682556,0.9989759922027588,0.9996786117553711,0.9996838569641113,0.9997755885124207,4.0
152,0.0,0.0,0.0,0.0,0.0,0.0,0.999850869178772,0.9995753169059753,0.9988915324211121,0.9996459484100342,0.9996722936630249,0.9996440410614014,4.0
153,1.0,1.0,1.0,1.0,1.0,0.0,0.9996720552444458,0.9993098974227905,0.9982989430427551,0.999277651309967,0.999197781085968,0.9993703961372375,3.0
154,0.0,0.0,0.0,0.0,0.0,0.0,0.9994657635688782,0.9992840886116028,0.9989345669746399,0.9995064735412598,0.9996527433395386,0.9994877576828003,3.0
155,0.0,0.0,0.0,0.0,0.0,0.0,0.9992293119430542,0.9985077977180481,0.9983398914337158,0.999257504940033,0.9992035031318665,0.9986928105354309,1.0
156,0.0,0.0,0.0,0.0,0.0,0.0,0.9995450377464294,0.9991127848625183,0.9988282322883606,0.999415397644043,0.9992551207542419,0.9992901086807251,1.0
157,1.0,1.0,1.0,1.0,1.0,1.0,0.9997864365577698,0.9995920062065125,0.9990481734275818,0.9996439218521118,0.9995896220207214,0.9995633959770203,3.0
158,1.0,1.0,1.0,1.0,1.0,1.0,0.9997385144233704,0.9991596937179565,0.9983742237091064,0.9993383288383484,0.9989715814590454,0.9992120265960693,1.0
159,0.0,0.0,0.0,0.0,0.0,0.0,0.9995548129081726,0.9991300702095032,0.9986478686332703,0.9995133876800537,0.9996393918991089,0.999407172203064,3.0
160,0.0,0.0,0.0,0.0,0.0,0.0,0.9995183944702148,0.99885094165802,0.9983892440795898,0.9994679093360901,0.9995362758636475,0.9993442893028259,4.0
161,1.0,1.0,0.0,0.0,1.0,0.0,0.999811589717865,0.9995946288108826,0.9990860223770142,0.9996647834777832,0.9997091889381409,0.9997163414955139,4.0
162,1.0,1.0,0.0,0.0,0.0,0.0,0.9992197751998901,0.9980738162994385,0.9959652423858643,0.998257577419281,0.9983443021774292,0.9983829259872437,0.0
163,0.0,0.0,0.0,0.0,0.0,0.0,0.9989799857139587,0.9980072379112244,0.9961573481559753,0.9985242486000061,0.9988420605659485,0.9985222220420837,0.0
164,1.0,1.0,0.0,0.0,1.0,0.0,0.9997478127479553,0.9991833567619324,0.9986730813980103,0.9995170831680298,0.9992126226425171,0.9993976354598999,1.0
165,1.0,1.0,1.0,1.0,1.0,1.0,0.9995502829551697,0.9993427395820618,0.9987483024597168,0.9994869232177734,0.9992891550064087,0.9992235898971558,2.0
166,1.0,1.0,1.0,1.0,1.0,0.0,0.9996397495269775,0.9993187189102173,0.998611569404602,0.9993605017662048,0.9991693496704102,0.9992160797119141,4.0
167,1.0,1.0,1.0,1.0,1.0,0.0,0.9996833801269531,0.9995311498641968,0.999157190322876,0.9995939135551453,0.9995005130767822,0.9994052648544312,2.0
168,0.0,0.0,0.0,0.0,0.0,0.0,0.9992455244064331,0.9986546039581299,0.9973911046981812,0.9988747239112854,0.9991751313209534,0.998747706413269,0.0
169,0.0,1.0,0.0,1.0,1.0,1.0,0.9997592568397522,0.9995449185371399,0.999195396900177,0.9996834993362427,0.9997418522834778,0.9996756315231323,3.0
170,1.0,1.0,0.0,1.0,1.0,1.0,0.9993888139724731,0.9989874958992004,0.9980961680412292,0.9990395903587341,0.9991992115974426,0.9989751577377319,0.0
171,0.0,0.0,0.0,0.0,0.0,0.0,0.9995638728141785,0.9992258548736572,0.9987309575080872,0.999561607837677,0.9995859265327454,0.999377965927124,2.0
172,1.0,1.0,0.0,1.0,1.0,0.0,0.9997792840003967,0.9996094107627869,0.9993372559547424,0.9997180104255676,0.9996869564056396,0.9997178912162781,3.0
173,1.0,1.0,1.0,0.0,1.0,0.0,0.9997326731681824,0.9994896650314331,0.9986814856529236,0.9993131160736084,0.9993392825126648,0.999316930770874,0.0
174,1.0,1.0,1.0,1.0,0.0,1.0,0.9996165037155151,0.9993040561676025,0.9990231990814209,0.999506950378418,0.9992103576660156,0.9994469285011292,1.0
175,1.0,1.0,0.0,1.0,1.0,1.0,0.9989187717437744,0.9981801509857178,0.9960585832595825,0.9979907274246216,0.9975500702857971,0.997398853302002,0.0
176,1.0,1.0,0.0,1.0,1.0,0.0,0.9998114705085754,0.9996380805969238,0.9990779161453247,0.9995946288108826,0.9995537400245667,0.9996285438537598,3.0
177,0.0,1.0,1.0,1.0,1.0,1.0,0.9994681477546692,0.9990473389625549,0.9987279772758484,0.9993626475334167,0.9987974166870117,0.999006450176239,1.0
178,0.0,1.0,1.0,1.0,1.0,0.0,0.9996436834335327,0.9992620348930359,0.999022364616394,0.9994450211524963,0.9992881417274475,0.9993195533752441,1.0
179,1.0,1.0,0.0,1.0,1.0,0.0,0.9997865557670593,0.9991266131401062,0.9983048439025879,0.9995113611221313,0.9992577433586121,0.9993539452552795,1.0
180,0.0,0.0,0.0,0.0,0.0,0.0,0.9997877478599548,0.9996799230575562,0.9994394183158875,0.9997105002403259,0.9997077584266663,0.9997150301933289,3.0
181,1.0,1.0,1.0,1.0,0.0,0.0,0.9995500445365906,0.9986109733581543,0.9981004595756531,0.99901282787323,0.9985383749008179,0.9992302656173706,1.0
182,0.0,0.0,0.0,0.0,0.0,0.0,0.9996222257614136,0.9993351101875305,0.9989060163497925,0.9996563196182251,0.9996803998947144,0.9994944334030151,2.0
183,1.0,1.0,1.0,1.0,1.0,1.0,0.9996019005775452,0.9993343949317932,0.9986737966537476,0.9994575381278992,0.9992571473121643,0.9990931749343872,2.0
184,1.0,1.0,1.0,1.0,1.0,1.0,0.9988836646080017,0.9975529313087463,0.9934278130531311,0.9966268539428711,0.9967384934425354,0.9956964254379272,0.0
185,0.0,0.0,0.0,0.0,0.0,0.0,0.9988940358161926,0.9979050159454346,0.996192216873169,0.9984670281410217,0.9989460110664368,0.9981854557991028,0.0
186,1.0,1.0,1.0,1.0,1.0,1.0,0.9998399019241333,0.9996578693389893,0.9992432594299316,0.9997043013572693,0.9996528625488281,0.9997203946113586,4.0
187,1.0,1.0,1.0,1.0,1.0,0.0,0.9998506307601929,0.9995379447937012,0.9990180730819702,0.9997668862342834,0.999754011631012,0.9997538924217224,4.0
188,1.0,1.0,0.0,0.0,1.0,0.0,0.9997014403343201,0.9990009665489197,0.997422456741333,0.9990243911743164,0.9993242025375366,0.9990795850753784,0.0
189,1.0,1.0,1.0,1.0,0.0,0.0,0.9998224377632141,0.9996203184127808,0.9991921782493591,0.999640703201294,0.999580442905426,0.9995891451835632,4.0
190,0.0,0.0,0.0,0.0,0.0,0.0,0.9995218515396118,0.9990791082382202,0.998473584651947,0.9995551705360413,0.9996457099914551,0.9992532134056091,3.0
191,0.0,0.0,0.0,0.0,0.0,0.0,0.99969482421875,0.9994787573814392,0.9992330074310303,0.999686598777771,0.999681830406189,0.999563992023468,3.0
192,0.0,1.0,0.0,1.0,1.0,0.0,0.9996615648269653,0.9992276430130005,0.9988601207733154,0.9995383024215698,0.9992414712905884,0.9992781281471252,1.0
193,0.0,0.0,0.0,0.0,0.0,0.0,0.9996410608291626,0.9994053840637207,0.99885094165802,0.9996237754821777,0.9996565580368042,0.9993982315063477,2.0
194,1.0,1.0,1.0,1.0,0.0,0.0,0.999819815158844,0.9996604919433594,0.9992688298225403,0.9997343420982361,0.9997453093528748,0.9996885061264038,2.0
195,0.0,1.0,1.0,1.0,1.0,1.0,0.9994745850563049,0.9991090893745422,0.9989344477653503,0.999357283115387,0.9988247752189636,0.9992550015449524,1.0
196,1.0,1.0,1.0,1.0,1.0,1.0,0.9994730353355408,0.9988269209861755,0.997857391834259,0.9987420439720154,0.9982981085777283,0.9985442161560059,1.0
197,1.0,1.0,1.0,1.0,1.0,1.0,0.999721348285675,0.9994795918464661,0.9988245368003845,0.9994751811027527,0.9993888139724731,0.9994118213653564,4.0
198,0.0,0.0,0.0,0.0,0.0,0.0,0.9992281198501587,0.9985879063606262,0.9975456595420837,0.9987537860870361,0.9990671277046204,0.9986296892166138,0.0
199,0.0,0.0,1.0,0.0,0.0,0.0,0.9993263483047485,0.9990130662918091,0.9981412887573242,0.9989879727363586,0.9992485642433167,0.999030590057373,0.0
200,0.0,0.0,0.0,0.0,0.0,0.0,0.9996110796928406,0.9993587136268616,0.9989952445030212,0.999622106552124,0.9996883869171143,0.9994762539863586,4.0
201,1.0,1.0,1.0,1.0,1.0,0.0,0.9997112154960632,0.999426007270813,0.9988163709640503,0.999488115310669,0.9993640780448914,0.9993807077407837,4.0
202,1.0,1.0,1.0,1.0,1.0,1.0,0.9996032118797302,0.9993855953216553,0.9986547231674194,0.9994137287139893,0.9991703033447266,0.9990240335464478,4.0
203,0.0,0.0,1.0,0.0,0.0,1.0,0.9992944002151489,0.998747706413269,0.9978172779083252,0.9987123012542725,0.9989044666290283,0.9989008903503418,0.0
204,1.0,1.0,1.0,1.0,1.0,0.0,0.9997590184211731,0.9994151592254639,0.9989739656448364,0.9995642304420471,0.9995635151863098,0.9994650483131409,2.0
205,1.0,1.0,1.0,1.0,1.0,1.0,0.9997754693031311,0.9995660185813904,0.9989610910415649,0.9994989633560181,0.9994840621948242,0.9995589852333069,4.0
206,1.0,1.0,1.0,1.0,1.0,0.0,0.9996676445007324,0.9994574189186096,0.9985467791557312,0.9993523955345154,0.9992249011993408,0.9991878867149353,4.0
207,1.0,1.0,0.0,0.0,1.0,1.0,0.9997238516807556,0.9994086027145386,0.9989427924156189,0.9996495246887207,0.9997091889381409,0.9996125102043152,4.0
208,1.0,1.0,1.0,1.0,1.0,1.0,0.9993759989738464,0.9989221096038818,0.9988254904747009,0.9991611242294312,0.9985572695732117,0.9991135001182556,1.0
209,1.0,1.0,1.0,1.0,1.0,1.0,0.9997561573982239,0.9992565512657166,0.9987564086914062,0.9995025396347046,0.9992617964744568,0.9994706511497498,1.0
210,1.0,1.0,1.0,1.0,1.0,1.0,0.9995064735412598,0.9988011121749878,0.997358500957489,0.9984942674636841,0.9985178112983704,0.9988768696784973,0.0
211,1.0,1.0,1.0,1.0,1.0,1.0,0.9997807145118713,0.999690055847168,0.9994415640830994,0.9997368454933167,0.9997169375419617,0.9997346997261047,2.0
212,0.0,0.0,0.0,0.0,0.0,0.0,0.9993789196014404,0.9983678460121155,0.9966828227043152,0.9988466501235962,0.9991451501846313,0.9986987113952637,0.0
213,1.0,1.0,0.0,0.0,0.0,0.0,0.9997740387916565,0.9993745684623718,0.9990342855453491,0.9996569156646729,0.9997063279151917,0.9996263980865479,2.0
214,1.0,1.0,0.0,0.0,0.0,0.0,0.9996334314346313,0.9984652996063232,0.9979240894317627,0.9992558360099792,0.9983166456222534,0.9991931319236755,1.0
215,0.0,0.0,0.0,0.0,0.0,0.0,0.999563992023468,0.9992709755897522,0.9987323880195618,0.9996141195297241,0.9996237754821777,0.9993278980255127,2.0
216,0.0,0.0,0.0,0.0,0.0,0.0,0.9995229244232178,0.9990919828414917,0.999002993106842,0.9995856881141663,0.9996395111083984,0.9994712471961975,4.0
217,0.0,0.0,0.0,0.0,0.0,0.0,0.9995061159133911,0.9992660880088806,0.9989838004112244,0.9995267391204834,0.9996294975280762,0.999392032623291,3.0
218,0.0,0.0,0.0,0.0,0.0,0.0,0.999442994594574,0.9987818598747253,0.9983404874801636,0.9994305968284607,0.9993402361869812,0.9991377592086792,1.0
219,1.0,1.0,0.0,0.0,1.0,0.0,0.9998798370361328,0.9997348189353943,0.9994058609008789,0.9997631907463074,0.9997628331184387,0.9997325539588928,4.0
220,0.0,1.0,0.0,0.0,1.0,1.0,0.9996433258056641,0.9989193677902222,0.9976760745048523,0.9991974234580994,0.9993792772293091,0.9992376565933228,0.0
221,1.0,1.0,0.0,0.0,0.0,0.0,0.9998227953910828,0.999137282371521,0.9980947375297546,0.9995824694633484,0.9994450211524963,0.9994267225265503,1.0
222,1.0,1.0,0.0,0.0,1.0,0.0,0.9997901320457458,0.9995594620704651,0.9991959929466248,0.9996830224990845,0.9997256398200989,0.9996581077575684,2.0
223,0.0,0.0,0.0,0.0,0.0,0.0,0.9997022747993469,0.9994522929191589,0.9991306662559509,0.9996968507766724,0.999736487865448,0.9996007084846497,3.0
224,1.0,1.0,0.0,0.0,0.0,0.0,0.9997406601905823,0.9993466734886169,0.9988827109336853,0.9996387958526611,0.9996228218078613,0.9995421171188354,2.0
225,0.0,0.0,0.0,0.0,0.0,0.0,0.9996140599250793,0.9992778897285461,0.9989282488822937,0.9995840191841125,0.9996553659439087,0.9994096755981445,4.0
226,1.0,1.0,1.0,1.0,1.0,0.0,0.9992699027061462,0.9985231757164001,0.9965078234672546,0.9983318448066711,0.9982484579086304,0.9982457160949707,0.0
227,0.0,1.0,1.0,1.0,0.0,1.0,0.9997321963310242,0.99967360496521,0.9994198083877563,0.9996899366378784,0.9996554851531982,0.9996519088745117,2.0
228,1.0,1.0,1.0,1.0,1.0,1.0,0.9996776580810547,0.9992885589599609,0.9987058639526367,0.9994636178016663,0.9995162487030029,0.9994891881942749,2.0
229,1.0,1.0,1.0,1.0,1.0,1.0,0.999853253364563,0.9995653033256531,0.9990554451942444,0.9996898174285889,0.9996968507766724,0.9997569918632507,4.0
230,0.0,0.0,0.0,0.0,0.0,0.0,0.9995318651199341,0.9990468621253967,0.9990262985229492,0.9995689988136292,0.9996126294136047,0.9995457530021667,4.0
231,0.0,0.0,0.0,0.0,0.0,0.0,0.9991729855537415,0.9984105825424194,0.9972679615020752,0.9987163543701172,0.9990611672401428,0.9987519979476929,0.0
232,0.0,0.0,0.0,0.0,0.0,0.0,0.9997789263725281,0.9995052814483643,0.9989669322967529,0.9996179342269897,0.9996789693832397,0.9995737671852112,2.0
233,0.0,1.0,1.0,1.0,1.0,1.0,0.9996588230133057,0.9994077682495117,0.9991825222969055,0.9994783997535706,0.9991017580032349,0.9994794726371765,1.0
234,0.0,1.0,1.0,1.0,0.0,1.0,0.9997511506080627,0.9996953010559082,0.9994363188743591,0.9996732473373413,0.9996881484985352,0.9997112154960632,3.0
235,0.0,0.0,0.0,0.0,0.0,0.0,0.9996591806411743,0.9991979002952576,0.9986166954040527,0.9995962977409363,0.9995929598808289,0.9994308352470398,2.0
236,1.0,1.0,0.0,0.0,1.0,0.0,0.9997839331626892,0.9992096424102783,0.9986076951026917,0.9995692372322083,0.9992128610610962,0.9994708895683289,1.0
237,1.0,1.0,1.0,1.0,1.0,1.0,0.9996042847633362,0.999521017074585,0.999053418636322,0.9993877410888672,0.9994447827339172,0.9994158744812012,0.0
238,1.0,1.0,1.0,1.0,1.0,1.0,0.9997472167015076,0.9997037053108215,0.9995242357254028,0.9996652603149414,0.9996973276138306,0.9996877908706665,3.0
239,0.0,0.0,0.0,0.0,0.0,0.0,0.999210000038147,0.9984555244445801,0.9971849322319031,0.9986215829849243,0.9989461302757263,0.9988778233528137,0.0
240,0.0,0.0,0.0,0.0,0.0,0.0,0.9994693398475647,0.9986951947212219,0.9972671270370483,0.9987761378288269,0.9989812970161438,0.9989105463027954,0.0
241,1.0,1.0,1.0,1.0,1.0,1.0,0.9993744492530823,0.9989277720451355,0.9984550476074219,0.9991651773452759,0.9991975426673889,0.9991718530654907,4.0
242,0.0,0.0,0.0,0.0,0.0,0.0,0.999574601650238,0.9993056058883667,0.9987240433692932,0.9995290040969849,0.9995822310447693,0.999373733997345,2.0
243,0.0,0.0,0.0,0.0,0.0,0.0,0.9996008276939392,0.9991403818130493,0.999011754989624,0.9995157718658447,0.9993809461593628,0.9994421601295471,1.0
244,1.0,1.0,1.0,0.0,0.0,0.0,0.9996351003646851,0.9989988207817078,0.9979249238967896,0.9991575479507446,0.9992045760154724,0.9990971088409424,0.0
245,0.0,0.0,0.0,0.0,0.0,0.0,0.9995859265327454,0.9992294311523438,0.9989050626754761,0.9995995163917542,0.9996674060821533,0.9995105266571045,3.0
246,0.0,1.0,1.0,1.0,1.0,1.0,0.9998607635498047,0.9997511506080627,0.9994899034500122,0.9997908473014832,0.9997404217720032,0.9997603297233582,4.0
247,1.0,1.0,1.0,1.0,1.0,1.0,0.9987713694572449,0.9978935122489929,0.9940710663795471,0.9969162940979004,0.9963434338569641,0.9964253306388855,0.0
248,0.0,1.0,1.0,1.0,0.0,1.0,0.9997711777687073,0.9996906518936157,0.9993925094604492,0.9997128844261169,0.9997133612632751,0.9996258020401001,2.0
249,0.0,0.0,0.0,0.0,0.0,0.0,0.9995416402816772,0.9990723133087158,0.998701810836792,0.9995898604393005,0.9995917677879333,0.9993844032287598,2.0
250,0.0,0.0,0.0,0.0,0.0,0.0,0.9994910955429077,0.9989511966705322,0.9983881711959839,0.9994264841079712,0.9996030926704407,0.9992375373840332,3.0
251,0.0,1.0,1.0,1.0,1.0,1.0,0.9993442893028259,0.9986599683761597,0.9977444410324097,0.9989051818847656,0.9989210367202759,0.998816967010498,0.0
252,1.0,1.0,0.0,0.0,1.0,0.0,0.9998384714126587,0.9996711015701294,0.9992783665657043,0.9996988773345947,0.9996699094772339,0.999642014503479,4.0
253,1.0,1.0,1.0,1.0,1.0,0.0,0.9997009038925171,0.9992984533309937,0.9981542229652405,0.9992054104804993,0.9992311000823975,0.9994165897369385,4.0
254,1.0,1.0,1.0,0.0,1.0,1.0,0.9998346567153931,0.9995107650756836,0.9990314245223999,0.9997085928916931,0.9994838237762451,0.9996176958084106,1.0
255,1.0,1.0,1.0,0.0,1.0,0.0,0.9998598098754883,0.9996500015258789,0.9992355108261108,0.9997605681419373,0.9997426867485046,0.9997426867485046,3.0
256,1.0,1.0,1.0,1.0,1.0,0.0,0.9995703101158142,0.9992469549179077,0.9986203908920288,0.9993076324462891,0.9992037415504456,0.9992208480834961,2.0
257,0.0,0.0,0.0,0.0,0.0,0.0,0.9994533658027649,0.9991781115531921,0.9987456798553467,0.999473512172699,0.9996016621589661,0.9993058443069458,3.0
258,0.0,0.0,0.0,0.0,0.0,0.0,0.9996262788772583,0.9994121789932251,0.9990944862365723,0.9996582269668579,0.9996451139450073,0.9995412826538086,2.0
259,1.0,0.0,0.0,0.0,1.0,0.0,0.9991849064826965,0.9983375072479248,0.996473491191864,0.998727023601532,0.9990329742431641,0.9986661672592163,0.0
260,0.0,0.0,1.0,0.0,0.0,1.0,0.9997265934944153,0.9994783997535706,0.9991791844367981,0.9996615648269653,0.9996699094772339,0.9996562004089355,2.0
261,1.0,1.0,0.0,0.0,1.0,0.0,0.9996552467346191,0.9990469813346863,0.99763023853302,0.9988866448402405,0.9990959167480469,0.9991063475608826,0.0
262,1.0,1.0,0.0,0.0,1.0,1.0,0.9995217323303223,0.9991739392280579,0.9989126920700073,0.9995373487472534,0.9996508359909058,0.9994148015975952,4.0
263,0.0,0.0,0.0,1.0,1.0,1.0,0.9995797276496887,0.998989999294281,0.9986063838005066,0.9995412826538086,0.999549925327301,0.9992320537567139,3.0
264,0.0,0.0,0.0,0.0,0.0,0.0,0.9997257590293884,0.9996752738952637,0.9994839429855347,0.999634861946106,0.9996953010559082,0.999677300453186,3.0
265,1.0,1.0,0.0,0.0,1.0,0.0,0.9990837574005127,0.9977049231529236,0.9955827593803406,0.9978806972503662,0.9964364767074585,0.9969981908798218,1.0
266,1.0,1.0,1.0,1.0,1.0,0.0,0.999790370464325,0.9992935657501221,0.9988529682159424,0.9995297193527222,0.9993754029273987,0.9995249509811401,1.0
267,1.0,1.0,1.0,1.0,1.0,0.0,0.9997426867485046,0.9995009899139404,0.9990660548210144,0.9995718598365784,0.9995713829994202,0.9994945526123047,2.0
268,1.0,1.0,0.0,1.0,1.0,0.0,0.9997215867042542,0.9996681213378906,0.9994776844978333,0.9995825886726379,0.9996685981750488,0.999588668346405,3.0
269,0.0,0.0,0.0,0.0,0.0,0.0,0.9996223449707031,0.9992458820343018,0.9989443421363831,0.9996017813682556,0.9996793270111084,0.9995167255401611,4.0
270,0.0,1.0,1.0,1.0,0.0,1.0,0.9992777705192566,0.9983955025672913,0.9972435235977173,0.9988600015640259,0.9989246726036072,0.9988547563552856,0.0
271,1.0,1.0,1.0,1.0,1.0,0.0,0.9994953870773315,0.9984304308891296,0.9966854453086853,0.998715877532959,0.9988718628883362,0.9986914992332458,0.0
272,1.0,1.0,0.0,0.0,1.0,0.0,0.999775230884552,0.9993674159049988,0.9989110231399536,0.9997487664222717,0.9997757077217102,0.9996572732925415,2.0
273,0.0,1.0,1.0,0.0,0.0,0.0,0.999725878238678,0.9995487332344055,0.9992550015449524,0.9996541738510132,0.9997021555900574,0.9996545314788818,2.0
274,0.0,0.0,0.0,0.0,0.0,0.0,0.9992177486419678,0.9987210631370544,0.9977747797966003,0.9987924098968506,0.9991995692253113,0.9988981485366821,0.0
275,0.0,0.0,0.0,0.0,0.0,0.0,0.9993675351142883,0.9984941482543945,0.997093677520752,0.9989011287689209,0.9991697072982788,0.998752236366272,0.0
276,1.0,1.0,1.0,1.0,1.0,1.0,0.9997052550315857,0.9994325041770935,0.9986829161643982,0.999403715133667,0.9993209838867188,0.9993994235992432,4.0
277,1.0,1.0,1.0,1.0,1.0,1.0,0.9997418522834778,0.9994858503341675,0.9992369413375854,0.9996033310890198,0.999503493309021,0.9994801878929138,1.0
278,1.0,1.0,1.0,1.0,1.0,0.0,0.9996607303619385,0.9993915557861328,0.9983397722244263,0.9993011951446533,0.9991880059242249,0.9989997744560242,3.0
279,1.0,1.0,1.0,1.0,1.0,0.0,0.9997324347496033,0.9995098114013672,0.998816728591919,0.9994481205940247,0.9993265867233276,0.9993650317192078,4.0
280,1.0,1.0,1.0,1.0,1.0,1.0,0.9997901320457458,0.9996880292892456,0.9993996620178223,0.9997223019599915,0.9997350573539734,0.9996752738952637,2.0
281,0.0,0.0,0.0,0.0,0.0,0.0,0.9996351003646851,0.9994392991065979,0.9990515112876892,0.9996168613433838,0.9996013045310974,0.9995267391204834,2.0
282,1.0,1.0,1.0,1.0,1.0,0.0,0.9994460940361023,0.9983838796615601,0.9979100823402405,0.9990027546882629,0.9982038736343384,0.9986989498138428,1.0
283,1.0,1.0,0.0,0.0,1.0,0.0,0.9998741149902344,0.999618411064148,0.9990699887275696,0.9997122883796692,0.9997290968894958,0.9997116923332214,4.0
284,1.0,1.0,1.0,0.0,0.0,1.0,0.9998354911804199,0.9996745586395264,0.9992768168449402,0.9997071623802185,0.9996781349182129,0.9997625946998596,3.0
285,1.0,1.0,1.0,1.0,1.0,1.0,0.9990814924240112,0.9976173043251038,0.9959023594856262,0.9983356595039368,0.9965196847915649,0.9962485432624817,1.0
286,0.0,0.0,0.0,0.0,0.0,0.0,0.9989925026893616,0.998281717300415,0.9978821873664856,0.9988503456115723,0.9989743232727051,0.998307466506958,1.0
287,1.0,1.0,1.0,1.0,0.0,0.0,0.9998247027397156,0.9993211030960083,0.998654842376709,0.9995132684707642,0.9993521571159363,0.9994992017745972,1.0
288,1.0,1.0,0.0,0.0,1.0,0.0,0.9997121691703796,0.9994057416915894,0.998540997505188,0.9994163513183594,0.9992530941963196,0.9992952346801758,4.0
289,0.0,0.0,0.0,0.0,0.0,0.0,0.9992320537567139,0.9984862804412842,0.9974061846733093,0.9987755417823792,0.9991793036460876,0.9989640712738037,0.0
290,0.0,1.0,1.0,1.0,1.0,1.0,0.999735414981842,0.9995280504226685,0.999225378036499,0.9996470212936401,0.9994181394577026,0.9995385408401489,1.0
291,1.0,1.0,1.0,1.0,1.0,0.0,0.9992145299911499,0.9980022311210632,0.9962343573570251,0.9984581470489502,0.99659663438797,0.9955235719680786,1.0
292,1.0,1.0,1.0,0.0,1.0,1.0,0.9997870326042175,0.9992169141769409,0.9985937476158142,0.9993832111358643,0.999171257019043,0.999441921710968,1.0
293,1.0,1.0,0.0,0.0,1.0,0.0,0.9998466968536377,0.9996308088302612,0.9991944432258606,0.9997209906578064,0.9997220635414124,0.9996856451034546,4.0
294,1.0,1.0,1.0,1.0,1.0,0.0,0.9994454979896545,0.9988081455230713,0.9981673955917358,0.9990077614784241,0.9984012246131897,0.9987437129020691,1.0
295,1.0,1.0,0.0,0.0,0.0,0.0,0.999782145023346,0.9994431138038635,0.9986451268196106,0.9995570778846741,0.9996084570884705,0.9995439648628235,4.0
296,0.0,1.0,1.0,1.0,0.0,1.0,0.9996634721755981,0.9994695782661438,0.9993047714233398,0.9995817542076111,0.9993423819541931,0.9995667338371277,1.0
297,1.0,1.0,1.0,1.0,1.0,1.0,0.99915611743927,0.9988732933998108,0.9973660111427307,0.9983870983123779,0.9984031319618225,0.9983355402946472,0.0
298,1.0,1.0,1.0,1.0,1.0,0.0,0.9995967745780945,0.9990450739860535,0.9978673458099365,0.9989908337593079,0.9989604949951172,0.9989736080169678,0.0
299,1.0,1.0,1.0,1.0,1.0,0.0,0.9997226595878601,0.9995456337928772,0.9991657733917236,0.9996403455734253,0.999603807926178,0.9995976090431213,2.0
300,0.0,0.0,0.0,0.0,0.0,0.0,0.9990628361701965,0.9982140064239502,0.9964465498924255,0.9986993074417114,0.9990867376327515,0.9984890222549438,0.0
301,1.0,1.0,1.0,1.0,1.0,0.0,0.9996727705001831,0.9994097948074341,0.9982154369354248,0.9993782043457031,0.9992350339889526,0.9991167187690735,3.0
302,1.0,1.0,1.0,1.0,1.0,1.0,0.9995884299278259,0.9994175434112549,0.9989480376243591,0.9993841648101807,0.999308705329895,0.9991831183433533,2.0
303,1.0,1.0,1.0,0.0,0.0,0.0,0.9989283680915833,0.9977201819419861,0.9947644472122192,0.9976761937141418,0.9972023963928223,0.9972231388092041,0.0
304,0.0,0.0,0.0,0.0,0.0,0.0,0.9992708563804626,0.9986482262611389,0.9979627132415771,0.9991734623908997,0.9993804693222046,0.9990498423576355,3.0
305,1.0,1.0,1.0,1.0,1.0,0.0,0.9998103976249695,0.9995844960212708,0.9993176460266113,0.999755322933197,0.9997822642326355,0.9997212290763855,2.0
306,0.0,0.0,0.0,0.0,0.0,0.0,0.9993332028388977,0.9982981085777283,0.998119056224823,0.9992817044258118,0.9991140961647034,0.9988710284233093,1.0
307,1.0,1.0,1.0,1.0,1.0,1.0,0.9997627139091492,0.9996836185455322,0.999430239200592,0.9996957778930664,0.9997108578681946,0.9997205138206482,2.0
308,1.0,1.0,0.0,0.0,0.0,0.0,0.9997828602790833,0.9989650249481201,0.9977365732192993,0.9994074106216431,0.9993001222610474,0.9992949962615967,1.0
309,0.0,0.0,0.0,0.0,0.0,0.0,0.9994024038314819,0.9988747239112854,0.9984561204910278,0.9991469383239746,0.9990297555923462,0.9990241527557373,1.0
310,0.0,0.0,0.0,0.0,0.0,0.0,0.9992801547050476,0.9983469247817993,0.997899055480957,0.999180018901825,0.9991787075996399,0.9986873269081116,1.0
311,1.0,1.0,1.0,1.0,1.0,1.0,0.9997815489768982,0.9995868802070618,0.9992520213127136,0.9996368885040283,0.999657392501831,0.9996490478515625,2.0
312,1.0,1.0,1.0,1.0,1.0,1.0,0.9994074106216431,0.9981772899627686,0.9967967867851257,0.9984703660011292,0.9974310994148254,0.9980721473693848,1.0
313,1.0,1.0,1.0,1.0,1.0,1.0,0.9998134970664978,0.9997841715812683,0.9996351003646851,0.9997972846031189,0.9997747540473938,0.9997711777687073,3.0
314,1.0,1.0,1.0,1.0,1.0,0.0,0.9998056292533875,0.9996445178985596,0.9993574023246765,0.9997456669807434,0.999752938747406,0.9996877908706665,2.0
315,1.0,1.0,1.0,1.0,1.0,1.0,0.9998769760131836,0.9996885061264038,0.9992997646331787,0.9997796416282654,0.999775230884552,0.9997856020927429,4.0
316,1.0,1.0,1.0,1.0,1.0,1.0,0.9995843768119812,0.9993056058883667,0.9984952211380005,0.9991994500160217,0.9993854761123657,0.999180018901825,0.0
317,0.0,0.0,0.0,0.0,0.0,0.0,0.9995607733726501,0.9992210865020752,0.9989508390426636,0.9995854496955872,0.9996421337127686,0.9995259046554565,4.0
318,1.0,1.0,1.0,1.0,1.0,0.0,0.9998192191123962,0.9996342658996582,0.9993236064910889,0.9997608065605164,0.9997585415840149,0.9997249245643616,2.0
319,0.0,0.0,0.0,0.0,0.0,0.0,0.9996563196182251,0.9994031190872192,0.9987930059432983,0.999617338180542,0.9996566772460938,0.999445378780365,2.0
320,1.0,1.0,1.0,1.0,1.0,1.0,0.9998093247413635,0.9996411800384521,0.9992918968200684,0.9996815919876099,0.9996541738510132,0.9996986389160156,3.0
321,0.0,0.0,0.0,0.0,0.0,0.0,0.9995459914207458,0.9990085959434509,0.9984462857246399,0.9995942711830139,0.9995647072792053,0.9992996454238892,2.0
322,1.0,1.0,1.0,1.0,1.0,1.0,0.9992345571517944,0.9977036118507385,0.9962375164031982,0.9980266690254211,0.9968208074569702,0.9979935884475708,1.0
323,0.0,0.0,0.0,0.0,0.0,0.0,0.9994807839393616,0.998842716217041,0.9982215762138367,0.9993442893028259,0.9993151426315308,0.9990474581718445,1.0
324,0.0,1.0,1.0,1.0,1.0,1.0,0.9987518787384033,0.9978166818618774,0.9953382015228271,0.9974461793899536,0.997478187084198,0.9974545836448669,0.0
325,0.0,1.0,1.0,1.0,0.0,1.0,0.9997573494911194,0.9996939897537231,0.9994980096817017,0.9997372031211853,0.9997040629386902,0.9996895790100098,2.0
326,1.0,1.0,0.0,0.0,0.0,0.0,0.9998224377632141,0.9990463852882385,0.9983439445495605,0.9996059536933899,0.9992357492446899,0.999494194984436,1.0
327,1.0,1.0,0.0,0.0,1.0,0.0,0.9997815489768982,0.99859219789505,0.9975962042808533,0.9993467926979065,0.9987874627113342,0.9992877840995789,1.0
328,1.0,1.0,1.0,1.0,1.0,1.0,0.9997439980506897,0.9994414448738098,0.9989606142044067,0.9995711445808411,0.9996046423912048,0.9995453953742981,2.0
329,1.0,1.0,1.0,1.0,1.0,1.0,0.9997598528862,0.9994995594024658,0.9990954399108887,0.9995737671852112,0.9996412992477417,0.9996138215065002,2.0
330,0.0,0.0,0.0,0.0,0.0,0.0,0.9997166991233826,0.9992813467979431,0.9988370537757874,0.9995885491371155,0.9996230602264404,0.9995741248130798,4.0
331,0.0,0.0,0.0,0.0,0.0,0.0,0.9991347193717957,0.9982811212539673,0.9967908263206482,0.9987483024597168,0.999202311038971,0.9985852241516113,0.0
332,1.0,1.0,1.0,1.0,1.0,1.0,0.9989742040634155,0.9981843829154968,0.9958556294441223,0.9977291226387024,0.9975345134735107,0.9976512789726257,0.0
333,0.0,0.0,0.0,0.0,0.0,0.0,0.9994556307792664,0.9991827607154846,0.9989069700241089,0.9995563626289368,0.9996032118797302,0.9993194341659546,2.0
334,1.0,1.0,1.0,1.0,0.0,1.0,0.9997815489768982,0.9996140599250793,0.9993194341659546,0.9997561573982239,0.9997171759605408,0.9997064471244812,2.0
335,1.0,1.0,1.0,1.0,1.0,1.0,0.9996644258499146,0.999288022518158,0.9984545707702637,0.9993560910224915,0.9992055296897888,0.9990872144699097,3.0
336,0.0,0.0,0.0,0.0,0.0,0.0,0.9996046423912048,0.9991390705108643,0.9985452890396118,0.9996090531349182,0.9996230602264404,0.999363362789154,2.0
337,1.0,1.0,1.0,1.0,1.0,0.0,0.999832034111023,0.9995765089988708,0.9989896416664124,0.999626874923706,0.9996086955070496,0.9996740818023682,4.0
338,0.0,1.0,1.0,1.0,0.0,1.0,0.9997897744178772,0.9997316002845764,0.9995003938674927,0.999721348285675,0.9997733235359192,0.9997358918190002,3.0
339,1.0,1.0,0.0,0.0,0.0,0.0,0.9995891451835632,0.9982736110687256,0.9959529638290405,0.9987339377403259,0.9991424083709717,0.9986055493354797,0.0
340,0.0,0.0,0.0,0.0,0.0,0.0,0.9995761513710022,0.99930739402771,0.9988228678703308,0.9995323419570923,0.9996651411056519,0.9994563460350037,3.0
341,1.0,1.0,1.0,1.0,1.0,1.0,0.9995874762535095,0.999314546585083,0.9991311430931091,0.9995865225791931,0.999351441860199,0.9994966983795166,1.0
342,0.0,0.0,0.0,0.0,0.0,0.0,0.999299168586731,0.9983648657798767,0.9968087077140808,0.9989303946495056,0.999175488948822,0.998817503452301,0.0
343,1.0,1.0,1.0,1.0,1.0,0.0,0.9998329877853394,0.9996445178985596,0.999133288860321,0.9996297359466553,0.9996378421783447,0.9996532201766968,4.0
344,0.0,0.0,0.0,0.0,0.0,0.0,0.9990563988685608,0.9981808662414551,0.9969780445098877,0.9986420273780823,0.9990529417991638,0.9984710812568665,0.0
345,1.0,1.0,0.0,0.0,0.0,0.0,0.9997465014457703,0.9994435906410217,0.9987548589706421,0.9994705319404602,0.9993541836738586,0.9994637370109558,4.0
346,0.0,0.0,0.0,0.0,0.0,0.0,0.9993367791175842,0.9985874891281128,0.9985964894294739,0.9992745518684387,0.998994767665863,0.9990774393081665,1.0
347,1.0,1.0,1.0,1.0,1.0,1.0,0.9997184872627258,0.9994696974754333,0.9988704323768616,0.9995145797729492,0.9994418025016785,0.9995872378349304,3.0
348,0.0,0.0,0.0,0.0,1.0,0.0,0.9993233680725098,0.998356282711029,0.9978592991828918,0.9992702603340149,0.9991962313652039,0.9988505840301514,1.0
349,0.0,0.0,0.0,0.0,0.0,0.0,0.9991293549537659,0.9988763928413391,0.9985900521278381,0.999257504940033,0.999298095703125,0.9992438554763794,2.0
350,1.0,1.0,1.0,1.0,1.0,1.0,0.9985842704772949,0.9972930550575256,0.9920738935470581,0.996313750743866,0.9964234232902527,0.9969093203544617,0.0
351,0.0,0.0,0.0,0.0,0.0,0.0,0.998969316482544,0.9978976249694824,0.996588945388794,0.9984765648841858,0.9988833069801331,0.9981796741485596,0.0
352,1.0,1.0,0.0,0.0,0.0,0.0,0.9996702671051025,0.9988155364990234,0.9972659349441528,0.9990608096122742,0.9992198944091797,0.9991248250007629,0.0
353,0.0,0.0,0.0,0.0,0.0,0.0,0.9995150566101074,0.9976981282234192,0.995505690574646,0.9986693859100342,0.998846173286438,0.9987332224845886,0.0
354,0.0,1.0,1.0,0.0,1.0,0.0,0.9996824264526367,0.9992853999137878,0.9989872574806213,0.9995274543762207,0.9992173910140991,0.9992523789405823,1.0
355,0.0,0.0,1.0,0.0,1.0,0.0,0.9996880292892456,0.9992824196815491,0.9990032315254211,0.9995094537734985,0.9991796612739563,0.9992843270301819,1.0
356,1.0,1.0,0.0,0.0,1.0,0.0,0.9998389482498169,0.9995797276496887,0.9991303086280823,0.9997465014457703,0.999752938747406,0.9997518658638,3.0
357,1.0,1.0,0.0,0.0,1.0,0.0,0.9997987151145935,0.9994015693664551,0.9987767338752747,0.9996761083602905,0.9996875524520874,0.9996232986450195,3.0
358,0.0,0.0,0.0,0.0,0.0,0.0,0.9991090893745422,0.9982313513755798,0.9977532029151917,0.9989978671073914,0.9990429282188416,0.9988353848457336,1.0
359,1.0,1.0,0.0,1.0,1.0,0.0,0.9997764229774475,0.9995701909065247,0.9991718530654907,0.9996782541275024,0.9997022747993469,0.999649167060852,2.0
360,0.0,0.0,0.0,0.0,0.0,0.0,0.9993022680282593,0.9983693957328796,0.9982604384422302,0.9992697834968567,0.9991579055786133,0.9988752007484436,1.0
361,1.0,1.0,1.0,1.0,1.0,1.0,0.9995954632759094,0.9993340373039246,0.9990261793136597,0.9994354844093323,0.999349057674408,0.9992861151695251,1.0
362,0.0,0.0,0.0,0.0,0.0,0.0,0.999548614025116,0.999146580696106,0.998808741569519,0.999599039554596,0.9995893836021423,0.9993467926979065,2.0
363,1.0,1.0,1.0,1.0,1.0,1.0,0.9996916055679321,0.9993662238121033,0.9990670084953308,0.999603807926178,0.9995269775390625,0.99947589635849,1.0
364,1.0,1.0,1.0,1.0,0.0,1.0,0.9997685551643372,0.999618411064148,0.9993228912353516,0.9996936321258545,0.9997034668922424,0.9996452331542969,2.0
365,1.0,1.0,1.0,1.0,0.0,0.0,0.9996969699859619,0.9994357228279114,0.9991719722747803,0.9995573163032532,0.9995062351226807,0.999488115310669,1.0
366,1.0,1.0,0.0,1.0,1.0,0.0,0.9996901750564575,0.9989140033721924,0.9975000023841858,0.9990708827972412,0.9991644620895386,0.9992775321006775,0.0
367,0.0,0.0,0.0,0.0,0.0,0.0,0.9993174076080322,0.9986771941184998,0.9978244304656982,0.9987806677818298,0.9988403916358948,0.9989615678787231,0.0
368,0.0,0.0,0.0,1.0,1.0,1.0,0.9996500015258789,0.9993146657943726,0.9988137483596802,0.9996330738067627,0.9996546506881714,0.9994489550590515,2.0
369,1.0,1.0,0.0,0.0,0.0,0.0,0.9997267127037048,0.999479353427887,0.999071478843689,0.9996172189712524,0.9996439218521118,0.9996534585952759,3.0
370,0.0,0.0,0.0,0.0,0.0,0.0,0.9991845488548279,0.9984195232391357,0.9982567429542542,0.9991251826286316,0.9990274906158447,0.998855471611023,1.0
371,0.0,0.0,0.0,0.0,0.0,0.0,0.9992309808731079,0.9984495639801025,0.997192919254303,0.9987016916275024,0.9991099238395691,0.9985989928245544,0.0
372,0.0,0.0,0.0,0.0,0.0,0.0,0.999517560005188,0.9991200566291809,0.9987395405769348,0.9995113611221313,0.9996389150619507,0.9993517994880676,3.0
373,0.0,0.0,0.0,0.0,0.0,0.0,0.9997066855430603,0.9994874000549316,0.9991394281387329,0.9995304346084595,0.9995459914207458,0.9995566010475159,3.0
374,0.0,0.0,0.0,0.0,0.0,0.0,0.9993367791175842,0.9991515874862671,0.9984435439109802,0.9989560842514038,0.9990209341049194,0.9990119934082031,0.0
375,1.0,1.0,1.0,0.0,0.0,0.0,0.999797523021698,0.9995569586753845,0.9992208480834961,0.9997060894966125,0.9997307658195496,0.9997135996818542,2.0
376,1.0,1.0,1.0,0.0,1.0,0.0,0.9997319579124451,0.9994620680809021,0.9990944862365723,0.9996469020843506,0.9996138215065002,0.9995878338813782,2.0
377,0.0,0.0,0.0,0.0,0.0,0.0,0.9994458556175232,0.9988413453102112,0.9987344145774841,0.9994800686836243,0.9993106126785278,0.9992650151252747,1.0
378,1.0,1.0,0.0,0.0,1.0,0.0,0.9998612403869629,0.9995695948600769,0.998814582824707,0.9996461868286133,0.9997063279151917,0.9996762275695801,4.0
379,1.0,1.0,1.0,1.0,1.0,1.0,0.9998778104782104,0.9996843338012695,0.9992082715034485,0.9997119307518005,0.9996887445449829,0.9997715353965759,4.0
380,1.0,1.0,1.0,1.0,1.0,0.0,0.9995086193084717,0.9984466433525085,0.9977666139602661,0.9990432858467102,0.9983782768249512,0.9989691972732544,1.0
381,1.0,1.0,0.0,0.0,1.0,0.0,0.9997158646583557,0.9990893602371216,0.9986788630485535,0.9993575215339661,0.9990455508232117,0.9992552399635315,1.0
382,0.0,0.0,1.0,0.0,0.0,0.0,0.9994614720344543,0.9989571571350098,0.9978790283203125,0.9989402890205383,0.9991915822029114,0.9990020394325256,0.0
383,0.0,0.0,0.0,0.0,0.0,0.0,0.9992963075637817,0.9984166622161865,0.9983550906181335,0.9992874264717102,0.999142050743103,0.9989227652549744,1.0
384,0.0,0.0,0.0,0.0,0.0,0.0,0.999485969543457,0.998755931854248,0.9986310601234436,0.9994606375694275,0.9995114803314209,0.9994888305664062,4.0
385,1.0,1.0,0.0,0.0,1.0,0.0,0.999869704246521,0.9995695948600769,0.9989135265350342,0.9997043013572693,0.9997525811195374,0.9997487664222717,4.0
386,0.0,0.0,0.0,0.0,0.0,0.0,0.9996696710586548,0.9995132684707642,0.9991450309753418,0.9996281862258911,0.999717652797699,0.9995561242103577,3.0
387,0.0,0.0,0.0,0.0,0.0,0.0,0.9993701577186584,0.9988709092140198,0.9985427856445312,0.9995001554489136,0.999575674533844,0.9993158578872681,4.0
388,1.0,1.0,1.0,1.0,1.0,0.0,0.9996966123580933,0.9994757771492004,0.9990181922912598,0.9996229410171509,0.9994596838951111,0.9994217157363892,2.0
389,0.0,0.0,0.0,0.0,0.0,0.0,0.999383807182312,0.9992054104804993,0.998685896396637,0.9993976354598999,0.9996028542518616,0.9992806315422058,3.0
390,0.0,0.0,0.0,0.0,0.0,0.0,0.9991575479507446,0.9982693195343018,0.9981470108032227,0.9991056323051453,0.9986937642097473,0.998930037021637,1.0
391,1.0,1.0,0.0,0.0,0.0,0.0,0.999862790107727,0.9996440410614014,0.9991389513015747,0.9997181296348572,0.9997079968452454,0.9997450709342957,4.0
392,0.0,0.0,0.0,0.0,0.0,0.0,0.9995328187942505,0.9991546869277954,0.9988151788711548,0.9995487332344055,0.9996390342712402,0.9994164705276489,4.0
393,0.0,0.0,0.0,0.0,0.0,0.0,0.999464213848114,0.9989191293716431,0.9983102083206177,0.9994587302207947,0.9994925260543823,0.9991638660430908,2.0
394,1.0,1.0,1.0,1.0,1.0,1.0,0.9995672106742859,0.998980700969696,0.9979448914527893,0.9991558790206909,0.9992702603340149,0.998965859413147,0.0
395,1.0,1.0,1.0,1.0,1.0,1.0,0.9997538924217224,0.9995554089546204,0.9990561604499817,0.9995416402816772,0.9995591044425964,0.999592125415802,3.0
396,1.0,1.0,1.0,0.0,0.0,1.0,0.9998528957366943,0.9996401071548462,0.9992281198501587,0.999755322933197,0.9997196793556213,0.9997208714485168,3.0
397,1.0,1.0,1.0,0.0,0.0,0.0,0.9998113512992859,0.9995545744895935,0.9991397857666016,0.999731719493866,0.9997047781944275,0.9997227787971497,4.0
398,0.0,0.0,0.0,0.0,0.0,0.0,0.998839795589447,0.9981231093406677,0.9968622922897339,0.9984132051467896,0.9989780187606812,0.9981776475906372,0.0
399,1.0,1.0,1.0,1.0,1.0,0.0,0.9997817873954773,0.9995094537734985,0.9990832805633545,0.9996737241744995,0.9996492862701416,0.9996320009231567,3.0
400,1.0,1.0,0.0,0.0,1.0,1.0,0.9998630285263062,0.9996552467346191,0.9992156028747559,0.9997641444206238,0.9997695088386536,0.9997922778129578,4.0
401,1.0,1.0,1.0,1.0,1.0,1.0,0.9998875856399536,0.999707043170929,0.999316930770874,0.9997647404670715,0.9997335076332092,0.9997829794883728,4.0
402,1.0,1.0,0.0,0.0,1.0,0.0,0.9998843669891357,0.9996908903121948,0.999284565448761,0.9997629523277283,0.999731719493866,0.99973064661026,4.0
403,1.0,1.0,1.0,1.0,1.0,0.0,0.9998477697372437,0.9995856881141663,0.9990273714065552,0.9995972514152527,0.999572217464447,0.9996920824050903,4.0
404,0.0,0.0,0.0,0.0,0.0,0.0,0.9996484518051147,0.9993467926979065,0.9989404082298279,0.9996178150177002,0.9996284246444702,0.9995183944702148,2.0
405,1.0,1.0,1.0,1.0,1.0,1.0,0.9989960789680481,0.9977120161056519,0.9953144788742065,0.9975636005401611,0.997312068939209,0.9974529147148132,0.0
406,0.0,0.0,0.0,0.0,0.0,0.0,0.9995367527008057,0.9993164539337158,0.9990656971931458,0.9995995163917542,0.9996858835220337,0.9993863105773926,4.0
407,1.0,1.0,1.0,1.0,1.0,0.0,0.9998385906219482,0.9995843768119812,0.999147891998291,0.9997381567955017,0.9996718168258667,0.9996658563613892,3.0
408,0.0,0.0,0.0,0.0,0.0,0.0,0.9993908405303955,0.9989142417907715,0.9979154467582703,0.9989928603172302,0.9990276098251343,0.9989017248153687,0.0
409,0.0,0.0,1.0,1.0,0.0,0.0,0.9996232986450195,0.9993657469749451,0.9988524913787842,0.9995848536491394,0.9996486902236938,0.9994680285453796,2.0
410,0.0,0.0,0.0,0.0,0.0,0.0,0.9996024966239929,0.9990484118461609,0.9987714886665344,0.999592125415802,0.9993860721588135,0.9992793202400208,1.0
411,1.0,1.0,0.0,0.0,1.0,0.0,0.9995754361152649,0.9982075691223145,0.9962982535362244,0.9989410042762756,0.9992792010307312,0.9990525841712952,0.0
412,1.0,1.0,0.0,1.0,1.0,0.0,0.9997900128364563,0.999606192111969,0.9991664886474609,0.9996163845062256,0.9996153116226196,0.9996440410614014,3.0
413,0.0,1.0,1.0,1.0,1.0,0.0,0.9994401335716248,0.9988740086555481,0.998119056224823,0.9993162155151367,0.9994550347328186,0.9991017580032349,0.0
414,0.0,0.0,0.0,0.0,0.0,0.0,0.9995775818824768,0.9991697072982788,0.9985804557800293,0.9994409680366516,0.9994521737098694,0.9991017580032349,1.0
415,0.0,0.0,0.0,0.0,0.0,0.0,0.9990843534469604,0.9984217882156372,0.9975636005401611,0.9987394213676453,0.9990381002426147,0.9987075328826904,0.0
416,0.0,0.0,0.0,0.0,0.0,0.0,0.9992733597755432,0.998824417591095,0.9979756474494934,0.998799204826355,0.9990731477737427,0.9987937211990356,0.0
417,1.0,1.0,1.0,1.0,1.0,1.0,0.9996519088745117,0.9993964433670044,0.9986099004745483,0.9994340538978577,0.9992412328720093,0.9991487264633179,3.0
418,1.0,1.0,1.0,1.0,1.0,1.0,0.9996880292892456,0.99947589635849,0.9989184141159058,0.9994207620620728,0.9993477463722229,0.9994757771492004,4.0
419,0.0,0.0,0.0,0.0,0.0,0.0,0.9992151260375977,0.9983450174331665,0.9982196688652039,0.9992465972900391,0.9990503191947937,0.998885452747345,1.0
420,1.0,1.0,1.0,1.0,1.0,1.0,0.9995619654655457,0.9991841912269592,0.9985275268554688,0.9993090629577637,0.9993935823440552,0.999213457107544,0.0
421,1.0,1.0,1.0,1.0,1.0,0.0,0.9996633529663086,0.9994246959686279,0.9990689158439636,0.999549925327301,0.9995057582855225,0.9994382262229919,2.0
422,0.0,0.0,0.0,0.0,0.0,0.0,0.9991951584815979,0.9984740614891052,0.9975548386573792,0.9989853501319885,0.9991959929466248,0.9988400340080261,0.0
423,1.0,1.0,1.0,0.0,1.0,0.0,0.9995777010917664,0.9987685084342957,0.9977777600288391,0.9991459846496582,0.9983501434326172,0.9991206526756287,1.0
424,1.0,1.0,1.0,0.0,1.0,0.0,0.9997490048408508,0.9994650483131409,0.9990034699440002,0.9996020197868347,0.9996032118797302,0.9995179176330566,2.0
425,1.0,1.0,1.0,1.0,1.0,0.0,0.9996591806411743,0.9988142251968384,0.9978273510932922,0.9990838766098022,0.9985288381576538,0.9987868666648865,1.0
426,0.0,0.0,0.0,0.0,0.0,0.0,0.9989479184150696,0.998030960559845,0.9965507984161377,0.9984549283981323,0.9988273978233337,0.9980753660202026,0.0
427,1.0,1.0,1.0,1.0,1.0,1.0,0.9990149736404419,0.9980679154396057,0.995527446269989,0.9977055191993713,0.997665524482727,0.9977067708969116,0.0
428,0.0,0.0,0.0,0.0,0.0,0.0,0.999189555644989,0.9983400106430054,0.9981905817985535,0.9992774128913879,0.9991818070411682,0.9987459182739258,1.0
429,1.0,1.0,0.0,0.0,0.0,0.0,0.9997079968452454,0.9992743134498596,0.9982393980026245,0.999128520488739,0.9993038177490234,0.9993792772293091,0.0
430,0.0,0.0,0.0,0.0,0.0,0.0,0.9992098808288574,0.9980584979057312,0.9979285001754761,0.999129593372345,0.999046266078949,0.9987305998802185,1.0
431,1.0,1.0,1.0,1.0,1.0,0.0,0.9997691512107849,0.999539852142334,0.9991433620452881,0.9996299743652344,0.999593198299408,0.9996236562728882,3.0
432,0.0,0.0,1.0,1.0,0.0,1.0,0.9993789196014404,0.9990635514259338,0.9983481168746948,0.9991083741188049,0.9991389513015747,0.9990529417991638,0.0
433,1.0,1.0,1.0,1.0,1.0,0.0,0.9990655779838562,0.9982994198799133,0.9959865212440491,0.9977237582206726,0.9980401396751404,0.9975115060806274,0.0
434,1.0,1.0,0.0,1.0,1.0,1.0,0.9996592998504639,0.9994497895240784,0.9990369081497192,0.999607264995575,0.9996517896652222,0.9995013475418091,2.0
435,1.0,1.0,1.0,1.0,1.0,0.0,0.9995515942573547,0.9992502331733704,0.9989349246025085,0.9993352293968201,0.9988924860954285,0.9991303086280823,1.0
436,1.0,1.0,1.0,1.0,1.0,1.0,0.9996312856674194,0.99957674741745,0.9989966750144958,0.9994521737098694,0.9993878602981567,0.9993616938591003,2.0
437,1.0,1.0,0.0,0.0,1.0,0.0,0.9998525381088257,0.999570906162262,0.999062716960907,0.9996956586837769,0.999717652797699,0.9997093081474304,4.0
438,1.0,1.0,1.0,1.0,1.0,1.0,0.999738872051239,0.9994889497756958,0.9987717270851135,0.9994722008705139,0.9994328618049622,0.999424934387207,0.0
439,0.0,0.0,0.0,0.0,0.0,0.0,0.9991413354873657,0.9982366561889648,0.9971254467964172,0.9987130165100098,0.9991803765296936,0.9986159801483154,0.0
440,1.0,1.0,1.0,1.0,1.0,1.0,0.999693751335144,0.9996401071548462,0.9993255138397217,0.9995744824409485,0.9995514750480652,0.9995836615562439,2.0
441,1.0,1.0,0.0,0.0,0.0,0.0,0.9998059868812561,0.9995377063751221,0.9989763498306274,0.9996377229690552,0.999631404876709,0.9996236562728882,4.0
442,0.0,0.0,0.0,0.0,0.0,0.0,0.9996287822723389,0.9992331266403198,0.9986629486083984,0.999505877494812,0.9995062351226807,0.9993158578872681,2.0
443,0.0,1.0,1.0,1.0,1.0,0.0,0.9997969269752502,0.9996352195739746,0.9993698000907898,0.9997231364250183,0.99972003698349,0.9996671676635742,3.0
444,1.0,1.0,0.0,0.0,0.0,0.0,0.9998413324356079,0.9996461868286133,0.9991845488548279,0.999711811542511,0.9996379613876343,0.9996370077133179,3.0
445,0.0,1.0,1.0,1.0,1.0,1.0,0.999729573726654,0.9996039271354675,0.9994069337844849,0.9997380375862122,0.9997180104255676,0.9996297359466553,2.0
446,0.0,0.0,0.0,0.0,0.0,0.0,0.9995602965354919,0.9991794228553772,0.9987335801124573,0.9995929598808289,0.9996309280395508,0.9994145631790161,2.0
447,0.0,0.0,0.0,0.0,0.0,0.0,0.9990823268890381,0.9983072280883789,0.9980077147483826,0.9990755319595337,0.9990398287773132,0.9987673759460449,1.0
448,0.0,0.0,0.0,0.0,0.0,0.0,0.9996362924575806,0.999180257320404,0.9985093474388123,0.9996218681335449,0.9996230602264404,0.9993984699249268,2.0
449,0.0,0.0,0.0,0.0,0.0,0.0,0.9994747042655945,0.9991305470466614,0.9986806511878967,0.9994538426399231,0.9995943903923035,0.9993860721588135,3.0
450,1.0,1.0,0.0,0.0,0.0,0.0,0.9997358918190002,0.9989847540855408,0.9980517625808716,0.9993773102760315,0.9993841648101807,0.999327540397644,1.0
451,1.0,1.0,1.0,1.0,1.0,1.0,0.9997952580451965,0.9993873834609985,0.9988923668861389,0.9995957016944885,0.9992905855178833,0.9994034767150879,1.0
452,0.0,0.0,0.0,0.0,0.0,0.0,0.9995207786560059,0.9991470575332642,0.9987190961837769,0.9994476437568665,0.999574601650238,0.9992917776107788,4.0
453,1.0,1.0,1.0,1.0,0.0,0.0,0.9997616410255432,0.9992239475250244,0.9988088607788086,0.9994919300079346,0.9990671277046204,0.9994195699691772,1.0
454,1.0,1.0,1.0,1.0,1.0,0.0,0.9997509121894836,0.9994879961013794,0.9988960027694702,0.9995524287223816,0.999504804611206,0.9995445609092712,3.0
455,0.0,0.0,0.0,0.0,0.0,0.0,0.9995543360710144,0.9993000030517578,0.9992115497589111,0.9995902180671692,0.9996676445007324,0.9995352029800415,4.0
456,1.0,1.0,1.0,1.0,1.0,0.0,0.9996291399002075,0.9993113279342651,0.9981959462165833,0.9991951584815979,0.999085545539856,0.9986907839775085,3.0
457,1.0,1.0,0.0,1.0,0.0,0.0,0.9997634291648865,0.9995688796043396,0.9992795586585999,0.9996968507766724,0.9997219443321228,0.9996544122695923,2.0
458,0.0,1.0,1.0,1.0,0.0,1.0,0.9997227787971497,0.9995558857917786,0.9992469549179077,0.9997034668922424,0.9996603727340698,0.9996293783187866,2.0
459,1.0,1.0,0.0,0.0,0.0,0.0,0.9997424483299255,0.9994644522666931,0.998916506767273,0.9995521903038025,0.9996216297149658,0.9996557235717773,4.0
460,0.0,0.0,1.0,0.0,0.0,1.0,0.9998356103897095,0.9996496438980103,0.9992604851722717,0.9997137188911438,0.9997262358665466,0.999739944934845,3.0
461,1.0,1.0,1.0,1.0,1.0,1.0,0.9992290735244751,0.9980317950248718,0.9959895014762878,0.9979984164237976,0.9962976574897766,0.9958224296569824,1.0
462,1.0,1.0,0.0,1.0,0.0,0.0,0.9994816184043884,0.9990910291671753,0.99779212474823,0.9986599683761597,0.9987338185310364,0.9988362193107605,0.0
463,0.0,0.0,0.0,0.0,0.0,0.0,0.9995734095573425,0.9991564750671387,0.9990561604499817,0.9996191263198853,0.9996417760848999,0.999542236328125,4.0
464,1.0,1.0,0.0,0.0,0.0,0.0,0.9996418952941895,0.9992157220840454,0.9983094930648804,0.9992423057556152,0.9991759657859802,0.9992719292640686,0.0
465,1.0,1.0,1.0,1.0,1.0,0.0,0.9997839331626892,0.9995744824409485,0.9991656541824341,0.9996911287307739,0.9996620416641235,0.9996287822723389,2.0
466,0.0,0.0,0.0,0.0,0.0,0.0,0.9996485710144043,0.9994716048240662,0.9992941617965698,0.9996286630630493,0.9997102618217468,0.9995098114013672,4.0
467,0.0,0.0,0.0,0.0,0.0,0.0,0.9996423721313477,0.9992783665657043,0.9987581968307495,0.9995887875556946,0.999573290348053,0.9994420409202576,2.0
468,1.0,1.0,0.0,0.0,1.0,0.0,0.9997251629829407,0.9992045760154724,0.9987032413482666,0.9995030164718628,0.9993877410888672,0.999437153339386,1.0
469,1.0,1.0,0.0,0.0,1.0,1.0,0.9994022846221924,0.9990069270133972,0.9986335635185242,0.9994183778762817,0.9995173215866089,0.9992747902870178,4.0
470,0.0,1.0,0.0,0.0,1.0,0.0,0.999747097492218,0.9995678067207336,0.9992075562477112,0.9996659755706787,0.9996904134750366,0.9996347427368164,3.0
471,1.0,1.0,1.0,1.0,1.0,1.0,0.9997833371162415,0.9993749260902405,0.9990352392196655,0.9995785355567932,0.9993125200271606,0.9995348453521729,1.0
472,1.0,1.0,1.0,0.0,0.0,0.0,0.9998835325241089,0.9996558427810669,0.9992555975914001,0.9997586607933044,0.9997480511665344,0.9997879862785339,4.0
473,1.0,1.0,0.0,0.0,0.0,0.0,0.9998252987861633,0.9995591044425964,0.9988941550254822,0.9996629953384399,0.9997405409812927,0.9996697902679443,3.0
474,0.0,1.0,1.0,1.0,0.0,1.0,0.9997583031654358,0.9996021389961243,0.999452531337738,0.999725878238678,0.9997218251228333,0.9996862411499023,4.0
475,1.0,1.0,1.0,1.0,1.0,1.0,0.9997032284736633,0.9995115995407104,0.9987875819206238,0.9994445443153381,0.9993913173675537,0.9994509816169739,3.0
476,0.0,0.0,1.0,0.0,0.0,0.0,0.9998049139976501,0.9997428059577942,0.9994693398475647,0.9997488856315613,0.9997404217720032,0.9996987581253052,3.0
477,1.0,1.0,1.0,1.0,1.0,1.0,0.9995222091674805,0.999362051486969,0.9991275668144226,0.9993929862976074,0.99892657995224,0.9994105100631714,1.0
478,0.0,1.0,1.0,1.0,1.0,1.0,0.998855471611023,0.9982314705848694,0.9967554211616516,0.9978216886520386,0.9980600476264954,0.9977133274078369,0.0
479,0.0,0.0,0.0,0.0,0.0,0.0,0.9989846348762512,0.9978275895118713,0.9957308173179626,0.998516857624054,0.998856782913208,0.9981256127357483,0.0
480,0.0,0.0,0.0,0.0,0.0,0.0,0.9995653033256531,0.9993240833282471,0.9989761114120483,0.9996554851531982,0.9996371269226074,0.999414324760437,2.0
481,0.0,0.0,0.0,0.0,0.0,0.0,0.9988767504692078,0.9979832172393799,0.9962509274482727,0.9984307885169983,0.9987875819206238,0.9982802867889404,0.0
482,0.0,0.0,0.0,0.0,0.0,0.0,0.9992719292640686,0.9984070658683777,0.9984312653541565,0.9992578625679016,0.9990277290344238,0.9989266991615295,1.0
483,1.0,1.0,1.0,1.0,1.0,1.0,0.9990304708480835,0.9985755681991577,0.9967213273048401,0.9981542229652405,0.9982603192329407,0.997837245464325,0.0
484,1.0,1.0,1.0,1.0,1.0,1.0,0.999584972858429,0.9993396401405334,0.998651921749115,0.9993144273757935,0.9991456270217896,0.9989117383956909,4.0
485,1.0,1.0,1.0,1.0,1.0,0.0,0.9996401071548462,0.9990749359130859,0.9985363483428955,0.9992893934249878,0.9988884329795837,0.9990248680114746,1.0
486,0.0,0.0,0.0,0.0,0.0,0.0,0.9984076619148254,0.9976255297660828,0.9954628348350525,0.9978544116020203,0.99847012758255,0.9970508813858032,0.0
487,0.0,1.0,1.0,1.0,0.0,1.0,0.9997672438621521,0.999729573726654,0.9995399713516235,0.999672532081604,0.9996856451034546,0.999705970287323,3.0
488,0.0,0.0,0.0,0.0,0.0,0.0,0.9995618462562561,0.9992794394493103,0.9988896250724792,0.9996215105056763,0.9997019171714783,0.9993703961372375,4.0
489,0.0,0.0,0.0,0.0,0.0,0.0,0.9995759129524231,0.9993568062782288,0.9989198446273804,0.9995013475418091,0.9996321201324463,0.9993308782577515,3.0
490,1.0,1.0,0.0,0.0,1.0,0.0,0.9995669722557068,0.9983161687850952,0.9957701563835144,0.9986798167228699,0.9991474151611328,0.998690664768219,0.0
491,0.0,0.0,0.0,0.0,0.0,0.0,0.9994503855705261,0.999116837978363,0.9986189603805542,0.9994726777076721,0.9995754361152649,0.9992365837097168,3.0
492,1.0,1.0,1.0,1.0,1.0,0.0,0.9998550415039062,0.9996626377105713,0.999293327331543,0.9997318387031555,0.9997135996818542,0.9997363686561584,4.0
493,0.0,0.0,0.0,0.0,0.0,0.0,0.9995784163475037,0.9990990161895752,0.9988940358161926,0.9995654225349426,0.9993209838867188,0.9993191957473755,1.0
494,1.0,1.0,1.0,1.0,1.0,1.0,0.9996165037155151,0.9988340735435486,0.9974103569984436,0.9990424513816833,0.9992862343788147,0.9991490840911865,0.0
495,1.0,1.0,0.0,0.0,0.0,0.0,0.9998257756233215,0.9994726777076721,0.999025821685791,0.9996591806411743,0.9993768334388733,0.9997091889381409,1.0
496,1.0,1.0,1.0,1.0,1.0,1.0,0.9995724558830261,0.9993966817855835,0.998890221118927,0.9992746710777283,0.999228835105896,0.9990798234939575,3.0
497,1.0,1.0,1.0,1.0,1.0,1.0,0.9993730187416077,0.9980354905128479,0.9962384700775146,0.9982435703277588,0.9972561001777649,0.9977598190307617,1.0
498,1.0,1.0,1.0,1.0,1.0,1.0,0.9996922016143799,0.9996907711029053,0.999488115310669,0.999593198299408,0.9996127486228943,0.9996592998504639,3.0
499,1.0,1.0,0.0,1.0,1.0,0.0,0.9997656941413879,0.9995120763778687,0.9989198446273804,0.9995130300521851,0.9995057582855225,0.9995113611221313,3.0
500,0.0,0.0,0.0,0.0,0.0,0.0,0.999289870262146,0.9985218644142151,0.9981313347816467,0.9992519021034241,0.9991835951805115,0.9989480376243591,1.0
501,0.0,0.0,0.0,0.0,0.0,0.0,0.9996495246887207,0.9993603825569153,0.9988245368003845,0.9995787739753723,0.9996345043182373,0.9994439482688904,3.0
502,1.0,1.0,1.0,1.0,1.0,0.0,0.9996293783187866,0.9993630051612854,0.9986693859100342,0.9993866682052612,0.9992244243621826,0.9993370175361633,4.0
503,0.0,0.0,0.0,0.0,0.0,0.0,0.9996531009674072,0.9992519021034241,0.9988412261009216,0.9996402263641357,0.9995778203010559,0.9993946552276611,2.0
504,0.0,0.0,0.0,0.0,0.0,0.0,0.9995527863502502,0.9993096590042114,0.9988107681274414,0.9995300769805908,0.9996300935745239,0.9993613362312317,3.0
505,1.0,1.0,0.0,0.0,1.0,0.0,0.9997866749763489,0.9995868802070618,0.9991627931594849,0.9997417330741882,0.9997263550758362,0.9996147155761719,2.0
506,1.0,1.0,0.0,0.0,1.0,0.0,0.9995787739753723,0.9987479448318481,0.9975997805595398,0.9989621639251709,0.9989763498306274,0.9990589022636414,0.0
507,0.0,1.0,1.0,1.0,0.0,1.0,0.9996984004974365,0.9995893836021423,0.9993269443511963,0.999679684638977,0.9996767044067383,0.9996016621589661,2.0
508,1.0,1.0,0.0,0.0,1.0,0.0,0.999832272529602,0.9996377229690552,0.9991029500961304,0.9996839761734009,0.9997304081916809,0.9997169375419617,4.0
509,0.0,0.0,0.0,0.0,0.0,0.0,0.9995836615562439,0.9992796778678894,0.9988884329795837,0.9995796084403992,0.9996680021286011,0.9994297623634338,4.0
510,1.0,1.0,1.0,1.0,1.0,1.0,0.9996947050094604,0.9994562268257141,0.9986693859100342,0.9993293285369873,0.9993608593940735,0.9994328618049622,4.0
511,1.0,1.0,0.0,1.0,0.0,0.0,0.9998076558113098,0.9995521903038025,0.9988712668418884,0.9996030926704407,0.9995311498641968,0.9996243715286255,3.0
512,1.0,1.0,1.0,1.0,1.0,1.0,0.9997649788856506,0.9995318651199341,0.9988541603088379,0.9995088577270508,0.9994692206382751,0.9994596838951111,3.0
513,1.0,1.0,1.0,0.0,1.0,1.0,0.9996380805969238,0.9989551305770874,0.9977758526802063,0.999127209186554,0.9989420771598816,0.9988921284675598,0.0
514,1.0,1.0,1.0,1.0,1.0,1.0,0.9984028935432434,0.9971609115600586,0.9929271340370178,0.9968993663787842,0.9955581426620483,0.9946898221969604,0.0
515,1.0,1.0,0.0,0.0,0.0,0.0,0.9998300075531006,0.999455988407135,0.9989940524101257,0.9997401833534241,0.9997127652168274,0.9996269941329956,3.0
516,1.0,1.0,1.0,1.0,1.0,1.0,0.9993786811828613,0.998586893081665,0.997319757938385,0.9987438321113586,0.9980072379112244,0.9985440969467163,1.0
517,0.0,0.0,1.0,0.0,0.0,0.0,0.9996104836463928,0.9992800354957581,0.9989669322967529,0.9996131062507629,0.9996696710586548,0.9994620680809021,3.0
518,0.0,1.0,0.0,0.0,0.0,0.0,0.9997784495353699,0.9991469383239746,0.9985191226005554,0.99960857629776,0.9994823932647705,0.9995375871658325,1.0
519,0.0,0.0,0.0,0.0,0.0,0.0,0.9996786117553711,0.9994502663612366,0.9989978671073914,0.9996126294136047,0.9996540546417236,0.9995480179786682,2.0
520,1.0,1.0,1.0,0.0,0.0,1.0,0.9997406601905823,0.9993835687637329,0.9987937211990356,0.9995085000991821,0.9994645714759827,0.9995132684707642,4.0
521,1.0,1.0,1.0,1.0,1.0,1.0,0.999813973903656,0.9994145631790161,0.998504638671875,0.999653697013855,0.9996316432952881,0.9995736479759216,3.0
522,0.0,0.0,0.0,0.0,0.0,0.0,0.9990233182907104,0.9980413913726807,0.9965358972549438,0.9984266757965088,0.9988621473312378,0.9983130693435669,0.0
523,1.0,1.0,0.0,0.0,0.0,0.0,0.999729335308075,0.9993220567703247,0.998736560344696,0.999660849571228,0.9996892213821411,0.9995017051696777,2.0
524,0.0,0.0,0.0,0.0,0.0,0.0,0.9995725750923157,0.9992576241493225,0.9989342093467712,0.9995997548103333,0.9996439218521118,0.9994675517082214,4.0
525,0.0,0.0,0.0,0.0,0.0,0.0,0.9995723366737366,0.9991602897644043,0.9988923668861389,0.9996360540390015,0.9995713829994202,0.9993247985839844,2.0
526,0.0,0.0,0.0,0.0,0.0,0.0,0.9992417097091675,0.9986949563026428,0.9974765181541443,0.9987105131149292,0.9991859793663025,0.9984265565872192,0.0
527,1.0,1.0,0.0,0.0,1.0,0.0,0.9995465874671936,0.9989410042762756,0.9975624084472656,0.9990546107292175,0.9991426467895508,0.9989896416664124,0.0
528,1.0,1.0,1.0,1.0,0.0,0.0,0.9997684359550476,0.9993630051612854,0.9989175796508789,0.9995728135108948,0.9991164803504944,0.9994840621948242,1.0
529,1.0,1.0,0.0,0.0,1.0,0.0,0.9992796778678894,0.998860239982605,0.9979725480079651,0.9990403056144714,0.9992750287055969,0.999061644077301,0.0
530,0.0,0.0,0.0,0.0,0.0,0.0,0.9996607303619385,0.9993057250976562,0.999136745929718,0.9995785355567932,0.9990591406822205,0.9995846152305603,1.0
531,0.0,0.0,0.0,0.0,0.0,0.0,0.9995850920677185,0.9991768002510071,0.9987732768058777,0.9995942711830139,0.9996283054351807,0.9994518160820007,2.0
532,1.0,1.0,1.0,1.0,1.0,1.0,0.9994565844535828,0.9988532066345215,0.997882068157196,0.9988947510719299,0.9989153146743774,0.9988866448402405,0.0
533,1.0,1.0,1.0,1.0,1.0,1.0,0.9997875094413757,0.9996542930603027,0.9994550347328186,0.9997629523277283,0.999742329120636,0.9997612833976746,2.0
534,1.0,1.0,1.0,1.0,1.0,1.0,0.9996180534362793,0.9992555975914001,0.9983218312263489,0.9990929365158081,0.9992468357086182,0.9991647005081177,0.0
535,1.0,1.0,1.0,1.0,1.0,1.0,0.9992576241493225,0.998505711555481,0.996605634689331,0.9981634020805359,0.9982132911682129,0.9981392621994019,0.0
536,1.0,1.0,1.0,1.0,1.0,1.0,0.9996850490570068,0.9995536208152771,0.9992401599884033,0.9995867609977722,0.9995430707931519,0.9995711445808411,2.0
537,0.0,0.0,0.0,0.0,0.0,0.0,0.9997730851173401,0.9996657371520996,0.9994244575500488,0.999717652797699,0.9997050166130066,0.9997242093086243,3.0
538,0.0,0.0,0.0,0.0,0.0,0.0,0.9993640780448914,0.9989055395126343,0.9983388185501099,0.9989809393882751,0.9985427856445312,0.9989557266235352,1.0
539,0.0,0.0,0.0,0.0,0.0,0.0,0.9997561573982239,0.999761164188385,0.9995858073234558,0.9996604919433594,0.9996582269668579,0.9997113347053528,3.0
540,1.0,1.0,1.0,1.0,1.0,1.0,0.999373733997345,0.9991924166679382,0.9984281063079834,0.9992177486419678,0.9991180300712585,0.9991055130958557,4.0
541,1.0,1.0,1.0,1.0,1.0,0.0,0.9996805191040039,0.9994103908538818,0.9989798665046692,0.9994890689849854,0.9995967745780945,0.9995606541633606,2.0
542,1.0,1.0,1.0,1.0,1.0,1.0,0.9997511506080627,0.999560534954071,0.9992886781692505,0.9997065663337708,0.999705970287323,0.9996262788772583,2.0
543,0.0,0.0,0.0,0.0,0.0,0.0,0.9991554021835327,0.9983166456222534,0.9966073036193848,0.9989340901374817,0.9991891980171204,0.9986732006072998,0.0
544,1.0,1.0,1.0,1.0,1.0,0.0,0.9996019005775452,0.9993314743041992,0.9984983205795288,0.9991080164909363,0.9991722106933594,0.9990274906158447,0.0
545,0.0,0.0,0.0,0.0,0.0,0.0,0.9996209144592285,0.9994181394577026,0.9990431666374207,0.9996457099914551,0.9996479749679565,0.9994183778762817,2.0
546,1.0,0.0,0.0,0.0,1.0,0.0,0.999724805355072,0.9992928504943848,0.9985565543174744,0.9996156692504883,0.9996830224990845,0.9994090795516968,3.0
547,1.0,1.0,1.0,1.0,1.0,0.0,0.9997367262840271,0.99943608045578,0.9989485144615173,0.9995808005332947,0.9995198249816895,0.9994303584098816,2.0
548,1.0,1.0,1.0,0.0,0.0,1.0,0.9997417330741882,0.999431312084198,0.9986550807952881,0.9993720650672913,0.9994211196899414,0.9993441700935364,0.0
549,1.0,1.0,1.0,1.0,1.0,1.0,0.9995606541633606,0.999367892742157,0.9991243481636047,0.9995383024215698,0.9993904829025269,0.999299168586731,2.0
550,1.0,1.0,0.0,0.0,0.0,0.0,0.9998112320899963,0.9994662404060364,0.9989721775054932,0.9996446371078491,0.9996943473815918,0.9997052550315857,4.0
551,0.0,0.0,0.0,0.0,0.0,0.0,0.9992145299911499,0.998611569404602,0.997100293636322,0.9986518025398254,0.999138593673706,0.9984111785888672,0.0
552,1.0,1.0,0.0,0.0,0.0,0.0,0.9996727705001831,0.998687207698822,0.9980593323707581,0.9993892908096313,0.9992308616638184,0.9993155002593994,1.0
553,1.0,1.0,0.0,0.0,0.0,0.0,0.999652624130249,0.9993614554405212,0.9988283514976501,0.9996179342269897,0.9996776580810547,0.9995299577713013,2.0
554,1.0,1.0,1.0,1.0,1.0,1.0,0.9993754029273987,0.9985532164573669,0.9966842532157898,0.9985969662666321,0.9986212253570557,0.9986118078231812,0.0
555,1.0,1.0,1.0,0.0,1.0,0.0,0.999624490737915,0.9987413287162781,0.997192919254303,0.9988176226615906,0.9988862872123718,0.9990999698638916,0.0
556,1.0,1.0,1.0,1.0,1.0,0.0,0.9996576309204102,0.9993423819541931,0.9982636570930481,0.99928218126297,0.9991632699966431,0.9993656277656555,4.0
557,0.0,0.0,0.0,0.0,0.0,0.0,0.9996758699417114,0.9992743134498596,0.998945415019989,0.9993942975997925,0.9991713762283325,0.999238133430481,1.0
558,1.0,1.0,0.0,1.0,1.0,0.0,0.9998038411140442,0.9995068311691284,0.9990792274475098,0.9996911287307739,0.9997096657752991,0.9996374845504761,2.0
559,0.0,0.0,0.0,0.0,0.0,0.0,0.9996935129165649,0.9995657801628113,0.9993100166320801,0.9996507167816162,0.999667763710022,0.9995998740196228,3.0
560,0.0,0.0,0.0,0.0,0.0,0.0,0.9992088675498962,0.9987217783927917,0.9976580142974854,0.9987009763717651,0.9989689588546753,0.9985981583595276,0.0
561,1.0,0.0,0.0,0.0,1.0,0.0,0.9994613528251648,0.9984278678894043,0.997835099697113,0.9992693066596985,0.9991769194602966,0.9991318583488464,1.0
562,0.0,0.0,0.0,0.0,0.0,0.0,0.9995255470275879,0.9992285966873169,0.9988932013511658,0.9995291233062744,0.9995796084403992,0.9994285702705383,4.0
563,1.0,1.0,1.0,1.0,1.0,1.0,0.9998725652694702,0.9996435642242432,0.9992774128913879,0.9997513890266418,0.999713122844696,0.9997667670249939,4.0
564,0.0,0.0,0.0,0.0,0.0,0.0,0.9995083808898926,0.9990935325622559,0.998497486114502,0.9995027780532837,0.9995995163917542,0.9993488192558289,4.0
565,1.0,1.0,1.0,1.0,1.0,0.0,0.9997628331184387,0.9995588660240173,0.9990311861038208,0.9994930028915405,0.9994611144065857,0.9995002746582031,4.0
566,0.0,1.0,1.0,1.0,1.0,0.0,0.999154806137085,0.9985337257385254,0.9975290894508362,0.9987185001373291,0.9987103939056396,0.9987056255340576,0.0
567,1.0,1.0,1.0,1.0,0.0,1.0,0.9997158646583557,0.9993758797645569,0.998608410358429,0.9993970394134521,0.9993900060653687,0.9993993043899536,0.0
568,1.0,1.0,1.0,1.0,1.0,1.0,0.999692440032959,0.9994452595710754,0.9986697435379028,0.9993694424629211,0.9993060827255249,0.9993987083435059,3.0
569,1.0,1.0,1.0,1.0,1.0,1.0,0.9998025298118591,0.9994494318962097,0.9989263415336609,0.9996404647827148,0.9996378421783447,0.9996106028556824,3.0
570,0.0,0.0,0.0,0.0,0.0,0.0,0.9991727471351624,0.998262345790863,0.9967940449714661,0.9988186955451965,0.9991280436515808,0.9986609220504761,0.0
571,1.0,1.0,1.0,1.0,1.0,1.0,0.999560534954071,0.9987977743148804,0.9978746175765991,0.9992189407348633,0.9985733032226562,0.9988119602203369,1.0
572,0.0,0.0,0.0,0.0,0.0,0.0,0.999477207660675,0.9990191459655762,0.9983611702919006,0.9994996786117554,0.9995304346084595,0.9992054104804993,2.0
573,1.0,1.0,0.0,0.0,1.0,0.0,0.9997288584709167,0.9992202520370483,0.9985257983207703,0.9996126294136047,0.9996592998504639,0.9993867874145508,2.0
574,0.0,1.0,1.0,1.0,1.0,1.0,0.9997552037239075,0.9997311234474182,0.9995319843292236,0.9996486902236938,0.9996719360351562,0.9997057318687439,3.0
575,1.0,1.0,0.0,1.0,1.0,0.0,0.9992231130599976,0.9984281063079834,0.9969483017921448,0.998467743396759,0.9982929825782776,0.9984410405158997,0.0
576,1.0,1.0,1.0,1.0,1.0,1.0,0.9987103939056396,0.9974998831748962,0.9932658672332764,0.9968435764312744,0.9964184761047363,0.9964259266853333,0.0
577,1.0,1.0,1.0,1.0,1.0,0.0,0.9996466636657715,0.9994140863418579,0.998711347579956,0.9994069337844849,0.9992438554763794,0.9991453886032104,4.0
578,1.0,1.0,0.0,0.0,0.0,0.0,0.9997239708900452,0.9992576241493225,0.9989393353462219,0.9995192289352417,0.9991231560707092,0.9995602965354919,1.0
579,1.0,1.0,0.0,1.0,1.0,0.0,0.9996680021286011,0.9994483590126038,0.9990044236183167,0.9994910955429077,0.9994750618934631,0.9994420409202576,2.0
580,0.0,0.0,0.0,0.0,0.0,0.0,0.9995392560958862,0.9992215633392334,0.9987300038337708,0.9995662569999695,0.9996581077575684,0.9993463158607483,3.0
581,0.0,1.0,0.0,1.0,1.0,1.0,0.9997122883796692,0.9996334314346313,0.9993054866790771,0.999681830406189,0.9996370077133179,0.9996337890625,2.0
582,0.0,0.0,0.0,0.0,0.0,0.0,0.9995653033256531,0.9988503456115723,0.9985675811767578,0.9994481205940247,0.9991573095321655,0.9992276430130005,1.0
583,0.0,0.0,0.0,0.0,0.0,0.0,0.9993484616279602,0.9986741542816162,0.998480498790741,0.9994016885757446,0.999323844909668,0.9990574717521667,1.0
584,0.0,0.0,0.0,0.0,0.0,0.0,0.9989678859710693,0.9981473684310913,0.9964126944541931,0.998426079750061,0.9989616870880127,0.9980917572975159,0.0
585,1.0,1.0,1.0,1.0,1.0,1.0,0.9995681643486023,0.9987123012542725,0.9977770447731018,0.9989433884620667,0.9984691739082336,0.9987879395484924,1.0
586,0.0,1.0,1.0,1.0,1.0,1.0,0.999566376209259,0.9992523789405823,0.9987053871154785,0.9994118213653564,0.9993278980255127,0.999337375164032,4.0
587,0.0,0.0,0.0,0.0,1.0,0.0,0.9997460246086121,0.9996201992034912,0.9993663430213928,0.9996260404586792,0.9996654987335205,0.9996329545974731,3.0
588,1.0,1.0,0.0,0.0,0.0,0.0,0.9997467398643494,0.9992365837097168,0.998762845993042,0.9995940327644348,0.9993962049484253,0.9995480179786682,1.0
589,1.0,1.0,0.0,0.0,1.0,0.0,0.9995598196983337,0.9982189536094666,0.9963285326957703,0.9988417029380798,0.999103307723999,0.9989161491394043,0.0
590,0.0,0.0,0.0,0.0,0.0,0.0,0.9993190765380859,0.9985249638557434,0.9982035160064697,0.9993382096290588,0.9991926550865173,0.9989038705825806,1.0
591,0.0,0.0,0.0,0.0,1.0,0.0,0.9990355968475342,0.9978598952293396,0.9979238510131836,0.9989544153213501,0.9988170862197876,0.998603880405426,1.0
592,1.0,1.0,1.0,1.0,1.0,1.0,0.9997634291648865,0.9995521903038025,0.9993583559989929,0.9997325539588928,0.9997476935386658,0.9997314810752869,4.0
593,1.0,1.0,1.0,1.0,1.0,1.0,0.999829888343811,0.9992746710777283,0.9985419511795044,0.9995357990264893,0.999291181564331,0.9994884729385376,1.0
594,1.0,1.0,1.0,1.0,1.0,1.0,0.9997262358665466,0.9994741082191467,0.9989972710609436,0.9997066855430603,0.9997442364692688,0.999579131603241,2.0
595,0.0,0.0,0.0,0.0,0.0,0.0,0.9995006322860718,0.9991225600242615,0.9986018538475037,0.9995797276496887,0.9996342658996582,0.9993792772293091,3.0
596,1.0,1.0,1.0,0.0,1.0,0.0,0.9997550845146179,0.9993017911911011,0.9987959861755371,0.9995348453521729,0.999167799949646,0.9992803931236267,1.0
597,1.0,1.0,1.0,1.0,1.0,1.0,0.9997382760047913,0.9996169805526733,0.9993801116943359,0.999672532081604,0.999381422996521,0.9996209144592285,1.0
598,1.0,1.0,0.0,0.0,1.0,0.0,0.9997338652610779,0.9989379048347473,0.9983783960342407,0.9995104074478149,0.9991770386695862,0.999306321144104,1.0
599,1.0,1.0,0.0,0.0,0.0,0.0,0.9997614026069641,0.9991270899772644,0.9985288381576538,0.9994706511497498,0.9992720484733582,0.9992444515228271,1.0
600,0.0,0.0,0.0,0.0,0.0,0.0,0.999448835849762,0.9989462494850159,0.998532772064209,0.9995250701904297,0.9996442794799805,0.9993677735328674,4.0
601,1.0,1.0,1.0,1.0,1.0,0.0,0.9993419051170349,0.9990973472595215,0.9977642297744751,0.9986118078231812,0.9987038373947144,0.9987252354621887,0.0
602,0.0,1.0,1.0,1.0,1.0,1.0,0.997925877571106,0.9971935153007507,0.9938190579414368,0.9964840412139893,0.9961875081062317,0.9933278560638428,0.0
603,0.0,0.0,0.0,0.0,0.0,0.0,0.99974125623703,0.9994741082191467,0.9989137649536133,0.999664306640625,0.999669075012207,0.9994753003120422,2.0
604,1.0,1.0,1.0,1.0,1.0,0.0,0.9998612403869629,0.9996869564056396,0.9993184804916382,0.9997527003288269,0.9997215867042542,0.9997404217720032,3.0
605,1.0,1.0,1.0,1.0,1.0,1.0,0.9997830986976624,0.9996349811553955,0.9993031024932861,0.9997112154960632,0.9997109770774841,0.9996515512466431,2.0
606,0.0,0.0,0.0,0.0,0.0,0.0,0.9995481371879578,0.9991866946220398,0.9986465573310852,0.9995446801185608,0.999657154083252,0.999388575553894,3.0
607,1.0,1.0,1.0,1.0,1.0,0.0,0.9994039535522461,0.9988452196121216,0.9976831674575806,0.9987491369247437,0.9987373948097229,0.9984180927276611,0.0
608,1.0,1.0,1.0,0.0,0.0,0.0,0.9998082518577576,0.9995126724243164,0.9989649057388306,0.9995930790901184,0.9995455145835876,0.999637246131897,4.0
609,1.0,1.0,1.0,1.0,0.0,0.0,0.9997313618659973,0.9994233846664429,0.9989728927612305,0.9995800852775574,0.9995741248130798,0.9995467066764832,2.0
610,0.0,0.0,0.0,0.0,0.0,0.0,0.9991781115531921,0.9983929991722107,0.9962073564529419,0.9989058971405029,0.9991264939308167,0.9982342720031738,0.0
611,1.0,1.0,1.0,1.0,1.0,1.0,0.9996857643127441,0.9994076490402222,0.9990525841712952,0.9995138645172119,0.9993096590042114,0.9994369149208069,1.0
612,0.0,0.0,0.0,0.0,0.0,0.0,0.9996358156204224,0.9994725584983826,0.9992458820343018,0.9996343851089478,0.9996868371963501,0.9995065927505493,4.0
613,1.0,1.0,1.0,0.0,0.0,1.0,0.9995850920677185,0.9991005659103394,0.9979257583618164,0.998963475227356,0.9991494417190552,0.9989564418792725,0.0
614,0.0,1.0,1.0,0.0,0.0,0.0,0.9994920492172241,0.9987057447433472,0.998297393321991,0.9993504881858826,0.9987970590591431,0.9990208148956299,1.0
615,1.0,1.0,0.0,0.0,0.0,0.0,0.9998190999031067,0.9990963935852051,0.997962236404419,0.99953293800354,0.9993972778320312,0.9994033575057983,1.0
616,1.0,1.0,1.0,1.0,1.0,1.0,0.9998350143432617,0.9996856451034546,0.9993295669555664,0.999749481678009,0.9997093081474304,0.9997244477272034,3.0
617,0.0,0.0,0.0,0.0,0.0,0.0,0.9992596507072449,0.9985483288764954,0.9983235001564026,0.9991744160652161,0.9991379976272583,0.9987271428108215,1.0
618,1.0,1.0,0.0,0.0,1.0,1.0,0.9993973970413208,0.9988553524017334,0.9980734586715698,0.9991756081581116,0.9993529915809631,0.9991263747215271,0.0
619,1.0,1.0,1.0,1.0,1.0,0.0,0.999427080154419,0.9980025887489319,0.997378945350647,0.9988476037979126,0.9976327419281006,0.9987505674362183,1.0
620,1.0,1.0,0.0,0.0,1.0,0.0,0.999828577041626,0.9991145730018616,0.9981252551078796,0.9996213912963867,0.9993932247161865,0.9994157552719116,1.0
621,0.0,1.0,1.0,1.0,1.0,0.0,0.9996877908706665,0.998767614364624,0.9982483386993408,0.9994454979896545,0.999052107334137,0.99928218126297,1.0
622,1.0,1.0,0.0,0.0,1.0,0.0,0.9997168183326721,0.9993476271629333,0.9987925291061401,0.9996660947799683,0.9997269511222839,0.9995386600494385,2.0
623,0.0,0.0,0.0,0.0,0.0,0.0,0.9996671676635742,0.9994284510612488,0.9992758631706238,0.9996708631515503,0.9997060894966125,0.9995577931404114,4.0
624,0.0,0.0,0.0,0.0,0.0,0.0,0.9996923208236694,0.9994705319404602,0.9991118311882019,0.9997026324272156,0.9996715784072876,0.9995321035385132,2.0
625,0.0,0.0,0.0,0.0,0.0,0.0,0.9996002316474915,0.9992961883544922,0.9988166093826294,0.9995796084403992,0.9996490478515625,0.9993765950202942,3.0
626,1.0,1.0,0.0,0.0,0.0,0.0,0.9997389912605286,0.9990575909614563,0.9984423518180847,0.9993941783905029,0.9989495873451233,0.9994033575057983,1.0
627,1.0,1.0,0.0,0.0,1.0,0.0,0.9998793601989746,0.9996190071105957,0.9990861415863037,0.9997091889381409,0.9996727705001831,0.9997851252555847,4.0
628,1.0,1.0,0.0,0.0,1.0,0.0,0.9995672106742859,0.9989583492279053,0.9976704716682434,0.9987754225730896,0.9989492297172546,0.9991112351417542,0.0
629,0.0,0.0,0.0,0.0,0.0,0.0,0.9994196891784668,0.9986507296562195,0.9984965324401855,0.99937504529953,0.9991534948348999,0.999054491519928,1.0
630,1.0,1.0,0.0,0.0,1.0,0.0,0.9997394680976868,0.9994754195213318,0.9991942048072815,0.9996718168258667,0.9997439980506897,0.9996453523635864,2.0
631,1.0,1.0,0.0,0.0,0.0,0.0,0.9997746348381042,0.9993144273757935,0.998818576335907,0.9996215105056763,0.9993546605110168,0.9995750784873962,1.0
632,0.0,0.0,0.0,0.0,1.0,0.0,0.999836802482605,0.9994381070137024,0.998471200466156,0.9995813965797424,0.9996490478515625,0.9996553659439087,4.0
633,1.0,1.0,1.0,1.0,1.0,1.0,0.999754011631012,0.9995403289794922,0.9989321827888489,0.9994961023330688,0.9995204210281372,0.9994773268699646,3.0
634,0.0,0.0,0.0,0.0,0.0,0.0,0.9993707537651062,0.999022364616394,0.9980223178863525,0.9990618824958801,0.9992309808731079,0.9988802075386047,0.0
635,0.0,0.0,0.0,0.0,0.0,0.0,0.9995610117912292,0.9992501139640808,0.9989472031593323,0.999468982219696,0.9995835423469543,0.9994227886199951,3.0
636,1.0,1.0,1.0,1.0,1.0,1.0,0.9996091723442078,0.9994394183158875,0.9992355108261108,0.9995450377464294,0.9991129040718079,0.9994920492172241,1.0
637,0.0,1.0,1.0,1.0,1.0,1.0,0.9994885921478271,0.9992368221282959,0.9983769655227661,0.998980700969696,0.9989519119262695,0.9990894794464111,0.0
638,1.0,1.0,1.0,1.0,1.0,1.0,0.9994626641273499,0.999293327331543,0.9982210993766785,0.9993081092834473,0.9989691972732544,0.9985199570655823,2.0
639,1.0,1.0,0.0,0.0,1.0,0.0,0.9998047947883606,0.999586284160614,0.9989905953407288,0.9995794892311096,0.9995823502540588,0.9996633529663086,4.0
640,1.0,1.0,1.0,1.0,1.0,0.0,0.9997963309288025,0.999589741230011,0.9990887641906738,0.9995612502098083,0.9995428323745728,0.9996322393417358,4.0
641,1.0,1.0,1.0,1.0,1.0,1.0,0.9996755123138428,0.9994035959243774,0.9985499978065491,0.9992241859436035,0.9993013143539429,0.9992940425872803,4.0
642,0.0,0.0,0.0,0.0,0.0,0.0,0.9998200535774231,0.9995298385620117,0.9989669322967529,0.999678373336792,0.9996703863143921,0.9996529817581177,4.0
643,1.0,1.0,0.0,1.0,1.0,1.0,0.9994984865188599,0.998928964138031,0.9977049231529236,0.9990484118461609,0.9990969896316528,0.9990121126174927,0.0
644,0.0,0.0,0.0,0.0,0.0,0.0,0.9997305274009705,0.9995347261428833,0.9991451501846313,0.9996846914291382,0.9997252821922302,0.9996041655540466,2.0
645,1.0,1.0,0.0,0.0,1.0,0.0,0.999880313873291,0.9996558427810669,0.9991274476051331,0.99969482421875,0.9997316002845764,0.9997425675392151,4.0
646,0.0,0.0,1.0,0.0,0.0,0.0,0.9997616410255432,0.9996021389961243,0.9994087219238281,0.9997149109840393,0.9996929168701172,0.9997183680534363,4.0
647,0.0,0.0,0.0,0.0,0.0,0.0,0.9996590614318848,0.9993728995323181,0.9992198944091797,0.9996592998504639,0.9996744394302368,0.9996566772460938,4.0
648,1.0,1.0,0.0,0.0,1.0,0.0,0.9998666048049927,0.9996057152748108,0.9989848732948303,0.9996981620788574,0.9997196793556213,0.9997401833534241,4.0
649,0.0,0.0,0.0,0.0,0.0,0.0,0.9994530081748962,0.9990068078041077,0.9985612034797668,0.9995098114013672,0.9995653033256531,0.9992283582687378,2.0
650,1.0,1.0,1.0,0.0,1.0,0.0,0.9993459582328796,0.9987292885780334,0.9970941543579102,0.9982799291610718,0.9983820915222168,0.9984682202339172,0.0
651,1.0,1.0,0.0,0.0,0.0,0.0,0.9997608065605164,0.9990755319595337,0.9983441829681396,0.9996079802513123,0.9993904829025269,0.9994602799415588,1.0
652,1.0,1.0,0.0,0.0,0.0,0.0,0.9998651742935181,0.999695897102356,0.9992986917495728,0.9997627139091492,0.9997555613517761,0.9997511506080627,3.0
653,1.0,1.0,1.0,1.0,1.0,1.0,0.9997380375862122,0.9996998310089111,0.9994947910308838,0.9996567964553833,0.9997201561927795,0.9997465014457703,3.0
654,0.0,1.0,1.0,1.0,1.0,1.0,0.9995538592338562,0.9992009997367859,0.9990077614784241,0.9994503855705261,0.9992107152938843,0.9994035959243774,1.0
655,1.0,1.0,0.0,1.0,1.0,1.0,0.999718964099884,0.9995648264884949,0.9992238283157349,0.9995835423469543,0.9995574355125427,0.9995765089988708,3.0
656,1.0,1.0,0.0,1.0,0.0,0.0,0.9998774528503418,0.9996805191040039,0.9991251826286316,0.9997509121894836,0.9997420907020569,0.9997581839561462,3.0
657,0.0,0.0,0.0,0.0,0.0,0.0,0.9996857643127441,0.9994962215423584,0.9991641044616699,0.9996520280838013,0.9997507929801941,0.9996101260185242,3.0
658,0.0,0.0,0.0,0.0,0.0,0.0,0.9995189905166626,0.9991768002510071,0.998506486415863,0.9994638562202454,0.9996397495269775,0.9993196725845337,3.0
659,1.0,1.0,0.0,0.0,1.0,0.0,0.9998776912689209,0.999609649181366,0.999187171459198,0.9997506737709045,0.999765932559967,0.9997738003730774,4.0
660,1.0,1.0,1.0,1.0,1.0,0.0,0.9992339611053467,0.998241662979126,0.997407853603363,0.998582124710083,0.9973375201225281,0.9977055191993713,1.0
661,0.0,1.0,1.0,1.0,1.0,1.0,0.9996887445449829,0.999514102935791,0.9992944002151489,0.9996870756149292,0.9996857643127441,0.9996474981307983,2.0
662,0.0,1.0,1.0,1.0,1.0,1.0,0.9997190833091736,0.9997166991233826,0.9995198249816895,0.9996708631515503,0.9997159838676453,0.9996851682662964,3.0
663,1.0,1.0,1.0,1.0,1.0,0.0,0.9997135996818542,0.9994490742683411,0.9988206028938293,0.9994667172431946,0.999450147151947,0.9995129108428955,4.0
664,0.0,1.0,1.0,1.0,1.0,1.0,0.9997081160545349,0.9994823932647705,0.9991471767425537,0.9995701909065247,0.9993044137954712,0.9994300007820129,1.0
665,1.0,1.0,0.0,0.0,1.0,0.0,0.9997556805610657,0.9994063377380371,0.9989308714866638,0.9996287822723389,0.9996417760848999,0.9996126294136047,2.0
666,1.0,1.0,1.0,1.0,1.0,1.0,0.9996974468231201,0.9995480179786682,0.9992514252662659,0.9996289014816284,0.999591052532196,0.999572217464447,2.0
667,0.0,0.0,0.0,0.0,0.0,0.0,0.9997193217277527,0.9996414184570312,0.9994171857833862,0.9996364116668701,0.9996863603591919,0.9996696710586548,3.0
668,1.0,1.0,1.0,1.0,1.0,1.0,0.999160647392273,0.9985836744308472,0.9970243573188782,0.9982548356056213,0.9983131885528564,0.9985294342041016,0.0
669,0.0,1.0,1.0,1.0,0.0,1.0,0.9996287822723389,0.9993517994880676,0.9991937279701233,0.9995689988136292,0.9991102814674377,0.9995585083961487,1.0
670,0.0,1.0,1.0,1.0,0.0,1.0,0.9997088313102722,0.9994586110115051,0.9991980195045471,0.9996236562728882,0.9995025396347046,0.9994992017745972,1.0
671,1.0,1.0,1.0,1.0,1.0,0.0,0.9997257590293884,0.9995629191398621,0.9990864992141724,0.9995476603507996,0.9995007514953613,0.9995388984680176,3.0
672,0.0,0.0,0.0,0.0,0.0,0.0,0.9995972514152527,0.9992365837097168,0.9987533092498779,0.9996013045310974,0.9996341466903687,0.9993866682052612,2.0
673,0.0,0.0,0.0,0.0,0.0,0.0,0.9996809959411621,0.9995267391204834,0.9990867376327515,0.9996028542518616,0.9996311664581299,0.9995391368865967,2.0
674,1.0,1.0,0.0,0.0,1.0,0.0,0.9995918869972229,0.9985589385032654,0.9968067407608032,0.9987216591835022,0.9989638328552246,0.9988405108451843,0.0
675,0.0,0.0,0.0,0.0,0.0,0.0,0.9994664788246155,0.9989799857139587,0.9986969828605652,0.9994221925735474,0.9995100498199463,0.999237060546875,3.0
676,1.0,0.0,1.0,1.0,1.0,0.0,0.9998083710670471,0.9997033476829529,0.9994057416915894,0.999738872051239,0.9997708201408386,0.9997325539588928,2.0
677,0.0,0.0,0.0,0.0,0.0,0.0,0.9993240833282471,0.998399555683136,0.9981611371040344,0.999347984790802,0.9991481304168701,0.9989573955535889,1.0
678,1.0,1.0,1.0,1.0,1.0,1.0,0.9994984865188599,0.998928964138031,0.9977049231529236,0.9990484118461609,0.9990969896316528,0.9990121126174927,0.0
679,1.0,1.0,1.0,1.0,1.0,1.0,0.9994822144508362,0.998986542224884,0.9979872703552246,0.9991080164909363,0.9990409016609192,0.9990456700325012,0.0
680,0.0,1.0,1.0,1.0,0.0,1.0,0.9995427131652832,0.9990787506103516,0.9988688826560974,0.9994544386863708,0.9989898800849915,0.9992699027061462,1.0
681,0.0,0.0,0.0,0.0,0.0,0.0,0.9994624257087708,0.9991968274116516,0.9990059733390808,0.9995473027229309,0.9995772242546082,0.9993470311164856,4.0
682,0.0,1.0,1.0,1.0,0.0,0.0,0.9994718432426453,0.9992892742156982,0.9987331032752991,0.9991359114646912,0.9993299245834351,0.9991746544837952,0.0
683,1.0,1.0,0.0,0.0,1.0,0.0,0.9997431635856628,0.9993962049484253,0.999026894569397,0.9996929168701172,0.9997010231018066,0.99962317943573,4.0
684,0.0,1.0,1.0,1.0,0.0,1.0,0.9997138381004333,0.9996247291564941,0.9993928670883179,0.99967360496521,0.999675989151001,0.9996918439865112,3.0
685,0.0,1.0,1.0,1.0,1.0,1.0,0.9995766282081604,0.9994658827781677,0.999067485332489,0.9992895126342773,0.9994115829467773,0.9994344115257263,3.0
686,1.0,1.0,1.0,1.0,1.0,1.0,0.9998801946640015,0.9996922016143799,0.999273955821991,0.9997525811195374,0.9997605681419373,0.9997132420539856,4.0
687,1.0,1.0,1.0,1.0,1.0,1.0,0.9997263550758362,0.9994773268699646,0.998894989490509,0.9994611144065857,0.9993983507156372,0.9995480179786682,4.0
688,1.0,1.0,1.0,1.0,1.0,1.0,0.9997242093086243,0.9996160268783569,0.9993582367897034,0.9996813535690308,0.9996703863143921,0.9996447563171387,2.0
689,0.0,0.0,0.0,0.0,0.0,0.0,0.9997405409812927,0.9995608925819397,0.9993357062339783,0.9996837377548218,0.9997552037239075,0.9996854066848755,3.0
690,0.0,0.0,0.0,0.0,0.0,0.0,0.9995206594467163,0.9991275668144226,0.9989076852798462,0.9995447993278503,0.9995784163475037,0.9994226694107056,3.0
691,1.0,1.0,1.0,1.0,1.0,1.0,0.9996426105499268,0.9995775818824768,0.999305248260498,0.9995996356010437,0.9995108842849731,0.999582827091217,2.0
692,1.0,1.0,1.0,1.0,1.0,1.0,0.9997308850288391,0.99916672706604,0.9976301193237305,0.9990665316581726,0.9993230104446411,0.9991996884346008,0.0
693,0.0,0.0,0.0,1.0,1.0,0.0,0.9985911250114441,0.9976904392242432,0.9957285523414612,0.9980813264846802,0.9985724687576294,0.9973787069320679,0.0
694,0.0,0.0,0.0,0.0,0.0,0.0,0.9990484118461609,0.9985104203224182,0.997312068939209,0.9988183379173279,0.9990983009338379,0.9985018968582153,0.0
695,0.0,1.0,1.0,1.0,1.0,1.0,0.9997960925102234,0.9996910095214844,0.9994008541107178,0.9997217059135437,0.9997326731681824,0.9997221827507019,2.0
696,1.0,1.0,1.0,1.0,1.0,1.0,0.9997451901435852,0.9994165897369385,0.9985886216163635,0.9996083378791809,0.9994756579399109,0.9994908571243286,3.0
697,1.0,1.0,0.0,1.0,1.0,1.0,0.9996776580810547,0.9996104836463928,0.9993270635604858,0.999599039554596,0.9996947050094604,0.9996218681335449,3.0
698,0.0,1.0,1.0,1.0,0.0,1.0,0.9997410178184509,0.999586284160614,0.9993719458580017,0.9997096657752991,0.9996856451034546,0.9996848106384277,4.0
699,1.0,1.0,1.0,1.0,1.0,1.0,0.9996681213378906,0.9995386600494385,0.9991959929466248,0.9995245933532715,0.9995261430740356,0.9994545578956604,4.0
700,0.0,0.0,0.0,0.0,0.0,0.0,0.9994475245475769,0.9988391995429993,0.9984951019287109,0.9993195533752441,0.9991726279258728,0.9990105628967285,1.0
701,1.0,1.0,1.0,1.0,1.0,0.0,0.9986559152603149,0.9978658556938171,0.9938691258430481,0.9966475367546082,0.9960370659828186,0.9953965544700623,0.0
702,1.0,1.0,1.0,1.0,1.0,1.0,0.9997636675834656,0.9994989633560181,0.9986176490783691,0.9995201826095581,0.9993971586227417,0.9994589686393738,4.0
703,0.0,0.0,1.0,0.0,0.0,1.0,0.9996589422225952,0.9995319843292236,0.999276340007782,0.9996378421783447,0.9997147917747498,0.999563992023468,3.0
704,1.0,1.0,0.0,0.0,1.0,0.0,0.9997780919075012,0.9993627667427063,0.9985081553459167,0.9994841814041138,0.9994416832923889,0.9994524121284485,0.0
705,1.0,1.0,1.0,1.0,0.0,1.0,0.999614953994751,0.9989594221115112,0.998180627822876,0.9990630745887756,0.9987462759017944,0.9991381168365479,1.0
706,1.0,1.0,0.0,0.0,1.0,0.0,0.9998428821563721,0.9994445443153381,0.9989553689956665,0.9996793270111084,0.9994812607765198,0.9996217489242554,1.0
707,0.0,0.0,0.0,0.0,0.0,0.0,0.99936443567276,0.9988088607788086,0.9986456036567688,0.9993546605110168,0.9992076754570007,0.9992146492004395,1.0
708,1.0,1.0,1.0,1.0,1.0,1.0,0.9998700618743896,0.9997276663780212,0.9992948770523071,0.9997679591178894,0.9997561573982239,0.9997459053993225,3.0
709,0.0,1.0,0.0,0.0,1.0,0.0,0.999627947807312,0.9992485642433167,0.9988282322883606,0.9995909333229065,0.9996742010116577,0.99943608045578,4.0
710,0.0,1.0,1.0,0.0,0.0,1.0,0.9996738433837891,0.9995866417884827,0.9993788003921509,0.9995943903923035,0.9994669556617737,0.9994882345199585,1.0
711,1.0,1.0,0.0,0.0,1.0,0.0,0.9996722936630249,0.9988273978233337,0.9968306422233582,0.9991267323493958,0.9992647767066956,0.9990900754928589,0.0
712,1.0,1.0,0.0,0.0,0.0,0.0,0.9996625185012817,0.9989818930625916,0.9975851774215698,0.9990187883377075,0.9990918636322021,0.9991297125816345,0.0
713,1.0,1.0,1.0,0.0,0.0,0.0,0.9998470544815063,0.9996515512466431,0.9990707635879517,0.9997066855430603,0.9997233748435974,0.999708354473114,3.0
714,1.0,1.0,0.0,0.0,1.0,1.0,0.9997859597206116,0.999414324760437,0.998974084854126,0.9997228980064392,0.9997561573982239,0.9996284246444702,2.0
715,1.0,1.0,1.0,1.0,1.0,0.0,0.9988460540771484,0.997927188873291,0.9951972365379333,0.9974562525749207,0.9972763657569885,0.9962279796600342,0.0
716,0.0,0.0,0.0,0.0,0.0,0.0,0.9995818734169006,0.9989521503448486,0.9983804225921631,0.9995408058166504,0.9995366334915161,0.9992440938949585,2.0
717,0.0,0.0,0.0,0.0,0.0,0.0,0.9996603727340698,0.9993696808815002,0.9990426898002625,0.9996670484542847,0.9997004270553589,0.9995294809341431,3.0
718,1.0,1.0,1.0,1.0,1.0,0.0,0.9997757077217102,0.9995903372764587,0.9992589354515076,0.9996378421783447,0.9996733665466309,0.9996743202209473,2.0
719,0.0,0.0,0.0,0.0,0.0,0.0,0.9995406866073608,0.9991449117660522,0.9986975193023682,0.9995666146278381,0.9996572732925415,0.9993956089019775,4.0
720,0.0,0.0,0.0,1.0,1.0,0.0,0.9990524649620056,0.9982129335403442,0.9982169270515442,0.99910968542099,0.9990596175193787,0.9985672235488892,1.0
721,0.0,0.0,1.0,0.0,0.0,1.0,0.9993780851364136,0.9992127418518066,0.9984027743339539,0.9990173578262329,0.9991335272789001,0.998921275138855,0.0
722,1.0,1.0,1.0,0.0,1.0,0.0,0.9997977614402771,0.9995446801185608,0.9991171956062317,0.9997528195381165,0.9997742772102356,0.9997060894966125,2.0
723,0.0,0.0,0.0,0.0,0.0,0.0,0.9996196031570435,0.9993743300437927,0.9989995360374451,0.9996039271354675,0.99965500831604,0.99947589635849,2.0
724,0.0,1.0,1.0,1.0,1.0,1.0,0.9996880292892456,0.9992826581001282,0.9990226030349731,0.9995835423469543,0.9993815422058105,0.9994595646858215,1.0
725,0.0,1.0,1.0,1.0,0.0,1.0,0.9997270703315735,0.9995511174201965,0.9991926550865173,0.9996240139007568,0.9996199607849121,0.9996368885040283,4.0
726,1.0,1.0,1.0,1.0,1.0,0.0,0.9998940229415894,0.9997077584266663,0.9992431402206421,0.9998284578323364,0.9997851252555847,0.999745786190033,3.0
727,0.0,0.0,0.0,0.0,0.0,0.0,0.9994497895240784,0.9992616772651672,0.998578667640686,0.9991962313652039,0.9993641972541809,0.9990881681442261,0.0
728,0.0,0.0,0.0,0.0,0.0,0.0,0.9998388290405273,0.9995782971382141,0.9990869760513306,0.9997168183326721,0.9997103810310364,0.9997246861457825,3.0
729,1.0,1.0,0.0,0.0,1.0,0.0,0.999765932559967,0.9993540644645691,0.9987157583236694,0.9996101260185242,0.9995787739753723,0.9995852112770081,4.0
730,0.0,0.0,0.0,0.0,0.0,0.0,0.998789370059967,0.9970744848251343,0.9973433613777161,0.9986597299575806,0.9984930753707886,0.9980213642120361,1.0
731,1.0,1.0,1.0,1.0,1.0,1.0,0.9997333884239197,0.9995989203453064,0.9993194341659546,0.9996734857559204,0.9996556043624878,0.999658465385437,3.0
732,1.0,1.0,1.0,1.0,1.0,1.0,0.9996625185012817,0.9996079802513123,0.9993166923522949,0.9994611144065857,0.9994981288909912,0.9995682835578918,3.0
733,1.0,0.0,0.0,0.0,0.0,0.0,0.9996224641799927,0.9991760849952698,0.9983179569244385,0.9995480179786682,0.9996570348739624,0.9992985725402832,2.0
734,0.0,0.0,1.0,0.0,0.0,0.0,0.9996029734611511,0.9994794726371765,0.9992789626121521,0.9996078610420227,0.9996933937072754,0.9994695782661438,3.0
735,0.0,0.0,1.0,0.0,0.0,0.0,0.9997552037239075,0.9994603991508484,0.9991021156311035,0.9996553659439087,0.999646782875061,0.999546468257904,3.0
736,1.0,1.0,1.0,1.0,0.0,0.0,0.9997143149375916,0.9996134638786316,0.9991195797920227,0.9996071457862854,0.9996129870414734,0.9995881915092468,2.0
737,0.0,0.0,0.0,0.0,0.0,0.0,0.9996254444122314,0.9993935823440552,0.998986542224884,0.9996139407157898,0.999646782875061,0.9994434714317322,2.0
738,1.0,1.0,1.0,1.0,1.0,0.0,0.9997947812080383,0.9995424747467041,0.9989778995513916,0.9996511936187744,0.9996386766433716,0.9996459484100342,3.0
739,0.0,0.0,0.0,0.0,0.0,0.0,0.9995449185371399,0.9992744326591492,0.9989802241325378,0.9995705485343933,0.9996656179428101,0.9994031190872192,3.0
740,0.0,0.0,0.0,0.0,0.0,0.0,0.9996564388275146,0.9995299577713013,0.999115526676178,0.9995879530906677,0.9996829032897949,0.9995062351226807,3.0
741,1.0,1.0,1.0,0.0,1.0,0.0,0.9997472167015076,0.9994348883628845,0.9991211295127869,0.9996179342269897,0.9995922446250916,0.9995378255844116,2.0
742,0.0,1.0,1.0,1.0,1.0,1.0,0.9995112419128418,0.9994028806686401,0.9990480542182922,0.9994215965270996,0.9993773102760315,0.9993377327919006,4.0
743,1.0,1.0,1.0,1.0,1.0,1.0,0.9986335635185242,0.9977154731750488,0.9945546388626099,0.9970802664756775,0.9965149164199829,0.9957399368286133,0.0
744,0.0,0.0,0.0,0.0,0.0,0.0,0.9994364380836487,0.9989927411079407,0.9988119602203369,0.9994480013847351,0.9993233680725098,0.999174177646637,1.0
745,1.0,1.0,0.0,0.0,1.0,0.0,0.9998121857643127,0.9993233680725098,0.9989399313926697,0.9996057152748108,0.9992836117744446,0.9995064735412598,1.0
746,1.0,1.0,1.0,1.0,1.0,0.0,0.999599277973175,0.999417781829834,0.9990449547767639,0.9994663596153259,0.9994522929191589,0.999537467956543,2.0
747,0.0,0.0,0.0,0.0,0.0,0.0,0.9995276927947998,0.9992215633392334,0.9989030361175537,0.999640941619873,0.9996707439422607,0.9995085000991821,4.0
748,1.0,1.0,0.0,0.0,1.0,0.0,0.9998340606689453,0.9995267391204834,0.9988632202148438,0.9996683597564697,0.9996817111968994,0.999620795249939,4.0
749,0.0,0.0,0.0,0.0,0.0,0.0,0.9996381998062134,0.9994571805000305,0.9992848038673401,0.9996320009231567,0.9996795654296875,0.9995624423027039,4.0
750,1.0,1.0,1.0,0.0,0.0,0.0,0.9998589754104614,0.9997397065162659,0.9994605183601379,0.9997956156730652,0.9997716546058655,0.999775230884552,3.0
751,0.0,0.0,0.0,0.0,0.0,0.0,0.9995654225349426,0.9992351531982422,0.9988596439361572,0.9996144771575928,0.9996869564056396,0.9994196891784668,4.0
752,1.0,1.0,0.0,0.0,1.0,0.0,0.9993011951446533,0.9984344840049744,0.9967897534370422,0.998916745185852,0.9991845488548279,0.9987770915031433,0.0
753,1.0,1.0,1.0,1.0,0.0,0.0,0.9996424913406372,0.9993521571159363,0.9983331561088562,0.9993090629577637,0.9992820620536804,0.9992067217826843,3.0
754,1.0,1.0,0.0,0.0,1.0,1.0,0.9998117089271545,0.9991499185562134,0.9982714653015137,0.9996389150619507,0.9994656443595886,0.9995304346084595,1.0
755,1.0,0.0,0.0,0.0,0.0,0.0,0.9997263550758362,0.9993712306022644,0.999136745929718,0.999646782875061,0.9994800686836243,0.9996533393859863,1.0
756,1.0,1.0,0.0,0.0,1.0,0.0,0.9997908473014832,0.9995447993278503,0.9992126226425171,0.9997119307518005,0.9997374415397644,0.9996274709701538,2.0
757,1.0,1.0,1.0,1.0,0.0,1.0,0.9996432065963745,0.9988824725151062,0.9984643459320068,0.9992724061012268,0.9986593723297119,0.9991669654846191,1.0
758,0.0,1.0,1.0,1.0,0.0,1.0,0.9997877478599548,0.9997504353523254,0.9995481371879578,0.9997251629829407,0.9997460246086121,0.9997393488883972,3.0
759,1.0,1.0,1.0,1.0,0.0,1.0,0.9992017149925232,0.9990329742431641,0.9980663657188416,0.9987602233886719,0.9986298084259033,0.9986170530319214,0.0
760,1.0,0.0,0.0,0.0,0.0,0.0,0.999848484992981,0.9996028542518616,0.9988951086997986,0.9997249245643616,0.9997846484184265,0.9997270703315735,3.0
761,1.0,1.0,1.0,1.0,1.0,1.0,0.9996978044509888,0.9996925592422485,0.9993982315063477,0.9995064735412598,0.9995763897895813,0.9996702671051025,3.0
762,1.0,1.0,1.0,1.0,1.0,0.0,0.9995318651199341,0.9992910623550415,0.9987965822219849,0.9993457198143005,0.9992976188659668,0.9991432428359985,2.0
763,1.0,1.0,1.0,1.0,1.0,1.0,0.9995504021644592,0.999461829662323,0.9992043375968933,0.9995088577270508,0.9995315074920654,0.9995008707046509,4.0
764,1.0,1.0,1.0,1.0,1.0,1.0,0.9994950294494629,0.9991052746772766,0.9979724287986755,0.9990021586418152,0.9988954067230225,0.9989209175109863,0.0
765,0.0,0.0,0.0,0.0,0.0,0.0,0.9990243911743164,0.9978796243667603,0.9957406520843506,0.9985576272010803,0.9988217949867249,0.9982879757881165,0.0
766,1.0,1.0,1.0,1.0,1.0,1.0,0.9998412132263184,0.9996720552444458,0.9993185997009277,0.9997243285179138,0.9996968507766724,0.9997108578681946,4.0
767,0.0,0.0,0.0,0.0,0.0,0.0,0.9993501305580139,0.9985854625701904,0.9985485672950745,0.9993442893028259,0.9991995692253113,0.9991433620452881,1.0
768,1.0,1.0,1.0,1.0,1.0,1.0,0.9998138546943665,0.999612033367157,0.9991949200630188,0.9996811151504517,0.9996453523635864,0.9996241331100464,3.0
769,0.0,0.0,0.0,0.0,0.0,0.0,0.9993651509284973,0.9988433122634888,0.9984667301177979,0.9993745684623718,0.9994890689849854,0.9991713762283325,4.0
770,1.0,1.0,0.0,0.0,1.0,0.0,0.9997105002403259,0.9993983507156372,0.999015212059021,0.9996211528778076,0.9996315240859985,0.999538779258728,2.0
771,0.0,0.0,0.0,0.0,0.0,0.0,0.9997467398643494,0.9995269775390625,0.9991559982299805,0.9997101426124573,0.999725878238678,0.9995991587638855,2.0
772,1.0,1.0,1.0,1.0,1.0,1.0,0.9993973970413208,0.9986164569854736,0.9979190230369568,0.998860239982605,0.9980044960975647,0.9985284805297852,1.0
773,1.0,1.0,1.0,1.0,1.0,1.0,0.9997945427894592,0.9994809031486511,0.9988892674446106,0.9995850920677185,0.9995111227035522,0.9995760321617126,3.0
774,1.0,1.0,1.0,1.0,1.0,1.0,0.9990307092666626,0.9985401630401611,0.9971147775650024,0.9981914162635803,0.9982326030731201,0.9980899691581726,0.0
775,1.0,1.0,0.0,0.0,1.0,0.0,0.9998540878295898,0.999553382396698,0.9989251494407654,0.9996694326400757,0.9997128844261169,0.9996875524520874,4.0
776,0.0,1.0,0.0,1.0,0.0,0.0,0.999656081199646,0.9994805455207825,0.9992190599441528,0.9995347261428833,0.999553382396698,0.9994631409645081,4.0
777,1.0,1.0,1.0,1.0,1.0,1.0,0.999210000038147,0.9980483055114746,0.9961493015289307,0.998388409614563,0.9982665181159973,0.9985376596450806,0.0
778,1.0,1.0,1.0,1.0,1.0,1.0,0.9997950196266174,0.9996329545974731,0.9993452429771423,0.9996953010559082,0.9997225403785706,0.9996912479400635,2.0
779,0.0,0.0,1.0,1.0,1.0,1.0,0.9997507929801941,0.9994785189628601,0.999198853969574,0.9996811151504517,0.9996474981307983,0.9996242523193359,4.0
780,1.0,1.0,0.0,1.0,1.0,0.0,0.999782145023346,0.999207079410553,0.998554527759552,0.99950110912323,0.9990352392196655,0.999472439289093,1.0
781,1.0,1.0,1.0,1.0,1.0,1.0,0.9997358918190002,0.9995445609092712,0.9992440938949585,0.9995960593223572,0.9992393255233765,0.9994725584983826,1.0
782,0.0,0.0,0.0,0.0,0.0,0.0,0.9996365308761597,0.9989814162254333,0.99845290184021,0.9995630383491516,0.9993302822113037,0.999329686164856,1.0
783,0.0,0.0,0.0,0.0,0.0,0.0,0.9993365406990051,0.9990830421447754,0.9985861778259277,0.9992936849594116,0.9995322227478027,0.9991053938865662,3.0
784,1.0,1.0,1.0,1.0,1.0,0.0,0.9997699856758118,0.9995943903923035,0.9989405274391174,0.9995431900024414,0.9995392560958862,0.9996188879013062,3.0
785,1.0,1.0,1.0,1.0,1.0,0.0,0.9997047781944275,0.999354898929596,0.9985974431037903,0.9993226528167725,0.9992457628250122,0.9992510676383972,0.0
786,0.0,0.0,0.0,0.0,0.0,0.0,0.9995135068893433,0.9990192651748657,0.9988247752189636,0.9994087219238281,0.9992458820343018,0.9992369413375854,1.0
787,1.0,1.0,0.0,0.0,1.0,0.0,0.9991540908813477,0.99801105260849,0.9958086013793945,0.9984850287437439,0.9988839030265808,0.9983773231506348,0.0
788,0.0,0.0,0.0,0.0,0.0,0.0,0.999767005443573,0.9995493292808533,0.9992638230323792,0.9997233748435974,0.999671220779419,0.999667763710022,2.0
789,0.0,0.0,0.0,0.0,0.0,0.0,0.9996020197868347,0.9993176460266113,0.9989240765571594,0.9995446801185608,0.999637246131897,0.9994263648986816,3.0
790,1.0,1.0,1.0,1.0,1.0,0.0,0.9998536109924316,0.999701201915741,0.999332845211029,0.9997782111167908,0.9997865557670593,0.999768078327179,3.0
791,1.0,1.0,1.0,1.0,1.0,0.0,0.9996484518051147,0.9993447661399841,0.9987837672233582,0.99943608045578,0.999269425868988,0.9993282556533813,4.0
792,1.0,1.0,0.0,0.0,1.0,0.0,0.9997987151145935,0.9992969036102295,0.9988155364990234,0.9996248483657837,0.9993670582771301,0.9995192289352417,1.0
793,1.0,1.0,0.0,0.0,0.0,0.0,0.9998053908348083,0.9994811415672302,0.9990273714065552,0.9997212290763855,0.9996902942657471,0.999599277973175,2.0
794,1.0,1.0,0.0,0.0,0.0,0.0,0.9998130202293396,0.9995096921920776,0.9988418221473694,0.9996175765991211,0.9996209144592285,0.9995728135108948,4.0
795,0.0,0.0,0.0,0.0,0.0,0.0,0.9995169639587402,0.9992514252662659,0.9989780187606812,0.999568521976471,0.9996182918548584,0.9994366765022278,4.0
796,0.0,0.0,0.0,0.0,0.0,0.0,0.9997530579566956,0.9994688630104065,0.9990322589874268,0.999714195728302,0.9997149109840393,0.9996039271354675,2.0
797,1.0,1.0,0.0,0.0,1.0,0.0,0.999840497970581,0.9995443224906921,0.9988915324211121,0.9996753931045532,0.9996991157531738,0.9996771812438965,4.0
798,1.0,1.0,0.0,0.0,1.0,0.0,0.9997772574424744,0.9991816878318787,0.9985201954841614,0.9995549321174622,0.999350368976593,0.9994519352912903,1.0
799,1.0,1.0,1.0,1.0,1.0,1.0,0.9995819926261902,0.9994065761566162,0.9989073276519775,0.9994838237762451,0.9994545578956604,0.9994823932647705,2.0
800,1.0,1.0,0.0,1.0,1.0,0.0,0.9998016953468323,0.9996140599250793,0.9989903569221497,0.9995629191398621,0.9995381832122803,0.9995858073234558,4.0
801,1.0,1.0,1.0,1.0,1.0,1.0,0.9998799562454224,0.9996713399887085,0.9992526173591614,0.9997432827949524,0.999708354473114,0.9997010827064514,3.0
802,0.0,0.0,0.0,0.0,0.0,0.0,0.9995704293251038,0.9991990923881531,0.9989537000656128,0.9995852112770081,0.9995737671852112,0.9994434714317322,2.0
803,0.0,0.0,0.0,0.0,0.0,0.0,0.9996196031570435,0.9994220733642578,0.9990403056144714,0.9996565580368042,0.9996758699417114,0.9994639754295349,2.0
804,1.0,1.0,1.0,1.0,1.0,1.0,0.9996851682662964,0.9993100166320801,0.9984605312347412,0.9993871450424194,0.9993023872375488,0.9992855191230774,4.0
805,1.0,1.0,0.0,0.0,1.0,0.0,0.9998714923858643,0.9995362758636475,0.9988079071044922,0.9996820688247681,0.9997269511222839,0.9997071623802185,4.0
806,1.0,1.0,1.0,1.0,1.0,1.0,0.9996724128723145,0.9995923638343811,0.9993032217025757,0.9996100068092346,0.9995583891868591,0.9995612502098083,2.0
807,1.0,1.0,1.0,1.0,1.0,1.0,0.9994792342185974,0.998740017414093,0.9976262450218201,0.9989973902702332,0.99825519323349,0.9979835748672485,1.0
808,1.0,1.0,1.0,1.0,1.0,0.0,0.9996923208236694,0.9994296431541443,0.9985939860343933,0.999326229095459,0.9992764592170715,0.999284565448761,0.0
809,1.0,1.0,0.0,0.0,1.0,0.0,0.9997333884239197,0.9989700317382812,0.997837483882904,0.9993715882301331,0.9993788003921509,0.9993070363998413,0.0
810,1.0,1.0,0.0,0.0,0.0,0.0,0.9998039603233337,0.9993021488189697,0.9984607696533203,0.9994997978210449,0.9995025396347046,0.9994944334030151,1.0
811,1.0,1.0,0.0,0.0,0.0,0.0,0.9997873902320862,0.9991515874862671,0.9985937476158142,0.9996331930160522,0.9993202686309814,0.9994797110557556,1.0
812,1.0,1.0,1.0,1.0,1.0,1.0,0.9997854828834534,0.9996328353881836,0.9994076490402222,0.9997718930244446,0.9997503161430359,0.9996943473815918,2.0
813,0.0,0.0,0.0,0.0,0.0,0.0,0.999626636505127,0.9992817044258118,0.9987722039222717,0.999575674533844,0.9995958209037781,0.9993785619735718,2.0
814,0.0,1.0,1.0,1.0,1.0,1.0,0.9997054934501648,0.9996100068092346,0.9994193315505981,0.9995825886726379,0.9996100068092346,0.9995967745780945,3.0
815,1.0,1.0,0.0,0.0,0.0,0.0,0.9997991919517517,0.9995342493057251,0.9989416003227234,0.9996312856674194,0.9995356798171997,0.999574601650238,4.0
816,1.0,1.0,1.0,1.0,1.0,1.0,0.9994327425956726,0.9988937973976135,0.9986085295677185,0.9992056488990784,0.9984796643257141,0.9990131855010986,1.0
817,1.0,1.0,1.0,1.0,1.0,0.0,0.9990519881248474,0.9983780384063721,0.9959712624549866,0.9980342984199524,0.9977723956108093,0.9977255463600159,0.0
818,1.0,1.0,1.0,1.0,1.0,1.0,0.999148964881897,0.9982463121414185,0.9967239499092102,0.9981290698051453,0.99811851978302,0.9983023405075073,0.0
819,1.0,1.0,1.0,1.0,1.0,1.0,0.9995757937431335,0.9991940855979919,0.9988682270050049,0.9993364214897156,0.9989752769470215,0.9993090629577637,1.0
820,1.0,1.0,0.0,0.0,0.0,0.0,0.9990537762641907,0.9974038004875183,0.9966063499450684,0.9984171390533447,0.9964498281478882,0.9970274567604065,1.0
821,1.0,1.0,0.0,0.0,0.0,0.0,0.999845027923584,0.9995573163032532,0.9989433884620667,0.9997103810310364,0.9997444748878479,0.9996527433395386,4.0
822,1.0,0.0,0.0,0.0,0.0,0.0,0.9996416568756104,0.9993650317192078,0.9989927411079407,0.9995251893997192,0.9996734857559204,0.9994266033172607,3.0
823,0.0,0.0,0.0,0.0,0.0,0.0,0.999701201915741,0.9992585778236389,0.9986883997917175,0.9996392726898193,0.9996597766876221,0.9995336532592773,3.0
824,1.0,1.0,0.0,0.0,1.0,0.0,0.9997541308403015,0.999415397644043,0.9988405108451843,0.9996147155761719,0.9996689558029175,0.9994874000549316,2.0
825,0.0,0.0,0.0,0.0,0.0,0.0,0.9994850158691406,0.9990648627281189,0.9985806941986084,0.9995354413986206,0.9996283054351807,0.9993422627449036,3.0
826,0.0,0.0,1.0,1.0,1.0,1.0,0.9997584223747253,0.99949049949646,0.9991567134857178,0.9996438026428223,0.9996645450592041,0.9995924830436707,2.0
827,1.0,1.0,0.0,0.0,0.0,0.0,0.999816358089447,0.9993599057197571,0.9980531930923462,0.9995911717414856,0.9996985197067261,0.9996013045310974,3.0
828,1.0,1.0,1.0,1.0,1.0,1.0,0.9996604919433594,0.9993900060653687,0.9987620115280151,0.9994344115257263,0.9993416666984558,0.9994122982025146,3.0
829,0.0,0.0,0.0,0.0,0.0,0.0,0.9990875720977783,0.9985107779502869,0.9970025420188904,0.998406708240509,0.9987265467643738,0.9984344840049744,0.0
830,0.0,0.0,0.0,0.0,0.0,0.0,0.9995632767677307,0.9991099238395691,0.9985107779502869,0.9995300769805908,0.999525785446167,0.9993201494216919,3.0
831,0.0,0.0,0.0,0.0,0.0,0.0,0.999477207660675,0.9991006851196289,0.9987245202064514,0.9995023012161255,0.9996123909950256,0.9993036985397339,4.0
832,1.0,1.0,1.0,1.0,1.0,1.0,0.9989269375801086,0.9980721473693848,0.9946134686470032,0.9971809387207031,0.9972055554389954,0.9971298575401306,0.0
833,1.0,1.0,1.0,1.0,1.0,0.0,0.9997205138206482,0.9994221925735474,0.9985733032226562,0.9994283318519592,0.9993602633476257,0.9993891716003418,3.0
834,1.0,1.0,1.0,0.0,1.0,1.0,0.9998281002044678,0.9996318817138672,0.9992806315422058,0.9997534155845642,0.9997807145118713,0.9996786117553711,2.0
835,0.0,0.0,0.0,0.0,1.0,0.0,0.9995135068893433,0.9990308284759521,0.9987371563911438,0.9995836615562439,0.999675989151001,0.9994361996650696,4.0
836,1.0,1.0,1.0,1.0,1.0,0.0,0.9990361928939819,0.997831404209137,0.994489312171936,0.9972514510154724,0.9967635869979858,0.9964569211006165,0.0
837,1.0,1.0,0.0,0.0,1.0,0.0,0.9997634291648865,0.9989821314811707,0.9974207878112793,0.9995645880699158,0.9995967745780945,0.9993801116943359,3.0
838,1.0,1.0,1.0,0.0,1.0,0.0,0.9996970891952515,0.9989712238311768,0.9983794689178467,0.9992688298225403,0.9990667700767517,0.9992762207984924,1.0
839,1.0,1.0,1.0,1.0,1.0,1.0,0.9997803568840027,0.9992994070053101,0.998653769493103,0.9994576573371887,0.9992535710334778,0.9994508624076843,1.0
840,1.0,1.0,1.0,1.0,1.0,1.0,0.99982088804245,0.9996084570884705,0.9992688298225403,0.9997256398200989,0.9997151494026184,0.9996777772903442,4.0
841,1.0,1.0,0.0,0.0,1.0,0.0,0.9996358156204224,0.9986269474029541,0.9967730641365051,0.9990707039833069,0.9992720484733582,0.9991177916526794,0.0
842,0.0,1.0,1.0,1.0,0.0,1.0,0.9996305704116821,0.999367892742157,0.9990492463111877,0.9994812607765198,0.9992341995239258,0.9992660880088806,1.0
843,1.0,1.0,1.0,1.0,1.0,1.0,0.998793363571167,0.9972490668296814,0.9932667016983032,0.9967785477638245,0.9962305426597595,0.9959263801574707,0.0
844,0.0,0.0,0.0,0.0,0.0,0.0,0.9995970129966736,0.9993429780006409,0.9989688396453857,0.9996503591537476,0.9996771812438965,0.9994742274284363,2.0
845,0.0,1.0,0.0,1.0,1.0,0.0,0.9997156262397766,0.9994592070579529,0.9992172718048096,0.9995741248130798,0.9993265867233276,0.9993403553962708,1.0
846,1.0,1.0,1.0,1.0,1.0,0.0,0.9997677206993103,0.9992233514785767,0.9987276196479797,0.9994007349014282,0.9991994500160217,0.9992651343345642,1.0
847,1.0,1.0,1.0,1.0,1.0,1.0,0.9995930790901184,0.9994327425956726,0.9988304972648621,0.9995236396789551,0.9993866682052612,0.9992140531539917,2.0
848,0.0,0.0,0.0,0.0,0.0,0.0,0.9994637370109558,0.9990480542182922,0.9985297918319702,0.9994261264801025,0.9995338916778564,0.9992617964744568,3.0
849,1.0,1.0,1.0,1.0,1.0,1.0,0.9995051622390747,0.9993182420730591,0.9983720183372498,0.9991763234138489,0.9991174340248108,0.9989186525344849,2.0
850,0.0,0.0,0.0,0.0,0.0,0.0,0.9994944334030151,0.999188244342804,0.9986920952796936,0.9994646906852722,0.9995751976966858,0.9993034601211548,3.0
851,1.0,1.0,0.0,0.0,1.0,0.0,0.9998539686203003,0.9997115731239319,0.9992408752441406,0.9997246861457825,0.9997333884239197,0.9997382760047913,3.0
852,0.0,1.0,1.0,1.0,0.0,1.0,0.9997175335884094,0.9995601773262024,0.9992566704750061,0.9996731281280518,0.9996659755706787,0.9996408224105835,2.0
853,0.0,0.0,0.0,0.0,0.0,0.0,0.9996531009674072,0.9992840886116028,0.9989882111549377,0.9996050000190735,0.9996638298034668,0.9996002316474915,3.0
854,1.0,1.0,0.0,0.0,1.0,0.0,0.9996520280838013,0.999508261680603,0.9991119503974915,0.9996065497398376,0.9996516704559326,0.9995607733726501,4.0
855,1.0,1.0,1.0,1.0,1.0,0.0,0.9996751546859741,0.9991746544837952,0.9979883432388306,0.9990112781524658,0.9990699887275696,0.9992144107818604,0.0
856,1.0,1.0,1.0,1.0,1.0,0.0,0.9998124241828918,0.9995700716972351,0.9989926218986511,0.9995754361152649,0.9995680451393127,0.9996656179428101,4.0
857,1.0,1.0,1.0,1.0,1.0,1.0,0.9997733235359192,0.9992703795433044,0.9987020492553711,0.9995123147964478,0.9990670084953308,0.9994710087776184,1.0
858,0.0,1.0,1.0,1.0,1.0,0.0,0.999795138835907,0.9996792078018188,0.9994033575057983,0.9996970891952515,0.9996433258056641,0.9996654987335205,2.0
859,1.0,1.0,1.0,1.0,1.0,0.0,0.9997466206550598,0.9992662072181702,0.9987115859985352,0.9995112419128418,0.9989965558052063,0.9992762207984924,1.0
860,0.0,0.0,0.0,0.0,0.0,0.0,0.9995142221450806,0.9992341995239258,0.9988839030265808,0.9995179176330566,0.9996254444122314,0.9993544220924377,4.0
861,1.0,0.0,0.0,0.0,0.0,0.0,0.9997456669807434,0.9992889165878296,0.998900294303894,0.999619722366333,0.999459445476532,0.9995701909065247,1.0
862,0.0,0.0,0.0,0.0,0.0,0.0,0.9996577501296997,0.9993370175361633,0.9989105463027954,0.9996439218521118,0.9996542930603027,0.9994762539863586,2.0
863,0.0,0.0,0.0,0.0,0.0,0.0,0.9996161460876465,0.9993249177932739,0.9990801811218262,0.9996355772018433,0.9996304512023926,0.9994885921478271,4.0
864,1.0,1.0,1.0,0.0,0.0,0.0,0.9992434978485107,0.9983221888542175,0.996582567691803,0.9983711838722229,0.9985632300376892,0.9983572363853455,0.0
865,0.0,0.0,0.0,0.0,0.0,0.0,0.9993754029273987,0.998897910118103,0.9978780746459961,0.998993456363678,0.9993649125099182,0.9989940524101257,0.0
866,1.0,1.0,1.0,1.0,1.0,0.0,0.9998451471328735,0.9996631145477295,0.9992333650588989,0.9997110962867737,0.9996789693832397,0.9996985197067261,3.0
867,0.0,0.0,0.0,0.0,0.0,0.0,0.9990880489349365,0.9980089068412781,0.9980300068855286,0.9991680383682251,0.99901282787323,0.9988277554512024,1.0
868,0.0,0.0,0.0,0.0,0.0,0.0,0.999570906162262,0.9992608428001404,0.9988037347793579,0.9995399713516235,0.9996581077575684,0.9994248151779175,3.0
869,1.0,0.0,0.0,0.0,0.0,0.0,0.9997097849845886,0.9994266033172607,0.9989508390426636,0.9996446371078491,0.9996644258499146,0.9995208978652954,2.0
870,0.0,0.0,0.0,0.0,0.0,0.0,0.999482274055481,0.9989959597587585,0.998633086681366,0.9994248151779175,0.9995392560958862,0.9992365837097168,4.0
871,1.0,1.0,1.0,1.0,1.0,0.0,0.9998598098754883,0.9996669292449951,0.9992628693580627,0.9997065663337708,0.9996625185012817,0.9997296929359436,4.0
872,1.0,1.0,1.0,1.0,1.0,1.0,0.9997597336769104,0.9996010661125183,0.999306321144104,0.9997535347938538,0.9997841715812683,0.9996742010116577,3.0
873,0.0,0.0,0.0,0.0,0.0,0.0,0.9990069270133972,0.9978398084640503,0.9978169202804565,0.9991626739501953,0.998967170715332,0.9986604452133179,1.0
874,1.0,1.0,1.0,1.0,0.0,0.0,0.9987432360649109,0.9978477954864502,0.9949866533279419,0.9973363280296326,0.997248113155365,0.9970967769622803,0.0
875,1.0,1.0,1.0,1.0,1.0,1.0,0.9997746348381042,0.9995309114456177,0.9989774227142334,0.9996009469032288,0.9995549321174622,0.9994876384735107,3.0
876,1.0,1.0,0.0,0.0,1.0,0.0,0.9997740387916565,0.9995073080062866,0.9990911483764648,0.9996908903121948,0.9997156262397766,0.999674916267395,3.0
877,1.0,1.0,1.0,1.0,1.0,1.0,0.9998082518577576,0.9995761513710022,0.9989727735519409,0.9996035695075989,0.9995850920677185,0.9996345043182373,4.0
878,1.0,1.0,0.0,0.0,1.0,0.0,0.9995375871658325,0.9993821382522583,0.9989007711410522,0.9994720816612244,0.9995274543762207,0.9993922710418701,4.0
879,0.0,0.0,1.0,0.0,0.0,0.0,0.9995691180229187,0.9991809725761414,0.9991031885147095,0.9995185136795044,0.9989222288131714,0.9995242357254028,1.0
880,0.0,0.0,0.0,0.0,0.0,0.0,0.9993676543235779,0.9989442229270935,0.9985474944114685,0.999471127986908,0.999602735042572,0.9992349147796631,4.0
881,0.0,0.0,0.0,0.0,0.0,0.0,0.9996484518051147,0.9994410872459412,0.9991446733474731,0.9996359348297119,0.9996479749679565,0.9995328187942505,2.0
882,1.0,0.0,0.0,1.0,1.0,1.0,0.9996504783630371,0.9994613528251648,0.9991550445556641,0.9996901750564575,0.999748170375824,0.999582827091217,3.0
883,0.0,0.0,0.0,0.0,0.0,0.0,0.9993114471435547,0.9989084005355835,0.9982945322990417,0.9994181394577026,0.9994710087776184,0.9991711378097534,4.0
884,1.0,1.0,1.0,0.0,1.0,0.0,0.9998480081558228,0.9996421337127686,0.9991375207901001,0.9997335076332092,0.9997368454933167,0.9997497200965881,3.0
885,0.0,1.0,0.0,1.0,1.0,0.0,0.9997870326042175,0.9995378255844116,0.9991658926010132,0.9997161030769348,0.9997114539146423,0.9996688365936279,3.0
886,0.0,0.0,0.0,0.0,1.0,0.0,0.9989945292472839,0.9982765913009644,0.997201681137085,0.9986900687217712,0.9989251494407654,0.9985508322715759,0.0
887,0.0,0.0,1.0,0.0,0.0,0.0,0.999367892742157,0.99854576587677,0.9976803064346313,0.9990168809890747,0.9991875290870667,0.9989487528800964,0.0
888,0.0,0.0,0.0,0.0,0.0,0.0,0.9994891881942749,0.9988499879837036,0.9985658526420593,0.9993594288825989,0.9992319345474243,0.9992238283157349,1.0
889,0.0,0.0,0.0,0.0,0.0,0.0,0.9995647072792053,0.9989172220230103,0.9984863996505737,0.9994243383407593,0.9991074204444885,0.9991554021835327,1.0
890,0.0,0.0,0.0,0.0,0.0,0.0,0.9995319843292236,0.9993120431900024,0.9989468455314636,0.9995189905166626,0.9995748400688171,0.9993866682052612,3.0
891,0.0,0.0,0.0,0.0,0.0,0.0,0.9996621608734131,0.9994275569915771,0.9991015195846558,0.9996163845062256,0.999697208404541,0.9994833469390869,4.0
892,1.0,1.0,1.0,1.0,1.0,0.0,0.9998279809951782,0.9995030164718628,0.9991388320922852,0.9996891021728516,0.9994396567344666,0.9996470212936401,1.0
893,1.0,1.0,0.0,0.0,1.0,0.0,0.9998020529747009,0.9996442794799805,0.9993687272071838,0.999738872051239,0.9997205138206482,0.9996756315231323,2.0
894,0.0,0.0,0.0,0.0,0.0,0.0,0.9994471669197083,0.9990322589874268,0.9986114501953125,0.9994924068450928,0.9995564818382263,0.999292254447937,3.0
895,1.0,1.0,0.0,0.0,1.0,0.0,0.9997953772544861,0.9996108412742615,0.9991217255592346,0.9996224641799927,0.9996211528778076,0.9996275901794434,3.0
896,0.0,1.0,0.0,1.0,1.0,0.0,0.9996341466903687,0.9993301630020142,0.9991046786308289,0.9996465444564819,0.9996989965438843,0.9995217323303223,4.0
897,0.0,0.0,1.0,0.0,0.0,1.0,0.9995694756507874,0.999313235282898,0.9991676807403564,0.9996054768562317,0.9996709823608398,0.9995507597923279,4.0
898,1.0,1.0,0.0,0.0,1.0,0.0,0.999292254447937,0.9981710910797119,0.9960052371025085,0.9983205199241638,0.9989084005355835,0.9985406398773193,0.0
899,1.0,1.0,0.0,0.0,1.0,0.0,0.9996675252914429,0.9988968372344971,0.9973465204238892,0.9990957975387573,0.9993288516998291,0.9991538524627686,0.0
900,0.0,0.0,0.0,0.0,0.0,0.0,0.9993614554405212,0.9989057779312134,0.9986133575439453,0.9992998838424683,0.9992073178291321,0.9989940524101257,1.0
901,0.0,0.0,0.0,0.0,0.0,0.0,0.9995284080505371,0.9989601373672485,0.9984800219535828,0.999460756778717,0.9994148015975952,0.9990639090538025,1.0
902,1.0,1.0,0.0,0.0,0.0,0.0,0.999836802482605,0.9997081160545349,0.9993588328361511,0.9997298121452332,0.9997343420982361,0.9997580647468567,3.0
903,1.0,1.0,0.0,1.0,1.0,1.0,0.9997299313545227,0.9993304014205933,0.9989414811134338,0.9995344877243042,0.9992856383323669,0.999438464641571,1.0
904,1.0,1.0,1.0,1.0,1.0,1.0,0.9997187256813049,0.9996397495269775,0.9994639754295349,0.999605119228363,0.9994339346885681,0.9996069073677063,1.0
905,0.0,1.0,1.0,1.0,0.0,1.0,0.9996782541275024,0.9996001124382019,0.9993947744369507,0.9996111989021301,0.9994352459907532,0.9995879530906677,1.0
906,1.0,1.0,1.0,1.0,1.0,0.0,0.9989571571350098,0.9980592131614685,0.9955226182937622,0.9977537989616394,0.9974905252456665,0.9973701238632202,0.0
907,1.0,1.0,1.0,1.0,1.0,1.0,0.9996861219406128,0.9995052814483643,0.9993442893028259,0.9995947480201721,0.999234676361084,0.9996391534805298,1.0
908,1.0,1.0,1.0,0.0,0.0,0.0,0.9997865557670593,0.9996869564056396,0.9994575381278992,0.9996967315673828,0.999744713306427,0.999727189540863,3.0
909,1.0,1.0,0.0,0.0,1.0,0.0,0.9997864365577698,0.9995647072792053,0.9991401433944702,0.9996849298477173,0.9997472167015076,0.9996600151062012,2.0
910,1.0,1.0,1.0,1.0,1.0,1.0,0.9990708827972412,0.9982045888900757,0.9957017302513123,0.9978188276290894,0.9975818395614624,0.9973044395446777,0.0
911,1.0,1.0,0.0,0.0,1.0,0.0,0.9997515082359314,0.9996992349624634,0.9995336532592773,0.9996446371078491,0.9996566772460938,0.9997155070304871,3.0
912,0.0,0.0,0.0,0.0,0.0,0.0,0.9997822642326355,0.9996570348739624,0.9994238615036011,0.9997376799583435,0.9997420907020569,0.9996904134750366,3.0
913,0.0,1.0,1.0,1.0,0.0,0.0,0.9997062087059021,0.9994204044342041,0.9990320205688477,0.9996001124382019,0.9996497631072998,0.9995614886283875,4.0
914,0.0,0.0,0.0,0.0,0.0,0.0,0.99956876039505,0.9992538094520569,0.9986949563026428,0.9996204376220703,0.9996496438980103,0.9993529915809631,2.0
915,1.0,1.0,1.0,1.0,1.0,1.0,0.9993904829025269,0.9989676475524902,0.997984766960144,0.9990647435188293,0.9991298317909241,0.9988251328468323,0.0
916,1.0,1.0,1.0,1.0,1.0,1.0,0.9997362494468689,0.9996623992919922,0.9992695450782776,0.9996168613433838,0.9996016621589661,0.9996178150177002,2.0
917,1.0,1.0,1.0,1.0,1.0,1.0,0.9991614818572998,0.9987322688102722,0.9976609945297241,0.9987754225730896,0.9976085424423218,0.9978703260421753,1.0
918,0.0,0.0,0.0,0.0,0.0,0.0,0.9996809959411621,0.999432384967804,0.9990291595458984,0.9996674060821533,0.9997133612632751,0.9995629191398621,2.0
919,1.0,1.0,0.0,0.0,1.0,0.0,0.9998334646224976,0.999570906162262,0.9986842274665833,0.999665379524231,0.9997524619102478,0.9996726512908936,3.0
920,0.0,0.0,0.0,0.0,0.0,0.0,0.9995757937431335,0.9993409514427185,0.9989238381385803,0.999481737613678,0.9996138215065002,0.9993997812271118,3.0
921,1.0,1.0,1.0,0.0,1.0,0.0,0.9997287392616272,0.9992515444755554,0.9981591105461121,0.9992339611053467,0.9993525147438049,0.9993464350700378,0.0
922,1.0,1.0,0.0,0.0,1.0,0.0,0.9997201561927795,0.9987552165985107,0.9979305267333984,0.9993802309036255,0.9992632269859314,0.9993168115615845,1.0
923,1.0,1.0,1.0,0.0,0.0,0.0,0.9997091889381409,0.9993021488189697,0.9989262223243713,0.9995303153991699,0.9991239905357361,0.9994902610778809,1.0
924,0.0,1.0,1.0,1.0,1.0,0.0,0.9997676014900208,0.9995063543319702,0.9988621473312378,0.9995586276054382,0.9995138645172119,0.9995311498641968,3.0
925,1.0,1.0,0.0,0.0,0.0,0.0,0.9997054934501648,0.9993003606796265,0.9990102052688599,0.9996370077133179,0.9996188879013062,0.9995548129081726,2.0
926,0.0,0.0,0.0,0.0,0.0,0.0,0.9994798302650452,0.9990956783294678,0.9984958171844482,0.9995707869529724,0.999648928642273,0.9993069171905518,2.0
927,0.0,0.0,0.0,0.0,0.0,0.0,0.9995263814926147,0.9991075396537781,0.9983572363853455,0.9994434714317322,0.999600350856781,0.9992826581001282,3.0
928,1.0,1.0,1.0,1.0,1.0,0.0,0.9998395442962646,0.9996201992034912,0.9991621971130371,0.9997327923774719,0.9996939897537231,0.9997227787971497,4.0
929,0.0,0.0,0.0,0.0,0.0,0.0,0.9995380640029907,0.999284565448761,0.9992226362228394,0.9996243715286255,0.9996776580810547,0.9994816184043884,4.0
930,0.0,0.0,1.0,0.0,0.0,0.0,0.9997175335884094,0.9994476437568665,0.9991637468338013,0.999698281288147,0.9996645450592041,0.9996210336685181,2.0
931,0.0,0.0,0.0,0.0,0.0,0.0,0.9993816614151001,0.9990252256393433,0.9982556700706482,0.9991140961647034,0.9992974996566772,0.9991794228553772,0.0
932,1.0,1.0,1.0,1.0,1.0,1.0,0.998727023601532,0.9974306225776672,0.9935919642448425,0.9969981908798218,0.9967526197433472,0.996871292591095,0.0
933,1.0,1.0,0.0,0.0,1.0,1.0,0.9998206496238708,0.9995182752609253,0.9989468455314636,0.9997027516365051,0.999705970287323,0.9996641874313354,3.0
934,1.0,1.0,0.0,0.0,1.0,0.0,0.9998579025268555,0.9995336532592773,0.9987723231315613,0.9997428059577942,0.9997885823249817,0.9996699094772339,3.0
935,1.0,0.0,0.0,0.0,1.0,1.0,0.9997329115867615,0.9996067881584167,0.9993957281112671,0.9996616840362549,0.9996764659881592,0.999700665473938,3.0
936,0.0,0.0,1.0,0.0,0.0,1.0,0.9996939897537231,0.9996321201324463,0.9994007349014282,0.9996731281280518,0.9996647834777832,0.9996552467346191,2.0
937,1.0,1.0,1.0,1.0,1.0,0.0,0.9994930028915405,0.9987348914146423,0.9978856444358826,0.9989245533943176,0.9978955984115601,0.9986969828605652,1.0
938,1.0,1.0,1.0,1.0,1.0,1.0,0.9996552467346191,0.9995438456535339,0.9993467926979065,0.9995842576026917,0.999211311340332,0.9995545744895935,1.0
939,0.0,0.0,0.0,0.0,0.0,0.0,0.9994418025016785,0.9987227320671082,0.9982860684394836,0.9994120597839355,0.999262273311615,0.999134361743927,1.0
940,1.0,1.0,1.0,1.0,1.0,1.0,0.9988806843757629,0.9976316690444946,0.9952614903450012,0.9976577758789062,0.9973504543304443,0.9976058006286621,0.0
941,0.0,0.0,0.0,0.0,0.0,0.0,0.9995971322059631,0.9993763566017151,0.9989328980445862,0.9995580315589905,0.9996156692504883,0.9994662404060364,2.0
942,1.0,1.0,1.0,1.0,1.0,1.0,0.9993589520454407,0.9982317090034485,0.9975385665893555,0.9987429976463318,0.9975631237030029,0.9983677268028259,1.0
943,1.0,1.0,0.0,1.0,1.0,0.0,0.9993507266044617,0.9985155463218689,0.9981352090835571,0.9993242025375366,0.999146580696106,0.9989250302314758,1.0
944,1.0,1.0,1.0,1.0,1.0,1.0,0.9998185038566589,0.9996071457862854,0.9992997646331787,0.999736487865448,0.9996858835220337,0.99964439868927,2.0
945,1.0,1.0,1.0,1.0,1.0,1.0,0.9998036026954651,0.999488353729248,0.9988738894462585,0.9996033310890198,0.9995920062065125,0.9996046423912048,3.0
946,0.0,0.0,0.0,0.0,0.0,0.0,0.9993539452552795,0.9985437393188477,0.9984592199325562,0.9993330836296082,0.9991816878318787,0.9989548921585083,1.0
947,0.0,0.0,0.0,0.0,0.0,0.0,0.9995168447494507,0.9990984201431274,0.9987780451774597,0.9995397329330444,0.9996620416641235,0.9994581341743469,3.0
948,1.0,1.0,1.0,1.0,1.0,1.0,0.9990938901901245,0.998950183391571,0.9979682564735413,0.9983235001564026,0.9984548091888428,0.998702883720398,0.0
949,1.0,1.0,1.0,1.0,1.0,1.0,0.9994828701019287,0.9991328120231628,0.9984135627746582,0.9991518259048462,0.9991487264633179,0.9989801049232483,0.0
950,1.0,1.0,0.0,0.0,0.0,0.0,0.999517560005188,0.9986883997917175,0.9963016510009766,0.9984791874885559,0.9989513158798218,0.9985670447349548,0.0
951,0.0,0.0,0.0,0.0,0.0,0.0,0.9995867609977722,0.9991236329078674,0.9988570213317871,0.9996224641799927,0.9996370077133179,0.9994581341743469,4.0
952,1.0,1.0,0.0,0.0,0.0,0.0,0.9995588660240173,0.9987101554870605,0.9963222742080688,0.9985211491584778,0.9990168809890747,0.9986022114753723,0.0
953,1.0,1.0,0.0,0.0,1.0,0.0,0.9996048808097839,0.9993769526481628,0.9989768266677856,0.9995108842849731,0.9996201992034912,0.999509334564209,3.0
954,0.0,0.0,0.0,0.0,0.0,0.0,0.9996292591094971,0.9992659687995911,0.998673677444458,0.99959796667099,0.9996888637542725,0.9994834661483765,4.0
955,0.0,0.0,0.0,0.0,0.0,0.0,0.9996967315673828,0.9995449185371399,0.9992893934249878,0.9995920062065125,0.9996100068092346,0.9995599389076233,4.0
956,0.0,0.0,0.0,0.0,0.0,0.0,0.9997376799583435,0.9995742440223694,0.9994032382965088,0.9996918439865112,0.9996935129165649,0.9996635913848877,4.0
957,0.0,1.0,1.0,1.0,0.0,1.0,0.9996516704559326,0.999294638633728,0.9989044666290283,0.9995573163032532,0.9995797276496887,0.9994613528251648,4.0
958,1.0,1.0,0.0,0.0,1.0,0.0,0.9997989535331726,0.9992889165878296,0.9982812404632568,0.9996770620346069,0.9996693134307861,0.9995948672294617,3.0
959,0.0,0.0,0.0,0.0,0.0,0.0,0.9995054006576538,0.9990461468696594,0.9985111355781555,0.9994868040084839,0.9996077418327332,0.9993509650230408,3.0
960,1.0,1.0,1.0,1.0,1.0,1.0,0.9996857643127441,0.9994103908538818,0.9986110925674438,0.9994326233863831,0.9993247985839844,0.9993321299552917,4.0
961,0.0,1.0,1.0,1.0,0.0,1.0,0.9997499585151672,0.9995536208152771,0.9992620348930359,0.9996503591537476,0.9996274709701538,0.9995574355125427,3.0
962,0.0,0.0,0.0,0.0,0.0,0.0,0.9995397329330444,0.999279797077179,0.9988341927528381,0.999575674533844,0.9996054768562317,0.9994096755981445,2.0
963,1.0,1.0,1.0,1.0,1.0,1.0,0.999718964099884,0.9990031123161316,0.9979351758956909,0.9993544220924377,0.9993125200271606,0.9992784857749939,0.0
964,1.0,1.0,0.0,0.0,1.0,0.0,0.9997887015342712,0.999431312084198,0.9989446997642517,0.9995642304420471,0.999288022518158,0.9995929598808289,1.0
965,1.0,1.0,0.0,1.0,1.0,0.0,0.9998063445091248,0.9997041821479797,0.9993732571601868,0.9997392296791077,0.9997697472572327,0.9996798038482666,2.0
966,1.0,1.0,0.0,0.0,1.0,0.0,0.9997250437736511,0.9994391798973083,0.998765230178833,0.9996126294136047,0.9997084736824036,0.999471127986908,2.0
967,0.0,0.0,0.0,0.0,0.0,0.0,0.9994795918464661,0.9990301132202148,0.9982341527938843,0.9994753003120422,0.9995866417884827,0.999247670173645,3.0
968,1.0,1.0,1.0,1.0,1.0,1.0,0.9996989965438843,0.9992056488990784,0.9978943467140198,0.9990725517272949,0.9992225170135498,0.9992364645004272,0.0
969,1.0,0.0,0.0,0.0,0.0,0.0,0.9997400641441345,0.9994014501571655,0.9986566305160522,0.9996540546417236,0.9996848106384277,0.9995427131652832,3.0
970,1.0,1.0,1.0,0.0,1.0,0.0,0.999842643737793,0.9995245933532715,0.9988137483596802,0.999731719493866,0.9997569918632507,0.9997195601463318,3.0
971,1.0,1.0,1.0,1.0,1.0,1.0,0.99977046251297,0.9996048808097839,0.9993150234222412,0.9996752738952637,0.999708354473114,0.9996289014816284,3.0
972,1.0,1.0,1.0,1.0,1.0,1.0,0.9997557997703552,0.9995243549346924,0.999089241027832,0.9995831847190857,0.9994959831237793,0.9995455145835876,4.0
973,1.0,1.0,1.0,1.0,1.0,0.0,0.9998310804367065,0.9993578791618347,0.9989699125289917,0.9996458292007446,0.9994126558303833,0.9995365142822266,1.0
974,0.0,0.0,0.0,0.0,0.0,0.0,0.9995757937431335,0.9991698265075684,0.9986625909805298,0.9995918869972229,0.9996190071105957,0.9993483424186707,2.0
975,0.0,0.0,0.0,0.0,0.0,0.0,0.9997068047523499,0.9994630217552185,0.9992493987083435,0.9996138215065002,0.9996631145477295,0.9995018243789673,4.0
976,1.0,1.0,0.0,0.0,1.0,0.0,0.9998278617858887,0.9996508359909058,0.999315619468689,0.9997770190238953,0.999775230884552,0.9997230172157288,2.0
977,1.0,1.0,0.0,0.0,1.0,0.0,0.9996678829193115,0.9993088245391846,0.9986553192138672,0.9993509650230408,0.9992300271987915,0.9993358254432678,3.0
978,0.0,0.0,0.0,0.0,0.0,0.0,0.9995563626289368,0.9991389513015747,0.9987367987632751,0.9995898604393005,0.9995852112770081,0.9993199110031128,2.0
979,0.0,0.0,0.0,0.0,0.0,0.0,0.9997602105140686,0.99951171875,0.9992959499359131,0.9997296929359436,0.9996885061264038,0.9996167421340942,2.0
980,1.0,1.0,0.0,0.0,1.0,0.0,0.9998480081558228,0.999586284160614,0.9985619187355042,0.9996588230133057,0.9997697472572327,0.9996660947799683,3.0
981,1.0,1.0,0.0,1.0,1.0,0.0,0.9997499585151672,0.9995087385177612,0.9989799857139587,0.9995610117912292,0.999519944190979,0.9995397329330444,4.0
982,1.0,1.0,1.0,1.0,1.0,1.0,0.9994533658027649,0.9990193843841553,0.998491644859314,0.9990931749343872,0.998700737953186,0.9989407658576965,1.0
983,1.0,1.0,0.0,1.0,1.0,1.0,0.9996434450149536,0.9989181756973267,0.9983385801315308,0.9991556406021118,0.9986880421638489,0.9991245865821838,1.0
984,1.0,1.0,1.0,1.0,1.0,1.0,0.9995694756507874,0.9990181922912598,0.9976946711540222,0.998830258846283,0.9989284873008728,0.9990596175193787,0.0
985,1.0,1.0,1.0,0.0,0.0,0.0,0.9997569918632507,0.9994751811027527,0.9989768266677856,0.9995245933532715,0.9992886781692505,0.9995354413986206,1.0
986,0.0,0.0,0.0,0.0,0.0,0.0,0.9996114373207092,0.999339759349823,0.9989161491394043,0.9996125102043152,0.9995995163917542,0.9993656277656555,2.0
987,0.0,0.0,0.0,0.0,0.0,0.0,0.9990434050559998,0.9981368780136108,0.9970237612724304,0.9985779523849487,0.9989243149757385,0.9986530542373657,0.0
988,1.0,1.0,1.0,1.0,1.0,0.0,0.9997556805610657,0.9995408058166504,0.9991170763969421,0.9996469020843506,0.9996236562728882,0.9995160102844238,2.0
989,1.0,1.0,0.0,0.0,1.0,1.0,0.9992725253105164,0.9985089898109436,0.9983139038085938,0.9992073178291321,0.9988453388214111,0.9989479184150696,1.0
990,1.0,1.0,1.0,1.0,1.0,0.0,0.9997703433036804,0.9996111989021301,0.9992188215255737,0.9996505975723267,0.9996750354766846,0.9996222257614136,2.0
991,1.0,1.0,0.0,0.0,1.0,0.0,0.999795138835907,0.9994619488716125,0.9990743398666382,0.9996752738952637,0.9996650218963623,0.9996196031570435,3.0
992,1.0,0.0,0.0,0.0,1.0,1.0,0.9996019005775452,0.9994534850120544,0.9990862607955933,0.9996110796928406,0.9997251629829407,0.9995530247688293,3.0
993,1.0,1.0,0.0,0.0,1.0,0.0,0.999659538269043,0.9988662004470825,0.9971981048583984,0.9989714622497559,0.9992228746414185,0.9991377592086792,0.0
994,1.0,1.0,1.0,1.0,1.0,1.0,0.9997729659080505,0.9994649291038513,0.9990630745887756,0.9996337890625,0.9996520280838013,0.9995275735855103,2.0
995,1.0,1.0,1.0,1.0,1.0,0.0,0.9996814727783203,0.99928879737854,0.9981778860092163,0.9992788434028625,0.9990872144699097,0.9991304278373718,4.0
996,0.0,1.0,1.0,1.0,0.0,1.0,0.9997765421867371,0.9997109770774841,0.9995261430740356,0.9997294545173645,0.999771773815155,0.9997417330741882,3.0
997,1.0,1.0,1.0,1.0,1.0,1.0,0.9992545247077942,0.9981970191001892,0.9971144199371338,0.9985489249229431,0.9970730543136597,0.9978712797164917,1.0
998,1.0,1.0,1.0,1.0,0.0,1.0,0.9991846680641174,0.9989179372787476,0.9978206157684326,0.9983980059623718,0.9984428286552429,0.9987493753433228,0.0
999,1.0,1.0,0.0,0.0,0.0,0.0,0.9997614026069641,0.9989562034606934,0.9983115196228027,0.9995866417884827,0.9993264675140381,0.999470055103302,1.0
1000,1.0,1.0,0.0,0.0,0.0,0.0,0.9996415376663208,0.9983086585998535,0.9961022138595581,0.9990880489349365,0.9992790818214417,0.9990296363830566,0.0
1001,1.0,1.0,1.0,1.0,1.0,1.0,0.9992995262145996,0.998272180557251,0.9971784353256226,0.998559296131134,0.9973087310791016,0.9983808994293213,1.0
1002,1.0,1.0,1.0,0.0,1.0,0.0,0.9998666048049927,0.9997400641441345,0.9993245601654053,0.9997560381889343,0.9997734427452087,0.9997738003730774,3.0
1003,1.0,1.0,1.0,1.0,1.0,1.0,0.9997994303703308,0.9997285008430481,0.9995412826538086,0.999760091304779,0.9997861981391907,0.9997393488883972,3.0
1004,1.0,1.0,1.0,1.0,1.0,0.0,0.9994456171989441,0.9985970854759216,0.9976478219032288,0.9989145994186401,0.9979110360145569,0.9987921118736267,1.0
1005,1.0,1.0,0.0,0.0,1.0,0.0,0.9997687935829163,0.9990479350090027,0.9983782768249512,0.9995347261428833,0.9993852376937866,0.9994491934776306,1.0
1006,1.0,1.0,0.0,0.0,1.0,0.0,0.9998047947883606,0.9994694590568542,0.9989864230155945,0.9997417330741882,0.9997487664222717,0.9996302127838135,2.0
1007,1.0,1.0,1.0,0.0,1.0,1.0,0.9998050332069397,0.9991569519042969,0.9987350106239319,0.999575674533844,0.9994528889656067,0.999524712562561,1.0
1008,1.0,1.0,1.0,1.0,1.0,0.0,0.9998779296875,0.9996761083602905,0.9991962313652039,0.9997820258140564,0.9997605681419373,0.9997525811195374,3.0
1009,1.0,1.0,1.0,1.0,1.0,0.0,0.9995984435081482,0.9990098476409912,0.997649610042572,0.998939573764801,0.9991247057914734,0.9990267753601074,0.0
1010,1.0,1.0,0.0,0.0,0.0,0.0,0.9997319579124451,0.9993732571601868,0.9989423155784607,0.9997187256813049,0.999760091304779,0.9995867609977722,2.0
1011,1.0,1.0,0.0,0.0,1.0,0.0,0.9997954964637756,0.9994646906852722,0.9987466335296631,0.9997020363807678,0.9996687173843384,0.9996360540390015,3.0
1012,0.0,1.0,1.0,0.0,0.0,1.0,0.9996802806854248,0.9993060827255249,0.999038577079773,0.9995505213737488,0.9995354413986206,0.9994970560073853,4.0
1013,0.0,0.0,0.0,0.0,0.0,0.0,0.9995860457420349,0.9992306232452393,0.998795747756958,0.9996315240859985,0.9996315240859985,0.9993591904640198,2.0
1014,1.0,1.0,1.0,1.0,1.0,1.0,0.9997032284736633,0.9994708895683289,0.998963475227356,0.9994950294494629,0.9993969202041626,0.9993977546691895,4.0
1015,1.0,1.0,0.0,0.0,1.0,1.0,0.9996806383132935,0.9993348717689514,0.9989439845085144,0.9996341466903687,0.9997168183326721,0.9995237588882446,3.0
1016,1.0,1.0,1.0,1.0,1.0,1.0,0.9995794892311096,0.9994148015975952,0.9989014863967896,0.9993545413017273,0.9993784427642822,0.9993972778320312,4.0
1017,1.0,1.0,1.0,1.0,1.0,0.0,0.999592125415802,0.9993558526039124,0.998524010181427,0.9992997646331787,0.9991612434387207,0.9991136193275452,4.0
1018,0.0,1.0,1.0,1.0,0.0,1.0,0.9997174143791199,0.9995982050895691,0.9993384480476379,0.9995841383934021,0.9995377063751221,0.9994843006134033,1.0
1019,1.0,1.0,0.0,0.0,0.0,0.0,0.999760091304779,0.9994621872901917,0.998847484588623,0.9995864033699036,0.9994706511497498,0.9994137287139893,3.0
1020,1.0,1.0,1.0,1.0,1.0,1.0,0.9996610879898071,0.9993709921836853,0.9987050294876099,0.9993778467178345,0.9992340803146362,0.9992659687995911,4.0
1021,1.0,1.0,0.0,0.0,0.0,0.0,0.9998254179954529,0.9994286894798279,0.9984474778175354,0.9995686411857605,0.9996558427810669,0.9995908141136169,4.0
1022,1.0,1.0,1.0,1.0,1.0,0.0,0.9998145699501038,0.9995922446250916,0.9993077516555786,0.999755322933197,0.9997231364250183,0.9996368885040283,2.0
1023,1.0,1.0,0.0,0.0,1.0,0.0,0.999624490737915,0.9992650151252747,0.9987850785255432,0.9995787739753723,0.9996317625045776,0.9993997812271118,2.0
1024,1.0,1.0,0.0,0.0,1.0,0.0,0.9998424053192139,0.999495267868042,0.9985221028327942,0.9997060894966125,0.999776303768158,0.9997114539146423,3.0
1025,1.0,1.0,1.0,1.0,1.0,1.0,0.9998071789741516,0.999599039554596,0.9991508722305298,0.9996700286865234,0.9996331930160522,0.999636173248291,4.0
1026,0.0,0.0,0.0,0.0,0.0,0.0,0.9992724061012268,0.9983262419700623,0.9964524507522583,0.9989450573921204,0.9992960691452026,0.9985964894294739,0.0
1027,1.0,1.0,0.0,0.0,1.0,0.0,0.9997723698616028,0.9993001222610474,0.9987419247627258,0.9995607733726501,0.9993590712547302,0.9994946718215942,1.0
1028,0.0,0.0,0.0,0.0,0.0,0.0,0.9997598528862,0.9995860457420349,0.9993762373924255,0.9997102618217468,0.9997051358222961,0.9996830224990845,4.0
1029,1.0,1.0,0.0,0.0,0.0,0.0,0.9996905326843262,0.9993637204170227,0.9986578226089478,0.9995660185813904,0.9996565580368042,0.9995285272598267,2.0
1030,0.0,0.0,0.0,0.0,0.0,0.0,0.9989532232284546,0.9977916479110718,0.9962652325630188,0.9984632730484009,0.9988170862197876,0.9984278678894043,0.0
1031,0.0,1.0,1.0,1.0,0.0,1.0,0.9997420907020569,0.9997127652168274,0.9995318651199341,0.999672532081604,0.9997256398200989,0.9997327923774719,3.0
1032,1.0,1.0,1.0,1.0,0.0,1.0,0.9997133612632751,0.9996753931045532,0.9994933605194092,0.999648928642273,0.999715268611908,0.9997119307518005,3.0
1033,0.0,0.0,0.0,0.0,0.0,0.0,0.9989595413208008,0.9983808994293213,0.9970396161079407,0.998643696308136,0.9990160465240479,0.9982019662857056,0.0
1034,0.0,0.0,0.0,0.0,0.0,0.0,0.9995197057723999,0.9991010427474976,0.9988625049591064,0.9994366765022278,0.9993245601654053,0.9991853833198547,1.0
1035,1.0,1.0,1.0,1.0,1.0,0.0,0.9997995495796204,0.999446451663971,0.998885452747345,0.9996976852416992,0.9996397495269775,0.9995961785316467,3.0
1036,1.0,0.0,0.0,0.0,0.0,0.0,0.9997569918632507,0.9991589784622192,0.9984533786773682,0.9994695782661438,0.999394416809082,0.9994819760322571,1.0
1037,1.0,0.0,0.0,0.0,0.0,0.0,0.9997581839561462,0.9993177652359009,0.9987813830375671,0.9995228052139282,0.9993817806243896,0.9995104074478149,1.0
1038,1.0,1.0,0.0,0.0,1.0,0.0,0.999843955039978,0.9995487332344055,0.9989725351333618,0.9996763467788696,0.9996939897537231,0.9997155070304871,4.0
1039,1.0,1.0,0.0,0.0,0.0,0.0,0.9998157620429993,0.9994231462478638,0.998661994934082,0.9996805191040039,0.999648928642273,0.999629020690918,3.0
1040,1.0,1.0,1.0,1.0,1.0,0.0,0.9995114803314209,0.9990315437316895,0.9978965520858765,0.9990100860595703,0.9988611936569214,0.9989269375801086,0.0
1041,0.0,0.0,0.0,0.0,0.0,0.0,0.999531626701355,0.9991496801376343,0.9986163377761841,0.999516487121582,0.9996141195297241,0.9994356036186218,2.0
1042,1.0,1.0,1.0,1.0,0.0,0.0,0.9998078942298889,0.9995755553245544,0.9990215301513672,0.9996342658996582,0.9996531009674072,0.9996058344841003,3.0
1043,0.0,0.0,0.0,0.0,0.0,0.0,0.9995858073234558,0.9991555213928223,0.9988056421279907,0.9996069073677063,0.9996210336685181,0.999396562576294,2.0
1044,1.0,1.0,1.0,1.0,1.0,0.0,0.999863862991333,0.9996498823165894,0.9992188215255737,0.9997363686561584,0.9997276663780212,0.9997480511665344,4.0
1045,0.0,0.0,0.0,0.0,0.0,0.0,0.9994710087776184,0.9992202520370483,0.9989814162254333,0.9995688796043396,0.9996384382247925,0.9993841648101807,4.0
1046,1.0,1.0,1.0,0.0,0.0,0.0,0.999823272228241,0.9995601773262024,0.9991751313209534,0.9997488856315613,0.9997504353523254,0.9996910095214844,2.0
1047,1.0,1.0,0.0,0.0,1.0,0.0,0.9997047781944275,0.9991056323051453,0.997941792011261,0.9993023872375488,0.9994496703147888,0.99941086769104,0.0
1048,1.0,1.0,0.0,0.0,0.0,0.0,0.9998598098754883,0.9996629953384399,0.9992257356643677,0.9997486472129822,0.9997561573982239,0.9997691512107849,3.0
1049,0.0,1.0,1.0,1.0,0.0,1.0,0.9993587136268616,0.9982156753540039,0.9964800477027893,0.9983125925064087,0.9984132051467896,0.9983976483345032,0.0
1050,1.0,1.0,1.0,1.0,1.0,0.0,0.9990678429603577,0.9986883997917175,0.9974035620689392,0.998359739780426,0.9984039664268494,0.9983550906181335,0.0
1051,0.0,0.0,0.0,0.0,0.0,0.0,0.9993560910224915,0.9989979863166809,0.9986391663551331,0.9993933439254761,0.9994959831237793,0.9992460012435913,4.0
1052,1.0,1.0,1.0,0.0,0.0,1.0,0.9997301697731018,0.9991592168807983,0.9983727931976318,0.999339759349823,0.9989140033721924,0.9993175268173218,1.0
1053,1.0,1.0,1.0,1.0,1.0,0.0,0.9998326301574707,0.9994193315505981,0.9989412426948547,0.999622106552124,0.9993708729743958,0.9995168447494507,1.0
1054,0.0,0.0,0.0,0.0,0.0,0.0,0.9989107847213745,0.9980093836784363,0.9963974356651306,0.9985020160675049,0.9988254904747009,0.9982384443283081,0.0
1055,0.0,0.0,0.0,0.0,0.0,0.0,0.9996726512908936,0.9994732737541199,0.9992018342018127,0.9996411800384521,0.9996511936187744,0.9995307922363281,2.0
1056,0.0,0.0,0.0,0.0,0.0,0.0,0.9997796416282654,0.9993914365768433,0.9988453388214111,0.9996511936187744,0.9996993541717529,0.9996218681335449,4.0
1057,0.0,0.0,0.0,0.0,0.0,0.0,0.99920254945755,0.998450517654419,0.9972140192985535,0.9986407160758972,0.9990013241767883,0.9987026453018188,0.0
1058,1.0,1.0,1.0,1.0,1.0,1.0,0.9996123909950256,0.9994282126426697,0.9988731741905212,0.999483585357666,0.9993300437927246,0.9992209672927856,2.0
1059,1.0,1.0,1.0,1.0,1.0,1.0,0.9998437166213989,0.9996702671051025,0.9992862343788147,0.9997438788414001,0.9996979236602783,0.9996870756149292,4.0
1060,1.0,1.0,0.0,0.0,1.0,0.0,0.9998512268066406,0.9995718598365784,0.9990206956863403,0.9997226595878601,0.9997610449790955,0.9997441172599792,4.0
1061,1.0,1.0,1.0,1.0,1.0,0.0,0.9997618794441223,0.9994907379150391,0.9990298748016357,0.9996727705001831,0.9996926784515381,0.9996274709701538,2.0
1062,1.0,1.0,0.0,0.0,1.0,0.0,0.9998691082000732,0.9996758699417114,0.9991738200187683,0.9997816681861877,0.9997543692588806,0.9997331500053406,3.0
1063,0.0,0.0,0.0,0.0,0.0,0.0,0.9997172951698303,0.9994049072265625,0.9989920258522034,0.9996634721755981,0.9996776580810547,0.9995765089988708,2.0
1064,1.0,1.0,0.0,0.0,0.0,0.0,0.9998387098312378,0.9995136260986328,0.998872697353363,0.9996497631072998,0.999736487865448,0.9996800422668457,4.0
1065,0.0,1.0,1.0,1.0,1.0,0.0,0.9997195601463318,0.999514102935791,0.9991534948348999,0.9996577501296997,0.9997016787528992,0.9995753169059753,3.0
1066,1.0,1.0,0.0,0.0,1.0,0.0,0.9998692274093628,0.9997091889381409,0.9993324875831604,0.9997889399528503,0.9997645020484924,0.9997566342353821,3.0
1067,1.0,1.0,0.0,0.0,1.0,0.0,0.9997461438179016,0.999160647392273,0.9975838661193848,0.9995415210723877,0.9996212720870972,0.999428927898407,3.0
1068,0.0,0.0,0.0,0.0,0.0,0.0,0.9995713829994202,0.9992777705192566,0.998755931854248,0.9995442032814026,0.9995554089546204,0.9993588328361511,3.0
1069,1.0,1.0,0.0,1.0,1.0,0.0,0.9997968077659607,0.9995194673538208,0.9989810585975647,0.9996113181114197,0.9995922446250916,0.999578058719635,3.0
1070,1.0,1.0,0.0,1.0,1.0,0.0,0.9998451471328735,0.9995962977409363,0.9990531802177429,0.9997004270553589,0.999687910079956,0.9997127652168274,3.0
1071,0.0,0.0,0.0,0.0,0.0,0.0,0.9990183115005493,0.9985418319702148,0.9981008172035217,0.999180018901825,0.9994115829467773,0.9988969564437866,4.0
1072,0.0,0.0,0.0,0.0,0.0,0.0,0.9994840621948242,0.9991461038589478,0.9987066984176636,0.9994332194328308,0.9995898604393005,0.9992949962615967,3.0
1073,1.0,1.0,1.0,1.0,1.0,1.0,0.9996129870414734,0.9990266561508179,0.9984191656112671,0.9992364645004272,0.998680055141449,0.9990801811218262,1.0
1074,1.0,1.0,1.0,1.0,1.0,1.0,0.9990682005882263,0.9983003735542297,0.9956971406936646,0.997829258441925,0.9979873895645142,0.9974924325942993,0.0
1075,0.0,0.0,0.0,0.0,0.0,0.0,0.9996669292449951,0.9994626641273499,0.9990392923355103,0.9996362924575806,0.999642014503479,0.9994986057281494,2.0
1076,0.0,0.0,0.0,0.0,0.0,0.0,0.999570906162262,0.999202311038971,0.9989782571792603,0.9995772242546082,0.9996272325515747,0.9994315505027771,4.0
1077,0.0,0.0,0.0,0.0,0.0,0.0,0.9997352957725525,0.9995766282081604,0.999249279499054,0.9995760321617126,0.9996823072433472,0.9996531009674072,3.0
1078,0.0,0.0,0.0,0.0,0.0,0.0,0.9993964433670044,0.9991169571876526,0.9983009696006775,0.998999297618866,0.9992551207542419,0.9989582300186157,0.0
1079,1.0,1.0,0.0,0.0,1.0,0.0,0.9995532631874084,0.9985602498054504,0.9979968667030334,0.9990530610084534,0.9983415603637695,0.9988840222358704,1.0
1080,0.0,0.0,0.0,0.0,0.0,0.0,0.9996660947799683,0.9994854927062988,0.9992726445198059,0.9996494054794312,0.9996858835220337,0.9995970129966736,3.0
1081,1.0,1.0,0.0,0.0,1.0,0.0,0.9998216032981873,0.999483585357666,0.9987473487854004,0.9996079802513123,0.9996209144592285,0.9995554089546204,3.0
1082,1.0,1.0,1.0,1.0,1.0,1.0,0.9997212290763855,0.9995087385177612,0.9989487528800964,0.999529242515564,0.9994353652000427,0.9993926286697388,4.0
1083,1.0,1.0,1.0,1.0,1.0,1.0,0.9994962215423584,0.9986854195594788,0.9973334074020386,0.998696506023407,0.9987215399742126,0.9984264373779297,0.0
1084,1.0,1.0,1.0,1.0,1.0,1.0,0.9993791580200195,0.9987618923187256,0.9975813627243042,0.9990043044090271,0.9990609288215637,0.9986974596977234,0.0
1085,0.0,0.0,0.0,0.0,0.0,0.0,0.9992992877960205,0.998982846736908,0.9981833100318909,0.9989891648292542,0.9992471933364868,0.998898983001709,0.0
1086,1.0,1.0,1.0,1.0,0.0,1.0,0.9997890591621399,0.99956876039505,0.9990617632865906,0.9995980858802795,0.9995343685150146,0.999639630317688,4.0
1087,1.0,1.0,1.0,1.0,1.0,1.0,0.9994115829467773,0.9990050196647644,0.9977471232414246,0.9990143775939941,0.9986966252326965,0.9984993934631348,2.0
1088,0.0,0.0,0.0,0.0,0.0,0.0,0.9995244741439819,0.9991582632064819,0.9987677335739136,0.9995802044868469,0.9995993971824646,0.9993320107460022,2.0
1089,1.0,1.0,0.0,0.0,1.0,0.0,0.9998334646224976,0.9992833733558655,0.9986592531204224,0.9995483756065369,0.9993507266044617,0.9993844032287598,1.0
1090,1.0,1.0,0.0,1.0,1.0,0.0,0.9993638396263123,0.9988383650779724,0.997917115688324,0.9990707635879517,0.9992648959159851,0.999128520488739,0.0
1091,1.0,1.0,1.0,1.0,1.0,0.0,0.999721348285675,0.9991446733474731,0.9985101819038391,0.999358594417572,0.9988314509391785,0.9992238283157349,1.0
1092,0.0,1.0,1.0,1.0,0.0,1.0,0.9997513890266418,0.9996602535247803,0.9993664622306824,0.9996961355209351,0.9997242093086243,0.9996640682220459,3.0
1093,0.0,0.0,1.0,1.0,0.0,1.0,0.999765932559967,0.9995470643043518,0.9992648959159851,0.9997072815895081,0.999666690826416,0.9996483325958252,2.0
1094,1.0,1.0,0.0,0.0,0.0,0.0,0.9996010661125183,0.9991934895515442,0.9985775947570801,0.9995536208152771,0.9996127486228943,0.9993081092834473,2.0
1095,1.0,1.0,1.0,1.0,1.0,0.0,0.9998877048492432,0.9996922016143799,0.999277651309967,0.9997578263282776,0.999727189540863,0.9997590184211731,4.0
1096,0.0,1.0,1.0,1.0,0.0,0.0,0.99973064661026,0.9994741082191467,0.9990791082382202,0.9997128844261169,0.999710738658905,0.9996054768562317,2.0
1097,1.0,1.0,1.0,0.0,0.0,0.0,0.9998838901519775,0.9996846914291382,0.9992144107818604,0.9998040795326233,0.9997864365577698,0.9997712969779968,3.0
1098,1.0,1.0,0.0,0.0,0.0,0.0,0.9998936653137207,0.9997454285621643,0.9993638396263123,0.9997816681861877,0.9997681975364685,0.9997596144676208,3.0
1099,1.0,1.0,1.0,1.0,1.0,0.0,0.9997548460960388,0.999613344669342,0.9990550875663757,0.9995729327201843,0.9995587468147278,0.9995222091674805,3.0
1100,1.0,1.0,1.0,1.0,1.0,1.0,0.999535083770752,0.999403715133667,0.9987181425094604,0.9993199110031128,0.9991390705108643,0.9991260170936584,2.0
1101,1.0,1.0,1.0,1.0,1.0,1.0,0.9995383024215698,0.9992969036102295,0.9989878535270691,0.9993213415145874,0.9987817406654358,0.9992014765739441,1.0
1102,1.0,1.0,1.0,1.0,1.0,0.0,0.9997362494468689,0.999461829662323,0.9990333318710327,0.9997135996818542,0.9997064471244812,0.9996013045310974,2.0
1103,0.0,0.0,1.0,0.0,0.0,1.0,0.999596893787384,0.9994420409202576,0.9987800717353821,0.9993906021118164,0.9994274377822876,0.9993355870246887,0.0
1104,1.0,1.0,1.0,0.0,1.0,0.0,0.9998608827590942,0.9996252059936523,0.9992532134056091,0.9997281432151794,0.9997281432151794,0.9997357726097107,4.0
1105,0.0,0.0,0.0,1.0,0.0,0.0,0.9993438124656677,0.998383641242981,0.9981498718261719,0.9988589286804199,0.9984563589096069,0.9987795948982239,1.0
1106,0.0,0.0,0.0,0.0,0.0,0.0,0.9996869564056396,0.9995124340057373,0.9992625117301941,0.999617338180542,0.9996683597564697,0.9996101260185242,3.0
1107,1.0,1.0,0.0,0.0,1.0,0.0,0.9996016621589661,0.9986844658851624,0.9982016086578369,0.9993231296539307,0.9987688660621643,0.9992202520370483,1.0
1108,0.0,0.0,0.0,0.0,0.0,0.0,0.9994126558303833,0.9984651803970337,0.9982486963272095,0.9993066787719727,0.9990918636322021,0.9990170001983643,1.0
1109,1.0,1.0,1.0,1.0,1.0,1.0,0.9995294809341431,0.9992805123329163,0.9989125728607178,0.9993599057197571,0.999327540397644,0.9992287158966064,4.0
1110,1.0,1.0,1.0,1.0,0.0,1.0,0.9996612071990967,0.9994558691978455,0.9990690350532532,0.9995822310447693,0.9995167255401611,0.999485969543457,2.0
1111,1.0,1.0,1.0,1.0,1.0,1.0,0.9996153116226196,0.9995806813240051,0.9992066025733948,0.9995675683021545,0.9994737505912781,0.9995107650756836,2.0
1112,1.0,0.0,0.0,0.0,0.0,0.0,0.9993889331817627,0.9985339641571045,0.997123658657074,0.9990354776382446,0.9992239475250244,0.9990065693855286,0.0
1113,1.0,1.0,1.0,1.0,1.0,0.0,0.9997634291648865,0.9994864463806152,0.9989688396453857,0.9996507167816162,0.9996757507324219,0.9995946288108826,2.0
1114,1.0,1.0,1.0,1.0,1.0,1.0,0.9998064637184143,0.9996497631072998,0.9992640614509583,0.9997742772102356,0.9997491240501404,0.9996757507324219,2.0
1115,0.0,0.0,1.0,0.0,0.0,0.0,0.9996954202651978,0.9995788931846619,0.9993939399719238,0.9996694326400757,0.9996902942657471,0.9996950626373291,3.0
1116,1.0,1.0,0.0,0.0,1.0,0.0,0.9996616840362549,0.9987931251525879,0.997893750667572,0.9993010759353638,0.9992013573646545,0.9992629885673523,1.0
1117,1.0,1.0,0.0,0.0,1.0,0.0,0.9998012185096741,0.999442994594574,0.9988522529602051,0.9997337460517883,0.9997367262840271,0.9995679259300232,2.0
1118,0.0,0.0,0.0,0.0,0.0,0.0,0.9994064569473267,0.9986587762832642,0.9983446598052979,0.9994019269943237,0.9992913007736206,0.9991230368614197,1.0
1119,1.0,1.0,0.0,0.0,0.0,0.0,0.9998151659965515,0.999492883682251,0.9986013770103455,0.9996404647827148,0.9997337460517883,0.9996464252471924,3.0
1120,0.0,0.0,0.0,0.0,0.0,0.0,0.9996663331985474,0.9993436932563782,0.9989563226699829,0.9996569156646729,0.9996840953826904,0.9995638728141785,2.0
1121,0.0,0.0,0.0,0.0,0.0,0.0,0.999278724193573,0.9984111785888672,0.9975128173828125,0.9988572597503662,0.9990710020065308,0.9988549947738647,0.0
1122,0.0,0.0,0.0,0.0,0.0,0.0,0.9995627999305725,0.999112069606781,0.9988548755645752,0.9995809197425842,0.9996271133422852,0.9995006322860718,4.0
1123,0.0,0.0,0.0,0.0,0.0,0.0,0.9996716976165771,0.9994718432426453,0.9992274045944214,0.999630331993103,0.9997065663337708,0.9995361566543579,4.0
1124,1.0,1.0,1.0,1.0,1.0,1.0,0.9996448755264282,0.9991587400436401,0.997951090335846,0.999030351638794,0.9992325305938721,0.9992751479148865,0.0
1125,0.0,0.0,1.0,0.0,0.0,0.0,0.9995074272155762,0.9989019632339478,0.9987924098968506,0.9994503855705261,0.9992938041687012,0.9992079138755798,1.0
1126,0.0,1.0,1.0,1.0,1.0,1.0,0.9995172023773193,0.9994112253189087,0.9989951252937317,0.9993826150894165,0.9993341565132141,0.9993122816085815,4.0
1127,1.0,1.0,0.0,1.0,1.0,0.0,0.9996490478515625,0.9994091987609863,0.999186098575592,0.9996824264526367,0.9997310042381287,0.9996005892753601,3.0
1128,1.0,1.0,1.0,0.0,1.0,0.0,0.9998840093612671,0.9996461868286133,0.9990266561508179,0.999736487865448,0.9997324347496033,0.9997453093528748,3.0
1129,1.0,1.0,0.0,1.0,1.0,0.0,0.9998438358306885,0.9996370077133179,0.9992144107818604,0.9997456669807434,0.9997218251228333,0.9997429251670837,4.0
1130,1.0,1.0,1.0,1.0,1.0,1.0,0.9995540976524353,0.9993268251419067,0.9988176226615906,0.9993546605110168,0.9992839694023132,0.9992955923080444,4.0
1131,0.0,1.0,0.0,1.0,1.0,0.0,0.9994377493858337,0.9988048076629639,0.9977326393127441,0.9991957545280457,0.9993541836738586,0.999038577079773,0.0
1132,1.0,1.0,1.0,1.0,1.0,0.0,0.9991399049758911,0.9983590245246887,0.9961715340614319,0.9981485605239868,0.9981365203857422,0.9979429841041565,0.0
1133,0.0,0.0,0.0,0.0,0.0,0.0,0.9995940327644348,0.9992941617965698,0.9988642930984497,0.9995911717414856,0.9996159076690674,0.9994295239448547,2.0
1134,1.0,1.0,1.0,0.0,0.0,0.0,0.9996106028556824,0.9988417029380798,0.9974811673164368,0.9990587830543518,0.9992469549179077,0.9990154504776001,0.0
1135,0.0,0.0,0.0,0.0,0.0,0.0,0.9995916485786438,0.9992086291313171,0.9987025260925293,0.9995831847190857,0.9996651411056519,0.9994367957115173,4.0
1136,1.0,1.0,0.0,0.0,1.0,0.0,0.9998695850372314,0.9996137022972107,0.9989169836044312,0.9997069239616394,0.9997531771659851,0.9997290968894958,4.0
1137,0.0,0.0,0.0,0.0,0.0,0.0,0.9994019269943237,0.9991334080696106,0.9987364411354065,0.9994279742240906,0.9995176792144775,0.9992669224739075,3.0
1138,1.0,1.0,1.0,1.0,1.0,1.0,0.9997487664222717,0.999416708946228,0.9986423850059509,0.9994014501571655,0.9994329810142517,0.9993221759796143,0.0
1139,1.0,1.0,1.0,1.0,1.0,1.0,0.9998655319213867,0.9996802806854248,0.9992196559906006,0.9997197985649109,0.9997190833091736,0.9997387528419495,3.0
1140,1.0,0.0,0.0,0.0,0.0,0.0,0.9996602535247803,0.9993231296539307,0.9988829493522644,0.9995877146720886,0.999652624130249,0.9995402097702026,2.0
1141,0.0,0.0,0.0,0.0,0.0,0.0,0.999575674533844,0.999160647392273,0.998771607875824,0.9996222257614136,0.999688982963562,0.9994465708732605,3.0
1142,1.0,1.0,1.0,0.0,1.0,0.0,0.999813973903656,0.9996073842048645,0.999160647392273,0.9997424483299255,0.9997532963752747,0.9996718168258667,2.0
1143,0.0,0.0,0.0,0.0,0.0,0.0,0.9993626475334167,0.9988656044006348,0.9986005425453186,0.9994864463806152,0.9995778203010559,0.9992635846138,4.0
1144,1.0,1.0,1.0,1.0,1.0,0.0,0.9994542002677917,0.9983727335929871,0.9971996545791626,0.9987310767173767,0.9977311491966248,0.9977929592132568,1.0
1145,1.0,1.0,1.0,1.0,1.0,1.0,0.9995385408401489,0.9994767308235168,0.9988110065460205,0.9994369149208069,0.9993776679039001,0.9992964267730713,2.0
1146,1.0,1.0,0.0,0.0,0.0,0.0,0.9997538924217224,0.9993696808815002,0.9986981153488159,0.9996547698974609,0.999715268611908,0.9995172023773193,2.0
1147,1.0,0.0,0.0,0.0,0.0,0.0,0.9997474551200867,0.9995150566101074,0.9991785883903503,0.9996683597564697,0.9997027516365051,0.9996966123580933,4.0
1148,1.0,1.0,1.0,1.0,1.0,0.0,0.9996720552444458,0.9994039535522461,0.9987385869026184,0.9994252920150757,0.9993081092834473,0.9993295669555664,3.0
1149,1.0,1.0,0.0,1.0,1.0,0.0,0.9997294545173645,0.9994484782218933,0.9985893368721008,0.9994632601737976,0.9994194507598877,0.9994219541549683,3.0
1150,1.0,0.0,0.0,0.0,0.0,0.0,0.9997931122779846,0.9994284510612488,0.9984543323516846,0.9996716976165771,0.9997202754020691,0.9996253252029419,3.0
1151,1.0,1.0,1.0,1.0,1.0,0.0,0.9996962547302246,0.9994491934776306,0.9991132616996765,0.9996330738067627,0.9996114373207092,0.999573290348053,2.0
1152,0.0,0.0,0.0,0.0,0.0,0.0,0.999508261680603,0.99918133020401,0.9988442659378052,0.999539852142334,0.9996464252471924,0.99934321641922,4.0
1153,1.0,1.0,1.0,1.0,1.0,1.0,0.9997977614402771,0.9995993971824646,0.999147891998291,0.9996256828308105,0.9995899796485901,0.9995809197425842,4.0
1154,0.0,0.0,0.0,0.0,0.0,0.0,0.9994799494743347,0.9991291165351868,0.9987969398498535,0.9995217323303223,0.9995860457420349,0.9993175268173218,4.0
1155,1.0,1.0,1.0,1.0,1.0,1.0,0.9987621307373047,0.9979817867279053,0.9947952628135681,0.9972909092903137,0.9970653653144836,0.9964195489883423,0.0
1156,1.0,1.0,1.0,1.0,1.0,1.0,0.999538779258728,0.9991695880889893,0.9989420771598816,0.9994136095046997,0.9988147020339966,0.9993529915809631,1.0
1157,1.0,1.0,1.0,1.0,1.0,1.0,0.9997134804725647,0.9992465972900391,0.998689591884613,0.9993684887886047,0.9989925026893616,0.9994075298309326,1.0
1158,0.0,0.0,0.0,0.0,0.0,0.0,0.9995085000991821,0.9992017149925232,0.998626708984375,0.999460756778717,0.9995669722557068,0.9992614388465881,4.0
1159,1.0,1.0,1.0,1.0,1.0,0.0,0.9997101426124573,0.9994288086891174,0.9988409876823425,0.9995527863502502,0.9994072914123535,0.9993330836296082,2.0
1160,0.0,1.0,0.0,0.0,1.0,0.0,0.9997124075889587,0.9995771050453186,0.9991829991340637,0.9996334314346313,0.9994879961013794,0.9995132684707642,2.0
1161,0.0,0.0,0.0,0.0,0.0,0.0,0.9994984865188599,0.9989452958106995,0.9987599849700928,0.9993923902511597,0.9992457628250122,0.9992265701293945,1.0
1162,0.0,0.0,1.0,0.0,0.0,0.0,0.9993376135826111,0.9990447163581848,0.99802565574646,0.9990859031677246,0.9989049434661865,0.9987275004386902,4.0
1163,0.0,1.0,1.0,1.0,0.0,1.0,0.9997383952140808,0.9996943473815918,0.9995452761650085,0.9996540546417236,0.9996944665908813,0.9997064471244812,3.0
1164,1.0,1.0,1.0,1.0,0.0,0.0,0.9993948936462402,0.9988800883293152,0.9981174468994141,0.9989423155784607,0.9989112615585327,0.9990948438644409,0.0
1165,0.0,0.0,0.0,0.0,0.0,0.0,0.9994754195213318,0.9987924098968506,0.9986940026283264,0.9994238615036011,0.999226450920105,0.9990884065628052,1.0
1166,0.0,0.0,0.0,0.0,0.0,0.0,0.9996343851089478,0.9994547963142395,0.9992792010307312,0.9996090531349182,0.9996415376663208,0.999584972858429,3.0
1167,0.0,0.0,0.0,0.0,0.0,0.0,0.9995924830436707,0.9994189739227295,0.9990265369415283,0.9995229244232178,0.9996455907821655,0.9993947744369507,3.0
1168,0.0,0.0,0.0,0.0,0.0,0.0,0.9997065663337708,0.9995754361152649,0.999409556388855,0.999648928642273,0.9993842840194702,0.9995550513267517,1.0
1169,0.0,0.0,0.0,0.0,0.0,0.0,0.9994698166847229,0.9992485642433167,0.9986214637756348,0.9991000890731812,0.9990659356117249,0.9991627931594849,0.0
1170,0.0,0.0,0.0,0.0,0.0,0.0,0.9996737241744995,0.9991901516914368,0.9987596273422241,0.9995948672294617,0.9996100068092346,0.9994014501571655,3.0
1171,1.0,1.0,1.0,1.0,1.0,1.0,0.9998003840446472,0.9995535016059875,0.9990743398666382,0.9995923638343811,0.9995280504226685,0.9995692372322083,4.0
1172,1.0,1.0,1.0,1.0,1.0,1.0,0.9996108412742615,0.9994192123413086,0.9989249110221863,0.9994376301765442,0.9993594288825989,0.999411940574646,2.0
1173,0.0,0.0,0.0,0.0,0.0,0.0,0.9992764592170715,0.9987132549285889,0.9983080625534058,0.999218225479126,0.9992425441741943,0.9989632368087769,1.0
1174,1.0,1.0,0.0,0.0,0.0,0.0,0.9996310472488403,0.9992746710777283,0.998645007610321,0.999596893787384,0.9996380805969238,0.9994220733642578,2.0
1175,1.0,1.0,1.0,0.0,1.0,0.0,0.9997645020484924,0.9993293285369873,0.9988570213317871,0.9996246099472046,0.9991950392723083,0.9994105100631714,1.0
1176,1.0,1.0,1.0,1.0,1.0,1.0,0.9997661709785461,0.9996423721313477,0.9994126558303833,0.9997201561927795,0.9997337460517883,0.9997413754463196,2.0
1177,0.0,1.0,1.0,1.0,1.0,1.0,0.9997043013572693,0.9995163679122925,0.999263346195221,0.9996302127838135,0.999666690826416,0.9996521472930908,2.0
1178,1.0,1.0,1.0,1.0,1.0,1.0,0.9994696974754333,0.9989492297172546,0.9976896047592163,0.9989491105079651,0.9989748001098633,0.9989370703697205,0.0
1179,1.0,1.0,1.0,1.0,1.0,0.0,0.9992398023605347,0.9980792999267578,0.997017502784729,0.9981892704963684,0.9972798824310303,0.9973840117454529,1.0
1180,1.0,1.0,1.0,1.0,1.0,1.0,0.9997397065162659,0.9995788931846619,0.9992639422416687,0.9996199607849121,0.9996742010116577,0.9996306896209717,4.0
1181,1.0,1.0,1.0,1.0,1.0,0.0,0.9993808269500732,0.9987310767173767,0.9971768856048584,0.9987428784370422,0.9989017248153687,0.998573899269104,0.0
1182,1.0,1.0,1.0,1.0,0.0,1.0,0.9993634819984436,0.9986947178840637,0.997722327709198,0.9988656044006348,0.9989726543426514,0.9991310238838196,0.0
1183,1.0,1.0,1.0,1.0,0.0,1.0,0.9995337724685669,0.9994226694107056,0.9990682005882263,0.9994696974754333,0.999537467956543,0.9994170665740967,4.0
1184,1.0,1.0,1.0,1.0,1.0,0.0,0.9998985528945923,0.9997510313987732,0.9994301199913025,0.9998027682304382,0.9997665286064148,0.9997958540916443,4.0
1185,1.0,1.0,0.0,1.0,1.0,0.0,0.9996886253356934,0.9995273351669312,0.9991167187690735,0.9995548129081726,0.9995089769363403,0.9994944334030151,2.0
1186,0.0,0.0,0.0,0.0,1.0,0.0,0.9995906949043274,0.9992477893829346,0.9988318085670471,0.9995208978652954,0.9996320009231567,0.999329686164856,4.0
1187,1.0,1.0,1.0,1.0,1.0,0.0,0.9990777969360352,0.9981974959373474,0.995302677154541,0.9979173541069031,0.9978132247924805,0.9976683259010315,0.0
1188,0.0,0.0,0.0,0.0,0.0,0.0,0.9990800619125366,0.9985859394073486,0.9975806474685669,0.9985900521278381,0.9989559650421143,0.9983598589897156,0.0
1189,1.0,1.0,1.0,1.0,1.0,1.0,0.9995631575584412,0.9990763664245605,0.997912585735321,0.9990137815475464,0.9989500641822815,0.9989383816719055,0.0
1190,0.0,0.0,0.0,0.0,0.0,0.0,0.9991687536239624,0.998365581035614,0.9968870282173157,0.9987105131149292,0.9991938471794128,0.998570442199707,0.0
1191,1.0,1.0,1.0,1.0,1.0,0.0,0.9997686743736267,0.9994563460350037,0.9986483454704285,0.9994423985481262,0.9994755387306213,0.9993849992752075,0.0
1192,0.0,0.0,0.0,0.0,0.0,0.0,0.9992377758026123,0.9984869956970215,0.9981153011322021,0.9990567564964294,0.9989049434661865,0.9988203644752502,1.0
1193,0.0,0.0,0.0,0.0,0.0,0.0,0.9996696710586548,0.9994415640830994,0.9990118741989136,0.9996525049209595,0.9996891021728516,0.9994913339614868,2.0
1194,1.0,1.0,0.0,1.0,0.0,1.0,0.999869704246521,0.9996631145477295,0.999241828918457,0.9997106194496155,0.9996854066848755,0.9997665286064148,4.0
1195,1.0,1.0,1.0,1.0,1.0,1.0,0.9998481273651123,0.9996705055236816,0.9993246793746948,0.9997878670692444,0.9997753500938416,0.9997519850730896,3.0
1196,0.0,0.0,0.0,0.0,0.0,0.0,0.9997121691703796,0.9992489218711853,0.998916745185852,0.9995436072349548,0.9993559718132019,0.9995176792144775,1.0
1197,1.0,1.0,0.0,0.0,1.0,0.0,0.9996609687805176,0.9991787075996399,0.9988449811935425,0.9994462132453918,0.999131977558136,0.9992761015892029,1.0
1198,0.0,1.0,1.0,1.0,0.0,1.0,0.9997196793556213,0.9996176958084106,0.9993687272071838,0.9996695518493652,0.9996659755706787,0.9997039437294006,2.0
1199,0.0,0.0,0.0,0.0,0.0,0.0,0.9995958209037781,0.9993744492530823,0.998914361000061,0.9995449185371399,0.9996883869171143,0.9994316697120667,3.0
1200,1.0,1.0,1.0,1.0,1.0,0.0,0.999758780002594,0.9993144273757935,0.9984745383262634,0.9994174242019653,0.9993708729743958,0.9992830157279968,0.0
1201,1.0,1.0,0.0,0.0,0.0,0.0,0.9992932081222534,0.9983333945274353,0.996442973613739,0.9984512329101562,0.9986312985420227,0.9983611702919006,0.0
1202,1.0,1.0,1.0,1.0,1.0,1.0,0.9998164772987366,0.9994438290596008,0.9991248250007629,0.9996821880340576,0.9994310736656189,0.9996366500854492,1.0
1203,0.0,0.0,0.0,0.0,0.0,0.0,0.999586284160614,0.9990125894546509,0.9987004995346069,0.9995019435882568,0.9993199110031128,0.9993165731430054,1.0
1204,0.0,1.0,0.0,0.0,0.0,0.0,0.9996187686920166,0.9990390539169312,0.9980008006095886,0.9991621971130371,0.9991218447685242,0.9989914298057556,0.0
1205,1.0,1.0,1.0,1.0,1.0,0.0,0.9998655319213867,0.999603807926178,0.9991508722305298,0.9997442364692688,0.9997232556343079,0.9997277855873108,3.0
1206,1.0,1.0,0.0,0.0,1.0,0.0,0.9998399019241333,0.99952232837677,0.9989508390426636,0.9996227025985718,0.9995265007019043,0.9996165037155151,1.0
1207,1.0,1.0,0.0,0.0,1.0,0.0,0.9998490810394287,0.9995449185371399,0.9988657236099243,0.9996613264083862,0.9996820688247681,0.9996204376220703,4.0
1208,0.0,1.0,1.0,1.0,1.0,1.0,0.9986110925674438,0.9982144832611084,0.9961633682250977,0.9975679516792297,0.9974370002746582,0.9972520470619202,0.0
1209,0.0,0.0,0.0,0.0,0.0,0.0,0.9994174242019653,0.9989770650863647,0.9988044500350952,0.9993953704833984,0.9992344379425049,0.9991071820259094,1.0
1210,1.0,1.0,1.0,1.0,1.0,0.0,0.9987229704856873,0.9976212382316589,0.9932340979576111,0.9969196319580078,0.9967048764228821,0.9954784512519836,0.0
1211,1.0,1.0,0.0,0.0,0.0,0.0,0.9996364116668701,0.9992864727973938,0.9986133575439453,0.9996169805526733,0.9996941089630127,0.999508261680603,2.0
1212,0.0,0.0,0.0,0.0,0.0,0.0,0.9995566010475159,0.9992258548736572,0.9987302422523499,0.9995852112770081,0.9996354579925537,0.9993457198143005,3.0
1213,1.0,1.0,0.0,1.0,1.0,0.0,0.9996547698974609,0.9993834495544434,0.9986667633056641,0.9993643164634705,0.9993553757667542,0.9993875026702881,3.0
1214,0.0,0.0,0.0,0.0,0.0,0.0,0.9994511008262634,0.99887615442276,0.998722493648529,0.9994749426841736,0.9991968274116516,0.9992994070053101,1.0
1215,0.0,0.0,0.0,0.0,0.0,0.0,0.9995293617248535,0.9990925788879395,0.998735249042511,0.9995537400245667,0.9996084570884705,0.9994978904724121,4.0
1216,1.0,1.0,0.0,1.0,1.0,0.0,0.9997777342796326,0.9995425939559937,0.9991680383682251,0.9996721744537354,0.9996644258499146,0.9996781349182129,2.0
1217,1.0,1.0,1.0,0.0,1.0,0.0,0.9998014569282532,0.9995707869529724,0.9991720914840698,0.9997498393058777,0.9997685551643372,0.9997051358222961,2.0
1218,0.0,0.0,0.0,0.0,0.0,0.0,0.9993070363998413,0.9988985061645508,0.9986410737037659,0.9993811845779419,0.9995337724685669,0.999334990978241,4.0
1219,0.0,0.0,0.0,0.0,0.0,0.0,0.9995900988578796,0.9991446733474731,0.9986956715583801,0.9995174407958984,0.9995741248130798,0.999302864074707,3.0
1220,1.0,1.0,1.0,1.0,1.0,0.0,0.9998050332069397,0.9995846152305603,0.9992241859436035,0.9997822642326355,0.9997860789299011,0.9996579885482788,2.0
1221,0.0,1.0,1.0,1.0,1.0,0.0,0.9995748400688171,0.9990468621253967,0.9988067150115967,0.9995587468147278,0.9993740916252136,0.9994210004806519,1.0
1222,1.0,1.0,0.0,1.0,1.0,0.0,0.9993810653686523,0.9981689453125,0.996525228023529,0.9984452128410339,0.9973318576812744,0.9975946545600891,1.0
1223,1.0,1.0,0.0,0.0,1.0,0.0,0.9997699856758118,0.9991455078125,0.9985324144363403,0.999498724937439,0.9992489218711853,0.9994811415672302,1.0
1224,1.0,1.0,0.0,1.0,1.0,0.0,0.9998385906219482,0.9995731711387634,0.9989774227142334,0.9996877908706665,0.9997313618659973,0.999710738658905,4.0
1225,1.0,1.0,0.0,0.0,0.0,0.0,0.9998225569725037,0.9996032118797302,0.9991827607154846,0.9996939897537231,0.9997655749320984,0.9996887445449829,2.0
1226,0.0,1.0,1.0,1.0,1.0,1.0,0.9997792840003967,0.9996999502182007,0.9995061159133911,0.9996738433837891,0.9997121691703796,0.9996774196624756,3.0
1227,0.0,0.0,0.0,0.0,1.0,0.0,0.999579131603241,0.9991389513015747,0.9985358715057373,0.9995948672294617,0.9996302127838135,0.9994009733200073,2.0
1228,1.0,1.0,1.0,1.0,1.0,1.0,0.9991499185562134,0.9982481002807617,0.99687260389328,0.9984763264656067,0.9965437054634094,0.9959601759910583,1.0
1229,1.0,1.0,1.0,1.0,1.0,0.0,0.9995819926261902,0.9992995262145996,0.9984955787658691,0.9993782043457031,0.999195396900177,0.9989863038063049,2.0
1230,0.0,0.0,0.0,0.0,0.0,0.0,0.9990715980529785,0.9981726408004761,0.9968247413635254,0.9988093376159668,0.9991776347160339,0.9986066222190857,0.0
1231,1.0,1.0,0.0,0.0,1.0,0.0,0.9995681643486023,0.9982365369796753,0.9973434805870056,0.9989520311355591,0.9984295964241028,0.9989473223686218,1.0
1232,1.0,1.0,1.0,1.0,1.0,0.0,0.9996715784072876,0.9994912147521973,0.9989404082298279,0.9994757771492004,0.999426007270813,0.9994797110557556,2.0
1233,1.0,1.0,1.0,1.0,1.0,1.0,0.999786913394928,0.999609649181366,0.999097466468811,0.999626636505127,0.9996296167373657,0.9996527433395386,3.0
1234,1.0,1.0,1.0,1.0,1.0,0.0,0.9998372793197632,0.9997007846832275,0.9992899894714355,0.9997817873954773,0.9997738003730774,0.9997105002403259,2.0
1235,1.0,1.0,1.0,1.0,1.0,1.0,0.9996939897537231,0.9986818432807922,0.9977670907974243,0.9990488886833191,0.9985686540603638,0.9990130662918091,1.0
1236,1.0,1.0,1.0,1.0,1.0,1.0,0.9996914863586426,0.9995225667953491,0.9992414712905884,0.9995679259300232,0.9993294477462769,0.9995100498199463,1.0
1237,1.0,1.0,1.0,1.0,1.0,1.0,0.9995229244232178,0.9987838864326477,0.9986108541488647,0.9992790818214417,0.9987080097198486,0.9991449117660522,1.0
1238,1.0,1.0,1.0,1.0,1.0,0.0,0.9997792840003967,0.999612033367157,0.9991248250007629,0.9996028542518616,0.9995779395103455,0.9995331764221191,4.0
1239,0.0,0.0,0.0,0.0,0.0,0.0,0.9991907477378845,0.9980752468109131,0.9976824522018433,0.9988725781440735,0.9987723231315613,0.9985130429267883,1.0
1240,1.0,1.0,0.0,0.0,0.0,0.0,0.999584972858429,0.9985116124153137,0.9955018162727356,0.9987636804580688,0.9992153644561768,0.9987636804580688,0.0
1241,1.0,1.0,0.0,0.0,1.0,0.0,0.9998267292976379,0.999579131603241,0.9990326166152954,0.9996919631958008,0.9997186064720154,0.9996840953826904,4.0
1242,0.0,0.0,0.0,0.0,0.0,0.0,0.9994993209838867,0.9991484880447388,0.998727023601532,0.9995225667953491,0.9995701909065247,0.9993255138397217,2.0
1243,1.0,1.0,1.0,1.0,1.0,1.0,0.9998016953468323,0.9996618032455444,0.9992031455039978,0.9995933175086975,0.9995567202568054,0.9995657801628113,3.0
1244,1.0,1.0,1.0,1.0,1.0,1.0,0.9997215867042542,0.999382495880127,0.9984915256500244,0.9994786381721497,0.9993232488632202,0.999321699142456,3.0
1245,0.0,1.0,1.0,1.0,1.0,1.0,0.9997256398200989,0.9996342658996582,0.9994086027145386,0.9995861649513245,0.9995322227478027,0.9996271133422852,3.0
1246,1.0,1.0,0.0,0.0,1.0,0.0,0.999686598777771,0.9990593791007996,0.9975717663764954,0.998950719833374,0.9992508292198181,0.9991207718849182,0.0
1247,1.0,1.0,0.0,0.0,0.0,0.0,0.9996289014816284,0.9987646341323853,0.9968067407608032,0.998705267906189,0.9988442659378052,0.9989712238311768,0.0
1248,0.0,0.0,0.0,1.0,0.0,1.0,0.9998342990875244,0.9995998740196228,0.999169111251831,0.9996907711029053,0.9996587038040161,0.9997071623802185,4.0
1249,1.0,1.0,1.0,1.0,1.0,1.0,0.9994350075721741,0.9990572333335876,0.9981542229652405,0.9990654587745667,0.9990299940109253,0.9990112781524658,2.0
1250,1.0,1.0,0.0,0.0,0.0,0.0,0.9998598098754883,0.9995729327201843,0.9988896250724792,0.9996947050094604,0.9997150301933289,0.9997091889381409,4.0
1251,1.0,1.0,0.0,0.0,1.0,0.0,0.9997214674949646,0.999276340007782,0.9981953501701355,0.9995648264884949,0.9995972514152527,0.9994757771492004,3.0
1252,1.0,1.0,1.0,1.0,1.0,0.0,0.9996811151504517,0.9993340373039246,0.9983990788459778,0.9993513226509094,0.9992275238037109,0.9991976618766785,3.0
1253,0.0,1.0,1.0,1.0,1.0,0.0,0.9997377991676331,0.9994981288909912,0.9992874264717102,0.9997543692588806,0.9997281432151794,0.9996441602706909,2.0
1254,1.0,1.0,0.0,0.0,0.0,0.0,0.9998053908348083,0.999625563621521,0.9992914199829102,0.9996566772460938,0.999651312828064,0.9996521472930908,4.0
1255,1.0,1.0,0.0,0.0,0.0,0.0,0.999599277973175,0.9986453652381897,0.9974417686462402,0.9988325238227844,0.9980916380882263,0.9987550973892212,1.0
1256,1.0,1.0,0.0,0.0,0.0,0.0,0.999860405921936,0.9996090531349182,0.9990872144699097,0.9996858835220337,0.9997014403343201,0.9996895790100098,4.0
1257,1.0,1.0,1.0,1.0,1.0,0.0,0.9998873472213745,0.9996904134750366,0.999288022518158,0.9997698664665222,0.9997302889823914,0.999794065952301,4.0
1258,0.0,0.0,0.0,0.0,0.0,0.0,0.9992006421089172,0.9983363747596741,0.9976542592048645,0.9989676475524902,0.9990503191947937,0.9988672733306885,0.0
1259,1.0,1.0,0.0,0.0,1.0,0.0,0.9997894167900085,0.9995872378349304,0.9992050528526306,0.9996581077575684,0.9996805191040039,0.999666690826416,2.0
1260,0.0,0.0,0.0,0.0,0.0,0.0,0.9996707439422607,0.9993506073951721,0.9988874793052673,0.9996435642242432,0.9996854066848755,0.9995217323303223,2.0
1261,1.0,1.0,1.0,1.0,1.0,0.0,0.9997448325157166,0.9994720816612244,0.9992009997367859,0.9996737241744995,0.9997074007987976,0.9996663331985474,2.0
1262,0.0,0.0,1.0,0.0,0.0,0.0,0.9996034502983093,0.9994066953659058,0.9989500641822815,0.9996115565299988,0.9996545314788818,0.9994489550590515,2.0
1263,0.0,0.0,1.0,0.0,0.0,0.0,0.9996509552001953,0.9993249177932739,0.9991208910942078,0.9996341466903687,0.9991294741630554,0.9996371269226074,1.0
1264,0.0,1.0,1.0,1.0,0.0,1.0,0.9997389912605286,0.9995154142379761,0.9992948770523071,0.9996538162231445,0.9997003078460693,0.999677300453186,4.0
1265,1.0,1.0,1.0,1.0,0.0,0.0,0.9995545744895935,0.9984595775604248,0.9966424703598022,0.9984318614006042,0.9986851811408997,0.9989132881164551,0.0
1266,0.0,0.0,0.0,0.0,0.0,0.0,0.9995319843292236,0.9992138147354126,0.9988211989402771,0.9995865225791931,0.9996390342712402,0.9994169473648071,4.0
1267,0.0,1.0,1.0,1.0,0.0,1.0,0.9995405673980713,0.9993550181388855,0.9989734888076782,0.9993919134140015,0.9993785619735718,0.9994046688079834,4.0
1268,1.0,1.0,1.0,1.0,1.0,0.0,0.9997169375419617,0.9988957643508911,0.9982417821884155,0.9993834495544434,0.9988732933998108,0.9993758797645569,1.0
1269,0.0,0.0,0.0,0.0,0.0,0.0,0.9992803931236267,0.9984468817710876,0.9984240531921387,0.9993597865104675,0.9991523027420044,0.9991000890731812,1.0
1270,1.0,1.0,1.0,1.0,1.0,0.0,0.9998031258583069,0.9996817111968994,0.9993786811828613,0.9997418522834778,0.9997668862342834,0.9997273087501526,2.0
1271,1.0,1.0,1.0,0.0,0.0,0.0,0.9998164772987366,0.9995278120040894,0.9991605281829834,0.9997246861457825,0.9997422099113464,0.999648928642273,2.0
1272,0.0,0.0,0.0,0.0,0.0,0.0,0.9994775652885437,0.9989509582519531,0.9979700446128845,0.9993659853935242,0.9995311498641968,0.9992594122886658,3.0
1273,1.0,1.0,1.0,0.0,1.0,0.0,0.9996905326843262,0.9994315505027771,0.9988872408866882,0.9994038343429565,0.9994619488716125,0.9995133876800537,2.0
1274,0.0,0.0,0.0,0.0,1.0,0.0,0.9996544122695923,0.9988388419151306,0.9980518817901611,0.999342143535614,0.9991687536239624,0.9992339611053467,1.0
1275,1.0,1.0,1.0,1.0,1.0,1.0,0.9998798370361328,0.999663233757019,0.9992049336433411,0.9997220635414124,0.9997207522392273,0.9997413754463196,4.0
1276,0.0,0.0,0.0,0.0,0.0,0.0,0.999395489692688,0.9989494681358337,0.9985283613204956,0.9994773268699646,0.999586284160614,0.9992289543151855,3.0
1277,1.0,1.0,1.0,0.0,1.0,0.0,0.9998624324798584,0.9996336698532104,0.999213695526123,0.9997753500938416,0.9997203946113586,0.999752938747406,3.0
1278,1.0,1.0,1.0,1.0,1.0,1.0,0.99977046251297,0.9996278285980225,0.9993190765380859,0.9997578263282776,0.9997642636299133,0.9996211528778076,2.0
1279,1.0,1.0,0.0,0.0,1.0,0.0,0.9998675584793091,0.9996352195739746,0.9991000890731812,0.9997312426567078,0.9997398257255554,0.9997302889823914,3.0
1280,1.0,1.0,0.0,0.0,0.0,0.0,0.999685525894165,0.9990270137786865,0.9976035952568054,0.9989820122718811,0.9992233514785767,0.9991445541381836,0.0
1281,0.0,0.0,0.0,0.0,0.0,0.0,0.9995973706245422,0.9992402791976929,0.9986926913261414,0.9996564388275146,0.9996782541275024,0.99950110912323,2.0
1282,1.0,1.0,1.0,1.0,1.0,1.0,0.999809205532074,0.9996535778045654,0.9992401599884033,0.9996412992477417,0.9996629953384399,0.9997138381004333,4.0
1283,1.0,1.0,1.0,1.0,1.0,1.0,0.9995249509811401,0.9992050528526306,0.9982897639274597,0.9990466237068176,0.998896598815918,0.9987103939056396,3.0
1284,0.0,0.0,0.0,0.0,0.0,0.0,0.9992331266403198,0.998516857624054,0.9983567595481873,0.9993071556091309,0.9992263317108154,0.9989879727363586,1.0
1285,1.0,1.0,1.0,1.0,1.0,1.0,0.9992844462394714,0.9984717965126038,0.9963223934173584,0.9981624484062195,0.9981312155723572,0.998439371585846,0.0
1286,0.0,0.0,0.0,0.0,0.0,0.0,0.9994757771492004,0.9991476535797119,0.9986217021942139,0.999546468257904,0.9995991587638855,0.9993033409118652,2.0
1287,0.0,0.0,0.0,0.0,0.0,0.0,0.9995735287666321,0.9991436004638672,0.9984983205795288,0.9996108412742615,0.9996459484100342,0.9993360638618469,2.0
1288,0.0,0.0,0.0,0.0,0.0,0.0,0.9993489384651184,0.9987130165100098,0.9977815747261047,0.998988687992096,0.9992883801460266,0.9990547299385071,0.0
1289,1.0,1.0,1.0,1.0,1.0,1.0,0.9997836947441101,0.9997796416282654,0.9996053576469421,0.9996824264526367,0.9997485280036926,0.9997449517250061,3.0
1290,1.0,1.0,1.0,1.0,1.0,1.0,0.9994847774505615,0.9990652203559875,0.9981663823127747,0.9988721013069153,0.9987581968307495,0.9988093376159668,0.0
1291,0.0,0.0,0.0,0.0,1.0,0.0,0.9994609951972961,0.9990280866622925,0.9986268281936646,0.9995163679122925,0.999606192111969,0.9993506073951721,4.0
1292,0.0,0.0,0.0,0.0,0.0,0.0,0.9996283054351807,0.9993577599525452,0.9988653659820557,0.9995312690734863,0.9996113181114197,0.9994487166404724,3.0
1293,1.0,1.0,0.0,0.0,0.0,0.0,0.9997925162315369,0.9994474053382874,0.9989703893661499,0.9996521472930908,0.9994018077850342,0.9996200799942017,1.0
1294,1.0,1.0,1.0,1.0,1.0,1.0,0.9997190833091736,0.9994195699691772,0.9987632036209106,0.9994874000549316,0.9993662238121033,0.9994990825653076,4.0
1295,0.0,0.0,0.0,0.0,0.0,0.0,0.9995487332344055,0.9991462230682373,0.9986376166343689,0.9995136260986328,0.9995883107185364,0.999321699142456,3.0
1296,1.0,1.0,1.0,1.0,1.0,0.0,0.9997068047523499,0.9994794726371765,0.9990344047546387,0.9995470643043518,0.9995891451835632,0.9995012283325195,2.0
1297,1.0,1.0,1.0,1.0,1.0,1.0,0.999832034111023,0.9996384382247925,0.9992239475250244,0.9997243285179138,0.9997135996818542,0.9997454285621643,4.0
1298,1.0,1.0,1.0,0.0,0.0,0.0,0.9995554089546204,0.9989822506904602,0.9979643821716309,0.9992307424545288,0.9991649389266968,0.9991018772125244,0.0
1299,1.0,1.0,1.0,1.0,1.0,0.0,0.9997894167900085,0.999596893787384,0.9993430972099304,0.9997381567955017,0.9997305274009705,0.9996840953826904,2.0
1300,1.0,1.0,1.0,0.0,0.0,0.0,0.9998700618743896,0.999691367149353,0.9992032647132874,0.9996954202651978,0.9996849298477173,0.999771773815155,4.0
1301,0.0,0.0,0.0,0.0,0.0,0.0,0.9990929365158081,0.9985663294792175,0.9972447156906128,0.9988124370574951,0.9991468191146851,0.9986999034881592,0.0
1302,1.0,1.0,0.0,0.0,1.0,0.0,0.9996077418327332,0.998492956161499,0.9967457056045532,0.9989770650863647,0.9990519881248474,0.9989245533943176,0.0
1303,0.0,0.0,0.0,0.0,0.0,0.0,0.9997014403343201,0.9995201826095581,0.9991424083709717,0.9996623992919922,0.9997438788414001,0.9995561242103577,3.0
1304,0.0,0.0,0.0,0.0,0.0,0.0,0.999414324760437,0.9986445307731628,0.9984704852104187,0.9994161128997803,0.9991937279701233,0.9991624355316162,1.0
1305,1.0,0.0,0.0,0.0,0.0,0.0,0.9995613694190979,0.9987978935241699,0.9984275102615356,0.9994101524353027,0.9992069602012634,0.9993054866790771,1.0
1306,0.0,0.0,0.0,0.0,0.0,0.0,0.9995718598365784,0.9991575479507446,0.9986118078231812,0.9995478987693787,0.999619722366333,0.9993818998336792,4.0
1307,1.0,1.0,1.0,1.0,1.0,1.0,0.9995586276054382,0.9992368221282959,0.99905925989151,0.9993941783905029,0.9988260865211487,0.9992778897285461,1.0
1308,0.0,0.0,1.0,1.0,0.0,1.0,0.9996024966239929,0.9992333650588989,0.9990259408950806,0.9995299577713013,0.9992964267730713,0.999510645866394,1.0
1309,1.0,1.0,0.0,1.0,1.0,0.0,0.999650239944458,0.9992055296897888,0.9983548521995544,0.9993149042129517,0.9993042945861816,0.9991652965545654,0.0
1310,1.0,1.0,0.0,0.0,1.0,0.0,0.9996967315673828,0.9989595413208008,0.9973931312561035,0.998946487903595,0.9991436004638672,0.9992438554763794,0.0
1311,0.0,0.0,0.0,0.0,0.0,0.0,0.999647855758667,0.9994269609451294,0.9989476799964905,0.9996229410171509,0.9996283054351807,0.9994103908538818,2.0
1312,1.0,1.0,1.0,1.0,1.0,1.0,0.9993127584457397,0.9985313415527344,0.9967911839485168,0.9982478618621826,0.9982074499130249,0.9982207417488098,0.0
1313,0.0,0.0,0.0,1.0,1.0,0.0,0.9990180730819702,0.998113751411438,0.9969086050987244,0.9984170198440552,0.9989585876464844,0.9983150959014893,0.0
1314,1.0,1.0,1.0,1.0,1.0,0.0,0.9996733665466309,0.9992806315422058,0.9979410767555237,0.9990864992141724,0.9989708662033081,0.9988214373588562,3.0
1315,1.0,1.0,1.0,1.0,1.0,0.0,0.9996633529663086,0.9991133809089661,0.9987723231315613,0.999363362789154,0.9988831877708435,0.9994463324546814,1.0
1316,1.0,1.0,0.0,0.0,1.0,0.0,0.9997372031211853,0.9994422793388367,0.9989174604415894,0.9996857643127441,0.9997552037239075,0.9996638298034668,3.0
1317,0.0,0.0,0.0,0.0,0.0,0.0,0.9995274543762207,0.999165415763855,0.9985733032226562,0.9996174573898315,0.9996540546417236,0.9993185997009277,2.0
1318,0.0,0.0,0.0,0.0,0.0,0.0,0.999241828918457,0.9984050393104553,0.9981006979942322,0.9992372989654541,0.9990890026092529,0.9987550973892212,1.0
1319,0.0,0.0,0.0,0.0,0.0,0.0,0.9992272853851318,0.9984574317932129,0.9980883002281189,0.9991849064826965,0.9991025924682617,0.9987385869026184,1.0
1320,0.0,0.0,0.0,0.0,0.0,0.0,0.9996427297592163,0.9993021488189697,0.9987186193466187,0.9995137453079224,0.9996395111083984,0.9994537234306335,3.0
1321,0.0,0.0,0.0,0.0,0.0,0.0,0.9996837377548218,0.999407172203064,0.99909508228302,0.9996635913848877,0.9996707439422607,0.99956876039505,4.0
1322,1.0,1.0,1.0,1.0,1.0,1.0,0.9997001886367798,0.9995928406715393,0.9991503953933716,0.9994827508926392,0.9994970560073853,0.9995208978652954,3.0
1323,1.0,1.0,1.0,1.0,1.0,0.0,0.9996626377105713,0.9994277358055115,0.9989390969276428,0.9994834661483765,0.9994730353355408,0.9994599223136902,2.0
1324,1.0,1.0,1.0,1.0,1.0,1.0,0.9995843768119812,0.9991406202316284,0.998359739780426,0.9992035031318665,0.9992778897285461,0.9992033839225769,2.0
1325,1.0,1.0,1.0,1.0,1.0,0.0,0.9997785687446594,0.9994117021560669,0.9989308714866638,0.9996458292007446,0.9992436170578003,0.9994540810585022,1.0
1326,1.0,1.0,1.0,1.0,1.0,0.0,0.999784529209137,0.9992890357971191,0.9988932013511658,0.9995180368423462,0.9993138313293457,0.9995170831680298,1.0
1327,1.0,1.0,1.0,1.0,1.0,0.0,0.9997753500938416,0.9995740056037903,0.9989767074584961,0.9995470643043518,0.9995214939117432,0.9994215965270996,4.0
1328,1.0,1.0,1.0,1.0,1.0,1.0,0.999760091304779,0.9996730089187622,0.999431312084198,0.9997183680534363,0.9996916055679321,0.999693751335144,2.0
1329,1.0,1.0,0.0,0.0,1.0,0.0,0.9997524619102478,0.9995754361152649,0.9991034865379333,0.9996774196624756,0.9996969699859619,0.9996135830879211,2.0
1330,0.0,0.0,0.0,0.0,0.0,0.0,0.999316930770874,0.9983970522880554,0.9979419112205505,0.9993364214897156,0.9992319345474243,0.999015212059021,1.0
1331,0.0,0.0,0.0,0.0,0.0,0.0,0.9991044402122498,0.9985378980636597,0.9974197149276733,0.9988353848457336,0.9990960359573364,0.9986825585365295,0.0
1332,0.0,0.0,1.0,1.0,1.0,1.0,0.9996556043624878,0.9992896318435669,0.9989896416664124,0.999631404876709,0.9996869564056396,0.9995831847190857,4.0
1333,0.0,0.0,1.0,1.0,0.0,1.0,0.999626636505127,0.9991886019706726,0.9989809393882751,0.999432384967804,0.9991740584373474,0.999386191368103,1.0
1334,0.0,0.0,0.0,0.0,0.0,0.0,0.9991927742958069,0.9987215399742126,0.9972903728485107,0.9989031553268433,0.99921715259552,0.9984500408172607,0.0
1335,1.0,1.0,1.0,1.0,1.0,1.0,0.9994933605194092,0.9993259906768799,0.9984636306762695,0.999300479888916,0.9991413354873657,0.9989157915115356,2.0
1336,1.0,1.0,1.0,1.0,1.0,1.0,0.9997020363807678,0.9994636178016663,0.9990398287773132,0.9996277093887329,0.9995562434196472,0.9994816184043884,2.0
1337,0.0,0.0,0.0,1.0,0.0,0.0,0.999450147151947,0.9993150234222412,0.9987956285476685,0.999354898929596,0.9992830157279968,0.999076247215271,4.0
1338,0.0,0.0,0.0,0.0,0.0,0.0,0.9994955062866211,0.9991284012794495,0.998635470867157,0.9995067119598389,0.9995149374008179,0.9992893934249878,2.0
1339,0.0,1.0,1.0,1.0,0.0,1.0,0.9993946552276611,0.9989635944366455,0.998059093952179,0.9989163875579834,0.9989491105079651,0.999018669128418,0.0
1340,0.0,0.0,0.0,0.0,0.0,0.0,0.9990411400794983,0.9982265830039978,0.9961728453636169,0.9987795948982239,0.9991312623023987,0.9985332489013672,0.0
1341,0.0,0.0,0.0,0.0,0.0,0.0,0.999480664730072,0.9991866946220398,0.9987622499465942,0.9995384216308594,0.9996296167373657,0.9993823766708374,3.0
1342,0.0,0.0,0.0,0.0,0.0,0.0,0.9993554949760437,0.9988194108009338,0.9980095028877258,0.9994107484817505,0.9995068311691284,0.9991394281387329,3.0
1343,1.0,1.0,1.0,1.0,1.0,1.0,0.9997928738594055,0.9992415904998779,0.9987217783927917,0.9994860887527466,0.9992389678955078,0.9994551539421082,1.0
1344,1.0,1.0,1.0,1.0,1.0,1.0,0.9997603297233582,0.9991976618766785,0.9986510872840881,0.9994016885757446,0.9988511800765991,0.9994524121284485,1.0
1345,0.0,0.0,0.0,1.0,0.0,0.0,0.9994877576828003,0.9989690780639648,0.9986252784729004,0.9993316531181335,0.9990969896316528,0.9991994500160217,1.0
1346,0.0,1.0,1.0,1.0,0.0,1.0,0.9998351335525513,0.9996592998504639,0.9993541836738586,0.9997677206993103,0.9997743964195251,0.999714195728302,2.0
1347,1.0,1.0,0.0,0.0,1.0,0.0,0.9997497200965881,0.9995566010475159,0.9991567134857178,0.999675989151001,0.9996685981750488,0.9996626377105713,2.0
1348,1.0,0.0,0.0,0.0,0.0,0.0,0.999479353427887,0.9987742304801941,0.9968668818473816,0.9988614320755005,0.9991863369941711,0.9988855719566345,0.0
1349,1.0,1.0,0.0,0.0,1.0,0.0,0.9997745156288147,0.9993797540664673,0.9988824725151062,0.9996249675750732,0.9996559619903564,0.9996408224105835,4.0
1350,1.0,1.0,1.0,0.0,0.0,1.0,0.9997765421867371,0.9995203018188477,0.9991658926010132,0.9996674060821533,0.9997079968452454,0.9996306896209717,2.0
1351,0.0,1.0,1.0,1.0,1.0,1.0,0.9994044303894043,0.9994062185287476,0.9987492561340332,0.9990389347076416,0.9991728663444519,0.9991464614868164,0.0
1352,1.0,1.0,1.0,1.0,1.0,1.0,0.9996945858001709,0.9995588660240173,0.9990618824958801,0.9995961785316467,0.9995450377464294,0.999413251876831,2.0
1353,1.0,1.0,1.0,1.0,1.0,1.0,0.9997926354408264,0.9996812343597412,0.9994303584098816,0.9997292160987854,0.9997214674949646,0.9996980428695679,2.0
1354,1.0,1.0,0.0,0.0,1.0,0.0,0.9998763799667358,0.9997163414955139,0.9992901086807251,0.9997355341911316,0.999757707118988,0.9997366070747375,4.0
1355,1.0,1.0,1.0,0.0,1.0,0.0,0.9996320009231567,0.9983140230178833,0.9972972273826599,0.999004065990448,0.9984404444694519,0.9989476799964905,1.0
1356,1.0,1.0,0.0,0.0,1.0,1.0,0.9996838569641113,0.9993683695793152,0.998855710029602,0.9996733665466309,0.9996981620788574,0.9995982050895691,2.0
1357,0.0,0.0,0.0,0.0,0.0,0.0,0.9990519881248474,0.9982770681381226,0.9963307976722717,0.9986369013786316,0.9990655779838562,0.9982630610466003,0.0
1358,1.0,1.0,0.0,0.0,0.0,0.0,0.9997542500495911,0.9994310736656189,0.9989590644836426,0.9996907711029053,0.999742329120636,0.9995447993278503,2.0
1359,0.0,1.0,0.0,1.0,1.0,0.0,0.9991642236709595,0.9981775283813477,0.9968178272247314,0.9987063407897949,0.999157190322876,0.9986913800239563,0.0
1360,0.0,0.0,0.0,0.0,0.0,0.0,0.9991425275802612,0.9981953501701355,0.9981911778450012,0.9992087483406067,0.9989842772483826,0.9989442229270935,1.0
1361,1.0,1.0,1.0,1.0,1.0,1.0,0.9997450709342957,0.9996951818466187,0.9994375109672546,0.9996393918991089,0.9996355772018433,0.9996397495269775,3.0
1362,1.0,1.0,1.0,1.0,1.0,1.0,0.9997132420539856,0.9996009469032288,0.9992949962615967,0.9995657801628113,0.9995964169502258,0.9995997548103333,4.0
1363,1.0,1.0,0.0,0.0,1.0,0.0,0.9997671246528625,0.9994977712631226,0.9990454316139221,0.9996777772903442,0.9997265934944153,0.9995976090431213,4.0
1364,0.0,0.0,0.0,0.0,0.0,0.0,0.9995099306106567,0.9993054866790771,0.9988535642623901,0.9994879961013794,0.9996008276939392,0.999382495880127,3.0
1365,1.0,1.0,0.0,0.0,0.0,0.0,0.9996198415756226,0.9988055229187012,0.9984121322631836,0.9993744492530823,0.9989126920700073,0.9992807507514954,1.0
1366,1.0,1.0,1.0,1.0,1.0,1.0,0.999778687953949,0.9997524619102478,0.9995402097702026,0.999672532081604,0.9997056126594543,0.9997106194496155,3.0
1367,0.0,0.0,0.0,0.0,0.0,0.0,0.9995455145835876,0.9991918206214905,0.9990365505218506,0.9995805621147156,0.9996364116668701,0.9994521737098694,4.0
1368,1.0,1.0,1.0,1.0,1.0,1.0,0.9996844530105591,0.9994338154792786,0.9990367889404297,0.9995713829994202,0.9995222091674805,0.9994795918464661,2.0
1369,0.0,0.0,1.0,1.0,0.0,0.0,0.9996135830879211,0.9992721676826477,0.9991102814674377,0.9996575117111206,0.9996578693389893,0.9995661377906799,4.0
1370,1.0,1.0,0.0,0.0,1.0,0.0,0.9996833801269531,0.9993000030517578,0.998688280582428,0.9996637105941772,0.9997335076332092,0.9995711445808411,2.0
1371,0.0,0.0,0.0,0.0,0.0,0.0,0.9995033740997314,0.9991125464439392,0.998842179775238,0.9995018243789673,0.9995811581611633,0.9992347955703735,4.0
1372,1.0,1.0,0.0,0.0,1.0,0.0,0.9997639060020447,0.9994334578514099,0.9989774227142334,0.9996469020843506,0.9996305704116821,0.9996145963668823,4.0
1373,0.0,0.0,0.0,0.0,0.0,0.0,0.9996227025985718,0.9994420409202576,0.9991515874862671,0.9996148347854614,0.9996994733810425,0.9995337724685669,3.0
1374,0.0,0.0,0.0,0.0,0.0,0.0,0.9990087747573853,0.9982463121414185,0.9965968728065491,0.9986572265625,0.9991517066955566,0.9984040856361389,0.0
1375,0.0,1.0,1.0,1.0,0.0,0.0,0.9992639422416687,0.9988839030265808,0.9981467723846436,0.9989039897918701,0.9989932179450989,0.9988331198692322,0.0
1376,0.0,0.0,0.0,0.0,0.0,0.0,0.9994499087333679,0.9992653727531433,0.9986509680747986,0.9991901516914368,0.9992538094520569,0.9991878867149353,0.0
1377,0.0,0.0,0.0,0.0,0.0,0.0,0.9994294047355652,0.9988932013511658,0.9985221028327942,0.999357283115387,0.9992548823356628,0.9989921450614929,1.0
1378,0.0,1.0,1.0,1.0,0.0,1.0,0.9995070695877075,0.9991876482963562,0.9988941550254822,0.9993880987167358,0.9989583492279053,0.9992332458496094,1.0
1379,0.0,0.0,0.0,0.0,0.0,0.0,0.9988225102424622,0.9980000853538513,0.9960849285125732,0.9984509944915771,0.9988266825675964,0.9980175495147705,0.0
1380,1.0,1.0,1.0,1.0,1.0,0.0,0.999769389629364,0.9990550875663757,0.9986684322357178,0.9995391368865967,0.9992187023162842,0.9994532465934753,1.0
1381,1.0,1.0,1.0,1.0,1.0,0.0,0.999700665473938,0.9989487528800964,0.998650848865509,0.9994462132453918,0.9991700649261475,0.9993355870246887,1.0
1382,0.0,0.0,0.0,0.0,0.0,0.0,0.9997150301933289,0.9994994401931763,0.9993252754211426,0.9997137188911438,0.9997078776359558,0.9996875524520874,4.0
1383,0.0,0.0,0.0,0.0,0.0,0.0,0.9989919066429138,0.9980905652046204,0.9964578747749329,0.9983103275299072,0.9988569021224976,0.9981606602668762,0.0
1384,1.0,1.0,0.0,0.0,0.0,0.0,0.9997521042823792,0.9988753199577332,0.9978087544441223,0.9994162321090698,0.9993065595626831,0.9993689656257629,1.0
1385,1.0,1.0,0.0,0.0,0.0,0.0,0.9995142221450806,0.9987806677818298,0.9974249601364136,0.9988030195236206,0.9990745782852173,0.99883633852005,0.0
1386,1.0,1.0,1.0,1.0,1.0,0.0,0.9986336827278137,0.9976301193237305,0.994216799736023,0.9972712397575378,0.9966649413108826,0.9959404468536377,0.0
1387,1.0,1.0,1.0,1.0,1.0,1.0,0.9995619654655457,0.9993960857391357,0.9987369179725647,0.9993026256561279,0.9991649389266968,0.999016284942627,4.0
1388,1.0,1.0,1.0,1.0,1.0,1.0,0.9997424483299255,0.9997370839118958,0.9995706677436829,0.999625563621521,0.9996150732040405,0.9997401833534241,3.0
1389,1.0,1.0,1.0,1.0,1.0,0.0,0.9991857409477234,0.9988976716995239,0.9978318810462952,0.9986384510993958,0.9985756874084473,0.9984422326087952,0.0
1390,1.0,1.0,1.0,1.0,1.0,1.0,0.9998383522033691,0.9995809197425842,0.9990717172622681,0.9996774196624756,0.9996527433395386,0.9996697902679443,4.0
1391,1.0,1.0,0.0,0.0,1.0,0.0,0.9997572302818298,0.9993377327919006,0.998927652835846,0.9996325969696045,0.999645471572876,0.9995855689048767,2.0
1392,1.0,1.0,1.0,1.0,1.0,0.0,0.998689591884613,0.9976657629013062,0.9936909675598145,0.9969992637634277,0.996656060218811,0.9957073926925659,0.0
1393,1.0,1.0,0.0,0.0,1.0,1.0,0.9994691014289856,0.9993719458580017,0.9988862872123718,0.9994204044342041,0.9996209144592285,0.9992982149124146,3.0
1394,0.0,0.0,0.0,0.0,0.0,0.0,0.9995899796485901,0.999249279499054,0.998764157295227,0.9995192289352417,0.9995113611221313,0.9994756579399109,3.0
1395,0.0,0.0,0.0,0.0,0.0,0.0,0.9997102618217468,0.9994193315505981,0.9991787075996399,0.9996404647827148,0.9996527433395386,0.9996442794799805,4.0
1396,1.0,1.0,0.0,0.0,0.0,0.0,0.999756395816803,0.9995230436325073,0.99897301197052,0.999531626701355,0.9994834661483765,0.9995550513267517,4.0
1397,1.0,1.0,1.0,1.0,1.0,0.0,0.9996886253356934,0.9994482398033142,0.9991841912269592,0.9995948672294617,0.9995655417442322,0.9994968175888062,4.0
1398,0.0,0.0,0.0,0.0,0.0,0.0,0.9992071986198425,0.9983491897583008,0.997989296913147,0.9991933703422546,0.9990274906158447,0.998723566532135,1.0
1399,1.0,1.0,1.0,0.0,1.0,0.0,0.9996607303619385,0.9995152950286865,0.9989908337593079,0.999521017074585,0.9994422793388367,0.999448835849762,2.0
1400,1.0,1.0,0.0,1.0,1.0,1.0,0.9998352527618408,0.9995847344398499,0.9990718364715576,0.9996988773345947,0.9997230172157288,0.9997020363807678,4.0
1401,0.0,0.0,0.0,0.0,0.0,0.0,0.9996445178985596,0.9993434548377991,0.9988137483596802,0.9995508790016174,0.999606192111969,0.9994339346885681,2.0
1402,0.0,0.0,0.0,0.0,0.0,0.0,0.9995002746582031,0.9991644620895386,0.99869304895401,0.9995653033256531,0.9996178150177002,0.999372661113739,2.0
1403,0.0,0.0,0.0,0.0,0.0,0.0,0.9997599720954895,0.9995244741439819,0.9993124008178711,0.9996620416641235,0.9996367692947388,0.9996215105056763,3.0
1404,0.0,1.0,1.0,1.0,0.0,1.0,0.9996265172958374,0.9993966817855835,0.9992769360542297,0.999483585357666,0.9992349147796631,0.999445378780365,1.0
1405,1.0,1.0,1.0,1.0,0.0,1.0,0.9998388290405273,0.9993892908096313,0.9989385008811951,0.9996410608291626,0.9994258880615234,0.9995026588439941,1.0
1406,1.0,1.0,0.0,0.0,1.0,0.0,0.9996824264526367,0.9989342093467712,0.9984160661697388,0.9995201826095581,0.9991176724433899,0.999387264251709,1.0
1407,0.0,0.0,0.0,0.0,0.0,0.0,0.99918133020401,0.9980095028877258,0.996336817741394,0.9986131191253662,0.9989393353462219,0.9983460903167725,0.0
1408,0.0,1.0,0.0,0.0,1.0,0.0,0.9996107220649719,0.9991456270217896,0.9989135265350342,0.9995543360710144,0.9995763897895813,0.9995206594467163,4.0
1409,0.0,0.0,0.0,0.0,0.0,0.0,0.9996148347854614,0.9994598031044006,0.9989320635795593,0.9995662569999695,0.9995092153549194,0.9993201494216919,4.0
1410,0.0,0.0,0.0,0.0,0.0,0.0,0.9994159936904907,0.9990967512130737,0.9986056685447693,0.9995063543319702,0.9995785355567932,0.999289870262146,4.0
1411,0.0,0.0,0.0,0.0,1.0,0.0,0.999556839466095,0.9992769360542297,0.9988194108009338,0.9995457530021667,0.999642014503479,0.9994775652885437,4.0
1412,1.0,1.0,1.0,1.0,1.0,0.0,0.999616265296936,0.9992376565933228,0.99839848279953,0.9992868304252625,0.9991821646690369,0.9991016387939453,3.0
1413,1.0,1.0,0.0,0.0,0.0,0.0,0.9998583793640137,0.9996416568756104,0.999231219291687,0.9997208714485168,0.9997120499610901,0.9997270703315735,4.0
1414,0.0,0.0,0.0,0.0,0.0,0.0,0.9996386766433716,0.9993411898612976,0.9988131523132324,0.9996161460876465,0.9996597766876221,0.9994578957557678,2.0
1415,0.0,0.0,0.0,0.0,0.0,0.0,0.999106228351593,0.9982301592826843,0.9980688691139221,0.9991130232810974,0.999107301235199,0.9988706707954407,1.0
1416,0.0,0.0,0.0,0.0,0.0,0.0,0.9993712306022644,0.9988717436790466,0.9984257221221924,0.999327540397644,0.999256432056427,0.9991236329078674,1.0
1417,1.0,1.0,1.0,1.0,1.0,1.0,0.998843789100647,0.997960090637207,0.9950833320617676,0.9971093535423279,0.997011661529541,0.9971399307250977,0.0
1418,0.0,0.0,0.0,0.0,0.0,0.0,0.9996024966239929,0.9992768168449402,0.9987720847129822,0.9995855689048767,0.9996209144592285,0.9994416832923889,2.0
1419,0.0,0.0,0.0,0.0,0.0,0.0,0.9996727705001831,0.999405026435852,0.9991908669471741,0.9996121525764465,0.9996154308319092,0.9995256662368774,4.0
1420,0.0,0.0,0.0,0.0,0.0,0.0,0.9995540976524353,0.999306321144104,0.9988738894462585,0.999602735042572,0.9997155070304871,0.9995201826095581,3.0
1421,0.0,0.0,1.0,0.0,0.0,0.0,0.999476969242096,0.9991138577461243,0.998680055141449,0.9994437098503113,0.999329686164856,0.9991963505744934,1.0
1422,1.0,1.0,1.0,1.0,1.0,0.0,0.99918133020401,0.9976357221603394,0.9956108927726746,0.9980422258377075,0.9967400431632996,0.9974810481071472,1.0
1423,1.0,1.0,1.0,1.0,1.0,0.0,0.9996592998504639,0.9992115497589111,0.9982811212539673,0.9992669224739075,0.9992101192474365,0.9991545677185059,0.0
1424,0.0,0.0,1.0,0.0,0.0,0.0,0.9990841150283813,0.9985619187355042,0.9972156286239624,0.9986822009086609,0.9991946816444397,0.9984461665153503,0.0
1425,1.0,1.0,1.0,1.0,0.0,0.0,0.9994111061096191,0.998766303062439,0.997323751449585,0.998593270778656,0.9988420605659485,0.9989767074584961,0.0
1426,0.0,0.0,1.0,1.0,0.0,1.0,0.9996280670166016,0.9994206428527832,0.9992126226425171,0.9995806813240051,0.9995637536048889,0.9995427131652832,4.0
1427,0.0,0.0,0.0,0.0,0.0,0.0,0.9996143579483032,0.9993926286697388,0.999137282371521,0.999542236328125,0.9996589422225952,0.9994922876358032,3.0
1428,1.0,1.0,0.0,0.0,1.0,0.0,0.9996178150177002,0.9987587928771973,0.9974282383918762,0.9990782737731934,0.9991421699523926,0.9991053938865662,0.0
1429,1.0,1.0,1.0,1.0,1.0,0.0,0.9996674060821533,0.9994379878044128,0.9987446069717407,0.9994599223136902,0.9992772936820984,0.9993939399719238,4.0
1430,1.0,1.0,1.0,0.0,0.0,0.0,0.9998733997344971,0.9996315240859985,0.9991888403892517,0.999717652797699,0.9997103810310364,0.9997747540473938,4.0
1431,1.0,1.0,1.0,1.0,1.0,1.0,0.9997758269309998,0.9994667172431946,0.9991093277931213,0.9996695518493652,0.9996263980865479,0.9995781779289246,2.0
1432,0.0,0.0,0.0,0.0,0.0,0.0,0.9994745850563049,0.9987039566040039,0.9986201524734497,0.9993178844451904,0.9986989498138428,0.9992169141769409,1.0
1433,1.0,1.0,0.0,0.0,1.0,0.0,0.9997871518135071,0.9994379878044128,0.9987258315086365,0.9996376037597656,0.9996945858001709,0.9995760321617126,3.0
1434,1.0,1.0,1.0,1.0,1.0,1.0,0.9997900128364563,0.9995686411857605,0.9991150498390198,0.9996713399887085,0.9996157884597778,0.9996131062507629,4.0
1435,1.0,1.0,1.0,0.0,0.0,1.0,0.9993553757667542,0.9984112977981567,0.9974663257598877,0.9987634420394897,0.9988194108009338,0.9988418221473694,0.0
1436,1.0,1.0,1.0,1.0,1.0,0.0,0.999775230884552,0.9995900988578796,0.9992019534111023,0.9996727705001831,0.9996428489685059,0.9996411800384521,2.0
1437,1.0,1.0,1.0,1.0,1.0,0.0,0.9997221827507019,0.9995392560958862,0.9989192485809326,0.9995313882827759,0.9994995594024658,0.9994651675224304,4.0
1438,1.0,1.0,1.0,1.0,1.0,1.0,0.9991818070411682,0.998725950717926,0.9972993731498718,0.998531699180603,0.9983994364738464,0.9980562925338745,0.0
1439,1.0,1.0,1.0,1.0,1.0,1.0,0.9996764659881592,0.999471127986908,0.9991133809089661,0.9996028542518616,0.9995574355125427,0.9994627833366394,4.0
1440,1.0,1.0,1.0,1.0,1.0,1.0,0.9996705055236816,0.9995958209037781,0.9992057681083679,0.9996023774147034,0.999509334564209,0.999432384967804,3.0
1441,0.0,1.0,1.0,1.0,1.0,1.0,0.9995062351226807,0.9991939663887024,0.9989572763442993,0.9994070529937744,0.9986945986747742,0.9992831349372864,1.0
1442,1.0,1.0,0.0,0.0,1.0,0.0,0.9998080134391785,0.9996618032455444,0.9992256164550781,0.9996997117996216,0.9997392296791077,0.9996784925460815,3.0
1443,0.0,0.0,0.0,0.0,0.0,0.0,0.9995006322860718,0.9991225600242615,0.9986018538475037,0.9995797276496887,0.9996342658996582,0.9993792772293091,3.0
1444,1.0,1.0,0.0,0.0,1.0,0.0,0.9996764659881592,0.9994319081306458,0.9986960291862488,0.9995027780532837,0.999428927898407,0.9993060827255249,2.0
1445,1.0,1.0,0.0,0.0,1.0,0.0,0.9998681545257568,0.9996508359909058,0.9991338849067688,0.9997853636741638,0.9997153878211975,0.9997053742408752,3.0
1446,1.0,1.0,0.0,0.0,0.0,0.0,0.9997929930686951,0.9992927312850952,0.9986329674720764,0.999541163444519,0.9994156360626221,0.9995480179786682,1.0
1447,0.0,0.0,0.0,1.0,1.0,0.0,0.9992547631263733,0.9988707900047302,0.9978553652763367,0.9986562728881836,0.9987322688102722,0.998794436454773,0.0
1448,1.0,1.0,0.0,0.0,1.0,0.0,0.9998364448547363,0.999625563621521,0.9993270635604858,0.9998020529747009,0.9997822642326355,0.9997124075889587,2.0
1449,1.0,0.0,0.0,0.0,1.0,0.0,0.9997703433036804,0.999409556388855,0.9986264705657959,0.9996346235275269,0.9996588230133057,0.9995492100715637,3.0
1450,1.0,1.0,1.0,1.0,1.0,1.0,0.999403715133667,0.9981548190116882,0.995503842830658,0.9980610013008118,0.9982143640518188,0.9985525012016296,0.0
1451,1.0,1.0,1.0,1.0,1.0,0.0,0.9996542930603027,0.9994045495986938,0.9984433054924011,0.9992917776107788,0.9991413354873657,0.9989816546440125,4.0
1452,0.0,0.0,0.0,0.0,0.0,0.0,0.9995929598808289,0.9993289709091187,0.9988993406295776,0.9996262788772583,0.9996715784072876,0.999388575553894,2.0
1453,1.0,1.0,0.0,1.0,1.0,0.0,0.9998396635055542,0.999701201915741,0.9993190765380859,0.999695897102356,0.9997043013572693,0.9997014403343201,4.0
1454,1.0,1.0,0.0,0.0,0.0,0.0,0.9997815489768982,0.9995741248130798,0.9992213249206543,0.9997209906578064,0.9997323155403137,0.9996380805969238,2.0
1455,0.0,0.0,0.0,0.0,0.0,0.0,0.9995803236961365,0.9992313385009766,0.9989380240440369,0.9995942711830139,0.9996341466903687,0.9994667172431946,3.0
1456,1.0,1.0,1.0,1.0,1.0,1.0,0.9996368885040283,0.9991918206214905,0.9989155530929565,0.9996215105056763,0.999505877494812,0.9994064569473267,1.0
1457,1.0,1.0,0.0,0.0,0.0,0.0,0.9997745156288147,0.9992189407348633,0.9985718727111816,0.9995410442352295,0.9994000196456909,0.999524712562561,1.0
1458,0.0,0.0,0.0,0.0,1.0,0.0,0.999113142490387,0.9980523586273193,0.9966521859169006,0.9988524913787842,0.9991439580917358,0.9986067414283752,0.0
1459,0.0,1.0,1.0,1.0,1.0,1.0,0.9996122717857361,0.9994627833366394,0.9990297555923462,0.9994888305664062,0.9995200634002686,0.9993889331817627,4.0
1460,0.0,0.0,0.0,0.0,0.0,0.0,0.9994033575057983,0.9985400438308716,0.9983261227607727,0.99940025806427,0.9992129802703857,0.9991570711135864,1.0
1461,1.0,1.0,0.0,0.0,1.0,1.0,0.9997772574424744,0.9996119141578674,0.9993416666984558,0.9997617602348328,0.9997456669807434,0.9997057318687439,2.0
1462,1.0,1.0,0.0,0.0,1.0,0.0,0.9996820688247681,0.9989571571350098,0.9981215596199036,0.9994408488273621,0.9990178346633911,0.9992184638977051,1.0
1463,0.0,0.0,1.0,1.0,1.0,1.0,0.9996628761291504,0.9994608759880066,0.999057948589325,0.9994879961013794,0.999552309513092,0.9995837807655334,3.0
1464,1.0,1.0,1.0,1.0,1.0,0.0,0.9998244643211365,0.9995777010917664,0.9992045760154724,0.999674916267395,0.9996253252029419,0.9996640682220459,4.0
1465,0.0,0.0,0.0,0.0,0.0,0.0,0.9996252059936523,0.9992958307266235,0.9991056323051453,0.9996711015701294,0.9997038245201111,0.9995545744895935,4.0
1466,1.0,1.0,1.0,1.0,1.0,1.0,0.9998559951782227,0.9996488094329834,0.9992989301681519,0.9997909665107727,0.999763548374176,0.9997463822364807,3.0
1467,0.0,0.0,1.0,0.0,0.0,1.0,0.9997616410255432,0.9995689988136292,0.9993071556091309,0.9997181296348572,0.9997414946556091,0.9996908903121948,2.0
1468,0.0,1.0,1.0,1.0,1.0,1.0,0.9996474981307983,0.9994945526123047,0.999367892742157,0.9996078610420227,0.9992683529853821,0.9994912147521973,1.0
1469,0.0,0.0,0.0,0.0,0.0,0.0,0.9997188448905945,0.9995515942573547,0.9991998076438904,0.999723494052887,0.9997404217720032,0.9996080994606018,2.0
1470,1.0,1.0,1.0,1.0,1.0,0.0,0.9996941089630127,0.9994377493858337,0.998581051826477,0.9993517994880676,0.9993257522583008,0.9993404746055603,4.0
1471,0.0,0.0,0.0,0.0,0.0,0.0,0.9995336532592773,0.9992879033088684,0.9987707734107971,0.9993463158607483,0.9993170499801636,0.9992390871047974,2.0
1472,1.0,1.0,0.0,1.0,1.0,1.0,0.999024510383606,0.9977594614028931,0.9959424138069153,0.998193085193634,0.9966257810592651,0.9973891377449036,1.0
1473,1.0,1.0,1.0,1.0,0.0,1.0,0.9997785687446594,0.999760091304779,0.9995582699775696,0.9996663331985474,0.9997208714485168,0.9996881484985352,3.0
1474,1.0,1.0,1.0,1.0,1.0,0.0,0.9997665286064148,0.9996013045310974,0.9992419481277466,0.9996862411499023,0.9996991157531738,0.9996240139007568,2.0
1475,0.0,0.0,0.0,0.0,0.0,0.0,0.9996497631072998,0.9994341731071472,0.9990906715393066,0.9996485710144043,0.9996387958526611,0.9995788931846619,2.0
1476,1.0,1.0,1.0,1.0,1.0,1.0,0.9992167949676514,0.9987872242927551,0.998324453830719,0.9991002082824707,0.9982530474662781,0.9987066984176636,1.0
1477,1.0,1.0,1.0,1.0,1.0,1.0,0.9992607235908508,0.9985678195953369,0.9967250227928162,0.9981999397277832,0.9981778860092163,0.9983152151107788,0.0
1478,1.0,1.0,0.0,0.0,0.0,0.0,0.999841570854187,0.9995059967041016,0.9989719390869141,0.9997009038925171,0.999718964099884,0.9997265934944153,4.0
1479,1.0,1.0,0.0,1.0,1.0,0.0,0.9993147850036621,0.9982070922851562,0.9958133101463318,0.99814772605896,0.9982556700706482,0.9981726408004761,0.0
1480,1.0,1.0,1.0,1.0,1.0,0.0,0.9997870326042175,0.9994903802871704,0.999010443687439,0.9995842576026917,0.9995405673980713,0.9996150732040405,4.0
1481,1.0,1.0,0.0,0.0,1.0,0.0,0.9994320273399353,0.9978506565093994,0.9961258769035339,0.9986093044281006,0.9987016916275024,0.9986364245414734,0.0
1482,1.0,1.0,0.0,1.0,1.0,1.0,0.9997437596321106,0.9994584918022156,0.9991645812988281,0.9996689558029175,0.9996836185455322,0.9996103644371033,4.0
1483,1.0,1.0,1.0,1.0,1.0,1.0,0.9997194409370422,0.9995050430297852,0.9992566704750061,0.9996356964111328,0.9996163845062256,0.9995871186256409,4.0
1484,1.0,1.0,1.0,1.0,1.0,1.0,0.9997313618659973,0.9994263648986816,0.9985191226005554,0.9993784427642822,0.9991973042488098,0.9994503855705261,4.0
1485,1.0,1.0,0.0,0.0,1.0,0.0,0.9998705387115479,0.9995962977409363,0.9990752935409546,0.999685525894165,0.9996902942657471,0.9997292160987854,4.0
1486,1.0,1.0,1.0,1.0,1.0,1.0,0.9992497563362122,0.9982142448425293,0.9964333772659302,0.9983931183815002,0.9981790781021118,0.9985247254371643,0.0
1487,0.0,0.0,0.0,0.0,0.0,0.0,0.9993718266487122,0.998405396938324,0.9981127977371216,0.9992616772651672,0.9989321827888489,0.9988262057304382,1.0
1488,0.0,0.0,1.0,1.0,0.0,1.0,0.9997765421867371,0.9997583031654358,0.9995718598365784,0.9997057318687439,0.9997641444206238,0.9997242093086243,3.0
1489,1.0,1.0,1.0,1.0,1.0,1.0,0.9989237189292908,0.9979825019836426,0.9945151805877686,0.9974198341369629,0.997141420841217,0.9963296055793762,0.0
1490,0.0,0.0,0.0,0.0,0.0,0.0,0.9990670084953308,0.9983062744140625,0.9965554475784302,0.998534083366394,0.9990014433860779,0.9981866478919983,0.0
1491,0.0,1.0,1.0,1.0,1.0,0.0,0.9995318651199341,0.9992048144340515,0.9987668991088867,0.9992932081222534,0.9992724061012268,0.9993488192558289,2.0
1492,0.0,0.0,0.0,0.0,0.0,0.0,0.9995943903923035,0.999292254447937,0.9989425539970398,0.9995792508125305,0.9996156692504883,0.9994421601295471,3.0
1493,0.0,1.0,1.0,1.0,1.0,1.0,0.9997005462646484,0.9995630383491516,0.999221682548523,0.9995606541633606,0.9994007349014282,0.9995424747467041,1.0
1494,1.0,1.0,1.0,1.0,0.0,0.0,0.999755322933197,0.9997095465660095,0.9994895458221436,0.9996806383132935,0.9996531009674072,0.999721348285675,3.0
1495,1.0,1.0,1.0,1.0,1.0,1.0,0.9998363256454468,0.9995618462562561,0.9989830851554871,0.9996447563171387,0.9996070265769958,0.9996867179870605,4.0
1496,1.0,1.0,0.0,0.0,0.0,0.0,0.9997571110725403,0.9994426369667053,0.9987770915031433,0.9995651841163635,0.9995300769805908,0.9995774626731873,3.0
1497,1.0,1.0,1.0,0.0,1.0,0.0,0.9997360110282898,0.9993743300437927,0.9983627200126648,0.9993379712104797,0.9993172883987427,0.9993054866790771,0.0
1498,0.0,0.0,0.0,0.0,0.0,0.0,0.999480664730072,0.9989583492279053,0.9983425140380859,0.9995197057723999,0.9995977282524109,0.9993389248847961,4.0
1499,1.0,1.0,1.0,1.0,1.0,0.0,0.9998493194580078,0.999518632888794,0.9987853169441223,0.9996501207351685,0.9997155070304871,0.9996596574783325,4.0
1500,1.0,1.0,1.0,1.0,1.0,1.0,0.9998266100883484,0.9995908141136169,0.9991527795791626,0.9996793270111084,0.9996858835220337,0.9996949434280396,4.0
1501,0.0,1.0,1.0,1.0,0.0,1.0,0.9994545578956604,0.9992364645004272,0.9985349178314209,0.9990991353988647,0.9991196990013123,0.9991866946220398,0.0
1502,1.0,1.0,1.0,1.0,1.0,1.0,0.9994326233863831,0.9990154504776001,0.9983147382736206,0.9992901086807251,0.9994601607322693,0.9991044402122498,0.0
1503,0.0,0.0,1.0,0.0,0.0,1.0,0.9993494153022766,0.998554527759552,0.9974748492240906,0.9989622831344604,0.9992073178291321,0.9991349577903748,0.0
1504,1.0,1.0,0.0,0.0,0.0,0.0,0.9997196793556213,0.9994314312934875,0.9989226460456848,0.9995759129524231,0.9996335506439209,0.9995902180671692,2.0
1505,0.0,1.0,1.0,1.0,0.0,1.0,0.9997401833534241,0.9996127486228943,0.9994551539421082,0.9997403025627136,0.999734103679657,0.9996907711029053,3.0
1506,1.0,1.0,1.0,1.0,1.0,1.0,0.9997161030769348,0.9994545578956604,0.9989070892333984,0.9995300769805908,0.99953293800354,0.9994527697563171,2.0
1507,0.0,0.0,0.0,0.0,0.0,0.0,0.9994196891784668,0.9990991353988647,0.9983396530151367,0.9993520379066467,0.9995506405830383,0.999067485332489,3.0
1508,1.0,1.0,1.0,1.0,1.0,1.0,0.9996127486228943,0.9993001222610474,0.9986409544944763,0.9993917942047119,0.9992234706878662,0.9993411898612976,4.0
1509,0.0,0.0,0.0,0.0,0.0,0.0,0.9994638562202454,0.9990033507347107,0.9987285733222961,0.9995145797729492,0.9996187686920166,0.9993916749954224,4.0
1510,0.0,0.0,0.0,0.0,0.0,0.0,0.9992347955703735,0.9984425902366638,0.997350811958313,0.9988870024681091,0.9990925788879395,0.9988279938697815,0.0
1511,1.0,1.0,1.0,1.0,1.0,1.0,0.9990492463111877,0.99845290184021,0.9971132278442383,0.998180627822876,0.9981504082679749,0.9984230995178223,0.0
1512,0.0,0.0,0.0,0.0,0.0,0.0,0.9995425939559937,0.9991896748542786,0.998809814453125,0.9995297193527222,0.9995937943458557,0.9993687272071838,4.0
1513,1.0,1.0,1.0,1.0,1.0,1.0,0.9994957447052002,0.9993023872375488,0.9988459348678589,0.9994296431541443,0.9993329644203186,0.9992214441299438,4.0
1514,0.0,0.0,0.0,0.0,0.0,0.0,0.9993870258331299,0.998508870601654,0.997983455657959,0.9993324875831604,0.999195396900177,0.9988871216773987,1.0
1515,1.0,1.0,1.0,1.0,1.0,1.0,0.9997466206550598,0.9995299577713013,0.9988178610801697,0.9994552731513977,0.9993919134140015,0.9993181228637695,4.0
1516,0.0,0.0,0.0,0.0,0.0,0.0,0.9995589852333069,0.9990730285644531,0.9985890984535217,0.999519944190979,0.9995511174201965,0.9994106292724609,2.0
1517,0.0,1.0,1.0,1.0,1.0,1.0,0.999512791633606,0.9992039799690247,0.998913049697876,0.9993869066238403,0.9985974431037903,0.9992355108261108,1.0
1518,1.0,1.0,1.0,1.0,1.0,1.0,0.9994089603424072,0.9987861514091492,0.9977251887321472,0.9991045594215393,0.9990746974945068,0.9989699125289917,3.0
1519,1.0,1.0,1.0,1.0,0.0,0.0,0.9997692704200745,0.9995641112327576,0.9993127584457397,0.999702513217926,0.9997441172599792,0.999680757522583,2.0
1520,1.0,1.0,1.0,1.0,1.0,1.0,0.9997511506080627,0.9995193481445312,0.9992024302482605,0.9996156692504883,0.9995579123497009,0.9995912909507751,4.0
1521,0.0,1.0,1.0,1.0,1.0,1.0,0.9997021555900574,0.9995107650756836,0.999147891998291,0.9995920062065125,0.9995388984680176,0.9995489716529846,4.0
1522,0.0,1.0,1.0,1.0,0.0,1.0,0.9997394680976868,0.9996071457862854,0.9994257688522339,0.9996697902679443,0.9997077584266663,0.9996689558029175,4.0
1523,0.0,0.0,0.0,0.0,0.0,0.0,0.9994945526123047,0.9993211030960083,0.9987435936927795,0.9993693232536316,0.9996167421340942,0.9993366599082947,3.0
1524,0.0,0.0,0.0,0.0,1.0,0.0,0.9992006421089172,0.9983363747596741,0.9976542592048645,0.9989676475524902,0.9990503191947937,0.9988672733306885,0.0
1525,1.0,1.0,0.0,0.0,0.0,0.0,0.999474823474884,0.9989675283432007,0.998376727104187,0.9991065859794617,0.9983980059623718,0.9991668462753296,1.0
1526,0.0,0.0,0.0,0.0,0.0,0.0,0.9991576671600342,0.9986011385917664,0.9974452257156372,0.9987407326698303,0.999068558216095,0.998555600643158,0.0
1527,1.0,1.0,1.0,1.0,1.0,0.0,0.9998595714569092,0.9997479319572449,0.9993805885314941,0.9997691512107849,0.9997774958610535,0.9997643828392029,3.0
1528,1.0,1.0,1.0,1.0,0.0,1.0,0.9996813535690308,0.9993740916252136,0.998618483543396,0.9993641972541809,0.9993175268173218,0.9992384910583496,4.0
1529,1.0,1.0,0.0,0.0,1.0,0.0,0.9996627569198608,0.9993769526481628,0.9989659786224365,0.9994860887527466,0.9994311928749084,0.9994532465934753,2.0
1530,0.0,0.0,0.0,0.0,0.0,0.0,0.999524712562561,0.9989414811134338,0.9986394047737122,0.999550998210907,0.9995989203453064,0.9994425177574158,4.0
1531,1.0,1.0,0.0,0.0,1.0,0.0,0.9998595714569092,0.9995556473731995,0.9989408850669861,0.9996790885925293,0.9997376799583435,0.9997044205665588,4.0
1532,0.0,0.0,0.0,0.0,0.0,0.0,0.9997140765190125,0.9990170001983643,0.9983285069465637,0.9994674324989319,0.9993389248847961,0.9993793964385986,1.0
1533,0.0,1.0,1.0,1.0,0.0,1.0,0.9990547299385071,0.9983603358268738,0.9970301389694214,0.9984610080718994,0.9970220923423767,0.9977177381515503,1.0
1534,1.0,1.0,1.0,1.0,1.0,1.0,0.9996943473815918,0.9994400143623352,0.9986940026283264,0.9994062185287476,0.9993720650672913,0.9994702935218811,4.0
1535,1.0,1.0,1.0,1.0,1.0,1.0,0.9997355341911316,0.9995926022529602,0.9994025230407715,0.9997116923332214,0.9996588230133057,0.9996615648269653,2.0
1536,1.0,1.0,1.0,1.0,1.0,1.0,0.9995021820068359,0.999290943145752,0.9985774755477905,0.9992837309837341,0.9991781115531921,0.9989930987358093,4.0
1537,1.0,1.0,1.0,1.0,1.0,1.0,0.9986794590950012,0.9979735016822815,0.9955884218215942,0.9972352385520935,0.997073769569397,0.9968593120574951,0.0
1538,1.0,1.0,1.0,1.0,1.0,0.0,0.9991990923881531,0.9985629916191101,0.9967972636222839,0.9979690909385681,0.997920572757721,0.9977200627326965,0.0
1539,1.0,1.0,1.0,1.0,1.0,0.0,0.999115526676178,0.9978111386299133,0.9959281086921692,0.998181939125061,0.996084451675415,0.9961262345314026,1.0
1540,0.0,0.0,0.0,0.0,0.0,0.0,0.9993901252746582,0.9987922310829163,0.9976804256439209,0.9989463686943054,0.9992960691452026,0.998896598815918,0.0
1541,1.0,1.0,1.0,1.0,1.0,1.0,0.9998753070831299,0.9997674822807312,0.9994316697120667,0.9997755885124207,0.9997504353523254,0.9997462630271912,4.0
1542,0.0,0.0,0.0,0.0,0.0,0.0,0.9995846152305603,0.9993135929107666,0.9989266991615295,0.9995775818824768,0.9996618032455444,0.9995059967041016,3.0
1543,0.0,0.0,1.0,0.0,0.0,0.0,0.9998003840446472,0.9995964169502258,0.999284565448761,0.9997556805610657,0.9997346997261047,0.9997150301933289,2.0
1544,1.0,1.0,0.0,0.0,1.0,0.0,0.9998553991317749,0.9995705485343933,0.9990660548210144,0.9996997117996216,0.9997419714927673,0.9997325539588928,4.0
1545,0.0,0.0,0.0,0.0,0.0,0.0,0.9997524619102478,0.9996953010559082,0.9994551539421082,0.999659538269043,0.9997252821922302,0.9996836185455322,3.0
1546,1.0,1.0,1.0,1.0,1.0,1.0,0.9993942975997925,0.9987192153930664,0.9976586103439331,0.9986969828605652,0.9978830218315125,0.9987760186195374,1.0
1547,0.0,0.0,1.0,1.0,0.0,0.0,0.9997747540473938,0.9995991587638855,0.9993321299552917,0.9997548460960388,0.9997232556343079,0.9997019171714783,2.0
1548,0.0,0.0,0.0,0.0,0.0,0.0,0.9996323585510254,0.9992673993110657,0.9987626075744629,0.9995710253715515,0.9995939135551453,0.9993749260902405,2.0
1549,1.0,1.0,1.0,1.0,1.0,1.0,0.9995983242988586,0.9994994401931763,0.99909508228302,0.9995192289352417,0.9993821382522583,0.9994319081306458,2.0
1550,0.0,0.0,0.0,0.0,0.0,0.0,0.9989748001098633,0.9980269074440002,0.9961209893226624,0.9987117052078247,0.9989956021308899,0.9983435869216919,0.0
1551,1.0,1.0,0.0,0.0,1.0,0.0,0.9997965693473816,0.9995419979095459,0.9990924596786499,0.9997157454490662,0.9997608065605164,0.9996607303619385,2.0
1552,0.0,0.0,0.0,1.0,0.0,0.0,0.9994055032730103,0.9986230134963989,0.9980740547180176,0.9993070363998413,0.9991138577461243,0.9989675283432007,1.0
1553,0.0,0.0,0.0,0.0,0.0,0.0,0.9991269707679749,0.9986717700958252,0.9970807433128357,0.9986900687217712,0.9991068243980408,0.9985559582710266,0.0
1554,1.0,1.0,1.0,1.0,1.0,1.0,0.999800980091095,0.999565064907074,0.9992781281471252,0.9997442364692688,0.9997652173042297,0.9997280240058899,2.0
1555,0.0,0.0,0.0,0.0,0.0,0.0,0.999268114566803,0.9986141920089722,0.9977067708969116,0.9987565279006958,0.999103307723999,0.9987541437149048,0.0
1556,1.0,1.0,1.0,1.0,1.0,1.0,0.9998531341552734,0.9995986819267273,0.9991039633750916,0.9997145533561707,0.9997021555900574,0.9996984004974365,3.0
1557,0.0,0.0,0.0,0.0,0.0,0.0,0.9986925721168518,0.9976999163627625,0.9953126907348633,0.9981902241706848,0.9988297820091248,0.9975188970565796,0.0
1558,1.0,1.0,0.0,1.0,1.0,1.0,0.9991995692253113,0.998430073261261,0.9970009922981262,0.9987778067588806,0.9991798996925354,0.9986940026283264,0.0
1559,1.0,1.0,0.0,1.0,1.0,1.0,0.9996517896652222,0.9993591904640198,0.9991342425346375,0.9996683597564697,0.999708354473114,0.9995790123939514,3.0
1560,1.0,0.0,0.0,0.0,1.0,0.0,0.9996737241744995,0.9993768334388733,0.9991051554679871,0.9996501207351685,0.9996644258499146,0.9995898604393005,2.0
1561,0.0,1.0,1.0,1.0,1.0,1.0,0.9996919631958008,0.9994175434112549,0.9991975426673889,0.9996336698532104,0.9994621872901917,0.999518871307373,1.0
1562,1.0,1.0,1.0,1.0,1.0,1.0,0.9991752505302429,0.9990835189819336,0.9981163740158081,0.998508870601654,0.998627781867981,0.9985125660896301,0.0
1563,1.0,1.0,1.0,1.0,1.0,0.0,0.9993047714233398,0.9989244341850281,0.9976890087127686,0.99856036901474,0.9986507296562195,0.998491644859314,0.0
1564,0.0,0.0,0.0,0.0,0.0,0.0,0.9994450211524963,0.9991747736930847,0.9985976815223694,0.9995068311691284,0.9995841383934021,0.99930739402771,3.0
1565,0.0,0.0,0.0,0.0,0.0,0.0,0.9995641112327576,0.9991145730018616,0.9988534450531006,0.9995298385620117,0.9993808269500732,0.9993822574615479,1.0
1566,1.0,1.0,0.0,1.0,1.0,0.0,0.9997513890266418,0.9994649291038513,0.9987345337867737,0.999439537525177,0.999413251876831,0.9994224309921265,4.0
1567,0.0,1.0,1.0,0.0,0.0,1.0,0.999711811542511,0.9996222257614136,0.9992929697036743,0.999596893787384,0.9996235370635986,0.9996269941329956,3.0
1568,0.0,0.0,0.0,0.0,0.0,0.0,0.9997074007987976,0.9993993043899536,0.9989643096923828,0.9996439218521118,0.9996734857559204,0.9995276927947998,3.0
1569,0.0,0.0,0.0,0.0,0.0,0.0,0.9996416568756104,0.9993329644203186,0.999086856842041,0.9995914101600647,0.9996579885482788,0.9994850158691406,4.0
1570,1.0,1.0,1.0,1.0,1.0,0.0,0.9998488426208496,0.9996376037597656,0.9990869760513306,0.9996941089630127,0.9997383952140808,0.9997156262397766,3.0
1571,1.0,1.0,1.0,1.0,1.0,1.0,0.9997019171714783,0.9995725750923157,0.9993149042129517,0.9996249675750732,0.9996479749679565,0.9996762275695801,4.0
1572,0.0,0.0,1.0,0.0,0.0,1.0,0.9995577931404114,0.9989380240440369,0.9986271858215332,0.9993650317192078,0.9991809725761414,0.999265730381012,1.0
1573,0.0,0.0,0.0,0.0,0.0,0.0,0.9993669390678406,0.9987896084785461,0.9987770915031433,0.9993914365768433,0.9992214441299438,0.9991886019706726,1.0
1574,1.0,1.0,1.0,1.0,1.0,0.0,0.9997914433479309,0.999525785446167,0.9990555644035339,0.9996101260185242,0.9995703101158142,0.9996379613876343,4.0
1575,1.0,1.0,1.0,1.0,1.0,1.0,0.9994389414787292,0.9988976716995239,0.997857391834259,0.9990565180778503,0.9989259839057922,0.9987815022468567,0.0
1576,1.0,1.0,1.0,1.0,1.0,1.0,0.9997574687004089,0.9995449185371399,0.9991275668144226,0.9996019005775452,0.9995519518852234,0.9995586276054382,4.0
1577,1.0,1.0,1.0,1.0,1.0,1.0,0.9996695518493652,0.9995465874671936,0.9991576671600342,0.9994698166847229,0.9995404481887817,0.9995538592338562,3.0
1578,0.0,0.0,1.0,1.0,0.0,0.0,0.9995551705360413,0.9994049072265625,0.9991341233253479,0.9994736313819885,0.9991084933280945,0.9993553757667542,1.0
1579,0.0,0.0,0.0,0.0,0.0,0.0,0.9997873902320862,0.999618411064148,0.9993725419044495,0.9997548460960388,0.9997565150260925,0.9997140765190125,4.0
1580,1.0,1.0,1.0,1.0,1.0,0.0,0.9998425245285034,0.9993997812271118,0.9988670349121094,0.9996374845504761,0.9993863105773926,0.9995307922363281,1.0
1581,1.0,1.0,0.0,0.0,1.0,0.0,0.9995607733726501,0.9986552000045776,0.9968172311782837,0.9988386034965515,0.9992139339447021,0.9986841082572937,0.0
1582,1.0,1.0,0.0,0.0,1.0,0.0,0.9998438358306885,0.9991612434387207,0.9983313679695129,0.9996044039726257,0.9994105100631714,0.9995467066764832,1.0
1583,1.0,1.0,0.0,0.0,1.0,0.0,0.9998095631599426,0.9993444085121155,0.99864262342453,0.9996387958526611,0.9995589852333069,0.9995507597923279,1.0
1584,1.0,1.0,0.0,0.0,1.0,0.0,0.9997339844703674,0.9993664622306824,0.9989719390869141,0.9996751546859741,0.9996980428695679,0.9995989203453064,4.0
1585,0.0,0.0,0.0,0.0,0.0,0.0,0.9996252059936523,0.9992552399635315,0.9988856911659241,0.9995940327644348,0.9996466636657715,0.999453604221344,4.0
1586,0.0,0.0,0.0,0.0,0.0,0.0,0.9995057582855225,0.9991135001182556,0.9991300702095032,0.9995001554489136,0.999183714389801,0.9993415474891663,1.0
1587,1.0,1.0,1.0,1.0,1.0,1.0,0.9996979236602783,0.9995860457420349,0.999462902545929,0.9996013045310974,0.9993809461593628,0.9996123909950256,1.0
1588,0.0,0.0,0.0,0.0,1.0,0.0,0.998090922832489,0.997251570224762,0.9951170682907104,0.9976366758346558,0.9984484910964966,0.9969525337219238,0.0
1589,1.0,1.0,1.0,1.0,1.0,0.0,0.9997982382774353,0.999705970287323,0.999354898929596,0.9996421337127686,0.9996722936630249,0.9996857643127441,3.0
1590,0.0,0.0,0.0,0.0,0.0,0.0,0.9995610117912292,0.9993058443069458,0.999021053314209,0.9996351003646851,0.9996801614761353,0.9994481205940247,4.0
1591,1.0,1.0,1.0,1.0,1.0,1.0,0.9994969367980957,0.999169111251831,0.998420000076294,0.9991409778594971,0.9990862607955933,0.9991631507873535,0.0
1592,0.0,0.0,0.0,0.0,0.0,0.0,0.9993802309036255,0.9988476037979126,0.9980670809745789,0.9994340538978577,0.9995187520980835,0.999167799949646,3.0
1593,1.0,1.0,0.0,0.0,1.0,0.0,0.9992807507514954,0.9987830519676208,0.9978626370429993,0.9990400671958923,0.9990717172622681,0.9988875985145569,0.0
1594,1.0,1.0,0.0,0.0,1.0,0.0,0.9998487234115601,0.9995889067649841,0.9989786148071289,0.9997381567955017,0.9997543692588806,0.9996838569641113,3.0
1595,0.0,0.0,0.0,0.0,0.0,0.0,0.9994308352470398,0.9991024732589722,0.9988849759101868,0.9995604157447815,0.9996397495269775,0.9993815422058105,4.0
1596,0.0,0.0,0.0,0.0,0.0,0.0,0.9994527697563171,0.9989491105079651,0.9985155463218689,0.9994376301765442,0.9995514750480652,0.9992314577102661,4.0
1597,0.0,0.0,0.0,0.0,0.0,0.0,0.9990341663360596,0.9982340335845947,0.9963552951812744,0.9986577033996582,0.9990972280502319,0.998356282711029,0.0
1598,1.0,1.0,0.0,0.0,1.0,0.0,0.9998157620429993,0.9994432330131531,0.998530387878418,0.999660849571228,0.9997027516365051,0.9996309280395508,3.0
1599,0.0,0.0,0.0,0.0,0.0,0.0,0.9994550347328186,0.9991769194602966,0.9986974596977234,0.9995237588882446,0.999632716178894,0.9993318915367126,3.0
1600,1.0,1.0,0.0,0.0,1.0,0.0,0.9995902180671692,0.9984371066093445,0.9968030452728271,0.9989144802093506,0.9990208148956299,0.9990170001983643,0.0
1601,1.0,1.0,0.0,0.0,1.0,0.0,0.9996405839920044,0.9987426400184631,0.9974697828292847,0.9992620348930359,0.9994900226593018,0.9992175102233887,0.0
1602,0.0,1.0,1.0,1.0,1.0,0.0,0.9996719360351562,0.9995417594909668,0.9992827773094177,0.999683141708374,0.9996981620788574,0.9995757937431335,4.0
1603,1.0,1.0,0.0,0.0,1.0,0.0,0.9997501969337463,0.9989030361175537,0.9975327253341675,0.9993698000907898,0.9994055032730103,0.9992489218711853,0.0
1604,0.0,0.0,0.0,0.0,0.0,0.0,0.9991826415061951,0.9981903433799744,0.9983009696006775,0.999256432056427,0.999058187007904,0.9990454316139221,1.0
1605,0.0,0.0,0.0,0.0,0.0,0.0,0.9993795156478882,0.9984058737754822,0.9983294606208801,0.9994410872459412,0.9992052912712097,0.9991223216056824,1.0
1606,1.0,1.0,1.0,1.0,1.0,1.0,0.9997351765632629,0.9994413256645203,0.9989670515060425,0.9995483756065369,0.9994907379150391,0.9995394945144653,4.0
1607,1.0,1.0,1.0,1.0,1.0,0.0,0.9997705817222595,0.999315619468689,0.9982553124427795,0.9994332194328308,0.9994639754295349,0.9993938207626343,0.0
1608,1.0,1.0,0.0,0.0,0.0,0.0,0.9998015761375427,0.9995829463005066,0.9992163181304932,0.9997231364250183,0.9997404217720032,0.9996746778488159,2.0
1609,1.0,1.0,1.0,0.0,0.0,0.0,0.9997847676277161,0.999518632888794,0.9991150498390198,0.9996079802513123,0.9995834231376648,0.9996337890625,4.0
1610,1.0,1.0,0.0,0.0,1.0,0.0,0.9996943473815918,0.9988240599632263,0.9969007968902588,0.9989758729934692,0.9991649389266968,0.9990967512130737,0.0
1611,0.0,0.0,0.0,0.0,0.0,0.0,0.9995712637901306,0.9992073178291321,0.9984801411628723,0.9994648098945618,0.9996157884597778,0.9993276596069336,3.0
1612,1.0,1.0,0.0,0.0,0.0,0.0,0.9997144341468811,0.9990460276603699,0.9984379410743713,0.9994682669639587,0.9989581108093262,0.999306321144104,1.0
1613,1.0,1.0,1.0,1.0,1.0,1.0,0.9993357062339783,0.9990463852882385,0.9980536699295044,0.9989266991615295,0.9990212917327881,0.9988633394241333,0.0
1614,1.0,1.0,0.0,1.0,1.0,0.0,0.9998050332069397,0.9995443224906921,0.9992672801017761,0.9996324777603149,0.9994038343429565,0.9996346235275269,1.0
1615,0.0,1.0,1.0,1.0,0.0,1.0,0.999338686466217,0.9988076686859131,0.9977920055389404,0.9986639022827148,0.9988517761230469,0.9991030693054199,0.0
1616,1.0,1.0,0.0,0.0,0.0,0.0,0.9995611310005188,0.9990041851997375,0.9979556798934937,0.9990411400794983,0.9991922974586487,0.999077558517456,0.0
1617,0.0,0.0,0.0,0.0,0.0,0.0,0.9998437166213989,0.9996935129165649,0.9993436932563782,0.9997534155845642,0.9997530579566956,0.9997565150260925,3.0
1618,1.0,1.0,0.0,0.0,1.0,0.0,0.999609649181366,0.9989326596260071,0.9974268078804016,0.9989401698112488,0.9992294311523438,0.9990335702896118,0.0
1619,1.0,1.0,1.0,1.0,1.0,1.0,0.9986088871955872,0.9977802634239197,0.9942498207092285,0.9970826506614685,0.996498703956604,0.9953012466430664,0.0
1620,1.0,1.0,1.0,1.0,1.0,1.0,0.9995952248573303,0.9989456534385681,0.9983805418014526,0.9991562366485596,0.9985828399658203,0.998932421207428,1.0
1621,1.0,1.0,1.0,1.0,1.0,1.0,0.9998396635055542,0.9996471405029297,0.9992475509643555,0.9997169375419617,0.9996577501296997,0.9997227787971497,3.0
1622,1.0,1.0,1.0,1.0,1.0,1.0,0.999800980091095,0.9995703101158142,0.9990930557250977,0.9996187686920166,0.9995583891868591,0.9995948672294617,4.0
1623,0.0,1.0,1.0,1.0,1.0,1.0,0.998607337474823,0.9977380037307739,0.9950160384178162,0.9975662231445312,0.9969447255134583,0.9964183568954468,0.0
1624,1.0,1.0,1.0,1.0,1.0,1.0,0.9988324046134949,0.9981108903884888,0.9959599375724792,0.9976142644882202,0.9978533387184143,0.9973376393318176,0.0
1625,1.0,1.0,1.0,1.0,1.0,1.0,0.9997425675392151,0.9996190071105957,0.999347984790802,0.999657154083252,0.9996635913848877,0.9996212720870972,2.0
1626,1.0,1.0,0.0,0.0,1.0,0.0,0.9997783303260803,0.9995744824409485,0.999212384223938,0.9997105002403259,0.9997089505195618,0.9996850490570068,3.0
1627,0.0,0.0,0.0,0.0,0.0,0.0,0.9994148015975952,0.9990038275718689,0.998755693435669,0.9995062351226807,0.9996102452278137,0.9993889331817627,4.0
1628,1.0,1.0,1.0,0.0,1.0,0.0,0.9998774528503418,0.9997240900993347,0.9992565512657166,0.999767005443573,0.9997747540473938,0.9997833371162415,3.0
1629,0.0,0.0,0.0,0.0,0.0,0.0,0.9994914531707764,0.9987382292747498,0.9984512329101562,0.9994408488273621,0.9990615248680115,0.9992184638977051,1.0
1630,0.0,0.0,0.0,0.0,0.0,0.0,0.9996002316474915,0.9992085099220276,0.998543381690979,0.9995952248573303,0.9996753931045532,0.999408483505249,4.0
1631,0.0,0.0,0.0,0.0,1.0,0.0,0.9995705485343933,0.9992765784263611,0.9989138841629028,0.9995468258857727,0.9996681213378906,0.9993579983711243,4.0
1632,1.0,1.0,1.0,1.0,1.0,1.0,0.9998447895050049,0.999428927898407,0.9987772107124329,0.9996497631072998,0.9994021654129028,0.9995892643928528,1.0
1633,0.0,0.0,0.0,0.0,0.0,0.0,0.9996020197868347,0.999257504940033,0.9987659454345703,0.9996058344841003,0.9996901750564575,0.9994736313819885,3.0
1634,1.0,1.0,0.0,0.0,1.0,0.0,0.9996868371963501,0.9992730021476746,0.9983478784561157,0.9994233846664429,0.999320387840271,0.9993256330490112,3.0
1635,1.0,1.0,1.0,1.0,1.0,1.0,0.9996063113212585,0.9992002844810486,0.998595654964447,0.9994016885757446,0.9993221759796143,0.9993108510971069,3.0
1636,1.0,1.0,0.0,0.0,0.0,0.0,0.9997542500495911,0.9995478987693787,0.9990904331207275,0.999640941619873,0.9995946288108826,0.9995360374450684,2.0
1637,0.0,0.0,0.0,0.0,1.0,0.0,0.9990370273590088,0.9979478716850281,0.9976014494895935,0.9988548755645752,0.9989026784896851,0.9983620047569275,1.0
1638,1.0,1.0,1.0,1.0,1.0,0.0,0.9998260140419006,0.9995661377906799,0.9990034699440002,0.9996414184570312,0.9996167421340942,0.9996811151504517,4.0
1639,0.0,0.0,0.0,0.0,0.0,0.0,0.9989263415336609,0.9978057742118835,0.9959625601768494,0.9984614849090576,0.9988738894462585,0.998399555683136,0.0
1640,0.0,0.0,0.0,0.0,0.0,0.0,0.9995556473731995,0.9990955591201782,0.9986739158630371,0.9995806813240051,0.9995536208152771,0.9993525147438049,2.0
1641,1.0,1.0,0.0,0.0,1.0,0.0,0.9998140931129456,0.99937903881073,0.998426079750061,0.9996836185455322,0.9997380375862122,0.9996241331100464,3.0
1642,0.0,0.0,0.0,0.0,0.0,0.0,0.9990149736404419,0.9982578158378601,0.9968279004096985,0.998329222202301,0.9988479614257812,0.9982855916023254,0.0
1643,1.0,1.0,0.0,1.0,1.0,1.0,0.9998230338096619,0.9996218681335449,0.9991506338119507,0.9996592998504639,0.999601423740387,0.9996503591537476,3.0
1644,1.0,1.0,0.0,0.0,1.0,0.0,0.9997933506965637,0.999395489692688,0.9986390471458435,0.9995926022529602,0.999618649482727,0.9995536208152771,4.0
1645,0.0,0.0,0.0,0.0,0.0,0.0,0.9996966123580933,0.9995703101158142,0.9994526505470276,0.9996809959411621,0.9996762275695801,0.999637246131897,3.0
1646,1.0,1.0,1.0,1.0,1.0,1.0,0.9998063445091248,0.9996401071548462,0.9993532299995422,0.9997287392616272,0.9997391104698181,0.9997269511222839,2.0
1647,1.0,1.0,0.0,1.0,1.0,0.0,0.9998250603675842,0.9995988011360168,0.9992190599441528,0.999642014503479,0.9996111989021301,0.9996709823608398,4.0
1648,1.0,1.0,1.0,1.0,1.0,1.0,0.99985671043396,0.9996613264083862,0.9992333650588989,0.9997332692146301,0.9996954202651978,0.9997078776359558,3.0
1649,1.0,1.0,1.0,1.0,1.0,1.0,0.9997836947441101,0.9996883869171143,0.9994439482688904,0.9997373223304749,0.9997120499610901,0.9997252821922302,2.0
1650,1.0,1.0,1.0,1.0,1.0,1.0,0.9997584223747253,0.9996719360351562,0.9994163513183594,0.9997389912605286,0.9996938705444336,0.9997238516807556,2.0
1651,1.0,1.0,0.0,0.0,0.0,0.0,0.9998249411582947,0.9995902180671692,0.9990481734275818,0.9997100234031677,0.9996520280838013,0.9996602535247803,4.0
1652,1.0,1.0,1.0,1.0,1.0,1.0,0.9998100399971008,0.9995822310447693,0.9990680813789368,0.9996263980865479,0.9996249675750732,0.9996646642684937,3.0
1653,1.0,1.0,1.0,1.0,1.0,0.0,0.9993176460266113,0.9982054233551025,0.9960833787918091,0.9980496168136597,0.9982631802558899,0.9981955885887146,0.0
1654,1.0,1.0,0.0,0.0,1.0,0.0,0.999509334564209,0.9989559650421143,0.9975243210792542,0.9987472295761108,0.9991499185562134,0.998982846736908,0.0
1655,0.0,0.0,0.0,0.0,0.0,0.0,0.9994412064552307,0.9986845850944519,0.9983081817626953,0.9994081258773804,0.9992200136184692,0.9990873336791992,1.0
1656,1.0,1.0,0.0,0.0,1.0,0.0,0.9998020529747009,0.9992245435714722,0.9987156391143799,0.9995360374450684,0.9993220567703247,0.9993810653686523,1.0
1657,1.0,1.0,0.0,0.0,0.0,0.0,0.9998693466186523,0.9996373653411865,0.9991074204444885,0.9997290968894958,0.9997479319572449,0.9997373223304749,4.0
1658,0.0,0.0,0.0,0.0,0.0,0.0,0.9995334148406982,0.9992270469665527,0.9989074468612671,0.9995205402374268,0.9996104836463928,0.9993833303451538,3.0
1659,1.0,1.0,1.0,1.0,1.0,1.0,0.9996962547302246,0.9993591904640198,0.9990831613540649,0.9995002746582031,0.999071478843689,0.9994086027145386,1.0
1660,1.0,1.0,1.0,1.0,1.0,1.0,0.9990345239639282,0.9974815249443054,0.9963247179985046,0.9978727102279663,0.9959890246391296,0.9970921277999878,1.0
1661,1.0,1.0,1.0,1.0,1.0,1.0,0.9995688796043396,0.9991720914840698,0.9981309771537781,0.9990246295928955,0.999056875705719,0.9991639852523804,0.0
1662,1.0,1.0,1.0,1.0,1.0,0.0,0.9997181296348572,0.9993396401405334,0.9984801411628723,0.9992969036102295,0.9992585778236389,0.9993618130683899,0.0
1663,0.0,0.0,0.0,0.0,0.0,0.0,0.9989396929740906,0.9981820583343506,0.9967254400253296,0.9985646605491638,0.9990450739860535,0.9983099699020386,0.0
1664,0.0,0.0,0.0,0.0,0.0,0.0,0.9995720982551575,0.9990291595458984,0.9987491369247437,0.9994202852249146,0.9991852641105652,0.9992777705192566,1.0
1665,1.0,1.0,1.0,1.0,1.0,1.0,0.9995261430740356,0.9985947012901306,0.9977092742919922,0.9988211989402771,0.9982944130897522,0.998643696308136,1.0
1666,0.0,0.0,0.0,0.0,0.0,0.0,0.9996155500411987,0.9993308782577515,0.9990264177322388,0.999616265296936,0.9996962547302246,0.9994837045669556,4.0
1667,0.0,0.0,0.0,0.0,0.0,0.0,0.9989677667617798,0.9981778860092163,0.9962155222892761,0.9985544085502625,0.9989830851554871,0.9982574582099915,0.0
1668,1.0,1.0,1.0,1.0,0.0,1.0,0.9996777772903442,0.9994358420372009,0.9988271594047546,0.999273955821991,0.9992774128913879,0.9992427825927734,0.0
1669,1.0,1.0,0.0,0.0,0.0,0.0,0.999795138835907,0.9995458722114563,0.99906986951828,0.9997037053108215,0.9997319579124451,0.9996340274810791,2.0
1670,0.0,0.0,0.0,0.0,0.0,0.0,0.9998120665550232,0.9994686245918274,0.998878538608551,0.999629020690918,0.9996792078018188,0.9995805621147156,4.0
1671,1.0,1.0,1.0,1.0,1.0,1.0,0.9997575879096985,0.9997531771659851,0.9995587468147278,0.9996683597564697,0.9996474981307983,0.9996758699417114,3.0
1672,1.0,1.0,0.0,1.0,1.0,0.0,0.9997127652168274,0.9995288848876953,0.9989699125289917,0.9995323419570923,0.9994803071022034,0.999430239200592,4.0
1673,0.0,0.0,0.0,0.0,0.0,0.0,0.9995688796043396,0.9992499947547913,0.9989012479782104,0.9995647072792053,0.9995953440666199,0.9994066953659058,3.0
