,True_3TC,True_ABC,True_AZT,True_D4T,True_DDI,True_TDF,Pred_Proba_3TC,Pred_Proba_ABC,Pred_Proba_AZT,Pred_Proba_D4T,Pred_Proba_DDI,Pred_Proba_TDF,kFolds
0,1.0,1.0,0.0,1.0,1.0,1.0,0.1760784238576889,0.17789411544799805,0.18728326261043549,0.15073098242282867,0.15558861196041107,0.1524246484041214,2.0
1,1.0,1.0,0.0,1.0,1.0,1.0,0.17611080408096313,0.17794136703014374,0.1870066225528717,0.1508021503686905,0.15585558116436005,0.1522834748029709,4.0
2,1.0,0.0,0.0,0.0,0.0,1.0,0.17607298493385315,0.17790468037128448,0.18728137016296387,0.1507420688867569,0.15557724237442017,0.15242169797420502,2.0
3,0.0,0.0,0.0,0.0,0.0,0.0,0.17607615888118744,0.17790374159812927,0.18727000057697296,0.15073876082897186,0.15558306872844696,0.15242832899093628,2.0
4,0.0,0.0,0.0,0.0,0.0,0.0,0.176381915807724,0.1781090497970581,0.1871693730354309,0.15074683725833893,0.15536291897296906,0.15222994983196259,3.0
5,0.0,0.0,0.0,0.0,0.0,0.0,0.17607280611991882,0.17790259420871735,0.18727099895477295,0.15074039995670319,0.15558817982673645,0.15242503583431244,2.0
6,1.0,1.0,0.0,1.0,1.0,1.0,0.17607635259628296,0.17790712416172028,0.18727004528045654,0.15074722468852997,0.15557469427585602,0.15242454409599304,2.0
7,0.0,1.0,0.0,0.0,1.0,0.0,0.17606191337108612,0.17790848016738892,0.18727770447731018,0.15074695646762848,0.15557841956615448,0.1524266004562378,2.0
8,0.0,1.0,0.0,0.0,0.0,0.0,0.17611698806285858,0.17793962359428406,0.18701021373271942,0.15080474317073822,0.15585601329803467,0.15227244794368744,4.0
9,1.0,1.0,0.0,0.0,0.0,0.0,0.17637993395328522,0.17810536921024323,0.1871686577796936,0.15073956549167633,0.15536847710609436,0.15223805606365204,3.0
10,1.0,1.0,0.0,0.0,1.0,0.0,0.20196327567100525,0.16812331974506378,0.1592315286397934,0.15788912773132324,0.1584738790988922,0.15431885421276093,1.0
11,1.0,1.0,0.0,0.0,1.0,0.0,0.1763777881860733,0.17812393605709076,0.18716290593147278,0.15075485408306122,0.155356302857399,0.15222421288490295,3.0
12,1.0,1.0,0.0,0.0,1.0,0.0,0.17607064545154572,0.17790085077285767,0.18726766109466553,0.150749072432518,0.15558083355426788,0.152430921792984,2.0
13,1.0,1.0,0.0,0.0,1.0,0.0,0.17611071467399597,0.1779412031173706,0.1869862824678421,0.1508120447397232,0.15586711466312408,0.15228265523910522,4.0
14,0.0,0.0,0.0,0.0,0.0,0.0,0.17611317336559296,0.17799486219882965,0.18696796894073486,0.15081126987934113,0.15584449470043182,0.1522681713104248,4.0
15,0.0,0.0,0.0,0.0,0.0,0.0,0.18395741283893585,0.1622389256954193,0.18165022134780884,0.1578574925661087,0.154484361410141,0.15981166064739227,0.0
16,0.0,1.0,0.0,1.0,1.0,0.0,0.176380917429924,0.17812079191207886,0.18716059625148773,0.150753915309906,0.15535666048526764,0.15222713351249695,3.0
17,0.0,1.0,0.0,1.0,1.0,0.0,0.176380917429924,0.17812079191207886,0.18716059625148773,0.150753915309906,0.15535666048526764,0.15222713351249695,3.0
18,0.0,0.0,0.0,0.0,0.0,0.0,0.20198246836662292,0.168120339512825,0.1592276245355606,0.1578860878944397,0.1584624946117401,0.15432094037532806,1.0
19,0.0,0.0,0.0,0.0,0.0,0.0,0.17638260126113892,0.178121417760849,0.18716850876808167,0.15074993669986725,0.15535198152065277,0.1522255390882492,3.0
20,0.0,1.0,0.0,1.0,1.0,0.0,0.1761062741279602,0.1779458075761795,0.18700289726257324,0.15080691874027252,0.15586207807064056,0.15227608382701874,4.0
21,1.0,1.0,0.0,1.0,1.0,0.0,0.1761062741279602,0.1779458075761795,0.18700289726257324,0.15080691874027252,0.15586207807064056,0.15227608382701874,4.0
22,1.0,1.0,0.0,1.0,1.0,0.0,0.17637614905834198,0.17813313007354736,0.1871645748615265,0.15075409412384033,0.15535371005535126,0.1522182673215866,3.0
23,0.0,1.0,0.0,1.0,1.0,0.0,0.18396539986133575,0.16220848262310028,0.1816679984331131,0.15785236656665802,0.15449641644954681,0.1598094403743744,0.0
24,0.0,1.0,0.0,0.0,1.0,0.0,0.17607173323631287,0.17791640758514404,0.18726655840873718,0.15074259042739868,0.15557613968849182,0.1524266004562378,2.0
25,0.0,1.0,0.0,0.0,1.0,0.0,0.17607173323631287,0.17791640758514404,0.18726655840873718,0.15074259042739868,0.15557613968849182,0.1524266004562378,2.0
26,0.0,0.0,0.0,0.0,0.0,0.0,0.17612102627754211,0.17793644964694977,0.18700742721557617,0.1508026421070099,0.15585750341415405,0.1522749662399292,4.0
27,0.0,0.0,0.0,0.0,0.0,0.0,0.17607615888118744,0.17790374159812927,0.18727000057697296,0.15073876082897186,0.15558306872844696,0.15242832899093628,2.0
28,0.0,0.0,0.0,0.0,0.0,0.0,0.17638298869132996,0.17811022698879242,0.18717090785503387,0.15074139833450317,0.15536236763000488,0.1522320806980133,3.0
29,0.0,0.0,0.0,0.0,0.0,0.0,0.1839628666639328,0.16220764815807343,0.18167437613010406,0.15784992277622223,0.1544918268918991,0.15981334447860718,0.0
30,1.0,1.0,0.0,0.0,1.0,0.0,0.1839638352394104,0.1622041016817093,0.18168041110038757,0.15785188972949982,0.1544872522354126,0.15981249511241913,0.0
31,1.0,1.0,0.0,0.0,1.0,0.0,0.20196978747844696,0.16812172532081604,0.15923157334327698,0.15788210928440094,0.15847818553447723,0.15431661903858185,1.0
32,1.0,1.0,0.0,0.0,1.0,0.0,0.18395844101905823,0.16221573948860168,0.18167419731616974,0.15785181522369385,0.1544872522354126,0.15981262922286987,0.0
33,1.0,1.0,0.0,0.0,1.0,0.0,0.176060751080513,0.17790473997592926,0.18727585673332214,0.1507468819618225,0.15558287501335144,0.15242889523506165,2.0
34,1.0,1.0,0.0,0.0,1.0,0.0,0.176109179854393,0.1779308170080185,0.18701112270355225,0.15080328285694122,0.15587349236011505,0.1522720754146576,4.0
35,1.0,1.0,0.0,0.0,1.0,0.0,0.17639486491680145,0.17810212075710297,0.18716594576835632,0.1507440209388733,0.15535785257816315,0.1522352397441864,3.0
36,1.0,1.0,0.0,0.0,1.0,0.0,0.17637993395328522,0.17810536921024323,0.1871686577796936,0.15073956549167633,0.15536847710609436,0.15223805606365204,3.0
37,1.0,1.0,0.0,0.0,1.0,0.0,0.17610646784305573,0.17793883383274078,0.18701162934303284,0.15079212188720703,0.1558685600757599,0.15228237211704254,4.0
38,0.0,0.0,0.0,0.0,0.0,0.0,0.1763872504234314,0.17811080813407898,0.1871676743030548,0.15073925256729126,0.15536437928676605,0.15223059058189392,3.0
39,0.0,0.0,0.0,0.0,0.0,0.0,0.17607280611991882,0.17790259420871735,0.18727099895477295,0.15074039995670319,0.15558817982673645,0.15242503583431244,2.0
40,1.0,1.0,1.0,1.0,1.0,1.0,0.17607833445072174,0.17808479070663452,0.18685545027256012,0.15088339149951935,0.1558150351047516,0.15228299796581268,4.0
41,0.0,1.0,1.0,1.0,1.0,1.0,0.2019684910774231,0.1681903600692749,0.15916267037391663,0.15798532962799072,0.15829922258853912,0.1543939709663391,1.0
42,1.0,1.0,1.0,1.0,1.0,1.0,0.1760319620370865,0.1779775172472,0.18720465898513794,0.15079975128173828,0.15555398166179657,0.1524321585893631,2.0
43,1.0,1.0,1.0,1.0,1.0,1.0,0.1839517205953598,0.16224446892738342,0.18163949251174927,0.15787014365196228,0.15449921786785126,0.15979494154453278,0.0
44,1.0,1.0,1.0,1.0,1.0,1.0,0.18394581973552704,0.1622283011674881,0.1816602349281311,0.15786400437355042,0.15448416769504547,0.15981744229793549,0.0
45,1.0,1.0,1.0,1.0,1.0,1.0,0.1760389655828476,0.17792116105556488,0.18727107346057892,0.15076591074466705,0.15556418895721436,0.152438685297966,2.0
46,1.0,1.0,0.0,0.0,0.0,0.0,0.17635414004325867,0.17813271284103394,0.18714337050914764,0.15077853202819824,0.15536253154277802,0.15222877264022827,3.0
47,1.0,1.0,0.0,0.0,0.0,0.0,0.1760282963514328,0.17793211340904236,0.18725541234016418,0.15078362822532654,0.15557707846164703,0.15242354571819305,2.0
48,1.0,1.0,1.0,1.0,1.0,0.0,0.20194290578365326,0.16816116869449615,0.15922173857688904,0.15789714455604553,0.15844030678272247,0.15433673560619354,1.0
49,1.0,1.0,1.0,1.0,1.0,0.0,0.18394681811332703,0.16223615407943726,0.18165232241153717,0.15786415338516235,0.15450341999530792,0.15979711711406708,0.0
50,0.0,1.0,1.0,1.0,0.0,1.0,0.17636217176914215,0.1781383454799652,0.18716172873973846,0.15075895190238953,0.15535227954387665,0.1522265374660492,3.0
51,0.0,1.0,1.0,1.0,0.0,1.0,0.18395550549030304,0.16222018003463745,0.18166255950927734,0.15785855054855347,0.15448695421218872,0.15981628000736237,0.0
52,0.0,0.0,0.0,0.0,0.0,0.0,0.17606407403945923,0.17790773510932922,0.18726852536201477,0.15075214207172394,0.1555720418691635,0.15243546664714813,2.0
53,0.0,0.0,0.0,0.0,0.0,0.0,0.17610377073287964,0.17796044051647186,0.1869964450597763,0.15079966187477112,0.15586046874523163,0.1522793173789978,4.0
54,1.0,1.0,0.0,1.0,1.0,0.0,0.20197802782058716,0.16812056303024292,0.1592327207326889,0.15788522362709045,0.15846344828605652,0.15431998670101166,1.0
55,1.0,1.0,0.0,1.0,1.0,0.0,0.17606814205646515,0.17791114747524261,0.1872721016407013,0.15074576437473297,0.15557144582271576,0.1524314135313034,2.0
56,1.0,1.0,0.0,0.0,1.0,0.0,0.18396523594856262,0.1622130274772644,0.18167318403720856,0.15785160660743713,0.15448838472366333,0.15980856120586395,0.0
57,1.0,1.0,0.0,0.0,1.0,0.0,0.17637574672698975,0.17812946438789368,0.1871679127216339,0.15075458586215973,0.15534833073616028,0.15222398936748505,3.0
58,0.0,0.0,0.0,0.0,0.0,0.0,0.20198670029640198,0.16811615228652954,0.1592220515012741,0.15788769721984863,0.15846404433250427,0.15432333946228027,1.0
59,0.0,0.0,0.0,0.0,0.0,0.0,0.18396475911140442,0.1621953547000885,0.18168248236179352,0.157855823636055,0.15449045598506927,0.1598110944032669,0.0
60,0.0,0.0,0.0,0.0,0.0,0.0,0.17607907950878143,0.17790478467941284,0.18727059662342072,0.15074114501476288,0.15557706356048584,0.15242739021778107,2.0
61,0.0,0.0,0.0,0.0,0.0,0.0,0.17637355625629425,0.1781153678894043,0.18716634809970856,0.1507510393857956,0.15535758435726166,0.15223610401153564,3.0
62,0.0,0.0,0.0,0.0,0.0,0.0,0.17604471743106842,0.177951380610466,0.1872478872537613,0.15077073872089386,0.15555766224861145,0.15242768824100494,2.0
63,0.0,0.0,0.0,0.0,0.0,0.0,0.20196890830993652,0.16812485456466675,0.15921786427497864,0.15789631009101868,0.15845495462417603,0.15433713793754578,1.0
64,0.0,0.0,0.0,0.0,0.0,0.0,0.17608989775180817,0.1779751181602478,0.1869683712720871,0.15084446966648102,0.15584246814250946,0.15227966010570526,4.0
65,0.0,0.0,0.0,0.0,0.0,0.0,0.1839699149131775,0.16221943497657776,0.18165794014930725,0.1578492522239685,0.15448908507823944,0.15981438755989075,0.0
66,1.0,1.0,1.0,1.0,1.0,1.0,0.1760394126176834,0.177931547164917,0.1872570514678955,0.15076719224452972,0.15556764602661133,0.15243713557720184,2.0
67,0.0,0.0,0.0,1.0,1.0,1.0,0.18394389748573303,0.16223010420799255,0.1816631406545639,0.15786917507648468,0.15449391305446625,0.1597997546195984,0.0
68,1.0,1.0,1.0,1.0,1.0,1.0,0.1760275959968567,0.17797891795635223,0.18721309304237366,0.15079966187477112,0.15554720163345337,0.15243355929851532,2.0
69,0.0,1.0,1.0,1.0,1.0,0.0,0.1839352548122406,0.1622495800256729,0.1816539317369461,0.15786513686180115,0.1545012891292572,0.15979477763175964,0.0
70,1.0,1.0,1.0,1.0,1.0,0.0,0.18393197655677795,0.16225510835647583,0.18164955079555511,0.1578644961118698,0.15450650453567505,0.15979236364364624,0.0
71,0.0,0.0,0.0,0.0,0.0,0.0,0.17604944109916687,0.1779150813817978,0.18726800382137299,0.15074552595615387,0.15557894110679626,0.152443066239357,2.0
72,1.0,1.0,0.0,0.0,1.0,1.0,0.17604556679725647,0.1779613494873047,0.1872178018093109,0.15079055726528168,0.15556320548057556,0.15242156386375427,2.0
73,0.0,0.0,0.0,0.0,0.0,0.0,0.18396182358264923,0.1622232347726822,0.18165859580039978,0.15786132216453552,0.15448427200317383,0.15981073677539825,0.0
74,1.0,1.0,0.0,0.0,1.0,0.0,0.17602567374706268,0.17795312404632568,0.18723885715007782,0.15078915655612946,0.15555934607982635,0.1524338275194168,2.0
75,1.0,1.0,1.0,1.0,1.0,0.0,0.1763540655374527,0.1781633347272873,0.18711386620998383,0.15078572928905487,0.15535300970077515,0.1522299349308014,3.0
76,1.0,1.0,0.0,1.0,1.0,0.0,0.18395160138607025,0.16224542260169983,0.18163779377937317,0.15786272287368774,0.15449920296669006,0.15980331599712372,0.0
77,0.0,0.0,0.0,0.0,0.0,0.0,0.17605288326740265,0.17792896926403046,0.18726199865341187,0.15075047314167023,0.15557129681110382,0.15243442356586456,2.0
78,1.0,1.0,0.0,0.0,1.0,1.0,0.1839650571346283,0.162215918302536,0.1816558986902237,0.15785658359527588,0.15449289977550507,0.15981364250183105,0.0
79,0.0,1.0,1.0,1.0,1.0,0.0,0.17635703086853027,0.17815561592578888,0.18713711202144623,0.1507759839296341,0.1553499698638916,0.1522243618965149,3.0
80,0.0,1.0,0.0,0.0,1.0,0.0,0.17603574693202972,0.17793641984462738,0.18726469576358795,0.15076607465744019,0.15556326508522034,0.15243373811244965,2.0
81,1.0,1.0,1.0,0.0,1.0,1.0,0.20192860066890717,0.1681746393442154,0.15920564532279968,0.15792620182037354,0.1584250032901764,0.1543399542570114,1.0
82,1.0,1.0,0.0,0.0,1.0,0.0,0.17604392766952515,0.1779022514820099,0.1872742623090744,0.15075166523456573,0.15558111667633057,0.15244677662849426,2.0
83,1.0,1.0,0.0,0.0,1.0,0.0,0.20194847881793976,0.16816113889217377,0.15921539068222046,0.1579129844903946,0.15842345356941223,0.1543385535478592,1.0
84,1.0,1.0,0.0,0.0,0.0,0.0,0.17604897916316986,0.1779596507549286,0.1872328519821167,0.15077272057533264,0.15556831657886505,0.15241746604442596,2.0
85,1.0,1.0,1.0,1.0,1.0,1.0,0.17601843178272247,0.1779712587594986,0.18722818791866302,0.15080736577510834,0.1555536985397339,0.15242105722427368,2.0
86,1.0,1.0,1.0,1.0,1.0,1.0,0.20195935666561127,0.1681402325630188,0.15921847522258759,0.1578950434923172,0.15846572816371918,0.15432117879390717,1.0
87,0.0,0.0,0.0,0.0,0.0,0.0,0.17609046399593353,0.17799119651317596,0.18695758283138275,0.15084092319011688,0.15584060549736023,0.15227927267551422,4.0
88,0.0,0.0,1.0,0.0,0.0,0.0,0.20193997025489807,0.1682009994983673,0.15917298197746277,0.15798933804035187,0.15830956399440765,0.15438714623451233,1.0
89,0.0,0.0,0.0,0.0,0.0,0.0,0.17636743187904358,0.17813687026500702,0.18715696036815643,0.15076634287834167,0.1553558111190796,0.15221655368804932,3.0
90,0.0,1.0,1.0,1.0,1.0,1.0,0.17635709047317505,0.17816467583179474,0.18711091578006744,0.1508057564496994,0.15534302592277527,0.15221861004829407,3.0
91,0.0,0.0,0.0,0.0,0.0,0.0,0.17610439658164978,0.17795905470848083,0.1869874745607376,0.15081453323364258,0.1558552086353302,0.15227937698364258,4.0
92,0.0,0.0,0.0,0.0,0.0,0.0,0.17603878676891327,0.17792464792728424,0.18726474046707153,0.15074825286865234,0.15558192133903503,0.15244168043136597,2.0
93,0.0,0.0,0.0,0.0,0.0,0.0,0.17636257410049438,0.1781531572341919,0.18713732063770294,0.1507694125175476,0.15534734725952148,0.1522301733493805,3.0
94,1.0,1.0,0.0,0.0,0.0,0.0,0.17606770992279053,0.17791029810905457,0.18726831674575806,0.15074703097343445,0.15557405352592468,0.1524326503276825,2.0
95,0.0,1.0,1.0,1.0,0.0,1.0,0.17607471346855164,0.1779862642288208,0.18696774542331696,0.15085001289844513,0.15584373474121094,0.15227752923965454,4.0
96,0.0,0.0,0.0,0.0,0.0,0.0,0.2019462138414383,0.1681545376777649,0.15921582281589508,0.15792152285575867,0.15841898322105408,0.15434293448925018,1.0
97,1.0,1.0,1.0,1.0,1.0,1.0,0.17602522671222687,0.1780308037996292,0.18716849386692047,0.15080273151397705,0.15554741024971008,0.15242533385753632,2.0
98,0.0,0.0,0.0,0.0,0.0,0.0,0.17610971629619598,0.17793157696723938,0.18699036538600922,0.15081365406513214,0.15587042272090912,0.15228423476219177,4.0
99,1.0,0.0,0.0,0.0,0.0,0.0,0.18396557867527008,0.16220898926258087,0.18165703117847443,0.1578545719385147,0.1544906347990036,0.15982316434383392,0.0
100,1.0,1.0,0.0,0.0,1.0,0.0,0.1839582324028015,0.16222505271434784,0.18165621161460876,0.15786035358905792,0.154490664601326,0.15980948507785797,0.0
101,0.0,0.0,0.0,0.0,0.0,0.0,0.18397021293640137,0.16221122443675995,0.18165147304534912,0.1578570157289505,0.1544923335313797,0.15981777012348175,0.0
102,1.0,1.0,0.0,1.0,1.0,0.0,0.17602483928203583,0.17794615030288696,0.18723724782466888,0.1507929265499115,0.15556812286376953,0.15243065357208252,2.0
103,1.0,1.0,0.0,1.0,1.0,0.0,0.1760733425617218,0.17797453701496124,0.1869714856147766,0.1508370339870453,0.15585626661777496,0.15228736400604248,4.0
104,1.0,1.0,1.0,1.0,1.0,0.0,0.1760277897119522,0.17794078588485718,0.1872531920671463,0.15077964961528778,0.15556663274765015,0.15243199467658997,2.0
105,0.0,0.0,0.0,0.0,0.0,0.0,0.17604829370975494,0.17794227600097656,0.18725405633449554,0.15075896680355072,0.15556436777114868,0.15243208408355713,2.0
106,0.0,1.0,1.0,1.0,0.0,1.0,0.1760432869195938,0.17795342206954956,0.1872275322675705,0.1507817804813385,0.15556320548057556,0.15243081748485565,2.0
107,0.0,1.0,1.0,1.0,0.0,1.0,0.1839432716369629,0.16222791373729706,0.18165694177150726,0.15786130726337433,0.15448735654354095,0.1598232537508011,0.0
108,0.0,0.0,0.0,0.0,0.0,0.0,0.17637202143669128,0.17812366783618927,0.18715696036815643,0.1507667899131775,0.15535327792167664,0.1522272825241089,3.0
109,1.0,1.0,1.0,1.0,0.0,0.0,0.18394602835178375,0.16225454211235046,0.18165726959705353,0.15785916149616241,0.1544898897409439,0.15979315340518951,0.0
110,1.0,1.0,1.0,1.0,1.0,0.0,0.1760309934616089,0.17795515060424805,0.18723095953464508,0.1507871448993683,0.15556108951568604,0.15243470668792725,2.0
111,1.0,1.0,1.0,1.0,1.0,0.0,0.20194125175476074,0.16817836463451385,0.15920674800872803,0.15794356167316437,0.1583748459815979,0.15435518324375153,1.0
112,0.0,0.0,0.0,0.0,0.0,0.0,0.17610345780849457,0.17797493934631348,0.18697889149188995,0.1508132517337799,0.15585695207118988,0.15227250754833221,4.0
113,1.0,1.0,1.0,1.0,1.0,1.0,0.20195583999156952,0.16814032196998596,0.15922044217586517,0.15790288150310516,0.15845987200737,0.15432070195674896,1.0
114,1.0,1.0,0.0,0.0,0.0,0.0,0.1763676255941391,0.17813833057880402,0.18715043365955353,0.1507686972618103,0.15534281730651855,0.1522321254014969,3.0
115,1.0,1.0,0.0,0.0,1.0,0.0,0.18394699692726135,0.16222357749938965,0.18166403472423553,0.15785974264144897,0.15449261665344238,0.1598130315542221,0.0
116,1.0,1.0,1.0,1.0,1.0,1.0,0.17634905874729156,0.17816662788391113,0.1871253401041031,0.15079334378242493,0.1553364247083664,0.15222924947738647,3.0
117,1.0,1.0,1.0,1.0,1.0,0.0,0.17601889371871948,0.1779811680316925,0.18721309304237366,0.15080997347831726,0.15554766356945038,0.15242916345596313,2.0
118,0.0,1.0,1.0,1.0,0.0,1.0,0.17633771896362305,0.17820432782173157,0.18708564341068268,0.15080536901950836,0.1553419977426529,0.15222494304180145,3.0
119,1.0,1.0,1.0,1.0,1.0,0.0,0.17635010182857513,0.17816287279129028,0.187124103307724,0.15077795088291168,0.1553538292646408,0.1522311270236969,3.0
120,0.0,0.0,0.0,0.0,0.0,0.0,0.17605461180210114,0.17796966433525085,0.18721258640289307,0.1507774293422699,0.15555408596992493,0.1524316370487213,2.0
121,1.0,1.0,0.0,0.0,1.0,0.0,0.17609819769859314,0.17795230448246002,0.18699409067630768,0.1508118212223053,0.15586087107658386,0.15228271484375,4.0
122,0.0,1.0,1.0,1.0,1.0,0.0,0.17608243227005005,0.17798081040382385,0.18697234988212585,0.15083904564380646,0.15584301948547363,0.15228232741355896,4.0
123,0.0,0.0,0.0,0.0,0.0,0.0,0.1839619129896164,0.16221903264522552,0.1816631257534027,0.15786346793174744,0.1544847935438156,0.15980760753154755,0.0
124,0.0,0.0,0.0,0.0,0.0,0.0,0.1839657723903656,0.16221772134304047,0.1816636174917221,0.1578468233346939,0.1544964760541916,0.15980960428714752,0.0
125,0.0,1.0,1.0,1.0,0.0,1.0,0.17603012919425964,0.17801068723201752,0.18718263506889343,0.15080569684505463,0.15555481612682343,0.15241603553295135,2.0
126,0.0,1.0,1.0,1.0,1.0,1.0,0.20195364952087402,0.1681678295135498,0.15919959545135498,0.1579294502735138,0.15841111540794373,0.15433833003044128,1.0
127,1.0,1.0,0.0,0.0,1.0,0.0,0.17635945975780487,0.1781233251094818,0.18716241419315338,0.15076375007629395,0.15535470843315125,0.15223637223243713,3.0
128,1.0,1.0,0.0,0.0,0.0,0.0,0.18396298587322235,0.16221070289611816,0.1816675215959549,0.15784955024719238,0.15449075400829315,0.15981845557689667,0.0
129,0.0,0.0,0.0,1.0,1.0,0.0,0.20197057723999023,0.16812744736671448,0.15920813381671906,0.1579117625951767,0.1584550142288208,0.15432706475257874,1.0
130,1.0,1.0,1.0,1.0,1.0,0.0,0.1760663241147995,0.1780070811510086,0.18694260716438293,0.1508553922176361,0.15584756433963776,0.15228106081485748,4.0
131,1.0,1.0,1.0,1.0,1.0,1.0,0.20193658769130707,0.16813737154006958,0.15922459959983826,0.1578933149576187,0.1584731787443161,0.1543349325656891,1.0
132,0.0,1.0,1.0,1.0,0.0,1.0,0.17602433264255524,0.17793850600719452,0.18724846839904785,0.15078917145729065,0.15557792782783508,0.15242157876491547,2.0
133,0.0,0.0,0.0,0.0,0.0,0.0,0.17637476325035095,0.1781366616487503,0.18715448677539825,0.15076765418052673,0.1553504317998886,0.15221600234508514,3.0
134,0.0,0.0,0.0,0.0,0.0,0.0,0.17608466744422913,0.17796863615512848,0.1869838535785675,0.15082663297653198,0.1558476835489273,0.152288556098938,4.0
135,1.0,1.0,1.0,0.0,1.0,0.0,0.18394026160240173,0.16222836077213287,0.18166609108448029,0.15786412358283997,0.15448804199695587,0.15981309115886688,0.0
136,1.0,1.0,1.0,0.0,1.0,0.0,0.17603616416454315,0.17793896794319153,0.18725140392780304,0.15076467394828796,0.1555720716714859,0.152436763048172,2.0
137,0.0,0.0,0.0,0.0,0.0,0.0,0.17604780197143555,0.17792005836963654,0.18725895881652832,0.15075667202472687,0.15557774901390076,0.15243875980377197,2.0
138,0.0,0.0,0.0,0.0,0.0,0.0,0.176067516207695,0.1779104322195053,0.18726004660129547,0.1507519632577896,0.15557856857776642,0.15243151783943176,2.0
139,0.0,0.0,0.0,0.0,0.0,0.0,0.17606322467327118,0.1779102087020874,0.1872645914554596,0.15075089037418365,0.1555767059326172,0.1524343639612198,2.0
140,0.0,0.0,0.0,0.0,0.0,0.0,0.2019575983285904,0.16812211275100708,0.1592162698507309,0.15789201855659485,0.15848641097545624,0.15432561933994293,1.0
141,1.0,1.0,0.0,1.0,1.0,0.0,0.1839560866355896,0.16224688291549683,0.18165352940559387,0.1578664779663086,0.15449367463588715,0.15978333353996277,0.0
142,1.0,1.0,0.0,0.0,1.0,0.0,0.20194707810878754,0.16813984513282776,0.1592322438955307,0.15789088606834412,0.15845659375190735,0.15433336794376373,1.0
143,1.0,1.0,0.0,0.0,1.0,0.0,0.1760982722043991,0.17792543768882751,0.1870058923959732,0.1508059948682785,0.1558760553598404,0.15228836238384247,4.0
144,0.0,0.0,0.0,0.0,0.0,0.0,0.17604880034923553,0.17793746292591095,0.18725049495697021,0.15075257420539856,0.1555698961019516,0.15244083106517792,2.0
145,0.0,0.0,0.0,0.0,0.0,0.0,0.1763816922903061,0.17812953889369965,0.18716183304786682,0.1507483869791031,0.15536433458328247,0.15221425890922546,3.0
146,1.0,1.0,1.0,1.0,1.0,0.0,0.176054447889328,0.17802415788173676,0.18691007792949677,0.15088440477848053,0.15583999454975128,0.15228693187236786,4.0
147,1.0,1.0,0.0,1.0,1.0,0.0,0.20191869139671326,0.16816020011901855,0.15922926366329193,0.1579008549451828,0.1584557741880417,0.15433523058891296,1.0
148,0.0,0.0,0.0,0.0,0.0,0.0,0.20196734368801117,0.16812700033187866,0.15922653675079346,0.15789654850959778,0.15845569968223572,0.15432679653167725,1.0
149,1.0,0.0,0.0,0.0,0.0,0.0,0.17637008428573608,0.17813056707382202,0.18715430796146393,0.15077154338359833,0.1553451418876648,0.15222835540771484,3.0
150,0.0,0.0,0.0,0.0,0.0,0.0,0.1760825365781784,0.17797383666038513,0.18696801364421844,0.1508321762084961,0.1558547019958496,0.15228873491287231,4.0
151,1.0,1.0,0.0,0.0,0.0,0.0,0.17609579861164093,0.17795154452323914,0.1869828999042511,0.150816410779953,0.15586750209331512,0.1522858440876007,4.0
152,0.0,0.0,0.0,0.0,0.0,0.0,0.176107257604599,0.17794735729694366,0.1869831085205078,0.1508127897977829,0.15586182475090027,0.15228766202926636,4.0
153,1.0,1.0,1.0,1.0,1.0,0.0,0.17634955048561096,0.17815756797790527,0.18712355196475983,0.15079908072948456,0.15534457564353943,0.15222561359405518,3.0
154,0.0,0.0,0.0,0.0,0.0,0.0,0.1763574182987213,0.1781887263059616,0.18710577487945557,0.1507827192544937,0.1553351730108261,0.1522301733493805,3.0
155,0.0,0.0,0.0,0.0,0.0,0.0,0.20196688175201416,0.16812670230865479,0.15921205282211304,0.15790323913097382,0.15845000743865967,0.15434108674526215,1.0
156,0.0,0.0,0.0,0.0,0.0,0.0,0.20194211602210999,0.16815347969532013,0.15921345353126526,0.1579149067401886,0.15842285752296448,0.15435314178466797,1.0
157,1.0,1.0,1.0,1.0,1.0,1.0,0.1763521432876587,0.17817117273807526,0.18711267411708832,0.15079538524150848,0.15533971786499023,0.15222890675067902,3.0
158,1.0,1.0,1.0,1.0,1.0,1.0,0.2019582986831665,0.16814707219600677,0.15921999514102936,0.1578921228647232,0.15844857692718506,0.1543339490890503,1.0
159,0.0,0.0,0.0,0.0,0.0,0.0,0.17637407779693604,0.17812512814998627,0.1871647983789444,0.150762140750885,0.1553533375263214,0.1522204875946045,3.0
160,0.0,0.0,0.0,0.0,0.0,0.0,0.17610521614551544,0.17795877158641815,0.18697433173656464,0.15082037448883057,0.1558651477098465,0.15227621793746948,4.0
161,1.0,1.0,0.0,0.0,1.0,0.0,0.17607617378234863,0.1779678910970688,0.18697437644004822,0.15084068477153778,0.15585526823997498,0.15228572487831116,4.0
162,1.0,1.0,0.0,0.0,0.0,0.0,0.18394938111305237,0.16225601732730865,0.18164977431297302,0.15786604583263397,0.15448980033397675,0.15978899598121643,0.0
163,0.0,0.0,0.0,0.0,0.0,0.0,0.1839667409658432,0.16221153736114502,0.1816585212945938,0.15785865485668182,0.1544916182756424,0.15981297194957733,0.0
164,1.0,1.0,0.0,0.0,1.0,0.0,0.20193777978420258,0.1681484878063202,0.15921838581562042,0.1579049527645111,0.15844570100307465,0.15434475243091583,1.0
165,1.0,1.0,1.0,1.0,1.0,1.0,0.1760212779045105,0.1779901534318924,0.18720610439777374,0.15080562233924866,0.1555565595626831,0.152420312166214,2.0
166,1.0,1.0,1.0,1.0,1.0,0.0,0.17605596780776978,0.1779923439025879,0.18694984912872314,0.150859996676445,0.1558545082807541,0.15228727459907532,4.0
167,1.0,1.0,1.0,1.0,1.0,0.0,0.17602857947349548,0.1779988706111908,0.18719428777694702,0.15080305933952332,0.155550017952919,0.1524251103401184,2.0
168,0.0,0.0,0.0,0.0,0.0,0.0,0.18396615982055664,0.16221551597118378,0.1816580891609192,0.157859668135643,0.15449707210063934,0.15980349481105804,0.0
169,0.0,1.0,0.0,1.0,1.0,1.0,0.17635208368301392,0.17816510796546936,0.18712832033634186,0.15078966319561005,0.1553441882133484,0.15222063660621643,3.0
170,1.0,1.0,0.0,1.0,1.0,1.0,0.18394418060779572,0.16223964095115662,0.18164902925491333,0.15786758065223694,0.1545005738735199,0.15979906916618347,0.0
171,0.0,0.0,0.0,0.0,0.0,0.0,0.1760650873184204,0.1779131442308426,0.18726752698421478,0.15074032545089722,0.15558181703090668,0.1524321585893631,2.0
172,1.0,1.0,0.0,1.0,1.0,0.0,0.17635270953178406,0.17814628779888153,0.1871391236782074,0.15078316628932953,0.15535026788711548,0.152228444814682,3.0
173,1.0,1.0,1.0,0.0,1.0,0.0,0.18394269049167633,0.16222304105758667,0.18165670335292816,0.15786775946617126,0.15449802577495575,0.1598118245601654,0.0
174,1.0,1.0,1.0,1.0,0.0,1.0,0.20193974673748016,0.16815944015979767,0.15921445190906525,0.15791012346744537,0.1584310382604599,0.15434527397155762,1.0
175,1.0,1.0,0.0,1.0,1.0,1.0,0.18393445014953613,0.16228722035884857,0.18162985146045685,0.1578734815120697,0.15449602901935577,0.15977901220321655,0.0
176,1.0,1.0,0.0,1.0,1.0,0.0,0.17633801698684692,0.17815977334976196,0.18711738288402557,0.15080399811267853,0.15534581243991852,0.15223504602909088,3.0
177,0.0,1.0,1.0,1.0,1.0,1.0,0.20195533335208893,0.16816309094429016,0.15920044481754303,0.1579267829656601,0.15841996669769287,0.15433438122272491,1.0
178,0.0,1.0,1.0,1.0,1.0,0.0,0.2019558697938919,0.1681484431028366,0.15921804308891296,0.15792188048362732,0.15841618180274963,0.1543395221233368,1.0
179,1.0,1.0,0.0,1.0,1.0,0.0,0.2019747942686081,0.168127179145813,0.15921346843242645,0.15790799260139465,0.1584450900554657,0.15433157980442047,1.0
180,0.0,0.0,0.0,0.0,0.0,0.0,0.17636698484420776,0.17812374234199524,0.1871599406003952,0.1507701575756073,0.15535244345664978,0.15222670137882233,3.0
181,1.0,1.0,1.0,1.0,0.0,0.0,0.20193906128406525,0.16815511882305145,0.15920709073543549,0.15792125463485718,0.15843021869659424,0.1543472558259964,1.0
182,0.0,0.0,0.0,0.0,0.0,0.0,0.17607714235782623,0.17790487408638,0.18727298080921173,0.15073774755001068,0.15557856857776642,0.15242868661880493,2.0
183,1.0,1.0,1.0,1.0,1.0,1.0,0.17601126432418823,0.17798824608325958,0.18719688057899475,0.15081316232681274,0.15556256473064423,0.15242795646190643,2.0
184,1.0,1.0,1.0,1.0,1.0,1.0,0.18393518030643463,0.1622467041015625,0.18165923655033112,0.1578548699617386,0.1545005738735199,0.1598033457994461,0.0
185,0.0,0.0,0.0,0.0,0.0,0.0,0.18396130204200745,0.16220790147781372,0.1816689819097519,0.157858207821846,0.15449158847332,0.15981198847293854,0.0
186,1.0,1.0,1.0,1.0,1.0,1.0,0.1760675460100174,0.17798537015914917,0.186970055103302,0.15083973109722137,0.15584835410118103,0.15228897333145142,4.0
187,1.0,1.0,1.0,1.0,1.0,0.0,0.17609237134456635,0.1779697984457016,0.18697765469551086,0.15081654489040375,0.1558665633201599,0.1522771269083023,4.0
188,1.0,1.0,0.0,0.0,1.0,0.0,0.18394505977630615,0.16222047805786133,0.18166948854923248,0.15786489844322205,0.1544877141714096,0.15981236100196838,0.0
189,1.0,1.0,1.0,1.0,0.0,0.0,0.17606990039348602,0.1779886931180954,0.18694889545440674,0.15085801482200623,0.15584714710712433,0.1522873044013977,4.0
190,0.0,0.0,0.0,0.0,0.0,0.0,0.17638345062732697,0.17810890078544617,0.1871773600578308,0.1507434844970703,0.15535981953144073,0.152226984500885,3.0
191,0.0,0.0,0.0,0.0,0.0,0.0,0.17637865245342255,0.17811894416809082,0.18716175854206085,0.15075647830963135,0.15536148846149445,0.1522226780653,3.0
192,0.0,1.0,0.0,1.0,1.0,0.0,0.20195408165454865,0.16813984513282776,0.15922117233276367,0.15790174901485443,0.15845514833927155,0.15432800352573395,1.0
193,0.0,0.0,0.0,0.0,0.0,0.0,0.17606371641159058,0.1779009997844696,0.1872691959142685,0.15075357258319855,0.15558212995529175,0.15243040025234222,2.0
194,1.0,1.0,1.0,1.0,0.0,0.0,0.1760290563106537,0.17794111371040344,0.18725866079330444,0.15077179670333862,0.15557198226451874,0.15242743492126465,2.0
195,0.0,1.0,1.0,1.0,1.0,1.0,0.20195749402046204,0.168154776096344,0.15921102464199066,0.15791937708854675,0.1584147959947586,0.15434256196022034,1.0
196,1.0,1.0,1.0,1.0,1.0,1.0,0.20192693173885345,0.16817618906497955,0.1592029184103012,0.15791445970535278,0.15843679010868073,0.15434274077415466,1.0
197,1.0,1.0,1.0,1.0,1.0,1.0,0.17605088651180267,0.178022563457489,0.18691933155059814,0.15087322890758514,0.15584968030452728,0.15228435397148132,4.0
198,0.0,0.0,0.0,0.0,0.0,0.0,0.1839553713798523,0.16221833229064941,0.1816609501838684,0.15786731243133545,0.15448585152626038,0.15981225669384003,0.0
199,0.0,0.0,1.0,0.0,0.0,0.0,0.18395836651325226,0.16223180294036865,0.18165692687034607,0.15786266326904297,0.15449874103069305,0.1597914844751358,0.0
200,0.0,0.0,0.0,0.0,0.0,0.0,0.17609375715255737,0.17798985540866852,0.18695226311683655,0.15084365010261536,0.15584345161914825,0.1522769331932068,4.0
201,1.0,1.0,1.0,1.0,1.0,0.0,0.17606957256793976,0.17799131572246552,0.18693621456623077,0.15086449682712555,0.15586380660533905,0.15227459371089935,4.0
202,1.0,1.0,1.0,1.0,1.0,1.0,0.17605291306972504,0.17805802822113037,0.18689200282096863,0.15089966356754303,0.15582375228405,0.15227365493774414,4.0
203,0.0,0.0,1.0,0.0,0.0,1.0,0.183946430683136,0.1622345745563507,0.18165163695812225,0.15787293016910553,0.15449532866477966,0.15979908406734467,0.0
204,1.0,1.0,1.0,1.0,1.0,0.0,0.17603133618831635,0.17793472111225128,0.1872546523809433,0.15077632665634155,0.15556973218917847,0.15243321657180786,2.0
205,1.0,1.0,1.0,1.0,1.0,1.0,0.1760750263929367,0.17797082662582397,0.18696801364421844,0.1508515477180481,0.1558549702167511,0.15227963030338287,4.0
206,1.0,1.0,1.0,1.0,1.0,0.0,0.17605376243591309,0.17805857956409454,0.18688999116420746,0.15088562667369843,0.15582934021949768,0.15228278934955597,4.0
207,1.0,1.0,0.0,0.0,1.0,1.0,0.17609050869941711,0.1779853254556656,0.1869693100452423,0.15082629024982452,0.15584588050842285,0.1522826850414276,4.0
208,1.0,1.0,1.0,1.0,1.0,1.0,0.20193402469158173,0.16820086538791656,0.15918590128421783,0.15794143080711365,0.15838368237018585,0.15435415506362915,1.0
209,1.0,1.0,1.0,1.0,1.0,1.0,0.20194761455059052,0.16815128922462463,0.15922115743160248,0.15790225565433502,0.15844731032848358,0.15433043241500854,1.0
210,1.0,1.0,1.0,1.0,1.0,1.0,0.18393822014331818,0.16222591698169708,0.18166345357894897,0.15786559879779816,0.15451274812221527,0.15979406237602234,0.0
211,1.0,1.0,1.0,1.0,1.0,1.0,0.17604412138462067,0.177901491522789,0.18727652728557587,0.15074945986270905,0.15557816624641418,0.15245026350021362,2.0
212,0.0,0.0,0.0,0.0,0.0,0.0,0.1839636117219925,0.1622200459241867,0.18166252970695496,0.15785089135169983,0.15449288487434387,0.15981000661849976,0.0
213,1.0,1.0,0.0,0.0,0.0,0.0,0.17603345215320587,0.1779354363679886,0.18724745512008667,0.1507844626903534,0.15557579696178436,0.15242336690425873,2.0
214,1.0,1.0,0.0,0.0,0.0,0.0,0.2019375115633011,0.16815638542175293,0.15921275317668915,0.1579175442457199,0.1584262251853943,0.15434955060482025,1.0
215,0.0,0.0,0.0,0.0,0.0,0.0,0.17607930302619934,0.17790266871452332,0.1872759312391281,0.15072964131832123,0.15558691322803497,0.15242555737495422,2.0
216,0.0,0.0,0.0,0.0,0.0,0.0,0.17610010504722595,0.17795081436634064,0.1869836151599884,0.15082025527954102,0.15586373209953308,0.15228155255317688,4.0
217,0.0,0.0,0.0,0.0,0.0,0.0,0.17637155950069427,0.17811831831932068,0.18716371059417725,0.15076324343681335,0.15535347163677216,0.15222972631454468,3.0
218,0.0,0.0,0.0,0.0,0.0,0.0,0.2019740641117096,0.16813123226165771,0.15921509265899658,0.15789100527763367,0.1584661304950714,0.1543225198984146,1.0
219,1.0,1.0,0.0,0.0,1.0,0.0,0.17607347667217255,0.1779763102531433,0.18697120249271393,0.15084396302700043,0.15585118532180786,0.15228387713432312,4.0
220,0.0,1.0,0.0,0.0,1.0,1.0,0.1839480698108673,0.16223494708538055,0.18165653944015503,0.157871276140213,0.1544954478740692,0.15979371964931488,0.0
221,1.0,1.0,0.0,0.0,0.0,0.0,0.20195795595645905,0.16812431812286377,0.15922825038433075,0.15788759291172028,0.15848222374916077,0.15431968867778778,1.0
222,1.0,1.0,0.0,0.0,1.0,0.0,0.17602935433387756,0.1779332309961319,0.18726493418216705,0.15077733993530273,0.1555725634098053,0.15242263674736023,2.0
223,0.0,0.0,0.0,0.0,0.0,0.0,0.17636562883853912,0.17814241349697113,0.1871478259563446,0.15077407658100128,0.15534797310829163,0.15222206711769104,3.0
224,1.0,1.0,0.0,0.0,0.0,0.0,0.17604361474514008,0.17795081436634064,0.18724247813224792,0.1507774293422699,0.15555861592292786,0.15242703258991241,2.0
225,0.0,0.0,0.0,0.0,0.0,0.0,0.176082581281662,0.17799316346645355,0.18695339560508728,0.15084581077098846,0.1558467149734497,0.1522783637046814,4.0
226,1.0,1.0,1.0,1.0,1.0,0.0,0.18393926322460175,0.16227012872695923,0.18164290487766266,0.15786848962306976,0.15450572967529297,0.1597735434770584,0.0
227,0.0,1.0,1.0,1.0,0.0,1.0,0.17602194845676422,0.1779632270336151,0.18723483383655548,0.15078693628311157,0.15556417405605316,0.15242888033390045,2.0
228,1.0,1.0,1.0,1.0,1.0,1.0,0.17601914703845978,0.17794683575630188,0.1872471421957016,0.15078388154506683,0.15556561946868896,0.15243737399578094,2.0
229,1.0,1.0,1.0,1.0,1.0,1.0,0.17607732117176056,0.17799316346645355,0.18694709241390228,0.15086130797863007,0.15584923326969147,0.15227194130420685,4.0
230,0.0,0.0,0.0,0.0,0.0,0.0,0.17611365020275116,0.177947536110878,0.18698860704898834,0.1508154422044754,0.15586090087890625,0.15227390825748444,4.0
231,0.0,0.0,0.0,0.0,0.0,0.0,0.18394774198532104,0.16221903264522552,0.18166646361351013,0.15784558653831482,0.1544998437166214,0.15982137620449066,0.0
232,0.0,0.0,0.0,0.0,0.0,0.0,0.176045224070549,0.17795775830745697,0.187233105301857,0.15078091621398926,0.15555885434150696,0.152424156665802,2.0
233,0.0,1.0,1.0,1.0,1.0,1.0,0.2019316703081131,0.16815444827079773,0.15920867025852203,0.15791206061840057,0.15845349431037903,0.15433968603610992,1.0
234,0.0,1.0,1.0,1.0,0.0,1.0,0.17634586989879608,0.17819492518901825,0.18708285689353943,0.15080469846725464,0.15533576905727386,0.1522359400987625,3.0
235,0.0,0.0,0.0,0.0,0.0,0.0,0.1760464906692505,0.17791646718978882,0.18727299571037292,0.1507568061351776,0.1555737853050232,0.15243344008922577,2.0
236,1.0,1.0,0.0,0.0,1.0,0.0,0.2019646167755127,0.16813136637210846,0.1592172533273697,0.15790167450904846,0.15844830870628357,0.15433672070503235,1.0
237,1.0,1.0,1.0,1.0,1.0,1.0,0.18395139276981354,0.16222205758094788,0.18166778981685638,0.15786203742027283,0.1544862687587738,0.159810408949852,0.0
238,1.0,1.0,1.0,1.0,1.0,1.0,0.1763574182987213,0.1781623363494873,0.1871212124824524,0.15078702569007874,0.15534503757953644,0.15222695469856262,3.0
239,0.0,0.0,0.0,0.0,0.0,0.0,0.18395523726940155,0.1622355580329895,0.18165276944637299,0.15786007046699524,0.15449318289756775,0.15980324149131775,0.0
240,0.0,0.0,0.0,0.0,0.0,0.0,0.18395225703716278,0.16222843527793884,0.18165884912014008,0.15786613523960114,0.1545047163963318,0.15978959202766418,0.0
241,1.0,1.0,1.0,1.0,1.0,1.0,0.176078200340271,0.1779949814081192,0.18694883584976196,0.15086081624031067,0.15583863854408264,0.15227851271629333,4.0
242,0.0,0.0,0.0,0.0,0.0,0.0,0.17604383826255798,0.17793385684490204,0.18727461993694305,0.15075959265232086,0.15556013584136963,0.15242798626422882,2.0
243,0.0,0.0,0.0,0.0,0.0,0.0,0.20195771753787994,0.16815556585788727,0.15920473635196686,0.1579219549894333,0.15841692686080933,0.15434305369853973,1.0
244,1.0,1.0,1.0,0.0,0.0,0.0,0.18394310772418976,0.16222761571407318,0.1816568672657013,0.1578652411699295,0.1545051634311676,0.15980195999145508,0.0
245,0.0,0.0,0.0,0.0,0.0,0.0,0.17637547850608826,0.1781226545572281,0.18717148900032043,0.15075457096099854,0.15535426139831543,0.15222156047821045,3.0
246,0.0,1.0,1.0,1.0,1.0,1.0,0.1760757565498352,0.17798110842704773,0.18696288764476776,0.1508386731147766,0.1558464616537094,0.15229512751102448,4.0
247,1.0,1.0,1.0,1.0,1.0,1.0,0.18394601345062256,0.16227613389492035,0.1816243678331375,0.1578717678785324,0.15451374650001526,0.15976807475090027,0.0
248,0.0,1.0,1.0,1.0,0.0,1.0,0.17603248357772827,0.17795804142951965,0.18721947073936462,0.1507994383573532,0.15556026995182037,0.15243032574653625,2.0
249,0.0,0.0,0.0,0.0,0.0,0.0,0.17605580389499664,0.1779109388589859,0.18726514279842377,0.15075014531612396,0.1555836796760559,0.152434304356575,2.0
250,0.0,0.0,0.0,0.0,0.0,0.0,0.1763751208782196,0.1781197339296341,0.18716438114643097,0.15075743198394775,0.15536867082118988,0.15221470594406128,3.0
251,0.0,1.0,1.0,1.0,1.0,1.0,0.18395380675792694,0.16225214302539825,0.18164590001106262,0.15786540508270264,0.15450359880924225,0.1597791314125061,0.0
252,1.0,1.0,0.0,0.0,1.0,0.0,0.17607715725898743,0.17798174917697906,0.18696905672550201,0.150846928358078,0.15584677457809448,0.152278333902359,4.0
253,1.0,1.0,1.0,1.0,1.0,0.0,0.17606881260871887,0.17797280848026276,0.18696586787700653,0.15084882080554962,0.15585444867610931,0.15228918194770813,4.0
254,1.0,1.0,1.0,0.0,1.0,1.0,0.2019650787115097,0.16814792156219482,0.1592077612876892,0.1579078733921051,0.15843506157398224,0.1543363332748413,1.0
255,1.0,1.0,1.0,0.0,1.0,0.0,0.17634165287017822,0.17816370725631714,0.1871337741613388,0.15078696608543396,0.1553489863872528,0.15222492814064026,3.0
256,1.0,1.0,1.0,1.0,1.0,0.0,0.17603735625743866,0.17796924710273743,0.18721160292625427,0.15079447627067566,0.15555591881275177,0.15243132412433624,2.0
257,0.0,0.0,0.0,0.0,0.0,0.0,0.17637957632541656,0.1781291961669922,0.1871674656867981,0.15075565874576569,0.15535245835781097,0.15221565961837769,3.0
258,0.0,0.0,0.0,0.0,0.0,0.0,0.1760462373495102,0.1779533177614212,0.18724937736988068,0.15077082812786102,0.15556201338768005,0.15241825580596924,2.0
259,1.0,0.0,0.0,0.0,1.0,0.0,0.18396444618701935,0.16220907866954803,0.18166692554950714,0.1578495353460312,0.15448632836341858,0.1598236858844757,0.0
260,0.0,0.0,1.0,0.0,0.0,1.0,0.17603719234466553,0.1779451072216034,0.18725194036960602,0.15076680481433868,0.15556254982948303,0.15243643522262573,2.0
261,1.0,1.0,0.0,0.0,1.0,0.0,0.18394295871257782,0.16223779320716858,0.18164709210395813,0.1578681915998459,0.15450507402420044,0.15979892015457153,0.0
262,1.0,1.0,0.0,0.0,1.0,1.0,0.17608661949634552,0.17798461019992828,0.18697841465473175,0.15081889927387238,0.1558508574962616,0.15228062868118286,4.0
263,0.0,0.0,0.0,1.0,1.0,1.0,0.17636486887931824,0.17813658714294434,0.18714801967144012,0.1507798135280609,0.15534129738807678,0.1522293984889984,3.0
264,0.0,0.0,0.0,0.0,0.0,0.0,0.1763591170310974,0.17817147076129913,0.18710249662399292,0.1508125364780426,0.1553346812725067,0.1522197127342224,3.0
265,1.0,1.0,0.0,0.0,1.0,0.0,0.2019370049238205,0.1681741178035736,0.15920014679431915,0.15793417394161224,0.15841270983219147,0.1543418914079666,1.0
266,1.0,1.0,1.0,1.0,1.0,0.0,0.20194672048091888,0.16813457012176514,0.15922659635543823,0.15789344906806946,0.1584639549255371,0.1543346494436264,1.0
267,1.0,1.0,1.0,1.0,1.0,0.0,0.176024928689003,0.17795723676681519,0.18722933530807495,0.15079154074192047,0.1555614322423935,0.1524355113506317,2.0
268,1.0,1.0,0.0,1.0,1.0,0.0,0.17635701596736908,0.17820319533348083,0.18708238005638123,0.15079784393310547,0.15533995628356934,0.15221963822841644,3.0
269,0.0,0.0,0.0,0.0,0.0,0.0,0.17610317468643188,0.17795804142951965,0.18697360157966614,0.1508171111345291,0.1558663696050644,0.15228171646595,4.0
270,0.0,1.0,1.0,1.0,0.0,1.0,0.18396273255348206,0.16222462058067322,0.1816609501838684,0.15786655247211456,0.15448209643363953,0.15980306267738342,0.0
271,1.0,1.0,1.0,1.0,1.0,0.0,0.18395665287971497,0.16222253441810608,0.1816595196723938,0.1578563153743744,0.15449096262454987,0.15981394052505493,0.0
272,1.0,1.0,0.0,0.0,1.0,0.0,0.17605231702327728,0.1779186725616455,0.18726606667041779,0.1507490873336792,0.15557964146137238,0.15243425965309143,2.0
273,0.0,1.0,1.0,0.0,0.0,0.0,0.17603759467601776,0.17793087661266327,0.18726693093776703,0.1507590413093567,0.15556932985782623,0.152436301112175,2.0
274,0.0,0.0,0.0,0.0,0.0,0.0,0.18396127223968506,0.16222207248210907,0.18165497481822968,0.15786783397197723,0.15449175238609314,0.1598021388053894,0.0
275,0.0,0.0,0.0,0.0,0.0,0.0,0.1839628517627716,0.16220960021018982,0.18165798485279083,0.15785184502601624,0.15449275076389313,0.15982502698898315,0.0
276,1.0,1.0,1.0,1.0,1.0,1.0,0.17607201635837555,0.17799147963523865,0.1869523972272873,0.15086328983306885,0.15584443509578705,0.1522763967514038,4.0
277,1.0,1.0,1.0,1.0,1.0,1.0,0.20195497572422028,0.16814227402210236,0.1592150628566742,0.1578947901725769,0.15844696760177612,0.15434595942497253,1.0
278,1.0,1.0,1.0,1.0,1.0,0.0,0.17634284496307373,0.17819780111312866,0.18709415197372437,0.15079055726528168,0.15534107387065887,0.15223364531993866,3.0
279,1.0,1.0,1.0,1.0,1.0,0.0,0.17607153952121735,0.17798124253749847,0.1869553029537201,0.15085344016551971,0.15584664046764374,0.15229177474975586,4.0
280,1.0,1.0,1.0,1.0,1.0,1.0,0.17603805661201477,0.17792613804340363,0.18726542592048645,0.15075863897800446,0.15556727349758148,0.15244442224502563,2.0
281,0.0,0.0,0.0,0.0,0.0,0.0,0.17604213953018188,0.17795541882514954,0.18724648654460907,0.1507699340581894,0.155558243393898,0.1524277925491333,2.0
282,1.0,1.0,1.0,1.0,1.0,0.0,0.20192718505859375,0.16817444562911987,0.15921035408973694,0.15792210400104523,0.15842172503471375,0.15434418618679047,1.0
283,1.0,1.0,0.0,0.0,1.0,0.0,0.1760985106229782,0.1779395043849945,0.18701623380184174,0.15079835057258606,0.1558685153722763,0.15227890014648438,4.0
284,1.0,1.0,1.0,0.0,0.0,1.0,0.17634670436382294,0.17814873158931732,0.1871248334646225,0.1507996767759323,0.15535229444503784,0.15222777426242828,3.0
285,1.0,1.0,1.0,1.0,1.0,1.0,0.20190802216529846,0.16820475459098816,0.15920490026474,0.1579284369945526,0.15840226411819458,0.15435168147087097,1.0
286,0.0,0.0,0.0,0.0,0.0,0.0,0.20197319984436035,0.16812759637832642,0.15922725200653076,0.15789523720741272,0.15845859050750732,0.1543181836605072,1.0
287,1.0,1.0,1.0,1.0,0.0,0.0,0.20193862915039062,0.16814659535884857,0.15923070907592773,0.15788987278938293,0.15847137570381165,0.15432283282279968,1.0
288,1.0,1.0,0.0,0.0,1.0,0.0,0.17608438432216644,0.17797882854938507,0.1869521290063858,0.15085521340370178,0.15585295855998993,0.15227660536766052,4.0
289,0.0,0.0,0.0,0.0,0.0,0.0,0.18395622074604034,0.16223493218421936,0.18165472149848938,0.15786826610565186,0.15448938310146332,0.15979649126529694,0.0
290,0.0,1.0,1.0,1.0,1.0,1.0,0.20193183422088623,0.16815030574798584,0.1592162698507309,0.15790894627571106,0.15845932066440582,0.15433335304260254,1.0
291,1.0,1.0,1.0,1.0,1.0,0.0,0.20190094411373138,0.16821780800819397,0.15919309854507446,0.15793508291244507,0.15839505195617676,0.15435804426670074,1.0
292,1.0,1.0,1.0,0.0,1.0,1.0,0.20193098485469818,0.16816097497940063,0.15922528505325317,0.1578875482082367,0.15846289694309235,0.15433236956596375,1.0
293,1.0,1.0,0.0,0.0,1.0,0.0,0.17607028782367706,0.1779780238866806,0.18697504699230194,0.1508341133594513,0.15585581958293915,0.15228667855262756,4.0
294,1.0,1.0,1.0,1.0,1.0,0.0,0.20192159712314606,0.16817457973957062,0.1592150628566742,0.15791979432106018,0.15842270851135254,0.1543462723493576,1.0
295,1.0,1.0,0.0,0.0,0.0,0.0,0.17607983946800232,0.17799226939678192,0.18694770336151123,0.15085214376449585,0.15584039688110352,0.15228766202926636,4.0
296,0.0,1.0,1.0,1.0,0.0,1.0,0.20197221636772156,0.1681385338306427,0.1592034250497818,0.15791290998458862,0.15843723714351654,0.15433566272258759,1.0
297,1.0,1.0,1.0,1.0,1.0,1.0,0.18394440412521362,0.16224202513694763,0.18165333569049835,0.15786507725715637,0.154497429728508,0.15979774296283722,0.0
298,1.0,1.0,1.0,1.0,1.0,0.0,0.1839487999677658,0.16223527491092682,0.18164578080177307,0.1578742265701294,0.15449875593185425,0.15979713201522827,0.0
299,1.0,1.0,1.0,1.0,1.0,0.0,0.1760232299566269,0.17794445157051086,0.18725362420082092,0.15077176690101624,0.15557484328746796,0.1524321734905243,2.0
300,0.0,0.0,0.0,0.0,0.0,0.0,0.18396858870983124,0.16219691932201385,0.18168386816978455,0.15785212814807892,0.1544855237007141,0.15981297194957733,0.0
301,1.0,1.0,1.0,1.0,1.0,0.0,0.17633822560310364,0.17816144227981567,0.18712496757507324,0.1507989466190338,0.15534843504428864,0.15222802758216858,3.0
302,1.0,1.0,1.0,1.0,1.0,1.0,0.17602165043354034,0.17799097299575806,0.18720097839832306,0.15080830454826355,0.15555493533611298,0.1524232178926468,2.0
303,1.0,1.0,1.0,0.0,0.0,0.0,0.1839451789855957,0.1622433215379715,0.18165072798728943,0.15787070989608765,0.15449990332126617,0.15979011356830597,0.0
304,0.0,0.0,0.0,0.0,0.0,0.0,0.1763722449541092,0.17812661826610565,0.18717491626739502,0.15075328946113586,0.15535470843315125,0.15221820771694183,3.0
305,1.0,1.0,1.0,1.0,1.0,0.0,0.17604133486747742,0.1779637485742569,0.187224343419075,0.1507836878299713,0.1555660367012024,0.1524208039045334,2.0
306,0.0,0.0,0.0,0.0,0.0,0.0,0.20197297632694244,0.1681196540594101,0.15922844409942627,0.1578824371099472,0.15848582983016968,0.1543106585741043,1.0
307,1.0,1.0,1.0,1.0,1.0,1.0,0.17603276669979095,0.1779407411813736,0.1872536689043045,0.15078100562095642,0.15556885302066803,0.1524229794740677,2.0
308,1.0,1.0,0.0,0.0,0.0,0.0,0.2019665539264679,0.1681259274482727,0.15921802818775177,0.15788336098194122,0.1584831327199936,0.15432299673557281,1.0
309,0.0,0.0,0.0,0.0,0.0,0.0,0.20194336771965027,0.16815419495105743,0.15921708941459656,0.1579173505306244,0.15842565894126892,0.15434232354164124,1.0
310,0.0,0.0,0.0,0.0,0.0,0.0,0.20196668803691864,0.16811631619930267,0.1592315137386322,0.15788184106349945,0.1584872156381607,0.1543164700269699,1.0
311,1.0,1.0,1.0,1.0,1.0,1.0,0.17602528631687164,0.1779598444700241,0.18722310662269592,0.15079465508460999,0.1555643528699875,0.15243275463581085,2.0
312,1.0,1.0,1.0,1.0,1.0,1.0,0.20191314816474915,0.16818740963935852,0.15921446681022644,0.15791520476341248,0.15842106938362122,0.15434874594211578,1.0
313,1.0,1.0,1.0,1.0,1.0,1.0,0.17635637521743774,0.1781664788722992,0.18713107705116272,0.15078289806842804,0.15534353256225586,0.15221966803073883,3.0
314,1.0,1.0,1.0,1.0,1.0,0.0,0.1760474592447281,0.1779222935438156,0.18727412819862366,0.15074510872364044,0.15557369589805603,0.15243731439113617,2.0
315,1.0,1.0,1.0,1.0,1.0,1.0,0.17607590556144714,0.17798466980457306,0.18696483969688416,0.15083318948745728,0.15585632622241974,0.15228506922721863,4.0
316,1.0,1.0,1.0,1.0,1.0,1.0,0.18394286930561066,0.16225633025169373,0.18164899945259094,0.15786591172218323,0.15449842810630798,0.15978752076625824,0.0
317,0.0,0.0,0.0,0.0,0.0,0.0,0.17609849572181702,0.1779518872499466,0.18699006736278534,0.1508113592863083,0.15586945414543152,0.15227879583835602,4.0
318,1.0,1.0,1.0,1.0,1.0,0.0,0.17605258524417877,0.17790991067886353,0.18726852536201477,0.15075483918190002,0.15557925403118134,0.15243493020534515,2.0
319,0.0,0.0,0.0,0.0,0.0,0.0,0.17603053152561188,0.17792841792106628,0.1872769296169281,0.15075786411762238,0.15557219088077545,0.15243412554264069,2.0
320,1.0,1.0,1.0,1.0,1.0,1.0,0.1763496994972229,0.17815086245536804,0.1871262490749359,0.1507919430732727,0.15534816682338715,0.1522330939769745,3.0
321,0.0,0.0,0.0,0.0,0.0,0.0,0.17605674266815186,0.17792628705501556,0.1872633844614029,0.15074750781059265,0.15557609498500824,0.15243002772331238,2.0
322,1.0,1.0,1.0,1.0,1.0,1.0,0.20191241800785065,0.16818512976169586,0.15921729803085327,0.1579148918390274,0.15843144059181213,0.15433886647224426,1.0
323,0.0,0.0,0.0,0.0,0.0,0.0,0.2019692212343216,0.16811448335647583,0.1592341810464859,0.15788501501083374,0.15848408639431,0.15431299805641174,1.0
324,0.0,1.0,1.0,1.0,1.0,1.0,0.18394814431667328,0.16225703060626984,0.18164904415607452,0.15785975754261017,0.15449897944927216,0.15978702902793884,0.0
325,0.0,1.0,1.0,1.0,0.0,1.0,0.1760287880897522,0.17793460190296173,0.18726752698421478,0.15077583491802216,0.15556581318378448,0.15242746472358704,2.0
326,1.0,1.0,0.0,0.0,0.0,0.0,0.20195141434669495,0.16814780235290527,0.1592148244380951,0.15790337324142456,0.15844912827014923,0.15433350205421448,1.0
327,1.0,1.0,0.0,0.0,1.0,0.0,0.20195752382278442,0.1681373566389084,0.15922652184963226,0.15789641439914703,0.15844687819480896,0.1543353796005249,1.0
328,1.0,1.0,1.0,1.0,1.0,1.0,0.1760224550962448,0.17795604467391968,0.18722471594810486,0.15079893171787262,0.15556539595127106,0.15243248641490936,2.0
329,1.0,1.0,1.0,1.0,1.0,1.0,0.17601905763149261,0.17794625461101532,0.1872478425502777,0.15078304708003998,0.15556912124156952,0.15243464708328247,2.0
330,0.0,0.0,0.0,0.0,0.0,0.0,0.1760837286710739,0.1779731661081314,0.1869727373123169,0.15083390474319458,0.1558498740196228,0.1522866040468216,4.0
331,0.0,0.0,0.0,0.0,0.0,0.0,0.18395820260047913,0.1622266322374344,0.18166345357894897,0.1578562706708908,0.1544838398694992,0.15981166064739227,0.0
332,1.0,1.0,1.0,1.0,1.0,1.0,0.18394111096858978,0.1622769832611084,0.18162848055362701,0.15787266194820404,0.15451297163963318,0.1597677767276764,0.0
333,0.0,0.0,0.0,0.0,0.0,0.0,0.17606443166732788,0.17791303992271423,0.18724994361400604,0.1507587879896164,0.15557663142681122,0.1524372547864914,2.0
334,1.0,1.0,1.0,1.0,0.0,1.0,0.17604589462280273,0.1779327094554901,0.18726658821105957,0.15075214207172394,0.15556108951568604,0.15244154632091522,2.0
335,1.0,1.0,1.0,1.0,1.0,1.0,0.17634809017181396,0.17816929519176483,0.18711361289024353,0.15080617368221283,0.15534107387065887,0.15222185850143433,3.0
336,0.0,0.0,0.0,0.0,0.0,0.0,0.1760624200105667,0.1779032051563263,0.18727663159370422,0.15074357390403748,0.1555854231119156,0.1524287313222885,2.0
337,1.0,1.0,1.0,1.0,1.0,0.0,0.17607459425926208,0.17796707153320312,0.18698658049106598,0.15083511173725128,0.1558545082807541,0.15228208899497986,4.0
338,0.0,1.0,1.0,1.0,0.0,1.0,0.1763603389263153,0.1781689077615738,0.18711408972740173,0.1507842242717743,0.15534251928329468,0.15222986042499542,3.0
339,1.0,1.0,0.0,0.0,0.0,0.0,0.18394269049167633,0.16222552955150604,0.18166887760162354,0.15786276757717133,0.1544879972934723,0.15981216728687286,0.0
340,0.0,0.0,0.0,0.0,0.0,0.0,0.1763674020767212,0.17812608182430267,0.1871718168258667,0.15075230598449707,0.15536187589168549,0.15222054719924927,3.0
341,1.0,1.0,1.0,1.0,1.0,1.0,0.20195245742797852,0.16815185546875,0.15921494364738464,0.15790534019470215,0.15843215584754944,0.15434321761131287,1.0
342,0.0,0.0,0.0,0.0,0.0,0.0,0.18396833539009094,0.16221299767494202,0.1816573292016983,0.15784534811973572,0.1544920653104782,0.159823939204216,0.0
343,1.0,1.0,1.0,1.0,1.0,0.0,0.17606139183044434,0.17798548936843872,0.18697255849838257,0.1508455127477646,0.15585389733314514,0.15228122472763062,4.0
344,0.0,0.0,0.0,0.0,0.0,0.0,0.18395814299583435,0.1622181087732315,0.18166430294513702,0.15786224603652954,0.15448607504367828,0.15981119871139526,0.0
345,1.0,1.0,0.0,0.0,0.0,0.0,0.17607709765434265,0.17797420918941498,0.18696902692317963,0.15085168182849884,0.1558527648448944,0.1522752046585083,4.0
346,0.0,0.0,0.0,0.0,0.0,0.0,0.20195899903774261,0.16815288364887238,0.15920744836330414,0.15791216492652893,0.1584261804819107,0.15434223413467407,1.0
347,1.0,1.0,1.0,1.0,1.0,1.0,0.17635458707809448,0.1781679093837738,0.18710720539093018,0.15079370141029358,0.15534934401512146,0.1522272825241089,3.0
348,0.0,0.0,0.0,0.0,1.0,0.0,0.20198018848896027,0.16811493039131165,0.1592305451631546,0.15787386894226074,0.15848693251609802,0.15431354939937592,1.0
349,0.0,0.0,0.0,0.0,0.0,0.0,0.17604583501815796,0.17791296541690826,0.1872822493314743,0.15075203776359558,0.15556600689888,0.15244092047214508,2.0
350,1.0,1.0,1.0,1.0,1.0,1.0,0.18393848836421967,0.1622438281774521,0.18164661526679993,0.15786564350128174,0.15450087189674377,0.15980461239814758,0.0
351,0.0,0.0,0.0,0.0,0.0,0.0,0.18395209312438965,0.16222131252288818,0.18166498839855194,0.15786929428577423,0.15448127686977386,0.1598111093044281,0.0
352,1.0,1.0,0.0,0.0,0.0,0.0,0.18395282328128815,0.16222046315670013,0.18165914714336395,0.15786625444889069,0.15448734164237976,0.1598140299320221,0.0
353,0.0,0.0,0.0,0.0,0.0,0.0,0.1839519739151001,0.1622219681739807,0.18165725469589233,0.1578642874956131,0.15449461340904236,0.1598098874092102,0.0
354,0.0,1.0,1.0,0.0,1.0,0.0,0.20194271206855774,0.16817507147789001,0.15920543670654297,0.15791481733322144,0.1584181934595108,0.15434378385543823,1.0
355,0.0,0.0,1.0,0.0,1.0,0.0,0.20195290446281433,0.16816473007202148,0.15920709073543549,0.15791572630405426,0.15841461718082428,0.15434502065181732,1.0
356,1.0,1.0,0.0,0.0,1.0,0.0,0.17636775970458984,0.17814981937408447,0.18713067471981049,0.15077078342437744,0.15535925328731537,0.1522216796875,3.0
357,1.0,1.0,0.0,0.0,1.0,0.0,0.1763540655374527,0.17814339697360992,0.1871444284915924,0.150778129696846,0.15535713732242584,0.1522229164838791,3.0
358,0.0,0.0,0.0,0.0,0.0,0.0,0.20197738707065582,0.1681285798549652,0.1592177152633667,0.15789374709129333,0.15845061838626862,0.1543320119380951,1.0
359,1.0,1.0,0.0,1.0,1.0,0.0,0.17604635655879974,0.17793676257133484,0.1872621327638626,0.15075668692588806,0.15557093918323517,0.15242716670036316,2.0
360,0.0,0.0,0.0,0.0,0.0,0.0,0.2019714117050171,0.16811536252498627,0.1592346429824829,0.15788792073726654,0.1584724634885788,0.15431828796863556,1.0
361,1.0,1.0,1.0,1.0,1.0,1.0,0.20195217430591583,0.1681445837020874,0.15922121703624725,0.15790054202079773,0.15844090282917023,0.15434060990810394,1.0
362,0.0,0.0,0.0,0.0,0.0,0.0,0.17604860663414001,0.17793744802474976,0.18725694715976715,0.15075093507766724,0.15556807816028595,0.15243801474571228,2.0
363,1.0,1.0,1.0,1.0,1.0,1.0,0.20195196568965912,0.16815240681171417,0.15922248363494873,0.15789766609668732,0.15844136476516724,0.1543341726064682,1.0
364,1.0,1.0,1.0,1.0,0.0,1.0,0.17603501677513123,0.17793458700180054,0.18725071847438812,0.15078666806221008,0.15556097030639648,0.15243205428123474,2.0
365,1.0,1.0,1.0,1.0,0.0,0.0,0.20194832980632782,0.16815240681171417,0.15922096371650696,0.1578962802886963,0.15844900906085968,0.15433302521705627,1.0
366,1.0,1.0,0.0,1.0,1.0,0.0,0.1839590072631836,0.16222263872623444,0.18166404962539673,0.15785543620586395,0.1544913500547409,0.15980754792690277,0.0
367,0.0,0.0,0.0,0.0,0.0,0.0,0.1839476376771927,0.16224631667137146,0.18164458870887756,0.1578683853149414,0.15449053049087524,0.15980255603790283,0.0
368,0.0,0.0,0.0,1.0,1.0,1.0,0.1760719120502472,0.1779114007949829,0.1872704178094864,0.1507452130317688,0.15558215975761414,0.15241891145706177,2.0
369,1.0,1.0,0.0,0.0,0.0,0.0,0.17636248469352722,0.17814892530441284,0.18712982535362244,0.15077292919158936,0.15534569323062897,0.15224017202854156,3.0
370,0.0,0.0,0.0,0.0,0.0,0.0,0.20196746289730072,0.16812098026275635,0.15922321379184723,0.15789519250392914,0.15846911072731018,0.1543240249156952,1.0
371,0.0,0.0,0.0,0.0,0.0,0.0,0.18396039307117462,0.16222067177295685,0.181650310754776,0.1578642576932907,0.1544969230890274,0.15980739891529083,0.0
372,0.0,0.0,0.0,0.0,0.0,0.0,0.17637452483177185,0.17812591791152954,0.18716834485530853,0.15076130628585815,0.15535587072372437,0.15221402049064636,3.0
373,0.0,0.0,0.0,0.0,0.0,0.0,0.1763511300086975,0.1781589537858963,0.18712733685970306,0.1507868617773056,0.1553434282541275,0.15223222970962524,3.0
374,0.0,0.0,0.0,0.0,0.0,0.0,0.1839388608932495,0.16225092113018036,0.1816486269235611,0.15786629915237427,0.15449582040309906,0.15979942679405212,0.0
375,1.0,1.0,1.0,0.0,0.0,0.0,0.1760304868221283,0.17793387174606323,0.18726395070552826,0.15076839923858643,0.15557341277599335,0.15242989361286163,2.0
376,1.0,1.0,1.0,0.0,1.0,0.0,0.17604157328605652,0.1779986321926117,0.1871989220380783,0.1507895290851593,0.15555287897586823,0.15241843461990356,2.0
377,0.0,0.0,0.0,0.0,0.0,0.0,0.20197439193725586,0.1681315004825592,0.15921686589717865,0.15790583193302155,0.15844939649105072,0.1543220430612564,1.0
378,1.0,1.0,0.0,0.0,1.0,0.0,0.17610102891921997,0.1779485046863556,0.1869858205318451,0.15081432461738586,0.1558704823255539,0.15227994322776794,4.0
379,1.0,1.0,1.0,1.0,1.0,1.0,0.17608149349689484,0.17794644832611084,0.1870042085647583,0.15081952512264252,0.1558631956577301,0.1522851288318634,4.0
380,1.0,1.0,1.0,1.0,1.0,0.0,0.2019355744123459,0.1681843400001526,0.15920521318912506,0.15793202817440033,0.1583932340145111,0.154349684715271,1.0
381,1.0,1.0,0.0,0.0,1.0,0.0,0.20194979012012482,0.1681670844554901,0.1592119038105011,0.1579211950302124,0.15840955078601837,0.1543404459953308,1.0
382,0.0,0.0,1.0,0.0,0.0,0.0,0.18394364416599274,0.16222859919071198,0.18166500329971313,0.15786726772785187,0.15449553728103638,0.1597999483346939,0.0
383,0.0,0.0,0.0,0.0,0.0,0.0,0.20196574926376343,0.16812455654144287,0.15922503173351288,0.1578926295042038,0.15847806632518768,0.15431402623653412,1.0
384,0.0,0.0,0.0,0.0,0.0,0.0,0.17609773576259613,0.1779613047838211,0.18698936700820923,0.1508059799671173,0.15586085617542267,0.15228483080863953,4.0
385,1.0,1.0,0.0,0.0,1.0,0.0,0.17609558999538422,0.17795570194721222,0.1869892030954361,0.1508188396692276,0.15585951507091522,0.15228120982646942,4.0
386,0.0,0.0,0.0,0.0,0.0,0.0,0.17636926472187042,0.17813117802143097,0.1871553510427475,0.1507696956396103,0.15534797310829163,0.15222658216953278,3.0
387,0.0,0.0,0.0,0.0,0.0,0.0,0.17611011862754822,0.17793866991996765,0.18699945509433746,0.15080997347831726,0.15586251020431519,0.152279332280159,4.0
388,1.0,1.0,1.0,1.0,1.0,0.0,0.17602410912513733,0.17802110314369202,0.18716667592525482,0.15081174671649933,0.15554089844226837,0.15243545174598694,2.0
389,0.0,0.0,0.0,0.0,0.0,0.0,0.17637421190738678,0.17813538014888763,0.18715855479240417,0.1507614701986313,0.15534822642803192,0.15222224593162537,3.0
390,0.0,0.0,0.0,0.0,0.0,0.0,0.20197246968746185,0.1681409478187561,0.15921394526958466,0.15790575742721558,0.15843026340007782,0.1543365865945816,1.0
391,1.0,1.0,0.0,0.0,0.0,0.0,0.17610184848308563,0.17794331908226013,0.18699051439762115,0.15081116557121277,0.1558629423379898,0.1522902548313141,4.0
392,0.0,0.0,0.0,0.0,0.0,0.0,0.17611603438854218,0.17793388664722443,0.18701109290122986,0.1507990062236786,0.15585938096046448,0.1522805541753769,4.0
393,0.0,0.0,0.0,0.0,0.0,0.0,0.17605744302272797,0.17791718244552612,0.1872565597295761,0.1507529765367508,0.155577152967453,0.1524387001991272,2.0
394,1.0,1.0,1.0,1.0,1.0,1.0,0.18394538760185242,0.1622687727212906,0.18163497745990753,0.15786246955394745,0.1545048952102661,0.1597835123538971,0.0
395,1.0,1.0,1.0,1.0,1.0,1.0,0.17634040117263794,0.17815881967544556,0.18712735176086426,0.15079765021800995,0.15534542500972748,0.15223032236099243,3.0
396,1.0,1.0,1.0,0.0,0.0,1.0,0.1763521134853363,0.1781442016363144,0.1871442049741745,0.15077516436576843,0.15535575151443481,0.15222857892513275,3.0
397,1.0,1.0,1.0,0.0,0.0,0.0,0.17608436942100525,0.17797620594501495,0.18696841597557068,0.1508413404226303,0.1558508574962616,0.15227878093719482,4.0
398,0.0,0.0,0.0,0.0,0.0,0.0,0.1839706003665924,0.162226602435112,0.18165162205696106,0.1578640192747116,0.15448330342769623,0.15980380773544312,0.0
399,1.0,1.0,1.0,1.0,1.0,0.0,0.17635692656040192,0.1781591922044754,0.18712952733039856,0.1507757604122162,0.1553509384393692,0.1522277295589447,3.0
400,1.0,1.0,0.0,0.0,1.0,1.0,0.17608238756656647,0.1779726892709732,0.1869623363018036,0.1508425772190094,0.15585336089134216,0.15228673815727234,4.0
401,1.0,1.0,1.0,1.0,1.0,1.0,0.17609483003616333,0.1779504269361496,0.18698766827583313,0.1508205682039261,0.1558680385351181,0.15227846801280975,4.0
402,1.0,1.0,0.0,0.0,1.0,0.0,0.176077201962471,0.17797580361366272,0.18698559701442719,0.1508195400238037,0.15585489571094513,0.15228691697120667,4.0
403,1.0,1.0,1.0,1.0,1.0,0.0,0.176064133644104,0.17797233164310455,0.18697696924209595,0.1508403718471527,0.1558569073677063,0.15228934586048126,4.0
404,0.0,0.0,0.0,0.0,0.0,0.0,0.1760479211807251,0.17794513702392578,0.1872512698173523,0.1507689505815506,0.15555427968502045,0.15243247151374817,2.0
405,1.0,1.0,1.0,1.0,1.0,1.0,0.18394644558429718,0.16227315366268158,0.1816333681344986,0.15786424279212952,0.15451756119728088,0.15976522862911224,0.0
406,0.0,0.0,0.0,0.0,0.0,0.0,0.176104336977005,0.17794768512248993,0.18698976933956146,0.15081125497817993,0.15586799383163452,0.15227892994880676,4.0
407,1.0,1.0,1.0,1.0,1.0,0.0,0.17635725438594818,0.1781628131866455,0.18712526559829712,0.15079185366630554,0.15533731877803802,0.15222550928592682,3.0
408,0.0,0.0,0.0,0.0,0.0,0.0,0.18394118547439575,0.16221721470355988,0.18166358768939972,0.157863050699234,0.15448904037475586,0.15982592105865479,0.0
409,0.0,0.0,1.0,1.0,0.0,0.0,0.17604012787342072,0.17791950702667236,0.18727117776870728,0.15075230598449707,0.15557606518268585,0.15244083106517792,2.0
410,0.0,0.0,0.0,0.0,0.0,0.0,0.20197001099586487,0.16813038289546967,0.15921932458877563,0.1578982174396515,0.15846075117588043,0.15432129800319672,1.0
411,1.0,1.0,0.0,0.0,1.0,0.0,0.18396729230880737,0.1622137725353241,0.18167048692703247,0.15785770118236542,0.15448696911334991,0.15980380773544312,0.0
412,1.0,1.0,0.0,1.0,1.0,0.0,0.17634589970111847,0.17815260589122772,0.18712878227233887,0.1507847011089325,0.1553538590669632,0.15223416686058044,3.0
413,0.0,1.0,1.0,1.0,1.0,0.0,0.18396933376789093,0.16220903396606445,0.18167266249656677,0.1578524261713028,0.15449079871177673,0.1598057597875595,0.0
414,0.0,0.0,0.0,0.0,0.0,0.0,0.20196174085140228,0.1681220531463623,0.1592203676700592,0.15788720548152924,0.15848605334758759,0.1543225795030594,1.0
415,0.0,0.0,0.0,0.0,0.0,0.0,0.1839509755373001,0.16222500801086426,0.18166272342205048,0.15786544978618622,0.15449126064777374,0.15980452299118042,0.0
416,0.0,0.0,0.0,0.0,0.0,0.0,0.1839430034160614,0.16223852336406708,0.1816539168357849,0.15787115693092346,0.154500350356102,0.15979303419589996,0.0
417,1.0,1.0,1.0,1.0,1.0,1.0,0.1763414591550827,0.17819415032863617,0.18708154559135437,0.15080851316452026,0.15534380078315735,0.15223057568073273,3.0
418,1.0,1.0,1.0,1.0,1.0,1.0,0.17607368528842926,0.17798355221748352,0.18695715069770813,0.15085355937480927,0.15585777163505554,0.15227428078651428,4.0
419,0.0,0.0,0.0,0.0,0.0,0.0,0.2019585222005844,0.16812551021575928,0.15922963619232178,0.1578916311264038,0.1584782898426056,0.15431644022464752,1.0
420,1.0,1.0,1.0,1.0,1.0,1.0,0.18395182490348816,0.16225320100784302,0.18164753913879395,0.15786685049533844,0.15449605882167816,0.15978461503982544,0.0
421,1.0,1.0,1.0,1.0,1.0,0.0,0.17603367567062378,0.17796678841114044,0.1872238963842392,0.15079547464847565,0.15555402636528015,0.15242613852024078,2.0
422,0.0,0.0,0.0,0.0,0.0,0.0,0.1839740127325058,0.1622077077627182,0.18166616559028625,0.15785537660121918,0.1544875204563141,0.15980932116508484,0.0
423,1.0,1.0,1.0,0.0,1.0,0.0,0.20193660259246826,0.16816818714141846,0.1592051237821579,0.15791752934455872,0.15842844545841217,0.1543440967798233,1.0
424,1.0,1.0,1.0,0.0,1.0,0.0,0.176041841506958,0.1779569536447525,0.18722443282604218,0.1507795751094818,0.15556550025939941,0.15243174135684967,2.0
425,1.0,1.0,1.0,1.0,1.0,0.0,0.2019309252500534,0.16816672682762146,0.15921717882156372,0.15790461003780365,0.1584431231021881,0.15433737635612488,1.0
426,0.0,0.0,0.0,0.0,0.0,0.0,0.18396098911762238,0.16220322251319885,0.18166685104370117,0.15785355865955353,0.15449540317058563,0.15981994569301605,0.0
427,1.0,1.0,1.0,1.0,1.0,1.0,0.18392454087734222,0.16224002838134766,0.18166053295135498,0.15787401795387268,0.15450705587863922,0.15979385375976562,0.0
428,0.0,0.0,0.0,0.0,0.0,0.0,0.20196816325187683,0.16811946034431458,0.159231498837471,0.15788662433624268,0.15846867859363556,0.15432561933994293,1.0
429,1.0,1.0,0.0,0.0,0.0,0.0,0.1839572787284851,0.16221734881401062,0.18166279792785645,0.15785451233386993,0.15449528396129608,0.1598128080368042,0.0
430,0.0,0.0,0.0,0.0,0.0,0.0,0.20195960998535156,0.16813121736049652,0.15922583639621735,0.15789596736431122,0.15846382081508636,0.15432357788085938,1.0
431,1.0,1.0,1.0,1.0,1.0,0.0,0.17634503543376923,0.1781739741563797,0.18711890280246735,0.15079350769519806,0.1553461253643036,0.15222245454788208,3.0
432,0.0,0.0,1.0,1.0,0.0,1.0,0.18395307660102844,0.16221924126148224,0.18165896832942963,0.15787139534950256,0.15448743104934692,0.1598099321126938,0.0
433,1.0,1.0,1.0,1.0,1.0,0.0,0.1839359700679779,0.16225674748420715,0.18164114654064178,0.15786556899547577,0.1545138657093048,0.15978677570819855,0.0
434,1.0,1.0,0.0,1.0,1.0,1.0,0.17604881525039673,0.1780455857515335,0.1871415227651596,0.15080727636814117,0.15553978085517883,0.15241694450378418,2.0
435,1.0,1.0,1.0,1.0,1.0,0.0,0.20194806158542633,0.16816644370555878,0.15920285880565643,0.15792188048362732,0.158409982919693,0.15435080230236053,1.0
436,1.0,1.0,1.0,1.0,1.0,1.0,0.17603963613510132,0.17795678973197937,0.18722879886627197,0.15078473091125488,0.15556204319000244,0.1524280607700348,2.0
437,1.0,1.0,0.0,0.0,1.0,0.0,0.17607730627059937,0.17799529433250427,0.1869473159313202,0.15085966885089874,0.1558448076248169,0.15227565169334412,4.0
438,1.0,1.0,1.0,1.0,1.0,1.0,0.1839427649974823,0.1622268408536911,0.18166235089302063,0.1578633338212967,0.15449702739715576,0.15980765223503113,0.0
439,0.0,0.0,0.0,0.0,0.0,0.0,0.18395593762397766,0.1622128039598465,0.1816604882478714,0.15786156058311462,0.15449698269367218,0.15981224179267883,0.0
440,1.0,1.0,1.0,1.0,1.0,1.0,0.17604637145996094,0.1779521256685257,0.18723654747009277,0.15078222751617432,0.15555590391159058,0.1524268537759781,2.0
441,1.0,1.0,0.0,0.0,0.0,0.0,0.17608116567134857,0.17799632251262665,0.18694452941417694,0.1508524864912033,0.15585461258888245,0.15227091312408447,4.0
442,0.0,0.0,0.0,0.0,0.0,0.0,0.17603923380374908,0.17795029282569885,0.1872466504573822,0.15078231692314148,0.15556436777114868,0.15241721272468567,2.0
443,0.0,1.0,1.0,1.0,1.0,0.0,0.1763603538274765,0.17815828323364258,0.18713419139385223,0.15077225863933563,0.1553538590669632,0.15222108364105225,3.0
444,1.0,1.0,0.0,0.0,0.0,0.0,0.17635606229305267,0.17815744876861572,0.18711721897125244,0.15078891813755035,0.1553526222705841,0.15222778916358948,3.0
445,0.0,1.0,1.0,1.0,1.0,1.0,0.1760522872209549,0.17793968319892883,0.18726319074630737,0.15076200664043427,0.1555548459291458,0.15242794156074524,2.0
446,0.0,0.0,0.0,0.0,0.0,0.0,0.176047682762146,0.17793458700180054,0.18725921213626862,0.1507684588432312,0.1555611491203308,0.15242896974086761,2.0
447,0.0,0.0,0.0,0.0,0.0,0.0,0.2019738405942917,0.16812917590141296,0.15920864045619965,0.15790419280529022,0.158451110124588,0.15433305501937866,1.0
448,0.0,0.0,0.0,0.0,0.0,0.0,0.17606496810913086,0.17790727317333221,0.18727025389671326,0.1507459133863449,0.15558983385562897,0.15242180228233337,2.0
449,0.0,0.0,0.0,0.0,0.0,0.0,0.17637291550636292,0.17812801897525787,0.18716931343078613,0.15075954794883728,0.1553470492362976,0.15222319960594177,3.0
450,1.0,1.0,0.0,0.0,0.0,0.0,0.2019384205341339,0.16814185678958893,0.1592341810464859,0.1578877866268158,0.15846703946590424,0.1543307602405548,1.0
451,1.0,1.0,1.0,1.0,1.0,1.0,0.20195984840393066,0.16814382374286652,0.15922117233276367,0.15789294242858887,0.15845435857772827,0.15432783961296082,1.0
452,0.0,0.0,0.0,0.0,0.0,0.0,0.1760895848274231,0.17796944081783295,0.18697614967823029,0.15083430707454681,0.1558498591184616,0.15228068828582764,4.0
453,1.0,1.0,1.0,1.0,0.0,0.0,0.20193186402320862,0.1681530922651291,0.15922527015209198,0.1579066663980484,0.15844646096229553,0.15433670580387115,1.0
454,1.0,1.0,1.0,1.0,1.0,0.0,0.17633913457393646,0.17816020548343658,0.18712708353996277,0.150783970952034,0.15535733103752136,0.1522323042154312,3.0
455,0.0,0.0,0.0,0.0,0.0,0.0,0.17608444392681122,0.17795786261558533,0.18699535727500916,0.15081670880317688,0.15586329996585846,0.15228238701820374,4.0
456,1.0,1.0,1.0,1.0,1.0,0.0,0.17634640634059906,0.17819294333457947,0.1870798021554947,0.15080127120018005,0.1553468555212021,0.15223276615142822,3.0
457,1.0,1.0,0.0,1.0,0.0,0.0,0.17604823410511017,0.17795109748840332,0.18722496926784515,0.15078328549861908,0.15556147694587708,0.15243087708950043,2.0
458,0.0,1.0,1.0,1.0,0.0,1.0,0.17603924870491028,0.1779295653104782,0.1872686892747879,0.15076139569282532,0.15556678175926208,0.1524343341588974,2.0
459,1.0,1.0,0.0,0.0,0.0,0.0,0.17606577277183533,0.177979975938797,0.18698032200336456,0.1508386880159378,0.1558527648448944,0.1522824615240097,4.0
460,0.0,0.0,1.0,0.0,0.0,1.0,0.17635676264762878,0.17813123762607574,0.18714269995689392,0.150777667760849,0.15536370873451233,0.15222789347171783,3.0
461,1.0,1.0,1.0,1.0,1.0,1.0,0.20190194249153137,0.16821616888046265,0.15919426083564758,0.15793277323246002,0.1583985984325409,0.1543562114238739,1.0
462,1.0,1.0,0.0,1.0,0.0,0.0,0.18394626677036285,0.16223488748073578,0.1816563606262207,0.15786868333816528,0.15449735522270203,0.15979646146297455,0.0
463,0.0,0.0,0.0,0.0,0.0,0.0,0.1760990023612976,0.17795884609222412,0.186992809176445,0.15081781148910522,0.15586329996585846,0.15226827561855316,4.0
464,1.0,1.0,0.0,0.0,0.0,0.0,0.18395334482192993,0.16225983202457428,0.18163608014583588,0.15787342190742493,0.15449562668800354,0.1597817838191986,0.0
465,1.0,1.0,1.0,1.0,1.0,0.0,0.17603197693824768,0.17795242369174957,0.18723221123218536,0.1507870852947235,0.15556590259075165,0.15243038535118103,2.0
466,0.0,0.0,0.0,0.0,0.0,0.0,0.17608369886875153,0.1779603809118271,0.1869780570268631,0.15083032846450806,0.15586160123348236,0.15228600800037384,4.0
467,0.0,0.0,0.0,0.0,0.0,0.0,0.17604488134384155,0.17794279754161835,0.18725484609603882,0.1507660448551178,0.1555635929107666,0.15242783725261688,2.0
468,1.0,1.0,0.0,0.0,1.0,0.0,0.2019357830286026,0.16817589104175568,0.15920153260231018,0.15791673958301544,0.15842482447624207,0.15434527397155762,1.0
469,1.0,1.0,0.0,0.0,1.0,1.0,0.17608964443206787,0.17797166109085083,0.1869918256998062,0.15081095695495605,0.1558520346879959,0.15228387713432312,4.0
470,0.0,1.0,0.0,0.0,1.0,0.0,0.1763598471879959,0.1781437247991562,0.1871398538351059,0.15077714622020721,0.15535373985767365,0.15222564339637756,3.0
471,1.0,1.0,1.0,1.0,1.0,1.0,0.20193788409233093,0.16816256940364838,0.15921761095523834,0.15791334211826324,0.1584337204694748,0.15433494746685028,1.0
472,1.0,1.0,1.0,0.0,0.0,0.0,0.17610417306423187,0.17794141173362732,0.18698900938034058,0.1508195698261261,0.1558631807565689,0.15228267014026642,4.0
473,1.0,1.0,0.0,0.0,0.0,0.0,0.17637428641319275,0.17811764776706696,0.18716880679130554,0.15074820816516876,0.15536677837371826,0.15222422778606415,3.0
474,0.0,1.0,1.0,1.0,0.0,1.0,0.1760728657245636,0.17796893417835236,0.1870020478963852,0.1508273035287857,0.15584315359592438,0.15228568017482758,4.0
475,1.0,1.0,1.0,1.0,1.0,1.0,0.17634300887584686,0.17815549671649933,0.18712007999420166,0.15078993141651154,0.15535478293895721,0.152236670255661,3.0
476,0.0,0.0,1.0,0.0,0.0,0.0,0.1763533651828766,0.17814485728740692,0.18713298439979553,0.15078498423099518,0.15535220503807068,0.15223157405853271,3.0
477,1.0,1.0,1.0,1.0,1.0,1.0,0.201922208070755,0.16820290684700012,0.15919560194015503,0.1579279899597168,0.15840628743171692,0.1543450504541397,1.0
478,0.0,1.0,1.0,1.0,1.0,1.0,0.1839451938867569,0.16226209700107574,0.18163636326789856,0.15786805748939514,0.15451134741306305,0.15977701544761658,0.0
479,0.0,0.0,0.0,0.0,0.0,0.0,0.18396921455860138,0.1622113138437271,0.18166124820709229,0.1578524261713028,0.1544937938451767,0.15981201827526093,0.0
480,0.0,0.0,0.0,0.0,0.0,0.0,0.1760542392730713,0.17794400453567505,0.18724869191646576,0.15076619386672974,0.15555772185325623,0.15242913365364075,2.0
481,0.0,0.0,0.0,0.0,0.0,0.0,0.18397611379623413,0.16220295429229736,0.1816728115081787,0.15785591304302216,0.15448693931102753,0.1598052978515625,0.0
482,0.0,0.0,0.0,0.0,0.0,0.0,0.20197096467018127,0.16812939941883087,0.15921400487422943,0.15790241956710815,0.1584644615650177,0.15431883931159973,1.0
483,1.0,1.0,1.0,1.0,1.0,1.0,0.18393243849277496,0.16229070723056793,0.18162021040916443,0.15787555277347565,0.15451005101203918,0.15977101027965546,0.0
484,1.0,1.0,1.0,1.0,1.0,1.0,0.17605619132518768,0.1780141294002533,0.18691691756248474,0.15087419748306274,0.1558505892753601,0.15228797495365143,4.0
485,1.0,1.0,1.0,1.0,1.0,0.0,0.2019379585981369,0.1681685894727707,0.15920476615428925,0.15791282057762146,0.15843474864959717,0.15434113144874573,1.0
486,0.0,0.0,0.0,0.0,0.0,0.0,0.18396562337875366,0.16222257912158966,0.181656152009964,0.1578650176525116,0.15447698533535004,0.15981362760066986,0.0
487,0.0,1.0,1.0,1.0,0.0,1.0,0.1763496696949005,0.17816735804080963,0.1871275156736374,0.15079642832279205,0.15533803403377533,0.15222105383872986,3.0
488,0.0,0.0,0.0,0.0,0.0,0.0,0.17610734701156616,0.1779700517654419,0.18697674572467804,0.1508181244134903,0.15586073696613312,0.15226700901985168,4.0
489,0.0,0.0,0.0,0.0,0.0,0.0,0.1763618290424347,0.17814017832279205,0.18714776635169983,0.15077471733093262,0.15534824132919312,0.1522272676229477,3.0
490,1.0,1.0,0.0,0.0,1.0,0.0,0.18394304811954498,0.16221214830875397,0.18167486786842346,0.15785983204841614,0.15449132025241852,0.15981875360012054,0.0
491,0.0,0.0,0.0,0.0,0.0,0.0,0.1763695329427719,0.17812767624855042,0.18716932833194733,0.1507590264081955,0.155352383852005,0.15222197771072388,3.0
492,1.0,1.0,1.0,1.0,1.0,0.0,0.17607377469539642,0.17796550691127777,0.18698319792747498,0.1508370041847229,0.15585659444332123,0.15228387713432312,4.0
493,0.0,0.0,0.0,0.0,0.0,0.0,0.20197555422782898,0.16812357306480408,0.1592244952917099,0.15789197385311127,0.1584671437740326,0.15431728959083557,1.0
494,1.0,1.0,1.0,1.0,1.0,1.0,0.1839449405670166,0.16223274171352386,0.18165084719657898,0.15786553919315338,0.15450352430343628,0.15980234742164612,0.0
495,1.0,1.0,0.0,0.0,0.0,0.0,0.20195212960243225,0.16814839839935303,0.15921688079833984,0.15790168941020966,0.1584467589855194,0.15433421730995178,1.0
496,1.0,1.0,1.0,1.0,1.0,1.0,0.17633813619613647,0.17823249101638794,0.18705220520496368,0.1508156657218933,0.1553301215171814,0.152231365442276,3.0
497,1.0,1.0,1.0,1.0,1.0,1.0,0.20193995535373688,0.16817262768745422,0.15920332074165344,0.15791906416416168,0.15841230750083923,0.15435276925563812,1.0
498,1.0,1.0,1.0,1.0,1.0,1.0,0.1763407289981842,0.1781677007675171,0.1871240884065628,0.1507979929447174,0.15534786880016327,0.1522216498851776,3.0
499,1.0,1.0,0.0,1.0,1.0,0.0,0.17635846138000488,0.17814110219478607,0.1871381402015686,0.15078163146972656,0.15535171329975128,0.15222898125648499,3.0
500,0.0,0.0,0.0,0.0,0.0,0.0,0.20195965468883514,0.16812539100646973,0.15922218561172485,0.15789812803268433,0.1584700345993042,0.15432459115982056,1.0
501,0.0,0.0,0.0,0.0,0.0,0.0,0.17635150253772736,0.17818091809749603,0.18711964786052704,0.1507783830165863,0.155344158411026,0.1522253453731537,3.0
502,1.0,1.0,1.0,1.0,1.0,0.0,0.17606580257415771,0.17798519134521484,0.18695491552352905,0.15085797011852264,0.15585210919380188,0.15228402614593506,4.0
503,0.0,0.0,0.0,0.0,0.0,0.0,0.1760428547859192,0.17795822024345398,0.1872301548719406,0.15077821910381317,0.15556566417217255,0.15242493152618408,2.0
504,0.0,0.0,0.0,0.0,0.0,0.0,0.17637626826763153,0.17812027037143707,0.18716438114643097,0.1507573127746582,0.15535809099674225,0.15222367644309998,3.0
505,1.0,1.0,0.0,0.0,1.0,0.0,0.17603115737438202,0.17794638872146606,0.18724121153354645,0.15078216791152954,0.15556803345680237,0.15243098139762878,2.0
506,1.0,1.0,0.0,0.0,1.0,0.0,0.18394853174686432,0.16223710775375366,0.18165016174316406,0.1578645557165146,0.15449701249599457,0.15980267524719238,0.0
507,0.0,1.0,1.0,1.0,0.0,1.0,0.17603246867656708,0.17798861861228943,0.18720762431621552,0.15078885853290558,0.15555396676063538,0.15242840349674225,2.0
508,1.0,1.0,0.0,0.0,1.0,0.0,0.17608000338077545,0.17796939611434937,0.18697798252105713,0.15082843601703644,0.15585574507713318,0.15228845179080963,4.0
509,0.0,0.0,0.0,0.0,0.0,0.0,0.17611348628997803,0.177944615483284,0.18698647618293762,0.15081936120986938,0.15585874021053314,0.15227732062339783,4.0
510,1.0,1.0,1.0,1.0,1.0,1.0,0.176062673330307,0.17799939215183258,0.18694497644901276,0.1508655995130539,0.1558510959148407,0.15227630734443665,4.0
511,1.0,1.0,0.0,1.0,0.0,0.0,0.17635196447372437,0.17814895510673523,0.18712154030799866,0.15079201757907867,0.155353382229805,0.15223215520381927,3.0
512,1.0,1.0,1.0,1.0,1.0,1.0,0.17635580897331238,0.17815694212913513,0.18711526691913605,0.15078362822532654,0.15535348653793335,0.15223482251167297,3.0
513,1.0,1.0,1.0,0.0,1.0,1.0,0.18393778800964355,0.1622442901134491,0.18164601922035217,0.15786847472190857,0.15450289845466614,0.1598004698753357,0.0
514,1.0,1.0,1.0,1.0,1.0,1.0,0.18393822014331818,0.16226795315742493,0.18163880705833435,0.15786898136138916,0.1545122265815735,0.1597738265991211,0.0
515,1.0,1.0,0.0,0.0,0.0,0.0,0.1763772815465927,0.17819266021251678,0.1871001124382019,0.15078219771385193,0.15532472729682922,0.15222296118736267,3.0
516,1.0,1.0,1.0,1.0,1.0,1.0,0.20191514492034912,0.1681899130344391,0.15921305119991302,0.15791794657707214,0.15841971337795258,0.15434421598911285,1.0
517,0.0,0.0,1.0,0.0,0.0,0.0,0.176364928483963,0.17814385890960693,0.1871512234210968,0.15077218413352966,0.15534982085227966,0.1522180140018463,3.0
518,0.0,1.0,0.0,0.0,0.0,0.0,0.20195209980010986,0.1681434065103531,0.1592191606760025,0.15790113806724548,0.15846163034439087,0.1543225795030594,1.0
519,0.0,0.0,0.0,0.0,0.0,0.0,0.17605672776699066,0.1779540628194809,0.18723542988300323,0.15077893435955048,0.15555539727210999,0.1524195373058319,2.0
520,1.0,1.0,1.0,0.0,0.0,1.0,0.17606839537620544,0.17799603939056396,0.18693934381008148,0.15086793899536133,0.15584497153759003,0.15228334069252014,4.0
521,1.0,1.0,1.0,1.0,1.0,1.0,0.17635603249073029,0.1781313568353653,0.18714982271194458,0.15077009797096252,0.15535888075828552,0.1522338092327118,3.0
522,0.0,0.0,0.0,0.0,0.0,0.0,0.1839650571346283,0.1622084528207779,0.18166054785251617,0.15784333646297455,0.15449264645576477,0.1598299890756607,0.0
523,1.0,1.0,0.0,0.0,0.0,0.0,0.17604798078536987,0.17792436480522156,0.18726474046707153,0.15075121819972992,0.15557093918323517,0.15244078636169434,2.0
524,0.0,0.0,0.0,0.0,0.0,0.0,0.17607569694519043,0.17798107862472534,0.18694746494293213,0.1508474498987198,0.15585263073444366,0.15229572355747223,4.0
525,0.0,0.0,0.0,0.0,0.0,0.0,0.17605245113372803,0.17793232202529907,0.18725864589214325,0.15074455738067627,0.15557187795639038,0.15244019031524658,2.0
526,0.0,0.0,0.0,0.0,0.0,0.0,0.1839601993560791,0.16221275925636292,0.1816665381193161,0.15785162150859833,0.15448909997940063,0.1598198264837265,0.0
527,1.0,1.0,0.0,0.0,1.0,0.0,0.18396210670471191,0.1622369885444641,0.18164478242397308,0.15787044167518616,0.15449859201908112,0.159787118434906,0.0
528,1.0,1.0,1.0,1.0,0.0,0.0,0.20193445682525635,0.16815826296806335,0.15921685099601746,0.1579066663980484,0.15843741595745087,0.15434637665748596,1.0
529,1.0,1.0,0.0,0.0,1.0,0.0,0.18395458161830902,0.16222414374351501,0.18166273832321167,0.15786509215831757,0.1544906198978424,0.15980276465415955,0.0
530,0.0,0.0,0.0,0.0,0.0,0.0,0.20195217430591583,0.16814769804477692,0.1592174917459488,0.15791632235050201,0.15841904282569885,0.15434731543064117,1.0
531,0.0,0.0,0.0,0.0,0.0,0.0,0.17604805529117584,0.17793120443820953,0.1872580647468567,0.1507529616355896,0.15557017922401428,0.15243953466415405,2.0
532,1.0,1.0,1.0,1.0,1.0,1.0,0.18394339084625244,0.1622694879770279,0.18162880837917328,0.1578729897737503,0.1545073240995407,0.15977805852890015,0.0
533,1.0,1.0,1.0,1.0,1.0,1.0,0.1760444939136505,0.1779235303401947,0.18726515769958496,0.15076804161071777,0.15556083619594574,0.1524379849433899,2.0
534,1.0,1.0,1.0,1.0,1.0,1.0,0.18394629657268524,0.16222530603408813,0.18166598677635193,0.15786005556583405,0.15449196100234985,0.15981045365333557,0.0
535,1.0,1.0,1.0,1.0,1.0,1.0,0.18392515182495117,0.1622433215379715,0.18165704607963562,0.15786807239055634,0.15450727939605713,0.15979912877082825,0.0
536,1.0,1.0,1.0,1.0,1.0,1.0,0.17602811753749847,0.17800360918045044,0.18718858063220978,0.1508084237575531,0.1555478274822235,0.15242350101470947,2.0
537,0.0,0.0,0.0,0.0,0.0,0.0,0.1763632744550705,0.17816893756389618,0.18711215257644653,0.1507837325334549,0.15534570813179016,0.15222623944282532,3.0
538,0.0,0.0,0.0,0.0,0.0,0.0,0.2019290179014206,0.16817720234394073,0.15921370685100555,0.1578938215970993,0.15844587981700897,0.15434035658836365,1.0
539,0.0,0.0,0.0,0.0,0.0,0.0,0.17635586857795715,0.17818103730678558,0.18709330260753632,0.15080526471138,0.15533806383609772,0.15222641825675964,3.0
540,1.0,1.0,1.0,1.0,1.0,1.0,0.17607037723064423,0.1779995709657669,0.18694882094860077,0.15085983276367188,0.15583765506744385,0.15228377282619476,4.0
541,1.0,1.0,1.0,1.0,1.0,0.0,0.17602919042110443,0.17794185876846313,0.18725226819515228,0.15077674388885498,0.15557576715946198,0.152424156665802,2.0
542,1.0,1.0,1.0,1.0,1.0,1.0,0.17602123320102692,0.1780087798833847,0.18719276785850525,0.15079525113105774,0.15554970502853394,0.15243223309516907,2.0
543,0.0,0.0,0.0,0.0,0.0,0.0,0.1839582324028015,0.16219912469387054,0.1816747486591339,0.15784993767738342,0.15449215471744537,0.15982583165168762,0.0
544,1.0,1.0,1.0,1.0,1.0,0.0,0.18393751978874207,0.1622474491596222,0.181654155254364,0.1578705906867981,0.15449681878089905,0.15979352593421936,0.0
545,0.0,0.0,0.0,0.0,0.0,0.0,0.17604868113994598,0.1779308170080185,0.18725743889808655,0.1507539600133896,0.15557049214839935,0.15243855118751526,2.0
546,1.0,0.0,0.0,0.0,1.0,0.0,0.17637108266353607,0.17813937366008759,0.18715925514698029,0.15076637268066406,0.15534625947475433,0.15221767127513885,3.0
547,1.0,1.0,1.0,1.0,1.0,0.0,0.1760372817516327,0.17795169353485107,0.18724118173122406,0.15077582001686096,0.15556350350379944,0.15243053436279297,2.0
548,1.0,1.0,1.0,0.0,0.0,1.0,0.1839464008808136,0.1622357964515686,0.18164968490600586,0.15786701440811157,0.15449149906635284,0.1598096340894699,0.0
549,1.0,1.0,1.0,1.0,1.0,1.0,0.1760341376066208,0.1780119091272354,0.18719427287578583,0.15079832077026367,0.15554773807525635,0.15241366624832153,2.0
550,1.0,1.0,0.0,0.0,0.0,0.0,0.17608417570590973,0.1779719740152359,0.18699334561824799,0.1508304476737976,0.15584416687488556,0.1522759348154068,4.0
551,0.0,0.0,0.0,0.0,0.0,0.0,0.18396233022212982,0.16220833361148834,0.1816633641719818,0.15785695612430573,0.1544950157403946,0.1598139852285385,0.0
552,1.0,1.0,0.0,0.0,0.0,0.0,0.2019687443971634,0.1681307852268219,0.15921662747859955,0.15790636837482452,0.15844568610191345,0.15433186292648315,1.0
553,1.0,1.0,0.0,0.0,0.0,0.0,0.17604318261146545,0.17794917523860931,0.1872490644454956,0.15076610445976257,0.15556034445762634,0.15243209898471832,2.0
554,1.0,1.0,1.0,1.0,1.0,1.0,0.1839410662651062,0.1622476428747177,0.1816500872373581,0.15787382423877716,0.15449322760105133,0.1597941517829895,0.0
555,1.0,1.0,1.0,0.0,1.0,0.0,0.18393026292324066,0.16222797334194183,0.18166911602020264,0.15786105394363403,0.15450122952461243,0.15981031954288483,0.0
556,1.0,1.0,1.0,1.0,1.0,0.0,0.17607203125953674,0.177974134683609,0.18698038160800934,0.15083996951580048,0.1558523029088974,0.1522812396287918,4.0
557,0.0,0.0,0.0,0.0,0.0,0.0,0.20193438231945038,0.16815884411334991,0.1592109352350235,0.15792198479175568,0.1584283858537674,0.1543453484773636,1.0
558,1.0,1.0,0.0,1.0,1.0,0.0,0.1760336458683014,0.17793889343738556,0.18726025521755219,0.15077854692935944,0.1555699110031128,0.15241873264312744,2.0
559,0.0,0.0,0.0,0.0,0.0,0.0,0.17636671662330627,0.17813259363174438,0.18714472651481628,0.1507669985294342,0.15535956621170044,0.1522293984889984,3.0
560,0.0,0.0,0.0,0.0,0.0,0.0,0.1839495450258255,0.16222231090068817,0.18165987730026245,0.15787343680858612,0.15449625253677368,0.15979865193367004,0.0
561,1.0,0.0,0.0,0.0,1.0,0.0,0.20197947323322296,0.1681365966796875,0.15921247005462646,0.1578940749168396,0.1584502011537552,0.15432721376419067,1.0
562,0.0,0.0,0.0,0.0,0.0,0.0,0.17607428133487701,0.17797957360744476,0.1869841367006302,0.15082891285419464,0.15585015714168549,0.1522829234600067,4.0
563,1.0,1.0,1.0,1.0,1.0,1.0,0.17607446014881134,0.17797742784023285,0.18696936964988708,0.15084299445152283,0.1558496356010437,0.15228617191314697,4.0
564,0.0,0.0,0.0,0.0,0.0,0.0,0.17609909176826477,0.17795734107494354,0.18698124587535858,0.15082308650016785,0.15585683286190033,0.15228237211704254,4.0
565,1.0,1.0,1.0,1.0,1.0,0.0,0.17606821656227112,0.17798307538032532,0.1869625449180603,0.1508491039276123,0.15585103631019592,0.1522860825061798,4.0
566,0.0,1.0,1.0,1.0,1.0,0.0,0.18394684791564941,0.162250354886055,0.18165376782417297,0.1578707993030548,0.15448972582817078,0.15978850424289703,0.0
567,1.0,1.0,1.0,1.0,0.0,1.0,0.18394716084003448,0.16223256289958954,0.1816558837890625,0.15786860883235931,0.1544930636882782,0.15980276465415955,0.0
568,1.0,1.0,1.0,1.0,1.0,1.0,0.17634569108486176,0.17815503478050232,0.18711774051189423,0.15078647434711456,0.15535494685173035,0.15224012732505798,3.0
569,1.0,1.0,1.0,1.0,1.0,1.0,0.17635154724121094,0.17817318439483643,0.18711386620998383,0.15078172087669373,0.15535369515419006,0.15222600102424622,3.0
570,0.0,0.0,0.0,0.0,0.0,0.0,0.18396657705307007,0.16221751272678375,0.18165844678878784,0.1578521430492401,0.15448077023029327,0.15982453525066376,0.0
571,1.0,1.0,1.0,1.0,1.0,1.0,0.20196034014225006,0.1681637465953827,0.1591973900794983,0.15793174505233765,0.15840290486812592,0.15434382855892181,1.0
572,0.0,0.0,0.0,0.0,0.0,0.0,0.17605888843536377,0.17791295051574707,0.18727219104766846,0.15075045824050903,0.15557441115379333,0.15243108570575714,2.0
573,1.0,1.0,0.0,0.0,1.0,0.0,0.17605824768543243,0.17791669070720673,0.18726710975170135,0.15075518190860748,0.1555754691362381,0.1524273008108139,2.0
574,0.0,1.0,1.0,1.0,1.0,1.0,0.17635726928710938,0.1781270056962967,0.1871379315853119,0.15078142285346985,0.155366450548172,0.15222994983196259,3.0
575,1.0,1.0,0.0,1.0,1.0,0.0,0.1839471310377121,0.1622777283191681,0.1816260665655136,0.15786533057689667,0.15451422333717346,0.15976953506469727,0.0
576,1.0,1.0,1.0,1.0,1.0,1.0,0.18393872678279877,0.16225868463516235,0.18165360391139984,0.15786798298358917,0.15450707077980042,0.15977391600608826,0.0
577,1.0,1.0,1.0,1.0,1.0,0.0,0.17605367302894592,0.178024023771286,0.18691912293434143,0.15087570250034332,0.15584824979305267,0.15227922797203064,4.0
578,1.0,1.0,0.0,0.0,0.0,0.0,0.20191927254199982,0.1681801974773407,0.1592153012752533,0.15791921317577362,0.1584230363368988,0.15434302389621735,1.0
579,1.0,1.0,0.0,1.0,1.0,0.0,0.17602603137493134,0.1779470145702362,0.18722949922084808,0.15078967809677124,0.15556804835796356,0.15243977308273315,2.0
580,0.0,0.0,0.0,0.0,0.0,0.0,0.1763797551393509,0.17812003195285797,0.1871606558561325,0.15075449645519257,0.15535752475261688,0.1522275060415268,3.0
581,0.0,1.0,0.0,1.0,1.0,1.0,0.17604394257068634,0.17796505987644196,0.18721982836723328,0.15078648924827576,0.15556171536445618,0.15242290496826172,2.0
582,0.0,0.0,0.0,0.0,0.0,0.0,0.20196035504341125,0.1681361198425293,0.15921466052532196,0.1578981578350067,0.15845844149589539,0.15433230996131897,1.0
583,0.0,0.0,0.0,0.0,0.0,0.0,0.20196978747844696,0.168135866522789,0.15921753644943237,0.15789513289928436,0.1584562212228775,0.1543254554271698,1.0
584,0.0,0.0,0.0,0.0,0.0,0.0,0.18396508693695068,0.1622113436460495,0.18166020512580872,0.1578468680381775,0.15449294447898865,0.15982358157634735,0.0
585,1.0,1.0,1.0,1.0,1.0,1.0,0.20192685723304749,0.16815882921218872,0.15921182930469513,0.15792158246040344,0.15844210982322693,0.1543387770652771,1.0
586,0.0,1.0,1.0,1.0,1.0,1.0,0.17606577277183533,0.1780259907245636,0.18691346049308777,0.15086530148983002,0.15584467351436615,0.15228480100631714,4.0
587,0.0,0.0,0.0,0.0,1.0,0.0,0.176348477602005,0.17818300426006317,0.18711991608142853,0.15078723430633545,0.1553420126438141,0.15221938490867615,3.0
588,1.0,1.0,0.0,0.0,0.0,0.0,0.20195220410823822,0.16813531517982483,0.1592228263616562,0.1578960120677948,0.1584705263376236,0.15432313084602356,1.0
589,1.0,1.0,0.0,0.0,1.0,0.0,0.1839493215084076,0.16220946609973907,0.18167610466480255,0.15786516666412354,0.1544893980026245,0.15981055796146393,0.0
590,0.0,0.0,0.0,0.0,0.0,0.0,0.20196732878684998,0.16812372207641602,0.15922488272190094,0.15789051353931427,0.15847676992416382,0.15431679785251617,1.0
591,0.0,0.0,0.0,0.0,1.0,0.0,0.2019638866186142,0.1681210994720459,0.15921643376350403,0.15789201855659485,0.15848422050476074,0.15432241559028625,1.0
592,1.0,1.0,1.0,1.0,1.0,1.0,0.17609025537967682,0.1779506951570511,0.18699222803115845,0.150817409157753,0.1558658331632614,0.15228362381458282,4.0
593,1.0,1.0,1.0,1.0,1.0,1.0,0.20197054743766785,0.16812455654144287,0.1592157781124115,0.1578892022371292,0.15848325192928314,0.1543167382478714,1.0
594,1.0,1.0,1.0,1.0,1.0,1.0,0.1760498285293579,0.1779719889163971,0.18720917403697968,0.1507696956396103,0.15557318925857544,0.15242613852024078,2.0
595,0.0,0.0,0.0,0.0,0.0,0.0,0.1763819009065628,0.17812949419021606,0.18716999888420105,0.15075170993804932,0.15535752475261688,0.1522093415260315,3.0
596,1.0,1.0,1.0,0.0,1.0,0.0,0.2019645720720291,0.16814470291137695,0.15921692550182343,0.15789563953876495,0.15843653678894043,0.1543416678905487,1.0
597,1.0,1.0,1.0,1.0,1.0,1.0,0.2019501030445099,0.16815368831157684,0.1592201143503189,0.15790705382823944,0.15842923521995544,0.15433984994888306,1.0
598,1.0,1.0,0.0,0.0,1.0,0.0,0.20193974673748016,0.16814690828323364,0.15922431647777557,0.15790727734565735,0.15843628346920013,0.15434545278549194,1.0
599,1.0,1.0,0.0,0.0,0.0,0.0,0.2019536942243576,0.16815151274204254,0.159217968583107,0.15790687501430511,0.158438578248024,0.15433140099048615,1.0
600,0.0,0.0,0.0,0.0,0.0,0.0,0.1761046200990677,0.17796330153942108,0.18698599934577942,0.1508217304944992,0.1558515876531601,0.1522728055715561,4.0
601,1.0,1.0,1.0,1.0,1.0,0.0,0.1839410960674286,0.16227011382579803,0.18163558840751648,0.15787236392498016,0.1545029580593109,0.15977784991264343,0.0
602,0.0,1.0,1.0,1.0,1.0,1.0,0.18394620716571808,0.16227145493030548,0.18163006007671356,0.15786588191986084,0.15451107919216156,0.15977534651756287,0.0
603,0.0,0.0,0.0,0.0,0.0,0.0,0.1760629266500473,0.17790566384792328,0.18726348876953125,0.15075135231018066,0.1555848866701126,0.1524316668510437,2.0
604,1.0,1.0,1.0,1.0,1.0,0.0,0.17635633051395416,0.17815330624580383,0.18713170289993286,0.1507839560508728,0.15535180270671844,0.15222293138504028,3.0
605,1.0,1.0,1.0,1.0,1.0,1.0,0.1760331392288208,0.17795000970363617,0.18723733723163605,0.1507752388715744,0.15557004511356354,0.15243420004844666,2.0
606,0.0,0.0,0.0,0.0,0.0,0.0,0.17637942731380463,0.17811091244220734,0.1871759593486786,0.15074215829372406,0.15536029636859894,0.15223124623298645,3.0
607,1.0,1.0,1.0,1.0,1.0,0.0,0.18395215272903442,0.16229115426540375,0.1816202998161316,0.15786878764629364,0.15450231730937958,0.15976525843143463,0.0
608,1.0,1.0,1.0,0.0,0.0,0.0,0.17607848346233368,0.17799028754234314,0.18696515262126923,0.15082965791225433,0.1558455377817154,0.152290940284729,4.0
609,1.0,1.0,1.0,1.0,0.0,0.0,0.1760334074497223,0.1779346466064453,0.18725286424160004,0.15078139305114746,0.15557152032852173,0.15242622792720795,2.0
610,0.0,0.0,0.0,0.0,0.0,0.0,0.18396788835525513,0.16220438480377197,0.18167690932750702,0.15784750878810883,0.1544915735721588,0.15981179475784302,0.0
611,1.0,1.0,1.0,1.0,1.0,1.0,0.20195217430591583,0.16815921664237976,0.15920813381671906,0.1578967571258545,0.1584465354681015,0.15433719754219055,1.0
612,0.0,0.0,0.0,0.0,0.0,0.0,0.17610637843608856,0.17794685065746307,0.18698635697364807,0.15082129836082458,0.15586312115192413,0.15227602422237396,4.0
613,1.0,1.0,1.0,0.0,0.0,1.0,0.1839481145143509,0.16225092113018036,0.1816464364528656,0.15786826610565186,0.15450209379196167,0.15978418290615082,0.0
614,0.0,1.0,1.0,0.0,0.0,0.0,0.20195093750953674,0.1681525558233261,0.1592160016298294,0.15790891647338867,0.15843796730041504,0.15433363616466522,1.0
615,1.0,1.0,0.0,0.0,0.0,0.0,0.201959028840065,0.16812065243721008,0.15922221541404724,0.15789636969566345,0.1584804803133011,0.15432125329971313,1.0
616,1.0,1.0,1.0,1.0,1.0,1.0,0.17635570466518402,0.17817151546478271,0.18711493909358978,0.15078666806221008,0.15534605085849762,0.15222512185573578,3.0
617,0.0,0.0,0.0,0.0,0.0,0.0,0.2019750326871872,0.16812379658222198,0.15921755135059357,0.15789224207401276,0.15847012400627136,0.1543213129043579,1.0
618,1.0,1.0,0.0,0.0,1.0,1.0,0.18396839499473572,0.16224481165409088,0.18165220320224762,0.15784741938114166,0.15449771285057068,0.15978945791721344,0.0
619,1.0,1.0,1.0,1.0,1.0,0.0,0.2019539624452591,0.1681739240884781,0.15919995307922363,0.15791890025138855,0.15840916335582733,0.15434403717517853,1.0
620,1.0,1.0,0.0,0.0,1.0,0.0,0.20198191702365875,0.16812768578529358,0.1592217981815338,0.1578989177942276,0.15844161808490753,0.15432801842689514,1.0
621,0.0,1.0,1.0,1.0,1.0,0.0,0.2019517868757248,0.168165922164917,0.15919871628284454,0.15792050957679749,0.15842291712760925,0.15434017777442932,1.0
622,1.0,1.0,0.0,0.0,1.0,0.0,0.17604827880859375,0.17795062065124512,0.18724602460861206,0.15076754987239838,0.15556418895721436,0.15242335200309753,2.0
623,0.0,0.0,0.0,0.0,0.0,0.0,0.17610561847686768,0.17795276641845703,0.1869930624961853,0.1508115530014038,0.15586495399475098,0.1522720605134964,4.0
624,0.0,0.0,0.0,0.0,0.0,0.0,0.1760445088148117,0.1779487133026123,0.18723323941230774,0.1507875621318817,0.15556713938713074,0.15241879224777222,2.0
625,0.0,0.0,0.0,0.0,0.0,0.0,0.17636556923389435,0.17813217639923096,0.18716423213481903,0.15076307952404022,0.1553541123867035,0.15222084522247314,3.0
626,1.0,1.0,0.0,0.0,0.0,0.0,0.2019374519586563,0.16815872490406036,0.1592012494802475,0.15792743861675262,0.15842679142951965,0.15434835851192474,1.0
627,1.0,1.0,0.0,0.0,1.0,0.0,0.1760721206665039,0.1779821217060089,0.1869656890630722,0.15084338188171387,0.15584604442119598,0.15229067206382751,4.0
628,1.0,1.0,0.0,0.0,1.0,0.0,0.1839415580034256,0.16222994029521942,0.18165794014930725,0.1578603833913803,0.15450577437877655,0.15980441868305206,0.0
629,0.0,0.0,0.0,0.0,0.0,0.0,0.2019796073436737,0.16811880469322205,0.15921714901924133,0.15789176523685455,0.15847253799438477,0.1543201357126236,1.0
630,1.0,1.0,0.0,0.0,1.0,0.0,0.17603686451911926,0.17792931199073792,0.18726833164691925,0.15075702965259552,0.15556888282299042,0.15243960916996002,2.0
631,1.0,1.0,0.0,0.0,0.0,0.0,0.20194710791110992,0.16813243925571442,0.15922589600086212,0.15790197253227234,0.1584618240594864,0.15433070063591003,1.0
632,0.0,0.0,0.0,0.0,1.0,0.0,0.1761009842157364,0.17793770134449005,0.18698929250240326,0.15081408619880676,0.1558685451745987,0.15228933095932007,4.0
633,1.0,1.0,1.0,1.0,1.0,1.0,0.17633557319641113,0.17820559442043304,0.18707375228405,0.15080632269382477,0.15534980595111847,0.1522289663553238,3.0
634,0.0,0.0,0.0,0.0,0.0,0.0,0.18395300209522247,0.16222767531871796,0.18165966868400574,0.15785959362983704,0.1544937938451767,0.15980622172355652,0.0
635,0.0,0.0,0.0,0.0,0.0,0.0,0.17635858058929443,0.17812511324882507,0.18714873492717743,0.15077070891857147,0.15535791218280792,0.15223899483680725,3.0
636,1.0,1.0,1.0,1.0,1.0,1.0,0.20193885266780853,0.1681557297706604,0.15920811891555786,0.15790578722953796,0.15844808518886566,0.15434344112873077,1.0
637,0.0,1.0,1.0,1.0,1.0,1.0,0.18393559753894806,0.1622381955385208,0.18165604770183563,0.15786859393119812,0.15449810028076172,0.15980353951454163,0.0
638,1.0,1.0,1.0,1.0,1.0,1.0,0.17602914571762085,0.17799192667007446,0.1872078776359558,0.15080830454826355,0.15554866194725037,0.15241403877735138,2.0
639,1.0,1.0,0.0,0.0,1.0,0.0,0.1760728657245636,0.1779675930738449,0.1869749128818512,0.1508394032716751,0.1558593064546585,0.1522858887910843,4.0
640,1.0,1.0,1.0,1.0,1.0,0.0,0.17607411742210388,0.17797330021858215,0.18697082996368408,0.15083813667297363,0.15585827827453613,0.15228532254695892,4.0
641,1.0,1.0,1.0,1.0,1.0,1.0,0.17605970799922943,0.1780029982328415,0.18693764507770538,0.1508660465478897,0.15584516525268555,0.1522884964942932,4.0
642,0.0,0.0,0.0,0.0,0.0,0.0,0.17609509825706482,0.17796599864959717,0.18696551024913788,0.1508200764656067,0.15586791932582855,0.15228544175624847,4.0
643,1.0,1.0,0.0,1.0,1.0,1.0,0.18394678831100464,0.1622539460659027,0.1816486120223999,0.15786854922771454,0.15449272096157074,0.15978939831256866,0.0
644,0.0,0.0,0.0,0.0,0.0,0.0,0.17602895200252533,0.17794930934906006,0.18722663819789886,0.15079344809055328,0.15556661784648895,0.15243510901927948,2.0
645,1.0,1.0,0.0,0.0,1.0,0.0,0.1760709583759308,0.17796793580055237,0.18697433173656464,0.15084382891654968,0.15584644675254822,0.1522965133190155,4.0
646,0.0,0.0,1.0,0.0,0.0,0.0,0.17607685923576355,0.17798440158367157,0.18698717653751373,0.1508123129606247,0.15585525333881378,0.15228399634361267,4.0
647,0.0,0.0,0.0,0.0,0.0,0.0,0.17610375583171844,0.17793850600719452,0.1869927942752838,0.1508152335882187,0.15587027370929718,0.15227948129177094,4.0
648,1.0,1.0,0.0,0.0,1.0,0.0,0.1761103719472885,0.17793487012386322,0.18698711693286896,0.1508115977048874,0.1558680683374405,0.15228800475597382,4.0
649,0.0,0.0,0.0,0.0,0.0,0.0,0.17606677114963531,0.17791853845119476,0.18726834654808044,0.15074430406093597,0.15557333827018738,0.1524287760257721,2.0
650,1.0,1.0,1.0,0.0,1.0,0.0,0.18392318487167358,0.16225065290927887,0.1816609799861908,0.15787062048912048,0.15450358390808105,0.1597909927368164,0.0
651,1.0,1.0,0.0,0.0,0.0,0.0,0.20194515585899353,0.16813497245311737,0.15922920405864716,0.1579069346189499,0.15846146643161774,0.15432225167751312,1.0
652,1.0,1.0,0.0,0.0,0.0,0.0,0.17635177075862885,0.17814449965953827,0.18714000284671783,0.15077467262744904,0.15536431968212128,0.15222471952438354,3.0
653,1.0,1.0,1.0,1.0,1.0,1.0,0.17634892463684082,0.17818474769592285,0.1870986819267273,0.1508106142282486,0.15533678233623505,0.1522202342748642,3.0
654,0.0,1.0,1.0,1.0,1.0,1.0,0.20196212828159332,0.16813687980175018,0.15922914445400238,0.1578865945339203,0.15845711529254913,0.15432819724082947,1.0
655,1.0,1.0,0.0,1.0,1.0,1.0,0.17634107172489166,0.17818738520145416,0.18711550533771515,0.15078333020210266,0.15534600615501404,0.15222671627998352,3.0
656,1.0,1.0,0.0,1.0,0.0,0.0,0.17636029422283173,0.17811822891235352,0.1871669441461563,0.1507600098848343,0.1553678959608078,0.15222658216953278,3.0
657,0.0,0.0,0.0,0.0,0.0,0.0,0.17635688185691833,0.17813345789909363,0.1871507167816162,0.15077820420265198,0.15535156428813934,0.1522292196750641,3.0
658,0.0,0.0,0.0,0.0,0.0,0.0,0.1763738989830017,0.1780882328748703,0.18719342350959778,0.15075016021728516,0.15536794066429138,0.15222632884979248,3.0
659,1.0,1.0,0.0,0.0,1.0,0.0,0.17610417306423187,0.1779480129480362,0.18698513507843018,0.15081726014614105,0.1558670997619629,0.15227830410003662,4.0
660,1.0,1.0,1.0,1.0,1.0,0.0,0.20192918181419373,0.16819457709789276,0.1591835469007492,0.15794271230697632,0.1583923101425171,0.15435771644115448,1.0
661,0.0,1.0,1.0,1.0,1.0,1.0,0.1760336458683014,0.17792806029319763,0.1872766762971878,0.15075871348381042,0.15556369721889496,0.15243925154209137,2.0
662,0.0,1.0,1.0,1.0,1.0,1.0,0.17635037004947662,0.17814555764198303,0.1871509701013565,0.1507621705532074,0.15536482632160187,0.15222609043121338,3.0
663,1.0,1.0,1.0,1.0,1.0,0.0,0.17607387900352478,0.17798112332820892,0.1869567483663559,0.1508638709783554,0.15584343671798706,0.15228097140789032,4.0
664,0.0,1.0,1.0,1.0,1.0,1.0,0.2019491344690323,0.16814881563186646,0.1592203825712204,0.15790735185146332,0.15843698382377625,0.1543373316526413,1.0
665,1.0,1.0,0.0,0.0,1.0,0.0,0.17603561282157898,0.17795296013355255,0.1872236430644989,0.15078921616077423,0.15556380152702332,0.1524348258972168,2.0
666,1.0,1.0,1.0,1.0,1.0,1.0,0.17603501677513123,0.1779434233903885,0.18723703920841217,0.1507921665906906,0.15556348860263824,0.15242889523506165,2.0
667,0.0,0.0,0.0,0.0,0.0,0.0,0.17635555565357208,0.1781792789697647,0.18712374567985535,0.15078489482402802,0.15533886849880219,0.15221765637397766,3.0
668,1.0,1.0,1.0,1.0,1.0,1.0,0.18394379317760468,0.16227000951766968,0.1816297024488449,0.1578706055879593,0.15451253950595856,0.15977340936660767,0.0
669,0.0,1.0,1.0,1.0,0.0,1.0,0.201939657330513,0.16815738379955292,0.15920868515968323,0.1579204648733139,0.15842801332473755,0.1543457806110382,1.0
670,0.0,1.0,1.0,1.0,0.0,1.0,0.20195074379444122,0.16815130412578583,0.15922865271568298,0.15789665281772614,0.158442884683609,0.15432965755462646,1.0
671,1.0,1.0,1.0,1.0,1.0,0.0,0.1763496994972229,0.17816106975078583,0.1871127188205719,0.15079756081104279,0.15534310042858124,0.15223592519760132,3.0
672,0.0,0.0,0.0,0.0,0.0,0.0,0.17608754336833954,0.17789532244205475,0.18727338314056396,0.15073664486408234,0.15558196604251862,0.15242519974708557,2.0
673,0.0,0.0,0.0,0.0,0.0,0.0,0.17603999376296997,0.17793680727481842,0.18726037442684174,0.15076406300067902,0.15556581318378448,0.15243296325206757,2.0
674,1.0,1.0,0.0,0.0,1.0,0.0,0.18393611907958984,0.1622369885444641,0.18166281282901764,0.15787070989608765,0.15450069308280945,0.15979264676570892,0.0
675,0.0,0.0,0.0,0.0,0.0,0.0,0.1763666868209839,0.17815463244915009,0.18712197244167328,0.15077510476112366,0.15535886585712433,0.15222275257110596,3.0
676,1.0,0.0,1.0,1.0,1.0,0.0,0.1760345995426178,0.1779370903968811,0.18724925816059113,0.15077558159828186,0.1555739790201187,0.1524294763803482,2.0
677,0.0,0.0,0.0,0.0,0.0,0.0,0.20197582244873047,0.1681104302406311,0.1592334359884262,0.15788184106349945,0.1584811806678772,0.154317244887352,1.0
678,1.0,1.0,1.0,1.0,1.0,1.0,0.18394678831100464,0.1622539460659027,0.1816486120223999,0.15786854922771454,0.15449272096157074,0.15978939831256866,0.0
679,1.0,1.0,1.0,1.0,1.0,1.0,0.18395006656646729,0.1622777283191681,0.1816263049840927,0.15786533057689667,0.1545059084892273,0.15977463126182556,0.0
680,0.0,1.0,1.0,1.0,0.0,1.0,0.20197227597236633,0.16814154386520386,0.15921464562416077,0.15790969133377075,0.15842431783676147,0.15433749556541443,1.0
681,0.0,0.0,0.0,0.0,0.0,0.0,0.17610357701778412,0.1779623180627823,0.18698592483997345,0.1508183479309082,0.15586131811141968,0.15226851403713226,4.0
682,0.0,1.0,1.0,1.0,0.0,0.0,0.18394793570041656,0.16221335530281067,0.1816655695438385,0.15786761045455933,0.15448616445064545,0.15981940925121307,0.0
683,1.0,1.0,0.0,0.0,1.0,0.0,0.17609447240829468,0.1779772937297821,0.18695968389511108,0.15083688497543335,0.15584972500801086,0.15228193998336792,4.0
684,0.0,1.0,1.0,1.0,0.0,1.0,0.17637015879154205,0.17815624177455902,0.18713393807411194,0.15077243745326996,0.15534628927707672,0.1522209346294403,3.0
685,0.0,1.0,1.0,1.0,1.0,1.0,0.17635200917720795,0.1781717985868454,0.1871023327112198,0.1508083939552307,0.1553332507610321,0.15223219990730286,3.0
686,1.0,1.0,1.0,1.0,1.0,1.0,0.1760750114917755,0.1779661476612091,0.1869751513004303,0.15084005892276764,0.15585412085056305,0.152289479970932,4.0
687,1.0,1.0,1.0,1.0,1.0,1.0,0.176067054271698,0.17798137664794922,0.18696682155132294,0.15084555745124817,0.15584933757781982,0.15228985249996185,4.0
688,1.0,1.0,1.0,1.0,1.0,1.0,0.17604191601276398,0.17795978486537933,0.18722598254680634,0.1507827788591385,0.15556198358535767,0.15242759883403778,2.0
689,0.0,0.0,0.0,0.0,0.0,0.0,0.17636749148368835,0.1781318634748459,0.18715934455394745,0.15076859295368195,0.15535025298595428,0.15222245454788208,3.0
690,0.0,0.0,0.0,0.0,0.0,0.0,0.17637163400650024,0.1781425029039383,0.187154620885849,0.15076486766338348,0.15534287691116333,0.15222346782684326,3.0
691,1.0,1.0,1.0,1.0,1.0,1.0,0.17603854835033417,0.17795836925506592,0.1872304528951645,0.15078359842300415,0.1555607169866562,0.15242832899093628,2.0
692,1.0,1.0,1.0,1.0,1.0,1.0,0.18396557867527008,0.1622149497270584,0.18165577948093414,0.1578543782234192,0.15448126196861267,0.1598280668258667,0.0
693,0.0,0.0,0.0,1.0,1.0,0.0,0.18396838009357452,0.16221396625041962,0.18167106807231903,0.15786315500736237,0.15448525547981262,0.15979823470115662,0.0
694,0.0,0.0,0.0,0.0,0.0,0.0,0.18395459651947021,0.16222916543483734,0.18167342245578766,0.1578565239906311,0.1544875055551529,0.15979880094528198,0.0
695,0.0,1.0,1.0,1.0,1.0,1.0,0.17604324221611023,0.1779467612504959,0.1872456967830658,0.15078625082969666,0.15556369721889496,0.15241436660289764,2.0
696,1.0,1.0,1.0,1.0,1.0,1.0,0.17635759711265564,0.17816413938999176,0.18712304532527924,0.15078017115592957,0.1553501933813095,0.1522248238325119,3.0
697,1.0,1.0,0.0,1.0,1.0,1.0,0.17635899782180786,0.17815420031547546,0.1871263086795807,0.15077798068523407,0.1553504467010498,0.15223203599452972,3.0
698,0.0,1.0,1.0,1.0,0.0,1.0,0.1760961264371872,0.17794907093048096,0.18699391186237335,0.15081572532653809,0.15586522221565247,0.15227997303009033,4.0
699,1.0,1.0,1.0,1.0,1.0,1.0,0.17605791985988617,0.17802771925926208,0.18692047894001007,0.15087485313415527,0.15583759546279907,0.15228146314620972,4.0
700,0.0,0.0,0.0,0.0,0.0,0.0,0.20196738839149475,0.1681307703256607,0.15922369062900543,0.15789590775966644,0.15845559537410736,0.1543266624212265,1.0
701,1.0,1.0,1.0,1.0,1.0,0.0,0.18394644558429718,0.1622757911682129,0.18161547183990479,0.15787583589553833,0.15451590716838837,0.15977056324481964,0.0
702,1.0,1.0,1.0,1.0,1.0,1.0,0.1760711818933487,0.17798824608325958,0.18695814907550812,0.15085360407829285,0.15584798157215118,0.15228082239627838,4.0
703,0.0,0.0,1.0,0.0,0.0,1.0,0.17637014389038086,0.17812885344028473,0.18715763092041016,0.15076422691345215,0.15535704791545868,0.15222211182117462,3.0
704,1.0,1.0,0.0,0.0,1.0,0.0,0.18394216895103455,0.1622045338153839,0.18167530000209808,0.15786565840244293,0.15449543297290802,0.1598169505596161,0.0
705,1.0,1.0,1.0,1.0,0.0,1.0,0.20193013548851013,0.1681637018918991,0.15921452641487122,0.15790830552577972,0.15844683349132538,0.15433652698993683,1.0
706,1.0,1.0,0.0,0.0,1.0,0.0,0.2019544094800949,0.16812774538993835,0.15922251343727112,0.15788981318473816,0.15848761796951294,0.15431788563728333,1.0
707,0.0,0.0,0.0,0.0,0.0,0.0,0.2019406110048294,0.16813808679580688,0.15922380983829498,0.15789510309696198,0.15847213566303253,0.1543302983045578,1.0
708,1.0,1.0,1.0,1.0,1.0,1.0,0.17636564373970032,0.1781310886144638,0.18716037273406982,0.15076491236686707,0.15534673631191254,0.15223120152950287,3.0
709,0.0,1.0,0.0,0.0,1.0,0.0,0.17609865963459015,0.17797447741031647,0.18698222935199738,0.15081852674484253,0.15584783256053925,0.15227827429771423,4.0
710,0.0,1.0,1.0,0.0,0.0,1.0,0.20194518566131592,0.16815033555030823,0.15922291576862335,0.1578938066959381,0.15844932198524475,0.15433849394321442,1.0
711,1.0,1.0,0.0,0.0,1.0,0.0,0.18394823372364044,0.1622181385755539,0.1816629320383072,0.15787288546562195,0.15449701249599457,0.15980079770088196,0.0
712,1.0,1.0,0.0,0.0,0.0,0.0,0.18393978476524353,0.16222625970840454,0.18166284263134003,0.15786726772785187,0.15450593829154968,0.15979787707328796,0.0
713,1.0,1.0,1.0,0.0,0.0,0.0,0.17635899782180786,0.17813631892204285,0.18715287744998932,0.15076425671577454,0.15535588562488556,0.15223169326782227,3.0
714,1.0,1.0,0.0,0.0,1.0,1.0,0.1760474145412445,0.1779213547706604,0.1872667521238327,0.15075284242630005,0.15557804703712463,0.1524335891008377,2.0
715,1.0,1.0,1.0,1.0,1.0,0.0,0.18394216895103455,0.16230039298534393,0.18161974847316742,0.15787944197654724,0.15449799597263336,0.1597602367401123,0.0
716,0.0,0.0,0.0,0.0,0.0,0.0,0.17604675889015198,0.17792551219463348,0.1872674822807312,0.15074937045574188,0.15557511150836945,0.15243574976921082,2.0
717,0.0,0.0,0.0,0.0,0.0,0.0,0.17637251317501068,0.1781616061925888,0.18711607158184052,0.15078288316726685,0.15534044802188873,0.15222647786140442,3.0
718,1.0,1.0,1.0,1.0,1.0,0.0,0.17602290213108063,0.17794543504714966,0.18726404011249542,0.1507730931043625,0.15556557476520538,0.1524289846420288,2.0
719,0.0,0.0,0.0,0.0,0.0,0.0,0.17610423266887665,0.17795643210411072,0.18698035180568695,0.1508147418498993,0.1558586061000824,0.152285635471344,4.0
720,0.0,0.0,0.0,1.0,1.0,0.0,0.20196524262428284,0.1681298315525055,0.15922223031520844,0.15788881480693817,0.15847185254096985,0.15432199835777283,1.0
721,0.0,0.0,1.0,0.0,0.0,1.0,0.18394923210144043,0.16222812235355377,0.18165795505046844,0.15786604583263397,0.15448950231075287,0.15980912744998932,0.0
722,1.0,1.0,1.0,0.0,1.0,0.0,0.17604082822799683,0.17792323231697083,0.18727487325668335,0.15075743198394775,0.1555682271718979,0.15243540704250336,2.0
723,0.0,0.0,0.0,0.0,0.0,0.0,0.1760503649711609,0.17790290713310242,0.18727433681488037,0.15075060725212097,0.1555825173854828,0.15243928134441376,2.0
724,0.0,1.0,1.0,1.0,1.0,1.0,0.20195305347442627,0.16816100478172302,0.15919457376003265,0.15792618691921234,0.1584157943725586,0.1543494015932083,1.0
725,0.0,1.0,1.0,1.0,0.0,1.0,0.17610132694244385,0.17795047163963318,0.1869945526123047,0.15081946551799774,0.15586115419864655,0.1522730141878128,4.0
726,1.0,1.0,1.0,1.0,1.0,0.0,0.17636902630329132,0.17814196646213531,0.18715272843837738,0.15076342225074768,0.1553516536951065,0.15222123265266418,3.0
727,0.0,0.0,0.0,0.0,0.0,0.0,0.18393169343471527,0.16223658621311188,0.18165509402751923,0.1578686386346817,0.15449881553649902,0.1598092019557953,0.0
728,0.0,0.0,0.0,0.0,0.0,0.0,0.17635971307754517,0.17811943590641022,0.1871548444032669,0.1507693976163864,0.15536367893218994,0.15223294496536255,3.0
729,1.0,1.0,0.0,0.0,1.0,0.0,0.17609171569347382,0.177957221865654,0.1869889497756958,0.15082068741321564,0.15586784482002258,0.15227359533309937,4.0
730,0.0,0.0,0.0,0.0,0.0,0.0,0.2019689977169037,0.16811442375183105,0.15923357009887695,0.15788815915584564,0.15847602486610413,0.15431882441043854,1.0
731,1.0,1.0,1.0,1.0,1.0,1.0,0.17636559903621674,0.1781655251979828,0.18713466823101044,0.15077398717403412,0.15533947944641113,0.1522206962108612,3.0
732,1.0,1.0,1.0,1.0,1.0,1.0,0.17635171115398407,0.178187295794487,0.1870899796485901,0.15079952776432037,0.15534724295139313,0.15222427248954773,3.0
733,1.0,0.0,0.0,0.0,0.0,0.0,0.1760643869638443,0.17789408564567566,0.18728038668632507,0.15074704587459564,0.15558414161205292,0.15243002772331238,2.0
734,0.0,0.0,1.0,0.0,0.0,0.0,0.17637379467487335,0.17812196910381317,0.1871628612279892,0.15075533092021942,0.15535828471183777,0.1522277593612671,3.0
735,0.0,0.0,1.0,0.0,0.0,0.0,0.17636515200138092,0.17813518643379211,0.18714532256126404,0.15077771246433258,0.15534886717796326,0.1522277295589447,3.0
736,1.0,1.0,1.0,1.0,0.0,0.0,0.17602838575839996,0.17794786393642426,0.18724580109119415,0.15078239142894745,0.15556959807872772,0.15242606401443481,2.0
737,0.0,0.0,0.0,0.0,0.0,0.0,0.17604362964630127,0.17790722846984863,0.18727467954158783,0.1507495641708374,0.15558259189128876,0.1524423211812973,2.0
738,1.0,1.0,1.0,1.0,1.0,0.0,0.17635536193847656,0.17814233899116516,0.1871425062417984,0.15077419579029083,0.1553545594215393,0.15223097801208496,3.0
739,0.0,0.0,0.0,0.0,0.0,0.0,0.17637690901756287,0.17812462151050568,0.18716183304786682,0.15076132118701935,0.15535859763622284,0.15221667289733887,3.0
740,0.0,0.0,0.0,0.0,0.0,0.0,0.1763765811920166,0.17813117802143097,0.18716566264629364,0.15075574815273285,0.1553501933813095,0.15222065150737762,3.0
741,1.0,1.0,1.0,0.0,1.0,0.0,0.17603223025798798,0.1779695302248001,0.18721839785575867,0.15080569684505463,0.15554910898208618,0.15242505073547363,2.0
742,0.0,1.0,1.0,1.0,1.0,1.0,0.17606309056282043,0.17801696062088013,0.1869276463985443,0.15087328851222992,0.1558426469564438,0.15227632224559784,4.0
743,1.0,1.0,1.0,1.0,1.0,1.0,0.18393976986408234,0.16227631270885468,0.18163558840751648,0.15786975622177124,0.15451128780841827,0.1597672998905182,0.0
744,0.0,0.0,0.0,0.0,0.0,0.0,0.20196348428726196,0.16813816130161285,0.15920978784561157,0.15791353583335876,0.15843240916728973,0.1543426215648651,1.0
745,1.0,1.0,0.0,0.0,1.0,0.0,0.20195616781711578,0.1681467443704605,0.15922388434410095,0.15789145231246948,0.15845192968845367,0.15432986617088318,1.0
746,1.0,1.0,1.0,1.0,1.0,0.0,0.1760430485010147,0.17794708907604218,0.18725533783435822,0.15077973902225494,0.15555636584758759,0.15241841971874237,2.0
747,0.0,0.0,0.0,0.0,0.0,0.0,0.1761096566915512,0.177952840924263,0.18699268996715546,0.15081892907619476,0.15586505830287933,0.15226079523563385,4.0
748,1.0,1.0,0.0,0.0,1.0,0.0,0.17607620358467102,0.17796647548675537,0.18699342012405396,0.15082065761089325,0.1558544635772705,0.15228873491287231,4.0
749,0.0,0.0,0.0,0.0,0.0,0.0,0.17608103156089783,0.17797331511974335,0.18697932362556458,0.1508389413356781,0.15584789216518402,0.15227951109409332,4.0
750,1.0,1.0,1.0,0.0,0.0,0.0,0.17635656893253326,0.17815567553043365,0.18713265657424927,0.15077991783618927,0.15535810589790344,0.15221701562404633,3.0
751,0.0,0.0,0.0,0.0,0.0,0.0,0.17611531913280487,0.1779455542564392,0.18699133396148682,0.15081118047237396,0.15585733950138092,0.1522793024778366,4.0
752,1.0,1.0,0.0,0.0,1.0,0.0,0.1839597374200821,0.1622186303138733,0.18165679275989532,0.15785737335681915,0.1544901579618454,0.15981723368167877,0.0
753,1.0,1.0,1.0,1.0,0.0,0.0,0.17635191977024078,0.17818129062652588,0.18709808588027954,0.15079772472381592,0.15533554553985596,0.15223541855812073,3.0
754,1.0,1.0,0.0,0.0,1.0,1.0,0.20198027789592743,0.16813141107559204,0.15921656787395477,0.15789930522441864,0.1584492027759552,0.15432319045066833,1.0
755,1.0,0.0,0.0,0.0,0.0,0.0,0.20193684101104736,0.1681518405675888,0.15922248363494873,0.15791350603103638,0.15843525528907776,0.15434008836746216,1.0
756,1.0,1.0,0.0,0.0,1.0,0.0,0.17604495584964752,0.1779400110244751,0.18724285066127777,0.15078140795230865,0.1555628478527069,0.15242789685726166,2.0
757,1.0,1.0,1.0,1.0,0.0,1.0,0.20193764567375183,0.16816045343875885,0.15921823680400848,0.15790531039237976,0.158436119556427,0.15434220433235168,1.0
758,0.0,1.0,1.0,1.0,0.0,1.0,0.17635893821716309,0.17816607654094696,0.18713295459747314,0.1507791429758072,0.15533819794654846,0.15222468972206116,3.0
759,1.0,1.0,1.0,1.0,0.0,1.0,0.18394878506660461,0.16224941611289978,0.18165145814418793,0.15786539018154144,0.1544911414384842,0.15979385375976562,0.0
760,1.0,0.0,0.0,0.0,0.0,0.0,0.17636394500732422,0.17813272774219513,0.18715104460716248,0.15077199041843414,0.15534880757331848,0.15223152935504913,3.0
761,1.0,1.0,1.0,1.0,1.0,1.0,0.1763436198234558,0.17819401621818542,0.18708984553813934,0.15079925954341888,0.15535180270671844,0.15222148597240448,3.0
762,1.0,1.0,1.0,1.0,1.0,0.0,0.17602290213108063,0.17795521020889282,0.18722745776176453,0.15080145001411438,0.15556466579437256,0.15242832899093628,2.0
763,1.0,1.0,1.0,1.0,1.0,1.0,0.17607279121875763,0.1780044585466385,0.18694521486759186,0.15084944665431976,0.1558399647474289,0.15228810906410217,4.0
764,1.0,1.0,1.0,1.0,1.0,1.0,0.18393690884113312,0.16225489974021912,0.18164554238319397,0.15787190198898315,0.1545053869485855,0.15978537499904633,0.0
765,0.0,0.0,0.0,0.0,0.0,0.0,0.1839675009250641,0.16221053898334503,0.18166621029376984,0.15785153210163116,0.15448574721813202,0.15981848537921906,0.0
766,1.0,1.0,1.0,1.0,1.0,1.0,0.17607556283473969,0.1779821664094925,0.18696534633636475,0.15083655714988708,0.1558523327112198,0.15228810906410217,4.0
767,0.0,0.0,0.0,0.0,0.0,0.0,0.20195013284683228,0.16814182698726654,0.15922537446022034,0.15789665281772614,0.15844960510730743,0.15433646738529205,1.0
768,1.0,1.0,1.0,1.0,1.0,1.0,0.1763531118631363,0.17816391587257385,0.18711355328559875,0.15079958736896515,0.15533940494060516,0.15223047137260437,3.0
769,0.0,0.0,0.0,0.0,0.0,0.0,0.17610259354114532,0.17795780301094055,0.18697750568389893,0.1508256494998932,0.15586403012275696,0.15227249264717102,4.0
770,1.0,1.0,0.0,0.0,1.0,0.0,0.17604660987854004,0.17793819308280945,0.18724104762077332,0.15078504383563995,0.15556737780570984,0.15242165327072144,2.0
771,0.0,0.0,0.0,0.0,0.0,0.0,0.1760452538728714,0.17793257534503937,0.18726210296154022,0.15074549615383148,0.1555720418691635,0.1524425446987152,2.0
772,1.0,1.0,1.0,1.0,1.0,1.0,0.20191030204296112,0.16820283234119415,0.15919822454452515,0.15793552994728088,0.15839555859565735,0.15435759723186493,1.0
773,1.0,1.0,1.0,1.0,1.0,1.0,0.17634394764900208,0.17816956341266632,0.1871190369129181,0.1507893055677414,0.15535126626491547,0.15222692489624023,3.0
774,1.0,1.0,1.0,1.0,1.0,1.0,0.18394191563129425,0.1622387319803238,0.18164968490600586,0.15786483883857727,0.1544995754957199,0.1598052978515625,0.0
775,1.0,1.0,0.0,0.0,1.0,0.0,0.17610488831996918,0.17795151472091675,0.1869974285364151,0.15080712735652924,0.1558646708726883,0.15227439999580383,4.0
776,0.0,1.0,0.0,1.0,0.0,0.0,0.17608028650283813,0.17800156772136688,0.186942920088768,0.15085963904857635,0.15584002435207367,0.15227565169334412,4.0
777,1.0,1.0,1.0,1.0,1.0,1.0,0.18395410478115082,0.162251278758049,0.18163688480854034,0.15787267684936523,0.15449732542037964,0.15978769958019257,0.0
778,1.0,1.0,1.0,1.0,1.0,1.0,0.17603951692581177,0.1779574453830719,0.18722489476203918,0.15077854692935944,0.1555655300617218,0.15243400633335114,2.0
779,0.0,0.0,1.0,1.0,1.0,1.0,0.17607222497463226,0.17797087132930756,0.18697045743465424,0.15083979070186615,0.15585985779762268,0.15228679776191711,4.0
780,1.0,1.0,0.0,1.0,1.0,0.0,0.20195156335830688,0.1681477278470993,0.15921805799007416,0.15789642930030823,0.15843689441680908,0.15434932708740234,1.0
781,1.0,1.0,1.0,1.0,1.0,1.0,0.20194369554519653,0.16817283630371094,0.15919771790504456,0.15792444348335266,0.1584121137857437,0.15434925258159637,1.0
782,0.0,0.0,0.0,0.0,0.0,0.0,0.20196978747844696,0.16812649369239807,0.15922866761684418,0.157887265086174,0.15846844017505646,0.15431933104991913,1.0
783,0.0,0.0,0.0,0.0,0.0,0.0,0.17637205123901367,0.17814479768276215,0.1871453821659088,0.15076039731502533,0.15534450113773346,0.15223295986652374,3.0
784,1.0,1.0,1.0,1.0,1.0,0.0,0.17635154724121094,0.1781475692987442,0.18713413178920746,0.15077640116214752,0.1553599238395691,0.1522304117679596,3.0
785,1.0,1.0,1.0,1.0,1.0,0.0,0.1839420646429062,0.16222327947616577,0.18166309595108032,0.15786956250667572,0.15449805557727814,0.15980400145053864,0.0
786,0.0,0.0,0.0,0.0,0.0,0.0,0.2019408643245697,0.1681416928768158,0.15922752022743225,0.15789702534675598,0.15846435725688934,0.1543286293745041,1.0
787,1.0,1.0,0.0,0.0,1.0,0.0,0.18395499885082245,0.16221283376216888,0.18166033923625946,0.1578572392463684,0.15449588000774384,0.15981870889663696,0.0
788,0.0,0.0,0.0,0.0,0.0,0.0,0.17603342235088348,0.17793388664722443,0.18726317584514618,0.15076981484889984,0.1555711328983307,0.1524285525083542,2.0
789,0.0,0.0,0.0,0.0,0.0,0.0,0.17636562883853912,0.17813943326473236,0.18715685606002808,0.15076234936714172,0.15535126626491547,0.15222448110580444,3.0
790,1.0,1.0,1.0,1.0,1.0,0.0,0.17635855078697205,0.1781664937734604,0.18712444603443146,0.15078091621398926,0.15534751117229462,0.15222209692001343,3.0
791,1.0,1.0,1.0,1.0,1.0,0.0,0.1760692000389099,0.17804308235645294,0.18690191209316254,0.1508781760931015,0.1558350771665573,0.15227258205413818,4.0
792,1.0,1.0,0.0,0.0,1.0,0.0,0.20195838809013367,0.16814620792865753,0.15921550989151,0.15790502727031708,0.1584375500679016,0.15433728694915771,1.0
793,1.0,1.0,0.0,0.0,0.0,0.0,0.1760387122631073,0.1779341995716095,0.1872604489326477,0.15077190101146698,0.15555962920188904,0.15243516862392426,2.0
794,1.0,1.0,0.0,0.0,0.0,0.0,0.17607855796813965,0.17797726392745972,0.18699908256530762,0.15082280337810516,0.15583908557891846,0.1522831916809082,4.0
795,0.0,0.0,0.0,0.0,0.0,0.0,0.17611460387706757,0.17793695628643036,0.18700489401817322,0.15079981088638306,0.1558675765991211,0.1522761881351471,4.0
796,0.0,0.0,0.0,0.0,0.0,0.0,0.17604254186153412,0.17793069779872894,0.18727023899555206,0.15075471997261047,0.15556590259075165,0.15243598818778992,2.0
797,1.0,1.0,0.0,0.0,1.0,0.0,0.1761065572500229,0.1779346764087677,0.18699684739112854,0.15080781280994415,0.15586799383163452,0.15228617191314697,4.0
798,1.0,1.0,0.0,0.0,1.0,0.0,0.20196983218193054,0.1681189239025116,0.15922369062900543,0.1579013466835022,0.15846222639083862,0.15432403981685638,1.0
799,1.0,1.0,1.0,1.0,1.0,1.0,0.17603325843811035,0.1779397577047348,0.1872582882642746,0.15077386796474457,0.15556630492210388,0.1524284929037094,2.0
800,1.0,1.0,0.0,1.0,1.0,0.0,0.17605715990066528,0.17798060178756714,0.1869519203901291,0.15086770057678223,0.1558534950017929,0.15228912234306335,4.0
801,1.0,1.0,1.0,1.0,1.0,1.0,0.17635898292064667,0.17814242839813232,0.1871383935213089,0.15077970921993256,0.1553470492362976,0.15223345160484314,3.0
802,0.0,0.0,0.0,0.0,0.0,0.0,0.17603799700737,0.17794683575630188,0.187257781624794,0.15076345205307007,0.15556664764881134,0.15242736041545868,2.0
803,0.0,0.0,0.0,0.0,0.0,0.0,0.176048144698143,0.1779179722070694,0.18727202713489532,0.15076251327991486,0.15556739270687103,0.15243203938007355,2.0
804,1.0,1.0,1.0,1.0,1.0,1.0,0.17607568204402924,0.17799793183803558,0.18693767488002777,0.15086403489112854,0.15584835410118103,0.15227626264095306,4.0
805,1.0,1.0,0.0,0.0,1.0,0.0,0.17610833048820496,0.17793749272823334,0.186996191740036,0.1508178412914276,0.15586143732070923,0.15227876603603363,4.0
806,1.0,1.0,1.0,1.0,1.0,1.0,0.1760300248861313,0.1779840588569641,0.18720825016498566,0.15079393982887268,0.15555638074874878,0.15242740511894226,2.0
807,1.0,1.0,1.0,1.0,1.0,1.0,0.2019232213497162,0.1681995391845703,0.15919357538223267,0.15794163942337036,0.15838000178337097,0.15436208248138428,1.0
808,1.0,1.0,1.0,1.0,1.0,0.0,0.18394728004932404,0.1622275412082672,0.18166103959083557,0.15787218511104584,0.15449383854866028,0.15979818999767303,0.0
809,1.0,1.0,0.0,0.0,1.0,0.0,0.18394263088703156,0.16220778226852417,0.18167223036289215,0.15786263346672058,0.15448638796806335,0.1598282754421234,0.0
810,1.0,1.0,0.0,0.0,0.0,0.0,0.2019473761320114,0.16812345385551453,0.1592252254486084,0.15789198875427246,0.1584893763065338,0.15432265400886536,1.0
811,1.0,1.0,0.0,0.0,0.0,0.0,0.20196233689785004,0.16813428699970245,0.15922144055366516,0.157907173037529,0.15844221413135529,0.1543324738740921,1.0
812,1.0,1.0,1.0,1.0,1.0,1.0,0.17603866755962372,0.17795422673225403,0.18724222481250763,0.1507779061794281,0.15556010603904724,0.1524267941713333,2.0
813,0.0,0.0,0.0,0.0,0.0,0.0,0.1760459989309311,0.17791905999183655,0.18726806342601776,0.15074938535690308,0.1555754691362381,0.152442067861557,2.0
814,0.0,1.0,1.0,1.0,1.0,1.0,0.17635253071784973,0.17817328870296478,0.18712225556373596,0.15078136324882507,0.1553441733121872,0.15222635865211487,3.0
815,1.0,1.0,0.0,0.0,0.0,0.0,0.17607596516609192,0.17800851166248322,0.18693684041500092,0.15085537731647491,0.15583442151546478,0.15228891372680664,4.0
816,1.0,1.0,1.0,1.0,1.0,1.0,0.20193202793598175,0.16816505789756775,0.15920968353748322,0.15792113542556763,0.15842154622077942,0.15435050427913666,1.0
817,1.0,1.0,1.0,1.0,1.0,0.0,0.1839352250099182,0.16226917505264282,0.1816430687904358,0.1578620970249176,0.15450967848300934,0.15978078544139862,0.0
818,1.0,1.0,1.0,1.0,1.0,1.0,0.18393747508525848,0.16227604448795319,0.18163131177425385,0.15786612033843994,0.15450793504714966,0.15978112816810608,0.0
819,1.0,1.0,1.0,1.0,1.0,1.0,0.20193493366241455,0.16815508902072906,0.15920878946781158,0.15791818499565125,0.158437117934227,0.15434591472148895,1.0
820,1.0,1.0,0.0,0.0,0.0,0.0,0.20190350711345673,0.1682163029909134,0.1591942012310028,0.15794013440608978,0.15838515758514404,0.15436068177223206,1.0
821,1.0,1.0,0.0,0.0,0.0,0.0,0.1760949194431305,0.17796088755130768,0.1869897097349167,0.15081565082073212,0.1558632105588913,0.15227572619915009,4.0
822,1.0,0.0,0.0,0.0,0.0,0.0,0.17636427283287048,0.17812806367874146,0.18715795874595642,0.1507706493139267,0.15535493195056915,0.15222415328025818,3.0
823,0.0,0.0,0.0,0.0,0.0,0.0,0.17636358737945557,0.17812970280647278,0.18716035783290863,0.15076959133148193,0.15535177290439606,0.1522250771522522,3.0
824,1.0,1.0,0.0,0.0,1.0,0.0,0.17603899538516998,0.177936851978302,0.1872529536485672,0.15076717734336853,0.15557032823562622,0.15243370831012726,2.0
825,0.0,0.0,0.0,0.0,0.0,0.0,0.17639167606830597,0.17810066044330597,0.18717241287231445,0.15074047446250916,0.15536156296730042,0.15223328769207,3.0
826,0.0,0.0,1.0,1.0,1.0,1.0,0.1760343313217163,0.17795343697071075,0.18722210824489594,0.15078376233577728,0.1555711328983307,0.15243522822856903,2.0
827,1.0,1.0,0.0,0.0,0.0,0.0,0.17638036608695984,0.17811186611652374,0.18716852366924286,0.1507510393857956,0.15536721050739288,0.15222102403640747,3.0
828,1.0,1.0,1.0,1.0,1.0,1.0,0.17635250091552734,0.17817845940589905,0.18709811568260193,0.1507970243692398,0.15535429120063782,0.15221963822841644,3.0
829,0.0,0.0,0.0,0.0,0.0,0.0,0.1839701384305954,0.16223984956741333,0.18165051937103271,0.15785673260688782,0.15448646247386932,0.15979629755020142,0.0
830,0.0,0.0,0.0,0.0,0.0,0.0,0.17637425661087036,0.1781318038702011,0.18714652955532074,0.15075981616973877,0.15536150336265564,0.152226060628891,3.0
831,0.0,0.0,0.0,0.0,0.0,0.0,0.176101416349411,0.1779693365097046,0.18698187172412872,0.15080903470516205,0.15586182475090027,0.15227656066417694,4.0
832,1.0,1.0,1.0,1.0,1.0,1.0,0.1839422732591629,0.16225159168243408,0.18165187537670135,0.15786178410053253,0.1544990837574005,0.1597934365272522,0.0
833,1.0,1.0,1.0,1.0,1.0,0.0,0.1763457953929901,0.17818525433540344,0.18711011111736298,0.15078553557395935,0.15534433722496033,0.1522289216518402,3.0
834,1.0,1.0,1.0,0.0,1.0,1.0,0.17604340612888336,0.1779676228761673,0.18721839785575867,0.15077583491802216,0.1555669903755188,0.15242774784564972,2.0
835,0.0,0.0,0.0,0.0,1.0,0.0,0.1761169284582138,0.17795239388942719,0.18697530031204224,0.15082143247127533,0.15586015582084656,0.15227383375167847,4.0
836,1.0,1.0,1.0,1.0,1.0,0.0,0.1839369386434555,0.16225716471672058,0.18165044486522675,0.15786489844322205,0.15450993180274963,0.15978065133094788,0.0
837,1.0,1.0,0.0,0.0,1.0,0.0,0.17636917531490326,0.17814189195632935,0.18715165555477142,0.15076975524425507,0.15534426271915436,0.15222322940826416,3.0
838,1.0,1.0,1.0,0.0,1.0,0.0,0.20193885266780853,0.16816088557243347,0.15921509265899658,0.15790942311286926,0.15844057500362396,0.15433520078659058,1.0
839,1.0,1.0,1.0,1.0,1.0,1.0,0.20194630324840546,0.16814449429512024,0.15922614932060242,0.1578923761844635,0.15846122801303864,0.15432950854301453,1.0
840,1.0,1.0,1.0,1.0,1.0,1.0,0.17607000470161438,0.17804543673992157,0.18688426911830902,0.1508767455816269,0.15584330260753632,0.1522803008556366,4.0
841,1.0,1.0,0.0,0.0,1.0,0.0,0.18396329879760742,0.1622079610824585,0.1816585212945938,0.15786533057689667,0.15448294579982758,0.15982195734977722,0.0
842,0.0,1.0,1.0,1.0,0.0,1.0,0.20195446908473969,0.16815371811389923,0.15921694040298462,0.15791377425193787,0.15842001140117645,0.15434107184410095,1.0
843,1.0,1.0,1.0,1.0,1.0,1.0,0.18393976986408234,0.16225585341453552,0.18163403868675232,0.15787692368030548,0.15451960265636444,0.15977391600608826,0.0
844,0.0,0.0,0.0,0.0,0.0,0.0,0.17605462670326233,0.17792671918869019,0.18725278973579407,0.1507551074028015,0.15557287633419037,0.15243789553642273,2.0
845,0.0,1.0,0.0,1.0,1.0,0.0,0.201932892203331,0.1681644767522812,0.15921181440353394,0.15791818499565125,0.15841510891914368,0.15435753762722015,1.0
846,1.0,1.0,1.0,1.0,1.0,0.0,0.20192216336727142,0.16816790401935577,0.15922513604164124,0.15789203345775604,0.15845473110675812,0.15433795750141144,1.0
847,1.0,1.0,1.0,1.0,1.0,1.0,0.1760326623916626,0.17796927690505981,0.18722708523273468,0.1507953703403473,0.15555314719676971,0.15242250263690948,2.0
848,0.0,0.0,0.0,0.0,0.0,0.0,0.17637018859386444,0.1781260073184967,0.18716175854206085,0.15077368915081024,0.15534277260303497,0.15222562849521637,3.0
849,1.0,1.0,1.0,1.0,1.0,1.0,0.1760394126176834,0.17796969413757324,0.18721532821655273,0.15080270171165466,0.155544251203537,0.15242867171764374,2.0
850,0.0,0.0,0.0,0.0,0.0,0.0,0.17637032270431519,0.17813995480537415,0.18715600669384003,0.15076647698879242,0.15535275638103485,0.1522144377231598,3.0
851,1.0,1.0,0.0,0.0,1.0,0.0,0.1763525903224945,0.17812888324260712,0.1871454417705536,0.15077011287212372,0.155369833111763,0.15223310887813568,3.0
852,0.0,1.0,1.0,1.0,0.0,1.0,0.176036074757576,0.17794369161128998,0.1872352510690689,0.1507788896560669,0.15557686984539032,0.1524292379617691,2.0
853,0.0,0.0,0.0,0.0,0.0,0.0,0.1763627678155899,0.1781839281320572,0.18710725009441376,0.15078939497470856,0.15533220767974854,0.15222445130348206,3.0
854,1.0,1.0,0.0,0.0,1.0,0.0,0.17607738077640533,0.17806951701641083,0.18686817586421967,0.15088386833667755,0.15583288669586182,0.1522682011127472,4.0
855,1.0,1.0,1.0,1.0,1.0,0.0,0.18394669890403748,0.16222186386585236,0.18166017532348633,0.15786081552505493,0.15448565781116486,0.15982478857040405,0.0
856,1.0,1.0,1.0,1.0,1.0,0.0,0.17606785893440247,0.17797163128852844,0.18699166178703308,0.150831937789917,0.15585319697856903,0.15228374302387238,4.0
857,1.0,1.0,1.0,1.0,1.0,1.0,0.20193636417388916,0.16815845668315887,0.159219890832901,0.157904714345932,0.15843932330608368,0.1543412208557129,1.0
858,0.0,1.0,1.0,1.0,1.0,0.0,0.17604944109916687,0.17795445024967194,0.18723513185977936,0.15076956152915955,0.1555628478527069,0.152428537607193,2.0
859,1.0,1.0,1.0,1.0,1.0,0.0,0.20194481313228607,0.1681573987007141,0.15920662879943848,0.15791763365268707,0.15843446552753448,0.15433908998966217,1.0
860,0.0,0.0,0.0,0.0,0.0,0.0,0.1761048138141632,0.17795433104038239,0.18698790669441223,0.1508162021636963,0.15585927665233612,0.15227746963500977,4.0
861,1.0,0.0,0.0,0.0,0.0,0.0,0.20194865763187408,0.1681360900402069,0.1592201441526413,0.15788985788822174,0.15847820043563843,0.15432704985141754,1.0
862,0.0,0.0,0.0,0.0,0.0,0.0,0.17605526745319366,0.17791609466075897,0.18727025389671326,0.15074653923511505,0.15557190775871277,0.15243996679782867,2.0
863,0.0,0.0,0.0,0.0,0.0,0.0,0.17611150443553925,0.17795489728450775,0.18698397278785706,0.15081310272216797,0.1558637022972107,0.15227286517620087,4.0
864,1.0,1.0,1.0,0.0,0.0,0.0,0.1839483231306076,0.16225594282150269,0.1816490888595581,0.15787029266357422,0.15448862314224243,0.15978775918483734,0.0
865,0.0,0.0,0.0,0.0,0.0,0.0,0.18395987153053284,0.1622273325920105,0.18165196478366852,0.15785716474056244,0.15449859201908112,0.1598050743341446,0.0
866,1.0,1.0,1.0,1.0,1.0,0.0,0.1763497143983841,0.17816582322120667,0.1871243119239807,0.1507830023765564,0.15534564852714539,0.15223151445388794,3.0
867,0.0,0.0,0.0,0.0,0.0,0.0,0.2019650936126709,0.1681191474199295,0.1592358946800232,0.1578863114118576,0.15848374366760254,0.15430977940559387,1.0
868,0.0,0.0,0.0,0.0,0.0,0.0,0.17638401687145233,0.17811673879623413,0.18716314435005188,0.15076713263988495,0.1553560346364975,0.1522129774093628,3.0
869,1.0,0.0,0.0,0.0,0.0,0.0,0.17604444921016693,0.17795121669769287,0.18724802136421204,0.1507747322320938,0.15555816888809204,0.15242350101470947,2.0
870,0.0,0.0,0.0,0.0,0.0,0.0,0.17608919739723206,0.17797468602657318,0.1869673728942871,0.15083719789981842,0.15585297346115112,0.15227864682674408,4.0
871,1.0,1.0,1.0,1.0,1.0,0.0,0.17608027160167694,0.17798256874084473,0.1869557648897171,0.15084685385227203,0.15585938096046448,0.1522752195596695,4.0
872,1.0,1.0,1.0,1.0,1.0,1.0,0.17636583745479584,0.17816556990146637,0.18711502850055695,0.15078061819076538,0.15534673631191254,0.1522262841463089,3.0
873,0.0,0.0,0.0,0.0,0.0,0.0,0.20196910202503204,0.1681109368801117,0.159229576587677,0.157890185713768,0.15847638249397278,0.15432387590408325,1.0
874,1.0,1.0,1.0,1.0,0.0,0.0,0.18393874168395996,0.16227467358112335,0.18164236843585968,0.15786264836788177,0.15451404452323914,0.1597675085067749,0.0
875,1.0,1.0,1.0,1.0,1.0,1.0,0.1763431280851364,0.1781717985868454,0.18711042404174805,0.15079399943351746,0.1553434431552887,0.1522371768951416,3.0
876,1.0,1.0,0.0,0.0,1.0,0.0,0.17634394764900208,0.17819570004940033,0.18710973858833313,0.15078973770141602,0.15534000098705292,0.15222088992595673,3.0
877,1.0,1.0,1.0,1.0,1.0,1.0,0.17606620490550995,0.17798462510108948,0.1869652271270752,0.15085460245609283,0.15585272014141083,0.15227660536766052,4.0
878,1.0,1.0,0.0,0.0,1.0,0.0,0.17607249319553375,0.17807608842849731,0.18685711920261383,0.15088117122650146,0.1558351218700409,0.15227802097797394,4.0
879,0.0,0.0,1.0,0.0,0.0,0.0,0.20195730030536652,0.16814826428890228,0.15921354293823242,0.157917320728302,0.158421128988266,0.1543423980474472,1.0
880,0.0,0.0,0.0,0.0,0.0,0.0,0.1761225014925003,0.17793600261211395,0.18700286746025085,0.15079617500305176,0.15586408972740173,0.1522783637046814,4.0
881,0.0,0.0,0.0,0.0,0.0,0.0,0.17605039477348328,0.17796379327774048,0.1872236430644989,0.15078105032444,0.1555631011724472,0.15241798758506775,2.0
882,1.0,0.0,0.0,1.0,1.0,1.0,0.1763836294412613,0.17812567949295044,0.18716037273406982,0.15074510872364044,0.1553584784269333,0.15222673118114471,3.0
883,0.0,0.0,0.0,0.0,0.0,0.0,0.1761111170053482,0.17794324457645416,0.18699778616428375,0.15081050992012024,0.15586179494857788,0.15227551758289337,4.0
884,1.0,1.0,1.0,0.0,1.0,0.0,0.1763574331998825,0.1781652718782425,0.18711654841899872,0.1507798731327057,0.15534785389900208,0.1522330939769745,3.0
885,0.0,1.0,0.0,1.0,1.0,0.0,0.17634828388690948,0.17820286750793457,0.18708372116088867,0.15080808103084564,0.15533722937107086,0.15221984684467316,3.0
886,0.0,0.0,0.0,0.0,1.0,0.0,0.18395830690860748,0.16222208738327026,0.18166384100914001,0.157866433262825,0.15448863804340363,0.15980076789855957,0.0
887,0.0,0.0,1.0,0.0,0.0,0.0,0.18395788967609406,0.1622243970632553,0.18166041374206543,0.15786628425121307,0.15448835492134094,0.15980276465415955,0.0
888,0.0,0.0,0.0,0.0,0.0,0.0,0.20193471014499664,0.16813160479068756,0.1592283546924591,0.15789644420146942,0.15847468376159668,0.15433423221111298,1.0
889,0.0,0.0,0.0,0.0,0.0,0.0,0.20197553932666779,0.16812682151794434,0.15921634435653687,0.15789222717285156,0.15846414864063263,0.1543249487876892,1.0
890,0.0,0.0,0.0,0.0,0.0,0.0,0.17636585235595703,0.17814375460147858,0.18715181946754456,0.1507689207792282,0.15534552931785583,0.15222413837909698,3.0
891,0.0,0.0,0.0,0.0,0.0,0.0,0.17607653141021729,0.17798630893230438,0.18696294724941254,0.15085190534591675,0.15583862364292145,0.1522836983203888,4.0
892,1.0,1.0,1.0,1.0,1.0,0.0,0.20194758474826813,0.16815219819545746,0.15921859443187714,0.15790045261383057,0.15845246613025665,0.15432868897914886,1.0
893,1.0,1.0,0.0,0.0,1.0,0.0,0.17604213953018188,0.17794698476791382,0.18723735213279724,0.15078134834766388,0.15556740760803223,0.15242479741573334,2.0
894,0.0,0.0,0.0,0.0,0.0,0.0,0.17637421190738678,0.17812296748161316,0.18716715276241302,0.15075746178627014,0.15536180138587952,0.15221650898456573,3.0
895,1.0,1.0,0.0,0.0,1.0,0.0,0.17634664475917816,0.1781597137451172,0.18711766600608826,0.15080232918262482,0.15534648299217224,0.15222714841365814,3.0
896,0.0,1.0,0.0,1.0,1.0,0.0,0.1761050969362259,0.17795151472091675,0.18697798252105713,0.150823175907135,0.15586470067501068,0.15227754414081573,4.0
897,0.0,0.0,1.0,0.0,0.0,1.0,0.1761026382446289,0.17796485126018524,0.1869848370552063,0.15081007778644562,0.1558639109134674,0.15227368474006653,4.0
898,1.0,1.0,0.0,0.0,1.0,0.0,0.1839669942855835,0.16221129894256592,0.1816641390323639,0.15785719454288483,0.15448422729969025,0.159816175699234,0.0
899,1.0,1.0,0.0,0.0,1.0,0.0,0.18395502865314484,0.16222351789474487,0.1816539615392685,0.1578623354434967,0.15449652075767517,0.15980865061283112,0.0
900,0.0,0.0,0.0,0.0,0.0,0.0,0.20197071135044098,0.16812634468078613,0.15921595692634583,0.157904252409935,0.15844139456748962,0.15434138476848602,1.0
901,0.0,0.0,0.0,0.0,0.0,0.0,0.20195740461349487,0.1681414246559143,0.15922074019908905,0.15789824724197388,0.15845340490341187,0.15432876348495483,1.0
902,1.0,1.0,0.0,0.0,0.0,0.0,0.1763598471879959,0.17813526093959808,0.1871379017829895,0.1507793813943863,0.15535730123519897,0.15223026275634766,3.0
903,1.0,1.0,0.0,1.0,1.0,1.0,0.20193827152252197,0.1681765615940094,0.15920910239219666,0.15791106224060059,0.15841741859912872,0.15434758365154266,1.0
904,1.0,1.0,1.0,1.0,1.0,1.0,0.20193065702915192,0.16817468404769897,0.1592046469449997,0.15791171789169312,0.15843044221401215,0.15434789657592773,1.0
905,0.0,1.0,1.0,1.0,0.0,1.0,0.20194189250469208,0.16815677285194397,0.15922267735004425,0.15789580345153809,0.15844564139842987,0.15433725714683533,1.0
906,1.0,1.0,1.0,1.0,1.0,0.0,0.18393723666667938,0.16225458681583405,0.1816512793302536,0.1578640341758728,0.15451131761074066,0.15978151559829712,0.0
907,1.0,1.0,1.0,1.0,1.0,1.0,0.20193877816200256,0.16815777122974396,0.15921635925769806,0.15790314972400665,0.1584446281194687,0.15433935821056366,1.0
908,1.0,1.0,1.0,0.0,0.0,0.0,0.17635409533977509,0.1781643033027649,0.18710336089134216,0.15080824494361877,0.1553407907485962,0.15222923457622528,3.0
909,1.0,1.0,0.0,0.0,1.0,0.0,0.17604093253612518,0.1779223531484604,0.1872674822807312,0.15076413750648499,0.1555657833814621,0.15243928134441376,2.0
910,1.0,1.0,1.0,1.0,1.0,1.0,0.183948814868927,0.16228948533535004,0.18161356449127197,0.15787991881370544,0.15449856221675873,0.15976963937282562,0.0
911,1.0,1.0,0.0,0.0,1.0,0.0,0.17634502053260803,0.17816755175590515,0.18711329996585846,0.15080711245536804,0.15534161031246185,0.15222543478012085,3.0
912,0.0,0.0,0.0,0.0,0.0,0.0,0.17635996639728546,0.17815133929252625,0.18713751435279846,0.15078262984752655,0.15534362196922302,0.15222494304180145,3.0
913,0.0,1.0,1.0,1.0,0.0,0.0,0.17608609795570374,0.17797736823558807,0.18696710467338562,0.15084223449230194,0.15584693849086761,0.15228025615215302,4.0
914,0.0,0.0,0.0,0.0,0.0,0.0,0.17607420682907104,0.17790590226650238,0.1872812807559967,0.15074485540390015,0.15557338297367096,0.15242041647434235,2.0
915,1.0,1.0,1.0,1.0,1.0,1.0,0.1839563250541687,0.16229620575904846,0.1816147416830063,0.15787704288959503,0.15448957681655884,0.15976610779762268,0.0
916,1.0,1.0,1.0,1.0,1.0,1.0,0.17603540420532227,0.17794197797775269,0.18725302815437317,0.1507737934589386,0.1555633693933487,0.152432382106781,2.0
917,1.0,1.0,1.0,1.0,1.0,1.0,0.20191797614097595,0.16819176077842712,0.15919974446296692,0.1579306572675705,0.15841209888458252,0.154347762465477,1.0
918,0.0,0.0,0.0,0.0,0.0,0.0,0.1760580837726593,0.17789946496486664,0.1872701495885849,0.15075208246707916,0.15558430552482605,0.15243594348430634,2.0
919,1.0,1.0,0.0,0.0,1.0,0.0,0.17636707425117493,0.17811714112758636,0.18716756999492645,0.15075011551380157,0.15536686778068542,0.15223126113414764,3.0
920,0.0,0.0,0.0,0.0,0.0,0.0,0.1763487160205841,0.17814147472381592,0.1871606409549713,0.1507694274187088,0.15535487234592438,0.15222489833831787,3.0
921,1.0,1.0,1.0,0.0,1.0,0.0,0.18395501375198364,0.16220906376838684,0.18166127800941467,0.15786460041999817,0.15449067950248718,0.15981937944889069,0.0
922,1.0,1.0,0.0,0.0,1.0,0.0,0.20195865631103516,0.16813479363918304,0.15922343730926514,0.15790888667106628,0.15844473242759705,0.15432946383953094,1.0
923,1.0,1.0,1.0,0.0,0.0,0.0,0.20196552574634552,0.16814406216144562,0.15919984877109528,0.15791496634483337,0.15842896699905396,0.15434664487838745,1.0
924,0.0,1.0,1.0,1.0,1.0,0.0,0.1763552576303482,0.17816421389579773,0.18712320923805237,0.15078802406787872,0.15534105896949768,0.1522282063961029,3.0
925,1.0,1.0,0.0,0.0,0.0,0.0,0.1760336458683014,0.17794987559318542,0.1872316300868988,0.1507977992296219,0.15555986762046814,0.15242719650268555,2.0
926,0.0,0.0,0.0,0.0,0.0,0.0,0.17603939771652222,0.17793205380439758,0.18727271258831024,0.15075406432151794,0.15557102859020233,0.15243075788021088,2.0
927,0.0,0.0,0.0,0.0,0.0,0.0,0.1763768047094345,0.17812101542949677,0.18717516958713531,0.15075376629829407,0.15535633265972137,0.15221698582172394,3.0
928,1.0,1.0,1.0,1.0,1.0,0.0,0.17607270181179047,0.17796891927719116,0.18699364364147186,0.15082088112831116,0.15585525333881378,0.15228861570358276,4.0
929,0.0,0.0,0.0,0.0,0.0,0.0,0.1761029064655304,0.17796388268470764,0.18698720633983612,0.15080903470516205,0.15586204826831818,0.152274951338768,4.0
930,0.0,0.0,1.0,0.0,0.0,0.0,0.1760532706975937,0.17792871594429016,0.18725834786891937,0.15074655413627625,0.1555769294500351,0.15243615210056305,2.0
931,0.0,0.0,0.0,0.0,0.0,0.0,0.18396064639091492,0.16224142909049988,0.1816573143005371,0.15786221623420715,0.15448342263698578,0.15979500114917755,0.0
932,1.0,1.0,1.0,1.0,1.0,1.0,0.1839418262243271,0.16225427389144897,0.18165180087089539,0.1578560471534729,0.1545027792453766,0.15979328751564026,0.0
933,1.0,1.0,0.0,0.0,1.0,1.0,0.176352858543396,0.17815528810024261,0.18712455034255981,0.15078581869602203,0.15535666048526764,0.1522248536348343,3.0
934,1.0,1.0,0.0,0.0,1.0,0.0,0.1763681322336197,0.17814381420612335,0.18714743852615356,0.1507677584886551,0.15534590184688568,0.1522269994020462,3.0
935,1.0,0.0,0.0,0.0,1.0,1.0,0.17635931074619293,0.1781531572341919,0.18713687360286713,0.1507704257965088,0.15534915030002594,0.15223106741905212,3.0
936,0.0,0.0,1.0,0.0,0.0,1.0,0.17603644728660583,0.17794163525104523,0.187238872051239,0.15077795088291168,0.15556620061397552,0.1524389237165451,2.0
937,1.0,1.0,1.0,1.0,1.0,0.0,0.20193691551685333,0.1681557595729828,0.1592130959033966,0.1579204499721527,0.15842163562774658,0.1543520987033844,1.0
938,1.0,1.0,1.0,1.0,1.0,1.0,0.20193977653980255,0.1681523472070694,0.15921175479888916,0.15790610015392303,0.15843987464904785,0.15435011684894562,1.0
939,0.0,0.0,0.0,0.0,0.0,0.0,0.20195019245147705,0.16813375055789948,0.15922243893146515,0.1579066663980484,0.15846121311187744,0.15432576835155487,1.0
940,1.0,1.0,1.0,1.0,1.0,1.0,0.18393096327781677,0.16226419806480408,0.18165066838264465,0.15786217153072357,0.154506653547287,0.15978530049324036,0.0
941,0.0,0.0,0.0,0.0,0.0,0.0,0.1760438233613968,0.1779443770647049,0.18724915385246277,0.15077273547649384,0.15555799007415771,0.1524319052696228,2.0
942,1.0,1.0,1.0,1.0,1.0,1.0,0.2019292712211609,0.16820363700389862,0.15919189155101776,0.15793251991271973,0.15839701890945435,0.15434569120407104,1.0
943,1.0,1.0,0.0,1.0,1.0,0.0,0.20196279883384705,0.16813641786575317,0.15921613574028015,0.15789835155010223,0.15844587981700897,0.15434040129184723,1.0
944,1.0,1.0,1.0,1.0,1.0,1.0,0.1760459840297699,0.17796111106872559,0.18722869455814362,0.15077896416187286,0.15555861592292786,0.15242668986320496,2.0
945,1.0,1.0,1.0,1.0,1.0,1.0,0.17635540664196014,0.17814360558986664,0.1871468424797058,0.15077334642410278,0.15536433458328247,0.15221641957759857,3.0
946,0.0,0.0,0.0,0.0,0.0,0.0,0.20197947323322296,0.1681264489889145,0.15922468900680542,0.15789467096328735,0.15845100581645966,0.15432371199131012,1.0
947,0.0,0.0,0.0,0.0,0.0,0.0,0.17636561393737793,0.17814099788665771,0.18715441226959229,0.15076257288455963,0.15535292029380798,0.15222345292568207,3.0
948,1.0,1.0,1.0,1.0,1.0,1.0,0.18394465744495392,0.16224420070648193,0.18165379762649536,0.15786723792552948,0.1544971615076065,0.159792959690094,0.0
949,1.0,1.0,1.0,1.0,1.0,1.0,0.18393881618976593,0.16224201023578644,0.18165692687034607,0.15787146985530853,0.1544935703277588,0.1597972810268402,0.0
950,1.0,1.0,0.0,0.0,0.0,0.0,0.18396063148975372,0.16220995783805847,0.18166691064834595,0.15784698724746704,0.15449219942092896,0.15982326865196228,0.0
951,0.0,0.0,0.0,0.0,0.0,0.0,0.1761014610528946,0.17795497179031372,0.18699929118156433,0.150808185338974,0.15586254000663757,0.15227361023426056,4.0
952,1.0,1.0,0.0,0.0,0.0,0.0,0.18395277857780457,0.1622089147567749,0.18167783319950104,0.15786077082157135,0.15448810160160065,0.1598116159439087,0.0
953,1.0,1.0,0.0,0.0,1.0,0.0,0.17636731266975403,0.1781725287437439,0.18711580336093903,0.1507793515920639,0.15533849596977234,0.15222659707069397,3.0
954,0.0,0.0,0.0,0.0,0.0,0.0,0.17609037458896637,0.17796985805034637,0.18698665499687195,0.15081575512886047,0.15585850179195404,0.15227888524532318,4.0
955,0.0,0.0,0.0,0.0,0.0,0.0,0.17607876658439636,0.17797495424747467,0.18697409331798553,0.1508338749408722,0.1558517962694168,0.15228648483753204,4.0
956,0.0,0.0,0.0,0.0,0.0,0.0,0.1760740578174591,0.1779688596725464,0.18699398636817932,0.15082934498786926,0.15585295855998993,0.15228089690208435,4.0
957,0.0,1.0,1.0,1.0,0.0,1.0,0.17608052492141724,0.17797169089317322,0.18698495626449585,0.15083108842372894,0.15585048496723175,0.1522812396287918,4.0
958,1.0,1.0,0.0,0.0,1.0,0.0,0.1763659566640854,0.178131103515625,0.1871558278799057,0.15077227354049683,0.1553482711315155,0.15222656726837158,3.0
959,0.0,0.0,0.0,0.0,0.0,0.0,0.17637407779693604,0.17812548577785492,0.18715980648994446,0.15076333284378052,0.15535955131053925,0.1522177755832672,3.0
960,1.0,1.0,1.0,1.0,1.0,1.0,0.17607396841049194,0.1780267059803009,0.18692119419574738,0.15086515247821808,0.15583693981170654,0.15227597951889038,4.0
961,0.0,1.0,1.0,1.0,0.0,1.0,0.1763542890548706,0.17817048728466034,0.1871311515569687,0.1507805585861206,0.15533681213855743,0.15222671627998352,3.0
962,0.0,0.0,0.0,0.0,0.0,0.0,0.17604920268058777,0.17794841527938843,0.18724727630615234,0.1507623940706253,0.15555863082408905,0.15243414044380188,2.0
963,1.0,1.0,1.0,1.0,1.0,1.0,0.18395476043224335,0.16221033036708832,0.18166789412498474,0.1578696221113205,0.15448462963104248,0.15981276333332062,0.0
964,1.0,1.0,0.0,0.0,1.0,0.0,0.20195826888084412,0.16814693808555603,0.1592172384262085,0.1579079031944275,0.15843510627746582,0.15433457493782043,1.0
965,1.0,1.0,0.0,1.0,1.0,0.0,0.17603173851966858,0.1779453605413437,0.18726229667663574,0.1507689207792282,0.15556390583515167,0.1524277627468109,2.0
966,1.0,1.0,0.0,0.0,1.0,0.0,0.17604178190231323,0.17792664468288422,0.18726500868797302,0.15074853599071503,0.15557661652565002,0.1524413824081421,2.0
967,0.0,0.0,0.0,0.0,0.0,0.0,0.17639002203941345,0.17810620367527008,0.1871730089187622,0.1507432758808136,0.15535596013069153,0.15223151445388794,3.0
968,1.0,1.0,1.0,1.0,1.0,1.0,0.1839306354522705,0.16222743690013885,0.181669682264328,0.15786531567573547,0.1545027792453766,0.15980425477027893,0.0
969,1.0,0.0,0.0,0.0,0.0,0.0,0.1763651818037033,0.1781356930732727,0.18715089559555054,0.15076729655265808,0.15535737574100494,0.1522236466407776,3.0
970,1.0,1.0,1.0,0.0,1.0,0.0,0.176366925239563,0.17813298106193542,0.18715788424015045,0.15076352655887604,0.1553552895784378,0.1522233784198761,3.0
971,1.0,1.0,1.0,1.0,1.0,1.0,0.17636331915855408,0.17814430594444275,0.1871451735496521,0.1507749855518341,0.15535175800323486,0.1522204875946045,3.0
972,1.0,1.0,1.0,1.0,1.0,1.0,0.17606192827224731,0.1779954880475998,0.18694216012954712,0.15086735785007477,0.1558452546596527,0.15228784084320068,4.0
973,1.0,1.0,1.0,1.0,1.0,0.0,0.20195479691028595,0.1681527942419052,0.15922260284423828,0.157890185713768,0.15844842791557312,0.15433117747306824,1.0
974,0.0,0.0,0.0,0.0,0.0,0.0,0.17607814073562622,0.1779010146856308,0.1872715950012207,0.15074002742767334,0.15558375418186188,0.15242545306682587,2.0
975,0.0,0.0,0.0,0.0,0.0,0.0,0.1760854870080948,0.17797251045703888,0.18697823584079742,0.15083099901676178,0.1558583825826645,0.15227439999580383,4.0
976,1.0,1.0,0.0,0.0,1.0,0.0,0.1760452389717102,0.1779279261827469,0.18726998567581177,0.15075689554214478,0.15557081997394562,0.15242917835712433,2.0
977,1.0,1.0,0.0,0.0,1.0,0.0,0.17634160816669464,0.17820939421653748,0.18706972897052765,0.150808185338974,0.15534032881259918,0.15223070979118347,3.0
978,0.0,0.0,0.0,0.0,0.0,0.0,0.17606787383556366,0.17790447175502777,0.1872677206993103,0.1507541835308075,0.1555771380662918,0.15242858231067657,2.0
979,0.0,0.0,0.0,0.0,0.0,0.0,0.1760658174753189,0.1779622584581375,0.1872129738330841,0.15077444911003113,0.1555599719285965,0.15242452919483185,2.0
980,1.0,1.0,0.0,0.0,1.0,0.0,0.17636151611804962,0.17812760174274445,0.18716353178024292,0.15076778829097748,0.1553478091955185,0.15223175287246704,3.0
981,1.0,1.0,0.0,1.0,1.0,0.0,0.17606611549854279,0.1780036836862564,0.18693281710147858,0.15087155997753143,0.15585066378116608,0.15227514505386353,4.0
982,1.0,1.0,1.0,1.0,1.0,1.0,0.2019212543964386,0.16817475855350494,0.15921151638031006,0.15792639553546906,0.15842311084270477,0.154342919588089,1.0
983,1.0,1.0,0.0,1.0,1.0,1.0,0.20193815231323242,0.16816194355487823,0.1592147946357727,0.15790319442749023,0.15844598412513733,0.15433594584465027,1.0
984,1.0,1.0,1.0,1.0,1.0,1.0,0.1839527189731598,0.16222918033599854,0.18165475130081177,0.15786530077457428,0.15450014173984528,0.15979793667793274,0.0
985,1.0,1.0,1.0,0.0,0.0,0.0,0.20192556083202362,0.16815117001533508,0.1592230647802353,0.15790709853172302,0.15845297276973724,0.1543402224779129,1.0
986,0.0,0.0,0.0,0.0,0.0,0.0,0.17605365812778473,0.177932009100914,0.18726734817028046,0.1507619321346283,0.15554927289485931,0.1524358093738556,2.0
987,0.0,0.0,0.0,0.0,0.0,0.0,0.18394871056079865,0.16223455965518951,0.1816616803407669,0.15786603093147278,0.15448886156082153,0.15980012714862823,0.0
988,1.0,1.0,1.0,1.0,1.0,0.0,0.1760258674621582,0.17795076966285706,0.18723921477794647,0.150786891579628,0.15556646883487701,0.15243084728717804,2.0
989,1.0,1.0,0.0,0.0,1.0,1.0,0.20195606350898743,0.16816480457782745,0.15920066833496094,0.15793155133724213,0.15839670598506927,0.15435022115707397,1.0
990,1.0,1.0,1.0,1.0,1.0,0.0,0.17603228986263275,0.17793983221054077,0.18725457787513733,0.15077248215675354,0.15556809306144714,0.15243268013000488,2.0
991,1.0,1.0,0.0,0.0,1.0,0.0,0.17636431753635406,0.17815908789634705,0.18712089955806732,0.15078134834766388,0.155347540974617,0.15222685039043427,3.0
992,1.0,0.0,0.0,0.0,1.0,1.0,0.17636099457740784,0.17813827097415924,0.18715094029903412,0.15077316761016846,0.15534833073616028,0.15222832560539246,3.0
993,1.0,1.0,0.0,0.0,1.0,0.0,0.18396176397800446,0.16222502291202545,0.18166305124759674,0.1578548550605774,0.15449126064777374,0.1598040908575058,0.0
994,1.0,1.0,1.0,1.0,1.0,1.0,0.1760304570198059,0.17793819308280945,0.18725980818271637,0.15078093111515045,0.15557043254375458,0.15242019295692444,2.0
995,1.0,1.0,1.0,1.0,1.0,0.0,0.17606903612613678,0.1779945194721222,0.18694071471691132,0.15086275339126587,0.15585076808929443,0.15228219330310822,4.0
996,0.0,1.0,1.0,1.0,0.0,1.0,0.1763668954372406,0.17813315987586975,0.1871541142463684,0.15076445043087006,0.15535476803779602,0.15222665667533875,3.0
997,1.0,1.0,1.0,1.0,1.0,1.0,0.20192548632621765,0.1682034134864807,0.15919822454452515,0.15792515873908997,0.15839536488056183,0.1543523371219635,1.0
998,1.0,1.0,1.0,1.0,0.0,1.0,0.18395301699638367,0.16224651038646698,0.18163833022117615,0.15787352621555328,0.1544945389032364,0.15979412198066711,0.0
999,1.0,1.0,0.0,0.0,0.0,0.0,0.2019582837820053,0.16813886165618896,0.15921682119369507,0.1579051911830902,0.15845267474651337,0.15432821214199066,1.0
1000,1.0,1.0,0.0,0.0,0.0,0.0,0.18395429849624634,0.16222311556339264,0.18166469037532806,0.15786327421665192,0.15449100732803345,0.1598036140203476,0.0
1001,1.0,1.0,1.0,1.0,1.0,1.0,0.2019077092409134,0.16819444298744202,0.1592143177986145,0.15792836248874664,0.15841293334960938,0.15434229373931885,1.0
1002,1.0,1.0,1.0,0.0,1.0,0.0,0.1763536036014557,0.1781647801399231,0.18712268769741058,0.1507917046546936,0.15534421801567078,0.15222299098968506,3.0
1003,1.0,1.0,1.0,1.0,1.0,1.0,0.17636734247207642,0.1781427264213562,0.18716028332710266,0.15076415240764618,0.155344620347023,0.15222090482711792,3.0
1004,1.0,1.0,1.0,1.0,1.0,0.0,0.20191650092601776,0.16817371547222137,0.15922166407108307,0.15792106091976166,0.15842874348163605,0.1543383002281189,1.0
1005,1.0,1.0,0.0,0.0,1.0,0.0,0.20194539427757263,0.16815108060836792,0.1592281609773636,0.15789476037025452,0.15845021605491638,0.15433035790920258,1.0
1006,1.0,1.0,0.0,0.0,1.0,0.0,0.1760481894016266,0.17792730033397675,0.18726828694343567,0.15075695514678955,0.15556499361991882,0.15243424475193024,2.0
1007,1.0,1.0,1.0,0.0,1.0,1.0,0.20195768773555756,0.16814592480659485,0.15921582281589508,0.15791040658950806,0.158438041806221,0.15433216094970703,1.0
1008,1.0,1.0,1.0,1.0,1.0,0.0,0.17637020349502563,0.17811518907546997,0.18717403709888458,0.15074622631072998,0.15536262094974518,0.15223176777362823,3.0
1009,1.0,1.0,1.0,1.0,1.0,0.0,0.1839476227760315,0.1622564196586609,0.18165229260921478,0.15784768760204315,0.15449102222919464,0.15980499982833862,0.0
1010,1.0,1.0,0.0,0.0,0.0,0.0,0.17604240775108337,0.17793753743171692,0.1872614175081253,0.15075019001960754,0.15558040142059326,0.1524280458688736,2.0
1011,1.0,1.0,0.0,0.0,1.0,0.0,0.17636190354824066,0.1781485676765442,0.18713092803955078,0.1507750004529953,0.1553514301776886,0.15223215520381927,3.0
1012,0.0,1.0,1.0,0.0,0.0,1.0,0.17607896029949188,0.17801697552204132,0.1869356334209442,0.15086063742637634,0.15583084523677826,0.15227684378623962,4.0
1013,0.0,0.0,0.0,0.0,0.0,0.0,0.17607298493385315,0.17789214849472046,0.18728046119213104,0.15073291957378387,0.15558752417564392,0.15243399143218994,2.0
1014,1.0,1.0,1.0,1.0,1.0,1.0,0.1760672777891159,0.17796868085861206,0.186959370970726,0.1508575826883316,0.15586018562316895,0.15228691697120667,4.0
1015,1.0,1.0,0.0,0.0,1.0,1.0,0.17636437714099884,0.17816190421581268,0.18711385130882263,0.15078961849212646,0.15534120798110962,0.15222899615764618,3.0
1016,1.0,1.0,1.0,1.0,1.0,1.0,0.17607830464839935,0.1779957413673401,0.18695054948329926,0.15085329115390778,0.15584011375904083,0.1522819995880127,4.0
1017,1.0,1.0,1.0,1.0,1.0,0.0,0.17606283724308014,0.17800596356391907,0.18693439662456512,0.15086500346660614,0.1558447629213333,0.15228700637817383,4.0
1018,0.0,1.0,1.0,1.0,0.0,1.0,0.2019577920436859,0.16813446581363678,0.15922091901302338,0.15789759159088135,0.15846028923988342,0.15432898700237274,1.0
1019,1.0,1.0,0.0,0.0,0.0,0.0,0.1763496994972229,0.17817382514476776,0.18710681796073914,0.15080532431602478,0.155340775847435,0.15222351253032684,3.0
1020,1.0,1.0,1.0,1.0,1.0,1.0,0.17607250809669495,0.17799323797225952,0.18694394826889038,0.1508639007806778,0.15585018694400787,0.15227624773979187,4.0
1021,1.0,1.0,0.0,0.0,0.0,0.0,0.17610372602939606,0.17793960869312286,0.18699529767036438,0.1508036106824875,0.15587185323238373,0.1522858887910843,4.0
1022,1.0,1.0,1.0,1.0,1.0,0.0,0.1760394424200058,0.17795242369174957,0.18724770843982697,0.15076491236686707,0.15556937456130981,0.15242621302604675,2.0
1023,1.0,1.0,0.0,0.0,1.0,0.0,0.17605769634246826,0.1779288947582245,0.1872626692056656,0.15075242519378662,0.15557095408439636,0.15242737531661987,2.0
1024,1.0,1.0,0.0,0.0,1.0,0.0,0.1763705462217331,0.17811821401119232,0.1871747225522995,0.15075623989105225,0.1553579866886139,0.15222229063510895,3.0
1025,1.0,1.0,1.0,1.0,1.0,1.0,0.1760701686143875,0.17802681028842926,0.18691489100456238,0.1508641242980957,0.15584564208984375,0.15227842330932617,4.0
1026,0.0,0.0,0.0,0.0,0.0,0.0,0.18396735191345215,0.16220463812351227,0.18167486786842346,0.15785938501358032,0.1544802039861679,0.15981359779834747,0.0
1027,1.0,1.0,0.0,0.0,1.0,0.0,0.2019362449645996,0.1681448221206665,0.15921509265899658,0.15790767967700958,0.15844419598579407,0.15435200929641724,1.0
1028,0.0,0.0,0.0,0.0,0.0,0.0,0.176070898771286,0.17798544466495514,0.1869814097881317,0.15084002912044525,0.1558426022529602,0.1522795557975769,4.0
1029,1.0,1.0,0.0,0.0,0.0,0.0,0.1760452836751938,0.17794100940227509,0.1872500479221344,0.15076790750026703,0.15556950867176056,0.15242624282836914,2.0
1030,0.0,0.0,0.0,0.0,0.0,0.0,0.1839684695005417,0.16221784055233002,0.18166455626487732,0.1578611433506012,0.15448351204395294,0.15980449318885803,0.0
1031,0.0,1.0,1.0,1.0,0.0,1.0,0.17635132372379303,0.17813770473003387,0.1871419996023178,0.1507764458656311,0.1553591638803482,0.1522333025932312,3.0
1032,1.0,1.0,1.0,1.0,0.0,1.0,0.1763535887002945,0.17814025282859802,0.18715080618858337,0.15076981484889984,0.15535800158977509,0.1522274911403656,3.0
1033,0.0,0.0,0.0,0.0,0.0,0.0,0.18395766615867615,0.16220511496067047,0.18167178332805634,0.1578618437051773,0.154490664601326,0.15981289744377136,0.0
1034,0.0,0.0,0.0,0.0,0.0,0.0,0.20194685459136963,0.16814649105072021,0.15922720730304718,0.1578921228647232,0.1584530621767044,0.15433427691459656,1.0
1035,1.0,1.0,1.0,1.0,1.0,0.0,0.17634831368923187,0.17817853391170502,0.1871166080236435,0.1507808119058609,0.1553436666727066,0.15223214030265808,3.0
1036,1.0,0.0,0.0,0.0,0.0,0.0,0.20195293426513672,0.16813533008098602,0.1592158079147339,0.15790238976478577,0.15845957398414612,0.15433399379253387,1.0
1037,1.0,0.0,0.0,0.0,0.0,0.0,0.2019493579864502,0.16813881695270538,0.15922635793685913,0.15790270268917084,0.15845125913619995,0.1543315201997757,1.0
1038,1.0,1.0,0.0,0.0,1.0,0.0,0.17608387768268585,0.17797721922397614,0.18697260320186615,0.1508224904537201,0.15585443377494812,0.1522894650697708,4.0
1039,1.0,1.0,0.0,0.0,0.0,0.0,0.17636574804782867,0.17816022038459778,0.1871260702610016,0.15078823268413544,0.15533515810966492,0.15222454071044922,3.0
1040,1.0,1.0,1.0,1.0,1.0,0.0,0.1839333027601242,0.1622745841741562,0.18163755536079407,0.15786708891391754,0.15450677275657654,0.15978072583675385,0.0
1041,0.0,0.0,0.0,0.0,0.0,0.0,0.1760520339012146,0.17792664468288422,0.18725688755512238,0.1507626622915268,0.15557828545570374,0.15242354571819305,2.0
1042,1.0,1.0,1.0,1.0,0.0,0.0,0.1763540655374527,0.17817004024982452,0.1871282458305359,0.15078048408031464,0.1553432196378708,0.15222395956516266,3.0
1043,0.0,0.0,0.0,0.0,0.0,0.0,0.17606531083583832,0.17790551483631134,0.18727335333824158,0.1507376879453659,0.15558373928070068,0.15243443846702576,2.0
1044,1.0,1.0,1.0,1.0,1.0,0.0,0.17610090970993042,0.17794682085514069,0.18699632585048676,0.15081290900707245,0.15586169064044952,0.15228137373924255,4.0
1045,0.0,0.0,0.0,0.0,0.0,0.0,0.17610463500022888,0.177932009100914,0.18700189888477325,0.15081149339675903,0.155864417552948,0.15228554606437683,4.0
1046,1.0,1.0,1.0,0.0,0.0,0.0,0.17605765163898468,0.1778925657272339,0.18727801740169525,0.15075090527534485,0.1555827558040619,0.15243807435035706,2.0
1047,1.0,1.0,0.0,0.0,1.0,0.0,0.1839650571346283,0.1622159779071808,0.18166483938694,0.1578623205423355,0.15448570251464844,0.15980619192123413,0.0
1048,1.0,1.0,0.0,0.0,0.0,0.0,0.17635291814804077,0.1781383901834488,0.18714539706707,0.1507653146982193,0.1553622931241989,0.1522357165813446,3.0
1049,0.0,1.0,1.0,1.0,0.0,1.0,0.18395434319972992,0.16224919259548187,0.18164469301700592,0.15786755084991455,0.15449191629886627,0.15979230403900146,0.0
1050,1.0,1.0,1.0,1.0,1.0,0.0,0.18394535779953003,0.1622752845287323,0.18163348734378815,0.15785986185073853,0.15450960397720337,0.15977638959884644,0.0
1051,0.0,0.0,0.0,0.0,0.0,0.0,0.17608985304832458,0.1779634654521942,0.18698586523532867,0.15081560611724854,0.15586385130882263,0.15228140354156494,4.0
1052,1.0,1.0,1.0,0.0,0.0,1.0,0.20194454491138458,0.16815300285816193,0.15921959280967712,0.1579054743051529,0.15843984484672546,0.1543375849723816,1.0
1053,1.0,1.0,1.0,1.0,1.0,0.0,0.20194774866104126,0.1681365668773651,0.15922492742538452,0.15789425373077393,0.15845854580402374,0.15433798730373383,1.0
1054,0.0,0.0,0.0,0.0,0.0,0.0,0.18397140502929688,0.16222600638866425,0.18165767192840576,0.15785729885101318,0.154484823346138,0.15980280935764313,0.0
1055,0.0,0.0,0.0,0.0,0.0,0.0,0.17603880167007446,0.17801432311534882,0.18718566000461578,0.1507946103811264,0.15554703772068024,0.15241965651512146,2.0
1056,0.0,0.0,0.0,0.0,0.0,0.0,0.17609138786792755,0.17797119915485382,0.18697291612625122,0.15082357823848724,0.15585556626319885,0.1522854119539261,4.0
1057,0.0,0.0,0.0,0.0,0.0,0.0,0.1839503049850464,0.16223114728927612,0.18165196478366852,0.1578727811574936,0.15449409186840057,0.1597997397184372,0.0
1058,1.0,1.0,1.0,1.0,1.0,1.0,0.1760217547416687,0.1779971718788147,0.1871923804283142,0.15082134306430817,0.1555504947900772,0.15241685509681702,2.0
1059,1.0,1.0,1.0,1.0,1.0,1.0,0.1760586053133011,0.17801612615585327,0.18693016469478607,0.1508708894252777,0.1558469980955124,0.15227720141410828,4.0
1060,1.0,1.0,0.0,0.0,1.0,0.0,0.17608515918254852,0.17797325551509857,0.18698009848594666,0.15081441402435303,0.15586522221565247,0.15228188037872314,4.0
1061,1.0,1.0,1.0,1.0,1.0,0.0,0.17603768408298492,0.1779305338859558,0.18726959824562073,0.15076494216918945,0.1555667668581009,0.1524304747581482,2.0
1062,1.0,1.0,0.0,0.0,1.0,0.0,0.1763501912355423,0.17814582586288452,0.1871458888053894,0.15076883137226105,0.15535709261894226,0.15223215520381927,3.0
1063,0.0,0.0,0.0,0.0,0.0,0.0,0.17604166269302368,0.177934467792511,0.18727366626262665,0.15075600147247314,0.1555619090795517,0.15243232250213623,2.0
1064,1.0,1.0,0.0,0.0,0.0,0.0,0.1760873943567276,0.17796534299850464,0.18699228763580322,0.15082398056983948,0.15585564076900482,0.15227533876895905,4.0
1065,0.0,1.0,1.0,1.0,1.0,0.0,0.1763724982738495,0.17813056707382202,0.1871589571237564,0.15076497197151184,0.15534941852092743,0.15222349762916565,3.0
1066,1.0,1.0,0.0,0.0,1.0,0.0,0.17635563015937805,0.17817290127277374,0.1871243417263031,0.15077725052833557,0.1553524285554886,0.15221749246120453,3.0
1067,1.0,1.0,0.0,0.0,1.0,0.0,0.17636944353580475,0.17812304198741913,0.18716710805892944,0.15075397491455078,0.15536804497241974,0.15221843123435974,3.0
1068,0.0,0.0,0.0,0.0,0.0,0.0,0.1763780266046524,0.17814767360687256,0.18713988363742828,0.1507718712091446,0.15534119307994843,0.15222135186195374,3.0
1069,1.0,1.0,0.0,1.0,1.0,0.0,0.17634639143943787,0.1781652271747589,0.18711280822753906,0.15081214904785156,0.15534254908561707,0.15222088992595673,3.0
1070,1.0,1.0,0.0,1.0,1.0,0.0,0.1763550043106079,0.17813879251480103,0.18713431060314178,0.1507677584886551,0.15537096560001373,0.15223318338394165,3.0
1071,0.0,0.0,0.0,0.0,0.0,0.0,0.17610296607017517,0.17798620462417603,0.18697012960910797,0.15081612765789032,0.15585331618785858,0.15227122604846954,4.0
1072,0.0,0.0,0.0,0.0,0.0,0.0,0.1763647496700287,0.1781550794839859,0.18713903427124023,0.1507786363363266,0.155345618724823,0.15221689641475677,3.0
1073,1.0,1.0,1.0,1.0,1.0,1.0,0.20193426311016083,0.16817358136177063,0.1592075079679489,0.15791772305965424,0.1584247350692749,0.15434223413467407,1.0
1074,1.0,1.0,1.0,1.0,1.0,1.0,0.1839449554681778,0.1622822880744934,0.18163242936134338,0.15786562860012054,0.15451306104660034,0.15976163744926453,0.0
1075,0.0,0.0,0.0,0.0,0.0,0.0,0.17606061697006226,0.17796534299850464,0.18723395466804504,0.15076927840709686,0.15554183721542358,0.15242899954319,2.0
1076,0.0,0.0,0.0,0.0,0.0,0.0,0.17611181735992432,0.17795924842357635,0.18698936700820923,0.15080933272838593,0.1558617651462555,0.1522684544324875,4.0
1077,0.0,0.0,0.0,0.0,0.0,0.0,0.17635862529277802,0.1781432032585144,0.18712791800498962,0.15077343583106995,0.15536321699619293,0.15223363041877747,3.0
1078,0.0,0.0,0.0,0.0,0.0,0.0,0.18394631147384644,0.16223064064979553,0.18166038393974304,0.1578645259141922,0.15449316799640656,0.15980488061904907,0.0
1079,1.0,1.0,0.0,0.0,1.0,0.0,0.2019360065460205,0.1681692749261856,0.15920819342136383,0.1579188108444214,0.15842245519161224,0.15434527397155762,1.0
1080,0.0,0.0,0.0,0.0,0.0,0.0,0.1763603538274765,0.1781468391418457,0.1871403306722641,0.1507789045572281,0.1553470343351364,0.15222658216953278,3.0
1081,1.0,1.0,0.0,0.0,1.0,0.0,0.17634911835193634,0.1781700849533081,0.18712598085403442,0.15078434348106384,0.15534067153930664,0.15222977101802826,3.0
1082,1.0,1.0,1.0,1.0,1.0,1.0,0.17605388164520264,0.17802365124225616,0.1869123876094818,0.15088523924350739,0.15584222972393036,0.15228267014026642,4.0
1083,1.0,1.0,1.0,1.0,1.0,1.0,0.18393801152706146,0.162247896194458,0.18165268003940582,0.15786541998386383,0.15449413657188416,0.1598019003868103,0.0
1084,1.0,1.0,1.0,1.0,1.0,1.0,0.1839541345834732,0.1622965782880783,0.181620791554451,0.15786941349506378,0.15450288355350494,0.15975624322891235,0.0
1085,0.0,0.0,0.0,0.0,0.0,0.0,0.18396657705307007,0.16222374141216278,0.1816573292016983,0.15785102546215057,0.15448734164237976,0.1598140448331833,0.0
1086,1.0,1.0,1.0,1.0,0.0,1.0,0.17608076333999634,0.17797304689884186,0.18695397675037384,0.15084008872509003,0.15585604310035706,0.15229608118534088,4.0
1087,1.0,1.0,1.0,1.0,1.0,1.0,0.17600694298744202,0.17796538770198822,0.1872348040342331,0.15080462396144867,0.15557096898555756,0.15241725742816925,2.0
1088,0.0,0.0,0.0,0.0,0.0,0.0,0.1760481745004654,0.1779298186302185,0.18725332617759705,0.15075276792049408,0.15557824075222015,0.1524377018213272,2.0
1089,1.0,1.0,0.0,0.0,1.0,0.0,0.20195060968399048,0.168140709400177,0.159225732088089,0.15789851546287537,0.15845376253128052,0.15433067083358765,1.0
1090,1.0,1.0,0.0,1.0,1.0,0.0,0.1839541345834732,0.16221722960472107,0.1816636323928833,0.15786145627498627,0.15448801219463348,0.1598154902458191,0.0
1091,1.0,1.0,1.0,1.0,1.0,0.0,0.2019301950931549,0.16816037893295288,0.1592220962047577,0.15789632499217987,0.15846224129199982,0.1543288230895996,1.0
1092,0.0,1.0,1.0,1.0,0.0,1.0,0.1763509213924408,0.17814938724040985,0.187141552567482,0.1507742702960968,0.15535148978233337,0.15223245322704315,3.0
1093,0.0,0.0,1.0,1.0,0.0,1.0,0.17603421211242676,0.17796652019023895,0.18724574148654938,0.15077772736549377,0.15555594861507416,0.1524198055267334,2.0
1094,1.0,1.0,0.0,0.0,0.0,0.0,0.17606332898139954,0.1779186725616455,0.1872573345899582,0.15075747668743134,0.15557003021240234,0.15243321657180786,2.0
1095,1.0,1.0,1.0,1.0,1.0,0.0,0.17610584199428558,0.1779361516237259,0.18700581789016724,0.15079599618911743,0.15586547553539276,0.15229079127311707,4.0
1096,0.0,1.0,1.0,1.0,0.0,0.0,0.17607828974723816,0.17789846658706665,0.18727435171604156,0.15074791014194489,0.15557731688022614,0.15242362022399902,2.0
1097,1.0,1.0,1.0,0.0,0.0,0.0,0.17637254297733307,0.17812955379486084,0.1871625781059265,0.15075655281543732,0.1553531438112259,0.1522255539894104,3.0
1098,1.0,1.0,0.0,0.0,0.0,0.0,0.17636747658252716,0.17812766134738922,0.18715399503707886,0.15076026320457458,0.1553550511598587,0.15223553776741028,3.0
1099,1.0,1.0,1.0,1.0,1.0,0.0,0.17634664475917816,0.17819607257843018,0.18708078563213348,0.15080752968788147,0.15534617006778717,0.15222281217575073,3.0
1100,1.0,1.0,1.0,1.0,1.0,1.0,0.1760382056236267,0.1780007779598236,0.18718934059143066,0.1508026272058487,0.15554751455783844,0.15242156386375427,2.0
1101,1.0,1.0,1.0,1.0,1.0,1.0,0.20193783938884735,0.16818325221538544,0.1592034548521042,0.15791767835617065,0.15840689837932587,0.1543508619070053,1.0
1102,1.0,1.0,1.0,1.0,1.0,0.0,0.17605498433113098,0.17797252535820007,0.1872052103281021,0.15078532695770264,0.15555426478385925,0.15242768824100494,2.0
1103,0.0,0.0,1.0,0.0,0.0,1.0,0.18396076560020447,0.16223102807998657,0.1816588193178177,0.1578618437051773,0.15448898077011108,0.15979856252670288,0.0
1104,1.0,1.0,1.0,0.0,1.0,0.0,0.1760832816362381,0.17797261476516724,0.18697412312030792,0.1508287489414215,0.15585379302501678,0.15228742361068726,4.0
1105,0.0,0.0,0.0,1.0,0.0,0.0,0.20196452736854553,0.16814738512039185,0.1592126041650772,0.1579120010137558,0.158428356051445,0.15433509647846222,1.0
1106,0.0,0.0,0.0,0.0,0.0,0.0,0.1763673722743988,0.1781236231327057,0.18716581165790558,0.15076614916324615,0.15534940361976624,0.15222761034965515,3.0
1107,1.0,1.0,0.0,0.0,1.0,0.0,0.20194528996944427,0.1681734025478363,0.15919865667819977,0.1579243242740631,0.15841086208820343,0.1543474644422531,1.0
1108,0.0,0.0,0.0,0.0,0.0,0.0,0.20195922255516052,0.16811791062355042,0.15922270715236664,0.1578935980796814,0.15848645567893982,0.15432016551494598,1.0
1109,1.0,1.0,1.0,1.0,1.0,1.0,0.17607739567756653,0.17801885306835175,0.18692341446876526,0.15085768699645996,0.15583975613117218,0.15228290855884552,4.0
1110,1.0,1.0,1.0,1.0,0.0,1.0,0.1760336458683014,0.17795471847057343,0.18722663819789886,0.15079134702682495,0.15556453168392181,0.15242916345596313,2.0
1111,1.0,1.0,1.0,1.0,1.0,1.0,0.1760307252407074,0.17796561121940613,0.1872226446866989,0.15079903602600098,0.15554966032505035,0.15243229269981384,2.0
1112,1.0,0.0,0.0,0.0,0.0,0.0,0.18396331369876862,0.1622294783592224,0.18166594207286835,0.15785734355449677,0.15448284149169922,0.15980111062526703,0.0
1113,1.0,1.0,1.0,1.0,1.0,0.0,0.17603369057178497,0.17793169617652893,0.1872701793909073,0.15075160562992096,0.15557663142681122,0.15243616700172424,2.0
1114,1.0,1.0,1.0,1.0,1.0,1.0,0.17604301869869232,0.1779564768075943,0.18722927570343018,0.1507815718650818,0.15556730329990387,0.15242239832878113,2.0
1115,0.0,0.0,1.0,0.0,0.0,0.0,0.17636986076831818,0.1781347095966339,0.1871514618396759,0.1507728397846222,0.15534839034080505,0.15222282707691193,3.0
1116,1.0,1.0,0.0,0.0,1.0,0.0,0.20195865631103516,0.1681290864944458,0.1592211276292801,0.15789343416690826,0.15847726166248322,0.15432046353816986,1.0
1117,1.0,1.0,0.0,0.0,1.0,0.0,0.17604130506515503,0.17793884873390198,0.18726582825183868,0.1507490575313568,0.15557001531124115,0.15243497490882874,2.0
1118,0.0,0.0,0.0,0.0,0.0,0.0,0.2019553780555725,0.16812218725681305,0.15921485424041748,0.15789709985256195,0.15848581492900848,0.15432465076446533,1.0
1119,1.0,1.0,0.0,0.0,0.0,0.0,0.17635123431682587,0.1781480759382248,0.18713757395744324,0.15078598260879517,0.15535148978233337,0.15222562849521637,3.0
1120,0.0,0.0,0.0,0.0,0.0,0.0,0.1760530024766922,0.17793616652488708,0.18724997341632843,0.1507621705532074,0.15555855631828308,0.15244019031524658,2.0
1121,0.0,0.0,0.0,0.0,0.0,0.0,0.1839677393436432,0.16223978996276855,0.1816510707139969,0.15786880254745483,0.1544836163520813,0.15978896617889404,0.0
1122,0.0,0.0,0.0,0.0,0.0,0.0,0.1761130839586258,0.17793524265289307,0.18700292706489563,0.15081025660037994,0.15586735308170319,0.15227116644382477,4.0
1123,0.0,0.0,0.0,0.0,0.0,0.0,0.1760910153388977,0.17798066139221191,0.18696759641170502,0.15083667635917664,0.1558408886194229,0.1522832065820694,4.0
1124,1.0,1.0,1.0,1.0,1.0,1.0,0.18395139276981354,0.16222642362117767,0.1816500723361969,0.15786276757717133,0.15450327098369598,0.15980608761310577,0.0
1125,0.0,0.0,1.0,0.0,0.0,0.0,0.2019767314195633,0.16813284158706665,0.1592191606760025,0.1578969955444336,0.15844224393367767,0.15433208644390106,1.0
1126,0.0,1.0,1.0,1.0,1.0,1.0,0.17608477175235748,0.177988201379776,0.18695613741874695,0.15084639191627502,0.1558404266834259,0.15228413045406342,4.0
1127,1.0,1.0,0.0,1.0,1.0,0.0,0.1763780415058136,0.17812685668468475,0.18715524673461914,0.15076062083244324,0.15535825490951538,0.15222102403640747,3.0
1128,1.0,1.0,1.0,0.0,1.0,0.0,0.1763649880886078,0.17812113463878632,0.1871616244316101,0.15075592696666718,0.15536436438560486,0.15223194658756256,3.0
1129,1.0,1.0,0.0,1.0,1.0,0.0,0.17608417570590973,0.1779831051826477,0.18694907426834106,0.15084633231163025,0.15584951639175415,0.1522877961397171,4.0
1130,1.0,1.0,1.0,1.0,1.0,1.0,0.1760759800672531,0.17802511155605316,0.18691179156303406,0.15086747705936432,0.15583918988704681,0.15228044986724854,4.0
1131,0.0,1.0,0.0,1.0,1.0,0.0,0.18396113812923431,0.16222770512104034,0.18165934085845947,0.15785929560661316,0.15449494123458862,0.15979762375354767,0.0
1132,1.0,1.0,1.0,1.0,1.0,0.0,0.1839381903409958,0.16226166486740112,0.181642547249794,0.15787267684936523,0.15451012551784515,0.1597748100757599,0.0
1133,0.0,0.0,0.0,0.0,0.0,0.0,0.17604483664035797,0.17793942987918854,0.18726523220539093,0.15075764060020447,0.15555614233016968,0.15243667364120483,2.0
1134,1.0,1.0,1.0,0.0,0.0,0.0,0.1839466094970703,0.16222484409809113,0.1816648691892624,0.15786200761795044,0.15449948608875275,0.15980218350887299,0.0
1135,0.0,0.0,0.0,0.0,0.0,0.0,0.17611096799373627,0.177933469414711,0.18699195981025696,0.1508122980594635,0.15586480498313904,0.15228651463985443,4.0
1136,1.0,1.0,0.0,0.0,1.0,0.0,0.1760970652103424,0.17794491350650787,0.18698672950267792,0.15081660449504852,0.15587057173252106,0.152284175157547,4.0
1137,0.0,0.0,0.0,0.0,0.0,0.0,0.17638033628463745,0.17812801897525787,0.18716663122177124,0.15075118839740753,0.15535879135131836,0.15221503376960754,3.0
1138,1.0,1.0,1.0,1.0,1.0,1.0,0.18395103514194489,0.1622040569782257,0.1816699057817459,0.1578671783208847,0.1544884890317917,0.1598193198442459,0.0
1139,1.0,1.0,1.0,1.0,1.0,1.0,0.1763649582862854,0.17812688648700714,0.18715591728687286,0.15076671540737152,0.1553541123867035,0.15223142504692078,3.0
1140,1.0,0.0,0.0,0.0,0.0,0.0,0.17604687809944153,0.17791448533535004,0.18727365136146545,0.15075144171714783,0.155570387840271,0.15244321525096893,2.0
1141,0.0,0.0,0.0,0.0,0.0,0.0,0.17637094855308533,0.17812450230121613,0.18716754019260406,0.1507561206817627,0.15535899996757507,0.1522219181060791,3.0
1142,1.0,1.0,1.0,0.0,1.0,0.0,0.17603358626365662,0.1779434233903885,0.18724913895130157,0.150773823261261,0.15556953847408295,0.1524304747581482,2.0
1143,0.0,0.0,0.0,0.0,0.0,0.0,0.1761096566915512,0.17796264588832855,0.18697594106197357,0.150822713971138,0.1558578759431839,0.1522710919380188,4.0
1144,1.0,1.0,1.0,1.0,1.0,0.0,0.20191457867622375,0.1681888848543167,0.1592017561197281,0.15793582797050476,0.15839631855487823,0.15436266362667084,1.0
1145,1.0,1.0,1.0,1.0,1.0,1.0,0.1760391741991043,0.17796459794044495,0.18721573054790497,0.1508050113916397,0.15555043518543243,0.15242508053779602,2.0
1146,1.0,1.0,0.0,0.0,0.0,0.0,0.1760726124048233,0.17790170013904572,0.18728266656398773,0.1507272869348526,0.15558326244354248,0.15243253111839294,2.0
1147,1.0,0.0,0.0,0.0,0.0,0.0,0.1760823130607605,0.17796751856803894,0.1869848519563675,0.15081648528575897,0.1558564305305481,0.1522924154996872,4.0
1148,1.0,1.0,1.0,1.0,1.0,0.0,0.17635305225849152,0.17818577587604523,0.1870964914560318,0.15080252289772034,0.15533745288848877,0.15222470462322235,3.0
1149,1.0,1.0,0.0,1.0,1.0,0.0,0.1763533502817154,0.17815694212913513,0.1871253252029419,0.1507873833179474,0.15534478425979614,0.15223227441310883,3.0
1150,1.0,0.0,0.0,0.0,0.0,0.0,0.17638109624385834,0.17809154093265533,0.18718238174915314,0.15073804557323456,0.15536735951900482,0.1522396355867386,3.0
1151,1.0,1.0,1.0,1.0,1.0,0.0,0.176040917634964,0.17798031866550446,0.18720728158950806,0.15079155564308167,0.15555235743522644,0.15242762863636017,2.0
1152,0.0,0.0,0.0,0.0,0.0,0.0,0.17610642313957214,0.1779569834470749,0.1869792640209198,0.1508178561925888,0.1558626890182495,0.15227672457695007,4.0
1153,1.0,1.0,1.0,1.0,1.0,1.0,0.17606326937675476,0.17800372838974,0.1869397610425949,0.1508706957101822,0.15584398806095123,0.1522785872220993,4.0
1154,0.0,0.0,0.0,0.0,0.0,0.0,0.17611253261566162,0.17795659601688385,0.18698707222938538,0.15081141889095306,0.1558583378791809,0.15227404236793518,4.0
1155,1.0,1.0,1.0,1.0,1.0,1.0,0.18393832445144653,0.16226819157600403,0.181627556681633,0.157868430018425,0.15450771152973175,0.1597898155450821,0.0
1156,1.0,1.0,1.0,1.0,1.0,1.0,0.20194585621356964,0.1681719869375229,0.1592014580965042,0.15791523456573486,0.15841099619865417,0.15435443818569183,1.0
1157,1.0,1.0,1.0,1.0,1.0,1.0,0.20193438231945038,0.16816098988056183,0.1592206507921219,0.15790575742721558,0.15844200551509857,0.15433625876903534,1.0
1158,0.0,0.0,0.0,0.0,0.0,0.0,0.17610019445419312,0.17795637249946594,0.18698975443840027,0.1508195400238037,0.1558568775653839,0.15227727591991425,4.0
1159,1.0,1.0,1.0,1.0,1.0,0.0,0.17602595686912537,0.17798490822315216,0.18721042573451996,0.15080611407756805,0.1555517017841339,0.15242089331150055,2.0
1160,0.0,1.0,0.0,0.0,1.0,0.0,0.1760289967060089,0.17799021303653717,0.18720442056655884,0.15080660581588745,0.15554852783679962,0.1524212658405304,2.0
1161,0.0,0.0,0.0,0.0,0.0,0.0,0.20196408033370972,0.1681225448846817,0.15921902656555176,0.15789367258548737,0.158478245139122,0.15432249009609222,1.0
1162,0.0,0.0,1.0,0.0,0.0,0.0,0.17606835067272186,0.17800940573215485,0.18693819642066956,0.15086133778095245,0.155838280916214,0.1522844433784485,4.0
1163,0.0,1.0,1.0,1.0,0.0,1.0,0.17636443674564362,0.17814403772354126,0.18712708353996277,0.1507750004529953,0.15536198019981384,0.1522274911403656,3.0
1164,1.0,1.0,1.0,1.0,0.0,0.0,0.18394258618354797,0.16223344206809998,0.18164865672588348,0.15787047147750854,0.15450698137283325,0.15979784727096558,0.0
1165,0.0,0.0,0.0,0.0,0.0,0.0,0.2019740492105484,0.1681392639875412,0.15920314192771912,0.15790364146232605,0.1584453135728836,0.15433461964130402,1.0
1166,0.0,0.0,0.0,0.0,0.0,0.0,0.17637747526168823,0.17811784148216248,0.1871667206287384,0.15076127648353577,0.15535816550254822,0.15221861004829407,3.0
1167,0.0,0.0,0.0,0.0,0.0,0.0,0.17635437846183777,0.17814341187477112,0.1871379166841507,0.15078280866146088,0.15535207092761993,0.15222948789596558,3.0
1168,0.0,0.0,0.0,0.0,0.0,0.0,0.20193485915660858,0.1681676059961319,0.15920713543891907,0.1579125076532364,0.1584283709526062,0.15434949100017548,1.0
1169,0.0,0.0,0.0,0.0,0.0,0.0,0.18394294381141663,0.16225263476371765,0.18165338039398193,0.15787243843078613,0.1544901728630066,0.15978841483592987,0.0
1170,0.0,0.0,0.0,0.0,0.0,0.0,0.1763666272163391,0.17814874649047852,0.1871299296617508,0.15077072381973267,0.15534795820713043,0.15223601460456848,3.0
1171,1.0,1.0,1.0,1.0,1.0,1.0,0.1760808825492859,0.17798461019992828,0.18694967031478882,0.1508510857820511,0.1558569222688675,0.152276873588562,4.0
1172,1.0,1.0,1.0,1.0,1.0,1.0,0.1760360449552536,0.17797723412513733,0.187209352850914,0.15080074965953827,0.15554381906986237,0.15243278443813324,2.0
1173,0.0,0.0,0.0,0.0,0.0,0.0,0.20196862518787384,0.1681256890296936,0.1592140644788742,0.1579001247882843,0.1584557592868805,0.15433579683303833,1.0
1174,1.0,1.0,0.0,0.0,0.0,0.0,0.17604362964630127,0.1779336929321289,0.18726463615894318,0.15076686441898346,0.1555609107017517,0.15243031084537506,2.0
1175,1.0,1.0,1.0,0.0,1.0,0.0,0.20196110010147095,0.16814087331295013,0.15921874344348907,0.15790009498596191,0.15844987332820892,0.15432937443256378,1.0
1176,1.0,1.0,1.0,1.0,1.0,1.0,0.17603343725204468,0.17793633043766022,0.18726371228694916,0.15076656639575958,0.1555633693933487,0.15243658423423767,2.0
1177,0.0,1.0,1.0,1.0,1.0,1.0,0.17604172229766846,0.17794914543628693,0.1872330904006958,0.15077850222587585,0.15556453168392181,0.15243300795555115,2.0
1178,1.0,1.0,1.0,1.0,1.0,1.0,0.18393486738204956,0.16223813593387604,0.18165241181850433,0.1578681766986847,0.15450254082679749,0.1598038524389267,0.0
1179,1.0,1.0,1.0,1.0,1.0,0.0,0.2019248753786087,0.1681978702545166,0.15918567776679993,0.15794245898723602,0.15839524567127228,0.15435385704040527,1.0
1180,1.0,1.0,1.0,1.0,1.0,1.0,0.17607861757278442,0.17797261476516724,0.18697290122509003,0.15084606409072876,0.15585193037986755,0.15227782726287842,4.0
1181,1.0,1.0,1.0,1.0,1.0,0.0,0.18395264446735382,0.16228017210960388,0.18161939084529877,0.1578625738620758,0.15450263023376465,0.15978261828422546,0.0
1182,1.0,1.0,1.0,1.0,0.0,1.0,0.18393829464912415,0.16221824288368225,0.18166731297969818,0.15786580741405487,0.1544918715953827,0.15981842577457428,0.0
1183,1.0,1.0,1.0,1.0,0.0,1.0,0.17607520520687103,0.17806605994701385,0.18688389658927917,0.15088526904582977,0.15582366287708282,0.15226592123508453,4.0
1184,1.0,1.0,1.0,1.0,1.0,0.0,0.17608144879341125,0.1779763400554657,0.18695580959320068,0.15084131062030792,0.15585359930992126,0.15229155123233795,4.0
1185,1.0,1.0,0.0,1.0,1.0,0.0,0.17603309452533722,0.17797718942165375,0.1872176229953766,0.150799959897995,0.15554958581924438,0.15242256224155426,2.0
1186,0.0,0.0,0.0,0.0,1.0,0.0,0.1760769635438919,0.17798815667629242,0.18695349991321564,0.15085230767726898,0.15585385262966156,0.1522751897573471,4.0
1187,1.0,1.0,1.0,1.0,1.0,0.0,0.18393206596374512,0.16227304935455322,0.1816217601299286,0.1578638255596161,0.15451903641223907,0.15979021787643433,0.0
1188,0.0,0.0,0.0,0.0,0.0,0.0,0.1839527040719986,0.16222335398197174,0.18166103959083557,0.1578586846590042,0.15448357164859772,0.15982061624526978,0.0
1189,1.0,1.0,1.0,1.0,1.0,1.0,0.18394392728805542,0.16225117444992065,0.18165767192840576,0.15786391496658325,0.15448985993862152,0.159793421626091,0.0
1190,0.0,0.0,0.0,0.0,0.0,0.0,0.18396152555942535,0.16221003234386444,0.1816660612821579,0.15785187482833862,0.1544887125492096,0.1598217636346817,0.0
1191,1.0,1.0,1.0,1.0,1.0,0.0,0.1839691698551178,0.16220422089099884,0.18165849149227142,0.15786191821098328,0.15449218451976776,0.1598140001296997,0.0
1192,0.0,0.0,0.0,0.0,0.0,0.0,0.20198513567447662,0.1681397408246994,0.15920430421829224,0.1579110324382782,0.1584339588880539,0.1543259173631668,1.0
1193,0.0,0.0,0.0,0.0,0.0,0.0,0.17604754865169525,0.17791345715522766,0.1872759312391281,0.15074816346168518,0.15557469427585602,0.15244020521640778,2.0
1194,1.0,1.0,0.0,1.0,0.0,1.0,0.17609535157680511,0.1779462695121765,0.18699000775814056,0.15081772208213806,0.15587183833122253,0.1522788107395172,4.0
1195,1.0,1.0,1.0,1.0,1.0,1.0,0.1763618290424347,0.17816422879695892,0.18713711202144623,0.1507711112499237,0.15534216165542603,0.1522235870361328,3.0
1196,0.0,0.0,0.0,0.0,0.0,0.0,0.20196464657783508,0.1681448221206665,0.1592070460319519,0.15791553258895874,0.1584223210811615,0.15434564650058746,1.0
1197,1.0,1.0,0.0,0.0,1.0,0.0,0.2019476592540741,0.1681745946407318,0.159196674823761,0.1579284816980362,0.15839886665344238,0.15435370802879333,1.0
1198,0.0,1.0,1.0,1.0,0.0,1.0,0.17603760957717896,0.17794136703014374,0.1872584968805313,0.15078189969062805,0.1555633693933487,0.15241724252700806,2.0
1199,0.0,0.0,0.0,0.0,0.0,0.0,0.1763751208782196,0.1781301498413086,0.18715442717075348,0.15076453983783722,0.15535065531730652,0.15222512185573578,3.0
1200,1.0,1.0,1.0,1.0,1.0,0.0,0.1839522272348404,0.16222849488258362,0.18165843188762665,0.15786083042621613,0.15449930727481842,0.15980079770088196,0.0
1201,1.0,1.0,0.0,0.0,0.0,0.0,0.18395407497882843,0.1622249335050583,0.18166789412498474,0.1578531414270401,0.15449942648410797,0.15980054438114166,0.0
1202,1.0,1.0,1.0,1.0,1.0,1.0,0.2019599825143814,0.16812771558761597,0.1592189073562622,0.15790612995624542,0.15844854712486267,0.15433867275714874,1.0
1203,0.0,0.0,0.0,0.0,0.0,0.0,0.20196551084518433,0.16812089085578918,0.1592230349779129,0.15789112448692322,0.15847596526145935,0.15432342886924744,1.0
1204,0.0,1.0,0.0,0.0,0.0,0.0,0.18394574522972107,0.1622513085603714,0.18164464831352234,0.15786735713481903,0.15449610352516174,0.15979482233524323,0.0
1205,1.0,1.0,1.0,1.0,1.0,0.0,0.17635908722877502,0.17813147604465485,0.18714556097984314,0.150773286819458,0.15536443889141083,0.15222619473934174,3.0
1206,1.0,1.0,0.0,0.0,1.0,0.0,0.20194539427757263,0.1681412160396576,0.1592194139957428,0.15790173411369324,0.15845830738544464,0.1543339043855667,1.0
1207,1.0,1.0,0.0,0.0,1.0,0.0,0.17608067393302917,0.17798756062984467,0.1869644969701767,0.15084363520145416,0.15584523975849152,0.15227840840816498,4.0
1208,0.0,1.0,1.0,1.0,1.0,1.0,0.18395379185676575,0.16227616369724274,0.1816316843032837,0.15787072479724884,0.15450620651245117,0.159761443734169,0.0
1209,0.0,0.0,0.0,0.0,0.0,0.0,0.20194771885871887,0.16815051436424255,0.15921097993850708,0.1579139679670334,0.15844367444515228,0.15433314442634583,1.0
1210,1.0,1.0,1.0,1.0,1.0,0.0,0.18393978476524353,0.16229639947414398,0.18161503970623016,0.157880499958992,0.15450601279735565,0.15976232290267944,0.0
1211,1.0,1.0,0.0,0.0,0.0,0.0,0.1760389655828476,0.17793790996074677,0.18726269900798798,0.15076029300689697,0.1555653214454651,0.1524348258972168,2.0
1212,0.0,0.0,0.0,0.0,0.0,0.0,0.17638275027275085,0.17812243103981018,0.18717090785503387,0.15075738728046417,0.15535105764865875,0.15221551060676575,3.0
1213,1.0,1.0,0.0,1.0,1.0,0.0,0.17634817957878113,0.17815908789634705,0.18712715804576874,0.15078087151050568,0.15535490214824677,0.15222977101802826,3.0
1214,0.0,0.0,0.0,0.0,0.0,0.0,0.2019655853509903,0.16812783479690552,0.15921451151371002,0.15789367258548737,0.15846692025661469,0.1543314903974533,1.0
1215,0.0,0.0,0.0,0.0,0.0,0.0,0.17611053586006165,0.1779603809118271,0.18698059022426605,0.15081335604190826,0.15586134791374207,0.15227381885051727,4.0
1216,1.0,1.0,0.0,1.0,1.0,0.0,0.17603008449077606,0.17794378101825714,0.18724821507930756,0.15077918767929077,0.1555660218000412,0.15243270993232727,2.0
1217,1.0,1.0,1.0,0.0,1.0,0.0,0.1760411560535431,0.17792855203151703,0.1872653067111969,0.15074525773525238,0.15557773411273956,0.15244194865226746,2.0
1218,0.0,0.0,0.0,0.0,0.0,0.0,0.17610414326190948,0.17797626554965973,0.18698081374168396,0.15081582963466644,0.1558459997177124,0.15227697789669037,4.0
1219,0.0,0.0,0.0,0.0,0.0,0.0,0.17635780572891235,0.17814788222312927,0.18714235723018646,0.15078221261501312,0.15534378588199615,0.15222597122192383,3.0
1220,1.0,1.0,1.0,1.0,1.0,0.0,0.1760493665933609,0.1779615581035614,0.1872182935476303,0.1507808268070221,0.1555604785680771,0.15242953598499298,2.0
1221,0.0,1.0,1.0,1.0,1.0,0.0,0.20195385813713074,0.16813991963863373,0.15921670198440552,0.15790273249149323,0.15844477713108063,0.15434207022190094,1.0
1222,1.0,1.0,0.0,1.0,1.0,0.0,0.2019129991531372,0.16819339990615845,0.1592097133398056,0.15792250633239746,0.15841317176818848,0.154348224401474,1.0
1223,1.0,1.0,0.0,0.0,1.0,0.0,0.20197255909442902,0.16813233494758606,0.15921233594417572,0.15790347754955292,0.1584489643573761,0.1543302983045578,1.0
1224,1.0,1.0,0.0,1.0,1.0,0.0,0.17608556151390076,0.17798291146755219,0.18695536255836487,0.15083643794059753,0.15585316717624664,0.152286559343338,4.0
1225,1.0,1.0,0.0,0.0,0.0,0.0,0.1760319471359253,0.17793147265911102,0.18726366758346558,0.1507679671049118,0.1555783748626709,0.1524265557527542,2.0
1226,0.0,1.0,1.0,1.0,1.0,1.0,0.17635245621204376,0.1781405508518219,0.18714433908462524,0.15077956020832062,0.1553594321012497,0.1522236317396164,3.0
1227,0.0,0.0,0.0,0.0,1.0,0.0,0.17605546116828918,0.1779022216796875,0.18727371096611023,0.15075062215328217,0.15557751059532166,0.15244045853614807,2.0
1228,1.0,1.0,1.0,1.0,1.0,1.0,0.20190846920013428,0.16821162402629852,0.1591944545507431,0.15792562067508698,0.1584063321352005,0.15435349941253662,1.0
1229,1.0,1.0,1.0,1.0,1.0,0.0,0.17603100836277008,0.17799709737300873,0.1871914267539978,0.1508083939552307,0.1555531919002533,0.15241894125938416,2.0
1230,0.0,0.0,0.0,0.0,0.0,0.0,0.18396247923374176,0.16222408413887024,0.18165594339370728,0.15785206854343414,0.15449248254299164,0.15981292724609375,0.0
1231,1.0,1.0,0.0,0.0,1.0,0.0,0.2019103765487671,0.1681666374206543,0.15922106802463531,0.157912939786911,0.15845245122909546,0.15433649718761444,1.0
1232,1.0,1.0,1.0,1.0,1.0,0.0,0.1760275810956955,0.17795926332473755,0.18722465634346008,0.1507895439863205,0.15556102991104126,0.1524379700422287,2.0
1233,1.0,1.0,1.0,1.0,1.0,1.0,0.17635242640972137,0.17816376686096191,0.18711164593696594,0.15078270435333252,0.15536613762378693,0.15222333371639252,3.0
1234,1.0,1.0,1.0,1.0,1.0,0.0,0.17604058980941772,0.1779506504535675,0.18722301721572876,0.15079501271247864,0.15556123852729797,0.15242953598499298,2.0
1235,1.0,1.0,1.0,1.0,1.0,1.0,0.20192915201187134,0.16816186904907227,0.1592143028974533,0.1579102873802185,0.15844111144542694,0.15434329211711884,1.0
1236,1.0,1.0,1.0,1.0,1.0,1.0,0.20196634531021118,0.1681538224220276,0.15921379625797272,0.15790261328220367,0.1584303081035614,0.15433312952518463,1.0
1237,1.0,1.0,1.0,1.0,1.0,1.0,0.2019486129283905,0.1681656539440155,0.15920646488666534,0.15793998539447784,0.15838287770748138,0.1543564796447754,1.0
1238,1.0,1.0,1.0,1.0,1.0,0.0,0.17607873678207397,0.17798767983913422,0.1869560182094574,0.15085041522979736,0.1558442860841751,0.1522829234600067,4.0
1239,0.0,0.0,0.0,0.0,0.0,0.0,0.20196543633937836,0.16813665628433228,0.1592123955488205,0.15790745615959167,0.15844270586967468,0.15433530509471893,1.0
1240,1.0,1.0,0.0,0.0,0.0,0.0,0.18395718932151794,0.16220690310001373,0.1816786229610443,0.15784217417240143,0.15449008345603943,0.15982501208782196,0.0
1241,1.0,1.0,0.0,0.0,1.0,0.0,0.17609165608882904,0.1779632419347763,0.1869843304157257,0.15082119405269623,0.15584531426429749,0.15229426324367523,4.0
1242,0.0,0.0,0.0,0.0,0.0,0.0,0.176044762134552,0.17791731655597687,0.18726478517055511,0.1507502794265747,0.15557774901390076,0.15244510769844055,2.0
1243,1.0,1.0,1.0,1.0,1.0,1.0,0.17635242640972137,0.17816397547721863,0.18711575865745544,0.15079863369464874,0.15534202754497528,0.1522272229194641,3.0
1244,1.0,1.0,1.0,1.0,1.0,1.0,0.17634113132953644,0.17816783487796783,0.1871323436498642,0.15079088509082794,0.15534235537052155,0.15222546458244324,3.0
1245,0.0,1.0,1.0,1.0,1.0,1.0,0.17635266482830048,0.17817828059196472,0.1871054619550705,0.15079964697360992,0.15533888339996338,0.15222510695457458,3.0
1246,1.0,1.0,0.0,0.0,1.0,0.0,0.18393224477767944,0.16223394870758057,0.18166914582252502,0.15786650776863098,0.15449778735637665,0.15980036556720734,0.0
1247,1.0,1.0,0.0,0.0,0.0,0.0,0.18396347761154175,0.16222085058689117,0.18166160583496094,0.15786349773406982,0.1544896513223648,0.1598009169101715,0.0
1248,0.0,0.0,0.0,1.0,0.0,1.0,0.17606741189956665,0.1779756247997284,0.18698252737522125,0.1508392095565796,0.15585201978683472,0.15228329598903656,4.0
1249,1.0,1.0,1.0,1.0,1.0,1.0,0.17602960765361786,0.17798393964767456,0.18720249831676483,0.15080209076404572,0.15556299686431885,0.15241888165473938,2.0
1250,1.0,1.0,0.0,0.0,0.0,0.0,0.17610865831375122,0.17793764173984528,0.18699663877487183,0.15081287920475006,0.1558668315410614,0.15227735042572021,4.0
1251,1.0,1.0,0.0,0.0,1.0,0.0,0.1763661801815033,0.17813099920749664,0.18714846670627594,0.15077097713947296,0.15535570681095123,0.1522277146577835,3.0
1252,1.0,1.0,1.0,1.0,1.0,0.0,0.1763499230146408,0.17816105484962463,0.18710969388484955,0.15080466866493225,0.15534773468971252,0.1522269994020462,3.0
1253,0.0,1.0,1.0,1.0,1.0,0.0,0.17605049908161163,0.1779482513666153,0.18723848462104797,0.15078003704547882,0.15555989742279053,0.15242284536361694,2.0
1254,1.0,1.0,0.0,0.0,0.0,0.0,0.17607277631759644,0.1780087798833847,0.18693110346794128,0.15086592733860016,0.15584805607795715,0.15227341651916504,4.0
1255,1.0,1.0,0.0,0.0,0.0,0.0,0.2019323706626892,0.16816346347332,0.15921925008296967,0.1579125076532364,0.15843036770820618,0.15434208512306213,1.0
1256,1.0,1.0,0.0,0.0,0.0,0.0,0.17607732117176056,0.1779782623052597,0.18697167932987213,0.1508396714925766,0.1558467149734497,0.1522863805294037,4.0
1257,1.0,1.0,1.0,1.0,1.0,0.0,0.17609432339668274,0.17794224619865417,0.18699246644973755,0.1508239358663559,0.15587599575519562,0.15227100253105164,4.0
1258,0.0,0.0,0.0,0.0,0.0,0.0,0.1839618682861328,0.1622496396303177,0.18165548145771027,0.15786166489124298,0.15449045598506927,0.15978088974952698,0.0
1259,1.0,1.0,0.0,0.0,1.0,0.0,0.17602811753749847,0.17794570326805115,0.18723662197589874,0.15078137814998627,0.15557686984539032,0.15243132412433624,2.0
1260,0.0,0.0,0.0,0.0,0.0,0.0,0.1760329008102417,0.17793378233909607,0.18727506697177887,0.15076521039009094,0.15557079017162323,0.15242229402065277,2.0
1261,1.0,1.0,1.0,1.0,1.0,0.0,0.1760273277759552,0.17793655395507812,0.18724334239959717,0.15079283714294434,0.1555682122707367,0.1524316966533661,2.0
1262,0.0,0.0,1.0,0.0,0.0,0.0,0.176068514585495,0.17790545523166656,0.1872689425945282,0.15074671804904938,0.155582994222641,0.15242737531661987,2.0
1263,0.0,0.0,1.0,0.0,0.0,0.0,0.2019505351781845,0.1681395322084427,0.1592288613319397,0.1578962206840515,0.1584513783454895,0.15433348715305328,1.0
1264,0.0,1.0,1.0,1.0,0.0,1.0,0.1760650873184204,0.1779874712228775,0.18697743117809296,0.15083852410316467,0.15585358440876007,0.15227791666984558,4.0
1265,1.0,1.0,1.0,1.0,0.0,0.0,0.18393810093402863,0.16222672164440155,0.1816638559103012,0.15786275267601013,0.154499813914299,0.15980875492095947,0.0
1266,0.0,0.0,0.0,0.0,0.0,0.0,0.17610855400562286,0.1779329925775528,0.18700732290744781,0.15080709755420685,0.1558665931224823,0.15227748453617096,4.0
1267,0.0,1.0,1.0,1.0,0.0,1.0,0.17607633769512177,0.17802152037620544,0.1869250237941742,0.1508646160364151,0.15583841502666473,0.15227407217025757,4.0
1268,1.0,1.0,1.0,1.0,1.0,0.0,0.20194636285305023,0.16815441846847534,0.1592160314321518,0.15790517628192902,0.15843769907951355,0.15434035658836365,1.0
1269,0.0,0.0,0.0,0.0,0.0,0.0,0.20195546746253967,0.16812537610530853,0.15922163426876068,0.15789100527763367,0.15847888588905334,0.15432767570018768,1.0
1270,1.0,1.0,1.0,1.0,1.0,0.0,0.17602986097335815,0.1779431402683258,0.18724609911441803,0.1507846564054489,0.15556661784648895,0.15242958068847656,2.0
1271,1.0,1.0,1.0,0.0,0.0,0.0,0.17604203522205353,0.17792561650276184,0.18727359175682068,0.15075185894966125,0.1555730700492859,0.152433842420578,2.0
1272,0.0,0.0,0.0,0.0,0.0,0.0,0.17637011408805847,0.17811651527881622,0.18716591596603394,0.1507648229598999,0.15536370873451233,0.15221893787384033,3.0
1273,1.0,1.0,1.0,0.0,1.0,0.0,0.17603953182697296,0.17797057330608368,0.1872168779373169,0.1507999747991562,0.15554820001125336,0.1524248868227005,2.0
1274,0.0,0.0,0.0,0.0,1.0,0.0,0.20194393396377563,0.16815589368343353,0.15921778976917267,0.15790361166000366,0.15844282507896423,0.15433597564697266,1.0
1275,1.0,1.0,1.0,1.0,1.0,1.0,0.176073357462883,0.17798280715942383,0.18696336448192596,0.15083815157413483,0.15585435926914215,0.15228796005249023,4.0
1276,0.0,0.0,0.0,0.0,0.0,0.0,0.17638076841831207,0.1781333088874817,0.18715721368789673,0.15075667202472687,0.15536049008369446,0.15221154689788818,3.0
1277,1.0,1.0,1.0,0.0,1.0,0.0,0.17634637653827667,0.1781577169895172,0.18713591992855072,0.15078218281269073,0.1553482860326767,0.15222959220409393,3.0
1278,1.0,1.0,1.0,1.0,1.0,1.0,0.17604433000087738,0.17800508439540863,0.1871841996908188,0.15079765021800995,0.15554219484329224,0.15242654085159302,2.0
1279,1.0,1.0,0.0,0.0,1.0,0.0,0.17636451125144958,0.17812232673168182,0.18716038763523102,0.15075966715812683,0.15536189079284668,0.15223118662834167,3.0
1280,1.0,1.0,0.0,0.0,0.0,0.0,0.18395370244979858,0.16220714151859283,0.1816643476486206,0.15786568820476532,0.1544940024614334,0.15981511771678925,0.0
1281,0.0,0.0,0.0,0.0,0.0,0.0,0.17605377733707428,0.17793302237987518,0.18725503981113434,0.15074634552001953,0.15556779503822327,0.1524440348148346,2.0
1282,1.0,1.0,1.0,1.0,1.0,1.0,0.17607297003269196,0.17798255383968353,0.18697692453861237,0.15083464980125427,0.155852809548378,0.1522800326347351,4.0
1283,1.0,1.0,1.0,1.0,1.0,1.0,0.17634697258472443,0.17815443873405457,0.18712106347084045,0.15079034864902496,0.1553540974855423,0.1522330790758133,3.0
1284,0.0,0.0,0.0,0.0,0.0,0.0,0.20196743309497833,0.16812537610530853,0.15921741724014282,0.15789033472537994,0.15847915410995483,0.15432031452655792,1.0
1285,1.0,1.0,1.0,1.0,1.0,1.0,0.18393081426620483,0.16224893927574158,0.18165816366672516,0.1578633338212967,0.1545027792453766,0.15979599952697754,0.0
1286,0.0,0.0,0.0,0.0,0.0,0.0,0.17607061564922333,0.17790821194648743,0.18726374208927155,0.15075264871120453,0.15557894110679626,0.1524258553981781,2.0
1287,0.0,0.0,0.0,0.0,0.0,0.0,0.1760684996843338,0.17790184915065765,0.18727821111679077,0.15073905885219574,0.1555815041065216,0.15243083238601685,2.0
1288,0.0,0.0,0.0,0.0,0.0,0.0,0.18396267294883728,0.16222964227199554,0.18165592849254608,0.15785984694957733,0.1544853001832962,0.15980657935142517,0.0
1289,1.0,1.0,1.0,1.0,1.0,1.0,0.1763564795255661,0.17816223204135895,0.18713049590587616,0.15078598260879517,0.15534073114395142,0.1522241085767746,3.0
1290,1.0,1.0,1.0,1.0,1.0,1.0,0.1839391589164734,0.16224944591522217,0.18164478242397308,0.15787191689014435,0.15449082851409912,0.1598038375377655,0.0
1291,0.0,0.0,0.0,0.0,1.0,0.0,0.17611321806907654,0.1779531091451645,0.18699170649051666,0.1508117914199829,0.15586107969284058,0.15226911008358002,4.0
1292,0.0,0.0,0.0,0.0,0.0,0.0,0.17635610699653625,0.1781459003686905,0.1871546506881714,0.15077166259288788,0.15534378588199615,0.15222784876823425,3.0
1293,1.0,1.0,0.0,0.0,0.0,0.0,0.20194768905639648,0.16814754903316498,0.1592189073562622,0.15790687501430511,0.158440500497818,0.15433843433856964,1.0
1294,1.0,1.0,1.0,1.0,1.0,1.0,0.1760769486427307,0.17799413204193115,0.1869388371706009,0.15086156129837036,0.1558482050895691,0.15228034555912018,4.0
1295,0.0,0.0,0.0,0.0,0.0,0.0,0.1763773411512375,0.1781248301267624,0.18715590238571167,0.15075871348381042,0.1553592085838318,0.15222397446632385,3.0
1296,1.0,1.0,1.0,1.0,1.0,0.0,0.176024928689003,0.17793801426887512,0.18725505471229553,0.15078310668468475,0.15557073056697845,0.15242815017700195,2.0
1297,1.0,1.0,1.0,1.0,1.0,1.0,0.17608146369457245,0.17797918617725372,0.18695303797721863,0.15084604918956757,0.1558508723974228,0.15228939056396484,4.0
1298,1.0,1.0,1.0,0.0,0.0,0.0,0.18394863605499268,0.16225890815258026,0.18165025115013123,0.15785951912403107,0.1545007824897766,0.15978193283081055,0.0
1299,1.0,1.0,1.0,1.0,1.0,0.0,0.17603854835033417,0.17794862389564514,0.18723909556865692,0.15078282356262207,0.15556730329990387,0.15242356061935425,2.0
1300,1.0,1.0,1.0,0.0,0.0,0.0,0.17606818675994873,0.17796440422534943,0.1869954615831375,0.15083226561546326,0.15584991872310638,0.15228977799415588,4.0
1301,0.0,0.0,0.0,0.0,0.0,0.0,0.18396754562854767,0.16221961379051208,0.18166132271289825,0.15785866975784302,0.1544811874628067,0.15981164574623108,0.0
1302,1.0,1.0,0.0,0.0,1.0,0.0,0.18394504487514496,0.1622188836336136,0.18167077004909515,0.15786120295524597,0.15449059009552002,0.1598135232925415,0.0
1303,0.0,0.0,0.0,0.0,0.0,0.0,0.17636623978614807,0.17813797295093536,0.18715780973434448,0.1507664918899536,0.15534892678260803,0.15222254395484924,3.0
1304,0.0,0.0,0.0,0.0,0.0,0.0,0.2019723802804947,0.16811992228031158,0.15923157334327698,0.15788105130195618,0.15847906470298767,0.1543160080909729,1.0
1305,1.0,0.0,0.0,0.0,0.0,0.0,0.20197290182113647,0.16811390221118927,0.1592170149087906,0.15789695084095,0.1584779918193817,0.15432113409042358,1.0
1306,0.0,0.0,0.0,0.0,0.0,0.0,0.1760975867509842,0.17798522114753723,0.18695642054080963,0.1508389413356781,0.155843585729599,0.15227831900119781,4.0
1307,1.0,1.0,1.0,1.0,1.0,1.0,0.2019485980272293,0.16816039383411407,0.15920451283454895,0.15792067348957062,0.15842117369174957,0.15434469282627106,1.0
1308,0.0,0.0,1.0,1.0,0.0,1.0,0.20197442173957825,0.16812601685523987,0.15921108424663544,0.1578906774520874,0.1584746092557907,0.15432320535182953,1.0
1309,1.0,1.0,0.0,1.0,1.0,0.0,0.18394595384597778,0.16223648190498352,0.18165180087089539,0.15786921977996826,0.1545039415359497,0.15979263186454773,0.0
1310,1.0,1.0,0.0,0.0,1.0,0.0,0.18393602967262268,0.1622226983308792,0.18166042864322662,0.15786826610565186,0.15449771285057068,0.15981484949588776,0.0
1311,0.0,0.0,0.0,0.0,0.0,0.0,0.17604993283748627,0.17792554199695587,0.18726271390914917,0.15075629949569702,0.15557405352592468,0.15243148803710938,2.0
1312,1.0,1.0,1.0,1.0,1.0,1.0,0.18392693996429443,0.1622578352689743,0.18164710700511932,0.15787342190742493,0.15451045334339142,0.1597842425107956,0.0
1313,0.0,0.0,0.0,1.0,1.0,0.0,0.18395724892616272,0.16220977902412415,0.1816609650850296,0.1578625589609146,0.15448763966560364,0.15982185304164886,0.0
1314,1.0,1.0,1.0,1.0,1.0,0.0,0.17634135484695435,0.17820559442043304,0.1870674341917038,0.15081168711185455,0.1553432196378708,0.15223073959350586,3.0
1315,1.0,1.0,1.0,1.0,1.0,0.0,0.20193062722682953,0.16819100081920624,0.15919438004493713,0.15792684257030487,0.1584089696407318,0.15434813499450684,1.0
1316,1.0,1.0,0.0,0.0,1.0,0.0,0.17637355625629425,0.17813687026500702,0.1871500313282013,0.15074968338012695,0.15536294877529144,0.15222692489624023,3.0
1317,0.0,0.0,0.0,0.0,0.0,0.0,0.1760774403810501,0.17790047824382782,0.18726782500743866,0.1507440060377121,0.15558190643787384,0.15242838859558105,2.0
1318,0.0,0.0,0.0,0.0,0.0,0.0,0.20197275280952454,0.16811901330947876,0.15922297537326813,0.15789338946342468,0.15847671031951904,0.15431514382362366,1.0
1319,0.0,0.0,0.0,0.0,0.0,0.0,0.2019609808921814,0.16812443733215332,0.1592225581407547,0.15788376331329346,0.1584869921207428,0.15432119369506836,1.0
1320,0.0,0.0,0.0,0.0,0.0,0.0,0.17636112868785858,0.1781589537858963,0.18712371587753296,0.1507817655801773,0.15534700453281403,0.1522274911403656,3.0
1321,0.0,0.0,0.0,0.0,0.0,0.0,0.17609953880310059,0.17795249819755554,0.18698769807815552,0.15081416070461273,0.15586614608764648,0.15227994322776794,4.0
1322,1.0,1.0,1.0,1.0,1.0,1.0,0.17633821070194244,0.17814837396144867,0.18713027238845825,0.15080475807189941,0.15534932911396027,0.15222905576229095,3.0
1323,1.0,1.0,1.0,1.0,1.0,0.0,0.17604105174541473,0.17793548107147217,0.18724696338176727,0.1507798582315445,0.1555667370557785,0.15242992341518402,2.0
1324,1.0,1.0,1.0,1.0,1.0,1.0,0.17602765560150146,0.17794810235500336,0.18724091351032257,0.15078790485858917,0.1555659919977188,0.152429461479187,2.0
1325,1.0,1.0,1.0,1.0,1.0,0.0,0.2019338309764862,0.1681615561246872,0.1592133790254593,0.15790177881717682,0.1584477722644806,0.15434172749519348,1.0
1326,1.0,1.0,1.0,1.0,1.0,0.0,0.20193980634212494,0.16815687716007233,0.1592283695936203,0.15790137648582458,0.15843069553375244,0.1543428599834442,1.0
1327,1.0,1.0,1.0,1.0,1.0,0.0,0.17606791853904724,0.17798927426338196,0.1869497448205948,0.15086869895458221,0.1558472365140915,0.15227720141410828,4.0
1328,1.0,1.0,1.0,1.0,1.0,1.0,0.17603041231632233,0.17794136703014374,0.18726319074630737,0.15077237784862518,0.15557081997394562,0.15242181718349457,2.0
1329,1.0,1.0,0.0,0.0,1.0,0.0,0.17605355381965637,0.1779380440711975,0.18725721538066864,0.15076233446598053,0.1555616557598114,0.15242719650268555,2.0
1330,0.0,0.0,0.0,0.0,0.0,0.0,0.20195479691028595,0.1681283861398697,0.1592210829257965,0.15789148211479187,0.1584862470626831,0.15431801974773407,1.0
1331,0.0,0.0,0.0,0.0,0.0,0.0,0.183965265750885,0.1622394621372223,0.18164882063865662,0.15785633027553558,0.1544937640428543,0.15979629755020142,0.0
1332,0.0,0.0,1.0,1.0,1.0,1.0,0.17608638107776642,0.17798899114131927,0.1869594305753708,0.15084674954414368,0.15583689510822296,0.15228156745433807,4.0
1333,0.0,0.0,1.0,1.0,0.0,1.0,0.20193535089492798,0.16815076768398285,0.15921199321746826,0.15790151059627533,0.15846280753612518,0.1543375849723816,1.0
1334,0.0,0.0,0.0,0.0,0.0,0.0,0.18396706879138947,0.16222332417964935,0.18165704607963562,0.15785564482212067,0.15449203550815582,0.15980489552021027,0.0
1335,1.0,1.0,1.0,1.0,1.0,1.0,0.1760280728340149,0.17799492180347443,0.18719759583473206,0.1508115530014038,0.15554863214492798,0.15241923928260803,2.0
1336,1.0,1.0,1.0,1.0,1.0,1.0,0.17602507770061493,0.17800766229629517,0.1871795952320099,0.15080365538597107,0.15556223690509796,0.1524217426776886,2.0
1337,0.0,0.0,0.0,1.0,0.0,0.0,0.1760789453983307,0.1779981553554535,0.18694435060024261,0.15085963904857635,0.15583865344524384,0.15228021144866943,4.0
1338,0.0,0.0,0.0,0.0,0.0,0.0,0.17605164647102356,0.17792847752571106,0.1872636079788208,0.1507563292980194,0.15557214617729187,0.1524277776479721,2.0
1339,0.0,1.0,1.0,1.0,0.0,1.0,0.18396078050136566,0.1622149795293808,0.18165872991085052,0.15785373747348785,0.15449419617652893,0.159817636013031,0.0
1340,0.0,0.0,0.0,0.0,0.0,0.0,0.1839616894721985,0.16220110654830933,0.18167945742607117,0.15785272419452667,0.15448898077011108,0.15981605648994446,0.0
1341,0.0,0.0,0.0,0.0,0.0,0.0,0.17638805508613586,0.17810021340847015,0.18717443943023682,0.15073998272418976,0.15536540746688843,0.15223193168640137,3.0
1342,0.0,0.0,0.0,0.0,0.0,0.0,0.17637552320957184,0.17813056707382202,0.18716630339622498,0.15075454115867615,0.15536098182201385,0.15221209824085236,3.0
1343,1.0,1.0,1.0,1.0,1.0,1.0,0.20193596184253693,0.16815544664859772,0.15922406315803528,0.1578991711139679,0.15845395624637604,0.15433143079280853,1.0
1344,1.0,1.0,1.0,1.0,1.0,1.0,0.20193246006965637,0.16816446185112,0.15922294557094574,0.15789471566677094,0.1584508717060089,0.15433454513549805,1.0
1345,0.0,0.0,0.0,1.0,0.0,0.0,0.20195169746875763,0.16814693808555603,0.15921525657176971,0.15790867805480957,0.15843161940574646,0.15434573590755463,1.0
1346,0.0,1.0,1.0,1.0,0.0,1.0,0.17603690922260284,0.1779341995716095,0.1872495859861374,0.1507873833179474,0.1555645912885666,0.1524273157119751,2.0
1347,1.0,1.0,0.0,0.0,1.0,0.0,0.17602895200252533,0.1779424250125885,0.18724380433559418,0.15078982710838318,0.15556104481220245,0.15243396162986755,2.0
1348,1.0,0.0,0.0,0.0,0.0,0.0,0.18394668400287628,0.16220858693122864,0.18167927861213684,0.1578560769557953,0.15449140965938568,0.15981799364089966,0.0
1349,1.0,1.0,0.0,0.0,1.0,0.0,0.17606791853904724,0.1779799908399582,0.18697704374790192,0.15083807706832886,0.15584340691566467,0.15229351818561554,4.0
1350,1.0,1.0,1.0,0.0,0.0,1.0,0.1760278344154358,0.1779491901397705,0.18723459541797638,0.15079949796199799,0.15556108951568604,0.15242785215377808,2.0
1351,0.0,1.0,1.0,1.0,1.0,1.0,0.18393297493457794,0.16225311160087585,0.18164440989494324,0.15786615014076233,0.15450820326805115,0.15979517996311188,0.0
1352,1.0,1.0,1.0,1.0,1.0,1.0,0.17602111399173737,0.17797903716564178,0.1871909499168396,0.15081559121608734,0.15555444359779358,0.15243881940841675,2.0
1353,1.0,1.0,1.0,1.0,1.0,1.0,0.17603957653045654,0.17794287204742432,0.18723861873149872,0.1507827341556549,0.15556591749191284,0.15243025124073029,2.0
1354,1.0,1.0,0.0,0.0,1.0,0.0,0.17607390880584717,0.1779617816209793,0.18698270618915558,0.15083914995193481,0.15585222840309143,0.15229028463363647,4.0
1355,1.0,1.0,1.0,0.0,1.0,0.0,0.201945960521698,0.1681504249572754,0.1592208445072174,0.15790095925331116,0.15844576060771942,0.1543361246585846,1.0
1356,1.0,1.0,0.0,0.0,1.0,1.0,0.17604096233844757,0.17795775830745697,0.18723957240581512,0.15077713131904602,0.15555772185325623,0.1524268537759781,2.0
1357,0.0,0.0,0.0,0.0,0.0,0.0,0.1839589923620224,0.16219818592071533,0.18168367445468903,0.15784719586372375,0.15448860824108124,0.15982335805892944,0.0
1358,1.0,1.0,0.0,0.0,0.0,0.0,0.17606672644615173,0.17789700627326965,0.18726852536201477,0.1507508009672165,0.15558163821697235,0.15243536233901978,2.0
1359,0.0,1.0,0.0,1.0,1.0,0.0,0.1839558184146881,0.16221995651721954,0.18165889382362366,0.1578557938337326,0.15449471771717072,0.15981483459472656,0.0
1360,0.0,0.0,0.0,0.0,0.0,0.0,0.20197263360023499,0.16812802851200104,0.159211203455925,0.15790240466594696,0.15846103429794312,0.1543246954679489,1.0
1361,1.0,1.0,1.0,1.0,1.0,1.0,0.1763504147529602,0.1781681478023529,0.1871151179075241,0.15079061686992645,0.1553441882133484,0.1522316038608551,3.0
1362,1.0,1.0,1.0,1.0,1.0,1.0,0.17607758939266205,0.17797686159610748,0.18696683645248413,0.15085344016551971,0.15584696829319,0.15227839350700378,4.0
1363,1.0,1.0,0.0,0.0,1.0,0.0,0.17608347535133362,0.17798592150211334,0.18695750832557678,0.15084804594516754,0.15584218502044678,0.1522829234600067,4.0
1364,0.0,0.0,0.0,0.0,0.0,0.0,0.17636267840862274,0.17817002534866333,0.18711930513381958,0.1507807970046997,0.1553436517715454,0.15222351253032684,3.0
1365,1.0,1.0,0.0,0.0,0.0,0.0,0.2019597440958023,0.16814711689949036,0.1592186987400055,0.15790630877017975,0.1584356427192688,0.1543325036764145,1.0
1366,1.0,1.0,1.0,1.0,1.0,1.0,0.17634719610214233,0.17816035449504852,0.18713295459747314,0.15077929198741913,0.1553538739681244,0.15222634375095367,3.0
1367,0.0,0.0,0.0,0.0,0.0,0.0,0.17610102891921997,0.17795653641223907,0.18697968125343323,0.1508108526468277,0.15586821734905243,0.15228372812271118,4.0
1368,1.0,1.0,1.0,1.0,1.0,1.0,0.17602603137493134,0.1779545396566391,0.18723708391189575,0.15079136192798615,0.15556050837039948,0.1524304747581482,2.0
1369,0.0,0.0,1.0,1.0,0.0,0.0,0.17608706653118134,0.1779736578464508,0.18698282539844513,0.15082406997680664,0.15585801005363464,0.15227441489696503,4.0
1370,1.0,1.0,0.0,0.0,1.0,0.0,0.17605330049991608,0.1779373735189438,0.187252938747406,0.1507578194141388,0.15556873381137848,0.15242987871170044,2.0
1371,0.0,0.0,0.0,0.0,0.0,0.0,0.17610421776771545,0.17795991897583008,0.186981201171875,0.15081167221069336,0.15586256980895996,0.15228043496608734,4.0
1372,1.0,1.0,0.0,0.0,1.0,0.0,0.17607755959033966,0.17800776660442352,0.18693405389785767,0.1508580893278122,0.15583540499210358,0.15228717029094696,4.0
1373,0.0,0.0,0.0,0.0,0.0,0.0,0.17636437714099884,0.17812390625476837,0.18716837465763092,0.1507575660943985,0.155355766415596,0.15223003923892975,3.0
1374,0.0,0.0,0.0,0.0,0.0,0.0,0.18396055698394775,0.1622108370065689,0.1816672831773758,0.1578553020954132,0.15448543429374695,0.1598205715417862,0.0
1375,0.0,1.0,1.0,1.0,0.0,0.0,0.1839650422334671,0.16221876442432404,0.18165910243988037,0.15786686539649963,0.15448349714279175,0.1598067730665207,0.0
1376,0.0,0.0,0.0,0.0,0.0,0.0,0.18394894897937775,0.16221512854099274,0.18167121708393097,0.15786656737327576,0.15448124706745148,0.1598169207572937,0.0
1377,0.0,0.0,0.0,0.0,0.0,0.0,0.20198245346546173,0.168136328458786,0.15920588374137878,0.15790775418281555,0.15843649208545685,0.15433113276958466,1.0
1378,0.0,1.0,1.0,1.0,0.0,1.0,0.20193593204021454,0.1681600958108902,0.15921160578727722,0.15792223811149597,0.15842299163341522,0.15434718132019043,1.0
1379,0.0,0.0,0.0,0.0,0.0,0.0,0.18395623564720154,0.16220849752426147,0.18166926503181458,0.1578589230775833,0.1544962227344513,0.159810870885849,0.0
1380,1.0,1.0,1.0,1.0,1.0,0.0,0.20192848145961761,0.16816022992134094,0.1592220813035965,0.15790897607803345,0.15844812989234924,0.15433214604854584,1.0
1381,1.0,1.0,1.0,1.0,1.0,0.0,0.20193412899971008,0.16815273463726044,0.15922582149505615,0.15790820121765137,0.15844130516052246,0.15433788299560547,1.0
1382,0.0,0.0,0.0,0.0,0.0,0.0,0.1760822832584381,0.17796936631202698,0.18697430193424225,0.15084506571292877,0.15584911406040192,0.15227994322776794,4.0
1383,0.0,0.0,0.0,0.0,0.0,0.0,0.18396231532096863,0.16221852600574493,0.18166160583496094,0.15785866975784302,0.1544841080904007,0.15981481969356537,0.0
1384,1.0,1.0,0.0,0.0,0.0,0.0,0.20194946229457855,0.16813966631889343,0.1592206209897995,0.15789738297462463,0.15846799314022064,0.15432488918304443,1.0
1385,1.0,1.0,0.0,0.0,0.0,0.0,0.18394316732883453,0.16222591698169708,0.18166659772396088,0.15785719454288483,0.15449824929237366,0.1598089337348938,0.0
1386,1.0,1.0,1.0,1.0,1.0,0.0,0.1839473396539688,0.16227808594703674,0.1816360354423523,0.15786592662334442,0.15450961887836456,0.15976296365261078,0.0
1387,1.0,1.0,1.0,1.0,1.0,1.0,0.17605480551719666,0.17801274359226227,0.18692250549793243,0.15086975693702698,0.15585272014141083,0.152287557721138,4.0
1388,1.0,1.0,1.0,1.0,1.0,1.0,0.17635305225849152,0.17815694212913513,0.18712610006332397,0.1507871448993683,0.15535041689872742,0.15222632884979248,3.0
1389,1.0,1.0,1.0,1.0,1.0,0.0,0.18393760919570923,0.1622772216796875,0.18163307011127472,0.1578674465417862,0.15451359748840332,0.15977109968662262,0.0
1390,1.0,1.0,1.0,1.0,1.0,1.0,0.1760753095149994,0.17797259986400604,0.18698064982891083,0.15083803236484528,0.155851349234581,0.15228204429149628,4.0
1391,1.0,1.0,0.0,0.0,1.0,0.0,0.17605967819690704,0.17796114087104797,0.18721827864646912,0.1507881134748459,0.15555548667907715,0.1524173766374588,2.0
1392,1.0,1.0,1.0,1.0,1.0,0.0,0.18395109474658966,0.16227595508098602,0.18162383139133453,0.15786387026309967,0.15450626611709595,0.15977901220321655,0.0
1393,1.0,1.0,0.0,0.0,1.0,1.0,0.17636282742023468,0.1781310737133026,0.18714916706085205,0.15077705681324005,0.15534870326519012,0.15223121643066406,3.0
1394,0.0,0.0,0.0,0.0,0.0,0.0,0.17637163400650024,0.17813296616077423,0.18714913725852966,0.15077903866767883,0.15534505248069763,0.15222220122814178,3.0
1395,0.0,0.0,0.0,0.0,0.0,0.0,0.17607320845127106,0.1779743731021881,0.18699008226394653,0.15083514153957367,0.15584728121757507,0.1522798389196396,4.0
1396,1.0,1.0,0.0,0.0,0.0,0.0,0.17606590688228607,0.17800256609916687,0.1869383603334427,0.15086130797863007,0.15585027635097504,0.15228156745433807,4.0
1397,1.0,1.0,1.0,1.0,1.0,0.0,0.17608091235160828,0.17800553143024445,0.18693473935127258,0.1508575975894928,0.15583916008472443,0.15228208899497986,4.0
1398,0.0,0.0,0.0,0.0,0.0,0.0,0.20197340846061707,0.16812941431999207,0.15922844409942627,0.1578955352306366,0.15844757854938507,0.1543256938457489,1.0
1399,1.0,1.0,1.0,0.0,1.0,0.0,0.176028311252594,0.17796503007411957,0.18721455335617065,0.1508084237575531,0.15555249154567719,0.1524311751127243,2.0
1400,1.0,1.0,0.0,1.0,1.0,1.0,0.176089346408844,0.17796365916728973,0.18698228895664215,0.15082761645317078,0.15585032105445862,0.15228676795959473,4.0
1401,0.0,0.0,0.0,0.0,0.0,0.0,0.1760682463645935,0.1779070496559143,0.18727955222129822,0.150742769241333,0.15557821094989777,0.152424156665802,2.0
1402,0.0,0.0,0.0,0.0,0.0,0.0,0.17605897784233093,0.1779141128063202,0.1872694194316864,0.15074346959590912,0.1555708944797516,0.15244318544864655,2.0
1403,0.0,0.0,0.0,0.0,0.0,0.0,0.17635449767112732,0.1781805157661438,0.18709921836853027,0.15080565214157104,0.15534310042858124,0.15221700072288513,3.0
1404,0.0,1.0,1.0,1.0,0.0,1.0,0.20193636417388916,0.16816692054271698,0.15920904278755188,0.15792366862297058,0.15841840207576752,0.15434572100639343,1.0
1405,1.0,1.0,1.0,1.0,0.0,1.0,0.2019558548927307,0.16814538836479187,0.15922309458255768,0.157893106341362,0.15844769775867462,0.15433485805988312,1.0
1406,1.0,1.0,0.0,0.0,1.0,0.0,0.20195075869560242,0.1681523472070694,0.15921013057231903,0.15791454911231995,0.1584305465221405,0.15434157848358154,1.0
1407,0.0,0.0,0.0,0.0,0.0,0.0,0.18396243453025818,0.16221237182617188,0.18167388439178467,0.15785132348537445,0.15448279678821564,0.1598171889781952,0.0
1408,0.0,1.0,0.0,0.0,1.0,0.0,0.17608508467674255,0.17799095809459686,0.1869547814130783,0.150845468044281,0.15585020184516907,0.1522735059261322,4.0
1409,0.0,0.0,0.0,0.0,0.0,0.0,0.1760719120502472,0.17802928388118744,0.18689508736133575,0.15087710320949554,0.15584810078144073,0.15227855741977692,4.0
1410,0.0,0.0,0.0,0.0,0.0,0.0,0.17610593140125275,0.17793485522270203,0.18701019883155823,0.15080560743808746,0.1558641642332077,0.15227924287319183,4.0
1411,0.0,0.0,0.0,0.0,1.0,0.0,0.1760905534029007,0.17798025906085968,0.18696945905685425,0.15082569420337677,0.15584833920001984,0.1522856503725052,4.0
1412,1.0,1.0,1.0,1.0,1.0,0.0,0.1763501763343811,0.1781630963087082,0.18711628019809723,0.15079082548618317,0.15534687042236328,0.1522327959537506,3.0
1413,1.0,1.0,0.0,0.0,0.0,0.0,0.176073357462883,0.17797747254371643,0.18696188926696777,0.15084701776504517,0.15584729611873627,0.15229296684265137,4.0
1414,0.0,0.0,0.0,0.0,0.0,0.0,0.17607653141021729,0.17790496349334717,0.18727891147136688,0.1507371962070465,0.15558232367038727,0.1524200290441513,2.0
1415,0.0,0.0,0.0,0.0,0.0,0.0,0.2019473761320114,0.1681412309408188,0.1592157781124115,0.1579044610261917,0.15847429633140564,0.15431691706180573,1.0
1416,0.0,0.0,0.0,0.0,0.0,0.0,0.2019711434841156,0.16813720762729645,0.15921303629875183,0.15790772438049316,0.15843957662582397,0.154331237077713,1.0
1417,1.0,1.0,1.0,1.0,1.0,1.0,0.18395105004310608,0.1622554510831833,0.1816553920507431,0.15785066783428192,0.1544966697692871,0.15979072451591492,0.0
1418,0.0,0.0,0.0,0.0,0.0,0.0,0.17604804039001465,0.17792795598506927,0.1872650533914566,0.1507580280303955,0.15556809306144714,0.15243276953697205,2.0
1419,0.0,0.0,0.0,0.0,0.0,0.0,0.17607556283473969,0.17799870669841766,0.18692898750305176,0.1508646458387375,0.15584808588027954,0.15228405594825745,4.0
1420,0.0,0.0,0.0,0.0,0.0,0.0,0.17636840045452118,0.1781468242406845,0.18714983761310577,0.15077124536037445,0.1553470343351364,0.15221673250198364,3.0
1421,0.0,0.0,1.0,0.0,0.0,0.0,0.2019677758216858,0.16813810169696808,0.15921424329280853,0.15788933634757996,0.15846607089042664,0.1543245017528534,1.0
1422,1.0,1.0,1.0,1.0,1.0,0.0,0.20192396640777588,0.16818475723266602,0.15920783579349518,0.15793083608150482,0.15840451419353485,0.15434801578521729,1.0
1423,1.0,1.0,1.0,1.0,1.0,0.0,0.18395031988620758,0.16222423315048218,0.1816629022359848,0.1578720062971115,0.15449662506580353,0.1597938984632492,0.0
1424,0.0,0.0,1.0,0.0,0.0,0.0,0.18396581709384918,0.16221453249454498,0.18166500329971313,0.1578505039215088,0.15448260307312012,0.1598214954137802,0.0
1425,1.0,1.0,1.0,1.0,0.0,0.0,0.18394023180007935,0.16222445666790009,0.18164792656898499,0.15786918997764587,0.1545133739709854,0.15980485081672668,0.0
1426,0.0,0.0,1.0,1.0,0.0,1.0,0.17608028650283813,0.1779850870370865,0.18694989383220673,0.15084879100322723,0.15584762394428253,0.1522883027791977,4.0
1427,0.0,0.0,0.0,0.0,0.0,0.0,0.17636604607105255,0.1781516671180725,0.18712617456912994,0.1507837027311325,0.15534192323684692,0.15223044157028198,3.0
1428,1.0,1.0,0.0,0.0,1.0,0.0,0.1839415282011032,0.16224966943264008,0.18164882063865662,0.15787333250045776,0.15449312329292297,0.15979354083538055,0.0
1429,1.0,1.0,1.0,1.0,1.0,0.0,0.17608428001403809,0.17798562347888947,0.1869509518146515,0.15085828304290771,0.15583790838718414,0.15228289365768433,4.0
1430,1.0,1.0,1.0,0.0,0.0,0.0,0.17605656385421753,0.1779564470052719,0.1870116889476776,0.15083247423171997,0.15585626661777496,0.1522865891456604,4.0
1431,1.0,1.0,1.0,1.0,1.0,1.0,0.17603141069412231,0.1779465526342392,0.18723466992378235,0.1507917195558548,0.15556269884109497,0.15243296325206757,2.0
1432,0.0,0.0,0.0,0.0,0.0,0.0,0.20194512605667114,0.16817574203014374,0.15919585525989532,0.15793949365615845,0.15839369595050812,0.15435010194778442,1.0
1433,1.0,1.0,0.0,0.0,1.0,0.0,0.17635862529277802,0.17815148830413818,0.18712982535362244,0.1507778912782669,0.1553565412759781,0.15222564339637756,3.0
1434,1.0,1.0,1.0,1.0,1.0,1.0,0.17606888711452484,0.17804117500782013,0.18688975274562836,0.15087123215198517,0.1558482050895691,0.15228068828582764,4.0
1435,1.0,1.0,1.0,0.0,0.0,1.0,0.18394693732261658,0.16225109994411469,0.18165434896945953,0.1578635722398758,0.1544971764087677,0.1597868800163269,0.0
1436,1.0,1.0,1.0,1.0,1.0,0.0,0.1760319620370865,0.177927166223526,0.18725109100341797,0.15078336000442505,0.15557295083999634,0.15243345499038696,2.0
1437,1.0,1.0,1.0,1.0,1.0,0.0,0.17606142163276672,0.17800438404083252,0.18694517016410828,0.15086603164672852,0.15583908557891846,0.1522839218378067,4.0
1438,1.0,1.0,1.0,1.0,1.0,1.0,0.18394052982330322,0.1622878611087799,0.1816241443157196,0.1578710526227951,0.15449947118759155,0.15977701544761658,0.0
1439,1.0,1.0,1.0,1.0,1.0,1.0,0.17606346309185028,0.17802973091602325,0.18691250681877136,0.15086838603019714,0.1558481901884079,0.15227779746055603,4.0
1440,1.0,1.0,1.0,1.0,1.0,1.0,0.17634816467761993,0.17819663882255554,0.18707434833049774,0.15081705152988434,0.15534131228923798,0.15222258865833282,3.0
1441,0.0,1.0,1.0,1.0,1.0,1.0,0.20193837583065033,0.16817300021648407,0.15920813381671906,0.157917782664299,0.15840749442577362,0.15435518324375153,1.0
1442,1.0,1.0,0.0,0.0,1.0,0.0,0.17635773122310638,0.17817242443561554,0.18711252510547638,0.1507818102836609,0.15533939003944397,0.15223608911037445,3.0
1443,0.0,0.0,0.0,0.0,0.0,0.0,0.1763819009065628,0.17812949419021606,0.18716999888420105,0.15075170993804932,0.15535752475261688,0.1522093415260315,3.0
1444,1.0,1.0,0.0,0.0,1.0,0.0,0.17604531347751617,0.17796769738197327,0.18720878660678864,0.15078923106193542,0.15555472671985626,0.15243425965309143,2.0
1445,1.0,1.0,0.0,0.0,1.0,0.0,0.17636477947235107,0.17812968790531158,0.18716789782047272,0.15076152980327606,0.15535132586956024,0.15222473442554474,3.0
1446,1.0,1.0,0.0,0.0,0.0,0.0,0.2019643485546112,0.16812822222709656,0.15921668708324432,0.15789222717285156,0.1584872305393219,0.15431132912635803,1.0
1447,0.0,0.0,0.0,1.0,1.0,0.0,0.18393851816654205,0.1622559279203415,0.1816404014825821,0.1578722894191742,0.15450184047222137,0.1597910076379776,0.0
1448,1.0,1.0,0.0,0.0,1.0,0.0,0.1760392189025879,0.17795678973197937,0.1872250735759735,0.15078696608543396,0.15555737912654877,0.15243461728096008,2.0
1449,1.0,0.0,0.0,0.0,1.0,0.0,0.17637144029140472,0.17813082039356232,0.187160462141037,0.15077029168605804,0.15534608066082,0.1522209644317627,3.0
1450,1.0,1.0,1.0,1.0,1.0,1.0,0.18393784761428833,0.16223417222499847,0.18166188895702362,0.15786363184452057,0.15450464189052582,0.15979787707328796,0.0
1451,1.0,1.0,1.0,1.0,1.0,0.0,0.17604699730873108,0.17803087830543518,0.18691402673721313,0.15087361633777618,0.15584979951381683,0.1522846668958664,4.0
1452,0.0,0.0,0.0,0.0,0.0,0.0,0.17603781819343567,0.17792579531669617,0.18727724254131317,0.1507604867219925,0.15556107461452484,0.15243753790855408,2.0
1453,1.0,1.0,0.0,1.0,1.0,0.0,0.1760702282190323,0.17800383269786835,0.1869502067565918,0.15083962678909302,0.15584686398506165,0.15228921175003052,4.0
1454,1.0,1.0,0.0,0.0,0.0,0.0,0.17602963745594025,0.17793619632720947,0.1872607320547104,0.15076830983161926,0.1555728316307068,0.15243232250213623,2.0
1455,0.0,0.0,0.0,0.0,0.0,0.0,0.17638526856899261,0.1781107634305954,0.18716265261173248,0.15076206624507904,0.15536165237426758,0.1522175669670105,3.0
1456,1.0,1.0,1.0,1.0,1.0,1.0,0.20194552838802338,0.16816198825836182,0.15921838581562042,0.15791454911231995,0.15842457115650177,0.15433496236801147,1.0
1457,1.0,1.0,0.0,0.0,0.0,0.0,0.2019641399383545,0.16813240945339203,0.1592216044664383,0.15789487957954407,0.15846961736679077,0.15431730449199677,1.0
1458,0.0,0.0,0.0,0.0,1.0,0.0,0.18396152555942535,0.16221129894256592,0.18167343735694885,0.1578541249036789,0.1544819176197052,0.15981769561767578,0.0
1459,0.0,1.0,1.0,1.0,1.0,1.0,0.17606529593467712,0.17804859578609467,0.1868942379951477,0.15088066458702087,0.15583696961402893,0.15227428078651428,4.0
1460,0.0,0.0,0.0,0.0,0.0,0.0,0.20196279883384705,0.16812025010585785,0.159232959151268,0.15788908302783966,0.15847177803516388,0.15432316064834595,1.0
1461,1.0,1.0,0.0,0.0,1.0,1.0,0.17603939771652222,0.1779251992702484,0.18727493286132812,0.15075506269931793,0.15556451678276062,0.15244092047214508,2.0
1462,1.0,1.0,0.0,0.0,1.0,0.0,0.201949805021286,0.16815458238124847,0.15921461582183838,0.15790852904319763,0.15843434631824493,0.15433815121650696,1.0
1463,0.0,0.0,1.0,1.0,1.0,1.0,0.176358163356781,0.17815430462360382,0.18712542951107025,0.15077993273735046,0.15535449981689453,0.1522277444601059,3.0
1464,1.0,1.0,1.0,1.0,1.0,0.0,0.17606955766677856,0.17797783017158508,0.18696154654026031,0.1508529782295227,0.15584473311901093,0.1522933840751648,4.0
1465,0.0,0.0,0.0,0.0,0.0,0.0,0.1761050522327423,0.17795343697071075,0.187001571059227,0.15081416070461273,0.1558571308851242,0.15226860344409943,4.0
1466,1.0,1.0,1.0,1.0,1.0,1.0,0.17635513842105865,0.17817266285419464,0.1871281862258911,0.1507769376039505,0.15533849596977234,0.15222857892513275,3.0
1467,0.0,0.0,1.0,0.0,0.0,1.0,0.17606274783611298,0.17791031301021576,0.18726961314678192,0.150752454996109,0.1555764377117157,0.1524285078048706,2.0
1468,0.0,1.0,1.0,1.0,1.0,1.0,0.2019406110048294,0.16815339028835297,0.15921026468276978,0.15790502727031708,0.15844187140464783,0.15434888005256653,1.0
1469,0.0,0.0,0.0,0.0,0.0,0.0,0.17604590952396393,0.17793956398963928,0.18725819885730743,0.1507619470357895,0.15556073188781738,0.15243364870548248,2.0
1470,1.0,1.0,1.0,1.0,1.0,0.0,0.1760765016078949,0.17797896265983582,0.18695378303527832,0.1508527398109436,0.15585480630397797,0.152283176779747,4.0
1471,0.0,0.0,0.0,0.0,0.0,0.0,0.17603974044322968,0.17797984182834625,0.1872091144323349,0.15080475807189941,0.15554718673229218,0.1524193286895752,2.0
1472,1.0,1.0,0.0,1.0,1.0,1.0,0.2019166201353073,0.16817915439605713,0.15920868515968323,0.15792207419872284,0.15841925144195557,0.15435416996479034,1.0
1473,1.0,1.0,1.0,1.0,0.0,1.0,0.17635773122310638,0.1781436651945114,0.18713954091072083,0.15077181160449982,0.15535978972911835,0.1522274613380432,3.0
1474,1.0,1.0,1.0,1.0,1.0,0.0,0.1760341376066208,0.1779349446296692,0.18724577128887177,0.1507893204689026,0.15557384490966797,0.1524220108985901,2.0
1475,0.0,0.0,0.0,0.0,0.0,0.0,0.17604446411132812,0.1779426634311676,0.18726272881031036,0.15075217187404633,0.15556927025318146,0.1524287611246109,2.0
1476,1.0,1.0,1.0,1.0,1.0,1.0,0.2018927037715912,0.16821768879890442,0.15917792916297913,0.15796729922294617,0.15836124122142792,0.15438315272331238,1.0
1477,1.0,1.0,1.0,1.0,1.0,1.0,0.1839471012353897,0.1622430831193924,0.18164806067943573,0.15786705911159515,0.15450112521648407,0.15979354083538055,0.0
1478,1.0,1.0,0.0,0.0,0.0,0.0,0.176091730594635,0.177959606051445,0.18698956072330475,0.15081746876239777,0.15586429834365845,0.1522773951292038,4.0
1479,1.0,1.0,0.0,1.0,1.0,0.0,0.1839471310377121,0.16224932670593262,0.18164189159870148,0.1578557938337326,0.15451090037822723,0.15979492664337158,0.0
1480,1.0,1.0,1.0,1.0,1.0,0.0,0.17607170343399048,0.17797312140464783,0.1869683712720871,0.15085069835186005,0.15585322678089142,0.15228289365768433,4.0
1481,1.0,1.0,0.0,0.0,1.0,0.0,0.18394267559051514,0.16224147379398346,0.18164269626140594,0.15786875784397125,0.15450681746006012,0.15979759395122528,0.0
1482,1.0,1.0,0.0,1.0,1.0,1.0,0.1760948896408081,0.17800162732601166,0.18694420158863068,0.1508471518754959,0.155845507979393,0.15226656198501587,4.0
1483,1.0,1.0,1.0,1.0,1.0,1.0,0.17608335614204407,0.17798006534576416,0.1869571954011917,0.1508513242006302,0.15584824979305267,0.1522798091173172,4.0
1484,1.0,1.0,1.0,1.0,1.0,1.0,0.17608468234539032,0.17795543372631073,0.18696464598178864,0.15085844695568085,0.15585321187973022,0.15228356420993805,4.0
1485,1.0,1.0,0.0,0.0,1.0,0.0,0.17606677114963531,0.1779746413230896,0.18696488440036774,0.15084326267242432,0.15586136281490326,0.15228912234306335,4.0
1486,1.0,1.0,1.0,1.0,1.0,1.0,0.18394650518894196,0.1622476726770401,0.1816467046737671,0.15786628425121307,0.15449081361293793,0.15980200469493866,0.0
1487,0.0,0.0,0.0,0.0,0.0,0.0,0.20196577906608582,0.16813601553440094,0.15921922028064728,0.1579020619392395,0.15845432877540588,0.15432263910770416,1.0
1488,0.0,0.0,1.0,1.0,0.0,1.0,0.17635810375213623,0.17814131081104279,0.18714621663093567,0.150767520070076,0.15535897016525269,0.15222793817520142,3.0
1489,1.0,1.0,1.0,1.0,1.0,1.0,0.18394285440444946,0.16228652000427246,0.18161816895008087,0.15787747502326965,0.1545027792453766,0.15977226197719574,0.0
1490,0.0,0.0,0.0,0.0,0.0,0.0,0.18396306037902832,0.16221638023853302,0.18166127800941467,0.15784557163715363,0.15449216961860657,0.159821555018425,0.0
1491,0.0,1.0,1.0,1.0,1.0,0.0,0.17603500187397003,0.17798610031604767,0.18720680475234985,0.15078981220722198,0.15555407106876373,0.15242822468280792,2.0
1492,0.0,0.0,0.0,0.0,0.0,0.0,0.17636768519878387,0.1781543791294098,0.1871296465396881,0.1507788896560669,0.15534424781799316,0.15222515165805817,3.0
1493,0.0,1.0,1.0,1.0,1.0,1.0,0.2019459456205368,0.16814692318439484,0.15921950340270996,0.15790267288684845,0.15844930708408356,0.15433570742607117,1.0
1494,1.0,1.0,1.0,1.0,0.0,0.0,0.17635342478752136,0.17815692722797394,0.18711942434310913,0.1507943570613861,0.15534940361976624,0.15222646296024323,3.0
1495,1.0,1.0,1.0,1.0,1.0,1.0,0.17607706785202026,0.17798687517642975,0.18695537745952606,0.15084435045719147,0.15585629642009735,0.1522800326347351,4.0
1496,1.0,1.0,0.0,0.0,0.0,0.0,0.1763514131307602,0.17815399169921875,0.1871286779642105,0.1507773995399475,0.1553642749786377,0.15222424268722534,3.0
1497,1.0,1.0,1.0,0.0,1.0,0.0,0.1839398890733719,0.16222843527793884,0.1816493272781372,0.15786893665790558,0.15451198816299438,0.1598014235496521,0.0
1498,0.0,0.0,0.0,0.0,0.0,0.0,0.17610473930835724,0.17794853448867798,0.1869843304157257,0.15081161260604858,0.15586517751216888,0.15228566527366638,4.0
1499,1.0,1.0,1.0,1.0,1.0,0.0,0.1761108934879303,0.17794811725616455,0.18698643147945404,0.15081383287906647,0.1558603048324585,0.15228047966957092,4.0
1500,1.0,1.0,1.0,1.0,1.0,1.0,0.17607839405536652,0.17796222865581512,0.1869947761297226,0.15081606805324554,0.155862495303154,0.152286097407341,4.0
1501,0.0,1.0,1.0,1.0,0.0,1.0,0.18394695222377777,0.16223157942295074,0.18165725469589233,0.15787464380264282,0.15448784828186035,0.15980172157287598,0.0
1502,1.0,1.0,1.0,1.0,1.0,1.0,0.18395274877548218,0.16223496198654175,0.18165461719036102,0.15787111222743988,0.15449024736881256,0.159796342253685,0.0
1503,0.0,0.0,1.0,0.0,0.0,1.0,0.18394817411899567,0.16222387552261353,0.18166452646255493,0.15786075592041016,0.1544899195432663,0.1598127782344818,0.0
1504,1.0,1.0,0.0,0.0,0.0,0.0,0.17604844272136688,0.17791742086410522,0.18726196885108948,0.1507512927055359,0.15557678043842316,0.15244415402412415,2.0
1505,0.0,1.0,1.0,1.0,0.0,1.0,0.17637598514556885,0.17812424898147583,0.18717317283153534,0.1507522314786911,0.1553521603345871,0.1522221714258194,3.0
1506,1.0,1.0,1.0,1.0,1.0,1.0,0.1760329306125641,0.17796461284160614,0.18721452355384827,0.15080726146697998,0.15554983913898468,0.15243089199066162,2.0
1507,0.0,0.0,0.0,0.0,0.0,0.0,0.17636466026306152,0.17814143002033234,0.18714754283428192,0.1507745087146759,0.15535074472427368,0.15222108364105225,3.0
1508,1.0,1.0,1.0,1.0,1.0,1.0,0.17606766521930695,0.17798292636871338,0.18695960938930511,0.15085099637508392,0.15585999190807343,0.15227875113487244,4.0
1509,0.0,0.0,0.0,0.0,0.0,0.0,0.17610140144824982,0.17794646322727203,0.1869874894618988,0.1508137732744217,0.15586884319782257,0.1522819548845291,4.0
1510,0.0,0.0,0.0,0.0,0.0,0.0,0.1839589625597,0.16223490238189697,0.1816500574350357,0.15786457061767578,0.1544877588748932,0.15980377793312073,0.0
1511,1.0,1.0,1.0,1.0,1.0,1.0,0.1839391589164734,0.1622871607542038,0.18161700665950775,0.15788550674915314,0.15450477600097656,0.15976640582084656,0.0
1512,0.0,0.0,0.0,0.0,0.0,0.0,0.17609308660030365,0.17796938121318817,0.18697690963745117,0.1508261263370514,0.15585169196128845,0.15228283405303955,4.0
1513,1.0,1.0,1.0,1.0,1.0,1.0,0.1760539561510086,0.17803296446800232,0.18691867589950562,0.15088076889514923,0.1558385193347931,0.15227513015270233,4.0
1514,0.0,0.0,0.0,0.0,0.0,0.0,0.2019703984260559,0.16812211275100708,0.15923236310482025,0.15788906812667847,0.15847089886665344,0.15431508421897888,1.0
1515,1.0,1.0,1.0,1.0,1.0,1.0,0.1760752648115158,0.17798390984535217,0.1869542896747589,0.1508551687002182,0.15585115551948547,0.15228024125099182,4.0
1516,0.0,0.0,0.0,0.0,0.0,0.0,0.17603786289691925,0.17792364954948425,0.18726634979248047,0.15075144171714783,0.15557783842086792,0.1524428427219391,2.0
1517,0.0,1.0,1.0,1.0,1.0,1.0,0.20194654166698456,0.168175607919693,0.15920676290988922,0.1579115390777588,0.15841780602931976,0.15434178709983826,1.0
1518,1.0,1.0,1.0,1.0,1.0,1.0,0.17633973062038422,0.17821460962295532,0.1870667189359665,0.1508156657218933,0.15533775091171265,0.15222546458244324,3.0
1519,1.0,1.0,1.0,1.0,0.0,0.0,0.17603494226932526,0.1779683232307434,0.18722237646579742,0.15079571306705475,0.15555398166179657,0.15242470800876617,2.0
1520,1.0,1.0,1.0,1.0,1.0,1.0,0.1760740429162979,0.1779881864786148,0.18696288764476776,0.15083760023117065,0.15584838390350342,0.15228886902332306,4.0
1521,0.0,1.0,1.0,1.0,1.0,1.0,0.1760699599981308,0.17801378667354584,0.18694379925727844,0.15085887908935547,0.15584200620651245,0.1522715538740158,4.0
1522,0.0,1.0,1.0,1.0,0.0,1.0,0.17606523633003235,0.17797857522964478,0.18696993589401245,0.1508607119321823,0.15584531426429749,0.15228022634983063,4.0
1523,0.0,0.0,0.0,0.0,0.0,0.0,0.17636767029762268,0.17813032865524292,0.18716371059417725,0.15076492726802826,0.15535315871238708,0.15222014486789703,3.0
1524,0.0,0.0,0.0,0.0,1.0,0.0,0.1839618682861328,0.1622496396303177,0.18165548145771027,0.15786166489124298,0.15449045598506927,0.15978088974952698,0.0
1525,1.0,1.0,0.0,0.0,0.0,0.0,0.20192942023277283,0.16817961633205414,0.15919682383537292,0.15793132781982422,0.15841254591941833,0.15435031056404114,1.0
1526,0.0,0.0,0.0,0.0,0.0,0.0,0.1839546114206314,0.16223616898059845,0.18166126310825348,0.15785691142082214,0.15449436008930206,0.15979668498039246,0.0
1527,1.0,1.0,1.0,1.0,1.0,0.0,0.17636969685554504,0.1781226545572281,0.1871727705001831,0.15075339376926422,0.15535780787467957,0.15222366154193878,3.0
1528,1.0,1.0,1.0,1.0,0.0,1.0,0.17607133090496063,0.17800287902355194,0.1869337111711502,0.1508612185716629,0.15584705770015717,0.15228380262851715,4.0
1529,1.0,1.0,0.0,0.0,1.0,0.0,0.17602640390396118,0.17797963321208954,0.18721520900726318,0.15079715847969055,0.1555553525686264,0.15242621302604675,2.0
1530,0.0,0.0,0.0,0.0,0.0,0.0,0.1761011928319931,0.1779545545578003,0.18698661029338837,0.15081562101840973,0.1558593064546585,0.1522827446460724,4.0
1531,1.0,1.0,0.0,0.0,1.0,0.0,0.17608080804347992,0.1779622733592987,0.18699075281620026,0.1508326530456543,0.15584908425807953,0.15228447318077087,4.0
1532,0.0,0.0,0.0,0.0,0.0,0.0,0.20192906260490417,0.168163001537323,0.1592230647802353,0.15790815651416779,0.15844030678272247,0.15433645248413086,1.0
1533,0.0,1.0,1.0,1.0,0.0,1.0,0.2019224315881729,0.16818960011005402,0.15920259058475494,0.1579284965991974,0.15841209888458252,0.15434478223323822,1.0
1534,1.0,1.0,1.0,1.0,1.0,1.0,0.1760706603527069,0.17800955474376678,0.18694286048412323,0.150868222117424,0.1558445245027542,0.15226423740386963,4.0
1535,1.0,1.0,1.0,1.0,1.0,1.0,0.17602911591529846,0.1779867708683014,0.1872122883796692,0.15079659223556519,0.15555499494075775,0.15242023766040802,2.0
1536,1.0,1.0,1.0,1.0,1.0,1.0,0.1760699450969696,0.17800785601139069,0.18694184720516205,0.15086695551872253,0.15583589673042297,0.15227749943733215,4.0
1537,1.0,1.0,1.0,1.0,1.0,1.0,0.18393383920192719,0.1622944176197052,0.18162135779857635,0.15787261724472046,0.15450213849544525,0.15977568924427032,0.0
1538,1.0,1.0,1.0,1.0,1.0,0.0,0.18395167589187622,0.1622946858406067,0.1816173791885376,0.15786269307136536,0.15450714528560638,0.15976648032665253,0.0
1539,1.0,1.0,1.0,1.0,1.0,0.0,0.2019142508506775,0.1682015359401703,0.15919212996959686,0.15793855488300323,0.15840178728103638,0.15435180068016052,1.0
1540,0.0,0.0,0.0,0.0,0.0,0.0,0.18396173417568207,0.16222961246967316,0.1816541850566864,0.15787003934383392,0.15448230504989624,0.15980210900306702,0.0
1541,1.0,1.0,1.0,1.0,1.0,1.0,0.1760646253824234,0.17802026867866516,0.18692226707935333,0.15087437629699707,0.1558365821838379,0.15228186547756195,4.0
1542,0.0,0.0,0.0,0.0,0.0,0.0,0.17636831104755402,0.17811568081378937,0.18716780841350555,0.15077106654644012,0.15535198152065277,0.15222512185573578,3.0
1543,0.0,0.0,1.0,0.0,0.0,0.0,0.17604206502437592,0.17793303728103638,0.18725837767124176,0.15076225996017456,0.15556983649730682,0.15243443846702576,2.0
1544,1.0,1.0,0.0,0.0,1.0,0.0,0.1760939061641693,0.17795707285404205,0.18698127567768097,0.15081949532032013,0.15585890412330627,0.1522892713546753,4.0
1545,0.0,0.0,0.0,0.0,0.0,0.0,0.17635507881641388,0.17817193269729614,0.18711845576763153,0.1507761925458908,0.15534189343452454,0.15223653614521027,3.0
1546,1.0,1.0,1.0,1.0,1.0,1.0,0.201923206448555,0.16819699108600616,0.15919902920722961,0.1579241305589676,0.15840661525726318,0.15435005724430084,1.0
1547,0.0,0.0,1.0,1.0,0.0,0.0,0.17603954672813416,0.17794844508171082,0.18723203241825104,0.15078246593475342,0.1555686593055725,0.15242885053157806,2.0
1548,0.0,0.0,0.0,0.0,0.0,0.0,0.17603538930416107,0.17794497311115265,0.18725094199180603,0.15075655281543732,0.1555691808462143,0.1524430364370346,2.0
1549,1.0,1.0,1.0,1.0,1.0,1.0,0.17604242265224457,0.17800456285476685,0.1871901899576187,0.15079225599765778,0.15555208921432495,0.15241850912570953,2.0
1550,0.0,0.0,0.0,0.0,0.0,0.0,0.1839660108089447,0.16220709681510925,0.18167847394943237,0.15785108506679535,0.15449072420597076,0.15980657935142517,0.0
1551,1.0,1.0,0.0,0.0,1.0,0.0,0.1760321855545044,0.177938312292099,0.1872493177652359,0.15077976882457733,0.155573308467865,0.15242718160152435,2.0
1552,0.0,0.0,0.0,1.0,0.0,0.0,0.20196689665317535,0.16813567280769348,0.1592148095369339,0.15790002048015594,0.15845200419425964,0.15433061122894287,1.0
1553,0.0,0.0,0.0,0.0,0.0,0.0,0.18396170437335968,0.16220352053642273,0.18167394399642944,0.15785706043243408,0.15449078381061554,0.1598130166530609,0.0
1554,1.0,1.0,1.0,1.0,1.0,1.0,0.17603689432144165,0.17796184122562408,0.1872415542602539,0.15077820420265198,0.1555566042661667,0.15242493152618408,2.0
1555,0.0,0.0,0.0,0.0,0.0,0.0,0.1839403510093689,0.1622369885444641,0.18165996670722961,0.15786966681480408,0.15449084341526031,0.1598021686077118,0.0
1556,1.0,1.0,1.0,1.0,1.0,1.0,0.17635224759578705,0.17814762890338898,0.18713700771331787,0.15077893435955048,0.1553596705198288,0.1522245854139328,3.0
1557,0.0,0.0,0.0,0.0,0.0,0.0,0.18395477533340454,0.16220203042030334,0.18168309330940247,0.15785813331604004,0.15448176860809326,0.15982019901275635,0.0
1558,1.0,1.0,0.0,1.0,1.0,1.0,0.1839640587568283,0.1622207909822464,0.18166649341583252,0.15785782039165497,0.15448975563049316,0.15980108082294464,0.0
1559,1.0,1.0,0.0,1.0,1.0,1.0,0.17637181282043457,0.17812734842300415,0.18715980648994446,0.15075939893722534,0.1553594321012497,0.1522221863269806,3.0
1560,1.0,0.0,0.0,0.0,1.0,0.0,0.1760476529598236,0.17794764041900635,0.1872442066669464,0.150779590010643,0.15555427968502045,0.1524265855550766,2.0
1561,0.0,1.0,1.0,1.0,1.0,1.0,0.20195764303207397,0.1681380420923233,0.15921364724636078,0.1579035371541977,0.15843932330608368,0.15434782207012177,1.0
1562,1.0,1.0,1.0,1.0,1.0,1.0,0.18394577503204346,0.1622399091720581,0.18165233731269836,0.15786488354206085,0.1545005440711975,0.15979662537574768,0.0
1563,1.0,1.0,1.0,1.0,1.0,0.0,0.18394207954406738,0.16228316724300385,0.18163222074508667,0.15787111222743988,0.15450352430343628,0.15976785123348236,0.0
1564,0.0,0.0,0.0,0.0,0.0,0.0,0.17637400329113007,0.17811867594718933,0.1871676743030548,0.1507478952407837,0.15536431968212128,0.15222744643688202,3.0
1565,0.0,0.0,0.0,0.0,0.0,0.0,0.20196691155433655,0.16815431416034698,0.1592075228691101,0.1579083651304245,0.15842372179031372,0.15433920919895172,1.0
1566,1.0,1.0,0.0,1.0,1.0,0.0,0.17607294023036957,0.17799615859985352,0.18694975972175598,0.15086299180984497,0.15584251284599304,0.1522756665945053,4.0
1567,0.0,1.0,1.0,0.0,0.0,1.0,0.1763518899679184,0.17816635966300964,0.1871320903301239,0.150779128074646,0.15534080564975739,0.15222974121570587,3.0
1568,0.0,0.0,0.0,0.0,0.0,0.0,0.17637869715690613,0.1781238317489624,0.18716435134410858,0.15075403451919556,0.15535809099674225,0.15222102403640747,3.0
1569,0.0,0.0,0.0,0.0,0.0,0.0,0.17608588933944702,0.17798204720020294,0.1869654655456543,0.15084484219551086,0.1558447629213333,0.15227702260017395,4.0
1570,1.0,1.0,1.0,1.0,1.0,0.0,0.17635057866573334,0.17816241085529327,0.18712717294692993,0.15077681839466095,0.15535332262516022,0.15222974121570587,3.0
1571,1.0,1.0,1.0,1.0,1.0,1.0,0.1760758012533188,0.1779799610376358,0.1869657188653946,0.15084482729434967,0.15584906935691833,0.15228459239006042,4.0
1572,0.0,0.0,1.0,0.0,0.0,1.0,0.20194706320762634,0.168138325214386,0.15922822058200836,0.15789297223091125,0.15846863389015198,0.15432478487491608,1.0
1573,0.0,0.0,0.0,0.0,0.0,0.0,0.20196925103664398,0.16814467310905457,0.15921100974082947,0.15790942311286926,0.15842454135417938,0.15434116125106812,1.0
1574,1.0,1.0,1.0,1.0,1.0,0.0,0.17607945203781128,0.1779690831899643,0.18696476519107819,0.15085114538669586,0.15585598349571228,0.1522795855998993,4.0
1575,1.0,1.0,1.0,1.0,1.0,1.0,0.18394212424755096,0.16225863993167877,0.18163560330867767,0.15786874294281006,0.15450914204120636,0.15978576242923737,0.0
1576,1.0,1.0,1.0,1.0,1.0,1.0,0.17607714235782623,0.17800727486610413,0.1869480460882187,0.15085460245609283,0.15583401918411255,0.15227888524532318,4.0
1577,1.0,1.0,1.0,1.0,1.0,1.0,0.17634359002113342,0.1781657189130783,0.18711785972118378,0.15079422295093536,0.1553509384393692,0.15222766995429993,3.0
1578,0.0,0.0,1.0,1.0,0.0,0.0,0.20192621648311615,0.16815973818302155,0.15922486782073975,0.157894566655159,0.1584615856409073,0.15433305501937866,1.0
1579,0.0,0.0,0.0,0.0,0.0,0.0,0.17608487606048584,0.17798513174057007,0.18696850538253784,0.15084075927734375,0.1558467298746109,0.15227404236793518,4.0
1580,1.0,1.0,1.0,1.0,1.0,0.0,0.2019544243812561,0.1681392788887024,0.15921875834465027,0.157895028591156,0.158467635512352,0.15432493388652802,1.0
1581,1.0,1.0,0.0,0.0,1.0,0.0,0.18395884335041046,0.16222745180130005,0.18165679275989532,0.15785960853099823,0.15449263155460358,0.15980468690395355,0.0
1582,1.0,1.0,0.0,0.0,1.0,0.0,0.20195572078227997,0.16813375055789948,0.1592220813035965,0.15791045129299164,0.15844589471817017,0.15433205664157867,1.0
1583,1.0,1.0,0.0,0.0,1.0,0.0,0.20197521150112152,0.16813170909881592,0.15920962393283844,0.15790492296218872,0.15844453871250153,0.15433400869369507,1.0
1584,1.0,1.0,0.0,0.0,1.0,0.0,0.17608129978179932,0.17800119519233704,0.18694981932640076,0.1508341282606125,0.15584519505500793,0.15228834748268127,4.0
1585,0.0,0.0,0.0,0.0,0.0,0.0,0.17607919871807098,0.17799098789691925,0.1869615763425827,0.1508372277021408,0.1558494120836258,0.15228156745433807,4.0
1586,0.0,0.0,0.0,0.0,0.0,0.0,0.20194461941719055,0.16816911101341248,0.15919938683509827,0.15792500972747803,0.15841180086135864,0.154350146651268,1.0
1587,1.0,1.0,1.0,1.0,1.0,1.0,0.20194929838180542,0.168162003159523,0.15919271111488342,0.15792964398860931,0.15841981768608093,0.15434660017490387,1.0
1588,0.0,0.0,0.0,0.0,1.0,0.0,0.18396307528018951,0.16220441460609436,0.18167860805988312,0.15785495936870575,0.1544891595840454,0.15980979800224304,0.0
1589,1.0,1.0,1.0,1.0,1.0,0.0,0.17634549736976624,0.1781473308801651,0.18714170157909393,0.1507837176322937,0.15534792840480804,0.15223389863967896,3.0
1590,0.0,0.0,0.0,0.0,0.0,0.0,0.1761082410812378,0.1779513955116272,0.18699997663497925,0.1508081555366516,0.15585926175117493,0.15227293968200684,4.0
1591,1.0,1.0,1.0,1.0,1.0,1.0,0.18393868207931519,0.16226112842559814,0.18164680898189545,0.15787576138973236,0.15449748933315277,0.1597801297903061,0.0
1592,0.0,0.0,0.0,0.0,0.0,0.0,0.17638517916202545,0.1781211942434311,0.18716229498386383,0.15075689554214478,0.15536387264728546,0.15221057832241058,3.0
1593,1.0,1.0,0.0,0.0,1.0,0.0,0.18395227193832397,0.16224724054336548,0.18165163695812225,0.15786661207675934,0.15450038015842438,0.15978188812732697,0.0
1594,1.0,1.0,0.0,0.0,1.0,0.0,0.17636831104755402,0.17816407978534698,0.1871141642332077,0.1507856398820877,0.15534763038158417,0.1522202044725418,3.0
1595,0.0,0.0,0.0,0.0,0.0,0.0,0.1760985553264618,0.17793627083301544,0.18701013922691345,0.15080168843269348,0.15587256848812103,0.15228086709976196,4.0
1596,0.0,0.0,0.0,0.0,0.0,0.0,0.17610479891300201,0.17796632647514343,0.1869834065437317,0.1508176028728485,0.1558590829372406,0.15226882696151733,4.0
1597,0.0,0.0,0.0,0.0,0.0,0.0,0.18394754827022552,0.16220715641975403,0.1816810965538025,0.15785716474056244,0.15449221432209015,0.15981486439704895,0.0
1598,1.0,1.0,0.0,0.0,1.0,0.0,0.17636534571647644,0.17811886966228485,0.1871601790189743,0.15075695514678955,0.15536591410636902,0.15223273634910583,3.0
1599,0.0,0.0,0.0,0.0,0.0,0.0,0.1763698011636734,0.17811448872089386,0.18717798590660095,0.1507592648267746,0.15536333620548248,0.1522151231765747,3.0
1600,1.0,1.0,0.0,0.0,1.0,0.0,0.18393763899803162,0.1622287929058075,0.18166019022464752,0.15787442028522491,0.15449143946170807,0.15980753302574158,0.0
1601,1.0,1.0,0.0,0.0,1.0,0.0,0.1839609444141388,0.16222551465034485,0.1816607266664505,0.15786534547805786,0.1544814556837082,0.1598059982061386,0.0
1602,0.0,1.0,1.0,1.0,1.0,0.0,0.17608003318309784,0.17796769738197327,0.18698549270629883,0.15084171295166016,0.15584692358970642,0.15227816998958588,4.0
1603,1.0,1.0,0.0,0.0,1.0,0.0,0.18395186960697174,0.162223219871521,0.18166722357273102,0.15786555409431458,0.15449227392673492,0.15979990363121033,0.0
1604,0.0,0.0,0.0,0.0,0.0,0.0,0.20194342732429504,0.16813360154628754,0.15921884775161743,0.15790042281150818,0.15848836302757263,0.15431538224220276,1.0
1605,0.0,0.0,0.0,0.0,0.0,0.0,0.20196448266506195,0.16812361776828766,0.15922312438488007,0.157893568277359,0.15846732258796692,0.1543278694152832,1.0
1606,1.0,1.0,1.0,1.0,1.0,1.0,0.1760760098695755,0.1779896467924118,0.18695329129695892,0.15085874497890472,0.15583887696266174,0.1522834748029709,4.0
1607,1.0,1.0,1.0,1.0,1.0,0.0,0.183949276804924,0.16222235560417175,0.18165791034698486,0.15786872804164886,0.15449385344982147,0.15980789065361023,0.0
1608,1.0,1.0,0.0,0.0,0.0,0.0,0.17604586482048035,0.17794495820999146,0.1872437298297882,0.1507788598537445,0.15556877851486206,0.152417853474617,2.0
1609,1.0,1.0,1.0,0.0,0.0,0.0,0.1760711818933487,0.17801646888256073,0.1869330257177353,0.15086199343204498,0.15584255754947662,0.15227484703063965,4.0
1610,1.0,1.0,0.0,0.0,1.0,0.0,0.18394188582897186,0.1622232049703598,0.18166202306747437,0.15787377953529358,0.15449820458889008,0.15980088710784912,0.0
1611,0.0,0.0,0.0,0.0,0.0,0.0,0.17637263238430023,0.17811903357505798,0.18717218935489655,0.15075841546058655,0.15536239743232727,0.15221531689167023,3.0
1612,1.0,1.0,0.0,0.0,0.0,0.0,0.20192469656467438,0.16817261278629303,0.1592133492231369,0.15791675448417664,0.1584249585866928,0.15434765815734863,1.0
1613,1.0,1.0,1.0,1.0,1.0,1.0,0.18394412100315094,0.16224218904972076,0.18164679408073425,0.15787909924983978,0.15449516475200653,0.15979264676570892,0.0
1614,1.0,1.0,0.0,1.0,1.0,0.0,0.20192158222198486,0.1681707352399826,0.15921513736248016,0.15790532529354095,0.1584402322769165,0.1543470174074173,1.0
1615,0.0,1.0,1.0,1.0,0.0,1.0,0.18395516276359558,0.16222669184207916,0.18164867162704468,0.15786239504814148,0.1545039266347885,0.15980318188667297,0.0
1616,1.0,1.0,0.0,0.0,0.0,0.0,0.18394899368286133,0.16225101053714752,0.18164077401161194,0.15786291658878326,0.15449850261211395,0.1597978174686432,0.0
1617,0.0,0.0,0.0,0.0,0.0,0.0,0.1763434261083603,0.1781528741121292,0.18712416291236877,0.1508031189441681,0.15534479916095734,0.15223164856433868,3.0
1618,1.0,1.0,0.0,0.0,1.0,0.0,0.18395103514194489,0.16222356259822845,0.1816622018814087,0.15785261988639832,0.1544909030199051,0.15981967747211456,0.0
1619,1.0,1.0,1.0,1.0,1.0,1.0,0.18394355475902557,0.1622852236032486,0.18163032829761505,0.15786045789718628,0.15450797975063324,0.15977245569229126,0.0
1620,1.0,1.0,1.0,1.0,1.0,1.0,0.20192714035511017,0.1681765764951706,0.15921305119991302,0.15791523456573486,0.15842336416244507,0.15434463322162628,1.0
1621,1.0,1.0,1.0,1.0,1.0,1.0,0.1763499528169632,0.17815546691417694,0.18712788820266724,0.15077944099903107,0.15535616874694824,0.15223108232021332,3.0
1622,1.0,1.0,1.0,1.0,1.0,1.0,0.17607204616069794,0.17799530923366547,0.1869436800479889,0.15086418390274048,0.1558467298746109,0.1522781103849411,4.0
1623,0.0,1.0,1.0,1.0,1.0,1.0,0.18394890427589417,0.16228169202804565,0.18163113296031952,0.15786698460578918,0.15450556576251984,0.15976575016975403,0.0
1624,1.0,1.0,1.0,1.0,1.0,1.0,0.18393781781196594,0.16226980090141296,0.18164241313934326,0.15786471962928772,0.15451189875602722,0.15977339446544647,0.0
1625,1.0,1.0,1.0,1.0,1.0,1.0,0.17604495584964752,0.1779536008834839,0.18722844123840332,0.1507757604122162,0.1555715948343277,0.1524256318807602,2.0
1626,1.0,1.0,0.0,0.0,1.0,0.0,0.17636989057064056,0.1781376451253891,0.18715986609458923,0.15075886249542236,0.1553499847650528,0.15222373604774475,3.0
1627,0.0,0.0,0.0,0.0,0.0,0.0,0.17609691619873047,0.17795541882514954,0.1869836002588272,0.1508152037858963,0.15586990118026733,0.15227895975112915,4.0
1628,1.0,1.0,1.0,0.0,1.0,0.0,0.17635275423526764,0.17814433574676514,0.18713298439979553,0.15078309178352356,0.15535868704319,0.1522282361984253,3.0
1629,0.0,0.0,0.0,0.0,0.0,0.0,0.20195063948631287,0.16815175116062164,0.15921299159526825,0.15789182484149933,0.15845392644405365,0.15433886647224426,1.0
1630,0.0,0.0,0.0,0.0,0.0,0.0,0.1760985553264618,0.1779899299144745,0.1869731992483139,0.15082210302352905,0.15583749115467072,0.15227876603603363,4.0
1631,0.0,0.0,0.0,0.0,1.0,0.0,0.17611098289489746,0.17794634401798248,0.1869865357875824,0.15081888437271118,0.155862957239151,0.1522742658853531,4.0
1632,1.0,1.0,1.0,1.0,1.0,1.0,0.2019665688276291,0.16814272105693817,0.1592128425836563,0.15789468586444855,0.15845707058906555,0.15432611107826233,1.0
1633,0.0,0.0,0.0,0.0,0.0,0.0,0.1763761341571808,0.1781279295682907,0.1871725171804428,0.15075214207172394,0.15535303950309753,0.15221817791461945,3.0
1634,1.0,1.0,0.0,0.0,1.0,0.0,0.17635086178779602,0.17816133797168732,0.1871138960123062,0.15080170333385468,0.15534715354442596,0.1522250771522522,3.0
1635,1.0,1.0,1.0,1.0,1.0,1.0,0.17633607983589172,0.1782078742980957,0.1870647370815277,0.1508115977048874,0.15535692870616913,0.15222279727458954,3.0
1636,1.0,1.0,0.0,0.0,0.0,0.0,0.17603501677513123,0.17796257138252258,0.18722590804100037,0.15078873932361603,0.155561164021492,0.1524265557527542,2.0
1637,0.0,0.0,0.0,0.0,1.0,0.0,0.20196999609470367,0.16811883449554443,0.15921585261821747,0.15789014101028442,0.1584838181734085,0.15432138741016388,1.0
1638,1.0,1.0,1.0,1.0,1.0,0.0,0.1760704070329666,0.17799200117588043,0.18695949018001556,0.15084250271320343,0.15584461390972137,0.1522909700870514,4.0
1639,0.0,0.0,0.0,0.0,0.0,0.0,0.18395596742630005,0.16220669448375702,0.18167473375797272,0.15785188972949982,0.15448978543281555,0.15982089936733246,0.0
1640,0.0,0.0,0.0,0.0,0.0,0.0,0.17605920135974884,0.17789576947689056,0.18727236986160278,0.15075407922267914,0.15558187663555145,0.15243665874004364,2.0
1641,1.0,1.0,0.0,0.0,1.0,0.0,0.1763676255941391,0.1781407743692398,0.18715538084506989,0.15076379477977753,0.1553470939397812,0.1522253304719925,3.0
1642,0.0,0.0,0.0,0.0,0.0,0.0,0.18396106362342834,0.16221588850021362,0.18166084587574005,0.15785397589206696,0.1544930785894394,0.15981516242027283,0.0
1643,1.0,1.0,0.0,1.0,1.0,1.0,0.1763574481010437,0.17816279828548431,0.18710541725158691,0.15080903470516205,0.15533772110939026,0.15222753584384918,3.0
1644,1.0,1.0,0.0,0.0,1.0,0.0,0.17609632015228271,0.1779787242412567,0.18697763979434967,0.1508084237575531,0.15585461258888245,0.15228432416915894,4.0
1645,0.0,0.0,0.0,0.0,0.0,0.0,0.17635659873485565,0.17814072966575623,0.1871567964553833,0.15077559649944305,0.15535391867160797,0.15221638977527618,3.0
1646,1.0,1.0,1.0,1.0,1.0,1.0,0.17604677379131317,0.17791427671909332,0.18726959824562073,0.15075550973415375,0.155571848154068,0.15244197845458984,2.0
1647,1.0,1.0,0.0,1.0,1.0,0.0,0.17608052492141724,0.1779593527317047,0.18699173629283905,0.15082977712154388,0.15585055947303772,0.15228810906410217,4.0
1648,1.0,1.0,1.0,1.0,1.0,1.0,0.1763553023338318,0.17813855409622192,0.18714161217212677,0.15077413618564606,0.1553613394498825,0.15222905576229095,3.0
1649,1.0,1.0,1.0,1.0,1.0,1.0,0.1760414093732834,0.1779104769229889,0.18727420270442963,0.15074655413627625,0.15557852387428284,0.1524488925933838,2.0
1650,1.0,1.0,1.0,1.0,1.0,1.0,0.17603912949562073,0.17795303463935852,0.1872323751449585,0.15077291429042816,0.15557333827018738,0.1524292230606079,2.0
1651,1.0,1.0,0.0,0.0,0.0,0.0,0.1760866940021515,0.178002268075943,0.18694069981575012,0.150847390294075,0.1558433324098587,0.15227964520454407,4.0
1652,1.0,1.0,1.0,1.0,1.0,1.0,0.17633825540542603,0.1781710684299469,0.1871197372674942,0.15079212188720703,0.1553514450788498,0.15222734212875366,3.0
1653,1.0,1.0,1.0,1.0,1.0,0.0,0.18393851816654205,0.1622321903705597,0.1816488355398178,0.15786826610565186,0.15450307726860046,0.15980912744998932,0.0
1654,1.0,1.0,0.0,0.0,1.0,0.0,0.18394823372364044,0.1622227132320404,0.18165017664432526,0.15787233412265778,0.15448826551437378,0.15981832146644592,0.0
1655,0.0,0.0,0.0,0.0,0.0,0.0,0.2019575983285904,0.16812655329704285,0.15922962129116058,0.1578907072544098,0.15847665071487427,0.15431886911392212,1.0
1656,1.0,1.0,0.0,0.0,1.0,0.0,0.20193685591220856,0.16816046833992004,0.15922127664089203,0.15790621936321259,0.15844328701496124,0.15433193743228912,1.0
1657,1.0,1.0,0.0,0.0,0.0,0.0,0.17607226967811584,0.17798267304897308,0.1869639903306961,0.15084852278232574,0.15585529804229736,0.15227726101875305,4.0
1658,0.0,0.0,0.0,0.0,0.0,0.0,0.17635640501976013,0.17814838886260986,0.18713730573654175,0.15077956020832062,0.1553523689508438,0.15222598612308502,3.0
1659,1.0,1.0,1.0,1.0,1.0,1.0,0.2019450068473816,0.16817551851272583,0.15920357406139374,0.15792599320411682,0.15840201079845428,0.15434788167476654,1.0
1660,1.0,1.0,1.0,1.0,1.0,1.0,0.2019200176000595,0.1681918501853943,0.15920640528202057,0.15792283415794373,0.15841253101825714,0.15434639155864716,1.0
1661,1.0,1.0,1.0,1.0,1.0,1.0,0.18394500017166138,0.1622355878353119,0.18164151906967163,0.15786366164684296,0.15451490879058838,0.15979933738708496,0.0
1662,1.0,1.0,1.0,1.0,1.0,0.0,0.1839367002248764,0.1622162014245987,0.18166236579418182,0.15787188708782196,0.1545044630765915,0.15980838239192963,0.0
1663,0.0,0.0,0.0,0.0,0.0,0.0,0.1839550882577896,0.16220256686210632,0.1816645711660385,0.15785087645053864,0.15449975430965424,0.15982717275619507,0.0
1664,0.0,0.0,0.0,0.0,0.0,0.0,0.20196892321109772,0.1681419014930725,0.15920694172382355,0.1579078882932663,0.15844029188156128,0.15433412790298462,1.0
1665,1.0,1.0,1.0,1.0,1.0,1.0,0.20192481577396393,0.16816318035125732,0.15921102464199066,0.15792375802993774,0.15843577682971954,0.154341459274292,1.0
1666,0.0,0.0,0.0,0.0,0.0,0.0,0.17607979476451874,0.17798630893230438,0.186960369348526,0.15084341168403625,0.15585587918758392,0.1522742360830307,4.0
1667,0.0,0.0,0.0,0.0,0.0,0.0,0.1839609444141388,0.16220293939113617,0.1816735714673996,0.1578521430492401,0.1544860452413559,0.1598244607448578,0.0
1668,1.0,1.0,1.0,1.0,0.0,1.0,0.18393681943416595,0.1622273176908493,0.18166427314281464,0.1578689068555832,0.15449723601341248,0.1598055511713028,0.0
1669,1.0,1.0,0.0,0.0,0.0,0.0,0.1760498285293579,0.17791807651519775,0.18726973235607147,0.15074750781059265,0.1555711328983307,0.15244373679161072,2.0
1670,0.0,0.0,0.0,0.0,0.0,0.0,0.1760755181312561,0.17797048389911652,0.18697968125343323,0.15084430575370789,0.15584886074066162,0.15228119492530823,4.0
1671,1.0,1.0,1.0,1.0,1.0,1.0,0.17634901404380798,0.1781575232744217,0.18713133037090302,0.1507912129163742,0.1553480625152588,0.1522229015827179,3.0
1672,1.0,1.0,0.0,1.0,1.0,0.0,0.17606131732463837,0.17803698778152466,0.18690434098243713,0.1508735716342926,0.15584498643875122,0.1522788554430008,4.0
1673,0.0,0.0,0.0,0.0,0.0,0.0,0.1763746738433838,0.17813201248645782,0.18714816868305206,0.1507602334022522,0.15536096692085266,0.15222392976284027,3.0
