,True_3TC,True_ABC,True_AZT,True_D4T,True_DDI,True_TDF,Pred_Proba_3TC,Pred_Proba_ABC,Pred_Proba_AZT,Pred_Proba_D4T,Pred_Proba_DDI,Pred_Proba_TDF,kFolds
0,1.0,1.0,0.0,1.0,1.0,1.0,0.9898322820663452,0.9894816875457764,0.9794227480888367,0.988564133644104,0.9912241697311401,0.9831840395927429,2.0
1,1.0,1.0,0.0,1.0,1.0,1.0,0.9921007752418518,0.988497257232666,0.9783594012260437,0.9901003241539001,0.992084801197052,0.9863589406013489,4.0
2,1.0,0.0,0.0,0.0,0.0,1.0,0.9899186491966248,0.9896805882453918,0.9804506301879883,0.9890129566192627,0.991370439529419,0.9842198491096497,2.0
3,0.0,0.0,0.0,0.0,0.0,0.0,0.9897458553314209,0.9893324375152588,0.9791108965873718,0.9883217215538025,0.9911952018737793,0.9826106429100037,2.0
4,0.0,0.0,0.0,0.0,0.0,0.0,0.9892505407333374,0.9904066920280457,0.9807537198066711,0.9880260825157166,0.9908372163772583,0.9854098558425903,3.0
5,0.0,0.0,0.0,0.0,0.0,0.0,0.9897500872612,0.9888450503349304,0.9787147045135498,0.9876405596733093,0.9910070300102234,0.9821873903274536,2.0
6,1.0,1.0,0.0,1.0,1.0,1.0,0.9901064038276672,0.9893863201141357,0.9798429608345032,0.9885033965110779,0.991288423538208,0.9833258390426636,2.0
7,0.0,1.0,0.0,0.0,1.0,0.0,0.9896969199180603,0.9889152646064758,0.9796876907348633,0.9879010915756226,0.991081953048706,0.9827836751937866,2.0
8,0.0,1.0,0.0,0.0,0.0,0.0,0.9921196699142456,0.9882163405418396,0.9775926470756531,0.9894307851791382,0.9921413660049438,0.9856564998626709,4.0
9,1.0,1.0,0.0,0.0,0.0,0.0,0.9963560104370117,0.9836130142211914,0.9453914761543274,0.9877879023551941,0.9922260046005249,0.9862967729568481,3.0
10,1.0,1.0,0.0,0.0,1.0,0.0,0.9974701404571533,0.9733631610870361,0.9312704801559448,0.9913514852523804,0.9890088438987732,0.9824108481407166,1.0
11,1.0,1.0,0.0,0.0,1.0,0.0,0.9964284300804138,0.9843473434448242,0.9483063817024231,0.9881894588470459,0.9922605156898499,0.9868236780166626,3.0
12,1.0,1.0,0.0,0.0,1.0,0.0,0.9947539567947388,0.9882431626319885,0.9705733060836792,0.9898213148117065,0.9929937720298767,0.9866973757743835,2.0
13,1.0,1.0,0.0,0.0,1.0,0.0,0.9937376976013184,0.9894225001335144,0.9783680438995361,0.9900088310241699,0.992460310459137,0.9881132245063782,4.0
14,0.0,0.0,0.0,0.0,0.0,0.0,0.9913468956947327,0.988214373588562,0.9824454188346863,0.9896657466888428,0.9913454055786133,0.9881961345672607,4.0
15,0.0,0.0,0.0,0.0,0.0,0.0,0.9861960411071777,0.977307915687561,0.961376965045929,0.9797408580780029,0.9843713641166687,0.9772536754608154,0.0
16,0.0,1.0,0.0,1.0,1.0,0.0,0.9901580214500427,0.9909171462059021,0.9817818403244019,0.9889070987701416,0.9912214279174805,0.9869892001152039,3.0
17,0.0,1.0,0.0,1.0,1.0,0.0,0.9901580214500427,0.9909171462059021,0.9817818403244019,0.9889070987701416,0.9912214279174805,0.9869892001152039,3.0
18,0.0,0.0,0.0,0.0,0.0,0.0,0.9887836575508118,0.9879257678985596,0.9789766073226929,0.9880813360214233,0.9879790544509888,0.9834951758384705,1.0
19,0.0,0.0,0.0,0.0,0.0,0.0,0.9898934960365295,0.9912014007568359,0.9828363060951233,0.9886329770088196,0.9910646677017212,0.9862149357795715,3.0
20,0.0,1.0,0.0,1.0,1.0,0.0,0.9933221936225891,0.990264892578125,0.9838458299636841,0.9913060069084167,0.9927567839622498,0.9890295267105103,4.0
21,1.0,1.0,0.0,1.0,1.0,0.0,0.9933221936225891,0.990264892578125,0.9838458299636841,0.9913060069084167,0.9927567839622498,0.9890295267105103,4.0
22,1.0,1.0,0.0,1.0,1.0,0.0,0.9898833632469177,0.9912494421005249,0.9835741519927979,0.9886611700057983,0.9909819960594177,0.9864000082015991,3.0
23,0.0,1.0,0.0,1.0,1.0,0.0,0.9888424873352051,0.9790769815444946,0.9622179269790649,0.9819413423538208,0.9855157732963562,0.9733869433403015,0.0
24,0.0,1.0,0.0,0.0,1.0,0.0,0.9896782636642456,0.9893731474876404,0.9799284338951111,0.9884918928146362,0.9912206530570984,0.9830839037895203,2.0
25,0.0,1.0,0.0,0.0,1.0,0.0,0.9896782636642456,0.9893731474876404,0.9799284338951111,0.9884918928146362,0.9912206530570984,0.9830839037895203,2.0
26,0.0,0.0,0.0,0.0,0.0,0.0,0.9928843975067139,0.9892491102218628,0.9793393015861511,0.9901824593544006,0.9922500848770142,0.9866470098495483,4.0
27,0.0,0.0,0.0,0.0,0.0,0.0,0.9897458553314209,0.9893324375152588,0.9791108965873718,0.9883217215538025,0.9911952018737793,0.9826106429100037,2.0
28,0.0,0.0,0.0,0.0,0.0,0.0,0.988775372505188,0.9898819327354431,0.9798877239227295,0.9874663949012756,0.9906078577041626,0.9844914078712463,3.0
29,0.0,0.0,0.0,0.0,0.0,0.0,0.9880989193916321,0.9763517379760742,0.9462110996246338,0.9793379306793213,0.9855887293815613,0.968244731426239,0.0
30,1.0,1.0,0.0,0.0,1.0,0.0,0.9889745712280273,0.9761709570884705,0.9453310966491699,0.9793612360954285,0.9855419397354126,0.9692749977111816,0.0
31,1.0,1.0,0.0,0.0,1.0,0.0,0.9927771091461182,0.9842970967292786,0.9689522385597229,0.988775372505188,0.9878265261650085,0.9846930503845215,1.0
32,1.0,1.0,0.0,0.0,1.0,0.0,0.9912192225456238,0.9765602946281433,0.9464589953422546,0.9798730611801147,0.9857419729232788,0.9741865992546082,0.0
33,1.0,1.0,0.0,0.0,1.0,0.0,0.9947629570960999,0.9883146286010742,0.9706775546073914,0.9897211194038391,0.9929117560386658,0.9866214990615845,2.0
34,1.0,1.0,0.0,0.0,1.0,0.0,0.9925925135612488,0.9881843328475952,0.975853443145752,0.9888728260993958,0.9919161200523376,0.9852274656295776,4.0
35,1.0,1.0,0.0,0.0,1.0,0.0,0.991591215133667,0.9900264739990234,0.9787479639053345,0.9883474707603455,0.9912428855895996,0.9866282343864441,3.0
36,1.0,1.0,0.0,0.0,1.0,0.0,0.9963560104370117,0.9836130142211914,0.9453914761543274,0.9877879023551941,0.9922260046005249,0.9862967729568481,3.0
37,1.0,1.0,0.0,0.0,1.0,0.0,0.993680477142334,0.9888896942138672,0.9761086106300354,0.9893310070037842,0.9921120405197144,0.9874277114868164,4.0
38,0.0,0.0,0.0,0.0,0.0,0.0,0.9880052208900452,0.989267885684967,0.9786843657493591,0.9865311980247498,0.9902612566947937,0.9833214282989502,3.0
39,0.0,0.0,0.0,0.0,0.0,0.0,0.9897500872612,0.9888450503349304,0.9787147045135498,0.9876405596733093,0.9910070300102234,0.9821873903274536,2.0
40,1.0,1.0,1.0,1.0,1.0,1.0,0.9891290068626404,0.9884042739868164,0.983309805393219,0.9871653318405151,0.9874144196510315,0.9851904511451721,4.0
41,0.0,1.0,1.0,1.0,1.0,1.0,0.9886317849159241,0.9830763339996338,0.9807002544403076,0.9856027364730835,0.9823081493377686,0.9829422235488892,1.0
42,1.0,1.0,1.0,1.0,1.0,1.0,0.9915384650230408,0.98921799659729,0.9817281365394592,0.9858043193817139,0.9871594905853271,0.9866210222244263,2.0
43,1.0,1.0,1.0,1.0,1.0,1.0,0.9893054962158203,0.9825754165649414,0.9664153456687927,0.9770708084106445,0.9761566519737244,0.974123477935791,0.0
44,1.0,1.0,1.0,1.0,1.0,1.0,0.9882420897483826,0.9806308746337891,0.9685538411140442,0.9772507548332214,0.9766784310340881,0.9775043725967407,0.0
45,1.0,1.0,1.0,1.0,1.0,1.0,0.9920529127120972,0.9914677143096924,0.987929105758667,0.987235963344574,0.9884160757064819,0.9892281293869019,2.0
46,1.0,1.0,0.0,0.0,0.0,0.0,0.9947010278701782,0.9845564365386963,0.9650963544845581,0.9883897304534912,0.9887198805809021,0.9878777265548706,3.0
47,1.0,1.0,0.0,0.0,0.0,0.0,0.9940688610076904,0.986668586730957,0.9696201682090759,0.9883155822753906,0.988867998123169,0.9876090288162231,2.0
48,1.0,1.0,1.0,1.0,1.0,0.0,0.9928218722343445,0.9761030077934265,0.9622148275375366,0.9844105243682861,0.9761342406272888,0.9804233312606812,1.0
49,1.0,1.0,1.0,1.0,1.0,0.0,0.989554762840271,0.9818405508995056,0.9683507084846497,0.9768946170806885,0.9776142835617065,0.9757598042488098,0.0
50,0.0,1.0,1.0,1.0,0.0,1.0,0.9916241765022278,0.9929608702659607,0.9889999032020569,0.9883942604064941,0.9896959066390991,0.9899064898490906,3.0
51,0.0,1.0,1.0,1.0,0.0,1.0,0.9899471402168274,0.9834495186805725,0.9734020829200745,0.9800004959106445,0.9816195964813232,0.9810917377471924,0.0
52,0.0,0.0,0.0,0.0,0.0,0.0,0.990341305732727,0.9898282289505005,0.9808506965637207,0.9888450503349304,0.9913081526756287,0.9841756224632263,2.0
53,0.0,0.0,0.0,0.0,0.0,0.0,0.9929681420326233,0.9891290664672852,0.9796761274337769,0.9900202751159668,0.9920925498008728,0.9868112206459045,4.0
54,1.0,1.0,0.0,1.0,1.0,0.0,0.9933487772941589,0.986152172088623,0.9733991622924805,0.9903744459152222,0.9889244437217712,0.9867289662361145,1.0
55,1.0,1.0,0.0,1.0,1.0,0.0,0.9917995929718018,0.9899638295173645,0.9794391989707947,0.9897162318229675,0.9919497966766357,0.985509991645813,2.0
56,1.0,1.0,0.0,0.0,1.0,0.0,0.9878050088882446,0.9762976169586182,0.9504841566085815,0.9791476726531982,0.9847247004508972,0.9679599404335022,0.0
57,1.0,1.0,0.0,0.0,1.0,0.0,0.9929136633872986,0.9915298223495483,0.982450008392334,0.9902732968330383,0.9919844269752502,0.9891469478607178,3.0
58,0.0,0.0,0.0,0.0,0.0,0.0,0.9884586930274963,0.9874058365821838,0.9776845574378967,0.9878823757171631,0.9879091382026672,0.9830489158630371,1.0
59,0.0,0.0,0.0,0.0,0.0,0.0,0.9870985150337219,0.9770887494087219,0.9522504806518555,0.9802112579345703,0.9852328896522522,0.968890905380249,0.0
60,0.0,0.0,0.0,0.0,0.0,0.0,0.9902514219284058,0.9897059202194214,0.9800594449043274,0.9885863661766052,0.9912999272346497,0.9834510087966919,2.0
61,0.0,0.0,0.0,0.0,0.0,0.0,0.9894846081733704,0.990536630153656,0.9811151623725891,0.9881537556648254,0.9908645749092102,0.9855921268463135,3.0
62,0.0,0.0,0.0,0.0,0.0,0.0,0.9915866851806641,0.9892336130142212,0.9817968606948853,0.9887508749961853,0.9904661178588867,0.9871416091918945,2.0
63,0.0,0.0,0.0,0.0,0.0,0.0,0.9857358336448669,0.986200213432312,0.9798073768615723,0.9832087159156799,0.9857586622238159,0.980230987071991,1.0
64,0.0,0.0,0.0,0.0,0.0,0.0,0.9935071468353271,0.9892212152481079,0.9803122282028198,0.9894877672195435,0.9911659359931946,0.9886515736579895,4.0
65,0.0,0.0,0.0,0.0,0.0,0.0,0.9903490543365479,0.9806883335113525,0.9672880172729492,0.981278121471405,0.9858630299568176,0.9792856574058533,0.0
66,1.0,1.0,1.0,1.0,1.0,1.0,0.9904182553291321,0.9893885254859924,0.982222318649292,0.987808346748352,0.9909595251083374,0.985974133014679,2.0
67,0.0,0.0,0.0,1.0,1.0,1.0,0.9874526858329773,0.9771401882171631,0.9646495580673218,0.9764440059661865,0.9806683659553528,0.9740892052650452,0.0
68,1.0,1.0,1.0,1.0,1.0,1.0,0.9920702576637268,0.9911417961120605,0.9865990877151489,0.9871454238891602,0.9880257248878479,0.9869319796562195,2.0
69,0.0,1.0,1.0,1.0,1.0,0.0,0.988091230392456,0.9832022786140442,0.9673014879226685,0.9764388799667358,0.9757102131843567,0.9758259654045105,0.0
70,1.0,1.0,1.0,1.0,1.0,0.0,0.9877098798751831,0.979265570640564,0.9623937606811523,0.9740091562271118,0.9733913540840149,0.9728592038154602,0.0
71,0.0,0.0,0.0,0.0,0.0,0.0,0.9905260801315308,0.9884079098701477,0.9774097204208374,0.9874923229217529,0.9909266233444214,0.9835121035575867,2.0
72,1.0,1.0,0.0,0.0,1.0,1.0,0.9916919469833374,0.9914647936820984,0.9867658615112305,0.989149272441864,0.9907459020614624,0.9897925853729248,2.0
73,0.0,0.0,0.0,0.0,0.0,0.0,0.9863860607147217,0.9749252796173096,0.964775800704956,0.9770320653915405,0.9804626703262329,0.9756637811660767,0.0
74,1.0,1.0,0.0,0.0,1.0,0.0,0.9929044842720032,0.9894418716430664,0.9822679758071899,0.9879797697067261,0.98846834897995,0.9877818822860718,2.0
75,1.0,1.0,1.0,1.0,1.0,0.0,0.9943808913230896,0.9891931414604187,0.9814901947975159,0.9891068339347839,0.989343523979187,0.9888167381286621,3.0
76,1.0,1.0,0.0,1.0,1.0,0.0,0.9880760908126831,0.9818907380104065,0.9660829901695251,0.9750472903251648,0.9748696684837341,0.9754325747489929,0.0
77,0.0,0.0,0.0,0.0,0.0,0.0,0.9910445213317871,0.9903982877731323,0.983998715877533,0.9895586967468262,0.9915213584899902,0.9870942234992981,2.0
78,1.0,1.0,0.0,0.0,1.0,1.0,0.9912477731704712,0.9796058535575867,0.9636043906211853,0.9819886684417725,0.9863249659538269,0.9811258316040039,0.0
79,0.0,1.0,1.0,1.0,1.0,0.0,0.9911746978759766,0.99254310131073,0.9888450503349304,0.9867864847183228,0.9884008169174194,0.9890729784965515,3.0
80,0.0,1.0,0.0,0.0,1.0,0.0,0.9952117800712585,0.9872099161148071,0.9695769548416138,0.990707278251648,0.9927478432655334,0.988806962966919,2.0
81,1.0,1.0,1.0,0.0,1.0,1.0,0.9887300133705139,0.9749065637588501,0.9604249596595764,0.9781820774078369,0.968867838382721,0.9777406454086304,1.0
82,1.0,1.0,0.0,0.0,1.0,0.0,0.9940385818481445,0.9897918701171875,0.9803265333175659,0.9893011450767517,0.9908374547958374,0.9890282154083252,2.0
83,1.0,1.0,0.0,0.0,1.0,0.0,0.9953318238258362,0.9705696105957031,0.9548337459564209,0.9887276887893677,0.9812819957733154,0.9822905659675598,1.0
84,1.0,1.0,0.0,0.0,0.0,0.0,0.9931387305259705,0.987697184085846,0.9776557683944702,0.9894785284996033,0.9914934635162354,0.9876530170440674,2.0
85,1.0,1.0,1.0,1.0,1.0,1.0,0.9935166835784912,0.9891629219055176,0.9797476530075073,0.98771733045578,0.9876514673233032,0.9874926805496216,2.0
86,1.0,1.0,1.0,1.0,1.0,1.0,0.9943759441375732,0.971899688243866,0.952544093132019,0.9847393035888672,0.975083589553833,0.981511652469635,1.0
87,0.0,0.0,0.0,0.0,0.0,0.0,0.9920886754989624,0.9883240461349487,0.9814459681510925,0.9888061285018921,0.9907537698745728,0.9872226715087891,4.0
88,0.0,0.0,1.0,0.0,0.0,0.0,0.9888705015182495,0.9844614863395691,0.9816181063652039,0.9853430986404419,0.9820984601974487,0.9834627509117126,1.0
89,0.0,0.0,0.0,0.0,0.0,0.0,0.9895060658454895,0.9897072315216064,0.9835113286972046,0.9874935746192932,0.9899084568023682,0.9859370589256287,3.0
90,0.0,1.0,1.0,1.0,1.0,1.0,0.9902470111846924,0.9905596375465393,0.9866002202033997,0.9848052859306335,0.9863216876983643,0.986352801322937,3.0
91,0.0,0.0,0.0,0.0,0.0,0.0,0.9926484227180481,0.9881652593612671,0.9798160791397095,0.988857090473175,0.9912905693054199,0.9863183498382568,4.0
92,0.0,0.0,0.0,0.0,0.0,0.0,0.9890029430389404,0.9894331097602844,0.9824967384338379,0.9864770174026489,0.9897035956382751,0.9839701056480408,2.0
93,0.0,0.0,0.0,0.0,0.0,0.0,0.9909940361976624,0.9915716648101807,0.9879144430160522,0.9885405898094177,0.9902517795562744,0.9888788461685181,3.0
94,1.0,1.0,0.0,0.0,0.0,0.0,0.9947722554206848,0.9888132214546204,0.9737663865089417,0.9902938604354858,0.9928674697875977,0.9874688386917114,2.0
95,0.0,1.0,1.0,1.0,0.0,1.0,0.9928830862045288,0.9902634620666504,0.9853744506835938,0.9891468286514282,0.9893922805786133,0.9888999462127686,4.0
96,0.0,0.0,0.0,0.0,0.0,0.0,0.9923690557479858,0.9872779846191406,0.9821445941925049,0.9886210560798645,0.9871045351028442,0.9875357747077942,1.0
97,1.0,1.0,1.0,1.0,1.0,1.0,0.9912253022193909,0.9901913404464722,0.9861865043640137,0.9871024489402771,0.9874317646026611,0.9864675998687744,2.0
98,0.0,0.0,0.0,0.0,0.0,0.0,0.9921133518218994,0.9870418310165405,0.9754060506820679,0.9880613088607788,0.9916661381721497,0.9844426512718201,4.0
99,1.0,0.0,0.0,0.0,0.0,0.0,0.9903464913368225,0.9763211607933044,0.9459906220436096,0.9762159585952759,0.9839684963226318,0.9747334718704224,0.0
100,1.0,1.0,0.0,0.0,1.0,0.0,0.9884910583496094,0.9749023914337158,0.9538294672966003,0.9783105850219727,0.9833924174308777,0.974685788154602,0.0
101,0.0,0.0,0.0,0.0,0.0,0.0,0.9862293004989624,0.9750241041183472,0.9552201628684998,0.9765164256095886,0.9830201268196106,0.9660564064979553,0.0
102,1.0,1.0,0.0,1.0,1.0,0.0,0.9921047687530518,0.9868050813674927,0.9754754304885864,0.9856980443000793,0.9867609739303589,0.9870581030845642,2.0
103,1.0,1.0,0.0,1.0,1.0,0.0,0.9936991930007935,0.9902156591415405,0.983852744102478,0.9887024164199829,0.9892326593399048,0.9883741140365601,4.0
104,1.0,1.0,1.0,1.0,1.0,0.0,0.9930833578109741,0.9904428124427795,0.9833841323852539,0.9870325326919556,0.9878875017166138,0.9875742793083191,2.0
105,0.0,0.0,0.0,0.0,0.0,0.0,0.9924452900886536,0.9893859624862671,0.9825921058654785,0.9893514513969421,0.991496741771698,0.9888249039649963,2.0
106,0.0,1.0,1.0,1.0,0.0,1.0,0.9921249747276306,0.9914865493774414,0.9877526760101318,0.988014280796051,0.9894802570343018,0.988868236541748,2.0
107,0.0,1.0,1.0,1.0,0.0,1.0,0.9881807565689087,0.9823119640350342,0.9687246084213257,0.9769054651260376,0.9766383767127991,0.9775630235671997,0.0
108,0.0,0.0,0.0,0.0,0.0,0.0,0.9867759346961975,0.989042341709137,0.9803463220596313,0.9842987060546875,0.9885358214378357,0.982637345790863,3.0
109,1.0,1.0,1.0,1.0,0.0,0.0,0.9828604459762573,0.9761074781417847,0.9601637721061707,0.9708518981933594,0.9710137248039246,0.9698352217674255,0.0
110,1.0,1.0,1.0,1.0,1.0,0.0,0.9924038052558899,0.9887835383415222,0.9839404821395874,0.9867703914642334,0.9877409338951111,0.9869153499603271,2.0
111,1.0,1.0,1.0,1.0,1.0,0.0,0.9902578592300415,0.9792491793632507,0.9688562154769897,0.9819276332855225,0.9721674919128418,0.9767292737960815,1.0
112,0.0,0.0,0.0,0.0,0.0,0.0,0.9928501844406128,0.988733172416687,0.9801982045173645,0.9891738891601562,0.9916846752166748,0.9871721863746643,4.0
113,1.0,1.0,1.0,1.0,1.0,1.0,0.994195282459259,0.9710515141487122,0.953555703163147,0.9857097864151001,0.9770196676254272,0.980861246585846,1.0
114,1.0,1.0,0.0,0.0,0.0,0.0,0.9961690306663513,0.9860761761665344,0.9707357287406921,0.9907346963882446,0.9914106130599976,0.9901504516601562,3.0
115,1.0,1.0,0.0,0.0,1.0,0.0,0.9909713268280029,0.9780183434486389,0.9640350937843323,0.9775290489196777,0.9814020991325378,0.9772235155105591,0.0
116,1.0,1.0,1.0,1.0,1.0,1.0,0.9904500842094421,0.9915511608123779,0.987671971321106,0.9858654737472534,0.9871482253074646,0.986491858959198,3.0
117,1.0,1.0,1.0,1.0,1.0,0.0,0.9937804341316223,0.9898968935012817,0.9814416170120239,0.9884272217750549,0.9879334568977356,0.9868749976158142,2.0
118,0.0,1.0,1.0,1.0,0.0,1.0,0.9910665154457092,0.9923772811889648,0.989211916923523,0.9879955649375916,0.9893637895584106,0.9884524941444397,3.0
119,1.0,1.0,1.0,1.0,1.0,0.0,0.9945235252380371,0.9877049922943115,0.977533757686615,0.9886457920074463,0.9878621101379395,0.9885832071304321,3.0
120,0.0,0.0,0.0,0.0,0.0,0.0,0.9913055300712585,0.9906909465789795,0.98653244972229,0.9884317517280579,0.9900568127632141,0.9886482357978821,2.0
121,1.0,1.0,0.0,0.0,1.0,0.0,0.9937655925750732,0.9887937903404236,0.9772858023643494,0.9884082674980164,0.991569459438324,0.987527072429657,4.0
122,0.0,1.0,1.0,1.0,1.0,0.0,0.9928641319274902,0.9897221922874451,0.9849961996078491,0.9882303476333618,0.9889251589775085,0.9883089065551758,4.0
123,0.0,0.0,0.0,0.0,0.0,0.0,0.987726628780365,0.972923219203949,0.948611319065094,0.9762033224105835,0.9832565188407898,0.967421293258667,0.0
124,0.0,0.0,0.0,0.0,0.0,0.0,0.9881943464279175,0.9779918789863586,0.9630725979804993,0.9783716201782227,0.9837650656700134,0.975333571434021,0.0
125,0.0,1.0,1.0,1.0,0.0,1.0,0.9908133149147034,0.990583062171936,0.9861611127853394,0.986373782157898,0.9872838258743286,0.9866480231285095,2.0
126,0.0,1.0,1.0,1.0,1.0,1.0,0.9921748042106628,0.9883800745010376,0.9830566048622131,0.9889723658561707,0.9880055785179138,0.9876852035522461,1.0
127,1.0,1.0,0.0,0.0,1.0,0.0,0.9955600500106812,0.9851824641227722,0.9542863965034485,0.9879298210144043,0.9911290407180786,0.9871770143508911,3.0
128,1.0,1.0,0.0,0.0,0.0,0.0,0.9900187253952026,0.9754706025123596,0.9485377669334412,0.972569465637207,0.9817736744880676,0.9711509943008423,0.0
129,0.0,0.0,0.0,1.0,1.0,0.0,0.9873872399330139,0.9882312417030334,0.9816522002220154,0.9859375357627869,0.9873186945915222,0.9828796982765198,1.0
130,1.0,1.0,1.0,1.0,1.0,0.0,0.9918509125709534,0.9899619817733765,0.9833259582519531,0.9879544973373413,0.9883224368095398,0.9871004819869995,4.0
131,1.0,1.0,1.0,1.0,1.0,1.0,0.9911813735961914,0.9686611890792847,0.952358067035675,0.9805532097816467,0.9712944626808167,0.978503406047821,1.0
132,0.0,1.0,1.0,1.0,0.0,1.0,0.9910979866981506,0.9904386401176453,0.9843519330024719,0.9853997826576233,0.9872332811355591,0.9879589080810547,2.0
133,0.0,0.0,0.0,0.0,0.0,0.0,0.9888548254966736,0.9899232983589172,0.9846546649932861,0.9869871139526367,0.9895169138908386,0.9857538938522339,3.0
134,0.0,0.0,0.0,0.0,0.0,0.0,0.9937578439712524,0.9904940724372864,0.9873430728912354,0.9901328086853027,0.9912954568862915,0.990149974822998,4.0
135,1.0,1.0,1.0,0.0,1.0,0.0,0.9908328652381897,0.9783811569213867,0.9663346409797668,0.980441689491272,0.9816821217536926,0.9798720479011536,0.0
136,1.0,1.0,1.0,0.0,1.0,0.0,0.9941732287406921,0.9899827837944031,0.9837868809700012,0.990211546421051,0.9911623001098633,0.9901662468910217,2.0
137,0.0,0.0,0.0,0.0,0.0,0.0,0.9910004734992981,0.9906346201896667,0.9832148551940918,0.9890962243080139,0.990898847579956,0.9862972497940063,2.0
138,0.0,0.0,0.0,0.0,0.0,0.0,0.9938888549804688,0.9901272058486938,0.9793475270271301,0.9913852214813232,0.993091344833374,0.9892483949661255,2.0
139,0.0,0.0,0.0,0.0,0.0,0.0,0.9919547438621521,0.9898452758789062,0.9796152710914612,0.9900810122489929,0.9922077059745789,0.987359344959259,2.0
140,0.0,0.0,0.0,0.0,0.0,0.0,0.9859035611152649,0.9818025231361389,0.9731982946395874,0.9810611009597778,0.984816312789917,0.9767778515815735,1.0
141,1.0,1.0,0.0,1.0,1.0,0.0,0.9877080917358398,0.9757343530654907,0.9637091159820557,0.9786021709442139,0.980587899684906,0.9773105382919312,0.0
142,1.0,1.0,0.0,0.0,1.0,0.0,0.9945196509361267,0.9702532887458801,0.9490640163421631,0.9856300950050354,0.975760281085968,0.979331374168396,1.0
143,1.0,1.0,0.0,0.0,1.0,0.0,0.9937242865562439,0.9886857271194458,0.975653350353241,0.9880460500717163,0.9911319613456726,0.9876963496208191,4.0
144,0.0,0.0,0.0,0.0,0.0,0.0,0.9905257225036621,0.9898424744606018,0.9827089309692383,0.9882383942604065,0.99085533618927,0.9851779341697693,2.0
145,0.0,0.0,0.0,0.0,0.0,0.0,0.9874529242515564,0.9893410801887512,0.9798703193664551,0.9865591526031494,0.9903607368469238,0.9835478663444519,3.0
146,1.0,1.0,1.0,1.0,1.0,0.0,0.9926014542579651,0.990728497505188,0.9846435785293579,0.9883155822753906,0.9884254932403564,0.9875530004501343,4.0
147,1.0,1.0,0.0,1.0,1.0,0.0,0.9908244609832764,0.9689726233482361,0.9475814700126648,0.9794798493385315,0.9688119292259216,0.9766923189163208,1.0
148,0.0,0.0,0.0,0.0,0.0,0.0,0.98642897605896,0.9875407814979553,0.9813064336776733,0.9848527312278748,0.986527144908905,0.9820891618728638,1.0
149,1.0,0.0,0.0,0.0,0.0,0.0,0.9956265687942505,0.9857101440429688,0.9562686085700989,0.9889062643051147,0.9914939403533936,0.9882474541664124,3.0
150,0.0,0.0,0.0,0.0,0.0,0.0,0.9928520321846008,0.9882805347442627,0.9782464504241943,0.9886138439178467,0.9905073642730713,0.9878929257392883,4.0
151,1.0,1.0,0.0,0.0,0.0,0.0,0.9943919777870178,0.9891003966331482,0.9802855253219604,0.9882454872131348,0.9901440143585205,0.9890807867050171,4.0
152,0.0,0.0,0.0,0.0,0.0,0.0,0.9935374855995178,0.9882436990737915,0.9759665131568909,0.987508237361908,0.9901732206344604,0.9872180819511414,4.0
153,1.0,1.0,1.0,1.0,1.0,0.0,0.9928970336914062,0.9870310425758362,0.9777406454086304,0.9856290221214294,0.9865601062774658,0.986818790435791,3.0
154,0.0,0.0,0.0,0.0,0.0,0.0,0.9915532469749451,0.9912353754043579,0.9865532517433167,0.9890435934066772,0.9904961585998535,0.9900938868522644,3.0
155,0.0,0.0,0.0,0.0,0.0,0.0,0.9882470965385437,0.9857529997825623,0.9793461561203003,0.9848991632461548,0.9863617420196533,0.9823174476623535,1.0
156,0.0,0.0,0.0,0.0,0.0,0.0,0.9917363524436951,0.9865599870681763,0.9829078316688538,0.9872516393661499,0.985450029373169,0.9861078262329102,1.0
157,1.0,1.0,1.0,1.0,1.0,1.0,0.9944895505905151,0.9893531799316406,0.9768663048744202,0.9889040589332581,0.988628625869751,0.9873557686805725,3.0
158,1.0,1.0,1.0,1.0,1.0,1.0,0.9928024411201477,0.9731806516647339,0.9565641283988953,0.9833717942237854,0.9727470874786377,0.9795448780059814,1.0
159,0.0,0.0,0.0,0.0,0.0,0.0,0.9890994429588318,0.9898894429206848,0.9829332828521729,0.987084686756134,0.989861249923706,0.9853708744049072,3.0
160,0.0,0.0,0.0,0.0,0.0,0.0,0.9915730953216553,0.9868364334106445,0.9753816723823547,0.9883451461791992,0.9915415644645691,0.9853649735450745,4.0
161,1.0,1.0,0.0,0.0,1.0,0.0,0.9935535192489624,0.9894194602966309,0.9817033410072327,0.9892057180404663,0.9904143214225769,0.9897168874740601,4.0
162,1.0,1.0,0.0,0.0,0.0,0.0,0.9888752698898315,0.9802144765853882,0.9679082036018372,0.9773184657096863,0.9781917929649353,0.977432906627655,0.0
163,0.0,0.0,0.0,0.0,0.0,0.0,0.9879200458526611,0.9739183187484741,0.9438465237617493,0.9744665026664734,0.9834322333335876,0.9665510654449463,0.0
164,1.0,1.0,0.0,0.0,1.0,0.0,0.9963831901550293,0.9786392450332642,0.958581805229187,0.9897294044494629,0.9836920499801636,0.9829168915748596,1.0
165,1.0,1.0,1.0,1.0,1.0,1.0,0.9917911291122437,0.9893450140953064,0.9827456474304199,0.9870402216911316,0.987849771976471,0.9860806465148926,2.0
166,1.0,1.0,1.0,1.0,1.0,0.0,0.9933318495750427,0.9912517666816711,0.985127866268158,0.9888802766799927,0.989213764667511,0.988545835018158,4.0
167,1.0,1.0,1.0,1.0,1.0,0.0,0.993452787399292,0.9896979928016663,0.9829931259155273,0.988997220993042,0.9889817833900452,0.9869334697723389,2.0
168,0.0,0.0,0.0,0.0,0.0,0.0,0.9869552254676819,0.9746322631835938,0.9573267102241516,0.9769349098205566,0.9828569293022156,0.9679168462753296,0.0
169,0.0,1.0,0.0,1.0,1.0,1.0,0.9910231828689575,0.9908834099769592,0.9851698279380798,0.9874476790428162,0.9891608357429504,0.987968921661377,3.0
170,1.0,1.0,0.0,1.0,1.0,1.0,0.9879998564720154,0.9765608906745911,0.9629004001617432,0.9761993885040283,0.9808016419410706,0.9767701029777527,0.0
171,0.0,0.0,0.0,0.0,0.0,0.0,0.9927504062652588,0.9914767146110535,0.9844239354133606,0.9905531406402588,0.992431640625,0.9885629415512085,2.0
172,1.0,1.0,0.0,1.0,1.0,0.0,0.9907022714614868,0.9912369251251221,0.9869861006736755,0.9861541390419006,0.9881652593612671,0.988398015499115,3.0
173,1.0,1.0,1.0,0.0,1.0,0.0,0.9905129075050354,0.9796452522277832,0.9645851254463196,0.9778737425804138,0.9787863492965698,0.977384626865387,0.0
174,1.0,1.0,1.0,1.0,0.0,1.0,0.9905328750610352,0.9908848404884338,0.9867000579833984,0.987036943435669,0.9863685965538025,0.9875248670578003,1.0
175,1.0,1.0,0.0,1.0,1.0,1.0,0.9856657385826111,0.9785948395729065,0.9626578092575073,0.9730122089385986,0.9732224345207214,0.9703299403190613,0.0
176,1.0,1.0,0.0,1.0,1.0,0.0,0.9941118359565735,0.9888466000556946,0.9820073246955872,0.9882380366325378,0.9881575703620911,0.9876126646995544,3.0
177,0.0,1.0,1.0,1.0,1.0,1.0,0.9909012317657471,0.9913452863693237,0.9877172112464905,0.9875420928001404,0.9866986274719238,0.9867613315582275,1.0
178,0.0,1.0,1.0,1.0,1.0,0.0,0.9903872609138489,0.987467348575592,0.9815639853477478,0.9847224354743958,0.9829980134963989,0.984632134437561,1.0
179,1.0,1.0,0.0,1.0,1.0,0.0,0.9952967762947083,0.9706045389175415,0.9482941031455994,0.9868179559707642,0.9787948131561279,0.9818020462989807,1.0
180,0.0,0.0,0.0,0.0,0.0,0.0,0.9921004176139832,0.9918259382247925,0.9883286952972412,0.9873914122581482,0.9893437623977661,0.9895852208137512,3.0
181,1.0,1.0,1.0,1.0,0.0,0.0,0.9906316995620728,0.9740242958068848,0.9630928635597229,0.9817317128181458,0.9734331369400024,0.9798128604888916,1.0
182,0.0,0.0,0.0,0.0,0.0,0.0,0.9901705384254456,0.9898062348365784,0.9800482392311096,0.9886215329170227,0.9912527203559875,0.9836212396621704,2.0
183,1.0,1.0,1.0,1.0,1.0,1.0,0.9933404326438904,0.9891093969345093,0.9821071028709412,0.9883605241775513,0.9879265427589417,0.9865228533744812,2.0
184,1.0,1.0,1.0,1.0,1.0,1.0,0.9892702102661133,0.9829887747764587,0.9687182307243347,0.9765591621398926,0.9757031798362732,0.9768813252449036,0.0
185,0.0,0.0,0.0,0.0,0.0,0.0,0.9867187142372131,0.9726047515869141,0.9398825764656067,0.9696304202079773,0.9814607501029968,0.9595475196838379,0.0
186,1.0,1.0,1.0,1.0,1.0,1.0,0.9936823844909668,0.9904324412345886,0.9827905893325806,0.9881856441497803,0.9889688491821289,0.9889506697654724,4.0
187,1.0,1.0,1.0,1.0,1.0,0.0,0.9928960204124451,0.9890910983085632,0.9801684617996216,0.9903659820556641,0.9924570322036743,0.9890871047973633,4.0
188,1.0,1.0,0.0,0.0,1.0,0.0,0.9903134107589722,0.9753710031509399,0.9504006505012512,0.9747785329818726,0.9819310903549194,0.9730884432792664,0.0
189,1.0,1.0,1.0,1.0,0.0,0.0,0.9923514723777771,0.9897639751434326,0.9812275171279907,0.9871600866317749,0.9873825907707214,0.9875192642211914,4.0
190,0.0,0.0,0.0,0.0,0.0,0.0,0.9871949553489685,0.9875509142875671,0.9767923951148987,0.9852855801582336,0.9899561405181885,0.9818653464317322,3.0
191,0.0,0.0,0.0,0.0,0.0,0.0,0.9903407692909241,0.9900859594345093,0.9849745035171509,0.9866156578063965,0.9892296195030212,0.987266480922699,3.0
192,0.0,1.0,0.0,1.0,1.0,0.0,0.9896336793899536,0.9877320528030396,0.9810287356376648,0.9840272665023804,0.9837570190429688,0.985283374786377,1.0
193,0.0,0.0,0.0,0.0,0.0,0.0,0.9923911690711975,0.9886903166770935,0.976500391960144,0.9894866943359375,0.9920563101768494,0.9857615232467651,2.0
194,1.0,1.0,1.0,1.0,0.0,0.0,0.994236946105957,0.989132821559906,0.9818743467330933,0.9889736771583557,0.9896056652069092,0.9886866807937622,2.0
195,0.0,1.0,1.0,1.0,1.0,1.0,0.9902219772338867,0.9906659722328186,0.9874792098999023,0.987180769443512,0.9873286485671997,0.9867532849311829,1.0
196,1.0,1.0,1.0,1.0,1.0,1.0,0.9899024963378906,0.9783530235290527,0.9658524394035339,0.9810941219329834,0.9717269539833069,0.978262186050415,1.0
197,1.0,1.0,1.0,1.0,1.0,1.0,0.9923937320709229,0.9903180599212646,0.9853737354278564,0.988792359828949,0.9893736243247986,0.9883573651313782,4.0
198,0.0,0.0,0.0,0.0,0.0,0.0,0.9876047372817993,0.9754981398582458,0.9561031460762024,0.9729932546615601,0.97999507188797,0.9685570597648621,0.0
199,0.0,0.0,1.0,0.0,0.0,0.0,0.9888441562652588,0.9806168079376221,0.9691094160079956,0.9807852506637573,0.9831647276878357,0.9802241325378418,0.0
200,0.0,0.0,0.0,0.0,0.0,0.0,0.9920340180397034,0.9888390898704529,0.9835036993026733,0.9894456267356873,0.9912047982215881,0.9882907867431641,4.0
201,1.0,1.0,1.0,1.0,1.0,0.0,0.9935187697410583,0.9914793372154236,0.9856426119804382,0.989553689956665,0.9895573258399963,0.9885198473930359,4.0
202,1.0,1.0,1.0,1.0,1.0,1.0,0.9925204515457153,0.9902753829956055,0.9851592183113098,0.9892722368240356,0.9892299771308899,0.9874557256698608,4.0
203,0.0,0.0,1.0,0.0,0.0,1.0,0.9876282215118408,0.9780405759811401,0.9665197730064392,0.9755492210388184,0.9776930212974548,0.9757093191146851,0.0
204,1.0,1.0,1.0,1.0,1.0,0.0,0.9930487871170044,0.9870696067810059,0.9759001135826111,0.9869222044944763,0.9873104095458984,0.9874305725097656,2.0
205,1.0,1.0,1.0,1.0,1.0,1.0,0.9935330152511597,0.9916431903839111,0.9852502942085266,0.9893787503242493,0.9898680448532104,0.9883301258087158,4.0
206,1.0,1.0,1.0,1.0,1.0,0.0,0.9920807480812073,0.9907797574996948,0.9833444952964783,0.9883013367652893,0.9881305694580078,0.985365092754364,4.0
207,1.0,1.0,0.0,0.0,1.0,1.0,0.9924579858779907,0.9885081648826599,0.9809244871139526,0.9897003173828125,0.9913663268089294,0.9893163442611694,4.0
208,1.0,1.0,1.0,1.0,1.0,1.0,0.9875344038009644,0.9857667684555054,0.9789204001426697,0.9807775616645813,0.9778338670730591,0.9791391491889954,1.0
209,1.0,1.0,1.0,1.0,1.0,1.0,0.992649257183075,0.9755753874778748,0.9609843492507935,0.9841827750205994,0.9762242436408997,0.9811976552009583,1.0
210,1.0,1.0,1.0,1.0,1.0,1.0,0.9909631609916687,0.9822884798049927,0.9673817157745361,0.9782198667526245,0.9765688180923462,0.9764834642410278,0.0
211,1.0,1.0,1.0,1.0,1.0,1.0,0.9924513697624207,0.9922102689743042,0.987736701965332,0.9884229302406311,0.9890915155410767,0.9896005988121033,2.0
212,0.0,0.0,0.0,0.0,0.0,0.0,0.989482045173645,0.9774783849716187,0.9586678147315979,0.9778628349304199,0.9846776723861694,0.9737811088562012,0.0
213,1.0,1.0,0.0,0.0,0.0,0.0,0.993347704410553,0.9893783926963806,0.982379674911499,0.9886896014213562,0.9897051453590393,0.9889252781867981,2.0
214,1.0,1.0,0.0,0.0,0.0,0.0,0.9889567494392395,0.9719650745391846,0.9589989185333252,0.9786127805709839,0.9701638221740723,0.9763927459716797,1.0
215,0.0,0.0,0.0,0.0,0.0,0.0,0.9908316731452942,0.9878706336021423,0.9759041666984558,0.9877107739448547,0.9914687871932983,0.9835357666015625,2.0
216,0.0,0.0,0.0,0.0,0.0,0.0,0.9928812980651855,0.9888928532600403,0.9799204468727112,0.9887986779212952,0.991887629032135,0.9864752888679504,4.0
217,0.0,0.0,0.0,0.0,0.0,0.0,0.9881219863891602,0.9895015358924866,0.9786376357078552,0.986578106880188,0.9900078773498535,0.9843478202819824,3.0
218,0.0,0.0,0.0,0.0,0.0,0.0,0.9875675439834595,0.986274778842926,0.9753473997116089,0.9861873388290405,0.9873981475830078,0.9820324778556824,1.0
219,1.0,1.0,0.0,0.0,1.0,0.0,0.9934275150299072,0.9897682070732117,0.9846447110176086,0.988669216632843,0.9896535277366638,0.9890887141227722,4.0
220,0.0,1.0,0.0,0.0,1.0,1.0,0.9869128465652466,0.9744200706481934,0.9563305377960205,0.9739399552345276,0.9797515273094177,0.9740400314331055,0.0
221,1.0,1.0,0.0,0.0,0.0,0.0,0.9974108338356018,0.9729107618331909,0.930253267288208,0.9911158084869385,0.989050030708313,0.9815985560417175,1.0
222,1.0,1.0,0.0,0.0,1.0,0.0,0.994120180606842,0.9862170219421387,0.9718789458274841,0.9876134395599365,0.988753080368042,0.987603485584259,2.0
223,0.0,0.0,0.0,0.0,0.0,0.0,0.9904600381851196,0.9902510643005371,0.9831531643867493,0.9878371953964233,0.9904618859291077,0.9871296286582947,3.0
224,1.0,1.0,0.0,0.0,0.0,0.0,0.9948315620422363,0.9892080426216125,0.9833811521530151,0.9914001226425171,0.991815984249115,0.9900966882705688,2.0
225,0.0,0.0,0.0,0.0,0.0,0.0,0.9928635954856873,0.9895781874656677,0.9834061861038208,0.9892048835754395,0.9908097982406616,0.9885995388031006,4.0
226,1.0,1.0,1.0,1.0,1.0,0.0,0.9852204322814941,0.9785122871398926,0.9656558632850647,0.9749550819396973,0.9735408425331116,0.9735879302024841,0.0
227,0.0,1.0,1.0,1.0,0.0,1.0,0.9923778772354126,0.9908774495124817,0.986506462097168,0.9878677129745483,0.9888026118278503,0.9887850284576416,2.0
228,1.0,1.0,1.0,1.0,1.0,1.0,0.9923046231269836,0.9885402321815491,0.9815192222595215,0.9866918921470642,0.988059937953949,0.9878637194633484,2.0
229,1.0,1.0,1.0,1.0,1.0,1.0,0.9928223490715027,0.9895972609519958,0.9842268824577332,0.9892944097518921,0.9900649189949036,0.9892800450325012,4.0
230,0.0,0.0,0.0,0.0,0.0,0.0,0.9931361675262451,0.9888977408409119,0.9812837243080139,0.9885625839233398,0.9914074540138245,0.9864621758460999,4.0
231,0.0,0.0,0.0,0.0,0.0,0.0,0.9884965419769287,0.9787265062332153,0.9629588723182678,0.9798633456230164,0.9832756519317627,0.9761946797370911,0.0
232,0.0,0.0,0.0,0.0,0.0,0.0,0.9923564195632935,0.988909900188446,0.9806275963783264,0.9883041381835938,0.989795982837677,0.9880905151367188,2.0
233,0.0,1.0,1.0,1.0,1.0,1.0,0.9884645342826843,0.9903762936592102,0.9845716953277588,0.9830603003501892,0.9834806323051453,0.9838846325874329,1.0
234,0.0,1.0,1.0,1.0,0.0,1.0,0.9914353489875793,0.9922593235969543,0.9891310930252075,0.9884756803512573,0.9897785782814026,0.9896091222763062,3.0
235,0.0,0.0,0.0,0.0,0.0,0.0,0.9903824925422668,0.9874951243400574,0.9773035645484924,0.9866644144058228,0.9896661043167114,0.9835253953933716,2.0
236,1.0,1.0,0.0,0.0,1.0,0.0,0.9964978694915771,0.9792822599411011,0.9632233381271362,0.9904285669326782,0.985798716545105,0.984214186668396,1.0
237,1.0,1.0,1.0,1.0,1.0,1.0,0.9904601573944092,0.9831616878509521,0.9726382493972778,0.9821954369544983,0.982761561870575,0.9804570078849792,0.0
238,1.0,1.0,1.0,1.0,1.0,1.0,0.9910894632339478,0.9920746088027954,0.9883726239204407,0.9863801598548889,0.9881615042686462,0.9887027740478516,3.0
239,0.0,0.0,0.0,0.0,0.0,0.0,0.9841113090515137,0.9720960855484009,0.9590449333190918,0.9736326932907104,0.9791808128356934,0.9707420468330383,0.0
240,0.0,0.0,0.0,0.0,0.0,0.0,0.985848069190979,0.9730728268623352,0.9608371257781982,0.9739071726799011,0.9778841733932495,0.9735736846923828,0.0
241,1.0,1.0,1.0,1.0,1.0,1.0,0.9920490384101868,0.9893839955329895,0.9838919639587402,0.9886310696601868,0.9886837601661682,0.987880527973175,4.0
242,0.0,0.0,0.0,0.0,0.0,0.0,0.9909052848815918,0.9888014793395996,0.9803951382637024,0.9874209761619568,0.9902380108833313,0.9855561852455139,2.0
243,0.0,0.0,0.0,0.0,0.0,0.0,0.9916765689849854,0.9889523386955261,0.984140157699585,0.9885764718055725,0.9878550171852112,0.9877041578292847,1.0
244,1.0,1.0,1.0,0.0,0.0,0.0,0.991135835647583,0.9817348122596741,0.9694417715072632,0.9815436601638794,0.982620894908905,0.9810490608215332,0.0
245,0.0,0.0,0.0,0.0,0.0,0.0,0.9903936982154846,0.9908930063247681,0.9836496114730835,0.9880908727645874,0.9904845952987671,0.9867386817932129,3.0
246,0.0,1.0,1.0,1.0,1.0,1.0,0.9936500191688538,0.9901318550109863,0.9837145209312439,0.9884876608848572,0.9886337518692017,0.9892405867576599,4.0
247,1.0,1.0,1.0,1.0,1.0,1.0,0.9881343245506287,0.9824383854866028,0.9661896228790283,0.9755447506904602,0.9732335805892944,0.9732051491737366,0.0
248,0.0,1.0,1.0,1.0,0.0,1.0,0.9912001490592957,0.9901348948478699,0.9855968356132507,0.9864675402641296,0.9876740574836731,0.9870733022689819,2.0
249,0.0,0.0,0.0,0.0,0.0,0.0,0.9899409413337708,0.9892455339431763,0.9805070161819458,0.9886953234672546,0.9911934733390808,0.9842461347579956,2.0
250,0.0,0.0,0.0,0.0,0.0,0.0,0.9893141984939575,0.9907354116439819,0.9846610426902771,0.9874020218849182,0.9900306463241577,0.986003577709198,3.0
251,0.0,1.0,1.0,1.0,1.0,1.0,0.9857826232910156,0.9795432090759277,0.9676712155342102,0.9757528901100159,0.9761804938316345,0.9754730463027954,0.0
252,1.0,1.0,0.0,0.0,1.0,0.0,0.9934630393981934,0.9899787902832031,0.9828392863273621,0.9883063435554504,0.9885347485542297,0.9890369772911072,4.0
253,1.0,1.0,1.0,1.0,1.0,0.0,0.9933369159698486,0.9913470149040222,0.9842731952667236,0.9890480637550354,0.9893757104873657,0.9886783957481384,4.0
254,1.0,1.0,1.0,0.0,1.0,1.0,0.9962027668952942,0.9805107712745667,0.9658716917037964,0.9899984002113342,0.9851905703544617,0.9847203493118286,1.0
255,1.0,1.0,1.0,0.0,1.0,0.0,0.995465099811554,0.9861798882484436,0.9726329445838928,0.9889606833457947,0.9891252517700195,0.989151120185852,3.0
256,1.0,1.0,1.0,1.0,1.0,0.0,0.9928457140922546,0.990431010723114,0.9842674136161804,0.9867874383926392,0.9872204661369324,0.9868364334106445,2.0
257,0.0,0.0,0.0,0.0,0.0,0.0,0.9881855249404907,0.989128053188324,0.9816723465919495,0.9858800768852234,0.9896931052207947,0.9841955900192261,3.0
258,0.0,0.0,0.0,0.0,0.0,0.0,0.9926897883415222,0.9902011752128601,0.9831985831260681,0.9894947409629822,0.9914618730545044,0.9889608025550842,2.0
259,1.0,0.0,0.0,0.0,1.0,0.0,0.9880099892616272,0.9754353165626526,0.9493795037269592,0.9769555330276489,0.9835928678512573,0.9694221019744873,0.0
260,0.0,0.0,1.0,0.0,0.0,1.0,0.9917702674865723,0.9917565584182739,0.9876493811607361,0.98857182264328,0.9894850850105286,0.9894882440567017,2.0
261,1.0,1.0,0.0,0.0,1.0,0.0,0.9895073771476746,0.9800807237625122,0.9688734412193298,0.9774513840675354,0.9781340956687927,0.9780018925666809,0.0
262,1.0,1.0,0.0,0.0,1.0,1.0,0.9919850826263428,0.9881121516227722,0.9838660359382629,0.9889310002326965,0.9904493689537048,0.987773597240448,4.0
263,0.0,0.0,0.0,1.0,1.0,1.0,0.9900614023208618,0.9898062348365784,0.9830229878425598,0.9875149726867676,0.9892686009407043,0.9874448776245117,3.0
264,0.0,0.0,0.0,0.0,0.0,0.0,0.9908340573310852,0.9914525747299194,0.9872410297393799,0.9872003793716431,0.9880130290985107,0.9875653386116028,3.0
265,1.0,1.0,0.0,0.0,1.0,0.0,0.9876718521118164,0.9800195693969727,0.9703460931777954,0.9796176552772522,0.9719207286834717,0.9777759909629822,1.0
266,1.0,1.0,1.0,1.0,1.0,0.0,0.9938878417015076,0.966536819934845,0.9410252571105957,0.9832475781440735,0.9696922898292542,0.98001629114151,1.0
267,1.0,1.0,1.0,1.0,1.0,0.0,0.9927970767021179,0.9884648323059082,0.9789696931838989,0.9877095222473145,0.9879004955291748,0.9871093034744263,2.0
268,1.0,1.0,0.0,1.0,1.0,0.0,0.9911304712295532,0.9926787614822388,0.9888342022895813,0.987949013710022,0.988744854927063,0.9881055355072021,3.0
269,0.0,0.0,0.0,0.0,0.0,0.0,0.9933659434318542,0.9885563254356384,0.9786273837089539,0.9883996248245239,0.9907507300376892,0.9882040023803711,4.0
270,0.0,1.0,1.0,1.0,0.0,1.0,0.987272322177887,0.9780478477478027,0.9660207033157349,0.9763734340667725,0.9786788821220398,0.975934624671936,0.0
271,1.0,1.0,1.0,1.0,1.0,0.0,0.9916810393333435,0.9790372848510742,0.9622079730033875,0.9786310195922852,0.9824277758598328,0.9799984097480774,0.0
272,1.0,1.0,0.0,0.0,1.0,0.0,0.994506299495697,0.9886093139648438,0.9743261337280273,0.9907795190811157,0.9931896328926086,0.9883201122283936,2.0
273,0.0,1.0,1.0,0.0,0.0,0.0,0.9934822916984558,0.9897741079330444,0.9785405993461609,0.9878875017166138,0.9900151491165161,0.9876281023025513,2.0
274,0.0,0.0,0.0,0.0,0.0,0.0,0.98649662733078,0.9771788120269775,0.9668666124343872,0.9769529104232788,0.979820728302002,0.9768515229225159,0.0
275,0.0,0.0,0.0,0.0,0.0,0.0,0.9873838424682617,0.9759053587913513,0.9575226306915283,0.9766327142715454,0.9832746386528015,0.9705482721328735,0.0
276,1.0,1.0,1.0,1.0,1.0,1.0,0.9930481314659119,0.9901272058486938,0.98475581407547,0.987986147403717,0.9887431859970093,0.9879507422447205,4.0
277,1.0,1.0,1.0,1.0,1.0,1.0,0.989613950252533,0.9875137209892273,0.981474757194519,0.9838878512382507,0.9829066395759583,0.9843370318412781,1.0
278,1.0,1.0,1.0,1.0,1.0,0.0,0.9915918111801147,0.9887885451316833,0.9816916584968567,0.9865385293960571,0.986380398273468,0.9858201742172241,3.0
279,1.0,1.0,1.0,1.0,1.0,0.0,0.9917701482772827,0.9900117516517639,0.9820951819419861,0.9864581227302551,0.9872133135795593,0.9869938492774963,4.0
280,1.0,1.0,1.0,1.0,1.0,1.0,0.9924325942993164,0.992763102054596,0.988482654094696,0.9895927906036377,0.9903213381767273,0.9898746013641357,2.0
281,0.0,0.0,0.0,0.0,0.0,0.0,0.9921326041221619,0.9907742142677307,0.9860314130783081,0.9888424873352051,0.9908819198608398,0.988937258720398,2.0
282,1.0,1.0,1.0,1.0,1.0,0.0,0.9916749596595764,0.9784975647926331,0.9639800190925598,0.9841085076332092,0.9746179580688477,0.980148434638977,1.0
283,1.0,1.0,0.0,0.0,1.0,0.0,0.9939538836479187,0.9898180365562439,0.9787278771400452,0.9898343086242676,0.9921005368232727,0.9882581830024719,4.0
284,1.0,1.0,1.0,0.0,0.0,1.0,0.9942201375961304,0.98661208152771,0.9747498035430908,0.9870358109474182,0.9869179129600525,0.9877986907958984,3.0
285,1.0,1.0,1.0,1.0,1.0,1.0,0.988843560218811,0.9733085632324219,0.960516095161438,0.9779207110404968,0.9681324362754822,0.9758490324020386,1.0
286,0.0,0.0,0.0,0.0,0.0,0.0,0.9919925928115845,0.9856030941009521,0.9740095138549805,0.9882785081863403,0.9879806637763977,0.9846582412719727,1.0
287,1.0,1.0,1.0,1.0,0.0,0.0,0.9936181306838989,0.9705812931060791,0.9520743489265442,0.983634352684021,0.9751014709472656,0.9800693988800049,1.0
288,1.0,1.0,0.0,0.0,1.0,0.0,0.9931541681289673,0.9899711608886719,0.9814629554748535,0.9879091382026672,0.9880092740058899,0.987420380115509,4.0
289,0.0,0.0,0.0,0.0,0.0,0.0,0.9865608811378479,0.9766584038734436,0.9657618999481201,0.977770984172821,0.981726884841919,0.977207601070404,0.0
290,0.0,1.0,1.0,1.0,1.0,1.0,0.9868326187133789,0.987656831741333,0.9815573692321777,0.9804209470748901,0.9811806678771973,0.9825791120529175,1.0
291,1.0,1.0,1.0,1.0,1.0,0.0,0.9887281656265259,0.9775145053863525,0.9651054739952087,0.9785239696502686,0.9695233702659607,0.9762958288192749,1.0
292,1.0,1.0,1.0,0.0,1.0,1.0,0.9932217597961426,0.9702150225639343,0.9449325799942017,0.9819083213806152,0.9691084027290344,0.9789072871208191,1.0
293,1.0,1.0,0.0,0.0,1.0,0.0,0.9927928447723389,0.9890946745872498,0.983290433883667,0.9890637993812561,0.9908732175827026,0.9891146421432495,4.0
294,1.0,1.0,1.0,1.0,1.0,0.0,0.9869186282157898,0.9751164317131042,0.9616349339485168,0.9751460552215576,0.9652592539787292,0.9749314785003662,1.0
295,1.0,1.0,0.0,0.0,0.0,0.0,0.9921080470085144,0.9880576133728027,0.9786238670349121,0.9867620468139648,0.9884074330329895,0.9867532253265381,4.0
296,0.0,1.0,1.0,1.0,0.0,1.0,0.9901009798049927,0.9908245801925659,0.9874365329742432,0.9873005747795105,0.9876413941383362,0.9874482750892639,1.0
297,1.0,1.0,1.0,1.0,1.0,1.0,0.9884496927261353,0.9819522500038147,0.9676569104194641,0.9760238528251648,0.9755008816719055,0.9743862152099609,0.0
298,1.0,1.0,1.0,1.0,1.0,0.0,0.988705575466156,0.9812522530555725,0.969518780708313,0.9788765907287598,0.9789014458656311,0.9773334264755249,0.0
299,1.0,1.0,1.0,1.0,1.0,0.0,0.9942160248756409,0.9893139004707336,0.9799038767814636,0.9891141653060913,0.9893246293067932,0.9881558418273926,2.0
300,0.0,0.0,0.0,0.0,0.0,0.0,0.9874810576438904,0.9780885577201843,0.9548627734184265,0.9798656105995178,0.9852949380874634,0.9699740409851074,0.0
301,1.0,1.0,1.0,1.0,1.0,0.0,0.9937739372253418,0.989147961139679,0.9818699359893799,0.9881199598312378,0.9881503582000732,0.9879056215286255,3.0
302,1.0,1.0,1.0,1.0,1.0,1.0,0.9915361404418945,0.9887585639953613,0.9824681878089905,0.9855807423591614,0.9865907430648804,0.9856165647506714,2.0
303,1.0,1.0,1.0,0.0,0.0,0.0,0.9877816438674927,0.9821950793266296,0.9677991271018982,0.9757687449455261,0.9749730825424194,0.9751248359680176,0.0
304,0.0,0.0,0.0,0.0,0.0,0.0,0.9894315004348755,0.9904118180274963,0.9819478988647461,0.9877025485038757,0.9904926419258118,0.9855554103851318,3.0
305,1.0,1.0,1.0,1.0,1.0,0.0,0.99365234375,0.9902053475379944,0.9820280075073242,0.9902411699295044,0.9908583760261536,0.9892010688781738,2.0
306,0.0,0.0,0.0,0.0,0.0,0.0,0.9866238236427307,0.9865987300872803,0.9749910831451416,0.9860246777534485,0.986922025680542,0.9809359312057495,1.0
307,1.0,1.0,1.0,1.0,1.0,1.0,0.99261075258255,0.990811824798584,0.9865737557411194,0.987321674823761,0.988311231136322,0.9889211654663086,2.0
308,1.0,1.0,0.0,0.0,0.0,0.0,0.997170627117157,0.9744592308998108,0.9352037906646729,0.9907259941101074,0.9888772368431091,0.9822279810905457,1.0
309,0.0,0.0,0.0,0.0,0.0,0.0,0.9898195862770081,0.9857827425003052,0.9820111989974976,0.9847660064697266,0.9842682480812073,0.9844390749931335,1.0
310,0.0,0.0,0.0,0.0,0.0,0.0,0.9880421161651611,0.9819028377532959,0.9680879712104797,0.9835017323493958,0.9858781099319458,0.9774166345596313,1.0
311,1.0,1.0,1.0,1.0,1.0,1.0,0.9920769929885864,0.9876370429992676,0.9807723760604858,0.9866292476654053,0.9876565933227539,0.9869880676269531,2.0
312,1.0,1.0,1.0,1.0,1.0,1.0,0.9913363456726074,0.9762741327285767,0.9575615525245667,0.9818127155303955,0.9716314077377319,0.9772498607635498,1.0
313,1.0,1.0,1.0,1.0,1.0,1.0,0.9915016889572144,0.9919427633285522,0.9891785383224487,0.9868651032447815,0.9889029860496521,0.9892494678497314,3.0
314,1.0,1.0,1.0,1.0,1.0,0.0,0.9944801330566406,0.9897593259811401,0.9836556911468506,0.9890356659889221,0.990422248840332,0.9895144701004028,2.0
315,1.0,1.0,1.0,1.0,1.0,1.0,0.9937095642089844,0.9896312355995178,0.9846565127372742,0.9893119931221008,0.9907139539718628,0.9897683262825012,4.0
316,1.0,1.0,1.0,1.0,1.0,1.0,0.9892990589141846,0.9809324741363525,0.9693891406059265,0.9789214730262756,0.9802111983299255,0.9792571067810059,0.0
317,0.0,0.0,0.0,0.0,0.0,0.0,0.9931920170783997,0.9881672263145447,0.9754788279533386,0.9873550534248352,0.9900566935539246,0.9868685603141785,4.0
318,1.0,1.0,1.0,1.0,1.0,0.0,0.9950432777404785,0.9900689721107483,0.982751190662384,0.9905900955200195,0.9912164211273193,0.9896724224090576,2.0
319,0.0,0.0,0.0,0.0,0.0,0.0,0.9922237396240234,0.98862224817276,0.9759718775749207,0.9881672263145447,0.9914400577545166,0.9859350919723511,2.0
320,1.0,1.0,1.0,1.0,1.0,1.0,0.9914731979370117,0.9858119487762451,0.9766557812690735,0.9854391813278198,0.9861401319503784,0.9866804480552673,3.0
321,0.0,0.0,0.0,0.0,0.0,0.0,0.9916011095046997,0.9885122776031494,0.9788323640823364,0.9890783429145813,0.9918777942657471,0.9862176775932312,2.0
322,1.0,1.0,1.0,1.0,1.0,1.0,0.9906942248344421,0.9791420102119446,0.9628507494926453,0.9824572205543518,0.9731183648109436,0.9793561100959778,1.0
323,0.0,0.0,0.0,0.0,0.0,0.0,0.9844509363174438,0.9840865731239319,0.9732035994529724,0.9822678565979004,0.9856084585189819,0.9764680862426758,1.0
324,0.0,1.0,1.0,1.0,1.0,1.0,0.9880164265632629,0.9848137497901917,0.97425776720047,0.979097306728363,0.9786863923072815,0.9776830077171326,0.0
325,0.0,1.0,1.0,1.0,0.0,1.0,0.9927982091903687,0.9918124675750732,0.986835241317749,0.9880581498146057,0.9889025092124939,0.9889811277389526,2.0
326,1.0,1.0,0.0,0.0,0.0,0.0,0.996795117855072,0.9813583493232727,0.9623692631721497,0.9916593432426453,0.9883036613464355,0.9857592582702637,1.0
327,1.0,1.0,0.0,0.0,1.0,0.0,0.9959155917167664,0.9821048378944397,0.9693174362182617,0.9909704923629761,0.9861266016960144,0.9856508374214172,1.0
328,1.0,1.0,1.0,1.0,1.0,1.0,0.9932867884635925,0.9898518323898315,0.9826656579971313,0.9882476925849915,0.9887135028839111,0.9879927635192871,2.0
329,1.0,1.0,1.0,1.0,1.0,1.0,0.9933607578277588,0.9903481006622314,0.9830827713012695,0.987976610660553,0.9884275794029236,0.9879938364028931,2.0
330,0.0,0.0,0.0,0.0,0.0,0.0,0.9928749799728394,0.988710343837738,0.9806169271469116,0.9890066385269165,0.991841197013855,0.9886485934257507,4.0
331,0.0,0.0,0.0,0.0,0.0,0.0,0.985453724861145,0.9731664061546326,0.948958158493042,0.9749828577041626,0.9825392961502075,0.9671294093132019,0.0
332,1.0,1.0,1.0,1.0,1.0,1.0,0.9874787330627441,0.9833252429962158,0.9666451811790466,0.9759896993637085,0.9744035601615906,0.9737029671669006,0.0
333,0.0,0.0,0.0,0.0,0.0,0.0,0.9920469522476196,0.990687906742096,0.9831543564796448,0.9889485836029053,0.9916043877601624,0.9877641797065735,2.0
334,1.0,1.0,1.0,1.0,0.0,1.0,0.9928552508354187,0.9923753142356873,0.98834627866745,0.9895971417427063,0.9900363683700562,0.9902931451797485,2.0
335,1.0,1.0,1.0,1.0,1.0,1.0,0.9936809539794922,0.988976001739502,0.9816216826438904,0.988849937915802,0.9885962605476379,0.9870308041572571,3.0
336,0.0,0.0,0.0,0.0,0.0,0.0,0.9888765215873718,0.9880188703536987,0.9782881736755371,0.9873449206352234,0.9908825755119324,0.9817150831222534,2.0
337,1.0,1.0,1.0,1.0,1.0,0.0,0.9936664700508118,0.9912999272346497,0.9852033853530884,0.9890831708908081,0.9901126623153687,0.9894546270370483,4.0
338,0.0,1.0,1.0,1.0,0.0,1.0,0.9922420978546143,0.9922129511833191,0.9891729354858398,0.9887344241142273,0.9901090860366821,0.9900964498519897,3.0
339,1.0,1.0,0.0,0.0,0.0,0.0,0.9902368187904358,0.9760251045227051,0.9604246020317078,0.9781339764595032,0.9825522899627686,0.9789436459541321,0.0
340,0.0,0.0,0.0,0.0,0.0,0.0,0.9884601831436157,0.9892375469207764,0.9796105623245239,0.986880898475647,0.9897661805152893,0.9850906133651733,3.0
341,1.0,1.0,1.0,1.0,1.0,1.0,0.988443911075592,0.9876806735992432,0.9827430248260498,0.9831006526947021,0.9826020002365112,0.9846056699752808,1.0
342,0.0,0.0,0.0,0.0,0.0,0.0,0.9879627823829651,0.9785791039466858,0.9608370661735535,0.9790853261947632,0.9847821593284607,0.9737533926963806,0.0
343,1.0,1.0,1.0,1.0,1.0,0.0,0.991939127445221,0.9899589419364929,0.983494222164154,0.988366425037384,0.9883607625961304,0.9879022836685181,4.0
344,0.0,0.0,0.0,0.0,0.0,0.0,0.9881319403648376,0.977678656578064,0.9658284187316895,0.977764368057251,0.9820336699485779,0.9757600426673889,0.0
345,1.0,1.0,0.0,0.0,0.0,0.0,0.9929607510566711,0.9902507066726685,0.9827930927276611,0.9878209233283997,0.9878895878791809,0.988092303276062,4.0
346,0.0,0.0,0.0,0.0,0.0,0.0,0.98908931016922,0.9873746037483215,0.9817345142364502,0.9853449463844299,0.9858875870704651,0.9843834042549133,1.0
347,1.0,1.0,1.0,1.0,1.0,1.0,0.9934138655662537,0.9883584380149841,0.9804064035415649,0.9874048829078674,0.9876049757003784,0.9876480102539062,3.0
348,0.0,0.0,0.0,0.0,1.0,0.0,0.9853502511978149,0.9841247797012329,0.9709938168525696,0.9832556247711182,0.9857920408248901,0.9773461818695068,1.0
349,0.0,0.0,0.0,0.0,0.0,0.0,0.9931574463844299,0.9904539585113525,0.9850055575370789,0.9892458319664001,0.9910981059074402,0.9896223545074463,2.0
350,1.0,1.0,1.0,1.0,1.0,1.0,0.9902428984642029,0.982132613658905,0.9674413204193115,0.9762004017829895,0.976978063583374,0.9765857458114624,0.0
351,0.0,0.0,0.0,0.0,0.0,0.0,0.9863103628158569,0.9724754095077515,0.9560195803642273,0.9723159074783325,0.9768350124359131,0.9711370468139648,0.0
352,1.0,1.0,0.0,0.0,0.0,0.0,0.989848792552948,0.9744447469711304,0.9528388977050781,0.9777289032936096,0.9818164110183716,0.9730648398399353,0.0
353,0.0,0.0,0.0,0.0,0.0,0.0,0.9884519577026367,0.9743508100509644,0.9603137969970703,0.9751124978065491,0.978861927986145,0.9765126705169678,0.0
354,0.0,1.0,1.0,0.0,1.0,0.0,0.9890002608299255,0.9887526631355286,0.9834913611412048,0.9837940335273743,0.9836167097091675,0.9844874739646912,1.0
355,0.0,0.0,1.0,0.0,1.0,0.0,0.9884734749794006,0.9879663586616516,0.9823129773139954,0.9826526641845703,0.9825655221939087,0.9836965203285217,1.0
356,1.0,1.0,0.0,0.0,1.0,0.0,0.9948148131370544,0.9847639203071594,0.9687033891677856,0.9886188507080078,0.9904857277870178,0.988186776638031,3.0
357,1.0,1.0,0.0,0.0,1.0,0.0,0.995755672454834,0.9847093224525452,0.967405378818512,0.9898202419281006,0.9906546473503113,0.988932728767395,3.0
358,0.0,0.0,0.0,0.0,0.0,0.0,0.9896143078804016,0.9875770807266235,0.9796335697174072,0.9877025485038757,0.9879823327064514,0.9858351349830627,1.0
359,1.0,1.0,0.0,1.0,1.0,0.0,0.9946464896202087,0.986871600151062,0.9759477972984314,0.9883361458778381,0.9898063540458679,0.9883531928062439,2.0
360,0.0,0.0,0.0,0.0,0.0,0.0,0.9890129566192627,0.9851868748664856,0.97386234998703,0.9862599968910217,0.9870588183403015,0.9811089634895325,1.0
361,1.0,1.0,1.0,1.0,1.0,1.0,0.9913879036903381,0.9877417087554932,0.982469916343689,0.9858189821243286,0.9836392998695374,0.9852200746536255,1.0
362,0.0,0.0,0.0,0.0,0.0,0.0,0.991240918636322,0.988973081111908,0.9807422161102295,0.9887949228286743,0.9911515116691589,0.9863635897636414,2.0
363,1.0,1.0,1.0,1.0,1.0,1.0,0.9899460673332214,0.9877581000328064,0.981357216835022,0.9853943586349487,0.9848212599754333,0.9851204752922058,1.0
364,1.0,1.0,1.0,1.0,0.0,1.0,0.9943469166755676,0.9882581830024719,0.9794943332672119,0.9891700148582458,0.9892135262489319,0.9882587194442749,2.0
365,1.0,1.0,1.0,1.0,0.0,0.0,0.9906895160675049,0.9880978465080261,0.9828765988349915,0.9862226843833923,0.9858092665672302,0.9859668612480164,1.0
366,1.0,1.0,0.0,1.0,1.0,0.0,0.9914137125015259,0.9810951948165894,0.9692404866218567,0.9798606038093567,0.9822314381599426,0.9808788299560547,0.0
367,0.0,0.0,0.0,0.0,0.0,0.0,0.9876264929771423,0.9804458022117615,0.9683286547660828,0.978398859500885,0.9776061773300171,0.9776313900947571,0.0
368,0.0,0.0,0.0,1.0,1.0,1.0,0.9898703694343567,0.9896712899208069,0.9809549450874329,0.9886306524276733,0.9914059638977051,0.983900785446167,2.0
369,1.0,1.0,0.0,0.0,0.0,0.0,0.9920708537101746,0.9856908917427063,0.9754029512405396,0.9881587624549866,0.9894979000091553,0.9890304207801819,3.0
370,0.0,0.0,0.0,0.0,0.0,0.0,0.9881235957145691,0.9859581589698792,0.9760928153991699,0.9859469532966614,0.9873678088188171,0.9810245037078857,1.0
371,0.0,0.0,0.0,0.0,0.0,0.0,0.9893754720687866,0.9767394065856934,0.9616852402687073,0.9792243838310242,0.9838737845420837,0.978482186794281,0.0
372,0.0,0.0,0.0,0.0,0.0,0.0,0.9892144799232483,0.9891970753669739,0.9805477857589722,0.9873033165931702,0.9902336597442627,0.9851829409599304,3.0
373,0.0,0.0,0.0,0.0,0.0,0.0,0.9901829361915588,0.991248607635498,0.9884454011917114,0.9865632057189941,0.9882735013961792,0.9876238107681274,3.0
374,0.0,0.0,0.0,0.0,0.0,0.0,0.9870757460594177,0.9798299074172974,0.9664132595062256,0.9771181344985962,0.9763813614845276,0.9757550358772278,0.0
375,1.0,1.0,1.0,0.0,0.0,0.0,0.9937276840209961,0.9854211211204529,0.9733254313468933,0.9867209196090698,0.987730085849762,0.987578809261322,2.0
376,1.0,1.0,1.0,0.0,1.0,0.0,0.9941791296005249,0.9905982613563538,0.985818088054657,0.9908366203308105,0.9908498525619507,0.9894132018089294,2.0
377,0.0,0.0,0.0,0.0,0.0,0.0,0.9886230826377869,0.9862637519836426,0.9773852229118347,0.9861410856246948,0.9870153665542603,0.9830760955810547,1.0
378,1.0,1.0,0.0,0.0,1.0,0.0,0.9937859773635864,0.9891535639762878,0.9790549874305725,0.9885423183441162,0.9911887645721436,0.9887380599975586,4.0
379,1.0,1.0,1.0,1.0,1.0,1.0,0.9940191507339478,0.9900509715080261,0.9809924960136414,0.9877354502677917,0.9883198738098145,0.9892942905426025,4.0
380,1.0,1.0,1.0,1.0,1.0,0.0,0.9908874034881592,0.9762498140335083,0.9636036157608032,0.9827331304550171,0.9740018844604492,0.979430615901947,1.0
381,1.0,1.0,0.0,0.0,1.0,0.0,0.9905183911323547,0.9757417440414429,0.9653860330581665,0.9819558262825012,0.9731767177581787,0.9791567325592041,1.0
382,0.0,0.0,1.0,0.0,0.0,0.0,0.9871113896369934,0.9778789281845093,0.9666864275932312,0.9779531359672546,0.9807305335998535,0.9765726923942566,0.0
383,0.0,0.0,0.0,0.0,0.0,0.0,0.9895057082176208,0.9862057566642761,0.9760808944702148,0.9869071245193481,0.9869683384895325,0.9830297827720642,1.0
384,0.0,0.0,0.0,0.0,0.0,0.0,0.993316650390625,0.9895490407943726,0.9818904399871826,0.9895454049110413,0.9920347332954407,0.9886435866355896,4.0
385,1.0,1.0,0.0,0.0,1.0,0.0,0.9934044480323792,0.988849937915802,0.9763298034667969,0.988629937171936,0.9918477535247803,0.987360954284668,4.0
386,0.0,0.0,0.0,0.0,0.0,0.0,0.9886329770088196,0.9890305399894714,0.9818055033683777,0.9859600067138672,0.9895555377006531,0.9841078519821167,3.0
387,0.0,0.0,0.0,0.0,0.0,0.0,0.992244303226471,0.9872705936431885,0.974595308303833,0.9885319471359253,0.9919175505638123,0.9846367835998535,4.0
388,1.0,1.0,1.0,1.0,1.0,0.0,0.9926733374595642,0.9881244897842407,0.9824434518814087,0.9883572459220886,0.9884412288665771,0.9870154857635498,2.0
389,0.0,0.0,0.0,0.0,0.0,0.0,0.9893396496772766,0.9892995357513428,0.9812254309654236,0.9874243140220642,0.9901444911956787,0.9858346581459045,3.0
390,0.0,0.0,0.0,0.0,0.0,0.0,0.9864272475242615,0.9855360388755798,0.9792829155921936,0.9830478429794312,0.9849535226821899,0.9811816811561584,1.0
391,1.0,1.0,0.0,0.0,0.0,0.0,0.9948451519012451,0.9897792935371399,0.9802466630935669,0.9892742037773132,0.9906110167503357,0.989875853061676,4.0
392,0.0,0.0,0.0,0.0,0.0,0.0,0.9923861026763916,0.9884663820266724,0.9775807857513428,0.9889419078826904,0.9919055700302124,0.9847298264503479,4.0
393,0.0,0.0,0.0,0.0,0.0,0.0,0.991349458694458,0.9890095591545105,0.9813965559005737,0.9888526201248169,0.9909834861755371,0.9865735769271851,2.0
394,1.0,1.0,1.0,1.0,1.0,1.0,0.9881411790847778,0.9794948101043701,0.9693562984466553,0.9795362949371338,0.9800844192504883,0.9795133471488953,0.0
395,1.0,1.0,1.0,1.0,1.0,1.0,0.9942943453788757,0.9870985150337219,0.9760797619819641,0.9873161315917969,0.9879522919654846,0.9876233339309692,3.0
396,1.0,1.0,1.0,0.0,0.0,1.0,0.9955651164054871,0.9867874383926392,0.9728403687477112,0.989740252494812,0.9902406930923462,0.9890798926353455,3.0
397,1.0,1.0,1.0,0.0,0.0,0.0,0.9933043122291565,0.9893653392791748,0.9846886396408081,0.989183783531189,0.9903267025947571,0.9900762438774109,4.0
398,0.0,0.0,0.0,0.0,0.0,0.0,0.9879988431930542,0.9761419892311096,0.9537792801856995,0.9784640073776245,0.9850806593894958,0.972312331199646,0.0
399,1.0,1.0,1.0,1.0,1.0,0.0,0.9946021437644958,0.9877685904502869,0.9771729707717896,0.9895232319831848,0.9897720217704773,0.9884695410728455,3.0
400,1.0,1.0,0.0,0.0,1.0,1.0,0.9938702583312988,0.9892058372497559,0.9826307892799377,0.9904696941375732,0.9909394979476929,0.9904645681381226,4.0
401,1.0,1.0,1.0,1.0,1.0,1.0,0.9944130778312683,0.9897531270980835,0.9834733605384827,0.9888284206390381,0.989938497543335,0.9896489381790161,4.0
402,1.0,1.0,0.0,0.0,1.0,0.0,0.9934267997741699,0.9904745221138,0.9841283559799194,0.9898262023925781,0.9905005097389221,0.9897564053535461,4.0
403,1.0,1.0,1.0,1.0,1.0,0.0,0.9934929013252258,0.9902708530426025,0.984218418598175,0.9882368445396423,0.9893394112586975,0.9885031580924988,4.0
404,0.0,0.0,0.0,0.0,0.0,0.0,0.9916273355484009,0.9903678894042969,0.9850063920021057,0.9895244240760803,0.9912546873092651,0.9877985119819641,2.0
405,1.0,1.0,1.0,1.0,1.0,1.0,0.9869713187217712,0.9813951849937439,0.9655593633651733,0.9745469689369202,0.973484218120575,0.9728217720985413,0.0
406,0.0,0.0,0.0,0.0,0.0,0.0,0.9928586483001709,0.9893220663070679,0.9798382520675659,0.9900195598602295,0.9923325777053833,0.9872351288795471,4.0
407,1.0,1.0,1.0,1.0,1.0,0.0,0.9949243068695068,0.9877001047134399,0.973712146282196,0.9889768958091736,0.9890622496604919,0.9886420369148254,3.0
408,0.0,0.0,0.0,0.0,0.0,0.0,0.9904842376708984,0.9822201728820801,0.9714192152023315,0.9823099970817566,0.9835859537124634,0.9818227291107178,0.0
409,0.0,0.0,1.0,1.0,0.0,0.0,0.990310788154602,0.9870365858078003,0.9772818088531494,0.9865032434463501,0.9899141788482666,0.9838345050811768,2.0
410,0.0,0.0,0.0,0.0,0.0,0.0,0.9896407723426819,0.9879480004310608,0.9797078967094421,0.9880236387252808,0.9881898164749146,0.984370768070221,1.0
411,1.0,1.0,0.0,0.0,1.0,0.0,0.9893444180488586,0.9752894639968872,0.9549986720085144,0.97662353515625,0.982300877571106,0.975432813167572,0.0
412,1.0,1.0,0.0,1.0,1.0,0.0,0.9943302869796753,0.9875649809837341,0.9781690835952759,0.987727165222168,0.9879316687583923,0.9880537390708923,3.0
413,0.0,1.0,1.0,1.0,1.0,0.0,0.9871438145637512,0.9776653051376343,0.954951822757721,0.9810572862625122,0.9856233596801758,0.9752378463745117,0.0
414,0.0,0.0,0.0,0.0,0.0,0.0,0.9850836396217346,0.9851194024085999,0.9772650003433228,0.9831064939498901,0.986167848110199,0.9779976010322571,1.0
415,0.0,0.0,0.0,0.0,0.0,0.0,0.9865366816520691,0.973277747631073,0.9529653191566467,0.9746271371841431,0.9817721843719482,0.9651772975921631,0.0
416,0.0,0.0,0.0,0.0,0.0,0.0,0.9858636260032654,0.9739580154418945,0.9614158272743225,0.9750364422798157,0.9779134392738342,0.9746612310409546,0.0
417,1.0,1.0,1.0,1.0,1.0,1.0,0.99326491355896,0.9895793795585632,0.9805089235305786,0.9885522127151489,0.9876376390457153,0.9866076707839966,3.0
418,1.0,1.0,1.0,1.0,1.0,1.0,0.993410050868988,0.991366446018219,0.9853497743606567,0.9896106719970703,0.9899397492408752,0.9883010983467102,4.0
419,0.0,0.0,0.0,0.0,0.0,0.0,0.9860256314277649,0.9863452315330505,0.9759626984596252,0.9854294061660767,0.9869447350502014,0.9798877239227295,1.0
420,1.0,1.0,1.0,1.0,1.0,1.0,0.9869905114173889,0.9792971014976501,0.9690436720848083,0.9795401096343994,0.9829884171485901,0.9795305132865906,0.0
421,1.0,1.0,1.0,1.0,1.0,0.0,0.9938325881958008,0.988575279712677,0.9807835221290588,0.9882304668426514,0.9886265397071838,0.987326443195343,2.0
422,0.0,0.0,0.0,0.0,0.0,0.0,0.9873994588851929,0.9776401519775391,0.9559319615364075,0.9782558083534241,0.9840525388717651,0.9709938168525696,0.0
423,1.0,1.0,1.0,0.0,1.0,0.0,0.9898961782455444,0.9749438762664795,0.9597854018211365,0.9799441695213318,0.9698253273963928,0.9776023030281067,1.0
424,1.0,1.0,1.0,0.0,1.0,0.0,0.9924903512001038,0.9891964197158813,0.9821581840515137,0.9880915880203247,0.9884005784988403,0.9878029227256775,2.0
425,1.0,1.0,1.0,1.0,1.0,0.0,0.989781379699707,0.9773960113525391,0.9623963236808777,0.9811954498291016,0.9712187647819519,0.977953314781189,1.0
426,0.0,0.0,0.0,0.0,0.0,0.0,0.9890636801719666,0.9773198366165161,0.9529022574424744,0.9747952222824097,0.9838663935661316,0.9707270860671997,0.0
427,1.0,1.0,1.0,1.0,1.0,1.0,0.9892738461494446,0.9825526475906372,0.9643889665603638,0.9762686491012573,0.9752630591392517,0.9739446640014648,0.0
428,0.0,0.0,0.0,0.0,0.0,0.0,0.9891090393066406,0.9860442876815796,0.9762568473815918,0.9869229197502136,0.9874914884567261,0.9825921058654785,1.0
429,1.0,1.0,0.0,0.0,0.0,0.0,0.9904008507728577,0.9812256693840027,0.9701217412948608,0.9795624017715454,0.9821211695671082,0.9808953404426575,0.0
430,0.0,0.0,0.0,0.0,0.0,0.0,0.9910498857498169,0.9875725507736206,0.9779500365257263,0.9886588454246521,0.9886093139648438,0.9860191345214844,1.0
431,1.0,1.0,1.0,1.0,1.0,0.0,0.9949473142623901,0.9891104102134705,0.9825200438499451,0.9897510409355164,0.9892842173576355,0.9887396693229675,3.0
432,0.0,0.0,1.0,1.0,0.0,1.0,0.9898131489753723,0.9797040224075317,0.9641336798667908,0.9779386520385742,0.9793530106544495,0.9770689606666565,0.0
433,1.0,1.0,1.0,1.0,1.0,0.0,0.9850113987922668,0.9786251187324524,0.9644877314567566,0.9734860062599182,0.9733181595802307,0.9729496836662292,0.0
434,1.0,1.0,0.0,1.0,1.0,1.0,0.9878858327865601,0.9870217442512512,0.9825882911682129,0.9864547252655029,0.9875482320785522,0.9853657484054565,2.0
435,1.0,1.0,1.0,1.0,1.0,0.0,0.9869090914726257,0.9866691827774048,0.9806265234947205,0.9798091650009155,0.978620171546936,0.9792271256446838,1.0
436,1.0,1.0,1.0,1.0,1.0,1.0,0.9914303421974182,0.9917057752609253,0.9879833459854126,0.9867576360702515,0.9878610968589783,0.9879066944122314,2.0
437,1.0,1.0,0.0,0.0,1.0,0.0,0.9928085803985596,0.9896615743637085,0.9836236238479614,0.9894490242004395,0.9904360175132751,0.988933801651001,4.0
438,1.0,1.0,1.0,1.0,1.0,1.0,0.9897162318229675,0.9801291823387146,0.9665762782096863,0.979266345500946,0.979379415512085,0.978270947933197,0.0
439,0.0,0.0,0.0,0.0,0.0,0.0,0.98710697889328,0.9742552042007446,0.9533395171165466,0.9743506908416748,0.9807209968566895,0.9704171419143677,0.0
440,1.0,1.0,1.0,1.0,1.0,1.0,0.9927635788917542,0.9929507970809937,0.9892653226852417,0.9886561632156372,0.9892635941505432,0.9892330169677734,2.0
441,1.0,1.0,0.0,0.0,0.0,0.0,0.9931439161300659,0.9900509715080261,0.9853535294532776,0.9892860054969788,0.9898724555969238,0.988667905330658,4.0
442,0.0,0.0,0.0,0.0,0.0,0.0,0.9906703233718872,0.9866834282875061,0.9797720909118652,0.9861350655555725,0.9885349869728088,0.9853689074516296,2.0
443,0.0,1.0,1.0,1.0,1.0,0.0,0.9916322827339172,0.9927768707275391,0.9889255166053772,0.9883407354354858,0.9895663261413574,0.9894036054611206,3.0
444,1.0,1.0,0.0,0.0,0.0,0.0,0.9940016865730286,0.9894435405731201,0.980498194694519,0.987852931022644,0.9875457882881165,0.9877457022666931,3.0
445,0.0,1.0,1.0,1.0,1.0,1.0,0.9938679337501526,0.991895854473114,0.9878943562507629,0.9901250600814819,0.9910324215888977,0.9911605715751648,2.0
446,0.0,0.0,0.0,0.0,0.0,0.0,0.991987943649292,0.9888839721679688,0.9804261922836304,0.9888017177581787,0.9914529323577881,0.9872608184814453,2.0
447,0.0,0.0,0.0,0.0,0.0,0.0,0.9888966083526611,0.9843248128890991,0.9763650298118591,0.9845327734947205,0.9857453107833862,0.9826858043670654,1.0
448,0.0,0.0,0.0,0.0,0.0,0.0,0.9900028705596924,0.9892181158065796,0.9796613454818726,0.9881099462509155,0.9912620782852173,0.982647716999054,2.0
449,0.0,0.0,0.0,0.0,0.0,0.0,0.9903526902198792,0.990398645401001,0.9834940433502197,0.9878929257392883,0.9905235171318054,0.9872701168060303,3.0
450,1.0,1.0,0.0,0.0,0.0,0.0,0.9974834322929382,0.9726040959358215,0.9336360692977905,0.9916875958442688,0.988714873790741,0.9821242690086365,1.0
451,1.0,1.0,1.0,1.0,1.0,1.0,0.9936164617538452,0.9749783873558044,0.9604851007461548,0.9849610328674316,0.97657710313797,0.9808329343795776,1.0
452,0.0,0.0,0.0,0.0,0.0,0.0,0.9923869371414185,0.9882267117500305,0.9795715808868408,0.9885989427566528,0.9903396964073181,0.9878177046775818,4.0
453,1.0,1.0,1.0,1.0,0.0,0.0,0.9931051135063171,0.9743727445602417,0.9531518816947937,0.9826086759567261,0.9719613790512085,0.9800965189933777,1.0
454,1.0,1.0,1.0,1.0,1.0,0.0,0.9943011999130249,0.9891229271888733,0.9801268577575684,0.9892398118972778,0.9891469478607178,0.987995445728302,3.0
455,0.0,0.0,0.0,0.0,0.0,0.0,0.9926663041114807,0.9886959791183472,0.9817047119140625,0.987972617149353,0.9902070164680481,0.9862982034683228,4.0
456,1.0,1.0,1.0,1.0,1.0,0.0,0.9933860898017883,0.990517795085907,0.9833685755729675,0.9879191517829895,0.9876765012741089,0.9870979189872742,3.0
457,1.0,1.0,0.0,1.0,0.0,0.0,0.9922580122947693,0.989323079586029,0.9829092025756836,0.9881855249404907,0.9891875386238098,0.9880973100662231,2.0
458,0.0,1.0,1.0,1.0,0.0,1.0,0.9935094714164734,0.9913861751556396,0.9872696399688721,0.988761842250824,0.9901245832443237,0.9901654124259949,2.0
459,1.0,1.0,0.0,0.0,0.0,0.0,0.994162380695343,0.9908716082572937,0.9842410683631897,0.9901475310325623,0.9911158084869385,0.9902266263961792,4.0
460,0.0,0.0,1.0,0.0,0.0,1.0,0.9932918548583984,0.9854381084442139,0.9774271249771118,0.9867335557937622,0.9874558448791504,0.9884082674980164,3.0
461,1.0,1.0,1.0,1.0,1.0,1.0,0.9897134304046631,0.9770728349685669,0.9657022356987,0.9801612496376038,0.9708502292633057,0.976335346698761,1.0
462,1.0,1.0,0.0,1.0,0.0,0.0,0.9882264733314514,0.9812124371528625,0.9642270803451538,0.9744800925254822,0.9736131429672241,0.9729236364364624,0.0
463,0.0,0.0,0.0,0.0,0.0,0.0,0.9931727051734924,0.9892969727516174,0.9811336994171143,0.9893731474876404,0.9920018911361694,0.9867830276489258,4.0
464,1.0,1.0,0.0,0.0,0.0,0.0,0.9851456880569458,0.9765889644622803,0.9646278023719788,0.976166307926178,0.9761366844177246,0.974695086479187,0.0
465,1.0,1.0,1.0,1.0,1.0,0.0,0.9937496185302734,0.9880445599555969,0.9784995317459106,0.9884872436523438,0.9885758757591248,0.98748779296875,2.0
466,0.0,0.0,0.0,0.0,0.0,0.0,0.9922959208488464,0.9879284501075745,0.9795246720314026,0.9879955649375916,0.9896865487098694,0.9869023561477661,4.0
467,0.0,0.0,0.0,0.0,0.0,0.0,0.9915447235107422,0.9899476170539856,0.9832805395126343,0.9883914589881897,0.9905857443809509,0.9865113496780396,2.0
468,1.0,1.0,0.0,0.0,1.0,0.0,0.9950730204582214,0.9738510847091675,0.9581118822097778,0.9886484742164612,0.9820458292961121,0.9827027320861816,1.0
469,1.0,1.0,0.0,0.0,1.0,1.0,0.9921145439147949,0.9874165058135986,0.9803440570831299,0.9883350133895874,0.9903447031974792,0.9883357286453247,4.0
470,0.0,1.0,0.0,0.0,1.0,0.0,0.9922198057174683,0.9929243326187134,0.9901241660118103,0.9893905520439148,0.9906231760978699,0.990496039390564,3.0
471,1.0,1.0,1.0,1.0,1.0,1.0,0.9936717748641968,0.973640501499176,0.9536696672439575,0.985175609588623,0.9740910530090332,0.9792085289955139,1.0
472,1.0,1.0,1.0,0.0,0.0,0.0,0.9941311478614807,0.9900882840156555,0.9846534132957458,0.9903338551521301,0.9911718964576721,0.990742027759552,4.0
473,1.0,1.0,0.0,0.0,0.0,0.0,0.9956294298171997,0.9837497472763062,0.9583597183227539,0.9886899590492249,0.9909721612930298,0.9871232509613037,3.0
474,0.0,1.0,1.0,1.0,0.0,1.0,0.993759036064148,0.9901331663131714,0.9841926693916321,0.9891005158424377,0.9895668625831604,0.9892415404319763,4.0
475,1.0,1.0,1.0,1.0,1.0,1.0,0.9940967559814453,0.987672746181488,0.9750792980194092,0.9873875975608826,0.9872051477432251,0.9870748519897461,3.0
476,0.0,0.0,1.0,0.0,0.0,0.0,0.9914857745170593,0.9917668700218201,0.9875126481056213,0.9866005778312683,0.9881228804588318,0.988384485244751,3.0
477,1.0,1.0,1.0,1.0,1.0,1.0,0.9837444424629211,0.9840572476387024,0.9755581617355347,0.9750995635986328,0.9741825461387634,0.9753212332725525,1.0
478,0.0,1.0,1.0,1.0,1.0,1.0,0.9870923757553101,0.982017457485199,0.9699011445045471,0.978022575378418,0.976952075958252,0.9757541418075562,0.0
479,0.0,0.0,0.0,0.0,0.0,0.0,0.9877107739448547,0.9723415374755859,0.9445797801017761,0.9754402041435242,0.9830002784729004,0.9651955366134644,0.0
480,0.0,0.0,0.0,0.0,0.0,0.0,0.9926832318305969,0.990420937538147,0.9835192561149597,0.9900423288345337,0.9916736483573914,0.9898287653923035,2.0
481,0.0,0.0,0.0,0.0,0.0,0.0,0.9872952103614807,0.975854218006134,0.9511848092079163,0.9773116707801819,0.9844576716423035,0.9662361145019531,0.0
482,0.0,0.0,0.0,0.0,0.0,0.0,0.9889340996742249,0.9865109920501709,0.9783018827438354,0.9863205552101135,0.9869246482849121,0.9828454852104187,1.0
483,1.0,1.0,1.0,1.0,1.0,1.0,0.9854721426963806,0.9804115295410156,0.9651382565498352,0.974922776222229,0.9737622141838074,0.9725652933120728,0.0
484,1.0,1.0,1.0,1.0,1.0,1.0,0.9935909509658813,0.9917773008346558,0.9865366816520691,0.9900050759315491,0.9901151657104492,0.989124059677124,4.0
485,1.0,1.0,1.0,1.0,1.0,0.0,0.9914701581001282,0.9726245999336243,0.9604917168617249,0.9821441173553467,0.9727013111114502,0.9807965755462646,1.0
486,0.0,0.0,0.0,0.0,0.0,0.0,0.9883164763450623,0.9746083617210388,0.9524220824241638,0.9769631624221802,0.9837162494659424,0.9721704721450806,0.0
487,0.0,1.0,1.0,1.0,0.0,1.0,0.9891958236694336,0.9894266128540039,0.9846153855323792,0.9834279417991638,0.9852046966552734,0.9853724837303162,3.0
488,0.0,0.0,0.0,0.0,0.0,0.0,0.9926803112030029,0.9891319870948792,0.9789201021194458,0.9895527362823486,0.9923404455184937,0.9862921237945557,4.0
489,0.0,0.0,0.0,0.0,0.0,0.0,0.9893374443054199,0.9904910326004028,0.98464035987854,0.9873614311218262,0.9889203906059265,0.9861785173416138,3.0
490,1.0,1.0,0.0,0.0,1.0,0.0,0.990190863609314,0.9728689193725586,0.9397882223129272,0.9720906019210815,0.9808304309844971,0.9702365398406982,0.0
491,0.0,0.0,0.0,0.0,0.0,0.0,0.9886724352836609,0.9878009557723999,0.9765723347663879,0.9854167103767395,0.9892560243606567,0.9835851192474365,3.0
492,1.0,1.0,1.0,1.0,1.0,0.0,0.9940991401672363,0.9903316497802734,0.9845153093338013,0.9890517592430115,0.989388108253479,0.9904816746711731,4.0
493,0.0,0.0,0.0,0.0,0.0,0.0,0.987672746181488,0.9877657890319824,0.9792636036872864,0.9866192936897278,0.9871618151664734,0.9827468395233154,1.0
494,1.0,1.0,1.0,1.0,1.0,1.0,0.9889209270477295,0.9800704121589661,0.9677367210388184,0.9776551723480225,0.9790329337120056,0.9789851903915405,0.0
495,1.0,1.0,0.0,0.0,0.0,0.0,0.9945961833000183,0.9701601266860962,0.9540703296661377,0.9850993752479553,0.9765109419822693,0.980962336063385,1.0
496,1.0,1.0,1.0,1.0,1.0,1.0,0.9905884265899658,0.9911172389984131,0.9883375763893127,0.9868423342704773,0.987304151058197,0.986473798751831,3.0
497,1.0,1.0,1.0,1.0,1.0,1.0,0.9897599816322327,0.9725215435028076,0.9549948573112488,0.9777376651763916,0.9670868515968323,0.9762001633644104,1.0
498,1.0,1.0,1.0,1.0,1.0,1.0,0.991057276725769,0.9916953444480896,0.98883455991745,0.9864248037338257,0.9876261353492737,0.9879289269447327,3.0
499,1.0,1.0,0.0,1.0,1.0,0.0,0.99472576379776,0.9871425628662109,0.9782835245132446,0.9883468747138977,0.988280177116394,0.9879772067070007,3.0
500,0.0,0.0,0.0,0.0,0.0,0.0,0.9872616529464722,0.983880341053009,0.9740961194038391,0.9837344884872437,0.9852550029754639,0.9800693988800049,1.0
501,0.0,0.0,0.0,0.0,0.0,0.0,0.9907254576683044,0.990279495716095,0.9843233227729797,0.9877936244010925,0.9890772104263306,0.987838864326477,3.0
502,1.0,1.0,1.0,1.0,1.0,0.0,0.993877112865448,0.9909691214561462,0.9852860569953918,0.9895352721214294,0.9894886612892151,0.9886342287063599,4.0
503,0.0,0.0,0.0,0.0,0.0,0.0,0.9921410083770752,0.9887064695358276,0.9816392660140991,0.9884860515594482,0.990368127822876,0.9885407090187073,2.0
504,0.0,0.0,0.0,0.0,0.0,0.0,0.9859450459480286,0.9885411262512207,0.9800302386283875,0.9850097298622131,0.9890254139900208,0.982589840888977,3.0
505,1.0,1.0,0.0,0.0,1.0,0.0,0.9943976402282715,0.9881070852279663,0.9735862612724304,0.9901049733161926,0.9907958507537842,0.9883373379707336,2.0
506,1.0,1.0,0.0,0.0,1.0,0.0,0.9893698692321777,0.9766584038734436,0.9605018496513367,0.9755100607872009,0.9782618284225464,0.9775823950767517,0.0
507,0.0,1.0,1.0,1.0,0.0,1.0,0.9916594624519348,0.9898367524147034,0.9851539731025696,0.9887896776199341,0.9890604019165039,0.9884064197540283,2.0
508,1.0,1.0,0.0,0.0,1.0,0.0,0.9941030144691467,0.9893662333488464,0.9787616729736328,0.9891319870948792,0.990899920463562,0.9894947409629822,4.0
509,0.0,0.0,0.0,0.0,0.0,0.0,0.9929634928703308,0.9887180328369141,0.9792181253433228,0.9892728924751282,0.9920043349266052,0.986417293548584,4.0
510,1.0,1.0,1.0,1.0,1.0,1.0,0.9927073121070862,0.9910295009613037,0.983130693435669,0.9888240694999695,0.988505482673645,0.9882745742797852,4.0
511,1.0,1.0,0.0,1.0,0.0,0.0,0.994181215763092,0.9865456819534302,0.9764984250068665,0.987379252910614,0.9876317381858826,0.987770676612854,3.0
512,1.0,1.0,1.0,1.0,1.0,1.0,0.9944489002227783,0.9886993765830994,0.9819394946098328,0.9883777499198914,0.9887211918830872,0.988433301448822,3.0
513,1.0,1.0,1.0,0.0,1.0,1.0,0.9892230033874512,0.9812549352645874,0.9611486196517944,0.9779636263847351,0.9760549664497375,0.975452184677124,0.0
514,1.0,1.0,1.0,1.0,1.0,1.0,0.9883725047111511,0.982149064540863,0.9653717279434204,0.9743451476097107,0.973638653755188,0.9740182161331177,0.0
515,1.0,1.0,0.0,0.0,0.0,0.0,0.9938797950744629,0.986791729927063,0.9774183630943298,0.9897680878639221,0.9901826977729797,0.9886763095855713,3.0
516,1.0,1.0,1.0,1.0,1.0,1.0,0.9914793372154236,0.9770872592926025,0.9612357020378113,0.9825608134269714,0.971405029296875,0.9784896969795227,1.0
517,0.0,0.0,1.0,0.0,0.0,0.0,0.9893088340759277,0.9909103512763977,0.9856253266334534,0.9875323176383972,0.9899527430534363,0.9869541525840759,3.0
518,0.0,1.0,0.0,0.0,0.0,0.0,0.9972426891326904,0.9774317741394043,0.9491860270500183,0.9924989342689514,0.9896613359451294,0.9852015376091003,1.0
519,0.0,0.0,0.0,0.0,0.0,0.0,0.9902543425559998,0.9889271259307861,0.9818260669708252,0.9869194626808167,0.9900315999984741,0.9861539602279663,2.0
520,1.0,1.0,1.0,0.0,0.0,1.0,0.9924083948135376,0.9890105128288269,0.982793927192688,0.9878712892532349,0.98830646276474,0.9875834584236145,4.0
521,1.0,1.0,1.0,1.0,1.0,1.0,0.9942401647567749,0.9851512312889099,0.9725436568260193,0.9883710145950317,0.9894697666168213,0.9878904819488525,3.0
522,0.0,0.0,0.0,0.0,0.0,0.0,0.9891452193260193,0.9788711667060852,0.9655635952949524,0.9802297353744507,0.9843117594718933,0.9782031178474426,0.0
523,1.0,1.0,0.0,0.0,0.0,0.0,0.9946420192718506,0.989168643951416,0.9758011102676392,0.9905053973197937,0.9929619431495667,0.9880316257476807,2.0
524,0.0,0.0,0.0,0.0,0.0,0.0,0.9922868013381958,0.9882118105888367,0.9814273715019226,0.9889816045761108,0.990645170211792,0.9885622262954712,4.0
525,0.0,0.0,0.0,0.0,0.0,0.0,0.9897225499153137,0.9897966980934143,0.9835385084152222,0.9880869388580322,0.990691065788269,0.9856151342391968,2.0
526,0.0,0.0,0.0,0.0,0.0,0.0,0.9875937104225159,0.9745944142341614,0.9499701857566833,0.9753473997116089,0.9833906888961792,0.9632530808448792,0.0
527,1.0,1.0,0.0,0.0,1.0,0.0,0.9856323003768921,0.9757983088493347,0.9673932194709778,0.9759844541549683,0.9778573513031006,0.9747477769851685,0.0
528,1.0,1.0,1.0,1.0,0.0,0.0,0.9920245409011841,0.9738697409629822,0.9605525135993958,0.9823498725891113,0.9740269184112549,0.97847980260849,1.0
529,1.0,1.0,0.0,0.0,1.0,0.0,0.9877467155456543,0.9760840535163879,0.9583462476730347,0.9777672290802002,0.9837136268615723,0.9757429957389832,0.0
530,0.0,0.0,0.0,0.0,0.0,0.0,0.9893277287483215,0.9892768859863281,0.985263466835022,0.9841370582580566,0.9826807379722595,0.9840840697288513,1.0
531,0.0,0.0,0.0,0.0,0.0,0.0,0.9906534552574158,0.9903517365455627,0.9838162064552307,0.9890540838241577,0.9911277294158936,0.9867803454399109,2.0
532,1.0,1.0,1.0,1.0,1.0,1.0,0.9881201982498169,0.9803599715232849,0.9667880535125732,0.9770327806472778,0.9760982394218445,0.9757832884788513,0.0
533,1.0,1.0,1.0,1.0,1.0,1.0,0.9918301701545715,0.9925938248634338,0.9878931641578674,0.9888818860054016,0.9897416830062866,0.9895786643028259,2.0
534,1.0,1.0,1.0,1.0,1.0,1.0,0.9908618927001953,0.9802312254905701,0.967464029788971,0.9803676605224609,0.982548177242279,0.9799408316612244,0.0
535,1.0,1.0,1.0,1.0,1.0,1.0,0.9898876547813416,0.9828342199325562,0.9655076861381531,0.976405918598175,0.974977970123291,0.9746311902999878,0.0
536,1.0,1.0,1.0,1.0,1.0,1.0,0.9911984801292419,0.9907333850860596,0.9867881536483765,0.9866970181465149,0.9876469373703003,0.9868549108505249,2.0
537,0.0,0.0,0.0,0.0,0.0,0.0,0.9912256598472595,0.9907330274581909,0.9876242876052856,0.9868402481079102,0.9880936741828918,0.9889430999755859,3.0
538,0.0,0.0,0.0,0.0,0.0,0.0,0.9885472059249878,0.9877530336380005,0.9826346039772034,0.9828004837036133,0.9811006784439087,0.9822096824645996,1.0
539,0.0,0.0,0.0,0.0,0.0,0.0,0.9920749664306641,0.9934705495834351,0.9898898601531982,0.988207995891571,0.9890043139457703,0.9891452193260193,3.0
540,1.0,1.0,1.0,1.0,1.0,1.0,0.9919467568397522,0.9908763766288757,0.9837583899497986,0.9880920648574829,0.9881892204284668,0.9873446822166443,4.0
541,1.0,1.0,1.0,1.0,1.0,0.0,0.9938802719116211,0.9901600480079651,0.9841288328170776,0.9876506924629211,0.9888110160827637,0.9888446927070618,2.0
542,1.0,1.0,1.0,1.0,1.0,1.0,0.9933722019195557,0.9859293103218079,0.9783793687820435,0.9883684515953064,0.9886990189552307,0.9880935549736023,2.0
543,0.0,0.0,0.0,0.0,0.0,0.0,0.9872466325759888,0.9754823446273804,0.9408301115036011,0.9780266284942627,0.9852910041809082,0.9648463726043701,0.0
544,1.0,1.0,1.0,1.0,1.0,0.0,0.9867720007896423,0.9791828989982605,0.9646186232566833,0.9770933389663696,0.9752289056777954,0.9746502637863159,0.0
545,0.0,0.0,0.0,0.0,0.0,0.0,0.9895339608192444,0.9897512197494507,0.9840062260627747,0.9872287511825562,0.990303099155426,0.9851040244102478,2.0
546,1.0,0.0,0.0,0.0,1.0,0.0,0.9927679300308228,0.9915580749511719,0.9865455031394958,0.9896883368492126,0.991095781326294,0.9901913404464722,3.0
547,1.0,1.0,1.0,1.0,1.0,0.0,0.9933280944824219,0.990047037601471,0.9829498529434204,0.9880483150482178,0.988283097743988,0.9874230623245239,2.0
548,1.0,1.0,1.0,0.0,0.0,1.0,0.9899815917015076,0.9790827631950378,0.9644842743873596,0.9786362051963806,0.9792795181274414,0.9777578711509705,0.0
549,1.0,1.0,1.0,1.0,1.0,1.0,0.9909727573394775,0.9897827506065369,0.9853755235671997,0.9872639179229736,0.9872549772262573,0.9864286780357361,2.0
550,1.0,1.0,0.0,0.0,0.0,0.0,0.9936860203742981,0.989060640335083,0.9798465967178345,0.9887493848800659,0.991438090801239,0.9886884093284607,4.0
551,0.0,0.0,0.0,0.0,0.0,0.0,0.987989068031311,0.9759387969970703,0.9485270380973816,0.9764181971549988,0.9836551547050476,0.9655265808105469,0.0
552,1.0,1.0,0.0,0.0,0.0,0.0,0.997391939163208,0.9775062799453735,0.949705183506012,0.992475688457489,0.9887245297431946,0.984907865524292,1.0
553,1.0,1.0,0.0,0.0,0.0,0.0,0.9948503375053406,0.9876227378845215,0.9708407521247864,0.9906011819839478,0.9930931329727173,0.9890158772468567,2.0
554,1.0,1.0,1.0,1.0,1.0,1.0,0.9880390763282776,0.9813335537910461,0.9647092223167419,0.9751694798469543,0.9747949838638306,0.9733880758285522,0.0
555,1.0,1.0,1.0,0.0,1.0,0.0,0.9909023642539978,0.9806248545646667,0.9656780958175659,0.9763998985290527,0.9777346253395081,0.9763399958610535,0.0
556,1.0,1.0,1.0,1.0,1.0,0.0,0.993205189704895,0.9910936951637268,0.9837027788162231,0.9883584976196289,0.9884569644927979,0.9881786704063416,4.0
557,0.0,0.0,0.0,0.0,0.0,0.0,0.9881845712661743,0.9861504435539246,0.9799403548240662,0.9812155365943909,0.9786601662635803,0.9814845323562622,1.0
558,1.0,1.0,0.0,1.0,1.0,0.0,0.9935518503189087,0.9878777265548706,0.9815710186958313,0.9879359006881714,0.9892927408218384,0.9889790415763855,2.0
559,0.0,0.0,0.0,0.0,0.0,0.0,0.9901462197303772,0.9911284446716309,0.9869101643562317,0.9873459935188293,0.9895294308662415,0.9871498346328735,3.0
560,0.0,0.0,0.0,0.0,0.0,0.0,0.9872032999992371,0.9757732152938843,0.9612330794334412,0.973640501499176,0.9788302779197693,0.9718976616859436,0.0
561,1.0,0.0,0.0,0.0,1.0,0.0,0.9937917590141296,0.9852246046066284,0.9751312136650085,0.9902218580245972,0.9884433150291443,0.9883165955543518,1.0
562,0.0,0.0,0.0,0.0,0.0,0.0,0.9920754432678223,0.988069474697113,0.9804010987281799,0.9887414574623108,0.9914833903312683,0.9875733256340027,4.0
563,1.0,1.0,1.0,1.0,1.0,1.0,0.9933589100837708,0.9894065260887146,0.9844673871994019,0.9884166121482849,0.9894367456436157,0.9888325929641724,4.0
564,0.0,0.0,0.0,0.0,0.0,0.0,0.992440938949585,0.9879229664802551,0.9769032001495361,0.988591730594635,0.9915370941162109,0.9860731363296509,4.0
565,1.0,1.0,1.0,1.0,1.0,0.0,0.9927635788917542,0.9907767176628113,0.9847021698951721,0.9881376624107361,0.9884621500968933,0.9890891909599304,4.0
566,0.0,1.0,1.0,1.0,1.0,0.0,0.9845709800720215,0.978329598903656,0.9673041701316833,0.9756174683570862,0.975361704826355,0.9743106365203857,0.0
567,1.0,1.0,1.0,1.0,0.0,1.0,0.9885758757591248,0.9779027104377747,0.9658655524253845,0.9763054847717285,0.977502167224884,0.9773054122924805,0.0
568,1.0,1.0,1.0,1.0,1.0,1.0,0.9940335154533386,0.9893546104431152,0.9815665483474731,0.9886306524276733,0.9884334206581116,0.9876713752746582,3.0
569,1.0,1.0,1.0,1.0,1.0,1.0,0.9929149150848389,0.9856995940208435,0.9772213697433472,0.9881219863891602,0.9878952503204346,0.9877043962478638,3.0
570,0.0,0.0,0.0,0.0,0.0,0.0,0.9880952835083008,0.9769211411476135,0.9533710479736328,0.9793159365653992,0.9849761128425598,0.9720205068588257,0.0
571,1.0,1.0,1.0,1.0,1.0,1.0,0.9907132387161255,0.9760491847991943,0.9683199524879456,0.9827334880828857,0.9762563705444336,0.9806810021400452,1.0
572,0.0,0.0,0.0,0.0,0.0,0.0,0.9918249249458313,0.9913410544395447,0.9848602414131165,0.9900790452957153,0.9920147657394409,0.987461268901825,2.0
573,1.0,1.0,0.0,0.0,1.0,0.0,0.9945559501647949,0.9886958599090576,0.9746081233024597,0.9898278713226318,0.9924792051315308,0.9877679944038391,2.0
574,0.0,1.0,1.0,1.0,1.0,1.0,0.9895010590553284,0.9903940558433533,0.986207127571106,0.9839295148849487,0.9859500527381897,0.9865395426750183,3.0
575,1.0,1.0,0.0,1.0,1.0,0.0,0.986657440662384,0.981460452079773,0.9687818884849548,0.9758822917938232,0.9751001596450806,0.973899245262146,0.0
576,1.0,1.0,1.0,1.0,1.0,1.0,0.989298939704895,0.9834538102149963,0.9669190645217896,0.9757409691810608,0.975594699382782,0.9748119711875916,0.0
577,1.0,1.0,1.0,1.0,1.0,0.0,0.9933833479881287,0.9913896918296814,0.9840238094329834,0.9894282221794128,0.9891050457954407,0.9881885647773743,4.0
578,1.0,1.0,0.0,0.0,0.0,0.0,0.9917203187942505,0.9691930413246155,0.9520532488822937,0.9796282052993774,0.9703146815299988,0.9772905707359314,1.0
579,1.0,1.0,0.0,1.0,1.0,0.0,0.9948025941848755,0.9892942905426025,0.9780814051628113,0.989680826663971,0.989819347858429,0.9883013367652893,2.0
580,0.0,0.0,0.0,0.0,0.0,0.0,0.9897692203521729,0.9907237887382507,0.98167484998703,0.9884299039840698,0.9909486174583435,0.9864752888679504,3.0
581,0.0,1.0,0.0,1.0,1.0,1.0,0.9920101165771484,0.991154134273529,0.9865055680274963,0.98736971616745,0.9882935285568237,0.987984299659729,2.0
582,0.0,0.0,0.0,0.0,0.0,0.0,0.9865654110908508,0.9867405295372009,0.9804161190986633,0.9845400452613831,0.9865086674690247,0.9810131192207336,1.0
583,0.0,0.0,0.0,0.0,0.0,0.0,0.991085946559906,0.985910177230835,0.9755487442016602,0.9881275296211243,0.9882537126541138,0.984505832195282,1.0
584,0.0,0.0,0.0,0.0,0.0,0.0,0.987456738948822,0.974101185798645,0.9482497572898865,0.9743565917015076,0.9834609031677246,0.9617029428482056,0.0
585,1.0,1.0,1.0,1.0,1.0,1.0,0.991289496421814,0.976691484451294,0.9590563774108887,0.9817952513694763,0.9697032570838928,0.9788773655891418,1.0
586,0.0,1.0,1.0,1.0,1.0,1.0,0.9895288348197937,0.9888781905174255,0.9804887771606445,0.9866069555282593,0.9863759875297546,0.9844921827316284,4.0
587,0.0,0.0,0.0,0.0,1.0,0.0,0.9906632900238037,0.9919295310974121,0.9879530072212219,0.9875925183296204,0.9884687066078186,0.9878816604614258,3.0
588,1.0,1.0,0.0,0.0,0.0,0.0,0.9960315823554993,0.9595566987991333,0.9271610975265503,0.9866911172866821,0.9797064065933228,0.9793684482574463,1.0
589,1.0,1.0,0.0,0.0,1.0,0.0,0.9905182719230652,0.9769456386566162,0.9578690528869629,0.9757533073425293,0.9818476438522339,0.9773048162460327,0.0
590,0.0,0.0,0.0,0.0,0.0,0.0,0.9846448302268982,0.9845110177993774,0.9759563207626343,0.9825223684310913,0.9859017133712769,0.9772920608520508,1.0
591,0.0,0.0,0.0,0.0,1.0,0.0,0.9899706244468689,0.9852521419525146,0.9772015810012817,0.9861456155776978,0.9864304065704346,0.983228862285614,1.0
592,1.0,1.0,1.0,1.0,1.0,1.0,0.9938615560531616,0.9908068776130676,0.9854593276977539,0.9906518459320068,0.9913697242736816,0.990199089050293,4.0
593,1.0,1.0,1.0,1.0,1.0,1.0,0.995374858379364,0.9747352004051208,0.9559998512268066,0.9872763752937317,0.9797985553741455,0.9827685952186584,1.0
594,1.0,1.0,1.0,1.0,1.0,1.0,0.9924888610839844,0.9855602383613586,0.9732846617698669,0.9890279769897461,0.9911797642707825,0.9882671236991882,2.0
595,0.0,0.0,0.0,0.0,0.0,0.0,0.9884772300720215,0.9886937737464905,0.978050708770752,0.9865385293960571,0.9903784990310669,0.9842661619186401,3.0
596,1.0,1.0,1.0,0.0,1.0,0.0,0.9960770010948181,0.9805219173431396,0.9687120914459229,0.9903282523155212,0.9853276014328003,0.9853143692016602,1.0
597,1.0,1.0,1.0,1.0,1.0,1.0,0.9889111518859863,0.9891610741615295,0.9837419986724854,0.9828522801399231,0.9825605750083923,0.9835885763168335,1.0
598,1.0,1.0,0.0,0.0,1.0,0.0,0.9954820871353149,0.9778313636779785,0.9642487168312073,0.9889034628868103,0.9834213852882385,0.9841529726982117,1.0
599,1.0,1.0,0.0,0.0,0.0,0.0,0.995396077632904,0.9806622266769409,0.9683046340942383,0.9894715547561646,0.983966052532196,0.9845379590988159,1.0
600,0.0,0.0,0.0,0.0,0.0,0.0,0.9917551279067993,0.9876229763031006,0.9789165258407593,0.989179253578186,0.9920043349266052,0.9864245057106018,4.0
601,1.0,1.0,1.0,1.0,1.0,0.0,0.9867082834243774,0.9804273247718811,0.9651982188224792,0.9752222299575806,0.9745814204216003,0.971872866153717,0.0
602,0.0,1.0,1.0,1.0,1.0,1.0,0.9840076565742493,0.9797244071960449,0.9662670493125916,0.9749248027801514,0.9731735587120056,0.9733130931854248,0.0
603,0.0,0.0,0.0,0.0,0.0,0.0,0.9896358847618103,0.9891487956047058,0.9812822341918945,0.9871906638145447,0.9906210899353027,0.9831862449645996,2.0
604,1.0,1.0,1.0,1.0,1.0,0.0,0.9947540760040283,0.9861520528793335,0.9697985649108887,0.987676739692688,0.9879589080810547,0.9879323840141296,3.0
605,1.0,1.0,1.0,1.0,1.0,1.0,0.9945831894874573,0.9877992868423462,0.9800512790679932,0.9896358847618103,0.9903357028961182,0.9887789487838745,2.0
606,0.0,0.0,0.0,0.0,0.0,0.0,0.9888928532600403,0.9895232319831848,0.980118989944458,0.9876232147216797,0.9906166195869446,0.9852027297019958,3.0
607,1.0,1.0,1.0,1.0,1.0,0.0,0.9858831763267517,0.9797835350036621,0.9620614051818848,0.9732670187950134,0.9721075892448425,0.9710182547569275,0.0
608,1.0,1.0,1.0,0.0,0.0,0.0,0.9934923052787781,0.990195095539093,0.9859785437583923,0.9895059466362,0.9904372096061707,0.9894409775733948,4.0
609,1.0,1.0,1.0,1.0,0.0,0.0,0.9938795566558838,0.9881320595741272,0.9779625535011292,0.9883013367652893,0.9893119931221008,0.9879478812217712,2.0
610,0.0,0.0,0.0,0.0,0.0,0.0,0.9870496392250061,0.9765482544898987,0.9505271911621094,0.9794951677322388,0.984914243221283,0.9669240117073059,0.0
611,1.0,1.0,1.0,1.0,1.0,1.0,0.9860551953315735,0.9870098829269409,0.9793426990509033,0.9791492819786072,0.9794857501983643,0.9812848567962646,1.0
612,0.0,0.0,0.0,0.0,0.0,0.0,0.9930779337882996,0.9883019328117371,0.9771789312362671,0.9882502555847168,0.9904510378837585,0.9869006276130676,4.0
613,1.0,1.0,1.0,0.0,0.0,1.0,0.9871519804000854,0.978282630443573,0.9637648463249207,0.976398229598999,0.977038562297821,0.9746398329734802,0.0
614,0.0,1.0,1.0,0.0,0.0,0.0,0.9901284575462341,0.9879142642021179,0.9827086925506592,0.9847403168678284,0.9837138652801514,0.9856187701225281,1.0
615,1.0,1.0,0.0,0.0,0.0,0.0,0.9972988963127136,0.9722774028778076,0.9330633282661438,0.9911783337593079,0.9888052940368652,0.9822600483894348,1.0
616,1.0,1.0,1.0,1.0,1.0,1.0,0.9947744011878967,0.9891218543052673,0.9777586460113525,0.988906741142273,0.9887887835502625,0.9880978465080261,3.0
617,0.0,0.0,0.0,0.0,0.0,0.0,0.986417293548584,0.9874284863471985,0.9799551367759705,0.9854770302772522,0.9870448708534241,0.981310248374939,1.0
618,1.0,1.0,0.0,0.0,1.0,1.0,0.9868221282958984,0.9791680574417114,0.9697032570838928,0.979853630065918,0.9834173321723938,0.9793166518211365,0.0
619,1.0,1.0,1.0,1.0,1.0,0.0,0.9923281073570251,0.9801394939422607,0.9728482961654663,0.9859005808830261,0.9795358777046204,0.9815570116043091,1.0
620,1.0,1.0,0.0,0.0,1.0,0.0,0.9971106052398682,0.9780987501144409,0.9555636048316956,0.9927830696105957,0.9891856908798218,0.9863813519477844,1.0
621,0.0,1.0,1.0,1.0,1.0,0.0,0.995479941368103,0.9795578122138977,0.9682551026344299,0.9904072880744934,0.9857407212257385,0.9855441451072693,1.0
622,1.0,1.0,0.0,0.0,1.0,0.0,0.9949746131896973,0.98390132188797,0.9638283848762512,0.9904727339744568,0.9926961660385132,0.9885979890823364,2.0
623,0.0,0.0,0.0,0.0,0.0,0.0,0.9930137991905212,0.9898390769958496,0.9834411144256592,0.9903882145881653,0.9920984506607056,0.987459659576416,4.0
624,0.0,0.0,0.0,0.0,0.0,0.0,0.9917635917663574,0.9898059964179993,0.9840025305747986,0.9888498187065125,0.9905433058738708,0.9882748126983643,2.0
625,0.0,0.0,0.0,0.0,0.0,0.0,0.9870014190673828,0.9891068339347839,0.9822607636451721,0.9855031967163086,0.988864541053772,0.9841808080673218,3.0
626,1.0,1.0,0.0,0.0,0.0,0.0,0.994756817817688,0.9803000688552856,0.9675101637840271,0.9882140159606934,0.9823465347290039,0.9827591180801392,1.0
627,1.0,1.0,0.0,0.0,1.0,0.0,0.9934230446815491,0.989741325378418,0.9827175736427307,0.9885125160217285,0.9892701506614685,0.9888812899589539,4.0
628,1.0,1.0,0.0,0.0,1.0,0.0,0.9888036847114563,0.9771454334259033,0.9661474227905273,0.9755566716194153,0.9784093499183655,0.9771626591682434,0.0
629,0.0,0.0,0.0,0.0,0.0,0.0,0.9877296090126038,0.9876777529716492,0.9783952236175537,0.9870440363883972,0.9878222346305847,0.9822288751602173,1.0
630,1.0,1.0,0.0,0.0,1.0,0.0,0.9947070479393005,0.9868935346603394,0.9723927974700928,0.9898467659950256,0.9909714460372925,0.9884992241859436,2.0
631,1.0,1.0,0.0,0.0,0.0,0.0,0.9966907501220703,0.9750608205795288,0.94830721616745,0.9902322292327881,0.9861477613449097,0.9832030534744263,1.0
632,0.0,0.0,0.0,0.0,1.0,0.0,0.9931564927101135,0.9879235625267029,0.9736282825469971,0.9878588318824768,0.991235613822937,0.9862949252128601,4.0
633,1.0,1.0,1.0,1.0,1.0,1.0,0.9943820834159851,0.9894722104072571,0.9824972748756409,0.9892891645431519,0.9891209006309509,0.9881976246833801,3.0
634,0.0,0.0,0.0,0.0,0.0,0.0,0.9884774088859558,0.979331374168396,0.9671823978424072,0.9791375398635864,0.9808727502822876,0.9771683216094971,0.0
635,0.0,0.0,0.0,0.0,0.0,0.0,0.9888690710067749,0.989057719707489,0.9838936924934387,0.985763430595398,0.9883829951286316,0.9848840236663818,3.0
636,1.0,1.0,1.0,1.0,1.0,1.0,0.9883317351341248,0.9880564212799072,0.9830744862556458,0.9817361831665039,0.9810478091239929,0.9829728603363037,1.0
637,0.0,1.0,1.0,1.0,1.0,1.0,0.9888997077941895,0.9832354784011841,0.9686335921287537,0.9761219024658203,0.9763180017471313,0.9737032055854797,0.0
638,1.0,1.0,1.0,1.0,1.0,1.0,0.9932639598846436,0.990117609500885,0.9817204475402832,0.9877485632896423,0.9878011345863342,0.9872229099273682,2.0
639,1.0,1.0,0.0,0.0,1.0,0.0,0.9925141930580139,0.9876700639724731,0.9805682897567749,0.9870103597640991,0.9878828525543213,0.9881536364555359,4.0
640,1.0,1.0,1.0,1.0,1.0,0.0,0.9928570985794067,0.990467369556427,0.9843212366104126,0.9878336191177368,0.9881468415260315,0.9884470105171204,4.0
641,1.0,1.0,1.0,1.0,1.0,1.0,0.992849588394165,0.9909483790397644,0.9828148484230042,0.9886647462844849,0.9884169697761536,0.9880803823471069,4.0
642,0.0,0.0,0.0,0.0,0.0,0.0,0.9938378930091858,0.9898942112922668,0.9829109311103821,0.9899436235427856,0.9919195175170898,0.9893249869346619,4.0
643,1.0,1.0,0.0,1.0,1.0,1.0,0.9882994890213013,0.9806143045425415,0.9673956632614136,0.9769154787063599,0.9767543077468872,0.9757804870605469,0.0
644,0.0,0.0,0.0,0.0,0.0,0.0,0.9931584000587463,0.9847851991653442,0.9699043035507202,0.9882506132125854,0.9899112582206726,0.9872904419898987,2.0
645,1.0,1.0,0.0,0.0,1.0,0.0,0.9934396147727966,0.9910872578620911,0.9846077561378479,0.9899057745933533,0.9907349348068237,0.989329993724823,4.0
646,0.0,0.0,1.0,0.0,0.0,0.0,0.9935030341148376,0.9905686974525452,0.9865879416465759,0.9895824193954468,0.990537703037262,0.9896865487098694,4.0
647,0.0,0.0,0.0,0.0,0.0,0.0,0.993165910243988,0.9890523552894592,0.9816284775733948,0.9887219667434692,0.9912968873977661,0.9876884818077087,4.0
648,1.0,1.0,0.0,0.0,1.0,0.0,0.9940160512924194,0.9885573387145996,0.9748463034629822,0.9886383414268494,0.9910033941268921,0.988610029220581,4.0
649,0.0,0.0,0.0,0.0,0.0,0.0,0.98939448595047,0.9890871047973633,0.979719340801239,0.9876910448074341,0.9910547137260437,0.9831279516220093,2.0
650,1.0,1.0,1.0,0.0,1.0,0.0,0.9888685941696167,0.9807795882225037,0.9612039923667908,0.9755134582519531,0.9746646285057068,0.973579466342926,0.0
651,1.0,1.0,0.0,0.0,0.0,0.0,0.9975457787513733,0.9737975001335144,0.9353622198104858,0.9915532469749451,0.9881038069725037,0.9826241135597229,1.0
652,1.0,1.0,0.0,0.0,0.0,0.0,0.9952648878097534,0.9869526624679565,0.9750242829322815,0.9901121258735657,0.99029141664505,0.9890515208244324,3.0
653,1.0,1.0,1.0,1.0,1.0,1.0,0.9916573762893677,0.9919158816337585,0.9886800050735474,0.9883512854576111,0.9895007014274597,0.989001989364624,3.0
654,0.0,1.0,1.0,1.0,1.0,1.0,0.9872045516967773,0.9872073531150818,0.9800967574119568,0.9794511198997498,0.9796435236930847,0.9827345013618469,1.0
655,1.0,1.0,0.0,1.0,1.0,1.0,0.991091251373291,0.9923827052116394,0.9895654916763306,0.9877866506576538,0.9893866777420044,0.9886903166770935,3.0
656,1.0,1.0,0.0,1.0,0.0,0.0,0.9950323104858398,0.9825258255004883,0.9644143581390381,0.9871024489402771,0.9888581037521362,0.9868161082267761,3.0
657,0.0,0.0,0.0,0.0,0.0,0.0,0.9894993305206299,0.9890614748001099,0.9810654520988464,0.9869683384895325,0.990003228187561,0.9856093525886536,3.0
658,0.0,0.0,0.0,0.0,0.0,0.0,0.9860022068023682,0.9860982894897461,0.9755107164382935,0.9833436608314514,0.9892216920852661,0.9796038269996643,3.0
659,1.0,1.0,0.0,0.0,1.0,0.0,0.9937078952789307,0.9883282780647278,0.9768401384353638,0.988736093044281,0.9911630153656006,0.9882301092147827,4.0
660,1.0,1.0,1.0,1.0,1.0,0.0,0.9904561638832092,0.9799857139587402,0.9698622226715088,0.9828914403915405,0.9741516709327698,0.9785357117652893,1.0
661,0.0,1.0,1.0,1.0,1.0,1.0,0.9911229610443115,0.990597665309906,0.9858333468437195,0.9864370226860046,0.9886121153831482,0.9878045320510864,2.0
662,0.0,1.0,1.0,1.0,1.0,1.0,0.9915992021560669,0.992403507232666,0.989543080329895,0.9870440363883972,0.9889060258865356,0.9896770715713501,3.0
663,1.0,1.0,1.0,1.0,1.0,0.0,0.9925404191017151,0.9898543953895569,0.9838749170303345,0.9874804615974426,0.9885371923446655,0.987947404384613,4.0
664,0.0,1.0,1.0,1.0,1.0,1.0,0.9894681572914124,0.9880982041358948,0.9828203916549683,0.9840648770332336,0.9832972288131714,0.9844412803649902,1.0
665,1.0,1.0,0.0,0.0,1.0,0.0,0.9915899634361267,0.9874509572982788,0.9798445701599121,0.9870981574058533,0.9882787466049194,0.9872872829437256,2.0
666,1.0,1.0,1.0,1.0,1.0,1.0,0.9931871891021729,0.9890490770339966,0.9806932806968689,0.9877524375915527,0.9881286025047302,0.9871823787689209,2.0
667,0.0,0.0,0.0,0.0,0.0,0.0,0.9915321469306946,0.9914896488189697,0.9884259700775146,0.9885391592979431,0.9894036054611206,0.9886090755462646,3.0
668,1.0,1.0,1.0,1.0,1.0,1.0,0.9891749620437622,0.9829627275466919,0.9711107611656189,0.9792470335960388,0.9778577089309692,0.9766665101051331,0.0
669,0.0,1.0,1.0,1.0,0.0,1.0,0.9902179837226868,0.9896836280822754,0.9862050414085388,0.9861806035041809,0.9855247139930725,0.9862274527549744,1.0
670,0.0,1.0,1.0,1.0,0.0,1.0,0.9905338287353516,0.9884567260742188,0.9825050830841064,0.9852195978164673,0.9845935702323914,0.9856944680213928,1.0
671,1.0,1.0,1.0,1.0,1.0,0.0,0.9912573099136353,0.9871635437011719,0.9776996374130249,0.9846004843711853,0.985173225402832,0.9865285158157349,3.0
672,0.0,0.0,0.0,0.0,0.0,0.0,0.9882510304450989,0.9880653023719788,0.9786801338195801,0.9854673147201538,0.9903046488761902,0.9809371829032898,2.0
673,0.0,0.0,0.0,0.0,0.0,0.0,0.9913573265075684,0.9901584982872009,0.9838534593582153,0.9881350994110107,0.9905166029930115,0.9861553311347961,2.0
674,1.0,1.0,0.0,0.0,1.0,0.0,0.9868336319923401,0.9724035263061523,0.9547854065895081,0.9714808464050293,0.9753345847129822,0.972206711769104,0.0
675,0.0,0.0,0.0,0.0,0.0,0.0,0.9897750616073608,0.9900767207145691,0.9863335490226746,0.9864504337310791,0.9880660772323608,0.987525224685669,3.0
676,1.0,0.0,1.0,1.0,1.0,0.0,0.9927279949188232,0.9910147786140442,0.9864592552185059,0.9885489344596863,0.9892298579216003,0.9896934628486633,2.0
677,0.0,0.0,0.0,0.0,0.0,0.0,0.9888046383857727,0.9843144416809082,0.9712211489677429,0.9861047863960266,0.9869045615196228,0.9802690148353577,1.0
678,1.0,1.0,1.0,1.0,1.0,1.0,0.9882994890213013,0.9806143045425415,0.9673956632614136,0.9769154787063599,0.9767543077468872,0.9757804870605469,0.0
679,1.0,1.0,1.0,1.0,1.0,1.0,0.9861531257629395,0.9796462655067444,0.9699062705039978,0.9769700765609741,0.9779025912284851,0.9760018587112427,0.0
680,0.0,1.0,1.0,1.0,0.0,1.0,0.9906947612762451,0.9901319742202759,0.9868131875991821,0.9874847531318665,0.9866583943367004,0.9867580533027649,1.0
681,0.0,0.0,0.0,0.0,0.0,0.0,0.9932657480239868,0.9890350103378296,0.9820725321769714,0.9898568391799927,0.9911244511604309,0.9888629913330078,4.0
682,0.0,1.0,1.0,1.0,0.0,0.0,0.989848792552948,0.9808428883552551,0.9676868319511414,0.9809045195579529,0.9807618260383606,0.9786454439163208,0.0
683,1.0,1.0,0.0,0.0,1.0,0.0,0.9915754199028015,0.9871264100074768,0.9825630187988281,0.9879809021949768,0.9898613691329956,0.9874606728553772,4.0
684,0.0,1.0,1.0,1.0,0.0,1.0,0.9918276071548462,0.9922480583190918,0.9886309504508972,0.9883469939231873,0.9892398118972778,0.9898861646652222,3.0
685,0.0,1.0,1.0,1.0,1.0,1.0,0.9907800555229187,0.992559552192688,0.9885382652282715,0.9873859882354736,0.9883008599281311,0.9882116913795471,3.0
686,1.0,1.0,1.0,1.0,1.0,1.0,0.9934934973716736,0.9896872639656067,0.9841479063034058,0.9887382984161377,0.9898149967193604,0.9892252087593079,4.0
687,1.0,1.0,1.0,1.0,1.0,1.0,0.9934185743331909,0.9894812107086182,0.9824973940849304,0.9887917041778564,0.989205002784729,0.9880667924880981,4.0
688,1.0,1.0,1.0,1.0,1.0,1.0,0.9930343627929688,0.9908055663108826,0.9869387149810791,0.9890977144241333,0.9899376630783081,0.9895037412643433,2.0
689,0.0,0.0,0.0,0.0,0.0,0.0,0.9920032024383545,0.9926623106002808,0.9891499876976013,0.9896827936172485,0.991177499294281,0.990478515625,3.0
690,0.0,0.0,0.0,0.0,0.0,0.0,0.9895159006118774,0.9909473061561584,0.9862514138221741,0.9874235987663269,0.9894140958786011,0.9868966937065125,3.0
691,1.0,1.0,1.0,1.0,1.0,1.0,0.9921425580978394,0.9910669922828674,0.9867472648620605,0.987341582775116,0.9884207248687744,0.9883155822753906,2.0
692,1.0,1.0,1.0,1.0,1.0,1.0,0.9917492866516113,0.9781777858734131,0.9618897438049316,0.9803352355957031,0.9838814735412598,0.9773964881896973,0.0
693,0.0,0.0,0.0,1.0,1.0,0.0,0.988789439201355,0.9775651693344116,0.9530154466629028,0.9750521779060364,0.9832016825675964,0.9700390696525574,0.0
694,0.0,0.0,0.0,0.0,0.0,0.0,0.9859455227851868,0.9741653800010681,0.9553497433662415,0.9726525545120239,0.9794644713401794,0.9693657159805298,0.0
695,0.0,1.0,1.0,1.0,1.0,1.0,0.9918340444564819,0.9919153451919556,0.9875715970993042,0.987329363822937,0.9885243773460388,0.9889145493507385,2.0
696,1.0,1.0,1.0,1.0,1.0,1.0,0.9946075081825256,0.9882178902626038,0.9742306470870972,0.9889757633209229,0.9888334274291992,0.9875780940055847,3.0
697,1.0,1.0,0.0,1.0,1.0,1.0,0.9915289878845215,0.9927597045898438,0.9884860515594482,0.9889695644378662,0.9902169704437256,0.9896948337554932,3.0
698,0.0,1.0,1.0,1.0,0.0,1.0,0.9942309856414795,0.9914542436599731,0.9868358373641968,0.9902735352516174,0.9912273287773132,0.9905681014060974,4.0
699,1.0,1.0,1.0,1.0,1.0,1.0,0.9927473664283752,0.9914568066596985,0.9861553311347961,0.9900416731834412,0.9901171326637268,0.9889469742774963,4.0
700,0.0,0.0,0.0,0.0,0.0,0.0,0.9879834651947021,0.9877378940582275,0.9800845980644226,0.986922025680542,0.9877296090126038,0.9828031063079834,1.0
701,1.0,1.0,1.0,1.0,1.0,0.0,0.987930417060852,0.9819542169570923,0.9661497473716736,0.9751616716384888,0.9723697900772095,0.9723131060600281,0.0
702,1.0,1.0,1.0,1.0,1.0,1.0,0.9928323030471802,0.9907695651054382,0.9815894961357117,0.9870158433914185,0.9870922565460205,0.9873220324516296,4.0
703,0.0,0.0,1.0,0.0,0.0,1.0,0.9914878606796265,0.9924010038375854,0.9881696701049805,0.9896538853645325,0.9910441637039185,0.9896883368492126,3.0
704,1.0,1.0,0.0,0.0,1.0,0.0,0.9914177656173706,0.9820194840431213,0.9684678316116333,0.9808057546615601,0.9807333946228027,0.9802336096763611,0.0
705,1.0,1.0,1.0,1.0,0.0,1.0,0.9896920323371887,0.9701827168464661,0.950736939907074,0.9779241681098938,0.9688597917556763,0.9761168956756592,1.0
706,1.0,1.0,0.0,0.0,1.0,0.0,0.9956750273704529,0.9648867845535278,0.9440295696258545,0.9872969388961792,0.9805023074150085,0.9800830483436584,1.0
707,0.0,0.0,0.0,0.0,0.0,0.0,0.9856976270675659,0.9820743203163147,0.9755119681358337,0.9811728596687317,0.9838857650756836,0.9786404967308044,1.0
708,1.0,1.0,1.0,1.0,1.0,1.0,0.9954339861869812,0.9872532486915588,0.9716852307319641,0.9887070655822754,0.9896500110626221,0.9882843494415283,3.0
709,0.0,1.0,0.0,0.0,1.0,0.0,0.991933286190033,0.9873981475830078,0.9797394871711731,0.9878450036048889,0.9904631972312927,0.9860736131668091,4.0
710,0.0,1.0,1.0,0.0,0.0,1.0,0.9906573295593262,0.99017333984375,0.986042857170105,0.9860009551048279,0.985040545463562,0.9865228533744812,1.0
711,1.0,1.0,0.0,0.0,1.0,0.0,0.9883180260658264,0.9745984673500061,0.9601737856864929,0.9767107367515564,0.9810066819190979,0.9762827754020691,0.0
712,1.0,1.0,0.0,0.0,0.0,0.0,0.9901424646377563,0.9817313551902771,0.9671463966369629,0.9777144193649292,0.9778741002082825,0.9767197370529175,0.0
713,1.0,1.0,1.0,0.0,0.0,0.0,0.9950003027915955,0.9861810803413391,0.9691819548606873,0.9895815849304199,0.9900418519973755,0.9881176352500916,3.0
714,1.0,1.0,0.0,0.0,1.0,1.0,0.9942545294761658,0.9889047741889954,0.9761097431182861,0.9890617728233337,0.9919072389602661,0.9881398677825928,2.0
715,1.0,1.0,1.0,1.0,1.0,0.0,0.9855926632881165,0.9799267649650574,0.9645935297012329,0.975143551826477,0.9731360673904419,0.9729869365692139,0.0
716,0.0,0.0,0.0,0.0,0.0,0.0,0.991016149520874,0.9880468845367432,0.9802823066711426,0.9877768754959106,0.9908820390701294,0.9859366416931152,2.0
717,0.0,0.0,0.0,0.0,0.0,0.0,0.991041362285614,0.9909942746162415,0.9859828352928162,0.9884429574012756,0.9901690483093262,0.9885652661323547,3.0
718,1.0,1.0,1.0,1.0,1.0,0.0,0.9933146834373474,0.9893351197242737,0.9832335114479065,0.9882069230079651,0.9892745614051819,0.9881751537322998,2.0
719,0.0,0.0,0.0,0.0,0.0,0.0,0.9933337569236755,0.9888930916786194,0.978646457195282,0.9895338416099548,0.9914810657501221,0.98869788646698,4.0
720,0.0,0.0,0.0,1.0,1.0,0.0,0.9909732341766357,0.9869439601898193,0.9771032333374023,0.9882565140724182,0.9884787201881409,0.9845409393310547,1.0
721,0.0,0.0,1.0,0.0,0.0,1.0,0.9888820052146912,0.9800119400024414,0.9641667008399963,0.9770261645317078,0.9774690270423889,0.9763186573982239,0.0
722,1.0,1.0,1.0,0.0,1.0,0.0,0.995546817779541,0.9866440892219543,0.9695253968238831,0.9910100698471069,0.9925209283828735,0.9883989095687866,2.0
723,0.0,0.0,0.0,0.0,0.0,0.0,0.9900516867637634,0.9876272678375244,0.9762489795684814,0.9859985113143921,0.9896629452705383,0.9832952618598938,2.0
724,0.0,1.0,1.0,1.0,1.0,1.0,0.9907119870185852,0.9899641871452332,0.9847180247306824,0.986874520778656,0.9867886900901794,0.9867240786552429,1.0
725,0.0,1.0,1.0,1.0,0.0,1.0,0.9941932559013367,0.9908580183982849,0.9863519668579102,0.9901546239852905,0.9913391470909119,0.9906424880027771,4.0
726,1.0,1.0,1.0,1.0,1.0,0.0,0.9956943988800049,0.9864841103553772,0.972301185131073,0.9893546104431152,0.9905203580856323,0.9893137812614441,3.0
727,0.0,0.0,0.0,0.0,0.0,0.0,0.9880623817443848,0.977752149105072,0.9638691544532776,0.9754372239112854,0.9777591228485107,0.975095808506012,0.0
728,0.0,0.0,0.0,0.0,0.0,0.0,0.9935060739517212,0.983009397983551,0.9709627032279968,0.9862327575683594,0.9876495003700256,0.9881103038787842,3.0
729,1.0,1.0,0.0,0.0,1.0,0.0,0.9936633110046387,0.9890698194503784,0.9816873669624329,0.9893112778663635,0.9913572072982788,0.9893998503684998,4.0
730,0.0,0.0,0.0,0.0,0.0,0.0,0.9888495802879333,0.9849696159362793,0.9717909097671509,0.9865896701812744,0.9868992567062378,0.9823821187019348,1.0
731,1.0,1.0,1.0,1.0,1.0,1.0,0.9907454252243042,0.9920783638954163,0.9881260395050049,0.9863411784172058,0.987864077091217,0.9886574149131775,3.0
732,1.0,1.0,1.0,1.0,1.0,1.0,0.9907594919204712,0.9914205074310303,0.9882593154907227,0.9861499071121216,0.9873412251472473,0.9871712327003479,3.0
733,1.0,0.0,0.0,0.0,0.0,0.0,0.9945419430732727,0.9837693572044373,0.9598663449287415,0.9886626601219177,0.9922060370445251,0.9857193827629089,2.0
734,0.0,0.0,1.0,0.0,0.0,0.0,0.9898703694343567,0.9917278289794922,0.986492931842804,0.9881929755210876,0.9904705286026001,0.9873653054237366,3.0
735,0.0,0.0,1.0,0.0,0.0,0.0,0.992067813873291,0.993306577205658,0.9904370903968811,0.9889862537384033,0.9905117154121399,0.9904991984367371,3.0
736,1.0,1.0,1.0,1.0,0.0,0.0,0.9949260950088501,0.9897481203079224,0.9792561531066895,0.9896330833435059,0.9898980855941772,0.9884088635444641,2.0
737,0.0,0.0,0.0,0.0,0.0,0.0,0.9902066588401794,0.9899150133132935,0.9836004376411438,0.9871326684951782,0.9903374910354614,0.9853159785270691,2.0
738,1.0,1.0,1.0,1.0,1.0,0.0,0.9949309229850769,0.987377941608429,0.977813720703125,0.9893017411231995,0.9897049069404602,0.9894529581069946,3.0
739,0.0,0.0,0.0,0.0,0.0,0.0,0.9883497953414917,0.9890114068984985,0.9806104898452759,0.9862684011459351,0.9899232983589172,0.9837290644645691,3.0
740,0.0,0.0,0.0,0.0,0.0,0.0,0.9896553754806519,0.9907181859016418,0.9849790930747986,0.9875325560569763,0.990023672580719,0.9867701530456543,3.0
741,1.0,1.0,1.0,0.0,1.0,0.0,0.9914354681968689,0.9883488416671753,0.9774574041366577,0.9871428608894348,0.9876646399497986,0.9861882328987122,2.0
742,0.0,1.0,1.0,1.0,1.0,1.0,0.9937037825584412,0.9917975664138794,0.9855177402496338,0.9900445938110352,0.9894802570343018,0.9892483949661255,4.0
743,1.0,1.0,1.0,1.0,1.0,1.0,0.9871612191200256,0.9813450574874878,0.9630630016326904,0.9729361534118652,0.9718683958053589,0.9710794687271118,0.0
744,0.0,0.0,0.0,0.0,0.0,0.0,0.9910495281219482,0.987443745136261,0.9808933734893799,0.9874869585037231,0.9874529242515564,0.9864263534545898,1.0
745,1.0,1.0,0.0,0.0,1.0,0.0,0.9938156604766846,0.9718457460403442,0.950549304485321,0.9844034910202026,0.9737191200256348,0.9789745807647705,1.0
746,1.0,1.0,1.0,1.0,1.0,0.0,0.993549644947052,0.9918681979179382,0.9875509142875671,0.9882414937019348,0.9892374277114868,0.9897021055221558,2.0
747,0.0,0.0,0.0,0.0,0.0,0.0,0.9917702674865723,0.9878140687942505,0.978333592414856,0.9895162582397461,0.9924047589302063,0.9859657287597656,4.0
748,1.0,1.0,0.0,0.0,1.0,0.0,0.9931358098983765,0.9878491759300232,0.9775787591934204,0.9871110916137695,0.9892463088035583,0.9873243570327759,4.0
749,0.0,0.0,0.0,0.0,0.0,0.0,0.9922509789466858,0.9880192875862122,0.9825165271759033,0.9885043501853943,0.9902960658073425,0.9881840944290161,4.0
750,1.0,1.0,1.0,0.0,0.0,0.0,0.9928243160247803,0.9854217767715454,0.9723564982414246,0.9861546158790588,0.9872194528579712,0.9876937866210938,3.0
751,0.0,0.0,0.0,0.0,0.0,0.0,0.9927277565002441,0.9888495802879333,0.9770142436027527,0.9891680479049683,0.9920297861099243,0.9857434630393982,4.0
752,1.0,1.0,0.0,0.0,1.0,0.0,0.9874159693717957,0.9730537533760071,0.9423370361328125,0.9757645726203918,0.983732283115387,0.9682520031929016,0.0
753,1.0,1.0,1.0,1.0,0.0,0.0,0.9942609071731567,0.9903643727302551,0.9839457869529724,0.9891843795776367,0.9889498353004456,0.9882237911224365,3.0
754,1.0,1.0,0.0,0.0,1.0,1.0,0.9970201849937439,0.977753758430481,0.9538465142250061,0.9920233488082886,0.9889139533042908,0.9855164885520935,1.0
755,1.0,0.0,0.0,0.0,0.0,0.0,0.991992712020874,0.9851363897323608,0.978678286075592,0.9863924384117126,0.9842991828918457,0.9862165451049805,1.0
756,1.0,1.0,0.0,0.0,1.0,0.0,0.9922487735748291,0.9887760877609253,0.9815612435340881,0.9878360629081726,0.9891162514686584,0.9885608553886414,2.0
757,1.0,1.0,1.0,1.0,0.0,1.0,0.9889103174209595,0.9741541743278503,0.9555100202560425,0.9786524772644043,0.9670063257217407,0.9766528606414795,1.0
758,0.0,1.0,1.0,1.0,0.0,1.0,0.9921342134475708,0.9922407865524292,0.9889658093452454,0.9887680411338806,0.989685595035553,0.9894603490829468,3.0
759,1.0,1.0,1.0,1.0,0.0,1.0,0.9850417971611023,0.9773417115211487,0.9664689302444458,0.9745732545852661,0.9745679497718811,0.9747251272201538,0.0
760,1.0,0.0,0.0,0.0,0.0,0.0,0.9958394765853882,0.9846569895744324,0.9586174488067627,0.9892786145210266,0.9918522238731384,0.9880734086036682,3.0
761,1.0,1.0,1.0,1.0,1.0,1.0,0.991043210029602,0.9927242398262024,0.9896534085273743,0.9873028993606567,0.9884800910949707,0.9885572195053101,3.0
762,1.0,1.0,1.0,1.0,1.0,0.0,0.99348384141922,0.9888943433761597,0.9796781539916992,0.9870075583457947,0.9878627061843872,0.9872862696647644,2.0
763,1.0,1.0,1.0,1.0,1.0,1.0,0.9910929799079895,0.989250898361206,0.9839277863502502,0.9884080290794373,0.9894596338272095,0.9879370331764221,4.0
764,1.0,1.0,1.0,1.0,1.0,1.0,0.9871007204055786,0.9770028591156006,0.9614967107772827,0.9757388234138489,0.9752181172370911,0.9736973643302917,0.0
765,0.0,0.0,0.0,0.0,0.0,0.0,0.9866214990615845,0.9729878306388855,0.9472582936286926,0.9754124879837036,0.9829588532447815,0.9649612903594971,0.0
766,1.0,1.0,1.0,1.0,1.0,1.0,0.9939785003662109,0.9899185299873352,0.9831611514091492,0.9883273243904114,0.9888263940811157,0.9888533353805542,4.0
767,0.0,0.0,0.0,0.0,0.0,0.0,0.9878718852996826,0.9853620529174805,0.9789214730262756,0.9849826693534851,0.9861243963241577,0.9815623164176941,1.0
768,1.0,1.0,1.0,1.0,1.0,1.0,0.9939911961555481,0.9885962605476379,0.9778922200202942,0.987938642501831,0.9880235195159912,0.987531840801239,3.0
769,0.0,0.0,0.0,0.0,0.0,0.0,0.9925805330276489,0.9882816672325134,0.9820127487182617,0.9887399077415466,0.9916120767593384,0.9867874383926392,4.0
770,1.0,1.0,0.0,0.0,1.0,0.0,0.9944684505462646,0.9858565330505371,0.975547730922699,0.9895097017288208,0.9905755519866943,0.9882951974868774,2.0
771,0.0,0.0,0.0,0.0,0.0,0.0,0.99112468957901,0.9901566505432129,0.9831324219703674,0.9888865351676941,0.9913171529769897,0.9855901598930359,2.0
772,1.0,1.0,1.0,1.0,1.0,1.0,0.9905029535293579,0.9777628779411316,0.9651407599449158,0.980420708656311,0.9713545441627502,0.9768723249435425,1.0
773,1.0,1.0,1.0,1.0,1.0,1.0,0.9941743016242981,0.9881649017333984,0.9791649580001831,0.9881728291511536,0.9880298972129822,0.9884155988693237,3.0
774,1.0,1.0,1.0,1.0,1.0,1.0,0.9849219918251038,0.9800090789794922,0.9643391370773315,0.9734662771224976,0.9723072648048401,0.972236692905426,0.0
775,1.0,1.0,0.0,0.0,1.0,0.0,0.9938858151435852,0.9894324541091919,0.9793522953987122,0.9887784123420715,0.9919290542602539,0.9883028864860535,4.0
776,0.0,1.0,0.0,1.0,0.0,0.0,0.9929908514022827,0.9908502101898193,0.9854975938796997,0.9888104200363159,0.989149272441864,0.9885398745536804,4.0
777,1.0,1.0,1.0,1.0,1.0,1.0,0.9866510629653931,0.9786313772201538,0.9655468463897705,0.9751835465431213,0.9766960740089417,0.9760388731956482,0.0
778,1.0,1.0,1.0,1.0,1.0,1.0,0.9931837916374207,0.9896606206893921,0.9833583235740662,0.9886673092842102,0.9897680878639221,0.9893112182617188,2.0
779,0.0,0.0,1.0,1.0,1.0,1.0,0.9924541115760803,0.9897374510765076,0.9846359491348267,0.9889529943466187,0.9899564981460571,0.9884241223335266,4.0
780,1.0,1.0,0.0,1.0,1.0,0.0,0.9957707524299622,0.9810804724693298,0.9675198197364807,0.9893994927406311,0.9842572212219238,0.9838101863861084,1.0
781,1.0,1.0,1.0,1.0,1.0,1.0,0.9849777221679688,0.9852723479270935,0.9786996841430664,0.9773349761962891,0.9766055345535278,0.9780492186546326,1.0
782,0.0,0.0,0.0,0.0,0.0,0.0,0.9878295660018921,0.9855997562408447,0.9737100005149841,0.985470175743103,0.986939549446106,0.9794173836708069,1.0
783,0.0,0.0,0.0,0.0,0.0,0.0,0.9904772043228149,0.9909634590148926,0.9857391715049744,0.9882053136825562,0.9902179837226868,0.9882517457008362,3.0
784,1.0,1.0,1.0,1.0,1.0,0.0,0.9947817921638489,0.9867883920669556,0.9771115183830261,0.9879153966903687,0.9883223176002502,0.9880115985870361,3.0
785,1.0,1.0,1.0,1.0,1.0,0.0,0.9890677332878113,0.9800595641136169,0.9632881283760071,0.9765441417694092,0.9760029911994934,0.976482093334198,0.0
786,0.0,0.0,0.0,0.0,0.0,0.0,0.9875708818435669,0.9854925274848938,0.9807575941085815,0.9841576218605042,0.9858384728431702,0.9813889861106873,1.0
787,1.0,1.0,0.0,0.0,1.0,0.0,0.9884505271911621,0.9716875553131104,0.9417283535003662,0.9760769009590149,0.9828214645385742,0.9675067663192749,0.0
788,0.0,0.0,0.0,0.0,0.0,0.0,0.9936354160308838,0.9912171363830566,0.9878968000411987,0.98985356092453,0.9907496571540833,0.9903150200843811,2.0
789,0.0,0.0,0.0,0.0,0.0,0.0,0.9886138439178467,0.9894970655441284,0.9846327304840088,0.9863004684448242,0.9891641139984131,0.98484206199646,3.0
790,1.0,1.0,1.0,1.0,1.0,0.0,0.9951678514480591,0.9875652194023132,0.9734189510345459,0.9908456206321716,0.9910586476325989,0.9892794489860535,3.0
791,1.0,1.0,1.0,1.0,1.0,0.0,0.9928452372550964,0.9908863306045532,0.9846444129943848,0.9890152812004089,0.9884677529335022,0.9875554442405701,4.0
792,1.0,1.0,0.0,0.0,1.0,0.0,0.9960546493530273,0.9811453223228455,0.9672304391860962,0.990478515625,0.9859814643859863,0.9849361777305603,1.0
793,1.0,1.0,0.0,0.0,0.0,0.0,0.9933894872665405,0.9865875840187073,0.9754879474639893,0.9884840846061707,0.9901976585388184,0.9880427122116089,2.0
794,1.0,1.0,0.0,0.0,0.0,0.0,0.9916844367980957,0.9871068596839905,0.9816810488700867,0.9864257574081421,0.987604022026062,0.9875733256340027,4.0
795,0.0,0.0,0.0,0.0,0.0,0.0,0.9929106831550598,0.9888971447944641,0.9794514775276184,0.9895846247673035,0.9917556047439575,0.9880380630493164,4.0
796,0.0,0.0,0.0,0.0,0.0,0.0,0.990180492401123,0.9895884990692139,0.9829776287078857,0.9882447719573975,0.9905251860618591,0.9851269125938416,2.0
797,1.0,1.0,0.0,0.0,1.0,0.0,0.9936500191688538,0.9881038069725037,0.9758058786392212,0.9885848164558411,0.9910081028938293,0.9875953197479248,4.0
798,1.0,1.0,0.0,0.0,1.0,0.0,0.9968331456184387,0.9790902137756348,0.959495484828949,0.9918071627616882,0.9887081384658813,0.9858534336090088,1.0
799,1.0,1.0,1.0,1.0,1.0,1.0,0.9940468072891235,0.9889967441558838,0.9800430536270142,0.9884633421897888,0.9890890717506409,0.9880223274230957,2.0
800,1.0,1.0,0.0,1.0,1.0,0.0,0.9929872155189514,0.9905241131782532,0.9811320900917053,0.987764298915863,0.9877381324768066,0.9881685376167297,4.0
801,1.0,1.0,1.0,1.0,1.0,1.0,0.9937544465065002,0.9847989678382874,0.9726589918136597,0.9865325689315796,0.9878256916999817,0.9871532320976257,3.0
802,0.0,0.0,0.0,0.0,0.0,0.0,0.9908458590507507,0.987691342830658,0.9804648160934448,0.9866331815719604,0.9896199107170105,0.9857895970344543,2.0
803,0.0,0.0,0.0,0.0,0.0,0.0,0.992850661277771,0.9904028177261353,0.9831019043922424,0.9894909262657166,0.9917532205581665,0.9886857271194458,2.0
804,1.0,1.0,1.0,1.0,1.0,1.0,0.9934355020523071,0.9906004667282104,0.9839238524436951,0.9890444278717041,0.989548921585083,0.9879123568534851,4.0
805,1.0,1.0,0.0,0.0,1.0,0.0,0.9938289523124695,0.9892325401306152,0.9774331450462341,0.9893324375152588,0.9921268224716187,0.9874394536018372,4.0
806,1.0,1.0,1.0,1.0,1.0,1.0,0.9918043613433838,0.9905921816825867,0.9865019917488098,0.9871804118156433,0.9878811836242676,0.9875528812408447,2.0
807,1.0,1.0,1.0,1.0,1.0,1.0,0.990908145904541,0.9800891876220703,0.9718123078346252,0.9840278625488281,0.9754235148429871,0.9783527851104736,1.0
808,1.0,1.0,1.0,1.0,1.0,0.0,0.990607500076294,0.9817034602165222,0.969212532043457,0.9804089069366455,0.9808089733123779,0.9800659418106079,0.0
809,1.0,1.0,0.0,0.0,1.0,0.0,0.9911230802536011,0.9797160625457764,0.9646375775337219,0.978517472743988,0.9808052778244019,0.9787564277648926,0.0
810,1.0,1.0,0.0,0.0,0.0,0.0,0.9973747730255127,0.9675989747047424,0.9196304678916931,0.9901129007339478,0.9872515201568604,0.9797086119651794,1.0
811,1.0,1.0,0.0,0.0,0.0,0.0,0.9968480467796326,0.9811180233955383,0.9578399658203125,0.991622269153595,0.9883977770805359,0.9855263233184814,1.0
812,1.0,1.0,1.0,1.0,1.0,1.0,0.9929190278053284,0.9920697212219238,0.9885430335998535,0.9895244240760803,0.9904497265815735,0.9904111623764038,2.0
813,0.0,0.0,0.0,0.0,0.0,0.0,0.9917621612548828,0.9906989932060242,0.9857315421104431,0.9892198443412781,0.9910004734992981,0.9883052110671997,2.0
814,0.0,1.0,1.0,1.0,1.0,1.0,0.9914958477020264,0.992442786693573,0.9886924028396606,0.986842691898346,0.9883620142936707,0.9885075092315674,3.0
815,1.0,1.0,0.0,0.0,0.0,0.0,0.9928512573242188,0.9890493154525757,0.9820766448974609,0.9875668287277222,0.9883942604064941,0.9882432818412781,4.0
816,1.0,1.0,1.0,1.0,1.0,1.0,0.9869987368583679,0.9888033270835876,0.9821157455444336,0.9807589650154114,0.9805852770805359,0.9809529185295105,1.0
817,1.0,1.0,1.0,1.0,1.0,0.0,0.9879476428031921,0.9830438494682312,0.9697709679603577,0.9785813689231873,0.976237416267395,0.9761521220207214,0.0
818,1.0,1.0,1.0,1.0,1.0,1.0,0.9899930357933044,0.9818459153175354,0.9646717309951782,0.978057324886322,0.976325273513794,0.9745017886161804,0.0
819,1.0,1.0,1.0,1.0,1.0,1.0,0.9862790107727051,0.9855313301086426,0.9782271385192871,0.9780142307281494,0.9773194193840027,0.9799966812133789,1.0
820,1.0,1.0,0.0,0.0,0.0,0.0,0.9890508651733398,0.9790786504745483,0.9659680128097534,0.9808488488197327,0.9720696210861206,0.9775360226631165,1.0
821,1.0,1.0,0.0,0.0,0.0,0.0,0.9936315417289734,0.9892154335975647,0.9786954522132874,0.9889494180679321,0.9909653663635254,0.9887433052062988,4.0
822,1.0,0.0,0.0,0.0,0.0,0.0,0.9920044541358948,0.9923303723335266,0.9892592430114746,0.9892848134040833,0.9905678629875183,0.9903851747512817,3.0
823,0.0,0.0,0.0,0.0,0.0,0.0,0.9890973567962646,0.9890936613082886,0.9819099307060242,0.9867094159126282,0.9898319244384766,0.9847949147224426,3.0
824,1.0,1.0,0.0,0.0,1.0,0.0,0.9938733577728271,0.9891467094421387,0.9785332083702087,0.9894814491271973,0.9914148449897766,0.9878093004226685,2.0
825,0.0,0.0,0.0,0.0,0.0,0.0,0.9875090718269348,0.9878058433532715,0.9760500192642212,0.9853728413581848,0.9898093938827515,0.9824768900871277,3.0
826,0.0,0.0,1.0,1.0,1.0,1.0,0.991054356098175,0.9895057082176208,0.9829282164573669,0.9864364266395569,0.9874616265296936,0.9867367148399353,2.0
827,1.0,1.0,0.0,0.0,0.0,0.0,0.9959602952003479,0.9797577261924744,0.9346525073051453,0.9855766892433167,0.9910247325897217,0.9843383431434631,3.0
828,1.0,1.0,1.0,1.0,1.0,1.0,0.9943419694900513,0.9889249205589294,0.9816174507141113,0.9890845417976379,0.9892699122428894,0.9880675077438354,3.0
829,0.0,0.0,0.0,0.0,0.0,0.0,0.9871856570243835,0.9776986241340637,0.968066930770874,0.979686975479126,0.9826818704605103,0.9788787364959717,0.0
830,0.0,0.0,0.0,0.0,0.0,0.0,0.9903808236122131,0.9911904335021973,0.9853605628013611,0.9885565042495728,0.9906566143035889,0.9870105981826782,3.0
831,0.0,0.0,0.0,0.0,0.0,0.0,0.9924625158309937,0.9883735775947571,0.9808669686317444,0.9891833066940308,0.991367757320404,0.9871489405632019,4.0
832,1.0,1.0,1.0,1.0,1.0,1.0,0.9886341094970703,0.9813306927680969,0.9657658934593201,0.975449800491333,0.9748827815055847,0.9746255278587341,0.0
833,1.0,1.0,1.0,1.0,1.0,0.0,0.9939664602279663,0.989339292049408,0.9832120537757874,0.988599419593811,0.9880751967430115,0.9879093766212463,3.0
834,1.0,1.0,1.0,0.0,1.0,1.0,0.9931158423423767,0.9901521801948547,0.9840475916862488,0.9893795847892761,0.9905471205711365,0.9892828464508057,2.0
835,0.0,0.0,0.0,0.0,1.0,0.0,0.9920734763145447,0.9879298210144043,0.9767739772796631,0.9890151619911194,0.9920889139175415,0.9858847260475159,4.0
836,1.0,1.0,1.0,1.0,1.0,0.0,0.9902082085609436,0.983500599861145,0.9686246514320374,0.978952169418335,0.9768127202987671,0.9759372472763062,0.0
837,1.0,1.0,0.0,0.0,1.0,0.0,0.9956364035606384,0.9834156036376953,0.9627255797386169,0.9891380667686462,0.9905717372894287,0.9882411360740662,3.0
838,1.0,1.0,1.0,0.0,1.0,0.0,0.9914180040359497,0.9724875092506409,0.9575583934783936,0.980622410774231,0.9709650874137878,0.9799889922142029,1.0
839,1.0,1.0,1.0,1.0,1.0,1.0,0.9941864013671875,0.9693425297737122,0.9455392956733704,0.9844117760658264,0.9723284244537354,0.9799509048461914,1.0
840,1.0,1.0,1.0,1.0,1.0,1.0,0.9919852018356323,0.9895248413085938,0.9856120347976685,0.9893775582313538,0.9899790287017822,0.9888845682144165,4.0
841,1.0,1.0,0.0,0.0,1.0,0.0,0.9902607798576355,0.9758376479148865,0.9489622712135315,0.9766968488693237,0.983782947063446,0.9758902192115784,0.0
842,0.0,1.0,1.0,1.0,0.0,1.0,0.9889524579048157,0.9867743253707886,0.9817235469818115,0.9828703999519348,0.9818716645240784,0.9829886555671692,1.0
843,1.0,1.0,1.0,1.0,1.0,1.0,0.9880405068397522,0.9818016886711121,0.9673786163330078,0.9769160151481628,0.9750290513038635,0.9753981828689575,0.0
844,0.0,0.0,0.0,0.0,0.0,0.0,0.9897493720054626,0.9895562529563904,0.9819594025611877,0.9876032471656799,0.9908004403114319,0.984198808670044,2.0
845,0.0,1.0,0.0,1.0,1.0,0.0,0.9887295365333557,0.9875061511993408,0.9821134209632874,0.9834011793136597,0.9811921119689941,0.9814642071723938,1.0
846,1.0,1.0,1.0,1.0,1.0,0.0,0.9932263493537903,0.972137451171875,0.9512087106704712,0.984439492225647,0.97479647397995,0.9792858958244324,1.0
847,1.0,1.0,1.0,1.0,1.0,1.0,0.9941681623458862,0.9893679022789001,0.9804122447967529,0.9888665080070496,0.9890879392623901,0.9875556826591492,2.0
848,0.0,0.0,0.0,0.0,0.0,0.0,0.9898326396942139,0.9886016249656677,0.9830173254013062,0.986384928226471,0.9888802766799927,0.9854474067687988,3.0
849,1.0,1.0,1.0,1.0,1.0,1.0,0.9917431473731995,0.9890669584274292,0.983340322971344,0.9858771562576294,0.9870368242263794,0.9860743880271912,2.0
850,0.0,0.0,0.0,0.0,0.0,0.0,0.9894694089889526,0.9883313775062561,0.981689453125,0.9866260290145874,0.9894102811813354,0.9852982759475708,3.0
851,1.0,1.0,0.0,0.0,1.0,0.0,0.9948298335075378,0.9854775071144104,0.9729309678077698,0.9882934093475342,0.9890801310539246,0.9885608553886414,3.0
852,0.0,1.0,1.0,1.0,0.0,1.0,0.9930973649024963,0.9905667901039124,0.9867380857467651,0.9894299507141113,0.9903723001480103,0.9898659586906433,2.0
853,0.0,0.0,0.0,0.0,0.0,0.0,0.9914970993995667,0.99072265625,0.9861352443695068,0.9885086417198181,0.9901083707809448,0.9891780614852905,3.0
854,1.0,1.0,0.0,0.0,1.0,0.0,0.9888375997543335,0.9868476986885071,0.9834270477294922,0.987858772277832,0.9887933135032654,0.9864113926887512,4.0
855,1.0,1.0,1.0,1.0,1.0,0.0,0.9907909631729126,0.9787095785140991,0.9665641188621521,0.9784678220748901,0.9793983697891235,0.9796966910362244,0.0
856,1.0,1.0,1.0,1.0,1.0,0.0,0.9930128455162048,0.9905024766921997,0.9838749170303345,0.9885494112968445,0.9891583919525146,0.9892001152038574,4.0
857,1.0,1.0,1.0,1.0,1.0,1.0,0.9901236891746521,0.9736847877502441,0.9595198631286621,0.9796048402786255,0.9697188138961792,0.9781604409217834,1.0
858,0.0,1.0,1.0,1.0,1.0,0.0,0.9919145107269287,0.9923837780952454,0.9876914620399475,0.9879887104034424,0.9887567162513733,0.9879505634307861,2.0
859,1.0,1.0,1.0,1.0,1.0,0.0,0.9914872646331787,0.9772502779960632,0.9656986594200134,0.9832220673561096,0.9752166867256165,0.9799308776855469,1.0
860,0.0,0.0,0.0,0.0,0.0,0.0,0.9925329685211182,0.9889021515846252,0.980843722820282,0.9894591569900513,0.9919196367263794,0.9870665669441223,4.0
861,1.0,0.0,0.0,0.0,0.0,0.0,0.9926369190216064,0.9864991903305054,0.9778239727020264,0.9874978065490723,0.985862135887146,0.9871166348457336,1.0
862,0.0,0.0,0.0,0.0,0.0,0.0,0.9902042150497437,0.9870648384094238,0.9767373204231262,0.9875491857528687,0.9906942248344421,0.9829429388046265,2.0
863,0.0,0.0,0.0,0.0,0.0,0.0,0.9934543371200562,0.9900774955749512,0.9853280186653137,0.989888608455658,0.9907175898551941,0.9897987842559814,4.0
864,1.0,1.0,1.0,0.0,0.0,0.0,0.9862550497055054,0.9797341227531433,0.9659785628318787,0.975129246711731,0.975304901599884,0.974833071231842,0.0
865,0.0,0.0,0.0,0.0,0.0,0.0,0.9868388772010803,0.9746150374412537,0.9532253742218018,0.9767153859138489,0.9834817051887512,0.971950352191925,0.0
866,1.0,1.0,1.0,1.0,1.0,0.0,0.9944854378700256,0.9872376918792725,0.9781007766723633,0.9892452955245972,0.9893654584884644,0.9886383414268494,3.0
867,0.0,0.0,0.0,0.0,0.0,0.0,0.9882871508598328,0.9828397631645203,0.971452534198761,0.9843154549598694,0.9862057566642761,0.9787155389785767,1.0
868,0.0,0.0,0.0,0.0,0.0,0.0,0.9887149930000305,0.9886907339096069,0.9816809296607971,0.9861308932304382,0.9894658327102661,0.9838448166847229,3.0
869,1.0,0.0,0.0,0.0,0.0,0.0,0.9929525256156921,0.9887291193008423,0.9818264245986938,0.9897812604904175,0.9915744662284851,0.9889525175094604,2.0
870,0.0,0.0,0.0,0.0,0.0,0.0,0.9925931096076965,0.9883887767791748,0.9806616306304932,0.9880260825157166,0.9903557300567627,0.9875093102455139,4.0
871,1.0,1.0,1.0,1.0,1.0,0.0,0.9931835532188416,0.9900562763214111,0.9838964939117432,0.9884299039840698,0.9891512393951416,0.9880167245864868,4.0
872,1.0,1.0,1.0,1.0,1.0,1.0,0.991890549659729,0.9913398623466492,0.986993670463562,0.9893941283226013,0.9906689524650574,0.9901366233825684,3.0
873,0.0,0.0,0.0,0.0,0.0,0.0,0.9869229197502136,0.9834134578704834,0.9726101756095886,0.983925461769104,0.9863141775131226,0.9782297611236572,1.0
874,1.0,1.0,1.0,1.0,0.0,0.0,0.9873407483100891,0.9799768924713135,0.9633036255836487,0.9765961170196533,0.9739665389060974,0.974253237247467,0.0
875,1.0,1.0,1.0,1.0,1.0,1.0,0.9938264489173889,0.9890000224113464,0.9819406270980835,0.9891048073768616,0.9887457489967346,0.9884045124053955,3.0
876,1.0,1.0,0.0,0.0,1.0,0.0,0.9927393794059753,0.9874266386032104,0.9809159636497498,0.9894475936889648,0.9901256561279297,0.9892483949661255,3.0
877,1.0,1.0,1.0,1.0,1.0,1.0,0.9927436113357544,0.9898942112922668,0.982131838798523,0.9877614974975586,0.9883778691291809,0.9883427023887634,4.0
878,1.0,1.0,0.0,0.0,1.0,0.0,0.9879950881004333,0.9863344430923462,0.982882022857666,0.9875897169113159,0.9883216023445129,0.9852508306503296,4.0
879,0.0,0.0,1.0,0.0,0.0,0.0,0.99003005027771,0.9898858070373535,0.9858910441398621,0.9866502285003662,0.9865474700927734,0.9856443405151367,1.0
880,0.0,0.0,0.0,0.0,0.0,0.0,0.992735743522644,0.9883818030357361,0.9775115251541138,0.988390326499939,0.9914985299110413,0.9851264953613281,4.0
881,0.0,0.0,0.0,0.0,0.0,0.0,0.9908124804496765,0.9879685640335083,0.9794660806655884,0.9869351387023926,0.9896560907363892,0.9863009452819824,2.0
882,1.0,0.0,0.0,1.0,1.0,1.0,0.9881855249404907,0.9896553754806519,0.9784954190254211,0.9874193072319031,0.9902745485305786,0.9857967495918274,3.0
883,0.0,0.0,0.0,0.0,0.0,0.0,0.9924870729446411,0.9877992868423462,0.9780779480934143,0.9886823892593384,0.9914630055427551,0.9857085943222046,4.0
884,1.0,1.0,1.0,0.0,1.0,0.0,0.9946566820144653,0.9873532056808472,0.9773154258728027,0.9905679821968079,0.9907197952270508,0.98918217420578,3.0
885,0.0,1.0,0.0,1.0,1.0,0.0,0.9929176568984985,0.9853514432907104,0.9744901657104492,0.9889150261878967,0.9884673953056335,0.9872035384178162,3.0
886,0.0,0.0,0.0,0.0,1.0,0.0,0.9863066673278809,0.9741038084030151,0.9528592824935913,0.971969723701477,0.9804232120513916,0.9652921557426453,0.0
887,0.0,0.0,1.0,0.0,0.0,0.0,0.9875569343566895,0.9782314896583557,0.967158854007721,0.9775673151016235,0.9796696901321411,0.9774426221847534,0.0
888,0.0,0.0,0.0,0.0,0.0,0.0,0.9867883920669556,0.9833679795265198,0.9778878092765808,0.9822560548782349,0.9845017790794373,0.9792801737785339,1.0
889,0.0,0.0,0.0,0.0,0.0,0.0,0.9878413081169128,0.9881227612495422,0.9818846583366394,0.9860196113586426,0.9867045879364014,0.9834703803062439,1.0
890,0.0,0.0,0.0,0.0,0.0,0.0,0.9890739321708679,0.9900109171867371,0.9826725721359253,0.9866639375686646,0.9891294240951538,0.9853188991546631,3.0
891,0.0,0.0,0.0,0.0,0.0,0.0,0.9930078983306885,0.9892144799232483,0.981736421585083,0.9896132349967957,0.990825355052948,0.9890669584274292,4.0
892,1.0,1.0,1.0,1.0,1.0,0.0,0.995236337184906,0.9682822823524475,0.9454041719436646,0.9857571721076965,0.9769735932350159,0.9790405035018921,1.0
893,1.0,1.0,0.0,0.0,1.0,0.0,0.9949036836624146,0.9892204403877258,0.9801025986671448,0.9904643297195435,0.9906973838806152,0.9887711405754089,2.0
894,0.0,0.0,0.0,0.0,0.0,0.0,0.9887043833732605,0.988848090171814,0.9789766073226929,0.9865069389343262,0.9901269674301147,0.9837333559989929,3.0
895,1.0,1.0,0.0,0.0,1.0,0.0,0.9942941069602966,0.9894179701805115,0.9774739146232605,0.9884539246559143,0.9886928796768188,0.9875045418739319,3.0
896,0.0,1.0,0.0,1.0,1.0,0.0,0.9927513599395752,0.9883849620819092,0.9803072810173035,0.9881703853607178,0.9910064339637756,0.9863516092300415,4.0
897,0.0,0.0,1.0,0.0,0.0,1.0,0.9933143258094788,0.9906427264213562,0.9856821894645691,0.9902034997940063,0.9908520579338074,0.9903784990310669,4.0
898,1.0,1.0,0.0,0.0,1.0,0.0,0.9904216527938843,0.9780518412590027,0.954653263092041,0.9784582257270813,0.9838680028915405,0.977260410785675,0.0
899,1.0,1.0,0.0,0.0,1.0,0.0,0.9905775785446167,0.9791398048400879,0.965981125831604,0.9796950817108154,0.9834098815917969,0.9805209636688232,0.0
900,0.0,0.0,0.0,0.0,0.0,0.0,0.9913197159767151,0.9872999787330627,0.9810950756072998,0.9872445464134216,0.9868873953819275,0.9862536191940308,1.0
901,0.0,0.0,0.0,0.0,0.0,0.0,0.9891999959945679,0.9860517978668213,0.9780899286270142,0.9857938885688782,0.9870465993881226,0.9827296733856201,1.0
902,1.0,1.0,0.0,0.0,0.0,0.0,0.9952223896980286,0.985496461391449,0.9663179516792297,0.9883004426956177,0.9887511134147644,0.9879583120346069,3.0
903,1.0,1.0,0.0,1.0,1.0,1.0,0.9939033389091492,0.9761528968811035,0.9637861847877502,0.9863150119781494,0.9773373007774353,0.981208086013794,1.0
904,1.0,1.0,1.0,1.0,1.0,1.0,0.9865216612815857,0.9856101870536804,0.9783930778503418,0.978417158126831,0.9773335456848145,0.9794402718544006,1.0
905,0.0,1.0,1.0,1.0,0.0,1.0,0.9890701770782471,0.9901740550994873,0.985305905342102,0.9842098951339722,0.9840572476387024,0.985119640827179,1.0
906,1.0,1.0,1.0,1.0,1.0,0.0,0.9850111603736877,0.9794070720672607,0.9612331986427307,0.9733178615570068,0.9716044068336487,0.9729862809181213,0.0
907,1.0,1.0,1.0,1.0,1.0,1.0,0.9833089709281921,0.9821895360946655,0.9738897085189819,0.9730068445205688,0.9718853831291199,0.9757664799690247,1.0
908,1.0,1.0,1.0,0.0,0.0,0.0,0.9914098381996155,0.9903149008750916,0.9870920181274414,0.986494779586792,0.9878613948822021,0.9884728789329529,3.0
909,1.0,1.0,0.0,0.0,1.0,0.0,0.9943746328353882,0.9858230352401733,0.9731379747390747,0.9890066385269165,0.9898383617401123,0.9881626963615417,2.0
910,1.0,1.0,1.0,1.0,1.0,1.0,0.9863429665565491,0.9803606867790222,0.965974748134613,0.9745031595230103,0.9726395010948181,0.9716288447380066,0.0
911,1.0,1.0,0.0,0.0,1.0,0.0,0.9902717471122742,0.9907369017601013,0.9875679016113281,0.9852516651153564,0.9869139790534973,0.9865650534629822,3.0
912,0.0,0.0,0.0,0.0,0.0,0.0,0.9921600222587585,0.9924032688140869,0.9890962243080139,0.9888818860054016,0.9903779029846191,0.9902206659317017,3.0
913,0.0,1.0,1.0,1.0,0.0,0.0,0.9935311675071716,0.9902021288871765,0.9863022565841675,0.9897906184196472,0.9909411072731018,0.9902552962303162,4.0
914,0.0,0.0,0.0,0.0,0.0,0.0,0.99314945936203,0.9898793697357178,0.9774376153945923,0.9904432892799377,0.9926379919052124,0.9877107739448547,2.0
915,1.0,1.0,1.0,1.0,1.0,1.0,0.9842433929443359,0.9769752025604248,0.9686123132705688,0.9774683713912964,0.9774907827377319,0.9750144481658936,0.0
916,1.0,1.0,1.0,1.0,1.0,1.0,0.9927056431770325,0.9925932288169861,0.9890068769454956,0.9881654977798462,0.9890747666358948,0.9894213676452637,2.0
917,1.0,1.0,1.0,1.0,1.0,1.0,0.9863972067832947,0.9875895380973816,0.98097163438797,0.9807337522506714,0.9783042669296265,0.9785497784614563,1.0
918,0.0,0.0,0.0,0.0,0.0,0.0,0.9894144535064697,0.9890717267990112,0.9811528921127319,0.9864317774772644,0.9905024766921997,0.9831458926200867,2.0
919,1.0,1.0,0.0,0.0,1.0,0.0,0.9959178566932678,0.9820037484169006,0.9360629916191101,0.9872342944145203,0.991575300693512,0.9854438900947571,3.0
920,0.0,0.0,0.0,0.0,0.0,0.0,0.9905505180358887,0.9909266233444214,0.9847226738929749,0.9883307218551636,0.9906134605407715,0.987409234046936,3.0
921,1.0,1.0,1.0,0.0,1.0,0.0,0.9906848073005676,0.9807897210121155,0.9667602777481079,0.9785479307174683,0.979242205619812,0.9785720109939575,0.0
922,1.0,1.0,0.0,0.0,1.0,0.0,0.9970729351043701,0.9787687659263611,0.9553558230400085,0.992408275604248,0.9893174767494202,0.9859530925750732,1.0
923,1.0,1.0,1.0,0.0,0.0,0.0,0.9944434762001038,0.9749113321304321,0.9639676809310913,0.9859521389007568,0.9780983924865723,0.9826810956001282,1.0
924,0.0,1.0,1.0,1.0,1.0,0.0,0.9938945174217224,0.9887911081314087,0.9777946472167969,0.9883117079734802,0.9880274534225464,0.9874762892723083,3.0
925,1.0,1.0,0.0,0.0,0.0,0.0,0.9941001534461975,0.9866793751716614,0.9712361097335815,0.9887011051177979,0.9891641139984131,0.9877073168754578,2.0
926,0.0,0.0,0.0,0.0,0.0,0.0,0.9948421120643616,0.9855092167854309,0.9585646390914917,0.9891148805618286,0.992668628692627,0.9870626330375671,2.0
927,0.0,0.0,0.0,0.0,0.0,0.0,0.9878523349761963,0.9894548654556274,0.9822027683258057,0.985719621181488,0.9893903136253357,0.9838867783546448,3.0
928,1.0,1.0,1.0,1.0,1.0,0.0,0.9934950470924377,0.989750325679779,0.9822618961334229,0.9879457950592041,0.9886919260025024,0.9895686507225037,4.0
929,0.0,0.0,0.0,0.0,0.0,0.0,0.9928145408630371,0.9896448850631714,0.9824564456939697,0.9898958206176758,0.9920782446861267,0.9867048859596252,4.0
930,0.0,0.0,1.0,0.0,0.0,0.0,0.9920591115951538,0.9921742677688599,0.9875285625457764,0.9905102849006653,0.991496741771698,0.9889042973518372,2.0
931,0.0,0.0,0.0,0.0,0.0,0.0,0.9868310689926147,0.9759404063224792,0.9648880958557129,0.9776801466941833,0.9812984466552734,0.9764501452445984,0.0
932,1.0,1.0,1.0,1.0,1.0,1.0,0.9888323545455933,0.9827769994735718,0.9692191481590271,0.9773919582366943,0.9767783880233765,0.976547360420227,0.0
933,1.0,1.0,0.0,0.0,1.0,1.0,0.9949713945388794,0.98476243019104,0.9594196677207947,0.9880279302597046,0.9894922971725464,0.9871001243591309,3.0
934,1.0,1.0,0.0,0.0,1.0,0.0,0.9959255456924438,0.9866330623626709,0.9647050499916077,0.9904156923294067,0.9923385381698608,0.9895570874214172,3.0
935,1.0,0.0,0.0,0.0,1.0,1.0,0.9911659359931946,0.991024374961853,0.9880096316337585,0.9870175719261169,0.988543689250946,0.9885304570198059,3.0
936,0.0,0.0,1.0,0.0,0.0,1.0,0.992302417755127,0.9902637004852295,0.9853273630142212,0.9878399968147278,0.9894225001335144,0.9888912439346313,2.0
937,1.0,1.0,1.0,1.0,1.0,0.0,0.9919006824493408,0.9742870926856995,0.9557838439941406,0.9809346795082092,0.968475878238678,0.976996123790741,1.0
938,1.0,1.0,1.0,1.0,1.0,1.0,0.9868043661117554,0.9881681799888611,0.9820630550384521,0.9805727005004883,0.9809823036193848,0.9816439747810364,1.0
939,0.0,0.0,0.0,0.0,0.0,0.0,0.9884152412414551,0.9835424423217773,0.9747251272201538,0.9840791821479797,0.9861029386520386,0.9796849489212036,1.0
940,1.0,1.0,1.0,1.0,1.0,1.0,0.9893717765808105,0.9830921292304993,0.9670441746711731,0.9766327142715454,0.9751322269439697,0.9745928049087524,0.0
941,0.0,0.0,0.0,0.0,0.0,0.0,0.9925589561462402,0.9899616241455078,0.9820788502693176,0.9898737668991089,0.9915736317634583,0.9881219863891602,2.0
942,1.0,1.0,1.0,1.0,1.0,1.0,0.9897072315216064,0.9778844714164734,0.9693803191184998,0.981966495513916,0.9733251929283142,0.9775107502937317,1.0
943,1.0,1.0,0.0,1.0,1.0,0.0,0.9884167313575745,0.9851531982421875,0.9788682460784912,0.9851124882698059,0.9861205220222473,0.9820766448974609,1.0
944,1.0,1.0,1.0,1.0,1.0,1.0,0.9939284324645996,0.9899941086769104,0.9844775199890137,0.9894770383834839,0.9897123575210571,0.9882780909538269,2.0
945,1.0,1.0,1.0,1.0,1.0,1.0,0.9947205781936646,0.9857290983200073,0.9760808944702148,0.9882811903953552,0.9882344007492065,0.9888116121292114,3.0
946,0.0,0.0,0.0,0.0,0.0,0.0,0.9895384311676025,0.9885614514350891,0.9797051548957825,0.9884733557701111,0.9888283014297485,0.984862744808197,1.0
947,0.0,0.0,0.0,0.0,0.0,0.0,0.9899090528488159,0.9900310039520264,0.9822518825531006,0.9877427816390991,0.9904666543006897,0.9863726496696472,3.0
948,1.0,1.0,1.0,1.0,1.0,1.0,0.9876691699028015,0.9819676876068115,0.9691877961158752,0.9770463109016418,0.9759314656257629,0.9753490090370178,0.0
949,1.0,1.0,1.0,1.0,1.0,1.0,0.9878575801849365,0.9801810383796692,0.9650387763977051,0.9764238595962524,0.9766634106636047,0.9764273166656494,0.0
950,1.0,1.0,0.0,0.0,0.0,0.0,0.9901823401451111,0.974343478679657,0.9497921466827393,0.9749032855033875,0.982093870639801,0.9734536409378052,0.0
951,0.0,0.0,0.0,0.0,0.0,0.0,0.9929313659667969,0.9896889925003052,0.9811772108078003,0.9902428984642029,0.9922990202903748,0.9867120981216431,4.0
952,1.0,1.0,0.0,0.0,0.0,0.0,0.9904109239578247,0.9744861721992493,0.9500518441200256,0.9763267040252686,0.9831231236457825,0.9723049998283386,0.0
953,1.0,1.0,0.0,0.0,1.0,0.0,0.991824209690094,0.9904449582099915,0.9844836592674255,0.9887564778327942,0.9904114603996277,0.9893670678138733,3.0
954,0.0,0.0,0.0,0.0,0.0,0.0,0.9928967356681824,0.9879933595657349,0.9749231338500977,0.9887579679489136,0.9913321733474731,0.987727165222168,4.0
955,0.0,0.0,0.0,0.0,0.0,0.0,0.9918463826179504,0.9883375763893127,0.9834766983985901,0.98634934425354,0.9872885942459106,0.9871512651443481,4.0
956,0.0,0.0,0.0,0.0,0.0,0.0,0.9936577677726746,0.9902327060699463,0.9852568507194519,0.9890579581260681,0.9901048541069031,0.9890073537826538,4.0
957,0.0,1.0,1.0,1.0,0.0,1.0,0.9937765598297119,0.9898661971092224,0.984764814376831,0.989492654800415,0.99080491065979,0.9900195598602295,4.0
958,1.0,1.0,0.0,0.0,1.0,0.0,0.9959213733673096,0.9839907884597778,0.9589710831642151,0.9887089133262634,0.9909043908119202,0.9882946014404297,3.0
959,0.0,0.0,0.0,0.0,0.0,0.0,0.988645076751709,0.989092230796814,0.9813151955604553,0.9871571660041809,0.9901437759399414,0.9850766062736511,3.0
960,1.0,1.0,1.0,1.0,1.0,1.0,0.9928344488143921,0.990446925163269,0.9847834706306458,0.989123523235321,0.9888017177581787,0.9868807792663574,4.0
961,0.0,1.0,1.0,1.0,0.0,1.0,0.9902490973472595,0.9902188181877136,0.9873865246772766,0.9859102964401245,0.9872651100158691,0.9871970415115356,3.0
962,0.0,0.0,0.0,0.0,0.0,0.0,0.992979109287262,0.989978551864624,0.9823073148727417,0.9899517893791199,0.9915558099746704,0.9895240664482117,2.0
963,1.0,1.0,1.0,1.0,1.0,1.0,0.9908357858657837,0.9804335236549377,0.9664916396141052,0.9800272583961487,0.9802079796791077,0.9800215363502502,0.0
964,1.0,1.0,0.0,0.0,1.0,0.0,0.9936995506286621,0.9731807708740234,0.9583827257156372,0.9840442538261414,0.9768298268318176,0.9811505675315857,1.0
965,1.0,1.0,0.0,1.0,1.0,0.0,0.9935570359230042,0.9893217086791992,0.9825862646102905,0.9891390204429626,0.989942193031311,0.9890746474266052,2.0
966,1.0,1.0,0.0,0.0,1.0,0.0,0.9949064254760742,0.9856162071228027,0.9614477753639221,0.9891017079353333,0.9927459359169006,0.9862911105155945,2.0
967,0.0,0.0,0.0,0.0,0.0,0.0,0.988982617855072,0.989959716796875,0.9800262451171875,0.9874100089073181,0.9905720353126526,0.9846264719963074,3.0
968,1.0,1.0,1.0,1.0,1.0,1.0,0.9898668527603149,0.9808258414268494,0.9641528725624084,0.976144015789032,0.9763317108154297,0.9757229089736938,0.0
969,1.0,0.0,0.0,0.0,0.0,0.0,0.9950971007347107,0.9823741912841797,0.9448065161705017,0.9872807860374451,0.9906842708587646,0.9860234260559082,3.0
970,1.0,1.0,1.0,0.0,1.0,0.0,0.9960187077522278,0.9855586290359497,0.9683955311775208,0.9908835291862488,0.9919441938400269,0.9897538423538208,3.0
971,1.0,1.0,1.0,1.0,1.0,1.0,0.9906649589538574,0.9914996027946472,0.9885308146476746,0.9864501357078552,0.9884790778160095,0.9887511134147644,3.0
972,1.0,1.0,1.0,1.0,1.0,1.0,0.9933776259422302,0.9914992451667786,0.985933244228363,0.9895814657211304,0.989797830581665,0.9889653921127319,4.0
973,1.0,1.0,1.0,1.0,1.0,0.0,0.9938160181045532,0.9709823727607727,0.9513019323348999,0.9850752353668213,0.9750252366065979,0.9796062111854553,1.0
974,0.0,0.0,0.0,0.0,0.0,0.0,0.9886793494224548,0.9883506298065186,0.9778386354446411,0.9871097803115845,0.9905942678451538,0.981240451335907,2.0
975,0.0,0.0,0.0,0.0,0.0,0.0,0.9916259050369263,0.987048327922821,0.9821855425834656,0.986890971660614,0.9892520308494568,0.9871079325675964,4.0
976,1.0,1.0,0.0,0.0,1.0,0.0,0.9947751760482788,0.9898923635482788,0.9823499917984009,0.9899583458900452,0.9906961917877197,0.9895222783088684,2.0
977,1.0,1.0,0.0,0.0,1.0,0.0,0.993125319480896,0.9891713261604309,0.9808551669120789,0.9879536628723145,0.987154483795166,0.9861764311790466,3.0
978,0.0,0.0,0.0,0.0,0.0,0.0,0.9922391176223755,0.9897633790969849,0.9806191921234131,0.990256667137146,0.9921308159828186,0.9866845011711121,2.0
979,0.0,0.0,0.0,0.0,0.0,0.0,0.9902623891830444,0.9899967908859253,0.9846839308738708,0.9876036047935486,0.9894464612007141,0.9867082834243774,2.0
980,1.0,1.0,0.0,0.0,1.0,0.0,0.9959092140197754,0.9820228219032288,0.9467555284500122,0.9877066016197205,0.9914788603782654,0.9859573841094971,3.0
981,1.0,1.0,0.0,1.0,1.0,0.0,0.9920074939727783,0.9889348149299622,0.9843283891677856,0.988852858543396,0.9898167848587036,0.9877775311470032,4.0
982,1.0,1.0,1.0,1.0,1.0,1.0,0.9866386651992798,0.9856173396110535,0.978774905204773,0.9794015884399414,0.9775654077529907,0.9796889424324036,1.0
983,1.0,1.0,0.0,1.0,1.0,1.0,0.989998996257782,0.9733298420906067,0.9555243253707886,0.9793201684951782,0.9703496694564819,0.9770694375038147,1.0
984,1.0,1.0,1.0,1.0,1.0,1.0,0.9910038709640503,0.9836265444755554,0.9701619148254395,0.9784931540489197,0.9785681366920471,0.9779159426689148,0.0
985,1.0,1.0,1.0,0.0,0.0,0.0,0.9922100305557251,0.9670388102531433,0.9455807209014893,0.9800909161567688,0.9689496755599976,0.9769757390022278,1.0
986,0.0,0.0,0.0,0.0,0.0,0.0,0.9936741590499878,0.9914103150367737,0.9855540990829468,0.9907671809196472,0.9919575452804565,0.9905410408973694,2.0
987,0.0,0.0,0.0,0.0,0.0,0.0,0.9858287572860718,0.9746228456497192,0.9602492451667786,0.9730154871940613,0.9786811470985413,0.9725885391235352,0.0
988,1.0,1.0,1.0,1.0,1.0,0.0,0.9938127994537354,0.9888418912887573,0.979712724685669,0.9884698390960693,0.9891641736030579,0.9878124594688416,2.0
989,1.0,1.0,0.0,0.0,1.0,1.0,0.9922835230827332,0.9892527461051941,0.9850823879241943,0.9889447093009949,0.9874255061149597,0.9872323274612427,1.0
990,1.0,1.0,1.0,1.0,1.0,0.0,0.9939911961555481,0.9877854585647583,0.9785205125808716,0.988326370716095,0.9893702268600464,0.9877961874008179,2.0
991,1.0,1.0,0.0,0.0,1.0,0.0,0.994358479976654,0.9865213632583618,0.9695264101028442,0.98909991979599,0.9895339608192444,0.9875312447547913,3.0
992,1.0,0.0,0.0,0.0,1.0,1.0,0.9895183444023132,0.9895211458206177,0.9803208112716675,0.9873364567756653,0.9898812174797058,0.9866764545440674,3.0
993,1.0,1.0,0.0,0.0,1.0,0.0,0.987775444984436,0.9750567078590393,0.9573727250099182,0.9737820029258728,0.9802106022834778,0.9733596444129944,0.0
994,1.0,1.0,1.0,1.0,1.0,1.0,0.9931561350822449,0.9890850186347961,0.980256199836731,0.987496018409729,0.9882660508155823,0.9878262877464294,2.0
995,1.0,1.0,1.0,1.0,1.0,0.0,0.9932034015655518,0.9910310506820679,0.9840690493583679,0.9884678721427917,0.9884750843048096,0.9878714084625244,4.0
996,0.0,1.0,1.0,1.0,0.0,1.0,0.9919376969337463,0.9923261404037476,0.9890002608299255,0.9883252382278442,0.9900310039520264,0.9898791313171387,3.0
997,1.0,1.0,1.0,1.0,1.0,1.0,0.9902676939964294,0.9774854183197021,0.9634923934936523,0.981766402721405,0.9727475047111511,0.9763229489326477,1.0
998,1.0,1.0,1.0,1.0,0.0,1.0,0.988097608089447,0.9809330701828003,0.9669070243835449,0.9761683344841003,0.9755812883377075,0.9751327633857727,0.0
999,1.0,1.0,0.0,0.0,0.0,0.0,0.9968216419219971,0.9777961373329163,0.9530103802680969,0.9911993145942688,0.9877342581748962,0.9846494793891907,1.0
1000,1.0,1.0,0.0,0.0,0.0,0.0,0.9878801703453064,0.9740535020828247,0.9576448798179626,0.9753962755203247,0.9810972213745117,0.9759196639060974,0.0
1001,1.0,1.0,1.0,1.0,1.0,1.0,0.9905463457107544,0.9748051762580872,0.9569978713989258,0.9796451330184937,0.9686251878738403,0.9777751564979553,1.0
1002,1.0,1.0,1.0,0.0,1.0,0.0,0.994647204875946,0.9872552156448364,0.977211594581604,0.9896945953369141,0.9896814227104187,0.9894011616706848,3.0
1003,1.0,1.0,1.0,1.0,1.0,1.0,0.9926584362983704,0.9928586483001709,0.9898040294647217,0.9897096753120422,0.9907455444335938,0.9910091161727905,3.0
1004,1.0,1.0,1.0,1.0,1.0,0.0,0.9913443326950073,0.9745776653289795,0.9539121389389038,0.9813682436943054,0.9703031182289124,0.9767500758171082,1.0
1005,1.0,1.0,0.0,0.0,1.0,0.0,0.9967908263206482,0.9716899394989014,0.9439857006072998,0.989856481552124,0.9842347502708435,0.9819015860557556,1.0
1006,1.0,1.0,0.0,0.0,1.0,0.0,0.9940893650054932,0.9889234900474548,0.9779167771339417,0.9901797771453857,0.9920823574066162,0.9883825182914734,2.0
1007,1.0,1.0,1.0,0.0,1.0,1.0,0.9953430891036987,0.9711523652076721,0.9478166103363037,0.9876245260238647,0.9782896637916565,0.9826874136924744,1.0
1008,1.0,1.0,1.0,1.0,1.0,0.0,0.9959419369697571,0.9840907454490662,0.9630889892578125,0.9887409806251526,0.9904918074607849,0.9878116250038147,3.0
1009,1.0,1.0,1.0,1.0,1.0,0.0,0.9893410801887512,0.9791861176490784,0.9674486517906189,0.9782442450523376,0.978091299533844,0.9779898524284363,0.0
1010,1.0,1.0,0.0,0.0,0.0,0.0,0.9952698349952698,0.9876962304115295,0.9679714441299438,0.9908768534660339,0.9937220215797424,0.988365888595581,2.0
1011,1.0,1.0,0.0,0.0,1.0,0.0,0.9950742125511169,0.9833458662033081,0.9665377140045166,0.9897146821022034,0.9904318451881409,0.9888142943382263,3.0
1012,0.0,1.0,1.0,0.0,0.0,1.0,0.9925077557563782,0.9894949793815613,0.9843890070915222,0.9880397915840149,0.9883548021316528,0.9878343343734741,4.0
1013,0.0,0.0,0.0,0.0,0.0,0.0,0.988470196723938,0.9885886907577515,0.9789340496063232,0.986331582069397,0.9904429316520691,0.9812952280044556,2.0
1014,1.0,1.0,1.0,1.0,1.0,1.0,0.993956446647644,0.9914337396621704,0.9858552813529968,0.9896882176399231,0.9900246858596802,0.9889746904373169,4.0
1015,1.0,1.0,0.0,0.0,1.0,1.0,0.9910191893577576,0.9909300208091736,0.9846945405006409,0.9880260825157166,0.9897593259811401,0.9881858825683594,3.0
1016,1.0,1.0,1.0,1.0,1.0,1.0,0.99244225025177,0.9912737011909485,0.9855571389198303,0.9886267781257629,0.9888432025909424,0.9880770444869995,4.0
1017,1.0,1.0,1.0,1.0,1.0,0.0,0.9929243326187134,0.9913128018379211,0.9843952655792236,0.9885991811752319,0.9883560538291931,0.9881713390350342,4.0
1018,0.0,1.0,1.0,1.0,0.0,1.0,0.9892555475234985,0.9875917434692383,0.9815818071365356,0.9829696416854858,0.9821591973304749,0.9844121336936951,1.0
1019,1.0,1.0,0.0,0.0,0.0,0.0,0.9933238625526428,0.9865546226501465,0.9737034440040588,0.9873870015144348,0.9865812063217163,0.9865100979804993,3.0
1020,1.0,1.0,1.0,1.0,1.0,1.0,0.993156373500824,0.9914045333862305,0.9853361248970032,0.9886857271194458,0.9887651205062866,0.9883347749710083,4.0
1021,1.0,1.0,0.0,0.0,0.0,0.0,0.9927131533622742,0.9876153469085693,0.974344789981842,0.9887459874153137,0.9919175505638123,0.9859927892684937,4.0
1022,1.0,1.0,1.0,1.0,1.0,0.0,0.9950746893882751,0.9897671341896057,0.9823830127716064,0.9905071258544922,0.9908933639526367,0.9891678094863892,2.0
1023,1.0,1.0,0.0,0.0,1.0,0.0,0.9949123859405518,0.9883407354354858,0.971842348575592,0.99097740650177,0.9931182861328125,0.988497257232666,2.0
1024,1.0,1.0,0.0,0.0,1.0,0.0,0.9965994954109192,0.9832450151443481,0.9448896050453186,0.9886687397956848,0.9922986626625061,0.9881274104118347,3.0
1025,1.0,1.0,1.0,1.0,1.0,1.0,0.9916210174560547,0.9896318912506104,0.981819748878479,0.9881061315536499,0.9878144264221191,0.9867910146713257,4.0
1026,0.0,0.0,0.0,0.0,0.0,0.0,0.9883506298065186,0.977246105670929,0.9505208730697632,0.9806728363037109,0.9858280420303345,0.9711670875549316,0.0
1027,1.0,1.0,0.0,0.0,1.0,0.0,0.9966347813606262,0.9772158861160278,0.9570308327674866,0.9910950660705566,0.9859156608581543,0.9842324256896973,1.0
1028,0.0,0.0,0.0,0.0,0.0,0.0,0.9932050704956055,0.9904148578643799,0.9841295480728149,0.9885093569755554,0.9887377023696899,0.98896324634552,4.0
1029,1.0,1.0,0.0,0.0,0.0,0.0,0.9944654107093811,0.988021731376648,0.9736775755882263,0.9903627038002014,0.9920228719711304,0.9887519478797913,2.0
1030,0.0,0.0,0.0,0.0,0.0,0.0,0.9850968718528748,0.9712774753570557,0.9489961862564087,0.9697222113609314,0.9780204892158508,0.96723872423172,0.0
1031,0.0,1.0,1.0,1.0,0.0,1.0,0.9916461110115051,0.9926328063011169,0.9895560145378113,0.9880263805389404,0.9896020293235779,0.9894347786903381,3.0
1032,1.0,1.0,1.0,1.0,0.0,1.0,0.9916194677352905,0.9927172660827637,0.9895755052566528,0.9882190227508545,0.9898630380630493,0.9895890951156616,3.0
1033,0.0,0.0,0.0,0.0,0.0,0.0,0.98861163854599,0.9774413704872131,0.9496492743492126,0.9779230356216431,0.9848642945289612,0.9669348001480103,0.0
1034,0.0,0.0,0.0,0.0,0.0,0.0,0.9869814515113831,0.9850026965141296,0.9816641807556152,0.9826517105102539,0.9842944145202637,0.9815168380737305,1.0
1035,1.0,1.0,1.0,1.0,1.0,0.0,0.9937054514884949,0.9866719841957092,0.9755329489707947,0.9888737201690674,0.9889380931854248,0.9874602556228638,3.0
1036,1.0,0.0,0.0,0.0,0.0,0.0,0.99657142162323,0.9821757674217224,0.9713799357414246,0.992460310459137,0.9889391660690308,0.9873529672622681,1.0
1037,1.0,0.0,0.0,0.0,0.0,0.0,0.9947441816329956,0.9755966067314148,0.9632464647293091,0.9877421855926514,0.9814468622207642,0.9834309816360474,1.0
1038,1.0,1.0,0.0,0.0,1.0,0.0,0.993871808052063,0.9897965788841248,0.9838428497314453,0.9893622994422913,0.9904246926307678,0.9899010062217712,4.0
1039,1.0,1.0,0.0,0.0,0.0,0.0,0.9946810603141785,0.9862181544303894,0.9684131741523743,0.9896215200424194,0.9898589253425598,0.9883463978767395,3.0
1040,1.0,1.0,1.0,1.0,1.0,0.0,0.9879052639007568,0.9808145761489868,0.9648196697235107,0.9772829413414001,0.9752519130706787,0.9753555655479431,0.0
1041,0.0,0.0,0.0,0.0,0.0,0.0,0.9903101325035095,0.9875069856643677,0.9760357737541199,0.9881696701049805,0.9909932017326355,0.9854021072387695,2.0
1042,1.0,1.0,1.0,1.0,0.0,0.0,0.9945396780967712,0.9872496724128723,0.9791967272758484,0.9892338514328003,0.9893636703491211,0.9890345335006714,3.0
1043,0.0,0.0,0.0,0.0,0.0,0.0,0.9892851710319519,0.9888585805892944,0.9800634384155273,0.9864879250526428,0.9904513359069824,0.9824173450469971,2.0
1044,1.0,1.0,1.0,1.0,1.0,0.0,0.9948275685310364,0.9911098480224609,0.9861933588981628,0.9908808469772339,0.9919747710227966,0.99134361743927,4.0
1045,0.0,0.0,0.0,0.0,0.0,0.0,0.9932849407196045,0.9897838234901428,0.9830955862998962,0.9895197153091431,0.991706132888794,0.9878804087638855,4.0
1046,1.0,1.0,1.0,0.0,0.0,0.0,0.9948903322219849,0.9881801605224609,0.9805204272270203,0.9896911978721619,0.990747332572937,0.9892617464065552,2.0
1047,1.0,1.0,0.0,0.0,1.0,0.0,0.9903542995452881,0.9778345823287964,0.9604994058609009,0.9798734188079834,0.9851846694946289,0.9791598320007324,0.0
1048,1.0,1.0,0.0,0.0,0.0,0.0,0.9954124093055725,0.984557032585144,0.9719831347465515,0.9895908236503601,0.9902987480163574,0.9893890023231506,3.0
1049,0.0,1.0,1.0,1.0,0.0,1.0,0.9896843433380127,0.9817288517951965,0.9681434631347656,0.9772171378135681,0.9779826402664185,0.9776902794837952,0.0
1050,1.0,1.0,1.0,1.0,1.0,0.0,0.9873908162117004,0.97982257604599,0.9671684503555298,0.9768865704536438,0.9756826162338257,0.9749870300292969,0.0
1051,0.0,0.0,0.0,0.0,0.0,0.0,0.9934400916099548,0.988334059715271,0.978844940662384,0.9885299801826477,0.9907989501953125,0.9883054494857788,4.0
1052,1.0,1.0,1.0,0.0,0.0,1.0,0.9916419982910156,0.9771857261657715,0.9633015394210815,0.9821732044219971,0.9732449054718018,0.9804816842079163,1.0
1053,1.0,1.0,1.0,1.0,1.0,0.0,0.9918534159660339,0.9704731702804565,0.9522277116775513,0.981984555721283,0.9722046852111816,0.9786900877952576,1.0
1054,0.0,0.0,0.0,0.0,0.0,0.0,0.9874752163887024,0.973703920841217,0.9479908347129822,0.9743786454200745,0.9825619459152222,0.9666442275047302,0.0
1055,0.0,0.0,0.0,0.0,0.0,0.0,0.9905377626419067,0.9886256456375122,0.9835286140441895,0.9882259368896484,0.9893520474433899,0.9876033663749695,2.0
1056,0.0,0.0,0.0,0.0,0.0,0.0,0.9932565689086914,0.9882385730743408,0.9791063070297241,0.9877432584762573,0.9898111820220947,0.9880226850509644,4.0
1057,0.0,0.0,0.0,0.0,0.0,0.0,0.9833536148071289,0.9702895283699036,0.9569490551948547,0.9719932675361633,0.9760428667068481,0.9712420701980591,0.0
1058,1.0,1.0,1.0,1.0,1.0,1.0,0.9908034801483154,0.9897928237915039,0.984478771686554,0.9864943027496338,0.9873027801513672,0.986125648021698,2.0
1059,1.0,1.0,1.0,1.0,1.0,1.0,0.992089033126831,0.990062415599823,0.9845863580703735,0.9893311262130737,0.9893179535865784,0.9874719977378845,4.0
1060,1.0,1.0,0.0,0.0,1.0,0.0,0.9936214089393616,0.9894813299179077,0.9796321988105774,0.9898343086242676,0.9924357533454895,0.9886971712112427,4.0
1061,1.0,1.0,1.0,1.0,1.0,0.0,0.9941505789756775,0.989008367061615,0.9829878807067871,0.9888166189193726,0.9902552962303162,0.989516019821167,2.0
1062,1.0,1.0,0.0,0.0,1.0,0.0,0.9955599308013916,0.9855060577392578,0.968528687953949,0.9891425967216492,0.9894716143608093,0.9888184666633606,3.0
1063,0.0,0.0,0.0,0.0,0.0,0.0,0.9892617464065552,0.9884108304977417,0.9826005101203918,0.9863862991333008,0.9900272488594055,0.9837886095046997,2.0
1064,1.0,1.0,0.0,0.0,0.0,0.0,0.9935283064842224,0.9888190627098083,0.9800397157669067,0.9880417585372925,0.9908789992332458,0.9875093102455139,4.0
1065,0.0,1.0,1.0,1.0,1.0,0.0,0.989521861076355,0.9903163313865662,0.9849756360054016,0.9868649840354919,0.9895067811012268,0.9866622090339661,3.0
1066,1.0,1.0,0.0,0.0,1.0,0.0,0.9944953322410583,0.9865402579307556,0.9732014536857605,0.9890255331993103,0.9891065955162048,0.9885669946670532,3.0
1067,1.0,1.0,0.0,0.0,1.0,0.0,0.9961205124855042,0.9818618297576904,0.9456508755683899,0.9881807565689087,0.9916576743125916,0.9859204888343811,3.0
1068,0.0,0.0,0.0,0.0,0.0,0.0,0.9919601082801819,0.9915152788162231,0.9864957928657532,0.9894668459892273,0.9908801317214966,0.9896737337112427,3.0
1069,1.0,1.0,0.0,1.0,1.0,0.0,0.9938585162162781,0.9876289367675781,0.9774402379989624,0.987409234046936,0.9875981211662292,0.9879927635192871,3.0
1070,1.0,1.0,0.0,1.0,1.0,0.0,0.9945882558822632,0.9868276119232178,0.9763258099555969,0.9879543781280518,0.9884737133979797,0.9884541630744934,3.0
1071,0.0,0.0,0.0,0.0,0.0,0.0,0.9917401075363159,0.9885482788085938,0.9821909666061401,0.9898543953895569,0.9917266368865967,0.9882135391235352,4.0
1072,0.0,0.0,0.0,0.0,0.0,0.0,0.9909448623657227,0.989663302898407,0.983228862285614,0.9877099990844727,0.9899695515632629,0.9874810576438904,3.0
1073,1.0,1.0,1.0,1.0,1.0,1.0,0.9889693260192871,0.9736179113388062,0.958651602268219,0.9785020351409912,0.9690524935722351,0.9757168889045715,1.0
1074,1.0,1.0,1.0,1.0,1.0,1.0,0.9845780730247498,0.9783428311347961,0.9649842381477356,0.9744611382484436,0.9728140830993652,0.9735480546951294,0.0
1075,0.0,0.0,0.0,0.0,0.0,0.0,0.991786777973175,0.9903814196586609,0.9846582412719727,0.9890987873077393,0.9908590912818909,0.9883400201797485,2.0
1076,0.0,0.0,0.0,0.0,0.0,0.0,0.9922459721565247,0.9881624579429626,0.9792302250862122,0.9885610938072205,0.9912925362586975,0.9857004880905151,4.0
1077,0.0,0.0,0.0,0.0,0.0,0.0,0.9916752576828003,0.9926758408546448,0.9898978471755981,0.9889339804649353,0.9900672435760498,0.989987313747406,3.0
1078,0.0,0.0,0.0,0.0,0.0,0.0,0.9886099100112915,0.9771915674209595,0.9621384739875793,0.977611780166626,0.9797159433364868,0.975955605506897,0.0
1079,1.0,1.0,0.0,0.0,1.0,0.0,0.9922188520431519,0.9744015336036682,0.9543026089668274,0.9827319979667664,0.9727707505226135,0.9783397912979126,1.0
1080,0.0,0.0,0.0,0.0,0.0,0.0,0.992006242275238,0.9913296699523926,0.9873994588851929,0.9884272217750549,0.9901474118232727,0.9896034002304077,3.0
1081,1.0,1.0,0.0,0.0,1.0,0.0,0.9931413531303406,0.9857286810874939,0.9752171039581299,0.9881235957145691,0.98834627866745,0.9870409965515137,3.0
1082,1.0,1.0,1.0,1.0,1.0,1.0,0.9921104311943054,0.9897601008415222,0.9825974106788635,0.9881626963615417,0.9880826473236084,0.9871986508369446,4.0
1083,1.0,1.0,1.0,1.0,1.0,1.0,0.9864469766616821,0.9791849851608276,0.9667620658874512,0.975475549697876,0.9759964942932129,0.9751445651054382,0.0
1084,1.0,1.0,1.0,1.0,1.0,1.0,0.9864404797554016,0.9769824743270874,0.9704895615577698,0.979144275188446,0.9803248047828674,0.9789036512374878,0.0
1085,0.0,0.0,0.0,0.0,0.0,0.0,0.9888609051704407,0.9798427224159241,0.9679501056671143,0.9799680709838867,0.9816634654998779,0.9777241349220276,0.0
1086,1.0,1.0,1.0,1.0,0.0,1.0,0.9931506514549255,0.990520715713501,0.9846151471138,0.9888771176338196,0.9887685775756836,0.9880196452140808,4.0
1087,1.0,1.0,1.0,1.0,1.0,1.0,0.9924209713935852,0.9888267517089844,0.9788731336593628,0.9862218499183655,0.9865265488624573,0.9858757853507996,2.0
1088,0.0,0.0,0.0,0.0,0.0,0.0,0.9932886958122253,0.9906343221664429,0.9819386005401611,0.991370439529419,0.9926033616065979,0.9896434545516968,2.0
1089,1.0,1.0,0.0,0.0,1.0,0.0,0.9966917037963867,0.9758146405220032,0.9573547840118408,0.991718053817749,0.9856081008911133,0.9832454919815063,1.0
1090,1.0,1.0,0.0,1.0,1.0,0.0,0.9869515895843506,0.9743845462799072,0.9586181044578552,0.975307822227478,0.9804609417915344,0.970283567905426,0.0
1091,1.0,1.0,1.0,1.0,1.0,0.0,0.9916708469390869,0.9690051674842834,0.9473578929901123,0.9783103466033936,0.9659340381622314,0.9782222509384155,1.0
1092,0.0,1.0,1.0,1.0,0.0,1.0,0.9921485185623169,0.9930235147476196,0.9891920685768127,0.988453209400177,0.9897028803825378,0.9902778267860413,3.0
1093,0.0,0.0,1.0,1.0,0.0,1.0,0.9918881058692932,0.9917572140693665,0.9876540303230286,0.9885391592979431,0.989343523979187,0.9893366098403931,2.0
1094,1.0,1.0,0.0,0.0,0.0,0.0,0.9940760135650635,0.9893491268157959,0.9786372184753418,0.9899104237556458,0.9922922849655151,0.988795280456543,2.0
1095,1.0,1.0,1.0,1.0,1.0,0.0,0.9948593378067017,0.9908773303031921,0.9852883219718933,0.9904963970184326,0.9914871454238892,0.9907090663909912,4.0
1096,0.0,1.0,1.0,1.0,0.0,0.0,0.9914440512657166,0.9905896186828613,0.9842106103897095,0.9887796640396118,0.9904171228408813,0.987204372882843,2.0
1097,1.0,1.0,1.0,0.0,0.0,0.0,0.9961138963699341,0.9844529032707214,0.9634822010993958,0.9893045425415039,0.9908855557441711,0.9883930087089539,3.0
1098,1.0,1.0,0.0,0.0,0.0,0.0,0.9950836896896362,0.986909806728363,0.976410448551178,0.988669753074646,0.9892892837524414,0.9884528517723083,3.0
1099,1.0,1.0,1.0,1.0,1.0,0.0,0.9940512776374817,0.9898799657821655,0.9842387437820435,0.9897247552871704,0.9893625378608704,0.9882751703262329,3.0
1100,1.0,1.0,1.0,1.0,1.0,1.0,0.991134762763977,0.9899958372116089,0.985852837562561,0.9866481423377991,0.9869935512542725,0.9859986305236816,2.0
1101,1.0,1.0,1.0,1.0,1.0,1.0,0.9885878562927246,0.987054705619812,0.9813709855079651,0.9827410578727722,0.9808717966079712,0.9811108708381653,1.0
1102,1.0,1.0,1.0,1.0,1.0,0.0,0.9923330545425415,0.9891530275344849,0.9806226491928101,0.9893256425857544,0.9905868172645569,0.9885744452476501,2.0
1103,0.0,0.0,1.0,0.0,0.0,1.0,0.9867656230926514,0.9788724780082703,0.9677024483680725,0.9772039651870728,0.9778162240982056,0.9748230576515198,0.0
1104,1.0,1.0,1.0,0.0,1.0,0.0,0.9939677715301514,0.9903715252876282,0.9851491451263428,0.9893571734428406,0.9906505346298218,0.9891805052757263,4.0
1105,0.0,0.0,0.0,1.0,0.0,0.0,0.9900509715080261,0.9902216196060181,0.9848636984825134,0.9851408004760742,0.9847768545150757,0.9865694642066956,1.0
1106,0.0,0.0,0.0,0.0,0.0,0.0,0.9904493689537048,0.9913570880889893,0.9874811768531799,0.9867982268333435,0.9893139004707336,0.9879520535469055,3.0
1107,1.0,1.0,0.0,0.0,1.0,0.0,0.9940273761749268,0.9806082248687744,0.9688630104064941,0.9873970150947571,0.9809351563453674,0.9828489422798157,1.0
1108,0.0,0.0,0.0,0.0,0.0,0.0,0.987196683883667,0.9823456406593323,0.9712040424346924,0.9831582307815552,0.9860527515411377,0.9767284393310547,1.0
1109,1.0,1.0,1.0,1.0,1.0,1.0,0.9915792942047119,0.9899215698242188,0.9829427003860474,0.9875164031982422,0.9869471788406372,0.9868993759155273,4.0
1110,1.0,1.0,1.0,1.0,0.0,1.0,0.9936368465423584,0.9894236922264099,0.9821585416793823,0.9882475733757019,0.9887030124664307,0.9876805543899536,2.0
1111,1.0,1.0,1.0,1.0,1.0,1.0,0.9919857978820801,0.9912508726119995,0.9860692024230957,0.9872305989265442,0.9877458214759827,0.987065851688385,2.0
1112,1.0,0.0,0.0,0.0,0.0,0.0,0.9873400330543518,0.975143551826477,0.9607111811637878,0.9774203896522522,0.9823692440986633,0.9757525324821472,0.0
1113,1.0,1.0,1.0,1.0,1.0,0.0,0.9944451451301575,0.9845358729362488,0.9729087352752686,0.9885290265083313,0.9897313714027405,0.9877215027809143,2.0
1114,1.0,1.0,1.0,1.0,1.0,1.0,0.9941923022270203,0.9876322746276855,0.9807929396629333,0.9897331595420837,0.9905168414115906,0.9891590476036072,2.0
1115,0.0,0.0,1.0,0.0,0.0,0.0,0.9918907880783081,0.9914771914482117,0.9878273606300354,0.9879027009010315,0.9895604848861694,0.989749014377594,3.0
1116,1.0,1.0,0.0,0.0,1.0,0.0,0.9976388216018677,0.9739050269126892,0.93112713098526,0.9918292164802551,0.9893833994865417,0.9820702075958252,1.0
1117,1.0,1.0,0.0,0.0,1.0,0.0,0.9951000809669495,0.9864198565483093,0.9697505831718445,0.990746259689331,0.9928126931190491,0.988211452960968,2.0
1118,0.0,0.0,0.0,0.0,0.0,0.0,0.9859008193016052,0.9857072234153748,0.9742717146873474,0.9844623804092407,0.9862903952598572,0.9800409078598022,1.0
1119,1.0,1.0,0.0,0.0,0.0,0.0,0.9949617385864258,0.984095573425293,0.9656994342803955,0.9889557957649231,0.9900442361831665,0.9881163835525513,3.0
1120,0.0,0.0,0.0,0.0,0.0,0.0,0.9912081956863403,0.9907855987548828,0.9834807515144348,0.9891381859779358,0.9912624359130859,0.9870967864990234,2.0
1121,0.0,0.0,0.0,0.0,0.0,0.0,0.9866320490837097,0.9765222072601318,0.9652957320213318,0.9754519462585449,0.9794473648071289,0.9764841198921204,0.0
1122,0.0,0.0,0.0,0.0,0.0,0.0,0.9926872253417969,0.988636314868927,0.9773844480514526,0.9888144135475159,0.9915236234664917,0.985545814037323,4.0
1123,0.0,0.0,0.0,0.0,0.0,0.0,0.9922263622283936,0.9882842302322388,0.9820053577423096,0.9884980320930481,0.990906834602356,0.9872595071792603,4.0
1124,1.0,1.0,1.0,1.0,1.0,1.0,0.9901860952377319,0.9779632687568665,0.9659214019775391,0.9775101542472839,0.9798117280006409,0.9781241416931152,0.0
1125,0.0,0.0,1.0,0.0,0.0,0.0,0.9893795847892761,0.9867333769798279,0.9800865650177002,0.9866915941238403,0.9871183633804321,0.9832735061645508,1.0
1126,0.0,1.0,1.0,1.0,1.0,1.0,0.9924023151397705,0.9906983971595764,0.9829955697059631,0.9875627756118774,0.9878712892532349,0.9879090189933777,4.0
1127,1.0,1.0,0.0,1.0,1.0,0.0,0.9903730154037476,0.9911884069442749,0.9827985167503357,0.9889790415763855,0.9912061095237732,0.9869727492332458,3.0
1128,1.0,1.0,1.0,0.0,1.0,0.0,0.9950372576713562,0.9857957363128662,0.9734154343605042,0.9883006811141968,0.9891033172607422,0.9880943894386292,3.0
1129,1.0,1.0,0.0,1.0,1.0,0.0,0.9923809170722961,0.9883638620376587,0.9793045520782471,0.9878716468811035,0.9886273741722107,0.9881371855735779,4.0
1130,1.0,1.0,1.0,1.0,1.0,1.0,0.9916701316833496,0.9903292655944824,0.9847127199172974,0.9878566265106201,0.9885604977607727,0.9873937368392944,4.0
1131,0.0,1.0,0.0,1.0,1.0,0.0,0.9853225946426392,0.973985493183136,0.9641849994659424,0.9766992330551147,0.9799889922142029,0.9745314717292786,0.0
1132,1.0,1.0,1.0,1.0,1.0,0.0,0.9888215065002441,0.9819927215576172,0.9623428583145142,0.9773786067962646,0.9737659692764282,0.9754679799079895,0.0
1133,0.0,0.0,0.0,0.0,0.0,0.0,0.990395724773407,0.987191915512085,0.9776136875152588,0.9860209822654724,0.98908931016922,0.985509991645813,2.0
1134,1.0,1.0,1.0,0.0,0.0,0.0,0.9885787963867188,0.9783720374107361,0.9662351608276367,0.975921094417572,0.9788855910301208,0.9773968458175659,0.0
1135,0.0,0.0,0.0,0.0,0.0,0.0,0.9924141764640808,0.9880596995353699,0.9747342467308044,0.9883310198783875,0.9916152358055115,0.985484778881073,4.0
1136,1.0,1.0,0.0,0.0,1.0,0.0,0.9937008619308472,0.9884454011917114,0.9734408259391785,0.9885565042495728,0.9911099672317505,0.9882163405418396,4.0
1137,0.0,0.0,0.0,0.0,0.0,0.0,0.9888226985931396,0.9903885722160339,0.9816601276397705,0.9878605008125305,0.9907119870185852,0.985885739326477,3.0
1138,1.0,1.0,1.0,1.0,1.0,1.0,0.9902318120002747,0.979705274105072,0.96328204870224,0.9773040413856506,0.9784187078475952,0.9777852296829224,0.0
1139,1.0,1.0,1.0,1.0,1.0,1.0,0.9950100183486938,0.9846915602684021,0.9708077311515808,0.9874967336654663,0.9884098768234253,0.9881091713905334,3.0
1140,1.0,0.0,0.0,0.0,0.0,0.0,0.9921032786369324,0.9896036386489868,0.9815845489501953,0.987506628036499,0.9902850985527039,0.9870455265045166,2.0
1141,0.0,0.0,0.0,0.0,0.0,0.0,0.9900122284889221,0.990117609500885,0.9816785454750061,0.9878238439559937,0.990514874458313,0.9861974120140076,3.0
1142,1.0,1.0,1.0,0.0,1.0,0.0,0.9943066239356995,0.988617479801178,0.9816156029701233,0.9893993139266968,0.9908879995346069,0.9896072745323181,2.0
1143,0.0,0.0,0.0,0.0,0.0,0.0,0.9921228289604187,0.9877099990844727,0.9769096374511719,0.9889529943466187,0.9922317266464233,0.9857434630393982,4.0
1144,1.0,1.0,1.0,1.0,1.0,0.0,0.9905311465263367,0.9756174087524414,0.9615609645843506,0.9796112179756165,0.9682785868644714,0.9766737818717957,1.0
1145,1.0,1.0,1.0,1.0,1.0,1.0,0.9944767355918884,0.9895169138908386,0.9796151518821716,0.9892738461494446,0.9891409873962402,0.9876140356063843,2.0
1146,1.0,1.0,0.0,0.0,0.0,0.0,0.9945706725120544,0.9881104230880737,0.9700456857681274,0.9894846081733704,0.9927330017089844,0.9862918257713318,2.0
1147,1.0,0.0,0.0,0.0,0.0,0.0,0.9931660294532776,0.9878979325294495,0.9799148440361023,0.9880952835083008,0.9898775219917297,0.9879911541938782,4.0
1148,1.0,1.0,1.0,1.0,1.0,0.0,0.9941149353981018,0.989164412021637,0.9808475971221924,0.9882553815841675,0.9880609512329102,0.9875426292419434,3.0
1149,1.0,1.0,0.0,1.0,1.0,0.0,0.9938316345214844,0.987434446811676,0.9758721590042114,0.9879963994026184,0.9882822632789612,0.9873875975608826,3.0
1150,1.0,0.0,0.0,0.0,0.0,0.0,0.9949378967285156,0.9802058935165405,0.9409904479980469,0.9862866997718811,0.991032063961029,0.9850317239761353,3.0
1151,1.0,1.0,1.0,1.0,1.0,0.0,0.9937200546264648,0.9889251589775085,0.9809859395027161,0.989483654499054,0.9896990656852722,0.9886494874954224,2.0
1152,0.0,0.0,0.0,0.0,0.0,0.0,0.9926815629005432,0.9880792498588562,0.9794138073921204,0.98739093542099,0.9900552034378052,0.9862459897994995,4.0
1153,1.0,1.0,1.0,1.0,1.0,1.0,0.9933056235313416,0.9907007217407227,0.9842779040336609,0.9886783957481384,0.989332914352417,0.9875445365905762,4.0
1154,0.0,0.0,0.0,0.0,0.0,0.0,0.9933700561523438,0.9895618557929993,0.9818164110183716,0.9899615049362183,0.9919726848602295,0.9883258938789368,4.0
1155,1.0,1.0,1.0,1.0,1.0,1.0,0.9892519116401672,0.9838292002677917,0.9689777493476868,0.9771406650543213,0.9753608107566833,0.9749554395675659,0.0
1156,1.0,1.0,1.0,1.0,1.0,1.0,0.9888885617256165,0.9899653196334839,0.9847254157066345,0.9837942719459534,0.983792781829834,0.9840582013130188,1.0
1157,1.0,1.0,1.0,1.0,1.0,1.0,0.9907101988792419,0.9722775816917419,0.9534591436386108,0.9785370826721191,0.9661996364593506,0.9772491455078125,1.0
1158,0.0,0.0,0.0,0.0,0.0,0.0,0.9929633736610413,0.988024890422821,0.9761266708374023,0.9880285263061523,0.9903410077095032,0.9875087141990662,4.0
1159,1.0,1.0,1.0,1.0,1.0,0.0,0.9924290776252747,0.9878028035163879,0.9800878167152405,0.9871949553489685,0.9869541525840759,0.9855191707611084,2.0
1160,0.0,1.0,0.0,0.0,1.0,0.0,0.9911927580833435,0.9889197945594788,0.9847591519355774,0.9864915013313293,0.986794650554657,0.9857893586158752,2.0
1161,0.0,0.0,0.0,0.0,0.0,0.0,0.9870093464851379,0.9851731061935425,0.9766203165054321,0.9844830632209778,0.9860405921936035,0.9798047542572021,1.0
1162,0.0,0.0,1.0,0.0,0.0,0.0,0.9921160340309143,0.9904486536979675,0.9852958917617798,0.9888838529586792,0.9890657663345337,0.9879216551780701,4.0
1163,0.0,1.0,1.0,1.0,0.0,1.0,0.9920767545700073,0.9928015470504761,0.9902066588401794,0.9878261685371399,0.9892949461936951,0.9897602200508118,3.0
1164,1.0,1.0,1.0,1.0,0.0,0.0,0.9845923781394958,0.9770638346672058,0.9650176763534546,0.9721648097038269,0.9736492037773132,0.9733510613441467,0.0
1165,0.0,0.0,0.0,0.0,0.0,0.0,0.9876769781112671,0.9878181219100952,0.9823978543281555,0.9863407611846924,0.9875132441520691,0.9829139113426208,1.0
1166,0.0,0.0,0.0,0.0,0.0,0.0,0.9862820506095886,0.9879144430160522,0.9812927842140198,0.9819557070732117,0.9867249727249146,0.9826656579971313,3.0
1167,0.0,0.0,0.0,0.0,0.0,0.0,0.9892682433128357,0.9895586967468262,0.9827460050582886,0.9860987663269043,0.988277018070221,0.9856938123703003,3.0
1168,0.0,0.0,0.0,0.0,0.0,0.0,0.9887168407440186,0.9859384894371033,0.981177806854248,0.9816555380821228,0.9800757169723511,0.9817049503326416,1.0
1169,0.0,0.0,0.0,0.0,0.0,0.0,0.987410843372345,0.9809960126876831,0.9677800536155701,0.9768108129501343,0.975658118724823,0.9735568761825562,0.0
1170,0.0,0.0,0.0,0.0,0.0,0.0,0.9916322827339172,0.9917194843292236,0.9879162311553955,0.9891064763069153,0.9903220534324646,0.9895437955856323,3.0
1171,1.0,1.0,1.0,1.0,1.0,1.0,0.9931569695472717,0.9905877113342285,0.9852344393730164,0.9887153506278992,0.9895212650299072,0.9884067177772522,4.0
1172,1.0,1.0,1.0,1.0,1.0,1.0,0.9927089214324951,0.9896672964096069,0.9837284684181213,0.9874847531318665,0.9875850677490234,0.9862014651298523,2.0
1173,0.0,0.0,0.0,0.0,0.0,0.0,0.9914757013320923,0.9844878315925598,0.9732945561408997,0.9869630932807922,0.9870300889015198,0.9845306873321533,1.0
1174,1.0,1.0,0.0,0.0,0.0,0.0,0.9941496849060059,0.9885347485542297,0.9767774939537048,0.9906578063964844,0.9924417734146118,0.9893878698348999,2.0
1175,1.0,1.0,1.0,0.0,1.0,0.0,0.9956344962120056,0.9761826395988464,0.9631466865539551,0.9879975318908691,0.9814159870147705,0.982996940612793,1.0
1176,1.0,1.0,1.0,1.0,1.0,1.0,0.9920238256454468,0.992819607257843,0.9883833527565002,0.9884768724441528,0.9893765449523926,0.9894550442695618,2.0
1177,0.0,1.0,1.0,1.0,1.0,1.0,0.9917169213294983,0.9917603135108948,0.9868031144142151,0.9881625771522522,0.9891392588615417,0.9887014627456665,2.0
1178,1.0,1.0,1.0,1.0,1.0,1.0,0.9869869351387024,0.9801170229911804,0.9635894298553467,0.9757463932037354,0.9747753739356995,0.9753598570823669,0.0
1179,1.0,1.0,1.0,1.0,1.0,0.0,0.9909879565238953,0.9763078689575195,0.9647216796875,0.9816498160362244,0.9725130796432495,0.9787172675132751,1.0
1180,1.0,1.0,1.0,1.0,1.0,1.0,0.9929331541061401,0.9896286725997925,0.9844614863395691,0.9877151846885681,0.9887145161628723,0.9884966611862183,4.0
1181,1.0,1.0,1.0,1.0,1.0,0.0,0.9862931966781616,0.9785030484199524,0.9696050882339478,0.978125274181366,0.9776113033294678,0.9779835343360901,0.0
1182,1.0,1.0,1.0,1.0,0.0,1.0,0.9896307587623596,0.981904923915863,0.9702361226081848,0.9778674840927124,0.9789831638336182,0.9795963764190674,0.0
1183,1.0,1.0,1.0,1.0,0.0,1.0,0.9907955527305603,0.9886074662208557,0.9848644733428955,0.9883652925491333,0.9889146685600281,0.9877293109893799,4.0
1184,1.0,1.0,1.0,1.0,1.0,0.0,0.9938452839851379,0.9901298880577087,0.9839844107627869,0.9893094301223755,0.990497887134552,0.9892429113388062,4.0
1185,1.0,1.0,0.0,1.0,1.0,0.0,0.993926465511322,0.9896255135536194,0.9808599948883057,0.9885541796684265,0.9880831837654114,0.9867982268333435,2.0
1186,0.0,0.0,0.0,0.0,1.0,0.0,0.992602527141571,0.9884592890739441,0.9810047745704651,0.9882671236991882,0.9905813932418823,0.9878978133201599,4.0
1187,1.0,1.0,1.0,1.0,1.0,0.0,0.9884088635444641,0.9838389158248901,0.9670864939689636,0.9765377640724182,0.9755206108093262,0.9741362929344177,0.0
1188,0.0,0.0,0.0,0.0,0.0,0.0,0.9891219735145569,0.9774273633956909,0.960128128528595,0.977268397808075,0.9812766313552856,0.9755908250808716,0.0
1189,1.0,1.0,1.0,1.0,1.0,1.0,0.987280011177063,0.9799829721450806,0.9664615392684937,0.9768125414848328,0.9767366647720337,0.9753856062889099,0.0
1190,0.0,0.0,0.0,0.0,0.0,0.0,0.98610919713974,0.9740455746650696,0.9536475539207458,0.9780113697052002,0.9830449819564819,0.9687166810035706,0.0
1191,1.0,1.0,1.0,1.0,1.0,0.0,0.9920386075973511,0.9823023676872253,0.9709106683731079,0.9837279319763184,0.9838616251945496,0.9819995164871216,0.0
1192,0.0,0.0,0.0,0.0,0.0,0.0,0.9913130402565002,0.9871317148208618,0.9804472923278809,0.987583339214325,0.9873144030570984,0.9860138893127441,1.0
1193,0.0,0.0,0.0,0.0,0.0,0.0,0.9912514090538025,0.9888327121734619,0.9799283742904663,0.9875926375389099,0.9903950095176697,0.9858204126358032,2.0
1194,1.0,1.0,0.0,1.0,0.0,1.0,0.9943335056304932,0.9909921884536743,0.9851548075675964,0.9896077513694763,0.9907033443450928,0.9898774027824402,4.0
1195,1.0,1.0,1.0,1.0,1.0,1.0,0.9937480688095093,0.9863274097442627,0.9727070331573486,0.9876937866210938,0.9881761074066162,0.9885988235473633,3.0
1196,0.0,0.0,0.0,0.0,0.0,0.0,0.9946193695068359,0.9795846939086914,0.9666699171066284,0.9886049032211304,0.9852185845375061,0.9852492213249207,1.0
1197,1.0,1.0,0.0,0.0,1.0,0.0,0.9920939803123474,0.9824559688568115,0.9763736724853516,0.9861953258514404,0.982288122177124,0.9836294054985046,1.0
1198,0.0,1.0,1.0,1.0,0.0,1.0,0.992514431476593,0.9904900789260864,0.9860222339630127,0.9871861338615417,0.9884650707244873,0.9891899824142456,2.0
1199,0.0,0.0,0.0,0.0,0.0,0.0,0.988918125629425,0.9892241358757019,0.9818399548530579,0.9869605302810669,0.9900873303413391,0.9852619767189026,3.0
1200,1.0,1.0,1.0,1.0,1.0,0.0,0.9892717599868774,0.9791697263717651,0.9633378386497498,0.9787261486053467,0.9776654243469238,0.9761878848075867,0.0
1201,1.0,1.0,0.0,0.0,0.0,0.0,0.9897776246070862,0.9747986197471619,0.9573586583137512,0.9766454696655273,0.9818562865257263,0.9758498072624207,0.0
1202,1.0,1.0,1.0,1.0,1.0,1.0,0.9954566955566406,0.9776941537857056,0.9636563062667847,0.989389955997467,0.984669029712677,0.9851408004760742,1.0
1203,0.0,0.0,0.0,0.0,0.0,0.0,0.9867547154426575,0.9874739646911621,0.9792167544364929,0.9858459830284119,0.9870049357414246,0.9818097352981567,1.0
1204,0.0,1.0,0.0,0.0,0.0,0.0,0.9874228239059448,0.9804639220237732,0.9664733409881592,0.9771815538406372,0.9759292006492615,0.9752453565597534,0.0
1205,1.0,1.0,1.0,1.0,1.0,0.0,0.9951521158218384,0.9867223501205444,0.9746277928352356,0.9887571930885315,0.9893563389778137,0.9885987043380737,3.0
1206,1.0,1.0,0.0,0.0,1.0,0.0,0.996749997138977,0.974573016166687,0.9516246914863586,0.9899337887763977,0.9855616688728333,0.9830454587936401,1.0
1207,1.0,1.0,0.0,0.0,1.0,0.0,0.9923009872436523,0.9880977272987366,0.9799157381057739,0.9871513843536377,0.9887387752532959,0.9870315194129944,4.0
1208,0.0,1.0,1.0,1.0,1.0,1.0,0.9871954917907715,0.9809315800666809,0.9705660343170166,0.9784899353981018,0.976851761341095,0.9765281081199646,0.0
1209,0.0,0.0,0.0,0.0,0.0,0.0,0.9885976314544678,0.9868685603141785,0.9809041619300842,0.9848723411560059,0.985558271408081,0.983794629573822,1.0
1210,1.0,1.0,1.0,1.0,1.0,0.0,0.9872081875801086,0.9807543754577637,0.9683727025985718,0.9765228629112244,0.9743608832359314,0.9738760590553284,0.0
1211,1.0,1.0,0.0,0.0,0.0,0.0,0.994500994682312,0.9861506819725037,0.9670903086662292,0.9899341464042664,0.9928510189056396,0.9880213141441345,2.0
1212,0.0,0.0,0.0,0.0,0.0,0.0,0.9879963994026184,0.9895660877227783,0.9800686836242676,0.9868192672729492,0.9903274178504944,0.984257698059082,3.0
1213,1.0,1.0,0.0,1.0,1.0,0.0,0.9936546087265015,0.9870907068252563,0.9794129133224487,0.9879971742630005,0.98785400390625,0.9875093102455139,3.0
1214,0.0,0.0,0.0,0.0,0.0,0.0,0.987038791179657,0.9881601333618164,0.9802690148353577,0.9863579869270325,0.9874638319015503,0.9825572371482849,1.0
1215,0.0,0.0,0.0,0.0,0.0,0.0,0.9936259984970093,0.9889267683029175,0.9820599555969238,0.9900272488594055,0.9917787909507751,0.9895667433738708,4.0
1216,1.0,1.0,0.0,1.0,1.0,0.0,0.994683563709259,0.9877532124519348,0.976889967918396,0.9898129105567932,0.9899589419364929,0.9876182079315186,2.0
1217,1.0,1.0,1.0,0.0,1.0,0.0,0.995235025882721,0.9893845915794373,0.9819532632827759,0.9910577535629272,0.992051362991333,0.9901734590530396,2.0
1218,0.0,0.0,0.0,0.0,0.0,0.0,0.9918926954269409,0.9888131022453308,0.9832785725593567,0.990119218826294,0.9921987652778625,0.9891797304153442,4.0
1219,0.0,0.0,0.0,0.0,0.0,0.0,0.9910649061203003,0.9903788566589355,0.985722541809082,0.9886201620101929,0.990094006061554,0.9883497953414917,3.0
1220,1.0,1.0,1.0,1.0,1.0,0.0,0.993674635887146,0.9893752336502075,0.981222927570343,0.9907823204994202,0.9921223521232605,0.9894179701805115,2.0
1221,0.0,1.0,1.0,1.0,1.0,0.0,0.9919734001159668,0.9865503311157227,0.9776523113250732,0.9879119992256165,0.9872534871101379,0.9867627024650574,1.0
1222,1.0,1.0,0.0,1.0,1.0,0.0,0.9909529685974121,0.9755859375,0.9563032388687134,0.9799181818962097,0.9675711989402771,0.9761422276496887,1.0
1223,1.0,1.0,0.0,0.0,1.0,0.0,0.9964428544044495,0.9780536890029907,0.9595935940742493,0.9907292723655701,0.9872602224349976,0.98514324426651,1.0
1224,1.0,1.0,0.0,1.0,1.0,0.0,0.9923067688941956,0.9882792234420776,0.9810668230056763,0.9883990287780762,0.990786075592041,0.98734450340271,4.0
1225,1.0,1.0,0.0,0.0,0.0,0.0,0.9920823574066162,0.9850574135780334,0.9699161648750305,0.9860472679138184,0.9879108667373657,0.986488401889801,2.0
1226,0.0,1.0,1.0,1.0,1.0,1.0,0.9902509450912476,0.9904620051383972,0.9876825213432312,0.984711229801178,0.9869296550750732,0.9876824021339417,3.0
1227,0.0,0.0,0.0,0.0,1.0,0.0,0.9917812943458557,0.9889667630195618,0.9792715907096863,0.989287257194519,0.9917871356010437,0.9860298037528992,2.0
1228,1.0,1.0,1.0,1.0,1.0,1.0,0.9879294633865356,0.9753441214561462,0.9626287817955017,0.9769318699836731,0.9670506119728088,0.9749966859817505,1.0
1229,1.0,1.0,1.0,1.0,1.0,0.0,0.9921430349349976,0.9897388815879822,0.9844203591346741,0.9873614311218262,0.9877932667732239,0.986879825592041,2.0
1230,0.0,0.0,0.0,0.0,0.0,0.0,0.9861001372337341,0.9749959707260132,0.9457380175590515,0.973272442817688,0.9821292161941528,0.9650437235832214,0.0
1231,1.0,1.0,0.0,0.0,1.0,0.0,0.9925923943519592,0.9743985533714294,0.9516121745109558,0.9834295511245728,0.9732881188392639,0.9802294969558716,1.0
1232,1.0,1.0,1.0,1.0,1.0,0.0,0.9940107464790344,0.989654004573822,0.9813267588615417,0.9887871146202087,0.9888696670532227,0.9873151779174805,2.0
1233,1.0,1.0,1.0,1.0,1.0,1.0,0.9942145943641663,0.988384485244751,0.9801895022392273,0.9878167510032654,0.9880654811859131,0.988335371017456,3.0
1234,1.0,1.0,1.0,1.0,1.0,0.0,0.9938217401504517,0.9874339699745178,0.9782871603965759,0.9889299273490906,0.9892659187316895,0.9879107475280762,2.0
1235,1.0,1.0,1.0,1.0,1.0,1.0,0.9901493787765503,0.973967432975769,0.9585055708885193,0.9811578392982483,0.9716853499412537,0.977970540523529,1.0
1236,1.0,1.0,1.0,1.0,1.0,1.0,0.989231526851654,0.988448441028595,0.9827110171318054,0.9828274250030518,0.981500506401062,0.9836167097091675,1.0
1237,1.0,1.0,1.0,1.0,1.0,1.0,0.9885104298591614,0.9886738657951355,0.9834845662117004,0.9834005236625671,0.9823839664459229,0.9830846190452576,1.0
1238,1.0,1.0,1.0,1.0,1.0,0.0,0.9931057095527649,0.9897484183311462,0.9828868508338928,0.9880103468894958,0.9884119629859924,0.9878448843955994,4.0
1239,0.0,0.0,0.0,0.0,0.0,0.0,0.9896466135978699,0.9844774007797241,0.9786319732666016,0.9846858978271484,0.9853942394256592,0.9824476838111877,1.0
1240,1.0,1.0,0.0,0.0,0.0,0.0,0.9906850457191467,0.9749053120613098,0.9397085309028625,0.9782644510269165,0.9851888418197632,0.9721310138702393,0.0
1241,1.0,1.0,0.0,0.0,1.0,0.0,0.9936302304267883,0.989413857460022,0.981198251247406,0.9890991449356079,0.9906224608421326,0.9891316890716553,4.0
1242,0.0,0.0,0.0,0.0,0.0,0.0,0.9927674531936646,0.9891775250434875,0.9792943596839905,0.9887564778327942,0.9916738867759705,0.9875786900520325,2.0
1243,1.0,1.0,1.0,1.0,1.0,1.0,0.9939295053482056,0.9897066354751587,0.9797771573066711,0.988052487373352,0.9881333708763123,0.9873724579811096,3.0
1244,1.0,1.0,1.0,1.0,1.0,1.0,0.9940264225006104,0.9886944890022278,0.9810762405395508,0.9892365336418152,0.9890801310539246,0.9877403378486633,3.0
1245,0.0,1.0,1.0,1.0,1.0,1.0,0.9892742037773132,0.9900762438774109,0.9862726330757141,0.9848188161849976,0.986223042011261,0.9852868318557739,3.0
1246,1.0,1.0,0.0,0.0,1.0,0.0,0.989602267742157,0.9754020571708679,0.9598590135574341,0.9774942994117737,0.9794475436210632,0.9764401316642761,0.0
1247,1.0,1.0,0.0,0.0,0.0,0.0,0.9913715124130249,0.9806979894638062,0.9698181748390198,0.9795987606048584,0.9818551540374756,0.9809733033180237,0.0
1248,0.0,0.0,0.0,1.0,0.0,1.0,0.9941720366477966,0.990522563457489,0.98274165391922,0.9900347590446472,0.9908526539802551,0.9901306629180908,4.0
1249,1.0,1.0,1.0,1.0,1.0,1.0,0.9917077422142029,0.989493727684021,0.9814940690994263,0.9859164357185364,0.9868472218513489,0.9864577651023865,2.0
1250,1.0,1.0,0.0,0.0,0.0,0.0,0.9938733577728271,0.9881159067153931,0.9731394648551941,0.9883459210395813,0.991028904914856,0.987808346748352,4.0
1251,1.0,1.0,0.0,0.0,1.0,0.0,0.9960386753082275,0.9827675223350525,0.9556525349617004,0.9888159036636353,0.9907687306404114,0.9871702790260315,3.0
1252,1.0,1.0,1.0,1.0,1.0,0.0,0.9927626252174377,0.9875891804695129,0.9777528643608093,0.9868751168251038,0.9868729114532471,0.9862491488456726,3.0
1253,0.0,1.0,1.0,1.0,1.0,0.0,0.9920255541801453,0.9899365901947021,0.9840372800827026,0.9889118671417236,0.9906873106956482,0.9889046549797058,2.0
1254,1.0,1.0,0.0,0.0,0.0,0.0,0.9931678175926208,0.989862322807312,0.9849115610122681,0.9888400435447693,0.989510178565979,0.9885530471801758,4.0
1255,1.0,1.0,0.0,0.0,0.0,0.0,0.9916993379592896,0.9785963296890259,0.9639641642570496,0.9830370545387268,0.9738230109214783,0.978631854057312,1.0
1256,1.0,1.0,0.0,0.0,0.0,0.0,0.9932281374931335,0.9894933700561523,0.9824904799461365,0.9895961880683899,0.9905794262886047,0.9893758296966553,4.0
1257,1.0,1.0,1.0,1.0,1.0,0.0,0.9944657683372498,0.9903069734573364,0.9845373630523682,0.9897356033325195,0.9910953044891357,0.9904158115386963,4.0
1258,0.0,0.0,0.0,0.0,0.0,0.0,0.9874280095100403,0.9775951504707336,0.9664826989173889,0.9773948788642883,0.981360673904419,0.9780693054199219,0.0
1259,1.0,1.0,0.0,0.0,1.0,0.0,0.9934647679328918,0.9886847138404846,0.9814807772636414,0.9888178110122681,0.9892610311508179,0.9884567260742188,2.0
1260,0.0,0.0,0.0,0.0,0.0,0.0,0.9953823685646057,0.9851762056350708,0.9579611420631409,0.9891505837440491,0.9921467900276184,0.9867331385612488,2.0
1261,1.0,1.0,1.0,1.0,1.0,0.0,0.994461715221405,0.9878926873207092,0.9735578894615173,0.989831268787384,0.9902970194816589,0.9884633421897888,2.0
1262,0.0,0.0,1.0,0.0,0.0,0.0,0.993247389793396,0.990282416343689,0.9831801652908325,0.9893769025802612,0.9909440279006958,0.9887809753417969,2.0
1263,0.0,0.0,1.0,0.0,0.0,0.0,0.9879211187362671,0.9889273643493652,0.9839651584625244,0.9826346039772034,0.9826944470405579,0.9841094613075256,1.0
1264,0.0,1.0,1.0,1.0,0.0,1.0,0.9932014346122742,0.9901019334793091,0.9852100014686584,0.9888672232627869,0.9895662069320679,0.9893469214439392,4.0
1265,1.0,1.0,1.0,1.0,0.0,0.0,0.9910562038421631,0.9811882376670837,0.9675459861755371,0.9770136475563049,0.9783865213394165,0.9797918200492859,0.0
1266,0.0,0.0,0.0,0.0,0.0,0.0,0.9930358529090881,0.9893403649330139,0.9809365272521973,0.9898625612258911,0.9920971393585205,0.9868667125701904,4.0
1267,0.0,1.0,1.0,1.0,0.0,1.0,0.9921155571937561,0.990160346031189,0.9836400151252747,0.9882020354270935,0.9881689548492432,0.9876639246940613,4.0
1268,1.0,1.0,1.0,1.0,1.0,0.0,0.9916728138923645,0.9686828255653381,0.9520838260650635,0.9805029630661011,0.9704055786132812,0.9781466126441956,1.0
1269,0.0,0.0,0.0,0.0,0.0,0.0,0.9862692952156067,0.9842535257339478,0.9777916073799133,0.9829208254814148,0.985072672367096,0.9795767068862915,1.0
1270,1.0,1.0,1.0,1.0,1.0,0.0,0.9945679903030396,0.9884217381477356,0.9801883697509766,0.9895762205123901,0.990443766117096,0.9891496300697327,2.0
1271,1.0,1.0,1.0,0.0,0.0,0.0,0.994175910949707,0.9887123107910156,0.9823691248893738,0.9888127446174622,0.9901425838470459,0.9892023205757141,2.0
1272,0.0,0.0,0.0,0.0,0.0,0.0,0.9877222776412964,0.9872905611991882,0.9789257049560547,0.9849001169204712,0.9889671206474304,0.9823445081710815,3.0
1273,1.0,1.0,1.0,0.0,1.0,0.0,0.9924869537353516,0.9892451763153076,0.981437087059021,0.9873039126396179,0.9875977635383606,0.9866792559623718,2.0
1274,0.0,0.0,0.0,0.0,1.0,0.0,0.9957184195518494,0.9797705411911011,0.9635208249092102,0.9904452562332153,0.9870381355285645,0.9856377243995667,1.0
1275,1.0,1.0,1.0,1.0,1.0,1.0,0.9931366443634033,0.9890387058258057,0.983988344669342,0.9884819984436035,0.9895884990692139,0.9887256026268005,4.0
1276,0.0,0.0,0.0,0.0,0.0,0.0,0.990587592124939,0.990744411945343,0.98371821641922,0.9890320897102356,0.9909798502922058,0.9886138439178467,3.0
1277,1.0,1.0,1.0,0.0,1.0,0.0,0.9947596192359924,0.9861918687820435,0.9734077453613281,0.987722635269165,0.9886264204978943,0.9880741238594055,3.0
1278,1.0,1.0,1.0,1.0,1.0,1.0,0.9929139614105225,0.9880841374397278,0.9815691709518433,0.9901543259620667,0.9908327460289001,0.9891101717948914,2.0
1279,1.0,1.0,0.0,0.0,1.0,0.0,0.9954208731651306,0.9845647811889648,0.9655694961547852,0.9876327514648438,0.9894804954528809,0.9881767630577087,3.0
1280,1.0,1.0,0.0,0.0,0.0,0.0,0.9910802245140076,0.9773837327957153,0.9555803537368774,0.9745523929595947,0.9801425933837891,0.97566819190979,0.0
1281,0.0,0.0,0.0,0.0,0.0,0.0,0.9905011653900146,0.9900606870651245,0.9836632013320923,0.9895338416099548,0.9913363456726074,0.9870465993881226,2.0
1282,1.0,1.0,1.0,1.0,1.0,1.0,0.9944003224372864,0.9917145371437073,0.9863994121551514,0.9904167652130127,0.9911413192749023,0.990607500076294,4.0
1283,1.0,1.0,1.0,1.0,1.0,1.0,0.9929240942001343,0.989092230796814,0.9796355962753296,0.986417293548584,0.9866573214530945,0.9869829416275024,3.0
1284,0.0,0.0,0.0,0.0,0.0,0.0,0.9891068339347839,0.986308753490448,0.9755997061729431,0.9869683384895325,0.9874041080474854,0.9833214282989502,1.0
1285,1.0,1.0,1.0,1.0,1.0,1.0,0.9897432923316956,0.9830827713012695,0.9657492637634277,0.9755644798278809,0.9753139615058899,0.9735174179077148,0.0
1286,0.0,0.0,0.0,0.0,0.0,0.0,0.9914656281471252,0.9890180826187134,0.976628839969635,0.9888757467269897,0.9917140603065491,0.9841703176498413,2.0
1287,0.0,0.0,0.0,0.0,0.0,0.0,0.991439700126648,0.9880673885345459,0.9749554991722107,0.9884345531463623,0.9916452765464783,0.9839447140693665,2.0
1288,0.0,0.0,0.0,0.0,0.0,0.0,0.9885155558586121,0.9792705774307251,0.9654256701469421,0.9779200553894043,0.9832050204277039,0.9776186347007751,0.0
1289,1.0,1.0,1.0,1.0,1.0,1.0,0.9916548728942871,0.9919382929801941,0.9889156818389893,0.9873185753822327,0.9888513684272766,0.988423764705658,3.0
1290,1.0,1.0,1.0,1.0,1.0,1.0,0.9880285263061523,0.9798104763031006,0.9617170691490173,0.9752467274665833,0.973120391368866,0.9737574458122253,0.0
1291,0.0,0.0,0.0,0.0,1.0,0.0,0.9922205805778503,0.987275242805481,0.9747851490974426,0.9885602593421936,0.9918443560600281,0.9852609038352966,4.0
1292,0.0,0.0,0.0,0.0,0.0,0.0,0.9898728132247925,0.9908387064933777,0.9861434102058411,0.9874843955039978,0.9897366762161255,0.9870071411132812,3.0
1293,1.0,1.0,0.0,0.0,0.0,0.0,0.9956259727478027,0.9818716645240784,0.967003583908081,0.9895012974739075,0.985393762588501,0.9852230548858643,1.0
1294,1.0,1.0,1.0,1.0,1.0,1.0,0.9923728108406067,0.9903367757797241,0.9844114184379578,0.9885249733924866,0.9888938069343567,0.9870643615722656,4.0
1295,0.0,0.0,0.0,0.0,0.0,0.0,0.9880268573760986,0.9894633293151855,0.9819748997688293,0.9862020611763,0.9892534613609314,0.985101580619812,3.0
1296,1.0,1.0,1.0,1.0,1.0,0.0,0.993310809135437,0.9875575304031372,0.9763943552970886,0.9872316718101501,0.988396942615509,0.9877288341522217,2.0
1297,1.0,1.0,1.0,1.0,1.0,1.0,0.9938349723815918,0.9903297424316406,0.9846534132957458,0.9895474910736084,0.9899761080741882,0.9903501272201538,4.0
1298,1.0,1.0,1.0,0.0,0.0,0.0,0.9866851568222046,0.9785305857658386,0.9655852913856506,0.9755017757415771,0.9753530621528625,0.9755707383155823,0.0
1299,1.0,1.0,1.0,1.0,1.0,0.0,0.9941478967666626,0.9874518513679504,0.9775356650352478,0.9887750148773193,0.9892622828483582,0.9883887767791748,2.0
1300,1.0,1.0,1.0,0.0,0.0,0.0,0.9926683306694031,0.9886687397956848,0.9782159924507141,0.9866374731063843,0.987300455570221,0.9882451295852661,4.0
1301,0.0,0.0,0.0,0.0,0.0,0.0,0.9871093034744263,0.9741076827049255,0.9470555782318115,0.9774921536445618,0.9851137399673462,0.9684836268424988,0.0
1302,1.0,1.0,0.0,0.0,1.0,0.0,0.9892488718032837,0.9758609533309937,0.961652934551239,0.9773589372634888,0.981975257396698,0.9771736860275269,0.0
1303,0.0,0.0,0.0,0.0,0.0,0.0,0.9879035353660583,0.9896518588066101,0.9816931486129761,0.9863351583480835,0.9893542528152466,0.984606921672821,3.0
1304,0.0,0.0,0.0,0.0,0.0,0.0,0.9860880970954895,0.9867129325866699,0.9778687357902527,0.9854887127876282,0.9868033528327942,0.9807511568069458,1.0
1305,1.0,0.0,0.0,0.0,0.0,0.0,0.9929602742195129,0.9844363927841187,0.9720978736877441,0.9885595440864563,0.9870533347129822,0.9864253997802734,1.0
1306,0.0,0.0,0.0,0.0,0.0,0.0,0.9923749566078186,0.9889265298843384,0.9817985892295837,0.9893167018890381,0.9913944602012634,0.9877116084098816,4.0
1307,1.0,1.0,1.0,1.0,1.0,1.0,0.9882251024246216,0.9884355068206787,0.9823309183120728,0.9824239015579224,0.9809366464614868,0.981117308139801,1.0
1308,0.0,0.0,1.0,1.0,0.0,1.0,0.9875099658966064,0.9891977906227112,0.9852107167243958,0.9850741624832153,0.9863287806510925,0.9850237369537354,1.0
1309,1.0,1.0,0.0,1.0,1.0,0.0,0.9865308403968811,0.9803261756896973,0.9684680700302124,0.9764026403427124,0.9762337803840637,0.9760041236877441,0.0
1310,1.0,1.0,0.0,0.0,1.0,0.0,0.9904695153236389,0.9772879481315613,0.9622105360031128,0.9776378870010376,0.9816996455192566,0.9774207472801208,0.0
1311,0.0,0.0,0.0,0.0,0.0,0.0,0.9904208183288574,0.9897863864898682,0.9837366938591003,0.9884234070777893,0.9905394315719604,0.9860954880714417,2.0
1312,1.0,1.0,1.0,1.0,1.0,1.0,0.9882225394248962,0.9787271618843079,0.9591584801673889,0.9746161699295044,0.9740678668022156,0.9723981022834778,0.0
1313,0.0,0.0,0.0,1.0,1.0,0.0,0.9878284931182861,0.9743179678916931,0.959552526473999,0.9765653014183044,0.98130863904953,0.9753832221031189,0.0
1314,1.0,1.0,1.0,1.0,1.0,0.0,0.992938220500946,0.9886763095855713,0.9830337166786194,0.9878759384155273,0.9875120520591736,0.9866097569465637,3.0
1315,1.0,1.0,1.0,1.0,1.0,0.0,0.9919350147247314,0.9774032235145569,0.961432933807373,0.9818058609962463,0.9718455076217651,0.9797666072845459,1.0
1316,1.0,1.0,0.0,0.0,1.0,0.0,0.9924875497817993,0.9903476238250732,0.9818949103355408,0.9891170859336853,0.9913644790649414,0.9894049167633057,3.0
1317,0.0,0.0,0.0,0.0,0.0,0.0,0.9918626546859741,0.9884763956069946,0.9750059247016907,0.9893474578857422,0.9920207858085632,0.9850606322288513,2.0
1318,0.0,0.0,0.0,0.0,0.0,0.0,0.987228274345398,0.9875675439834595,0.9795901775360107,0.9857028126716614,0.9870868921279907,0.9823785424232483,1.0
1319,0.0,0.0,0.0,0.0,0.0,0.0,0.9866273999214172,0.9829185009002686,0.9725422859191895,0.9821826815605164,0.9856439828872681,0.9770606756210327,1.0
1320,0.0,0.0,0.0,0.0,0.0,0.0,0.9908559322357178,0.9904648065567017,0.9855297803878784,0.9876438975334167,0.9898736476898193,0.9877830147743225,3.0
1321,0.0,0.0,0.0,0.0,0.0,0.0,0.9939144253730774,0.9900862574577332,0.9837416410446167,0.990398645401001,0.9917621612548828,0.9891397356987,4.0
1322,1.0,1.0,1.0,1.0,1.0,1.0,0.9906358122825623,0.9885748028755188,0.9807159900665283,0.9839682579040527,0.9853142499923706,0.9861337542533875,3.0
1323,1.0,1.0,1.0,1.0,1.0,0.0,0.993649423122406,0.9876833558082581,0.978578507900238,0.987703800201416,0.9886583685874939,0.9875184893608093,2.0
1324,1.0,1.0,1.0,1.0,1.0,1.0,0.992850661277771,0.9893535375595093,0.9824911952018738,0.986075222492218,0.9877806901931763,0.9877948760986328,2.0
1325,1.0,1.0,1.0,1.0,1.0,0.0,0.9931356906890869,0.9724625945091248,0.9592576026916504,0.9835260510444641,0.9753215312957764,0.9802834391593933,1.0
1326,1.0,1.0,1.0,1.0,1.0,0.0,0.9916291236877441,0.9753634929656982,0.9629802703857422,0.9842053055763245,0.9768058061599731,0.9817859530448914,1.0
1327,1.0,1.0,1.0,1.0,1.0,0.0,0.9911704063415527,0.9897369742393494,0.9805901050567627,0.9867058396339417,0.9870129227638245,0.9866207838058472,4.0
1328,1.0,1.0,1.0,1.0,1.0,1.0,0.9936044812202454,0.9911372661590576,0.9869189858436584,0.9890913963317871,0.9896903038024902,0.9897916316986084,2.0
1329,1.0,1.0,0.0,0.0,1.0,0.0,0.9958046078681946,0.9860156774520874,0.9711074829101562,0.9909982681274414,0.9914972186088562,0.9893553853034973,2.0
1330,0.0,0.0,0.0,0.0,0.0,0.0,0.9874554872512817,0.9825839400291443,0.9709641933441162,0.9834620952606201,0.9857909679412842,0.9781922698020935,1.0
1331,0.0,0.0,0.0,0.0,0.0,0.0,0.9866516590118408,0.9748325943946838,0.9555691480636597,0.9763102531433105,0.983214259147644,0.9726173877716064,0.0
1332,0.0,0.0,1.0,1.0,1.0,1.0,0.9933385252952576,0.9895961880683899,0.9854932427406311,0.9902455806732178,0.9914454221725464,0.9900049567222595,4.0
1333,0.0,0.0,1.0,1.0,0.0,1.0,0.988218367099762,0.9863856434822083,0.980180025100708,0.9814341068267822,0.9809654355049133,0.9826761484146118,1.0
1334,0.0,0.0,0.0,0.0,0.0,0.0,0.986670196056366,0.975314736366272,0.951033353805542,0.9760230779647827,0.98380047082901,0.9680207967758179,0.0
1335,1.0,1.0,1.0,1.0,1.0,1.0,0.9918224215507507,0.9902481436729431,0.9835563898086548,0.9871519804000854,0.98764568567276,0.9870582222938538,2.0
1336,1.0,1.0,1.0,1.0,1.0,1.0,0.9933704137802124,0.9877782464027405,0.9786579608917236,0.9891166090965271,0.988677442073822,0.9874256253242493,2.0
1337,0.0,0.0,0.0,1.0,0.0,0.0,0.9928346872329712,0.9896984696388245,0.9830907583236694,0.9877243041992188,0.9881370663642883,0.9881533980369568,4.0
1338,0.0,0.0,0.0,0.0,0.0,0.0,0.9912350177764893,0.9903535842895508,0.9849259257316589,0.9891687631607056,0.9912788271903992,0.9865330457687378,2.0
1339,0.0,1.0,1.0,1.0,0.0,1.0,0.9877743124961853,0.9802749752998352,0.9723743200302124,0.9784556031227112,0.9793395400047302,0.9788118004798889,0.0
1340,0.0,0.0,0.0,0.0,0.0,0.0,0.9873720407485962,0.9752411842346191,0.9405577778816223,0.9777465462684631,0.9852190017700195,0.9650551676750183,0.0
1341,0.0,0.0,0.0,0.0,0.0,0.0,0.9866835474967957,0.9869909882545471,0.9745221734046936,0.9846243858337402,0.9892829656600952,0.9818520545959473,3.0
1342,0.0,0.0,0.0,0.0,0.0,0.0,0.9893538951873779,0.9881779551506042,0.978217601776123,0.9867962598800659,0.9902569055557251,0.9846285581588745,3.0
1343,1.0,1.0,1.0,1.0,1.0,1.0,0.9932604432106018,0.9729433059692383,0.9546805620193481,0.9842050671577454,0.9739192724227905,0.9795291423797607,1.0
1344,1.0,1.0,1.0,1.0,1.0,1.0,0.9911099672317505,0.9698712229728699,0.9491583108901978,0.9790917038917542,0.9674134254455566,0.977009654045105,1.0
1345,0.0,0.0,0.0,1.0,0.0,0.0,0.9879804253578186,0.9873772263526917,0.9838966131210327,0.9842962622642517,0.9848037958145142,0.9828829169273376,1.0
1346,0.0,1.0,1.0,1.0,0.0,1.0,0.9947893619537354,0.9872887134552002,0.9748539924621582,0.9897908568382263,0.9901581406593323,0.9885388016700745,2.0
1347,1.0,1.0,0.0,0.0,1.0,0.0,0.9933856129646301,0.9875606894493103,0.9740157127380371,0.9878126978874207,0.9890246987342834,0.9870222210884094,2.0
1348,1.0,0.0,0.0,0.0,0.0,0.0,0.9895269870758057,0.9766377210617065,0.9461566805839539,0.9770104885101318,0.9850252270698547,0.9672971367835999,0.0
1349,1.0,1.0,0.0,0.0,1.0,0.0,0.9932405948638916,0.9888626337051392,0.9806133508682251,0.9883240461349487,0.9895688891410828,0.9887004494667053,4.0
1350,1.0,1.0,1.0,0.0,0.0,1.0,0.9940826296806335,0.9885291457176208,0.9779200553894043,0.9883692264556885,0.9888188242912292,0.9884560108184814,2.0
1351,0.0,1.0,1.0,1.0,1.0,1.0,0.9863726496696472,0.9805688858032227,0.967777669429779,0.9761204123497009,0.9761638045310974,0.9738054871559143,0.0
1352,1.0,1.0,1.0,1.0,1.0,1.0,0.9926186203956604,0.9879999756813049,0.979774534702301,0.9869478940963745,0.9873961806297302,0.9861828088760376,2.0
1353,1.0,1.0,1.0,1.0,1.0,1.0,0.9921189546585083,0.9923174381256104,0.9883516430854797,0.9878664016723633,0.989253580570221,0.9891906976699829,2.0
1354,1.0,1.0,0.0,0.0,1.0,0.0,0.9929591417312622,0.9884601831436157,0.9781694412231445,0.9876118302345276,0.9889945387840271,0.9882457256317139,4.0
1355,1.0,1.0,1.0,0.0,1.0,0.0,0.9934006929397583,0.9783179759979248,0.9644457101821899,0.9859630465507507,0.9791127443313599,0.9821830987930298,1.0
1356,1.0,1.0,0.0,0.0,1.0,1.0,0.991348922252655,0.9880565404891968,0.9798727035522461,0.9886215329170227,0.9907964468002319,0.9870461225509644,2.0
1357,0.0,0.0,0.0,0.0,0.0,0.0,0.9878254532814026,0.9752706289291382,0.9392516016960144,0.9757614135742188,0.9848834872245789,0.9626823663711548,0.0
1358,1.0,1.0,0.0,0.0,0.0,0.0,0.9947022795677185,0.989228367805481,0.9759128093719482,0.9898097515106201,0.9926458597183228,0.9881691932678223,2.0
1359,0.0,1.0,0.0,1.0,1.0,0.0,0.9882495403289795,0.9783204793930054,0.9662829637527466,0.978985071182251,0.9826185703277588,0.9764556288719177,0.0
1360,0.0,0.0,0.0,0.0,0.0,0.0,0.9910609126091003,0.9855453372001648,0.9766941070556641,0.9869644045829773,0.9864707589149475,0.9849926233291626,1.0
1361,1.0,1.0,1.0,1.0,1.0,1.0,0.9908644556999207,0.992534875869751,0.9895631670951843,0.9871678948402405,0.988727331161499,0.9886944890022278,3.0
1362,1.0,1.0,1.0,1.0,1.0,1.0,0.9929506778717041,0.9915960431098938,0.9854940176010132,0.9889416098594666,0.9890698194503784,0.9884796738624573,4.0
1363,1.0,1.0,0.0,0.0,1.0,0.0,0.991422712802887,0.9872748851776123,0.9814947843551636,0.9874509572982788,0.988808810710907,0.9864808320999146,4.0
1364,0.0,0.0,0.0,0.0,0.0,0.0,0.9911260008811951,0.9906110167503357,0.9863635897636414,0.9879572987556458,0.9895306825637817,0.9885534048080444,3.0
1365,1.0,1.0,0.0,0.0,0.0,0.0,0.9957041144371033,0.97100430727005,0.9507974982261658,0.9880512952804565,0.9819616675376892,0.9824772477149963,1.0
1366,1.0,1.0,1.0,1.0,1.0,1.0,0.9911156892776489,0.9923122525215149,0.9894128441810608,0.9878095388412476,0.9890596866607666,0.9887807369232178,3.0
1367,0.0,0.0,0.0,0.0,0.0,0.0,0.9928444027900696,0.9891031980514526,0.9806252717971802,0.9888906478881836,0.9917491674423218,0.986090898513794,4.0
1368,1.0,1.0,1.0,1.0,1.0,1.0,0.9943110942840576,0.9877849817276001,0.9786369800567627,0.9890450239181519,0.9895535707473755,0.9877064824104309,2.0
1369,0.0,0.0,1.0,1.0,0.0,0.0,0.9939056038856506,0.9898903369903564,0.9848777055740356,0.9902200102806091,0.9915938377380371,0.9898209571838379,4.0
1370,1.0,1.0,0.0,0.0,1.0,0.0,0.9943212270736694,0.9850617051124573,0.9599197506904602,0.9893795847892761,0.9925864338874817,0.9866920113563538,2.0
1371,0.0,0.0,0.0,0.0,0.0,0.0,0.9925945401191711,0.9877277612686157,0.9778775572776794,0.9876111149787903,0.9898635745048523,0.9859797358512878,4.0
1372,1.0,1.0,0.0,0.0,1.0,0.0,0.9930902123451233,0.9892687201499939,0.98370760679245,0.989628791809082,0.9903767704963684,0.9895680546760559,4.0
1373,0.0,0.0,0.0,0.0,0.0,0.0,0.9876206517219543,0.9891883730888367,0.9800594449043274,0.9854857921600342,0.9890732169151306,0.9841977953910828,3.0
1374,0.0,0.0,0.0,0.0,0.0,0.0,0.9866554737091064,0.9751648306846619,0.9478120803833008,0.9774061441421509,0.9844846725463867,0.9661475419998169,0.0
1375,0.0,1.0,1.0,1.0,0.0,0.0,0.989825963973999,0.9795855283737183,0.9691272974014282,0.9812198877334595,0.9828407764434814,0.9812162518501282,0.0
1376,0.0,0.0,0.0,0.0,0.0,0.0,0.9899430274963379,0.980352520942688,0.9693277478218079,0.9804807305335999,0.9812900424003601,0.9798688292503357,0.0
1377,0.0,0.0,0.0,0.0,0.0,0.0,0.9883771538734436,0.9890313744544983,0.9829985499382019,0.9869194626808167,0.9879063367843628,0.9850147366523743,1.0
1378,0.0,1.0,1.0,1.0,0.0,1.0,0.9897866249084473,0.9892227649688721,0.984645426273346,0.9847564101219177,0.9833225011825562,0.9844910502433777,1.0
1379,0.0,0.0,0.0,0.0,0.0,0.0,0.987722635269165,0.9765117764472961,0.9508118629455566,0.9765303730964661,0.9841797351837158,0.9656066298484802,0.0
1380,1.0,1.0,1.0,1.0,1.0,0.0,0.9909867644309998,0.9708923697471619,0.951291561126709,0.9808140993118286,0.9714115858078003,0.9786200523376465,1.0
1381,1.0,1.0,1.0,1.0,1.0,0.0,0.9951680898666382,0.9748250246047974,0.9526662230491638,0.9872215390205383,0.9777276515960693,0.9818883538246155,1.0
1382,0.0,0.0,0.0,0.0,0.0,0.0,0.9935197234153748,0.9899731874465942,0.9856138825416565,0.9908621311187744,0.9916252493858337,0.990303099155426,4.0
1383,0.0,0.0,0.0,0.0,0.0,0.0,0.9876707792282104,0.9711205363273621,0.9473273158073425,0.9740687608718872,0.98105788230896,0.9658244252204895,0.0
1384,1.0,1.0,0.0,0.0,0.0,0.0,0.997124969959259,0.9751471877098083,0.944883406162262,0.991303563117981,0.9878816604614258,0.9841617345809937,1.0
1385,1.0,1.0,0.0,0.0,0.0,0.0,0.9867151379585266,0.9729569554328918,0.9621689319610596,0.9735271334648132,0.9766277074813843,0.9739925265312195,0.0
1386,1.0,1.0,1.0,1.0,1.0,0.0,0.987500011920929,0.9826549887657166,0.9700750708580017,0.9772719144821167,0.9751312136650085,0.9753590822219849,0.0
1387,1.0,1.0,1.0,1.0,1.0,1.0,0.992191731929779,0.9911755323410034,0.9827446341514587,0.9876105785369873,0.9875860214233398,0.9873268008232117,4.0
1388,1.0,1.0,1.0,1.0,1.0,1.0,0.9913418889045715,0.9919992089271545,0.9891876578330994,0.9868294596672058,0.9880245327949524,0.9883326888084412,3.0
1389,1.0,1.0,1.0,1.0,1.0,0.0,0.9849374890327454,0.98039311170578,0.9642640352249146,0.9728082418441772,0.9724767804145813,0.9709976315498352,0.0
1390,1.0,1.0,1.0,1.0,1.0,1.0,0.9925597906112671,0.9898691177368164,0.9846395254135132,0.9882833957672119,0.9889838099479675,0.988837480545044,4.0
1391,1.0,1.0,0.0,0.0,1.0,0.0,0.9923944473266602,0.9871817827224731,0.9806674718856812,0.9884243011474609,0.9899402260780334,0.9877007007598877,2.0
1392,1.0,1.0,1.0,1.0,1.0,0.0,0.9862986207008362,0.9800921678543091,0.9654656052589417,0.9763685464859009,0.9733293652534485,0.9730941653251648,0.0
1393,1.0,1.0,0.0,0.0,1.0,1.0,0.9893938302993774,0.9897683262825012,0.9833419322967529,0.9867041110992432,0.9889390468597412,0.9866456389427185,3.0
1394,0.0,0.0,0.0,0.0,0.0,0.0,0.9909334182739258,0.9900913238525391,0.9851304292678833,0.9871830940246582,0.989415168762207,0.9877099990844727,3.0
1395,0.0,0.0,0.0,0.0,0.0,0.0,0.9941186904907227,0.9898142218589783,0.9812229871749878,0.9889805316925049,0.9901699423789978,0.9893233180046082,4.0
1396,1.0,1.0,0.0,0.0,0.0,0.0,0.9929162263870239,0.9905908703804016,0.9843395948410034,0.988501787185669,0.9888303875923157,0.9878705143928528,4.0
1397,1.0,1.0,1.0,1.0,1.0,0.0,0.9926141500473022,0.9903581738471985,0.986397922039032,0.9888705015182495,0.9894858598709106,0.9887606501579285,4.0
1398,0.0,0.0,0.0,0.0,0.0,0.0,0.988652765750885,0.9870691299438477,0.9795359969139099,0.9868597388267517,0.9873588681221008,0.9833058714866638,1.0
1399,1.0,1.0,1.0,0.0,1.0,0.0,0.9937547445297241,0.9898972511291504,0.9809381365776062,0.9880737662315369,0.9880926012992859,0.9872296452522278,2.0
1400,1.0,1.0,0.0,1.0,1.0,1.0,0.9930650591850281,0.9878097772598267,0.978405237197876,0.98802649974823,0.9898507595062256,0.9881322979927063,4.0
1401,0.0,0.0,0.0,0.0,0.0,0.0,0.9899317026138306,0.9901698231697083,0.981052815914154,0.9884987473487854,0.9912194609642029,0.984122633934021,2.0
1402,0.0,0.0,0.0,0.0,0.0,0.0,0.9916444420814514,0.9888211488723755,0.9786092042922974,0.9893831610679626,0.992000937461853,0.9866318106651306,2.0
1403,0.0,0.0,0.0,0.0,0.0,0.0,0.990605890750885,0.9910510778427124,0.9877787232398987,0.9867510199546814,0.9881978631019592,0.9871225357055664,3.0
1404,0.0,1.0,1.0,1.0,0.0,1.0,0.9879831075668335,0.9846915602684021,0.9793700575828552,0.9809238910675049,0.9784713387489319,0.9803609251976013,1.0
1405,1.0,1.0,1.0,1.0,0.0,1.0,0.9941397905349731,0.9690194725990295,0.9473987817764282,0.9843206405639648,0.9734131693840027,0.9797627329826355,1.0
1406,1.0,1.0,0.0,0.0,1.0,0.0,0.9957352876663208,0.9812980890274048,0.9667080044746399,0.9900103211402893,0.9860590100288391,0.9854078888893127,1.0
1407,0.0,0.0,0.0,0.0,0.0,0.0,0.989528238773346,0.9763224124908447,0.9554632306098938,0.97786945104599,0.9836004376411438,0.9747843146324158,0.0
1408,0.0,1.0,0.0,0.0,1.0,0.0,0.9925353527069092,0.9890326261520386,0.9841880798339844,0.9898217916488647,0.9910456538200378,0.9890530705451965,4.0
1409,0.0,0.0,0.0,0.0,0.0,0.0,0.992202639579773,0.9899787902832031,0.9833148717880249,0.9881449937820435,0.9879416823387146,0.9875139594078064,4.0
1410,0.0,0.0,0.0,0.0,0.0,0.0,0.9926131963729858,0.9885364770889282,0.9766358137130737,0.989136815071106,0.991944432258606,0.985681414604187,4.0
1411,0.0,0.0,0.0,0.0,1.0,0.0,0.9923782348632812,0.9878599047660828,0.9762198328971863,0.9886326193809509,0.9909024834632874,0.9877690672874451,4.0
1412,1.0,1.0,1.0,1.0,1.0,0.0,0.9936752915382385,0.9880115985870361,0.9793111681938171,0.9876950979232788,0.9879854321479797,0.9875565767288208,3.0
1413,1.0,1.0,0.0,0.0,0.0,0.0,0.9916574358940125,0.9888185858726501,0.9802986979484558,0.9876065850257874,0.9879403114318848,0.9874621033668518,4.0
1414,0.0,0.0,0.0,0.0,0.0,0.0,0.9887406229972839,0.9880452752113342,0.9777037501335144,0.9870778322219849,0.9908912777900696,0.9811365008354187,2.0
1415,0.0,0.0,0.0,0.0,0.0,0.0,0.9874638319015503,0.9843686819076538,0.9754483699798584,0.9839661717414856,0.9861345887184143,0.9805840253829956,1.0
1416,0.0,0.0,0.0,0.0,0.0,0.0,0.9888226985931396,0.9878605008125305,0.9815272688865662,0.9863489866256714,0.9868720769882202,0.9849645495414734,1.0
1417,1.0,1.0,1.0,1.0,1.0,1.0,0.989669144153595,0.9816885590553284,0.9648518562316895,0.9774340987205505,0.975583553314209,0.9747308492660522,0.0
1418,0.0,0.0,0.0,0.0,0.0,0.0,0.9907896518707275,0.9884775280952454,0.9805142283439636,0.9882825016975403,0.9907723665237427,0.9860987663269043,2.0
1419,0.0,0.0,0.0,0.0,0.0,0.0,0.9910300970077515,0.9878543019294739,0.9810009598731995,0.9869869947433472,0.9875352382659912,0.9863755106925964,4.0
1420,0.0,0.0,0.0,0.0,0.0,0.0,0.9908338189125061,0.9904676079750061,0.983456552028656,0.9887028932571411,0.9911196827888489,0.9888390898704529,3.0
1421,0.0,0.0,1.0,0.0,0.0,0.0,0.9873305559158325,0.9880708456039429,0.9831840395927429,0.9839757680892944,0.9851740002632141,0.9840865731239319,1.0
1422,1.0,1.0,1.0,1.0,1.0,0.0,0.9903546571731567,0.9765932559967041,0.9631297588348389,0.980991780757904,0.9710375666618347,0.9786397218704224,1.0
1423,1.0,1.0,1.0,1.0,1.0,0.0,0.9896542429924011,0.9818069934844971,0.9652519822120667,0.9781840443611145,0.9776910543441772,0.9763884544372559,0.0
1424,0.0,0.0,1.0,0.0,0.0,0.0,0.987379252910614,0.9736483097076416,0.9470164179801941,0.976938784122467,0.9840839505195618,0.9668001532554626,0.0
1425,1.0,1.0,1.0,1.0,0.0,0.0,0.9878401160240173,0.978748619556427,0.9651610255241394,0.9751476049423218,0.9748698472976685,0.976292073726654,0.0
1426,0.0,0.0,1.0,1.0,0.0,1.0,0.9913750290870667,0.9880167245864868,0.9816161394119263,0.9880427122116089,0.9879734516143799,0.9872922897338867,4.0
1427,0.0,0.0,0.0,0.0,0.0,0.0,0.9908776879310608,0.9912671446800232,0.9859257340431213,0.9882194995880127,0.9896865487098694,0.9882368445396423,3.0
1428,1.0,1.0,0.0,0.0,1.0,0.0,0.9879885911941528,0.9779126644134521,0.965069591999054,0.9769997596740723,0.9784777164459229,0.9769532084465027,0.0
1429,1.0,1.0,1.0,1.0,1.0,0.0,0.9928168058395386,0.9901880621910095,0.9820564389228821,0.9870724081993103,0.9868126511573792,0.9877182245254517,4.0
1430,1.0,1.0,1.0,0.0,0.0,0.0,0.9942891597747803,0.9907200336456299,0.9838607311248779,0.9896804690361023,0.9904623627662659,0.9900195598602295,4.0
1431,1.0,1.0,1.0,1.0,1.0,1.0,0.9931001663208008,0.9887369275093079,0.9783410429954529,0.9885594248771667,0.9884535670280457,0.9878617525100708,2.0
1432,0.0,0.0,0.0,0.0,0.0,0.0,0.9904822111129761,0.9875558018684387,0.9837239980697632,0.9855898022651672,0.9833377003669739,0.9845096468925476,1.0
1433,1.0,1.0,0.0,0.0,1.0,0.0,0.9953272342681885,0.9851542115211487,0.9666950106620789,0.9893397688865662,0.9902734160423279,0.9880465269088745,3.0
1434,1.0,1.0,1.0,1.0,1.0,1.0,0.9922642707824707,0.9893704652786255,0.9827772378921509,0.9886117577552795,0.9882494211196899,0.9873936176300049,4.0
1435,1.0,1.0,1.0,0.0,0.0,1.0,0.9901622533798218,0.9835982918739319,0.9731671214103699,0.9805561900138855,0.9803706407546997,0.9809808731079102,0.0
1436,1.0,1.0,1.0,1.0,1.0,0.0,0.9937233328819275,0.9878591895103455,0.9776411652565002,0.9879536628723145,0.9882223010063171,0.9873758554458618,2.0
1437,1.0,1.0,1.0,1.0,1.0,0.0,0.9928807020187378,0.9904019236564636,0.9835235476493835,0.9884296655654907,0.9890012741088867,0.9876282215118408,4.0
1438,1.0,1.0,1.0,1.0,1.0,1.0,0.9852707386016846,0.9778254628181458,0.9635370969772339,0.9761316776275635,0.9746763110160828,0.9734727144241333,0.0
1439,1.0,1.0,1.0,1.0,1.0,1.0,0.9919863939285278,0.9899402260780334,0.9852854609489441,0.9887245297431946,0.9893079400062561,0.9882051944732666,4.0
1440,1.0,1.0,1.0,1.0,1.0,1.0,0.9898507595062256,0.9911484718322754,0.9861171841621399,0.9860153198242188,0.987180769443512,0.9856464266777039,3.0
1441,0.0,1.0,1.0,1.0,1.0,1.0,0.9879772067070007,0.9883328080177307,0.9826943278312683,0.9820942282676697,0.9810250401496887,0.981562077999115,1.0
1442,1.0,1.0,0.0,0.0,1.0,0.0,0.9942717552185059,0.9868385195732117,0.9754109382629395,0.9885423183441162,0.9891196489334106,0.9890251755714417,3.0
1443,0.0,0.0,0.0,0.0,0.0,0.0,0.9884772300720215,0.9886937737464905,0.978050708770752,0.9865385293960571,0.9903784990310669,0.9842661619186401,3.0
1444,1.0,1.0,0.0,0.0,1.0,0.0,0.992774486541748,0.9894842505455017,0.984376072883606,0.9870844483375549,0.9883050918579102,0.9878566265106201,2.0
1445,1.0,1.0,0.0,0.0,1.0,0.0,0.9956710338592529,0.9870944619178772,0.9750720262527466,0.9902066588401794,0.9907497763633728,0.9896397590637207,3.0
1446,1.0,1.0,0.0,0.0,0.0,0.0,0.9975337982177734,0.9702736139297485,0.9354565143585205,0.9909579753875732,0.9863588213920593,0.9814741015434265,1.0
1447,0.0,0.0,0.0,1.0,1.0,0.0,0.9876596331596375,0.9791325926780701,0.9667928218841553,0.9748740792274475,0.9753261804580688,0.9757127165794373,0.0
1448,1.0,1.0,0.0,0.0,1.0,0.0,0.9939785003662109,0.9874067902565002,0.977250874042511,0.990213930606842,0.9910705089569092,0.9885718822479248,2.0
1449,1.0,0.0,0.0,0.0,1.0,0.0,0.99473637342453,0.982221782207489,0.9517841935157776,0.9878929257392883,0.9905872941017151,0.9875597357749939,3.0
1450,1.0,1.0,1.0,1.0,1.0,1.0,0.9893397688865662,0.9809947609901428,0.9680047035217285,0.9770653247833252,0.9776281714439392,0.9783767461776733,0.0
1451,1.0,1.0,1.0,1.0,1.0,0.0,0.9921992421150208,0.9904098510742188,0.9837138652801514,0.9874531626701355,0.9881072044372559,0.986810564994812,4.0
1452,0.0,0.0,0.0,0.0,0.0,0.0,0.9909189939498901,0.9886690974235535,0.9787369966506958,0.9882414937019348,0.9909534454345703,0.985366940498352,2.0
1453,1.0,1.0,0.0,1.0,1.0,0.0,0.9931241869926453,0.9894982576370239,0.9846401214599609,0.9889407753944397,0.9895423650741577,0.9887412190437317,4.0
1454,1.0,1.0,0.0,0.0,0.0,0.0,0.9938365817070007,0.986375629901886,0.9730695486068726,0.988764762878418,0.9896955490112305,0.9882434606552124,2.0
1455,0.0,0.0,0.0,0.0,0.0,0.0,0.9873813390731812,0.9876156449317932,0.9792526364326477,0.9856276512145996,0.9892933368682861,0.9825014472007751,3.0
1456,1.0,1.0,1.0,1.0,1.0,1.0,0.9894445538520813,0.9885053634643555,0.9827077984809875,0.9861378073692322,0.9872047901153564,0.9857338666915894,1.0
1457,1.0,1.0,0.0,0.0,0.0,0.0,0.9976565837860107,0.9747797846794128,0.936378538608551,0.9916788935661316,0.9883720278739929,0.9826399087905884,1.0
1458,0.0,0.0,0.0,0.0,1.0,0.0,0.9883437156677246,0.9789228439331055,0.9618239402770996,0.978257954120636,0.9839741587638855,0.9743769764900208,0.0
1459,0.0,1.0,1.0,1.0,1.0,1.0,0.9915839433670044,0.9882787466049194,0.984298825263977,0.9877569675445557,0.9879943132400513,0.9867315888404846,4.0
1460,0.0,0.0,0.0,0.0,0.0,0.0,0.987215518951416,0.9872624278068542,0.9775152802467346,0.986660361289978,0.9871587753295898,0.9828237295150757,1.0
1461,1.0,1.0,0.0,0.0,1.0,1.0,0.9931899905204773,0.9905267953872681,0.9855884909629822,0.9885179996490479,0.9902185797691345,0.989574134349823,2.0
1462,1.0,1.0,0.0,0.0,1.0,0.0,0.9933237433433533,0.9705967903137207,0.950502872467041,0.9841076135635376,0.9749455451965332,0.9809300899505615,1.0
1463,0.0,0.0,1.0,1.0,1.0,1.0,0.9906157851219177,0.990439772605896,0.9870526194572449,0.9862645268440247,0.9876875281333923,0.9880650639533997,3.0
1464,1.0,1.0,1.0,1.0,1.0,0.0,0.9929855465888977,0.990620493888855,0.9843305945396423,0.9889342188835144,0.989051878452301,0.9889688491821289,4.0
1465,0.0,0.0,0.0,0.0,0.0,0.0,0.99261474609375,0.9891604781150818,0.9806007742881775,0.9896629452705383,0.9925950169563293,0.9871330261230469,4.0
1466,1.0,1.0,1.0,1.0,1.0,1.0,0.9953304529190063,0.9889918565750122,0.9796980619430542,0.9901610612869263,0.9900444746017456,0.9897436499595642,3.0
1467,0.0,0.0,1.0,0.0,0.0,1.0,0.9922439455986023,0.992339015007019,0.9872597455978394,0.9893888831138611,0.9902415871620178,0.9896709322929382,2.0
1468,0.0,1.0,1.0,1.0,1.0,1.0,0.9913984537124634,0.9898536801338196,0.9856300950050354,0.98673415184021,0.9851740002632141,0.9870522022247314,1.0
1469,0.0,0.0,0.0,0.0,0.0,0.0,0.9918344020843506,0.9893252849578857,0.9815430045127869,0.9884287714958191,0.9910339713096619,0.9873478412628174,2.0
1470,1.0,1.0,1.0,1.0,1.0,0.0,0.9933704137802124,0.9913470149040222,0.9845069050788879,0.9882879853248596,0.9885403513908386,0.988517165184021,4.0
1471,0.0,0.0,0.0,0.0,0.0,0.0,0.9926793575286865,0.9876641631126404,0.9773475527763367,0.986171305179596,0.9866695404052734,0.986724317073822,2.0
1472,1.0,1.0,0.0,1.0,1.0,1.0,0.9875115156173706,0.9796403050422668,0.9689047932624817,0.9796403050422668,0.970832884311676,0.9765249490737915,1.0
1473,1.0,1.0,1.0,1.0,0.0,1.0,0.9917225241661072,0.9925017356872559,0.9899802803993225,0.9872196912765503,0.9889616370201111,0.989538848400116,3.0
1474,1.0,1.0,1.0,1.0,1.0,0.0,0.9937981963157654,0.9885411262512207,0.9792509078979492,0.9878575801849365,0.9885910153388977,0.9876746535301208,2.0
1475,0.0,0.0,0.0,0.0,0.0,0.0,0.9913519620895386,0.9903132915496826,0.9848865866661072,0.9883660078048706,0.9901981353759766,0.9879553318023682,2.0
1476,1.0,1.0,1.0,1.0,1.0,1.0,0.9862543344497681,0.9833241105079651,0.9780083298683167,0.979911744594574,0.9767045974731445,0.9776005148887634,1.0
1477,1.0,1.0,1.0,1.0,1.0,1.0,0.9882842302322388,0.9817785024642944,0.965994119644165,0.9761978983879089,0.9749271869659424,0.975792407989502,0.0
1478,1.0,1.0,0.0,0.0,0.0,0.0,0.9937547445297241,0.9877420663833618,0.975609302520752,0.9876156449317932,0.9903343319892883,0.9880296587944031,4.0
1479,1.0,1.0,0.0,1.0,1.0,0.0,0.9860619902610779,0.9778974652290344,0.9632490873336792,0.9739373326301575,0.9737107753753662,0.9730952978134155,0.0
1480,1.0,1.0,1.0,1.0,1.0,0.0,0.9940271377563477,0.9915817379951477,0.9857780933380127,0.9896224737167358,0.9900117516517639,0.9887433052062988,4.0
1481,1.0,1.0,0.0,0.0,1.0,0.0,0.9879332184791565,0.9762147068977356,0.9654299020767212,0.9768804311752319,0.9778754711151123,0.9770647287368774,0.0
1482,1.0,1.0,0.0,1.0,1.0,1.0,0.9906752705574036,0.987623929977417,0.9833284616470337,0.9874613881111145,0.9889695644378662,0.9875707626342773,4.0
1483,1.0,1.0,1.0,1.0,1.0,1.0,0.9932844638824463,0.9903004169464111,0.982368528842926,0.9879597425460815,0.9885205626487732,0.989063560962677,4.0
1484,1.0,1.0,1.0,1.0,1.0,1.0,0.9934825301170349,0.9908050298690796,0.9821264147758484,0.9870414733886719,0.9874283671379089,0.9883148670196533,4.0
1485,1.0,1.0,0.0,0.0,1.0,0.0,0.9918290972709656,0.9882676005363464,0.9771208763122559,0.9865456819534302,0.9875220656394958,0.9870965480804443,4.0
1486,1.0,1.0,1.0,1.0,1.0,1.0,0.9881844520568848,0.9816744923591614,0.9676053524017334,0.9776570200920105,0.9759280681610107,0.9772365093231201,0.0
1487,0.0,0.0,0.0,0.0,0.0,0.0,0.9902788996696472,0.9859384894371033,0.9787613153457642,0.9866942167282104,0.9866242408752441,0.9841998815536499,1.0
1488,0.0,0.0,1.0,1.0,0.0,1.0,0.9920990467071533,0.9922836422920227,0.989191472530365,0.9876559972763062,0.9889822602272034,0.9896105527877808,3.0
1489,1.0,1.0,1.0,1.0,1.0,1.0,0.9875275492668152,0.9807443022727966,0.9646366834640503,0.9743046164512634,0.9733457565307617,0.9726960062980652,0.0
1490,0.0,0.0,0.0,0.0,0.0,0.0,0.9887111186981201,0.9750282764434814,0.9452425837516785,0.9761038422584534,0.9845790863037109,0.9678419232368469,0.0
1491,0.0,1.0,1.0,1.0,1.0,0.0,0.9913914203643799,0.9908159971237183,0.9871394038200378,0.9869318604469299,0.9879693984985352,0.987972617149353,2.0
1492,0.0,0.0,0.0,0.0,0.0,0.0,0.9903746247291565,0.9915053248405457,0.9854574799537659,0.9883762001991272,0.9898800849914551,0.9876294136047363,3.0
1493,0.0,1.0,1.0,1.0,1.0,1.0,0.9855842590332031,0.9872227907180786,0.9807555079460144,0.9786505699157715,0.9788981676101685,0.981117308139801,1.0
1494,1.0,1.0,1.0,1.0,0.0,0.0,0.9906717538833618,0.9906396865844727,0.9870872497558594,0.9862615466117859,0.9879754185676575,0.9874666333198547,3.0
1495,1.0,1.0,1.0,1.0,1.0,1.0,0.9926074743270874,0.9899969100952148,0.9842215776443481,0.9889665246009827,0.9896148443222046,0.9882681965827942,4.0
1496,1.0,1.0,0.0,0.0,0.0,0.0,0.9956067204475403,0.9873931407928467,0.9756441712379456,0.990254819393158,0.9900919795036316,0.9888994097709656,3.0
1497,1.0,1.0,1.0,0.0,1.0,0.0,0.9902291297912598,0.9790071249008179,0.963448703289032,0.9774607419967651,0.9786456227302551,0.9777512550354004,0.0
1498,0.0,0.0,0.0,0.0,0.0,0.0,0.9917840957641602,0.9872386455535889,0.9748517274856567,0.988252580165863,0.9916180968284607,0.9852786064147949,4.0
1499,1.0,1.0,1.0,1.0,1.0,0.0,0.9936000108718872,0.9897482991218567,0.9793888926506042,0.9895394444465637,0.9920487999916077,0.98848956823349,4.0
1500,1.0,1.0,1.0,1.0,1.0,1.0,0.9942353367805481,0.9904650449752808,0.984512448310852,0.9892401695251465,0.9902626276016235,0.9899367094039917,4.0
1501,0.0,1.0,1.0,1.0,0.0,1.0,0.9892366528511047,0.9812067151069641,0.9686352610588074,0.9792138934135437,0.9793474078178406,0.9781278371810913,0.0
1502,1.0,1.0,1.0,1.0,1.0,1.0,0.9858353734016418,0.9762312769889832,0.9624698162078857,0.9787395000457764,0.9835683703422546,0.9776356816291809,0.0
1503,0.0,0.0,1.0,0.0,0.0,1.0,0.9880479574203491,0.9806491136550903,0.9698767066001892,0.9778681993484497,0.9804243445396423,0.9799851179122925,0.0
1504,1.0,1.0,0.0,0.0,0.0,0.0,0.9945630431175232,0.9883368611335754,0.9800989627838135,0.9879760146141052,0.9898188710212708,0.9891102910041809,2.0
1505,0.0,1.0,1.0,1.0,0.0,1.0,0.9908353090286255,0.9909850358963013,0.985069990158081,0.9876580238342285,0.9899573922157288,0.9880747199058533,3.0
1506,1.0,1.0,1.0,1.0,1.0,1.0,0.9919468760490417,0.9897936582565308,0.9818036556243896,0.9868277311325073,0.9872181415557861,0.9867578148841858,2.0
1507,0.0,0.0,0.0,0.0,0.0,0.0,0.9902517795562744,0.9910990595817566,0.9863553643226624,0.9881235957145691,0.9900847673416138,0.9876480102539062,3.0
1508,1.0,1.0,1.0,1.0,1.0,1.0,0.9932849407196045,0.9913005232810974,0.9825846552848816,0.9877269864082336,0.987602174282074,0.9884012937545776,4.0
1509,0.0,0.0,0.0,0.0,0.0,0.0,0.9930880665779114,0.987721860408783,0.9753925204277039,0.9881123900413513,0.9911077618598938,0.9868288636207581,4.0
1510,0.0,0.0,0.0,0.0,0.0,0.0,0.9876834750175476,0.97782301902771,0.9631223678588867,0.9772385358810425,0.9825442433357239,0.9755354523658752,0.0
1511,1.0,1.0,1.0,1.0,1.0,1.0,0.9857743978500366,0.9791282415390015,0.9675119519233704,0.9760184288024902,0.9747592806816101,0.9732162356376648,0.0
1512,0.0,0.0,0.0,0.0,0.0,0.0,0.9921654462814331,0.987827479839325,0.98003089427948,0.9879435300827026,0.9904766082763672,0.9863603115081787,4.0
1513,1.0,1.0,1.0,1.0,1.0,1.0,0.9928860068321228,0.990784764289856,0.9861459136009216,0.9900686144828796,0.9902544617652893,0.9886104464530945,4.0
1514,0.0,0.0,0.0,0.0,0.0,0.0,0.9874998927116394,0.9857186675071716,0.9740086793899536,0.985007643699646,0.9868905544281006,0.9797024130821228,1.0
1515,1.0,1.0,1.0,1.0,1.0,1.0,0.9928402900695801,0.9905046820640564,0.9826599955558777,0.9880809783935547,0.9886388778686523,0.9877564907073975,4.0
1516,0.0,0.0,0.0,0.0,0.0,0.0,0.9914242625236511,0.988069474697113,0.978864312171936,0.9873100519180298,0.990203857421875,0.986112654209137,2.0
1517,0.0,1.0,1.0,1.0,1.0,1.0,0.9873981475830078,0.9880974888801575,0.982437789440155,0.9813747406005859,0.9805716276168823,0.9812156558036804,1.0
1518,1.0,1.0,1.0,1.0,1.0,1.0,0.9937554597854614,0.9869313836097717,0.9809371829032898,0.989803671836853,0.9892676472663879,0.9887819886207581,3.0
1519,1.0,1.0,1.0,1.0,0.0,0.0,0.9919867515563965,0.9891371130943298,0.9834084510803223,0.9880706071853638,0.9891529083251953,0.9886000752449036,2.0
1520,1.0,1.0,1.0,1.0,1.0,1.0,0.993718147277832,0.9914433360099792,0.9866064786911011,0.9896401166915894,0.9902978539466858,0.9897832274436951,4.0
1521,0.0,1.0,1.0,1.0,1.0,1.0,0.993202805519104,0.9906807541847229,0.9847197532653809,0.9894263744354248,0.9894880056381226,0.9881870150566101,4.0
1522,0.0,1.0,1.0,1.0,0.0,1.0,0.991777777671814,0.989747166633606,0.9839146137237549,0.9883915781974792,0.9891721606254578,0.9878232479095459,4.0
1523,0.0,0.0,0.0,0.0,0.0,0.0,0.9880772829055786,0.9889093041419983,0.9804297685623169,0.9860675930976868,0.9893589019775391,0.9847949147224426,3.0
1524,0.0,0.0,0.0,0.0,1.0,0.0,0.9874280095100403,0.9775951504707336,0.9664826989173889,0.9773948788642883,0.981360673904419,0.9780693054199219,0.0
1525,1.0,1.0,0.0,0.0,0.0,0.0,0.9907454252243042,0.977590024471283,0.9680371284484863,0.9825149774551392,0.9740498661994934,0.9784843325614929,1.0
1526,0.0,0.0,0.0,0.0,0.0,0.0,0.9860044121742249,0.9729868173599243,0.959977388381958,0.9760138988494873,0.9791864156723022,0.9725633859634399,0.0
1527,1.0,1.0,1.0,1.0,1.0,0.0,0.9955956339836121,0.9862080812454224,0.9706412553787231,0.9888827204704285,0.9899173378944397,0.9883638620376587,3.0
1528,1.0,1.0,1.0,1.0,0.0,1.0,0.9921507835388184,0.9898602366447449,0.9824628829956055,0.9869710206985474,0.9871962070465088,0.9879192113876343,4.0
1529,1.0,1.0,0.0,0.0,1.0,0.0,0.9929507970809937,0.9904265999794006,0.9844996929168701,0.9881713390350342,0.9877634644508362,0.9872742891311646,2.0
1530,0.0,0.0,0.0,0.0,0.0,0.0,0.9930757284164429,0.9886647462844849,0.9788815975189209,0.9888285994529724,0.9919438362121582,0.9866505861282349,4.0
1531,1.0,1.0,0.0,0.0,1.0,0.0,0.9932109713554382,0.989047110080719,0.9790184497833252,0.9887925982475281,0.9919546246528625,0.9882479310035706,4.0
1532,0.0,0.0,0.0,0.0,0.0,0.0,0.9954988360404968,0.9739941954612732,0.9532105922698975,0.9890986680984497,0.9838158488273621,0.9834099411964417,1.0
1533,0.0,1.0,1.0,1.0,0.0,1.0,0.9846861362457275,0.9846516847610474,0.9772583842277527,0.9770264029502869,0.9747341871261597,0.9767729043960571,1.0
1534,1.0,1.0,1.0,1.0,1.0,1.0,0.9926486611366272,0.9907963275909424,0.9855614304542542,0.9884690642356873,0.9892464280128479,0.9879153966903687,4.0
1535,1.0,1.0,1.0,1.0,1.0,1.0,0.992542028427124,0.9907551407814026,0.9863866567611694,0.9885193705558777,0.9887531995773315,0.9882886409759521,2.0
1536,1.0,1.0,1.0,1.0,1.0,1.0,0.9917970895767212,0.9902493357658386,0.9852446913719177,0.9883590936660767,0.9889034628868103,0.9877703189849854,4.0
1537,1.0,1.0,1.0,1.0,1.0,1.0,0.9881171584129333,0.9808564186096191,0.9669277667999268,0.9759929776191711,0.9746785759925842,0.972287654876709,0.0
1538,1.0,1.0,1.0,1.0,1.0,0.0,0.9887708425521851,0.9818620085716248,0.9677205085754395,0.9785497784614563,0.9764845967292786,0.9750012755393982,0.0
1539,1.0,1.0,1.0,1.0,1.0,0.0,0.9892533421516418,0.9766713976860046,0.9618569016456604,0.9799851179122925,0.9707772135734558,0.9765282273292542,1.0
1540,0.0,0.0,0.0,0.0,0.0,0.0,0.9871496558189392,0.9765016436576843,0.961410641670227,0.978580117225647,0.982637345790863,0.972246527671814,0.0
1541,1.0,1.0,1.0,1.0,1.0,1.0,0.9921951293945312,0.9892177581787109,0.981332540512085,0.987412691116333,0.9879325032234192,0.9869606494903564,4.0
1542,0.0,0.0,0.0,0.0,0.0,0.0,0.9883272051811218,0.9881981015205383,0.9783781170845032,0.9860666394233704,0.9891473054885864,0.9840249419212341,3.0
1543,0.0,0.0,1.0,0.0,0.0,0.0,0.9924449324607849,0.992186427116394,0.9884368777275085,0.9891164898872375,0.9900902509689331,0.9900515675544739,2.0
1544,1.0,1.0,0.0,0.0,1.0,0.0,0.9933983087539673,0.989483654499054,0.9803760051727295,0.9896976351737976,0.9919701218605042,0.9889318943023682,4.0
1545,0.0,0.0,0.0,0.0,0.0,0.0,0.9915810227394104,0.9928202033042908,0.9897106289863586,0.9888753890991211,0.9901785850524902,0.9893121123313904,3.0
1546,1.0,1.0,1.0,1.0,1.0,1.0,0.9911805987358093,0.9774928689002991,0.9638992547988892,0.9820743203163147,0.971181333065033,0.9791061878204346,1.0
1547,0.0,0.0,1.0,1.0,0.0,0.0,0.9920132756233215,0.9903182983398438,0.9858463406562805,0.9885907769203186,0.989302933216095,0.9885435104370117,2.0
1548,0.0,0.0,0.0,0.0,0.0,0.0,0.9925907850265503,0.9916658997535706,0.9874690771102905,0.9902395009994507,0.991576611995697,0.9899918437004089,2.0
1549,1.0,1.0,1.0,1.0,1.0,1.0,0.9915724992752075,0.9904962778091431,0.9859454035758972,0.9875991344451904,0.9875842928886414,0.9866270422935486,2.0
1550,0.0,0.0,0.0,0.0,0.0,0.0,0.9865352511405945,0.9753710031509399,0.9554163217544556,0.9780980348587036,0.9838437438011169,0.9666081070899963,0.0
1551,1.0,1.0,0.0,0.0,1.0,0.0,0.9941575527191162,0.9855812191963196,0.9684006571769714,0.9885616302490234,0.9906512498855591,0.9872682690620422,2.0
1552,0.0,0.0,0.0,1.0,0.0,0.0,0.9875316023826599,0.9836496114730835,0.9742836952209473,0.9828671813011169,0.9854915738105774,0.978671669960022,1.0
1553,0.0,0.0,0.0,0.0,0.0,0.0,0.9871506690979004,0.974880039691925,0.9478775262832642,0.9762111902236938,0.9837654232978821,0.9627504944801331,0.0
1554,1.0,1.0,1.0,1.0,1.0,1.0,0.9929335117340088,0.9890598058700562,0.982477605342865,0.9890943169593811,0.9901959300041199,0.9888312816619873,2.0
1555,0.0,0.0,0.0,0.0,0.0,0.0,0.9860280752182007,0.977004885673523,0.9667491316795349,0.9747375845909119,0.9767404198646545,0.9751901626586914,0.0
1556,1.0,1.0,1.0,1.0,1.0,1.0,0.9951587319374084,0.9868148565292358,0.9732173681259155,0.9885129928588867,0.9893105030059814,0.9882130026817322,3.0
1557,0.0,0.0,0.0,0.0,0.0,0.0,0.988000214099884,0.970704972743988,0.9363130927085876,0.9743244647979736,0.9833380579948425,0.964984118938446,0.0
1558,1.0,1.0,0.0,1.0,1.0,1.0,0.9877169728279114,0.9761733412742615,0.9578672051429749,0.9778724312782288,0.9834747910499573,0.9752223491668701,0.0
1559,1.0,1.0,0.0,1.0,1.0,1.0,0.9893524646759033,0.989837110042572,0.9821564555168152,0.9880192875862122,0.9905340671539307,0.986341655254364,3.0
1560,1.0,0.0,0.0,0.0,1.0,0.0,0.9927951693534851,0.9897046685218811,0.9838067293167114,0.9886483550071716,0.9899237751960754,0.989342212677002,2.0
1561,0.0,1.0,1.0,1.0,1.0,1.0,0.9892644286155701,0.9862223267555237,0.9801833629608154,0.9828593134880066,0.982284426689148,0.9837014079093933,1.0
1562,1.0,1.0,1.0,1.0,1.0,1.0,0.9851707816123962,0.9791872501373291,0.9668211340904236,0.9741259813308716,0.9737779498100281,0.9730008244514465,0.0
1563,1.0,1.0,1.0,1.0,1.0,0.0,0.9872027039527893,0.9805717468261719,0.9640001654624939,0.9752255082130432,0.9751429557800293,0.9729635715484619,0.0
1564,0.0,0.0,0.0,0.0,0.0,0.0,0.9894087314605713,0.9897258877754211,0.9794732928276062,0.9874672293663025,0.9906700849533081,0.9854741096496582,3.0
1565,0.0,0.0,0.0,0.0,0.0,0.0,0.9903325438499451,0.9862857460975647,0.978752851486206,0.9856497645378113,0.9863457083702087,0.9849776029586792,1.0
1566,1.0,1.0,0.0,1.0,1.0,0.0,0.9918633699417114,0.9891849756240845,0.983376681804657,0.9868568778038025,0.9876115918159485,0.987466037273407,4.0
1567,0.0,1.0,1.0,0.0,0.0,1.0,0.9919974207878113,0.9925516843795776,0.9895480871200562,0.9884464740753174,0.989871084690094,0.9898422360420227,3.0
1568,0.0,0.0,0.0,0.0,0.0,0.0,0.9892592430114746,0.9907355904579163,0.9831852316856384,0.9878050088882446,0.9905219078063965,0.985539972782135,3.0
1569,0.0,0.0,0.0,0.0,0.0,0.0,0.992466390132904,0.9881168603897095,0.9815187454223633,0.9885343909263611,0.9898373484611511,0.987714409828186,4.0
1570,1.0,1.0,1.0,1.0,1.0,0.0,0.9938218593597412,0.9843489527702332,0.9719480872154236,0.9881482720375061,0.9891541600227356,0.9874273538589478,3.0
1571,1.0,1.0,1.0,1.0,1.0,1.0,0.9930006265640259,0.9912173748016357,0.9856288433074951,0.9889201521873474,0.9894405007362366,0.989063560962677,4.0
1572,0.0,0.0,1.0,0.0,0.0,1.0,0.9886795878410339,0.986359179019928,0.9803352355957031,0.9826050996780396,0.9828615188598633,0.9842404127120972,1.0
1573,0.0,0.0,0.0,0.0,0.0,0.0,0.9905967712402344,0.9891155362129211,0.9846603274345398,0.9878645539283752,0.9878197908401489,0.9869491457939148,1.0
1574,1.0,1.0,1.0,1.0,1.0,0.0,0.9937166571617126,0.991315484046936,0.9856150150299072,0.9894155263900757,0.9898595213890076,0.988609790802002,4.0
1575,1.0,1.0,1.0,1.0,1.0,1.0,0.98484867811203,0.9781345129013062,0.9638705849647522,0.9737902283668518,0.9727900624275208,0.9732611775398254,0.0
1576,1.0,1.0,1.0,1.0,1.0,1.0,0.9927265644073486,0.9894633293151855,0.9831979870796204,0.9876766204833984,0.9879451990127563,0.9878863096237183,4.0
1577,1.0,1.0,1.0,1.0,1.0,1.0,0.9911448359489441,0.9923424124717712,0.9887268543243408,0.9868885278701782,0.9882436990737915,0.9886477589607239,3.0
1578,0.0,0.0,1.0,1.0,0.0,0.0,0.9895300269126892,0.9878066182136536,0.9836016297340393,0.9831193089485168,0.9818523526191711,0.9845951795578003,1.0
1579,0.0,0.0,0.0,0.0,0.0,0.0,0.9918137788772583,0.9882208108901978,0.9814075827598572,0.988067626953125,0.9894832968711853,0.9869229197502136,4.0
1580,1.0,1.0,1.0,1.0,1.0,0.0,0.995076596736908,0.9721378684043884,0.9543602466583252,0.9871541857719421,0.9799574017524719,0.9813298583030701,1.0
1581,1.0,1.0,0.0,0.0,1.0,0.0,0.9897487759590149,0.9735143780708313,0.9560023546218872,0.9777536392211914,0.9812426567077637,0.9743130207061768,0.0
1582,1.0,1.0,0.0,0.0,1.0,0.0,0.9970447421073914,0.9771736860275269,0.9511485695838928,0.9916655421257019,0.9887890219688416,0.9846106171607971,1.0
1583,1.0,1.0,0.0,0.0,1.0,0.0,0.9972568154335022,0.9767335653305054,0.949856162071228,0.9923753142356873,0.9889211654663086,0.985483705997467,1.0
1584,1.0,1.0,0.0,0.0,1.0,0.0,0.9913177490234375,0.9868593215942383,0.9826900959014893,0.987804651260376,0.9895310401916504,0.987261176109314,4.0
1585,0.0,0.0,0.0,0.0,0.0,0.0,0.9926260113716125,0.9890451431274414,0.9821321964263916,0.9890206456184387,0.9910303354263306,0.9884210824966431,4.0
1586,0.0,0.0,0.0,0.0,0.0,0.0,0.9904373288154602,0.9870138764381409,0.9816634654998779,0.9852498173713684,0.9829414486885071,0.984582781791687,1.0
1587,1.0,1.0,1.0,1.0,1.0,1.0,0.9891166090965271,0.9887902736663818,0.9832434058189392,0.9834369421005249,0.9818471074104309,0.9831261038780212,1.0
1588,0.0,0.0,0.0,0.0,1.0,0.0,0.9864969849586487,0.9741610288619995,0.9527521133422852,0.9753016829490662,0.9830675721168518,0.9683301448822021,0.0
1589,1.0,1.0,1.0,1.0,1.0,0.0,0.9943082928657532,0.9881060123443604,0.9765200614929199,0.988174557685852,0.9879451990127563,0.9878450036048889,3.0
1590,0.0,0.0,0.0,0.0,0.0,0.0,0.9931989312171936,0.9899957180023193,0.9826077818870544,0.9906947612762451,0.9924032688140869,0.9881632924079895,4.0
1591,1.0,1.0,1.0,1.0,1.0,1.0,0.9863389730453491,0.9804871678352356,0.9709477424621582,0.9779053330421448,0.9781222343444824,0.9779229164123535,0.0
1592,0.0,0.0,0.0,0.0,0.0,0.0,0.9894055724143982,0.9884137511253357,0.9795263409614563,0.9869901537895203,0.9902111291885376,0.9850537180900574,3.0
1593,1.0,1.0,0.0,0.0,1.0,0.0,0.985879123210907,0.9740675091743469,0.9621118307113647,0.9755867719650269,0.9802566170692444,0.9739588499069214,0.0
1594,1.0,1.0,0.0,0.0,1.0,0.0,0.9948051571846008,0.9836097955703735,0.9613567590713501,0.9890801310539246,0.9903332591056824,0.9871151447296143,3.0
1595,0.0,0.0,0.0,0.0,0.0,0.0,0.9930650591850281,0.9886294603347778,0.9768610596656799,0.9889848232269287,0.9918583035469055,0.985885739326477,4.0
1596,0.0,0.0,0.0,0.0,0.0,0.0,0.9919784069061279,0.9881822466850281,0.9786255359649658,0.9884307384490967,0.9918608069419861,0.9854779243469238,4.0
1597,0.0,0.0,0.0,0.0,0.0,0.0,0.9872577786445618,0.9730484485626221,0.9373753666877747,0.9759101271629333,0.9840775728225708,0.9616480469703674,0.0
1598,1.0,1.0,0.0,0.0,1.0,0.0,0.9958565831184387,0.9840606451034546,0.9435230493545532,0.9866622090339661,0.9911606907844543,0.9859378933906555,3.0
1599,0.0,0.0,0.0,0.0,0.0,0.0,0.9888046383857727,0.9883592128753662,0.9784818291664124,0.9856142401695251,0.9898728132247925,0.983906090259552,3.0
1600,1.0,1.0,0.0,0.0,1.0,0.0,0.9889516234397888,0.9765867590904236,0.9619502425193787,0.974573016166687,0.9799323678016663,0.9763357043266296,0.0
1601,1.0,1.0,0.0,0.0,1.0,0.0,0.9899780750274658,0.9802498817443848,0.9669824838638306,0.9831047654151917,0.9867464900016785,0.9825927019119263,0.0
1602,0.0,1.0,1.0,1.0,1.0,0.0,0.9938116073608398,0.9895089864730835,0.9836717247962952,0.9888232350349426,0.9896796941757202,0.9900349974632263,4.0
1603,1.0,1.0,0.0,0.0,1.0,0.0,0.9911700487136841,0.9805518984794617,0.9687790274620056,0.9819580912590027,0.9834614992141724,0.9800864458084106,0.0
1604,0.0,0.0,0.0,0.0,0.0,0.0,0.9857843518257141,0.9841666221618652,0.9761181473731995,0.9824255108833313,0.9852451682090759,0.9794309735298157,1.0
1605,0.0,0.0,0.0,0.0,0.0,0.0,0.9890040755271912,0.985501229763031,0.9751131534576416,0.9867058396339417,0.9873572587966919,0.9820157289505005,1.0
1606,1.0,1.0,1.0,1.0,1.0,1.0,0.993346095085144,0.989567220211029,0.9842421412467957,0.9887019395828247,0.9894485473632812,0.98827064037323,4.0
1607,1.0,1.0,1.0,1.0,1.0,0.0,0.9909331798553467,0.9801393747329712,0.9650937914848328,0.9809243679046631,0.9823448657989502,0.9793947339057922,0.0
1608,1.0,1.0,0.0,0.0,0.0,0.0,0.9951077699661255,0.987467348575592,0.9765322208404541,0.9903226494789124,0.9912917017936707,0.9890167713165283,2.0
1609,1.0,1.0,1.0,0.0,0.0,0.0,0.99299556016922,0.9897520542144775,0.9847787022590637,0.988797128200531,0.9894846081733704,0.9879468083381653,4.0
1610,1.0,1.0,0.0,0.0,1.0,0.0,0.9896382093429565,0.9811356663703918,0.9681071639060974,0.9772312641143799,0.9799382090568542,0.9795563220977783,0.0
1611,0.0,0.0,0.0,0.0,0.0,0.0,0.9872888326644897,0.9886777997016907,0.9795753359794617,0.98539137840271,0.9894781708717346,0.9825025796890259,3.0
1612,1.0,1.0,0.0,0.0,0.0,0.0,0.994769275188446,0.9817829728126526,0.9708596467971802,0.989406168460846,0.9851220846176147,0.985149621963501,1.0
1613,1.0,1.0,1.0,1.0,1.0,1.0,0.9841610789299011,0.9778456091880798,0.9669194221496582,0.9746189713478088,0.9739369750022888,0.9740630984306335,0.0
1614,1.0,1.0,0.0,1.0,1.0,0.0,0.9935674071311951,0.9704619646072388,0.9479307532310486,0.9830241203308105,0.9709874391555786,0.9772966504096985,1.0
1615,0.0,1.0,1.0,1.0,0.0,1.0,0.9887707233428955,0.9816341996192932,0.9712796211242676,0.97709059715271,0.9778603315353394,0.9786681532859802,0.0
1616,1.0,1.0,0.0,0.0,0.0,0.0,0.9898950457572937,0.9808699488639832,0.9673491716384888,0.9774222373962402,0.9779360294342041,0.9782828092575073,0.0
1617,0.0,0.0,0.0,0.0,0.0,0.0,0.9930170774459839,0.9854259490966797,0.9772935509681702,0.9870094060897827,0.988114058971405,0.9883624911308289,3.0
1618,1.0,1.0,0.0,0.0,1.0,0.0,0.9892786145210266,0.973711371421814,0.9551090598106384,0.9758374691009521,0.9811449646949768,0.9741986393928528,0.0
1619,1.0,1.0,1.0,1.0,1.0,1.0,0.9874338507652283,0.9820996522903442,0.9684577584266663,0.9772416353225708,0.9750094413757324,0.9741843342781067,0.0
1620,1.0,1.0,1.0,1.0,1.0,1.0,0.9900673627853394,0.9760738611221313,0.9592582583427429,0.9793954491615295,0.9677510261535645,0.9756470918655396,1.0
1621,1.0,1.0,1.0,1.0,1.0,1.0,0.9949663281440735,0.9870535731315613,0.9757429957389832,0.9883859157562256,0.9885067939758301,0.9881427884101868,3.0
1622,1.0,1.0,1.0,1.0,1.0,1.0,0.9931361675262451,0.9901126623153687,0.984377920627594,0.9886112809181213,0.9890910983085632,0.9872804284095764,4.0
1623,0.0,1.0,1.0,1.0,1.0,1.0,0.9855249524116516,0.9801906943321228,0.9675696492195129,0.9747347235679626,0.9738848805427551,0.9735715389251709,0.0
1624,1.0,1.0,1.0,1.0,1.0,1.0,0.9865890741348267,0.9818040132522583,0.9687290191650391,0.9777167439460754,0.9752281308174133,0.9755659699440002,0.0
1625,1.0,1.0,1.0,1.0,1.0,1.0,0.9950438737869263,0.991462767124176,0.9837868809700012,0.9909548163414001,0.991028904914856,0.9892136454582214,2.0
1626,1.0,1.0,0.0,0.0,1.0,0.0,0.9938524961471558,0.98879075050354,0.9798122644424438,0.9894242882728577,0.9897840619087219,0.9900802969932556,3.0
1627,0.0,0.0,0.0,0.0,0.0,0.0,0.9933851361274719,0.9891172051429749,0.9833727478981018,0.9901700615882874,0.9915754199028015,0.9899516701698303,4.0
1628,1.0,1.0,1.0,0.0,1.0,0.0,0.9952062964439392,0.9864526391029358,0.9745814800262451,0.9888195395469666,0.9891786575317383,0.9887323379516602,3.0
1629,0.0,0.0,0.0,0.0,0.0,0.0,0.9894986152648926,0.9861738681793213,0.9808685779571533,0.9852855801582336,0.9853169322013855,0.9834775328636169,1.0
1630,0.0,0.0,0.0,0.0,0.0,0.0,0.9925621151924133,0.9888251423835754,0.9804609417915344,0.9894198179244995,0.9917165637016296,0.9876372814178467,4.0
1631,0.0,0.0,0.0,0.0,1.0,0.0,0.9926119446754456,0.9886811971664429,0.9802598357200623,0.9890143275260925,0.9914039373397827,0.9854663610458374,4.0
1632,1.0,1.0,1.0,1.0,1.0,1.0,0.996978759765625,0.9779152870178223,0.957769513130188,0.9907359480857849,0.9862441420555115,0.9841448068618774,1.0
1633,0.0,0.0,0.0,0.0,0.0,0.0,0.9896484017372131,0.9903263449668884,0.9805737137794495,0.9882879853248596,0.9909372925758362,0.9859853982925415,3.0
1634,1.0,1.0,0.0,0.0,1.0,0.0,0.9934886693954468,0.9866631627082825,0.9747465252876282,0.9868900775909424,0.9873104095458984,0.9871299862861633,3.0
1635,1.0,1.0,1.0,1.0,1.0,1.0,0.9943147301673889,0.99000483751297,0.9817065596580505,0.9900516867637634,0.9893190264701843,0.9877839684486389,3.0
1636,1.0,1.0,0.0,0.0,0.0,0.0,0.9930603504180908,0.988987386226654,0.9823445081710815,0.9882339239120483,0.9882056713104248,0.987004816532135,2.0
1637,0.0,0.0,0.0,0.0,1.0,0.0,0.9904640913009644,0.9842871427536011,0.9751460552215576,0.9851204752922058,0.9857162833213806,0.982532262802124,1.0
1638,1.0,1.0,1.0,1.0,1.0,0.0,0.992452085018158,0.9885021448135376,0.9837378263473511,0.988171398639679,0.989213764667511,0.9888671040534973,4.0
1639,0.0,0.0,0.0,0.0,0.0,0.0,0.989433228969574,0.9786581993103027,0.9562565088272095,0.9790213108062744,0.9857043027877808,0.9739588499069214,0.0
1640,0.0,0.0,0.0,0.0,0.0,0.0,0.9888884425163269,0.9879762530326843,0.9795563220977783,0.9864444136619568,0.9903173446655273,0.9820468425750732,2.0
1641,1.0,1.0,0.0,0.0,1.0,0.0,0.995609700679779,0.9852575659751892,0.9647905826568604,0.9905441999435425,0.9922378659248352,0.9893507361412048,3.0
1642,0.0,0.0,0.0,0.0,0.0,0.0,0.9904708862304688,0.9811525344848633,0.9678651094436646,0.9815435409545898,0.9865672588348389,0.9795134663581848,0.0
1643,1.0,1.0,0.0,1.0,1.0,1.0,0.9931973218917847,0.987589955329895,0.9753520488739014,0.9858219027519226,0.9861948490142822,0.9865467548370361,3.0
1644,1.0,1.0,0.0,0.0,1.0,0.0,0.9925633072853088,0.98777836561203,0.9789029359817505,0.9880697131156921,0.9900908470153809,0.9879515767097473,4.0
1645,0.0,0.0,0.0,0.0,0.0,0.0,0.9883103370666504,0.9894318580627441,0.9838189482688904,0.9858121871948242,0.988166868686676,0.9845688343048096,3.0
1646,1.0,1.0,1.0,1.0,1.0,1.0,0.9947571754455566,0.9902749061584473,0.9824331998825073,0.9900308847427368,0.9906213283538818,0.9891695380210876,2.0
1647,1.0,1.0,0.0,1.0,1.0,0.0,0.994407057762146,0.9919822812080383,0.9867803454399109,0.9904890060424805,0.9908168315887451,0.9896933436393738,4.0
1648,1.0,1.0,1.0,1.0,1.0,1.0,0.9953299760818481,0.9870924949645996,0.9748829007148743,0.9890853762626648,0.9896026253700256,0.9881949424743652,3.0
1649,1.0,1.0,1.0,1.0,1.0,1.0,0.9926682114601135,0.9921151995658875,0.9885337948799133,0.9884250164031982,0.9892043471336365,0.9899367094039917,2.0
1650,1.0,1.0,1.0,1.0,1.0,1.0,0.9927361011505127,0.9922214150428772,0.9887564778327942,0.9890486001968384,0.9898892045021057,0.989636242389679,2.0
1651,1.0,1.0,0.0,0.0,0.0,0.0,0.9916825294494629,0.9886714220046997,0.9807412028312683,0.9870138764381409,0.986857533454895,0.986823558807373,4.0
1652,1.0,1.0,1.0,1.0,1.0,1.0,0.9927307963371277,0.9865560531616211,0.976601243019104,0.9879744052886963,0.9880475997924805,0.9865946769714355,3.0
1653,1.0,1.0,1.0,1.0,1.0,0.0,0.9887901544570923,0.9807250499725342,0.9648218750953674,0.9759293794631958,0.9750131964683533,0.9753566980361938,0.0
1654,1.0,1.0,0.0,0.0,1.0,0.0,0.9898545145988464,0.9750677347183228,0.9532743096351624,0.977233350276947,0.9827697277069092,0.9756351709365845,0.0
1655,0.0,0.0,0.0,0.0,0.0,0.0,0.9852146506309509,0.9847694635391235,0.9749065637588501,0.9831211566925049,0.9858015179634094,0.977978527545929,1.0
1656,1.0,1.0,0.0,0.0,1.0,0.0,0.9939242005348206,0.9738476872444153,0.952518880367279,0.9851078391075134,0.9753902554512024,0.9809035658836365,1.0
1657,1.0,1.0,0.0,0.0,0.0,0.0,0.9922024011611938,0.9876843690872192,0.9804908633232117,0.9865009188652039,0.9889370203018188,0.9858956933021545,4.0
1658,0.0,0.0,0.0,0.0,0.0,0.0,0.9897168874740601,0.9905894994735718,0.986373782157898,0.9867984652519226,0.988973081111908,0.987247884273529,3.0
1659,1.0,1.0,1.0,1.0,1.0,1.0,0.9883153438568115,0.9874324798583984,0.9826292991638184,0.9831273555755615,0.9818091988563538,0.9814491868019104,1.0
1660,1.0,1.0,1.0,1.0,1.0,1.0,0.9894852042198181,0.9732530117034912,0.9545813798904419,0.976125180721283,0.9645334482192993,0.9769128561019897,1.0
1661,1.0,1.0,1.0,1.0,1.0,1.0,0.9902774095535278,0.981155514717102,0.9695949554443359,0.9790470004081726,0.9800994992256165,0.9796055555343628,0.0
1662,1.0,1.0,1.0,1.0,1.0,0.0,0.9905793070793152,0.9797676801681519,0.9639929533004761,0.9770728349685669,0.9774231314659119,0.9771236777305603,0.0
1663,0.0,0.0,0.0,0.0,0.0,0.0,0.9885925054550171,0.9757645726203918,0.9434959888458252,0.9768423438072205,0.984616219997406,0.9669955372810364,0.0
1664,0.0,0.0,0.0,0.0,0.0,0.0,0.9893068671226501,0.9881805181503296,0.9830933809280396,0.9855918884277344,0.9861511588096619,0.9845486879348755,1.0
1665,1.0,1.0,1.0,1.0,1.0,1.0,0.9910969734191895,0.9755439758300781,0.9575133919715881,0.9813718795776367,0.969131350517273,0.9789224863052368,1.0
1666,0.0,0.0,0.0,0.0,0.0,0.0,0.9929127097129822,0.9895685315132141,0.9827227592468262,0.9891542792320251,0.9911290407180786,0.9884514808654785,4.0
1667,0.0,0.0,0.0,0.0,0.0,0.0,0.9880537390708923,0.9752968549728394,0.9426220059394836,0.9756585955619812,0.9848344326019287,0.9629107713699341,0.0
1668,1.0,1.0,1.0,1.0,0.0,1.0,0.9879962801933289,0.979555070400238,0.9658809900283813,0.9759652614593506,0.9748391509056091,0.9760730266571045,0.0
1669,1.0,1.0,0.0,0.0,0.0,0.0,0.9946409463882446,0.9893016219139099,0.9732711911201477,0.9901022911071777,0.9922856092453003,0.9871622920036316,2.0
1670,0.0,0.0,0.0,0.0,0.0,0.0,0.9930705428123474,0.9889897108078003,0.980441689491272,0.9888533353805542,0.991416871547699,0.9881287217140198,4.0
1671,1.0,1.0,1.0,1.0,1.0,1.0,0.9911661744117737,0.9915485978126526,0.9887377023696899,0.9869695901870728,0.9883205890655518,0.9880268573760986,3.0
1672,1.0,1.0,0.0,1.0,1.0,0.0,0.992402195930481,0.9897584915161133,0.9831667542457581,0.9881999492645264,0.988101601600647,0.9869961738586426,4.0
1673,0.0,0.0,0.0,0.0,0.0,0.0,0.9889538288116455,0.9891381859779358,0.9801784157752991,0.9865627884864807,0.9894077181816101,0.9849554896354675,3.0
