,True_3TC,True_ABC,True_AZT,True_D4T,True_DDI,True_TDF,Pred_Proba_3TC,Pred_Proba_ABC,Pred_Proba_AZT,Pred_Proba_D4T,Pred_Proba_DDI,Pred_Proba_TDF,kFolds
0,1.0,1.0,0.0,1.0,1.0,1.0,0.5200508236885071,0.5226109027862549,0.5354253649711609,0.4812122881412506,0.4891347289085388,0.4840022623538971,2.0
1,1.0,1.0,0.0,1.0,1.0,1.0,0.5203168988227844,0.5228972434997559,0.5352770090103149,0.48155030608177185,0.4897836148738861,0.4839911460876465,4.0
2,1.0,0.0,0.0,0.0,0.0,1.0,0.5200555920600891,0.522638201713562,0.5354353189468384,0.4812431037425995,0.48912903666496277,0.4840099513530731,2.0
3,0.0,0.0,0.0,0.0,0.0,0.0,0.5200730562210083,0.522649884223938,0.5354330539703369,0.4812506139278412,0.48915138840675354,0.4840337634086609,2.0
4,0.0,0.0,0.0,0.0,0.0,0.0,0.5204120874404907,0.522843599319458,0.5352056622505188,0.4811699390411377,0.4887034296989441,0.483614444732666,3.0
5,0.0,0.0,0.0,0.0,0.0,0.0,0.5200984477996826,0.5226783752441406,0.5354644060134888,0.48128339648246765,0.4891897439956665,0.4840584993362427,2.0
6,1.0,1.0,0.0,1.0,1.0,1.0,0.5201127529144287,0.5226939916610718,0.5354723930358887,0.48130398988723755,0.4891773462295532,0.48406699299812317,2.0
7,0.0,1.0,0.0,0.0,1.0,0.0,0.5201005339622498,0.5227041244506836,0.5354908108711243,0.4813118577003479,0.4891916811466217,0.48407861590385437,2.0
8,0.0,1.0,0.0,0.0,0.0,0.0,0.520368218421936,0.5229372978210449,0.535324215888977,0.4815971851348877,0.48982685804367065,0.48401567339897156,4.0
9,1.0,1.0,0.0,0.0,0.0,0.0,0.5204739570617676,0.5229031443595886,0.5352692604064941,0.48122259974479675,0.48877713084220886,0.4836925268173218,3.0
10,1.0,1.0,0.0,0.0,1.0,0.0,0.5560827851295471,0.5104712247848511,0.4968881607055664,0.4947717785835266,0.49569588899612427,0.4890553057193756,1.0
11,1.0,1.0,0.0,0.0,1.0,0.0,0.5204924941062927,0.5229507088661194,0.5352830290794373,0.4812694787979126,0.48877912759780884,0.4836913049221039,3.0
12,1.0,1.0,0.0,0.0,1.0,0.0,0.5201550722122192,0.5227355360984802,0.5355194211006165,0.4813574254512787,0.4892376661300659,0.48412784934043884,2.0
13,1.0,1.0,0.0,0.0,1.0,0.0,0.5204253196716309,0.5230055451393127,0.535358190536499,0.48167526721954346,0.4899108409881592,0.4840984344482422,4.0
14,0.0,0.0,0.0,0.0,0.0,0.0,0.5203809142112732,0.5230328440666199,0.5352860689163208,0.481626033782959,0.4898265600204468,0.4840267598628998,4.0
15,0.0,0.0,0.0,0.0,0.0,0.0,0.5288636684417725,0.49748730659484863,0.5257177352905273,0.49064403772354126,0.48524731397628784,0.4937190115451813,0.0
16,0.0,1.0,0.0,1.0,1.0,0.0,0.5204258561134338,0.5228752493858337,0.5352091193199158,0.4811968207359314,0.4887085556983948,0.48362505435943604,3.0
17,0.0,1.0,0.0,1.0,1.0,0.0,0.5204258561134338,0.5228752493858337,0.5352091193199158,0.4811968207359314,0.4887085556983948,0.48362505435943604,3.0
18,0.0,0.0,0.0,0.0,0.0,0.0,0.5560498237609863,0.5104096531867981,0.49682489037513733,0.494709849357605,0.4956207871437073,0.4890015423297882,1.0
19,0.0,0.0,0.0,0.0,0.0,0.0,0.520443320274353,0.5228911638259888,0.5352346301078796,0.4812053143978119,0.48871612548828125,0.4836374819278717,3.0
20,0.0,1.0,0.0,1.0,1.0,0.0,0.5203618407249451,0.5229548811912537,0.5353232622146606,0.4816095530986786,0.48984548449516296,0.48403045535087585,4.0
21,1.0,1.0,0.0,1.0,1.0,0.0,0.5203618407249451,0.5229548811912537,0.5353232622146606,0.4816095530986786,0.48984548449516296,0.48403045535087585,4.0
22,1.0,1.0,0.0,1.0,1.0,0.0,0.520449697971344,0.5229230523109436,0.535244882106781,0.4812276363372803,0.4887343943119049,0.4836410582065582,3.0
23,0.0,1.0,0.0,1.0,1.0,0.0,0.5288552641868591,0.4974210560321808,0.5257229208946228,0.4906165599822998,0.4852474331855774,0.49369630217552185,0.0
24,0.0,1.0,0.0,0.0,1.0,0.0,0.5200878381729126,0.5226886868476868,0.5354495048522949,0.4812780022621155,0.48916131258010864,0.48405203223228455,2.0
25,0.0,1.0,0.0,0.0,1.0,0.0,0.5200878381729126,0.5226886868476868,0.5354495048522949,0.4812780022621155,0.48916131258010864,0.48405203223228455,2.0
26,0.0,0.0,0.0,0.0,0.0,0.0,0.5203391313552856,0.5228980779647827,0.5352858304977417,0.4815588593482971,0.48979446291923523,0.48398494720458984,4.0
27,0.0,0.0,0.0,0.0,0.0,0.0,0.5200730562210083,0.522649884223938,0.5354330539703369,0.4812506139278412,0.48915138840675354,0.4840337634086609,2.0
28,0.0,0.0,0.0,0.0,0.0,0.0,0.5204470157623291,0.5228786468505859,0.5352410078048706,0.48119428753852844,0.48873600363731384,0.48365136981010437,3.0
29,0.0,0.0,0.0,0.0,0.0,0.0,0.5288383364677429,0.4974061846733093,0.5257181525230408,0.4905991554260254,0.4852265417575836,0.4936888515949249,0.0
30,1.0,1.0,0.0,0.0,1.0,0.0,0.5288573503494263,0.4974185824394226,0.5257441997528076,0.49062004685401917,0.4852368235588074,0.49370530247688293,0.0
31,1.0,1.0,0.0,0.0,1.0,0.0,0.5560487508773804,0.51042640209198,0.4968457818031311,0.49471819400787354,0.4956601560115814,0.48900917172431946,1.0
32,1.0,1.0,0.0,0.0,1.0,0.0,0.5288826823234558,0.4974691867828369,0.5257682800292969,0.4906527101993561,0.48526954650878906,0.4937382638454437,0.0
33,1.0,1.0,0.0,0.0,1.0,0.0,0.5201391577720642,0.5227391123771667,0.5355284810066223,0.4813520014286041,0.4892391562461853,0.48412269353866577,2.0
34,1.0,1.0,0.0,0.0,1.0,0.0,0.5203613638877869,0.5229291915893555,0.5353296399116516,0.48159894347190857,0.48985910415649414,0.4840192198753357,4.0
35,1.0,1.0,0.0,0.0,1.0,0.0,0.5204533934593201,0.5228568911552429,0.5352239608764648,0.48118820786476135,0.4887182414531708,0.48364606499671936,3.0
36,1.0,1.0,0.0,0.0,1.0,0.0,0.5204739570617676,0.5229031443595886,0.5352692604064941,0.48122259974479675,0.48877713084220886,0.4836925268173218,3.0
37,1.0,1.0,0.0,0.0,1.0,0.0,0.5203862190246582,0.522969126701355,0.5353589057922363,0.4816092252731323,0.4898799955844879,0.48406487703323364,4.0
38,0.0,0.0,0.0,0.0,0.0,0.0,0.5204375386238098,0.5228639841079712,0.5352212190628052,0.4811752438545227,0.48872363567352295,0.4836333692073822,3.0
39,0.0,0.0,0.0,0.0,0.0,0.0,0.5200984477996826,0.5226783752441406,0.5354644060134888,0.48128339648246765,0.4891897439956665,0.4840584993362427,2.0
40,1.0,1.0,1.0,1.0,1.0,1.0,0.5206966996192932,0.5235238671302795,0.5355002284049988,0.48211076855659485,0.49014487862586975,0.4844164252281189,4.0
41,0.0,1.0,1.0,1.0,1.0,1.0,0.5564368963241577,0.510922908782959,0.497132271528244,0.49527621269226074,0.49577242136001587,0.48952898383140564,1.0
42,1.0,1.0,1.0,1.0,1.0,1.0,0.520519495010376,0.5232621431350708,0.5358536243438721,0.48186081647872925,0.4896143674850464,0.48454949259757996,2.0
43,1.0,1.0,1.0,1.0,1.0,1.0,0.5293146371841431,0.49795597791671753,0.5261619687080383,0.49112409353256226,0.4857310354709625,0.49415305256843567,0.0
44,1.0,1.0,1.0,1.0,1.0,1.0,0.5290933847427368,0.49771711230278015,0.5259770154953003,0.4909003973007202,0.48549291491508484,0.4939742684364319,0.0
45,1.0,1.0,1.0,1.0,1.0,1.0,0.5203195810317993,0.522973358631134,0.5357326865196228,0.48159486055374146,0.489420622587204,0.48435017466545105,2.0
46,1.0,1.0,0.0,0.0,0.0,0.0,0.5207638740539551,0.5232676267623901,0.5355609059333801,0.48161354660987854,0.4890943467617035,0.48400387167930603,3.0
47,1.0,1.0,0.0,0.0,0.0,0.0,0.5204031467437744,0.5230873823165894,0.5358102917671204,0.481722891330719,0.48954012989997864,0.4844241440296173,2.0
48,1.0,1.0,1.0,1.0,1.0,0.0,0.5563443303108215,0.5108174681663513,0.49716290831565857,0.4950745701789856,0.4959329664707184,0.48937422037124634,1.0
49,1.0,1.0,1.0,1.0,1.0,0.0,0.5291820764541626,0.4978168308734894,0.5260536074638367,0.4909883141517639,0.48561158776283264,0.4940301477909088,0.0
50,0.0,1.0,1.0,1.0,0.0,1.0,0.520588755607605,0.5230892300605774,0.5353994369506836,0.4813946485519409,0.4888911247253418,0.483813613653183,3.0
51,0.0,1.0,1.0,1.0,0.0,1.0,0.5290094017982483,0.4976072311401367,0.5258831977844238,0.49079447984695435,0.48540017008781433,0.49387505650520325,0.0
52,0.0,0.0,0.0,0.0,0.0,0.0,0.5200979113578796,0.5226974487304688,0.5354729294776917,0.4813147187232971,0.4891757071018219,0.4840874969959259,2.0
53,0.0,0.0,0.0,0.0,0.0,0.0,0.520357072353363,0.5229740738868713,0.5353135466575623,0.4815964102745056,0.4898417294025421,0.48403459787368774,4.0
54,1.0,1.0,0.0,1.0,1.0,0.0,0.5560356974601746,0.51040118932724,0.49682411551475525,0.4946996569633484,0.4956134259700775,0.4889912009239197,1.0
55,1.0,1.0,0.0,1.0,1.0,0.0,0.5200820565223694,0.5226805806159973,0.535456120967865,0.4812825620174408,0.48915305733680725,0.4840591847896576,2.0
56,1.0,1.0,0.0,0.0,1.0,0.0,0.5288578867912292,0.4974308907985687,0.5257329344749451,0.4906182289123535,0.4852373003959656,0.49369773268699646,0.0
57,1.0,1.0,0.0,0.0,1.0,0.0,0.520444929599762,0.5229136943817139,0.5352451205253601,0.48122432827949524,0.4887215495109558,0.4836462438106537,3.0
58,0.0,0.0,0.0,0.0,0.0,0.0,0.5560404062271118,0.5103887319564819,0.49680134654045105,0.49469760060310364,0.49560844898223877,0.4889906942844391,1.0
59,0.0,0.0,0.0,0.0,0.0,0.0,0.5288261771202087,0.497372567653656,0.5257145762443542,0.4905937612056732,0.48520952463150024,0.4936705529689789,0.0
60,0.0,0.0,0.0,0.0,0.0,0.0,0.5201064348220825,0.5226804614067078,0.5354629158973694,0.4812837243080139,0.4891709089279175,0.48406141996383667,2.0
61,0.0,0.0,0.0,0.0,0.0,0.0,0.5204274654388428,0.5228796005249023,0.5352287292480469,0.4812040627002716,0.4887221157550812,0.4836517572402954,3.0
62,0.0,0.0,0.0,0.0,0.0,0.0,0.5202677249908447,0.5229557156562805,0.535642147064209,0.48154276609420776,0.4893500506877899,0.4842721223831177,2.0
63,0.0,0.0,0.0,0.0,0.0,0.0,0.5561937093734741,0.5105788111686707,0.49697205424308777,0.4948884844779968,0.4957713484764099,0.4891901910305023,1.0
64,0.0,0.0,0.0,0.0,0.0,0.0,0.5205639004707336,0.5232211351394653,0.5355018973350525,0.4818970859050751,0.4900396168231964,0.48426172137260437,4.0
65,0.0,0.0,0.0,0.0,0.0,0.0,0.5289196372032166,0.4974963963031769,0.52576744556427,0.4906701147556305,0.48529401421546936,0.4937624931335449,0.0
66,1.0,1.0,1.0,1.0,1.0,1.0,0.520203709602356,0.5228714942932129,0.5355979800224304,0.4814804196357727,0.4893095791339874,0.4842310845851898,2.0
67,0.0,0.0,0.0,1.0,1.0,1.0,0.5290796756744385,0.4977087378501892,0.525969922542572,0.49089744687080383,0.48549753427505493,0.4939354658126831,0.0
68,1.0,1.0,1.0,1.0,1.0,1.0,0.5205543637275696,0.5233051180839539,0.5359057188034058,0.48190173506736755,0.4896445572376251,0.48459282517433167,2.0
69,0.0,1.0,1.0,1.0,1.0,0.0,0.5292823910713196,0.49795395135879517,0.526171863079071,0.49110615253448486,0.4857245087623596,0.49414288997650146,0.0
70,1.0,1.0,1.0,1.0,1.0,0.0,0.5293325185775757,0.49801722168922424,0.5262205600738525,0.49116000533103943,0.48578763008117676,0.49419382214546204,0.0
71,0.0,0.0,0.0,0.0,0.0,0.0,0.5201994776725769,0.5228300094604492,0.5355941653251648,0.4814261496067047,0.48930925130844116,0.4842223525047302,2.0
72,1.0,1.0,0.0,0.0,1.0,1.0,0.5203285217285156,0.5230292677879333,0.535661518573761,0.4816352128982544,0.489418625831604,0.4843217134475708,2.0
73,0.0,0.0,0.0,0.0,0.0,0.0,0.5289708971977234,0.4975646734237671,0.5258305668830872,0.49075162410736084,0.4853486120700836,0.4938191771507263,0.0
74,1.0,1.0,0.0,0.0,1.0,0.0,0.5204454660415649,0.5231627821922302,0.5358340740203857,0.481778085231781,0.48955774307250977,0.48448696732521057,2.0
75,1.0,1.0,1.0,1.0,1.0,0.0,0.5207850337028503,0.5233318209648132,0.5355428457260132,0.4816467761993408,0.48910027742385864,0.4840269982814789,3.0
76,1.0,1.0,0.0,1.0,1.0,0.0,0.5292633771896362,0.49790623784065247,0.5261085629463196,0.49106109142303467,0.48567986488342285,0.49411487579345703,0.0
77,0.0,0.0,0.0,0.0,0.0,0.0,0.5201492309570312,0.5227943658828735,0.535531222820282,0.4813791811466217,0.4892417788505554,0.48415300250053406,2.0
78,1.0,1.0,0.0,0.0,1.0,1.0,0.5289396643638611,0.4975177049636841,0.5257912278175354,0.49070844054222107,0.4853269159793854,0.49378806352615356,0.0
79,0.0,1.0,1.0,1.0,1.0,0.0,0.5207273364067078,0.523259162902832,0.5355120897293091,0.48156875371932983,0.48903346061706543,0.4839559495449066,3.0
80,0.0,1.0,0.0,0.0,1.0,0.0,0.5202233195304871,0.5229030847549438,0.535632848739624,0.48150336742401123,0.4893272817134857,0.4842502474784851,2.0
81,1.0,1.0,1.0,0.0,1.0,1.0,0.556425929069519,0.5109378099441528,0.49723801016807556,0.4952208995819092,0.4960092008113861,0.48947975039482117,1.0
82,1.0,1.0,0.0,0.0,1.0,0.0,0.5201846361160278,0.5228049755096436,0.5355954766273499,0.48142924904823303,0.489305704832077,0.4842213988304138,2.0
83,1.0,1.0,0.0,0.0,1.0,0.0,0.5563239455223083,0.5107898116111755,0.4971253275871277,0.49507206678390503,0.49587884545326233,0.4893495440483093,1.0
84,1.0,1.0,0.0,0.0,0.0,0.0,0.5203005075454712,0.5229941010475159,0.5356488227844238,0.48157283663749695,0.4893939793109894,0.48428216576576233,2.0
85,1.0,1.0,1.0,1.0,1.0,1.0,0.520595133304596,0.5233481526374817,0.5359793901443481,0.4819682836532593,0.489708811044693,0.4846262037754059,2.0
86,1.0,1.0,1.0,1.0,1.0,1.0,0.5561628341674805,0.5105822086334229,0.4969535768032074,0.4948670268058777,0.4957689046859741,0.489144891500473,1.0
87,0.0,0.0,0.0,0.0,0.0,0.0,0.520523190498352,0.523202121257782,0.5354461669921875,0.48184970021247864,0.4899950921535492,0.4842195510864258,4.0
88,0.0,0.0,1.0,0.0,0.0,0.0,0.5565504431724548,0.5110889077186584,0.4972987174987793,0.49543288350105286,0.4959390163421631,0.4896681606769562,1.0
89,0.0,0.0,0.0,0.0,0.0,0.0,0.5205581188201904,0.5230490565299988,0.5353551506996155,0.481368750333786,0.488858699798584,0.4837590754032135,3.0
90,0.0,1.0,1.0,1.0,1.0,1.0,0.5209357738494873,0.5234800577163696,0.5356848835945129,0.48182645440101624,0.48923081159591675,0.48415499925613403,3.0
91,0.0,0.0,0.0,0.0,0.0,0.0,0.5204475522041321,0.5230617523193359,0.5353908538818359,0.4817105531692505,0.48992297053337097,0.4841242730617523,4.0
92,0.0,0.0,0.0,0.0,0.0,0.0,0.5202274918556213,0.5228864550590515,0.535632848739624,0.48147377371788025,0.48935720324516296,0.48426321148872375,2.0
93,0.0,0.0,0.0,0.0,0.0,0.0,0.5206326842308044,0.5231533050537109,0.5354102253913879,0.48145532608032227,0.48892661929130554,0.4838629364967346,3.0
94,1.0,1.0,0.0,0.0,0.0,0.0,0.5201323628425598,0.5227302312850952,0.5355018377304077,0.4813355505466461,0.4892082214355469,0.48411208391189575,2.0
95,0.0,1.0,1.0,1.0,0.0,1.0,0.5206231474876404,0.5233173966407776,0.5355815291404724,0.4819870591163635,0.4901224672794342,0.48433905839920044,4.0
96,0.0,0.0,0.0,0.0,0.0,0.0,0.556244969367981,0.510702908039093,0.49704885482788086,0.4950084388256073,0.4957945644855499,0.489279568195343,1.0
97,1.0,1.0,1.0,1.0,1.0,1.0,0.5205560326576233,0.5233827829360962,0.5358514189720154,0.4819118082523346,0.48964986205101013,0.48458436131477356,2.0
98,0.0,0.0,0.0,0.0,0.0,0.0,0.5204639434814453,0.5230320692062378,0.5354034900665283,0.481717973947525,0.48995622992515564,0.484141081571579,4.0
99,1.0,0.0,0.0,0.0,0.0,0.0,0.5289745926856995,0.49754130840301514,0.5258269906044006,0.49073946475982666,0.48535746335983276,0.4938372075557709,0.0
100,1.0,1.0,0.0,0.0,1.0,0.0,0.5289602875709534,0.4975617229938507,0.5258215665817261,0.49074429273605347,0.4853532016277313,0.4938114881515503,0.0
101,0.0,0.0,0.0,0.0,0.0,0.0,0.5289439558982849,0.497507780790329,0.5257824659347534,0.4907063841819763,0.4853232204914093,0.493791788816452,0.0
102,1.0,1.0,0.0,1.0,1.0,0.0,0.5205020308494568,0.5232107639312744,0.5358895659446716,0.48184216022491455,0.48962968587875366,0.48453962802886963,2.0
103,1.0,1.0,0.0,1.0,1.0,0.0,0.5207130908966064,0.5233928561210632,0.5356780886650085,0.48205748200416565,0.4902345836162567,0.484447181224823,4.0
104,1.0,1.0,1.0,1.0,1.0,0.0,0.5204020738601685,0.5230991840362549,0.5358069539070129,0.48171597719192505,0.4895230531692505,0.48443761467933655,2.0
105,0.0,0.0,0.0,0.0,0.0,0.0,0.5202221870422363,0.5228924751281738,0.5355998873710632,0.4814727306365967,0.48931020498275757,0.4842286705970764,2.0
106,0.0,1.0,1.0,1.0,0.0,1.0,0.5203994512557983,0.5230922698974609,0.535748302936554,0.4816948473453522,0.48949283361434937,0.4844110310077667,2.0
107,0.0,1.0,1.0,1.0,0.0,1.0,0.5290606617927551,0.49768713116645813,0.5259432196617126,0.4908667802810669,0.48546871542930603,0.49395403265953064,0.0
108,0.0,0.0,0.0,0.0,0.0,0.0,0.520609438419342,0.5230753421783447,0.5353997349739075,0.4814143180847168,0.48889949917793274,0.4838215410709381,3.0
109,1.0,1.0,1.0,1.0,0.0,0.0,0.5292417407035828,0.4979061782360077,0.526121199131012,0.49104130268096924,0.4856507182121277,0.49408483505249023,0.0
110,1.0,1.0,1.0,1.0,1.0,0.0,0.5204375386238098,0.5231502056121826,0.5358081459999084,0.481759250164032,0.48954498767852783,0.48447293043136597,2.0
111,1.0,1.0,1.0,1.0,1.0,0.0,0.5565164685249329,0.511019229888916,0.4973157048225403,0.49532434344291687,0.49600598216056824,0.489580363035202,1.0
112,0.0,0.0,0.0,0.0,0.0,0.0,0.5204280018806458,0.5230657458305359,0.5353612303733826,0.4816901981830597,0.489907443523407,0.4840947687625885,4.0
113,1.0,1.0,1.0,1.0,1.0,1.0,0.5562334656715393,0.5106581449508667,0.49703249335289,0.49495527148246765,0.495835542678833,0.4892199635505676,1.0
114,1.0,1.0,0.0,0.0,0.0,0.0,0.5205930471420288,0.5230857133865356,0.5353809595108032,0.48140737414360046,0.4888724386692047,0.48381930589675903,3.0
115,1.0,1.0,0.0,0.0,1.0,0.0,0.5290374159812927,0.4976520538330078,0.5259246826171875,0.49083593487739563,0.4854488670825958,0.4939095973968506,0.0
116,1.0,1.0,1.0,1.0,1.0,1.0,0.5208675265312195,0.5234259366989136,0.5356473922729492,0.4817489683628082,0.4891633093357086,0.4841155409812927,3.0
117,1.0,1.0,1.0,1.0,1.0,0.0,0.5205850601196289,0.5233513116836548,0.535948634147644,0.4819618761539459,0.4896883964538574,0.48462870717048645,2.0
118,0.0,1.0,1.0,1.0,0.0,1.0,0.5207908153533936,0.523418128490448,0.5355342030525208,0.48170822858810425,0.4891115725040436,0.4840477705001831,3.0
119,1.0,1.0,1.0,1.0,1.0,0.0,0.5207035541534424,0.5232553482055664,0.535480797290802,0.4815579652786255,0.4890255928039551,0.483953058719635,3.0
120,0.0,0.0,0.0,0.0,0.0,0.0,0.5202735662460327,0.5229731798171997,0.5355870127677917,0.48154565691947937,0.4893360733985901,0.4842703342437744,2.0
121,1.0,1.0,0.0,0.0,1.0,0.0,0.5205152630805969,0.5231286883354187,0.5354759097099304,0.48178261518478394,0.4900085926055908,0.48420631885528564,4.0
122,0.0,1.0,1.0,1.0,1.0,0.0,0.5206606984138489,0.5233363509178162,0.5356141924858093,0.481995552778244,0.49014797806739807,0.4843735694885254,4.0
123,0.0,0.0,0.0,0.0,0.0,0.0,0.528948187828064,0.4975352883338928,0.5258139371871948,0.4907321035861969,0.48532652854919434,0.4937913715839386,0.0
124,0.0,0.0,0.0,0.0,0.0,0.0,0.5289391875267029,0.49751898646354675,0.5258004069328308,0.4906914532184601,0.4853312075138092,0.4937802255153656,0.0
125,0.0,1.0,1.0,1.0,0.0,1.0,0.5206067562103271,0.5233983993530273,0.5359139442443848,0.4819605350494385,0.4897056519985199,0.48461297154426575,2.0
126,0.0,1.0,1.0,1.0,1.0,1.0,0.5562773942947388,0.5107462406158447,0.4970470368862152,0.4950445890426636,0.4958058297634125,0.48929572105407715,1.0
127,1.0,1.0,0.0,0.0,1.0,0.0,0.5206247568130493,0.5231079459190369,0.5354400277137756,0.481442391872406,0.4889349341392517,0.4838695228099823,3.0
128,1.0,1.0,0.0,0.0,0.0,0.0,0.5289487242698669,0.49752146005630493,0.5258190035820007,0.4907091557979584,0.48533523082733154,0.4938073754310608,0.0
129,0.0,0.0,0.0,1.0,1.0,0.0,0.5561434626579285,0.5105297565460205,0.4969038665294647,0.4948600232601166,0.49571850895881653,0.4891209304332733,1.0
130,1.0,1.0,1.0,1.0,1.0,0.0,0.5206987857818604,0.5234341025352478,0.5356353521347046,0.4820835590362549,0.49021631479263306,0.4844323992729187,4.0
131,1.0,1.0,1.0,1.0,1.0,1.0,0.5562324523925781,0.5106765627861023,0.4970618188381195,0.4949629306793213,0.49587932229042053,0.4892657399177551,1.0
132,0.0,1.0,1.0,1.0,0.0,1.0,0.5204152464866638,0.5231141448020935,0.5358187556266785,0.48174986243247986,0.4895593225955963,0.4844386875629425,2.0
133,0.0,0.0,0.0,0.0,0.0,0.0,0.5205671191215515,0.5230473279953003,0.535350501537323,0.48136958479881287,0.48884865641593933,0.48375681042671204,3.0
134,0.0,0.0,0.0,0.0,0.0,0.0,0.5205279588699341,0.5231834053993225,0.5354940295219421,0.4818389415740967,0.4900193512439728,0.48424774408340454,4.0
135,1.0,1.0,1.0,0.0,1.0,0.0,0.5290764570236206,0.4977078437805176,0.5259757041931152,0.4908911883831024,0.4854898452758789,0.49395811557769775,0.0
136,1.0,1.0,1.0,0.0,1.0,0.0,0.5203036665916443,0.5229864120483398,0.5356946587562561,0.48158082365989685,0.48942136764526367,0.4843350648880005,2.0
137,0.0,0.0,0.0,0.0,0.0,0.0,0.5201396942138672,0.5227795243263245,0.535524845123291,0.4813871383666992,0.4892497658729553,0.4841577410697937,2.0
138,0.0,0.0,0.0,0.0,0.0,0.0,0.5201481580734253,0.5227465629577637,0.5355068445205688,0.4813598394393921,0.4892316162586212,0.48412638902664185,2.0
139,0.0,0.0,0.0,0.0,0.0,0.0,0.520126461982727,0.5227305889129639,0.5354973673820496,0.4813424050807953,0.4892129600048065,0.4841153919696808,2.0
140,0.0,0.0,0.0,0.0,0.0,0.0,0.5561507940292358,0.5105453133583069,0.49694013595581055,0.4948522746562958,0.4957915246486664,0.48914214968681335,1.0
141,1.0,1.0,0.0,1.0,1.0,0.0,0.5292205810546875,0.49785950779914856,0.5260812640190125,0.4910180866718292,0.48562192916870117,0.49403467774391174,0.0
142,1.0,1.0,0.0,0.0,1.0,0.0,0.5562664270401001,0.5107016563415527,0.4970952868461609,0.49498051404953003,0.49587464332580566,0.4892846941947937,1.0
143,1.0,1.0,0.0,0.0,1.0,0.0,0.5204639434814453,0.5230396389961243,0.5354403257369995,0.48172152042388916,0.4899815022945404,0.48416411876678467,4.0
144,0.0,0.0,0.0,0.0,0.0,0.0,0.5201990008354187,0.5228617191314697,0.535571277141571,0.48143813014030457,0.489295095205307,0.4842189848423004,2.0
145,0.0,0.0,0.0,0.0,0.0,0.0,0.5204613208770752,0.5229218602180481,0.5352450013160706,0.481222003698349,0.4887552559375763,0.4836382567882538,3.0
146,1.0,1.0,1.0,1.0,1.0,0.0,0.5208865404129028,0.5236625075340271,0.5357959270477295,0.4823361933231354,0.4904090166091919,0.4846467971801758,4.0
147,1.0,1.0,0.0,1.0,1.0,0.0,0.556427001953125,0.5109296441078186,0.49728840589523315,0.49519410729408264,0.49607110023498535,0.4894854724407196,1.0
148,0.0,0.0,0.0,0.0,0.0,0.0,0.5561565160751343,0.5105462670326233,0.49695003032684326,0.4948531985282898,0.49573689699172974,0.48913776874542236,1.0
149,1.0,0.0,0.0,0.0,0.0,0.0,0.5205866694450378,0.5230649709701538,0.5353763103485107,0.4814021587371826,0.48886632919311523,0.48380327224731445,3.0
150,0.0,0.0,0.0,0.0,0.0,0.0,0.5205263495445251,0.5231921672821045,0.535474419593811,0.4818495810031891,0.4900320768356323,0.484249472618103,4.0
151,1.0,1.0,0.0,0.0,0.0,0.0,0.5205448865890503,0.5231606364250183,0.5354938507080078,0.48182323575019836,0.4900522828102112,0.4842444360256195,4.0
152,0.0,0.0,0.0,0.0,0.0,0.0,0.5204961895942688,0.5230898857116699,0.5354294776916504,0.48175227642059326,0.48997825384140015,0.4841825067996979,4.0
153,1.0,1.0,1.0,1.0,1.0,0.0,0.5209314823150635,0.5234765410423279,0.5357081294059753,0.4818218946456909,0.4892398416996002,0.4841729402542114,3.0
154,0.0,0.0,0.0,0.0,0.0,0.0,0.5206136107444763,0.5231913328170776,0.5353565216064453,0.481465607881546,0.4888952374458313,0.4838511645793915,3.0
155,0.0,0.0,0.0,0.0,0.0,0.0,0.5561999678611755,0.5105903744697571,0.49697181582450867,0.49490827322006226,0.49577242136001587,0.48920542001724243,1.0
156,0.0,0.0,0.0,0.0,0.0,0.0,0.5562868118286133,0.5107487440109253,0.4970925748348236,0.49504536390304565,0.495848149061203,0.4893434941768646,1.0
157,1.0,1.0,1.0,1.0,1.0,1.0,0.5209008455276489,0.5234612822532654,0.5356594324111938,0.48178139328956604,0.48919761180877686,0.484144002199173,3.0
158,1.0,1.0,1.0,1.0,1.0,1.0,0.5562705993652344,0.5107027888298035,0.4970664083957672,0.4949728548526764,0.4958522319793701,0.4892760217189789,1.0
159,0.0,0.0,0.0,0.0,0.0,0.0,0.5205575823783875,0.5230226516723633,0.5353556871414185,0.4813518822193146,0.48884478211402893,0.48375561833381653,3.0
160,0.0,0.0,0.0,0.0,0.0,0.0,0.5204697847366333,0.5230823755264282,0.5353943705558777,0.481741338968277,0.4899599254131317,0.4841401278972626,4.0
161,1.0,1.0,0.0,0.0,1.0,0.0,0.5205581188201904,0.5232245326042175,0.5355234742164612,0.48190444707870483,0.4900737404823303,0.48428529500961304,4.0
162,1.0,1.0,0.0,0.0,0.0,0.0,0.5292311906814575,0.4978933036327362,0.5260958075523376,0.4910370707511902,0.485635370016098,0.4940633177757263,0.0
163,0.0,0.0,0.0,0.0,0.0,0.0,0.5289872288703918,0.4975564181804657,0.525840163230896,0.4907570779323578,0.4853701591491699,0.49383243918418884,0.0
164,1.0,1.0,0.0,0.0,1.0,0.0,0.5562962293624878,0.5107561945915222,0.49711519479751587,0.495044469833374,0.4958990812301636,0.48934486508369446,1.0
165,1.0,1.0,1.0,1.0,1.0,1.0,0.5206485390663147,0.523423969745636,0.5359992384910583,0.48201480507850647,0.4897628426551819,0.4846743643283844,2.0
166,1.0,1.0,1.0,1.0,1.0,0.0,0.5208331346511841,0.5235623717308044,0.5357934832572937,0.4822402596473694,0.49037668108940125,0.4845918118953705,4.0
167,1.0,1.0,1.0,1.0,1.0,0.0,0.5206252932548523,0.5234025716781616,0.5359500050544739,0.48197686672210693,0.48971864581108093,0.48464858531951904,2.0
168,0.0,0.0,0.0,0.0,0.0,0.0,0.5289639830589294,0.4975399971008301,0.5258170962333679,0.490736186504364,0.48535647988319397,0.4937950372695923,0.0
169,0.0,1.0,0.0,1.0,1.0,1.0,0.520738422870636,0.5232905149459839,0.5355184674263,0.4816094636917114,0.4890422821044922,0.48396801948547363,3.0
170,1.0,1.0,0.0,1.0,1.0,1.0,0.5291324853897095,0.497776061296463,0.5260030031204224,0.49094751477241516,0.4855608642101288,0.49398696422576904,0.0
171,0.0,0.0,0.0,0.0,0.0,0.0,0.5200730562210083,0.5226787328720093,0.5354453921318054,0.48126882314682007,0.4891650378704071,0.48405569791793823,2.0
172,1.0,1.0,0.0,1.0,1.0,0.0,0.5206199884414673,0.5231449007987976,0.5354138612747192,0.48147931694984436,0.4889325499534607,0.48386138677597046,3.0
173,1.0,1.0,1.0,0.0,1.0,0.0,0.5291054844856262,0.4977254569530487,0.5259886384010315,0.49092280864715576,0.4855317771434784,0.4939819574356079,0.0
174,1.0,1.0,1.0,1.0,0.0,1.0,0.5563123822212219,0.5107864737510681,0.49712303280830383,0.49506670236587524,0.49588993191719055,0.48935964703559875,1.0
175,1.0,1.0,0.0,1.0,1.0,1.0,0.5294946432113647,0.4982260465621948,0.5263523459434509,0.49133339524269104,0.4859299063682556,0.4943322241306305,0.0
176,1.0,1.0,0.0,1.0,1.0,0.0,0.5209235548973083,0.5234879851341248,0.5357082486152649,0.4818383455276489,0.48925015330314636,0.4841967523097992,3.0
177,0.0,1.0,1.0,1.0,1.0,1.0,0.5562747716903687,0.5107344388961792,0.4970436692237854,0.4950355887413025,0.49581506848335266,0.48928457498550415,1.0
178,0.0,1.0,1.0,1.0,1.0,0.0,0.5562878251075745,0.5107253193855286,0.497083842754364,0.4950404465198517,0.49582168459892273,0.4893055260181427,1.0
179,1.0,1.0,0.0,1.0,1.0,0.0,0.5562156438827515,0.5105971693992615,0.4969801902770996,0.4949219226837158,0.49577078223228455,0.48919612169265747,1.0
180,0.0,0.0,0.0,0.0,0.0,0.0,0.520675539970398,0.5231486558914185,0.5354767441749573,0.48149317502975464,0.488971471786499,0.4838939309120178,3.0
181,1.0,1.0,1.0,1.0,0.0,0.0,0.5563390851020813,0.5108079314231873,0.4971393942832947,0.4951121509075165,0.49591660499572754,0.4893907606601715,1.0
182,0.0,0.0,0.0,0.0,0.0,0.0,0.5201111435890198,0.5226881504058838,0.5354735851287842,0.48128560185432434,0.4891808331012726,0.4840710759162903,2.0
183,1.0,1.0,1.0,1.0,1.0,1.0,0.5206866264343262,0.5234735608100891,0.5360390543937683,0.4820795953273773,0.4898248314857483,0.4847392141819,2.0
184,1.0,1.0,1.0,1.0,1.0,1.0,0.5293320417404175,0.49799948930740356,0.5262289643287659,0.49113985896110535,0.4857731759548187,0.49420616030693054,0.0
185,0.0,0.0,0.0,0.0,0.0,0.0,0.5289360284805298,0.4975067675113678,0.5258105993270874,0.49071240425109863,0.4853261411190033,0.49378684163093567,0.0
186,1.0,1.0,1.0,1.0,1.0,1.0,0.5206617712974548,0.5233649611473083,0.5356332659721375,0.48201891779899597,0.49017879366874695,0.4844066798686981,4.0
187,1.0,1.0,1.0,1.0,1.0,0.0,0.5204269289970398,0.523073136806488,0.5353742241859436,0.4817103445529938,0.48993757367134094,0.4841170012950897,4.0
188,1.0,1.0,0.0,0.0,1.0,0.0,0.5290764570236206,0.4976891279220581,0.525973916053772,0.4908859133720398,0.48548275232315063,0.49395042657852173,0.0
189,1.0,1.0,1.0,1.0,0.0,0.0,0.5207929015159607,0.5234974026679993,0.5357325077056885,0.4821770191192627,0.4903048574924469,0.48453179001808167,4.0
190,0.0,0.0,0.0,0.0,0.0,0.0,0.5204671025276184,0.5228962302207947,0.5352689623832703,0.48121726512908936,0.4887513816356659,0.48366251587867737,3.0
191,0.0,0.0,0.0,0.0,0.0,0.0,0.5205316543579102,0.5229816436767578,0.5353193283081055,0.4813101291656494,0.4888254404067993,0.48372676968574524,3.0
192,0.0,1.0,0.0,1.0,1.0,0.0,0.5561801195144653,0.5106056928634644,0.49698182940483093,0.4949016571044922,0.4957762658596039,0.4891800284385681,1.0
193,0.0,0.0,0.0,0.0,0.0,0.0,0.5201698541641235,0.5227604508399963,0.5355460047721863,0.481389582157135,0.4892643690109253,0.4841516613960266,2.0
194,1.0,1.0,1.0,1.0,0.0,0.0,0.5203090310096741,0.5230048298835754,0.535719633102417,0.48160800337791443,0.4894365668296814,0.48433518409729004,2.0
195,0.0,1.0,1.0,1.0,1.0,1.0,0.5562407374382019,0.5106850266456604,0.4970231056213379,0.49498677253723145,0.49576976895332336,0.489260733127594,1.0
196,1.0,1.0,1.0,1.0,1.0,1.0,0.5564866065979004,0.5110035538673401,0.4972971975803375,0.49526578187942505,0.4960912764072418,0.4895477890968323,1.0
197,1.0,1.0,1.0,1.0,1.0,1.0,0.520892858505249,0.5236716270446777,0.5358195900917053,0.4823291599750519,0.4904358983039856,0.4846539795398712,4.0
198,0.0,0.0,0.0,0.0,0.0,0.0,0.5290395021438599,0.49763473868370056,0.5259112119674683,0.4908387064933777,0.48542869091033936,0.4938991963863373,0.0
199,0.0,0.0,1.0,0.0,0.0,0.0,0.528994083404541,0.4976058900356293,0.5258561968803406,0.4907817244529724,0.48539993166923523,0.4938170313835144,0.0
200,0.0,0.0,0.0,0.0,0.0,0.0,0.5204861760139465,0.5231585502624512,0.535397469997406,0.4818125069141388,0.48995786905288696,0.48417407274246216,4.0
201,1.0,1.0,1.0,1.0,1.0,0.0,0.520905077457428,0.5236135721206665,0.5358278155326843,0.48230037093162537,0.49044427275657654,0.48462367057800293,4.0
202,1.0,1.0,1.0,1.0,1.0,1.0,0.5211435556411743,0.5239690542221069,0.5360302329063416,0.48262080550193787,0.4906425476074219,0.48488447070121765,4.0
203,0.0,0.0,1.0,0.0,0.0,1.0,0.5291689038276672,0.4978017210960388,0.5260400176048279,0.49098947644233704,0.4855858385562897,0.4940204620361328,0.0
204,1.0,1.0,1.0,1.0,1.0,0.0,0.5204067826271057,0.5230904221534729,0.5358086228370667,0.4817102253437042,0.48952773213386536,0.48443934321403503,2.0
205,1.0,1.0,1.0,1.0,1.0,1.0,0.520754337310791,0.5234264135360718,0.5357121825218201,0.48212042450904846,0.4902713894844055,0.4844733774662018,4.0
206,1.0,1.0,1.0,1.0,1.0,0.0,0.5209431648254395,0.5237683057785034,0.535826563835144,0.48239582777023315,0.49044954776763916,0.4846976399421692,4.0
207,1.0,1.0,0.0,0.0,1.0,1.0,0.5204660296440125,0.5231367349624634,0.5354047417640686,0.48176828026771545,0.489946186542511,0.4841679036617279,4.0
208,1.0,1.0,1.0,1.0,1.0,1.0,0.5565399527549744,0.5110854506492615,0.49731576442718506,0.4953537583351135,0.4960528016090393,0.48961150646209717,1.0
209,1.0,1.0,1.0,1.0,1.0,1.0,0.5563098192214966,0.5107620358467102,0.4971211850643158,0.49504178762435913,0.49590325355529785,0.48932328820228577,1.0
210,1.0,1.0,1.0,1.0,1.0,1.0,0.5291646718978882,0.49779534339904785,0.5260631442070007,0.4909847378730774,0.48562091588974,0.4940195381641388,0.0
211,1.0,1.0,1.0,1.0,1.0,1.0,0.520209014415741,0.5228279232978821,0.5356224775314331,0.481449693441391,0.48932498693466187,0.4842512011528015,2.0
212,0.0,0.0,0.0,0.0,0.0,0.0,0.5289714336395264,0.4975578188896179,0.5258340239524841,0.49073320627212524,0.48536062240600586,0.493816077709198,0.0
213,1.0,1.0,0.0,0.0,0.0,0.0,0.5203512907028198,0.5230329036712646,0.5357407331466675,0.48166510462760925,0.48947882652282715,0.4843645989894867,2.0
214,1.0,1.0,0.0,0.0,0.0,0.0,0.5564212799072266,0.5108948349952698,0.49723342061042786,0.49519142508506775,0.49599531292915344,0.4894794523715973,1.0
215,0.0,0.0,0.0,0.0,0.0,0.0,0.5201677680015564,0.5227385759353638,0.5355308651924133,0.48132577538490295,0.4892478287220001,0.4841195046901703,2.0
216,0.0,0.0,0.0,0.0,0.0,0.0,0.5204480886459351,0.5230567455291748,0.5353922843933105,0.48172667622566223,0.4899432361125946,0.4841344952583313,4.0
217,0.0,0.0,0.0,0.0,0.0,0.0,0.5204903483390808,0.5229495167732239,0.5352907776832581,0.4812900424003601,0.488781213760376,0.48370710015296936,3.0
218,0.0,0.0,0.0,0.0,0.0,0.0,0.5560749173164368,0.510461688041687,0.49684107303619385,0.4947534501552582,0.4956623911857605,0.48903995752334595,1.0
219,1.0,1.0,0.0,0.0,1.0,0.0,0.5206152200698853,0.5232973098754883,0.5355799794197083,0.4819708466529846,0.4901282787322998,0.4843432307243347,4.0
220,0.0,1.0,0.0,0.0,1.0,1.0,0.5290574431419373,0.49768829345703125,0.5259329676628113,0.490872859954834,0.48547208309173584,0.49389809370040894,0.0
221,1.0,1.0,0.0,0.0,0.0,0.0,0.5560942888259888,0.5104909539222717,0.496901273727417,0.4947876036167145,0.4957272410392761,0.48907485604286194,1.0
222,1.0,1.0,0.0,0.0,1.0,0.0,0.5203840732574463,0.5230684280395508,0.5358023643493652,0.4816919267177582,0.4895123243331909,0.48440203070640564,2.0
223,0.0,0.0,0.0,0.0,0.0,0.0,0.5206284523010254,0.5231296420097351,0.5354156494140625,0.4814544916152954,0.48891910910606384,0.4838411211967468,3.0
224,1.0,1.0,0.0,0.0,0.0,0.0,0.5202714204788208,0.5229601860046387,0.5356401801109314,0.4815591275691986,0.4893568456172943,0.48427629470825195,2.0
225,0.0,0.0,0.0,0.0,0.0,0.0,0.5206168293952942,0.523309588432312,0.5355450510978699,0.4819625914096832,0.49010971188545227,0.4843228757381439,4.0
226,1.0,1.0,1.0,1.0,1.0,0.0,0.529353678226471,0.49805164337158203,0.5262227058410645,0.49117758870124817,0.4857977032661438,0.49417564272880554,0.0
227,0.0,1.0,1.0,1.0,0.0,1.0,0.5204554796218872,0.5231923460960388,0.5358440279960632,0.48178979754447937,0.48958081007003784,0.48449429869651794,2.0
228,1.0,1.0,1.0,1.0,1.0,1.0,0.5205067992210388,0.5232245922088623,0.5359154939651489,0.48183995485305786,0.48963847756385803,0.4845634996891022,2.0
229,1.0,1.0,1.0,1.0,1.0,1.0,0.520733654499054,0.5234338641166687,0.5356605648994446,0.48211267590522766,0.4902382493019104,0.48443683981895447,4.0
230,0.0,0.0,0.0,0.0,0.0,0.0,0.5205675959587097,0.5231524109840393,0.5354989171028137,0.4818190336227417,0.4900391697883606,0.4842223525047302,4.0
231,0.0,0.0,0.0,0.0,0.0,0.0,0.5289064645767212,0.49751266837120056,0.5257959961891174,0.49068114161491394,0.4853282868862152,0.49379032850265503,0.0
232,0.0,0.0,0.0,0.0,0.0,0.0,0.5203867554664612,0.523082971572876,0.5357403755187988,0.48167797923088074,0.48947039246559143,0.484384685754776,2.0
233,0.0,1.0,1.0,1.0,1.0,1.0,0.5563966631889343,0.5108742713928223,0.49720925092697144,0.49516499042510986,0.496020644903183,0.4894458055496216,1.0
234,0.0,1.0,1.0,1.0,0.0,1.0,0.5208753943443298,0.5234779715538025,0.5356032848358154,0.4817802906036377,0.48917466402053833,0.48413896560668945,3.0
235,0.0,0.0,0.0,0.0,0.0,0.0,0.5202481150627136,0.522884726524353,0.5356534123420715,0.4814976751804352,0.48935389518737793,0.48425936698913574,2.0
236,1.0,1.0,0.0,0.0,1.0,0.0,0.5562025308609009,0.5106028318405151,0.49698543548583984,0.4949113130569458,0.49577516317367554,0.4892038404941559,1.0
237,1.0,1.0,1.0,1.0,1.0,1.0,0.5290854573249817,0.49769195914268494,0.5259720087051392,0.4908818304538727,0.4854808449745178,0.49394774436950684,0.0
238,1.0,1.0,1.0,1.0,1.0,1.0,0.5207770466804504,0.5233176946640015,0.535539984703064,0.4816362261772156,0.4890747368335724,0.48400941491127014,3.0
239,0.0,0.0,0.0,0.0,0.0,0.0,0.5289708971977234,0.49759265780448914,0.5258315205574036,0.4907585680484772,0.4853719174861908,0.49381643533706665,0.0
240,0.0,0.0,0.0,0.0,0.0,0.0,0.5290252566337585,0.4976402223110199,0.5258982181549072,0.4908267557621002,0.4854491055011749,0.4938536584377289,0.0
241,1.0,1.0,1.0,1.0,1.0,1.0,0.5207643508911133,0.5234658718109131,0.5356922149658203,0.48214131593704224,0.4902507960796356,0.48447707295417786,4.0
242,0.0,0.0,0.0,0.0,0.0,0.0,0.5202327966690063,0.522897481918335,0.5356440544128418,0.4814906418323517,0.489320307970047,0.4842388927936554,2.0
243,0.0,0.0,0.0,0.0,0.0,0.0,0.5562878251075745,0.5107336044311523,0.497060626745224,0.49503830075263977,0.4958205819129944,0.4893089532852173,1.0
244,1.0,1.0,1.0,0.0,0.0,0.0,0.529094934463501,0.4977213144302368,0.5259777307510376,0.4909076392650604,0.4855322241783142,0.4939553141593933,0.0
245,0.0,0.0,0.0,0.0,0.0,0.0,0.5205041170120239,0.5229637622833252,0.5353093147277832,0.48128390312194824,0.4887907803058624,0.4837019145488739,3.0
246,0.0,1.0,1.0,1.0,1.0,1.0,0.5206802487373352,0.52336585521698,0.5356305241584778,0.4820239543914795,0.49018263816833496,0.48442357778549194,4.0
247,1.0,1.0,1.0,1.0,1.0,1.0,0.5294988751411438,0.498197466135025,0.5263333916664124,0.4913192391395569,0.48594701290130615,0.4943036735057831,0.0
248,0.0,1.0,1.0,1.0,0.0,1.0,0.5205031037330627,0.5232176780700684,0.5358561873435974,0.48184317350387573,0.4896072745323181,0.4845293462276459,2.0
249,0.0,0.0,0.0,0.0,0.0,0.0,0.5201217532157898,0.522737443447113,0.5355038642883301,0.4813469350337982,0.4892299175262451,0.48412108421325684,2.0
250,0.0,0.0,0.0,0.0,0.0,0.0,0.5205311179161072,0.5229871869087219,0.5353272557258606,0.48131614923477173,0.4888415038585663,0.4837181866168976,3.0
251,0.0,1.0,1.0,1.0,1.0,1.0,0.5292412638664246,0.497891366481781,0.5260944962501526,0.4910401701927185,0.48566168546676636,0.49405190348625183,0.0
252,1.0,1.0,0.0,0.0,1.0,0.0,0.5207093358039856,0.5233938097953796,0.53566575050354,0.48206478357315063,0.49021023511886597,0.4844232499599457,4.0
253,1.0,1.0,1.0,1.0,1.0,0.0,0.5207368731498718,0.5234205722808838,0.5357006788253784,0.4821072220802307,0.49026191234588623,0.4844803810119629,4.0
254,1.0,1.0,1.0,0.0,1.0,1.0,0.5562512278556824,0.5106760859489441,0.4970191717147827,0.49496981501579285,0.49580299854278564,0.4892519414424896,1.0
255,1.0,1.0,1.0,0.0,1.0,0.0,0.5207633376121521,0.5233282446861267,0.535565197467804,0.48164474964141846,0.489089697599411,0.48401471972465515,3.0
256,1.0,1.0,1.0,1.0,1.0,0.0,0.520514190196991,0.5232375860214233,0.535849928855896,0.48183906078338623,0.48960447311401367,0.4845351576805115,2.0
257,0.0,0.0,0.0,0.0,0.0,0.0,0.5205094218254089,0.5229724645614624,0.5353034734725952,0.4812851846218109,0.48878732323646545,0.4836917519569397,3.0
258,0.0,0.0,0.0,0.0,0.0,0.0,0.5202333927154541,0.5229219198226929,0.5356076955795288,0.48150646686553955,0.4893204867839813,0.48422005772590637,2.0
259,1.0,0.0,0.0,0.0,1.0,0.0,0.5289222598075867,0.4974905550479889,0.5257897973060608,0.49068066477775574,0.48529964685440063,0.49378713965415955,0.0
260,0.0,0.0,1.0,0.0,0.0,1.0,0.5202618837356567,0.5229517817497253,0.5356522798538208,0.48154112696647644,0.48936277627944946,0.48429128527641296,2.0
261,1.0,1.0,0.0,0.0,1.0,0.0,0.5291704535484314,0.49781304597854614,0.5260400772094727,0.4909883141517639,0.4856078624725342,0.4940266013145447,0.0
262,1.0,1.0,0.0,0.0,1.0,1.0,0.5204734206199646,0.5231486558914185,0.5354297161102295,0.481768935918808,0.48996713757514954,0.48417747020721436,4.0
263,0.0,0.0,0.0,1.0,1.0,1.0,0.5205877423286438,0.52308189868927,0.5353763699531555,0.48142433166503906,0.4888686239719391,0.48381349444389343,3.0
264,0.0,0.0,0.0,0.0,0.0,0.0,0.5209188461303711,0.5234697461128235,0.5356539487838745,0.4818178117275238,0.48919761180877686,0.48413699865341187,3.0
265,1.0,1.0,0.0,0.0,1.0,0.0,0.5564918518066406,0.5109933614730835,0.49728575348854065,0.4952898323535919,0.4960460960865021,0.48953917622566223,1.0
266,1.0,1.0,1.0,1.0,1.0,0.0,0.5562988519668579,0.5107271671295166,0.4971197843551636,0.4950178563594818,0.49591949582099915,0.4893200993537903,1.0
267,1.0,1.0,1.0,1.0,1.0,0.0,0.5204983353614807,0.5232225060462952,0.5358752012252808,0.4818359613418579,0.4896150529384613,0.4845437705516815,2.0
268,1.0,1.0,0.0,1.0,1.0,0.0,0.5207797288894653,0.5233781337738037,0.5354915261268616,0.48165735602378845,0.4890698492527008,0.48400068283081055,3.0
269,0.0,0.0,0.0,0.0,0.0,0.0,0.5204967856407166,0.5231112241744995,0.5354230999946594,0.4817657768726349,0.4899918735027313,0.4841790795326233,4.0
270,0.0,1.0,1.0,1.0,0.0,1.0,0.5290184020996094,0.49761319160461426,0.5258800983428955,0.49080631136894226,0.48539140820503235,0.4938536584377289,0.0
271,1.0,1.0,1.0,1.0,1.0,0.0,0.5289925336837769,0.4975923001766205,0.5258604884147644,0.49077242612838745,0.4853881299495697,0.4938529431819916,0.0
272,1.0,1.0,0.0,0.0,1.0,0.0,0.5201608538627625,0.5227923393249512,0.535548985004425,0.48138928413391113,0.4892675578594208,0.48416516184806824,2.0
273,0.0,1.0,1.0,0.0,0.0,0.0,0.5203242897987366,0.5229936838150024,0.5357338786125183,0.481590211391449,0.4894355535507202,0.4843529760837555,2.0
274,0.0,0.0,0.0,0.0,0.0,0.0,0.529004693031311,0.49759748578071594,0.5258601307868958,0.4907965362071991,0.48539528250694275,0.49384039640426636,0.0
275,0.0,0.0,0.0,0.0,0.0,0.0,0.5289492011070251,0.4975205361843109,0.5258066654205322,0.490713506937027,0.4853391647338867,0.49381840229034424,0.0
276,1.0,1.0,1.0,1.0,1.0,1.0,0.5208204388618469,0.5235257744789124,0.5357615351676941,0.4822102189064026,0.49032503366470337,0.48453840613365173,4.0
277,1.0,1.0,1.0,1.0,1.0,1.0,0.5562574863433838,0.5106865167617798,0.49704957008361816,0.4949679672718048,0.4958406388759613,0.48928630352020264,1.0
278,1.0,1.0,1.0,1.0,1.0,0.0,0.5209404826164246,0.5235512852668762,0.5356874465942383,0.48182621598243713,0.4892526865005493,0.48420459032058716,3.0
279,1.0,1.0,1.0,1.0,1.0,0.0,0.5208178162574768,0.5235094428062439,0.5357634425163269,0.4821919798851013,0.49032658338546753,0.4845617413520813,4.0
280,1.0,1.0,1.0,1.0,1.0,1.0,0.5202296376228333,0.5228917598724365,0.5356369018554688,0.48149412870407104,0.4893368184566498,0.4842708706855774,2.0
281,0.0,0.0,0.0,0.0,0.0,0.0,0.5202592611312866,0.5229566097259521,0.5356354117393494,0.4815366864204407,0.48934611678123474,0.4842674136161804,2.0
282,1.0,1.0,1.0,1.0,1.0,0.0,0.5564965605735779,0.5110107064247131,0.49731865525245667,0.4952876567840576,0.4960773289203644,0.4895598590373993,1.0
283,1.0,1.0,0.0,0.0,1.0,0.0,0.520368218421936,0.5229633450508118,0.5353583693504333,0.48161277174949646,0.48987317085266113,0.4840524196624756,4.0
284,1.0,1.0,1.0,0.0,0.0,1.0,0.5209113955497742,0.52344810962677,0.5356937646865845,0.4818067252635956,0.48923611640930176,0.4841604232788086,3.0
285,1.0,1.0,1.0,1.0,1.0,1.0,0.5566121339797974,0.511196494102478,0.49745088815689087,0.49543848633766174,0.4961874186992645,0.48971274495124817,1.0
286,0.0,0.0,0.0,0.0,0.0,0.0,0.5560823082923889,0.5104647278785706,0.4968686103820801,0.4947686195373535,0.49565887451171875,0.48904138803482056,1.0
287,1.0,1.0,1.0,1.0,0.0,0.0,0.5562617182731628,0.5107173919677734,0.49709856510162354,0.4949846565723419,0.4959035813808441,0.48927339911460876,1.0
288,1.0,1.0,0.0,0.0,1.0,0.0,0.5208051204681396,0.523475170135498,0.5357284545898438,0.4821639955043793,0.49030575156211853,0.48450589179992676,4.0
289,0.0,0.0,0.0,0.0,0.0,0.0,0.5290606617927551,0.4976803958415985,0.5259226560592651,0.4908602833747864,0.4854544401168823,0.4938945472240448,0.0
290,0.0,1.0,1.0,1.0,1.0,1.0,0.5563631653785706,0.5108340382575989,0.497187077999115,0.49512606859207153,0.49599578976631165,0.4894014894962311,1.0
291,1.0,1.0,1.0,1.0,1.0,0.0,0.5566450953483582,0.511258065700531,0.4974744915962219,0.4954911768436432,0.49621817469596863,0.4897651970386505,1.0
292,1.0,1.0,1.0,0.0,1.0,1.0,0.5563935041427612,0.5108817219734192,0.4972330629825592,0.49512389302253723,0.4960331916809082,0.4894316494464874,1.0
293,1.0,1.0,0.0,0.0,1.0,0.0,0.5205565094947815,0.5232455730438232,0.5355310440063477,0.48190033435821533,0.49008142948150635,0.4842936396598816,4.0
294,1.0,1.0,1.0,1.0,1.0,0.0,0.5564850568771362,0.511006236076355,0.49732136726379395,0.49527937173843384,0.4960741400718689,0.48955848813056946,1.0
295,1.0,1.0,0.0,0.0,0.0,0.0,0.5206136107444763,0.5233091115951538,0.5355381965637207,0.4819738268852234,0.49010032415390015,0.4843388795852661,4.0
296,0.0,1.0,1.0,1.0,0.0,1.0,0.5562156438827515,0.5106172561645508,0.4969675838947296,0.4949329197406769,0.495761513710022,0.489205926656723,1.0
297,1.0,1.0,1.0,1.0,1.0,1.0,0.5293156504631042,0.4979632496833801,0.5261919498443604,0.4911271035671234,0.485739141702652,0.4941684305667877,0.0
298,1.0,1.0,1.0,1.0,1.0,0.0,0.5291366577148438,0.49776726961135864,0.5259965062141418,0.49095600843429565,0.4855559170246124,0.4939819574356079,0.0
299,1.0,1.0,1.0,1.0,1.0,0.0,0.5204322338104248,0.5231409668922424,0.5358440279960632,0.4817395508289337,0.4895728826522827,0.4844744801521301,2.0
300,0.0,0.0,0.0,0.0,0.0,0.0,0.5288060903549194,0.4973495602607727,0.5256912112236023,0.4905625581741333,0.4851762354373932,0.4936482310295105,0.0
301,1.0,1.0,1.0,1.0,1.0,0.0,0.5209113955497742,0.5234779119491577,0.5357059240341187,0.4818175435066223,0.48924195766448975,0.4841728210449219,3.0
302,1.0,1.0,1.0,1.0,1.0,1.0,0.5206316113471985,0.5234076976776123,0.5359749794006348,0.48200175166130066,0.4897427558898926,0.48466163873672485,2.0
303,1.0,1.0,1.0,0.0,0.0,0.0,0.5293172597885132,0.4979657828807831,0.5261889100074768,0.4911365211009979,0.4857437014579773,0.49415701627731323,0.0
304,0.0,0.0,0.0,0.0,0.0,0.0,0.5204999446868896,0.522969663143158,0.5353142023086548,0.4812820851802826,0.488791823387146,0.48369675874710083,3.0
305,1.0,1.0,1.0,1.0,1.0,0.0,0.520357072353363,0.5230672359466553,0.5357047319412231,0.4816584587097168,0.4894578158855438,0.48435503244400024,2.0
306,0.0,0.0,0.0,0.0,0.0,0.0,0.5560309886932373,0.5104013085365295,0.496818870306015,0.4946966767311096,0.49565020203590393,0.4889775812625885,1.0
307,1.0,1.0,1.0,1.0,1.0,1.0,0.5203930735588074,0.5230830907821655,0.5357915759086609,0.48170214891433716,0.48951053619384766,0.48440679907798767,2.0
308,1.0,1.0,0.0,0.0,0.0,0.0,0.5561324954032898,0.5105213522911072,0.49691322445869446,0.4948088824748993,0.49575671553611755,0.48910826444625854,1.0
309,0.0,0.0,0.0,0.0,0.0,0.0,0.5562580227851868,0.5107191205024719,0.49706757068634033,0.49501854181289673,0.49582186341285706,0.4892953038215637,1.0
310,0.0,0.0,0.0,0.0,0.0,0.0,0.5560733675956726,0.5104470252990723,0.4968743324279785,0.49474644660949707,0.49570316076278687,0.4890376627445221,1.0
311,1.0,1.0,1.0,1.0,1.0,1.0,0.5205094218254089,0.5232367515563965,0.535877525806427,0.4818517863750458,0.48963043093681335,0.4845498204231262,2.0
312,1.0,1.0,1.0,1.0,1.0,1.0,0.5565420389175415,0.5110934972763062,0.4973886013031006,0.4953401982784271,0.4961397647857666,0.48963066935539246,1.0
313,1.0,1.0,1.0,1.0,1.0,1.0,0.5207411050796509,0.5232890248298645,0.5355187058448792,0.48159486055374146,0.48903778195381165,0.4839629828929901,3.0
314,1.0,1.0,1.0,1.0,1.0,0.0,0.5202507972717285,0.5228941440582275,0.535656213760376,0.4814795255661011,0.4893549680709839,0.48426708579063416,2.0
315,1.0,1.0,1.0,1.0,1.0,1.0,0.5206373929977417,0.5233277678489685,0.5355902314186096,0.4819718301296234,0.49015530943870544,0.4843640625476837,4.0
316,1.0,1.0,1.0,1.0,1.0,1.0,0.5291652083396912,0.4978363513946533,0.5260375142097473,0.49097946286201477,0.4855920076370239,0.4940034747123718,0.0
317,0.0,0.0,0.0,0.0,0.0,0.0,0.520520031452179,0.5231324434280396,0.5354748964309692,0.48178619146347046,0.49002668261528015,0.48420417308807373,4.0
318,1.0,1.0,1.0,1.0,1.0,0.0,0.5202005505561829,0.5228192806243896,0.5355914235115051,0.4814380705356598,0.48930633068084717,0.4842055141925812,2.0
319,0.0,0.0,0.0,0.0,0.0,0.0,0.5202111005783081,0.522887110710144,0.5356443524360657,0.4814850091934204,0.48933687806129456,0.484246164560318,2.0
320,1.0,1.0,1.0,1.0,1.0,1.0,0.5208278298377991,0.5233633518218994,0.5356082320213318,0.4817061424255371,0.489141583442688,0.48408129811286926,3.0
321,0.0,0.0,0.0,0.0,0.0,0.0,0.5201656222343445,0.5228014588356018,0.5355439186096191,0.48138514161109924,0.48926037549972534,0.48415666818618774,2.0
322,1.0,1.0,1.0,1.0,1.0,1.0,0.5565561652183533,0.5111052393913269,0.49740830063819885,0.49535495042800903,0.49617132544517517,0.48962992429733276,1.0
323,0.0,0.0,0.0,0.0,0.0,0.0,0.5560775399208069,0.5104454159736633,0.4968796968460083,0.4947526156902313,0.49569928646087646,0.48903316259384155,1.0
324,0.0,1.0,1.0,1.0,1.0,1.0,0.5292597413063049,0.4979251027107239,0.5261250138282776,0.4910573959350586,0.4856804609298706,0.4940904378890991,0.0
325,0.0,1.0,1.0,1.0,0.0,1.0,0.5204454660415649,0.5231324434280396,0.5358678102493286,0.48175162076950073,0.4895636737346649,0.4844721555709839,2.0
326,1.0,1.0,0.0,0.0,0.0,0.0,0.5562360286712646,0.5106773972511292,0.49703189730644226,0.4949641525745392,0.49582669138908386,0.4892488420009613,1.0
327,1.0,1.0,0.0,0.0,1.0,0.0,0.5562789440155029,0.5106977820396423,0.4970860779285431,0.4949890971183777,0.4958590269088745,0.48928776383399963,1.0
328,1.0,1.0,1.0,1.0,1.0,1.0,0.5204935669898987,0.5232195854187012,0.5358678102493286,0.48184698820114136,0.4896202087402344,0.4845375120639801,2.0
329,1.0,1.0,1.0,1.0,1.0,1.0,0.5204613208770752,0.5231783986091614,0.5358712077140808,0.48179322481155396,0.48959872126579285,0.4845135509967804,2.0
330,0.0,0.0,0.0,0.0,0.0,0.0,0.520519495010376,0.5231826901435852,0.5354721546173096,0.4818439483642578,0.49001580476760864,0.4842374324798584,4.0
331,0.0,0.0,0.0,0.0,0.0,0.0,0.5289386510848999,0.49754247069358826,0.5258098840713501,0.4907161593437195,0.485320508480072,0.49379318952560425,0.0
332,1.0,1.0,1.0,1.0,1.0,1.0,0.5293969511985779,0.49810314178466797,0.5262437462806702,0.49122512340545654,0.4858502745628357,0.49420762062072754,0.0
333,0.0,0.0,0.0,0.0,0.0,0.0,0.5201106071472168,0.5227170586585999,0.535460352897644,0.48133790493011475,0.48919522762298584,0.4841025769710541,2.0
334,1.0,1.0,1.0,1.0,0.0,1.0,0.5202269554138184,0.5228871703147888,0.5356246829032898,0.4814695715904236,0.48931312561035156,0.48425236344337463,2.0
335,1.0,1.0,1.0,1.0,1.0,1.0,0.5209415555000305,0.5235050916671753,0.5357069969177246,0.4818457067012787,0.48924633860588074,0.48417893052101135,3.0
336,0.0,0.0,0.0,0.0,0.0,0.0,0.5201037526130676,0.522699236869812,0.5354918241500854,0.4813086986541748,0.48920536041259766,0.4840846061706543,2.0
337,1.0,1.0,1.0,1.0,1.0,0.0,0.5205660462379456,0.5232335925102234,0.5355498194694519,0.48190543055534363,0.4900828003883362,0.4842895567417145,4.0
338,0.0,1.0,1.0,1.0,0.0,1.0,0.5206665396690369,0.5232122540473938,0.5354161858558655,0.48151683807373047,0.48895585536956787,0.48389944434165955,3.0
339,1.0,1.0,0.0,0.0,0.0,0.0,0.529094934463501,0.4977187216281891,0.5259947776794434,0.4909043610095978,0.48550495505332947,0.4939718246459961,0.0
340,0.0,0.0,0.0,0.0,0.0,0.0,0.5205671191215515,0.5230429768562317,0.5353838801383972,0.4813545346260071,0.4888775050640106,0.48377472162246704,3.0
341,1.0,1.0,1.0,1.0,1.0,1.0,0.5562983155250549,0.5107451677322388,0.4970937967300415,0.4950290620326996,0.495861679315567,0.48932623863220215,1.0
342,0.0,0.0,0.0,0.0,0.0,0.0,0.528893232345581,0.4974621534347534,0.5257423520088196,0.4906395673751831,0.4852744936943054,0.4937530755996704,0.0
343,1.0,1.0,1.0,1.0,1.0,0.0,0.5206030607223511,0.5233151316642761,0.5355867147445679,0.4819783866405487,0.49013760685920715,0.48434391617774963,4.0
344,0.0,0.0,0.0,0.0,0.0,0.0,0.5289687514305115,0.4975596070289612,0.5258412957191467,0.4907558858394623,0.48535433411598206,0.49382272362709045,0.0
345,1.0,1.0,0.0,0.0,0.0,0.0,0.5207876563072205,0.5234615802764893,0.5357438325881958,0.48215100169181824,0.4902983009815216,0.484496533870697,4.0
346,0.0,0.0,0.0,0.0,0.0,0.0,0.556206226348877,0.5106453895568848,0.4969806671142578,0.49493852257728577,0.49575090408325195,0.4892233908176422,1.0
347,1.0,1.0,1.0,1.0,1.0,1.0,0.521071195602417,0.5236234664916992,0.5358184576034546,0.4819454848766327,0.4893801510334015,0.4843083322048187,3.0
348,0.0,0.0,0.0,0.0,1.0,0.0,0.556041419506073,0.5103960037231445,0.49682381749153137,0.4946848154067993,0.4956537187099457,0.48898395895957947,1.0
349,0.0,0.0,0.0,0.0,0.0,0.0,0.5202349424362183,0.5228675603866577,0.5356534719467163,0.48147743940353394,0.4893289804458618,0.48425936698913574,2.0
350,1.0,1.0,1.0,1.0,1.0,1.0,0.5292248725891113,0.4978829622268677,0.5260998606681824,0.49104487895965576,0.48566174507141113,0.49409613013267517,0.0
351,0.0,0.0,0.0,0.0,0.0,0.0,0.5290326476097107,0.49763694405555725,0.5259143114089966,0.4908393919467926,0.48541882634162903,0.49389493465423584,0.0
352,1.0,1.0,0.0,0.0,0.0,0.0,0.528994083404541,0.49759596586227417,0.5258667469024658,0.49079492688179016,0.4853890538215637,0.49385982751846313,0.0
353,0.0,0.0,0.0,0.0,0.0,0.0,0.5290675163269043,0.49767306447029114,0.5259387493133545,0.49086660146713257,0.4854755699634552,0.4939281642436981,0.0
354,0.0,1.0,1.0,0.0,1.0,0.0,0.5564008355140686,0.5108955502510071,0.49719473719596863,0.49515995383262634,0.49595561623573303,0.4894430935382843,1.0
355,0.0,0.0,1.0,0.0,1.0,0.0,0.5563485622406006,0.5108146071434021,0.4971317946910858,0.49509578943252563,0.49588435888290405,0.48937952518463135,1.0
356,1.0,1.0,0.0,0.0,1.0,0.0,0.5207061767578125,0.5232146978378296,0.5354673266410828,0.4815238118171692,0.4890120029449463,0.48391520977020264,3.0
357,1.0,1.0,0.0,0.0,1.0,0.0,0.5206596255302429,0.5231785774230957,0.5354585647583008,0.4815087616443634,0.4889813959598541,0.4838900864124298,3.0
358,0.0,0.0,0.0,0.0,0.0,0.0,0.5560671091079712,0.5104456543922424,0.49683311581611633,0.49474573135375977,0.495625764131546,0.489043265581131,1.0
359,1.0,1.0,0.0,1.0,1.0,0.0,0.5202814340591431,0.5229466557502747,0.5356723666191101,0.48153093457221985,0.4893828332424164,0.4842826724052429,2.0
360,0.0,0.0,0.0,0.0,0.0,0.0,0.5560597777366638,0.5104260444641113,0.49685966968536377,0.4947364628314972,0.49566027522087097,0.48902103304862976,1.0
361,1.0,1.0,1.0,1.0,1.0,1.0,0.5562674403190613,0.5107035040855408,0.4970727562904358,0.49499061703681946,0.49584460258483887,0.4892911911010742,1.0
362,0.0,0.0,0.0,0.0,0.0,0.0,0.5202237963676453,0.5228868722915649,0.5356048345565796,0.4814605116844177,0.48931729793548584,0.48423951864242554,2.0
363,1.0,1.0,1.0,1.0,1.0,1.0,0.5562303066253662,0.5106777548789978,0.4970373809337616,0.49494868516921997,0.4958079755306244,0.48924341797828674,1.0
364,1.0,1.0,1.0,1.0,0.0,1.0,0.5204206109046936,0.5230987668037415,0.5358119010925293,0.48173585534095764,0.48952218890190125,0.4844459593296051,2.0
365,1.0,1.0,1.0,1.0,0.0,0.0,0.5562695264816284,0.5107219815254211,0.49707919359207153,0.494990736246109,0.49586430191993713,0.48928576707839966,1.0
366,1.0,1.0,0.0,1.0,1.0,0.0,0.5290083289146423,0.49760517477989197,0.5258793830871582,0.4907836616039276,0.4854013919830322,0.49385562539100647,0.0
367,0.0,0.0,0.0,0.0,0.0,0.0,0.5293124914169312,0.4979622960090637,0.526172399520874,0.4911247491836548,0.4857204556465149,0.4941684305667877,0.0
368,0.0,0.0,0.0,1.0,1.0,1.0,0.520121157169342,0.5227147340774536,0.5354875922203064,0.4813154339790344,0.4892041087150574,0.4840725362300873,2.0
369,1.0,1.0,0.0,0.0,0.0,0.0,0.5205835103988647,0.5230982899665833,0.5353513956069946,0.4814121127128601,0.4888748228549957,0.4838302433490753,3.0
370,0.0,0.0,0.0,0.0,0.0,0.0,0.5561162829399109,0.5104964375495911,0.4969038665294647,0.4948100745677948,0.49571704864501953,0.48909232020378113,1.0
371,0.0,0.0,0.0,0.0,0.0,0.0,0.5290452837944031,0.4976373314857483,0.5258956551551819,0.4908328354358673,0.4854455590248108,0.49389058351516724,0.0
372,0.0,0.0,0.0,0.0,0.0,0.0,0.5204909443855286,0.5229565501213074,0.5352933406829834,0.48128318786621094,0.48878151178359985,0.4836776852607727,3.0
373,0.0,0.0,0.0,0.0,0.0,0.0,0.5207913517951965,0.5233361124992371,0.5355712175369263,0.4816591143608093,0.48909538984298706,0.484041303396225,3.0
374,0.0,0.0,0.0,0.0,0.0,0.0,0.5292443633079529,0.49791306257247925,0.5261217355728149,0.49106499552726746,0.48567265272140503,0.49410706758499146,0.0
375,1.0,1.0,1.0,0.0,0.0,0.0,0.5203396677970886,0.5230233073234558,0.5357552170753479,0.48163101077079773,0.489467591047287,0.48436784744262695,2.0
376,1.0,1.0,1.0,0.0,1.0,0.0,0.5203909277915955,0.5231496095657349,0.5357043147087097,0.48170167207717896,0.4894702136516571,0.484384685754776,2.0
377,0.0,0.0,0.0,0.0,0.0,0.0,0.5561612248420715,0.5105490684509277,0.4969308376312256,0.49486395716667175,0.4957229495048523,0.4891261160373688,1.0
378,1.0,1.0,0.0,0.0,1.0,0.0,0.5205401182174683,0.5231441855430603,0.5354856848716736,0.4818076193332672,0.49004489183425903,0.4842225909233093,4.0
379,1.0,1.0,1.0,1.0,1.0,1.0,0.5205644965171814,0.523193359375,0.5355619788169861,0.48186829686164856,0.49008530378341675,0.4842831790447235,4.0
380,1.0,1.0,1.0,1.0,1.0,0.0,0.5565075874328613,0.5110262036323547,0.4973113536834717,0.4953041672706604,0.49603307247161865,0.4895695149898529,1.0
381,1.0,1.0,0.0,0.0,1.0,0.0,0.5564348697662354,0.5109093189239502,0.497230589389801,0.49519574642181396,0.4959675669670105,0.48946329951286316,1.0
382,0.0,0.0,1.0,0.0,0.0,0.0,0.5291054844856262,0.4977327287197113,0.5259987711906433,0.4909207224845886,0.4855264723300934,0.49396204948425293,0.0
383,0.0,0.0,0.0,0.0,0.0,0.0,0.5560723543167114,0.5104594230651855,0.49686431884765625,0.49476367235183716,0.49568885564804077,0.48903384804725647,1.0
384,0.0,0.0,0.0,0.0,0.0,0.0,0.5204708576202393,0.523097574710846,0.5354260206222534,0.4817291498184204,0.4899647533893585,0.4841659665107727,4.0
385,1.0,1.0,0.0,0.0,1.0,0.0,0.5205279588699341,0.523149847984314,0.5354857444763184,0.481810599565506,0.49002283811569214,0.4842202365398407,4.0
386,0.0,0.0,0.0,0.0,0.0,0.0,0.520604133605957,0.5230844616889954,0.5353962779045105,0.4814177453517914,0.48888951539993286,0.48381900787353516,3.0
387,0.0,0.0,0.0,0.0,0.0,0.0,0.5204047560691833,0.5229822397232056,0.5353559851646423,0.48165205121040344,0.4898836016654968,0.4840731918811798,4.0
388,1.0,1.0,1.0,1.0,1.0,0.0,0.520673394203186,0.5234881639480591,0.5359675884246826,0.4820457398891449,0.48975855112075806,0.48471999168395996,2.0
389,0.0,0.0,0.0,0.0,0.0,0.0,0.5205512046813965,0.5230304598808289,0.5353408455848694,0.48134422302246094,0.48882997035980225,0.48375195264816284,3.0
390,0.0,0.0,0.0,0.0,0.0,0.0,0.5561832189559937,0.5105876922607422,0.49695098400115967,0.49488842487335205,0.495717316865921,0.48917433619499207,1.0
391,1.0,1.0,0.0,0.0,0.0,0.0,0.5204883217811584,0.5230839848518372,0.5354390740394592,0.48174935579299927,0.48997974395751953,0.48418647050857544,4.0
392,0.0,0.0,0.0,0.0,0.0,0.0,0.5203930735588074,0.5229555368423462,0.5353515148162842,0.4816138744354248,0.4898585379123688,0.48405522108078003,4.0
393,0.0,0.0,0.0,0.0,0.0,0.0,0.5201444625854492,0.5227665901184082,0.5355128049850464,0.4813721179962158,0.489239901304245,0.4841487407684326,2.0
394,1.0,1.0,1.0,1.0,1.0,1.0,0.5292232632637024,0.49791038036346436,0.5260729789733887,0.49102890491485596,0.4856572449207306,0.49405214190483093,0.0
395,1.0,1.0,1.0,1.0,1.0,1.0,0.5208896994590759,0.5234494805335999,0.5356844067573547,0.4817906320095062,0.4892123341560364,0.48415181040763855,3.0
396,1.0,1.0,1.0,0.0,0.0,1.0,0.5206570029258728,0.523179829120636,0.5354583263397217,0.481503963470459,0.4889792799949646,0.48389944434165955,3.0
397,1.0,1.0,1.0,0.0,0.0,0.0,0.5205226540565491,0.5231891870498657,0.5354686379432678,0.48185843229293823,0.4900195896625519,0.4842268228530884,4.0
398,0.0,0.0,0.0,0.0,0.0,0.0,0.5289227962493896,0.4975096583366394,0.5257610082626343,0.4906957149505615,0.4852869510650635,0.49374818801879883,0.0
399,1.0,1.0,1.0,1.0,1.0,0.0,0.520663857460022,0.5232009291648865,0.5354388952255249,0.48150506615638733,0.4889715909957886,0.4838981032371521,3.0
400,1.0,1.0,0.0,0.0,1.0,1.0,0.5206913948059082,0.5233557224273682,0.5356314778327942,0.48203209042549133,0.4901953339576721,0.4844115972518921,4.0
401,1.0,1.0,1.0,1.0,1.0,1.0,0.5205427408218384,0.5231583118438721,0.5354995131492615,0.48182937502861023,0.49005240201950073,0.4842315912246704,4.0
402,1.0,1.0,0.0,0.0,1.0,0.0,0.5205004215240479,0.5231765508651733,0.5354795455932617,0.4818103313446045,0.490013986825943,0.4842281639575958,4.0
403,1.0,1.0,1.0,1.0,1.0,0.0,0.5207183361053467,0.523408055305481,0.5357036590576172,0.48208141326904297,0.4902539551258087,0.4844686686992645,4.0
404,0.0,0.0,0.0,0.0,0.0,0.0,0.5201936364173889,0.5228684544563293,0.5355682969093323,0.48146119713783264,0.48926597833633423,0.4842012822628021,2.0
405,1.0,1.0,1.0,1.0,1.0,1.0,0.5294476747512817,0.4981408417224884,0.5262938737869263,0.49125537276268005,0.4859012961387634,0.4942472279071808,0.0
406,0.0,0.0,0.0,0.0,0.0,0.0,0.5204200148582458,0.5230183601379395,0.5353665351867676,0.48167771100997925,0.48991599678993225,0.48409610986709595,4.0
407,1.0,1.0,1.0,1.0,1.0,0.0,0.5207923650741577,0.5233339667320251,0.5355609059333801,0.48165977001190186,0.48907792568206787,0.4840226471424103,3.0
408,0.0,0.0,0.0,0.0,0.0,0.0,0.5290305614471436,0.49764329195022583,0.5259250998497009,0.4908422529697418,0.4854440987110138,0.4939308166503906,0.0
409,0.0,0.0,1.0,1.0,0.0,0.0,0.5202433466911316,0.5228933095932007,0.5356552600860596,0.4814944565296173,0.4893617630004883,0.48427578806877136,2.0
410,0.0,0.0,0.0,0.0,0.0,0.0,0.556065559387207,0.5104559063911438,0.4968431293964386,0.49476033449172974,0.4956492483615875,0.48903346061706543,1.0
411,1.0,1.0,0.0,0.0,1.0,0.0,0.5289862155914307,0.49755799770355225,0.525854766368866,0.49075379967689514,0.48536086082458496,0.4938163161277771,0.0
412,1.0,1.0,0.0,1.0,1.0,0.0,0.5208606123924255,0.5234039425849915,0.5356495976448059,0.4817323088645935,0.4891890585422516,0.4841212332248688,3.0
413,0.0,1.0,1.0,1.0,1.0,0.0,0.5288251042366028,0.49738630652427673,0.5256938338279724,0.4905811548233032,0.4852027893066406,0.4936549663543701,0.0
414,0.0,0.0,0.0,0.0,0.0,0.0,0.5561481714248657,0.5105373859405518,0.4969387352466583,0.49483686685562134,0.49578312039375305,0.4891294240951538,1.0
415,0.0,0.0,0.0,0.0,0.0,0.0,0.5289508104324341,0.49756208062171936,0.525830864906311,0.4907527267932892,0.4853544533252716,0.49380412697792053,0.0
416,0.0,0.0,0.0,0.0,0.0,0.0,0.5291240215301514,0.49776744842529297,0.5260028839111328,0.49094635248184204,0.4855536222457886,0.493970662355423,0.0
417,1.0,1.0,1.0,1.0,1.0,1.0,0.5209965109825134,0.5236042141914368,0.5357285737991333,0.4819139540195465,0.4893151819705963,0.48425769805908203,3.0
418,1.0,1.0,1.0,1.0,1.0,1.0,0.5207691192626953,0.5234609842300415,0.5357143878936768,0.4821404218673706,0.4902926981449127,0.4844813048839569,4.0
419,0.0,0.0,0.0,0.0,0.0,0.0,0.5560566186904907,0.5104538798332214,0.49686455726623535,0.4947550892829895,0.4956822395324707,0.4890308380126953,1.0
420,1.0,1.0,1.0,1.0,1.0,1.0,0.5291292667388916,0.4977833330631256,0.525987446308136,0.49093279242515564,0.485539972782135,0.49395084381103516,0.0
421,1.0,1.0,1.0,1.0,1.0,0.0,0.520578145980835,0.5233033299446106,0.5359352231025696,0.4819100499153137,0.4896707236766815,0.4845958352088928,2.0
422,0.0,0.0,0.0,0.0,0.0,0.0,0.5288926959037781,0.4974457025527954,0.52574622631073,0.49064719676971436,0.48525893688201904,0.49372199177742004,0.0
423,1.0,1.0,1.0,0.0,1.0,0.0,0.5565033555030823,0.5109966397285461,0.497305691242218,0.49527567625045776,0.49608314037323,0.4895549416542053,1.0
424,1.0,1.0,1.0,0.0,1.0,0.0,0.5204136967658997,0.5231135487556458,0.5357604622840881,0.48170751333236694,0.4895128905773163,0.48442888259887695,2.0
425,1.0,1.0,1.0,1.0,1.0,0.0,0.5564050078392029,0.5109019875526428,0.497232049703598,0.4951626658439636,0.49601373076438904,0.48945152759552,1.0
426,0.0,0.0,0.0,0.0,0.0,0.0,0.5289914608001709,0.49755558371543884,0.5258635878562927,0.49076104164123535,0.4853883683681488,0.4938553273677826,0.0
427,1.0,1.0,1.0,1.0,1.0,1.0,0.5293837785720825,0.49805548787117004,0.5262969136238098,0.49123650789260864,0.4858499765396118,0.4942576587200165,0.0
428,0.0,0.0,0.0,0.0,0.0,0.0,0.5560938119888306,0.5104705095291138,0.49689316749572754,0.4947728216648102,0.49569272994995117,0.4890713095664978,1.0
429,1.0,1.0,0.0,0.0,0.0,0.0,0.5290077924728394,0.497598797082901,0.525879442691803,0.49078401923179626,0.48540961742401123,0.49386563897132874,0.0
430,0.0,0.0,0.0,0.0,0.0,0.0,0.5560718178749084,0.5104763507843018,0.4968726634979248,0.4947759807109833,0.49567338824272156,0.48905637860298157,1.0
431,1.0,1.0,1.0,1.0,1.0,0.0,0.5208082795143127,0.5233827233314514,0.5355854630470276,0.4816957414150238,0.4891253411769867,0.48405084013938904,3.0
432,0.0,0.0,1.0,1.0,0.0,1.0,0.5290421843528748,0.4976418912410736,0.5259142518043518,0.49085092544555664,0.4854370057582855,0.4939012825489044,0.0
433,1.0,1.0,1.0,1.0,1.0,0.0,0.5292745232582092,0.4979560971260071,0.5261455178260803,0.49109798669815063,0.4857359826564789,0.49412140250205994,0.0
434,1.0,1.0,0.0,1.0,1.0,1.0,0.520439624786377,0.5232537984848022,0.535666286945343,0.4817694425582886,0.4894876182079315,0.48442065715789795,2.0
435,1.0,1.0,1.0,1.0,1.0,0.0,0.556441605091095,0.5109174251556396,0.49722540378570557,0.49520590901374817,0.49597737193107605,0.4894891083240509,1.0
436,1.0,1.0,1.0,1.0,1.0,1.0,0.5204221606254578,0.5231248736381531,0.5357778072357178,0.481727659702301,0.489518940448761,0.48443442583084106,2.0
437,1.0,1.0,0.0,0.0,1.0,0.0,0.5207358002662659,0.5234389901161194,0.5356629490852356,0.4821121096611023,0.49023333191871643,0.48444506525993347,4.0
438,1.0,1.0,1.0,1.0,1.0,1.0,0.5290875434875488,0.49771323800086975,0.5259783267974854,0.49089768528938293,0.4855120778083801,0.4939572811126709,0.0
439,0.0,0.0,0.0,0.0,0.0,0.0,0.5290130972862244,0.4975989758968353,0.5258833765983582,0.4908023476600647,0.48541948199272156,0.49387189745903015,0.0
440,1.0,1.0,1.0,1.0,1.0,1.0,0.5203973054885864,0.5230840444564819,0.5357538461685181,0.48168909549713135,0.4894745945930481,0.4843980669975281,2.0
441,1.0,1.0,0.0,0.0,0.0,0.0,0.5205866694450378,0.5232859253883362,0.5355051755905151,0.48194554448127747,0.49009424448013306,0.484282523393631,4.0
442,0.0,0.0,0.0,0.0,0.0,0.0,0.5203153491020203,0.5230095982551575,0.5356956124305725,0.48161736130714417,0.489416241645813,0.4843103587627411,2.0
443,0.0,1.0,1.0,1.0,1.0,0.0,0.5206866264343262,0.523217499256134,0.5354629158973694,0.48151713609695435,0.4889942407608032,0.4839051365852356,3.0
444,1.0,1.0,0.0,0.0,0.0,0.0,0.5208632349967957,0.5233989357948303,0.5356225371360779,0.4817275106906891,0.4891752600669861,0.48409900069236755,3.0
445,0.0,1.0,1.0,1.0,1.0,1.0,0.5202206373214722,0.5228815674781799,0.5356047749519348,0.48147052526474,0.48928767442703247,0.4842146337032318,2.0
446,0.0,0.0,0.0,0.0,0.0,0.0,0.5202301144599915,0.5228905081748962,0.5356155037879944,0.48149728775024414,0.48931387066841125,0.48423242568969727,2.0
447,0.0,0.0,0.0,0.0,0.0,0.0,0.5561973452568054,0.5105828046798706,0.49695515632629395,0.49489855766296387,0.4957628548145294,0.48918119072914124,1.0
448,0.0,0.0,0.0,0.0,0.0,0.0,0.5200968384742737,0.5226944088935852,0.5354729294776917,0.48130208253860474,0.48920193314552307,0.4840627610683441,2.0
449,0.0,0.0,0.0,0.0,0.0,0.0,0.5204871892929077,0.522957980632782,0.5352931618690491,0.4812788665294647,0.4887658357620239,0.4836913049221039,3.0
450,1.0,1.0,0.0,0.0,0.0,0.0,0.5562475323677063,0.5106963515281677,0.4970899820327759,0.4949672520160675,0.49588271975517273,0.4892721474170685,1.0
451,1.0,1.0,1.0,1.0,1.0,1.0,0.5562502145767212,0.5106754302978516,0.4970456659793854,0.49495160579681396,0.49583888053894043,0.4892435371875763,1.0
452,0.0,0.0,0.0,0.0,0.0,0.0,0.5205464959144592,0.5231961011886597,0.5354952216148376,0.48186320066452026,0.4900343418121338,0.4842464029788971,4.0
453,1.0,1.0,1.0,1.0,0.0,0.0,0.5563396215438843,0.510814368724823,0.4971773624420166,0.4950984716415405,0.4959516227245331,0.48938310146331787,1.0
454,1.0,1.0,1.0,1.0,1.0,0.0,0.5208452939987183,0.5234087705612183,0.5356415510177612,0.48172527551651,0.48918870091438293,0.48411235213279724,3.0
455,0.0,0.0,0.0,0.0,0.0,0.0,0.5205364227294922,0.5231771469116211,0.5355181097984314,0.4818313717842102,0.4900531470775604,0.4842464029788971,4.0
456,1.0,1.0,1.0,1.0,1.0,0.0,0.5209823250770569,0.5235812067985535,0.5357049703598022,0.48188069462776184,0.4892987310886383,0.4842399060726166,3.0
457,1.0,1.0,0.0,1.0,0.0,0.0,0.5203862190246582,0.5230687856674194,0.5357247591018677,0.4816770851612091,0.4894697964191437,0.48439091444015503,2.0
458,0.0,1.0,1.0,1.0,0.0,1.0,0.5202735662460327,0.5229387283325195,0.535683274269104,0.48154088854789734,0.48937827348709106,0.4842965602874756,2.0
459,1.0,1.0,0.0,0.0,0.0,0.0,0.5205760598182678,0.5232742428779602,0.5355640053749084,0.4819338321685791,0.49010249972343445,0.4843127131462097,4.0
460,0.0,0.0,1.0,0.0,0.0,1.0,0.5207284092903137,0.5232264399528503,0.5355209708213806,0.4815729558467865,0.4890570044517517,0.4839632213115692,3.0
461,1.0,1.0,1.0,1.0,1.0,1.0,0.5566655397415161,0.5112749934196472,0.49749574065208435,0.4955069124698639,0.4962431788444519,0.48978158831596375,1.0
462,1.0,1.0,0.0,1.0,0.0,0.0,0.5292639136314392,0.49789780378341675,0.526141881942749,0.49107834696769714,0.48568469285964966,0.49411195516586304,0.0
463,0.0,0.0,0.0,0.0,0.0,0.0,0.5204755663871765,0.5230970978736877,0.5354334712028503,0.48175162076950073,0.4899716079235077,0.4841417670249939,4.0
464,1.0,1.0,0.0,0.0,0.0,0.0,0.5292686820030212,0.4979313611984253,0.5261090993881226,0.49108096957206726,0.485677033662796,0.4940842092037201,0.0
465,1.0,1.0,1.0,1.0,1.0,0.0,0.5204983353614807,0.5232057571411133,0.5358690619468689,0.4818185865879059,0.48961231112480164,0.48452532291412354,2.0
466,0.0,0.0,0.0,0.0,0.0,0.0,0.5205596685409546,0.5232049822807312,0.5355193018913269,0.48187825083732605,0.4900747835636139,0.484276682138443,4.0
467,0.0,0.0,0.0,0.0,0.0,0.0,0.5202497839927673,0.5229254961013794,0.5356332063674927,0.4815167784690857,0.4893413186073303,0.4842541217803955,2.0
468,1.0,1.0,0.0,0.0,1.0,0.0,0.5563778877258301,0.5108820796012878,0.497173935174942,0.49514827132225037,0.4959513247013092,0.4894307553768158,1.0
469,1.0,1.0,0.0,0.0,1.0,1.0,0.5204999446868896,0.5231526494026184,0.535469651222229,0.48177796602249146,0.4899912476539612,0.484205037355423,4.0
470,0.0,1.0,0.0,0.0,1.0,0.0,0.5206263661384583,0.5231375694274902,0.5354111194610596,0.4814656674861908,0.48893436789512634,0.4838530123233795,3.0
471,1.0,1.0,1.0,1.0,1.0,1.0,0.5564348697662354,0.5109173655509949,0.49725428223609924,0.4951980710029602,0.49602046608924866,0.48946911096572876,1.0
472,1.0,1.0,1.0,0.0,0.0,0.0,0.5204501748085022,0.5230399370193481,0.5353958606719971,0.481721967458725,0.4899387061595917,0.4841325879096985,4.0
473,1.0,1.0,0.0,0.0,0.0,0.0,0.5205469727516174,0.5230013728141785,0.5353501439094543,0.4813179671764374,0.4888555109500885,0.4837508797645569,3.0
474,0.0,1.0,1.0,1.0,0.0,1.0,0.5206184387207031,0.5232910513877869,0.5356250405311584,0.4819473624229431,0.49011945724487305,0.4843502938747406,4.0
475,1.0,1.0,1.0,1.0,1.0,1.0,0.5208680629730225,0.5234194397926331,0.5356494784355164,0.48175251483917236,0.48920193314552307,0.4841368496417999,3.0
476,0.0,0.0,1.0,0.0,0.0,0.0,0.5206770896911621,0.5231990814208984,0.5354617238044739,0.4815386235713959,0.48899200558662415,0.4839227795600891,3.0
477,1.0,1.0,1.0,1.0,1.0,1.0,0.5565969944000244,0.5111608505249023,0.4974033534526825,0.4954048991203308,0.4961607754230499,0.4896691143512726,1.0
478,0.0,1.0,1.0,1.0,1.0,1.0,0.5293679237365723,0.4980454742908478,0.52621990442276,0.4911831319332123,0.4858129918575287,0.4941873550415039,0.0
479,0.0,0.0,0.0,0.0,0.0,0.0,0.5289444923400879,0.49750977754592896,0.5257977843284607,0.49070098996162415,0.48532742261886597,0.4937845766544342,0.0
480,0.0,0.0,0.0,0.0,0.0,0.0,0.5202438831329346,0.522908091545105,0.5356059670448303,0.48149794340133667,0.4893127679824829,0.48423710465431213,2.0
481,0.0,0.0,0.0,0.0,0.0,0.0,0.528890073299408,0.4974329173564911,0.5257498621940613,0.4906425476074219,0.4852524697780609,0.4937101900577545,0.0
482,0.0,0.0,0.0,0.0,0.0,0.0,0.5561659932136536,0.5105549097061157,0.4969353675842285,0.4948675036430359,0.49575576186180115,0.4891299605369568,1.0
483,1.0,1.0,1.0,1.0,1.0,1.0,0.5294482111930847,0.49818751215934753,0.5262953042984009,0.4912928342819214,0.48590874671936035,0.4942758083343506,0.0
484,1.0,1.0,1.0,1.0,1.0,1.0,0.5209299325942993,0.5236892700195312,0.5358458161354065,0.48236027359962463,0.4904669225215912,0.48468947410583496,4.0
485,1.0,1.0,1.0,1.0,1.0,0.0,0.5563318133354187,0.5108218789100647,0.4971296787261963,0.4950927495956421,0.4959176778793335,0.48937472701072693,1.0
486,0.0,0.0,0.0,0.0,0.0,0.0,0.5289286375045776,0.49751609563827515,0.5257797837257385,0.49070990085601807,0.4852893054485321,0.4937761425971985,0.0
487,0.0,1.0,1.0,1.0,0.0,1.0,0.5208045840263367,0.5233632326126099,0.5355867147445679,0.48169025778770447,0.48910200595855713,0.4840382933616638,3.0
488,0.0,0.0,0.0,0.0,0.0,0.0,0.5204586386680603,0.5230840444564819,0.5353834629058838,0.48172351717948914,0.48993876576423645,0.48411092162132263,4.0
489,0.0,0.0,0.0,0.0,0.0,0.0,0.5206179022789001,0.5231212973594666,0.5354104042053223,0.4814503490924835,0.4889143109321594,0.4838443994522095,3.0
490,1.0,1.0,0.0,0.0,1.0,0.0,0.5289972424507141,0.4975995123386383,0.5259047150611877,0.4908011853694916,0.4854119122028351,0.4938836693763733,0.0
491,0.0,0.0,0.0,0.0,0.0,0.0,0.5204930305480957,0.5229681730270386,0.5353037714958191,0.4812885820865631,0.4887850880622864,0.4836999475955963,3.0
492,1.0,1.0,1.0,1.0,1.0,0.0,0.5205840468406677,0.5232505798339844,0.5355644226074219,0.481927752494812,0.4901052415370941,0.48431164026260376,4.0
493,0.0,0.0,0.0,0.0,0.0,0.0,0.5561031699180603,0.5104770064353943,0.4968825578689575,0.4947817623615265,0.4956906735897064,0.4890581965446472,1.0
494,1.0,1.0,1.0,1.0,1.0,1.0,0.5291160345077515,0.4977479577064514,0.5259881019592285,0.4909268319606781,0.4855481684207916,0.49397462606430054,0.0
495,1.0,1.0,0.0,0.0,0.0,0.0,0.5562905073165894,0.5107324719429016,0.4970892667770386,0.4950157403945923,0.495877206325531,0.48930421471595764,1.0
496,1.0,1.0,1.0,1.0,1.0,1.0,0.5210293531417847,0.5236953496932983,0.5357268452644348,0.48196330666542053,0.4893307089805603,0.48429644107818604,3.0
497,1.0,1.0,1.0,1.0,1.0,1.0,0.5564400553703308,0.5109350085258484,0.49723464250564575,0.4952099025249481,0.49598944187164307,0.4895007610321045,1.0
498,1.0,1.0,1.0,1.0,1.0,1.0,0.5208447575569153,0.5234165191650391,0.5356348156929016,0.48174574971199036,0.4891706705093384,0.4840921461582184,3.0
499,1.0,1.0,0.0,1.0,1.0,0.0,0.5208542943000793,0.5233636498451233,0.5356379747390747,0.4817030429840088,0.48916131258010864,0.48408856987953186,3.0
500,0.0,0.0,0.0,0.0,0.0,0.0,0.5561591386795044,0.5105561017990112,0.49695533514022827,0.49486786127090454,0.495771586894989,0.4891463816165924,1.0
501,0.0,0.0,0.0,0.0,0.0,0.0,0.5207199454307556,0.5232950448989868,0.5354893207550049,0.4815731942653656,0.4890245497226715,0.48395806550979614,3.0
502,1.0,1.0,1.0,1.0,1.0,0.0,0.5208040475845337,0.5235093235969543,0.535757303237915,0.48219379782676697,0.49032965302467346,0.4845433235168457,4.0
503,0.0,0.0,0.0,0.0,0.0,0.0,0.520287811756134,0.5229881405830383,0.5356411933898926,0.48157793283462524,0.4893856346607208,0.48429033160209656,2.0
504,0.0,0.0,0.0,0.0,0.0,0.0,0.5205491185188293,0.5230042934417725,0.535343587398529,0.48133233189582825,0.48884081840515137,0.4837493300437927,3.0
505,1.0,1.0,0.0,0.0,1.0,0.0,0.5204015374183655,0.5231017470359802,0.5357857346534729,0.48171481490135193,0.4895199239253998,0.48443061113357544,2.0
506,1.0,1.0,0.0,0.0,1.0,0.0,0.5291752219200134,0.49780917167663574,0.5260414481163025,0.4909798204898834,0.4855920076370239,0.4940296709537506,0.0
507,0.0,1.0,1.0,1.0,0.0,1.0,0.520438551902771,0.5231960415840149,0.5357761383056641,0.48176103830337524,0.4895325303077698,0.48446163535118103,2.0
508,1.0,1.0,0.0,0.0,1.0,0.0,0.520519495010376,0.5231826901435852,0.5354843735694885,0.4818401634693146,0.4900304675102234,0.4842457175254822,4.0
509,0.0,0.0,0.0,0.0,0.0,0.0,0.5204729437828064,0.5230540037155151,0.5354019999504089,0.4817310869693756,0.4899411201477051,0.48413336277008057,4.0
510,1.0,1.0,1.0,1.0,1.0,1.0,0.5209267139434814,0.5236563682556152,0.5358708500862122,0.4823336601257324,0.49045535922050476,0.4846579432487488,4.0
511,1.0,1.0,0.0,1.0,0.0,0.0,0.5208569169044495,0.523386538028717,0.5356277227401733,0.4817321300506592,0.4891759157180786,0.48410558700561523,3.0
512,1.0,1.0,1.0,1.0,1.0,1.0,0.520830512046814,0.52336585521698,0.5355875492095947,0.4816863238811493,0.48914414644241333,0.4840781092643738,3.0
513,1.0,1.0,1.0,0.0,1.0,1.0,0.529253363609314,0.4979132115840912,0.5261285901069641,0.4910789132118225,0.4856945276260376,0.49411919713020325,0.0
514,1.0,1.0,1.0,1.0,1.0,1.0,0.5294867157936096,0.49818331003189087,0.5263515710830688,0.49131327867507935,0.4859430193901062,0.49431100487709045,0.0
515,1.0,1.0,0.0,0.0,0.0,0.0,0.520604133605957,0.5231592059135437,0.5353115200996399,0.4814271330833435,0.48884081840515137,0.4838016629219055,3.0
516,1.0,1.0,1.0,1.0,1.0,1.0,0.556552529335022,0.5111052989959717,0.49739450216293335,0.49535271525382996,0.49614575505256653,0.48963144421577454,1.0
517,0.0,0.0,1.0,0.0,0.0,0.0,0.5205755829811096,0.5230797529220581,0.5353684425354004,0.48139941692352295,0.4888700842857361,0.48378247022628784,3.0
518,0.0,1.0,0.0,0.0,0.0,0.0,0.556171715259552,0.5106049180030823,0.4969726502895355,0.4948945939540863,0.4957803785800934,0.48916521668434143,1.0
519,0.0,0.0,0.0,0.0,0.0,0.0,0.5202820301055908,0.5229567289352417,0.535622775554657,0.4815536141395569,0.4893436133861542,0.48425590991973877,2.0
520,1.0,1.0,1.0,0.0,0.0,1.0,0.5207395553588867,0.5234563946723938,0.535668671131134,0.4821420907974243,0.4902499318122864,0.4844740331172943,4.0
521,1.0,1.0,1.0,1.0,1.0,1.0,0.5206210613250732,0.5231203436851501,0.5354244112968445,0.48145410418510437,0.4889427423477173,0.48386651277542114,3.0
522,0.0,0.0,0.0,0.0,0.0,0.0,0.5289349555969238,0.4975014626979828,0.5257928967475891,0.4906826913356781,0.48532170057296753,0.49380889534950256,0.0
523,1.0,1.0,0.0,0.0,0.0,0.0,0.5201851725578308,0.5228307247161865,0.535577654838562,0.4814232885837555,0.48928412795066833,0.48420631885528564,2.0
524,0.0,0.0,0.0,0.0,0.0,0.0,0.5204782485961914,0.523163914680481,0.5354087352752686,0.4818364679813385,0.4899902641773224,0.4842224717140198,4.0
525,0.0,0.0,0.0,0.0,0.0,0.0,0.520128607749939,0.5227790474891663,0.5355067849159241,0.4813493490219116,0.48922261595726013,0.4841424226760864,2.0
526,0.0,0.0,0.0,0.0,0.0,0.0,0.528957188129425,0.49753692746162415,0.5258298516273499,0.4907246530056,0.485344797372818,0.49382179975509644,0.0
527,1.0,1.0,0.0,0.0,1.0,0.0,0.529100775718689,0.4977158308029175,0.5259411931037903,0.4908958971500397,0.4855015277862549,0.4939121603965759,0.0
528,1.0,1.0,1.0,1.0,0.0,0.0,0.5563438534736633,0.5108230710029602,0.49716514348983765,0.4950995445251465,0.49593842029571533,0.489399790763855,1.0
529,1.0,1.0,0.0,0.0,1.0,0.0,0.5289862155914307,0.4975912272930145,0.5258613228797913,0.4907827377319336,0.4853839874267578,0.49383190274238586,0.0
530,0.0,0.0,0.0,0.0,0.0,0.0,0.556334376335144,0.5107758641242981,0.4971346855163574,0.49508339166641235,0.4958779215812683,0.48936986923217773,1.0
531,0.0,0.0,0.0,0.0,0.0,0.0,0.5201396942138672,0.522794783115387,0.5355232954025269,0.48138055205345154,0.4892372786998749,0.4841586947441101,2.0
532,1.0,1.0,1.0,1.0,1.0,1.0,0.5293225049972534,0.49801379442214966,0.526166558265686,0.49114784598350525,0.48576343059539795,0.4941459000110626,0.0
533,1.0,1.0,1.0,1.0,1.0,1.0,0.5202397108078003,0.5228890180587769,0.5356374382972717,0.48151060938835144,0.48932740092277527,0.48426127433776855,2.0
534,1.0,1.0,1.0,1.0,1.0,1.0,0.5290400385856628,0.497658371925354,0.5259309411048889,0.4908400774002075,0.4854514002799988,0.49390923976898193,0.0
535,1.0,1.0,1.0,1.0,1.0,1.0,0.5293478965759277,0.49802371859550476,0.5262554287910461,0.4911903142929077,0.48581355810165405,0.49422910809516907,0.0
536,1.0,1.0,1.0,1.0,1.0,1.0,0.520588219165802,0.5233728885650635,0.535906195640564,0.4819493591785431,0.4896787405014038,0.4846095144748688,2.0
537,0.0,0.0,0.0,0.0,0.0,0.0,0.5206776261329651,0.5232192873954773,0.5354205965995789,0.4815230369567871,0.4889680743217468,0.4839005172252655,3.0
538,0.0,0.0,0.0,0.0,0.0,0.0,0.5564515590667725,0.5109670162200928,0.49727609753608704,0.49519503116607666,0.4960675835609436,0.489505797624588,1.0
539,0.0,0.0,0.0,0.0,0.0,0.0,0.5209336280822754,0.5235025882720947,0.5356611013412476,0.48182523250579834,0.4892224967479706,0.4841673970222473,3.0
540,1.0,1.0,1.0,1.0,1.0,1.0,0.5208162665367126,0.5235351324081421,0.535754919052124,0.48220255970954895,0.4903121888637543,0.4845485985279083,4.0
541,1.0,1.0,1.0,1.0,1.0,0.0,0.5204042196273804,0.5231007933616638,0.535805881023407,0.4817112982273102,0.4895378053188324,0.4844249188899994,2.0
542,1.0,1.0,1.0,1.0,1.0,1.0,0.520588219165802,0.5233898758888245,0.5359214544296265,0.48193734884262085,0.48969152569770813,0.48463359475135803,2.0
543,0.0,0.0,0.0,0.0,0.0,0.0,0.5288341045379639,0.4973950982093811,0.5257207155227661,0.49060124158859253,0.48522910475730896,0.4937104284763336,0.0
544,1.0,1.0,1.0,1.0,1.0,0.0,0.5292380452156067,0.49790310859680176,0.5261247158050537,0.4910672903060913,0.48566973209381104,0.4940933287143707,0.0
545,0.0,0.0,0.0,0.0,0.0,0.0,0.5201894044876099,0.522843062877655,0.5355711579322815,0.48143112659454346,0.4892866313457489,0.4842059314250946,2.0
546,1.0,0.0,0.0,0.0,1.0,0.0,0.5205734372138977,0.5230627059936523,0.5353683233261108,0.481378972530365,0.4888535141944885,0.4837711453437805,3.0
547,1.0,1.0,1.0,1.0,1.0,0.0,0.5204470157623291,0.5231459736824036,0.5358223915100098,0.4817411005496979,0.489549458026886,0.4844667613506317,2.0
548,1.0,1.0,1.0,0.0,0.0,1.0,0.5292132496833801,0.49784815311431885,0.5260817408561707,0.4910246431827545,0.48562419414520264,0.49408158659935,0.0
549,1.0,1.0,1.0,1.0,1.0,1.0,0.5206015110015869,0.5233892202377319,0.5359184145927429,0.48193737864494324,0.4896833002567291,0.4845981299877167,2.0
550,1.0,1.0,0.0,0.0,0.0,0.0,0.5205750465393066,0.5232359170913696,0.5355542302131653,0.4818931519985199,0.49006161093711853,0.48427486419677734,4.0
551,0.0,0.0,0.0,0.0,0.0,0.0,0.5289528965950012,0.4975230097770691,0.525818407535553,0.4907260239124298,0.4853472411632538,0.49380549788475037,0.0
552,1.0,1.0,0.0,0.0,0.0,0.0,0.5562120079994202,0.5106063485145569,0.4969888925552368,0.49492308497428894,0.4957754611968994,0.4892003536224365,1.0
553,1.0,1.0,0.0,0.0,0.0,0.0,0.520209550857544,0.5228967070579529,0.5355878472328186,0.48147907853126526,0.4892982840538025,0.48422324657440186,2.0
554,1.0,1.0,1.0,1.0,1.0,1.0,0.5293214321136475,0.4979822635650635,0.5261978507041931,0.49115124344825745,0.4857427477836609,0.49417319893836975,0.0
555,1.0,1.0,1.0,0.0,1.0,0.0,0.5291778445243835,0.49782252311706543,0.5260948538780212,0.4910016357898712,0.48562631011009216,0.4940691292285919,0.0
556,1.0,1.0,1.0,1.0,1.0,0.0,0.5207088589668274,0.5233898758888245,0.5356875061988831,0.48205992579460144,0.49022582173347473,0.48443469405174255,4.0
557,0.0,0.0,0.0,0.0,0.0,0.0,0.5563814640045166,0.5108621716499329,0.4971940815448761,0.49516206979751587,0.49596235156059265,0.4894363284111023,1.0
558,1.0,1.0,0.0,1.0,1.0,0.0,0.5203549861907959,0.5230411887168884,0.5357611775398254,0.48165878653526306,0.4894728362560272,0.4843604564666748,2.0
559,0.0,0.0,0.0,0.0,0.0,0.0,0.5206818580627441,0.5231677293777466,0.5354632139205933,0.481494665145874,0.48898962140083313,0.48390504717826843,3.0
560,0.0,0.0,0.0,0.0,0.0,0.0,0.5290801525115967,0.4976896047592163,0.5259582996368408,0.4908970594406128,0.4854942262172699,0.4939265847206116,0.0
561,1.0,0.0,0.0,0.0,1.0,0.0,0.5561089515686035,0.5104973316192627,0.4968646764755249,0.49478602409362793,0.49566495418548584,0.48907530307769775,1.0
562,0.0,0.0,0.0,0.0,0.0,0.0,0.5205067992210388,0.5231923460960388,0.5354880094528198,0.4818364083766937,0.4900169372558594,0.4842321276664734,4.0
563,1.0,1.0,1.0,1.0,1.0,1.0,0.520663857460022,0.5233461260795593,0.535624623298645,0.48201659321784973,0.4901731014251709,0.484394371509552,4.0
564,0.0,0.0,0.0,0.0,0.0,0.0,0.5204454660415649,0.5230647325515747,0.5353879928588867,0.4817301630973816,0.48993098735809326,0.48413461446762085,4.0
565,1.0,1.0,1.0,1.0,1.0,0.0,0.5207628011703491,0.5234617590904236,0.5357229709625244,0.48213449120521545,0.4902833104133606,0.48450201749801636,4.0
566,0.0,1.0,1.0,1.0,1.0,0.0,0.5292713046073914,0.49792829155921936,0.5261449217796326,0.491088330745697,0.48567894101142883,0.49410614371299744,0.0
567,1.0,1.0,1.0,1.0,0.0,1.0,0.5291493535041809,0.4977780282497406,0.5260252356529236,0.49096205830574036,0.4855616092681885,0.49400565028190613,0.0
568,1.0,1.0,1.0,1.0,1.0,1.0,0.5208855271339417,0.5234324932098389,0.5356599688529968,0.4817603528499603,0.4892158806324005,0.48415616154670715,3.0
569,1.0,1.0,1.0,1.0,1.0,1.0,0.5207173228263855,0.523281455039978,0.5354788899421692,0.48157593607902527,0.4890371561050415,0.48395639657974243,3.0
570,0.0,0.0,0.0,0.0,0.0,0.0,0.528887927532196,0.49746623635292053,0.525740921497345,0.49064749479293823,0.48525336384773254,0.4937511086463928,0.0
571,1.0,1.0,1.0,1.0,1.0,1.0,0.5563307404518127,0.5107859373092651,0.4970893859863281,0.49509397149086,0.49583864212036133,0.4893503487110138,1.0
572,0.0,0.0,0.0,0.0,0.0,0.0,0.5201089978218079,0.5227231979370117,0.535496175289154,0.48133039474487305,0.4891979396343231,0.48409873247146606,2.0
573,1.0,1.0,0.0,0.0,1.0,0.0,0.5201851725578308,0.5228055119514465,0.5355662703514099,0.481415331363678,0.48927682638168335,0.4841696321964264,2.0
574,0.0,1.0,1.0,1.0,1.0,1.0,0.5207908153533936,0.5232822299003601,0.5355761647224426,0.48164093494415283,0.48912322521209717,0.48402833938598633,3.0
575,1.0,1.0,0.0,1.0,1.0,0.0,0.529358983039856,0.498058021068573,0.526194155216217,0.49116718769073486,0.48580607771873474,0.49416401982307434,0.0
576,1.0,1.0,1.0,1.0,1.0,1.0,0.5294286608695984,0.4981100261211395,0.5263131260871887,0.49125272035598755,0.4858757555484772,0.4942522346973419,0.0
577,1.0,1.0,1.0,1.0,1.0,0.0,0.5208780765533447,0.5236549377441406,0.5358006954193115,0.48231446743011475,0.49041491746902466,0.4846268594264984,4.0
578,1.0,1.0,0.0,0.0,0.0,0.0,0.5565070509910583,0.511039674282074,0.4973468482494354,0.4953034520149231,0.4960997998714447,0.48957836627960205,1.0
579,1.0,1.0,0.0,1.0,1.0,0.0,0.5205554366111755,0.523263692855835,0.5359308123588562,0.4818885624408722,0.4896813631057739,0.48460638523101807,2.0
580,0.0,0.0,0.0,0.0,0.0,0.0,0.5204168558120728,0.5228668451309204,0.535201907157898,0.4811904728412628,0.4887026250362396,0.48361828923225403,3.0
581,0.0,1.0,0.0,1.0,1.0,1.0,0.5204782485961914,0.523186445236206,0.5358156561851501,0.4817805588245392,0.48956841230392456,0.4844759404659271,2.0
582,0.0,0.0,0.0,0.0,0.0,0.0,0.5561633706092834,0.5105754137039185,0.4969468414783478,0.49487125873565674,0.49575671553611755,0.48916223645210266,1.0
583,0.0,0.0,0.0,0.0,0.0,0.0,0.556098997592926,0.5104982256889343,0.4968745708465576,0.49478963017463684,0.4956763684749603,0.48907434940338135,1.0
584,0.0,0.0,0.0,0.0,0.0,0.0,0.5289528965950012,0.49752384424209595,0.5258103609085083,0.49070626497268677,0.4853401780128479,0.4938167929649353,0.0
585,1.0,1.0,1.0,1.0,1.0,1.0,0.5564568042755127,0.5109476447105408,0.49728116393089294,0.4952469766139984,0.4960695803165436,0.48951128125190735,1.0
586,0.0,1.0,1.0,1.0,1.0,1.0,0.5207886695861816,0.5235512256622314,0.5356869101524353,0.48219063878059387,0.4903024435043335,0.4845293462276459,4.0
587,0.0,0.0,0.0,0.0,1.0,0.0,0.520754337310791,0.5233365893363953,0.5355281829833984,0.4816264808177948,0.48905980587005615,0.4839869439601898,3.0
588,1.0,1.0,0.0,0.0,0.0,0.0,0.5561869144439697,0.5106080770492554,0.4969936013221741,0.49490177631378174,0.4958096742630005,0.4891812801361084,1.0
589,1.0,1.0,0.0,0.0,1.0,0.0,0.5290110111236572,0.4976006746292114,0.5259116888046265,0.4908149242401123,0.4854140877723694,0.4938760995864868,0.0
590,0.0,0.0,0.0,0.0,0.0,0.0,0.5560780763626099,0.5104619860649109,0.49686795473098755,0.49476417899131775,0.49569061398506165,0.489042192697525,1.0
591,0.0,0.0,0.0,0.0,1.0,0.0,0.5561439990997314,0.510529100894928,0.4969256520271301,0.49483755230903625,0.49577340483665466,0.48912230134010315,1.0
592,1.0,1.0,1.0,1.0,1.0,1.0,0.5205104947090149,0.5231329798698425,0.5354798436164856,0.48179832100868225,0.49002301692962646,0.48421424627304077,4.0
593,1.0,1.0,1.0,1.0,1.0,1.0,0.5561989545822144,0.5105815529823303,0.49697205424308777,0.49488046765327454,0.49581924080848694,0.489160418510437,1.0
594,1.0,1.0,1.0,1.0,1.0,1.0,0.5203280448913574,0.5230376720428467,0.5356435179710388,0.4815942049026489,0.4894281029701233,0.4843226671218872,2.0
595,0.0,0.0,0.0,0.0,0.0,0.0,0.5204739570617676,0.5229341387748718,0.535268247127533,0.4812399446964264,0.4887567162513733,0.48364266753196716,3.0
596,1.0,1.0,1.0,0.0,1.0,0.0,0.5563040375709534,0.5107253789901733,0.4970877468585968,0.4950045943260193,0.49585938453674316,0.4893146753311157,1.0
597,1.0,1.0,1.0,1.0,1.0,1.0,0.5563055872917175,0.5107582807540894,0.4971122443675995,0.4950421452522278,0.4958674907684326,0.4893311560153961,1.0
598,1.0,1.0,0.0,0.0,1.0,0.0,0.5562685132026672,0.510723352432251,0.4970940351486206,0.49501773715019226,0.4958537518978119,0.4893154501914978,1.0
599,1.0,1.0,0.0,0.0,0.0,0.0,0.5562350153923035,0.5106790661811829,0.49703294038772583,0.49496591091156006,0.49580615758895874,0.4892415404319763,1.0
600,0.0,0.0,0.0,0.0,0.0,0.0,0.5204263925552368,0.5230461955070496,0.535367488861084,0.48170098662376404,0.48989567160606384,0.48409196734428406,4.0
601,1.0,1.0,1.0,1.0,1.0,0.0,0.5293563008308411,0.49805182218551636,0.5262128114700317,0.491183876991272,0.4857933819293976,0.4941825866699219,0.0
602,0.0,1.0,1.0,1.0,1.0,1.0,0.5294914245605469,0.49818259477615356,0.5263335108757019,0.4913022220134735,0.4859350919723511,0.49430733919143677,0.0
603,0.0,0.0,0.0,0.0,0.0,0.0,0.5201629996299744,0.5227611660957336,0.5355327129364014,0.4813801348209381,0.48926305770874023,0.48414796590805054,2.0
604,1.0,1.0,1.0,1.0,1.0,0.0,0.5207675695419312,0.5232970714569092,0.5355459451675415,0.48162317276000977,0.48907771706581116,0.48399487137794495,3.0
605,1.0,1.0,1.0,1.0,1.0,1.0,0.5204136967658997,0.5231161713600159,0.5357899069786072,0.48171266913414,0.4895325303077698,0.4844452738761902,2.0
606,0.0,0.0,0.0,0.0,0.0,0.0,0.5204734206199646,0.5229111313819885,0.5352790951728821,0.4812270700931549,0.4887641370296478,0.4836815297603607,3.0
607,1.0,1.0,1.0,1.0,1.0,0.0,0.5294798612594604,0.4981932044029236,0.5263004302978516,0.49128714203834534,0.48590120673179626,0.494271844625473,0.0
608,1.0,1.0,1.0,0.0,0.0,0.0,0.5206432342529297,0.5233378410339355,0.535592794418335,0.48196813464164734,0.4901401698589325,0.48437580466270447,4.0
609,1.0,1.0,1.0,1.0,0.0,0.0,0.5204248428344727,0.5231053233146667,0.5358211994171143,0.48173364996910095,0.48954567313194275,0.48444291949272156,2.0
610,0.0,0.0,0.0,0.0,0.0,0.0,0.5288562774658203,0.49741244316101074,0.5257328152656555,0.49060651659965515,0.4852373003959656,0.4936976432800293,0.0
611,1.0,1.0,1.0,1.0,1.0,1.0,0.5562998652458191,0.5107580423355103,0.4970850348472595,0.4950173795223236,0.49588635563850403,0.48931849002838135,1.0
612,0.0,0.0,0.0,0.0,0.0,0.0,0.5205057263374329,0.523099958896637,0.5354444980621338,0.4817771911621094,0.48999106884002686,0.4841741621494293,4.0
613,1.0,1.0,1.0,0.0,0.0,1.0,0.5292866230010986,0.4979427754878998,0.5261483788490295,0.49109795689582825,0.48571258783340454,0.4941130578517914,0.0
614,0.0,1.0,1.0,0.0,0.0,0.0,0.5562313795089722,0.5106803178787231,0.49702954292297363,0.4949687719345093,0.49580493569374084,0.48924484848976135,1.0
615,1.0,1.0,0.0,0.0,0.0,0.0,0.5560780763626099,0.5104677081108093,0.49687403440475464,0.4947837293148041,0.49570679664611816,0.4890596866607666,1.0
616,1.0,1.0,1.0,1.0,1.0,1.0,0.520819365978241,0.5233752727508545,0.5355762243270874,0.48168042302131653,0.4891212284564972,0.4840512275695801,3.0
617,0.0,0.0,0.0,0.0,0.0,0.0,0.5561539530754089,0.5105293989181519,0.4969237148761749,0.49483418464660645,0.495747447013855,0.48911672830581665,1.0
618,1.0,1.0,0.0,0.0,1.0,1.0,0.5289317965507507,0.49754980206489563,0.5257737636566162,0.4906814694404602,0.4853222072124481,0.49373772740364075,0.0
619,1.0,1.0,1.0,1.0,1.0,0.0,0.5564274787902832,0.5109069347381592,0.49719926714897156,0.49517950415611267,0.49595436453819275,0.48945656418800354,1.0
620,1.0,1.0,0.0,0.0,1.0,0.0,0.5561120510101318,0.5104842782020569,0.496879518032074,0.4947938323020935,0.4956515431404114,0.48907673358917236,1.0
621,0.0,1.0,1.0,1.0,1.0,0.0,0.5563370585441589,0.5108060836791992,0.4971083402633667,0.49509310722351074,0.4958871901035309,0.48936140537261963,1.0
622,1.0,1.0,0.0,0.0,1.0,0.0,0.5203015804290771,0.5229834914207458,0.5356683135032654,0.48156633973121643,0.4893893897533417,0.4842938184738159,2.0
623,0.0,0.0,0.0,0.0,0.0,0.0,0.5204173922538757,0.5230210423469543,0.5353664755821228,0.4816737174987793,0.4899066090583801,0.48408034443855286,4.0
624,0.0,0.0,0.0,0.0,0.0,0.0,0.5203168988227844,0.523001492023468,0.5356719493865967,0.4816201329231262,0.4894148111343384,0.4843069911003113,2.0
625,0.0,0.0,0.0,0.0,0.0,0.0,0.5205289721488953,0.5230159759521484,0.5353384017944336,0.4813368618488312,0.4888294041156769,0.48373961448669434,3.0
626,1.0,1.0,0.0,0.0,0.0,0.0,0.5563757419586182,0.5108523368835449,0.49716928601264954,0.4951610267162323,0.49595022201538086,0.4894315302371979,1.0
627,1.0,1.0,0.0,0.0,1.0,0.0,0.5206670761108398,0.5233591794967651,0.5356261730194092,0.482023686170578,0.4901738464832306,0.4844082295894623,4.0
628,1.0,1.0,0.0,0.0,1.0,0.0,0.5290907621383667,0.4977228045463562,0.5259770154953003,0.49089786410331726,0.4855309724807739,0.4939570724964142,0.0
629,0.0,0.0,0.0,0.0,0.0,0.0,0.5561120510101318,0.5104739665985107,0.49687501788139343,0.4947854280471802,0.49570322036743164,0.48906680941581726,1.0
630,1.0,1.0,0.0,0.0,1.0,0.0,0.5202687382698059,0.522936999797821,0.535681426525116,0.48153233528137207,0.4893803298473358,0.48430386185646057,2.0
631,1.0,1.0,0.0,0.0,0.0,0.0,0.5562340021133423,0.5106578469276428,0.49705246090888977,0.49496525526046753,0.49584993720054626,0.48924753069877625,1.0
632,0.0,0.0,0.0,0.0,1.0,0.0,0.5205110311508179,0.5231000185012817,0.5354613661766052,0.48177817463874817,0.4900127053260803,0.48420894145965576,4.0
633,1.0,1.0,1.0,1.0,1.0,1.0,0.5209727883338928,0.5236047506332397,0.5357027649879456,0.481894850730896,0.4893093407154083,0.48423951864242554,3.0
634,0.0,0.0,0.0,0.0,0.0,0.0,0.5290215611457825,0.49763432145118713,0.5258947014808655,0.49081170558929443,0.48542672395706177,0.4938749372959137,0.0
635,0.0,0.0,0.0,0.0,0.0,0.0,0.5206543803215027,0.5231412649154663,0.5354526042938232,0.4814848303794861,0.48897096514701843,0.48390474915504456,3.0
636,1.0,1.0,1.0,1.0,1.0,1.0,0.5563720464706421,0.5108424425125122,0.49717459082603455,0.4951213300228119,0.49597835540771484,0.4894181787967682,1.0
637,0.0,1.0,1.0,1.0,1.0,1.0,0.5292697548866272,0.49792322516441345,0.5261616706848145,0.4910985827445984,0.4857061803340912,0.49414339661598206,0.0
638,1.0,1.0,1.0,1.0,1.0,1.0,0.5206591486930847,0.5234258770942688,0.5360009670257568,0.4820185899734497,0.48974964022636414,0.4846634864807129,2.0
639,1.0,1.0,0.0,0.0,1.0,0.0,0.5205379724502563,0.523208737373352,0.5355088710784912,0.48188701272010803,0.490064799785614,0.48427021503448486,4.0
640,1.0,1.0,1.0,1.0,1.0,0.0,0.5207294821739197,0.5234063267707825,0.5356923937797546,0.4820745289325714,0.4902530908584595,0.4844590425491333,4.0
641,1.0,1.0,1.0,1.0,1.0,1.0,0.5208432078361511,0.5235821008682251,0.535781979560852,0.4822550117969513,0.4903663992881775,0.4845985174179077,4.0
642,0.0,0.0,0.0,0.0,0.0,0.0,0.5204845666885376,0.5231216549873352,0.5354117155075073,0.48176997900009155,0.4899936020374298,0.4841844439506531,4.0
643,1.0,1.0,0.0,1.0,1.0,1.0,0.5292850732803345,0.497947633266449,0.5261516571044922,0.4910985827445984,0.4856976270675659,0.49412140250205994,0.0
644,0.0,0.0,0.0,0.0,0.0,0.0,0.5204687118530273,0.5231761336326599,0.5358364582061768,0.48180386424064636,0.48958808183670044,0.4845077395439148,2.0
645,1.0,1.0,0.0,0.0,1.0,0.0,0.5206829309463501,0.5233567953109741,0.5356552004814148,0.48204195499420166,0.4901920258998871,0.4844353199005127,4.0
646,0.0,0.0,1.0,0.0,0.0,0.0,0.5205094218254089,0.523198127746582,0.5354909896850586,0.4818078577518463,0.49002406001091003,0.48423275351524353,4.0
647,0.0,0.0,0.0,0.0,0.0,0.0,0.5204766392707825,0.5230629444122314,0.5354278087615967,0.4817417860031128,0.4899771213531494,0.48415443301200867,4.0
648,1.0,1.0,0.0,0.0,1.0,0.0,0.5204613208770752,0.5230331420898438,0.5353956818580627,0.4817110002040863,0.4899488389492035,0.4841437041759491,4.0
649,0.0,0.0,0.0,0.0,0.0,0.0,0.5200979113578796,0.5227087140083313,0.5354689359664917,0.48129788041114807,0.48917388916015625,0.4840726852416992,2.0
650,1.0,1.0,1.0,0.0,1.0,0.0,0.5293394327163696,0.4980291724205017,0.5262550115585327,0.49118852615356445,0.4858017563819885,0.49421054124832153,0.0
651,1.0,1.0,0.0,0.0,0.0,0.0,0.5562015175819397,0.5106312036514282,0.4970272481441498,0.4949426054954529,0.49581894278526306,0.48920342326164246,1.0
652,1.0,1.0,0.0,0.0,0.0,0.0,0.5206665396690369,0.5231902599334717,0.5354627966880798,0.4815131425857544,0.48900312185287476,0.4839031398296356,3.0
653,1.0,1.0,1.0,1.0,1.0,1.0,0.5208960771560669,0.5234800577163696,0.5356406569480896,0.48180633783340454,0.4891926944255829,0.48412957787513733,3.0
654,0.0,1.0,1.0,1.0,1.0,1.0,0.5562847256660461,0.5106971859931946,0.49709030985832214,0.49497368931770325,0.4958753287792206,0.489276260137558,1.0
655,1.0,1.0,0.0,1.0,1.0,1.0,0.5207035541534424,0.523302435874939,0.5354821681976318,0.4815796911716461,0.48902592062950134,0.4839586317539215,3.0
656,1.0,1.0,0.0,1.0,0.0,0.0,0.5206818580627441,0.5231567025184631,0.5355018377304077,0.4814922511577606,0.48901212215423584,0.4839094877243042,3.0
657,0.0,0.0,0.0,0.0,0.0,0.0,0.5206146836280823,0.5231156945228577,0.5354180932044983,0.48145997524261475,0.48892343044281006,0.48385143280029297,3.0
658,0.0,0.0,0.0,0.0,0.0,0.0,0.5204935669898987,0.5229072570800781,0.5353301167488098,0.4812682569026947,0.4888043999671936,0.4837014079093933,3.0
659,1.0,1.0,0.0,0.0,1.0,0.0,0.5205422639846802,0.5231412053108215,0.5354824662208557,0.48181018233299255,0.4900371730327606,0.4842175543308258,4.0
660,1.0,1.0,1.0,1.0,1.0,0.0,0.5565949082374573,0.5111377239227295,0.4973737299442291,0.4954174757003784,0.49612802267074585,0.48967885971069336,1.0
661,0.0,1.0,1.0,1.0,1.0,1.0,0.5203063488006592,0.522977352142334,0.5357344746589661,0.48157721757888794,0.48941418528556824,0.48434537649154663,2.0
662,0.0,1.0,1.0,1.0,1.0,1.0,0.5206707715988159,0.5231978893280029,0.5354835391044617,0.481498658657074,0.48901018500328064,0.4839116334915161,3.0
663,1.0,1.0,1.0,1.0,1.0,0.0,0.5207760334014893,0.5234642028808594,0.5357204079627991,0.48216408491134644,0.4902763068675995,0.48449888825416565,4.0
664,0.0,1.0,1.0,1.0,1.0,1.0,0.5562951564788818,0.5107415914535522,0.4971032738685608,0.4950331449508667,0.4958701729774475,0.4893176853656769,1.0
665,1.0,1.0,0.0,0.0,1.0,0.0,0.5204485654830933,0.523151695728302,0.5358030200004578,0.4817672371864319,0.48955389857292175,0.4844777286052704,2.0
666,1.0,1.0,1.0,1.0,1.0,1.0,0.5205020308494568,0.5231925249099731,0.5358749032020569,0.48182645440101624,0.4896077513694763,0.48452228307724,2.0
667,0.0,0.0,0.0,0.0,0.0,0.0,0.5207691192626953,0.5233361124992371,0.5355380773544312,0.48162737488746643,0.4890595078468323,0.4839889109134674,3.0
668,1.0,1.0,1.0,1.0,1.0,1.0,0.5293219685554504,0.49801355600357056,0.5261666774749756,0.49114295840263367,0.4857707619667053,0.49413758516311646,0.0
669,0.0,1.0,1.0,1.0,0.0,1.0,0.5563432574272156,0.5108147859573364,0.4971453547477722,0.49511444568634033,0.49591660499572754,0.48939186334609985,1.0
670,0.0,1.0,1.0,1.0,0.0,1.0,0.5562805533409119,0.5107284784317017,0.4970993995666504,0.49499937891960144,0.4958627223968506,0.48928844928741455,1.0
671,1.0,1.0,1.0,1.0,1.0,0.0,0.5209267139434814,0.5234764218330383,0.5356887578964233,0.48181426525115967,0.4892324209213257,0.4841848909854889,3.0
672,0.0,0.0,0.0,0.0,0.0,0.0,0.5201666951179504,0.5227154493331909,0.5355147123336792,0.48132455348968506,0.4892271161079407,0.4841061532497406,2.0
673,0.0,0.0,0.0,0.0,0.0,0.0,0.5201709270477295,0.5228452682495117,0.53556889295578,0.4814416170120239,0.48927295207977295,0.48419055342674255,2.0
674,1.0,1.0,0.0,0.0,1.0,0.0,0.529246985912323,0.4978979229927063,0.5261475443840027,0.4910784065723419,0.48568692803382874,0.4941028952598572,0.0
675,0.0,0.0,0.0,0.0,0.0,0.0,0.5207273364067078,0.5232441425323486,0.5354783535003662,0.4815536141395569,0.48903414607048035,0.4839397072792053,3.0
676,1.0,0.0,1.0,1.0,1.0,0.0,0.5203428268432617,0.5230250954627991,0.5357330441474915,0.4816403090953827,0.4894658029079437,0.4843645989894867,2.0
677,0.0,0.0,0.0,0.0,0.0,0.0,0.5560299158096313,0.5103830099105835,0.4968221187591553,0.4946911931037903,0.495638370513916,0.488983690738678,1.0
678,1.0,1.0,1.0,1.0,1.0,1.0,0.5292850732803345,0.497947633266449,0.5261516571044922,0.4910985827445984,0.4856976270675659,0.49412140250205994,0.0
679,1.0,1.0,1.0,1.0,1.0,1.0,0.5292507410049438,0.4979453682899475,0.5260822176933289,0.4910546541213989,0.48568007349967957,0.4940594732761383,0.0
680,0.0,1.0,1.0,1.0,0.0,1.0,0.556259036064148,0.5106655955314636,0.49702906608581543,0.49497169256210327,0.49578505754470825,0.48925283551216125,1.0
681,0.0,0.0,0.0,0.0,0.0,0.0,0.5203809142112732,0.5230008363723755,0.5353235006332397,0.4816513657569885,0.48986712098121643,0.48404091596603394,4.0
682,0.0,1.0,1.0,1.0,0.0,0.0,0.5291054844856262,0.4977034330368042,0.5259937047958374,0.490915447473526,0.48550546169281006,0.49398672580718994,0.0
683,1.0,1.0,0.0,0.0,1.0,0.0,0.5205078721046448,0.5231615900993347,0.535427987575531,0.4818219542503357,0.4899885654449463,0.48420289158821106,4.0
684,0.0,1.0,1.0,1.0,0.0,1.0,0.5206390619277954,0.5231531262397766,0.5354013442993164,0.48145592212677,0.4889204800128937,0.4838433563709259,3.0
685,0.0,1.0,1.0,1.0,1.0,1.0,0.5208791494369507,0.5234405994415283,0.5356242656707764,0.48178139328956604,0.48916566371917725,0.48412784934043884,3.0
686,1.0,1.0,1.0,1.0,1.0,1.0,0.5205458998680115,0.5232115983963013,0.5355139970779419,0.4818929135799408,0.49006137251853943,0.48428094387054443,4.0
687,1.0,1.0,1.0,1.0,1.0,1.0,0.5206538438796997,0.5233520865440369,0.535621702671051,0.4820212423801422,0.4901730716228485,0.4844008684158325,4.0
688,1.0,1.0,1.0,1.0,1.0,1.0,0.5204306244850159,0.5231343507766724,0.5357793569564819,0.4817297160625458,0.48952406644821167,0.4844388961791992,2.0
689,0.0,0.0,0.0,0.0,0.0,0.0,0.5205655097961426,0.5230493545532227,0.5353655815124512,0.48137983679771423,0.48885709047317505,0.48377615213394165,3.0
690,0.0,0.0,0.0,0.0,0.0,0.0,0.5205517411231995,0.5230446457862854,0.5353397727012634,0.4813540577888489,0.48882558941841125,0.4837581515312195,3.0
691,1.0,1.0,1.0,1.0,1.0,1.0,0.5204988121986389,0.5232052803039551,0.5358579754829407,0.4818040728569031,0.48959511518478394,0.48451322317123413,2.0
692,1.0,1.0,1.0,1.0,1.0,1.0,0.5289851427078247,0.49756112694740295,0.5258358716964722,0.4907497763633728,0.48535287380218506,0.4938555061817169,0.0
693,0.0,0.0,0.0,1.0,1.0,0.0,0.528887927532196,0.4974583387374878,0.525755763053894,0.49066242575645447,0.4852580726146698,0.4937075078487396,0.0
694,0.0,0.0,0.0,0.0,0.0,0.0,0.5290072560310364,0.497620165348053,0.5258971452713013,0.49079033732414246,0.48540017008781433,0.4938468337059021,0.0
695,0.0,1.0,1.0,1.0,1.0,1.0,0.52036452293396,0.5230481028556824,0.5357376933097839,0.4816674292087555,0.48945873975753784,0.48434922099113464,2.0
696,1.0,1.0,1.0,1.0,1.0,1.0,0.5207813382148743,0.5233242511749268,0.5355463624000549,0.4816288650035858,0.4890870451927185,0.4840099513530731,3.0
697,1.0,1.0,0.0,1.0,1.0,1.0,0.520663321018219,0.523190438747406,0.5354311466217041,0.48150530457496643,0.4889673888683319,0.4839016795158386,3.0
698,0.0,1.0,1.0,1.0,0.0,1.0,0.5204967856407166,0.5231086015701294,0.5354601144790649,0.4817735254764557,0.49000000953674316,0.48418617248535156,4.0
699,1.0,1.0,1.0,1.0,1.0,1.0,0.5207834243774414,0.5235595107078552,0.535702109336853,0.4822123348712921,0.4902969300746918,0.48452967405319214,4.0
700,0.0,0.0,0.0,0.0,0.0,0.0,0.5560759902000427,0.5104703307151794,0.4968639016151428,0.49477049708366394,0.49565500020980835,0.4890559911727905,1.0
701,1.0,1.0,1.0,1.0,1.0,0.0,0.529516339302063,0.49821385741233826,0.5263380408287048,0.49134257435798645,0.48596739768981934,0.4943244159221649,0.0
702,1.0,1.0,1.0,1.0,1.0,1.0,0.5208257436752319,0.5235276818275452,0.5357756614685059,0.4822006821632385,0.49033716320991516,0.48455217480659485,4.0
703,0.0,0.0,1.0,0.0,0.0,1.0,0.5205458998680115,0.5230218172073364,0.5353400707244873,0.48134922981262207,0.48884469270706177,0.48375222086906433,3.0
704,1.0,1.0,0.0,0.0,1.0,0.0,0.5290051698684692,0.49759700894355774,0.5259144306182861,0.49081963300704956,0.48542770743370056,0.49389004707336426,0.0
705,1.0,1.0,1.0,1.0,0.0,1.0,0.5564594268798828,0.5109535455703735,0.497283935546875,0.4952245056629181,0.4960756301879883,0.48950624465942383,1.0
706,1.0,1.0,0.0,0.0,1.0,0.0,0.5561502575874329,0.5105570554733276,0.4969533383846283,0.49485209584236145,0.4957968592643738,0.48913297057151794,1.0
707,0.0,0.0,0.0,0.0,0.0,0.0,0.5562219619750977,0.5106620788574219,0.49704501032829285,0.49495020508766174,0.49586209654808044,0.4892427325248718,1.0
708,1.0,1.0,1.0,1.0,1.0,1.0,0.5206316113471985,0.523116946220398,0.5354354977607727,0.48144251108169556,0.4889202415943146,0.48385927081108093,3.0
709,0.0,1.0,0.0,0.0,1.0,0.0,0.5204491019248962,0.523093044757843,0.5353935956954956,0.4817269444465637,0.4899209141731262,0.48413220047950745,4.0
710,0.0,1.0,1.0,0.0,0.0,1.0,0.556334376335144,0.5107884407043457,0.49715185165405273,0.4950563311576843,0.49593430757522583,0.4893641471862793,1.0
711,1.0,1.0,0.0,0.0,1.0,0.0,0.5290732979774475,0.4976780414581299,0.525957465171814,0.49089109897613525,0.4854902923107147,0.4939248263835907,0.0
712,1.0,1.0,0.0,0.0,0.0,0.0,0.5291076302528381,0.49773648381233215,0.5260031223297119,0.4909280836582184,0.4855506420135498,0.49396613240242004,0.0
713,1.0,1.0,1.0,0.0,0.0,0.0,0.5206104516983032,0.5231125354766846,0.5354137420654297,0.4814295768737793,0.48892319202423096,0.4838482737541199,3.0
714,1.0,1.0,0.0,0.0,1.0,1.0,0.5202227234840393,0.5228648781776428,0.5356184840202332,0.48146432638168335,0.4893338978290558,0.48423293232917786,2.0
715,1.0,1.0,1.0,1.0,1.0,0.0,0.5295479893684387,0.4982893764972687,0.5263814330101013,0.4913858473300934,0.48597607016563416,0.49434584379196167,0.0
716,0.0,0.0,0.0,0.0,0.0,0.0,0.5201746225357056,0.5228235125541687,0.5355724692344666,0.4814113974571228,0.48928195238113403,0.4841892719268799,2.0
717,0.0,0.0,0.0,0.0,0.0,0.0,0.5206141471862793,0.5231325030326843,0.5353495478630066,0.4814450442790985,0.4888829290866852,0.48382431268692017,3.0
718,1.0,1.0,1.0,1.0,1.0,0.0,0.5203539133071899,0.5230645537376404,0.5357803106307983,0.48166388273239136,0.48948007822036743,0.484391450881958,2.0
719,0.0,0.0,0.0,0.0,0.0,0.0,0.5204586386680603,0.5230693817138672,0.5353926420211792,0.48172223567962646,0.48993971943855286,0.4841458201408386,4.0
720,0.0,0.0,0.0,1.0,1.0,0.0,0.5560942888259888,0.5104901194572449,0.4968827962875366,0.4947805404663086,0.4957018792629242,0.4890696108341217,1.0
721,0.0,0.0,1.0,0.0,0.0,1.0,0.5290780663490295,0.4976968765258789,0.525954008102417,0.4908836781978607,0.4854815900325775,0.4939413070678711,0.0
722,1.0,1.0,1.0,0.0,1.0,0.0,0.5202391147613525,0.5228931903839111,0.5356549620628357,0.4814976751804352,0.48934394121170044,0.4842616021633148,2.0
723,0.0,0.0,0.0,0.0,0.0,0.0,0.5201941728591919,0.5228062868118286,0.5355959534645081,0.4814279079437256,0.48930832743644714,0.48420950770378113,2.0
724,0.0,1.0,1.0,1.0,1.0,1.0,0.5563328266143799,0.5107930302619934,0.4970960319042206,0.49509626626968384,0.49587005376815796,0.48937055468559265,1.0
725,0.0,1.0,1.0,1.0,0.0,1.0,0.5205121040344238,0.5231184959411621,0.5354689359664917,0.48178765177726746,0.4900014400482178,0.48418277502059937,4.0
726,1.0,1.0,1.0,1.0,1.0,0.0,0.5205591320991516,0.5230549573898315,0.5353482365608215,0.4813627302646637,0.4888507127761841,0.483765572309494,3.0
727,0.0,0.0,0.0,0.0,0.0,0.0,0.5291123986244202,0.4977681636810303,0.5260081887245178,0.4909460246562958,0.48555487394332886,0.493999719619751,0.0
728,0.0,0.0,0.0,0.0,0.0,0.0,0.5207008719444275,0.5231782793998718,0.535505473613739,0.4815276265144348,0.4890252351760864,0.4839398264884949,3.0
729,1.0,1.0,0.0,0.0,1.0,0.0,0.5205332040786743,0.5231627821922302,0.5354961156845093,0.48182445764541626,0.4900469481945038,0.4842185080051422,4.0
730,0.0,0.0,0.0,0.0,0.0,0.0,0.5560393929481506,0.5104069709777832,0.49684029817581177,0.49471911787986755,0.49564820528030396,0.4890041649341583,1.0
731,1.0,1.0,1.0,1.0,1.0,1.0,0.5206919312477112,0.5232254862785339,0.53546142578125,0.48151788115501404,0.48896896839141846,0.48390236496925354,3.0
732,1.0,1.0,1.0,1.0,1.0,1.0,0.5210028886795044,0.5235864520072937,0.5357316136360168,0.48189088702201843,0.4893125593662262,0.4842391312122345,3.0
733,1.0,0.0,0.0,0.0,0.0,0.0,0.5201841592788696,0.5227640271186829,0.535574197769165,0.48139211535453796,0.48928102850914,0.48416438698768616,2.0
734,0.0,0.0,1.0,0.0,0.0,0.0,0.5205226540565491,0.522983729839325,0.5353186130523682,0.4813060462474823,0.48881813883781433,0.48373302817344666,3.0
735,0.0,0.0,1.0,0.0,0.0,0.0,0.5206120014190674,0.5231038331985474,0.5353966951370239,0.4814448356628418,0.488904744386673,0.4838346540927887,3.0
736,1.0,1.0,1.0,1.0,0.0,0.0,0.5203772187232971,0.5230833888053894,0.5357714891433716,0.4816947877407074,0.48950204253196716,0.48440220952033997,2.0
737,0.0,0.0,0.0,0.0,0.0,0.0,0.5201926231384277,0.5228202939033508,0.5356043577194214,0.481434166431427,0.4893164336681366,0.4842224717140198,2.0
738,1.0,1.0,1.0,1.0,1.0,0.0,0.5206575393676758,0.5231731534004211,0.5354520678520203,0.4814983308315277,0.48897337913513184,0.4838993549346924,3.0
739,0.0,0.0,0.0,0.0,0.0,0.0,0.5205549001693726,0.5230152606964111,0.5353450775146484,0.4813438355922699,0.4888465106487274,0.48374268412590027,3.0
740,0.0,0.0,0.0,0.0,0.0,0.0,0.5205215811729431,0.5229916572570801,0.5353174209594727,0.4813017249107361,0.48880019783973694,0.48371633887290955,3.0
741,1.0,1.0,1.0,0.0,1.0,0.0,0.5206168293952942,0.523347795009613,0.5359684228897095,0.48196762800216675,0.48970353603363037,0.4846348166465759,2.0
742,0.0,1.0,1.0,1.0,1.0,1.0,0.5208178162574768,0.5235714316368103,0.5357385873794556,0.4822368323802948,0.49033212661743164,0.4845483601093292,4.0
743,1.0,1.0,1.0,1.0,1.0,1.0,0.529462456703186,0.4981697201728821,0.52632075548172,0.49128806591033936,0.48591503500938416,0.49427440762519836,0.0
744,0.0,0.0,0.0,0.0,0.0,0.0,0.5561811327934265,0.5105925798416138,0.49695339798927307,0.49490973353385925,0.4957297444343567,0.4891931712627411,1.0
745,1.0,1.0,0.0,0.0,1.0,0.0,0.5563286542892456,0.5107637047767639,0.49713391065597534,0.49503326416015625,0.49591901898384094,0.48933082818984985,1.0
746,1.0,1.0,1.0,1.0,1.0,0.0,0.5203269720077515,0.5230112671852112,0.5357134342193604,0.48161929845809937,0.4894096255302429,0.4843185245990753,2.0
747,0.0,0.0,0.0,0.0,0.0,0.0,0.5204078555107117,0.5230059027671814,0.5353507995605469,0.4816707372665405,0.48989149928092957,0.48404660820961,4.0
748,1.0,1.0,0.0,0.0,1.0,0.0,0.5205263495445251,0.5231907963752747,0.5355170965194702,0.48183950781822205,0.49004065990448,0.4842584729194641,4.0
749,0.0,0.0,0.0,0.0,0.0,0.0,0.5205401182174683,0.5232073068618774,0.5355052947998047,0.4818767011165619,0.49003705382347107,0.4842502474784851,4.0
750,1.0,1.0,1.0,0.0,0.0,0.0,0.5207865834236145,0.5233191251754761,0.5355658531188965,0.48163512349128723,0.48910656571388245,0.48400387167930603,3.0
751,0.0,0.0,0.0,0.0,0.0,0.0,0.520431637763977,0.5230114459991455,0.5353647470474243,0.4816737174987793,0.4898949861526489,0.4840928018093109,4.0
752,1.0,1.0,0.0,0.0,1.0,0.0,0.5289127826690674,0.4975021183490753,0.5257728099822998,0.49068984389305115,0.4853026568889618,0.493773877620697,0.0
753,1.0,1.0,1.0,1.0,0.0,0.0,0.520819902420044,0.5233948826789856,0.5355597138404846,0.48170459270477295,0.48911020159721375,0.4840739667415619,3.0
754,1.0,1.0,0.0,0.0,1.0,1.0,0.5561382174491882,0.5105183124542236,0.49689981341362,0.49482300877571106,0.49569201469421387,0.48909738659858704,1.0
755,1.0,0.0,0.0,0.0,0.0,0.0,0.5563406348228455,0.5108073949813843,0.4971678555011749,0.49510419368743896,0.4959287941455841,0.4893834590911865,1.0
756,1.0,1.0,0.0,0.0,1.0,0.0,0.5204136967658997,0.5230854153633118,0.5357805490493774,0.4817061424255371,0.4895041882991791,0.48441821336746216,2.0
757,1.0,1.0,1.0,1.0,0.0,1.0,0.5564594268798828,0.510939359664917,0.49728044867515564,0.4952104687690735,0.4960494637489319,0.4895060956478119,1.0
758,0.0,1.0,1.0,1.0,0.0,1.0,0.5207236409187317,0.5232674479484558,0.5355002284049988,0.4815675914287567,0.4890081286430359,0.483950138092041,3.0
759,1.0,1.0,1.0,1.0,0.0,1.0,0.5292760133743286,0.4979289472103119,0.5261438488960266,0.49108177423477173,0.4856833517551422,0.4941166341304779,0.0
760,1.0,0.0,0.0,0.0,0.0,0.0,0.5206067562103271,0.5230967998504639,0.5354006886482239,0.4814317226409912,0.4889011085033417,0.4838372766971588,3.0
761,1.0,1.0,1.0,1.0,1.0,1.0,0.5209674835205078,0.5235719084739685,0.5357074737548828,0.4818664789199829,0.4892958402633667,0.4842105507850647,3.0
762,1.0,1.0,1.0,1.0,1.0,0.0,0.5205866694450378,0.5233108401298523,0.5359636545181274,0.48194369673728943,0.48971161246299744,0.4846232831478119,2.0
763,1.0,1.0,1.0,1.0,1.0,1.0,0.5206395387649536,0.5233620405197144,0.5355706810951233,0.4820052981376648,0.4901356101036072,0.48437556624412537,4.0
764,1.0,1.0,1.0,1.0,1.0,1.0,0.5293732285499573,0.4980510473251343,0.5262490510940552,0.49120578169822693,0.485819935798645,0.49421700835227966,0.0
765,0.0,0.0,0.0,0.0,0.0,0.0,0.5288980007171631,0.49746429920196533,0.5257604122161865,0.4906553030014038,0.4852702021598816,0.4937504529953003,0.0
766,1.0,1.0,1.0,1.0,1.0,1.0,0.5206702351570129,0.5233575105667114,0.5356240272521973,0.4820106625556946,0.49018222093582153,0.48440229892730713,4.0
767,0.0,0.0,0.0,0.0,0.0,0.0,0.5561994314193726,0.510633111000061,0.4970129132270813,0.4949180781841278,0.4957919716835022,0.489218145608902,1.0
768,1.0,1.0,1.0,1.0,1.0,1.0,0.5208945274353027,0.5234434008598328,0.5356528759002686,0.48178061842918396,0.48918938636779785,0.4841388463973999,3.0
769,0.0,0.0,0.0,0.0,0.0,0.0,0.5204871892929077,0.5231021642684937,0.5354197025299072,0.48177120089530945,0.4899793863296509,0.48415523767471313,4.0
770,1.0,1.0,0.0,0.0,1.0,0.0,0.5203999876976013,0.5230667591094971,0.5357621312141418,0.48169606924057007,0.4894953966140747,0.48439180850982666,2.0
771,0.0,0.0,0.0,0.0,0.0,0.0,0.5201936364173889,0.5228545665740967,0.535586416721344,0.4814261496067047,0.4892982244491577,0.48422151803970337,2.0
772,1.0,1.0,1.0,1.0,1.0,1.0,0.5566216111183167,0.5112003684043884,0.49744713306427,0.4954564571380615,0.4961835443973541,0.48972904682159424,1.0
773,1.0,1.0,1.0,1.0,1.0,1.0,0.5208368301391602,0.5234066247940063,0.5356156826019287,0.48171886801719666,0.48916372656822205,0.484088271856308,3.0
774,1.0,1.0,1.0,1.0,1.0,1.0,0.5292866230010986,0.49793243408203125,0.526161253452301,0.49110087752342224,0.48571690917015076,0.49415451288223267,0.0
775,1.0,1.0,0.0,0.0,1.0,0.0,0.5205337405204773,0.5231366157531738,0.5354893207550049,0.4817838668823242,0.49002376198768616,0.48420166969299316,4.0
776,0.0,1.0,0.0,1.0,0.0,0.0,0.5207305550575256,0.5234382748603821,0.5356476306915283,0.4821024537086487,0.49021613597869873,0.4844355583190918,4.0
777,1.0,1.0,1.0,1.0,1.0,1.0,0.5292929410934448,0.4979415535926819,0.5261335372924805,0.4911031723022461,0.48570308089256287,0.49411672353744507,0.0
778,1.0,1.0,1.0,1.0,1.0,1.0,0.5204110741615295,0.5231148600578308,0.5357617139816284,0.4817064702510834,0.4895135760307312,0.48443320393562317,2.0
779,0.0,0.0,1.0,1.0,1.0,1.0,0.5205422639846802,0.5232184529304504,0.5355080366134644,0.48189276456832886,0.4900708794593811,0.48427680134773254,4.0
780,1.0,1.0,0.0,1.0,1.0,0.0,0.5562925338745117,0.5107343196868896,0.49709397554397583,0.49501025676727295,0.4958644211292267,0.48933151364326477,1.0
781,1.0,1.0,1.0,1.0,1.0,1.0,0.5564526319503784,0.5109434723854065,0.49723386764526367,0.49522650241851807,0.49599719047546387,0.4895031750202179,1.0
782,0.0,0.0,0.0,0.0,0.0,0.0,0.556080162525177,0.5104652643203735,0.4968729615211487,0.49475812911987305,0.49567654728889465,0.4890453815460205,1.0
783,0.0,0.0,0.0,0.0,0.0,0.0,0.5205358862876892,0.5230314135551453,0.5353111028671265,0.48133018612861633,0.4888116419315338,0.48375725746154785,3.0
784,1.0,1.0,1.0,1.0,1.0,0.0,0.5207961201667786,0.5233243703842163,0.5355843901634216,0.48164600133895874,0.4891261160373688,0.48404252529144287,3.0
785,1.0,1.0,1.0,1.0,1.0,0.0,0.5291609168052673,0.4977823495864868,0.5260537266731262,0.4909821152687073,0.4855882525444031,0.49402618408203125,0.0
786,0.0,0.0,0.0,0.0,0.0,0.0,0.5562292337417603,0.5106745362281799,0.4970579147338867,0.49496036767959595,0.4958569407463074,0.4892471432685852,1.0
787,1.0,1.0,0.0,0.0,1.0,0.0,0.5289497375488281,0.49753668904304504,0.5258210301399231,0.49073320627212524,0.4853554666042328,0.4938196837902069,0.0
788,0.0,0.0,0.0,0.0,0.0,0.0,0.5203190445899963,0.522998571395874,0.5357295274734497,0.48160862922668457,0.48943907022476196,0.4843409061431885,2.0
789,0.0,0.0,0.0,0.0,0.0,0.0,0.5206411480903625,0.523138165473938,0.5354402661323547,0.4814477562904358,0.488937109708786,0.48385781049728394,3.0
790,1.0,1.0,1.0,1.0,1.0,0.0,0.5206961631774902,0.5232410430908203,0.5354620218276978,0.48154354095458984,0.48899605870246887,0.4839188754558563,3.0
791,1.0,1.0,1.0,1.0,1.0,0.0,0.52082359790802,0.5236052870750427,0.5357015132904053,0.48224204778671265,0.490317165851593,0.4845394194126129,4.0
792,1.0,1.0,0.0,0.0,1.0,0.0,0.5562747716903687,0.5107056498527527,0.4970635175704956,0.49499738216400146,0.49583899974823,0.48928549885749817,1.0
793,1.0,1.0,0.0,0.0,0.0,0.0,0.5202946662902832,0.5229671001434326,0.5356941223144531,0.4815801978111267,0.48938870429992676,0.48431986570358276,2.0
794,1.0,1.0,0.0,0.0,0.0,0.0,0.5205633640289307,0.5232396125793457,0.5355582237243652,0.48187682032585144,0.49004969000816345,0.48428305983543396,4.0
795,0.0,0.0,0.0,0.0,0.0,0.0,0.5203914642333984,0.5229602456092834,0.5353437066078186,0.48161569237709045,0.48987215757369995,0.484048455953598,4.0
796,0.0,0.0,0.0,0.0,0.0,0.0,0.520203709602356,0.5228658318519592,0.535611093044281,0.48145532608032227,0.48930227756500244,0.48422470688819885,2.0
797,1.0,1.0,0.0,0.0,1.0,0.0,0.5204681754112244,0.5230451226234436,0.5354207754135132,0.48171699047088623,0.48996102809906006,0.48415300250053406,4.0
798,1.0,1.0,0.0,0.0,1.0,0.0,0.5561424493789673,0.5105169415473938,0.4969281256198883,0.49484339356422424,0.4957297444343567,0.4891159236431122,1.0
799,1.0,1.0,1.0,1.0,1.0,1.0,0.5204200148582458,0.5231079459190369,0.5358239412307739,0.4817166030406952,0.4895327687263489,0.4844421446323395,2.0
800,1.0,1.0,0.0,1.0,1.0,0.0,0.5208119750022888,0.5235230922698975,0.5357734560966492,0.48223018646240234,0.4903520941734314,0.4845719337463379,4.0
801,1.0,1.0,1.0,1.0,1.0,1.0,0.5208532214164734,0.5233638286590576,0.5356365442276001,0.48169806599617004,0.48915207386016846,0.4840940833091736,3.0
802,0.0,0.0,0.0,0.0,0.0,0.0,0.5203073620796204,0.522998571395874,0.5357042551040649,0.4815799295902252,0.4894137382507324,0.4843207597732544,2.0
803,0.0,0.0,0.0,0.0,0.0,0.0,0.5202804207801819,0.5229167342185974,0.535681962966919,0.48153695464134216,0.4893735349178314,0.48428699374198914,2.0
804,1.0,1.0,1.0,1.0,1.0,1.0,0.5207982659339905,0.5235073566436768,0.5357146263122559,0.4821840524673462,0.49030381441116333,0.48451074957847595,4.0
805,1.0,1.0,0.0,0.0,1.0,0.0,0.5204459428787231,0.523024320602417,0.5353953242301941,0.48170891404151917,0.48992571234703064,0.4841160476207733,4.0
806,1.0,1.0,1.0,1.0,1.0,1.0,0.5204840302467346,0.5232386589050293,0.535825788974762,0.48181846737861633,0.4895854592323303,0.4845089614391327,2.0
807,1.0,1.0,1.0,1.0,1.0,1.0,0.5566205382347107,0.5111784338951111,0.4974227547645569,0.495449036359787,0.4961419403553009,0.4897192120552063,1.0
808,1.0,1.0,1.0,1.0,1.0,0.0,0.5290490388870239,0.4976694583892822,0.5259317755699158,0.4908669590950012,0.48546212911605835,0.4938977360725403,0.0
809,1.0,1.0,0.0,0.0,1.0,0.0,0.5290717482566833,0.4976681172847748,0.5259761810302734,0.49088090658187866,0.4854791462421417,0.49397388100624084,0.0
810,1.0,1.0,0.0,0.0,0.0,0.0,0.5561298131942749,0.5105387568473816,0.4969456195831299,0.4948436915874481,0.495787650346756,0.4891287386417389,1.0
811,1.0,1.0,0.0,0.0,0.0,0.0,0.556225061416626,0.5106326937675476,0.4970175325870514,0.49494558572769165,0.49579116702079773,0.4892224967479706,1.0
812,1.0,1.0,1.0,1.0,1.0,1.0,0.5203227400779724,0.5230233073234558,0.5356979370117188,0.48161831498146057,0.4894176125526428,0.4843342900276184,2.0
813,0.0,0.0,0.0,0.0,0.0,0.0,0.5201709270477295,0.5228118300437927,0.5355706214904785,0.4814088046550751,0.4892798960208893,0.4841969311237335,2.0
814,0.0,1.0,1.0,1.0,1.0,1.0,0.5207077860832214,0.5232706665992737,0.5354791879653931,0.4815644919872284,0.48901093006134033,0.4839460253715515,3.0
815,1.0,1.0,0.0,0.0,0.0,0.0,0.5207374095916748,0.5234610438346863,0.5356525182723999,0.4821084439754486,0.49022015929222107,0.48447033762931824,4.0
816,1.0,1.0,1.0,1.0,1.0,1.0,0.5565023422241211,0.5109965801239014,0.49731743335723877,0.4952860176563263,0.4960768520832062,0.48956990242004395,1.0
817,1.0,1.0,1.0,1.0,1.0,0.0,0.5293616056442261,0.49806371331214905,0.5262362957000732,0.4911808669567108,0.4858175218105316,0.4942004680633545,0.0
818,1.0,1.0,1.0,1.0,1.0,1.0,0.5294709205627441,0.4981808364391327,0.5263264775276184,0.4912938177585602,0.485921174287796,0.49430763721466064,0.0
819,1.0,1.0,1.0,1.0,1.0,1.0,0.5563752055168152,0.5108495354652405,0.4971837103366852,0.49514898657798767,0.49596908688545227,0.48943015933036804,1.0
820,1.0,1.0,0.0,0.0,0.0,0.0,0.556658148765564,0.5112658143043518,0.49748629331588745,0.4955092668533325,0.49621260166168213,0.4897794723510742,1.0
821,1.0,1.0,0.0,0.0,0.0,0.0,0.5204803347587585,0.5231104493141174,0.5354398488998413,0.481758713722229,0.4899820387363434,0.4841645061969757,4.0
822,1.0,0.0,0.0,0.0,0.0,0.0,0.520588755607605,0.5230717658996582,0.5353915095329285,0.48141101002693176,0.48889243602752686,0.48380669951438904,3.0
823,0.0,0.0,0.0,0.0,0.0,0.0,0.5205581188201904,0.5230444669723511,0.5353650450706482,0.4813796281814575,0.488857626914978,0.48377856612205505,3.0
824,1.0,1.0,0.0,0.0,1.0,0.0,0.520283043384552,0.5229588150978088,0.5356721878051758,0.4815603494644165,0.48939386010169983,0.4843054413795471,2.0
825,0.0,0.0,0.0,0.0,0.0,0.0,0.5204586386680603,0.5228646397590637,0.5352423191070557,0.4811922013759613,0.4887339472770691,0.4836527109146118,3.0
826,0.0,0.0,1.0,1.0,1.0,1.0,0.5203983187675476,0.5231039524078369,0.5357527136802673,0.4817097783088684,0.4895172119140625,0.4844299554824829,2.0
827,1.0,1.0,0.0,0.0,0.0,0.0,0.5205607414245605,0.5229983329772949,0.5353549122810364,0.48132774233818054,0.4888613224029541,0.48375073075294495,3.0
828,1.0,1.0,1.0,1.0,1.0,1.0,0.5209347009658813,0.5235047936439514,0.5356732606887817,0.481817364692688,0.4892544448375702,0.4841620922088623,3.0
829,0.0,0.0,0.0,0.0,0.0,0.0,0.528999388217926,0.4976075291633606,0.525836706161499,0.4907616078853607,0.48536938428878784,0.4938138723373413,0.0
830,0.0,0.0,0.0,0.0,0.0,0.0,0.5205221772193909,0.5229963064193726,0.5352957844734192,0.4813123345375061,0.4888221323490143,0.4837290048599243,3.0
831,0.0,0.0,0.0,0.0,0.0,0.0,0.5204422473907471,0.5230750441551208,0.5353823304176331,0.4817003905773163,0.48993247747421265,0.4841185510158539,4.0
832,1.0,1.0,1.0,1.0,1.0,1.0,0.5293758511543274,0.4980413317680359,0.5262531042098999,0.49118512868881226,0.48580506443977356,0.4942249059677124,0.0
833,1.0,1.0,1.0,1.0,1.0,0.0,0.5207669734954834,0.5233561992645264,0.5355316400527954,0.48164018988609314,0.4890800416469574,0.48401907086372375,3.0
834,1.0,1.0,1.0,0.0,1.0,1.0,0.5203280448913574,0.5230407118797302,0.5356649160385132,0.481613427400589,0.4894273281097412,0.48433440923690796,2.0
835,0.0,0.0,0.0,0.0,1.0,0.0,0.5204708576202393,0.5230578780174255,0.5353801250457764,0.4817275106906891,0.48993635177612305,0.4841206967830658,4.0
836,1.0,1.0,1.0,1.0,1.0,0.0,0.5293785333633423,0.49805980920791626,0.5262609720230103,0.49119997024536133,0.485832542181015,0.49421489238739014,0.0
837,1.0,1.0,0.0,0.0,1.0,0.0,0.5206136107444763,0.5231091380119324,0.535400927066803,0.48142746090888977,0.4888932406902313,0.48382309079170227,3.0
838,1.0,1.0,1.0,0.0,1.0,0.0,0.5563480257987976,0.5108257532119751,0.49716120958328247,0.4951026737689972,0.4959421157836914,0.48938047885894775,1.0
839,1.0,1.0,1.0,1.0,1.0,1.0,0.5562601685523987,0.5107032060623169,0.4970802962779999,0.4949774742126465,0.4958765208721161,0.4892730414867401,1.0
840,1.0,1.0,1.0,1.0,1.0,1.0,0.5208394527435303,0.5236232280731201,0.5356926918029785,0.48225441575050354,0.4903450906276703,0.48456671833992004,4.0
841,1.0,1.0,0.0,0.0,1.0,0.0,0.5289608240127563,0.4975290298461914,0.525818407535553,0.4907458424568176,0.4853343367576599,0.4938245713710785,0.0
842,0.0,1.0,1.0,1.0,0.0,1.0,0.5563427805900574,0.5107904672622681,0.49713945388793945,0.4950849115848541,0.49588507413864136,0.4893653690814972,1.0
843,1.0,1.0,1.0,1.0,1.0,1.0,0.5294181108474731,0.4980936348438263,0.5262742638587952,0.4912548065185547,0.4858839809894562,0.4942401647567749,0.0
844,0.0,0.0,0.0,0.0,0.0,0.0,0.5201592445373535,0.5227987170219421,0.5355265140533447,0.4813944399356842,0.4892518222332001,0.4841662347316742,2.0
845,0.0,1.0,0.0,1.0,1.0,0.0,0.5564112663269043,0.5109025239944458,0.4972275197505951,0.49518802762031555,0.49597349762916565,0.4894880950450897,1.0
846,1.0,1.0,1.0,1.0,1.0,0.0,0.5563678741455078,0.5108769536018372,0.49721771478652954,0.4951159656047821,0.4960052967071533,0.4894257187843323,1.0
847,1.0,1.0,1.0,1.0,1.0,1.0,0.5205258131027222,0.5232558846473694,0.5358887314796448,0.48185887932777405,0.48961836099624634,0.4845389723777771,2.0
848,0.0,0.0,0.0,0.0,0.0,0.0,0.5205877423286438,0.5230595469474792,0.5353871583938599,0.48140662908554077,0.4888634979724884,0.48379969596862793,3.0
849,1.0,1.0,1.0,1.0,1.0,1.0,0.5205702781677246,0.5232913494110107,0.5359078049659729,0.48190587759017944,0.48963895440101624,0.4845839738845825,2.0
850,0.0,0.0,0.0,0.0,0.0,0.0,0.5205401182174683,0.5230312943458557,0.5353318452835083,0.4813469350337982,0.48883169889450073,0.48373353481292725,3.0
851,1.0,1.0,0.0,0.0,1.0,0.0,0.5207056999206543,0.523206353187561,0.5355077981948853,0.4815436601638794,0.4890500009059906,0.48395490646362305,3.0
852,0.0,1.0,1.0,1.0,0.0,1.0,0.5203941464424133,0.5230836272239685,0.5357635021209717,0.4816949665546417,0.48951974511146545,0.48441338539123535,2.0
853,0.0,0.0,0.0,0.0,0.0,0.0,0.5206179022789001,0.5231812596321106,0.5353552103042603,0.4814733564853668,0.48888713121414185,0.4838384985923767,3.0
854,1.0,1.0,0.0,0.0,1.0,0.0,0.5206591486930847,0.5234662294387817,0.5354810953140259,0.4820753037929535,0.4901373088359833,0.48435598611831665,4.0
855,1.0,1.0,1.0,1.0,1.0,0.0,0.5290511250495911,0.49766361713409424,0.5259335041046143,0.49085184931755066,0.4854517877101898,0.4939422309398651,0.0
856,1.0,1.0,1.0,1.0,1.0,0.0,0.5205702781677246,0.5232537984848022,0.5355703234672546,0.4819139540195465,0.49009448289871216,0.48430609703063965,4.0
857,1.0,1.0,1.0,1.0,1.0,1.0,0.5564039945602417,0.5108818411827087,0.4972284436225891,0.49515506625175476,0.49599993228912354,0.4894499182701111,1.0
858,0.0,1.0,1.0,1.0,1.0,0.0,0.5204083919525146,0.5230939984321594,0.5357586741447449,0.4816749393939972,0.4894925355911255,0.48440757393836975,2.0
859,1.0,1.0,1.0,1.0,1.0,0.0,0.5563783645629883,0.5108439326286316,0.4971712827682495,0.4951390326023102,0.49595585465431213,0.48941007256507874,1.0
860,0.0,0.0,0.0,0.0,0.0,0.0,0.5204475522041321,0.5230544805526733,0.5353908538818359,0.48171278834342957,0.48992887139320374,0.48412057757377625,4.0
861,1.0,0.0,0.0,0.0,0.0,0.0,0.5562371015548706,0.5106644630432129,0.49704474210739136,0.49494728446006775,0.4958770275115967,0.48924291133880615,1.0
862,0.0,0.0,0.0,0.0,0.0,0.0,0.5202201008796692,0.5228437185287476,0.5356094241142273,0.48144012689590454,0.48931026458740234,0.4842296242713928,2.0
863,0.0,0.0,0.0,0.0,0.0,0.0,0.5204253196716309,0.5230236053466797,0.5353540182113647,0.481675922870636,0.4899042546749115,0.48408129811286926,4.0
864,1.0,1.0,1.0,0.0,0.0,0.0,0.5292876958847046,0.49795129895210266,0.5261527895927429,0.4911019206047058,0.48569154739379883,0.49411940574645996,0.0
865,0.0,0.0,0.0,0.0,0.0,0.0,0.5289930701255798,0.4975958466529846,0.5258463025093079,0.4907698929309845,0.4853965640068054,0.4938352108001709,0.0
866,1.0,1.0,1.0,1.0,1.0,0.0,0.5207669734954834,0.5233234763145447,0.5355449318885803,0.4816303551197052,0.48907655477523804,0.4840177297592163,3.0
867,0.0,0.0,0.0,0.0,0.0,0.0,0.5560708045959473,0.5104506015777588,0.49688056111335754,0.4947528541088104,0.49569693207740784,0.48902615904808044,1.0
868,0.0,0.0,0.0,0.0,0.0,0.0,0.5205712914466858,0.5230105519294739,0.5353531241416931,0.4813598394393921,0.4888487756252289,0.48374295234680176,3.0
869,1.0,0.0,0.0,0.0,0.0,0.0,0.5202651023864746,0.5229532718658447,0.5356400012969971,0.481547087430954,0.4893486201763153,0.48426294326782227,2.0
870,0.0,0.0,0.0,0.0,0.0,0.0,0.5205052495002747,0.5231627821922302,0.5354430079460144,0.4818273186683655,0.4899986982345581,0.4842023551464081,4.0
871,1.0,1.0,1.0,1.0,1.0,0.0,0.520760715007782,0.5234418511390686,0.5356948375701904,0.48211154341697693,0.49027740955352783,0.48446497321128845,4.0
872,1.0,1.0,1.0,1.0,1.0,1.0,0.5206411480903625,0.5231744647026062,0.5353844165802002,0.4814777076244354,0.48892948031425476,0.48386043310165405,3.0
873,0.0,0.0,0.0,0.0,0.0,0.0,0.5560895800590515,0.5104524493217468,0.4968847930431366,0.49477311968803406,0.49569952487945557,0.4890631139278412,1.0
874,1.0,1.0,1.0,1.0,0.0,0.0,0.5293278098106384,0.49803343415260315,0.5261967182159424,0.4911430776119232,0.4857858717441559,0.49414101243019104,0.0
875,1.0,1.0,1.0,1.0,1.0,1.0,0.5208865404129028,0.5234606266021729,0.5356549620628357,0.48177751898765564,0.4892021119594574,0.48415607213974,3.0
876,1.0,1.0,0.0,0.0,1.0,0.0,0.5207458734512329,0.5233522653579712,0.5355126261711121,0.4816285967826843,0.48905450105667114,0.48398733139038086,3.0
877,1.0,1.0,1.0,1.0,1.0,1.0,0.5208384394645691,0.5235423445701599,0.5358047485351562,0.4822220802307129,0.49036458134651184,0.48456504940986633,4.0
878,1.0,1.0,0.0,0.0,1.0,0.0,0.520733654499054,0.5235569477081299,0.5355476140975952,0.4821523427963257,0.4902225136756897,0.4844536781311035,4.0
879,0.0,0.0,1.0,0.0,0.0,0.0,0.5562470555305481,0.5106819868087769,0.4970337152481079,0.49499014019966125,0.4957863688468933,0.48926711082458496,1.0
880,0.0,0.0,0.0,0.0,0.0,0.0,0.5204136967658997,0.5229698419570923,0.5353519916534424,0.4816206395626068,0.48987752199172974,0.4840630292892456,4.0
881,0.0,0.0,0.0,0.0,0.0,0.0,0.5202994346618652,0.5229968428611755,0.5356335043907166,0.4815835654735565,0.4893825352191925,0.4842798709869385,2.0
882,1.0,0.0,0.0,1.0,1.0,1.0,0.5204364657402039,0.5228888392448425,0.5352155566215515,0.48118898272514343,0.4887182414531708,0.4836311340332031,3.0
883,0.0,0.0,0.0,0.0,0.0,0.0,0.5204211473464966,0.5230035781860352,0.5353686809539795,0.4816679060459137,0.4898974299430847,0.4840819537639618,4.0
884,1.0,1.0,1.0,0.0,1.0,0.0,0.5206496119499207,0.5231943726539612,0.5354067087173462,0.4814969003200531,0.48895159363746643,0.48389190435409546,3.0
885,0.0,1.0,0.0,1.0,1.0,0.0,0.5209177136421204,0.5235280394554138,0.5356432199478149,0.4818247854709625,0.4892159700393677,0.48415154218673706,3.0
886,0.0,0.0,0.0,0.0,1.0,0.0,0.5289561152458191,0.49755287170410156,0.5258277058601379,0.49074962735176086,0.4853455722332001,0.4937934875488281,0.0
887,0.0,0.0,1.0,0.0,0.0,0.0,0.5289983153343201,0.49759939312934875,0.5258658528327942,0.49079227447509766,0.48538804054260254,0.4938395917415619,0.0
888,0.0,0.0,0.0,0.0,0.0,0.0,0.5562036037445068,0.5106411576271057,0.4970409572124481,0.4949410855770111,0.4958548843860626,0.48923784494400024,1.0
889,0.0,0.0,0.0,0.0,0.0,0.0,0.5561120510101318,0.510490894317627,0.49687880277633667,0.4947911500930786,0.49569496512413025,0.48907965421676636,1.0
890,0.0,0.0,0.0,0.0,0.0,0.0,0.5205909013748169,0.5230937004089355,0.5353831648826599,0.481408029794693,0.48887720704078674,0.4838065803050995,3.0
891,0.0,0.0,0.0,0.0,0.0,0.0,0.520662248134613,0.5233540534973145,0.535611629486084,0.4820267856121063,0.49015095829963684,0.48438575863838196,4.0
892,1.0,1.0,1.0,1.0,1.0,0.0,0.5562805533409119,0.5107337236404419,0.4970875680446625,0.49500930309295654,0.49588173627853394,0.4892908036708832,1.0
893,1.0,1.0,0.0,0.0,1.0,0.0,0.5204015374183655,0.5230870246887207,0.5357651114463806,0.4816978871822357,0.4895033538341522,0.48440495133399963,2.0
894,0.0,0.0,0.0,0.0,0.0,0.0,0.5204697847366333,0.5229316353797913,0.5352710485458374,0.48125606775283813,0.4887702763080597,0.483661025762558,3.0
895,1.0,1.0,0.0,0.0,1.0,0.0,0.5209637880325317,0.5235158801078796,0.5357365608215332,0.4818636476993561,0.4892793297767639,0.48421183228492737,3.0
896,0.0,1.0,0.0,1.0,1.0,0.0,0.5205115675926208,0.5231141448020935,0.5354410409927368,0.48178791999816895,0.49000126123428345,0.4841843545436859,4.0
897,0.0,0.0,1.0,0.0,0.0,1.0,0.5204554796218872,0.5230802893638611,0.5353977084159851,0.4817136526107788,0.4899473488330841,0.4841253161430359,4.0
898,1.0,1.0,0.0,0.0,1.0,0.0,0.528890073299408,0.49745821952819824,0.5257502794265747,0.4906570315361023,0.4852604568004608,0.49373960494995117,0.0
899,1.0,1.0,0.0,0.0,1.0,0.0,0.5290036201477051,0.49760717153549194,0.5258661508560181,0.4907952845096588,0.4854103922843933,0.4938579499721527,0.0
900,0.0,0.0,0.0,0.0,0.0,0.0,0.5561764240264893,0.5105612874031067,0.49694931507110596,0.4948813319206238,0.4957302212715149,0.4891773462295532,1.0
901,0.0,0.0,0.0,0.0,0.0,0.0,0.5562078356742859,0.5106319785118103,0.4970051646232605,0.4949200749397278,0.4957974851131439,0.48920515179634094,1.0
902,1.0,1.0,0.0,0.0,0.0,0.0,0.5207104086875916,0.523209810256958,0.5354923009872437,0.48155343532562256,0.4890243411064148,0.48394474387168884,3.0
903,1.0,1.0,0.0,1.0,1.0,1.0,0.5564662218093872,0.5109694600105286,0.497272253036499,0.495225727558136,0.49602603912353516,0.4895208775997162,1.0
904,1.0,1.0,1.0,1.0,1.0,1.0,0.5564499497413635,0.5109596848487854,0.4972582757472992,0.4952198266983032,0.49603965878486633,0.48951447010040283,1.0
905,0.0,1.0,1.0,1.0,0.0,1.0,0.5563584566116333,0.5108264684677124,0.49717989563941956,0.49508801102638245,0.4959569573402405,0.48939064145088196,1.0
906,1.0,1.0,1.0,1.0,1.0,0.0,0.5294598340988159,0.4981369972229004,0.526343047618866,0.4912797212600708,0.4859158396720886,0.4942973852157593,0.0
907,1.0,1.0,1.0,1.0,1.0,1.0,0.5564228296279907,0.5108969807624817,0.49723905324935913,0.49516862630844116,0.49602439999580383,0.48946306109428406,1.0
908,1.0,1.0,1.0,0.0,0.0,0.0,0.5208966135978699,0.523444652557373,0.5356400609016418,0.48179560899734497,0.4891923666000366,0.48413750529289246,3.0
909,1.0,1.0,0.0,0.0,1.0,0.0,0.5202978253364563,0.5229505300521851,0.5357034802436829,0.4815674424171448,0.48939865827560425,0.48432657122612,2.0
910,1.0,1.0,1.0,1.0,1.0,1.0,0.5295616984367371,0.49827730655670166,0.5263776183128357,0.4913913309574127,0.48598170280456543,0.49436530470848083,0.0
911,1.0,1.0,0.0,0.0,1.0,0.0,0.5209156274795532,0.5234810709953308,0.5356850624084473,0.48182567954063416,0.4892255663871765,0.48416316509246826,3.0
912,0.0,0.0,0.0,0.0,0.0,0.0,0.5206162929534912,0.5231380462646484,0.5353978276252747,0.4814645051956177,0.48890793323516846,0.4838416278362274,3.0
913,0.0,1.0,1.0,1.0,0.0,0.0,0.5205205082893372,0.5231863260269165,0.5354623794555664,0.4818553924560547,0.49000871181488037,0.48422470688819885,4.0
914,0.0,0.0,0.0,0.0,0.0,0.0,0.5201423168182373,0.5227249264717102,0.5355198383331299,0.48133277893066406,0.489207923412323,0.48409292101860046,2.0
915,1.0,1.0,1.0,1.0,1.0,1.0,0.529258668422699,0.49797335267066956,0.5260657668113708,0.4910725951194763,0.4856530725955963,0.4940454959869385,0.0
916,1.0,1.0,1.0,1.0,1.0,1.0,0.5202756524085999,0.5229637026786804,0.5356699824333191,0.48156899213790894,0.4893803894519806,0.48430097103118896,2.0
917,1.0,1.0,1.0,1.0,1.0,1.0,0.5565959811210632,0.5111484527587891,0.49741408228874207,0.49541333317756653,0.496174156665802,0.48967769742012024,1.0
918,0.0,0.0,0.0,0.0,0.0,0.0,0.5201862454414368,0.5227826237678528,0.5355716347694397,0.4814114570617676,0.48929235339164734,0.484185129404068,2.0
919,1.0,1.0,0.0,0.0,1.0,0.0,0.5205739736557007,0.5230377316474915,0.5353855490684509,0.48135828971862793,0.4888928234577179,0.483799546957016,3.0
920,0.0,0.0,0.0,0.0,0.0,0.0,0.520519495010376,0.5230433344841003,0.5353479385375977,0.4813617169857025,0.48884502053260803,0.48376065492630005,3.0
921,1.0,1.0,1.0,0.0,1.0,0.0,0.5290980935096741,0.49767979979515076,0.5259707570075989,0.49089372158050537,0.48549574613571167,0.4939696192741394,0.0
922,1.0,1.0,0.0,0.0,1.0,0.0,0.5561827421188354,0.5105951428413391,0.4969824254512787,0.4949099123477936,0.49575677514076233,0.4891793429851532,1.0
923,1.0,1.0,1.0,0.0,0.0,0.0,0.5562224984169006,0.5106406807899475,0.4969771206378937,0.4949513077735901,0.4957636892795563,0.4892389178276062,1.0
924,0.0,1.0,1.0,1.0,1.0,0.0,0.5207664966583252,0.5233128070831299,0.5355351567268372,0.4816303551197052,0.48906081914901733,0.4840039908885956,3.0
925,1.0,1.0,0.0,0.0,0.0,0.0,0.5204702615737915,0.5231719017028809,0.5358380675315857,0.4818059504032135,0.4895721971988678,0.48448970913887024,2.0
926,0.0,0.0,0.0,0.0,0.0,0.0,0.5202233195304871,0.5228917598724365,0.5356383323669434,0.4814783036708832,0.4893345832824707,0.48424017429351807,2.0
927,0.0,0.0,0.0,0.0,0.0,0.0,0.5205311179161072,0.5229865908622742,0.5353392362594604,0.481307715177536,0.48881927132606506,0.48371952772140503,3.0
928,1.0,1.0,1.0,1.0,1.0,0.0,0.5205702781677246,0.5232430696487427,0.5355660915374756,0.4818887710571289,0.49009087681770325,0.48430711030960083,4.0
929,0.0,0.0,0.0,0.0,0.0,0.0,0.5204322338104248,0.5230552554130554,0.5353773236274719,0.4816882312297821,0.4899206757545471,0.4841037690639496,4.0
930,0.0,0.0,1.0,0.0,0.0,0.0,0.5201582312583923,0.5228024125099182,0.5355347990989685,0.4813811182975769,0.4892592430114746,0.48416420817375183,2.0
931,0.0,0.0,0.0,0.0,0.0,0.0,0.529053270816803,0.4976769685745239,0.5259128212928772,0.4908371865749359,0.48543140292167664,0.4938787817955017,0.0
932,1.0,1.0,1.0,1.0,1.0,1.0,0.5293135643005371,0.49798351526260376,0.526191234588623,0.49111416935920715,0.4857492744922638,0.4941628575325012,0.0
933,1.0,1.0,0.0,0.0,1.0,1.0,0.5207331776618958,0.5232704281806946,0.535507082939148,0.4815967381000519,0.4890559911727905,0.483968585729599,3.0
934,1.0,1.0,0.0,0.0,1.0,0.0,0.520514190196991,0.5230138897895813,0.5352977514266968,0.4813261926174164,0.48879778385162354,0.48373129963874817,3.0
935,1.0,0.0,0.0,0.0,1.0,1.0,0.5207775831222534,0.5233027338981628,0.5355586409568787,0.4816065728664398,0.48907923698425293,0.48401403427124023,3.0
936,0.0,0.0,1.0,0.0,0.0,1.0,0.5204100012779236,0.523095965385437,0.535783588886261,0.4817087948322296,0.4895178973674774,0.48444461822509766,2.0
937,1.0,1.0,1.0,1.0,1.0,0.0,0.5564892292022705,0.510963499546051,0.4973035752773285,0.49526557326316833,0.4960577189922333,0.48955321311950684,1.0
938,1.0,1.0,1.0,1.0,1.0,1.0,0.5564405918121338,0.5109056830406189,0.4972486197948456,0.4951900243759155,0.4960336685180664,0.48949721455574036,1.0
939,0.0,0.0,0.0,0.0,0.0,0.0,0.5561774969100952,0.5105987787246704,0.49698594212532043,0.4949115812778473,0.49578800797462463,0.4891785681247711,1.0
940,1.0,1.0,1.0,1.0,1.0,1.0,0.5293605327606201,0.4980606734752655,0.5262514352798462,0.4911857545375824,0.4858173429965973,0.49421221017837524,0.0
941,0.0,0.0,0.0,0.0,0.0,0.0,0.5202465057373047,0.5229260921478271,0.5356239676475525,0.48152628540992737,0.4893307089805603,0.48425912857055664,2.0
942,1.0,1.0,1.0,1.0,1.0,1.0,0.5565917491912842,0.5111478567123413,0.4973835349082947,0.49539798498153687,0.4961321949958801,0.48965609073638916,1.0
943,1.0,1.0,0.0,1.0,1.0,0.0,0.5561879277229309,0.5105977058410645,0.4969710409641266,0.4948934316635132,0.4957588016986847,0.4891972541809082,1.0
944,1.0,1.0,1.0,1.0,1.0,1.0,0.5204687118530273,0.5231685042381287,0.5358151197433472,0.48175570368766785,0.48955103754997253,0.48446980118751526,2.0
945,1.0,1.0,1.0,1.0,1.0,1.0,0.5206993222236633,0.5232166051864624,0.5354993343353271,0.4815386235713959,0.4890308380126953,0.4839172065258026,3.0
946,0.0,0.0,0.0,0.0,0.0,0.0,0.5560524463653564,0.5104250907897949,0.4968266487121582,0.49472975730895996,0.49560895562171936,0.48901236057281494,1.0
947,0.0,0.0,0.0,0.0,0.0,0.0,0.5205152630805969,0.5230145454406738,0.5353115797042847,0.4813222885131836,0.48881369829177856,0.48373013734817505,3.0
948,1.0,1.0,1.0,1.0,1.0,1.0,0.5292697548866272,0.4979201555252075,0.5261462926864624,0.4910840392112732,0.4856923222541809,0.4941145181655884,0.0
949,1.0,1.0,1.0,1.0,1.0,1.0,0.5292729139328003,0.49792787432670593,0.5261616706848145,0.49110180139541626,0.4856976270675659,0.494132399559021,0.0
950,1.0,1.0,0.0,0.0,0.0,0.0,0.5289233326911926,0.497498095035553,0.5257960557937622,0.49068284034729004,0.48531535267829895,0.49379271268844604,0.0
951,0.0,0.0,0.0,0.0,0.0,0.0,0.5203380584716797,0.5229507088661194,0.5353016257286072,0.4815947413444519,0.48982924222946167,0.48400941491127014,4.0
952,1.0,1.0,0.0,0.0,0.0,0.0,0.528998851776123,0.49758297204971313,0.525897204875946,0.49079108238220215,0.4853951036930084,0.4938608705997467,0.0
953,1.0,1.0,0.0,0.0,1.0,0.0,0.5206665396690369,0.5232074856758118,0.5354086756706238,0.48149898648262024,0.4889396131038666,0.4838842749595642,3.0
954,0.0,0.0,0.0,0.0,0.0,0.0,0.5204856395721436,0.5231347680091858,0.5354475378990173,0.4817705452442169,0.48998627066612244,0.4841814339160919,4.0
955,0.0,0.0,0.0,0.0,0.0,0.0,0.5206025242805481,0.5232752561569214,0.5355637073516846,0.4819340109825134,0.49010902643203735,0.4843273460865021,4.0
956,0.0,0.0,0.0,0.0,0.0,0.0,0.5205491185188293,0.5232200026512146,0.5355435609817505,0.48187968134880066,0.4900641143321991,0.48427143692970276,4.0
957,0.0,1.0,1.0,1.0,0.0,1.0,0.5205512046813965,0.5232168436050415,0.5355245471000671,0.48187553882598877,0.4900530278682709,0.48426494002342224,4.0
958,1.0,1.0,0.0,0.0,1.0,0.0,0.5206337571144104,0.5231186151504517,0.5354310274124146,0.48145630955696106,0.4889243543148041,0.483853280544281,3.0
959,0.0,0.0,0.0,0.0,0.0,0.0,0.5204750895500183,0.5229406356811523,0.5352668166160583,0.48127126693725586,0.48877209424972534,0.4836685359477997,3.0
960,1.0,1.0,1.0,1.0,1.0,1.0,0.5208415985107422,0.523593544960022,0.5357383489608765,0.4822317361831665,0.4903314411640167,0.4845561981201172,4.0
961,0.0,1.0,1.0,1.0,0.0,1.0,0.5207744836807251,0.5233309864997864,0.5355550050735474,0.48162731528282166,0.4890633225440979,0.4840109050273895,3.0
962,0.0,0.0,0.0,0.0,0.0,0.0,0.5202486515045166,0.5229262113571167,0.5356159210205078,0.4815036356449127,0.489326149225235,0.4842572510242462,2.0
963,1.0,1.0,1.0,1.0,1.0,1.0,0.5290680527687073,0.4976518154144287,0.5259501338005066,0.490871787071228,0.48545610904693604,0.493929386138916,0.0
964,1.0,1.0,0.0,0.0,1.0,0.0,0.5562779307365417,0.5107100605964661,0.4970695376396179,0.495005339384079,0.4958385229110718,0.4892844557762146,1.0
965,1.0,1.0,0.0,1.0,1.0,0.0,0.520289957523346,0.5229879021644592,0.5357016921043396,0.48158037662506104,0.489400714635849,0.48431283235549927,2.0
966,1.0,1.0,0.0,0.0,1.0,0.0,0.5202264785766602,0.5228840112686157,0.5356278419494629,0.48146891593933105,0.4893433749675751,0.48425740003585815,2.0
967,0.0,0.0,0.0,0.0,0.0,0.0,0.5204575657844543,0.5228736400604248,0.5352444052696228,0.4811980426311493,0.48872631788253784,0.4836511015892029,3.0
968,1.0,1.0,1.0,1.0,1.0,1.0,0.5291867852210999,0.49783018231391907,0.5261040925979614,0.4910168945789337,0.4856373369693756,0.49406808614730835,0.0
969,1.0,0.0,0.0,0.0,0.0,0.0,0.520520031452179,0.5230125188827515,0.535312294960022,0.48133543133735657,0.4888262152671814,0.4837357699871063,3.0
970,1.0,1.0,1.0,0.0,1.0,0.0,0.520598292350769,0.5230844616889954,0.5353971123695374,0.48140498995780945,0.4888988137245178,0.4838111996650696,3.0
971,1.0,1.0,1.0,1.0,1.0,1.0,0.5206284523010254,0.5231356024742126,0.5354154109954834,0.4814593195915222,0.4889284372329712,0.48384177684783936,3.0
972,1.0,1.0,1.0,1.0,1.0,1.0,0.5208606123924255,0.523585855960846,0.5358022451400757,0.4822714924812317,0.4903808534145355,0.48461174964904785,4.0
973,1.0,1.0,1.0,1.0,1.0,0.0,0.556283175945282,0.5107282996177673,0.4970875680446625,0.494986891746521,0.49586912989616394,0.4892885684967041,1.0
974,0.0,0.0,0.0,0.0,0.0,0.0,0.5201031565666199,0.5226733088493347,0.5354623794555664,0.48127996921539307,0.4891798198223114,0.48405638337135315,2.0
975,0.0,0.0,0.0,0.0,0.0,0.0,0.5205697417259216,0.5232294797897339,0.5355270504951477,0.4818868935108185,0.4900771677494049,0.48426517844200134,4.0
976,1.0,1.0,0.0,0.0,1.0,0.0,0.5202597975730896,0.5229142308235168,0.5356627702713013,0.4815112054347992,0.489362508058548,0.48426583409309387,2.0
977,1.0,1.0,0.0,0.0,1.0,0.0,0.5209933519363403,0.5236221551895142,0.5357093811035156,0.4819100499153137,0.48930615186691284,0.48425450921058655,3.0
978,0.0,0.0,0.0,0.0,0.0,0.0,0.5201624631881714,0.5227519869804382,0.5355308055877686,0.4813773036003113,0.4892430901527405,0.48413538932800293,2.0
979,0.0,0.0,0.0,0.0,0.0,0.0,0.5203348994255066,0.5230082869529724,0.535632848739624,0.481586217880249,0.48939111828804016,0.4843042194843292,2.0
980,1.0,1.0,0.0,0.0,1.0,0.0,0.5206204652786255,0.5231068134307861,0.5354344248771667,0.4814419448375702,0.48891669511795044,0.48385491967201233,3.0
981,1.0,1.0,0.0,1.0,1.0,0.0,0.5207828879356384,0.523513674736023,0.5357064604759216,0.4821947515010834,0.49030575156211853,0.48450717329978943,4.0
982,1.0,1.0,1.0,1.0,1.0,1.0,0.5564358830451965,0.5109571218490601,0.49726635217666626,0.4952404201030731,0.49602535367012024,0.48950374126434326,1.0
983,1.0,1.0,0.0,1.0,1.0,1.0,0.5564322471618652,0.5109134316444397,0.4972468316555023,0.49517902731895447,0.4960368275642395,0.4894677996635437,1.0
984,1.0,1.0,1.0,1.0,1.0,1.0,0.5292084813117981,0.4978245794773102,0.5260754227638245,0.49100860953330994,0.48562484979629517,0.49404990673065186,0.0
985,1.0,1.0,1.0,0.0,0.0,0.0,0.5563390851020813,0.5108187794685364,0.4971811771392822,0.4951064884662628,0.49596914649009705,0.4893960654735565,1.0
986,0.0,0.0,0.0,0.0,0.0,0.0,0.5202401876449585,0.5228884816169739,0.5356279611587524,0.48148804903030396,0.48929640650749207,0.4842452108860016,2.0
987,0.0,0.0,0.0,0.0,0.0,0.0,0.5289793014526367,0.49760836362838745,0.5258610248565674,0.49078527092933655,0.4853822588920593,0.49382883310317993,0.0
988,1.0,1.0,1.0,1.0,1.0,0.0,0.5204924941062927,0.5232062935829163,0.5358812212944031,0.48182111978530884,0.4896159768104553,0.48452889919281006,2.0
989,1.0,1.0,0.0,0.0,1.0,1.0,0.5562695264816284,0.5107308030128479,0.49703770875930786,0.4950369596481323,0.495772123336792,0.4893040359020233,1.0
990,1.0,1.0,1.0,1.0,1.0,0.0,0.5204248428344727,0.5231142044067383,0.5358250737190247,0.4817204177379608,0.4895416796207428,0.4844551384449005,2.0
991,1.0,1.0,0.0,0.0,1.0,0.0,0.5206316113471985,0.523158073425293,0.5353848338127136,0.48147156834602356,0.48892343044281006,0.4838539659976959,3.0
992,1.0,0.0,0.0,0.0,1.0,1.0,0.520599901676178,0.5231018662452698,0.5353978276252747,0.48143094778060913,0.48889756202697754,0.4838293492794037,3.0
993,1.0,1.0,0.0,0.0,1.0,0.0,0.5290363430976868,0.497633159160614,0.525902271270752,0.49080711603164673,0.48542556166648865,0.49387452006340027,0.0
994,1.0,1.0,1.0,1.0,1.0,1.0,0.520357072353363,0.5230467915534973,0.535767138004303,0.4816693067550659,0.48948025703430176,0.4843694865703583,2.0
995,1.0,1.0,1.0,1.0,1.0,0.0,0.5208447575569153,0.5235585570335388,0.5357744693756104,0.48223793506622314,0.4903637766838074,0.48457658290863037,4.0
996,0.0,1.0,1.0,1.0,0.0,1.0,0.5206221342086792,0.5231085419654846,0.5354158878326416,0.48143041133880615,0.4889218509197235,0.4838404357433319,3.0
997,1.0,1.0,1.0,1.0,1.0,1.0,0.5566372275352478,0.5111983418464661,0.4974443018436432,0.4954371452331543,0.49618032574653625,0.48971766233444214,1.0
998,1.0,1.0,1.0,1.0,0.0,1.0,0.5292913913726807,0.49793410301208496,0.5261353850364685,0.4911043345928192,0.4856984615325928,0.49412673711776733,0.0
999,1.0,1.0,0.0,0.0,0.0,0.0,0.556228756904602,0.510648250579834,0.49701905250549316,0.49495118856430054,0.4958163797855377,0.489224374294281,1.0
1000,1.0,1.0,0.0,0.0,0.0,0.0,0.5290231704711914,0.4976271390914917,0.5259014368057251,0.4908173382282257,0.4854220747947693,0.49387073516845703,0.0
1001,1.0,1.0,1.0,1.0,1.0,1.0,0.5565723776817322,0.5111413598060608,0.4974258244037628,0.49539852142333984,0.49616435170173645,0.4896577000617981,1.0
1002,1.0,1.0,1.0,0.0,1.0,0.0,0.5207966566085815,0.5233461260795593,0.5355668663978577,0.48166897892951965,0.489098459482193,0.4840279519557953,3.0
1003,1.0,1.0,1.0,1.0,1.0,1.0,0.520599901676178,0.5230990648269653,0.5354013442993164,0.4814070165157318,0.4888826310634613,0.48380813002586365,3.0
1004,1.0,1.0,1.0,1.0,1.0,0.0,0.5565289855003357,0.5110557079315186,0.4973825216293335,0.49533212184906006,0.496134489774704,0.489596426486969,1.0
1005,1.0,1.0,0.0,0.0,1.0,0.0,0.5562763214111328,0.510730504989624,0.4971010386943817,0.4949987828731537,0.4958767294883728,0.4892919957637787,1.0
1006,1.0,1.0,0.0,0.0,1.0,0.0,0.5202735662460327,0.5229228734970093,0.5356701016426086,0.4815208911895752,0.4893626868724823,0.4842837452888489,2.0
1007,1.0,1.0,1.0,0.0,1.0,1.0,0.556259036064148,0.5106902122497559,0.4970489740371704,0.4949909746646881,0.49582481384277344,0.489262193441391,1.0
1008,1.0,1.0,1.0,1.0,1.0,0.0,0.5204787254333496,0.5229354500770569,0.535294771194458,0.48125213384628296,0.4887862801551819,0.4837007224559784,3.0
1009,1.0,1.0,1.0,1.0,1.0,0.0,0.5293330550193787,0.49799853563308716,0.5262035727500916,0.491112619638443,0.4857419431209564,0.494192898273468,0.0
1010,1.0,1.0,0.0,0.0,0.0,0.0,0.5201777815818787,0.5228497982025146,0.5355737209320068,0.4814221262931824,0.48929983377456665,0.4841859042644501,2.0
1011,1.0,1.0,0.0,0.0,1.0,0.0,0.5206649303436279,0.5231800079345703,0.5354348421096802,0.48149776458740234,0.4889664649963379,0.48389944434165955,3.0
1012,0.0,1.0,1.0,0.0,0.0,1.0,0.5207267999649048,0.5234580636024475,0.5356361269950867,0.4821023643016815,0.49019962549209595,0.48443564772605896,4.0
1013,0.0,0.0,0.0,0.0,0.0,0.0,0.5200662016868591,0.5226311683654785,0.5354446172714233,0.4812385141849518,0.4891560673713684,0.48404061794281006,2.0
1014,1.0,1.0,1.0,1.0,1.0,1.0,0.5207611918449402,0.5234412550926208,0.5357184410095215,0.4821482300758362,0.4902976155281067,0.4845031499862671,4.0
1015,1.0,1.0,0.0,0.0,1.0,1.0,0.5206231474876404,0.5231534242630005,0.535366952419281,0.48147666454315186,0.4889046251773834,0.4838489294052124,3.0
1016,1.0,1.0,1.0,1.0,1.0,1.0,0.5207611918449402,0.5234636068344116,0.5356912016868591,0.48212552070617676,0.4902498424053192,0.4844794273376465,4.0
1017,1.0,1.0,1.0,1.0,1.0,0.0,0.5208093523979187,0.5235479474067688,0.5357394814491272,0.4822149872779846,0.4903274178504944,0.48455777764320374,4.0
1018,0.0,1.0,1.0,1.0,0.0,1.0,0.5562313795089722,0.5106449127197266,0.4970287084579468,0.4949423670768738,0.4958316683769226,0.48922887444496155,1.0
1019,1.0,1.0,0.0,0.0,0.0,0.0,0.5209521651268005,0.52351975440979,0.5357062220573425,0.48185256123542786,0.4892541170120239,0.4841899275779724,3.0
1020,1.0,1.0,1.0,1.0,1.0,1.0,0.5209077000617981,0.5236147046089172,0.5358365774154663,0.4822978675365448,0.490420937538147,0.48462486267089844,4.0
1021,1.0,1.0,0.0,0.0,0.0,0.0,0.5203983187675476,0.5229862332344055,0.5353531241416931,0.48164424300193787,0.4899013340473175,0.48408666253089905,4.0
1022,1.0,1.0,1.0,1.0,1.0,0.0,0.5203613638877869,0.5230582356452942,0.5357425808906555,0.4816342294216156,0.4894700348377228,0.48437076807022095,2.0
1023,1.0,1.0,0.0,0.0,1.0,0.0,0.5201677680015564,0.52280592918396,0.5355437397956848,0.48139411211013794,0.48925283551216125,0.4841530919075012,2.0
1024,1.0,1.0,0.0,0.0,1.0,0.0,0.5205491185188293,0.5230094790458679,0.5353654026985168,0.48133862018585205,0.4888487756252289,0.48375511169433594,3.0
1025,1.0,1.0,1.0,1.0,1.0,1.0,0.5207828879356384,0.5235403180122375,0.5356768369674683,0.4821767210960388,0.490291953086853,0.48450684547424316,4.0
1026,0.0,0.0,0.0,0.0,0.0,0.0,0.5288784503936768,0.4974358081817627,0.5257529020309448,0.4906482994556427,0.4852418005466461,0.49372342228889465,0.0
1027,1.0,1.0,0.0,0.0,1.0,0.0,0.5562993288040161,0.5107558369636536,0.49711519479751587,0.49505388736724854,0.49590182304382324,0.48936164379119873,1.0
1028,0.0,0.0,0.0,0.0,0.0,0.0,0.5206511616706848,0.5233497023582458,0.5356330275535583,0.48200395703315735,0.4901541471481323,0.48437580466270447,4.0
1029,1.0,1.0,0.0,0.0,0.0,0.0,0.5202804207801819,0.5229531526565552,0.5356568694114685,0.481550008058548,0.48938095569610596,0.48428162932395935,2.0
1030,0.0,0.0,0.0,0.0,0.0,0.0,0.5290036201477051,0.4975801408290863,0.5258625149726868,0.49077510833740234,0.4853711724281311,0.49383318424224854,0.0
1031,0.0,1.0,1.0,1.0,0.0,1.0,0.5206998586654663,0.5232146382331848,0.5354992151260376,0.48155006766319275,0.48902878165245056,0.483951210975647,3.0
1032,1.0,1.0,1.0,1.0,0.0,1.0,0.5206596255302429,0.5231748819351196,0.5354676842689514,0.4814956784248352,0.48898351192474365,0.4838982820510864,3.0
1033,0.0,0.0,0.0,0.0,0.0,0.0,0.528895914554596,0.49746719002723694,0.5257792472839355,0.49068284034729004,0.48528942465782166,0.49375295639038086,0.0
1034,0.0,0.0,0.0,0.0,0.0,0.0,0.5562805533409119,0.5107261538505554,0.4971019923686981,0.4949970543384552,0.49588361382484436,0.4893007278442383,1.0
1035,1.0,1.0,1.0,1.0,1.0,0.0,0.5207051634788513,0.5232813954353333,0.5354750156402588,0.4815668761730194,0.4890134334564209,0.4839588701725006,3.0
1036,1.0,0.0,0.0,0.0,0.0,0.0,0.5561863780021667,0.5106067657470703,0.4969812333583832,0.49491047859191895,0.4957910478115082,0.4891974925994873,1.0
1037,1.0,0.0,0.0,0.0,0.0,0.0,0.5562272071838379,0.5106576085090637,0.49704355001449585,0.49495673179626465,0.49582362174987793,0.4892391562461853,1.0
1038,1.0,1.0,0.0,0.0,1.0,0.0,0.5205099582672119,0.5231786370277405,0.5354622602462769,0.48181530833244324,0.49001333117485046,0.48423242568969727,4.0
1039,1.0,1.0,0.0,0.0,0.0,0.0,0.520668625831604,0.5231946110725403,0.5354266166687012,0.4815179407596588,0.48893848061561584,0.48388516902923584,3.0
1040,1.0,1.0,1.0,1.0,1.0,0.0,0.5293077826499939,0.4980205297470093,0.5261774659156799,0.4911373257637024,0.4857614040374756,0.49414893984794617,0.0
1041,0.0,0.0,0.0,0.0,0.0,0.0,0.5202116370201111,0.5228546261787415,0.5355877876281738,0.4814629554748535,0.4893166720867157,0.48419874906539917,2.0
1042,1.0,1.0,1.0,1.0,0.0,0.0,0.5207294821739197,0.5232856869697571,0.5355066061019897,0.48158252239227295,0.4890289604663849,0.48396164178848267,3.0
1043,0.0,0.0,0.0,0.0,0.0,0.0,0.5201343894004822,0.5227290987968445,0.5355139970779419,0.48132553696632385,0.489229291677475,0.48412057757377625,2.0
1044,1.0,1.0,1.0,1.0,1.0,0.0,0.5204967856407166,0.5230986475944519,0.5354565382003784,0.4817620813846588,0.4899875223636627,0.4841817021369934,4.0
1045,0.0,0.0,0.0,0.0,0.0,0.0,0.5204290747642517,0.5230050086975098,0.5353912711143494,0.48168671131134033,0.48991885781288147,0.4841155409812927,4.0
1046,1.0,1.0,1.0,0.0,0.0,0.0,0.520198404788971,0.5227857232093811,0.5355947613716125,0.4814222753047943,0.4893026053905487,0.48420146107673645,2.0
1047,1.0,1.0,0.0,0.0,1.0,0.0,0.5289883017539978,0.4975665509700775,0.5258521437644958,0.4907662272453308,0.4853639304637909,0.49382516741752625,0.0
1048,1.0,1.0,0.0,0.0,0.0,0.0,0.520663321018219,0.5231768488883972,0.5354651212692261,0.48149290680885315,0.4889950156211853,0.48391643166542053,3.0
1049,0.0,1.0,1.0,1.0,0.0,1.0,0.5292845368385315,0.49792954325675964,0.5261354446411133,0.4910861551761627,0.4856855869293213,0.4941151738166809,0.0
1050,1.0,1.0,1.0,1.0,1.0,0.0,0.529306173324585,0.49800363183021545,0.5261539220809937,0.4911080002784729,0.4857480227947235,0.494124174118042,0.0
1051,0.0,0.0,0.0,0.0,0.0,0.0,0.5205644965171814,0.5232053399085999,0.5355257987976074,0.4818499684333801,0.4900745451450348,0.48426517844200134,4.0
1052,1.0,1.0,1.0,0.0,0.0,1.0,0.5563626289367676,0.5108218193054199,0.49717605113983154,0.49510419368743896,0.4959487318992615,0.48939207196235657,1.0
1053,1.0,1.0,1.0,1.0,1.0,0.0,0.5562998652458191,0.5107299089431763,0.49711689352989197,0.49501895904541016,0.49591073393821716,0.48932522535324097,1.0
1054,0.0,0.0,0.0,0.0,0.0,0.0,0.5290147066116333,0.49759989976882935,0.5258601307868958,0.4907762110233307,0.4853803813457489,0.49383771419525146,0.0
1055,0.0,0.0,0.0,0.0,0.0,0.0,0.5204818844795227,0.5232664346694946,0.5357812643051147,0.4818049669265747,0.48955583572387695,0.48448166251182556,2.0
1056,0.0,0.0,0.0,0.0,0.0,0.0,0.5205014944076538,0.5231510996818542,0.5354436039924622,0.481797993183136,0.4899959862232208,0.48420658707618713,4.0
1057,0.0,0.0,0.0,0.0,0.0,0.0,0.5290859937667847,0.49770796298980713,0.5259522199630737,0.49090084433555603,0.4854954481124878,0.4939330816268921,0.0
1058,1.0,1.0,1.0,1.0,1.0,1.0,0.5207215547561646,0.5235061049461365,0.5360530018806458,0.4821130931377411,0.48982545733451843,0.48474106192588806,2.0
1059,1.0,1.0,1.0,1.0,1.0,1.0,0.5208532214164734,0.5236120820045471,0.5357836484909058,0.4822746515274048,0.4903809726238251,0.48459163308143616,4.0
1060,1.0,1.0,0.0,0.0,1.0,0.0,0.5205078721046448,0.5231691598892212,0.535468339920044,0.481797993183136,0.49002668261528015,0.48421597480773926,4.0
1061,1.0,1.0,1.0,1.0,1.0,0.0,0.520272970199585,0.5229418277740479,0.5356861352920532,0.4815485179424286,0.48938003182411194,0.4842919111251831,2.0
1062,1.0,1.0,0.0,0.0,1.0,0.0,0.5206363797187805,0.5231641530990601,0.5354427695274353,0.4814755618572235,0.4889635741710663,0.4838874042034149,3.0
1063,0.0,0.0,0.0,0.0,0.0,0.0,0.5202423334121704,0.5229109525680542,0.5356553196907043,0.48149728775024414,0.48933571577072144,0.48425859212875366,2.0
1064,1.0,1.0,0.0,0.0,0.0,0.0,0.5205702781677246,0.5232173204421997,0.5355435609817505,0.481873095035553,0.490070641040802,0.4842644929885864,4.0
1065,0.0,1.0,1.0,1.0,1.0,0.0,0.520593523979187,0.5230684280395508,0.5353859663009644,0.48139476776123047,0.48887670040130615,0.4837987720966339,3.0
1066,1.0,1.0,0.0,0.0,1.0,0.0,0.5207231044769287,0.5232811570167542,0.5354928970336914,0.4815686345100403,0.48903515934944153,0.483942449092865,3.0
1067,1.0,1.0,0.0,0.0,1.0,0.0,0.5205443501472473,0.5230131149291992,0.5353520512580872,0.4813316762447357,0.48886170983314514,0.4837455749511719,3.0
1068,0.0,0.0,0.0,0.0,0.0,0.0,0.5205163359642029,0.5230073928833008,0.5352758169174194,0.4813211262226105,0.48877838253974915,0.4837101101875305,3.0
1069,1.0,1.0,0.0,1.0,1.0,0.0,0.5209235548973083,0.5234838128089905,0.5356903672218323,0.48184001445770264,0.4892331063747406,0.48416170477867126,3.0
1070,1.0,1.0,0.0,1.0,1.0,0.0,0.5206781625747681,0.5231893062591553,0.5354622006416321,0.4815087616443634,0.4890209138393402,0.4839240610599518,3.0
1071,0.0,0.0,0.0,0.0,0.0,0.0,0.5204237103462219,0.5230779647827148,0.5353460311889648,0.4816914200782776,0.489898145198822,0.48408907651901245,4.0
1072,0.0,0.0,0.0,0.0,0.0,0.0,0.5206030607223511,0.5231232643127441,0.5353798866271973,0.4814378619194031,0.4888911247253418,0.4838084280490875,3.0
1073,1.0,1.0,1.0,1.0,1.0,1.0,0.5565033555030823,0.5110076069831848,0.4973122775554657,0.49527883529663086,0.4960801303386688,0.48955482244491577,1.0
1074,1.0,1.0,1.0,1.0,1.0,1.0,0.5294502973556519,0.49815964698791504,0.5262972116470337,0.491262286901474,0.4858987331390381,0.49424630403518677,0.0
1075,0.0,0.0,0.0,0.0,0.0,0.0,0.5202285647392273,0.5229136943817139,0.5355620980262756,0.48147866129875183,0.4892628788948059,0.4842125177383423,2.0
1076,0.0,0.0,0.0,0.0,0.0,0.0,0.5204105377197266,0.523014485836029,0.5353459715843201,0.48165446519851685,0.4898858964443207,0.48405876755714417,4.0
1077,0.0,0.0,0.0,0.0,0.0,0.0,0.5206564664840698,0.523168683052063,0.5354270339012146,0.481491357088089,0.48898157477378845,0.48389801383018494,3.0
1078,0.0,0.0,0.0,0.0,0.0,0.0,0.5290722846984863,0.4976988732814789,0.5259554982185364,0.49087947607040405,0.48548567295074463,0.4939328134059906,0.0
1079,1.0,1.0,0.0,0.0,1.0,0.0,0.556445837020874,0.5109408497810364,0.4972529709339142,0.4952201843261719,0.4960162043571472,0.4894993305206299,1.0
1080,0.0,0.0,0.0,0.0,0.0,0.0,0.5206606984138489,0.5231755375862122,0.5354452729225159,0.4815022051334381,0.4889572858810425,0.4838882386684418,3.0
1081,1.0,1.0,0.0,0.0,1.0,0.0,0.5207601189613342,0.5233233571052551,0.5355411767959595,0.48162660002708435,0.4890626072883606,0.48400890827178955,3.0
1082,1.0,1.0,1.0,1.0,1.0,1.0,0.5208960771560669,0.5236721038818359,0.5358092784881592,0.4823479652404785,0.49042293429374695,0.4846501648426056,4.0
1083,1.0,1.0,1.0,1.0,1.0,1.0,0.5292311906814575,0.4978962540626526,0.5261151790618896,0.4910515546798706,0.48565781116485596,0.49409887194633484,0.0
1084,1.0,1.0,1.0,1.0,1.0,1.0,0.5293135643005371,0.49803200364112854,0.5261320471763611,0.49111858010292053,0.4857326149940491,0.49408817291259766,0.0
1085,0.0,0.0,0.0,0.0,0.0,0.0,0.5289714336395264,0.49755948781967163,0.5258229374885559,0.49072936177253723,0.48534759879112244,0.49381840229034424,0.0
1086,1.0,1.0,1.0,1.0,0.0,1.0,0.5207220911979675,0.5233892202377319,0.5356532335281372,0.4820610284805298,0.4902327060699463,0.4844598174095154,4.0
1087,1.0,1.0,1.0,1.0,1.0,1.0,0.520673394203186,0.5234344005584717,0.5360823273658752,0.4820583164691925,0.48983117938041687,0.4847145676612854,2.0
1088,0.0,0.0,0.0,0.0,0.0,0.0,0.520123302936554,0.5227762460708618,0.5355005264282227,0.4813637137413025,0.4892336130142212,0.484139084815979,2.0
1089,1.0,1.0,0.0,0.0,1.0,0.0,0.5562607049942017,0.5106927752494812,0.4970749020576477,0.49498245120048523,0.4958599805831909,0.4892702102661133,1.0
1090,1.0,1.0,0.0,1.0,1.0,0.0,0.528999924659729,0.49759501218795776,0.5258769392967224,0.490791380405426,0.4853942096233368,0.4938662052154541,0.0
1091,1.0,1.0,1.0,1.0,1.0,0.0,0.5563401579856873,0.5108277797698975,0.4971749484539032,0.4950847327709198,0.49597907066345215,0.48937293887138367,1.0
1092,0.0,1.0,1.0,1.0,0.0,1.0,0.5206411480903625,0.523172914981842,0.5354406833648682,0.48148831725120544,0.4889582693576813,0.48389163613319397,3.0
1093,0.0,0.0,1.0,1.0,0.0,1.0,0.5203402042388916,0.5230643153190613,0.5357263088226318,0.4816417396068573,0.48943474888801575,0.4843465983867645,2.0
1094,1.0,1.0,0.0,0.0,0.0,0.0,0.5201571583747864,0.522773027420044,0.535518229007721,0.48138388991355896,0.4892328083515167,0.48414409160614014,2.0
1095,1.0,1.0,1.0,1.0,1.0,0.0,0.520432710647583,0.5230127573013306,0.5353984236717224,0.4816630482673645,0.48992249369621277,0.48412612080574036,4.0
1096,0.0,1.0,1.0,1.0,0.0,0.0,0.5200984477996826,0.5226647853851318,0.5354611873626709,0.4812881648540497,0.4891645312309265,0.484048455953598,2.0
1097,1.0,1.0,1.0,0.0,0.0,0.0,0.5204999446868896,0.522973358631134,0.5352973937988281,0.4812870919704437,0.488788902759552,0.48370838165283203,3.0
1098,1.0,1.0,0.0,0.0,0.0,0.0,0.5206538438796997,0.5231317281723022,0.5354465246200562,0.48145440220832825,0.488953173160553,0.4838859438896179,3.0
1099,1.0,1.0,1.0,1.0,1.0,0.0,0.5209574699401855,0.5235604643821716,0.5356811285018921,0.48186585307121277,0.4892723560333252,0.48419836163520813,3.0
1100,1.0,1.0,1.0,1.0,1.0,1.0,0.5205792784690857,0.5233456492424011,0.5358840227127075,0.4819164574146271,0.4896549582481384,0.4845830798149109,2.0
1101,1.0,1.0,1.0,1.0,1.0,1.0,0.556537926197052,0.5110524892807007,0.4973364770412445,0.49530932307243347,0.496082603931427,0.4895992875099182,1.0
1102,1.0,1.0,1.0,1.0,1.0,0.0,0.5203793048858643,0.523082435131073,0.5356821417808533,0.4816640019416809,0.48944172263145447,0.4843691885471344,2.0
1103,0.0,0.0,1.0,0.0,0.0,1.0,0.5290595889091492,0.4976671636104584,0.5259210467338562,0.4908428192138672,0.485446572303772,0.49389058351516724,0.0
1104,1.0,1.0,1.0,0.0,1.0,0.0,0.5205454230308533,0.5232084393501282,0.5355004668235779,0.4818619191646576,0.49004867672920227,0.4842652976512909,4.0
1105,0.0,0.0,0.0,1.0,0.0,0.0,0.5562109351158142,0.5106351971626282,0.4969867169857025,0.49493616819381714,0.4957522451877594,0.4892098307609558,1.0
1106,0.0,0.0,0.0,0.0,0.0,0.0,0.5206242203712463,0.5230966210365295,0.5354328751564026,0.4814346730709076,0.4889146685600281,0.48384347558021545,3.0
1107,1.0,1.0,0.0,0.0,1.0,0.0,0.5564217567443848,0.5109110474586487,0.49720215797424316,0.4951930642127991,0.495961993932724,0.4894670248031616,1.0
1108,0.0,0.0,0.0,0.0,0.0,0.0,0.556114673614502,0.5105004906654358,0.4969116449356079,0.4948161244392395,0.4957530200481415,0.48909470438957214,1.0
1109,1.0,1.0,1.0,1.0,1.0,1.0,0.520749032497406,0.5234851241111755,0.5356442332267761,0.48212185502052307,0.49023836851119995,0.484470009803772,4.0
1110,1.0,1.0,1.0,1.0,0.0,1.0,0.5204977989196777,0.5232060551643372,0.5358588099479675,0.48182278871536255,0.48960715532302856,0.48452049493789673,2.0
1111,1.0,1.0,1.0,1.0,1.0,1.0,0.5205427408218384,0.5232704281806946,0.5359024405479431,0.481884628534317,0.48963242769241333,0.48457467555999756,2.0
1112,1.0,0.0,0.0,0.0,0.0,0.0,0.5290062427520752,0.4976077675819397,0.5258740186691284,0.49077874422073364,0.4853796660900116,0.4938375949859619,0.0
1113,1.0,1.0,1.0,1.0,1.0,0.0,0.5202920436859131,0.5229681134223938,0.5357115268707275,0.48155105113983154,0.48942047357559204,0.48432591557502747,2.0
1114,1.0,1.0,1.0,1.0,1.0,1.0,0.5203798413276672,0.5230774283409119,0.5357315540313721,0.48167532682418823,0.489480197429657,0.48437803983688354,2.0
1115,0.0,0.0,1.0,0.0,0.0,0.0,0.5206078290939331,0.5230922698974609,0.5353939533233643,0.48142582178115845,0.4888931214809418,0.4838157296180725,3.0
1116,1.0,1.0,0.0,0.0,1.0,0.0,0.5560874938964844,0.5104902982711792,0.4968823194503784,0.4947890341281891,0.49571171402931213,0.4890684187412262,1.0
1117,1.0,1.0,0.0,0.0,1.0,0.0,0.5202460289001465,0.5229213833808899,0.5356491804122925,0.48149004578590393,0.48935309052467346,0.4842672049999237,2.0
1118,0.0,0.0,0.0,0.0,0.0,0.0,0.5561110377311707,0.5105079412460327,0.49690040946006775,0.49482280015945435,0.49575307965278625,0.4891030788421631,1.0
1119,1.0,1.0,0.0,0.0,0.0,0.0,0.5207014679908752,0.5232309699058533,0.5354951024055481,0.4815675914287567,0.48901817202568054,0.48394033312797546,3.0
1120,0.0,0.0,0.0,0.0,0.0,0.0,0.5201936364173889,0.5228486657142639,0.535559356212616,0.4814428389072418,0.4892655611038208,0.4842067062854767,2.0
1121,0.0,0.0,0.0,0.0,0.0,0.0,0.5290442705154419,0.4976557195186615,0.5258856415748596,0.4908289909362793,0.4854130744934082,0.4938507378101349,0.0
1122,0.0,0.0,0.0,0.0,0.0,0.0,0.5204237103462219,0.5229921936988831,0.5353754162788391,0.4816674292087555,0.4899062514305115,0.4840746521949768,4.0
1123,0.0,0.0,0.0,0.0,0.0,0.0,0.5204883217811584,0.5231516361236572,0.5354238748550415,0.4818069636821747,0.489959716796875,0.48419031500816345,4.0
1124,1.0,1.0,1.0,1.0,1.0,1.0,0.5291060209274292,0.4977193772792816,0.5259682536125183,0.4909036159515381,0.48552894592285156,0.49396172165870667,0.0
1125,0.0,0.0,1.0,0.0,0.0,0.0,0.5561921000480652,0.5105794072151184,0.49696287512779236,0.49487826228141785,0.49574005603790283,0.4891706705093384,1.0
1126,0.0,1.0,1.0,1.0,1.0,1.0,0.5207146406173706,0.5233973264694214,0.5356430411338806,0.4820583164691925,0.4901944696903229,0.48442715406417847,4.0
1127,1.0,1.0,0.0,1.0,1.0,0.0,0.5204845666885376,0.5229465365409851,0.5352646112442017,0.4812707006931305,0.4887739419937134,0.48367780447006226,3.0
1128,1.0,1.0,1.0,0.0,1.0,0.0,0.5206956267356873,0.5231679081916809,0.5355018377304077,0.4814925193786621,0.4890136122703552,0.48392540216445923,3.0
1129,1.0,1.0,0.0,1.0,1.0,0.0,0.5206263661384583,0.5233027935028076,0.5355465412139893,0.48197072744369507,0.4901215136051178,0.4843456447124481,4.0
1130,1.0,1.0,1.0,1.0,1.0,1.0,0.5208569169044495,0.5236037969589233,0.5357382893562317,0.4822480380535126,0.4903475046157837,0.484576016664505,4.0
1131,0.0,1.0,0.0,1.0,1.0,0.0,0.5289829969406128,0.49758467078208923,0.5258446335792542,0.4907614588737488,0.4853789210319519,0.49381178617477417,0.0
1132,1.0,1.0,1.0,1.0,1.0,0.0,0.5294445157051086,0.49813124537467957,0.5263144969940186,0.4912767708301544,0.4858972430229187,0.4942702353000641,0.0
1133,0.0,0.0,0.0,0.0,0.0,0.0,0.5202423334121704,0.5229134559631348,0.5356396436691284,0.48149555921554565,0.4893220365047455,0.48426127433776855,2.0
1134,1.0,1.0,1.0,0.0,0.0,0.0,0.5290828347206116,0.49770012497901917,0.5259717702865601,0.49088555574417114,0.4855060279369354,0.4939388036727905,0.0
1135,0.0,0.0,0.0,0.0,0.0,0.0,0.5204454660415649,0.5230143666267395,0.5353854298591614,0.4816954731941223,0.48992690443992615,0.4841245412826538,4.0
1136,1.0,1.0,0.0,0.0,1.0,0.0,0.5204951763153076,0.5230998396873474,0.5354476571083069,0.4817720353603363,0.49000561237335205,0.4841901659965515,4.0
1137,0.0,0.0,0.0,0.0,0.0,0.0,0.5204597115516663,0.5229200124740601,0.5352517366409302,0.48122698068618774,0.488746702671051,0.4836398959159851,3.0
1138,1.0,1.0,1.0,1.0,1.0,1.0,0.5290712118148804,0.4976503849029541,0.5259611010551453,0.49087613821029663,0.48547062277793884,0.4939478635787964,0.0
1139,1.0,1.0,1.0,1.0,1.0,1.0,0.520679235458374,0.5231596231460571,0.5354779362678528,0.4814940094947815,0.488980770111084,0.48390820622444153,3.0
1140,1.0,0.0,0.0,0.0,0.0,0.0,0.5203111171722412,0.5229443311691284,0.5357165336608887,0.4815511703491211,0.4894108176231384,0.48433786630630493,2.0
1141,0.0,0.0,0.0,0.0,0.0,0.0,0.5204972624778748,0.5229659080505371,0.5353035926818848,0.4812859892845154,0.4887979030609131,0.48370206356048584,3.0
1142,1.0,1.0,1.0,0.0,1.0,0.0,0.5203396677970886,0.5230322480201721,0.5357311964035034,0.4816356599330902,0.4894569516181946,0.48436444997787476,2.0
1143,0.0,0.0,0.0,0.0,0.0,0.0,0.5204280018806458,0.5230397582054138,0.5353485941886902,0.48169708251953125,0.4899002015590668,0.4840836524963379,4.0
1144,1.0,1.0,1.0,1.0,1.0,0.0,0.5565415024757385,0.5110933780670166,0.49736636877059937,0.49537062644958496,0.4960983991622925,0.4896509349346161,1.0
1145,1.0,1.0,1.0,1.0,1.0,1.0,0.5205607414245605,0.5232750177383423,0.5358992218971252,0.48190051317214966,0.4896396994590759,0.48456886410713196,2.0
1146,1.0,1.0,0.0,0.0,0.0,0.0,0.5200958251953125,0.5226747393608093,0.5354775786399841,0.4812593162059784,0.48917946219444275,0.48406845331192017,2.0
1147,1.0,0.0,0.0,0.0,0.0,0.0,0.5205073356628418,0.5231645703315735,0.5354781150817871,0.48180490732192993,0.4900161027908325,0.48423677682876587,4.0
1148,1.0,1.0,1.0,1.0,1.0,0.0,0.5209621787071228,0.5235417485237122,0.5356977581977844,0.4818532466888428,0.4892541170120239,0.484197199344635,3.0
1149,1.0,1.0,0.0,1.0,1.0,0.0,0.520830512046814,0.5233693718910217,0.5356044769287109,0.48169606924057007,0.48913365602493286,0.48407745361328125,3.0
1150,1.0,0.0,0.0,0.0,0.0,0.0,0.5204586386680603,0.5228667855262756,0.5352705717086792,0.4812031090259552,0.4887583255767822,0.4836781322956085,3.0
1151,1.0,1.0,1.0,1.0,1.0,0.0,0.5205454230308533,0.5232793092727661,0.5358702540397644,0.4818604290485382,0.489624947309494,0.4845552444458008,2.0
1152,0.0,0.0,0.0,0.0,0.0,0.0,0.5204734206199646,0.5230818390846252,0.5354028344154358,0.4817391037940979,0.4899579882621765,0.484142929315567,4.0
1153,1.0,1.0,1.0,1.0,1.0,1.0,0.5208008289337158,0.5235357284545898,0.5357376337051392,0.4822153151035309,0.49031710624694824,0.48453488945961,4.0
1154,0.0,0.0,0.0,0.0,0.0,0.0,0.5204581618309021,0.5230572819709778,0.5353893637657166,0.4817044734954834,0.4899270832538605,0.4841145873069763,4.0
1155,1.0,1.0,1.0,1.0,1.0,1.0,0.5294128656387329,0.4981093108654022,0.5262620449066162,0.4912381172180176,0.4858614504337311,0.494261771440506,0.0
1156,1.0,1.0,1.0,1.0,1.0,1.0,0.5564552545547485,0.5109421014785767,0.49723976850509644,0.4952118694782257,0.495995432138443,0.48951151967048645,1.0
1157,1.0,1.0,1.0,1.0,1.0,1.0,0.5564358830451965,0.5109204053878784,0.4972645342350006,0.49519142508506775,0.49603894352912903,0.4894767105579376,1.0
1158,0.0,0.0,0.0,0.0,0.0,0.0,0.5204877853393555,0.5231040716171265,0.5354398488998413,0.4817650020122528,0.4899718463420868,0.4841670095920563,4.0
1159,1.0,1.0,1.0,1.0,1.0,0.0,0.5205903649330139,0.5233518481254578,0.535940408706665,0.4819507300853729,0.4896901547908783,0.4846104085445404,2.0
1160,0.0,1.0,0.0,0.0,1.0,0.0,0.520609438419342,0.5233740210533142,0.5359470844268799,0.4819662868976593,0.4896998405456543,0.48462578654289246,2.0
1161,0.0,0.0,0.0,0.0,0.0,0.0,0.556153416633606,0.5105405449867249,0.496939092874527,0.49484947323799133,0.49577322602272034,0.4891316592693329,1.0
1162,0.0,0.0,1.0,0.0,0.0,0.0,0.5207923650741577,0.5235280394554138,0.5357198715209961,0.48218417167663574,0.4902922511100769,0.4845287799835205,4.0
1163,0.0,1.0,1.0,1.0,0.0,1.0,0.5206802487373352,0.5231854319572449,0.5354414582252502,0.48150959610939026,0.48899513483047485,0.48390358686447144,3.0
1164,1.0,1.0,1.0,1.0,0.0,0.0,0.5291826128959656,0.4978189766407013,0.526054859161377,0.4910045862197876,0.48562368750572205,0.49403759837150574,0.0
1165,0.0,0.0,0.0,0.0,0.0,0.0,0.5561654567718506,0.5105652213096619,0.49691399931907654,0.4948651194572449,0.49572113156318665,0.4891511797904968,1.0
1166,0.0,0.0,0.0,0.0,0.0,0.0,0.5206469297409058,0.5230969786643982,0.5354424715042114,0.48143500089645386,0.48893722891807556,0.48383715748786926,3.0
1167,0.0,0.0,0.0,0.0,0.0,0.0,0.5206469297409058,0.5231654644012451,0.535436749458313,0.481503427028656,0.4889600872993469,0.4838876724243164,3.0
1168,0.0,0.0,0.0,0.0,0.0,0.0,0.5563919544219971,0.5108851790428162,0.4971981644630432,0.49515703320503235,0.49597230553627014,0.4894530177116394,1.0
1169,0.0,0.0,0.0,0.0,0.0,0.0,0.5292612910270691,0.4979270100593567,0.5261396169662476,0.4910861551761627,0.4856748878955841,0.49410125613212585,0.0
1170,0.0,0.0,0.0,0.0,0.0,0.0,0.5206353664398193,0.523144006729126,0.5353972911834717,0.48145440220832825,0.48892447352409363,0.48386943340301514,3.0
1171,1.0,1.0,1.0,1.0,1.0,1.0,0.5207786560058594,0.5234617590904236,0.5357037782669067,0.48213571310043335,0.49029064178466797,0.4844849109649658,4.0
1172,1.0,1.0,1.0,1.0,1.0,1.0,0.5205829739570618,0.5233193635940552,0.5359172821044922,0.48192012310028076,0.4896557629108429,0.48460817337036133,2.0
1173,0.0,0.0,0.0,0.0,0.0,0.0,0.5561314821243286,0.5105173587799072,0.4969034194946289,0.4948318302631378,0.49570995569229126,0.4891253411769867,1.0
1174,1.0,1.0,0.0,0.0,0.0,0.0,0.5202539563179016,0.5229187607765198,0.535652220249176,0.48152413964271545,0.4893430471420288,0.48426416516304016,2.0
1175,1.0,1.0,1.0,0.0,1.0,0.0,0.5562574863433838,0.5106768608093262,0.4970477819442749,0.4949687719345093,0.49583762884140015,0.4892519414424896,1.0
1176,1.0,1.0,1.0,1.0,1.0,1.0,0.5202698111534119,0.5229527950286865,0.5356811285018921,0.4815540015697479,0.48937734961509705,0.4843047559261322,2.0
1177,0.0,1.0,1.0,1.0,1.0,1.0,0.5203417539596558,0.5230308771133423,0.5357005000114441,0.4816340208053589,0.4894394278526306,0.48435911536216736,2.0
1178,1.0,1.0,1.0,1.0,1.0,1.0,0.5292174816131592,0.49787166714668274,0.5261052846908569,0.4910464286804199,0.48566192388534546,0.4940924048423767,0.0
1179,1.0,1.0,1.0,1.0,1.0,0.0,0.5566001534461975,0.5111532807350159,0.4973876476287842,0.49542760848999023,0.49614328145980835,0.4896831810474396,1.0
1180,1.0,1.0,1.0,1.0,1.0,1.0,0.5205596685409546,0.5232293605804443,0.5355196595191956,0.4819115400314331,0.4900665283203125,0.48427048325538635,4.0
1181,1.0,1.0,1.0,1.0,1.0,0.0,0.5293922424316406,0.49808764457702637,0.5262107849121094,0.4911887049674988,0.48581311106681824,0.494210422039032,0.0
1182,1.0,1.0,1.0,1.0,0.0,1.0,0.5290960073471069,0.4977145195007324,0.5259996652603149,0.4909161925315857,0.48551827669143677,0.4939887225627899,0.0
1183,1.0,1.0,1.0,1.0,0.0,1.0,0.5207088589668274,0.5235141515731812,0.5355546474456787,0.4821304380893707,0.49017533659935,0.4844051003456116,4.0
1184,1.0,1.0,1.0,1.0,1.0,0.0,0.5206897854804993,0.523360550403595,0.5356225967407227,0.4820297658443451,0.49019551277160645,0.48441919684410095,4.0
1185,1.0,1.0,0.0,1.0,1.0,0.0,0.5205422639846802,0.5232827663421631,0.5358918905258179,0.481882244348526,0.4896284341812134,0.48455485701560974,2.0
1186,0.0,0.0,0.0,0.0,1.0,0.0,0.5205560326576233,0.5232497453689575,0.5354924201965332,0.481920450925827,0.490068256855011,0.4842647910118103,4.0
1187,1.0,1.0,1.0,1.0,1.0,0.0,0.5294418334960938,0.4981544315814972,0.5262916684150696,0.49126842617988586,0.48591741919517517,0.4943000376224518,0.0
1188,0.0,0.0,0.0,0.0,0.0,0.0,0.5290416479110718,0.4976482689380646,0.525917112827301,0.49083077907562256,0.4854307174682617,0.49391797184944153,0.0
1189,1.0,1.0,1.0,1.0,1.0,1.0,0.5292745232582092,0.4979366958141327,0.5261573791503906,0.4910845458507538,0.485686331987381,0.4941210448741913,0.0
1190,0.0,0.0,0.0,0.0,0.0,0.0,0.5289502739906311,0.49752405285835266,0.5258206129074097,0.4907163679599762,0.4853355288505554,0.493816077709198,0.0
1191,1.0,1.0,1.0,1.0,1.0,0.0,0.528999388217926,0.4975539445877075,0.5258489847183228,0.4907711446285248,0.4853799343109131,0.4938428997993469,0.0
1192,0.0,0.0,0.0,0.0,0.0,0.0,0.5561497211456299,0.5105363726615906,0.49688616394996643,0.4948471784591675,0.49567362666130066,0.48910748958587646,1.0
1193,0.0,0.0,0.0,0.0,0.0,0.0,0.5202544927597046,0.5228853821754456,0.5356621742248535,0.4814881980419159,0.48936015367507935,0.48427534103393555,2.0
1194,1.0,1.0,0.0,1.0,0.0,1.0,0.5205427408218384,0.5231517553329468,0.5355018973350525,0.48182401061058044,0.4900578260421753,0.48423147201538086,4.0
1195,1.0,1.0,1.0,1.0,1.0,1.0,0.5207146406173706,0.5232517123222351,0.5354926586151123,0.4815412163734436,0.48900142312049866,0.4839351773262024,3.0
1196,0.0,0.0,0.0,0.0,0.0,0.0,0.5562303066253662,0.5106508135795593,0.4969973862171173,0.49496129155158997,0.4957621991634369,0.48924633860588074,1.0
1197,1.0,1.0,0.0,0.0,1.0,0.0,0.5564165115356445,0.5109046101570129,0.49719080328941345,0.49519142508506775,0.49593478441238403,0.48946890234947205,1.0
1198,0.0,1.0,1.0,1.0,0.0,1.0,0.5203676819801331,0.5230517387390137,0.5357658863067627,0.48167139291763306,0.48946940898895264,0.4843650460243225,2.0
1199,0.0,0.0,0.0,0.0,0.0,0.0,0.5205454230308533,0.5230160355567932,0.5353282690048218,0.4813421666622162,0.48882678151130676,0.48374953866004944,3.0
1200,1.0,1.0,1.0,1.0,1.0,0.0,0.5292354226112366,0.4978512227535248,0.5261080265045166,0.4910292327404022,0.4856511056423187,0.4940820336341858,0.0
1201,1.0,1.0,0.0,0.0,0.0,0.0,0.5290316343307495,0.4976387023925781,0.5259146094322205,0.4908100962638855,0.48544448614120483,0.4938746988773346,0.0
1202,1.0,1.0,1.0,1.0,1.0,1.0,0.5562208890914917,0.5106216073036194,0.4970122277736664,0.4949426054954529,0.49579983949661255,0.4892312288284302,1.0
1203,0.0,0.0,0.0,0.0,0.0,0.0,0.5561230778694153,0.5105056166648865,0.4969128370285034,0.494812935590744,0.4957371950149536,0.48910075426101685,1.0
1204,0.0,1.0,0.0,0.0,0.0,0.0,0.5292491316795349,0.49790897965431213,0.5261117219924927,0.49106213450431824,0.48566848039627075,0.4940953254699707,0.0
1205,1.0,1.0,1.0,1.0,1.0,0.0,0.5206961631774902,0.5231912732124329,0.5354893207550049,0.48153015971183777,0.4890226125717163,0.48392486572265625,3.0
1206,1.0,1.0,0.0,0.0,1.0,0.0,0.556224524974823,0.5106634497642517,0.49703484773635864,0.49495744705200195,0.49583700299263,0.4892452657222748,1.0
1207,1.0,1.0,0.0,0.0,1.0,0.0,0.5205962061882019,0.523283839225769,0.5355418920516968,0.4819411039352417,0.49008944630622864,0.4843050539493561,4.0
1208,0.0,1.0,1.0,1.0,1.0,1.0,0.529352068901062,0.49803969264030457,0.5261859893798828,0.4911597669124603,0.4857771694660187,0.49413540959358215,0.0
1209,0.0,0.0,0.0,0.0,0.0,0.0,0.5562402606010437,0.5106902718544006,0.49703460931777954,0.494989812374115,0.49582692980766296,0.4892570674419403,1.0
1210,1.0,1.0,1.0,1.0,1.0,0.0,0.5294957160949707,0.49823397397994995,0.5263258814811707,0.4913383722305298,0.4859398305416107,0.4942999482154846,0.0
1211,1.0,1.0,0.0,0.0,0.0,0.0,0.5202057957649231,0.5228832364082336,0.5356082320213318,0.48147180676460266,0.48930856585502625,0.48423001170158386,2.0
1212,0.0,0.0,0.0,0.0,0.0,0.0,0.5204739570617676,0.5229231119155884,0.535268247127533,0.4812481105327606,0.4887451231479645,0.4836514890193939,3.0
1213,1.0,1.0,0.0,1.0,1.0,0.0,0.5207744836807251,0.5233235955238342,0.53555828332901,0.4816364347934723,0.4891010820865631,0.4840244948863983,3.0
1214,0.0,0.0,0.0,0.0,0.0,0.0,0.5560979247093201,0.5104904770851135,0.49687397480010986,0.49479150772094727,0.49569740891456604,0.4890882074832916,1.0
1215,0.0,0.0,0.0,0.0,0.0,0.0,0.5204761028289795,0.5230833888053894,0.535401463508606,0.4817284941673279,0.48995262384414673,0.4841350018978119,4.0
1216,1.0,1.0,0.0,1.0,1.0,0.0,0.520428478717804,0.5231265425682068,0.5358234643936157,0.4817383885383606,0.48954522609710693,0.4844619631767273,2.0
1217,1.0,1.0,1.0,0.0,1.0,0.0,0.5202296376228333,0.5228907465934753,0.535632312297821,0.481467604637146,0.4893491864204407,0.4842623770236969,2.0
1218,0.0,0.0,0.0,0.0,0.0,0.0,0.5203877687454224,0.5230264663696289,0.5353227853775024,0.4816533029079437,0.48984870314598083,0.4840609133243561,4.0
1219,0.0,0.0,0.0,0.0,0.0,0.0,0.520578145980835,0.5230981707572937,0.535369336605072,0.4814288020133972,0.48887312412261963,0.483808308839798,3.0
1220,1.0,1.0,1.0,1.0,1.0,0.0,0.520363450050354,0.5230591893196106,0.5356916189193726,0.481648713350296,0.4894438683986664,0.48436427116394043,2.0
1221,0.0,1.0,1.0,1.0,1.0,0.0,0.5562167167663574,0.5106431245803833,0.4970122277736664,0.4949406087398529,0.4957972466945648,0.4892401099205017,1.0
1222,1.0,1.0,0.0,1.0,1.0,0.0,0.5566063523292542,0.5111676454544067,0.49744653701782227,0.49541714787483215,0.4961926341056824,0.4896951913833618,1.0
1223,1.0,1.0,0.0,0.0,1.0,0.0,0.5561921000480652,0.5105838179588318,0.49695727229118347,0.49489372968673706,0.49575576186180115,0.48917296528816223,1.0
1224,1.0,1.0,0.0,1.0,1.0,0.0,0.520514190196991,0.5231884717941284,0.5354411602020264,0.48184022307395935,0.4900131821632385,0.48422950506210327,4.0
1225,1.0,1.0,0.0,0.0,0.0,0.0,0.5203306674957275,0.5230088233947754,0.5357438325881958,0.48161929845809937,0.4894644320011139,0.4843513071537018,2.0
1226,0.0,1.0,1.0,1.0,1.0,1.0,0.5208051204681396,0.5233222842216492,0.5356056690216064,0.4816589653491974,0.48913297057151794,0.4840390682220459,3.0
1227,0.0,0.0,0.0,0.0,1.0,0.0,0.5201973915100098,0.5228012800216675,0.5355911254882812,0.481423944234848,0.48929622769355774,0.4842073619365692,2.0
1228,1.0,1.0,1.0,1.0,1.0,1.0,0.5566372275352478,0.5112316012382507,0.49745938181877136,0.4954589307308197,0.49621865153312683,0.48974061012268066,1.0
1229,1.0,1.0,1.0,1.0,1.0,0.0,0.5206194519996643,0.5233908295631409,0.5359370112419128,0.4819764792919159,0.48971453309059143,0.48462921380996704,2.0
1230,0.0,0.0,0.0,0.0,0.0,0.0,0.5289561152458191,0.49755027890205383,0.5258111953735352,0.490721195936203,0.48534613847732544,0.4938068985939026,0.0
1231,1.0,1.0,0.0,0.0,1.0,0.0,0.5564138889312744,0.5109362602233887,0.4972725510597229,0.4952102303504944,0.49606287479400635,0.4894844889640808,1.0
1232,1.0,1.0,1.0,1.0,1.0,0.0,0.520530641078949,0.523253858089447,0.535897433757782,0.4818612039089203,0.4896429479122162,0.4845763146877289,2.0
1233,1.0,1.0,1.0,1.0,1.0,1.0,0.5208220481872559,0.5233717560768127,0.5355791449546814,0.48168113827705383,0.48916080594062805,0.48405560851097107,3.0
1234,1.0,1.0,1.0,1.0,1.0,0.0,0.5204718708992004,0.523164689540863,0.535818338394165,0.481793075799942,0.4895661473274231,0.4844852387905121,2.0
1235,1.0,1.0,1.0,1.0,1.0,1.0,0.556353747844696,0.5108450651168823,0.49717777967453003,0.49512186646461487,0.4959608316421509,0.48941144347190857,1.0
1236,1.0,1.0,1.0,1.0,1.0,1.0,0.5562857389450073,0.5107182264328003,0.49706217646598816,0.4949948191642761,0.49582889676094055,0.4892801344394684,1.0
1237,1.0,1.0,1.0,1.0,1.0,1.0,0.5564625859260559,0.5109367370605469,0.49725157022476196,0.4952550232410431,0.4959550201892853,0.48951882123947144,1.0
1238,1.0,1.0,1.0,1.0,1.0,0.0,0.5207358002662659,0.5234262943267822,0.5356724858283997,0.4820947051048279,0.4902304708957672,0.4844549000263214,4.0
1239,0.0,0.0,0.0,0.0,0.0,0.0,0.5561859011650085,0.5105926990509033,0.4969598054885864,0.49490243196487427,0.495748370885849,0.48918357491493225,1.0
1240,1.0,1.0,0.0,0.0,0.0,0.0,0.5288848280906677,0.49745938181877136,0.5257781744003296,0.4906412363052368,0.4852779507637024,0.49376145005226135,0.0
1241,1.0,1.0,0.0,0.0,1.0,0.0,0.5204777121543884,0.5231157541275024,0.5354347229003906,0.4817698895931244,0.4899553656578064,0.4841969311237335,4.0
1242,0.0,0.0,0.0,0.0,0.0,0.0,0.5202237963676453,0.522864043712616,0.5356206893920898,0.4814649522304535,0.48933830857276917,0.4842565655708313,2.0
1243,1.0,1.0,1.0,1.0,1.0,1.0,0.5209140777587891,0.523464024066925,0.5356763005256653,0.48179954290390015,0.489214152097702,0.4841540455818176,3.0
1244,1.0,1.0,1.0,1.0,1.0,1.0,0.520900309085846,0.5234716534614563,0.5357006192207336,0.48178890347480774,0.48921695351600647,0.4841533899307251,3.0
1245,0.0,1.0,1.0,1.0,1.0,1.0,0.5209347009658813,0.5235042572021484,0.5356827974319458,0.4818214476108551,0.48922938108444214,0.4841708242893219,3.0
1246,1.0,1.0,0.0,0.0,1.0,0.0,0.5290923118591309,0.4977432191371918,0.5260066390037537,0.49092182517051697,0.48553231358528137,0.4939649701118469,0.0
1247,1.0,1.0,0.0,0.0,0.0,0.0,0.5290579795837402,0.49764615297317505,0.5259196162223816,0.49084019660949707,0.4854423701763153,0.4938890039920807,0.0
1248,0.0,0.0,0.0,1.0,0.0,1.0,0.5205866694450378,0.5232763886451721,0.5355751514434814,0.4819430410861969,0.4901095926761627,0.48432236909866333,4.0
1249,1.0,1.0,1.0,1.0,1.0,1.0,0.520663857460022,0.5234187841415405,0.5359979271888733,0.48201248049736023,0.4897766709327698,0.4846755266189575,2.0
1250,1.0,1.0,0.0,0.0,0.0,0.0,0.520443320274353,0.5230214595794678,0.5353927612304688,0.48169755935668945,0.4899313151836395,0.48411062359809875,4.0
1251,1.0,1.0,0.0,0.0,1.0,0.0,0.5206612944602966,0.5231456756591797,0.535448431968689,0.4814813435077667,0.4889635741710663,0.4838823676109314,3.0
1252,1.0,1.0,1.0,1.0,1.0,0.0,0.5209463238716125,0.5234956741333008,0.5357038974761963,0.4818453788757324,0.48925918340682983,0.48418954014778137,3.0
1253,0.0,1.0,1.0,1.0,1.0,0.0,0.5203507542610168,0.5230261087417603,0.5357041954994202,0.4816330075263977,0.4894285798072815,0.48433905839920044,2.0
1254,1.0,1.0,0.0,0.0,0.0,0.0,0.5208452939987183,0.5235737562179565,0.5357568860054016,0.48223838210105896,0.49035459756851196,0.4845573902130127,4.0
1255,1.0,1.0,0.0,0.0,0.0,0.0,0.5564494729042053,0.5109403729438782,0.4972785711288452,0.495218425989151,0.4960368275642395,0.4895023703575134,1.0
1256,1.0,1.0,0.0,0.0,0.0,0.0,0.5206305980682373,0.5233099460601807,0.5355904698371887,0.48197370767593384,0.4901310205459595,0.4843573272228241,4.0
1257,1.0,1.0,1.0,1.0,1.0,0.0,0.5205623507499695,0.5231671929359436,0.5355260968208313,0.48185521364212036,0.4900854825973511,0.48423969745635986,4.0
1258,0.0,0.0,0.0,0.0,0.0,0.0,0.5290077924728394,0.4976424276828766,0.5258632302284241,0.49078917503356934,0.48539555072784424,0.4938095211982727,0.0
1259,1.0,1.0,0.0,0.0,1.0,0.0,0.5203988552093506,0.5231024026870728,0.5357813239097595,0.4817151725292206,0.48953577876091003,0.4844328463077545,2.0
1260,0.0,0.0,0.0,0.0,0.0,0.0,0.5203174352645874,0.5229974985122681,0.5357444286346436,0.48160016536712646,0.48943763971328735,0.4843297600746155,2.0
1261,1.0,1.0,1.0,1.0,1.0,0.0,0.5204152464866638,0.52310711145401,0.5358076691627502,0.48175162076950073,0.48953938484191895,0.4844509959220886,2.0
1262,0.0,0.0,1.0,0.0,0.0,0.0,0.5201687812805176,0.5227587819099426,0.5355378985404968,0.48137032985687256,0.48925793170928955,0.4841388463973999,2.0
1263,0.0,0.0,1.0,0.0,0.0,0.0,0.556262731552124,0.5106932520866394,0.4970819652080536,0.494981050491333,0.4958583414554596,0.4892769455909729,1.0
1264,0.0,1.0,1.0,1.0,0.0,1.0,0.520609974861145,0.5233195424079895,0.5355948209762573,0.4819685220718384,0.4901386797428131,0.484340101480484,4.0
1265,1.0,1.0,1.0,1.0,0.0,0.0,0.5291393399238586,0.4977712333202362,0.5260384678840637,0.49095508456230164,0.4855748116970062,0.4940173327922821,0.0
1266,0.0,0.0,0.0,0.0,0.0,0.0,0.5203946828842163,0.5229664444923401,0.5353586673736572,0.48163947463035583,0.48988234996795654,0.4840623438358307,4.0
1267,0.0,1.0,1.0,1.0,0.0,1.0,0.5207648873329163,0.523506224155426,0.5356636643409729,0.4821507930755615,0.49025362730026245,0.48447293043136597,4.0
1268,1.0,1.0,1.0,1.0,1.0,0.0,0.5563323497772217,0.5107909440994263,0.4971374571323395,0.49507078528404236,0.4959124028682709,0.48936358094215393,1.0
1269,0.0,0.0,0.0,0.0,0.0,0.0,0.5561984181404114,0.5106009840965271,0.4969993829727173,0.49490147829055786,0.4958304762840271,0.489196240901947,1.0
1270,1.0,1.0,1.0,1.0,1.0,0.0,0.5203951597213745,0.5230926871299744,0.5357877612113953,0.4817144274711609,0.4895131587982178,0.48442384600639343,2.0
1271,1.0,1.0,1.0,0.0,0.0,0.0,0.5202714204788208,0.5229271650314331,0.5356837511062622,0.48151904344558716,0.4893823266029358,0.48428967595100403,2.0
1272,0.0,0.0,0.0,0.0,0.0,0.0,0.5205469727516174,0.5230056047439575,0.5353521704673767,0.4813513457775116,0.4888564348220825,0.48374810814857483,3.0
1273,1.0,1.0,1.0,0.0,1.0,0.0,0.5205739736557007,0.5232961773872375,0.5359134078025818,0.4819049537181854,0.48964887857437134,0.4845812916755676,2.0
1274,0.0,0.0,0.0,0.0,1.0,0.0,0.5562685132026672,0.51073157787323,0.4970785975456238,0.4950066804885864,0.49585890769958496,0.4892949163913727,1.0
1275,1.0,1.0,1.0,1.0,1.0,1.0,0.5206019878387451,0.5232933759689331,0.5355564951896667,0.4819481372833252,0.4901202619075775,0.48433688282966614,4.0
1276,0.0,0.0,0.0,0.0,0.0,0.0,0.5204491019248962,0.5229162573814392,0.5352280735969543,0.4812248647212982,0.48873814940452576,0.4836229383945465,3.0
1277,1.0,1.0,1.0,0.0,1.0,0.0,0.5208183526992798,0.5233681201934814,0.5356162190437317,0.4816851317882538,0.4891369640827179,0.48407068848609924,3.0
1278,1.0,1.0,1.0,1.0,1.0,1.0,0.5204232335090637,0.5231870412826538,0.5357130169868469,0.4817434251308441,0.48948144912719727,0.4844263792037964,2.0
1279,1.0,1.0,0.0,0.0,1.0,0.0,0.5206289291381836,0.523103654384613,0.5354344844818115,0.4814327657222748,0.48894354701042175,0.483858197927475,3.0
1280,1.0,1.0,0.0,0.0,0.0,0.0,0.5290395021438599,0.4976198077201843,0.5259181261062622,0.4908384084701538,0.4854440987110138,0.4939058721065521,0.0
1281,0.0,0.0,0.0,0.0,0.0,0.0,0.5200746655464172,0.5227241516113281,0.5354463458061218,0.48129644989967346,0.4891601800918579,0.4840928018093109,2.0
1282,1.0,1.0,1.0,1.0,1.0,1.0,0.5205919742584229,0.5232834815979004,0.5355651378631592,0.4819328486919403,0.4901082217693329,0.4843143820762634,4.0
1283,1.0,1.0,1.0,1.0,1.0,1.0,0.5210140347480774,0.5235582590103149,0.5357906818389893,0.48189353942871094,0.4893414378166199,0.48427143692970276,3.0
1284,0.0,0.0,0.0,0.0,0.0,0.0,0.5561167597770691,0.5105035305023193,0.49689528346061707,0.4948030114173889,0.49573349952697754,0.48908695578575134,1.0
1285,1.0,1.0,1.0,1.0,1.0,1.0,0.5293595194816589,0.49803638458251953,0.5262609124183655,0.4911866784095764,0.485810250043869,0.49422818422317505,0.0
1286,0.0,0.0,0.0,0.0,0.0,0.0,0.5201048254966736,0.5226957201957703,0.5354642271995544,0.48131316900253296,0.4891843795776367,0.4840693473815918,2.0
1287,0.0,0.0,0.0,0.0,0.0,0.0,0.520128607749939,0.5227136015892029,0.5355101227760315,0.4813174903392792,0.48921528458595276,0.48410430550575256,2.0
1288,0.0,0.0,0.0,0.0,0.0,0.0,0.5289708971977234,0.4975734055042267,0.5258257389068604,0.4907480776309967,0.48534905910491943,0.4938114881515503,0.0
1289,1.0,1.0,1.0,1.0,1.0,1.0,0.5207860469818115,0.5233278870582581,0.5355625748634338,0.4816448390483856,0.489078164100647,0.4840151071548462,3.0
1290,1.0,1.0,1.0,1.0,1.0,1.0,0.5292813181877136,0.4979473948478699,0.526153028011322,0.49111053347587585,0.48570123314857483,0.49415066838264465,0.0
1291,0.0,0.0,0.0,0.0,1.0,0.0,0.5204089283943176,0.5230023264884949,0.5353455543518066,0.48165491223335266,0.4898811876773834,0.4840562641620636,4.0
1292,0.0,0.0,0.0,0.0,0.0,0.0,0.5205316543579102,0.5230512619018555,0.5353416800498962,0.4813671410083771,0.4888288974761963,0.4837671220302582,3.0
1293,1.0,1.0,0.0,0.0,0.0,0.0,0.5562773942947388,0.5107234716415405,0.49708467721939087,0.4950162172317505,0.4958595633506775,0.48930323123931885,1.0
1294,1.0,1.0,1.0,1.0,1.0,1.0,0.520738422870636,0.5234404802322388,0.5356548428535461,0.4821183681488037,0.4902419149875641,0.4844559133052826,4.0
1295,0.0,0.0,0.0,0.0,0.0,0.0,0.520514726638794,0.5229747891426086,0.5352964997291565,0.4812987148761749,0.4888066351413727,0.483713835477829,3.0
1296,1.0,1.0,1.0,1.0,1.0,0.0,0.5204528570175171,0.5231501460075378,0.5358640551567078,0.48177653551101685,0.4895845353603363,0.4844861328601837,2.0
1297,1.0,1.0,1.0,1.0,1.0,1.0,0.5205491185188293,0.5232239365577698,0.5354786515235901,0.48189690709114075,0.4900502562522888,0.48427486419677734,4.0
1298,1.0,1.0,1.0,0.0,0.0,0.0,0.5292069315910339,0.4978744089603424,0.526073157787323,0.4910033643245697,0.4856297969818115,0.49402886629104614,0.0
1299,1.0,1.0,1.0,1.0,1.0,0.0,0.5203962326049805,0.5230891704559326,0.5357671976089478,0.4817001521587372,0.48950299620628357,0.4844026565551758,2.0
1300,1.0,1.0,1.0,0.0,0.0,0.0,0.5206215381622314,0.5232944488525391,0.5356260538101196,0.4819653630256653,0.49014005064964294,0.48436683416366577,4.0
1301,0.0,0.0,0.0,0.0,0.0,0.0,0.5288911461830139,0.49747130274772644,0.525746762752533,0.4906596541404724,0.4852558374404907,0.49373283982276917,0.0
1302,1.0,1.0,0.0,0.0,1.0,0.0,0.5290257334709167,0.4976358711719513,0.5259249806404114,0.4908292591571808,0.4854365587234497,0.49390146136283875,0.0
1303,0.0,0.0,0.0,0.0,0.0,0.0,0.5205607414245605,0.5230548977851868,0.53536057472229,0.4813733398914337,0.4888519048690796,0.48377320170402527,3.0
1304,0.0,0.0,0.0,0.0,0.0,0.0,0.5560194849967957,0.5103908181190491,0.4968128800392151,0.4946835935115814,0.4956286549568176,0.48897531628608704,1.0
1305,1.0,0.0,0.0,0.0,0.0,0.0,0.5561235547065735,0.5104866027832031,0.4968947470188141,0.49481356143951416,0.49573174118995667,0.48908841609954834,1.0
1306,0.0,0.0,0.0,0.0,0.0,0.0,0.5204935669898987,0.5231540203094482,0.5354050397872925,0.4818067252635956,0.48996004462242126,0.48417824506759644,4.0
1307,1.0,1.0,1.0,1.0,1.0,1.0,0.5564928650856018,0.5109596252441406,0.49727925658226013,0.4952552020549774,0.4960462152957916,0.489530473947525,1.0
1308,0.0,0.0,1.0,1.0,0.0,1.0,0.5561324954032898,0.5105117559432983,0.4968925714492798,0.4948107600212097,0.49573349952697754,0.48909881711006165,1.0
1309,1.0,1.0,0.0,1.0,1.0,0.0,0.5291160345077515,0.4977523386478424,0.5259880423545837,0.49093130230903625,0.4855475127696991,0.49395811557769775,0.0
1310,1.0,1.0,0.0,0.0,1.0,0.0,0.52909916639328,0.497727632522583,0.5259964466094971,0.4909263551235199,0.4855339527130127,0.49398934841156006,0.0
1311,0.0,0.0,0.0,0.0,0.0,0.0,0.5201518535614014,0.5227963328361511,0.5355389714241028,0.4813956022262573,0.4892530143260956,0.48415499925613403,2.0
1312,1.0,1.0,1.0,1.0,1.0,1.0,0.5294228792190552,0.49811893701553345,0.526314377784729,0.4912714958190918,0.4858914613723755,0.49427860975265503,0.0
1313,0.0,0.0,0.0,1.0,1.0,0.0,0.5290505886077881,0.4976300895214081,0.5259197950363159,0.49083971977233887,0.4854401648044586,0.49392274022102356,0.0
1314,1.0,1.0,1.0,1.0,1.0,0.0,0.5210213661193848,0.523645281791687,0.5357346534729004,0.4819442629814148,0.48933926224708557,0.4842829704284668,3.0
1315,1.0,1.0,1.0,1.0,1.0,0.0,0.5565456748008728,0.5110808610916138,0.4973391890525818,0.4953407347202301,0.4961027204990387,0.48961174488067627,1.0
1316,1.0,1.0,0.0,0.0,1.0,0.0,0.520514190196991,0.5229964852333069,0.5352935194969177,0.4812885820865631,0.4888175129890442,0.4837234914302826,3.0
1317,0.0,0.0,0.0,0.0,0.0,0.0,0.5200989842414856,0.5226694345474243,0.5354542136192322,0.48128339648246765,0.48917365074157715,0.4840579926967621,2.0
1318,0.0,0.0,0.0,0.0,0.0,0.0,0.5561303496360779,0.5105012655258179,0.4969111680984497,0.4948149621486664,0.4957367777824402,0.48908570408821106,1.0
1319,0.0,0.0,0.0,0.0,0.0,0.0,0.5561848282814026,0.5105789303779602,0.4969801902770996,0.4948693811893463,0.4958226978778839,0.48916521668434143,1.0
1320,0.0,0.0,0.0,0.0,0.0,0.0,0.5206485390663147,0.5231792330741882,0.5354099273681641,0.48149368166923523,0.4889439642429352,0.48387646675109863,3.0
1321,0.0,0.0,0.0,0.0,0.0,0.0,0.5204739570617676,0.5230858325958252,0.5354244112968445,0.48174330592155457,0.48997390270233154,0.4841585159301758,4.0
1322,1.0,1.0,1.0,1.0,1.0,1.0,0.5209722518920898,0.5235204696655273,0.5357736349105835,0.4818879961967468,0.4893043339252472,0.4842354357242584,3.0
1323,1.0,1.0,1.0,1.0,1.0,0.0,0.5204031467437744,0.5230740308761597,0.5357809662818909,0.48169851303100586,0.489505410194397,0.4844164252281189,2.0
1324,1.0,1.0,1.0,1.0,1.0,1.0,0.520432710647583,0.5231403112411499,0.5358214378356934,0.48176053166389465,0.48955288529396057,0.4844643175601959,2.0
1325,1.0,1.0,1.0,1.0,1.0,0.0,0.5563213229179382,0.5108059644699097,0.4971376955509186,0.4950697720050812,0.4959327280521393,0.489370197057724,1.0
1326,1.0,1.0,1.0,1.0,1.0,0.0,0.5563318133354187,0.5108022093772888,0.49716445803642273,0.4950724244117737,0.4959089756011963,0.4893752932548523,1.0
1327,1.0,1.0,1.0,1.0,1.0,0.0,0.5209257006645203,0.5236336588859558,0.5358687043190002,0.4823302626609802,0.4904406666755676,0.48465093970298767,4.0
1328,1.0,1.0,1.0,1.0,1.0,1.0,0.5203285217285156,0.5230228304862976,0.535743236541748,0.4816267192363739,0.48945245146751404,0.48434367775917053,2.0
1329,1.0,1.0,0.0,0.0,1.0,0.0,0.5202528834342957,0.5229097604751587,0.5356272459030151,0.4815015196800232,0.48932909965515137,0.4842439293861389,2.0
1330,0.0,0.0,0.0,0.0,0.0,0.0,0.5561309456825256,0.5105379223823547,0.49693095684051514,0.49483469128608704,0.49577462673187256,0.48911312222480774,1.0
1331,0.0,0.0,0.0,0.0,0.0,0.0,0.5289534330368042,0.4975675046443939,0.525795042514801,0.49072155356407166,0.48534175753593445,0.4937744140625,0.0
1332,0.0,0.0,1.0,1.0,1.0,1.0,0.5204924941062927,0.5231741070747375,0.535423755645752,0.48183441162109375,0.48996418714523315,0.48419836163520813,4.0
1333,0.0,0.0,1.0,1.0,0.0,1.0,0.5563265681266785,0.5107933282852173,0.4971389174461365,0.49507275223731995,0.4959598183631897,0.48936688899993896,1.0
1334,0.0,0.0,0.0,0.0,0.0,0.0,0.5289260149002075,0.4975126087665558,0.5257763862609863,0.4906904399394989,0.4853089451789856,0.49375784397125244,0.0
1335,1.0,1.0,1.0,1.0,1.0,1.0,0.5205814242362976,0.5233538746833801,0.5359113812446594,0.48194780945777893,0.4896731972694397,0.48459574580192566,2.0
1336,1.0,1.0,1.0,1.0,1.0,1.0,0.5206284523010254,0.5234230160713196,0.5359386205673218,0.48198601603507996,0.48974642157554626,0.4846511781215668,2.0
1337,0.0,0.0,0.0,1.0,0.0,0.0,0.520819902420044,0.5235247611999512,0.5357405543327332,0.48219379782676697,0.49030542373657227,0.4845343828201294,4.0
1338,0.0,0.0,0.0,0.0,0.0,0.0,0.5201466083526611,0.5227927565574646,0.535532534122467,0.4813879728317261,0.48924222588539124,0.48414120078086853,2.0
1339,0.0,1.0,1.0,1.0,0.0,1.0,0.5290358066558838,0.49761849641799927,0.5258971452713013,0.4908061921596527,0.48543113470077515,0.4938965141773224,0.0
1340,0.0,0.0,0.0,0.0,0.0,0.0,0.5288388729095459,0.4973982870578766,0.5257272720336914,0.49060577154159546,0.48522400856018066,0.4936951994895935,0.0
1341,0.0,0.0,0.0,0.0,0.0,0.0,0.5204613208770752,0.5228717923164368,0.5352528095245361,0.48119914531707764,0.4887479543685913,0.4836582839488983,3.0
1342,0.0,0.0,0.0,0.0,0.0,0.0,0.5204914212226868,0.5229621529579163,0.5352896451950073,0.4812711477279663,0.48878878355026245,0.483673632144928,3.0
1343,1.0,1.0,1.0,1.0,1.0,1.0,0.5563652515411377,0.5108387470245361,0.49719637632369995,0.49510759115219116,0.49598428606987,0.4893953800201416,1.0
1344,1.0,1.0,1.0,1.0,1.0,1.0,0.5564092397689819,0.5109009146690369,0.4972434341907501,0.49514931440353394,0.49602827429771423,0.48944929242134094,1.0
1345,0.0,0.0,0.0,1.0,0.0,0.0,0.5562988519668579,0.5107393860816956,0.4970957338809967,0.4950358271598816,0.49586233496665955,0.48933184146881104,1.0
1346,0.0,1.0,1.0,1.0,0.0,1.0,0.5203946828842163,0.5230696201324463,0.5357819199562073,0.4817084074020386,0.4894993305206299,0.4844096004962921,2.0
1347,1.0,1.0,0.0,0.0,1.0,0.0,0.5205152630805969,0.5232129693031311,0.535905659198761,0.48184436559677124,0.4896256923675537,0.4845525026321411,2.0
1348,1.0,0.0,0.0,0.0,0.0,0.0,0.5288795232772827,0.49747100472450256,0.5257880687713623,0.49067223072052,0.485289067029953,0.49375948309898376,0.0
1349,1.0,1.0,0.0,0.0,1.0,0.0,0.5206528306007385,0.5233478546142578,0.5356330275535583,0.48200657963752747,0.490161269903183,0.4844045639038086,4.0
1350,1.0,1.0,1.0,0.0,0.0,1.0,0.5205099582672119,0.5232187509536743,0.5358896851539612,0.48185673356056213,0.4896220862865448,0.484538733959198,2.0
1351,0.0,1.0,1.0,1.0,1.0,1.0,0.5292539000511169,0.49793386459350586,0.5261334180831909,0.4910823106765747,0.48571011424064636,0.4941179156303406,0.0
1352,1.0,1.0,1.0,1.0,1.0,1.0,0.5205855965614319,0.5233457088470459,0.5359165668487549,0.4819685220718384,0.4896966814994812,0.4846419394016266,2.0
1353,1.0,1.0,1.0,1.0,1.0,1.0,0.5203988552093506,0.5230822563171387,0.5357677340507507,0.48170116543769836,0.4895019829273224,0.48441484570503235,2.0
1354,1.0,1.0,0.0,0.0,1.0,0.0,0.5206125974655151,0.5232737064361572,0.5355920791625977,0.48195964097976685,0.49012666940689087,0.4843505024909973,4.0
1355,1.0,1.0,1.0,0.0,1.0,0.0,0.5563380718231201,0.5107914209365845,0.49715137481689453,0.4950704276561737,0.4959315061569214,0.4893631339073181,1.0
1356,1.0,1.0,0.0,0.0,1.0,1.0,0.5202941298484802,0.5229964852333069,0.5356627106666565,0.4815851151943207,0.48938196897506714,0.4843025207519531,2.0
1357,0.0,0.0,0.0,0.0,0.0,0.0,0.5288668870925903,0.49742552638053894,0.5257647037506104,0.49062877893447876,0.4852551519870758,0.49373844265937805,0.0
1358,1.0,1.0,0.0,0.0,0.0,0.0,0.5201873183250427,0.522767961025238,0.53555828332901,0.48139819502830505,0.48927682638168335,0.4841729402542114,2.0
1359,0.0,1.0,0.0,1.0,1.0,0.0,0.5289561152458191,0.4975529909133911,0.5258243083953857,0.490736186504364,0.4853588342666626,0.49381887912750244,0.0
1360,0.0,0.0,0.0,0.0,0.0,0.0,0.5561414361000061,0.5105259418487549,0.4969039857387543,0.494840532541275,0.49572330713272095,0.4891124963760376,1.0
1361,1.0,1.0,1.0,1.0,1.0,1.0,0.5207908153533936,0.5233495831489563,0.5355554819107056,0.48166587948799133,0.48909708857536316,0.4840407967567444,3.0
1362,1.0,1.0,1.0,1.0,1.0,1.0,0.5207093358039856,0.5233863592147827,0.5356621742248535,0.48207488656044006,0.4902099668979645,0.4844226837158203,4.0
1363,1.0,1.0,0.0,0.0,1.0,0.0,0.5206353664398193,0.5233166813850403,0.5355677008628845,0.48198357224464417,0.49011972546577454,0.4843476116657257,4.0
1364,0.0,0.0,0.0,0.0,0.0,0.0,0.5207177996635437,0.5232618451118469,0.5354709625244141,0.48155924677848816,0.4890057444572449,0.48393702507019043,3.0
1365,1.0,1.0,0.0,0.0,0.0,0.0,0.5562203526496887,0.5106502771377563,0.4970117509365082,0.4949426054954529,0.49577921628952026,0.4892210066318512,1.0
1366,1.0,1.0,1.0,1.0,1.0,1.0,0.5207114815711975,0.5232638120651245,0.5355046391487122,0.48157230019569397,0.48903778195381165,0.48395729064941406,3.0
1367,0.0,0.0,0.0,0.0,0.0,0.0,0.520433783531189,0.5230491757392883,0.5353715419769287,0.4816955327987671,0.4899348020553589,0.4841224253177643,4.0
1368,1.0,1.0,1.0,1.0,1.0,1.0,0.520518958568573,0.5232378244400024,0.5359045267105103,0.48185479640960693,0.48963266611099243,0.484554648399353,2.0
1369,0.0,0.0,1.0,1.0,0.0,0.0,0.5205062627792358,0.5231654047966003,0.5354676246643066,0.48180967569351196,0.4900108277797699,0.4841994345188141,4.0
1370,1.0,1.0,0.0,0.0,1.0,0.0,0.5202233195304871,0.5228795409202576,0.5355923771858215,0.48146477341651917,0.48931118845939636,0.4842189848423004,2.0
1371,0.0,0.0,0.0,0.0,0.0,0.0,0.5204856395721436,0.5231012105941772,0.5354207158088684,0.4817441999912262,0.4899730980396271,0.48416438698768616,4.0
1372,1.0,1.0,0.0,0.0,1.0,0.0,0.520684540271759,0.5234048366546631,0.5355938673019409,0.48205775022506714,0.4901665151119232,0.48441222310066223,4.0
1373,0.0,0.0,0.0,0.0,0.0,0.0,0.5205565094947815,0.5230335593223572,0.5353730320930481,0.48135697841644287,0.4888613224029541,0.4837839603424072,3.0
1374,0.0,0.0,0.0,0.0,0.0,0.0,0.5289159417152405,0.4974921941757202,0.525789201259613,0.4906887114048004,0.4852971136569977,0.4937811493873596,0.0
1375,0.0,1.0,1.0,1.0,0.0,0.0,0.5290374159812927,0.497620165348053,0.5258934497833252,0.4908227324485779,0.48540961742401123,0.4938753545284271,0.0
1376,0.0,0.0,0.0,0.0,0.0,0.0,0.5290300250053406,0.4976290166378021,0.5259245038032532,0.4908366799354553,0.48542043566703796,0.493905633687973,0.0
1377,0.0,0.0,0.0,0.0,0.0,0.0,0.5561654567718506,0.5105504989624023,0.49690788984298706,0.49486127495765686,0.4956968128681183,0.48913514614105225,1.0
1378,0.0,1.0,1.0,1.0,0.0,1.0,0.5563396215438843,0.5108197331428528,0.49715089797973633,0.495118111371994,0.49590957164764404,0.48939499258995056,1.0
1379,0.0,0.0,0.0,0.0,0.0,0.0,0.5288985371589661,0.4974769651889801,0.5257803797721863,0.49068284034729004,0.48530295491218567,0.49375447630882263,0.0
1380,1.0,1.0,1.0,1.0,1.0,0.0,0.5563929677009583,0.5108831524848938,0.497230589389801,0.49516037106513977,0.49601244926452637,0.4894339442253113,1.0
1381,1.0,1.0,1.0,1.0,1.0,0.0,0.5563474893569946,0.5108189582824707,0.4971834123134613,0.4951060712337494,0.4959486126899719,0.4893900752067566,1.0
1382,0.0,0.0,0.0,0.0,0.0,0.0,0.5205517411231995,0.5232115983963013,0.535508394241333,0.4818967580795288,0.490048885345459,0.48426082730293274,4.0
1383,0.0,0.0,0.0,0.0,0.0,0.0,0.5290310978889465,0.49761709570884705,0.525894284248352,0.49080711603164673,0.4854080379009247,0.4938852787017822,0.0
1384,1.0,1.0,0.0,0.0,0.0,0.0,0.5561732649803162,0.510604202747345,0.49697983264923096,0.49489355087280273,0.4957953095436096,0.4891737699508667,1.0
1385,1.0,1.0,0.0,0.0,0.0,0.0,0.5290505886077881,0.4976741373538971,0.5259466171264648,0.49085041880607605,0.48547646403312683,0.49392169713974,0.0
1386,1.0,1.0,1.0,1.0,1.0,0.0,0.5294445157051086,0.49814409017562866,0.526293158531189,0.49125364422798157,0.4858841001987457,0.4942392408847809,0.0
1387,1.0,1.0,1.0,1.0,1.0,1.0,0.5209103226661682,0.5236697793006897,0.5358356833457947,0.48233532905578613,0.49045276641845703,0.4846712052822113,4.0
1388,1.0,1.0,1.0,1.0,1.0,1.0,0.5209130048751831,0.5234521627426147,0.5356881022453308,0.4817785620689392,0.48922568559646606,0.48415058851242065,3.0
1389,1.0,1.0,1.0,1.0,1.0,0.0,0.5293700098991394,0.4980813264846802,0.5262278318405151,0.49119463562965393,0.48582905530929565,0.494190514087677,0.0
1390,1.0,1.0,1.0,1.0,1.0,1.0,0.5206453800201416,0.523319661617279,0.5356200337409973,0.48198866844177246,0.4901561141014099,0.48436784744262695,4.0
1391,1.0,1.0,0.0,0.0,1.0,0.0,0.5203655362129211,0.52304607629776,0.5356791615486145,0.4816482663154602,0.48942330479621887,0.4843318462371826,2.0
1392,1.0,1.0,1.0,1.0,1.0,0.0,0.5294619202613831,0.4981532096862793,0.5262887477874756,0.4912627339363098,0.4858910143375397,0.494276762008667,0.0
1393,1.0,1.0,0.0,0.0,1.0,1.0,0.5206379890441895,0.5231272578239441,0.5354308485984802,0.481472909450531,0.4889337420463562,0.4838695228099823,3.0
1394,0.0,0.0,0.0,0.0,0.0,0.0,0.520589292049408,0.5230687856674194,0.535369873046875,0.4814149737358093,0.4888666272163391,0.48379361629486084,3.0
1395,0.0,0.0,0.0,0.0,0.0,0.0,0.5205808281898499,0.5232605934143066,0.5355712175369263,0.4819222092628479,0.49008795619010925,0.4843026399612427,4.0
1396,1.0,1.0,0.0,0.0,0.0,0.0,0.5208262801170349,0.5235557556152344,0.535757303237915,0.48222148418426514,0.4903488755226135,0.4845614731311798,4.0
1397,1.0,1.0,1.0,1.0,1.0,0.0,0.520744264125824,0.5234567523002625,0.5356495976448059,0.48211199045181274,0.490227609872818,0.48445892333984375,4.0
1398,0.0,0.0,0.0,0.0,0.0,0.0,0.5560749173164368,0.5104597806930542,0.49686285853385925,0.4947613775730133,0.4956338703632355,0.4890458881855011,1.0
1399,1.0,1.0,1.0,0.0,1.0,0.0,0.520525336265564,0.5232556462287903,0.5358777046203613,0.4818861186504364,0.48962295055389404,0.4845588505268097,2.0
1400,1.0,1.0,0.0,1.0,1.0,1.0,0.5205596685409546,0.523201584815979,0.5355169773101807,0.4818657338619232,0.49004873633384705,0.48426997661590576,4.0
1401,0.0,0.0,0.0,0.0,0.0,0.0,0.5200831294059753,0.5226757526397705,0.5354669690132141,0.4812784790992737,0.4891648590564728,0.48404815793037415,2.0
1402,0.0,0.0,0.0,0.0,0.0,0.0,0.5201799273490906,0.5227954983711243,0.5355629920959473,0.481389582157135,0.489263117313385,0.48418936133384705,2.0
1403,0.0,0.0,0.0,0.0,0.0,0.0,0.5209108591079712,0.5234811305999756,0.5356482863426208,0.48180508613586426,0.4892098307609558,0.4841311275959015,3.0
1404,0.0,1.0,1.0,1.0,0.0,1.0,0.5564405918121338,0.5109315514564514,0.4972485601902008,0.4952221214771271,0.49600398540496826,0.48949432373046875,1.0
1405,1.0,1.0,1.0,1.0,0.0,1.0,0.5562705993652344,0.5107032656669617,0.49707430601119995,0.4949774146080017,0.4958539307117462,0.48928046226501465,1.0
1406,1.0,1.0,0.0,0.0,1.0,0.0,0.5562439560890198,0.5106929540634155,0.4970332384109497,0.49499061703681946,0.49580615758895874,0.4892706573009491,1.0
1407,0.0,0.0,0.0,0.0,0.0,0.0,0.5290189385414124,0.49759525060653687,0.525898814201355,0.49078309535980225,0.4853935241699219,0.4938766658306122,0.0
1408,0.0,1.0,0.0,0.0,1.0,0.0,0.5205649733543396,0.5232511162757874,0.5354916453361511,0.48190659284591675,0.49005988240242004,0.4842594861984253,4.0
1409,0.0,0.0,0.0,0.0,0.0,0.0,0.5208432078361511,0.5236016511917114,0.5357081294059753,0.4822560250759125,0.4903537929058075,0.4845649302005768,4.0
1410,0.0,0.0,0.0,0.0,0.0,0.0,0.5203877687454224,0.5229658484458923,0.5353593826293945,0.48163390159606934,0.48987528681755066,0.4840620756149292,4.0
1411,0.0,0.0,0.0,0.0,1.0,0.0,0.5205031037330627,0.5231665372848511,0.5354417562484741,0.4818042516708374,0.48998719453811646,0.4842097759246826,4.0
1412,1.0,1.0,1.0,1.0,1.0,0.0,0.5210224986076355,0.5235742926597595,0.5357882380485535,0.48189830780029297,0.4893336594104767,0.48427486419677734,3.0
1413,1.0,1.0,0.0,0.0,0.0,0.0,0.5206834673881531,0.5233673453330994,0.535635769367218,0.4820443391799927,0.4901904761791229,0.4844265878200531,4.0
1414,0.0,0.0,0.0,0.0,0.0,0.0,0.5201159119606018,0.5226938724517822,0.5354870557785034,0.4812902510166168,0.48919254541397095,0.48406246304512024,2.0
1415,0.0,0.0,0.0,0.0,0.0,0.0,0.5561879277229309,0.5106239318847656,0.4969896078109741,0.4949221611022949,0.4958226978778839,0.489178329706192,1.0
1416,0.0,0.0,0.0,0.0,0.0,0.0,0.5561424493789673,0.5105424523353577,0.49690982699394226,0.49485185742378235,0.4956924319267273,0.48912596702575684,1.0
1417,1.0,1.0,1.0,1.0,1.0,1.0,0.5293705463409424,0.4980299770832062,0.5262407660484314,0.4911503195762634,0.48578402400016785,0.49420347809791565,0.0
1418,0.0,0.0,0.0,0.0,0.0,0.0,0.5202233195304871,0.5228737592697144,0.5356159210205078,0.48147258162498474,0.48931756615638733,0.484231173992157,2.0
1419,0.0,0.0,0.0,0.0,0.0,0.0,0.5207273364067078,0.5234377980232239,0.5356326103210449,0.482114315032959,0.49023258686065674,0.48445284366607666,4.0
1420,0.0,0.0,0.0,0.0,0.0,0.0,0.520517885684967,0.523021399974823,0.5353042483329773,0.481335312128067,0.488802969455719,0.48371779918670654,3.0
1421,0.0,0.0,1.0,0.0,0.0,0.0,0.5561429858207703,0.51054847240448,0.49691635370254517,0.49482738971710205,0.4957388937473297,0.4891197383403778,1.0
1422,1.0,1.0,1.0,1.0,1.0,0.0,0.5565451979637146,0.5110793113708496,0.4973679482936859,0.49535471200942993,0.4961033761501312,0.48961928486824036,1.0
1423,1.0,1.0,1.0,1.0,1.0,0.0,0.5291762948036194,0.4977878928184509,0.5260576009750366,0.49099016189575195,0.4855901002883911,0.49401453137397766,0.0
1424,0.0,0.0,1.0,0.0,0.0,0.0,0.528899610042572,0.4974743127822876,0.5257626175880432,0.4906575381755829,0.4852689802646637,0.49375906586647034,0.0
1425,1.0,1.0,1.0,1.0,0.0,0.0,0.5291694402694702,0.49779510498046875,0.5260438919067383,0.49099257588386536,0.4856240153312683,0.49403852224349976,0.0
1426,0.0,0.0,1.0,1.0,0.0,1.0,0.520679771900177,0.5233644843101501,0.535606324672699,0.48203375935554504,0.4901775121688843,0.4844054579734802,4.0
1427,0.0,0.0,0.0,0.0,0.0,0.0,0.520609974861145,0.5231234431266785,0.5353678464889526,0.4814513623714447,0.4888902008533478,0.48383569717407227,3.0
1428,1.0,1.0,0.0,0.0,1.0,0.0,0.5292254090309143,0.49788835644721985,0.5260993242263794,0.49105337262153625,0.4856455624103546,0.4940751791000366,0.0
1429,1.0,1.0,1.0,1.0,1.0,0.0,0.5207643508911133,0.5234441161155701,0.5356864333152771,0.4821285009384155,0.49024102091789246,0.48447561264038086,4.0
1430,1.0,1.0,1.0,0.0,0.0,0.0,0.5206109881401062,0.523289144039154,0.5356534719467163,0.4819716215133667,0.4901561737060547,0.4843675196170807,4.0
1431,1.0,1.0,1.0,1.0,1.0,1.0,0.5205332040786743,0.5232332944869995,0.5359079837799072,0.4818620979785919,0.4896429479122162,0.48456528782844543,2.0
1432,0.0,0.0,0.0,0.0,0.0,0.0,0.5564233064651489,0.5109163522720337,0.49719956517219543,0.4952189028263092,0.49593672156333923,0.4894731342792511,1.0
1433,1.0,1.0,0.0,0.0,1.0,0.0,0.5206760168075562,0.5231997966766357,0.5354490280151367,0.48151832818984985,0.4889903962612152,0.48390448093414307,3.0
1434,1.0,1.0,1.0,1.0,1.0,1.0,0.5208145976066589,0.5235940217971802,0.5356768369674683,0.48222196102142334,0.49032965302467346,0.48454412817955017,4.0
1435,1.0,1.0,1.0,0.0,0.0,1.0,0.5290775299072266,0.49773484468460083,0.525951623916626,0.49088233709335327,0.4854965806007385,0.4939091205596924,0.0
1436,1.0,1.0,1.0,1.0,1.0,0.0,0.5204465389251709,0.5231185555458069,0.5358425378799438,0.48176059126853943,0.4895716905593872,0.48447853326797485,2.0
1437,1.0,1.0,1.0,1.0,1.0,0.0,0.5209140777587891,0.5236524343490601,0.5358601808547974,0.48232343792915344,0.4904252290725708,0.4846595227718353,4.0
1438,1.0,1.0,1.0,1.0,1.0,1.0,0.5294724702835083,0.49819645285606384,0.5263141393661499,0.4912990629673004,0.48590490221977234,0.4942986071109772,0.0
1439,1.0,1.0,1.0,1.0,1.0,1.0,0.5208209753036499,0.5235919952392578,0.5357210636138916,0.4822312891483307,0.49034371972084045,0.48455339670181274,4.0
1440,1.0,1.0,1.0,1.0,1.0,1.0,0.5210098028182983,0.5236114859580994,0.5357226729393005,0.4819318652153015,0.48931488394737244,0.4842482805252075,3.0
1441,0.0,1.0,1.0,1.0,1.0,1.0,0.5565001964569092,0.5109984874725342,0.4973050355911255,0.495270699262619,0.49604469537734985,0.48956751823425293,1.0
1442,1.0,1.0,0.0,0.0,1.0,0.0,0.5207051634788513,0.5232594609260559,0.5354562997817993,0.48155516386032104,0.48899319767951965,0.48395198583602905,3.0
1443,0.0,0.0,0.0,0.0,0.0,0.0,0.5204739570617676,0.5229341387748718,0.535268247127533,0.4812399446964264,0.4887567162513733,0.48364266753196716,3.0
1444,1.0,1.0,0.0,0.0,1.0,0.0,0.5203946828842163,0.5231046676635742,0.5357158184051514,0.4816996157169342,0.4894716441631317,0.48440903425216675,2.0
1445,1.0,1.0,0.0,0.0,1.0,0.0,0.5205802917480469,0.5230649709701538,0.5353955030441284,0.48138681054115295,0.4888775050640106,0.4837985336780548,3.0
1446,1.0,1.0,0.0,0.0,0.0,0.0,0.556151807308197,0.5105471014976501,0.4969334304332733,0.4948452115058899,0.49578553438186646,0.48911169171333313,1.0
1447,0.0,0.0,0.0,1.0,1.0,0.0,0.5292111039161682,0.4978877604007721,0.5260775685310364,0.49104154109954834,0.4856494963169098,0.4940609931945801,0.0
1448,1.0,1.0,0.0,0.0,1.0,0.0,0.5203534364700317,0.5230567455291748,0.5357049703598022,0.48166322708129883,0.48944318294525146,0.48437702655792236,2.0
1449,1.0,0.0,0.0,0.0,1.0,0.0,0.5205819010734558,0.5230586528778076,0.5353778600692749,0.481393426656723,0.48886120319366455,0.4837844669818878,3.0
1450,1.0,1.0,1.0,1.0,1.0,1.0,0.5291145443916321,0.4977581799030304,0.5260112881660461,0.4909318685531616,0.48555800318717957,0.4939756691455841,0.0
1451,1.0,1.0,1.0,1.0,1.0,0.0,0.5209018588066101,0.5236978530883789,0.5358270406723022,0.48234429955482483,0.4904507100582123,0.4846690893173218,4.0
1452,0.0,0.0,0.0,0.0,0.0,0.0,0.5202444195747375,0.5229064226150513,0.5356675982475281,0.4815123677253723,0.48934200406074524,0.4842747449874878,2.0
1453,1.0,1.0,0.0,1.0,1.0,0.0,0.5206612944602966,0.5233864784240723,0.5356024503707886,0.48201432824134827,0.49017202854156494,0.4844026565551758,4.0
1454,1.0,1.0,0.0,0.0,0.0,0.0,0.5202820301055908,0.5229700803756714,0.5356946587562561,0.4815744459629059,0.48941007256507874,0.48431533575057983,2.0
1455,0.0,0.0,0.0,0.0,0.0,0.0,0.5205221772193909,0.5229512453079224,0.535301685333252,0.4813004732131958,0.4888067841529846,0.4836995005607605,3.0
1456,1.0,1.0,1.0,1.0,1.0,1.0,0.5562622547149658,0.5107322931289673,0.49707117676734924,0.4950156807899475,0.4958217442035675,0.48928505182266235,1.0
1457,1.0,1.0,0.0,0.0,0.0,0.0,0.5561450123786926,0.5105466842651367,0.49693459272384644,0.49484285712242126,0.4957510828971863,0.4891147315502167,1.0
1458,0.0,0.0,0.0,0.0,1.0,0.0,0.528889536857605,0.497465044260025,0.5257699489593506,0.49065908789634705,0.4852636456489563,0.49374890327453613,0.0
1459,0.0,1.0,1.0,1.0,1.0,1.0,0.5208479166030884,0.5236427783966064,0.5357210636138916,0.4822760224342346,0.4903501272201538,0.48457205295562744,4.0
1460,0.0,0.0,0.0,0.0,0.0,0.0,0.5560508966445923,0.5104349851608276,0.4968586564064026,0.49473991990089417,0.49566081166267395,0.48903048038482666,1.0
1461,1.0,1.0,0.0,0.0,1.0,1.0,0.5203290581703186,0.5229879021644592,0.5357466340065002,0.4815858006477356,0.4894300699234009,0.48436272144317627,2.0
1462,1.0,1.0,0.0,0.0,1.0,0.0,0.5562732219696045,0.5107271075248718,0.49707111716270447,0.4950120151042938,0.49584296345710754,0.48929598927497864,1.0
1463,0.0,0.0,1.0,1.0,1.0,1.0,0.5207326412200928,0.5232609510421753,0.5355002284049988,0.4815789759159088,0.4890443980693817,0.4839652180671692,3.0
1464,1.0,1.0,1.0,1.0,1.0,0.0,0.5206189155578613,0.5233086943626404,0.5355764031410217,0.4819951057434082,0.49012717604637146,0.4843681752681732,4.0
1465,0.0,0.0,0.0,0.0,0.0,0.0,0.5204158425331116,0.5230211615562439,0.535377025604248,0.48167726397514343,0.48989325761795044,0.4840738773345947,4.0
1466,1.0,1.0,1.0,1.0,1.0,1.0,0.5207188725471497,0.5232772827148438,0.5354945063591003,0.48156455159187317,0.48900917172431946,0.4839571416378021,3.0
1467,0.0,0.0,1.0,0.0,0.0,1.0,0.5201423168182373,0.5227473378181458,0.5355205535888672,0.48136162757873535,0.48922911286354065,0.4841224253177643,2.0
1468,0.0,1.0,1.0,1.0,1.0,1.0,0.556320309638977,0.510784387588501,0.4971233308315277,0.49506551027297974,0.49591392278671265,0.4893723726272583,1.0
1469,0.0,0.0,0.0,0.0,0.0,0.0,0.5203021168708801,0.5229718685150146,0.5356884002685547,0.48156097531318665,0.48938775062561035,0.48431456089019775,2.0
1470,1.0,1.0,1.0,1.0,1.0,0.0,0.520759105682373,0.5234404802322388,0.5356959104537964,0.48212507367134094,0.49027377367019653,0.4844817817211151,4.0
1471,0.0,0.0,0.0,0.0,0.0,0.0,0.5206062197685242,0.5233410596847534,0.5359349250793457,0.48194485902786255,0.4896791875362396,0.48460423946380615,2.0
1472,1.0,1.0,0.0,1.0,1.0,1.0,0.5565572381019592,0.5110922455787659,0.49739059805870056,0.49536219239234924,0.4961479604244232,0.48965054750442505,1.0
1473,1.0,1.0,1.0,1.0,0.0,1.0,0.520733654499054,0.5232477784156799,0.5355206727981567,0.4815672039985657,0.4890546202659607,0.4839664101600647,3.0
1474,1.0,1.0,1.0,1.0,1.0,0.0,0.5204877853393555,0.5231676697731018,0.535873532295227,0.4818086624145508,0.4896113872528076,0.484497994184494,2.0
1475,0.0,0.0,0.0,0.0,0.0,0.0,0.5201883912086487,0.5228646397590637,0.5355831384658813,0.48143312335014343,0.48928961157798767,0.4841947853565216,2.0
1476,1.0,1.0,1.0,1.0,1.0,1.0,0.5567267537117004,0.511350691318512,0.4975435435771942,0.4956349730491638,0.49625763297080994,0.4898987114429474,1.0
1477,1.0,1.0,1.0,1.0,1.0,1.0,0.5293235778808594,0.4979691505432129,0.5261889696121216,0.4911344647407532,0.48574936389923096,0.4941661059856415,0.0
1478,1.0,1.0,0.0,0.0,0.0,0.0,0.5205697417259216,0.5232025384902954,0.5355332493782043,0.4818556606769562,0.4900778830051422,0.48426127433776855,4.0
1479,1.0,1.0,0.0,1.0,1.0,0.0,0.5292491316795349,0.49790406227111816,0.5261059403419495,0.49104195833206177,0.48569053411483765,0.49409356713294983,0.0
1480,1.0,1.0,1.0,1.0,1.0,0.0,0.5207532644271851,0.5234333276748657,0.5357162952423096,0.48212262988090515,0.49027228355407715,0.4844823181629181,4.0
1481,1.0,1.0,0.0,0.0,1.0,0.0,0.529146134853363,0.49779462814331055,0.5260100960731506,0.49096521735191345,0.4855867326259613,0.49400046467781067,0.0
1482,1.0,1.0,0.0,1.0,1.0,1.0,0.520588219165802,0.5232754945755005,0.5354868769645691,0.4819187819957733,0.4900617301464081,0.4842575192451477,4.0
1483,1.0,1.0,1.0,1.0,1.0,1.0,0.520754873752594,0.5234281420707703,0.5356865525245667,0.4821087718009949,0.49024930596351624,0.4844624102115631,4.0
1484,1.0,1.0,1.0,1.0,1.0,1.0,0.5207781195640564,0.5234149694442749,0.535717785358429,0.48214191198349,0.4902787208557129,0.48448988795280457,4.0
1485,1.0,1.0,0.0,0.0,1.0,0.0,0.5207136273384094,0.5234028100967407,0.5356791615486145,0.48207762837409973,0.4902525842189789,0.4844598174095154,4.0
1486,1.0,1.0,1.0,1.0,1.0,1.0,0.5292502045631409,0.49790334701538086,0.5261145234107971,0.4910604655742645,0.48565995693206787,0.49410662055015564,0.0
1487,0.0,0.0,0.0,0.0,0.0,0.0,0.5561549663543701,0.5105600357055664,0.4969388544559479,0.49486225843429565,0.4957350790500641,0.4891314208507538,1.0
1488,0.0,0.0,1.0,1.0,0.0,1.0,0.5206829309463501,0.5231932401657104,0.5354783535003662,0.4815087616443634,0.489001989364624,0.48391586542129517,3.0
1489,1.0,1.0,1.0,1.0,1.0,1.0,0.5294862389564514,0.4982050359249115,0.5263164639472961,0.49131983518600464,0.48592090606689453,0.49430179595947266,0.0
1490,0.0,0.0,0.0,0.0,0.0,0.0,0.5289523601531982,0.4975338578224182,0.5258140563964844,0.4907064437866211,0.4853411912918091,0.4938158690929413,0.0
1491,0.0,1.0,1.0,1.0,1.0,0.0,0.520443320274353,0.5231937170028687,0.5357762575149536,0.4817637801170349,0.4895339012145996,0.48446252942085266,2.0
1492,0.0,0.0,0.0,0.0,0.0,0.0,0.5205268859863281,0.5230420231819153,0.5352873802185059,0.48135796189308167,0.4888085126876831,0.4837416112422943,3.0
1493,0.0,1.0,1.0,1.0,1.0,1.0,0.5562909841537476,0.5107385516166687,0.49710163474082947,0.4950254261493683,0.4958893954753876,0.4893147647380829,1.0
1494,1.0,1.0,1.0,1.0,0.0,0.0,0.5208225846290588,0.5233612656593323,0.5355885624885559,0.48169949650764465,0.48913297057151794,0.4840598404407501,3.0
1495,1.0,1.0,1.0,1.0,1.0,1.0,0.5205840468406677,0.5232758522033691,0.5355227589607239,0.48193517327308655,0.49010008573532104,0.4843006432056427,4.0
1496,1.0,1.0,0.0,0.0,0.0,0.0,0.5207120180130005,0.5232495069503784,0.5354934930801392,0.48156365752220154,0.4890490770339966,0.48394840955734253,3.0
1497,1.0,1.0,1.0,0.0,1.0,0.0,0.529146671295166,0.49777892231941223,0.5260235071182251,0.49096980690956116,0.48559942841529846,0.4940108060836792,0.0
1498,0.0,0.0,0.0,0.0,0.0,0.0,0.5204671025276184,0.523065984249115,0.5354056358337402,0.4817248284816742,0.4899579882621765,0.4841536581516266,4.0
1499,1.0,1.0,1.0,1.0,1.0,0.0,0.5204650163650513,0.5230546593666077,0.5353976488113403,0.48171764612197876,0.4899393320083618,0.484134316444397,4.0
1500,1.0,1.0,1.0,1.0,1.0,1.0,0.5205612778663635,0.5232166647911072,0.5355506539344788,0.48186373710632324,0.4900853633880615,0.48428598046302795,4.0
1501,0.0,1.0,1.0,1.0,0.0,1.0,0.5291609168052673,0.4977884888648987,0.5260390639305115,0.4909835457801819,0.48556509613990784,0.4940159320831299,0.0
1502,1.0,1.0,1.0,1.0,1.0,1.0,0.5289492011070251,0.4975733458995819,0.5258156657218933,0.49075770378112793,0.48534882068634033,0.4937872588634491,0.0
1503,0.0,0.0,1.0,0.0,0.0,1.0,0.5290638208389282,0.49767744541168213,0.5259501934051514,0.4908624291419983,0.48546937108039856,0.49393415451049805,0.0
1504,1.0,1.0,0.0,0.0,0.0,0.0,0.5201952457427979,0.5228304266929626,0.5355833172798157,0.48143282532691956,0.48930296301841736,0.48422127962112427,2.0
1505,0.0,1.0,1.0,1.0,0.0,1.0,0.5205104947090149,0.5229716300964355,0.5353171229362488,0.4812856614589691,0.4887930154800415,0.48370853066444397,3.0
1506,1.0,1.0,1.0,1.0,1.0,1.0,0.5205840468406677,0.5233071446418762,0.5359296202659607,0.48193639516830444,0.48967090249061584,0.48461055755615234,2.0
1507,0.0,0.0,0.0,0.0,0.0,0.0,0.5205702781677246,0.5230715274810791,0.5353586673736572,0.48139840364456177,0.4888666272163391,0.4837826192378998,3.0
1508,1.0,1.0,1.0,1.0,1.0,1.0,0.5207923650741577,0.5234919190406799,0.5357493758201599,0.4821680188179016,0.49032801389694214,0.48452049493789673,4.0
1509,0.0,0.0,0.0,0.0,0.0,0.0,0.5204766392707825,0.5230773687362671,0.5354241132736206,0.48174265027046204,0.48997819423675537,0.4841618835926056,4.0
1510,0.0,0.0,0.0,0.0,0.0,0.0,0.5289270281791687,0.49754253029823303,0.5257788300514221,0.4907166659832001,0.48531413078308105,0.49376818537712097,0.0
1511,1.0,1.0,1.0,1.0,1.0,1.0,0.5294671654701233,0.4981919527053833,0.526300847530365,0.49131855368614197,0.4859100878238678,0.49427860975265503,0.0
1512,0.0,0.0,0.0,0.0,0.0,0.0,0.5205020308494568,0.5231466293334961,0.5354470610618591,0.4818003177642822,0.48998787999153137,0.48420050740242004,4.0
1513,1.0,1.0,1.0,1.0,1.0,1.0,0.5208743810653687,0.5236634016036987,0.5357959866523743,0.48231878876686096,0.490395188331604,0.4846160113811493,4.0
1514,0.0,0.0,0.0,0.0,0.0,0.0,0.556061863899231,0.510439395904541,0.49685949087142944,0.49474164843559265,0.4956611394882202,0.4890192151069641,1.0
1515,1.0,1.0,1.0,1.0,1.0,1.0,0.520766019821167,0.5234560966491699,0.5357052087783813,0.4821377098560333,0.49027660489082336,0.4844856858253479,4.0
1516,0.0,0.0,0.0,0.0,0.0,0.0,0.5202254056930542,0.5228843092918396,0.5356341600418091,0.481478214263916,0.4893497824668884,0.4842642843723297,2.0
1517,0.0,1.0,1.0,1.0,1.0,1.0,0.5565038919448853,0.5109959244728088,0.4972964823246002,0.4952544569969177,0.4960545599460602,0.4895394444465637,1.0
1518,1.0,1.0,1.0,1.0,1.0,1.0,0.5209304690361023,0.5235692262649536,0.5356453657150269,0.4818621575832367,0.48924165964126587,0.4841855764389038,3.0
1519,1.0,1.0,1.0,1.0,0.0,0.0,0.5204623341560364,0.5231878757476807,0.5358160138130188,0.48179274797439575,0.48955288529396057,0.4844758212566376,2.0
1520,1.0,1.0,1.0,1.0,1.0,1.0,0.5206580758094788,0.5233559608459473,0.5356107950210571,0.4820024073123932,0.4901658296585083,0.4843935966491699,4.0
1521,0.0,1.0,1.0,1.0,1.0,1.0,0.5207305550575256,0.5234699845314026,0.5356634259223938,0.48211586475372314,0.49023401737213135,0.4844434857368469,4.0
1522,0.0,1.0,1.0,1.0,0.0,1.0,0.5207177996635437,0.523414671421051,0.5356922149658203,0.48211294412612915,0.49023333191871643,0.48445165157318115,4.0
1523,0.0,0.0,0.0,0.0,0.0,0.0,0.5206189155578613,0.5231002569198608,0.5354243516921997,0.4814269244670868,0.48891499638557434,0.4838255047798157,3.0
1524,0.0,0.0,0.0,0.0,1.0,0.0,0.5290077924728394,0.4976424276828766,0.5258632302284241,0.49078917503356934,0.48539555072784424,0.4938095211982727,0.0
1525,1.0,1.0,0.0,0.0,0.0,0.0,0.5564584136009216,0.5109769701957703,0.49725592136383057,0.49526089429855347,0.4960213601589203,0.4895282983779907,1.0
1526,0.0,0.0,0.0,0.0,0.0,0.0,0.5290759205818176,0.4976998269557953,0.5259491205215454,0.4908597767353058,0.48548007011413574,0.49391239881515503,0.0
1527,1.0,1.0,1.0,1.0,1.0,0.0,0.5205872058868408,0.5230550169944763,0.5354019403457642,0.48137322068214417,0.48888781666755676,0.483796626329422,3.0
1528,1.0,1.0,1.0,1.0,0.0,1.0,0.520829439163208,0.5235517024993896,0.5357466340065002,0.4822167456150055,0.49033913016319275,0.4845605790615082,4.0
1529,1.0,1.0,0.0,0.0,1.0,0.0,0.5205041170120239,0.5232575535774231,0.5358601808547974,0.4818490147590637,0.48960912227630615,0.4845322370529175,2.0
1530,0.0,0.0,0.0,0.0,0.0,0.0,0.5204718708992004,0.5230842232704163,0.5354184508323669,0.4817412793636322,0.48995843529701233,0.4841586947441101,4.0
1531,1.0,1.0,0.0,0.0,1.0,0.0,0.5205607414245605,0.5232127904891968,0.5355413556098938,0.48188722133636475,0.4900599420070648,0.4842793941497803,4.0
1532,0.0,0.0,0.0,0.0,0.0,0.0,0.5562993288040161,0.5107917785644531,0.49713656306266785,0.49506354331970215,0.4959045946598053,0.4893453121185303,1.0
1533,0.0,1.0,1.0,1.0,0.0,1.0,0.5565995573997498,0.5111434459686279,0.49741679430007935,0.4954080581665039,0.49617239832878113,0.48967108130455017,1.0
1534,1.0,1.0,1.0,1.0,1.0,1.0,0.5207347869873047,0.5234673619270325,0.5356653928756714,0.482134610414505,0.49024122953414917,0.48443469405174255,4.0
1535,1.0,1.0,1.0,1.0,1.0,1.0,0.5204681754112244,0.523227870464325,0.5358166098594666,0.48180827498435974,0.4895685315132141,0.48448267579078674,2.0
1536,1.0,1.0,1.0,1.0,1.0,1.0,0.5207601189613342,0.523491382598877,0.5356903672218323,0.482158899307251,0.49025383591651917,0.48448288440704346,4.0
1537,1.0,1.0,1.0,1.0,1.0,1.0,0.529404878616333,0.4981478154659271,0.5262517333030701,0.49124282598495483,0.48585066199302673,0.4942377805709839,0.0
1538,1.0,1.0,1.0,1.0,1.0,0.0,0.5294445157051086,0.49816378951072693,0.5262616276741028,0.4912426471710205,0.4858741760253906,0.49423888325691223,0.0
1539,1.0,1.0,1.0,1.0,1.0,0.0,0.5566001534461975,0.511171817779541,0.4974108934402466,0.49543464183807373,0.49616676568984985,0.4896930158138275,1.0
1540,0.0,0.0,0.0,0.0,0.0,0.0,0.5290173292160034,0.49762123823165894,0.5258711576461792,0.49081215262413025,0.4853920638561249,0.4938523769378662,0.0
1541,1.0,1.0,1.0,1.0,1.0,1.0,0.5208753943443298,0.5236315727233887,0.5357867479324341,0.4822940528392792,0.49037793278694153,0.48461297154426575,4.0
1542,0.0,0.0,0.0,0.0,0.0,0.0,0.5205485820770264,0.5230085849761963,0.5353588461875916,0.48136579990386963,0.488841712474823,0.48376238346099854,3.0
1543,0.0,0.0,1.0,0.0,0.0,0.0,0.5202433466911316,0.5229094624519348,0.5356355309486389,0.48150816559791565,0.48934903740882874,0.4842625558376312,2.0
1544,1.0,1.0,0.0,0.0,1.0,0.0,0.520520031452179,0.5231462121009827,0.5354695916175842,0.4818061888217926,0.49001631140708923,0.48422789573669434,4.0
1545,0.0,0.0,0.0,0.0,0.0,0.0,0.5206807851791382,0.5232382416725159,0.5354436635971069,0.4815253019332886,0.4889766573905945,0.48393216729164124,3.0
1546,1.0,1.0,1.0,1.0,1.0,1.0,0.5566189289093018,0.5111730694770813,0.4974297881126404,0.49541977047920227,0.496182382106781,0.4896981716156006,1.0
1547,0.0,0.0,1.0,1.0,0.0,0.0,0.5203713774681091,0.5230625867843628,0.5357316732406616,0.4816732704639435,0.48947882652282715,0.48438507318496704,2.0
1548,0.0,0.0,0.0,0.0,0.0,0.0,0.5201963186264038,0.5228886008262634,0.5355881452560425,0.4814610779285431,0.48931026458740234,0.48423901200294495,2.0
1549,1.0,1.0,1.0,1.0,1.0,1.0,0.5205977559089661,0.523363471031189,0.5358976125717163,0.48191186785697937,0.489674836397171,0.4845905900001526,2.0
1550,0.0,0.0,0.0,0.0,0.0,0.0,0.5288525819778442,0.4974154531955719,0.5257337689399719,0.4906110465526581,0.48523473739624023,0.49368834495544434,0.0
1551,1.0,1.0,0.0,0.0,1.0,0.0,0.5203903913497925,0.5230778455734253,0.5357840061187744,0.48169827461242676,0.48951584100723267,0.4844118356704712,2.0
1552,0.0,0.0,0.0,1.0,0.0,0.0,0.5561555027961731,0.5105586647987366,0.4969310760498047,0.49485817551612854,0.495730459690094,0.4891434609889984,1.0
1553,0.0,0.0,0.0,0.0,0.0,0.0,0.5289048552513123,0.4974682331085205,0.5257856845855713,0.4906787872314453,0.48529312014579773,0.4937566816806793,0.0
1554,1.0,1.0,1.0,1.0,1.0,1.0,0.5202624201774597,0.5229762196540833,0.5356394648551941,0.48156100511550903,0.4893541634082794,0.48427340388298035,2.0
1555,0.0,0.0,0.0,0.0,0.0,0.0,0.5291546583175659,0.4977993965148926,0.5260453820228577,0.49097830057144165,0.48557257652282715,0.4940192997455597,0.0
1556,1.0,1.0,1.0,1.0,1.0,1.0,0.5207104086875916,0.5232378244400024,0.5355018377304077,0.4815634489059448,0.48903888463974,0.48394617438316345,3.0
1557,0.0,0.0,0.0,0.0,0.0,0.0,0.528888463973999,0.49745887517929077,0.5257912278175354,0.4906734824180603,0.48527151346206665,0.4937608540058136,0.0
1558,1.0,1.0,0.0,1.0,1.0,1.0,0.5289487242698669,0.4975356459617615,0.5258161425590515,0.4907207489013672,0.485332190990448,0.4937787652015686,0.0
1559,1.0,1.0,0.0,1.0,1.0,1.0,0.5204803347587585,0.5229517817497253,0.5352752804756165,0.4812732934951782,0.4887804090976715,0.48368433117866516,3.0
1560,1.0,0.0,0.0,0.0,1.0,0.0,0.5203359723091125,0.5230146050453186,0.5357010960578918,0.48162156343460083,0.48940882086753845,0.48433440923690796,2.0
1561,0.0,1.0,1.0,1.0,1.0,1.0,0.5562428832054138,0.5106620788574219,0.49702924489974976,0.4949636459350586,0.4958103895187378,0.48927122354507446,1.0
1562,1.0,1.0,1.0,1.0,1.0,1.0,0.5292137861251831,0.4978558421134949,0.5260867476463318,0.49102267622947693,0.48564019799232483,0.494062602519989,0.0
1563,1.0,1.0,1.0,1.0,1.0,0.0,0.529451847076416,0.4981665015220642,0.5263024568557739,0.49127644300460815,0.4858887493610382,0.4942615032196045,0.0
1564,0.0,0.0,0.0,0.0,0.0,0.0,0.520444393157959,0.5229005217552185,0.535246729850769,0.48121514916419983,0.4887492060661316,0.48365387320518494,3.0
1565,0.0,0.0,0.0,0.0,0.0,0.0,0.5562088489532471,0.5106403827667236,0.4969736337661743,0.494925320148468,0.4957398772239685,0.48921141028404236,1.0
1566,1.0,1.0,0.0,1.0,1.0,0.0,0.5207558870315552,0.5234664678573608,0.5356923937797546,0.48214390873908997,0.49025601148605347,0.4844713509082794,4.0
1567,0.0,1.0,1.0,0.0,0.0,1.0,0.5207173228263855,0.5232714414596558,0.5355026721954346,0.4815711975097656,0.48901599645614624,0.4839620590209961,3.0
1568,0.0,0.0,0.0,0.0,0.0,0.0,0.520514190196991,0.5229709148406982,0.5353052616119385,0.48128849267959595,0.48880240321159363,0.483706533908844,3.0
1569,0.0,0.0,0.0,0.0,0.0,0.0,0.5206184387207031,0.5232909321784973,0.5355579853057861,0.48195788264274597,0.49010351300239563,0.4843176305294037,4.0
1570,1.0,1.0,1.0,1.0,1.0,0.0,0.5207177996635437,0.5232682824134827,0.5354984998703003,0.48156970739364624,0.48903846740722656,0.4839644432067871,3.0
1571,1.0,1.0,1.0,1.0,1.0,1.0,0.5206400752067566,0.5233239531517029,0.5355941653251648,0.4819938838481903,0.4901464879512787,0.4843660593032837,4.0
1572,0.0,0.0,1.0,0.0,0.0,1.0,0.5562292337417603,0.5106618404388428,0.4970513880252838,0.4949462413787842,0.49585598707199097,0.48923322558403015,1.0
1573,0.0,0.0,0.0,0.0,0.0,0.0,0.5562015175819397,0.5106157660484314,0.4969688057899475,0.49491679668426514,0.4957309365272522,0.4892042279243469,1.0
1574,1.0,1.0,1.0,1.0,1.0,0.0,0.5207707285881042,0.5234341025352478,0.5357179641723633,0.482129842042923,0.49028319120407104,0.4844834506511688,4.0
1575,1.0,1.0,1.0,1.0,1.0,1.0,0.529362142086029,0.49803856015205383,0.5262172222137451,0.4911825358867645,0.48580777645111084,0.4941994249820709,0.0
1576,1.0,1.0,1.0,1.0,1.0,1.0,0.5207342505455017,0.5234544277191162,0.5356625914573669,0.4821023643016815,0.49021464586257935,0.48444896936416626,4.0
1577,1.0,1.0,1.0,1.0,1.0,1.0,0.5208267569541931,0.5233916640281677,0.5356045961380005,0.48171743750572205,0.4891536831855774,0.4840799570083618,3.0
1578,0.0,0.0,1.0,1.0,0.0,0.0,0.5563794374465942,0.510871410369873,0.49722397327423096,0.4951266050338745,0.4960227608680725,0.48942434787750244,1.0
1579,0.0,0.0,0.0,0.0,0.0,0.0,0.5205956697463989,0.5232739448547363,0.535540759563446,0.48192986845970154,0.49008530378341675,0.4842914044857025,4.0
1580,1.0,1.0,1.0,1.0,1.0,0.0,0.5561973452568054,0.5106218457221985,0.49699509143829346,0.49490803480148315,0.49581295251846313,0.48919200897216797,1.0
1581,1.0,1.0,0.0,0.0,1.0,0.0,0.5290732979774475,0.4976780414581299,0.5259345769882202,0.49085569381713867,0.4854688346385956,0.4939165711402893,0.0
1582,1.0,1.0,0.0,0.0,1.0,0.0,0.5562041401863098,0.5106188654899597,0.49700555205345154,0.4949377477169037,0.4957839548587799,0.4892089068889618,1.0
1583,1.0,1.0,0.0,0.0,1.0,0.0,0.556190550327301,0.5105780363082886,0.49694815278053284,0.49489110708236694,0.49574393033981323,0.4891742169857025,1.0
1584,1.0,1.0,0.0,0.0,1.0,0.0,0.5204930305480957,0.5231990218162537,0.5354187488555908,0.48182129859924316,0.48998522758483887,0.4842173159122467,4.0
1585,0.0,0.0,0.0,0.0,0.0,0.0,0.520599365234375,0.5232938528060913,0.5355432629585266,0.4819357395172119,0.49010133743286133,0.48431551456451416,4.0
1586,0.0,0.0,0.0,0.0,0.0,0.0,0.5564123392105103,0.5108959674835205,0.4971945583820343,0.4951854646205902,0.4959547817707062,0.489462673664093,1.0
1587,1.0,1.0,1.0,1.0,1.0,1.0,0.5564751029014587,0.5109431743621826,0.49724188446998596,0.4952504634857178,0.4960251748561859,0.48951470851898193,1.0
1588,0.0,0.0,0.0,0.0,1.0,0.0,0.5288388729095459,0.49740147590637207,0.5257242321968079,0.49060744047164917,0.48522236943244934,0.4936835765838623,0.0
1589,1.0,1.0,1.0,1.0,1.0,0.0,0.5209437012672424,0.5234801173210144,0.5357500910758972,0.48181426525115967,0.489263117313385,0.4842044711112976,3.0
1590,0.0,0.0,0.0,0.0,0.0,0.0,0.5203544497489929,0.5229524970054626,0.5353092551231384,0.4816015064716339,0.48983079195022583,0.4840151071548462,4.0
1591,1.0,1.0,1.0,1.0,1.0,1.0,0.5291488170623779,0.4978330135345459,0.526023805141449,0.49098441004753113,0.4855797588825226,0.493981271982193,0.0
1592,0.0,0.0,0.0,0.0,0.0,0.0,0.5205078721046448,0.5229517817497253,0.535287082195282,0.4812777638435364,0.488796204328537,0.4836738407611847,3.0
1593,1.0,1.0,0.0,0.0,1.0,0.0,0.5290347933769226,0.4976787269115448,0.5258979201316833,0.4908369779586792,0.4854516386985779,0.49385109543800354,0.0
1594,1.0,1.0,0.0,0.0,1.0,0.0,0.5207379460334778,0.5232656002044678,0.5354762673377991,0.48157936334609985,0.4890243411064148,0.48394379019737244,3.0
1595,0.0,0.0,0.0,0.0,0.0,0.0,0.5203951597213745,0.5229856967926025,0.535377025604248,0.4816451966762543,0.4899066090583801,0.48408257961273193,4.0
1596,0.0,0.0,0.0,0.0,0.0,0.0,0.5204152464866638,0.5230391025543213,0.5353527069091797,0.48168280720710754,0.489896297454834,0.4840741455554962,4.0
1597,0.0,0.0,0.0,0.0,0.0,0.0,0.5288674235343933,0.4974554479122162,0.5257772207260132,0.49066057801246643,0.48527705669403076,0.49374115467071533,0.0
1598,1.0,1.0,0.0,0.0,1.0,0.0,0.5205491185188293,0.5230177640914917,0.5353533625602722,0.4813472032546997,0.4888688921928406,0.48377957940101624,3.0
1599,0.0,0.0,0.0,0.0,0.0,0.0,0.5204898715019226,0.5229461193084717,0.535311758518219,0.4812853932380676,0.4887990951538086,0.48368510603904724,3.0
1600,1.0,1.0,0.0,0.0,1.0,0.0,0.5290902256965637,0.49772581458091736,0.5259849429130554,0.4909248650074005,0.4855126440525055,0.4939667284488678,0.0
1601,1.0,1.0,0.0,0.0,1.0,0.0,0.528947114944458,0.4975454807281494,0.5258108973503113,0.49073532223701477,0.48532143235206604,0.49378910660743713,0.0
1602,0.0,1.0,1.0,1.0,1.0,0.0,0.5205612778663635,0.523222029209137,0.5355359315872192,0.4819038212299347,0.4900580644607544,0.4842706620693207,4.0
1603,1.0,1.0,0.0,0.0,1.0,0.0,0.5290305614471436,0.4976379871368408,0.5259155631065369,0.4908316731452942,0.4854348301887512,0.49387556314468384,0.0
1604,0.0,0.0,0.0,0.0,0.0,0.0,0.5561073422431946,0.5105358958244324,0.4969177544116974,0.494839072227478,0.4957681894302368,0.4890991449356079,1.0
1605,0.0,0.0,0.0,0.0,0.0,0.0,0.5561136603355408,0.5105013847351074,0.4969047009944916,0.494808554649353,0.4957152307033539,0.4890995919704437,1.0
1606,1.0,1.0,1.0,1.0,1.0,1.0,0.520760715007782,0.5234578251838684,0.5356975793838501,0.4821372628211975,0.4902505874633789,0.48448455333709717,4.0
1607,1.0,1.0,1.0,1.0,1.0,0.0,0.5289972424507141,0.49760687351226807,0.525873064994812,0.49080681800842285,0.48540759086608887,0.4938581883907318,0.0
1608,1.0,1.0,0.0,0.0,0.0,0.0,0.5203512907028198,0.5230286717414856,0.5357182025909424,0.48163822293281555,0.4894499182701111,0.4843379855155945,2.0
1609,1.0,1.0,1.0,0.0,0.0,0.0,0.5207558870315552,0.523497462272644,0.535672664642334,0.4821447432041168,0.4902585446834564,0.4844726026058197,4.0
1610,1.0,1.0,0.0,0.0,1.0,0.0,0.5291033983230591,0.4977246820926666,0.5259948968887329,0.49093136191368103,0.4855310320854187,0.4939638078212738,0.0
1611,0.0,0.0,0.0,0.0,0.0,0.0,0.5205591320991516,0.5230177044868469,0.5353690981864929,0.4813493490219116,0.48886290192604065,0.48375073075294495,3.0
1612,1.0,1.0,0.0,0.0,0.0,0.0,0.5563579797744751,0.5108707547187805,0.4971861243247986,0.4951418936252594,0.4959450960159302,0.48942822217941284,1.0
1613,1.0,1.0,1.0,1.0,1.0,1.0,0.5291414260864258,0.49778905510902405,0.5260090231895447,0.49097487330436707,0.48556122183799744,0.493986040353775,0.0
1614,1.0,1.0,0.0,1.0,1.0,0.0,0.5564238429069519,0.5109385251998901,0.4972594678401947,0.4951944649219513,0.49603983759880066,0.48949775099754333,1.0
1615,0.0,1.0,1.0,1.0,0.0,1.0,0.5291799902915955,0.49778884649276733,0.5260351896286011,0.490972101688385,0.48559898138046265,0.49402618408203125,0.0
1616,1.0,1.0,0.0,0.0,0.0,0.0,0.5292697548866272,0.4979248046875,0.5261225700378418,0.49107131361961365,0.48568862676620483,0.49411627650260925,0.0
1617,0.0,0.0,0.0,0.0,0.0,0.0,0.5208770632743835,0.5234242081642151,0.5356633067131042,0.48178261518478394,0.4891943037509918,0.48413699865341187,3.0
1618,1.0,1.0,0.0,0.0,1.0,0.0,0.5290696024894714,0.49767884612083435,0.5259489417076111,0.490851491689682,0.4854729175567627,0.4939468204975128,0.0
1619,1.0,1.0,1.0,1.0,1.0,1.0,0.5294381976127625,0.4981539249420166,0.5262841582298279,0.49124374985694885,0.48588019609451294,0.49425286054611206,0.0
1620,1.0,1.0,1.0,1.0,1.0,1.0,0.5565326809883118,0.5110505223274231,0.4973595142364502,0.4953134059906006,0.4961165189743042,0.48959723114967346,1.0
1621,1.0,1.0,1.0,1.0,1.0,1.0,0.5207675695419312,0.5233091711997986,0.5355498790740967,0.4816247224807739,0.4890936613082886,0.4840172231197357,3.0
1622,1.0,1.0,1.0,1.0,1.0,1.0,0.5208643674850464,0.523574948310852,0.5357937216758728,0.48225557804107666,0.49037259817123413,0.484585165977478,4.0
1623,0.0,1.0,1.0,1.0,1.0,1.0,0.5294128656387329,0.49811574816703796,0.5262526273727417,0.49122142791748047,0.48584356904029846,0.49420976638793945,0.0
1624,1.0,1.0,1.0,1.0,1.0,1.0,0.529305100440979,0.49800437688827515,0.526175320148468,0.49112480878829956,0.48576095700263977,0.49412867426872253,0.0
1625,1.0,1.0,1.0,1.0,1.0,1.0,0.5204110741615295,0.523101806640625,0.5357587933540344,0.48169419169425964,0.48951563239097595,0.4844118356704712,2.0
1626,1.0,1.0,0.0,0.0,1.0,0.0,0.5205067992210388,0.5229953527450562,0.5353044271469116,0.48130157589912415,0.4887945055961609,0.48371607065200806,3.0
1627,0.0,0.0,0.0,0.0,0.0,0.0,0.5205078721046448,0.5231274962425232,0.5354563593864441,0.48178261518478394,0.49001753330230713,0.4841945171356201,4.0
1628,1.0,1.0,1.0,0.0,1.0,0.0,0.5208500623703003,0.5233720541000366,0.5356349349021912,0.481709361076355,0.4891764521598816,0.484091192483902,3.0
1629,0.0,0.0,0.0,0.0,0.0,0.0,0.5562172532081604,0.5106651782989502,0.49701085686683655,0.4949278235435486,0.4958162009716034,0.4892394244670868,1.0
1630,0.0,0.0,0.0,0.0,0.0,0.0,0.5204766392707825,0.5231423377990723,0.5354090929031372,0.4817604720592499,0.4899318814277649,0.4841606318950653,4.0
1631,0.0,0.0,0.0,0.0,1.0,0.0,0.5205014944076538,0.5230885148048401,0.5354341268539429,0.48176246881484985,0.4899800717830658,0.48416054248809814,4.0
1632,1.0,1.0,1.0,1.0,1.0,1.0,0.5561853051185608,0.5105997920036316,0.4969586431980133,0.494880348443985,0.4957691431045532,0.489166796207428,1.0
1633,0.0,0.0,0.0,0.0,0.0,0.0,0.5204602479934692,0.522926390171051,0.5352659821510315,0.4812350273132324,0.4887438714504242,0.4836514890193939,3.0
1634,1.0,1.0,0.0,0.0,1.0,0.0,0.5209161639213562,0.523464560508728,0.5356781482696533,0.48180896043777466,0.48922669887542725,0.4841548204421997,3.0
1635,1.0,1.0,1.0,1.0,1.0,1.0,0.5209563374519348,0.5235908627510071,0.5356736779212952,0.48188650608062744,0.4893036484718323,0.4842122793197632,3.0
1636,1.0,1.0,0.0,0.0,0.0,0.0,0.5204517841339111,0.523169219493866,0.5358100533485413,0.4817705452442169,0.4895537197589874,0.4844682216644287,2.0
1637,0.0,0.0,0.0,0.0,1.0,0.0,0.5561345815658569,0.51050865650177,0.49690771102905273,0.4948175251483917,0.4957556426525116,0.4891034960746765,1.0
1638,1.0,1.0,1.0,1.0,1.0,0.0,0.5206601619720459,0.5233685970306396,0.5356135368347168,0.4820178151130676,0.49016711115837097,0.4844042658805847,4.0
1639,0.0,0.0,0.0,0.0,0.0,0.0,0.528894305229187,0.49747031927108765,0.5257840156555176,0.49066781997680664,0.4852886199951172,0.4937662184238434,0.0
1640,0.0,0.0,0.0,0.0,0.0,0.0,0.5201677680015564,0.5227572917938232,0.5355545282363892,0.4813947081565857,0.4892682433128357,0.4841662347316742,2.0
1641,1.0,1.0,0.0,0.0,1.0,0.0,0.5205475687980652,0.5230436325073242,0.5353422164916992,0.48135367035865784,0.48883381485939026,0.4837626516819,3.0
1642,0.0,0.0,0.0,0.0,0.0,0.0,0.528948187828064,0.49753162264823914,0.5258119106292725,0.49071821570396423,0.48534107208251953,0.49380433559417725,0.0
1643,1.0,1.0,0.0,1.0,1.0,1.0,0.5209124684333801,0.5234536528587341,0.5356538891792297,0.481808066368103,0.4891985356807709,0.4841458201408386,3.0
1644,1.0,1.0,0.0,0.0,1.0,0.0,0.5204528570175171,0.523106038570404,0.5353944301605225,0.48171719908714294,0.48993876576423645,0.48414912819862366,4.0
1645,0.0,0.0,0.0,0.0,0.0,0.0,0.5206448435783386,0.523156464099884,0.5354567170143127,0.4814862310886383,0.48895785212516785,0.48386093974113464,3.0
1646,1.0,1.0,1.0,1.0,1.0,1.0,0.5202121734619141,0.5228453278541565,0.5356126427650452,0.4814590811729431,0.4893142580986023,0.4842369854450226,2.0
1647,1.0,1.0,0.0,1.0,1.0,0.0,0.5206956267356873,0.5233438611030579,0.5356774926185608,0.4820178151130676,0.4901978075504303,0.48442065715789795,4.0
1648,1.0,1.0,1.0,1.0,1.0,1.0,0.5207300186157227,0.523240327835083,0.5355232357978821,0.4815708100795746,0.4890568256378174,0.4839687943458557,3.0
1649,1.0,1.0,1.0,1.0,1.0,1.0,0.5202354192733765,0.5228708386421204,0.5356495976448059,0.48147517442703247,0.4893559515476227,0.48427921533584595,2.0
1650,1.0,1.0,1.0,1.0,1.0,1.0,0.5203930735588074,0.5230913162231445,0.5357543230056763,0.4816797077655792,0.48950865864753723,0.48440802097320557,2.0
1651,1.0,1.0,0.0,0.0,0.0,0.0,0.5207136273384094,0.5234132409095764,0.5356187224388123,0.48205626010894775,0.4901953935623169,0.48441606760025024,4.0
1652,1.0,1.0,1.0,1.0,1.0,1.0,0.5208231210708618,0.5234030485153198,0.5356108546257019,0.4817178249359131,0.4891583025455475,0.48408326506614685,3.0
1653,1.0,1.0,1.0,1.0,1.0,0.0,0.5291931629180908,0.49783313274383545,0.5260711908340454,0.4910171627998352,0.48563352227211,0.4940713346004486,0.0
1654,1.0,1.0,0.0,0.0,1.0,0.0,0.5290347933769226,0.49764642119407654,0.5259013175964355,0.4908515512943268,0.4854374825954437,0.49391356110572815,0.0
1655,0.0,0.0,0.0,0.0,0.0,0.0,0.5560660362243652,0.5104660987854004,0.49687525629997253,0.4947642982006073,0.495690256357193,0.4890453815460205,1.0
1656,1.0,1.0,0.0,0.0,1.0,0.0,0.5563710331916809,0.5108509063720703,0.49719667434692383,0.4951234459877014,0.495972216129303,0.4894009828567505,1.0
1657,1.0,1.0,0.0,0.0,0.0,0.0,0.5205962061882019,0.523288905620575,0.5355530977249146,0.48196110129356384,0.49011749029159546,0.48431506752967834,4.0
1658,0.0,0.0,0.0,0.0,0.0,0.0,0.5206369161605835,0.5231595039367676,0.5354230999946594,0.4814850687980652,0.48894765973091125,0.4838690161705017,3.0
1659,1.0,1.0,1.0,1.0,1.0,1.0,0.5564144253730774,0.5109071731567383,0.4972027540206909,0.4951886236667633,0.4959409534931183,0.48946067690849304,1.0
1660,1.0,1.0,1.0,1.0,1.0,1.0,0.5565734505653381,0.5111232995986938,0.4973992109298706,0.4953756332397461,0.49614956974983215,0.489650160074234,1.0
1661,1.0,1.0,1.0,1.0,1.0,1.0,0.5291234850883484,0.4977596402168274,0.5259826183319092,0.4909311830997467,0.4855739176273346,0.49397730827331543,0.0
1662,1.0,1.0,1.0,1.0,1.0,0.0,0.5291435122489929,0.49776118993759155,0.5260425806045532,0.49097567796707153,0.4855884313583374,0.494022935628891,0.0
1663,0.0,0.0,0.0,0.0,0.0,0.0,0.5289154648780823,0.49748629331588745,0.5257924199104309,0.49068859219551086,0.4853271543979645,0.4937984049320221,0.0
1664,0.0,0.0,0.0,0.0,0.0,0.0,0.5562046766281128,0.5106152296066284,0.49696603417396545,0.4949178397655487,0.4957592785358429,0.48919641971588135,1.0
1665,1.0,1.0,1.0,1.0,1.0,1.0,0.5564599633216858,0.5109598636627197,0.49728551506996155,0.4952561557292938,0.49606528878211975,0.489521324634552,1.0
1666,0.0,0.0,0.0,0.0,0.0,0.0,0.5205692052841187,0.5232563614845276,0.535510778427124,0.4819149672985077,0.49008074402809143,0.48427245020866394,4.0
1667,0.0,0.0,0.0,0.0,0.0,0.0,0.5288694500923157,0.4974328577518463,0.5257508158683777,0.49063658714294434,0.48525094985961914,0.49374011158943176,0.0
1668,1.0,1.0,1.0,1.0,0.0,1.0,0.5291752219200134,0.4978099763393402,0.5260767340660095,0.49100250005722046,0.4856083393096924,0.4940500259399414,0.0
1669,1.0,1.0,0.0,0.0,0.0,0.0,0.5202137231826782,0.5228478908538818,0.5356101393699646,0.48144304752349854,0.48931044340133667,0.48423710465431213,2.0
1670,0.0,0.0,0.0,0.0,0.0,0.0,0.5205760598182678,0.5232471227645874,0.5355494022369385,0.4819294214248657,0.49008244276046753,0.4842968285083771,4.0
1671,1.0,1.0,1.0,1.0,1.0,1.0,0.5208505988121033,0.523396372795105,0.5356385707855225,0.48172861337661743,0.48916521668434143,0.484088271856308,3.0
1672,1.0,1.0,0.0,1.0,1.0,0.0,0.5208876729011536,0.5236717462539673,0.5357796549797058,0.48230963945388794,0.490408331155777,0.48462486267089844,4.0
1673,0.0,0.0,0.0,0.0,0.0,0.0,0.5205131769180298,0.5229870080947876,0.535288393497467,0.4813033938407898,0.4888116419315338,0.4837159514427185,3.0
