,True_EFV,True_NVP,True_ETR,True_RPV,Pred_Proba_EFV,Pred_Proba_NVP,Pred_Proba_ETR,Pred_Proba_RPV,kFolds
0,0.0,0.0,,,0.0021626921370625496,0.022490713745355606,0.007768735289573669,0.0077407872304320335,3.0
1,0.0,0.0,,,0.007185681723058224,0.02484283782541752,0.015525171533226967,0.004300989210605621,4.0
2,0.0,0.0,,,0.0055954973213374615,0.017715515568852425,0.021893233060836792,0.007872264832258224,1.0
3,0.0,0.0,,,0.0018543965416029096,0.01922481879591942,0.002825042698532343,0.004449659492820501,2.0
4,0.0,0.0,,,0.011785397306084633,0.02852068468928337,0.11254174262285233,0.006216907873749733,4.0
5,0.0,0.0,,,0.003213105257600546,0.01617046631872654,0.005377423018217087,0.007121708244085312,2.0
6,0.0,0.0,,,0.0026262206956744194,0.019757354632019997,0.008756603114306927,0.005989970173686743,2.0
7,1.0,1.0,,,0.9059523940086365,0.563296914100647,0.6514050960540771,0.9304332137107849,3.0
8,1.0,1.0,,,0.48892712593078613,0.9585297703742981,0.5430850982666016,0.8644856214523315,1.0
9,1.0,1.0,,,0.9935680627822876,0.9952338933944702,0.07516553997993469,0.009672850370407104,3.0
10,0.0,1.0,,,0.013088559731841087,0.4528489410877228,0.011222907342016697,0.00384502112865448,2.0
11,0.0,1.0,,,0.0024971910752356052,0.03222975134849548,0.021674126386642456,0.007590844761580229,3.0
12,1.0,1.0,,,0.37945690751075745,0.98863685131073,0.7539445757865906,0.7472732663154602,2.0
13,1.0,1.0,,,0.9937902688980103,0.9717006683349609,0.07667667418718338,0.9694936275482178,1.0
14,1.0,1.0,,,0.854731023311615,0.9827512502670288,0.008038537576794624,0.007512992713600397,2.0
15,1.0,1.0,,,0.9874926805496216,0.9787700176239014,0.11646577715873718,0.02512277476489544,1.0
16,1.0,1.0,,,0.9690666198730469,0.9943419694900513,0.3924911618232727,0.01449650526046753,4.0
17,1.0,1.0,,,0.9968448877334595,0.9933912754058838,0.38750287890434265,0.019057409837841988,4.0
18,1.0,1.0,,,0.9934070706367493,0.9998595714569092,0.8877972960472107,0.7700842618942261,0.0
19,1.0,1.0,,,0.9974337220191956,0.9993853569030762,0.1610274314880371,0.005187466274946928,4.0
20,1.0,1.0,,,0.8103575110435486,0.5897959470748901,0.6215885281562805,0.8683958053588867,1.0
21,1.0,1.0,,,0.7945107221603394,0.9963377714157104,0.9579179286956787,0.7364588379859924,4.0
22,1.0,1.0,,,0.992871105670929,0.9937685132026672,0.4812011122703552,0.006165376864373684,4.0
23,1.0,1.0,,,0.8775935173034668,0.9724566340446472,0.021457895636558533,0.015817083418369293,0.0
24,1.0,1.0,,,0.9862898588180542,0.9794549345970154,0.010872997343540192,0.009642498567700386,2.0
25,1.0,1.0,,,0.030812973156571388,0.09898484498262405,0.011596393771469593,0.008433322422206402,0.0
26,1.0,1.0,,,0.9760331511497498,0.97212815284729,0.009903299622237682,0.008094615302979946,2.0
27,1.0,1.0,,,0.885680615901947,0.9836137890815735,0.033019859343767166,0.010001772083342075,3.0
28,1.0,1.0,,,0.9571991562843323,0.9978509545326233,0.28758925199508667,0.014362476766109467,3.0
29,1.0,1.0,,,0.9302367568016052,0.9995853304862976,0.7948947548866272,0.7596079707145691,0.0
30,0.0,1.0,,,0.0905410498380661,0.234395369887352,0.08678867667913437,0.01641564629971981,1.0
31,1.0,1.0,,,0.8888956308364868,0.8824818134307861,0.01516545470803976,0.007488051429390907,2.0
32,1.0,1.0,,,0.006995747797191143,0.1742641180753708,0.08548294007778168,0.009327325038611889,1.0
33,0.0,1.0,,,0.009529306553304195,0.09093862026929855,0.021334698423743248,0.008545937016606331,3.0
34,1.0,1.0,,,0.9914513826370239,0.9969832897186279,0.067400261759758,0.005822038743644953,4.0
35,0.0,0.0,,,0.006595720537006855,0.029574062675237656,0.2035807967185974,0.0039001000113785267,4.0
36,1.0,1.0,,,0.994461178779602,0.9824400544166565,0.42422640323638916,0.972969651222229,3.0
37,1.0,1.0,,,0.9993997812271118,0.9990831017494202,0.13364236056804657,0.9728081822395325,1.0
38,0.0,0.0,,,0.0030201002955436707,0.019436489790678024,0.01408990565687418,0.015067623928189278,3.0
39,1.0,1.0,,,0.9915481209754944,0.9880426526069641,0.06682679802179337,0.023311367258429527,1.0
40,1.0,1.0,,,0.4949129819869995,0.9968090653419495,0.8794385194778442,0.6580151319503784,3.0
41,1.0,1.0,,,0.9990584850311279,0.9977658987045288,0.8555579781532288,0.9685723185539246,2.0
42,1.0,1.0,,,0.9950389862060547,0.9917348623275757,0.12084497511386871,0.015254732221364975,3.0
43,0.0,0.0,,,0.005850197281688452,0.019816072657704353,0.008478539064526558,0.007713432423770428,1.0
44,0.0,0.0,,,0.0025031249970197678,0.020601071417331696,0.005197433289140463,0.010246367193758488,0.0
45,1.0,1.0,,,0.025959959253668785,0.10065647214651108,0.13823819160461426,0.10954882204532623,1.0
46,0.0,0.0,,,0.0061059449799358845,0.02716105245053768,0.03318591043353081,0.0038396958261728287,4.0
47,0.0,0.0,,,0.0025057264138013124,0.019728219136595726,0.028743088245391846,0.007963209412992,3.0
48,0.0,0.0,,,0.002301011001691222,0.029323767870664597,0.010553773492574692,0.007896358147263527,0.0
49,1.0,1.0,,,0.6281064748764038,0.7541345953941345,0.7245336771011353,0.8878306746482849,0.0
50,0.0,0.0,,,0.07801816612482071,0.3730917274951935,0.12788589298725128,0.0038665698375552893,4.0
51,1.0,0.0,,,0.04156962409615517,0.16121965646743774,0.2019408941268921,0.008865769021213055,0.0
52,1.0,1.0,,,0.9711031913757324,0.7863752841949463,0.533352255821228,0.9075497388839722,3.0
53,0.0,0.0,,,0.008725103922188282,0.018927637487649918,0.06046297401189804,0.012066665105521679,1.0
54,0.0,0.0,,,0.0035789115354418755,0.04067033529281616,0.04732963815331459,0.00475664995610714,2.0
55,0.0,0.0,0.0,0.0,0.0026134904474020004,0.0282413512468338,0.32711082696914673,0.00770459184423089,3.0
56,0.0,0.0,0.0,0.0,0.0019478353206068277,0.03074231557548046,0.2763114869594574,0.009802487678825855,0.0
57,0.0,0.0,0.0,0.0,0.0025847903452813625,0.024295616894960403,0.3114774227142334,0.007646886631846428,3.0
58,0.0,0.0,0.0,0.0,0.0011197091080248356,0.015513841062784195,0.013205920346081257,0.0035676590632647276,2.0
59,0.0,0.0,0.0,0.0,0.0021892618387937546,0.015050615184009075,0.00886831246316433,0.00742914155125618,1.0
60,0.0,0.0,0.0,0.0,0.002271798672154546,0.01640334166586399,0.006186851300299168,0.007825322449207306,3.0
61,1.0,1.0,0.0,0.0,0.9595541954040527,0.9933601021766663,0.3116317391395569,0.09144893288612366,3.0
62,1.0,1.0,1.0,0.0,0.4870487451553345,0.994665265083313,0.6466808319091797,0.6524068117141724,3.0
63,0.0,0.0,0.0,0.0,0.0026920645032078028,0.021383769810199738,0.001984274946153164,0.008407012559473515,1.0
64,1.0,1.0,0.0,0.0,0.9903272986412048,0.9918489456176758,0.013543251901865005,0.0057802931405603886,4.0
65,1.0,1.0,0.0,0.0,0.994831383228302,0.9998421669006348,0.7196494340896606,0.8443785905838013,0.0
66,0.0,0.0,0.0,0.0,0.026108909398317337,0.09179390966892242,0.05965767428278923,0.012993614189326763,2.0
67,,,0.0,,0.0018483313033357263,0.023261405527591705,0.006311171688139439,0.008761312812566757,0.0
68,,,0.0,,0.9933604001998901,0.9897406101226807,0.01596817374229431,0.01355079747736454,3.0
69,,,0.0,,0.9897750020027161,0.9598945379257202,0.015301145613193512,0.022051244974136353,0.0
70,,,0.0,,0.0018483313033357263,0.023261405527591705,0.006311171688139439,0.008761312812566757,0.0
71,,,1.0,,0.4200974106788635,0.8163596391677856,0.8275234699249268,0.9382294416427612,1.0
72,,,1.0,,0.7237278819084167,0.6774311661720276,0.8842644095420837,0.9376524686813354,2.0
73,,,1.0,,0.6990013122558594,0.7056683897972107,0.8014479875564575,0.9090499877929688,0.0
74,,,1.0,,0.74334317445755,0.7709494829177856,0.8240523338317871,0.9487508535385132,3.0
75,,,1.0,,0.74334317445755,0.7709494829177856,0.8240523338317871,0.9487508535385132,3.0
76,,,0.0,,0.9910777807235718,0.99399733543396,0.06572667509317398,0.017245372757315636,0.0
77,,,0.0,,0.9936538338661194,0.9954521059989929,0.033747054636478424,0.010296573862433434,3.0
78,,,0.0,,0.8623638153076172,0.9789985418319702,0.025294721126556396,0.020674386993050575,1.0
79,,,0.0,,0.9936538338661194,0.9954521059989929,0.033747054636478424,0.010296573862433434,3.0
80,,,0.0,,0.9936538338661194,0.9954521059989929,0.033747054636478424,0.010296573862433434,3.0
81,,,0.0,,0.9954846501350403,0.9922661185264587,0.18239077925682068,0.017727985978126526,2.0
82,,,1.0,,0.9936538338661194,0.9954521059989929,0.033747054636478424,0.010296573862433434,3.0
83,,,1.0,,0.9797512888908386,0.7668877243995667,0.6408648490905762,0.8449584245681763,1.0
84,,,1.0,,0.9888392090797424,0.8575473427772522,0.7158386707305908,0.8737477660179138,0.0
85,,,1.0,,0.9867302179336548,0.8753430843353271,0.6159908175468445,0.9510355591773987,2.0
86,,,1.0,,0.9867302179336548,0.8753430843353271,0.6159908175468445,0.9510355591773987,2.0
87,,,1.0,,0.9797512888908386,0.7668877243995667,0.6408648490905762,0.8449584245681763,1.0
88,,,0.0,,0.9391639232635498,0.5256468057632446,0.6576475501060486,0.9249972105026245,2.0
89,,,0.0,,0.8354551196098328,0.9903638362884521,0.007946161553263664,0.01039856020361185,3.0
90,,,0.0,,0.923729658126831,0.5879565477371216,0.5283428430557251,0.9439451098442078,3.0
91,,,0.0,,0.9427322745323181,0.6661439538002014,0.6055067181587219,0.9224846959114075,1.0
92,,,1.0,,0.923729658126831,0.5879565477371216,0.5283428430557251,0.9439451098442078,3.0
93,,,0.0,,0.0017399033531546593,0.017975816503167152,0.009699785150587559,0.00433430727571249,4.0
94,,,0.0,,0.0021975378040224314,0.01892094314098358,0.006172304041683674,0.008603065274655819,3.0
95,,,0.0,,0.0017399033531546593,0.017975816503167152,0.009699785150587559,0.00433430727571249,4.0
96,,,0.0,,0.04191724956035614,0.11983533203601837,0.14689937233924866,0.008925965055823326,0.0
97,,,0.0,,0.011744525283575058,0.051438890397548676,0.09585919976234436,0.009230896830558777,3.0
98,,,0.0,,0.10736165195703506,0.08126746863126755,0.08378051221370697,0.005543492268770933,4.0
99,,,0.0,,0.04191724956035614,0.11983533203601837,0.14689937233924866,0.008925965055823326,0.0
100,,,0.0,,0.8540124297142029,0.9676488041877747,0.00868313666433096,0.01708986982703209,0.0
101,,,0.0,,0.08854933828115463,0.027410641312599182,0.20171144604682922,0.010788350366055965,1.0
102,,,1.0,,0.4671712815761566,0.9933362007141113,0.8621872067451477,0.6428816318511963,3.0
103,,,1.0,,0.3840290307998657,0.9930527210235596,0.914813756942749,0.8177902698516846,4.0
104,,,1.0,,0.4671712815761566,0.9933362007141113,0.8621872067451477,0.6428816318511963,3.0
105,,,1.0,,0.29425671696662903,0.9967976212501526,0.8567264080047607,0.573829710483551,1.0
106,,,0.0,,0.8354551196098328,0.9903638362884521,0.007946161553263664,0.01039856020361185,3.0
107,,,0.0,,0.9791889190673828,0.9758207201957703,0.08092424273490906,0.027493659406900406,1.0
108,,,0.0,,0.9933604001998901,0.9897406101226807,0.01596817374229431,0.01355079747736454,3.0
109,,,0.0,,0.9897750020027161,0.9598945379257202,0.015301145613193512,0.022051244974136353,0.0
110,,,0.0,,0.9933604001998901,0.9897406101226807,0.01596817374229431,0.01355079747736454,3.0
111,,,,1.0,0.9926140904426575,0.9622225761413574,0.08694323897361755,0.967782735824585,0.0
112,,,,0.0,0.0025429551023989916,0.026293722912669182,0.34137630462646484,0.0037939297035336494,2.0
113,,,,0.0,0.0017700460739433765,0.018920021131634712,0.005230125039815903,0.0042836107313632965,2.0
114,,,,0.0,0.4507877230644226,0.9929790496826172,0.869726300239563,0.6290430426597595,3.0
115,,,,0.0,0.48892712593078613,0.9585297703742981,0.5430850982666016,0.8644856214523315,1.0
116,,,,1.0,0.22638057172298431,0.9864274263381958,0.9503875374794006,0.8183304667472839,4.0
117,,,,0.0,0.006385093554854393,0.2970029413700104,0.282890647649765,0.011645875871181488,3.0
118,,,,0.0,0.009108965285122395,0.36813127994537354,0.4368390738964081,0.009312253445386887,0.0
119,,,,0.0,0.007075208704918623,0.03228714317083359,0.33093324303627014,0.0040422361344099045,4.0
120,,,,0.0,0.9901694059371948,0.9934922456741333,0.042521264404058456,0.018907779827713966,0.0
121,,,,0.0,0.0054015773348510265,0.018733184784650803,0.05507577210664749,0.008003300055861473,1.0
122,,,,0.0,0.006595720537006855,0.029574062675237656,0.2035807967185974,0.0039001000113785267,4.0
123,,,,0.0,0.009284640662372112,0.19067123532295227,0.20998939871788025,0.009805139154195786,1.0
124,,,,1.0,0.6741250157356262,0.7227098345756531,0.7846738696098328,0.8881069421768188,0.0
125,,,,0.0,0.7313708662986755,0.7561072111129761,0.7301428318023682,0.937200129032135,3.0
126,0.0,0.0,0.0,0.0,0.06301937252283096,0.1277121603488922,0.039980895817279816,0.012335754930973053,2.0
127,1.0,1.0,1.0,1.0,0.9981532692909241,0.9727321267127991,0.82742840051651,0.8533046841621399,4.0
128,1.0,1.0,1.0,1.0,0.999167799949646,0.9993560314178467,0.7458572387695312,0.8727054595947266,0.0
129,1.0,0.0,0.0,0.0,0.9308232665061951,0.5219433903694153,0.6686434745788574,0.9257717132568359,2.0
130,1.0,1.0,0.0,0.0,0.8665434122085571,0.8007947206497192,0.20189471542835236,0.006101165898144245,4.0
131,1.0,1.0,1.0,0.0,0.9758675694465637,0.5526401996612549,0.25103577971458435,0.020883310586214066,2.0
132,1.0,0.0,0.0,0.0,0.9940654039382935,0.8942912817001343,0.8928712606430054,0.9304919242858887,3.0
133,1.0,1.0,1.0,1.0,0.9963536858558655,0.9504117965698242,0.9231695532798767,0.9192644357681274,3.0
134,0.0,1.0,1.0,1.0,0.6911812424659729,0.7876719236373901,0.7050637006759644,0.8746236562728882,0.0
135,0.0,0.0,1.0,1.0,0.002765798009932041,0.03223935514688492,0.3798809051513672,0.0082434406504035,0.0
136,0.0,0.0,1.0,1.0,0.5222381353378296,0.9636331796646118,0.596896767616272,0.8657564520835876,1.0
137,0.0,0.0,0.0,0.0,0.006845336407423019,0.15834423899650574,0.562203586101532,0.9220907092094421,3.0
138,0.0,1.0,1.0,1.0,0.6255223751068115,0.5771863460540771,0.16572721302509308,0.05909721553325653,2.0
139,0.0,,,,0.9027653932571411,0.7922160625457764,0.0638546571135521,0.007849889807403088,2.0
140,1.0,,,,0.014226207509636879,0.4630481004714966,0.008132020942866802,0.006801909301429987,2.0
141,1.0,,,,0.7856457233428955,0.8852496147155762,0.3116782605648041,0.038602471351623535,1.0
142,1.0,,,,0.6446325182914734,0.7646188139915466,0.026480337604880333,0.008005935698747635,2.0
143,0.0,,,,0.04596240073442459,0.10801908373832703,0.02341913990676403,0.008525422774255276,3.0
144,1.0,,,,0.8690692186355591,0.590894341468811,0.015780869871377945,0.008639290928840637,2.0
145,1.0,,,,0.9934515953063965,0.9790359735488892,0.1073632761836052,0.9735932350158691,3.0
146,1.0,1.0,0.0,1.0,0.997998833656311,0.9895921945571899,0.0912906602025032,0.9310899376869202,4.0
147,1.0,1.0,,,0.9977434873580933,0.9985617995262146,0.502662181854248,0.9691845178604126,2.0
148,0.0,0.0,0.0,,0.0020322860218584538,0.03261067718267441,0.009376647882163525,0.008705140091478825,2.0
149,0.0,0.0,,,0.010383754968643188,0.10423792898654938,0.012900756672024727,0.005973362363874912,4.0
150,0.0,0.0,,,0.0019993551541119814,0.01910698413848877,0.0030379267409443855,0.004498754162341356,2.0
151,0.0,0.0,,,0.0028757164254784584,0.11950089782476425,0.004261573310941458,0.00906382966786623,1.0
152,0.0,0.0,,,0.0016496586613357067,0.023016175255179405,0.007224163506180048,0.003857797011733055,2.0
153,1.0,1.0,,,0.7852500081062317,0.8230679035186768,0.009234333410859108,0.006151415873318911,4.0
154,1.0,1.0,,,0.49426549673080444,0.9871827363967896,0.4757974147796631,0.007161655463278294,4.0
155,0.0,0.0,,,0.0019379244185984135,0.02082788199186325,0.006394765339791775,0.008482536301016808,2.0
156,1.0,1.0,0.0,,0.9400367736816406,0.9834646582603455,0.03622795268893242,0.354583203792572,2.0
157,0.0,1.0,,,0.0019713782239705324,0.021431896835565567,0.008158139884471893,0.0046004909090697765,4.0
158,1.0,1.0,0.0,,0.9761444330215454,0.966759979724884,0.03919010981917381,0.0228327214717865,1.0
159,0.0,0.0,,,0.002053640317171812,0.01428217999637127,0.00340847484767437,0.00983827281743288,3.0
160,0.0,0.0,,,0.005797122605144978,0.027597038075327873,0.11601494252681732,0.008733036927878857,4.0
161,1.0,1.0,,,0.699248194694519,0.9736061096191406,0.048896707594394684,0.009442776441574097,4.0
162,1.0,1.0,1.0,,0.9974510669708252,0.9998381733894348,0.8477696776390076,0.8867018222808838,1.0
163,1.0,1.0,0.0,,0.9752060174942017,0.9998394250869751,0.5232125520706177,0.8804101943969727,0.0
164,0.0,0.0,,,0.0016407155198976398,0.030982697382569313,0.004225388169288635,0.012354303151369095,2.0
165,1.0,1.0,,,0.9898402690887451,0.9958059191703796,0.023215733468532562,0.01189090684056282,3.0
166,0.0,1.0,,,0.9927628040313721,0.9956391453742981,0.030566900968551636,0.018085118383169174,3.0
167,1.0,1.0,0.0,,0.9836738109588623,0.9879268407821655,0.06977156549692154,0.9375477433204651,2.0
168,0.0,0.0,0.0,,0.002683426719158888,0.023770436644554138,0.005132914055138826,0.01665349490940571,0.0
169,1.0,1.0,,,0.9935267567634583,0.9997034072875977,0.8398082852363586,0.699096143245697,3.0
170,0.0,0.0,0.0,,0.002540295012295246,0.025702033191919327,0.011586141772568226,0.008307491429150105,1.0
171,0.0,0.0,0.0,,0.08899585902690887,0.8862696886062622,0.24527648091316223,0.10227174311876297,2.0
172,1.0,1.0,,,0.9844214916229248,0.9997581839561462,0.6350799798965454,0.7126265168190002,3.0
173,0.0,0.0,,,0.0020410739816725254,0.1369107961654663,0.0013208817690610886,0.059994764626026154,0.0
174,0.0,0.0,,,0.0020916678477078676,0.02094060368835926,0.0010424323845654726,0.008049983531236649,0.0
175,1.0,1.0,0.0,,0.9924298524856567,0.977024257183075,0.022936159744858742,0.9787615537643433,1.0
176,1.0,1.0,,,0.9836578965187073,0.9277976155281067,0.01121465303003788,0.023779528215527534,3.0
177,0.0,0.0,,,0.003104733768850565,0.018037036061286926,0.0015696079935878515,0.05852404236793518,1.0
178,0.0,0.0,,,0.0018772912444546819,0.039338331669569016,0.002488539321348071,0.010632168501615524,0.0
179,0.0,1.0,0.0,,0.3667597472667694,0.8649392127990723,0.006147611886262894,0.17545464634895325,0.0
180,0.0,0.0,0.0,,0.004455628339201212,0.0375724732875824,0.05286598950624466,0.00611417181789875,4.0
181,1.0,1.0,,,0.9333605766296387,0.9363986253738403,0.007577560376375914,0.01056198962032795,2.0
182,1.0,1.0,,,0.9943153262138367,0.999015212059021,0.6532849073410034,0.8456072807312012,1.0
183,1.0,1.0,,,0.820436418056488,0.9887219667434692,0.11217810213565826,0.013474473729729652,3.0
184,1.0,1.0,1.0,,0.99302738904953,0.9998770952224731,0.80706787109375,0.8768947124481201,0.0
185,1.0,1.0,0.0,,0.9830336570739746,0.9529268741607666,0.012021750211715698,0.9630828499794006,0.0
186,1.0,1.0,,,0.9115322828292847,0.9922915697097778,0.05681733787059784,0.00702091958373785,4.0
187,0.0,0.0,,,0.004696607124060392,0.041543472558259964,0.03804106265306473,0.009874955751001835,1.0
188,1.0,1.0,1.0,,0.994390606880188,0.9771184921264648,0.024366067722439766,0.9709767699241638,0.0
189,0.0,0.0,0.0,0.0,0.0021673692390322685,0.03229837119579315,0.04350984841585159,0.005822391249239445,4.0
190,0.0,0.0,,,0.003134211292490363,0.08632379025220871,0.007548123132437468,0.0069623589515686035,4.0
191,0.0,0.0,0.0,,0.0019210998434573412,0.019115736708045006,0.004683919250965118,0.009163600392639637,3.0
192,0.0,0.0,0.0,,0.0024667491670697927,0.03073633462190628,0.00552845373749733,0.03169969469308853,0.0
193,0.0,0.0,0.0,,0.002026616595685482,0.025169678032398224,0.026643427088856697,0.054036106914281845,2.0
194,0.0,0.0,,,0.0031128250993788242,0.018388252705335617,0.06043320894241333,0.010432803072035313,1.0
195,0.0,0.0,0.0,,0.0012498277937993407,0.016282446682453156,0.01301633007824421,0.003630448132753372,2.0
196,1.0,1.0,,,0.9840521216392517,0.9935628771781921,0.007650305517017841,0.07475297898054123,0.0
197,0.0,0.0,,,0.002508592326194048,0.02357294037938118,0.011946502141654491,0.006381019949913025,4.0
198,1.0,1.0,,,0.9600979089736938,0.9997818470001221,0.4416724145412445,0.21743303537368774,1.0
199,1.0,1.0,,,0.693052351474762,0.5827246904373169,0.015258949249982834,0.03212640434503555,1.0
200,1.0,1.0,,,0.9942182898521423,0.9947908520698547,0.1248776987195015,0.018481889739632607,4.0
201,1.0,1.0,0.0,,0.9902936220169067,0.9975876212120056,0.019943278282880783,0.00813231896609068,4.0
202,0.0,0.0,,,0.003013275098055601,0.0227354746311903,0.002189202466979623,0.005746669601649046,4.0
203,0.0,1.0,0.0,,0.9924250841140747,0.9918121695518494,0.010818378068506718,0.07044121623039246,1.0
204,1.0,1.0,1.0,,0.9982832074165344,0.9994826316833496,0.8790866136550903,0.9803340435028076,3.0
205,1.0,1.0,,,0.9858031868934631,0.9892241358757019,0.010583870112895966,0.04404587671160698,1.0
206,1.0,1.0,1.0,,0.9965535402297974,0.9998444318771362,0.7482558488845825,0.7884988188743591,4.0
207,0.0,1.0,0.0,,0.9129054546356201,0.9672901630401611,0.00293915206566453,0.04194525256752968,1.0
208,0.0,0.0,,,0.0016548808198422194,0.022701628506183624,0.006420412100851536,0.012702342122793198,0.0
209,0.0,0.0,,,0.0072123343124985695,0.0285898819565773,0.00967511348426342,0.008775226771831512,1.0
210,1.0,1.0,,,0.9099083542823792,0.9994354844093323,0.6940693855285645,0.8704105615615845,0.0
211,0.0,1.0,0.0,,0.47929179668426514,0.984518826007843,0.3929469585418701,0.36271166801452637,0.0
212,1.0,1.0,,,0.9914654493331909,0.9941232204437256,0.007998712360858917,0.029802797362208366,0.0
213,0.0,0.0,,,0.0021744268015027046,0.0206425990909338,0.0502685010433197,0.0609297975897789,3.0
214,0.0,0.0,0.0,,0.0021958788856863976,0.014539821073412895,0.007822304032742977,0.005397618282586336,2.0
215,1.0,1.0,0.0,,0.994006335735321,0.9921141862869263,0.3830409049987793,0.021420104429125786,2.0
216,1.0,1.0,1.0,,0.9975886344909668,0.9994078278541565,0.6086702346801758,0.733995258808136,3.0
217,0.0,0.0,,,0.002780437935143709,0.10413818806409836,0.004148283042013645,0.005379615351557732,4.0
218,0.0,1.0,,,0.5551177263259888,0.9990635514259338,0.7280895709991455,0.9394994378089905,0.0
219,0.0,0.0,,,0.002377972938120365,0.055954575538635254,0.08494957536458969,0.010607998818159103,0.0
220,0.0,0.0,,,0.9686187505722046,0.9966297149658203,0.12336936593055725,0.022930137813091278,0.0
221,1.0,1.0,,,0.9907246828079224,0.999823808670044,0.6379902958869934,0.8186795115470886,1.0
222,0.0,1.0,,,0.0934758111834526,0.9898747205734253,0.8715594410896301,0.9067357182502747,1.0
223,1.0,1.0,,,0.9906864762306213,0.9954671859741211,0.03531739488244057,0.010221470147371292,3.0
224,0.0,0.0,0.0,,0.002016533399000764,0.02003929391503334,0.002739327261224389,0.004098318517208099,2.0
225,0.0,0.0,0.0,,0.0020834971219301224,0.017958030104637146,0.022652655839920044,0.005558502394706011,4.0
226,0.0,0.0,0.0,,0.001933773630298674,0.08516958355903625,0.10565192997455597,0.005080529022961855,2.0
227,0.0,0.0,0.0,,0.002009923802688718,0.022523075342178345,0.01618112064898014,0.00978999026119709,2.0
228,0.0,0.0,,,0.8667057156562805,0.8818140029907227,0.01756414957344532,0.2785736918449402,2.0
229,0.0,0.0,,,0.008358989842236042,0.11466571688652039,0.004635168239474297,0.05029188096523285,0.0
230,0.0,0.0,0.0,0.0,0.002269390970468521,0.029443277046084404,0.011372311972081661,0.02694767527282238,0.0
231,0.0,0.0,,,0.006643681321293116,0.036018308252096176,0.20064745843410492,0.0759081095457077,0.0
232,1.0,1.0,,,0.975328803062439,0.9973633885383606,0.39646950364112854,0.396769255399704,3.0
233,0.0,0.0,,,0.00560157373547554,0.03510783612728119,0.13381566107273102,0.011006919667124748,0.0
234,0.0,0.0,,,0.0030426986049860716,0.01639515534043312,0.005714253056794405,0.012455638498067856,3.0
235,0.0,0.0,0.0,,0.0028272652998566628,0.1032123863697052,0.04662616550922394,0.01421579159796238,3.0
236,1.0,,,,0.9984942674636841,0.9944251775741577,0.12317969650030136,0.9233731031417847,2.0
237,1.0,1.0,,,0.9991620779037476,0.9997187852859497,0.031253326684236526,0.060607582330703735,1.0
238,1.0,1.0,0.0,,0.9935430884361267,0.9945930242538452,0.01869109272956848,0.017603831365704536,3.0
239,1.0,1.0,0.0,,0.024607814848423004,0.4834015965461731,0.006026584655046463,0.017300918698310852,0.0
240,0.0,0.0,0.0,0.0,0.0013919112971052527,0.023041104897856712,0.007085178513079882,0.01164496224373579,0.0
241,0.0,1.0,,,0.20596280694007874,0.9485732316970825,0.6120211482048035,0.8819441795349121,4.0
242,0.0,0.0,,,0.0665370374917984,0.9179842472076416,0.4384216070175171,0.11162261664867401,2.0
243,1.0,1.0,,,0.005534361116588116,0.047968678176403046,0.03068794123828411,0.005357027519494295,2.0
244,0.0,1.0,,,0.27412116527557373,0.9895250797271729,0.8287190794944763,0.5743492841720581,1.0
245,1.0,1.0,0.0,,0.9991310834884644,0.9972730875015259,0.2671327590942383,0.9477240443229675,4.0
246,0.0,0.0,0.0,,0.0020824067760258913,0.016864227131009102,0.0033054868690669537,0.004007956013083458,4.0
247,1.0,1.0,,,0.9402859210968018,0.9779084920883179,0.04801489785313606,0.05522017925977707,0.0
248,0.0,0.0,,,0.0031370671931654215,0.034071844071149826,0.009241214953362942,0.008040200918912888,3.0
249,1.0,1.0,0.0,,0.9982271194458008,0.9992603659629822,0.7322575449943542,0.9561737179756165,3.0
250,1.0,1.0,,,0.9890232086181641,0.9995754957199097,0.9712970852851868,0.660386323928833,1.0
251,0.0,0.0,0.0,,0.7787548899650574,0.5723007917404175,0.01754104159772396,0.0322490930557251,0.0
252,1.0,1.0,,,0.9995933771133423,0.9972748756408691,0.39845529198646545,0.011697319336235523,4.0
253,0.0,0.0,0.0,,0.005314326845109463,0.026169780641794205,0.006419242359697819,0.004806710872799158,4.0
254,0.0,0.0,,,0.001639908761717379,0.024307990446686745,0.009305757470428944,0.010323229245841503,0.0
255,1.0,1.0,,,0.998301088809967,0.9998457431793213,0.9367103576660156,0.7241434454917908,3.0
256,1.0,1.0,1.0,,0.9877140522003174,0.9832330942153931,0.026420315727591515,0.9656611084938049,1.0
257,1.0,1.0,,,0.992883563041687,0.9949632883071899,0.023124029859900475,0.009767601266503334,3.0
258,0.0,0.0,,,0.0015823144931346178,0.018690994009375572,0.008721787482500076,0.00415155291557312,2.0
259,0.0,0.0,0.0,,0.0022932840511202812,0.02368123084306717,0.0012212323490530252,0.0081120440736413,0.0
260,0.0,0.0,,,0.0033295350149273872,0.0457950085401535,0.03340403363108635,0.0043546417728066444,2.0
261,0.0,0.0,0.0,,0.00442903209477663,0.03539977967739105,0.10040223598480225,0.00971490889787674,1.0
262,0.0,1.0,,,0.003440198255702853,0.13711455464363098,0.003958531189709902,0.007360660005360842,4.0
263,0.0,1.0,,,0.17845842242240906,0.9899490475654602,0.2873924970626831,0.009008579887449741,4.0
264,0.0,0.0,,,0.0023601881694048643,0.040933214128017426,0.045589033514261246,0.08953332901000977,3.0
265,0.0,0.0,,,0.003661411115899682,0.023754535242915154,0.01062534935772419,0.01887625642120838,1.0
266,1.0,1.0,0.0,0.0,0.9531803131103516,0.9967525005340576,0.15335674583911896,0.04954090714454651,1.0
267,1.0,1.0,0.0,,0.4740663468837738,0.984657883644104,0.20096240937709808,0.40047118067741394,3.0
268,1.0,1.0,0.0,,0.514875054359436,0.4887655973434448,0.47384417057037354,0.02582744136452675,4.0
269,0.0,0.0,,,0.00123943155631423,0.012734728865325451,0.00582158612087369,0.003751167794689536,2.0
270,1.0,1.0,,,0.9916343688964844,0.9896218776702881,0.01763555407524109,0.019428495317697525,1.0
271,0.0,0.0,0.0,0.0,0.0021814873907715082,0.016314374282956123,0.0021595973521471024,0.008628316223621368,1.0
272,0.0,0.0,,,0.002786777913570404,0.08487413078546524,0.042720161378383636,0.018798794597387314,1.0
273,1.0,1.0,,,0.9989669322967529,0.9991054534912109,0.5632320046424866,0.9542505145072937,1.0
274,1.0,1.0,0.0,,0.9685829877853394,0.9989919066429138,0.6978572010993958,0.9401390552520752,1.0
275,0.0,0.0,0.0,0.0,0.002816756023094058,0.02938832901418209,0.08210894465446472,0.0984332263469696,0.0
276,1.0,1.0,,,0.9943888187408447,0.993259608745575,0.004698622971773148,0.01808258891105652,2.0
277,0.0,0.0,,,0.00224861828610301,0.015423230826854706,0.06047021597623825,0.007402762770652771,1.0
278,0.0,0.0,,,0.0022164098918437958,0.020033756271004677,0.009637849405407906,0.010987700894474983,3.0
279,0.0,0.0,0.0,,0.07263749092817307,0.08655553311109543,0.025884553790092468,0.0076155164279043674,4.0
280,1.0,1.0,,,0.993928849697113,0.996159553527832,0.0765175148844719,0.03586462140083313,3.0
281,1.0,1.0,1.0,,0.9980156421661377,0.99253910779953,0.33872100710868835,0.9496771097183228,0.0
282,0.0,0.0,0.0,,0.002643503248691559,0.10767807066440582,0.002446909202262759,0.014869692735373974,0.0
283,0.0,0.0,0.0,,0.0017922292463481426,0.017274200916290283,0.0012138696620240808,0.011301116086542606,0.0
284,0.0,0.0,0.0,,0.0018794878851622343,0.02087239734828472,0.0026014107279479504,0.21523743867874146,3.0
285,0.0,1.0,,,0.0022715777158737183,0.1201128140091896,0.008193262852728367,0.003913475666195154,2.0
286,0.0,0.0,,,0.011668103747069836,0.30790045857429504,0.11808071285486221,0.37492820620536804,2.0
287,0.0,0.0,,,0.0035709585063159466,0.022202448919415474,0.0361052080988884,0.0092119500041008,1.0
288,0.0,0.0,,,0.002001234795898199,0.03277426213026047,0.010765185579657555,0.03294524550437927,2.0
289,1.0,1.0,,,0.9930554032325745,0.9970351457595825,0.02123367413878441,0.03498267009854317,0.0
290,0.0,0.0,,,0.0024016150273382664,0.037182021886110306,0.09259258210659027,0.0078620295971632,0.0
291,1.0,1.0,,,0.9864633083343506,0.9957456588745117,0.09479072690010071,0.021354712545871735,2.0
292,0.0,0.0,0.0,,0.0022453241981565952,0.016769055277109146,0.0074712783098220825,0.006286416202783585,1.0
293,1.0,1.0,0.0,,0.9749003052711487,0.9897980093955994,0.06709133088588715,0.009392567910254002,4.0
294,1.0,1.0,1.0,1.0,0.9943329095840454,0.991786539554596,0.21120528876781464,0.024081669747829437,1.0
295,0.0,0.0,0.0,,0.0021273738238960505,0.022171858698129654,0.0016307539772242308,0.00398947112262249,2.0
296,0.0,0.0,,,0.0021169402170926332,0.01922949030995369,0.014955847524106503,0.029493682086467743,1.0
297,1.0,1.0,,,0.9790493845939636,0.9907605051994324,0.5685969591140747,0.9047017693519592,0.0
298,0.0,0.0,,,0.0019517518812790513,0.025581328198313713,0.002134313341230154,0.010440422222018242,0.0
299,0.0,0.0,,,0.007740830071270466,0.024501269683241844,0.002303514862433076,0.016828503459692,0.0
300,0.0,0.0,,,0.0038541306275874376,0.08520537614822388,0.0037680051755160093,0.010019618086516857,1.0
301,0.0,0.0,,,0.003195643424987793,0.030972756445407867,0.1627936214208603,0.010941119864583015,4.0
302,1.0,1.0,,,0.9835225343704224,0.9956710934638977,0.32934507727622986,0.625468909740448,3.0
303,0.0,0.0,0.0,,0.0015487495111301541,0.031129639595746994,0.004409519489854574,0.011412039399147034,0.0
304,1.0,1.0,1.0,,0.9992063045501709,0.9948033690452576,0.5737740993499756,0.893591046333313,4.0
305,0.0,0.0,1.0,1.0,0.0024076334666460752,0.019604286178946495,0.039298031479120255,0.005910748150199652,1.0
306,1.0,1.0,,,0.9951931238174438,0.9979112148284912,0.10528570413589478,0.0258929505944252,0.0
307,1.0,1.0,,,0.9930790066719055,0.996269166469574,0.4382845163345337,0.0503372922539711,0.0
308,1.0,1.0,,,0.9947810769081116,0.9976535439491272,0.4882971942424774,0.12325053662061691,1.0
309,1.0,1.0,1.0,,0.9975908398628235,0.9883971214294434,0.4127393960952759,0.1705983281135559,2.0
310,1.0,1.0,0.0,,0.9994149804115295,0.999552309513092,0.9160245060920715,0.9177215099334717,1.0
311,0.0,0.0,0.0,,0.8397973775863647,0.6368714570999146,0.019224289804697037,0.042991772294044495,2.0
312,0.0,0.0,,,0.001519494690001011,0.035009320825338364,0.0031958601903170347,0.015441392548382282,2.0
313,0.0,0.0,0.0,,0.002539457753300667,0.021564602851867676,0.013268202543258667,0.018663913011550903,4.0
314,0.0,1.0,0.0,,0.41156327724456787,0.993882417678833,0.41886067390441895,0.05686432123184204,2.0
315,1.0,1.0,0.0,,0.6310169696807861,0.5721513032913208,0.01497699599713087,0.0811975747346878,1.0
316,1.0,1.0,,,0.9893537759780884,0.9870557188987732,0.03145873174071312,0.027843184769153595,1.0
317,0.0,0.0,0.0,,0.0031370960641652346,0.04488397017121315,0.19316545128822327,0.006166126113384962,4.0
318,0.0,0.0,,,0.002480342984199524,0.02746884524822235,0.0013902198988944292,0.009283561259508133,1.0
319,1.0,1.0,0.0,,0.9954540133476257,0.994314968585968,0.017443399876356125,0.04560333117842674,2.0
320,0.0,1.0,,,0.41744464635849,0.9835835695266724,0.46812522411346436,0.009790362790226936,4.0
321,1.0,1.0,1.0,1.0,0.9923874139785767,0.9986252188682556,0.5376392602920532,0.8968070149421692,0.0
322,0.0,0.0,0.0,,0.003130830591544509,0.10110779851675034,0.001829995191656053,0.0208294540643692,1.0
323,1.0,1.0,1.0,1.0,0.7086323499679565,0.9959217309951782,0.6008582711219788,0.9180522561073303,2.0
324,0.0,0.0,0.0,,0.001613040454685688,0.028061196208000183,0.007210621610283852,0.01268189586699009,0.0
325,1.0,1.0,1.0,1.0,0.8458136916160583,0.9068257212638855,0.036867186427116394,0.007498225197196007,2.0
326,0.0,0.0,0.0,,0.4675549268722534,0.7850307822227478,0.20923176407814026,0.054377131164073944,2.0
327,0.0,1.0,,,0.07297199219465256,0.974628210067749,0.7300423383712769,0.8713975548744202,2.0
328,0.0,0.0,0.0,,0.0133146857842803,0.14568817615509033,0.05256635323166847,0.003981320653110743,2.0
329,0.0,0.0,,,0.00160477333702147,0.024042069911956787,0.02288949489593506,0.07799497991800308,2.0
330,1.0,1.0,,,0.9997080564498901,0.9995597004890442,0.8605732917785645,0.8327240943908691,4.0
331,0.0,0.0,0.0,,0.0038842069916427135,0.0856240764260292,0.03014146350324154,0.00814462173730135,1.0
332,0.0,0.0,,,0.0015193677973002195,0.020913904532790184,0.006158656906336546,0.07321082800626755,0.0
333,0.0,0.0,,,0.0058488911017775536,0.0185038261115551,0.0029178226832300425,0.004859576001763344,2.0
334,0.0,0.0,0.0,,0.007343940436840057,0.027018079534173012,0.0022818222641944885,0.023223742842674255,1.0
335,1.0,1.0,,,0.999383270740509,0.9998140335083008,0.7120400667190552,0.7200944423675537,3.0
336,0.0,1.0,,,0.36258962750434875,0.9967037439346313,0.7957375645637512,0.695125162601471,3.0
337,0.0,0.0,,,0.0016874723369255662,0.022231532260775566,0.00912567414343357,0.00502732302993536,4.0
338,1.0,1.0,,,0.9944312572479248,0.994947075843811,0.006247394718229771,0.013881294056773186,3.0
339,0.0,0.0,,,0.003891193773597479,0.021780529990792274,0.0020871320739388466,0.033095963299274445,1.0
340,1.0,1.0,1.0,,0.9964203834533691,0.9997871518135071,0.8578100800514221,0.8507336378097534,4.0
341,0.0,1.0,0.0,,0.9936097264289856,0.9926667809486389,0.023283138871192932,0.06543799489736557,2.0
342,1.0,1.0,,,0.9854373931884766,0.9935540556907654,0.05536866560578346,0.019930319860577583,0.0
343,0.0,0.0,,,0.002205651020631194,0.014967471361160278,0.004565160255879164,0.007875359617173672,1.0
344,1.0,1.0,,,0.9927095770835876,0.9888879060745239,0.028238145634531975,0.02193385362625122,1.0
345,1.0,1.0,0.0,,0.9922988414764404,0.9967609643936157,0.006913613993674517,0.043595317751169205,3.0
346,1.0,1.0,1.0,1.0,0.8953880071640015,0.9280432462692261,0.10219931602478027,0.03819192945957184,2.0
347,1.0,,,,0.9763251543045044,0.9813461303710938,0.06118354573845863,0.9566841125488281,3.0
348,0.0,0.0,,,0.004465029109269381,0.016886673867702484,0.008906926959753036,0.012593240477144718,1.0
349,0.0,1.0,,,0.002750306623056531,0.08890107274055481,0.20993269979953766,0.011060759425163269,3.0
350,1.0,1.0,0.0,,0.6921120285987854,0.5228981375694275,0.0012680586660280824,0.028371606022119522,0.0
351,1.0,1.0,1.0,1.0,0.9980003833770752,0.9957684874534607,0.6803689002990723,0.976560652256012,0.0
352,0.0,0.0,,,0.0031653884798288345,0.029884513467550278,0.06279440969228745,0.027368519455194473,1.0
353,1.0,1.0,0.0,0.0,0.9956475496292114,0.9982151389122009,0.07606568932533264,0.11674622446298599,0.0
354,0.0,0.0,0.0,0.0,0.00230872118845582,0.031784869730472565,0.0009958301670849323,0.010492932982742786,0.0
355,0.0,1.0,,,0.009920550510287285,0.18424630165100098,0.35710424184799194,0.15856340527534485,2.0
356,0.0,0.0,,,0.014935731887817383,0.14871746301651,0.01649818941950798,0.011333787813782692,4.0
357,0.0,0.0,0.0,,0.001710012904368341,0.033623501658439636,0.03803853690624237,0.011534295976161957,3.0
358,1.0,1.0,1.0,,0.9993310570716858,0.9998893737792969,0.9712612628936768,0.7146316766738892,1.0
359,0.0,0.0,,,0.012453279457986355,0.10824901610612869,0.005307413637638092,0.012611983343958855,3.0
360,1.0,1.0,0.0,,0.9903078675270081,0.9530062079429626,0.28176677227020264,0.9393391013145447,0.0
361,0.0,1.0,0.0,,0.23443126678466797,0.8729696273803711,0.25526463985443115,0.425886869430542,1.0
362,0.0,1.0,0.0,,0.12422989308834076,0.9771414995193481,0.1806977242231369,0.15308384597301483,2.0
363,1.0,1.0,1.0,,0.9837754964828491,0.9920870661735535,0.41368168592453003,0.05363493412733078,1.0
364,1.0,1.0,1.0,,0.9834597706794739,0.9891662001609802,0.7159005403518677,0.9631500244140625,2.0
365,0.0,0.0,,,0.04649479314684868,0.4811738431453705,0.45431333780288696,0.051661912351846695,1.0
366,1.0,1.0,,,0.8708099126815796,0.9790048599243164,0.0036121367011219263,0.07911764085292816,0.0
367,0.0,0.0,0.0,,0.002107890322804451,0.01910305768251419,0.002877778373658657,0.01399928331375122,0.0
368,0.0,0.0,,,0.0028566718101501465,0.03461378067731857,0.05705850571393967,0.010844264179468155,0.0
369,0.0,0.0,0.0,0.0,0.022362494841217995,0.19744938611984253,0.0949370265007019,0.00460455846041441,4.0
370,1.0,1.0,,,0.9927335977554321,0.9922944903373718,0.006848263554275036,0.018502797931432724,2.0
371,1.0,1.0,,,0.8237183094024658,0.98981773853302,0.2365654855966568,0.031631775200366974,1.0
372,1.0,1.0,,,0.9910698533058167,0.996942400932312,0.0580160990357399,0.2956336736679077,3.0
373,0.0,0.0,,,0.002535257488489151,0.020030714571475983,0.0018966972129419446,0.008035901933908463,3.0
374,0.0,0.0,,,0.0033991015516221523,0.060338620096445084,0.007637024857103825,0.01366428006440401,0.0
375,0.0,0.0,0.0,,0.004103129263967276,0.06827781349420547,0.04421630874276161,0.011575200594961643,2.0
376,0.0,0.0,0.0,0.0,0.002013823948800564,0.015514434315264225,0.011476529762148857,0.007543229032307863,1.0
377,0.0,1.0,1.0,1.0,0.07239958643913269,0.9896398782730103,0.8004222512245178,0.8880522847175598,2.0
378,1.0,1.0,,,0.9867269992828369,0.9782835245132446,0.037360936403274536,0.00601166533306241,4.0
379,1.0,1.0,,,0.9979776740074158,0.9943424463272095,0.0634014904499054,0.9556757211685181,4.0
380,0.0,0.0,,,0.0028796514961868525,0.01613103784620762,0.11553151160478592,0.008192433044314384,1.0
381,1.0,1.0,1.0,,0.9923306107521057,0.9946874976158142,0.011526414193212986,0.02816081792116165,1.0
382,0.0,0.0,,,0.0027883078437298536,0.12654805183410645,0.010819416493177414,0.01404460147023201,1.0
383,1.0,1.0,0.0,,0.5598377585411072,0.6702470779418945,0.0741482749581337,0.06350907683372498,0.0
384,0.0,0.0,,,0.0036813963670283556,0.13915015757083893,0.008839992806315422,0.009306097403168678,3.0
385,0.0,0.0,,,0.002154803369194269,0.021396370604634285,0.0340738445520401,0.0900733545422554,2.0
386,0.0,0.0,0.0,,0.0034044927451759577,0.02857206016778946,0.1564468890428543,0.010574588552117348,3.0
387,1.0,1.0,,,0.9993200302124023,0.9989831447601318,0.017010467126965523,0.9735018014907837,1.0
388,,0.0,,,0.0018873196095228195,0.01763673685491085,0.003566895378753543,0.007521960884332657,3.0
389,0.0,0.0,,,0.002376713091507554,0.026681339368224144,0.00553445890545845,0.008038805797696114,3.0
390,0.0,1.0,,,0.7779772877693176,0.9507180452346802,0.06069318577647209,0.10378176718950272,2.0
391,1.0,1.0,0.0,,0.9936587810516357,0.9980983138084412,0.007153448183089495,0.007642058189958334,4.0
392,1.0,1.0,,,0.9975323677062988,0.9941826462745667,0.33228006958961487,0.06301426142454147,4.0
393,1.0,1.0,,,0.9896429777145386,0.999834418296814,0.6537768840789795,0.5454463958740234,1.0
394,1.0,1.0,,,0.7558988928794861,0.6061840653419495,0.5269799828529358,0.9615822434425354,1.0
395,1.0,1.0,,,0.9980222582817078,0.9988024830818176,0.563545286655426,0.9062083959579468,3.0
396,0.0,1.0,,,0.0024816812947392464,0.043230168521404266,0.0018680375069379807,0.009940825402736664,3.0
397,1.0,1.0,,,0.9985448718070984,0.9996470808982849,0.689172625541687,0.8936805725097656,4.0
398,0.0,0.0,0.0,,0.0024655566085129976,0.02858593687415123,0.0027361921966075897,0.008292479440569878,1.0
399,0.0,0.0,,,0.006075064651668072,0.04114103317260742,0.010369672439992428,0.015944063663482666,4.0
400,1.0,1.0,,,0.997115969657898,0.9966111779212952,0.024866512045264244,0.9481667876243591,4.0
401,1.0,1.0,1.0,,0.9987820982933044,0.999267578125,0.20105978846549988,0.9528779983520508,2.0
402,0.0,0.0,,,0.005175311584025621,0.06284168362617493,0.07938491553068161,0.07548585534095764,0.0
403,,1.0,,,0.005933438427746296,0.18910343945026398,0.004792931489646435,0.006867603398859501,4.0
404,0.0,1.0,,,0.004468311555683613,0.1272524893283844,0.0028914904687553644,0.012253088876605034,3.0
405,1.0,1.0,1.0,,0.9992135763168335,0.9951320886611938,0.8061733841896057,0.993714451789856,2.0
406,1.0,1.0,1.0,1.0,0.9898760318756104,0.9911855459213257,0.7247616052627563,0.898414134979248,0.0
407,0.0,0.0,,,0.0013210861943662167,0.02032998949289322,0.004947967827320099,0.0039027780294418335,4.0
408,0.0,0.0,,,0.006820778362452984,0.13803189992904663,0.0060049667954444885,0.08303792774677277,0.0
409,1.0,1.0,,,0.2936587631702423,0.9995468854904175,0.8130359053611755,0.6803738474845886,1.0
410,0.0,0.0,0.0,0.0,0.005303922109305859,0.04044955223798752,0.05896104872226715,0.07860218733549118,0.0
411,0.0,0.0,0.0,,0.0027804370038211346,0.016586871817708015,0.010813497006893158,0.014911077916622162,1.0
412,1.0,1.0,1.0,,0.9957258105278015,0.9990179538726807,0.7237210869789124,0.9446045756340027,3.0
413,1.0,1.0,0.0,,0.6194060444831848,0.5914154648780823,0.02033163607120514,0.035808954387903214,1.0
414,0.0,0.0,0.0,,0.001538931275717914,0.022583557292819023,0.004424868151545525,0.01206331979483366,0.0
415,1.0,1.0,0.0,,0.9937379360198975,0.9985225796699524,0.48190051317214966,0.08712448924779892,1.0
416,0.0,0.0,,,0.0025282776914536953,0.018125396221876144,0.014276035130023956,0.01041977945715189,0.0
417,0.0,1.0,1.0,,0.3043670058250427,0.9971103668212891,0.935543954372406,0.6702749729156494,3.0
418,1.0,1.0,,,0.9835778474807739,0.8417329788208008,0.18659499287605286,0.012259140610694885,4.0
419,1.0,1.0,,,0.9963442087173462,0.9969525337219238,0.011070150882005692,0.017903950065374374,2.0
420,0.0,0.0,,,0.8549637794494629,0.9830851554870605,0.0921345204114914,0.45021548867225647,0.0
421,1.0,1.0,,,0.9976752400398254,0.9995526671409607,0.6702220439910889,0.9106607437133789,2.0
422,,0.0,,,0.0014543009456247091,0.020833829417824745,0.0022393325343728065,0.008133037015795708,0.0
423,1.0,1.0,,,0.9939130544662476,0.9998651742935181,0.63381427526474,0.8525494337081909,0.0
424,1.0,1.0,,,0.9108221530914307,0.9064674973487854,0.03957400843501091,0.11480804532766342,2.0
425,1.0,1.0,1.0,,0.9950040578842163,0.9998983144760132,0.9873931407928467,0.6561964750289917,1.0
426,0.0,0.0,0.0,,0.0014097391394898295,0.021270008757710457,0.007035406306385994,0.013461463153362274,0.0
427,1.0,1.0,0.0,,0.991958498954773,0.9909636378288269,0.15222497284412384,0.04434819146990776,1.0
428,0.0,0.0,0.0,,0.000990130938589573,0.01479094848036766,0.002773563377559185,0.004271251615136862,2.0
429,0.0,0.0,,,0.002128942869603634,0.017571231350302696,0.06051265448331833,0.024892520159482956,1.0
430,0.0,0.0,,,0.006003480404615402,0.04386628419160843,0.04813483729958534,0.10514134168624878,0.0
431,1.0,1.0,1.0,1.0,0.9895955324172974,0.9996787309646606,0.8200894594192505,0.817826509475708,4.0
432,1.0,1.0,,,0.9268829226493835,0.9989087581634521,0.6160396337509155,0.8913528919219971,0.0
433,0.0,0.0,,,0.0025987611152231693,0.020628387108445168,0.0035974415950477123,0.0140769612044096,0.0
434,0.0,0.0,,,0.0019184822449460626,0.19474239647388458,0.0030148213263601065,0.021089980378746986,3.0
435,0.0,0.0,,,0.001669874880462885,0.02042512781918049,0.003957113716751337,0.008704513311386108,0.0
436,0.0,1.0,,,0.007634404581040144,0.02849053405225277,0.014438009820878506,0.009211317636072636,1.0
437,1.0,1.0,0.0,,0.978901743888855,0.9963736534118652,0.46864786744117737,0.6349897980690002,3.0
438,1.0,1.0,0.0,,0.9274933934211731,0.8238344788551331,0.06543172150850296,0.4224586486816406,0.0
439,0.0,0.0,0.0,,0.01125377044081688,0.02335524931550026,0.038304898887872696,0.015119441784918308,1.0
440,1.0,1.0,0.0,0.0,0.9512472152709961,0.9939519166946411,0.14739616215229034,0.027097050100564957,0.0
441,0.0,0.0,0.0,,0.0017449688166379929,0.01616266928613186,0.0015476838452741504,0.008379016071557999,3.0
442,1.0,1.0,0.0,,0.7018221616744995,0.5094941854476929,0.4482352137565613,0.03643535077571869,2.0
443,0.0,0.0,,,0.006035301368683577,0.03852090984582901,0.10593847930431366,0.008649769239127636,4.0
444,0.0,0.0,,,0.0016648825258016586,0.020208103582262993,0.006880476605147123,0.010048776865005493,3.0
445,0.0,0.0,,,0.0025608723517507315,0.02538224309682846,0.0033974414691329002,0.033059559762477875,0.0
446,1.0,1.0,,,0.9928444623947144,0.9962679743766785,0.009062257595360279,0.014850353822112083,3.0
447,1.0,1.0,,,0.999189019203186,0.9980853796005249,0.49904412031173706,0.04846024885773659,1.0
448,1.0,0.0,0.0,,0.9947699904441833,0.9967978000640869,0.18870140612125397,0.021114325150847435,3.0
449,0.0,0.0,0.0,,0.0018114254344254732,0.014778265729546547,0.002952998038381338,0.008934835903346539,3.0
450,1.0,1.0,1.0,1.0,0.9957003593444824,0.9988588094711304,0.581262469291687,0.9047510027885437,1.0
451,0.0,1.0,0.0,,0.7955590486526489,0.6839132905006409,0.01869557425379753,0.03870544582605362,2.0
452,0.0,0.0,,,0.003421178087592125,0.024944037199020386,0.038916077464818954,0.011207045055925846,4.0
453,1.0,1.0,0.0,,0.7160629630088806,0.6406552195549011,0.011191220954060555,0.03508814051747322,1.0
454,0.0,1.0,0.0,,0.9130154848098755,0.5985085964202881,0.006986458320170641,0.010483959689736366,3.0
455,1.0,1.0,0.0,1.0,0.9994834661483765,0.999362051486969,0.07547996938228607,0.9481850862503052,4.0
456,1.0,1.0,1.0,,0.9954782724380493,0.9976477026939392,0.41843414306640625,0.012993118725717068,3.0
457,1.0,1.0,0.0,,0.9881661534309387,0.9985090494155884,0.0013729793718084693,0.03993723914027214,0.0
458,1.0,1.0,,,0.9897878766059875,0.9883438944816589,0.031033415347337723,0.025487709790468216,1.0
459,0.0,0.0,,,0.004064339213073254,0.022495513781905174,0.0056324973702430725,0.005099641624838114,4.0
460,0.0,0.0,,,0.8234174847602844,0.6654596924781799,0.06689468771219254,0.009948037564754486,3.0
461,0.0,0.0,,,0.0016819065203890204,0.02121208980679512,0.004009243566542864,0.015533224679529667,0.0
462,1.0,1.0,,,0.9023646116256714,0.7837085127830505,0.1916855275630951,0.037274088710546494,1.0
463,0.0,0.0,,,0.0024115501437336206,0.05148537456989288,0.04259345307946205,0.0114460913464427,0.0
464,1.0,1.0,,,0.9079006910324097,0.9974113702774048,0.6805205345153809,0.8430624604225159,0.0
465,0.0,0.0,0.0,,0.0022030004765838385,0.015505535528063774,0.0026537347584962845,0.01910642720758915,1.0
466,0.0,0.0,0.0,,0.0027573788538575172,0.02483290061354637,0.03211443871259689,0.008490934036672115,4.0
467,1.0,1.0,1.0,,0.9713302850723267,0.9702527523040771,0.00872048456221819,0.010671265423297882,2.0
468,0.0,0.0,0.0,,0.0034546912647783756,0.13318881392478943,0.05935322865843773,0.01619662530720234,2.0
469,1.0,1.0,1.0,,0.9993113279342651,0.9984269738197327,0.6944412589073181,0.9084018468856812,4.0
470,1.0,1.0,0.0,,0.9994956851005554,0.997917890548706,0.5989398956298828,0.8627734184265137,4.0
471,0.0,0.0,0.0,,0.002236371161416173,0.018202783539891243,0.005261612590402365,0.007038538344204426,1.0
472,1.0,1.0,,,0.7023923993110657,0.6655159592628479,0.11505892872810364,0.057070471346378326,0.0
473,0.0,0.0,,,0.009579561650753021,0.05382382124662399,0.01945793442428112,0.02188156731426716,4.0
474,0.0,1.0,,,0.2551201283931732,0.9741776585578918,0.04670758545398712,0.03610730171203613,4.0
475,0.0,0.0,,,0.0018548769876360893,0.08424186706542969,0.0624987855553627,0.06758401542901993,3.0
476,1.0,1.0,0.0,,0.8065892457962036,0.9989869594573975,0.5445370078086853,0.7154152989387512,4.0
477,1.0,1.0,,,0.8246748447418213,0.6566017866134644,0.03874233737587929,0.18219706416130066,2.0
478,1.0,1.0,,,0.9904565811157227,0.9962614178657532,0.05720476061105728,0.13023968040943146,0.0
479,0.0,1.0,0.0,,0.5272748470306396,0.9909156560897827,0.6571714878082275,0.7833476066589355,0.0
480,0.0,0.0,,,0.0022491789422929287,0.024174131453037262,0.0075557841919362545,0.0696185752749443,0.0
481,1.0,1.0,,,0.9084444046020508,0.8894392251968384,0.011452821083366871,0.018746735528111458,2.0
482,1.0,1.0,,,0.9948107600212097,0.9998814463615417,0.5873280167579651,0.8165614604949951,0.0
483,1.0,1.0,0.0,,0.9845442175865173,0.993280827999115,0.2763769328594208,0.06964245438575745,1.0
484,0.0,1.0,,,0.010807961225509644,0.2573748230934143,0.02989579737186432,0.059199534356594086,2.0
485,1.0,1.0,1.0,,0.6053869724273682,0.980519711971283,0.762249231338501,0.7196555137634277,0.0
486,1.0,1.0,0.0,,0.9785239696502686,0.950188159942627,0.04805133119225502,0.9371845722198486,0.0
487,1.0,1.0,,,0.9824137091636658,0.9893461465835571,0.0017958285752683878,0.0061270324513316154,4.0
488,1.0,1.0,,,0.9031676650047302,0.9993602633476257,0.8238171339035034,0.8277448415756226,4.0
489,1.0,1.0,0.0,,0.998021125793457,0.9933102130889893,0.013915937393903732,0.9567526578903198,4.0
490,1.0,1.0,,,0.9991118311882019,0.9975261092185974,0.5092718601226807,0.9717490077018738,2.0
491,1.0,1.0,0.0,,0.0038511084858328104,0.12629784643650055,0.11002035439014435,0.008774809539318085,3.0
492,1.0,1.0,1.0,,0.7204410433769226,0.9863282442092896,0.4867044985294342,0.022968411445617676,4.0
493,0.0,0.0,0.0,,0.0017463304102420807,0.015673497691750526,0.002993188565596938,0.004936113953590393,2.0
494,1.0,1.0,,,0.9896013140678406,0.9741929173469543,0.005343874916434288,0.035909976810216904,1.0
495,0.0,0.0,0.0,,0.016706697642803192,0.024544421583414078,0.010020030662417412,0.04236545041203499,1.0
496,0.0,1.0,,,0.1250735968351364,0.7445021867752075,0.16610713303089142,0.04978608340024948,4.0
497,0.0,0.0,,,0.001801131060346961,0.021756038069725037,0.005215690936893225,0.004083974752575159,2.0
498,1.0,1.0,1.0,,0.9830135703086853,0.999646782875061,0.8062168955802917,0.6589874625205994,3.0
499,0.0,0.0,0.0,0.0,0.0030751435551792383,0.03494144231081009,0.24018947780132294,0.013308264315128326,3.0
500,0.0,1.0,,,0.9899188876152039,0.9879710674285889,0.032969072461128235,0.15888234972953796,2.0
501,0.0,0.0,0.0,0.0,0.002343130065128207,0.02618848718702793,0.21632538735866547,0.011617378331720829,3.0
502,0.0,0.0,,,0.00452410476282239,0.025501158088445663,0.12808865308761597,0.009741058573126793,4.0
503,0.0,1.0,,,0.24234668910503387,0.9939872026443481,0.7970775961875916,0.7412099838256836,2.0
504,1.0,1.0,,,0.9922301769256592,0.9929801821708679,0.01191007997840643,0.012823563069105148,3.0
505,1.0,1.0,,,0.8859972953796387,0.9866428375244141,0.18591418862342834,0.02388015016913414,1.0
506,1.0,1.0,1.0,,0.9986286163330078,0.9979166388511658,0.6512717008590698,0.9759291410446167,2.0
507,1.0,1.0,,,0.978909432888031,0.9924245476722717,0.0010124603286385536,0.027474716305732727,0.0
508,0.0,0.0,,,0.0022285059094429016,0.024775205180048943,0.0656169056892395,0.06883884966373444,0.0
509,0.0,1.0,,,0.27442681789398193,0.9951197504997253,0.8126222491264343,0.44783538579940796,1.0
510,0.0,0.0,0.0,0.0,0.026540270075201988,0.11279677599668503,0.004064715001732111,0.008001771755516529,3.0
511,0.0,1.0,1.0,,0.7212544083595276,0.9876075983047485,0.36966028809547424,0.04865017533302307,4.0
512,0.0,0.0,,,0.0799085944890976,0.07915234565734863,0.29916703701019287,0.011261820793151855,4.0
513,0.0,1.0,,,0.9560472369194031,0.9973708391189575,0.2227039635181427,0.19840335845947266,2.0
514,1.0,1.0,0.0,,0.9938875436782837,0.992784857749939,0.0064777289517223835,0.13706976175308228,0.0
515,0.0,1.0,0.0,,0.7013221383094788,0.9963400363922119,0.7528746128082275,0.7340013384819031,3.0
516,1.0,1.0,1.0,,0.9818187355995178,0.9998047351837158,0.8689876794815063,0.830985426902771,2.0
517,0.0,0.0,,,0.039780959486961365,0.30043330788612366,0.028414364904165268,0.008875608444213867,4.0
518,0.0,1.0,,,0.19674968719482422,0.6571019887924194,0.2594446837902069,0.3867110013961792,1.0
519,0.0,1.0,,,0.39914262294769287,0.9988182187080383,0.638648509979248,0.5709536671638489,1.0
520,1.0,1.0,,,0.9953553080558777,0.9935786724090576,0.009333282709121704,0.04817170277237892,2.0
521,1.0,1.0,,,0.897600531578064,0.8581545948982239,0.8501617908477783,0.9275890588760376,4.0
522,,0.0,,,0.0024062697775661945,0.021232759580016136,0.011654522269964218,0.010392287746071815,0.0
523,1.0,1.0,,,0.9975581169128418,0.9998161792755127,0.7476801872253418,0.7029504776000977,3.0
524,0.0,0.0,0.0,,0.0017565559828653932,0.06016407907009125,0.006709049455821514,0.004364596679806709,4.0
525,1.0,1.0,0.0,,0.9951668977737427,0.9960060715675354,0.02366534061729908,0.01077420637011528,3.0
526,0.0,0.0,0.0,,0.0027665719389915466,0.02042863517999649,0.001806584419682622,0.007825838401913643,1.0
527,0.0,0.0,,,0.0020091042388230562,0.031549036502838135,0.011605069041252136,0.015377060510218143,0.0
528,0.0,0.0,,,0.001937934197485447,0.02552042342722416,0.005719895474612713,0.01396847702562809,0.0
529,1.0,1.0,1.0,,0.9511359333992004,0.9996758103370667,0.6012826561927795,0.8706281185150146,0.0
530,1.0,1.0,0.0,,0.9989555478096008,0.9992660880088806,0.18956832587718964,0.9671435356140137,0.0
531,0.0,0.0,0.0,,0.0015735859051346779,0.01929178647696972,0.0008887835429050028,0.004521224647760391,2.0
532,0.0,0.0,0.0,,0.0015312425093725324,0.01928439736366272,0.003912315703928471,0.00976331252604723,0.0
533,0.0,0.0,0.0,,0.002073819050565362,0.01691213622689247,0.0012865259777754545,0.00837897602468729,3.0
534,0.0,0.0,0.0,0.0,0.00558684254065156,0.020444341003894806,0.04734259471297264,0.009163105860352516,1.0
535,0.0,0.0,0.0,,0.004744263365864754,0.018198465928435326,0.015416345559060574,0.01047012023627758,1.0
536,0.0,1.0,1.0,0.0,0.3019542098045349,0.9883260130882263,0.8044575452804565,0.7259907722473145,2.0
537,1.0,1.0,0.0,,0.9924285411834717,0.9959787726402283,0.011701714247465134,0.00599263608455658,4.0
538,1.0,1.0,,,0.9914389252662659,0.9936884045600891,0.045568715780973434,0.0731324777007103,1.0
539,0.0,0.0,,,0.00442394707351923,0.03668759763240814,0.006948108784854412,0.0089341439306736,3.0
540,0.0,0.0,,,0.3410508632659912,0.9925039410591125,0.8517996668815613,0.8088542222976685,4.0
541,1.0,1.0,,,0.8141093254089355,0.9865727424621582,0.00847595278173685,0.015085958875715733,3.0
542,1.0,1.0,0.0,,0.7499139308929443,0.9590920209884644,0.5343072414398193,0.9529169797897339,2.0
543,1.0,1.0,0.0,,0.9944889545440674,0.9915763139724731,0.2750770151615143,0.042350634932518005,0.0
544,0.0,1.0,1.0,,0.42681068181991577,0.998905599117279,0.9910793304443359,0.9498159885406494,0.0
545,0.0,0.0,,,0.002318021608516574,0.020811444148421288,0.0017489611636847258,0.0076856003142893314,3.0
546,0.0,0.0,,,0.0028357189148664474,0.1044238805770874,0.0034684520214796066,0.005509914830327034,4.0
547,1.0,1.0,,,0.9373947978019714,0.9731075763702393,0.04453330859541893,0.1522507667541504,2.0
548,0.0,0.0,0.0,,0.0017592026852071285,0.019867518916726112,0.00205189548432827,0.008498662151396275,0.0
549,1.0,1.0,,,0.9991476535797119,0.9982981085777283,0.6746453046798706,0.9783719182014465,2.0
550,0.0,0.0,,,0.0042930967174470425,0.030474912375211716,0.0017239843728020787,0.00556205864995718,4.0
551,0.0,0.0,,,0.0016407674411311746,0.03267963230609894,0.009805441834032536,0.005174385383725166,2.0
552,0.0,1.0,0.0,,0.10069376230239868,0.9736111164093018,0.3775928020477295,0.4138079583644867,0.0
553,1.0,1.0,0.0,,0.9843006730079651,0.9858073592185974,0.004592671059072018,0.02289455011487007,2.0
554,0.0,0.0,,,0.0015612898860126734,0.022609543055295944,0.001247732201591134,0.011509154923260212,0.0
555,1.0,1.0,,,0.37034815549850464,0.9979599714279175,0.17982298135757446,0.47371143102645874,0.0
556,0.0,0.0,,,0.002962095197290182,0.020184023305773735,0.006943957880139351,0.008911797776818275,1.0
557,1.0,1.0,,,0.12864376604557037,0.3849547505378723,0.1836794912815094,0.014249117113649845,2.0
558,1.0,1.0,,,0.9944889545440674,0.9998486042022705,0.9384501576423645,0.850828230381012,2.0
559,0.0,0.0,,,0.004693764261901379,0.038097936660051346,0.0037809230852872133,0.008761311881244183,4.0
560,0.0,0.0,,,0.007130037061870098,0.11031270772218704,0.004765914287418127,0.004934128373861313,2.0
561,0.0,0.0,,,0.004322898108512163,0.017433714121580124,0.002181269461289048,0.03523821756243706,1.0
562,0.0,0.0,0.0,,0.043121062219142914,0.4229111969470978,0.018497284501791,0.005866458639502525,4.0
563,0.0,0.0,0.0,,0.00969431921839714,0.14329883456230164,0.2752390503883362,0.058191388845443726,4.0
564,0.0,0.0,0.0,,0.0018221749924123287,0.02950470708310604,0.003779316321015358,0.013555441983044147,0.0
565,1.0,1.0,,,0.8056730031967163,0.9892025589942932,0.26263901591300964,0.015276918187737465,4.0
566,1.0,1.0,0.0,,0.9599100351333618,0.9973396062850952,0.24322578310966492,0.5566034913063049,2.0
567,0.0,0.0,0.0,,0.002593599958345294,0.02054429240524769,0.014360297471284866,0.008341713808476925,1.0
568,0.0,0.0,,,0.005614480935037136,0.02342141419649124,0.024002986028790474,0.00905726756900549,3.0
569,1.0,1.0,0.0,,0.9884459376335144,0.9895860552787781,0.013315055519342422,0.006128308828920126,4.0
570,0.0,0.0,0.0,,0.002729354426264763,0.0794004574418068,0.09490704536437988,0.008877430111169815,1.0
571,0.0,0.0,,,0.6866700649261475,0.6517313122749329,0.05290990322828293,0.07942703366279602,1.0
572,1.0,1.0,1.0,,0.9974995255470276,0.9992579817771912,0.9144679307937622,0.9773769378662109,1.0
573,1.0,1.0,1.0,1.0,0.9940508008003235,0.9939357042312622,0.3448604941368103,0.047366708517074585,2.0
574,1.0,1.0,,,0.9746912717819214,0.9958093762397766,0.16796284914016724,0.017834795638918877,4.0
575,0.0,0.0,,,0.018873153254389763,0.08034718781709671,0.019521044567227364,0.019919903948903084,2.0
576,1.0,1.0,,,0.9923221468925476,0.9901967644691467,0.002678392920643091,0.020166119560599327,1.0
577,0.0,0.0,0.0,,0.003027112688869238,0.07125698029994965,0.2746834456920624,0.03784343972802162,3.0
578,0.0,0.0,0.0,0.0,0.0010684373555704951,0.015119524672627449,0.010933224111795425,0.003794509917497635,2.0
579,1.0,1.0,,,0.9850897192955017,0.997948169708252,0.7115430235862732,0.953123152256012,1.0
580,0.0,0.0,,,0.004544958472251892,0.017213068902492523,0.0162512194365263,0.01402087602764368,4.0
581,1.0,1.0,,,0.9964836835861206,0.9915311336517334,0.26078319549560547,0.022484086453914642,0.0
582,0.0,0.0,,,0.0026036612689495087,0.21471109986305237,0.009315915405750275,0.014171012677252293,1.0
583,0.0,1.0,,,0.25536778569221497,0.9965769052505493,0.6043373346328735,0.5863679647445679,1.0
584,0.0,0.0,0.0,0.0,0.006892906501889229,0.029500329867005348,0.013916879892349243,0.01243201456964016,1.0
585,1.0,1.0,1.0,1.0,0.337692528963089,0.9957111477851868,0.8693616390228271,0.6250858902931213,1.0
586,1.0,1.0,,,0.9920735359191895,0.9940689206123352,0.4069628417491913,0.017688628286123276,4.0
587,0.0,0.0,0.0,,0.0023060059174895287,0.02012535184621811,0.006448687054216862,0.009121483191847801,3.0
588,1.0,1.0,,,0.9988293647766113,0.9973467588424683,0.7775143980979919,0.9303020238876343,1.0
589,0.0,0.0,,,0.008014976978302002,0.06714441627264023,0.052402060478925705,0.0054104747250676155,2.0
590,0.0,0.0,,,0.0021670127753168344,0.01894502155482769,0.007990891113877296,0.007707673124969006,1.0
591,0.0,0.0,0.0,,0.0027979672886431217,0.019027622416615486,0.004502380266785622,0.006824115756899118,1.0
592,0.0,0.0,0.0,,0.0014788208063691854,0.032250601798295975,0.005506895016878843,0.01605026237666607,2.0
593,1.0,1.0,,,0.7770740985870361,0.9958212375640869,0.7477675676345825,0.5764536261558533,1.0
594,0.0,1.0,,,0.8646411299705505,0.6507139205932617,0.05984767898917198,0.2341134250164032,2.0
595,0.0,0.0,0.0,,0.004945388529449701,0.2511782646179199,0.03924975171685219,0.035165589302778244,3.0
596,1.0,1.0,,,0.8103293776512146,0.9755165576934814,0.32681021094322205,0.3341234028339386,1.0
597,,0.0,,,0.001247680513188243,0.0144628481939435,0.002769904211163521,0.005048281513154507,2.0
598,1.0,1.0,,,0.5671330690383911,0.9613979458808899,0.23255668580532074,0.21440167725086212,2.0
599,0.0,0.0,,,0.0024734309408813715,0.018864577636122704,0.005586770363152027,0.010567555204033852,1.0
600,1.0,1.0,,,0.916381299495697,0.9537542462348938,0.02325739711523056,0.007294545881450176,4.0
601,1.0,1.0,,,0.14253395795822144,0.1543065905570984,0.13463568687438965,0.011269948445260525,1.0
602,0.0,0.0,,,0.003240433521568775,0.023178698495030403,0.009548070840537548,0.014205651357769966,0.0
603,0.0,1.0,,,0.00255674310028553,0.13044412434101105,0.0018271210137754679,0.011688996106386185,3.0
604,1.0,1.0,0.0,,0.9939587116241455,0.9946370124816895,0.013085867278277874,0.014252681285142899,3.0
605,0.0,1.0,0.0,,0.0023594642989337444,0.01985286921262741,0.012740001082420349,0.006793849170207977,1.0
606,0.0,0.0,0.0,,0.0033273405861109495,0.02417653053998947,0.002425106940791011,0.006270661950111389,4.0
607,1.0,1.0,1.0,1.0,0.3060705065727234,0.9966375231742859,0.9056949019432068,0.6114079356193542,1.0
608,0.0,0.0,,,0.0018136173021048307,0.018069511279463768,0.001922779600135982,0.005604259204119444,4.0
609,0.0,0.0,,,0.001565260230563581,0.015340795740485191,0.0019561355002224445,0.003903390606865287,2.0
610,0.0,0.0,,,0.004251533653587103,0.12479326874017715,0.0066758436150848866,0.05582926422357559,0.0
611,1.0,1.0,,,0.9576054811477661,0.9999459981918335,0.8320078253746033,0.6635846495628357,1.0
612,0.0,0.0,0.0,,0.0034147407859563828,0.02635308727622032,0.02312813699245453,0.006574084050953388,4.0
613,0.0,0.0,0.0,,0.011268779635429382,0.05026688426733017,0.0015807651216164231,0.07144828140735626,0.0
614,0.0,0.0,0.0,,0.0028205891139805317,0.028047973290085793,0.06183317303657532,0.02328675612807274,1.0
615,0.0,0.0,,,0.0014241744065657258,0.022757835686206818,0.0013988572172820568,0.00391503656283021,2.0
616,1.0,1.0,,,0.5583510398864746,0.979702889919281,0.394681841135025,0.39368024468421936,3.0
617,,1.0,,,0.9990513920783997,0.9993784427642822,0.7199811935424805,0.9329754710197449,0.0
618,0.0,0.0,,,0.0017741549527272582,0.019635872915387154,0.0006341453990899026,0.009435034357011318,0.0
619,0.0,0.0,,,0.0023838519118726254,0.016318023204803467,0.0019661234691739082,0.008393525145947933,1.0
620,1.0,1.0,1.0,,0.9845473170280457,0.9991679191589355,0.9845268130302429,0.777725338935852,0.0
621,0.0,0.0,,,0.002309282310307026,0.018376227468252182,0.04732533544301987,0.027752798050642014,1.0
622,0.0,0.0,,,0.0018933935789391398,0.03618412837386131,0.06840837746858597,0.004382855258882046,2.0
623,1.0,1.0,0.0,,0.7018481492996216,0.6761292815208435,0.15713104605674744,0.007605577819049358,4.0
624,0.0,1.0,1.0,,0.18518073856830597,0.9816587567329407,0.6177411675453186,0.9082013964653015,3.0
625,1.0,1.0,,,0.9940356016159058,0.9998643398284912,0.9595950841903687,0.8302532434463501,4.0
626,0.0,0.0,,,0.0016473213909193873,0.019812755286693573,0.010191088542342186,0.006774634122848511,2.0
627,1.0,1.0,,,0.9938024878501892,0.9905275106430054,0.009564203210175037,0.14367319643497467,4.0
628,1.0,1.0,,,0.9178746938705444,0.9917904138565063,0.03551039099693298,0.11602906882762909,2.0
629,0.0,1.0,0.0,,0.9167328476905823,0.9879871606826782,0.11976500600576401,0.03260079026222229,0.0
630,0.0,0.0,0.0,,0.0027984087355434895,0.031065497547388077,0.003276995150372386,0.02586834877729416,0.0
631,0.0,0.0,0.0,,0.0015420994022861123,0.022826582193374634,0.009168527089059353,0.004852490499615669,2.0
632,0.0,0.0,,,0.003339834278449416,0.022472389042377472,0.006513156928122044,0.011493789032101631,0.0
633,1.0,1.0,,,0.5658098459243774,0.9845170378684998,0.5204942226409912,0.8402354717254639,4.0
634,0.0,0.0,,,0.0028689082246273756,0.02142547070980072,0.0029224795289337635,0.008245513774454594,1.0
635,1.0,1.0,0.0,,0.9892085790634155,0.9997189044952393,0.6996521353721619,0.7601400017738342,4.0
636,1.0,1.0,1.0,,0.9365929365158081,0.9995837807655334,0.5787054300308228,0.8084291219711304,0.0
637,1.0,1.0,1.0,1.0,0.9923561215400696,0.9995855689048767,0.893482506275177,0.9824119806289673,0.0
638,0.0,0.0,,,0.00155420892406255,0.017756417393684387,0.00449697719886899,0.008664566092193127,3.0
639,0.0,0.0,0.0,,0.002232460305094719,0.12643080949783325,0.0017416082555428147,0.004790421575307846,4.0
640,1.0,1.0,0.0,,0.7642660140991211,0.716752290725708,0.0012921849265694618,0.00685890531167388,4.0
641,0.0,0.0,,,0.010982432402670383,0.034033410251140594,0.02983388863503933,0.09168309718370438,4.0
642,1.0,1.0,1.0,1.0,0.993400514125824,0.993785560131073,0.7057355046272278,0.9763909578323364,0.0
643,0.0,0.0,,,0.006413049064576626,0.4765678644180298,0.06727932393550873,0.05599719285964966,0.0
644,0.0,0.0,,,0.0036951261572539806,0.02352079749107361,0.017667945474386215,0.00887519121170044,3.0
645,0.0,0.0,,,0.002813525963574648,0.016136137768626213,0.002167079132050276,0.0035720490850508213,2.0
646,0.0,0.0,,,0.002005618065595627,0.02464187517762184,0.1316254585981369,0.009425117634236813,4.0
647,0.0,0.0,,,0.005722177214920521,0.03234536573290825,0.19422860443592072,0.025379542261362076,1.0
648,0.0,1.0,1.0,,0.3488248586654663,0.9924878478050232,0.8914501070976257,0.8056431412696838,4.0
649,1.0,1.0,,,0.992539644241333,0.9998588562011719,0.7457802295684814,0.813345730304718,0.0
650,0.0,0.0,,,0.0053238836117088795,0.022185007110238075,0.005951295141130686,0.026181576773524284,1.0
651,0.0,0.0,,,0.002058187732473016,0.03619847446680069,0.004085218533873558,0.010291783139109612,0.0
652,0.0,0.0,,,0.002299308544024825,0.019179776310920715,0.0013678879477083683,0.0076667373068630695,3.0
653,0.0,1.0,,,0.1478215456008911,0.9610406160354614,0.38886314630508423,0.008579607121646404,4.0
654,0.0,0.0,,,0.0035211110953241587,0.017732953652739525,0.01079645287245512,0.007486825808882713,1.0
655,0.0,0.0,0.0,,0.0018724575638771057,0.018079135566949844,0.004797539673745632,0.00538298487663269,4.0
656,0.0,0.0,,,0.001997347455471754,0.022608265280723572,0.01067348849028349,0.004034152254462242,4.0
657,0.0,0.0,,,0.0036740589421242476,0.03818464279174805,0.002030957257375121,0.008614564314484596,3.0
658,0.0,0.0,0.0,,0.0017903753323480487,0.019319698214530945,0.0181127842515707,0.0044088722206652164,4.0
659,0.0,1.0,0.0,,0.27952489256858826,0.9887483716011047,0.7579152584075928,0.9317370057106018,4.0
660,0.0,0.0,,,0.0018326666904613376,0.06783772259950638,0.098312608897686,0.07850886136293411,2.0
661,0.0,0.0,,,0.0016146644484251738,0.015093250200152397,0.0057625537738204,0.0042838361114263535,2.0
662,1.0,1.0,,,0.9381999969482422,0.8966529965400696,0.0034683889243751764,0.013816763646900654,3.0
663,0.0,0.0,,,0.003743774490430951,0.020179299637675285,0.0037845848128199577,0.010713605210185051,4.0
664,0.0,1.0,,,0.15711361169815063,0.9237337112426758,0.31808924674987793,0.02549641579389572,2.0
665,0.0,0.0,,,0.0012040002038702369,0.013069497421383858,0.005667775869369507,0.0065740556456148624,2.0
666,1.0,1.0,0.0,,0.9942440986633301,0.9940590858459473,0.013255128636956215,0.019870242103934288,3.0
667,0.0,0.0,,,0.002026161877438426,0.019432775676250458,0.07507115602493286,0.06419093161821365,3.0
668,1.0,1.0,,,0.9709997177124023,0.9942752122879028,0.14381569623947144,0.2699927091598511,1.0
669,1.0,1.0,1.0,,0.9979410171508789,0.9985207915306091,0.7040205001831055,0.9578375816345215,2.0
670,0.0,0.0,0.0,,0.011977910995483398,0.4237910807132721,0.23016256093978882,0.01109832152724266,0.0
671,0.0,0.0,0.0,,0.010066768154501915,0.1613280326128006,0.0021073203533887863,0.00929443258792162,3.0
672,0.0,0.0,0.0,,0.002612118609249592,0.03002869337797165,0.00760322529822588,0.01699734851717949,1.0
673,0.0,0.0,,,0.002513276878744364,0.019756492227315903,0.009203515015542507,0.009722741320729256,3.0
674,0.0,0.0,,,0.001576626324094832,0.021308941766619682,0.0006610816926695406,0.01600131392478943,0.0
675,0.0,0.0,,,0.002116357209160924,0.017162704840302467,0.016917556524276733,0.010984865017235279,3.0
676,0.0,1.0,1.0,,0.6248524188995361,0.9972235560417175,0.8630900382995605,0.6393485069274902,3.0
677,0.0,0.0,0.0,,0.0020906226709485054,0.024809228256344795,0.0011613152455538511,0.008248824626207352,0.0
678,0.0,0.0,0.0,,0.003013125155121088,0.014755479991436005,0.0009590085246600211,0.006254158448427916,1.0
679,1.0,1.0,,,0.9992637634277344,0.9993316531181335,0.7824087738990784,0.8962258100509644,0.0
680,1.0,1.0,1.0,,0.8946822285652161,0.9993758201599121,0.8838565349578857,0.8501075506210327,1.0
681,1.0,1.0,0.0,,0.9899290204048157,0.9989086389541626,0.10783412307500839,0.007778013590723276,4.0
682,1.0,1.0,,,0.9930804371833801,0.9932734966278076,0.09057088196277618,0.033092714846134186,2.0
683,1.0,1.0,,,0.9995651245117188,0.9992003440856934,0.27156931161880493,0.9490392208099365,4.0
684,1.0,1.0,1.0,,0.9931634664535522,0.999820351600647,0.5593389272689819,0.8180503249168396,4.0
685,0.0,0.0,0.0,0.0,0.003666458185762167,0.029091162607073784,0.0031054813880473375,0.005413338076323271,4.0
686,0.0,0.0,,,0.002135363407433033,0.0371505543589592,0.024050621315836906,0.009598981589078903,0.0
687,1.0,1.0,,,0.9929419755935669,0.9562619924545288,0.007628868333995342,0.9620283246040344,1.0
688,0.0,0.0,0.0,,0.0023363532964140177,0.022692983970046043,0.003166083712130785,0.030206365510821342,3.0
689,0.0,0.0,0.0,,0.0017354832962155342,0.018635258078575134,0.0037171966396272182,0.00993368960916996,3.0
690,1.0,1.0,0.0,,0.9845240712165833,0.9970220327377319,0.04040061682462692,0.34832340478897095,3.0
691,1.0,1.0,1.0,,0.23308804631233215,0.9907375574111938,0.9239043593406677,0.7374667525291443,2.0
692,0.0,0.0,,,0.001407391857355833,0.021874379366636276,0.03485993295907974,0.07843169569969177,2.0
693,0.0,0.0,,,0.002336955163627863,0.021825311705470085,0.010212588123977184,0.006861810572445393,1.0
694,1.0,1.0,,,0.7681068778038025,0.6916037797927856,0.002364823827520013,0.06225119158625603,1.0
695,,0.0,,,0.00280235568061471,0.0230356827378273,0.0042073228396475315,0.022999702021479607,1.0
696,1.0,1.0,,,0.7814096212387085,0.5600755214691162,0.013530341908335686,0.006928400602191687,4.0
697,0.0,0.0,0.0,,0.004316950682550669,0.03920138627290726,0.005612905602902174,0.007776166312396526,3.0
698,0.0,0.0,0.0,,0.0021679820492863655,0.024488892406225204,0.008151796646416187,0.005136559251695871,4.0
699,0.0,0.0,0.0,,0.0016921588685363531,0.032436564564704895,0.009156373329460621,0.004034492652863264,4.0
700,1.0,1.0,0.0,,0.9940396547317505,0.9998571872711182,0.545447051525116,0.8920491933822632,0.0
701,1.0,1.0,,,0.9957693219184875,0.9909833669662476,0.049128253012895584,0.01890724152326584,2.0
702,1.0,1.0,,,0.9840848445892334,0.9909403324127197,0.01962684467434883,0.00542554073035717,4.0
703,0.0,0.0,,,0.0025478771422058344,0.020580722019076347,0.007049343548715115,0.005052010528743267,4.0
704,1.0,1.0,,,0.9940958619117737,0.9898269772529602,0.01304766908288002,0.01965283788740635,2.0
705,0.0,0.0,,,0.002352608134970069,0.02081201784312725,0.0069636013358831406,0.007491715252399445,1.0
706,1.0,1.0,1.0,,0.9986896514892578,0.9975340366363525,0.7000329494476318,0.9667738676071167,2.0
707,1.0,1.0,0.0,,0.9988953471183777,0.9980869293212891,0.5047187805175781,0.873580813407898,0.0
708,1.0,1.0,,,0.999389111995697,0.9998829364776611,0.5839206576347351,0.7198087573051453,3.0
709,0.0,0.0,,,0.0027824328280985355,0.021202346310019493,0.0013608618173748255,0.004762499127537012,4.0
710,1.0,1.0,,,0.7431430220603943,0.8177722692489624,0.6216612458229065,0.9550619125366211,1.0
711,0.0,1.0,,,0.0033627424854785204,0.0164475180208683,0.006195413880050182,0.004139772616326809,2.0
712,0.0,0.0,,,0.0013775733532384038,0.014448791742324829,0.0035704029724001884,0.01764674484729767,2.0
713,1.0,1.0,1.0,,0.9786401987075806,0.9994810819625854,0.7426869869232178,0.6856167912483215,3.0
714,0.0,0.0,,,0.0012700100196525455,0.018238060176372528,0.003588602179661393,0.004361344501376152,2.0
715,1.0,1.0,0.0,,0.9893645644187927,0.9847531318664551,0.06146799027919769,0.9685969948768616,1.0
716,0.0,0.0,,,0.0016688068863004446,0.015733445063233376,0.0027683009393513203,0.009394001215696335,3.0
717,1.0,1.0,,,0.9895957708358765,0.9957084059715271,0.006017522420734167,0.01048579253256321,3.0
718,0.0,0.0,,,0.004848753102123737,0.29550668597221375,0.3894970417022705,0.016521591693162918,3.0
719,1.0,1.0,1.0,1.0,0.9952750205993652,0.9993160963058472,0.6072343587875366,0.9245141744613647,1.0
720,1.0,1.0,1.0,,0.9944401383399963,0.9979311227798462,0.36772021651268005,0.17703233659267426,2.0
721,0.0,0.0,0.0,,0.002734648995101452,0.018532074987888336,0.06333685666322708,0.010395881719887257,1.0
722,1.0,1.0,1.0,,0.8925504684448242,0.7660702466964722,0.22173812985420227,0.18983614444732666,2.0
723,0.0,0.0,,,0.001193272415548563,0.025198308750987053,0.03534393385052681,0.005697974935173988,2.0
724,1.0,1.0,,,0.9913638830184937,0.9998480081558228,0.6412334442138672,0.6797146797180176,2.0
725,1.0,1.0,,,0.9599021673202515,0.9995071887969971,0.6174899935722351,0.7057672739028931,3.0
726,0.0,0.0,,,0.002944093896076083,0.019939318299293518,0.002275792183354497,0.005088922567665577,4.0
727,1.0,1.0,1.0,1.0,0.9962748885154724,0.9978411197662354,0.7348967790603638,0.8932170867919922,0.0
728,1.0,1.0,0.0,,0.993145227432251,0.9932258725166321,0.10946911573410034,0.01596957817673683,3.0
729,1.0,1.0,0.0,,0.999252200126648,0.9986439943313599,0.645115852355957,0.8971233367919922,0.0
730,0.0,0.0,0.0,0.0,0.0024890569038689137,0.037689387798309326,0.008840139955282211,0.08078114688396454,2.0
731,0.0,0.0,0.0,,0.0020713976118713617,0.019434064626693726,0.009219406172633171,0.00785845797508955,3.0
732,0.0,0.0,0.0,,0.0018295188201591372,0.020539753139019012,0.005206096451729536,0.010225286707282066,3.0
733,1.0,1.0,,,0.994792103767395,0.9930915236473083,0.006240463815629482,0.03739980608224869,1.0
734,0.0,0.0,0.0,,0.0017400789074599743,0.017535362392663956,0.005529751069843769,0.007749293930828571,3.0
735,0.0,0.0,,,0.0019381343154236674,0.018892033025622368,0.013689694926142693,0.008460640907287598,3.0
736,0.0,1.0,,,0.3753527104854584,0.9920233488082886,0.6117513179779053,0.7529794573783875,0.0
737,1.0,1.0,,,0.9820256233215332,0.9864107966423035,0.06431291252374649,0.0870770812034607,3.0
738,0.0,0.0,,,0.00405249884352088,0.020224202424287796,0.0074932025745511055,0.012137078680098057,3.0
739,1.0,1.0,,,0.9965647459030151,0.9997355341911316,0.673621416091919,0.7002207636833191,3.0
740,1.0,1.0,0.0,,0.9837549328804016,0.9888923168182373,0.003049055580049753,0.00600686389952898,4.0
741,0.0,0.0,,,0.00238632271066308,0.016533605754375458,0.0016093506710603833,0.006100227124989033,1.0
742,0.0,0.0,,,0.0020678446162492037,0.01517877820879221,0.014203989878296852,0.00819733738899231,1.0
743,0.0,0.0,,,0.0013309294590726495,0.02076120674610138,0.02618611790239811,0.09024395048618317,2.0
744,0.0,0.0,0.0,,0.0031746523454785347,0.12953147292137146,0.019893597811460495,0.026677168905735016,0.0
745,0.0,0.0,,,0.00257153925485909,0.03433617204427719,0.009277863427996635,0.004366441164165735,2.0
746,0.0,1.0,,,0.5105176568031311,0.9936259388923645,0.8699244856834412,0.8025289177894592,0.0
747,0.0,1.0,1.0,1.0,0.15665969252586365,0.986901044845581,0.6924893856048584,0.8777244091033936,4.0
748,0.0,0.0,,,0.0012081967433914542,0.01942901685833931,0.028206389397382736,0.08149343729019165,2.0
749,1.0,1.0,1.0,,0.5305314064025879,0.9981290102005005,0.7048867344856262,0.7240827083587646,2.0
750,1.0,1.0,,,0.9702419638633728,0.9998475313186646,0.7858486175537109,0.7354680895805359,3.0
751,1.0,1.0,1.0,,0.9989245533943176,0.9991939067840576,0.6869903206825256,0.924599289894104,3.0
752,0.0,0.0,,,0.0028609016444534063,0.10464192181825638,0.18522784113883972,0.01754429191350937,0.0
753,1.0,1.0,,,0.9922981858253479,0.9767999649047852,0.09071864187717438,0.9759820699691772,3.0
754,1.0,1.0,,,0.9988922476768494,0.9976667165756226,0.7044042348861694,0.9729655385017395,2.0
755,0.0,0.0,,,0.0019904400687664747,0.022126151248812675,0.0040266080759465694,0.06518091261386871,0.0
756,1.0,1.0,,,0.9955908060073853,0.996566116809845,0.35447952151298523,0.47296810150146484,1.0
757,0.0,0.0,,,0.010242419317364693,0.24534207582473755,0.030185341835021973,0.033724214881658554,2.0
758,0.0,0.0,0.0,,0.0020519779063761234,0.019874272868037224,0.008523366414010525,0.010735192336142063,4.0
759,0.0,0.0,0.0,0.0,0.004065724555402994,0.024905923753976822,0.006583275739103556,0.0090088602155447,0.0
760,1.0,1.0,1.0,,0.8229309320449829,0.9987977743148804,0.8209794163703918,0.6745476722717285,3.0
761,0.0,0.0,,,0.001996721839532256,0.06175527349114418,0.12638923525810242,0.01960129663348198,3.0
762,0.0,1.0,,,0.015796871855854988,0.49090859293937683,0.012486331164836884,0.009335240349173546,3.0
763,1.0,1.0,,,0.9920700788497925,0.9917304515838623,0.0065034497529268265,0.008931156247854233,4.0
764,0.0,0.0,,,0.002776798326522112,0.015085574239492416,0.013568051159381866,0.006512720603495836,1.0
765,1.0,1.0,,,0.9860541224479675,0.9938238263130188,0.2677471935749054,0.09605959057807922,1.0
766,1.0,1.0,0.0,,0.9864245653152466,0.9891790747642517,0.007168940268456936,0.005472889170050621,4.0
767,1.0,1.0,,,0.9987421035766602,0.9998871088027954,0.331805944442749,0.04214785248041153,1.0
768,1.0,1.0,,,0.9973598718643188,0.999862790107727,0.8657631874084473,0.6440232992172241,3.0
769,1.0,1.0,1.0,,0.9996441602706909,0.9984239339828491,0.888831377029419,0.9001898169517517,4.0
770,1.0,1.0,,,0.998805820941925,0.999894380569458,0.7259107232093811,0.6788331866264343,3.0
771,1.0,1.0,,,0.9932242631912231,0.9999193549156189,0.9736846089363098,0.7114713191986084,1.0
772,0.0,1.0,,,0.8232829570770264,0.9975257515907288,0.32729673385620117,0.051695480942726135,0.0
773,0.0,0.0,,,0.004147072322666645,0.029295600950717926,0.0055250562727451324,0.004498090595006943,4.0
774,0.0,1.0,,,0.4354446530342102,0.9935733675956726,0.7409809827804565,0.7454525232315063,2.0
775,1.0,1.0,0.0,,0.969680666923523,0.9789645075798035,0.10811655223369598,0.013874627649784088,4.0
776,0.0,1.0,0.0,,0.00373290479183197,0.09715312719345093,0.019824806600809097,0.005185517016798258,2.0
777,1.0,1.0,0.0,,0.808966875076294,0.833789587020874,0.02892349660396576,0.038241952657699585,2.0
778,0.0,0.0,,,0.0025418447330594063,0.019353849813342094,0.01786978729069233,0.009217074140906334,2.0
779,0.0,0.0,0.0,0.0,0.024406880140304565,0.03886401653289795,0.004741516429930925,0.01397883240133524,4.0
780,0.0,0.0,,,0.0022841657046228647,0.019663652405142784,0.02830476313829422,0.028119172900915146,1.0
781,0.0,0.0,,,0.0035329984966665506,0.023790575563907623,0.04460952430963516,0.019520800560712814,1.0
782,0.0,0.0,0.0,0.0,0.002499415073543787,0.01684277318418026,0.012043874710798264,0.005930931773036718,1.0
783,0.0,0.0,0.0,,0.0027571457903832197,0.048257023096084595,0.016773108392953873,0.00959844421595335,3.0
784,1.0,1.0,0.0,,0.997751772403717,0.9954742193222046,0.26757577061653137,0.9437990188598633,4.0
785,0.0,1.0,,,0.2425549328327179,0.993295431137085,0.8624801635742188,0.6239338517189026,1.0
786,0.0,1.0,,,0.002694005612283945,0.026604637503623962,0.015425197780132294,0.025140684098005295,0.0
787,0.0,0.0,0.0,,0.10099883377552032,0.919898509979248,0.31913185119628906,0.3995867371559143,0.0
788,1.0,1.0,0.0,1.0,0.9879016876220703,0.961582362651825,0.03684734180569649,0.9715443253517151,0.0
789,0.0,1.0,,,0.9848237633705139,0.9841369390487671,0.5719099044799805,0.8801387548446655,4.0
790,1.0,1.0,1.0,,0.9983293414115906,0.9962471127510071,0.1598876714706421,0.9358793497085571,4.0
791,1.0,1.0,,,0.7832092642784119,0.9884112477302551,0.13177914917469025,0.00738754216581583,4.0
792,0.0,0.0,,,0.17188166081905365,0.9692502021789551,0.44309869408607483,0.04978977143764496,0.0
793,1.0,1.0,,,0.9935578107833862,0.9996193647384644,0.49826788902282715,0.33452120423316956,3.0
794,1.0,1.0,0.0,,0.9907414317131042,0.9923381805419922,0.009321551769971848,0.01735880598425865,3.0
795,1.0,1.0,0.0,0.0,0.9436498284339905,0.5479769110679626,0.02929649129509926,0.006724560633301735,4.0
796,,0.0,,,0.0018877825932577252,0.016704298555850983,0.00270705483853817,0.007720533758401871,3.0
797,1.0,1.0,0.0,,0.992419958114624,0.9916673302650452,0.026724621653556824,0.009159539826214314,4.0
798,0.0,1.0,1.0,,0.4193226397037506,0.994187593460083,0.8908658027648926,0.7690039873123169,0.0
799,0.0,0.0,,,0.0025621536187827587,0.02454153634607792,0.006088038440793753,0.02502799965441227,2.0
800,1.0,1.0,,,0.9917724132537842,0.9889861345291138,0.022267011925578117,0.021064039319753647,1.0
801,0.0,0.0,0.0,,0.009137756191194057,0.07014517486095428,0.033049218356609344,0.016095217317342758,4.0
802,1.0,1.0,0.0,0.0,0.9955288171768188,0.9924372434616089,0.10839565843343735,0.019050275906920433,2.0
803,1.0,1.0,0.0,,0.7490004897117615,0.562263011932373,0.011995390057563782,0.010614837519824505,3.0
804,1.0,1.0,,,0.9989087581634521,0.9996583461761475,0.9055638909339905,0.9871410727500916,4.0
805,1.0,1.0,,,0.9988358020782471,0.999530553817749,0.9439839124679565,0.9528917074203491,3.0
806,0.0,0.0,0.0,,0.0032921971287578344,0.13981486856937408,0.002239277819171548,0.011004296131432056,2.0
807,1.0,1.0,0.0,,0.9939213991165161,0.9881774187088013,0.012095551006495953,0.029477637261152267,1.0
808,1.0,1.0,,,0.9896578192710876,0.99985271692276,0.5707175135612488,0.639367938041687,1.0
809,0.0,1.0,0.0,,0.9206897020339966,0.7071026563644409,0.19016355276107788,0.2117415964603424,0.0
810,1.0,1.0,,,0.6260143518447876,0.9252533912658691,0.44284820556640625,0.3049362301826477,1.0
811,0.0,1.0,0.0,,0.838341236114502,0.7374528050422668,0.018109796568751335,0.03926246613264084,2.0
812,0.0,0.0,,,0.0022455269936472178,0.017301322892308235,0.006291044410318136,0.020088262856006622,1.0
813,1.0,1.0,,,0.9965699911117554,0.9920443296432495,0.027879279106855392,0.0185456071048975,2.0
814,0.0,0.0,,,0.0033088887576013803,0.021730022504925728,0.006037523504346609,0.0077515533193945885,3.0
815,1.0,1.0,,,0.5427191853523254,0.8539208173751831,0.3665330708026886,0.009116061963140965,4.0
816,0.0,0.0,0.0,,0.8598846197128296,0.7631649374961853,0.004630594048649073,0.0716213583946228,1.0
817,1.0,1.0,,,0.9985905885696411,0.998182475566864,0.7035470604896545,0.886091947555542,1.0
818,0.0,1.0,0.0,,0.24249905347824097,0.9901487827301025,0.6849188804626465,0.807134747505188,2.0
819,0.0,1.0,0.0,,0.15641847252845764,0.9932288527488708,0.5520086884498596,0.9084407091140747,1.0
820,0.0,0.0,,,0.8825107216835022,0.5732378363609314,0.020641449838876724,0.044428013265132904,2.0
821,0.0,0.0,0.0,,0.0013685368467122316,0.016517575830221176,0.002183148404583335,0.005438254214823246,2.0
822,1.0,1.0,0.0,,0.9567403793334961,0.9920127987861633,0.24246437847614288,0.03933931142091751,4.0
823,0.0,0.0,,,0.0020672886166721582,0.03297881409525871,0.05043613538146019,0.008201961405575275,3.0
824,0.0,0.0,,,0.0023401102516800165,0.02440602518618107,0.003345287637785077,0.004652167204767466,2.0
825,0.0,1.0,0.0,,0.7184011340141296,0.718504786491394,0.017025677487254143,0.010830270126461983,3.0
826,0.0,0.0,0.0,,0.0020069361198693514,0.01829572021961212,0.010135563090443611,0.00878459494560957,3.0
827,1.0,1.0,,,0.9920526146888733,0.9902768731117249,0.013784372247755527,0.007222482468932867,4.0
828,0.0,0.0,0.0,0.0,0.0027686397079378366,0.015694793313741684,0.008229539729654789,0.009037126787006855,3.0
829,0.0,0.0,0.0,,0.00408987095579505,0.026267696171998978,0.009632333181798458,0.022165386006236076,1.0
830,0.0,0.0,0.0,,0.0035663617309182882,0.02878568321466446,0.009454715996980667,0.014602052047848701,4.0
831,0.0,1.0,0.0,,0.9350191354751587,0.9989138841629028,0.26531052589416504,0.05445200949907303,1.0
832,0.0,0.0,0.0,,0.001365674426779151,0.014375352300703526,0.001263015205040574,0.0038914396427571774,2.0
833,1.0,1.0,0.0,,0.9991909861564636,0.9989188313484192,0.0989026352763176,0.9446673393249512,4.0
834,1.0,1.0,,,0.845621645450592,0.7716440558433533,0.29341545701026917,0.18438027799129486,1.0
835,1.0,1.0,,,0.014847991988062859,0.23605851829051971,0.03974632918834686,0.0047993129119277,4.0
836,1.0,1.0,,,0.9941665530204773,0.997527003288269,0.08525652438402176,0.05808231234550476,0.0
837,1.0,1.0,,,0.9787342548370361,0.9866142868995667,0.32132989168167114,0.016941843554377556,4.0
838,0.0,1.0,,,0.01934850588440895,0.4159557521343231,0.17358098924160004,0.014926710166037083,0.0
839,0.0,1.0,,,0.2605608403682709,0.9974437952041626,0.9350354671478271,0.5935540199279785,1.0
840,0.0,1.0,1.0,,0.26807528734207153,0.9881871342658997,0.8050309419631958,0.8046467304229736,0.0
841,0.0,0.0,,,0.014501120895147324,0.34633955359458923,0.029804257676005363,0.02878122590482235,1.0
842,1.0,,,,0.9318986535072327,0.9995342493057251,0.6115512847900391,0.811553955078125,2.0
843,1.0,1.0,0.0,,0.9936944246292114,0.9924101829528809,0.0020025530830025673,0.02085825800895691,2.0
844,0.0,0.0,,,0.0020069601014256477,0.016692783683538437,0.0021814254578202963,0.019489744678139687,2.0
845,0.0,0.0,0.0,0.0,0.0017422712408006191,0.020195849239826202,0.0009650429710745811,0.007790206931531429,0.0
846,1.0,1.0,1.0,1.0,0.9706068634986877,0.999056339263916,0.9222911596298218,0.7156927585601807,2.0
847,1.0,1.0,,,0.9537540674209595,0.9996237754821777,0.46656081080436707,0.3196510970592499,3.0
848,1.0,1.0,,,0.994942307472229,0.9967106580734253,0.016263078898191452,0.033212386071681976,3.0
849,1.0,1.0,0.0,,0.9018555879592896,0.9805317521095276,0.02953222393989563,0.020817743614315987,1.0
850,1.0,1.0,,,0.9811543226242065,0.999884843826294,0.8133477568626404,0.6610922813415527,3.0
851,0.0,0.0,,,0.004567706026136875,0.028136614710092545,0.013239078223705292,0.02461281418800354,3.0
852,0.0,0.0,0.0,,0.00901893712580204,0.143131285905838,0.02742054872214794,0.007576565258204937,3.0
853,1.0,1.0,0.0,0.0,0.9950637817382812,0.9934414625167847,0.08699820190668106,0.0062715294770896435,4.0
854,1.0,1.0,,,0.9960916638374329,0.9960731267929077,0.24174149334430695,0.01829688437283039,4.0
855,1.0,1.0,0.0,,0.9896517992019653,0.9877387881278992,0.002383206272497773,0.030219685286283493,1.0
856,1.0,1.0,,,0.7821627855300903,0.9551141262054443,0.12544628977775574,0.11711030453443527,1.0
857,1.0,1.0,1.0,,0.9710671305656433,0.9996778964996338,0.8855084776878357,0.7985379099845886,0.0
858,0.0,0.0,,,0.002516425447538495,0.02097415365278721,0.018992198631167412,0.023073062300682068,3.0
859,0.0,0.0,0.0,,0.0030932724475860596,0.028877435252070427,0.02027752250432968,0.06433416157960892,0.0
860,1.0,1.0,0.0,0.0,0.9931603074073792,0.9981915950775146,0.04453450068831444,0.014356330968439579,4.0
861,0.0,1.0,1.0,,0.423740416765213,0.9958224892616272,0.9668049812316895,0.9515095949172974,0.0
862,1.0,1.0,1.0,1.0,0.9989849328994751,0.9993762969970703,0.8226942420005798,0.8934648036956787,0.0
863,0.0,0.0,,,0.003573185997083783,0.030309386551380157,0.01660599745810032,0.051590338349342346,4.0
864,1.0,1.0,1.0,,0.9991295337677002,0.9985452890396118,0.8224755525588989,0.9622771739959717,2.0
865,0.0,0.0,,,0.004129218868911266,0.019314808771014214,0.03111741691827774,0.0077611301094293594,1.0
866,1.0,1.0,1.0,,0.9996584057807922,0.9982934594154358,0.6825976967811584,0.9146088361740112,4.0
867,0.0,0.0,0.0,,0.0017992454813793302,0.0336017832159996,0.007749713957309723,0.0904642790555954,0.0
868,1.0,1.0,0.0,,0.9956966042518616,0.9980418682098389,0.15487942099571228,0.02103276364505291,3.0
869,,0.0,,,0.0024418658576905727,0.06788074970245361,0.0023253837134689093,0.00948731042444706,0.0
870,0.0,1.0,,,0.25516796112060547,0.9911091327667236,0.7012872099876404,0.8057639598846436,4.0
871,0.0,0.0,,,0.0023672885727137327,0.04913251847028732,0.07647361606359482,0.085025355219841,2.0
872,1.0,1.0,,,0.5675653219223022,0.9619618654251099,0.021529030054807663,0.027261218056082726,3.0
873,0.0,0.0,,,0.001962394919246435,0.0171138197183609,0.005658689420670271,0.003806865308433771,2.0
874,0.0,1.0,0.0,,0.14318802952766418,0.9536111354827881,0.33307790756225586,0.048379477113485336,0.0
875,0.0,0.0,0.0,,0.004387185908854008,0.036043185740709305,0.07317042350769043,0.012830651365220547,3.0
876,0.0,0.0,,,0.006455972325056791,0.034109748899936676,0.010487820021808147,0.004702655132859945,4.0
877,0.0,0.0,0.0,,0.0020939724054187536,0.021427184343338013,0.007715153973549604,0.012571578845381737,4.0
878,1.0,1.0,0.0,,0.8185576796531677,0.818273663520813,0.374117910861969,0.07474443316459656,4.0
879,1.0,1.0,0.0,,0.9752657413482666,0.9591400623321533,0.011175252497196198,0.02885049395263195,1.0
880,0.0,1.0,0.0,,0.27529701590538025,0.992725133895874,0.8267295360565186,0.8042084574699402,4.0
881,0.0,0.0,0.0,,0.001836348557844758,0.03484564647078514,0.0058355387300252914,0.018984993919730186,0.0
882,0.0,0.0,0.0,,0.8454923033714294,0.972215473651886,0.011639697477221489,0.021633056923747063,3.0
883,1.0,1.0,1.0,,0.4119552671909332,0.4352231025695801,0.32635316252708435,0.00926362443715334,4.0
884,1.0,1.0,,,0.9966086745262146,0.9940622448921204,0.01357318740338087,0.012103097513318062,3.0
885,0.0,0.0,,,0.003056169953197241,0.02162010222673416,0.007454643025994301,0.007716229185461998,3.0
886,1.0,1.0,,,0.9964320659637451,0.9987409114837646,0.02261749841272831,0.028465133160352707,1.0
887,1.0,1.0,0.0,,0.9880288243293762,0.9814901947975159,0.008742015808820724,0.036583226174116135,2.0
888,1.0,1.0,0.0,,0.9760310649871826,0.994888424873352,0.0744832381606102,0.04989204555749893,0.0
889,0.0,0.0,,,0.002270129509270191,0.018372658640146255,0.015310056507587433,0.011017538607120514,1.0
890,1.0,1.0,,,0.9940004348754883,0.9953489899635315,0.14178253710269928,0.023281771689653397,3.0
891,0.0,0.0,,,0.0020574594382196665,0.12322421371936798,0.0015402860008180141,0.01745619811117649,0.0
892,0.0,0.0,,,0.0041084131225943565,0.0622871071100235,0.009273714385926723,0.010591394267976284,0.0
893,1.0,1.0,0.0,0.0,0.9923533201217651,0.9945123791694641,0.01671694777905941,0.03208804130554199,0.0
894,0.0,1.0,0.0,0.0,0.3690037429332733,0.9901630878448486,0.6909128427505493,0.6857807636260986,3.0
895,0.0,0.0,0.0,,0.0023601914290338755,0.13516560196876526,0.0293672364205122,0.014569023624062538,3.0
896,0.0,0.0,,,0.002014465630054474,0.019273629412055016,0.0009580830810591578,0.005039948504418135,4.0
897,0.0,0.0,0.0,,0.9746752381324768,0.6100364327430725,0.11956667900085449,0.022031396627426147,2.0
898,0.0,0.0,,,0.0013778641587123275,0.0248891469091177,0.009828606620430946,0.006946447305381298,2.0
899,0.0,0.0,0.0,,0.00213265442289412,0.030238812789320946,0.0024325354024767876,0.02689240127801895,3.0
900,1.0,1.0,,,0.9619947075843811,0.9929037094116211,0.3371809720993042,0.03339311107993126,0.0
901,0.0,0.0,0.0,,0.007654101122170687,0.21492698788642883,0.001960444962605834,0.0036884823348373175,2.0
902,0.0,1.0,,,0.19560790061950684,0.996616780757904,0.9322707653045654,0.824638843536377,4.0
903,0.0,0.0,,,0.0025471183471381664,0.017216188833117485,0.003640918992459774,0.008450291119515896,1.0
904,0.0,1.0,0.0,,0.0015826597809791565,0.10185763239860535,0.001266192877665162,0.01100517250597477,2.0
905,1.0,1.0,,,0.9966837167739868,0.9953214526176453,0.03792785108089447,0.021631333976984024,2.0
906,1.0,1.0,1.0,,0.637689471244812,0.9991156458854675,0.6363736391067505,0.9382359981536865,0.0
907,1.0,1.0,1.0,,0.8002827763557434,0.9995027780532837,0.9340745806694031,0.8318127989768982,0.0
908,0.0,0.0,,,0.0018359735840931535,0.015066203661262989,0.004876276012510061,0.008021478541195393,3.0
909,0.0,0.0,,,0.002497466979548335,0.03901787847280502,0.11093540489673615,0.004860944114625454,2.0
910,1.0,1.0,,,0.9947237372398376,0.9985507726669312,0.004816694185137749,0.021359115839004517,2.0
911,0.0,0.0,,,0.006454660091549158,0.0309586264193058,0.04963039606809616,0.01376755814999342,4.0
912,0.0,1.0,,,0.0037695341743528843,0.02991999126970768,0.08080001175403595,0.07669394463300705,3.0
913,1.0,1.0,0.0,,0.9983584880828857,0.9999393224716187,0.6391767859458923,0.8037698864936829,0.0
914,1.0,1.0,,,0.9929211139678955,0.9993988275527954,0.39327943325042725,0.08295635879039764,2.0
915,0.0,1.0,,,0.47127166390419006,0.9988262057304382,0.8074469566345215,0.9262794852256775,0.0
916,0.0,0.0,,,0.0062835002318024635,0.02323763445019722,0.016594108194112778,0.12812945246696472,1.0
917,0.0,0.0,0.0,,0.001176493358798325,0.025221405550837517,0.001666459022089839,0.011674574576318264,2.0
918,0.0,0.0,0.0,0.0,0.0016035950975492597,0.015272321179509163,0.003021789947524667,0.024506743997335434,3.0
919,1.0,1.0,,,0.988906741142273,0.9994378089904785,0.6459448337554932,0.7192290425300598,3.0
920,1.0,1.0,,,0.9934541583061218,0.9926683306694031,0.08400490880012512,0.01679965667426586,4.0
921,0.0,0.0,,,0.0034682201221585274,0.07727626711130142,0.07262039184570312,0.004975775722414255,2.0
922,0.0,0.0,0.0,,0.8044140934944153,0.6975818276405334,0.015786323696374893,0.0446256659924984,2.0
923,1.0,1.0,,,0.8749890327453613,0.9917542934417725,0.8368220925331116,0.5746945142745972,1.0
924,1.0,1.0,,,0.7761061787605286,0.995983362197876,0.7210602164268494,0.659266471862793,3.0
925,0.0,0.0,,,0.0029226457700133324,0.10500956326723099,0.0031656622886657715,0.0139329694211483,0.0
926,1.0,1.0,,,0.9811365008354187,0.9993751645088196,0.5432825684547424,0.7515952587127686,1.0
927,0.0,0.0,0.0,,0.0034435265697538853,0.01869497075676918,0.005970028229057789,0.007301853969693184,4.0
928,0.0,0.0,,,0.0026778895407915115,0.015821782872080803,0.0020769061520695686,0.009572034701704979,3.0
929,0.0,0.0,,,0.006177241913974285,0.01746264658868313,0.004618441686034203,0.024199698120355606,1.0
930,0.0,0.0,0.0,,0.003282090649008751,0.02019340731203556,0.02181362174451351,0.014183716848492622,1.0
931,0.0,0.0,0.0,,0.004187614191323519,0.023256001994013786,0.002315770834684372,0.056665726006031036,1.0
932,1.0,1.0,,,0.995469331741333,0.9998693466186523,0.829469621181488,0.8875570297241211,0.0
933,0.0,0.0,,,0.004810692276805639,0.1796528548002243,0.4117185175418854,0.018738815560936928,3.0
934,1.0,1.0,0.0,,0.9981493949890137,0.9973892569541931,0.4501608610153198,0.2886166572570801,3.0
935,1.0,1.0,0.0,,0.7875533103942871,0.6579872965812683,0.017172981053590775,0.014851017855107784,4.0
936,1.0,1.0,0.0,,0.9944978952407837,0.9963822364807129,0.07667479664087296,0.030239392071962357,2.0
937,1.0,1.0,,,0.9881479144096375,0.8994681239128113,0.04186798632144928,0.6510787010192871,0.0
938,1.0,1.0,0.0,,0.9945366382598877,0.9914747476577759,0.023513562977313995,0.018773812800645828,2.0
939,1.0,1.0,,,0.991142213344574,0.9836331009864807,0.03750189021229744,0.15136942267417908,2.0
940,0.0,0.0,,,0.0033117167185992002,0.02340414747595787,0.03405288606882095,0.009772032499313354,1.0
941,0.0,1.0,,,0.8972559571266174,0.9861390590667725,0.09249688684940338,0.023638824000954628,1.0
942,1.0,1.0,,,0.986298680305481,0.9958623647689819,0.215520441532135,0.035619884729385376,0.0
943,0.0,1.0,,,0.2322377860546112,0.9962272644042969,0.8993088006973267,0.7583978176116943,2.0
944,0.0,0.0,,,0.0021755718626081944,0.02361365407705307,0.06291589140892029,0.05642804503440857,0.0
945,1.0,1.0,,,0.989949643611908,0.994001567363739,0.0207313671708107,0.012791667133569717,3.0
946,1.0,1.0,1.0,,0.8573309779167175,0.9998179078102112,0.8029207587242126,0.7686519026756287,2.0
947,1.0,1.0,1.0,,0.8844985365867615,0.9994739294052124,0.6681699156761169,0.6381204128265381,3.0
948,0.0,0.0,,,0.00233279075473547,0.036947689950466156,0.002762536983937025,0.008759412914514542,0.0
949,0.0,0.0,,,0.003076571971178055,0.029589978978037834,0.064553402364254,0.055946219712495804,0.0
950,0.0,0.0,0.0,0.0,0.0015876666875556111,0.0381707102060318,0.012966952286660671,0.06456642597913742,2.0
951,0.0,0.0,,,0.0015497120330110192,0.11660091578960419,0.02115917019546032,0.0037078445311635733,2.0
952,0.0,0.0,,,0.0020899316295981407,0.01538025215268135,0.011389879509806633,0.009899262338876724,1.0
953,0.0,0.0,,,0.0037545000668615103,0.02055443823337555,0.01802738569676876,0.00837986171245575,3.0
954,0.0,0.0,,,0.004296164494007826,0.045160166919231415,0.11403045058250427,0.009562303312122822,4.0
955,0.0,1.0,,,0.01656649261713028,0.21735960245132446,0.36247920989990234,0.05463356152176857,4.0
956,1.0,1.0,1.0,,0.9994869828224182,0.9950520992279053,0.4500535726547241,0.015736481174826622,4.0
957,0.0,0.0,,,0.0037516721058636904,0.028348295018076897,0.02343093790113926,0.005351602099835873,4.0
958,1.0,1.0,,,0.7751615047454834,0.7917201519012451,0.09802751988172531,0.081133171916008,3.0
959,1.0,1.0,0.0,0.0,0.9401981234550476,0.988895058631897,0.03213328495621681,0.033341407775878906,4.0
960,1.0,1.0,0.0,,0.9995722770690918,0.9994120597839355,0.10232578217983246,0.939685583114624,4.0
961,1.0,1.0,,,0.9965987205505371,0.9949348568916321,0.10833530873060226,0.9342733025550842,4.0
962,1.0,1.0,,,0.9824458360671997,0.953980565071106,0.011934559792280197,0.0745687410235405,0.0
963,1.0,1.0,,,0.9875574111938477,0.9527148604393005,0.10910117626190186,0.972012460231781,1.0
964,0.0,0.0,,,0.0047740936279296875,0.020451536402106285,0.006066083908081055,0.013025151565670967,2.0
965,0.0,0.0,0.0,,0.0028462347108870745,0.03310228884220123,0.013485901989042759,0.012522393837571144,0.0
966,1.0,1.0,,,0.98150634765625,0.999691367149353,0.5667790174484253,0.7589928507804871,2.0
967,0.0,0.0,0.0,,0.0016922036884352565,0.0400582030415535,0.026116574183106422,0.0247925017029047,3.0
968,1.0,1.0,,,0.9661593437194824,0.9991456866264343,0.9296263456344604,0.751440167427063,2.0
969,0.0,0.0,,,0.002492567291483283,0.018568674102425575,0.0019494108855724335,0.00802378635853529,3.0
970,1.0,1.0,0.0,,0.9515112638473511,0.9986083507537842,0.5357521176338196,0.6938098073005676,3.0
971,0.0,1.0,0.0,,0.0023856377229094505,0.0891779437661171,0.009313896298408508,0.0047026127576828,4.0
972,1.0,1.0,,,0.9877775311470032,0.9880192279815674,0.007625605911016464,0.005724630318582058,4.0
973,0.0,0.0,,,0.002611243398860097,0.11902124434709549,0.027773121371865273,0.008394410833716393,1.0
974,1.0,1.0,0.0,,0.9712932109832764,0.9442623257637024,0.011619488708674908,0.021245287731289864,1.0
975,1.0,1.0,,,0.9753983616828918,0.9995691776275635,0.7132908701896667,0.772324800491333,4.0
976,1.0,1.0,,,0.9938821792602539,0.9906067252159119,0.015571224503219128,0.026115920394659042,1.0
977,0.0,0.0,,,0.0023361400235444307,0.019624769687652588,0.0030876384116709232,0.008296187035739422,3.0
978,0.0,0.0,,,0.002318308688700199,0.01824149861931801,0.012997973710298538,0.010181384161114693,1.0
979,0.0,0.0,0.0,0.0,0.0025504212826490402,0.037195172160863876,0.012590020895004272,0.010227588936686516,0.0
980,1.0,1.0,1.0,1.0,0.038524921983480453,0.10465880483388901,0.09947352856397629,0.007166306488215923,4.0
981,1.0,1.0,0.0,,0.9599804282188416,0.9849300980567932,0.02524466998875141,0.03615724667906761,0.0
982,0.0,0.0,0.0,,0.004166371189057827,0.025147033855319023,0.008967694826424122,0.004024352412670851,2.0
983,1.0,1.0,,,0.9869334101676941,0.9996211528778076,0.9548947811126709,0.705840528011322,3.0
984,1.0,1.0,,,0.9966828227043152,0.999849796295166,0.7589726448059082,0.9197832942008972,2.0
985,0.0,0.0,,,0.04274913668632507,0.05745699629187584,0.11302970349788666,0.01631815917789936,0.0
986,1.0,1.0,,,0.9176775217056274,0.9486487507820129,0.027255762368440628,0.14247217774391174,0.0
987,0.0,1.0,,,0.1944563090801239,0.9896509647369385,0.8039554357528687,0.7323936820030212,2.0
988,1.0,1.0,,,0.9579759836196899,0.8966445326805115,0.011857015080749989,0.16672088205814362,1.0
989,0.0,0.0,,,0.002842445857822895,0.040305137634277344,0.004295737482607365,0.008076142519712448,3.0
990,0.0,0.0,1.0,1.0,0.0031353705562651157,0.028433993458747864,0.041273411363363266,0.009084190241992474,1.0
991,1.0,1.0,1.0,,0.9993893504142761,0.9985649585723877,0.7184966206550598,0.8884270191192627,4.0
992,0.0,0.0,,,0.0033152808900922537,0.023947644978761673,0.08445168286561966,0.011155365966260433,4.0
993,0.0,0.0,,,0.005111859180033207,0.01592288725078106,0.004590736236423254,0.005939872935414314,1.0
994,0.0,0.0,0.0,,0.0035521872341632843,0.015611142851412296,0.0028813702519983053,0.0060516539961099625,1.0
995,1.0,1.0,,,0.9871228337287903,0.9875034689903259,0.015785591676831245,0.006718602497130632,4.0
996,1.0,1.0,,,0.9515389204025269,0.9994838833808899,0.6089414358139038,0.8286963701248169,4.0
997,0.0,0.0,,,0.0014416150515899062,0.021585145965218544,0.016773447394371033,0.07748226076364517,2.0
998,0.0,0.0,,,0.013010719791054726,0.03102218359708786,0.009574283845722675,0.004157140385359526,2.0
999,1.0,1.0,1.0,,0.9830399751663208,0.7821402549743652,0.266956090927124,0.02401115372776985,0.0
1000,0.0,0.0,,,0.010477809235453606,0.4845300018787384,0.4926221966743469,0.03398962318897247,1.0
1001,0.0,0.0,,,0.0032257239799946547,0.022191373631358147,0.11018549650907516,0.012204681523144245,1.0
1002,0.0,0.0,,,0.0038181915879249573,0.08018621802330017,0.006718789227306843,0.01354868896305561,4.0
1003,0.0,0.0,,,0.001992546021938324,0.0719696655869484,0.00752634322270751,0.005829736590385437,4.0
1004,1.0,1.0,0.0,,0.9926732182502747,0.9997942447662354,0.960732638835907,0.8630032539367676,1.0
1005,0.0,0.0,,,0.0026018109638243914,0.10276148468255997,0.02499344013631344,0.01354970969259739,1.0
1006,1.0,1.0,,,0.8023521900177002,0.9758179187774658,0.001976879546418786,0.03609094396233559,2.0
1007,0.0,1.0,,,0.03348951041698456,0.39952412247657776,0.05267888680100441,0.06323567777872086,2.0
1008,1.0,1.0,1.0,,0.9744571447372437,0.993131160736084,0.7841060757637024,0.8912449479103088,4.0
1009,1.0,1.0,0.0,,0.7933995127677917,0.9976356029510498,0.6371568441390991,0.7279491424560547,2.0
1010,1.0,1.0,,,0.9769287705421448,0.999864399433136,0.8443408608436584,0.8425171971321106,0.0
1011,1.0,1.0,,,0.9940109252929688,0.998436450958252,0.38714176416397095,0.043592825531959534,4.0
1012,0.0,0.0,0.0,,0.0019735817331820726,0.039165690541267395,0.0019957581534981728,0.004841994494199753,4.0
1013,0.0,0.0,0.0,,0.003018817165866494,0.017819415777921677,0.0067383828572928905,0.0154490415006876,2.0
1014,0.0,0.0,0.0,,0.003348954953253269,0.055462196469306946,0.00273712445050478,0.012667834758758545,0.0
1015,0.0,0.0,0.0,0.0,0.0026169284246861935,0.038518909364938736,0.4125913381576538,0.0087330536916852,3.0
1016,1.0,1.0,,,0.9914512634277344,0.9909248948097229,0.0032609065528959036,0.007260906044393778,4.0
1017,1.0,1.0,,,0.9820008277893066,0.9299447536468506,0.07180590182542801,0.02348770946264267,0.0
1018,0.0,0.0,0.0,,0.006993559654802084,0.01605338416993618,0.0264848992228508,0.006285311188548803,1.0
1019,1.0,1.0,1.0,,0.995254397392273,0.9929249286651611,0.48967698216438293,0.018566587939858437,4.0
1020,1.0,1.0,,,0.9979748725891113,0.9938561320304871,0.008181465789675713,0.9242650270462036,4.0
1021,0.0,0.0,,,0.7953416109085083,0.5650623440742493,0.14057351648807526,0.015571542084217072,4.0
1022,0.0,0.0,,,0.0031913609709590673,0.025228548794984818,0.005034611094743013,0.022377872839570045,2.0
1023,0.0,0.0,,,0.11539769172668457,0.15247899293899536,0.09299284219741821,0.008649412542581558,2.0
1024,0.0,0.0,,,0.001981035340577364,0.06762740761041641,0.01308451034128666,0.017097868025302887,3.0
1025,0.0,0.0,,,0.002421526936814189,0.019602248445153236,0.00924326665699482,0.013021175749599934,0.0
1026,0.0,1.0,0.0,,0.8012604713439941,0.8856320381164551,0.0028060157783329487,0.05028989911079407,2.0
1027,0.0,0.0,0.0,,0.0016759686404839158,0.13818974792957306,0.0007926590624265373,0.0138742970302701,0.0
1028,0.0,0.0,0.0,,0.002384923165664077,0.052219729870557785,0.011323012411594391,0.005067305639386177,4.0
1029,0.0,1.0,0.0,,0.019000820815563202,0.4963757395744324,0.009068340063095093,0.02167521044611931,0.0
1030,0.0,1.0,,,0.0016294055385515094,0.024043379351496696,0.030236948281526566,0.07879075407981873,2.0
1031,0.0,0.0,,,0.0034246412105858326,0.015920467674732208,0.009593205526471138,0.007841476239264011,3.0
1032,0.0,0.0,,,0.002119588665664196,0.01647624745965004,0.005191633012145758,0.007731403689831495,3.0
1033,0.0,0.0,,,0.006626760587096214,0.0412689633667469,0.007421847432851791,0.012106736190617085,0.0
1034,0.0,0.0,0.0,,0.0014162111328914762,0.02584003284573555,0.001700910972431302,0.004342040978372097,2.0
1035,0.0,1.0,1.0,1.0,0.5675276517868042,0.9707574248313904,0.7048071026802063,0.9327211380004883,3.0
1036,1.0,1.0,1.0,1.0,0.9992142915725708,0.99950110912323,0.830848217010498,0.9155135154724121,0.0
1037,1.0,1.0,1.0,,0.999333918094635,0.9986385107040405,0.7624350786209106,0.9700591564178467,1.0
1038,0.0,0.0,0.0,,0.002628199988976121,0.022433316335082054,0.009211418218910694,0.004741808399558067,4.0
1039,0.0,0.0,,,0.004225432872772217,0.09667503833770752,0.0609118826687336,0.011567889712750912,3.0
1040,1.0,1.0,,,0.9239659309387207,0.9192678332328796,0.06585366278886795,0.07693512737751007,0.0
1041,0.0,1.0,,,0.15846139192581177,0.9956564903259277,0.9493427276611328,0.9368653297424316,1.0
1042,0.0,0.0,,,0.0025766417384147644,0.031866200268268585,0.009987452067434788,0.010089598596096039,3.0
1043,0.0,0.0,0.0,,0.0029671655502170324,0.05514487624168396,0.011223099194467068,0.005146650597453117,2.0
1044,0.0,0.0,,,0.0023811045102775097,0.017866816371679306,0.06312485784292221,0.02655046619474888,1.0
1045,0.0,0.0,,,0.0036506829783320427,0.01918533444404602,0.012701455503702164,0.005151090212166309,4.0
1046,1.0,1.0,,,0.9967432022094727,0.9974758625030518,0.03514096885919571,0.010234471410512924,3.0
1047,1.0,1.0,0.0,,0.17350879311561584,0.26930689811706543,0.15219464898109436,0.011171037331223488,1.0
1048,0.0,0.0,,,0.001931393751874566,0.02351081371307373,0.004192527383565903,0.009260633960366249,3.0
1049,1.0,1.0,0.0,,0.9960569739341736,0.9979738593101501,0.018877359107136726,0.014859604649245739,3.0
1050,1.0,1.0,,,0.9931228756904602,0.9984909296035767,0.020872287452220917,0.10243670642375946,0.0
1051,0.0,0.0,,,0.007054740563035011,0.03420477733016014,0.007510248571634293,0.006930838339030743,4.0
1052,0.0,0.0,0.0,,0.001520989346317947,0.04895155876874924,0.04371114820241928,0.0057776994071900845,2.0
1053,1.0,1.0,0.0,,0.9417004585266113,0.9994121789932251,0.7760493159294128,0.9279334545135498,1.0
1054,0.0,1.0,,,0.6148874759674072,0.8938981890678406,0.2555713653564453,0.09341488778591156,0.0
1055,1.0,1.0,0.0,,0.9946277737617493,0.9977543354034424,0.3157404363155365,0.027426008135080338,1.0
1056,1.0,1.0,1.0,,0.9959530234336853,0.9993679523468018,0.8191372156143188,0.8846118450164795,1.0
1057,0.0,0.0,,,0.5860216021537781,0.5542095303535461,0.24834772944450378,0.116557776927948,0.0
1058,0.0,1.0,0.0,,0.7959747314453125,0.8979459404945374,0.09119247645139694,0.041933756321668625,0.0
1059,0.0,0.0,0.0,,0.8559997081756592,0.8510761260986328,0.06256914138793945,0.017349952831864357,4.0
1060,1.0,1.0,,,0.9890585541725159,0.9887740015983582,0.004311331082135439,0.00888864416629076,4.0
1061,0.0,0.0,,,0.0021549933589994907,0.026029137894511223,0.011988353915512562,0.007551209069788456,0.0
1062,1.0,1.0,1.0,1.0,0.9984829425811768,0.9996820688247681,0.6684315204620361,0.7952072024345398,4.0
1063,0.0,0.0,,,0.0016996520571410656,0.026216953992843628,0.027085764333605766,0.08961296081542969,2.0
1064,1.0,1.0,0.0,,0.9993913173675537,0.9995161890983582,0.19029012322425842,0.9737188220024109,0.0
1065,0.0,0.0,,,0.00300640263594687,0.11000531911849976,0.029779430478811264,0.010439514182507992,3.0
1066,0.0,0.0,,,0.0028632476460188627,0.014419114217162132,0.0053346469067037106,0.01007886789739132,3.0
1067,1.0,1.0,1.0,0.0,0.9866969585418701,0.9998495578765869,0.7253221869468689,0.8839476704597473,0.0
1068,0.0,0.0,0.0,,0.0023268156219273806,0.09756924957036972,0.0015668447595089674,0.04237572103738785,0.0
1069,0.0,0.0,,,0.003287525149062276,0.033960312604904175,0.0012051957892253995,0.005180437583476305,4.0
1070,1.0,1.0,1.0,,0.9877123832702637,0.9984406232833862,0.8702977895736694,0.7890183925628662,4.0
1071,0.0,0.0,0.0,,0.0019943341612815857,0.023134559392929077,0.001346287433989346,0.008072655647993088,0.0
1072,1.0,1.0,1.0,,0.978588342666626,0.9984733462333679,0.5558745265007019,0.9012444019317627,4.0
1073,0.0,0.0,0.0,0.0,0.007719164714217186,0.1277642399072647,0.4996335506439209,0.03272518888115883,1.0
1074,1.0,1.0,,,0.9920200109481812,0.9949787259101868,0.004130289889872074,0.26837772130966187,3.0
1075,1.0,1.0,,,0.8937386274337769,0.8580867052078247,0.06739798188209534,0.02748095989227295,1.0
1076,1.0,1.0,,,0.9969675540924072,0.9982016682624817,0.6826266050338745,0.9448782801628113,4.0
1077,0.0,0.0,0.0,0.0,0.0015840234700590372,0.01807299256324768,0.008047700859606266,0.003943902440369129,4.0
1078,0.0,0.0,,,0.003584308084100485,0.028181124478578568,0.006432285998016596,0.007936223410069942,0.0
1079,1.0,1.0,0.0,,0.9942305088043213,0.9948643445968628,0.005019569303840399,0.011068854480981827,3.0
1080,0.0,0.0,,,0.003515664953738451,0.11824309080839157,0.027226198464632034,0.007137132342904806,1.0
1081,0.0,0.0,,,0.002163471421226859,0.020433960482478142,0.0059393770061433315,0.013385983183979988,4.0
1082,0.0,0.0,0.0,,0.0017225283663719893,0.017979146912693977,0.011044572107493877,0.004427063744515181,4.0
1083,0.0,1.0,,,0.12213297933340073,0.9564560055732727,0.28768444061279297,0.017622454091906548,1.0
1084,0.0,0.0,,,0.00619667349383235,0.3499765694141388,0.19490250945091248,0.035459261387586594,1.0
1085,1.0,1.0,0.0,,0.9925963282585144,0.9960774779319763,0.025298461318016052,0.037564005702733994,0.0
1086,1.0,1.0,0.0,,0.996408998966217,0.997947633266449,0.04384653642773628,0.04237286373972893,2.0
1087,0.0,0.0,0.0,,0.0019251031335443258,0.023291155695915222,0.0071035875007510185,0.012600278481841087,0.0
1088,1.0,1.0,0.0,,0.9970975518226624,0.9992393851280212,0.768633246421814,0.9852663278579712,3.0
1089,1.0,1.0,,,0.9503055214881897,0.9954433441162109,0.025524158030748367,0.11210862547159195,1.0
1090,0.0,0.0,,,0.0025381427258253098,0.020304525271058083,0.01704978197813034,0.012322410009801388,1.0
1091,1.0,1.0,,,0.9912998676300049,0.9933901429176331,0.006076044403016567,0.022067947313189507,1.0
1092,1.0,1.0,,,0.9944689869880676,0.9997154474258423,0.45531708002090454,0.00920187309384346,4.0
1093,1.0,1.0,,,0.9934116005897522,0.9958257675170898,0.07104355096817017,0.015819432213902473,3.0
1094,0.0,0.0,0.0,,0.0040870062075555325,0.02066425234079361,0.00681289890781045,0.01506803184747696,0.0
1095,1.0,1.0,0.0,,0.9947718977928162,0.9982289671897888,0.06812301278114319,0.017507130280137062,4.0
1096,0.0,0.0,,,0.003574577858671546,0.019355351105332375,0.009731961414217949,0.18106451630592346,3.0
1097,0.0,0.0,0.0,,0.0027385337743908167,0.03595966845750809,0.005999899003654718,0.0077681634575128555,3.0
1098,1.0,1.0,,,0.251945823431015,0.9791807532310486,0.8883191347122192,0.9018246531486511,3.0
1099,0.0,0.0,,,0.0017810160061344504,0.01937789097428322,0.00832703523337841,0.0042023989371955395,4.0
1100,0.0,0.0,0.0,,0.004109561908990145,0.16191697120666504,0.01818137988448143,0.011267008259892464,1.0
1101,0.0,0.0,0.0,0.0,0.0018818129319697618,0.0561666339635849,0.0014225628692656755,0.009401831775903702,3.0
1102,0.0,0.0,,,0.0023011609446257353,0.017839793115854263,0.008326686918735504,0.008447219617664814,1.0
1103,1.0,1.0,,,0.9992486834526062,0.9973831176757812,0.46118587255477905,0.020976373925805092,0.0
1104,0.0,0.0,0.0,,0.7803826332092285,0.6430770754814148,0.013256650418043137,0.039921507239341736,1.0
1105,0.0,0.0,0.0,,0.0021416377276182175,0.07964509725570679,0.005249291658401489,0.01355602964758873,0.0
1106,1.0,1.0,,,0.9921442866325378,0.9638197422027588,0.007359585724771023,0.9712471961975098,1.0
1107,0.0,0.0,,,0.0022380517330020666,0.018801908940076828,0.0030329348519444466,0.012163168750703335,2.0
1108,1.0,1.0,,,0.997596025466919,0.9863591194152832,0.03614841401576996,0.9774229526519775,3.0
1109,1.0,1.0,,,0.9871981739997864,0.9997730851173401,0.7949362397193909,0.8219191431999207,4.0
1110,0.0,0.0,,,0.0017637573182582855,0.02200763300061226,0.0011555126402527094,0.011524025350809097,0.0
1111,1.0,1.0,0.0,,0.9944154024124146,0.9923582077026367,0.005978911183774471,0.046572647988796234,2.0
1112,1.0,1.0,0.0,,0.9948346614837646,0.96966552734375,0.013675911352038383,0.9449211955070496,2.0
1113,0.0,0.0,0.0,,0.0013831175165250897,0.018395623192191124,0.004720263183116913,0.0035642690490931273,2.0
1114,1.0,1.0,0.0,,0.9066816568374634,0.8812931776046753,0.008369277231395245,0.04047790914773941,2.0
1115,1.0,1.0,1.0,,0.9995002746582031,0.9941665530204773,0.4931996464729309,0.012032943777740002,4.0
1116,1.0,1.0,1.0,,0.8318602442741394,0.9979398846626282,0.8156437277793884,0.8032229542732239,0.0
1117,1.0,1.0,1.0,,0.7334948182106018,0.9979637861251831,0.8122923970222473,0.7695181369781494,2.0
1118,1.0,1.0,,,0.9963622093200684,0.9997335076332092,0.8137372136116028,0.8457327485084534,2.0
1119,1.0,1.0,,,0.9944735765457153,0.9932283163070679,0.03196464106440544,0.007950305007398129,4.0
1120,1.0,1.0,,,0.9933833479881287,0.9710292220115662,0.024524187669157982,0.9469810724258423,2.0
1121,1.0,1.0,1.0,,0.9875830411911011,0.9999090433120728,0.5528257489204407,0.820427417755127,2.0
1122,1.0,1.0,0.0,,0.9847880005836487,0.9916750192642212,0.008450395427644253,0.005628856830298901,4.0
1123,1.0,1.0,,,0.9980294704437256,0.9955743551254272,0.013272134587168694,0.9528061747550964,4.0
1124,0.0,0.0,,,0.0046906243078410625,0.0387083925306797,0.006314002443104982,0.024724360555410385,0.0
1125,0.0,1.0,0.0,,0.8630787134170532,0.8113775253295898,0.04795147478580475,0.08286410570144653,2.0
1126,0.0,0.0,,,0.0017301987390965223,0.02058633603155613,0.0041847238317132,0.0047760275192558765,4.0
1127,1.0,1.0,0.0,,0.9976478815078735,0.9993553161621094,0.05861511453986168,0.007571919821202755,4.0
1128,0.0,0.0,,,0.003644112264737487,0.021536339074373245,0.012543502263724804,0.005666014272719622,2.0
1129,1.0,1.0,,,0.971288800239563,0.9195420742034912,0.008229070343077183,0.0068075028248131275,4.0
1130,0.0,1.0,0.0,0.0,0.01470966637134552,0.4280509352684021,0.016701534390449524,0.02044735848903656,4.0
1131,0.0,0.0,,,0.001954768318682909,0.019976453855633736,0.0014199174474924803,0.009024716913700104,1.0
1132,1.0,1.0,1.0,,0.9860074520111084,0.9998851418495178,0.6554944515228271,0.5699074268341064,1.0
1133,0.0,0.0,,,0.0044479528442025185,0.02096427045762539,0.06682119518518448,0.02924172580242157,1.0
1134,1.0,1.0,,,0.9059802293777466,0.9998896718025208,0.9131861329078674,0.9725708961486816,1.0
1135,1.0,1.0,1.0,,0.8279135227203369,0.9984765648841858,0.6023074984550476,0.8853051066398621,0.0
1136,0.0,0.0,,,0.0032125210855156183,0.02208086848258972,0.1255292147397995,0.01086665503680706,4.0
1137,1.0,1.0,,,0.9941306710243225,0.9942343831062317,0.032302405685186386,0.0289717148989439,0.0
1138,0.0,0.0,0.0,,0.931711733341217,0.9517592787742615,0.027883948758244514,0.08674376457929611,1.0
1139,0.0,0.0,,,0.0020501059480011463,0.0181158147752285,0.004297694656997919,0.004873361438512802,4.0
1140,0.0,0.0,,,0.002129933563992381,0.106148362159729,0.2839028537273407,0.06905657798051834,3.0
1141,1.0,1.0,,,0.9982722997665405,0.9990282654762268,0.1591990888118744,0.9387273192405701,4.0
1142,0.0,0.0,,,0.0016844675410538912,0.01600269228219986,0.00520454254001379,0.009101229719817638,3.0
1143,1.0,1.0,0.0,,0.9555062651634216,0.9999659061431885,0.8727148175239563,0.7052135467529297,1.0
1144,0.0,0.0,0.0,,0.002476316876709461,0.018800050020217896,0.0062696924433112144,0.008363441564142704,3.0
1145,1.0,1.0,0.0,,0.9956070184707642,0.9968591332435608,0.0858033299446106,0.01689516194164753,3.0
1146,0.0,0.0,,,0.01025007851421833,0.197252094745636,0.3326602578163147,0.02196653001010418,0.0
1147,0.0,0.0,,,0.010051503777503967,0.03127264976501465,0.0035766493529081345,0.004277603700757027,4.0
1148,0.0,1.0,0.0,,0.5414623022079468,0.9920057058334351,0.87169349193573,0.781964123249054,4.0
1149,0.0,0.0,,,0.0024498614948242903,0.07191619277000427,0.017996085807681084,0.28121909499168396,3.0
1150,1.0,1.0,,,0.7625720500946045,0.9857152700424194,0.001685396651737392,0.007411956321448088,4.0
1151,0.0,0.0,0.0,,0.0024090411607176065,0.03331313654780388,0.05248253047466278,0.010869685560464859,0.0
1152,0.0,0.0,,,0.0033467563334852457,0.03203241154551506,0.03532840684056282,0.006477871909737587,4.0
1153,1.0,1.0,,,0.9965092539787292,0.9918964505195618,0.017470449209213257,0.9573261141777039,4.0
1154,0.0,0.0,0.0,,0.012410706840455532,0.1896074116230011,0.2497682273387909,0.07108770310878754,4.0
1155,1.0,1.0,0.0,,0.9949242472648621,0.996517539024353,0.004898786079138517,0.01007520779967308,3.0
1156,1.0,1.0,0.0,,0.8535321950912476,0.7173488736152649,0.0025862816255539656,0.010705366730690002,3.0
1157,0.0,0.0,0.0,,0.8160452842712402,0.7465527057647705,0.04418152943253517,0.0382198765873909,2.0
1158,1.0,1.0,0.0,,0.991219162940979,0.9944904446601868,0.0328361839056015,0.009704414755105972,4.0
1159,1.0,1.0,,,0.9926941990852356,0.9691505432128906,0.05712144076824188,0.9692274332046509,0.0
1160,1.0,1.0,,,0.9935163259506226,0.9716339707374573,0.010343732312321663,0.9540560841560364,2.0
1161,0.0,0.0,,,0.0019784753676503897,0.023545661941170692,0.0012564287753775716,0.027975212782621384,1.0
1162,1.0,1.0,,,0.9765482544898987,0.9924343824386597,0.0540802925825119,0.008885489776730537,4.0
1163,0.0,0.0,,,0.001996656646952033,0.0507613867521286,0.02108165994286537,0.0069151767529547215,2.0
1164,0.0,0.0,0.0,,0.00282943993806839,0.01991378702223301,0.21697849035263062,0.010796287097036839,1.0
1165,0.0,0.0,,,0.0023001914378255606,0.11794226616621017,0.0032573039643466473,0.042951978743076324,0.0
1166,0.0,0.0,,,0.002133688423782587,0.04343187063932419,0.005356225185096264,0.005562291480600834,4.0
1167,0.0,0.0,,,0.004024960100650787,0.053244449198246,0.012289510108530521,0.008421379141509533,3.0
1168,0.0,0.0,,,0.0016180038219317794,0.018163034692406654,0.06394290924072266,0.06395424902439117,3.0
1169,1.0,1.0,1.0,,0.9641185402870178,0.999144434928894,0.2615964114665985,0.3134129047393799,2.0
1170,1.0,1.0,1.0,,0.9959499835968018,0.9995936155319214,0.48707830905914307,0.17276665568351746,0.0
1171,0.0,0.0,0.0,,0.14877787232398987,0.9198312759399414,0.3701680600643158,0.41091904044151306,0.0
1172,1.0,1.0,,,0.832668662071228,0.985878050327301,0.6726734638214111,0.9137356281280518,3.0
1173,0.0,0.0,,,0.0053952643647789955,0.02122436836361885,0.09193195402622223,0.011223012581467628,1.0
1174,0.0,0.0,,,0.010576551780104637,0.35960128903388977,0.014577298425137997,0.01423560455441475,3.0
1175,1.0,1.0,0.0,,0.9908206462860107,0.9965969920158386,0.012263160198926926,0.02716178074479103,1.0
1176,0.0,0.0,,,0.0026872064918279648,0.016014689579606056,0.013562172651290894,0.007816333323717117,1.0
1177,0.0,0.0,,,0.0016569787403568625,0.014314046129584312,0.008621767163276672,0.004643863532692194,2.0
1178,0.0,0.0,,,0.0019494927255436778,0.02565949223935604,0.03695179894566536,0.1788581758737564,2.0
1179,1.0,1.0,,,0.9910991787910461,0.9884898066520691,0.013788223266601562,0.021873578429222107,1.0
1180,0.0,0.0,,,0.008554689586162567,0.030765559524297714,0.017136333510279655,0.00560378422960639,4.0
1181,1.0,1.0,,,0.9922545552253723,0.993057131767273,0.0853905901312828,0.020107707008719444,2.0
1182,0.0,0.0,,,0.0018228375120088458,0.024354733526706696,0.007189823314547539,0.013404498808085918,2.0
1183,1.0,1.0,,,0.9991812705993652,0.9999274015426636,0.5249757766723633,0.7627874612808228,4.0
1184,1.0,1.0,,,0.9928423166275024,0.9965313673019409,0.0313548743724823,0.005936740897595882,4.0
1185,1.0,1.0,,,0.9921374320983887,0.9922782182693481,0.003972144331783056,0.15061478316783905,0.0
1186,1.0,1.0,1.0,,0.9981753826141357,0.9965345859527588,0.07071945816278458,0.014272699132561684,3.0
1187,1.0,1.0,,,0.9930974841117859,0.9996148347854614,0.8298609256744385,0.8306077718734741,2.0
1188,1.0,1.0,,,0.9885836243629456,0.9955243468284607,0.04016775265336037,0.24085313081741333,3.0
1189,0.0,0.0,,,0.0015978873707354069,0.014429143629968166,0.007035101298242807,0.0037158112972974777,2.0
1190,0.0,0.0,,,0.002430055057629943,0.02787703275680542,0.004326051566749811,0.01008722372353077,1.0
1191,0.0,0.0,,,0.003068408463150263,0.019106976687908173,0.00639950018376112,0.009213919751346111,3.0
1192,1.0,1.0,,,0.6585994958877563,0.99485182762146,0.07487859576940536,0.542400062084198,0.0
1193,0.0,0.0,0.0,,0.0016602391842752695,0.02704877033829689,0.0030562139581888914,0.021573035046458244,2.0
1194,0.0,0.0,,,0.003073020838201046,0.04372329264879227,0.040233634412288666,0.09075504541397095,0.0
1195,1.0,1.0,,,0.9918091893196106,0.9977312088012695,0.13860198855400085,0.005954579450190067,4.0
1196,0.0,0.0,,,0.00288733490742743,0.02087760716676712,0.03213505074381828,0.00995386391878128,1.0
1197,0.0,0.0,,,0.0021503991447389126,0.04285081848502159,0.007907545194029808,0.034269899129867554,3.0
1198,0.0,0.0,,,0.0019667265005409718,0.023115500807762146,0.049582283943891525,0.10307349264621735,2.0
1199,0.0,0.0,,,0.005264626815915108,0.07914739102125168,0.009090861305594444,0.011120684444904327,4.0
1200,0.0,0.0,0.0,,0.0029455292969942093,0.0373101644217968,0.02690337784588337,0.0454305000603199,0.0
1201,1.0,1.0,0.0,,0.9943891763687134,0.9955667853355408,0.08777663111686707,0.01812332682311535,3.0
1202,1.0,1.0,,,0.9913502335548401,0.9916768074035645,0.04113331437110901,0.13538356125354767,2.0
1203,1.0,1.0,,,0.9876661896705627,0.9960554838180542,0.05337986722588539,0.03769398853182793,3.0
1204,0.0,1.0,,,0.2904675304889679,0.9943444728851318,0.8368554711341858,0.7933634519577026,0.0
1205,0.0,0.0,,,0.0034709852188825607,0.07467348873615265,0.049546703696250916,0.009955164976418018,3.0
1206,0.0,1.0,,,0.1426113396883011,0.9789877533912659,0.5700703859329224,0.9180473685264587,3.0
1207,0.0,1.0,,,0.8840986490249634,0.9871570467948914,0.0934269055724144,0.022433612495660782,1.0
1208,0.0,1.0,,,0.9081113338470459,0.9898643493652344,0.07910899072885513,0.10563080757856369,1.0
1209,0.0,0.0,,,0.0016289930790662766,0.016942735761404037,0.006564755458384752,0.010078106075525284,3.0
1210,0.0,0.0,,,0.0022296530660241842,0.018837790936231613,0.009785082191228867,0.014447441324591637,1.0
1211,0.0,0.0,0.0,,0.0022479849867522717,0.02225811965763569,0.0014956798404455185,0.003528524888679385,2.0
1212,0.0,0.0,0.0,,0.002600051462650299,0.018009327352046967,0.004946812987327576,0.0069657182320952415,4.0
1213,0.0,0.0,0.0,0.0,0.0025292125064879656,0.03492949903011322,0.023150499910116196,0.0042505222372710705,4.0
1214,0.0,0.0,,,0.008278608322143555,0.024042442440986633,0.0027061644941568375,0.008354755118489265,3.0
1215,1.0,1.0,0.0,,0.9639875888824463,0.9921613931655884,0.05175546556711197,0.010822543874382973,4.0
1216,1.0,1.0,0.0,,0.9392822980880737,0.9982200264930725,0.47638463973999023,0.22634395956993103,2.0
1217,0.0,1.0,,,0.010236058384180069,0.06666678935289383,0.12795047461986542,0.25006917119026184,3.0
1218,0.0,0.0,,,0.026219859719276428,0.220673069357872,0.03579643368721008,0.00490847323089838,4.0
1219,1.0,1.0,,,0.9965720772743225,0.9946122169494629,0.05457045137882233,0.008838871493935585,4.0
1220,1.0,1.0,,,0.992809534072876,0.9996007084846497,0.7246590852737427,0.6527426838874817,1.0
1221,0.0,0.0,0.0,,0.0077280811965465546,0.02572440728545189,0.013737073168158531,0.01011680904775858,1.0
1222,0.0,1.0,0.0,,0.08719542622566223,0.9265716671943665,0.1293087601661682,0.399774432182312,0.0
1223,0.0,0.0,0.0,,0.006162856239825487,0.06414715945720673,0.005226663779467344,0.022915733978152275,0.0
1224,0.0,1.0,,,0.5498469471931458,0.9945445656776428,0.6894538402557373,0.6846268177032471,3.0
1225,0.0,0.0,0.0,,0.0015829148469492793,0.02646082639694214,0.11599797755479813,0.011109289713203907,2.0
1226,0.0,1.0,,,0.3461735248565674,0.9925976991653442,0.8116235733032227,0.773745596408844,0.0
1227,1.0,1.0,,,0.991494357585907,0.9892500638961792,0.045493513345718384,0.005411140155047178,4.0
1228,0.0,0.0,,,0.0027452069334685802,0.1534131020307541,0.00741207879036665,0.01900281198322773,0.0
1229,1.0,1.0,,,0.9975786209106445,0.997936487197876,0.28410133719444275,0.06526575237512589,2.0
1230,1.0,1.0,0.0,,0.9443192481994629,0.9210010170936584,0.08354879170656204,0.00979994609951973,3.0
1231,1.0,1.0,,,0.9957972764968872,0.9910057187080383,0.00579857686534524,0.11902712285518646,2.0
1232,0.0,,,,0.5409052968025208,0.9621349573135376,0.7364463806152344,0.9641117453575134,1.0
1233,1.0,1.0,,,0.9989923238754272,0.9990068674087524,0.7404910326004028,0.8701629638671875,1.0
1234,0.0,0.0,,,0.004880356602370739,0.024578357115387917,0.006071736570447683,0.012539164163172245,2.0
1235,1.0,1.0,,,0.9970614314079285,0.9979211091995239,0.6723131537437439,0.967581570148468,2.0
1236,0.0,0.0,0.0,,0.5274103879928589,0.969637393951416,0.02629341371357441,0.20279717445373535,3.0
1237,1.0,1.0,0.0,,0.982158899307251,0.9949924349784851,0.11920584738254547,0.16608944535255432,0.0
1238,0.0,0.0,0.0,,0.0043872338719666,0.021522963419556618,0.007588583044707775,0.008026694878935814,4.0
1239,1.0,1.0,,,0.9992560148239136,0.9992963671684265,0.710271954536438,0.9479390382766724,3.0
1240,1.0,1.0,1.0,,0.9991734027862549,0.9991883039474487,0.7388506531715393,0.9428917169570923,3.0
1241,1.0,1.0,,,0.9959294199943542,0.9976519346237183,0.558969259262085,0.9602593183517456,2.0
1242,1.0,1.0,,,0.9779956936836243,0.9900233149528503,0.09750837832689285,0.9620485305786133,1.0
1243,1.0,1.0,1.0,,0.384103387594223,0.9987910985946655,0.8537846803665161,0.8132278323173523,4.0
1244,1.0,1.0,,,0.9400141835212708,0.9943622350692749,0.040734194219112396,0.04119151830673218,0.0
1245,1.0,1.0,1.0,,0.9751015305519104,0.9998722076416016,0.7754640579223633,0.8828880786895752,0.0
1246,1.0,1.0,,,0.9776838421821594,0.9998403787612915,0.8653435707092285,0.7386989593505859,3.0
1247,0.0,1.0,1.0,,0.6505129933357239,0.9929042458534241,0.7781842350959778,0.7702729105949402,0.0
1248,0.0,0.0,0.0,,0.001970654586330056,0.022242724895477295,0.006198158487677574,0.008322951383888721,0.0
1249,0.0,0.0,,,0.0044995504431426525,0.053329046815633774,0.0511949360370636,0.07617062330245972,0.0
1250,0.0,1.0,,,0.5489798784255981,0.9965912103652954,0.4525347352027893,0.452514111995697,3.0
1251,1.0,1.0,,,0.9883998036384583,0.9997841119766235,0.8332675099372864,0.8693642020225525,2.0
1252,0.0,0.0,0.0,0.0,0.002192866522818804,0.014578909613192081,0.006581217981874943,0.008775544352829456,3.0
1253,0.0,0.0,0.0,,0.0018292346503585577,0.019341863691806793,0.005462720524519682,0.00796147808432579,3.0
1254,,1.0,,,0.0014007068239152431,0.021853007376194,0.01231858879327774,0.004529288504272699,2.0
1255,1.0,1.0,0.0,,0.9931861162185669,0.9927186369895935,0.0043913680128753185,0.04531732201576233,0.0
1256,1.0,1.0,1.0,,0.9991816878318787,0.9992756843566895,0.8168835639953613,0.9434115290641785,3.0
1257,1.0,1.0,0.0,,0.9910719990730286,0.9865769147872925,0.007292808964848518,0.005694612395018339,4.0
1258,1.0,1.0,,,0.9978964328765869,0.9993929862976074,0.607295036315918,0.9030710458755493,0.0
1259,0.0,0.0,,,0.0038994818460196257,0.08281125873327255,0.011791259050369263,0.004836434032768011,2.0
1260,0.0,0.0,0.0,0.0,0.01566612720489502,0.13732439279556274,0.05354953557252884,0.006158262491226196,4.0
1261,1.0,1.0,1.0,,0.9991641640663147,0.9993272423744202,0.8507250547409058,0.9696126580238342,1.0
1262,1.0,1.0,0.0,,0.9890840649604797,0.9936879873275757,0.011096328496932983,0.039452943950891495,3.0
1263,0.0,0.0,,,0.019502926617860794,0.021990731358528137,0.06824496388435364,0.031222902238368988,1.0
1264,1.0,1.0,0.0,,0.9917997121810913,0.9928131699562073,0.34823811054229736,0.032907236367464066,1.0
1265,1.0,1.0,1.0,,0.9848400950431824,0.9988670349121094,0.6729942560195923,0.9019785523414612,3.0
1266,1.0,1.0,0.0,0.0,0.9954780340194702,0.9928791522979736,0.2274027168750763,0.06215181201696396,1.0
1267,1.0,1.0,,,0.8948463201522827,0.9871244430541992,0.0986710861325264,0.011233149096369743,4.0
1268,0.0,0.0,,,0.0017491430044174194,0.018712613731622696,0.0022030093241482973,0.07902131229639053,0.0
1269,0.0,0.0,0.0,,0.002297659870237112,0.018698394298553467,0.0023282745387405157,0.006325791589915752,1.0
1270,0.0,0.0,0.0,,0.0044728172942996025,0.09415974467992783,0.0029082836117595434,0.0386713445186615,0.0
1271,0.0,0.0,0.0,,0.0017155477544292808,0.023555569350719452,0.008349455893039703,0.012865068390965462,0.0
1272,0.0,0.0,0.0,,0.008732212707400322,0.12544922530651093,0.3963460624217987,0.018039779737591743,0.0
1273,1.0,1.0,0.0,0.0,0.9511176943778992,0.9860768914222717,0.021904215216636658,0.07111921906471252,1.0
1274,0.0,0.0,,,0.0019409615779295564,0.022701425477862358,0.0014003420947119594,0.18694227933883667,3.0
1275,0.0,0.0,0.0,0.0,0.0062006451189517975,0.021627549082040787,0.01627994142472744,0.006178942508995533,4.0
1276,0.0,1.0,,,0.49407923221588135,0.9948207139968872,0.7690050005912781,0.6415398716926575,3.0
1277,0.0,0.0,,,0.0038406034000217915,0.022217286750674248,0.0044078645296394825,0.00561523949727416,4.0
1278,1.0,1.0,0.0,,0.6441423296928406,0.7209976315498352,0.3027036488056183,0.02562854066491127,0.0
1279,0.0,0.0,,,0.0019718478433787823,0.02488008327782154,0.013269813731312752,0.008334440179169178,4.0
1280,1.0,1.0,,,0.9889869093894958,0.9967943429946899,0.037839241325855255,0.02262408472597599,3.0
1281,1.0,1.0,1.0,1.0,0.9988150596618652,0.99991774559021,0.9764135479927063,0.9828886389732361,0.0
1282,1.0,1.0,0.0,,0.976919412612915,0.9887603521347046,0.052103642374277115,0.006707857362926006,4.0
1283,0.0,0.0,,,0.004100746940821409,0.12210564315319061,0.008442775346338749,0.009135259315371513,0.0
1284,0.0,0.0,,,0.004276648163795471,0.022472277283668518,0.013858890160918236,0.11707280576229095,1.0
1285,,0.0,,,0.0016788890352472663,0.02137446217238903,0.0036543775349855423,0.00961680244654417,0.0
1286,1.0,1.0,,,0.9933602809906006,0.997010350227356,0.019947083666920662,0.034830108284950256,0.0
1287,1.0,1.0,0.0,,0.9940802454948425,0.9986597299575806,0.010615452192723751,0.04040471091866493,1.0
1288,0.0,0.0,,,0.0013059729244560003,0.02658429741859436,0.0068625519052147865,0.00504093524068594,2.0
1289,0.0,1.0,0.0,,0.7548848390579224,0.516507625579834,0.01478184200823307,0.17151540517807007,0.0
1290,0.0,0.0,,,0.0019728171173483133,0.016924522817134857,0.0009910943917930126,0.007692077197134495,1.0
1291,1.0,1.0,1.0,,0.9795125722885132,0.9997097253799438,0.8927446007728577,0.7957944869995117,4.0
1292,1.0,1.0,,,0.9977301955223083,0.9998409748077393,0.8152288198471069,0.8727436065673828,0.0
1293,0.0,0.0,0.0,,0.0020322860218584538,0.03261067718267441,0.009376647882163525,0.008705140091478825,2.0
1294,1.0,,,,0.9930405616760254,0.999723494052887,0.5755115747451782,0.8130990266799927,4.0
1295,1.0,1.0,,,0.7356590032577515,0.967967689037323,0.12681318819522858,0.06266796588897705,4.0
1296,0.0,1.0,,,0.8628095388412476,0.9839443564414978,0.0232990849763155,0.03247268870472908,3.0
1297,1.0,1.0,,,0.9915500283241272,0.9994204640388489,0.4918299913406372,0.007820924744009972,4.0
1298,1.0,1.0,,,0.9881235361099243,0.9995110034942627,0.7265215516090393,0.8437134027481079,0.0
1299,1.0,1.0,,,0.9992601275444031,0.9998913407325745,0.5804043412208557,0.8724074363708496,2.0
1300,0.0,0.0,0.0,,0.0023060902021825314,0.05968494340777397,0.005522273946553469,0.004512882325798273,4.0
1301,0.0,0.0,0.0,,0.6413963437080383,0.6142520904541016,0.029268311336636543,0.13440430164337158,2.0
1302,0.0,0.0,,,0.00201029353775084,0.024744881317019463,0.055563848465681076,0.06043105199933052,0.0
1303,1.0,1.0,0.0,,0.9832313656806946,0.9932771325111389,0.010180096141994,0.03200221806764603,1.0
1304,1.0,1.0,,,0.9833137392997742,0.9999423027038574,0.9102514386177063,0.8154405355453491,0.0
1305,1.0,1.0,,,0.5433339476585388,0.9509704113006592,0.28572890162467957,0.3774089217185974,3.0
1306,0.0,0.0,,,0.0025201851967722178,0.01995190605521202,0.0037790921051055193,0.004629506729543209,4.0
1307,0.0,0.0,,,0.001512322574853897,0.015299651771783829,0.0070101311430335045,0.003487740410491824,2.0
1308,1.0,1.0,0.0,0.0,0.9956795573234558,0.994849681854248,0.30367809534072876,0.041774339973926544,4.0
1309,1.0,1.0,,,0.9929607510566711,0.9949613213539124,0.012860849499702454,0.08281072974205017,0.0
1310,0.0,0.0,,,0.0023897560313344,0.02872316911816597,0.0037085171788930893,0.03066994994878769,0.0
1311,0.0,0.0,,,0.001984275644645095,0.019184285774827003,0.002073081210255623,0.008433210663497448,4.0
1312,1.0,1.0,,,0.9871445298194885,0.9909043312072754,0.041278012096881866,0.004144131671637297,4.0
1313,0.0,1.0,1.0,,0.5790668725967407,0.9990924596786499,0.9825822114944458,0.7747219204902649,1.0
1314,1.0,1.0,0.0,,0.9982895255088806,0.9997850656509399,0.8831522464752197,0.7980431914329529,0.0
1315,1.0,1.0,0.0,,0.9548556804656982,0.9986262321472168,0.7861549854278564,0.8315212726593018,0.0
1316,1.0,1.0,1.0,,0.4818345606327057,0.9984405040740967,0.974878191947937,0.9308127164840698,1.0
1317,1.0,1.0,,,0.9914299845695496,0.9656126499176025,0.27855339646339417,0.9492495059967041,0.0
1318,1.0,1.0,,,0.76307213306427,0.9668017625808716,0.0612931065261364,0.008429928682744503,2.0
1319,0.0,0.0,,,0.0023079882375895977,0.04623948410153389,0.04638458043336868,0.004958941135555506,2.0
1320,0.0,0.0,,,0.002091151662170887,0.017632203176617622,0.004299736116081476,0.005029643885791302,2.0
1321,1.0,1.0,,,0.9852443933486938,0.9960734248161316,0.07075367867946625,0.027013756334781647,0.0
1322,0.0,0.0,,,0.0017308549722656608,0.01599019207060337,0.06084015592932701,0.02506536990404129,1.0
1323,0.0,0.0,,,0.005084340460598469,0.10266345739364624,0.028877731412649155,0.03490680456161499,1.0
1324,0.0,0.0,,,0.0019384917104616761,0.017503369599580765,0.012811170890927315,0.008084133267402649,3.0
1325,1.0,1.0,0.0,,0.9981157183647156,0.9993269443511963,0.8473740816116333,0.9503292441368103,3.0
1326,0.0,0.0,,,0.010098216123878956,0.2601935863494873,0.027132492512464523,0.021472614258527756,3.0
1327,0.0,0.0,,,0.0038388879038393497,0.026142340153455734,0.016736559569835663,0.005157183390110731,4.0
1328,0.0,0.0,0.0,,0.002323292661458254,0.01903912052512169,0.002283648122102022,0.0090930862352252,3.0
1329,1.0,1.0,,,0.9970813393592834,0.9976239204406738,0.1908060759305954,0.01243642345070839,3.0
1330,1.0,1.0,1.0,,0.9985771179199219,0.9994068741798401,0.5902414321899414,0.9916663765907288,2.0
1331,0.0,0.0,,,0.002025023801252246,0.01929200440645218,0.057220183312892914,0.062291793525218964,3.0
1332,1.0,1.0,0.0,1.0,0.9993973970413208,0.9990416169166565,0.023151932284235954,0.9707648754119873,1.0
1333,1.0,1.0,0.0,,0.9917504191398621,0.9858734011650085,0.0018618411850184202,0.03259158134460449,1.0
1334,0.0,0.0,,,0.00675492687150836,0.0937967374920845,0.004855493549257517,0.00819806382060051,0.0
1335,0.0,0.0,,,0.0012624129885807633,0.023921914398670197,0.18855148553848267,0.0038869206327944994,2.0
1336,1.0,1.0,0.0,,0.9803723096847534,0.9980514049530029,0.15705715119838715,0.04708503931760788,2.0
1337,0.0,0.0,,,0.0034741307608783245,0.022316623479127884,0.004092494957149029,0.01677347905933857,2.0
1338,0.0,0.0,,,0.002412967849522829,0.018521280959248543,0.05380396544933319,0.026855699717998505,1.0
1339,0.0,0.0,,,0.0029440762009471655,0.018721288070082664,0.006299538537859917,0.008417115546762943,3.0
1340,1.0,1.0,1.0,1.0,0.9987908601760864,0.9982277750968933,0.8366272449493408,0.9681908488273621,2.0
1341,1.0,1.0,,,0.990906834602356,0.9971235990524292,0.019736938178539276,0.024277441203594208,0.0
1342,0.0,0.0,,,0.0026451570447534323,0.025223994627594948,0.0012031407095491886,0.012559708207845688,2.0
1343,0.0,0.0,,,0.004075441509485245,0.15305815637111664,0.004627635236829519,0.00842223595827818,1.0
1344,0.0,0.0,,,0.0015567849623039365,0.023975500836968422,0.020938066765666008,0.009648188948631287,0.0
1345,0.0,0.0,,,0.004956689663231373,0.06477847695350647,0.03995713219046593,0.0038135985378175974,2.0
1346,0.0,0.0,,,0.0017024343833327293,0.017748437821865082,0.012360971421003342,0.005210583563894033,4.0
1347,1.0,1.0,0.0,,0.9745339155197144,0.9724130034446716,0.08801557123661041,0.9619295597076416,2.0
1348,1.0,1.0,0.0,,0.994260311126709,0.9948434233665466,0.003056948771700263,0.17835500836372375,3.0
1349,0.0,1.0,0.0,0.0,0.002940136007964611,0.022944683209061623,0.017458733171224594,0.008325409144163132,1.0
1350,0.0,0.0,,,0.002293132711201906,0.017346935346722603,0.005527235567569733,0.009588735178112984,3.0
1351,0.0,0.0,,,0.02088211476802826,0.06591549515724182,0.0030190821271389723,0.00729270838201046,1.0
1352,0.0,0.0,,,0.0027476572431623936,0.018330436199903488,0.0035269882064312696,0.01196492649614811,1.0
1353,0.0,1.0,0.0,0.0,0.3690037429332733,0.9901630878448486,0.6909128427505493,0.6857807636260986,3.0
1354,0.0,0.0,,,0.0015738371293991804,0.017914943397045135,0.008450275287032127,0.0036941731814295053,4.0
1355,0.0,0.0,,,0.002033532364293933,0.03174114227294922,0.038239091634750366,0.11368071287870407,2.0
1356,0.0,0.0,,,0.002538178814575076,0.03221668675541878,0.0050541977398097515,0.038937319070100784,0.0
1357,0.0,0.0,,,0.7918826937675476,0.8447134494781494,0.007150474935770035,0.035327062010765076,1.0
1358,0.0,0.0,0.0,,0.0035884941462427378,0.04709123820066452,0.01205839030444622,0.04973941296339035,3.0
1359,0.0,0.0,,,0.0016392896650359035,0.034813042730093,0.0012568688252940774,0.013123830780386925,2.0
1360,0.0,0.0,,,0.0014353679725900292,0.014274423010647297,0.00989619456231594,0.0035641982685774565,2.0
1361,0.0,0.0,,,0.0016372505342587829,0.024675926193594933,0.003750032978132367,0.008807092905044556,2.0
1362,1.0,1.0,,,0.9948712587356567,0.998807430267334,0.031192893162369728,0.027999017387628555,1.0
1363,0.0,0.0,,,0.0025771912187337875,0.02081567421555519,0.014984231442213058,0.008266709744930267,4.0
1364,0.0,0.0,0.0,,0.009749071672558784,0.040851958096027374,0.024539781734347343,0.011675065383315086,0.0
1365,1.0,1.0,1.0,,0.9931674599647522,0.9997310042381287,0.7941235303878784,0.819861650466919,4.0
1366,0.0,0.0,,,0.0035444137174636126,0.019350118935108185,0.007871681824326515,0.10469319671392441,0.0
1367,1.0,1.0,,,0.9926109313964844,0.9975605607032776,0.030290691182017326,0.006946654058992863,4.0
1368,0.0,0.0,0.0,,0.457631379365921,0.932818591594696,0.6612639427185059,0.9089161157608032,1.0
1369,0.0,0.0,0.0,,0.0036744822282344103,0.02141338586807251,0.021735018119215965,0.0066255563870072365,4.0
1370,0.0,0.0,,,0.004366857931017876,0.02382400818169117,0.06447345018386841,0.010421494953334332,1.0
1371,0.0,0.0,0.0,,0.006252259947359562,0.2461569905281067,0.13970880210399628,0.02422567829489708,3.0
1372,0.0,0.0,0.0,,0.0016080569475889206,0.020876314491033554,0.009632717818021774,0.004431568086147308,4.0
1373,0.0,0.0,0.0,0.0,0.012809385545551777,0.1949760913848877,0.030644714832305908,0.04623017460107803,4.0
1374,0.0,0.0,,,0.0034356066025793552,0.01840084232389927,0.0032362977508455515,0.0054594422690570354,2.0
1375,1.0,1.0,,,0.9949135780334473,0.9947613477706909,0.02946525625884533,0.041104886680841446,2.0
1376,1.0,1.0,,,0.9647155404090881,0.9983921647071838,0.26701825857162476,0.20200489461421967,2.0
1377,0.0,0.0,0.0,,0.07502280175685883,0.03563082218170166,0.008652185089886189,0.004411611240357161,4.0
1378,1.0,0.0,0.0,,0.00986024085432291,0.22726279497146606,0.012133686803281307,0.007584410719573498,2.0
1379,0.0,0.0,,,0.0016857786104083061,0.02109111100435257,0.0007110087899491191,0.0074252234771847725,0.0
1380,1.0,1.0,0.0,,0.9856348633766174,0.9890620708465576,0.0297066830098629,0.030873559415340424,0.0
1381,1.0,1.0,0.0,,0.9901514649391174,0.9894706010818481,0.07399636507034302,0.07309108972549438,0.0
1382,1.0,1.0,0.0,,0.9934799671173096,0.9896734356880188,0.021428517997264862,0.02106606774032116,1.0
1383,0.0,0.0,0.0,,0.0025786980986595154,0.02569745108485222,0.0027509955689311028,0.01264425553381443,0.0
1384,1.0,1.0,1.0,,0.997127115726471,0.9992503523826599,0.7954930663108826,0.9447793364524841,3.0
1385,0.0,0.0,,,0.09894834458827972,0.47676536440849304,0.168895423412323,0.014402706176042557,0.0
1386,1.0,1.0,,,0.9740235805511475,0.9944326877593994,0.007343639153987169,0.09759238362312317,0.0
1387,1.0,1.0,0.0,,0.9835249781608582,0.9917209148406982,0.036555156111717224,0.047277867794036865,0.0
1388,0.0,1.0,1.0,,0.9694286584854126,0.9992842078208923,0.9297820925712585,0.9278042912483215,3.0
1389,1.0,1.0,1.0,,0.9264494776725769,0.9985753297805786,0.555192232131958,0.7292191386222839,2.0
1390,0.0,0.0,0.0,0.0,0.006767860613763332,0.053759846836328506,0.0027615344151854515,0.0049730935133993626,4.0
1391,0.0,0.0,0.0,0.0,0.0015716193011030555,0.03008309379220009,0.039679981768131256,0.011275296099483967,0.0
1392,0.0,0.0,0.0,,0.0022368980571627617,0.01798831857740879,0.00326657691039145,0.00951346755027771,3.0
1393,0.0,1.0,1.0,1.0,0.29321834444999695,0.9974481463432312,0.6744397878646851,0.9437555074691772,1.0
1394,1.0,1.0,,,0.9984274506568909,0.9951658248901367,0.5122042298316956,0.8994535803794861,2.0
1395,0.0,0.0,,,0.004261652007699013,0.025749491527676582,0.03551017865538597,0.061230335384607315,0.0
1396,1.0,1.0,,,0.945115327835083,0.999398946762085,0.7346014976501465,0.8129283785820007,4.0
1397,1.0,1.0,,,0.9941601753234863,0.9952955842018127,0.01827615685760975,0.01143353059887886,3.0
1398,0.0,1.0,,,0.8848220705986023,0.9937591552734375,0.007372940890491009,0.02733258716762066,1.0
1399,1.0,1.0,1.0,,0.9789597392082214,0.997907280921936,0.5106237530708313,0.9393095374107361,3.0
1400,1.0,1.0,1.0,,0.9842656254768372,0.9985149502754211,0.6286280751228333,0.9423918128013611,4.0
1401,0.0,1.0,1.0,,0.3346613645553589,0.9976798892021179,0.979451060295105,0.7555909156799316,2.0
1402,0.0,0.0,0.0,,0.0019530878635123372,0.017577040940523148,0.010490928776562214,0.008186367340385914,1.0
1403,0.0,1.0,0.0,,0.9881548285484314,0.9822622537612915,0.11583588272333145,0.0723448395729065,1.0
1404,1.0,1.0,,,0.9787148237228394,0.9651376008987427,0.022272197529673576,0.21930170059204102,1.0
1405,0.0,0.0,,,0.0010575605556368828,0.01782700978219509,0.00841930415481329,0.003674668027088046,2.0
1406,0.0,0.0,0.0,,0.8997097611427307,0.9894989728927612,0.16389773786067963,0.23438459634780884,2.0
1407,1.0,1.0,0.0,,0.9929631352424622,0.996534526348114,0.008471982553601265,0.024336256086826324,3.0
1408,0.0,0.0,0.0,,0.002260741777718067,0.02182627096772194,0.014142000116407871,0.004072165582329035,4.0
1409,0.0,0.0,,,0.0025058190803974867,0.02565496414899826,0.0023564789444208145,0.004846761468797922,4.0
1410,0.0,0.0,,,0.0027675647288560867,0.019906187430024147,0.007906035520136356,0.016346296295523643,2.0
1411,0.0,1.0,,,0.8572454452514648,0.5995156764984131,0.04349128529429436,0.09789273142814636,0.0
1412,0.0,0.0,0.0,,0.0017684752820059657,0.04676509276032448,0.001139300875365734,0.01054391823709011,0.0
1413,0.0,0.0,0.0,,0.003250142792239785,0.019910654053092003,0.0033297096379101276,0.004501632880419493,2.0
1414,0.0,1.0,,,0.459142804145813,0.9906489849090576,0.7367550730705261,0.8694556951522827,0.0
1415,1.0,1.0,,,0.6943313479423523,0.5975158214569092,0.017269356176257133,0.007359328679740429,4.0
1416,1.0,1.0,,,0.9938686490058899,0.9948033094406128,0.04763692617416382,0.007343600504100323,4.0
1417,1.0,1.0,1.0,0.0,0.0023741843178868294,0.02367832139134407,0.018404502421617508,0.03376464545726776,3.0
1418,0.0,0.0,,,0.00443673599511385,0.023848164826631546,0.0013488847762346268,0.029122963547706604,0.0
1419,1.0,1.0,0.0,,0.9924030900001526,0.9938130974769592,0.02909940481185913,0.027148721739649773,0.0
1420,0.0,0.0,0.0,,0.002478257054463029,0.017476195469498634,0.015230556018650532,0.00621016277000308,1.0
1421,0.0,1.0,1.0,0.0,0.6742446422576904,0.9984246492385864,0.6201589107513428,0.7785815000534058,2.0
1422,1.0,1.0,1.0,,0.9979847073554993,0.9997154474258423,0.7177503108978271,0.651749312877655,3.0
1423,1.0,1.0,0.0,,0.9989168643951416,0.9993599653244019,0.6743140816688538,0.9079374074935913,0.0
1424,0.0,0.0,,,0.005080307833850384,0.05755710229277611,0.038656074553728104,0.09158241003751755,3.0
1425,1.0,1.0,,,0.9971243739128113,0.9971842765808105,0.544970691204071,0.8627732992172241,3.0
1426,1.0,1.0,,,0.995970606803894,0.9969320893287659,0.4399082660675049,0.027242960408329964,3.0
1427,1.0,1.0,,,0.9986525774002075,0.998076319694519,0.2846960723400116,0.8927537202835083,1.0
1428,1.0,1.0,,,0.9944850206375122,0.9960464239120483,0.15406429767608643,0.06494327634572983,2.0
1429,1.0,1.0,,,0.9931566715240479,0.9952365159988403,0.014775054529309273,0.027006743475794792,1.0
1430,0.0,0.0,,,0.001092757098376751,0.014847379177808762,0.01159235555678606,0.004029584117233753,2.0
1431,1.0,1.0,0.0,,0.9984951615333557,0.9934567213058472,0.3052937686443329,0.971390426158905,3.0
1432,1.0,1.0,1.0,1.0,0.9975687265396118,0.9899593591690063,0.886004626750946,0.9421436190605164,3.0
1433,1.0,1.0,1.0,,0.9942152500152588,0.9998620748519897,0.6610149145126343,0.7935988903045654,0.0
1434,1.0,1.0,,,0.9725931882858276,0.999923586845398,0.8069270849227905,0.7988661527633667,4.0
1435,1.0,1.0,0.0,,0.985837459564209,0.9601359367370605,0.15936321020126343,0.9742976427078247,0.0
1436,0.0,0.0,,,0.0019218376837670803,0.08609870076179504,0.0021921340376138687,0.014831462875008583,0.0
1437,0.0,0.0,,,0.0023161855060607195,0.030869076028466225,0.004113816190510988,0.008301116526126862,3.0
1438,0.0,0.0,0.0,,0.0015956279821693897,0.026673540472984314,0.00844244472682476,0.0047807758674025536,4.0
1439,1.0,1.0,0.0,,0.9794272184371948,0.988314688205719,0.09650443494319916,0.004778387024998665,4.0
1440,0.0,0.0,0.0,,0.002562430687248707,0.020048538222908974,0.006083768792450428,0.007645143661648035,3.0
1441,0.0,0.0,0.0,,0.002378201810643077,0.023043127730488777,0.0010223075514659286,0.00889314990490675,0.0
1442,1.0,1.0,1.0,,0.9959545135498047,0.9998210668563843,0.913741409778595,0.7361743450164795,1.0
1443,1.0,1.0,1.0,,0.6771867871284485,0.9980877041816711,0.9016996026039124,0.8084043860435486,4.0
1444,0.0,1.0,,,0.7882880568504333,0.9991543889045715,0.2518390715122223,0.4879441559314728,0.0
1445,0.0,0.0,0.0,,0.0053218696266412735,0.1659802496433258,0.012587547302246094,0.006262683309614658,4.0
1446,1.0,1.0,1.0,,0.7676210999488831,0.7467987537384033,0.32848769426345825,0.02671077288687229,0.0
1447,0.0,0.0,0.0,,0.004242813214659691,0.024405237287282944,0.023162653669714928,0.022471824660897255,1.0
1448,0.0,0.0,,,0.0024934394750744104,0.018539167940616608,0.054649122059345245,0.023717913776636124,1.0
1449,1.0,1.0,,,0.9964416027069092,0.999643087387085,0.7443866729736328,0.8239039778709412,2.0
1450,0.0,0.0,,,0.0023366122040897608,0.018609439954161644,0.0011993544176220894,0.009819764643907547,3.0
1451,0.0,1.0,,,0.33208170533180237,0.9892852306365967,0.7288187742233276,0.7624387741088867,0.0
1452,0.0,0.0,0.0,0.0,0.0035161857958883047,0.01866348460316658,0.01581414043903351,0.010324298404157162,1.0
1453,1.0,1.0,,,0.9955762624740601,0.9982184767723083,0.06870486587285995,0.023040220141410828,0.0
1454,1.0,1.0,,,0.9966342449188232,0.9996830224990845,0.6883922219276428,0.6479031443595886,3.0
1455,1.0,1.0,,,0.9906057119369507,0.988645613193512,0.01378384418785572,0.023918544873595238,1.0
1456,1.0,1.0,1.0,1.0,0.9964256286621094,0.9998748898506165,0.9550601243972778,0.7094850540161133,3.0
1457,0.0,0.0,0.0,,0.017747825011610985,0.1831783801317215,0.007219991181045771,0.07490971684455872,0.0
1458,1.0,1.0,0.0,,0.9900872111320496,0.989599347114563,0.012167947366833687,0.005074377171695232,4.0
1459,0.0,0.0,,,0.01159377209842205,0.13558515906333923,0.24797487258911133,0.04125189036130905,2.0
1460,,0.0,,,0.0034913017880171537,0.016025016084313393,0.00602926779538393,0.008079352788627148,3.0
1461,0.0,0.0,,,0.008053223602473736,0.1487913429737091,0.11423923075199127,0.06548278033733368,3.0
1462,1.0,1.0,1.0,1.0,0.2272636741399765,0.9971043467521667,0.613865852355957,0.7118770480155945,2.0
1463,0.0,0.0,0.0,0.0,0.0016359098954126239,0.024630820378661156,0.03688205033540726,0.08296214789152145,2.0
1464,1.0,1.0,,,0.7556242346763611,0.9965031147003174,0.6830359697341919,0.6993353962898254,3.0
1465,0.0,0.0,0.0,,0.0021268802229315042,0.13619263470172882,0.036439333111047745,0.005474630277603865,2.0
1466,1.0,1.0,0.0,,0.9935632944107056,0.999652624130249,0.8058249950408936,0.866265058517456,0.0
1467,1.0,1.0,1.0,,0.6051611304283142,0.9951724410057068,0.7185644507408142,0.9335336685180664,1.0
1468,1.0,1.0,1.0,,0.9948161244392395,0.999792754650116,0.8481784462928772,0.6671969294548035,3.0
1469,1.0,1.0,,,0.5472824573516846,0.9964574575424194,0.6853524446487427,0.6906725764274597,3.0
1470,0.0,0.0,,,0.005602204240858555,0.028004344552755356,0.002145308069884777,0.07442565262317657,4.0
1471,0.0,0.0,1.0,,0.0029034779872745275,0.04253270477056503,0.10337139666080475,0.004347396083176136,2.0
1472,0.0,0.0,0.0,,0.0028956960886716843,0.03484688326716423,0.0014352158177644014,0.009164557792246342,0.0
1473,0.0,0.0,,,0.006057429127395153,0.09543051570653915,0.020989753305912018,0.021718773990869522,2.0
1474,0.0,0.0,,,0.0027997693978250027,0.017588699236512184,0.013555319979786873,0.007319582626223564,3.0
1475,0.0,0.0,0.0,,0.028054580092430115,0.26152485609054565,0.010957169346511364,0.011594695970416069,0.0
1476,0.0,0.0,0.0,,0.0016584767727181315,0.0160744097083807,0.008438283577561378,0.004891661461442709,2.0
1477,1.0,1.0,,,0.9836124181747437,0.6090489029884338,0.2645154595375061,0.07274451851844788,2.0
1478,1.0,1.0,1.0,1.0,0.9996715784072876,0.9985251426696777,0.6155705451965332,0.9076728224754333,4.0
1479,0.0,0.0,0.0,,0.0018799714744091034,0.02230854518711567,0.010619299486279488,0.004480789881199598,4.0
1480,1.0,1.0,,,0.99919593334198,0.998176097869873,0.734647810459137,0.9663842916488647,2.0
1481,1.0,1.0,,,0.9983611702919006,0.9998338222503662,0.789371907711029,0.7150527238845825,3.0
1482,0.0,0.0,,,0.0018120522145181894,0.019191930070519447,0.020724717527627945,0.005503934342414141,4.0
1483,1.0,,,,0.8760758638381958,0.9781704545021057,0.12138114869594574,0.05089304596185684,1.0
1484,0.0,0.0,0.0,,0.005399136338382959,0.021963011473417282,0.002853548852726817,0.006807739846408367,4.0
1485,0.0,0.0,,,0.0021116877906024456,0.020328683778643608,0.018204867839813232,0.0040203058160841465,4.0
1486,0.0,1.0,0.0,,0.013666181825101376,0.2984975576400757,0.0861971378326416,0.10155752301216125,2.0
1487,0.0,0.0,0.0,,0.0018997571896761656,0.016786741092801094,0.0013279695995151997,0.00806859228760004,3.0
1488,1.0,1.0,1.0,1.0,0.9951722621917725,0.9964929819107056,0.08394072204828262,0.06393298506736755,0.0
1489,0.0,0.0,0.0,,0.001215756288729608,0.039398059248924255,0.002390071516856551,0.005491962190717459,2.0
1490,1.0,1.0,0.0,0.0,0.993964672088623,0.9983069896697998,0.024919748306274414,0.03437060862779617,0.0
1491,1.0,1.0,,,0.6404081583023071,0.9942283630371094,0.7892575860023499,0.8810410499572754,0.0
1492,0.0,0.0,0.0,,0.0017297550803050399,0.0205118115991354,0.004282628186047077,0.007997551932930946,3.0
1493,0.0,0.0,,,0.0025228208396583796,0.08206847310066223,0.00636159535497427,0.01468572299927473,2.0
1494,0.0,0.0,0.0,,0.004424088168889284,0.02012820728123188,0.016893884167075157,0.01631792075932026,1.0
1495,1.0,1.0,0.0,,0.98689204454422,0.9931436777114868,0.038136620074510574,0.005453863181173801,4.0
1496,0.0,0.0,0.0,,0.004875951446592808,0.03500208258628845,0.06730164587497711,0.005947633646428585,4.0
1497,1.0,1.0,1.0,,0.9937519431114197,0.9998801350593567,0.7510923147201538,0.7153211832046509,4.0
1498,0.0,0.0,0.0,,0.002121672034263611,0.08766037225723267,0.007733240723609924,0.014394450932741165,3.0
1499,0.0,1.0,0.0,,0.0012516595888882875,0.0177582036703825,0.0026807282119989395,0.005887866020202637,2.0
1500,0.0,0.0,,,0.002939541358500719,0.028762824833393097,0.03213556855916977,0.007711125537753105,4.0
1501,0.0,0.0,,,0.0019745263271033764,0.016008388251066208,0.01252044178545475,0.006872737780213356,1.0
1502,0.0,0.0,0.0,,0.002482816344127059,0.02115955948829651,0.007042199373245239,0.008994278497993946,1.0
1503,0.0,1.0,,,0.8818534016609192,0.8495165705680847,0.0631619393825531,0.0310229305177927,2.0
1504,0.0,0.0,,,0.004688001703470945,0.02300259657204151,0.02466505393385887,0.012949121184647083,4.0
1505,0.0,0.0,0.0,,0.0008875096682459116,0.014747084118425846,0.03014218807220459,0.0049903676845133305,2.0
1506,1.0,1.0,,,0.8522530198097229,0.9921266436576843,0.10778699815273285,0.10683800280094147,0.0
1507,1.0,1.0,0.0,,0.4625988304615021,0.9125435948371887,0.15083232522010803,0.4059600830078125,3.0
1508,1.0,1.0,1.0,,0.9990540146827698,0.9996152520179749,0.7316715121269226,0.933536171913147,0.0
1509,0.0,0.0,,,0.0014551724307239056,0.028586575761437416,0.025619346648454666,0.08306175470352173,2.0
1510,1.0,1.0,,,0.906548798084259,0.924061119556427,0.03741157799959183,0.19674064218997955,0.0
1511,0.0,0.0,,,0.004064168781042099,0.054886072874069214,0.005956316366791725,0.026821641251444817,2.0
1512,0.0,1.0,0.0,0.0,0.010998498648405075,0.1647387146949768,0.022448517382144928,0.048988182097673416,2.0
1513,0.0,0.0,,,0.0015792211052030325,0.02073783613741398,0.001556236413307488,0.004336448851972818,2.0
1514,1.0,1.0,1.0,,0.9953430891036987,0.9787765145301819,0.08172820508480072,0.9631869792938232,2.0
1515,0.0,0.0,,,0.0017751408740878105,0.021477535367012024,0.013651690445840359,0.004365724977105856,4.0
1516,0.0,1.0,,,0.10064304620027542,0.9941791892051697,0.8872947692871094,0.9279938340187073,3.0
1517,0.0,0.0,,,0.0024710996076464653,0.016528677195310593,0.23016144335269928,0.007390656508505344,3.0
1518,1.0,,,,0.9947242140769958,0.9997108578681946,0.7125469446182251,0.9160411357879639,2.0
1519,0.0,0.0,,,0.0017871931195259094,0.015543248504400253,0.002764711622148752,0.007921705953776836,3.0
1520,0.0,0.0,,,0.002462466014549136,0.018978189677000046,0.0024652096908539534,0.005561445839703083,4.0
1521,1.0,1.0,,,0.20004341006278992,0.991916298866272,0.6365687847137451,0.8643516302108765,2.0
1522,1.0,1.0,0.0,,0.9861393570899963,0.9892474412918091,0.3012331426143646,0.02915460616350174,4.0
1523,1.0,1.0,,,0.989774763584137,0.9925709962844849,0.010527493432164192,0.02922545000910759,0.0
1524,0.0,1.0,0.0,,0.005588679574429989,0.16849955916404724,0.10429812967777252,0.012497802264988422,3.0
1525,1.0,1.0,,,0.9980030059814453,0.9995395541191101,0.7909160256385803,0.8282909989356995,0.0
1526,0.0,0.0,,,0.0058069173246622086,0.056450873613357544,0.11761129647493362,0.009623168967664242,0.0
1527,0.0,0.0,0.0,,0.005495534278452396,0.08430320024490356,0.015511221252381802,0.006077729165554047,4.0
1528,0.0,,,,0.2391267716884613,0.9943106174468994,0.8854182958602905,0.8113413453102112,4.0
1529,0.0,0.0,,,0.0025386265479028225,0.01922493427991867,0.012412975542247295,0.005642564967274666,4.0
1530,1.0,1.0,,,0.9954975843429565,0.9786999225616455,0.315301775932312,0.04226638004183769,1.0
1531,1.0,1.0,,,0.9934431910514832,0.9923880696296692,0.20152486860752106,0.047933388501405716,3.0
1532,0.0,0.0,,,0.005793914198875427,0.036899980157613754,0.12514854967594147,0.005206629168242216,2.0
1533,0.0,1.0,0.0,,0.1507885456085205,0.9902829527854919,0.3928985595703125,0.1422504037618637,2.0
1534,0.0,1.0,,,0.5195582509040833,0.9946745038032532,0.8401885628700256,0.8063328266143799,4.0
1535,1.0,1.0,1.0,1.0,0.8072774410247803,0.8454399108886719,0.2984631359577179,0.005912213586270809,4.0
1536,0.0,1.0,,,0.004395159427076578,0.16335102915763855,0.17426244914531708,0.01270165666937828,3.0
1537,0.0,0.0,0.0,,0.005479279439896345,0.034376565366983414,0.06189417093992233,0.014941439963877201,1.0
1538,1.0,1.0,0.0,0.0,0.9975739121437073,0.9985921382904053,0.4117918312549591,0.12992435693740845,2.0
1539,0.0,0.0,,,0.0017400332726538181,0.018158044666051865,0.0028341268189251423,0.004103683866560459,4.0
1540,0.0,0.0,0.0,,0.002840999513864517,0.02601410448551178,0.006782537326216698,0.022394077852368355,3.0
1541,0.0,1.0,,,0.7829676866531372,0.9684306383132935,0.04918868839740753,0.24903640151023865,0.0
1542,1.0,1.0,1.0,,0.8777939081192017,0.999064564704895,0.9835349321365356,0.7017502784729004,3.0
1543,1.0,1.0,0.0,,0.5916425585746765,0.9985394477844238,0.8298700451850891,0.6910048127174377,3.0
1544,0.0,0.0,,,0.004116006661206484,0.02217082865536213,0.01733347773551941,0.004760074429214001,2.0
1545,0.0,0.0,0.0,0.0,0.00558684254065156,0.020444341003894806,0.04734259471297264,0.009163105860352516,1.0
1546,0.0,0.0,0.0,,0.0017625840846449137,0.019278205931186676,0.001926703960634768,0.025455819442868233,0.0
1547,1.0,1.0,,,0.9418601393699646,0.9639146327972412,0.6427520513534546,0.9005616903305054,3.0
1548,1.0,1.0,1.0,,0.9958113431930542,0.999685525894165,0.9233506917953491,0.6800525188446045,3.0
1549,1.0,1.0,,,0.9177069664001465,0.967458188533783,0.17576655745506287,0.3534206748008728,3.0
1550,1.0,1.0,,,0.9966785907745361,0.9996119737625122,0.6704350113868713,0.8420788049697876,2.0
1551,1.0,1.0,0.0,,0.9987078905105591,0.9981908798217773,0.04699111729860306,0.8841478824615479,3.0
1552,0.0,0.0,,,0.0021967405918985605,0.030070891603827477,0.0035325149074196815,0.04341447725892067,0.0
1553,1.0,1.0,1.0,,0.9105690717697144,0.9924915432929993,0.8966516256332397,0.957543134689331,2.0
1554,1.0,1.0,,,0.9966731071472168,0.9991319179534912,0.7205162048339844,0.952610433101654,3.0
1555,0.0,0.0,,,0.0023802882060408592,0.017688091844320297,0.002601944375783205,0.008491484448313713,3.0
1556,1.0,1.0,,,0.9927088618278503,0.9887855052947998,0.007894889451563358,0.06568388640880585,1.0
1557,1.0,1.0,1.0,,0.9930762052536011,0.9901762008666992,0.31703266501426697,0.024067729711532593,2.0
1558,1.0,1.0,,,0.8183159828186035,0.9931492805480957,0.0823456272482872,0.06400719285011292,1.0
1559,1.0,1.0,0.0,0.0,0.9276444315910339,0.9867594242095947,0.06650474667549133,0.05265352129936218,0.0
1560,0.0,0.0,0.0,,0.013871178030967712,0.36034539341926575,0.0031010545790195465,0.01774524338543415,0.0
1561,1.0,1.0,,,0.9981037974357605,0.9987464547157288,0.6281876564025879,0.8923869132995605,0.0
1562,0.0,0.0,0.0,0.0,0.003307828912511468,0.028206681832671165,0.08477669954299927,0.014416474848985672,1.0
1563,0.0,1.0,1.0,1.0,0.7609870433807373,0.995694637298584,0.8649725317955017,0.9345571398735046,3.0
1564,1.0,1.0,0.0,,0.997868537902832,0.9979424476623535,0.055376388132572174,0.6052907705307007,0.0
1565,0.0,0.0,,,0.003782578045502305,0.08571513742208481,0.08657602965831757,0.0038301218301057816,2.0
1566,0.0,0.0,,,0.003348649712279439,0.02549045905470848,0.007053285837173462,0.03147192671895027,1.0
1567,0.0,0.0,,,0.0013329830253496766,0.06707881391048431,0.022617563605308533,0.003685997799038887,2.0
1568,0.0,0.0,,,0.0017735082656145096,0.019704310223460197,0.0015137727605178952,0.22274045646190643,3.0
1569,1.0,1.0,,,0.9930856823921204,0.9953515529632568,0.0021289149299263954,0.26140978932380676,3.0
1570,1.0,1.0,1.0,,0.9995753169059753,0.9992812275886536,0.5235638618469238,0.8450766205787659,4.0
1571,0.0,1.0,0.0,,0.0024597765877842903,0.034066345542669296,0.010746367275714874,0.02401849441230297,3.0
1572,0.0,0.0,,,0.8267931938171387,0.6524150371551514,0.015893513336777687,0.0861884206533432,2.0
1573,0.0,0.0,,,0.005301849916577339,0.31791865825653076,0.06568382680416107,0.07601996511220932,0.0
1574,0.0,0.0,,,0.9328465461730957,0.9956536293029785,0.5070109367370605,0.9254757165908813,2.0
1575,1.0,1.0,0.0,,0.9984194040298462,0.9978528022766113,0.5447453260421753,0.9739799499511719,2.0
1576,0.0,0.0,0.0,,0.0024724374525249004,0.0570068359375,0.017296625301241875,0.17223481833934784,3.0
1577,0.0,0.0,,,0.0013016789453104138,0.020159568637609482,0.0021966772619634867,0.0034282668493688107,2.0
1578,1.0,1.0,0.0,0.0,0.9946674704551697,0.9964438676834106,0.06653646379709244,0.12757238745689392,2.0
1579,1.0,1.0,,,0.9931591749191284,0.9975066184997559,0.12104640156030655,0.005676480941474438,4.0
1580,0.0,0.0,,,0.03153547644615173,0.49391475319862366,0.0144963338971138,0.03281364589929581,0.0
1581,1.0,1.0,,,0.9839939475059509,0.9991845488548279,0.28273069858551025,0.23662319779396057,2.0
1582,0.0,0.0,,,0.002298868726938963,0.016324004158377647,0.00803853664547205,0.0065529365092515945,1.0
1583,1.0,1.0,,,0.98930823802948,0.9915134906768799,0.011121653020381927,0.08623047173023224,0.0
1584,1.0,1.0,0.0,,0.20376577973365784,0.20458604395389557,0.06403376162052155,0.008541558869183064,1.0
1585,0.0,0.0,0.0,,0.002127980347722769,0.020480208098888397,0.013110501691699028,0.004057344514876604,4.0
1586,0.0,0.0,,,0.0011055105132982135,0.014190426096320152,0.00838276743888855,0.003831209847703576,2.0
1587,0.0,0.0,,,0.005899446085095406,0.29506203532218933,0.2144164890050888,0.05220182612538338,3.0
1588,1.0,1.0,,,0.9934344291687012,0.9957247972488403,0.004577812273055315,0.011674943380057812,3.0
1589,1.0,1.0,0.0,,0.9820191860198975,0.9831419587135315,0.26909521222114563,0.013505380600690842,4.0
1590,0.0,0.0,0.0,,0.00116917269770056,0.015955718234181404,0.01180996559560299,0.013332766480743885,2.0
1591,0.0,0.0,0.0,,0.0033250453416258097,0.1781383454799652,0.020043259486556053,0.014225359074771404,0.0
1592,0.0,0.0,,,0.0019998066127300262,0.016558917239308357,0.033127252012491226,0.023243462666869164,1.0
1593,0.0,0.0,,,0.0049650161527097225,0.05507013946771622,0.08089721947908401,0.09348692744970322,0.0
1594,1.0,1.0,,,0.9894635081291199,0.9897034764289856,0.10721860080957413,0.07589215040206909,1.0
1595,0.0,0.0,,,0.003336548339575529,0.02483040653169155,0.0074459100142121315,0.004937568213790655,4.0
1596,0.0,1.0,,,0.2544741630554199,0.9927125573158264,0.8386944532394409,0.7688095569610596,2.0
1597,0.0,0.0,,,0.0164187029004097,0.1034713089466095,0.017514057457447052,0.012627216055989265,4.0
1598,0.0,0.0,,,0.0023941663093864918,0.044441599398851395,0.01101789902895689,0.004921206273138523,2.0
1599,0.0,0.0,,,0.0025250038597732782,0.01948636583983898,0.049778349697589874,0.031828392297029495,1.0
1600,1.0,1.0,,,0.9987415671348572,0.9993343949317932,0.8566791415214539,0.9562846422195435,3.0
1601,1.0,1.0,,,0.9940505623817444,0.9965074062347412,0.023216133937239647,0.026274047791957855,3.0
1602,0.0,0.0,,,0.004235534463077784,0.02042767032980919,0.020181426778435707,0.12547516822814941,1.0
1603,1.0,1.0,,,0.9797683358192444,0.9883604645729065,0.02136383205652237,0.008043508045375347,4.0
1604,0.0,1.0,,,0.004424262326210737,0.21395841240882874,0.3168078064918518,0.07271480560302734,3.0
1605,0.0,0.0,0.0,,0.002454934176057577,0.034893400967121124,0.4273601174354553,0.014021499082446098,0.0
1606,1.0,0.0,,,0.007634326349943876,0.06363388150930405,0.06872174143791199,0.03506770357489586,3.0
1607,1.0,1.0,,,0.9901982545852661,0.9448121786117554,0.11994127184152603,0.3603884279727936,3.0
1608,0.0,0.0,0.0,,0.0052788094617426395,0.03180394321680069,0.002453656867146492,0.008369047194719315,0.0
1609,1.0,1.0,1.0,,0.9975560307502747,0.9994627237319946,0.8139589428901672,0.9843217134475708,2.0
1610,1.0,1.0,1.0,,0.943292498588562,0.9998310208320618,0.9293089509010315,0.8460731506347656,0.0
1611,0.0,0.0,,,0.8604946732521057,0.7731265425682068,0.01847127079963684,0.06562157720327377,0.0
1612,1.0,1.0,,,0.9630122184753418,0.9917482137680054,0.15590807795524597,0.1341046392917633,1.0
1613,1.0,1.0,,,0.9873518347740173,0.9872456192970276,0.20508870482444763,0.023503566160798073,2.0
1614,1.0,1.0,,,0.9980950355529785,0.9974547028541565,0.5753834843635559,0.9629673957824707,2.0
1615,0.0,0.0,,,0.0018057028064504266,0.015853477641940117,0.00221481965854764,0.007691431790590286,3.0
1616,0.0,0.0,,,0.0021601805929094553,0.09610863029956818,0.08536921441555023,0.015161394141614437,3.0
1617,1.0,1.0,0.0,,0.9896451234817505,0.9995315074920654,0.09821255505084991,0.11468851566314697,0.0
1618,1.0,1.0,1.0,,0.9950135350227356,0.9990962147712708,0.713068962097168,0.930063784122467,0.0
1619,0.0,0.0,,,0.002388801658526063,0.02764717862010002,0.032551608979701996,0.013149108737707138,0.0
1620,1.0,1.0,,,0.9917019605636597,0.9884501695632935,0.012792273424565792,0.02337101474404335,1.0
1621,0.0,0.0,,,0.001209881855174899,0.013335778377950191,0.003331162966787815,0.005023264791816473,2.0
1622,1.0,1.0,0.0,,0.9969836473464966,0.9975626468658447,0.4205935001373291,0.08242630213499069,3.0
1623,1.0,1.0,,,0.8162378668785095,0.6364694237709045,0.01338600181043148,0.02312268316745758,3.0
1624,0.0,0.0,,,0.005213283468037844,0.03245020657777786,0.017009926959872246,0.010413285344839096,4.0
1625,0.0,0.0,0.0,,0.0038562542758882046,0.025169722735881805,0.006384600419551134,0.011210042051970959,3.0
1626,1.0,1.0,0.0,,0.813427209854126,0.7184231281280518,0.15725205838680267,0.057460322976112366,2.0
1627,0.0,1.0,1.0,,0.3121073246002197,0.9962658882141113,0.7900018692016602,0.8931358456611633,4.0
1628,0.0,0.0,,,0.0028668339364230633,0.023182062432169914,0.06333912909030914,0.0654091015458107,0.0
1629,1.0,1.0,,,0.994292140007019,0.9986825585365295,0.007968739606440067,0.03595414757728577,0.0
1630,1.0,1.0,,,0.9938465356826782,0.9962561130523682,0.011800339445471764,0.015456567518413067,3.0
1631,1.0,1.0,1.0,,0.9996539950370789,0.9971884489059448,0.7813490033149719,0.8988509178161621,4.0
1632,1.0,1.0,0.0,,0.9903583526611328,0.9897848963737488,0.010777645744383335,0.026478663086891174,2.0
1633,1.0,1.0,1.0,,0.9653623104095459,0.9997788667678833,0.910164475440979,0.8200605511665344,0.0
1634,1.0,1.0,,,0.9965784549713135,0.9999085068702698,0.9558405876159668,0.8197652697563171,4.0
1635,0.0,0.0,,,0.0018011375796049833,0.017922252416610718,0.006979222409427166,0.004630168899893761,4.0
1636,1.0,1.0,,,0.9951028823852539,0.9996616244316101,0.6295584440231323,0.8375989198684692,4.0
1637,1.0,1.0,,,0.9662810564041138,0.9995877146720886,0.43229323625564575,0.35064971446990967,3.0
1638,1.0,1.0,,,0.9678329825401306,0.9728232026100159,0.013575326651334763,0.008306320756673813,4.0
1639,1.0,1.0,0.0,,0.993475615978241,0.9961715936660767,0.01206040009856224,0.018503788858652115,1.0
1640,0.0,0.0,,,0.0018869203049689531,0.02058413252234459,0.047903385013341904,0.06023872643709183,0.0
1641,1.0,1.0,0.0,,0.996408224105835,0.9952787160873413,0.3290843069553375,0.06130144000053406,1.0
1642,0.0,0.0,0.0,,0.00184533407445997,0.015020839869976044,0.005087990779429674,0.007625514641404152,3.0
1643,1.0,1.0,1.0,,0.9993404746055603,0.9996007084846497,0.8949284553527832,0.8937403559684753,4.0
1644,0.0,0.0,,,0.003187374211847782,0.022227732464671135,0.0014879365917295218,0.009484350681304932,1.0
1645,1.0,1.0,0.0,,0.9510048031806946,0.9548431634902954,0.5376123785972595,0.9232975244522095,2.0
1646,1.0,1.0,1.0,,0.9988491535186768,0.9993589520454407,0.5238323211669922,0.9711882472038269,1.0
1647,1.0,1.0,0.0,,0.9949102997779846,0.9793400764465332,0.14029280841350555,0.972649872303009,3.0
1648,0.0,0.0,0.0,,0.9687368869781494,0.9835850596427917,0.004626440815627575,0.12276705354452133,4.0
1649,0.0,0.0,0.0,,0.01033634040504694,0.1902376413345337,0.04816990718245506,0.00875039491802454,3.0
1650,1.0,1.0,0.0,,0.09269490838050842,0.02630184032022953,0.10411050915718079,0.03322707861661911,1.0
1651,0.0,1.0,,,0.3023362159729004,0.9981690645217896,0.6710032224655151,0.752946138381958,2.0
1652,0.0,0.0,,,0.002363066654652357,0.019562197849154472,0.02277941070497036,0.010613267309963703,0.0
1653,1.0,1.0,,,0.9949097037315369,0.9968186616897583,0.00712741632014513,0.015959633514285088,3.0
1654,1.0,1.0,,,0.9968793988227844,0.9992270469665527,0.8427432179450989,0.9665690064430237,2.0
1655,0.0,0.0,0.0,,0.002966089639812708,0.02471187710762024,0.034407854080200195,0.01126339752227068,1.0
1656,0.0,0.0,,,0.0017669519875198603,0.02638016827404499,0.007755028083920479,0.011589708738029003,0.0
1657,0.0,0.0,,,0.003649559337645769,0.01656421460211277,0.006271192338317633,0.010580620728433132,1.0
1658,1.0,1.0,0.0,,0.9197198748588562,0.9140088558197021,0.004118373151868582,0.020826295018196106,2.0
1659,0.0,0.0,,,0.002363428473472595,0.13109570741653442,0.002745068399235606,0.057790372520685196,0.0
1660,0.0,0.0,,,0.002177966060116887,0.01930781453847885,0.08075935393571854,0.0646650642156601,3.0
1661,0.0,0.0,0.0,0.0,0.02374560572206974,0.163509801030159,0.07992853224277496,0.00395943270996213,4.0
1662,0.0,0.0,,,0.005722431465983391,0.020914580672979355,0.016422556713223457,0.008456380106508732,4.0
1663,0.0,0.0,,,0.004550829529762268,0.017084848135709763,0.01996878907084465,0.0062829265370965,4.0
1664,1.0,1.0,,,0.9850102066993713,0.9996687173843384,0.6228631138801575,0.6671493649482727,4.0
1665,0.0,0.0,0.0,,0.002250626916065812,0.016440032050013542,0.01386393141001463,0.009038037620484829,1.0
1666,1.0,1.0,,,0.994593620300293,0.9963027238845825,0.030780203640460968,0.012604344636201859,3.0
1667,0.0,1.0,1.0,0.0,0.4214814007282257,0.990679144859314,0.8991288542747498,0.74810391664505,2.0
1668,0.0,0.0,,,0.0012605454539880157,0.020102011039853096,0.03267887234687805,0.08124981075525284,2.0
1669,0.0,0.0,0.0,,0.0022603427059948444,0.018216721713542938,0.0018107864307239652,0.00792305264621973,1.0
1670,0.0,0.0,,,0.008603032678365707,0.023505834862589836,0.010892240330576897,0.021250858902931213,1.0
1671,0.0,0.0,,,0.7910902500152588,0.5048996210098267,0.04288855567574501,0.33786553144454956,3.0
1672,1.0,1.0,,,0.9784577488899231,0.9998744130134583,0.6651008129119873,0.7114585041999817,3.0
1673,1.0,1.0,1.0,,0.28347861766815186,0.9986485838890076,0.9924445748329163,0.8269556760787964,1.0
1674,1.0,1.0,0.0,,0.8594768643379211,0.6537163257598877,0.10083513706922531,0.1155090183019638,2.0
1675,1.0,1.0,0.0,,0.9577275514602661,0.9766569137573242,0.06059087812900543,0.06120290607213974,1.0
1676,0.0,0.0,,,0.001958386739715934,0.015346553176641464,0.01073615811765194,0.0074313124641776085,3.0
1677,1.0,1.0,1.0,,0.9921402931213379,0.9999165534973145,0.9147321581840515,0.8122859597206116,2.0
1678,0.0,0.0,,,0.00547700934112072,0.019146978855133057,0.003249109722673893,0.006503318436443806,4.0
1679,0.0,0.0,,,0.002086830558255315,0.02048463188111782,0.12106098234653473,0.008464030921459198,4.0
1680,0.0,1.0,,,0.9480843544006348,0.8257163166999817,0.16206637024879456,0.02442731335759163,0.0
1681,1.0,1.0,,,0.9946346879005432,0.999651312828064,0.8301331400871277,0.731509268283844,3.0
1682,0.0,1.0,,,0.3148363530635834,0.9825250506401062,0.7953953742980957,0.8183602094650269,4.0
1683,0.0,0.0,,,0.006550116464495659,0.04968011751770973,0.00622296379879117,0.0367278978228569,1.0
1684,0.0,0.0,0.0,,0.0027250831481069326,0.017039716243743896,0.010802111588418484,0.005952267907559872,1.0
1685,0.0,0.0,,,0.6230121850967407,0.626727819442749,0.19860133528709412,0.07657686620950699,4.0
1686,0.0,1.0,,,0.002252498408779502,0.08196704089641571,0.011846170760691166,0.004544483032077551,4.0
1687,0.0,0.0,,,0.0017958983080461621,0.014159767888486385,0.007160115521401167,0.02238640934228897,3.0
1688,1.0,1.0,,,0.9396301507949829,0.9996668100357056,0.633823037147522,0.8133178949356079,4.0
1689,1.0,1.0,0.0,,0.9526748061180115,0.9952151775360107,0.14303016662597656,0.06332743912935257,1.0
1690,1.0,1.0,0.0,,0.9990100860595703,0.9997423887252808,0.7411221265792847,0.921881377696991,0.0
1691,1.0,1.0,0.0,,0.9301563501358032,0.9249977469444275,0.0986955463886261,0.05503443628549576,1.0
1692,0.0,0.0,,,0.00773718673735857,0.020747320726513863,0.01509944535791874,0.007113118190318346,1.0
1693,1.0,1.0,,,0.9982902407646179,0.9973679184913635,0.23735716938972473,0.9069114923477173,4.0
1694,1.0,1.0,1.0,,0.5739976167678833,0.9890233278274536,0.7215521335601807,0.8686828017234802,2.0
1695,0.0,0.0,0.0,,0.07838121056556702,0.08725053817033768,0.3975420892238617,0.010213278234004974,4.0
1696,1.0,1.0,,,0.8215882778167725,0.8308798670768738,0.02827891707420349,0.0071460893377661705,4.0
1697,0.0,1.0,,,0.9071258306503296,0.9811907410621643,0.008045905269682407,0.019163062795996666,0.0
1698,1.0,1.0,0.0,,0.9971544742584229,0.9937068223953247,0.028793610632419586,0.9516708254814148,4.0
1699,0.0,0.0,,,0.013389438390731812,0.06252036988735199,0.00896479096263647,0.05617674067616463,0.0
1700,1.0,,,,0.9926438331604004,0.9601357579231262,0.014114180579781532,0.9449790716171265,2.0
1701,1.0,1.0,,,0.4524308443069458,0.9981634020805359,0.9097490906715393,0.762649416923523,2.0
1702,1.0,1.0,,,0.9942259192466736,0.9992856979370117,0.1987636685371399,0.13115885853767395,2.0
1703,1.0,1.0,,,0.9897384643554688,0.9976180195808411,0.12431439012289047,0.06175794452428818,1.0
1704,1.0,1.0,,,0.9778645634651184,0.9835339188575745,0.24431999027729034,0.019177019596099854,4.0
1705,1.0,1.0,0.0,1.0,0.9852577447891235,0.9989296197891235,0.011684685945510864,0.028208239004015923,4.0
1706,0.0,0.0,0.0,,0.0017943268176168203,0.021907508373260498,0.002171915490180254,0.009232616052031517,0.0
1707,1.0,1.0,0.0,,0.9905242323875427,0.999649167060852,0.6696925163269043,0.8774127960205078,4.0
1708,0.0,0.0,,,0.882744550704956,0.6783784627914429,0.12808983027935028,0.044094253331422806,1.0
1709,1.0,1.0,,,0.9907390475273132,0.9632272124290466,0.0657884031534195,0.05045023933053017,0.0
1710,1.0,1.0,,,0.9128831624984741,0.9957400560379028,0.06457626819610596,0.03674817830324173,2.0
1711,1.0,1.0,1.0,,0.9993024468421936,0.99994957447052,0.857474148273468,0.8364964127540588,0.0
1712,0.0,0.0,0.0,,0.002726903883740306,0.055961985141038895,0.007020775228738785,0.018891599029302597,3.0
1713,0.0,0.0,0.0,,0.0019427654333412647,0.019299492239952087,0.0012754567433148623,0.010312658734619617,3.0
1714,0.0,0.0,,,0.0027019642293453217,0.023698629811406136,0.004554300103336573,0.0082930913195014,0.0
1715,1.0,1.0,,,0.9946008920669556,0.9962440133094788,0.6240474581718445,0.9398858547210693,4.0
1716,1.0,1.0,,,0.9262163043022156,0.9966548681259155,0.31439828872680664,0.04283226653933525,0.0
1717,0.0,0.0,,,0.002022975590080023,0.01725006103515625,0.002393614035099745,0.008360126987099648,0.0
1718,0.0,0.0,,,0.0022612300235778093,0.017802558839321136,0.027129843831062317,0.009660216979682446,3.0
1719,1.0,1.0,1.0,,0.9718837141990662,0.9990009665489197,0.6417783498764038,0.9678439497947693,2.0
1720,1.0,1.0,0.0,,0.990793764591217,0.998866617679596,0.012741604819893837,0.011540304869413376,3.0
1721,1.0,1.0,,,0.9834997057914734,0.9888379573822021,0.010071642696857452,0.005335742607712746,4.0
1722,,0.0,,,0.004869780037552118,0.020466554909944534,0.01038020197302103,0.0044061774387955666,4.0
1723,0.0,0.0,,,0.00752550084143877,0.35897380113601685,0.0950409397482872,0.014743122272193432,0.0
1724,1.0,1.0,1.0,1.0,0.9329680800437927,0.9987685084342957,0.5705258846282959,0.9294576644897461,2.0
1725,0.0,0.0,,,0.002578055951744318,0.020895203575491905,0.0017013782635331154,0.07542625814676285,0.0
1726,0.0,0.0,0.0,,0.003276018425822258,0.04931224137544632,0.24936479330062866,0.012163452804088593,0.0
1727,0.0,0.0,,,0.0022691995836794376,0.046232834458351135,0.03580997884273529,0.01073054876178503,3.0
1728,0.0,0.0,0.0,,0.0024839064572006464,0.014873047359287739,0.004995540715754032,0.01292900275439024,3.0
1729,1.0,1.0,1.0,,0.9957505464553833,0.960716187953949,0.8716273903846741,0.9400882720947266,3.0
1730,0.0,0.0,0.0,,0.0017889447044581175,0.02080536261200905,0.0014142220607027411,0.0086249690502882,0.0
1731,0.0,0.0,,,0.002305904170498252,0.021490428596735,0.05336364358663559,0.06518036127090454,3.0
1732,0.0,0.0,,,0.8840082287788391,0.674910843372345,0.03740245848894119,0.16532886028289795,2.0
1733,0.0,1.0,1.0,0.0,0.4244801700115204,0.9977760910987854,0.9331026077270508,0.8152818083763123,4.0
1734,0.0,0.0,,,0.001803762512281537,0.01891394890844822,0.0038142986595630646,0.004135342314839363,4.0
1735,1.0,1.0,,,0.9877504110336304,0.9900709390640259,0.21618130803108215,0.2883939743041992,3.0
1736,1.0,1.0,,,0.9691996574401855,0.9536755084991455,0.34619876742362976,0.16543301939964294,0.0
1737,0.0,1.0,1.0,1.0,0.5646768808364868,0.9991223216056824,0.9688583016395569,0.9402506947517395,0.0
1738,1.0,1.0,,,0.3615038990974426,0.9988596439361572,0.5912693738937378,0.6207693219184875,1.0
1739,0.0,0.0,,,0.0028316292446106672,0.04595724865794182,0.007288662251085043,0.0039544315077364445,2.0
1740,1.0,1.0,0.0,,0.9963349103927612,0.9959700703620911,0.00927039422094822,0.02344241924583912,2.0
1741,1.0,1.0,1.0,,0.9756473302841187,0.9996919631958008,0.7486661076545715,0.7523319721221924,0.0
1742,0.0,0.0,0.0,0.0,0.0021908823400735855,0.02093598246574402,0.0044297631829977036,0.007868156768381596,3.0
1743,1.0,1.0,0.0,,0.9895610213279724,0.9928473830223083,0.004322690423578024,0.18182164430618286,0.0
1744,1.0,1.0,0.0,,0.9803915619850159,0.9960989952087402,0.2306341826915741,0.02287447825074196,0.0
1745,1.0,1.0,,,0.9906384348869324,0.996227502822876,0.004980659112334251,0.15343394875526428,0.0
1746,1.0,1.0,,,0.9887949228286743,0.9996340870857239,0.6941699981689453,0.6337393522262573,3.0
1747,1.0,1.0,,,0.9676851630210876,0.9009302854537964,0.12148851156234741,0.026251748204231262,1.0
1748,0.0,0.0,,,0.005847372580319643,0.12900203466415405,0.014684041030704975,0.009954741224646568,1.0
1749,1.0,1.0,,,0.9494616389274597,0.7161794304847717,0.03179723769426346,0.9316378235816956,0.0
1750,1.0,1.0,,,0.9930427074432373,0.9947662949562073,0.10609135031700134,0.023037400096654892,2.0
1751,1.0,1.0,0.0,,0.8517634272575378,0.9665072560310364,0.023085247725248337,0.0062086801044642925,4.0
1752,0.0,1.0,0.0,,0.8627071380615234,0.8821083307266235,0.004015428014099598,0.010663195513188839,2.0
1753,1.0,1.0,0.0,,0.9947794079780579,0.9973779916763306,0.027317404747009277,0.03474236652255058,0.0
1754,0.0,0.0,,,0.01174711249768734,0.030687807127833366,0.010387273505330086,0.029154984280467033,1.0
1755,1.0,1.0,,,0.9755611419677734,0.9254630208015442,0.008524905890226364,0.015498797409236431,3.0
1756,0.0,0.0,0.0,,0.0016157900681719184,0.016431836411356926,0.005804205778986216,0.004732322879135609,2.0
1757,0.0,0.0,,,0.002855896018445492,0.020911645144224167,0.006369366310536861,0.0059798844158649445,4.0
1758,1.0,1.0,1.0,,0.9970872402191162,0.9987101554870605,0.9061343669891357,0.9411987066268921,4.0
1759,0.0,0.0,,,0.015612809918820858,0.2244196981191635,0.12558715045452118,0.005005379673093557,4.0
1760,1.0,1.0,0.0,,0.9909244775772095,0.9951533079147339,0.015299258753657341,0.010101907886564732,3.0
1761,0.0,0.0,0.0,,0.002849372336640954,0.027127642184495926,0.00907024648040533,0.01455310732126236,2.0
1762,1.0,1.0,,,0.9973588585853577,0.9960819482803345,0.028721550479531288,0.06017262116074562,3.0
1763,0.0,0.0,,,0.002232876606285572,0.023590590804815292,0.013829875737428665,0.010282233357429504,3.0
1764,1.0,1.0,,,0.9981512427330017,0.9998176097869873,0.8256779313087463,0.9706178903579712,2.0
1765,1.0,1.0,,,0.9938352108001709,0.9996757507324219,0.760250985622406,0.8730490207672119,2.0
1766,1.0,1.0,1.0,,0.7369840741157532,0.9982216358184814,0.9128469228744507,0.9244319200515747,3.0
1767,0.0,0.0,,,0.0013826396316289902,0.01983395591378212,0.003964498173445463,0.10586659610271454,0.0
1768,1.0,1.0,,,0.9911090731620789,0.9995277523994446,0.238296240568161,0.008740412071347237,4.0
1769,1.0,1.0,,,0.8015730381011963,0.5890509486198425,0.06110294908285141,0.13454613089561462,0.0
1770,0.0,0.0,0.0,,0.0029500864911824465,0.1233016774058342,0.017231307923793793,0.00514754606410861,2.0
1771,0.0,1.0,,,0.6265134215354919,0.9935675859451294,0.8004605770111084,0.8529467582702637,0.0
1772,0.0,0.0,0.0,,0.0027653584256768227,0.026413965970277786,0.05876566469669342,0.0086866719648242,0.0
1773,0.0,1.0,0.0,,0.939227283000946,0.9892962574958801,0.009297840297222137,0.006470557767897844,4.0
1774,1.0,1.0,,,0.8086499571800232,0.8378560543060303,0.009530771523714066,0.006087179761379957,4.0
1775,1.0,1.0,0.0,,0.9930906295776367,0.993209958076477,0.05757983401417732,0.022878505289554596,1.0
1776,1.0,1.0,0.0,,0.9988155961036682,0.9992024302482605,0.742919921875,0.9467166662216187,1.0
1777,0.0,0.0,0.0,,0.08876141160726547,0.025632333010435104,0.20770102739334106,0.010935203172266483,1.0
1778,1.0,1.0,,,0.9923821687698364,0.9924660325050354,0.016905415803194046,0.0313829705119133,2.0
1779,0.0,1.0,0.0,,0.8096529245376587,0.7448381185531616,0.006476691924035549,0.04795315861701965,2.0
1780,1.0,,,,0.9829662442207336,0.9998900890350342,0.5166171789169312,0.8503226041793823,2.0
1781,0.0,1.0,,,0.00436817342415452,0.035131990909576416,0.026143018156290054,0.011208008043467999,4.0
1782,0.0,0.0,,,0.002060773316770792,0.020703762769699097,0.00595179945230484,0.007986397482454777,3.0
1783,0.0,0.0,,,0.0025341762229800224,0.020745841786265373,0.07068230211734772,0.0232415571808815,1.0
1784,0.0,0.0,0.0,,0.002274253638461232,0.025835257023572922,0.0032604383304715157,0.0138704227283597,3.0
1785,1.0,1.0,,,0.980201244354248,0.9909416437149048,0.0735226646065712,0.008321603760123253,4.0
1786,0.0,0.0,,,0.0011645861668512225,0.016829635947942734,0.0019537541083991528,0.007660359144210815,2.0
1787,0.0,0.0,,,0.0020679067820310593,0.01921825483441353,0.013204765506088734,0.007193461060523987,4.0
1788,0.0,0.0,,,0.002963385544717312,0.02148318476974964,0.010827895253896713,0.009074172005057335,3.0
1789,0.0,0.0,,,0.8271380662918091,0.5130258798599243,0.009614073671400547,0.032214172184467316,0.0
1790,0.0,0.0,,,0.0017308081733062863,0.02374161221086979,0.0031399542931467295,0.27228519320487976,3.0
1791,1.0,1.0,1.0,,0.9991289973258972,0.9993650913238525,0.8466187119483948,0.9069659113883972,0.0
1792,1.0,1.0,,,0.9932626485824585,0.999179482460022,0.16675961017608643,0.18184998631477356,1.0
1793,1.0,1.0,,,0.998741090297699,0.9969005584716797,0.44017261266708374,0.14795199036598206,1.0
1794,0.0,0.0,0.0,,0.00446393433958292,0.02923523634672165,0.002105562947690487,0.006737006362527609,4.0
1795,1.0,1.0,,,0.9809268712997437,0.9999109506607056,0.7712045311927795,0.7783879637718201,2.0
1796,1.0,1.0,1.0,,0.9987013936042786,0.9995485544204712,0.9608948826789856,0.7284731864929199,4.0
1797,0.0,0.0,0.0,,0.0034396934788674116,0.03411293774843216,0.010585746727883816,0.024857334792613983,0.0
1798,1.0,1.0,,,0.9628396034240723,0.9997000694274902,0.6753056645393372,0.7301743030548096,3.0
1799,1.0,1.0,0.0,,0.7891749143600464,0.6258622407913208,0.007989034987986088,0.007981989532709122,4.0
1800,0.0,0.0,,,0.002233948325738311,0.015381896868348122,0.007048388943076134,0.04610810428857803,1.0
1801,0.0,0.0,,,0.001604187535122037,0.025218062102794647,0.0015541341854259372,0.009677805937826633,0.0
1802,0.0,0.0,,,0.0020524845458567142,0.021252738311886787,0.1460106372833252,0.008210292086005211,4.0
1803,0.0,0.0,,,0.0013141906820237637,0.020474527031183243,0.019436461851000786,0.07714632898569107,2.0
1804,1.0,1.0,,,0.9946887493133545,0.9968689680099487,0.049624502658843994,0.04908567667007446,0.0
1805,0.0,0.0,0.0,,0.03624598681926727,0.03925438970327377,0.3359525203704834,0.012175880372524261,1.0
1806,0.0,0.0,0.0,,0.0021118258591741323,0.017029209062457085,0.0041561732068657875,0.005693401210010052,4.0
1807,0.0,1.0,,,0.12690052390098572,0.6972564458847046,0.3535846173763275,0.3617945611476898,1.0
1808,1.0,1.0,,,0.3512195944786072,0.996451735496521,0.6154552698135376,0.5516791343688965,1.0
1809,0.0,0.0,0.0,,0.001324918121099472,0.01693210005760193,0.00923838559538126,0.0046089887619018555,2.0
1810,1.0,1.0,,,0.9936313629150391,0.9956021308898926,0.3598848581314087,0.020446639508008957,4.0
1811,1.0,1.0,,,0.9930819272994995,0.9939088821411133,0.0069586047902703285,0.025667306035757065,0.0
1812,0.0,0.0,,,0.004855140578001738,0.16973142325878143,0.009000800549983978,0.012713819742202759,0.0
1813,0.0,0.0,0.0,,0.0032867505215108395,0.019889533519744873,0.007520372048020363,0.01875252276659012,1.0
1814,0.0,0.0,,,0.004756917245686054,0.029116559773683548,0.030222494155168533,0.013517597690224648,1.0
1815,1.0,1.0,0.0,,0.9919054508209229,0.9979274868965149,0.16300068795681,0.01124105229973793,4.0
1816,1.0,1.0,0.0,,0.9947715401649475,0.9987269043922424,0.25976455211639404,0.07849033921957016,4.0
1817,0.0,0.0,0.0,,0.0021638842299580574,0.025731287896633148,0.004218244459480047,0.017587458714842796,0.0
1818,0.0,0.0,0.0,,0.0022377995774149895,0.014986773021519184,0.006516709458082914,0.006563988979905844,1.0
1819,0.0,0.0,0.0,,0.002791286911815405,0.022927476093173027,0.0389503575861454,0.2492228001356125,4.0
1820,0.0,0.0,,,0.006895069032907486,0.1325908601284027,0.07697858661413193,0.013491073623299599,1.0
1821,0.0,0.0,0.0,,0.0029149213805794716,0.018956920132040977,0.005523873493075371,0.010255037806928158,2.0
1822,1.0,1.0,0.0,1.0,0.9822153449058533,0.9759812951087952,0.014070572331547737,0.9555523991584778,2.0
1823,1.0,1.0,0.0,,0.9431377053260803,0.8182061910629272,0.11445208638906479,0.008816338144242764,4.0
1824,0.0,0.0,0.0,,0.0013043023645877838,0.01960044540464878,0.003179299645125866,0.004777757450938225,2.0
1825,0.0,0.0,,,0.0018842780264094472,0.019546231254935265,0.0480617880821228,0.031411439180374146,1.0
1826,0.0,0.0,0.0,0.0,0.0013827800285071135,0.016985222697257996,0.006569594144821167,0.003764681750908494,2.0
1827,0.0,0.0,,,0.001640224945731461,0.02064472995698452,0.006142714526504278,0.016549937427043915,0.0
1828,0.0,0.0,,,0.0028365286998450756,0.056606460362672806,0.006729677319526672,0.004394602961838245,2.0
1829,0.0,0.0,,,0.005170909687876701,0.14711719751358032,0.19390501081943512,0.0181382168084383,3.0
1830,1.0,1.0,0.0,,0.9958202838897705,0.9954286813735962,0.027693310752511024,0.0454179011285305,2.0
1831,1.0,1.0,,,0.6608812212944031,0.9968348741531372,0.6503615975379944,0.833299994468689,0.0
1832,0.0,0.0,,,0.0025382705498486757,0.01940532773733139,0.006223880685865879,0.011719892732799053,1.0
1833,0.0,0.0,,,0.0022137919440865517,0.03454753756523132,0.04781736060976982,0.06402134895324707,0.0
1834,0.0,0.0,,,0.002223282353952527,0.019650064408779144,0.012007256038486958,0.005006099585443735,4.0
1835,,1.0,,,0.9952582716941833,0.9975510835647583,0.23464573919773102,0.0548701211810112,2.0
1836,0.0,0.0,,,0.002367977984249592,0.10708578675985336,0.002295040525496006,0.012567629106342793,2.0
1837,0.0,0.0,,,0.0023373975418508053,0.020761549472808838,0.009740798734128475,0.020794246345758438,1.0
1838,0.0,0.0,,,0.0014701929176226258,0.017702309414744377,0.0022955243475735188,0.010725930333137512,2.0
1839,1.0,1.0,,,0.009652781300246716,0.21724078059196472,0.05014874413609505,0.011266065761446953,1.0
1840,1.0,1.0,,,0.9768561720848083,0.9946319460868835,0.22110095620155334,0.8976466655731201,2.0
1841,1.0,1.0,0.0,1.0,0.9934859275817871,0.9992425441741943,0.39261484146118164,0.03301462531089783,4.0
1842,1.0,1.0,,,0.9986862540245056,0.9976441264152527,0.5513143539428711,0.9410008788108826,1.0
1843,0.0,0.0,,,0.0024387931916862726,0.01961674354970455,0.02246357873082161,0.020602304488420486,4.0
1844,0.0,0.0,,,0.004403419326990843,0.022358780726790428,0.014046777039766312,0.034154586493968964,1.0
1845,1.0,1.0,1.0,,0.9683605432510376,0.9929437041282654,0.710446298122406,0.9334824681282043,3.0
1846,0.0,1.0,,,0.5703471302986145,0.9909692406654358,0.5464968085289001,0.7466137409210205,2.0
1847,1.0,1.0,,,0.9927300810813904,0.9998833537101746,0.7273803353309631,0.7944852113723755,0.0
1848,1.0,1.0,,,0.3763256072998047,0.9869152307510376,0.618882417678833,0.8187292218208313,4.0
1849,1.0,1.0,1.0,1.0,0.9219058752059937,0.983512282371521,0.7457466125488281,0.9303598403930664,1.0
1850,0.0,0.0,0.0,,0.0028782563749700785,0.10412793606519699,0.03269257768988609,0.019282611086964607,1.0
1851,0.0,0.0,,,0.01879841275513172,0.29197046160697937,0.01292451936751604,0.060507867485284805,2.0
1852,0.0,0.0,,,0.005439367610961199,0.031436461955308914,0.1349928230047226,0.020208708941936493,4.0
1853,1.0,1.0,,,0.42364445328712463,0.839881420135498,0.18853770196437836,0.038713488727808,4.0
1854,1.0,1.0,,,0.9655928015708923,0.9971802234649658,0.26834049820899963,0.018719621002674103,3.0
1855,1.0,1.0,,,0.8870760798454285,0.9866347312927246,0.23637406527996063,0.0244463961571455,0.0
1856,1.0,1.0,,,0.993587076663971,0.999078631401062,0.763327419757843,0.7110151648521423,3.0
1857,0.0,0.0,,,0.0025019673630595207,0.03914971277117729,0.005096675828099251,0.009220496751368046,3.0
1858,0.0,0.0,,,0.0017696470022201538,0.020194964483380318,0.0022441144101321697,0.008744686841964722,0.0
1859,1.0,1.0,,,0.6893525123596191,0.9988136887550354,0.7717392444610596,0.6815954446792603,1.0
1860,1.0,1.0,,,0.8260344862937927,0.9992963075637817,0.7623881697654724,0.9242332577705383,0.0
1861,0.0,0.0,,,0.0023471179883927107,0.033722344785928726,0.004413797985762358,0.010907871648669243,3.0
1862,1.0,1.0,0.0,,0.9963054060935974,0.9842000007629395,0.19498641788959503,0.9673134088516235,0.0
1863,1.0,1.0,,,0.9939448237419128,0.9784653782844543,0.04634888842701912,0.0061141871847212315,4.0
1864,0.0,0.0,0.0,,0.9932326674461365,0.9961979985237122,0.005408886820077896,0.03741227462887764,3.0
1865,1.0,1.0,0.0,,0.9928882122039795,0.9667527675628662,0.04203525185585022,0.9721871018409729,0.0
1866,1.0,1.0,0.0,,0.9875773787498474,0.987616777420044,0.006444415543228388,0.13838966190814972,0.0
1867,0.0,0.0,,,0.0020128574687987566,0.014733687043190002,0.00742593826726079,0.007000650279223919,1.0
1868,1.0,1.0,,,0.890508234500885,0.999226987361908,0.5494545102119446,0.9269036054611206,0.0
1869,1.0,1.0,1.0,,0.9991328120231628,0.9996696710586548,0.8897266387939453,0.9243035912513733,0.0
1870,1.0,1.0,1.0,,0.9530110359191895,0.9864165186882019,0.9058181047439575,0.9520207047462463,3.0
1871,1.0,1.0,0.0,,0.9835985898971558,0.9999107122421265,0.6405779123306274,0.7808961272239685,0.0
1872,1.0,1.0,0.0,,0.9637439250946045,0.9982508420944214,0.6546181440353394,0.8685495853424072,1.0
1873,0.0,0.0,,,0.002787375822663307,0.021860629320144653,0.00931499619036913,0.033385176211595535,1.0
1874,1.0,1.0,,,0.9937610030174255,0.9997607469558716,0.8832986354827881,0.5108758807182312,1.0
1875,1.0,1.0,,,0.9953777194023132,0.9789549112319946,0.038997069001197815,0.9372225403785706,2.0
1876,0.0,0.0,0.0,,0.0019238722743466496,0.026194803416728973,0.006662650499492884,0.012286534532904625,3.0
1877,0.0,0.0,0.0,,0.002569678006693721,0.15113916993141174,0.0067963856272399426,0.021182455122470856,2.0
1878,0.0,0.0,0.0,,0.00205742078833282,0.021655356511473656,0.005872564855962992,0.010257327929139137,0.0
1879,0.0,0.0,,,0.0033743318635970354,0.021438613533973694,0.006401602178812027,0.00960160605609417,2.0
1880,0.0,0.0,,,0.010618848726153374,0.0488298162817955,0.04548213258385658,0.013114734552800655,0.0
1881,1.0,1.0,,,0.9993578195571899,0.9922801852226257,0.4586763083934784,0.014516834169626236,4.0
1882,1.0,1.0,,,0.9019672870635986,0.9947006106376648,0.2745487689971924,0.0585440993309021,3.0
1883,0.0,0.0,,,0.008597135543823242,0.11888067424297333,0.00858122855424881,0.05514470860362053,1.0
1884,0.0,0.0,0.0,,0.0023928487207740545,0.01926146075129509,0.00864333938807249,0.0052718608640134335,4.0
1885,0.0,0.0,,,0.0015064254403114319,0.024169042706489563,0.02699241228401661,0.012120531871914864,3.0
1886,0.0,0.0,,,0.0025173684116452932,0.01971617341041565,0.006439975928515196,0.008120886981487274,3.0
1887,1.0,1.0,,,0.9968749284744263,0.9288038611412048,0.256063312292099,0.1843567192554474,2.0
1888,1.0,1.0,0.0,,0.8307143449783325,0.8901500701904297,0.06438586115837097,0.024131692945957184,1.0
1889,1.0,1.0,0.0,,0.9890418648719788,0.9766135215759277,0.006736438721418381,0.9637088775634766,3.0
1890,1.0,1.0,0.0,,0.9969115257263184,0.9937583804130554,0.03076872229576111,0.9579766988754272,4.0
1891,1.0,1.0,,,0.9876049160957336,0.9815579652786255,0.03218919038772583,0.20720386505126953,1.0
1892,0.0,0.0,,,0.001800748286768794,0.02020190842449665,0.004822609014809132,0.008656843565404415,0.0
1893,1.0,1.0,,,0.9978795051574707,0.9992139339447021,0.8153759837150574,0.9706883430480957,2.0
1894,1.0,1.0,,,0.8596818447113037,0.9982559680938721,0.7443320751190186,0.7472960948944092,2.0
1895,0.0,0.0,0.0,0.0,0.0028071613050997257,0.027032140642404556,0.009960426017642021,0.007156609557569027,4.0
1896,1.0,1.0,1.0,,0.998752772808075,0.9981173276901245,0.5109504461288452,0.8714725375175476,1.0
1897,0.0,0.0,0.0,,0.0017863409593701363,0.017700280994176865,0.008555835112929344,0.005752543453127146,4.0
1898,1.0,1.0,,,0.9108037948608398,0.8849678039550781,0.1277112066745758,0.02565169148147106,1.0
1899,1.0,1.0,,,0.7518985271453857,0.58705735206604,0.004722765646874905,0.007126801181584597,4.0
1900,1.0,1.0,1.0,,0.9993711113929749,0.9993540048599243,0.856050968170166,0.9400285482406616,3.0
1901,0.0,1.0,,,0.0025811768136918545,0.03164573386311531,0.04278920963406563,0.015210507437586784,1.0
1902,0.0,0.0,,,0.0017764470539987087,0.02235482446849346,0.011670175939798355,0.009279164485633373,0.0
1903,0.0,0.0,0.0,,0.00392891326919198,0.05911906808614731,0.008058086968958378,0.010534917004406452,3.0
1904,0.0,1.0,0.0,,0.350193589925766,0.7178165912628174,0.36832717061042786,0.2569504380226135,1.0
1905,0.0,0.0,,,0.0030224164947867393,0.032434746623039246,0.0610702708363533,0.011590941809117794,3.0
1906,1.0,1.0,,,0.9092305898666382,0.9937022924423218,0.8000562191009521,0.8030648827552795,4.0
1907,1.0,1.0,0.0,,0.9225365519523621,0.9990009069442749,0.2925944924354553,0.213869109749794,1.0
1908,1.0,1.0,,,0.9948405623435974,0.9972508549690247,0.1051926463842392,0.019101548939943314,0.0
1909,1.0,1.0,1.0,1.0,0.997305691242218,0.999731719493866,0.9559560418128967,0.70646071434021,3.0
1910,0.0,0.0,,,0.0025839121080935,0.027255410328507423,0.009797312319278717,0.010743626393377781,0.0
1911,0.0,0.0,,,0.0058627985417842865,0.14978604018688202,0.018303293734788895,0.005458255298435688,2.0
1912,1.0,1.0,,,0.9931074380874634,0.9908940196037292,0.12385638058185577,0.059217385947704315,3.0
1913,0.0,0.0,,,0.002189507707953453,0.018720749765634537,0.009327353909611702,0.008148358203470707,3.0
1914,0.0,0.0,,,0.0019036618759855628,0.02015235461294651,0.08279255032539368,0.0654890313744545,3.0
1915,1.0,1.0,1.0,,0.9872004985809326,0.9970003962516785,0.8897785544395447,0.7402389645576477,4.0
1916,1.0,1.0,,,0.09125116467475891,0.024770645424723625,0.054940998554229736,0.008705114014446735,1.0
1917,1.0,1.0,,,0.9900082945823669,0.991727352142334,0.016479093581438065,0.27633950114250183,1.0
1918,0.0,0.0,,,0.002712148241698742,0.021392853930592537,0.0038045039400458336,0.15657353401184082,3.0
1919,0.0,0.0,,,0.0028532622382044792,0.044407349079847336,0.010757719166576862,0.004151521250605583,4.0
1920,1.0,1.0,,,0.9925352931022644,0.9946354031562805,0.017848119139671326,0.010470438748598099,3.0
1921,0.0,1.0,0.0,0.0,0.661858081817627,0.6237322688102722,0.07857929170131683,0.0774218738079071,0.0
1922,1.0,1.0,0.0,,0.9910524487495422,0.9913963675498962,0.08675962686538696,0.02271447703242302,2.0
1923,1.0,1.0,1.0,,0.9503635168075562,0.9972100257873535,0.7588586807250977,0.8321948051452637,4.0
1924,1.0,1.0,0.0,,0.9949241280555725,0.9901533126831055,0.004352979362010956,0.02930397354066372,2.0
1925,0.0,0.0,,,0.0018108414951711893,0.024737484753131866,0.00895946566015482,0.009915963746607304,0.0
1926,1.0,1.0,1.0,,0.8964207768440247,0.9989948272705078,0.9108255505561829,0.5896174907684326,1.0
1927,1.0,1.0,,,0.011805272661149502,0.4557545483112335,0.42893555760383606,0.16197004914283752,1.0
1928,0.0,0.0,,,0.0019967949483543634,0.04156983271241188,0.024865102022886276,0.013091711327433586,2.0
1929,1.0,1.0,,,0.9959671497344971,0.9937462210655212,0.016871867701411247,0.04095892235636711,2.0
1930,0.0,0.0,,,0.004863140173256397,0.22420117259025574,0.012581238523125648,0.004864252172410488,4.0
1931,1.0,1.0,1.0,1.0,0.9620059728622437,0.9996927976608276,0.9373435974121094,0.787361741065979,2.0
1932,0.0,0.0,0.0,0.0,0.0018027988262474537,0.07326941192150116,0.005543813109397888,0.009758686646819115,3.0
1933,0.0,1.0,0.0,,0.8658263683319092,0.9715977311134338,0.036110300570726395,0.01680210418999195,1.0
1934,1.0,1.0,,,0.9977422952651978,0.9998165369033813,0.9269658923149109,0.6972030997276306,3.0
1935,1.0,1.0,,,0.9881645441055298,0.9652206897735596,0.005763517692685127,0.9753875732421875,3.0
1936,0.0,0.0,,,0.0022713402286171913,0.015378117561340332,0.020632775500416756,0.013424945063889027,1.0
1937,0.0,0.0,,,0.006952345371246338,0.20061656832695007,0.10955812782049179,0.025935735553503036,1.0
1938,1.0,1.0,,,0.9788358211517334,0.9936492443084717,0.051092829555273056,0.0908496156334877,3.0
1939,0.0,0.0,,,0.005204710643738508,0.02049979381263256,0.02210722118616104,0.013647271320223808,1.0
1940,1.0,1.0,0.0,,0.9247995018959045,0.9605985283851624,0.07056531310081482,0.01928800530731678,1.0
1941,0.0,1.0,,,0.002829447854310274,0.11219848692417145,0.2847914695739746,0.09732121229171753,0.0
1942,1.0,1.0,0.0,,0.9969311952590942,0.9985507130622864,0.3656978905200958,0.09092798084020615,1.0
1943,1.0,1.0,0.0,0.0,0.46018490195274353,0.9939604997634888,0.6582797765731812,0.6546903848648071,3.0
1944,1.0,1.0,,,0.9945245385169983,0.9909973740577698,0.053260356187820435,0.026141425594687462,2.0
1945,0.0,0.0,,,0.0023829364217817783,0.036414992064237595,0.010734870098531246,0.011675786226987839,1.0
1946,0.0,0.0,,,0.001807542983442545,0.09527617692947388,0.010439395904541016,0.004155576694756746,2.0
1947,0.0,0.0,,,0.0032903782557696104,0.027546055614948273,0.006801916286349297,0.04359963536262512,3.0
1948,0.0,0.0,,,0.002052576281130314,0.028580427169799805,0.026033690199255943,0.09212209284305573,2.0
1949,1.0,1.0,,,0.9901465177536011,0.9835745096206665,0.09246174246072769,0.9257073998451233,3.0
1950,0.0,1.0,,,0.3631104826927185,0.8467167019844055,0.805137038230896,0.6671535968780518,3.0
1951,0.0,1.0,,,0.00843364279717207,0.02614700049161911,0.004681090824306011,0.009913329035043716,1.0
1952,0.0,0.0,,,0.05837735906243324,0.11397424340248108,0.0032307689543813467,0.16998551785945892,4.0
1953,0.0,0.0,,,0.0023803531657904387,0.017160547897219658,0.013697224669158459,0.00635739928111434,1.0
1954,0.0,1.0,1.0,1.0,0.48215505480766296,0.9942375421524048,0.8012253046035767,0.9238469004631042,3.0
1955,0.0,0.0,0.0,0.0,0.0017754366854205728,0.021377986297011375,0.01026151143014431,0.0042817480862140656,4.0
1956,0.0,0.0,,,0.005098998546600342,0.03357430174946785,0.04981927201151848,0.04941875860095024,0.0
1957,1.0,1.0,,,0.9348969459533691,0.995846688747406,0.3639863133430481,0.04077589139342308,3.0
1958,0.0,0.0,,,0.004165942315012217,0.08471657335758209,0.024420158937573433,0.023642223328351974,2.0
1959,0.0,0.0,,,0.003306168597191572,0.01988064870238304,0.002046696376055479,0.0062156179919838905,4.0
1960,1.0,1.0,0.0,,0.8792786002159119,0.8857998847961426,0.02883053943514824,0.04859041050076485,2.0
1961,1.0,1.0,,,0.7392240166664124,0.992703378200531,0.03736479952931404,0.008392071351408958,2.0
1962,0.0,1.0,,,0.02778901346027851,0.2082464098930359,0.11429372429847717,0.08277121931314468,2.0
1963,0.0,1.0,,,0.27835288643836975,0.9943439960479736,0.8626731634140015,0.5602397322654724,1.0
1964,0.0,0.0,,,0.0035401126369833946,0.08184923231601715,0.038227468729019165,0.01083893422037363,3.0
1965,1.0,1.0,,,0.9856092929840088,0.9924729466438293,0.12195912003517151,0.05333414673805237,0.0
1966,0.0,0.0,,,0.003470289520919323,0.037448666989803314,0.00904191192239523,0.005133511498570442,4.0
1967,1.0,1.0,1.0,,0.9689688682556152,0.9999396800994873,0.7376047968864441,0.6003603339195251,1.0
1968,1.0,1.0,,,0.9120619893074036,0.8001270294189453,0.025669703260064125,0.33341193199157715,3.0
1969,1.0,1.0,,,0.9944937229156494,0.9982513189315796,0.13116998970508575,0.022423552349209785,4.0
1970,1.0,1.0,0.0,,0.02533653751015663,0.39164039492607117,0.08768980205059052,0.0438399501144886,1.0
1971,0.0,0.0,0.0,,0.0023314880672842264,0.03820563107728958,0.0039514899253845215,0.03506215289235115,0.0
1972,0.0,1.0,,,0.9913136959075928,0.9871426224708557,0.006265060510486364,0.022358417510986328,1.0
1973,1.0,1.0,0.0,,0.993707537651062,0.995816707611084,0.180315762758255,0.014887098222970963,3.0
1974,0.0,0.0,0.0,0.0,0.009514532051980495,0.39279234409332275,0.09076176583766937,0.06333430111408234,2.0
1975,0.0,1.0,0.0,,0.5746694207191467,0.8616722226142883,0.31834089756011963,0.04395965486764908,1.0
1976,0.0,0.0,,,0.0020672453101724386,0.01997443661093712,0.004191590007394552,0.016362838447093964,3.0
1977,1.0,1.0,,,0.9923756718635559,0.9950274229049683,0.29143357276916504,0.024893082678318024,1.0
1978,0.0,0.0,,,0.0020392690785229206,0.022402171045541763,0.05925274267792702,0.07131592184305191,0.0
1979,0.0,0.0,,,0.001846597995609045,0.016112394630908966,0.003313596360385418,0.00867450051009655,3.0
1980,1.0,1.0,,,0.9611157178878784,0.9889424443244934,0.0050531961023807526,0.019706254824995995,0.0
1981,0.0,0.0,,,0.0026955092325806618,0.024268794804811478,0.01281793788075447,0.0051549202762544155,4.0
1982,0.0,0.0,,,0.0029511386528611183,0.1332084834575653,0.07929334044456482,0.05023915693163872,0.0
1983,0.0,0.0,0.0,,0.007971393875777721,0.024432942271232605,0.0019439092138782144,0.0061835432425141335,4.0
1984,0.0,0.0,0.0,,0.004145403392612934,0.024984700605273247,0.03930304944515228,0.011181834153831005,1.0
1985,0.0,0.0,,,0.00211314857006073,0.01674390211701393,0.01077316328883171,0.007555332966148853,1.0
1986,1.0,1.0,1.0,,0.9948723316192627,0.9996816515922546,0.3442560136318207,0.008836383000016212,4.0
1987,1.0,1.0,0.0,,0.9698766469955444,0.9840304851531982,0.07659691572189331,0.4127565622329712,0.0
1988,1.0,1.0,0.0,,0.9604523181915283,0.9962756037712097,0.3250688314437866,0.5410395264625549,1.0
1989,0.0,0.0,,,0.002122764941304922,0.02149733155965805,0.0673477053642273,0.06756024062633514,0.0
1990,1.0,1.0,,,0.9912424087524414,0.9907265901565552,0.03433730825781822,0.2462129145860672,1.0
1991,1.0,1.0,0.0,,0.987876832485199,0.9919710159301758,0.25695252418518066,0.025735583156347275,1.0
1992,1.0,1.0,,,0.9912158250808716,0.9996232986450195,0.5387574434280396,0.6657106876373291,1.0
1993,1.0,1.0,,,0.9906423091888428,0.9901317358016968,0.01937040314078331,0.00703946640715003,4.0
1994,1.0,1.0,,,0.9911935925483704,0.9677837491035461,0.013028036803007126,0.9775864481925964,1.0
1995,1.0,1.0,0.0,,0.693019688129425,0.9992345571517944,0.6722694039344788,0.7185550332069397,1.0
1996,0.0,0.0,0.0,,0.0015582563355565071,0.020708676427602768,0.004543190822005272,0.010905493050813675,0.0
1997,1.0,1.0,0.0,,0.9952372312545776,0.9976841807365417,0.6365490555763245,0.932773232460022,1.0
1998,1.0,1.0,,,0.9648901224136353,0.9985591173171997,0.7800993323326111,0.85670405626297,4.0
1999,0.0,1.0,,,0.5583831071853638,0.9897245168685913,0.6544933319091797,0.7506972551345825,0.0
2000,1.0,1.0,,,0.9821544885635376,0.9999489188194275,0.7126954793930054,0.8765072822570801,1.0
2001,0.0,1.0,0.0,,0.908722996711731,0.9758428931236267,0.11754453927278519,0.010723372921347618,4.0
2002,,1.0,,,0.9992746710777283,0.9992173314094543,0.7071877121925354,0.9089245200157166,0.0
2003,1.0,1.0,,,0.9455374479293823,0.9998987913131714,0.7332042455673218,0.5086528658866882,1.0
2004,1.0,1.0,,,0.9391635060310364,0.9797724485397339,0.2360355705022812,0.07317918539047241,1.0
2005,0.0,0.0,,,0.0013896594755351543,0.06556127220392227,0.012734192423522472,0.007431296166032553,2.0
2006,1.0,1.0,,,0.9990595579147339,0.9998726844787598,0.8951379060745239,0.9845706224441528,4.0
2007,0.0,0.0,,,0.0038140895776450634,0.02465324103832245,0.012470953166484833,0.004455112852156162,4.0
2008,1.0,1.0,0.0,,0.9876182079315186,0.999907910823822,0.9367575645446777,0.6648404002189636,1.0
2009,0.0,0.0,0.0,,0.0017404250102117658,0.022154903039336205,0.0036933922674506903,0.0194841455668211,2.0
2010,0.0,0.0,0.0,,0.3690384030342102,0.6822707653045654,0.09021701663732529,0.0574316531419754,2.0
2011,0.0,0.0,0.0,,0.479812353849411,0.5337923765182495,0.06703579425811768,0.10571563988924026,0.0
2012,1.0,1.0,1.0,,0.5420755743980408,0.9934150576591492,0.5570849776268005,0.7938233017921448,2.0
2013,0.0,0.0,,,0.0017738710157573223,0.017493784427642822,0.0022815719712525606,0.010479208081960678,0.0
2014,0.0,0.0,0.0,,0.010994816198945045,0.031828172504901886,0.019083593040704727,0.007626334670931101,1.0
2015,0.0,0.0,0.0,0.0,0.017744343727827072,0.34544405341148376,0.25140807032585144,0.042651232331991196,2.0
2016,0.0,0.0,,,0.00204480835236609,0.017745092511177063,0.007208516821265221,0.004188541788607836,4.0
2017,0.0,0.0,,,0.0013998127542436123,0.022063178941607475,0.002868221839889884,0.003720485605299473,2.0
2018,0.0,0.0,,,0.0019321914296597242,0.023207053542137146,0.01725497655570507,0.007944201119244099,3.0
2019,0.0,0.0,0.0,,0.0031505152583122253,0.021172834560275078,0.0032393618021160364,0.007466239854693413,1.0
2020,,1.0,,,0.9973898530006409,0.9992632865905762,0.6082538962364197,0.9328150749206543,0.0
2021,1.0,1.0,,,0.9954936504364014,0.9957118034362793,0.08490179479122162,0.06532125174999237,2.0
2022,0.0,0.0,,,0.0038532153703272343,0.03535404056310654,0.12146200239658356,0.02587669901549816,3.0
2023,0.0,1.0,1.0,,0.2932784855365753,0.9838520288467407,0.37349677085876465,0.06324885785579681,2.0
2024,1.0,1.0,0.0,,0.9482882618904114,0.9952095150947571,0.07933637499809265,0.0695280209183693,0.0
2025,0.0,1.0,1.0,,0.5358321666717529,0.9854907989501953,0.5222755670547485,0.9517267942428589,1.0
2026,0.0,0.0,0.0,,0.008463638834655285,0.1305004358291626,0.006470825523138046,0.004057073500007391,2.0
2027,0.0,0.0,0.0,,0.0028016846626996994,0.017050346359610558,0.0103302001953125,0.0052949488162994385,4.0
2028,1.0,1.0,0.0,,0.9979797005653381,0.9974252581596375,0.008694260381162167,0.09328188747167587,1.0
2029,0.0,0.0,0.0,,0.0029716952703893185,0.037291888147592545,0.005967889912426472,0.008512971922755241,3.0
2030,1.0,1.0,0.0,,0.9954774379730225,0.997657060623169,0.07790222018957138,0.3489144742488861,3.0
2031,0.0,0.0,,,0.00231952709145844,0.02299189195036888,0.011990373022854328,0.009469820186495781,3.0
2032,1.0,1.0,,,0.9788638949394226,0.9976496696472168,0.496454119682312,0.5924484729766846,1.0
2033,1.0,1.0,,,0.9958891272544861,0.997028648853302,0.10744152963161469,0.019430268555879593,0.0
2034,0.0,0.0,,,0.006236471235752106,0.02665296196937561,0.004560165572911501,0.0047845239751040936,4.0
2035,1.0,1.0,,,0.989799976348877,0.9958204627037048,0.7690942287445068,0.8870519995689392,1.0
2036,1.0,1.0,,,0.9962228536605835,0.992465615272522,0.009202317334711552,0.01992368884384632,2.0
2037,1.0,1.0,,,0.9972013235092163,0.9954943656921387,0.09241332113742828,0.04390756040811539,2.0
2038,1.0,1.0,,,0.5745120644569397,0.6636378765106201,0.71812903881073,0.9311132431030273,4.0
2039,0.0,1.0,1.0,1.0,0.8241423964500427,0.9953011870384216,0.8994200229644775,0.8788031935691833,2.0
2040,1.0,1.0,,,0.9913626909255981,0.9930587410926819,0.032787732779979706,0.025006432086229324,0.0
2041,0.0,0.0,,,0.0023716669529676437,0.019321953877806664,0.0024619416799396276,0.006792765576392412,4.0
2042,0.0,0.0,,,0.003846609964966774,0.02306886576116085,0.0036284076049923897,0.013774269260466099,0.0
2043,1.0,1.0,,,0.9901972413063049,0.9975492358207703,0.012158346362411976,0.1956256628036499,0.0
2044,1.0,1.0,,,0.9335415959358215,0.9997527599334717,0.8408219814300537,0.8431254625320435,0.0
2045,1.0,1.0,0.0,,0.8178309202194214,0.9963235855102539,0.5004550218582153,0.9030497074127197,3.0
2046,1.0,,,,0.992695689201355,0.9986693263053894,0.26553472876548767,0.038089361041784286,4.0
2047,,1.0,,,0.9855070114135742,0.9882088899612427,0.026901710778474808,0.005678283050656319,4.0
2048,0.0,0.0,,,0.0053445505909621716,0.024021392688155174,0.0750446617603302,0.018820341676473618,1.0
2049,0.0,0.0,0.0,,0.002485120203346014,0.06402836740016937,0.0021074675023555756,0.004916889127343893,4.0
2050,1.0,1.0,0.0,,0.9931482076644897,0.9896895289421082,0.018003443256020546,0.019249748438596725,1.0
2051,0.0,0.0,,,0.014064226299524307,0.4554544687271118,0.518389105796814,0.9242736101150513,4.0
2052,0.0,0.0,,,0.0019180498784407973,0.017198899760842323,0.0025203328114002943,0.013155355118215084,0.0
2053,1.0,1.0,0.0,,0.9913208484649658,0.9997467398643494,0.44077280163764954,0.0406036376953125,4.0
2054,1.0,1.0,,,0.9893254041671753,0.9961492419242859,0.056915588676929474,0.017566800117492676,0.0
2055,1.0,1.0,,,0.9860506057739258,0.9939590692520142,0.011671808548271656,0.027480054646730423,0.0
2056,0.0,1.0,1.0,,0.06308160722255707,0.9615909457206726,0.7799390554428101,0.8634635806083679,4.0
2057,1.0,1.0,,,0.7574014067649841,0.9341393709182739,0.05108422040939331,0.02079036459326744,1.0
2058,1.0,1.0,0.0,,0.9931100606918335,0.9912802577018738,0.015941716730594635,0.021249936893582344,2.0
2059,1.0,1.0,1.0,,0.706404447555542,0.998947024345398,0.7025001645088196,0.7421263456344604,3.0
2060,1.0,1.0,1.0,,0.927550733089447,0.9988552927970886,0.7045844793319702,0.7374051213264465,3.0
2061,0.0,0.0,,,0.0012602170463651419,0.015534412115812302,0.004699665121734142,0.00464649498462677,4.0
2062,1.0,1.0,,,0.9574023485183716,0.996237576007843,0.39055219292640686,0.03661717474460602,4.0
2063,1.0,1.0,,,0.03299814090132713,0.17180800437927246,0.09567637741565704,0.05261748284101486,0.0
2064,0.0,0.0,,,0.028817880898714066,0.11806672066450119,0.012453185394406319,0.0384175181388855,2.0
2065,,0.0,,,0.0021381364203989506,0.017872819676995277,0.03813298046588898,0.004699139855802059,4.0
2066,1.0,1.0,,,0.9913749098777771,0.9961129426956177,0.31211182475090027,0.09316934645175934,3.0
2067,0.0,0.0,,,0.00342794437892735,0.28859418630599976,0.006532412488013506,0.2655772566795349,3.0
2068,0.0,0.0,0.0,,0.002461780561134219,0.032458364963531494,0.001786982174962759,0.00556896161288023,4.0
2069,1.0,1.0,1.0,,0.9499229192733765,0.9982771873474121,0.22818922996520996,0.06724391877651215,1.0
2070,0.0,0.0,0.0,,0.00770140253007412,0.021788066253066063,0.01154516264796257,0.025247827172279358,1.0
2071,1.0,1.0,1.0,,0.9938195943832397,0.9997216463088989,0.816539466381073,0.6815394759178162,3.0
2072,1.0,1.0,0.0,,0.9924607276916504,0.9821493029594421,0.004860020708292723,0.9755785465240479,1.0
2073,1.0,1.0,0.0,,0.9920714497566223,0.9926067590713501,0.018100600689649582,0.024898018687963486,1.0
2074,1.0,1.0,1.0,1.0,0.9968281984329224,0.9984678030014038,0.8541346192359924,0.9328069686889648,4.0
2075,1.0,1.0,0.0,0.0,0.9873121976852417,0.9922028183937073,0.023665480315685272,0.018112773075699806,2.0
2076,0.0,0.0,,,0.0025968551635742188,0.016983168199658394,0.014731742441654205,0.005190800875425339,4.0
2077,0.0,0.0,0.0,0.0,0.0017254280392080545,0.12221094965934753,0.013838711194694042,0.003956594038754702,2.0
2078,1.0,1.0,1.0,,0.4951484799385071,0.99783855676651,0.9226822257041931,0.803464949131012,0.0
2079,1.0,1.0,1.0,,0.981534481048584,0.9995166659355164,0.7451338171958923,0.7770121097564697,2.0
2080,1.0,1.0,0.0,0.0,0.9956759810447693,0.9954481720924377,0.06937536597251892,0.011091930791735649,3.0
2081,1.0,1.0,0.0,,0.8283860683441162,0.9760009050369263,0.12534841895103455,0.5449914336204529,3.0
2082,1.0,1.0,0.0,,0.8517560362815857,0.9984757304191589,0.1402663290500641,0.3240909278392792,0.0
2083,1.0,1.0,,,0.9931143522262573,0.9959647059440613,0.023386234417557716,0.02868550270795822,0.0
2084,0.0,0.0,0.0,,0.0025547987315803766,0.01914753019809723,0.0019773957319557667,0.036273177713155746,1.0
2085,0.0,1.0,,,0.19251760840415955,0.9845035076141357,0.45537692308425903,0.03777126222848892,2.0
2086,0.0,0.0,,,0.0014108020113781095,0.019115690141916275,0.0006960112368687987,0.0087909996509552,0.0
2087,1.0,1.0,,,0.992497980594635,0.9901082515716553,0.013857472687959671,0.06260375678539276,1.0
2088,0.0,0.0,0.0,,0.0050802771002054214,0.03207812458276749,0.012784204445779324,0.014160772785544395,4.0
2089,1.0,1.0,0.0,,0.9953458309173584,0.9915996789932251,0.013517381623387337,0.024576174095273018,2.0
2090,0.0,0.0,,,0.009846151806414127,0.06996793299913406,0.029734283685684204,0.03264773637056351,0.0
2091,1.0,1.0,1.0,,0.9897946119308472,0.9995304942131042,0.9404370784759521,0.9904183149337769,4.0
2092,0.0,0.0,0.0,,0.0016663864953443408,0.0174071304500103,0.019610028713941574,0.0035671074874699116,2.0
2093,1.0,0.0,,,0.002417242620140314,0.04194948077201843,0.0038261685986071825,0.24195381999015808,3.0
2094,1.0,1.0,,,0.9915263056755066,0.9961684942245483,0.058287013322114944,0.0799800232052803,3.0
2095,1.0,1.0,0.0,,0.9889402985572815,0.8903574347496033,0.30105850100517273,0.1319655179977417,1.0
2096,1.0,1.0,,,0.9992285966873169,0.9995224475860596,0.6165106296539307,0.959041178226471,3.0
2097,0.0,0.0,0.0,,0.007157600484788418,0.03397250548005104,0.027834782376885414,0.019211595878005028,0.0
2098,1.0,1.0,1.0,,0.9972512722015381,0.9879183769226074,0.41777747869491577,0.9724866151809692,0.0
2099,0.0,0.0,,,0.0021526317577809095,0.018253402784466743,0.05936485528945923,0.025477256625890732,1.0
2100,1.0,1.0,,,0.9932588338851929,0.9939897060394287,0.03677882254123688,0.010102461092174053,3.0
2101,0.0,0.0,0.0,,0.0012657620245590806,0.018713727593421936,0.00479931803420186,0.006977171637117863,2.0
2102,1.0,1.0,0.0,,0.9885285496711731,0.9429872632026672,0.12499281764030457,0.9645464420318604,0.0
2103,1.0,1.0,1.0,,0.9978278279304504,0.9986885786056519,0.42315810918807983,0.07693168520927429,2.0
2104,1.0,1.0,1.0,,0.9915051460266113,0.9740353226661682,0.07204411923885345,0.9692397117614746,1.0
2105,0.0,0.0,,,0.005836342927068472,0.02442673034965992,0.006531049031764269,0.007976144552230835,0.0
2106,0.0,1.0,,,0.0025504888035357,0.016873063519597054,0.03564377874135971,0.006567772943526506,1.0
2107,1.0,1.0,,,0.9916658401489258,0.9874236583709717,0.014850364997982979,0.009202561341226101,4.0
2108,0.0,0.0,,,0.0019139617215842009,0.07006017863750458,0.003304540878161788,0.009252448566257954,1.0
2109,1.0,1.0,0.0,,0.0020990578923374414,0.08640094846487045,0.00517223821952939,0.02104269154369831,2.0
2110,0.0,0.0,0.0,,0.0021868955809623003,0.019615450873970985,0.006015175953507423,0.00809470470994711,3.0
2111,0.0,0.0,0.0,0.0,0.014473416842520237,0.21945109963417053,0.3697851300239563,0.008344905450940132,3.0
2112,1.0,1.0,,,0.9043716788291931,0.9724332094192505,0.02046133577823639,0.009314848110079765,4.0
2113,1.0,1.0,,,0.8624435663223267,0.9149762988090515,0.010980844497680664,0.023023132234811783,3.0
2114,1.0,1.0,0.0,,0.9941921234130859,0.9844781756401062,0.1186167448759079,0.9566602110862732,1.0
2115,1.0,1.0,0.0,,0.9989464282989502,0.9988150000572205,0.47508805990219116,0.4395642578601837,3.0
2116,1.0,1.0,,,0.9687915444374084,0.9995959997177124,0.7996792793273926,0.7753030061721802,2.0
2117,0.0,0.0,0.0,,0.0018171833362430334,0.01620662957429886,0.018423184752464294,0.034228045493364334,1.0
2118,1.0,1.0,,,0.008332490921020508,0.3446463644504547,0.03227035328745842,0.008752856403589249,0.0
2119,1.0,1.0,,,0.9521466493606567,0.9987984895706177,0.8516161441802979,0.807026743888855,0.0
2120,0.0,0.0,0.0,,0.0009963243501260877,0.015248005278408527,0.01733408495783806,0.004891380202025175,2.0
2121,1.0,1.0,0.0,0.0,0.9834950566291809,0.9402316808700562,0.22349688410758972,0.3183910846710205,0.0
2122,1.0,1.0,0.0,,0.9616913795471191,0.9954182505607605,0.08441800624132156,0.018399342894554138,3.0
2123,0.0,0.0,0.0,,0.0027540726587176323,0.023228436708450317,0.002812575316056609,0.005102183204144239,4.0
2124,0.0,1.0,0.0,,0.752196192741394,0.9964983463287354,0.6898707151412964,0.9449024796485901,1.0
2125,0.0,0.0,,,0.7864641547203064,0.8579080700874329,0.6191695332527161,0.937839686870575,3.0
2126,0.0,0.0,,,0.0011946838349103928,0.11025794595479965,0.004563109017908573,0.003949195146560669,2.0
2127,0.0,1.0,0.0,,0.002715145470574498,0.12571696937084198,0.0032225430477410555,0.01917007379233837,0.0
2128,0.0,0.0,0.0,,0.0009539438178762794,0.015732813626527786,0.0010019616456702352,0.005085878074169159,2.0
2129,1.0,1.0,,,0.9988863468170166,0.9986596703529358,0.4903554320335388,0.059974104166030884,3.0
2130,0.0,0.0,,,0.002118872245773673,0.01894572377204895,0.054487455636262894,0.0631776824593544,3.0
2131,0.0,0.0,,,0.0037223082035779953,0.09441652148962021,0.006500615738332272,0.005912009160965681,4.0
2132,0.0,0.0,,,0.0019441274926066399,0.03469502180814743,0.01982221007347107,0.01206124760210514,2.0
2133,1.0,1.0,,,0.934190571308136,0.994146466255188,0.05267898738384247,0.009335196577012539,4.0
2134,0.0,0.0,0.0,,0.003011633176356554,0.03958222270011902,0.011386292055249214,0.014791347086429596,2.0
2135,0.0,0.0,0.0,,0.0030507147312164307,0.018672803416848183,0.013624794781208038,0.004813699051737785,4.0
2136,1.0,1.0,0.0,,0.9673147797584534,0.9954501986503601,0.1421104073524475,0.05377606302499771,3.0
2137,0.0,0.0,,,0.002924332395195961,0.0213385671377182,0.005619598552584648,0.008716052398085594,0.0
2138,1.0,1.0,1.0,,0.9983755350112915,0.9940328598022461,0.5581686496734619,0.9477288722991943,1.0
2139,1.0,1.0,1.0,,0.008962800726294518,0.29575034976005554,0.11383794248104095,0.01575263775885105,4.0
2140,0.0,0.0,0.0,,0.003863884136080742,0.02989586628973484,0.012127209454774857,0.007881884463131428,3.0
2141,0.0,0.0,0.0,,0.002934500342234969,0.024498438462615013,0.008197338320314884,0.008732318878173828,3.0
2142,0.0,0.0,,,0.005050117149949074,0.026175783947110176,0.062205392867326736,0.007779272273182869,1.0
2143,0.0,0.0,,,0.7384868264198303,0.5818708539009094,0.005813413765281439,0.029829056933522224,1.0
2144,1.0,1.0,,,0.9701489210128784,0.8877889513969421,0.4815746545791626,0.02683619037270546,4.0
2145,0.0,0.0,0.0,,0.0037441065069288015,0.039227716624736786,0.35953325033187866,0.013568813912570477,0.0
2146,0.0,0.0,0.0,,0.0021639536134898663,0.025186268612742424,0.002107364824041724,0.007164618466049433,4.0
2147,0.0,0.0,,,0.004172438755631447,0.03781012445688248,0.006459977012127638,0.008584120310842991,3.0
2148,0.0,0.0,,,0.0020030965097248554,0.018736574798822403,0.016533881425857544,0.010552455671131611,1.0
2149,1.0,1.0,,,0.8693710565567017,0.9929389357566833,0.21819989383220673,0.026476861909031868,2.0
2150,0.0,1.0,,,0.37763574719429016,0.9976598620414734,0.6858463287353516,0.7344599366188049,1.0
2151,1.0,1.0,0.0,,0.9917805194854736,0.9974647760391235,0.21472696959972382,0.13976307213306427,1.0
2152,0.0,0.0,,,0.0018538013100624084,0.015779921784996986,0.00341464439406991,0.017816949635744095,2.0
2153,0.0,0.0,,,0.003132134210318327,0.03670539706945419,0.06876614689826965,0.009427576325833797,1.0
2154,0.0,0.0,,,0.00118826306425035,0.02011256106197834,0.006132177542895079,0.029755394905805588,2.0
2155,1.0,1.0,1.0,,0.9829357862472534,0.9981186389923096,0.46263012290000916,0.43831613659858704,2.0
2156,1.0,1.0,1.0,,0.9913735389709473,0.9993587136268616,0.4538123607635498,0.561322808265686,2.0
2157,0.0,0.0,0.0,,0.0034405733458697796,0.025157662108540535,0.0089405607432127,0.01260402612388134,3.0
2158,1.0,1.0,1.0,,0.2843905985355377,0.986725926399231,0.49281221628189087,0.07881397008895874,4.0
2159,0.0,0.0,,,0.0013714528176933527,0.024049261584877968,0.0025920302141457796,0.011399493552744389,0.0
2160,0.0,0.0,,,0.0010088497074320912,0.01604597084224224,0.006288111675530672,0.003540187142789364,2.0
2161,0.0,0.0,,,0.0018604057841002941,0.03755733370780945,0.0009717451175674796,0.013171638362109661,0.0
2162,1.0,0.0,,,0.0016413520788773894,0.0266987644135952,0.0011141943978145719,0.005560507997870445,2.0
2163,0.0,0.0,0.0,,0.011468615382909775,0.15159271657466888,0.05489577353000641,0.04901209473609924,4.0
2164,1.0,1.0,,,0.9976670145988464,0.996941864490509,0.5457024574279785,0.8854652047157288,2.0
2165,0.0,0.0,,,0.004074670374393463,0.03688749670982361,0.010608460754156113,0.005170620512217283,4.0
2166,0.0,0.0,,,0.002107173204421997,0.016835421323776245,0.0021353887859731913,0.004198539070785046,4.0
2167,0.0,0.0,,,0.0038697351701557636,0.02622746117413044,0.014340047724545002,0.029833244159817696,2.0
2168,0.0,0.0,,,0.0017726256046444178,0.029156897217035294,0.003105842275545001,0.055270858108997345,0.0
2169,1.0,1.0,,,0.9444687366485596,0.9995824694633484,0.9070942401885986,0.8187656998634338,4.0
2170,0.0,0.0,,,0.0034897036384791136,0.10119771212339401,0.007402571849524975,0.006989604327827692,4.0
2171,1.0,1.0,0.0,,0.9910224080085754,0.9891862869262695,0.021730612963438034,0.06028725951910019,1.0
2172,1.0,1.0,1.0,,0.9975329637527466,0.9998562932014465,0.9644069671630859,0.5866895318031311,1.0
2173,0.0,0.0,0.0,,0.0037573780864477158,0.1729886829853058,0.02854287624359131,0.013904557563364506,2.0
2174,1.0,1.0,0.0,,0.9932226538658142,0.9981962442398071,0.35141587257385254,0.10749261826276779,1.0
2175,0.0,0.0,0.0,,0.004154952708631754,0.03718428313732147,0.2181294560432434,0.004559148568660021,2.0
2176,1.0,1.0,1.0,,0.9995135068893433,0.9947100877761841,0.41711193323135376,0.014456726610660553,4.0
2177,1.0,1.0,,,0.9972318410873413,0.9986140727996826,0.5583802461624146,0.9778478145599365,1.0
2178,1.0,1.0,,,0.9982708692550659,0.9677906036376953,0.1708507239818573,0.3292311429977417,1.0
2179,0.0,1.0,,,0.4442674219608307,0.9952337145805359,0.8529333472251892,0.7481021881103516,0.0
2180,1.0,1.0,0.0,1.0,0.997183620929718,0.995063304901123,0.0724492222070694,0.9469681978225708,4.0
2181,1.0,1.0,1.0,,0.8421131372451782,0.9095419645309448,0.0122743034735322,0.00784408487379551,2.0
2182,1.0,1.0,,,0.8741409778594971,0.9945469498634338,0.020483870059251785,0.011761448346078396,4.0
2183,1.0,1.0,,,0.9710078239440918,0.9997510313987732,0.5774378180503845,0.7403864860534668,3.0
2184,0.0,0.0,,,0.001651424914598465,0.016702700406312943,0.0027224752120673656,0.004602471366524696,4.0
2185,0.0,0.0,,,0.002121191006153822,0.025530971586704254,0.0017262500477954745,0.008103782311081886,0.0
2186,0.0,0.0,0.0,,0.003383202012628317,0.01819399744272232,0.016143959015607834,0.009316449984908104,3.0
2187,1.0,1.0,0.0,,0.8746140003204346,0.9751020073890686,0.1980879008769989,0.033599257469177246,1.0
2188,0.0,1.0,,,0.07403779029846191,0.8553120493888855,0.3842584788799286,0.10689770430326462,2.0
2189,0.0,0.0,,,0.0021454468369483948,0.01854807883501053,0.002102611120790243,0.01186523400247097,0.0
2190,0.0,0.0,,,0.007613270077854395,0.04971728473901749,0.0013317189877852798,0.009754559025168419,0.0
2191,1.0,1.0,,,0.0182960145175457,0.48830968141555786,0.03403414785861969,0.03046548366546631,1.0
2192,1.0,1.0,,,0.9905186295509338,0.9875837564468384,0.012157307006418705,0.008258814923465252,4.0
2193,1.0,1.0,,,0.10718970745801926,0.873742938041687,0.25277179479599,0.10115113109350204,2.0
2194,1.0,1.0,,,0.9628406167030334,0.9991986155509949,0.6251195669174194,0.730873167514801,3.0
2195,0.0,0.0,,,0.0027750914450734854,0.020541463047266006,0.07687434554100037,0.038227688521146774,1.0
2196,1.0,1.0,0.0,,0.8033156394958496,0.8734956383705139,0.012121088802814484,0.03517604619264603,1.0
2197,1.0,1.0,0.0,,0.9045040011405945,0.9780186414718628,0.0927731841802597,0.04782268404960632,1.0
2198,0.0,0.0,,,0.013876370154321194,0.045099660754203796,0.014628554694354534,0.007439129054546356,4.0
2199,0.0,0.0,0.0,0.0,0.0023769487161189318,0.03981476277112961,0.03631347045302391,0.010136405937373638,3.0
2200,0.0,1.0,1.0,1.0,0.03222957253456116,0.9884455800056458,0.9305506944656372,0.8828279972076416,2.0
2201,0.0,1.0,1.0,1.0,0.07570837438106537,0.9976733326911926,0.8016390800476074,0.9164025187492371,2.0
2202,1.0,1.0,0.0,,0.9915445446968079,0.9925594925880432,0.04618757218122482,0.008461196906864643,4.0
2203,0.0,0.0,,,0.002363933017477393,0.02026423253118992,0.0050242687575519085,0.008834950625896454,1.0
2204,0.0,0.0,,,0.0023626622278243303,0.01818365789949894,0.040945928543806076,0.04720962420105934,1.0
2205,0.0,0.0,0.0,,0.0032871835865080357,0.021894067525863647,0.013744099996984005,0.005248593166470528,2.0
2206,1.0,1.0,0.0,,0.006796792149543762,0.32018524408340454,0.04562685266137123,0.02589420974254608,3.0
2207,0.0,0.0,,,0.0035299924202263355,0.023962661623954773,0.004025484435260296,0.005277562420815229,4.0
2208,1.0,1.0,0.0,,0.9966946244239807,0.9925453066825867,0.10901883989572525,0.9724843502044678,3.0
2209,0.0,0.0,0.0,,0.0028222247492522,0.025208720937371254,0.004753872286528349,0.034376710653305054,0.0
2210,1.0,1.0,0.0,,0.992745578289032,0.9973722696304321,0.018114708364009857,0.028140250593423843,1.0
2211,1.0,1.0,1.0,,0.9932973384857178,0.9960463047027588,0.7064603567123413,0.9365490674972534,3.0
2212,0.0,0.0,0.0,0.0,0.002535101491957903,0.018646910786628723,0.0017579819541424513,0.006800311151891947,1.0
2213,0.0,0.0,,,0.0030339874792844057,0.02776740863919258,0.0391332283616066,0.009450276382267475,0.0
2214,1.0,1.0,,,0.988860011100769,0.9921215772628784,0.005197079386562109,0.0061247930862009525,4.0
2215,1.0,1.0,,,0.9828433394432068,0.986982524394989,0.03678978979587555,0.0053034089505672455,4.0
2216,1.0,1.0,,,0.9966496825218201,0.9719296097755432,0.00981010403484106,0.9709814786911011,2.0
2217,1.0,1.0,1.0,1.0,0.9992755055427551,0.9996221661567688,0.7075450420379639,0.9348291754722595,0.0
2218,0.0,0.0,0.0,0.0,0.0027310706209391356,0.016717979684472084,0.0016742905136197805,0.00661071902140975,1.0
2219,0.0,0.0,0.0,,0.0031262985430657864,0.024999067187309265,0.01051514782011509,0.01594659686088562,0.0
2220,0.0,0.0,,,0.006503557786345482,0.13236242532730103,0.007680233102291822,0.017573624849319458,0.0
2221,1.0,1.0,1.0,,0.9958886504173279,0.9998774528503418,0.683931291103363,0.8233950734138489,2.0
2222,1.0,1.0,0.0,,0.9991164207458496,0.9988964200019836,0.5558655261993408,0.9544730186462402,1.0
2223,0.0,0.0,0.0,0.0,0.005657500121742487,0.12003893405199051,0.026136061176657677,0.011137843132019043,3.0
2224,1.0,1.0,0.0,,0.9967341423034668,0.9995986819267273,0.8388802409172058,0.6453078985214233,3.0
2225,0.0,0.0,,,0.009412909857928753,0.08064498752355576,0.004599952604621649,0.008536571636795998,3.0
2226,1.0,1.0,,,0.9360917210578918,0.9995611906051636,0.9058663845062256,0.8192039132118225,4.0
2227,1.0,1.0,,,0.003054831875488162,0.024823814630508423,0.036084577441215515,0.009862159378826618,1.0
2228,1.0,1.0,1.0,1.0,0.9991799592971802,0.9967767000198364,0.16504676640033722,0.9507901668548584,4.0
2229,1.0,1.0,0.0,,0.985560417175293,0.98847496509552,0.008916739374399185,0.007414796389639378,4.0
2230,0.0,0.0,,,0.00588764064013958,0.17931146919727325,0.07549670338630676,0.016046805307269096,3.0
2231,1.0,1.0,1.0,1.0,0.9276548027992249,0.996986448764801,0.06579854339361191,0.17842906713485718,3.0
2232,0.0,0.0,,,0.002308779861778021,0.017742972820997238,0.006998647935688496,0.004610524512827396,4.0
2233,1.0,1.0,,,0.9977067112922668,0.9983866214752197,0.029940590262413025,0.0713239535689354,0.0
2234,0.0,0.0,,,0.00805567018687725,0.0995655357837677,0.0038568892050534487,0.006795567460358143,4.0
2235,1.0,1.0,0.0,,0.9973350167274475,0.9992263913154602,0.53926020860672,0.9310662150382996,2.0
2236,0.0,0.0,,,0.003597254166379571,0.09994667768478394,0.012935992330312729,0.008708220906555653,2.0
2237,1.0,1.0,0.0,1.0,0.7796133160591125,0.8277153968811035,0.2219066321849823,0.016348887234926224,3.0
2238,0.0,0.0,,,0.005642883479595184,0.06850215792655945,0.016949521377682686,0.008506394922733307,0.0
2239,0.0,0.0,,,0.004857404623180628,0.033833302557468414,0.024965662509202957,0.00786616187542677,4.0
2240,0.0,0.0,,,0.0017168358899652958,0.017053574323654175,0.007759313564747572,0.003980128560215235,4.0
2241,0.0,0.0,0.0,,0.0019037872552871704,0.03777514398097992,0.0017720056930556893,0.018755782395601273,3.0
2242,0.0,0.0,,,0.0017468519508838654,0.018917648121714592,0.0020477636717259884,0.012471080757677555,0.0
2243,1.0,,,,0.9167358875274658,0.9968240857124329,0.8350542783737183,0.798209011554718,4.0
2244,1.0,1.0,1.0,1.0,0.9969893097877502,0.9975905418395996,0.15197502076625824,0.010118242353200912,3.0
2245,1.0,1.0,0.0,,0.9990949630737305,0.9990143775939941,0.5202187895774841,0.9433350563049316,3.0
2246,0.0,0.0,,,0.6939780116081238,0.6766908168792725,0.024360109120607376,0.03533482179045677,1.0
2247,0.0,0.0,,,0.002225083066150546,0.016955111175775528,0.009208469651639462,0.008156543597579002,3.0
2248,1.0,1.0,0.0,,0.9989169836044312,0.9992243647575378,0.7941548824310303,0.9395541548728943,3.0
2249,0.0,0.0,,,0.003884523408487439,0.019784070551395416,0.0029225656762719154,0.0050904406234622,4.0
2250,0.0,0.0,0.0,,0.03942472115159035,0.07521457225084305,0.3348606526851654,0.012183165177702904,1.0
2251,0.0,0.0,0.0,,0.032765794545412064,0.09503214061260223,0.02915770933032036,0.007063397206366062,1.0
2252,0.0,1.0,1.0,0.0,0.4349498152732849,0.990971565246582,0.7902592420578003,0.7956644296646118,0.0
2253,0.0,0.0,0.0,,0.0011691771214827895,0.014487460255622864,0.00371943018399179,0.003836427116766572,2.0
2254,0.0,0.0,0.0,,0.00185498408973217,0.024949008598923683,0.008639438077807426,0.0034931267146021128,2.0
2255,1.0,1.0,1.0,1.0,0.5742320418357849,0.9991743564605713,0.5915154218673706,0.7648382782936096,2.0
2256,0.0,1.0,,,0.2580331861972809,0.9872320294380188,0.8207993507385254,0.9345418810844421,0.0
2257,0.0,0.0,0.0,,0.002492504892870784,0.039625123143196106,0.008068482391536236,0.00890188105404377,0.0
2258,0.0,1.0,1.0,,0.04260638728737831,0.9314686059951782,0.3099307417869568,0.12492792308330536,2.0
2259,0.0,0.0,,,0.00391850620508194,0.14999689161777496,0.0026093751657754183,0.025452841073274612,0.0
2260,1.0,1.0,,,0.973380446434021,0.999782145023346,0.6452289819717407,0.6767341494560242,3.0
2261,1.0,1.0,,,0.9865263104438782,0.9996364116668701,0.6774812936782837,0.8223888278007507,4.0
2262,1.0,1.0,,,0.9978939294815063,0.9993808269500732,0.588030219078064,0.647853434085846,3.0
2263,1.0,1.0,0.0,,0.998812735080719,0.9958688020706177,0.259039968252182,0.9120346307754517,4.0
2264,0.0,0.0,,,0.030591117218136787,0.06977822631597519,0.04133688658475876,0.012152809649705887,0.0
2265,0.0,0.0,,,0.001249633845873177,0.016480578109622,0.0032925084233283997,0.0037883706390857697,2.0
2266,1.0,1.0,,,0.9911918640136719,0.9679470062255859,0.019493933767080307,0.9796980023384094,1.0
2267,0.0,0.0,,,0.001139534404501319,0.015434232540428638,0.006641396787017584,0.0043046982027590275,2.0
2268,0.0,0.0,,,0.001608427264727652,0.0223674513399601,0.006701873615384102,0.012867758050560951,2.0
2269,1.0,1.0,,,0.9174742698669434,0.9981279969215393,0.08966313302516937,0.07219178974628448,1.0
2270,0.0,0.0,,,0.0027349377050995827,0.025029566138982773,0.015742888674139977,0.021817676723003387,4.0
2271,0.0,0.0,,,0.002621993888169527,0.020520294085144997,0.0015014081727713346,0.006287652533501387,4.0
2272,0.0,1.0,,,0.921543538570404,0.9894165992736816,0.05269844830036163,0.30755314230918884,1.0
2273,0.0,0.0,,,0.0029135015793144703,0.01960952952504158,0.0013408898375928402,0.0058059231378138065,4.0
2274,1.0,1.0,,,0.9988147020339966,0.9991480112075806,0.09695418179035187,0.36803051829338074,2.0
2275,0.0,0.0,,,0.0017896662466228008,0.021415896713733673,0.0010891061974689364,0.008826103061437607,0.0
2276,0.0,1.0,1.0,1.0,0.5386068224906921,0.9975286722183228,0.905303418636322,0.886925458908081,0.0
2277,0.0,0.0,,,0.0018447735346853733,0.02240178734064102,0.005015042144805193,0.010784522630274296,2.0
2278,0.0,0.0,,,0.0016984267858788371,0.10283397138118744,0.0016070788260549307,0.012730696238577366,0.0
2279,1.0,,,,0.988041341304779,0.994207501411438,0.06966079771518707,0.026357686147093773,2.0
2280,1.0,1.0,1.0,,0.3871271014213562,0.9982037544250488,0.8821290135383606,0.7754756212234497,0.0
2281,1.0,1.0,,,0.9743313789367676,0.9997813105583191,0.6200313568115234,0.7192954421043396,3.0
2282,0.0,0.0,,,0.0011693979613482952,0.014834104105830193,0.0040501938201487064,0.004315487574785948,2.0
2283,1.0,1.0,1.0,,0.9970132112503052,0.9981072545051575,0.800512969493866,0.9578043222427368,2.0
2284,1.0,1.0,,,0.979591965675354,0.9833993315696716,0.0010730921057984233,0.008650361560285091,2.0
2285,1.0,1.0,0.0,,0.9974913597106934,0.9989681839942932,0.5396956205368042,0.9411556124687195,3.0
2286,1.0,1.0,,,0.990627646446228,0.994697093963623,0.17602187395095825,0.07133927196264267,0.0
2287,0.0,0.0,0.0,,0.0021212974097579718,0.014852488413453102,0.014594205655157566,0.006728815846145153,1.0
2288,0.0,0.0,0.0,,0.004681771621108055,0.12712956964969635,0.038195811212062836,0.0064227888360619545,4.0
