,True_T0,True_T1,True_T2,True_T3,True_T4,True_T5,True_T6,True_T7,True_T8,True_T9,True_T10,True_T11,True_T12,True_T13,Pred_Proba_T0,Pred_Proba_T1,Pred_Proba_T2,Pred_Proba_T3,Pred_Proba_T4,Pred_Proba_T5,Pred_Proba_T6,Pred_Proba_T7,Pred_Proba_T8,Pred_Proba_T9,Pred_Proba_T10,Pred_Proba_T11,Pred_Proba_T12,Pred_Proba_T13,kFolds
0,0.0,0.0,0.0,0.0,0.0,0.0,1.0,1.0,0.0,0.0,0.0,1.0,1.0,0.0,0.9066131711006165,0.9178323745727539,0.9106170535087585,0.9044845700263977,0.9082890748977661,0.9116145968437195,0.8980817198753357,0.889018714427948,0.8903581500053406,0.9049157500267029,0.9160069227218628,0.9111146330833435,0.8791689276695251,0.8697214722633362,3.0
1,0.0,0.0,1.0,1.0,0.0,0.0,0.0,0.0,0.0,0.0,0.0,0.0,0.0,0.0,0.9107177257537842,0.9181391000747681,0.9045240879058838,0.8939514756202698,0.9095564484596252,0.9147130846977234,0.9014319181442261,0.8918192386627197,0.892554759979248,0.9026066660881042,0.9107584357261658,0.90427565574646,0.8768083453178406,0.870281457901001,4.0
2,0.0,1.0,1.0,0.0,0.0,0.0,0.0,0.0,0.0,0.0,0.0,1.0,1.0,0.0,0.9111544489860535,0.9169102311134338,0.9027734398841858,0.8934231400489807,0.9096108078956604,0.9144083857536316,0.9010425806045532,0.891228973865509,0.8934521675109863,0.9022513628005981,0.9101141691207886,0.9049537181854248,0.8770156502723694,0.8706561326980591,1.0
3,0.0,0.0,1.0,1.0,0.0,0.0,0.0,0.0,0.0,0.0,0.0,0.0,0.0,0.0,0.9096999764442444,0.9194850325584412,0.9099993705749512,0.9028739333152771,0.9119629263877869,0.9160134196281433,0.9005638360977173,0.8911665081977844,0.8940446376800537,0.9072643518447876,0.917294442653656,0.9116909503936768,0.8808100819587708,0.873324453830719,2.0
4,0.0,0.0,1.0,1.0,1.0,1.0,0.0,0.0,0.0,0.0,0.0,0.0,0.0,0.0,0.9117653965950012,0.9189749956130981,0.906272828578949,0.8955575823783875,0.9082792401313782,0.9127175211906433,0.901317298412323,0.8929119110107422,0.8953830003738403,0.9054251313209534,0.9116991758346558,0.9054033160209656,0.8797406554222107,0.8757537603378296,4.0
5,0.0,0.0,0.0,0.0,0.0,0.0,0.0,0.0,0.0,1.0,1.0,1.0,1.0,0.0,0.9111976623535156,0.9184945821762085,0.9084506630897522,0.8991411924362183,0.9069156646728516,0.9119104743003845,0.8983158469200134,0.8903465270996094,0.8918094038963318,0.904570996761322,0.9142023921012878,0.9105390906333923,0.8817257285118103,0.8753954172134399,3.0
6,1.0,0.0,0.0,0.0,0.0,0.0,0.0,0.0,0.0,0.0,0.0,1.0,1.0,0.0,0.9111523628234863,0.9172342419624329,0.9067932367324829,0.8986270427703857,0.9059016704559326,0.9104160666465759,0.8981174230575562,0.8904822468757629,0.8919140696525574,0.9040750861167908,0.9135164618492126,0.9100503325462341,0.882840096950531,0.8768894076347351,2.0
7,1.0,0.0,1.0,1.0,0.0,0.0,0.0,0.0,0.0,0.0,0.0,1.0,1.0,0.0,0.9095808267593384,0.9184991717338562,0.9065873026847839,0.8952527046203613,0.9057556390762329,0.9111874103546143,0.8986003994941711,0.8902803659439087,0.8916244506835938,0.9032101035118103,0.9120670557022095,0.9076977968215942,0.8786230683326721,0.8731968402862549,3.0
8,1.0,1.0,0.0,0.0,0.0,0.0,0.0,0.0,0.0,0.0,0.0,1.0,1.0,0.0,0.9099156856536865,0.9174727201461792,0.9052726030349731,0.8977989554405212,0.9100294709205627,0.916327178478241,0.9029355645179749,0.8921687602996826,0.8934263586997986,0.9056861400604248,0.9151709675788879,0.9090769290924072,0.878838062286377,0.871136486530304,1.0
9,0.0,0.0,1.0,1.0,0.0,0.0,0.0,0.0,0.0,0.0,0.0,1.0,1.0,0.0,0.911832869052887,0.9203664064407349,0.908962607383728,0.8995642066001892,0.9098182320594788,0.9142369627952576,0.9013234376907349,0.8922355771064758,0.8943398594856262,0.9070100784301758,0.915370762348175,0.9094880819320679,0.8814867734909058,0.8772293925285339,3.0
10,0.0,0.0,0.0,0.0,1.0,1.0,1.0,1.0,0.0,0.0,0.0,0.0,0.0,0.0,0.9122028946876526,0.9195033311843872,0.9071593880653381,0.8985084891319275,0.910515546798706,0.915558397769928,0.9029637575149536,0.8926311135292053,0.8942532539367676,0.906823992729187,0.915231466293335,0.909972608089447,0.8814916610717773,0.8764751553535461,2.0
11,0.0,0.0,0.0,0.0,0.0,0.0,0.0,0.0,0.0,1.0,1.0,1.0,1.0,0.0,0.9123806357383728,0.919792890548706,0.9087775945663452,0.8986374735832214,0.9076941609382629,0.9123222827911377,0.8998143076896667,0.8914735913276672,0.8928762674331665,0.9046090245246887,0.9140214323997498,0.9098892211914062,0.8810391426086426,0.8766989707946777,4.0
12,0.0,1.0,1.0,0.0,0.0,0.0,0.0,0.0,0.0,0.0,0.0,0.0,0.0,0.0,0.9123887419700623,0.9213685989379883,0.9086014032363892,0.8997042179107666,0.9123006463050842,0.916547954082489,0.9026751518249512,0.8926522731781006,0.8938614130020142,0.9058048725128174,0.9151735305786133,0.909401535987854,0.8805418014526367,0.8754509687423706,2.0
13,0.0,0.0,0.0,1.0,1.0,0.0,0.0,0.0,0.0,0.0,0.0,1.0,1.0,0.0,0.8955718278884888,0.9096582531929016,0.9084682464599609,0.9109126329421997,0.909210205078125,0.9043747186660767,0.8877054452896118,0.8805551528930664,0.8831849098205566,0.8975950479507446,0.9107859134674072,0.9129522442817688,0.877029299736023,0.8543546795845032,1.0
14,0.0,0.0,0.0,0.0,0.0,0.0,0.0,1.0,1.0,0.0,0.0,0.0,0.0,0.0,0.9111928343772888,0.9187865853309631,0.9045061469078064,0.8942629098892212,0.9083385467529297,0.9138694405555725,0.900241494178772,0.8904855251312256,0.8933746814727783,0.9035680890083313,0.9119581580162048,0.9077396392822266,0.8793354034423828,0.8710107803344727,2.0
15,1.0,0.0,1.0,1.0,0.0,0.0,0.0,0.0,0.0,1.0,1.0,1.0,1.0,0.0,0.9115318655967712,0.9202677607536316,0.9080920815467834,0.8975170254707336,0.9086402058601379,0.9143088459968567,0.9006942510604858,0.8912585377693176,0.892730176448822,0.9055383205413818,0.9143698215484619,0.9106715321540833,0.8817482590675354,0.8731066584587097,2.0
16,0.0,0.0,0.0,0.0,1.0,1.0,0.0,0.0,0.0,0.0,0.0,1.0,1.0,0.0,0.9102777242660522,0.9167038202285767,0.9037958383560181,0.8954362273216248,0.9094210267066956,0.9140533804893494,0.9027794003486633,0.8937133550643921,0.8950075507164001,0.9062033295631409,0.9125688076019287,0.9054984450340271,0.8789627552032471,0.8743263483047485,4.0
17,1.0,1.0,0.0,0.0,0.0,0.0,0.0,0.0,0.0,0.0,0.0,1.0,1.0,0.0,0.9124781489372253,0.9202965497970581,0.9077900052070618,0.8995503783226013,0.9122978448867798,0.9170806407928467,0.903040885925293,0.8924050331115723,0.8940575122833252,0.9064566493034363,0.9153760075569153,0.90958571434021,0.8810131549835205,0.8753843903541565,2.0
18,0.0,0.0,0.0,1.0,1.0,0.0,0.0,0.0,0.0,0.0,0.0,1.0,1.0,0.0,0.8980335593223572,0.908413290977478,0.905131459236145,0.9087709188461304,0.9075741171836853,0.9025245904922485,0.8857471942901611,0.8798865675926208,0.8818525075912476,0.8966922760009766,0.9091889262199402,0.9116227030754089,0.8765302300453186,0.8528376221656799,0.0
19,0.0,0.0,1.0,1.0,0.0,0.0,0.0,0.0,0.0,0.0,0.0,1.0,1.0,0.0,0.9087147116661072,0.920917272567749,0.9115580320358276,0.9016741514205933,0.9109607934951782,0.9156121015548706,0.8999335169792175,0.8904143571853638,0.892440915107727,0.9061571955680847,0.9180680513381958,0.9148241281509399,0.8824869990348816,0.8710412383079529,4.0
20,0.0,0.0,1.0,1.0,0.0,0.0,0.0,0.0,0.0,0.0,0.0,1.0,1.0,0.0,0.9055991768836975,0.9172918200492859,0.9108616709709167,0.9060730338096619,0.9096348285675049,0.9118682742118835,0.8971421122550964,0.8881627321243286,0.8899055123329163,0.9038012623786926,0.9152287840843201,0.9117469191551208,0.879094123840332,0.8685722947120667,1.0
21,1.0,1.0,0.0,0.0,0.0,0.0,0.0,0.0,0.0,0.0,0.0,1.0,1.0,0.0,0.9111531376838684,0.9186635613441467,0.9092732667922974,0.899204432964325,0.9060893654823303,0.911449134349823,0.8983901143074036,0.8900682330131531,0.8916850090026855,0.9047669172286987,0.9155518412590027,0.9118750691413879,0.8825582265853882,0.8764384388923645,4.0
22,0.0,0.0,0.0,0.0,1.0,1.0,1.0,1.0,0.0,0.0,0.0,0.0,0.0,0.0,0.9120996594429016,0.9177733659744263,0.9061064124107361,0.8967252373695374,0.9069128036499023,0.9103938937187195,0.899053692817688,0.892520546913147,0.8958237171173096,0.9057237505912781,0.9115625619888306,0.9061546325683594,0.8808988928794861,0.877572238445282,4.0
23,0.0,0.0,0.0,0.0,1.0,1.0,1.0,1.0,0.0,0.0,1.0,1.0,1.0,0.0,0.9105618000030518,0.9187036752700806,0.908757209777832,0.8997528553009033,0.9083554148674011,0.9134736061096191,0.8999853730201721,0.8913406133651733,0.8924798965454102,0.9042514562606812,0.9147619605064392,0.9119213819503784,0.8820717930793762,0.8747838735580444,1.0
24,0.0,1.0,1.0,0.0,1.0,1.0,0.0,0.0,0.0,0.0,0.0,1.0,1.0,0.0,0.9109876155853271,0.9189075827598572,0.9070183038711548,0.8968861103057861,0.9080600738525391,0.9118151068687439,0.8989028334617615,0.8901957869529724,0.8914440274238586,0.9028537273406982,0.9112614393234253,0.9066799283027649,0.877816915512085,0.8732869029045105,3.0
25,0.0,1.0,1.0,0.0,0.0,0.0,0.0,0.0,1.0,1.0,0.0,1.0,1.0,0.0,0.9113505482673645,0.9191228151321411,0.9070121645927429,0.8965067863464355,0.9079920649528503,0.9131044149398804,0.9009426832199097,0.892520546913147,0.8947620391845703,0.9045856595039368,0.9125986099243164,0.90778648853302,0.8806148171424866,0.8764971494674683,0.0
26,1.0,1.0,0.0,0.0,0.0,1.0,1.0,1.0,0.0,0.0,0.0,1.0,1.0,0.0,0.9110226035118103,0.9171760082244873,0.9027458429336548,0.8926408886909485,0.9084485769271851,0.9129724502563477,0.9000434279441833,0.8901195526123047,0.8914079666137695,0.9024842977523804,0.9104215502738953,0.9038043022155762,0.8764162659645081,0.8736391663551331,2.0
27,0.0,0.0,0.0,0.0,1.0,1.0,1.0,1.0,0.0,0.0,0.0,1.0,1.0,0.0,0.9107053279876709,0.9187770485877991,0.9070433378219604,0.9003458023071289,0.9125241041183472,0.9177025556564331,0.904568076133728,0.8929929733276367,0.894314169883728,0.9076145887374878,0.9162778258323669,0.91029292345047,0.8807756900787354,0.8748692870140076,3.0
28,1.0,1.0,0.0,0.0,1.0,1.0,0.0,0.0,0.0,0.0,0.0,0.0,0.0,0.0,0.9110254049301147,0.9205825924873352,0.909187912940979,0.8993441462516785,0.9099364876747131,0.9156500697135925,0.9010697603225708,0.8911287188529968,0.892827570438385,0.9056687951087952,0.9164363145828247,0.9118832945823669,0.8812865614891052,0.8723684549331665,3.0
29,1.0,0.0,0.0,0.0,0.0,1.0,1.0,0.0,0.0,0.0,0.0,0.0,0.0,0.0,0.9106515645980835,0.9186648726463318,0.9056220054626465,0.8956353068351746,0.9093008637428284,0.9147858023643494,0.9008094668388367,0.8903746604919434,0.8928729891777039,0.9039074182510376,0.9128039479255676,0.9074780344963074,0.8777731657028198,0.8702392578125,0.0
30,0.0,0.0,0.0,1.0,1.0,0.0,0.0,0.0,0.0,0.0,0.0,1.0,1.0,0.0,0.8995082378387451,0.9121838808059692,0.9094253182411194,0.9105443954467773,0.9096505045890808,0.9050469994544983,0.888090193271637,0.8817589282989502,0.8849521279335022,0.8995909094810486,0.9123222827911377,0.9140040874481201,0.8798220753669739,0.8605011105537415,1.0
31,0.0,0.0,0.0,0.0,0.0,0.0,0.0,1.0,1.0,0.0,0.0,0.0,0.0,0.0,0.9107115864753723,0.9169219136238098,0.9049529433250427,0.8958995938301086,0.907888650894165,0.9128214120864868,0.9002323150634766,0.8917390704154968,0.8943782448768616,0.9060591459274292,0.9133877754211426,0.9082410335540771,0.8804052472114563,0.8744938969612122,2.0
32,1.0,1.0,1.0,1.0,0.0,0.0,0.0,0.0,0.0,0.0,0.0,1.0,1.0,0.0,0.9109174609184265,0.918867826461792,0.9073502421379089,0.8971061110496521,0.907769501209259,0.9129307270050049,0.8998509645462036,0.8912256360054016,0.8929119110107422,0.9033166766166687,0.9126283526420593,0.909149706363678,0.8812435269355774,0.8747133016586304,1.0
33,1.0,1.0,0.0,0.0,0.0,0.0,0.0,0.0,0.0,0.0,0.0,0.0,0.0,0.0,0.9109580516815186,0.9195318818092346,0.9076892137527466,0.9001309871673584,0.9124808311462402,0.9173471927642822,0.9038602709770203,0.8927643299102783,0.8942340016365051,0.907101571559906,0.9161137342453003,0.9103676080703735,0.8809935450553894,0.875657856464386,3.0
34,0.0,1.0,1.0,0.0,1.0,1.0,0.0,0.0,0.0,1.0,1.0,1.0,1.0,0.0,0.9114080667495728,0.9205859303474426,0.9081480503082275,0.8988350033760071,0.9112230539321899,0.9158567786216736,0.9016034603118896,0.8912618160247803,0.8924993872642517,0.9052507877349854,0.9153417944908142,0.9098823070526123,0.8801922798156738,0.872194766998291,4.0
35,0.0,0.0,1.0,1.0,0.0,0.0,0.0,0.0,0.0,0.0,0.0,1.0,1.0,0.0,0.9123569130897522,0.9199255704879761,0.9086019992828369,0.8985741138458252,0.9085965156555176,0.9136984348297119,0.900763988494873,0.8918797373771667,0.893916130065918,0.9058511257171631,0.9144362211227417,0.9092267751693726,0.8815423250198364,0.8756319880485535,4.0
36,0.0,1.0,1.0,0.0,0.0,0.0,1.0,1.0,0.0,0.0,0.0,1.0,1.0,0.0,0.9117175936698914,0.9198777675628662,0.9073445200920105,0.897784948348999,0.9106411933898926,0.9155833125114441,0.9031566977500916,0.893627941608429,0.8952463865280151,0.9057411551475525,0.9140400290489197,0.9086148142814636,0.8809805512428284,0.8767319321632385,3.0
37,1.0,1.0,0.0,0.0,0.0,0.0,0.0,0.0,0.0,0.0,0.0,0.0,0.0,0.0,0.9065055251121521,0.9169800877571106,0.9082128405570984,0.9024530649185181,0.9094070792198181,0.9134400486946106,0.8990660309791565,0.8891123533248901,0.8902239799499512,0.9038485288619995,0.9146323204040527,0.9103579521179199,0.878082275390625,0.866515040397644,1.0
38,0.0,0.0,0.0,0.0,0.0,1.0,1.0,0.0,0.0,0.0,1.0,1.0,0.0,0.0,0.9106094241142273,0.9202200174331665,0.9099420309066772,0.9017508029937744,0.9114764928817749,0.9161892533302307,0.9019908905029297,0.8921998143196106,0.8938614130020142,0.9072814583778381,0.9168999791145325,0.9114682674407959,0.8815558552742004,0.8756541013717651,3.0
39,1.0,1.0,0.0,0.0,1.0,1.0,0.0,0.0,0.0,0.0,0.0,1.0,1.0,0.0,0.9118049144744873,0.9202960729598999,0.9083523154258728,0.9005539417266846,0.9135861396789551,0.9174075722694397,0.9028745889663696,0.8925628066062927,0.8943526148796082,0.9062551856040955,0.9156068563461304,0.9098419547080994,0.880194902420044,0.874378502368927,1.0
40,1.0,1.0,1.0,0.0,0.0,0.0,0.0,0.0,0.0,0.0,0.0,1.0,1.0,0.0,0.9101654291152954,0.9160414338111877,0.8997049927711487,0.8913604021072388,0.9110170602798462,0.9154875874519348,0.9004088640213013,0.8893327713012695,0.8906903266906738,0.901452898979187,0.9096609950065613,0.9032752513885498,0.8744292855262756,0.8691748976707458,3.0
41,1.0,1.0,0.0,0.0,0.0,1.0,1.0,1.0,0.0,0.0,0.0,1.0,1.0,0.0,0.9112484455108643,0.9182533621788025,0.9040685296058655,0.8933682441711426,0.9085683226585388,0.9131231904029846,0.9001531004905701,0.8906159996986389,0.8915950059890747,0.9022393226623535,0.910205602645874,0.9041919112205505,0.8766031265258789,0.8734294176101685,2.0
42,1.0,1.0,1.0,0.0,0.0,0.0,0.0,0.0,0.0,0.0,0.0,1.0,1.0,0.0,0.9079481363296509,0.9174132943153381,0.9081767797470093,0.9012482762336731,0.9077246785163879,0.9122273325920105,0.8978767395019531,0.8889501094818115,0.8906159996986389,0.9041897654533386,0.9145396947860718,0.9097793698310852,0.8785452842712402,0.8686999678611755,3.0
43,0.0,0.0,0.0,1.0,1.0,0.0,0.0,0.0,0.0,0.0,0.0,1.0,1.0,0.0,0.8929669857025146,0.9068354368209839,0.9062696099281311,0.9118314981460571,0.9096459746360779,0.9011271595954895,0.8841001391410828,0.8778216242790222,0.8811352252960205,0.8961302638053894,0.9093288779258728,0.9130949378013611,0.8772513270378113,0.8532966375350952,1.0
44,0.0,0.0,1.0,1.0,1.0,1.0,0.0,0.0,0.0,0.0,0.0,1.0,1.0,0.0,0.9067566394805908,0.9178071618080139,0.9052731990814209,0.8977926969528198,0.9150369167327881,0.9176051616668701,0.8992965817451477,0.8902621269226074,0.8915261030197144,0.9021196961402893,0.9125795960426331,0.9071422815322876,0.8754675984382629,0.8659098148345947,0.0
45,0.0,0.0,0.0,0.0,1.0,1.0,0.0,1.0,1.0,0.0,0.0,0.0,0.0,0.0,0.910232663154602,0.9160815477371216,0.9040148854255676,0.8952296376228333,0.9082368612289429,0.9134454727172852,0.9004453420639038,0.8909904360771179,0.8936649560928345,0.9050208330154419,0.9130114912986755,0.907681405544281,0.8796422481536865,0.8735268115997314,1.0
46,0.0,0.0,0.0,0.0,1.0,1.0,0.0,0.0,0.0,0.0,0.0,0.0,0.0,0.0,0.9131749868392944,0.9204744696617126,0.9091789722442627,0.8989213109016418,0.9078701734542847,0.9123169183731079,0.9005122184753418,0.8925645351409912,0.8935586810112,0.9050673842430115,0.9134547710418701,0.9092792272567749,0.8819535970687866,0.8774265050888062,4.0
47,0.0,0.0,0.0,0.0,1.0,1.0,1.0,1.0,1.0,0.0,0.0,1.0,1.0,0.0,0.9076246023178101,0.9207136034965515,0.9125499129295349,0.9037091732025146,0.9129528403282166,0.9163044691085815,0.8966121077537537,0.8885024189949036,0.8914850950241089,0.9062725305557251,0.9181292057037354,0.9156553745269775,0.8831674456596375,0.8701205849647522,3.0
48,0.0,1.0,1.0,1.0,0.0,0.0,0.0,0.0,0.0,1.0,1.0,1.0,1.0,0.0,0.9117367267608643,0.920251727104187,0.9081035852432251,0.8993809819221497,0.9110761880874634,0.9151854515075684,0.9022961854934692,0.8925872445106506,0.8932163119316101,0.9049274921417236,0.9135485887527466,0.9078333377838135,0.8791589140892029,0.8748136162757874,0.0
49,1.0,1.0,0.0,0.0,0.0,0.0,0.0,0.0,0.0,0.0,0.0,1.0,1.0,0.0,0.9093941450119019,0.9153998494148254,0.9003829956054688,0.891105592250824,0.9097069501876831,0.9147275686264038,0.901275098323822,0.8910151124000549,0.8928745985031128,0.9033463597297668,0.9106342792510986,0.9028017520904541,0.8747743964195251,0.8705605864524841,0.0
50,0.0,0.0,1.0,1.0,0.0,0.0,0.0,1.0,1.0,0.0,0.0,0.0,0.0,0.0,0.9117012619972229,0.9178161025047302,0.9080061912536621,0.899269700050354,0.9045591950416565,0.9093875288963318,0.8957540988922119,0.8895761370658875,0.8914933204650879,0.9049478769302368,0.9143991470336914,0.9105169177055359,0.8821557760238647,0.8777979612350464,4.0
51,0.0,0.0,0.0,0.0,1.0,1.0,1.0,1.0,0.0,0.0,0.0,1.0,1.0,0.0,0.9124730825424194,0.9176733493804932,0.9065335392951965,0.8976098299026489,0.9066662788391113,0.9111778140068054,0.8993149995803833,0.8913242220878601,0.8934811949729919,0.90496826171875,0.9135405421257019,0.909142017364502,0.8818104267120361,0.8783352971076965,0.0
52,1.0,1.0,0.0,0.0,0.0,0.0,0.0,0.0,0.0,0.0,0.0,0.0,0.0,0.0,0.9120956063270569,0.9206593632698059,0.9093536138534546,0.9001012444496155,0.9121540188789368,0.9168624877929688,0.9023888111114502,0.892442524433136,0.8944454789161682,0.9065371751785278,0.9160277247428894,0.9108148813247681,0.8811635971069336,0.8754546046257019,3.0
53,0.0,0.0,1.0,1.0,0.0,0.0,0.0,0.0,0.0,0.0,0.0,1.0,1.0,0.0,0.9100294709205627,0.9182387590408325,0.9038652777671814,0.892121434211731,0.9071030020713806,0.9122177958488464,0.9006397128105164,0.8915638327598572,0.8893628120422363,0.898930549621582,0.9075776934623718,0.9021215438842773,0.8737857341766357,0.8676949739456177,1.0
54,0.0,0.0,0.0,0.0,0.0,1.0,1.0,1.0,0.0,1.0,1.0,1.0,1.0,0.0,0.9117128849029541,0.9201219081878662,0.9090782999992371,0.9005281329154968,0.9096944332122803,0.9148993492126465,0.90184086561203,0.8923773765563965,0.8938758969306946,0.9068382978439331,0.9161137342453003,0.9112600684165955,0.8822246789932251,0.8746873140335083,2.0
55,0.0,0.0,1.0,1.0,0.0,0.0,0.0,0.0,0.0,0.0,0.0,0.0,0.0,0.0,0.9118457436561584,0.9175834059715271,0.9071786999702454,0.8990494608879089,0.9055281281471252,0.9095689654350281,0.895875871181488,0.8891908526420593,0.891105592250824,0.9047639966011047,0.9137038588523865,0.909873902797699,0.8818069100379944,0.8779179453849792,3.0
56,1.0,0.0,0.0,0.0,0.0,1.0,1.0,1.0,0.0,0.0,0.0,1.0,1.0,0.0,0.9116800427436829,0.9197326898574829,0.9073150157928467,0.8960694670677185,0.9080883860588074,0.9129050970077515,0.9006822109222412,0.8923528790473938,0.8940029144287109,0.9038189649581909,0.9120751619338989,0.906840443611145,0.8789530992507935,0.8751252293586731,0.0
57,0.0,1.0,1.0,0.0,0.0,0.0,0.0,0.0,0.0,0.0,0.0,1.0,1.0,0.0,0.9092498421669006,0.9186793565750122,0.9054842591285706,0.8953511714935303,0.9104658365249634,0.9148373007774353,0.8991997838020325,0.8894128203392029,0.892075777053833,0.9040045142173767,0.9126147627830505,0.9075278043746948,0.8781329393386841,0.8693753480911255,3.0
58,0.0,1.0,1.0,0.0,0.0,0.0,0.0,0.0,1.0,1.0,0.0,1.0,1.0,0.0,0.9117524027824402,0.9199831485748291,0.9083861112594604,0.9000216126441956,0.9103372097015381,0.9154718518257141,0.9026408791542053,0.8926555514335632,0.8941923379898071,0.9074808955192566,0.9163506031036377,0.9099253416061401,0.8810172080993652,0.8763282299041748,2.0
59,0.0,0.0,0.0,1.0,1.0,0.0,0.0,0.0,0.0,0.0,0.0,1.0,1.0,0.0,0.897548258304596,0.9094922542572021,0.9074766635894775,0.9103586673736572,0.907741129398346,0.9021211266517639,0.8861087560653687,0.8801783919334412,0.8828294277191162,0.8973984718322754,0.9099892973899841,0.9121187329292297,0.877625048160553,0.8570301532745361,1.0
60,0.0,1.0,1.0,0.0,0.0,0.0,1.0,1.0,0.0,0.0,0.0,1.0,1.0,0.0,0.9105583429336548,0.9198219776153564,0.9084591269493103,0.8986112475395203,0.9091483354568481,0.91483473777771,0.9018243551254272,0.8923089504241943,0.8939322233200073,0.905134379863739,0.9149125218391418,0.9116254448890686,0.8828136324882507,0.8755950927734375,3.0
61,0.0,1.0,1.0,0.0,0.0,0.0,0.0,1.0,1.0,1.0,1.0,0.0,0.0,0.0,0.9094253182411194,0.9183535575866699,0.9048633575439453,0.8940237760543823,0.9088510274887085,0.913734495639801,0.8995327353477478,0.8895828723907471,0.8913488388061523,0.9023230671882629,0.9109070897102356,0.9051868319511414,0.8764879703521729,0.8696292638778687,3.0
62,0.0,0.0,0.0,0.0,0.0,0.0,0.0,0.0,0.0,1.0,1.0,1.0,1.0,0.0,0.9098718166351318,0.9174081683158875,0.9030138850212097,0.8931645750999451,0.9103274941444397,0.9149587154388428,0.9002688527107239,0.8895977735519409,0.890703558921814,0.9016576409339905,0.9092841148376465,0.9026229977607727,0.8744823932647705,0.870020866394043,3.0
63,0.0,0.0,0.0,0.0,1.0,1.0,1.0,0.0,0.0,0.0,0.0,1.0,1.0,0.0,0.9115721583366394,0.9178182482719421,0.9084119200706482,0.9012290835380554,0.9085823893547058,0.9110555648803711,0.8985942006111145,0.8915638327598572,0.8925384879112244,0.9043570756912231,0.9141359925270081,0.9107322096824646,0.8816823363304138,0.8765155673027039,1.0
64,1.0,1.0,0.0,0.0,1.0,1.0,0.0,0.0,0.0,0.0,0.0,1.0,1.0,0.0,0.9098606705665588,0.9180474281311035,0.9049205183982849,0.8967786431312561,0.9108203649520874,0.9145727753639221,0.9001821279525757,0.8897426128387451,0.8904061317443848,0.9029637575149536,0.9122626185417175,0.9057295322418213,0.8759443163871765,0.869779109954834,4.0
65,1.0,1.0,0.0,0.0,0.0,0.0,0.0,1.0,1.0,0.0,0.0,0.0,0.0,0.0,0.9123209714889526,0.9208720922470093,0.909979522228241,0.9002239108085632,0.9104520082473755,0.9153865575790405,0.9021735191345215,0.8928097486495972,0.8942565321922302,0.9065055251121521,0.9158893823623657,0.9107115864753723,0.8818860650062561,0.8769296407699585,1.0
66,0.0,0.0,0.0,0.0,0.0,1.0,1.0,1.0,0.0,0.0,1.0,1.0,1.0,0.0,0.9118995666503906,0.9190802574157715,0.9087822437286377,0.8997684717178345,0.9075520634651184,0.9120996594429016,0.8987115621566772,0.8897042870521545,0.8920937180519104,0.9050294756889343,0.9146270155906677,0.9111983776092529,0.8824458718299866,0.8759860396385193,3.0
67,1.0,1.0,0.0,0.0,0.0,0.0,0.0,0.0,0.0,0.0,0.0,1.0,1.0,0.0,0.9114744067192078,0.9172006249427795,0.9035407900810242,0.8951476812362671,0.9089590907096863,0.9150075316429138,0.902046263217926,0.8911895155906677,0.8934102058410645,0.904988706111908,0.9135861396789551,0.9083130359649658,0.8791660070419312,0.8708010911941528,0.0
68,1.0,1.0,0.0,0.0,1.0,1.0,0.0,0.0,0.0,0.0,0.0,1.0,1.0,0.0,0.910409152507782,0.9177201390266418,0.9029957056045532,0.893537700176239,0.9103786945343018,0.9156121015548706,0.9011966586112976,0.8901957869529724,0.8917620182037354,0.9022543430328369,0.9111489653587341,0.9058294296264648,0.8767520785331726,0.8699019551277161,3.0
69,0.0,1.0,1.0,0.0,0.0,0.0,0.0,0.0,0.0,0.0,0.0,1.0,1.0,0.0,0.9092308878898621,0.918493926525116,0.9051400423049927,0.8940575122833252,0.9085711240768433,0.9137479066848755,0.9010697603225708,0.8914735913276672,0.8918928503990173,0.9017808437347412,0.9094797372817993,0.9031152129173279,0.8749053478240967,0.8697061538696289,0.0
70,0.0,0.0,1.0,1.0,0.0,0.0,0.0,0.0,0.0,1.0,1.0,1.0,1.0,0.0,0.9101727604866028,0.9169561266899109,0.9016757011413574,0.8919190168380737,0.9102222919464111,0.9154403209686279,0.9020897150039673,0.8914309740066528,0.8920202255249023,0.9018108248710632,0.9095243811607361,0.902629017829895,0.8752094507217407,0.8709765076637268,0.0
71,0.0,0.0,1.0,1.0,0.0,0.0,1.0,1.0,0.0,0.0,0.0,1.0,1.0,0.0,0.9117755889892578,0.9205455780029297,0.9080320596694946,0.8987146615982056,0.9123602509498596,0.9163298010826111,0.9020057916641235,0.8919761776924133,0.8936198353767395,0.9046382308006287,0.9137599468231201,0.9084569811820984,0.8792513012886047,0.8742108345031738,1.0
72,1.0,1.0,0.0,0.0,0.0,0.0,0.0,0.0,0.0,0.0,0.0,0.0,0.0,0.0,0.9117524027824402,0.9184501767158508,0.9056557416915894,0.8959249258041382,0.9090446829795837,0.9135807156562805,0.9012871980667114,0.8926018476486206,0.8945479393005371,0.9056658744812012,0.9130034446716309,0.9073783755302429,0.8801888227462769,0.8761259317398071,2.0
73,0.0,0.0,0.0,1.0,1.0,0.0,0.0,0.0,0.0,0.0,0.0,1.0,1.0,0.0,0.9060807824134827,0.9181884527206421,0.9130512475967407,0.9078043699264526,0.9099807143211365,0.9121118783950806,0.8964139819145203,0.8881980776786804,0.8902587294578552,0.9049537181854248,0.9169930219650269,0.91400545835495,0.8805551528930664,0.8681148886680603,0.0
74,0.0,1.0,1.0,1.0,0.0,0.0,0.0,0.0,0.0,0.0,0.0,1.0,1.0,0.0,0.9104028940200806,0.9194273948669434,0.9070689082145691,0.8983219861984253,0.9122612476348877,0.9165531396865845,0.9001760482788086,0.8892543315887451,0.8913324475288391,0.905279815196991,0.9153943657875061,0.9106398224830627,0.8796103596687317,0.8714900612831116,3.0
75,1.0,1.0,0.0,0.0,0.0,0.0,0.0,0.0,0.0,0.0,0.0,1.0,1.0,0.0,0.9108961224555969,0.9172611236572266,0.9033985137939453,0.8947188854217529,0.9099072813987732,0.9150523543357849,0.9019098877906799,0.8916588425636292,0.8942307829856873,0.9043101668357849,0.9125795960426331,0.9071144461631775,0.8792641162872314,0.8722741603851318,3.0
76,0.0,1.0,1.0,0.0,0.0,0.0,0.0,0.0,0.0,1.0,1.0,0.0,0.0,0.0,0.9102209210395813,0.9182063341140747,0.9083998799324036,0.9011924862861633,0.9075050950050354,0.9122137427330017,0.8986544609069824,0.890116274356842,0.8910331726074219,0.9049157500267029,0.9154704809188843,0.9109910726547241,0.8807774186134338,0.873511791229248,0.0
77,0.0,0.0,0.0,0.0,1.0,1.0,0.0,0.0,0.0,0.0,0.0,1.0,1.0,0.0,0.9086837768554688,0.9208107590675354,0.9121383428573608,0.9042859673500061,0.9137492179870605,0.9167707562446594,0.8995051980018616,0.8902007937431335,0.8931969404220581,0.9069529175758362,0.9182132482528687,0.9139001369476318,0.8813849687576294,0.8731404542922974,3.0
78,0.0,0.0,1.0,1.0,0.0,0.0,0.0,0.0,0.0,0.0,0.0,1.0,1.0,0.0,0.9119303226470947,0.9186517596244812,0.9078254699707031,0.898818850517273,0.909113347530365,0.9136047959327698,0.9012660980224609,0.8927707672119141,0.8943879008293152,0.9062206149101257,0.9143964648246765,0.9090951085090637,0.8809869289398193,0.8766916394233704,1.0
79,1.0,1.0,0.0,0.0,0.0,0.0,0.0,0.0,0.0,0.0,0.0,1.0,1.0,0.0,0.9057512283325195,0.9118587374687195,0.9010410308837891,0.8977168202400208,0.9041773080825806,0.9057020545005798,0.890756368637085,0.8835954070091248,0.8859597444534302,0.9008337259292603,0.9110198616981506,0.906578779220581,0.87682044506073,0.866252064704895,3.0
80,0.0,0.0,0.0,1.0,1.0,0.0,0.0,0.0,0.0,0.0,0.0,1.0,1.0,0.0,0.9085513949394226,0.9187749028205872,0.9095208644866943,0.902650773525238,0.9092792272567749,0.9138961434364319,0.900959312915802,0.8909937143325806,0.8921589851379395,0.9058511257171631,0.9159207940101624,0.9107680320739746,0.8796966075897217,0.8720018267631531,3.0
81,0.0,0.0,0.0,0.0,1.0,1.0,0.0,0.0,0.0,0.0,0.0,1.0,1.0,0.0,0.9102548360824585,0.9165788888931274,0.9074182510375977,0.8997080326080322,0.9061658382415771,0.9102292060852051,0.897875189781189,0.8909310698509216,0.8927496671676636,0.9051023721694946,0.9141119718551636,0.9104533791542053,0.8822565078735352,0.8764090538024902,2.0
82,1.0,1.0,0.0,0.0,0.0,0.0,0.0,0.0,0.0,0.0,0.0,0.0,0.0,0.0,0.9117032289505005,0.9191510081291199,0.9080055356025696,0.8988681435585022,0.9079652428627014,0.9113094210624695,0.8986281752586365,0.890425980091095,0.8924375772476196,0.903736412525177,0.9126662015914917,0.9086970686912537,0.8799779415130615,0.8761443495750427,3.0
83,0.0,1.0,1.0,0.0,0.0,0.0,0.0,0.0,0.0,0.0,0.0,1.0,1.0,0.0,0.9086492657661438,0.9195047616958618,0.9059430956840515,0.8946661353111267,0.9102389216423035,0.9143034815788269,0.8983931541442871,0.88889479637146,0.8912010192871094,0.9025410413742065,0.9111682176589966,0.9060677289962769,0.8763831257820129,0.866342306137085,1.0
84,0.0,0.0,0.0,0.0,0.0,0.0,0.0,1.0,1.0,0.0,0.0,1.0,1.0,0.0,0.9126397967338562,0.9203101992607117,0.9077449440956116,0.8985927104949951,0.9109690189361572,0.9167125225067139,0.9040163159370422,0.8936183452606201,0.8947811126708984,0.9061283469200134,0.9147911071777344,0.9092785120010376,0.8811001181602478,0.8757169246673584,0.0
85,0.0,1.0,1.0,0.0,0.0,0.0,0.0,0.0,0.0,0.0,0.0,0.0,0.0,0.0,0.9102132320404053,0.9189847111701965,0.9083645939826965,0.9009408354759216,0.911070704460144,0.9161567687988281,0.9023976922035217,0.8917717337608337,0.893005907535553,0.9070557951927185,0.9170187711715698,0.9115284085273743,0.8811423182487488,0.8746092319488525,3.0
86,0.0,0.0,0.0,1.0,1.0,0.0,0.0,0.0,0.0,0.0,0.0,0.0,0.0,0.0,0.9125207662582397,0.9181426167488098,0.9077240228652954,0.899397075176239,0.907799243927002,0.9104755520820618,0.8988473415374756,0.8920969367027283,0.8946757912635803,0.9059580564498901,0.9133395552635193,0.9094384908676147,0.8820003867149353,0.8784548044204712,2.0
87,0.0,0.0,0.0,1.0,1.0,0.0,0.0,0.0,0.0,0.0,0.0,1.0,1.0,0.0,0.8922225832939148,0.907177209854126,0.9072785973548889,0.9131231904029846,0.9099802374839783,0.9013565182685852,0.8842546343803406,0.8779905438423157,0.8810588717460632,0.8960576057434082,0.9095605611801147,0.9136770367622375,0.8774164319038391,0.8522579669952393,1.0
88,0.0,0.0,1.0,1.0,0.0,0.0,0.0,0.0,0.0,0.0,0.0,1.0,1.0,0.0,0.9115106463432312,0.9191911220550537,0.905595600605011,0.8982461094856262,0.9122382402420044,0.9175410270690918,0.9042808413505554,0.8932373523712158,0.8941249847412109,0.9071900844573975,0.9154757857322693,0.9087470769882202,0.8805502653121948,0.8772257566452026,2.0
89,0.0,0.0,0.0,0.0,0.0,1.0,1.0,0.0,0.0,0.0,1.0,1.0,0.0,0.0,0.9107087254524231,0.9136776328086853,0.9031121730804443,0.8966447114944458,0.9017822742462158,0.9045240879058838,0.8921377658843994,0.8873398900032043,0.8907514214515686,0.90340256690979,0.9119227528572083,0.9090460538864136,0.8817281126976013,0.877692461013794,4.0
90,0.0,0.0,1.0,1.0,0.0,0.0,0.0,0.0,0.0,1.0,1.0,1.0,1.0,0.0,0.9077492356300354,0.9138717651367188,0.8998816013336182,0.8939498066902161,0.909423828125,0.9149086475372314,0.901452898979187,0.8909854888916016,0.8922355771064758,0.9045972228050232,0.912105143070221,0.9058525562286377,0.8765836358070374,0.8689125776290894,3.0
91,0.0,1.0,1.0,0.0,1.0,1.0,0.0,0.0,0.0,0.0,0.0,1.0,1.0,0.0,0.9113984704017639,0.91837477684021,0.9071283936500549,0.8987409472465515,0.9105446338653564,0.9151511788368225,0.9031685590744019,0.8934279680252075,0.895106315612793,0.9072842597961426,0.9148914813995361,0.9091672301292419,0.8810232877731323,0.8778525590896606,1.0
92,0.0,0.0,1.0,1.0,0.0,0.0,1.0,1.0,0.0,0.0,0.0,1.0,1.0,0.0,0.9084728956222534,0.9137352705001831,0.90411776304245,0.8990106582641602,0.9037622213363647,0.9059234261512756,0.8908833265304565,0.884457528591156,0.8879790306091309,0.9014167785644531,0.9108437895774841,0.908599317073822,0.8790535926818848,0.8667775392532349,3.0
93,0.0,0.0,0.0,0.0,1.0,1.0,0.0,0.0,0.0,0.0,0.0,0.0,0.0,0.0,0.9110820889472961,0.9176105260848999,0.906378984451294,0.898908257484436,0.9079644083976746,0.9128862023353577,0.9003601670265198,0.8905482888221741,0.8922682404518127,0.9049391150474548,0.9137091040611267,0.9098933339118958,0.8809518218040466,0.8746315836906433,0.0
94,0.0,0.0,1.0,1.0,0.0,0.0,0.0,0.0,0.0,0.0,0.0,1.0,1.0,0.0,0.9123836755752563,0.9157916903495789,0.9051394462585449,0.8975653648376465,0.9034773111343384,0.907677173614502,0.8938469290733337,0.8884705305099487,0.8903730511665344,0.9035563468933105,0.9123277068138123,0.9091525673866272,0.8822690844535828,0.8787766695022583,3.0
95,0.0,0.0,0.0,1.0,1.0,0.0,0.0,0.0,0.0,0.0,0.0,1.0,1.0,0.0,0.9117715358734131,0.916587233543396,0.9061954021453857,0.8976790904998779,0.9056368470191956,0.9092910289764404,0.897446870803833,0.8915916681289673,0.8938807845115662,0.9042778611183167,0.9124740958213806,0.9093022346496582,0.8828372359275818,0.8788958191871643,4.0
96,0.0,0.0,0.0,0.0,1.0,1.0,0.0,0.0,0.0,0.0,0.0,1.0,1.0,0.0,0.9081929922103882,0.9173056483268738,0.9067408442497253,0.8977879881858826,0.9070386290550232,0.9124484062194824,0.8988103866577148,0.8900299668312073,0.8914703130722046,0.9041250944137573,0.9143991470336914,0.912064254283905,0.8830239176750183,0.8743970990180969,0.0
97,0.0,1.0,1.0,0.0,1.0,1.0,0.0,1.0,1.0,0.0,0.0,1.0,1.0,0.0,0.9086816310882568,0.9177640080451965,0.9075435400009155,0.9010304808616638,0.9090369939804077,0.9138747453689575,0.9009397029876709,0.890988826751709,0.8920577764511108,0.9060100317001343,0.9154180288314819,0.9096916913986206,0.8794244527816772,0.8721305131912231,3.0
98,1.0,0.0,1.0,1.0,0.0,0.0,0.0,0.0,0.0,0.0,0.0,1.0,1.0,0.0,0.9100294709205627,0.9194663763046265,0.9091476202011108,0.9013273119926453,0.9094021916389465,0.9144083857536316,0.9010546803474426,0.8913357853889465,0.8926701545715332,0.9072728753089905,0.9168379306793213,0.9110047221183777,0.8804007768630981,0.8736878037452698,4.0
99,0.0,0.0,0.0,1.0,1.0,0.0,0.0,0.0,0.0,0.0,0.0,1.0,1.0,0.0,0.9110926985740662,0.9200955629348755,0.9075130820274353,0.8958569169044495,0.9082142114639282,0.9131864309310913,0.9002019166946411,0.8917734622955322,0.8920953273773193,0.9019428491592407,0.9109291434288025,0.9059580564498901,0.8772398829460144,0.8708964586257935,1.0
100,0.0,0.0,0.0,0.0,0.0,1.0,1.0,1.0,0.0,1.0,1.0,1.0,1.0,0.0,0.9120649695396423,0.9186708927154541,0.9075851440429688,0.8985880613327026,0.9086373448371887,0.9136423468589783,0.901317298412323,0.8921834826469421,0.8939225077629089,0.905224621295929,0.9140293598175049,0.909747302532196,0.881438672542572,0.8760265707969666,0.0
101,0.0,0.0,1.0,1.0,0.0,0.0,0.0,0.0,0.0,0.0,0.0,0.0,0.0,0.0,0.9120452404022217,0.919482409954071,0.9082685708999634,0.8985788226127625,0.908462643623352,0.9127445220947266,0.9002170562744141,0.8914211392402649,0.8931904435157776,0.9053641557693481,0.91376793384552,0.909460186958313,0.8811337351799011,0.8755285739898682,2.0
102,0.0,1.0,1.0,0.0,0.0,0.0,0.0,0.0,0.0,0.0,0.0,1.0,1.0,0.0,0.9084929823875427,0.918049156665802,0.9054150581359863,0.893359363079071,0.9048252701759338,0.9105169177055359,0.8986636996269226,0.8906738758087158,0.8909904360771179,0.9001988172531128,0.9088692665100098,0.904231607913971,0.8754892349243164,0.8707324862480164,3.0
103,1.0,1.0,0.0,0.0,0.0,1.0,1.0,1.0,0.0,0.0,0.0,1.0,1.0,0.0,0.9102736115455627,0.9196774363517761,0.9084858894348145,0.9005102515220642,0.9107211828231812,0.9164286255836487,0.9029147624969482,0.8920496106147766,0.8929474949836731,0.9064796566963196,0.9161580801010132,0.9116991758346558,0.8810446858406067,0.8726249933242798,4.0
104,0.0,0.0,0.0,0.0,1.0,1.0,0.0,0.0,0.0,0.0,0.0,0.0,0.0,0.0,0.9106758832931519,0.9170532822608948,0.9021507501602173,0.8945687413215637,0.9123954772949219,0.9165129065513611,0.9017928838729858,0.8902190327644348,0.8906309604644775,0.9032841324806213,0.9114969968795776,0.90482097864151,0.8762624859809875,0.8716456890106201,3.0
105,0.0,0.0,0.0,1.0,1.0,0.0,0.0,0.0,0.0,0.0,0.0,1.0,1.0,0.0,0.9106733202934265,0.9175512790679932,0.9037290215492249,0.8933229446411133,0.9086822867393494,0.914070725440979,0.9000326991081238,0.8904557824134827,0.8927594423294067,0.9014590382575989,0.9100974798202515,0.9060446619987488,0.8780909180641174,0.8705109357833862,1.0
106,1.0,1.0,0.0,0.0,0.0,0.0,1.0,1.0,0.0,0.0,0.0,1.0,1.0,0.0,0.9098371267318726,0.9180868268013,0.9079446792602539,0.9001180529594421,0.9082354307174683,0.912987232208252,0.8998769521713257,0.8905317783355713,0.8920251131057739,0.9039604067802429,0.9140000939369202,0.9103344082832336,0.8814469575881958,0.8724666237831116,3.0
107,1.0,1.0,1.0,0.0,0.0,0.0,0.0,0.0,0.0,0.0,0.0,1.0,1.0,0.0,0.9105514287948608,0.9170922636985779,0.9022856950759888,0.8917586803436279,0.908566951751709,0.9132831692695618,0.8992505073547363,0.8891690969467163,0.8912930488586426,0.9017327427864075,0.9099170565605164,0.9037511944770813,0.875678539276123,0.8700860738754272,2.0
108,0.0,0.0,0.0,0.0,0.0,0.0,0.0,0.0,0.0,0.0,0.0,1.0,1.0,0.0,0.911362886428833,0.9192668795585632,0.9067490100860596,0.8955908417701721,0.9063214063644409,0.9111421704292297,0.8990936875343323,0.8912108540534973,0.8928080797195435,0.9024723768234253,0.9110254049301147,0.9061824679374695,0.8780229091644287,0.8744715452194214,3.0
109,0.0,0.0,0.0,1.0,1.0,0.0,0.0,0.0,0.0,0.0,0.0,1.0,1.0,0.0,0.9004225134849548,0.9112066030502319,0.907881498336792,0.911308765411377,0.910869300365448,0.903908908367157,0.8860127925872803,0.8806531429290771,0.8845959901809692,0.9002445340156555,0.9131407141685486,0.9158449769020081,0.8812257051467896,0.861596405506134,0.0
110,0.0,0.0,1.0,1.0,0.0,0.0,0.0,0.0,0.0,0.0,0.0,1.0,1.0,0.0,0.9109758138656616,0.9194733500480652,0.9063135385513306,0.894799530506134,0.9058337211608887,0.9107831716537476,0.8982042670249939,0.8907514214515686,0.8934973478317261,0.9031152129173279,0.9105984568595886,0.9059725403785706,0.8793034553527832,0.8736541867256165,3.0
111,0.0,0.0,0.0,0.0,0.0,0.0,0.0,0.0,0.0,1.0,1.0,0.0,0.0,0.0,0.9123561978340149,0.9192336201667786,0.907349169254303,0.8975365161895752,0.9080132842063904,0.9120357036590576,0.9005181789398193,0.8925319314002991,0.8947523832321167,0.9055441617965698,0.9134547710418701,0.9085288643836975,0.8813127279281616,0.8785777688026428,0.0
112,1.0,1.0,0.0,0.0,0.0,1.0,1.0,1.0,0.0,0.0,0.0,1.0,1.0,0.0,0.9111449122428894,0.9169073104858398,0.9014925360679626,0.89354407787323,0.9109964966773987,0.9151195287704468,0.9009714126586914,0.8900051116943359,0.8908124566078186,0.9030171632766724,0.9114558696746826,0.9045211672782898,0.8758820295333862,0.872209906578064,2.0
113,0.0,0.0,0.0,0.0,0.0,0.0,0.0,1.0,1.0,0.0,0.0,0.0,0.0,0.0,0.9114285707473755,0.9175384640693665,0.9025659561157227,0.8924897313117981,0.9090166091918945,0.9140293598175049,0.9008064866065979,0.8907596468925476,0.8926976919174194,0.9031655788421631,0.9112038016319275,0.9050185680389404,0.8776558041572571,0.8741250038146973,2.0
114,0.0,0.0,1.0,1.0,0.0,0.0,0.0,0.0,0.0,0.0,0.0,1.0,1.0,0.0,0.9109009504318237,0.9182237982749939,0.9034528732299805,0.8938646912574768,0.9102568626403809,0.9153340458869934,0.9028879404067993,0.8923773765563965,0.8934618830680847,0.9033078551292419,0.9111462235450745,0.9044383764266968,0.877285361289978,0.8721001744270325,4.0
115,0.0,0.0,0.0,0.0,1.0,1.0,0.0,0.0,0.0,1.0,1.0,1.0,1.0,0.0,0.9107659459114075,0.9159520864486694,0.9069693088531494,0.9004490971565247,0.9077090620994568,0.9097486734390259,0.897784948348999,0.8912897706031799,0.8946917057037354,0.9068813323974609,0.915168285369873,0.9111840128898621,0.88295978307724,0.8774701952934265,1.0
116,1.0,1.0,1.0,0.0,0.0,0.0,0.0,0.0,0.0,0.0,0.0,0.0,0.0,0.0,0.9122714400291443,0.9208741188049316,0.9087774157524109,0.8995465636253357,0.9109112620353699,0.9158161878585815,0.9020987153053284,0.8920038938522339,0.8931386470794678,0.9058858156204224,0.9151209592819214,0.9099781513214111,0.8807364702224731,0.8735230565071106,4.0
117,0.0,0.0,0.0,1.0,1.0,0.0,0.0,1.0,1.0,0.0,0.0,1.0,1.0,0.0,0.9098496437072754,0.9124637842178345,0.9021690487861633,0.8973385691642761,0.9007382988929749,0.9025395512580872,0.8882148861885071,0.8834749460220337,0.8875584006309509,0.9010636806488037,0.9102194309234619,0.907210111618042,0.879061222076416,0.8710755109786987,3.0
118,1.0,1.0,0.0,0.0,0.0,0.0,0.0,0.0,0.0,0.0,0.0,1.0,1.0,0.0,0.9123826026916504,0.9193629026412964,0.9083123803138733,0.8994094133377075,0.9080090522766113,0.9128808379173279,0.9004969596862793,0.8918240666389465,0.8936102390289307,0.9063185453414917,0.9147090911865234,0.9099079370498657,0.8809431195259094,0.8763061761856079,0.0
119,0.0,0.0,0.0,0.0,1.0,1.0,0.0,0.0,0.0,0.0,0.0,1.0,1.0,0.0,0.9090487957000732,0.9198797345161438,0.9077913165092468,0.8987162113189697,0.9134669303894043,0.9164918661117554,0.8994300365447998,0.8903995156288147,0.8928924202919006,0.9057498574256897,0.914680004119873,0.9080572128295898,0.8779436945915222,0.8690244555473328,4.0
120,1.0,0.0,0.0,0.0,0.0,0.0,0.0,0.0,0.0,0.0,0.0,1.0,1.0,0.0,0.9113108515739441,0.9192200303077698,0.9066329598426819,0.8965429663658142,0.9101210832595825,0.9149046540260315,0.9015794396400452,0.891631007194519,0.8936746716499329,0.9033966660499573,0.9120670557022095,0.9075918197631836,0.8790239095687866,0.8738374710083008,1.0
121,1.0,1.0,0.0,0.0,0.0,0.0,0.0,0.0,0.0,0.0,0.0,0.0,0.0,0.0,0.9076927900314331,0.9160460233688354,0.9004154801368713,0.8907760977745056,0.9096539616584778,0.9137505888938904,0.8992120623588562,0.888802707195282,0.8884016275405884,0.8987733125686646,0.9063156843185425,0.8995150923728943,0.8697554469108582,0.864791750907898,1.0
122,0.0,0.0,0.0,0.0,0.0,0.0,0.0,1.0,1.0,0.0,0.0,0.0,0.0,0.0,0.9123629331588745,0.9196215271949768,0.9077520966529846,0.8985448479652405,0.9089969992637634,0.913933515548706,0.9012267589569092,0.8917652368545532,0.8937423229217529,0.9064682126045227,0.9142530560493469,0.9091189503669739,0.8810547590255737,0.8752918243408203,4.0
123,0.0,1.0,1.0,1.0,0.0,0.0,0.0,0.0,0.0,0.0,0.0,1.0,1.0,0.0,0.9091371893882751,0.9204786419868469,0.9092827439308167,0.8989928960800171,0.909972608089447,0.9157993197441101,0.9025245904922485,0.8923187255859375,0.8934779167175293,0.9049478769302368,0.9159625172615051,0.9126824140548706,0.8828766942024231,0.8734031915664673,1.0
124,0.0,1.0,1.0,0.0,1.0,1.0,0.0,1.0,1.0,0.0,0.0,1.0,1.0,0.0,0.9105224609375,0.9198223948478699,0.9102410078048706,0.90224689245224,0.9098836779594421,0.9145753979682922,0.90000981092453,0.8906193375587463,0.8928956985473633,0.9064105749130249,0.9168870449066162,0.9117864966392517,0.8802874088287354,0.8716267347335815,0.0
125,0.0,0.0,0.0,0.0,1.0,1.0,0.0,0.0,0.0,0.0,0.0,0.0,0.0,0.0,0.9110994935035706,0.9187871813774109,0.9060735106468201,0.8955678939819336,0.9094336628913879,0.9142357110977173,0.9001805782318115,0.8903862833976746,0.8916965126991272,0.9029013514518738,0.9114203453063965,0.906022310256958,0.8777838349342346,0.8724666237831116,3.0
126,0.0,0.0,0.0,0.0,1.0,1.0,1.0,1.0,1.0,0.0,0.0,1.0,1.0,0.0,0.9115810990333557,0.9189432859420776,0.9069879055023193,0.8981569409370422,0.9091231226921082,0.9146826863288879,0.9028284549713135,0.892676591873169,0.8942307829856873,0.9060619473457336,0.9147487282752991,0.9100434184074402,0.8818138837814331,0.8755100965499878,2.0
127,1.0,1.0,0.0,0.0,0.0,0.0,0.0,0.0,0.0,0.0,0.0,0.0,0.0,0.0,0.9101995229721069,0.9158161878585815,0.8984156847000122,0.8889617919921875,0.908725917339325,0.9150193929672241,0.8992950320243835,0.8878136277198792,0.8902604579925537,0.8992658257484436,0.9092645049095154,0.9053975343704224,0.8764095306396484,0.8635938763618469,4.0
128,0.0,0.0,0.0,0.0,1.0,1.0,0.0,0.0,0.0,0.0,0.0,0.0,0.0,0.0,0.9106349349021912,0.9170216917991638,0.9027566313743591,0.8936875462532043,0.9104852080345154,0.9149508476257324,0.9015538692474365,0.8913275599479675,0.892730176448822,0.9033403992652893,0.9107998013496399,0.9037010073661804,0.8759646415710449,0.8717594146728516,0.0
129,0.0,0.0,1.0,1.0,1.0,1.0,0.0,0.0,0.0,0.0,0.0,0.0,0.0,0.0,0.9107563495635986,0.9195733070373535,0.9074018597602844,0.8980305194854736,0.9119731187820435,0.916082501411438,0.9007852673530579,0.891089141368866,0.8939064741134644,0.9059436917304993,0.9150075316429138,0.9101391434669495,0.8804011940956116,0.8722324967384338,2.0
130,1.0,1.0,1.0,1.0,0.0,0.0,0.0,0.0,0.0,0.0,0.0,1.0,1.0,0.0,0.9111291170120239,0.917284369468689,0.9057006239891052,0.897458553314209,0.9071229696273804,0.9121512174606323,0.8999517560005188,0.8910266757011414,0.8933972716331482,0.9051460027694702,0.9131299257278442,0.9084866642951965,0.880612850189209,0.8737739324569702,4.0
131,0.0,1.0,1.0,0.0,0.0,0.0,0.0,0.0,0.0,0.0,0.0,1.0,1.0,0.0,0.9118591547012329,0.9178725481033325,0.902725100517273,0.8953433632850647,0.9120765328407288,0.9174718260765076,0.9023439288139343,0.8911879062652588,0.8928729891777039,0.9047785997390747,0.913695752620697,0.9083455801010132,0.8793273568153381,0.8727042078971863,2.0
132,0.0,1.0,1.0,0.0,0.0,0.0,0.0,1.0,1.0,0.0,0.0,1.0,1.0,0.0,0.9110438823699951,0.9185676574707031,0.9053903222084045,0.8957872986793518,0.9104284644126892,0.9150944948196411,0.9025827646255493,0.8927659392356873,0.8945543169975281,0.9048516154289246,0.9126985669136047,0.9065622091293335,0.8791366815567017,0.8752511143684387,3.0
133,0.0,1.0,1.0,0.0,0.0,0.0,1.0,1.0,0.0,0.0,0.0,1.0,1.0,0.0,0.9106260538101196,0.9187543988227844,0.9075036644935608,0.8995749354362488,0.909623384475708,0.9143074154853821,0.9005045890808105,0.8909920454025269,0.8922062516212463,0.9063156843185425,0.9154101610183716,0.910086452960968,0.8805310726165771,0.8755322694778442,3.0
134,1.0,1.0,0.0,0.0,1.0,1.0,0.0,0.0,0.0,0.0,0.0,1.0,1.0,0.0,0.9107211828231812,0.9175468683242798,0.9065859317779541,0.8970090746879578,0.9062983989715576,0.912326455116272,0.8997042179107666,0.8909063935279846,0.8917471766471863,0.9035829305648804,0.9134976863861084,0.910722553730011,0.8823827505111694,0.8759233951568604,0.0
135,0.0,0.0,0.0,0.0,1.0,1.0,0.0,0.0,0.0,0.0,0.0,0.0,0.0,0.0,0.9092316031455994,0.9151027798652649,0.9057368040084839,0.8991416692733765,0.9044142961502075,0.9083709716796875,0.8947492837905884,0.8873331546783447,0.8894512057304382,0.9032160043716431,0.9130223393440247,0.909128725528717,0.8799135088920593,0.8718769550323486,0.0
136,1.0,1.0,0.0,0.0,0.0,0.0,0.0,0.0,0.0,0.0,0.0,0.0,0.0,0.0,0.9098683595657349,0.9168421626091003,0.9065945744514465,0.8990172147750854,0.9059377908706665,0.9104824662208557,0.8977351784706116,0.8894845843315125,0.8912553191184998,0.9040781259536743,0.9135593771934509,0.9099975824356079,0.8809526562690735,0.8716532588005066,2.0
137,0.0,1.0,1.0,0.0,0.0,0.0,0.0,0.0,1.0,1.0,0.0,1.0,1.0,0.0,0.9115577936172485,0.9185595512390137,0.9073434472084045,0.898059606552124,0.9083694815635681,0.9131231904029846,0.9001866579055786,0.8913061618804932,0.8931904435157776,0.904880702495575,0.9131245613098145,0.9093260169029236,0.8814331293106079,0.8754730820655823,3.0
138,0.0,1.0,1.0,0.0,0.0,0.0,0.0,0.0,0.0,1.0,1.0,1.0,1.0,0.0,0.911745548248291,0.9185162782669067,0.9058923125267029,0.8960797190666199,0.9089058041572571,0.9130707383155823,0.9012237787246704,0.8929070234298706,0.894988477230072,0.9059551954269409,0.9130168557167053,0.9071850776672363,0.8801928162574768,0.8763650059700012,2.0
139,0.0,0.0,0.0,1.0,1.0,0.0,0.0,0.0,0.0,0.0,0.0,1.0,1.0,0.0,0.9019609093666077,0.913831353187561,0.9104326367378235,0.9107587337493896,0.9124321341514587,0.9091273546218872,0.8906210064888,0.8836215138435364,0.8879654407501221,0.9029251337051392,0.9147805571556091,0.9152839779853821,0.8811450004577637,0.8650769591331482,2.0
140,1.0,0.0,0.0,0.0,0.0,0.0,0.0,0.0,0.0,0.0,0.0,1.0,1.0,0.0,0.90865159034729,0.9123169183731079,0.9034351110458374,0.8978378176689148,0.9029080271720886,0.9055179953575134,0.8934618830680847,0.887740969657898,0.8902057409286499,0.9016545414924622,0.9106453061103821,0.9090040326118469,0.8824363946914673,0.8782483339309692,2.0
141,0.0,0.0,0.0,1.0,1.0,1.0,0.0,0.0,0.0,0.0,0.0,1.0,1.0,0.0,0.8959217071533203,0.9110060930252075,0.9096275568008423,0.9113683700561523,0.9096869230270386,0.9054992198944092,0.8894444704055786,0.881991982460022,0.8838114738464355,0.8979341983795166,0.9111983776092529,0.9134843349456787,0.8779796957969666,0.8541899919509888,1.0
142,0.0,0.0,1.0,1.0,0.0,0.0,0.0,0.0,0.0,0.0,0.0,1.0,1.0,0.0,0.9122856259346008,0.9177287817001343,0.901489794254303,0.8933488130569458,0.9107914566993713,0.9166218638420105,0.9018167853355408,0.89055997133255,0.892541766166687,0.9033107757568359,0.9129818677902222,0.9083455801010132,0.879789412021637,0.870942234992981,2.0
143,0.0,0.0,0.0,0.0,1.0,1.0,1.0,1.0,1.0,0.0,0.0,1.0,1.0,0.0,0.9115700721740723,0.9195155501365662,0.9070383310317993,0.8988025784492493,0.9121594429016113,0.9162505269050598,0.9016666412353516,0.8913949131965637,0.8936618566513062,0.9059551954269409,0.9144999384880066,0.9088566899299622,0.8794741034507751,0.8740689754486084,3.0
144,1.0,0.0,0.0,0.0,0.0,0.0,0.0,0.0,0.0,0.0,0.0,1.0,1.0,0.0,0.9088777303695679,0.9166429042816162,0.9060858488082886,0.8987952470779419,0.9067903757095337,0.9109717607498169,0.8963446617126465,0.8873992562294006,0.8898290395736694,0.9024306535720825,0.9127175211906433,0.9092841148376465,0.878614068031311,0.8675586581230164,3.0
145,0.0,0.0,0.0,0.0,0.0,0.0,0.0,0.0,0.0,0.0,0.0,1.0,1.0,0.0,0.9097995162010193,0.9184419512748718,0.9065195322036743,0.8996560573577881,0.9129845499992371,0.9172622561454773,0.9021331667900085,0.8912108540534973,0.8923887610435486,0.9053990244865417,0.9159650802612305,0.9104934930801392,0.8797933459281921,0.8732832074165344,3.0
146,0.0,0.0,1.0,1.0,0.0,0.0,0.0,0.0,0.0,0.0,0.0,1.0,1.0,0.0,0.9103683233261108,0.9190550446510315,0.9065812230110168,0.8954781889915466,0.9081661105155945,0.9140560626983643,0.9013595581054688,0.8914359211921692,0.8926359415054321,0.903266429901123,0.9122463464736938,0.9074495434761047,0.8785129189491272,0.8714824914932251,4.0
147,0.0,0.0,0.0,1.0,1.0,0.0,0.0,0.0,0.0,0.0,0.0,1.0,1.0,0.0,0.9109091758728027,0.918748140335083,0.9071565270423889,0.8987656235694885,0.909656822681427,0.9151142239570618,0.9012780785560608,0.8917111754417419,0.8924311399459839,0.9057180285453796,0.9150550365447998,0.9089127779006958,0.8800075054168701,0.8761113286018372,2.0
148,0.0,0.0,0.0,1.0,1.0,1.0,1.0,0.0,0.0,0.0,0.0,1.0,1.0,0.0,0.9084760546684265,0.9137600660324097,0.900680661201477,0.8947880268096924,0.9020492434501648,0.9052231907844543,0.8923594355583191,0.8857454061508179,0.8880194425582886,0.9025052189826965,0.9125606417655945,0.907942533493042,0.8777852058410645,0.869070827960968,2.0
149,0.0,0.0,0.0,0.0,0.0,0.0,1.0,1.0,0.0,0.0,0.0,1.0,1.0,0.0,0.9100912809371948,0.9182287454605103,0.907217264175415,0.8982810378074646,0.907769501209259,0.9138280749320984,0.9014363288879395,0.8914785385131836,0.8926652073860168,0.9041750431060791,0.9142583012580872,0.91080242395401,0.8821467757225037,0.8751696348190308,0.0
150,0.0,1.0,1.0,0.0,0.0,0.0,0.0,0.0,0.0,1.0,1.0,1.0,1.0,0.0,0.908315896987915,0.9210004210472107,0.9091258645057678,0.8980623483657837,0.9104368090629578,0.9142941832542419,0.8985880613327026,0.8898323774337769,0.892785370349884,0.9056108593940735,0.9160147309303284,0.9125837087631226,0.8817075490951538,0.8681032061576843,2.0
151,0.0,0.0,0.0,0.0,0.0,0.0,0.0,0.0,0.0,1.0,1.0,0.0,0.0,0.0,0.9118757843971252,0.9191766381263733,0.9075289964675903,0.8983336091041565,0.9104312658309937,0.915660560131073,0.9032337069511414,0.8933843970298767,0.8946534395217896,0.905137300491333,0.9139681458473206,0.9094224572181702,0.8812485933303833,0.8772769570350647,1.0
152,0.0,0.0,0.0,0.0,0.0,0.0,1.0,1.0,0.0,0.0,0.0,0.0,0.0,0.0,0.9119125604629517,0.9191250205039978,0.9054549336433411,0.8967864513397217,0.9119731187820435,0.9163766503334045,0.9014981389045715,0.8909443616867065,0.8928048610687256,0.9036951661109924,0.9128336310386658,0.9081392884254456,0.8792715668678284,0.8720661997795105,1.0
153,0.0,1.0,1.0,0.0,0.0,0.0,0.0,0.0,0.0,0.0,0.0,0.0,0.0,0.0,0.9122836589813232,0.9209111332893372,0.9107804894447327,0.9013878107070923,0.9095341563224792,0.9143034815788269,0.9001500606536865,0.8912339210510254,0.8937681317329407,0.9071558713912964,0.917057454586029,0.9118682742118835,0.8814017176628113,0.8763429522514343,4.0
154,0.0,0.0,0.0,1.0,1.0,0.0,0.0,0.0,0.0,0.0,0.0,1.0,1.0,0.0,0.9076451659202576,0.9107418060302734,0.9021166563034058,0.9006369113922119,0.9014947414398193,0.9006230235099792,0.8863787651062012,0.8828468918800354,0.8868594169616699,0.9001897573471069,0.9093260169029236,0.9083145260810852,0.8788890242576599,0.8698559403419495,4.0
155,0.0,0.0,0.0,0.0,0.0,0.0,1.0,1.0,0.0,0.0,0.0,1.0,1.0,0.0,0.9121676087379456,0.9198386073112488,0.9086295366287231,0.8990421295166016,0.9095898866653442,0.9150075316429138,0.9019908905029297,0.8924685120582581,0.8945382833480835,0.9071101546287537,0.9158998727798462,0.9101765751838684,0.8813778758049011,0.8755655884742737,2.0
156,1.0,1.0,0.0,0.0,0.0,0.0,0.0,0.0,0.0,0.0,0.0,1.0,1.0,0.0,0.9123466610908508,0.9211715459823608,0.9089934825897217,0.9003183245658875,0.9119146466255188,0.9166969656944275,0.9032219648361206,0.8930268883705139,0.8943238258361816,0.9069843292236328,0.9162804484367371,0.9102001190185547,0.8815187215805054,0.8764126896858215,2.0
157,1.0,1.0,0.0,0.0,0.0,0.0,0.0,0.0,0.0,0.0,0.0,1.0,1.0,0.0,0.912175714969635,0.9199545979499817,0.9082385897636414,0.8987786769866943,0.9083808064460754,0.9119173288345337,0.9004088640213013,0.8923105597496033,0.8925254940986633,0.9029221534729004,0.9123954772949219,0.9083412885665894,0.8797025680541992,0.8762620091438293,0.0
158,0.0,0.0,0.0,0.0,0.0,0.0,1.0,1.0,0.0,0.0,0.0,1.0,1.0,0.0,0.9100663065910339,0.9167783260345459,0.904229462146759,0.8955718278884888,0.9083865284919739,0.9138667583465576,0.8984705209732056,0.8885796666145325,0.8905648589134216,0.9024664759635925,0.9122164845466614,0.908970296382904,0.8791689276695251,0.8678895235061646,1.0
159,1.0,1.0,0.0,0.0,0.0,0.0,0.0,0.0,0.0,0.0,0.0,1.0,1.0,0.0,0.9054069519042969,0.9070327281951904,0.8971202373504639,0.8961412310600281,0.8991010189056396,0.8978316187858582,0.8839315176010132,0.881301999092102,0.8872263431549072,0.9004848599433899,0.9085175395011902,0.9081251621246338,0.8790770173072815,0.8677806258201599,4.0
160,0.0,0.0,1.0,1.0,0.0,0.0,0.0,0.0,0.0,0.0,0.0,1.0,1.0,0.0,0.910691499710083,0.9159554839134216,0.9034010171890259,0.8948832750320435,0.9075534343719482,0.9122083783149719,0.8999853730201721,0.8920348882675171,0.8949024677276611,0.9052362442016602,0.9118464589118958,0.9063163995742798,0.8797340989112854,0.8730465173721313,4.0
161,1.0,1.0,0.0,0.0,0.0,0.0,0.0,0.0,0.0,0.0,0.0,0.0,0.0,0.0,0.9107866287231445,0.9177610874176025,0.903328537940979,0.893539309501648,0.9100489020347595,0.915492832660675,0.901174008846283,0.8903051018714905,0.891804575920105,0.9022274017333984,0.9113216996192932,0.9063299894332886,0.8779229521751404,0.867691159248352,4.0
162,1.0,1.0,0.0,0.0,1.0,1.0,0.0,0.0,0.0,0.0,0.0,0.0,0.0,0.0,0.91098552942276,0.9178552627563477,0.9050360321998596,0.8957398533821106,0.9091581702232361,0.9142436385154724,0.9015493392944336,0.8921524286270142,0.8941538333892822,0.9040781259536743,0.9119908809661865,0.9074339270591736,0.8800838589668274,0.8750696182250977,1.0
163,1.0,0.0,0.0,0.0,0.0,0.0,0.0,0.0,0.0,0.0,0.0,1.0,1.0,0.0,0.9120751619338989,0.9198922514915466,0.9075273275375366,0.8975350260734558,0.9100711345672607,0.914586067199707,0.9022064208984375,0.8927123546600342,0.8941313624382019,0.9050848484039307,0.913135290145874,0.9072400331497192,0.878976583480835,0.8755433559417725,0.0
164,0.0,0.0,0.0,0.0,0.0,0.0,1.0,1.0,0.0,0.0,0.0,1.0,1.0,0.0,0.9108028411865234,0.9169779419898987,0.9061766862869263,0.8981956839561462,0.9067953824996948,0.9117100834846497,0.8990567922592163,0.8901560306549072,0.8922877907752991,0.9048486948013306,0.9137946963310242,0.9096052646636963,0.881029486656189,0.8732568025588989,2.0
165,1.0,1.0,0.0,0.0,0.0,0.0,0.0,0.0,0.0,0.0,0.0,1.0,1.0,0.0,0.9122042059898376,0.9205077290534973,0.909716010093689,0.8995687365531921,0.9086710810661316,0.9131312370300293,0.9000372290611267,0.8910924792289734,0.8930933475494385,0.9055122137069702,0.9151550531387329,0.9110954403877258,0.8819776773452759,0.8774411082267761,3.0
166,0.0,0.0,0.0,0.0,0.0,0.0,1.0,1.0,0.0,0.0,0.0,1.0,1.0,0.0,0.9108321070671082,0.9184097647666931,0.9064494967460632,0.8990083336830139,0.9088692665100098,0.9144627451896667,0.9018183350563049,0.8919957280158997,0.8933601379394531,0.9055412411689758,0.9145104885101318,0.909608006477356,0.8801600337028503,0.872409999370575,3.0
167,0.0,0.0,1.0,1.0,0.0,0.0,0.0,0.0,0.0,0.0,0.0,0.0,0.0,0.0,0.9109731912612915,0.9172632098197937,0.9056499600410461,0.8967016339302063,0.9070972800254822,0.9112271666526794,0.899247407913208,0.892002284526825,0.8949916362762451,0.9048457741737366,0.9121459126472473,0.9072443246841431,0.8803521394729614,0.8753029704093933,2.0
168,0.0,1.0,1.0,0.0,1.0,1.0,0.0,0.0,0.0,1.0,1.0,1.0,1.0,0.0,0.9064307808876038,0.9101973176002502,0.9024977087974548,0.9020053148269653,0.9063473343849182,0.904161810874939,0.8897508978843689,0.8839192986488342,0.8857351541519165,0.8993518352508545,0.9106894135475159,0.9115995168685913,0.882398247718811,0.8728435039520264,0.0
169,0.0,1.0,1.0,0.0,0.0,0.0,0.0,0.0,0.0,0.0,0.0,0.0,0.0,0.0,0.9109050035476685,0.9190757870674133,0.9063273668289185,0.8967362642288208,0.9110885262489319,0.9149336814880371,0.9003206491470337,0.8899884819984436,0.8914735913276672,0.9032367467880249,0.9120098948478699,0.9061975479125977,0.8777717351913452,0.8726664781570435,3.0
170,0.0,0.0,0.0,0.0,0.0,1.0,1.0,0.0,0.0,0.0,0.0,1.0,1.0,0.0,0.9113848209381104,0.9206465482711792,0.9079817533493042,0.8978588581085205,0.909439206123352,0.9148781895637512,0.9013866782188416,0.8916244506835938,0.8938388824462891,0.905410647392273,0.9146376252174377,0.9109208583831787,0.8823339343070984,0.8736391663551331,2.0
171,1.0,0.0,0.0,0.0,0.0,0.0,0.0,0.0,0.0,0.0,0.0,0.0,0.0,0.0,0.9122939109802246,0.9200698733329773,0.9082494974136353,0.8993365168571472,0.9109676480293274,0.9160330295562744,0.9022871851921082,0.8923219442367554,0.8937455415725708,0.9068583846092224,0.9154731631278992,0.9100129008293152,0.8813108801841736,0.8759897351264954,2.0
172,0.0,0.0,0.0,0.0,0.0,0.0,1.0,1.0,0.0,0.0,0.0,1.0,1.0,0.0,0.9114847183227539,0.9191352128982544,0.90621417760849,0.8987317085266113,0.9126905202865601,0.9182361364364624,0.9041985273361206,0.8931450843811035,0.8947077393531799,0.9067953824996948,0.916225790977478,0.9101030230522156,0.880637526512146,0.8733919262886047,3.0
173,0.0,0.0,0.0,1.0,1.0,0.0,0.0,0.0,0.0,0.0,0.0,1.0,1.0,0.0,0.9126202464103699,0.9194697141647339,0.9080929160118103,0.898760199546814,0.9093680381774902,0.9143499732017517,0.9019668102264404,0.8927512764930725,0.8943942785263062,0.906226396560669,0.9144574403762817,0.9092198014259338,0.8807084560394287,0.8761038780212402,0.0
174,0.0,1.0,1.0,1.0,0.0,0.0,0.0,0.0,0.0,0.0,0.0,1.0,1.0,0.0,0.907282829284668,0.9177364706993103,0.9035711288452148,0.8946661353111267,0.9127735495567322,0.9153726696968079,0.897926390171051,0.8881458640098572,0.8900283575057983,0.9015191793441772,0.9104353785514832,0.904215395450592,0.8729124069213867,0.8630937933921814,1.0
175,1.0,1.0,0.0,0.0,0.0,0.0,0.0,0.0,0.0,0.0,0.0,1.0,1.0,0.0,0.9109449982643127,0.9182177782058716,0.9090964794158936,0.9012362360954285,0.9070887565612793,0.9115557074546814,0.8977662920951843,0.8900266289710999,0.8911073207855225,0.9044655561447144,0.9148386120796204,0.9117497205734253,0.882062554359436,0.87448650598526,1.0
176,0.0,0.0,0.0,1.0,1.0,0.0,0.0,0.0,0.0,0.0,0.0,1.0,1.0,0.0,0.9073790907859802,0.9180076718330383,0.904802143573761,0.8943782448768616,0.9106632471084595,0.9148451685905457,0.8974952697753906,0.8874263763427734,0.8904722929000854,0.9031062722206116,0.9125959277153015,0.908159077167511,0.8767290711402893,0.8636537790298462,3.0
177,1.0,1.0,1.0,1.0,0.0,0.0,0.0,0.0,0.0,0.0,0.0,0.0,0.0,0.0,0.911956787109375,0.9200754761695862,0.9075343012809753,0.8993832468986511,0.9127120971679688,0.9174730181694031,0.9037452936172485,0.8928307890892029,0.8940639495849609,0.9064077734947205,0.9149125218391418,0.9086219072341919,0.8791882991790771,0.8746092319488525,0.0
178,0.0,0.0,0.0,1.0,1.0,0.0,0.0,0.0,0.0,0.0,0.0,1.0,1.0,0.0,0.8984180092811584,0.9124585390090942,0.9103427529335022,0.9126377105712891,0.9115481972694397,0.905410647392273,0.8865886330604553,0.8804426789283752,0.8852279782295227,0.9007276296615601,0.9143300652503967,0.916328489780426,0.8807021379470825,0.8604216575622559,0.0
179,0.0,1.0,1.0,0.0,0.0,0.0,0.0,0.0,0.0,0.0,0.0,1.0,1.0,0.0,0.911910891532898,0.9169185161590576,0.9065507650375366,0.8984322547912598,0.9064249992370605,0.9108616709709167,0.8987424969673157,0.891288161277771,0.8930836319923401,0.9051750898361206,0.9134361147880554,0.9093092679977417,0.8821134567260742,0.878708004951477,0.0
180,0.0,1.0,1.0,0.0,0.0,0.0,0.0,0.0,0.0,0.0,0.0,1.0,1.0,0.0,0.8954814672470093,0.910845160484314,0.9094167947769165,0.9100807905197144,0.9091910719871521,0.9067423343658447,0.890917956829071,0.8830606341362,0.8847845792770386,0.8993871212005615,0.9121730327606201,0.9132536053657532,0.8770923614501953,0.8559339642524719,4.0
181,1.0,1.0,0.0,0.0,0.0,0.0,0.0,0.0,0.0,0.0,0.0,1.0,1.0,0.0,0.9114880561828613,0.9201655387878418,0.9080087542533875,0.9001340866088867,0.9117715358734131,0.916875422000885,0.9022663235664368,0.8918192386627197,0.8936005234718323,0.9065600633621216,0.9160016775131226,0.9107969999313354,0.8815895318984985,0.8744193911552429,2.0
182,0.0,0.0,0.0,0.0,0.0,0.0,0.0,1.0,1.0,0.0,0.0,0.0,0.0,0.0,0.9114552736282349,0.9183967113494873,0.907362699508667,0.8990722298622131,0.9075890779495239,0.9127904176712036,0.899009108543396,0.8901626467704773,0.8924391865730286,0.9064307808876038,0.9157456159591675,0.9098780751228333,0.8804601430892944,0.8734668493270874,2.0
183,1.0,0.0,0.0,0.0,0.0,1.0,1.0,1.0,0.0,0.0,0.0,1.0,1.0,0.0,0.9120364189147949,0.9202166795730591,0.9081683158874512,0.8983715176582336,0.9101224541664124,0.9136677384376526,0.9006093740463257,0.8911204934120178,0.8931580185890198,0.9050149321556091,0.9131137728691101,0.9073050022125244,0.8788160085678101,0.875214159488678,3.0
184,1.0,1.0,0.0,0.0,0.0,0.0,1.0,1.0,0.0,0.0,0.0,0.0,0.0,0.0,0.9116172194480896,0.9198094606399536,0.9076429009437561,0.8964564204216003,0.9079679846763611,0.9128457903862,0.900630533695221,0.8921622037887573,0.8942468762397766,0.9042132496833801,0.9126635193824768,0.9075036644935608,0.8795536756515503,0.8750844597816467,0.0
185,0.0,1.0,1.0,0.0,0.0,0.0,1.0,1.0,0.0,0.0,0.0,1.0,1.0,0.0,0.9120228290557861,0.9194640517234802,0.9078715443611145,0.8993755578994751,0.9111874103546143,0.916431188583374,0.9033033847808838,0.893005907535553,0.8940703868865967,0.9057643413543701,0.9147540926933289,0.9100184440612793,0.881270170211792,0.8757280111312866,1.0
186,0.0,1.0,1.0,1.0,0.0,0.0,0.0,0.0,0.0,1.0,1.0,1.0,1.0,0.0,0.9122599363327026,0.9179551005363464,0.9058937430381775,0.8959699273109436,0.9072742462158203,0.9119254350662231,0.9000006318092346,0.8921459317207336,0.8949279189109802,0.9046557545661926,0.9114941954612732,0.9065449833869934,0.880657434463501,0.876702606678009,4.0
187,0.0,0.0,0.0,0.0,1.0,1.0,0.0,0.0,0.0,1.0,1.0,1.0,1.0,0.0,0.9118212461471558,0.9188153743743896,0.9083152413368225,0.8993755578994751,0.9073641896247864,0.9117278456687927,0.8993487358093262,0.8913702368736267,0.8936649560928345,0.9070215821266174,0.9153340458869934,0.9104042649269104,0.8814823031425476,0.8760302662849426,2.0
188,0.0,0.0,1.0,1.0,0.0,0.0,0.0,0.0,0.0,0.0,0.0,1.0,1.0,0.0,0.9117313027381897,0.9172856211662292,0.9030476212501526,0.8943493366241455,0.9095453023910522,0.9158176183700562,0.903279721736908,0.8929119110107422,0.8942596316337585,0.9048516154289246,0.913301944732666,0.9077255129814148,0.8796725869178772,0.872677743434906,0.0
189,0.0,0.0,1.0,1.0,0.0,0.0,0.0,0.0,0.0,0.0,0.0,1.0,1.0,0.0,0.9114546179771423,0.9186497330665588,0.9057888984680176,0.896055281162262,0.9089170098304749,0.9140040874481201,0.9017958641052246,0.8922095894813538,0.8946502208709717,0.9048370122909546,0.9124633073806763,0.9068204760551453,0.880020797252655,0.8744715452194214,4.0
190,0.0,0.0,1.0,1.0,0.0,0.0,0.0,0.0,0.0,0.0,0.0,1.0,1.0,0.0,0.9116500616073608,0.9181925654411316,0.906379759311676,0.8970678448677063,0.9083427786827087,0.9132334589958191,0.9007033705711365,0.8920055031776428,0.8944198489189148,0.9051780104637146,0.9127175211906433,0.9073947668075562,0.8803033828735352,0.8746278285980225,4.0
191,1.0,1.0,0.0,0.0,0.0,1.0,1.0,1.0,0.0,0.0,0.0,1.0,1.0,0.0,0.9108145236968994,0.9176197052001953,0.9030925631523132,0.8962201476097107,0.9126310348510742,0.9168922901153564,0.9019443988800049,0.890622615814209,0.8926066756248474,0.9047171473503113,0.9132616519927979,0.9054824709892273,0.876748263835907,0.8716797828674316,4.0
192,1.0,1.0,1.0,0.0,0.0,0.0,0.0,0.0,1.0,1.0,0.0,0.0,0.0,0.0,0.9111270308494568,0.9182361364364624,0.9049323797225952,0.8946701288223267,0.9087091088294983,0.914174497127533,0.9015613198280334,0.8924766778945923,0.8945766687393188,0.9040574431419373,0.9121946692466736,0.906954288482666,0.8796383738517761,0.8747876286506653,0.0
193,0.0,0.0,0.0,0.0,0.0,0.0,1.0,1.0,0.0,0.0,0.0,1.0,1.0,0.0,0.9036360383033752,0.9145038723945618,0.9064006209373474,0.9004762768745422,0.9048716425895691,0.9089787602424622,0.8963210582733154,0.8868270516395569,0.8878557682037354,0.902535080909729,0.913893461227417,0.9095941185951233,0.8768728971481323,0.8644940853118896,2.0
194,1.0,1.0,0.0,0.0,1.0,1.0,0.0,0.0,0.0,0.0,0.0,1.0,1.0,0.0,0.9107632040977478,0.9202048778533936,0.9087467193603516,0.9005114436149597,0.9132763743400574,0.9174653887748718,0.9018018841743469,0.8916686177253723,0.894355833530426,0.9057411551475525,0.9159259796142578,0.9112669825553894,0.8809722661972046,0.8716418743133545,1.0
195,0.0,0.0,0.0,0.0,0.0,0.0,1.0,1.0,0.0,0.0,0.0,1.0,1.0,0.0,0.9115995168685913,0.9206121563911438,0.9088422656059265,0.8985316753387451,0.9095605611801147,0.9149811863899231,0.9015071392059326,0.8919320106506348,0.8934166431427002,0.9055383205413818,0.9147143959999084,0.910014271736145,0.8808541893959045,0.8733844757080078,2.0
196,1.0,0.0,1.0,1.0,0.0,0.0,0.0,0.0,0.0,0.0,0.0,1.0,1.0,0.0,0.9105231761932373,0.919308066368103,0.9064214825630188,0.8957461714744568,0.9096776843070984,0.9150418639183044,0.9015974402427673,0.8916293978691101,0.892274796962738,0.9029132127761841,0.9117346405982971,0.9058980941772461,0.8771055936813354,0.8709498047828674,0.0
197,1.0,1.0,0.0,0.0,0.0,0.0,0.0,0.0,0.0,0.0,0.0,1.0,1.0,0.0,0.9084816575050354,0.9171244502067566,0.909066379070282,0.9023151397705078,0.9066340327262878,0.9109222292900085,0.8970544934272766,0.8885158896446228,0.8907381892204285,0.9048165082931519,0.914867639541626,0.9099808931350708,0.8785796165466309,0.8707324862480164,4.0
198,0.0,0.0,0.0,0.0,0.0,0.0,1.0,1.0,0.0,0.0,0.0,1.0,1.0,0.0,0.908118724822998,0.918074369430542,0.9041564464569092,0.8917505145072937,0.9074267745018005,0.9121471643447876,0.8989412784576416,0.8898406624794006,0.8900283575057983,0.8995879292488098,0.9074381589889526,0.9010266661643982,0.8723018169403076,0.8654287457466125,1.0
199,1.0,1.0,0.0,0.0,0.0,0.0,0.0,0.0,0.0,0.0,0.0,0.0,0.0,0.0,0.9112963676452637,0.9181369543075562,0.9048413634300232,0.8955782055854797,0.9100878238677979,0.9150748252868652,0.901831865310669,0.8914014101028442,0.8929734826087952,0.9036921262741089,0.9119881391525269,0.9065113067626953,0.8784580230712891,0.8735306262969971,0.0
200,1.0,1.0,0.0,0.0,0.0,0.0,0.0,1.0,1.0,0.0,0.0,1.0,1.0,0.0,0.9125329852104187,0.920498251914978,0.9084711074829102,0.8980584740638733,0.9089815616607666,0.9137545824050903,0.9023948311805725,0.8933020234107971,0.8948928117752075,0.905506432056427,0.9136047959327698,0.9086788892745972,0.8818718791007996,0.877086877822876,4.0
201,1.0,1.0,0.0,0.0,0.0,1.0,1.0,1.0,0.0,0.0,0.0,1.0,1.0,0.0,0.9098933339118958,0.9189914464950562,0.9067391157150269,0.8957611322402954,0.9084259867668152,0.9138534665107727,0.8999961018562317,0.8902538418769836,0.8921899199485779,0.9029102921485901,0.9125336408615112,0.9083554148674011,0.8787147402763367,0.8694831132888794,4.0
202,0.0,0.0,0.0,0.0,1.0,1.0,1.0,1.0,0.0,0.0,0.0,1.0,1.0,0.0,0.9129468202590942,0.9209583401679993,0.9074132442474365,0.8991721272468567,0.912467360496521,0.9181036949157715,0.9040706753730774,0.8928665518760681,0.8944742679595947,0.9070816040039062,0.9166930913925171,0.9107115864753723,0.8817871809005737,0.8744901418685913,4.0
203,0.0,0.0,1.0,1.0,0.0,0.0,0.0,0.0,0.0,0.0,0.0,1.0,1.0,0.0,0.9061766862869263,0.9155963659286499,0.9083625078201294,0.9033929705619812,0.9093742370605469,0.9119322896003723,0.8961397409439087,0.8878338932991028,0.890116274356842,0.9027496576309204,0.9143008589744568,0.9125971794128418,0.881645679473877,0.8686226010322571,1.0
204,0.0,0.0,0.0,0.0,1.0,1.0,0.0,0.0,0.0,0.0,0.0,1.0,1.0,0.0,0.9114271998405457,0.9195043444633484,0.9070744514465332,0.8975419998168945,0.9101710915565491,0.9149653315544128,0.9021406173706055,0.8929426670074463,0.8950521945953369,0.9053002595901489,0.913569986820221,0.9081180691719055,0.8806569576263428,0.8758386373519897,3.0
205,1.0,1.0,0.0,0.0,0.0,1.0,1.0,1.0,0.0,0.0,1.0,1.0,1.0,0.0,0.9118437767028809,0.9190708994865417,0.9066160917282104,0.8985694646835327,0.9120180606842041,0.9169026017189026,0.9020478129386902,0.8915982246398926,0.8936763405799866,0.9051693677902222,0.9147805571556091,0.9096944332122803,0.8798463344573975,0.8720359206199646,1.0
206,1.0,1.0,0.0,0.0,0.0,0.0,0.0,0.0,0.0,0.0,0.0,1.0,1.0,0.0,0.9083736538887024,0.9113929867744446,0.9018798470497131,0.8972179889678955,0.8994680643081665,0.9010047316551208,0.8879401683807373,0.8848968744277954,0.8884637951850891,0.9006730914115906,0.9101446866989136,0.908676028251648,0.8802943825721741,0.8698213696479797,4.0
207,0.0,0.0,0.0,1.0,1.0,0.0,0.0,0.0,0.0,0.0,0.0,1.0,1.0,0.0,0.9022378921508789,0.9120385050773621,0.9082643389701843,0.9084409475326538,0.9101536870002747,0.9066175818443298,0.8903183341026306,0.8841504454612732,0.8865801095962524,0.9008064866065979,0.9130761027336121,0.914525032043457,0.8812780976295471,0.8648789525032043,1.0
208,1.0,0.0,0.0,0.0,0.0,0.0,0.0,0.0,0.0,0.0,0.0,1.0,1.0,0.0,0.912287712097168,0.9177151322364807,0.9073576927185059,0.8986116647720337,0.9066247344017029,0.911008894443512,0.899090588092804,0.8913226127624512,0.8928405046463013,0.9047931432723999,0.9137091040611267,0.9102216362953186,0.8827322125434875,0.8791049718856812,0.0
209,1.0,1.0,0.0,0.0,0.0,0.0,0.0,0.0,0.0,0.0,0.0,0.0,0.0,0.0,0.9099833965301514,0.9167085886001587,0.90116947889328,0.8919124603271484,0.9107515215873718,0.9150602221488953,0.9001012444496155,0.8898622989654541,0.8903862833976746,0.900490939617157,0.9088159203529358,0.9021884799003601,0.8740773797035217,0.8681226372718811,1.0
210,0.0,1.0,1.0,0.0,0.0,0.0,0.0,0.0,0.0,0.0,0.0,0.0,0.0,0.0,0.9088369607925415,0.9160081744194031,0.9001432657241821,0.8899386525154114,0.9091119766235352,0.9143326282501221,0.90069580078125,0.889875590801239,0.8904309272766113,0.8998816013336182,0.9075492024421692,0.9004445672035217,0.8724145889282227,0.8674886226654053,0.0
211,1.0,0.0,0.0,0.0,0.0,0.0,0.0,0.0,0.0,1.0,1.0,0.0,0.0,0.0,0.9113210439682007,0.9196167588233948,0.9076073169708252,0.8965122699737549,0.9080416560173035,0.9136102199554443,0.9006518125534058,0.8916112780570984,0.8934715986251831,0.903989851474762,0.9130626916885376,0.9084048271179199,0.8795790672302246,0.8729713559150696,0.0
212,1.0,1.0,0.0,0.0,0.0,0.0,0.0,0.0,0.0,0.0,0.0,1.0,1.0,0.0,0.9124591946601868,0.9209577441215515,0.9098072052001953,0.8996858596801758,0.9095020294189453,0.914747416973114,0.9019368290901184,0.892957329750061,0.8939706683158875,0.9063099026679993,0.9158058166503906,0.9112353920936584,0.8822309374809265,0.8764604330062866,0.0
213,0.0,0.0,0.0,0.0,0.0,0.0,1.0,1.0,0.0,0.0,0.0,1.0,1.0,0.0,0.910487949848175,0.917990505695343,0.9054821133613586,0.8986999988555908,0.9111312031745911,0.9156697392463684,0.9033107757568359,0.8931791186332703,0.8944646716117859,0.9070529341697693,0.9143884778022766,0.9084274768829346,0.8801192045211792,0.8750028610229492,3.0
214,1.0,1.0,0.0,0.0,0.0,0.0,0.0,0.0,0.0,0.0,0.0,1.0,1.0,0.0,0.9122775197029114,0.9204466938972473,0.9080228805541992,0.9002072215080261,0.9120711088180542,0.9175512790679932,0.90399569272995,0.8931580185890198,0.8944263458251953,0.9073812365531921,0.9163766503334045,0.9102777242660522,0.8813778758049011,0.8768418431282043,2.0
215,1.0,1.0,0.0,0.0,0.0,0.0,0.0,0.0,0.0,0.0,0.0,0.0,0.0,0.0,0.9096965193748474,0.9153556227684021,0.9070186018943787,0.9012615084648132,0.9038720726966858,0.9073370695114136,0.8929637670516968,0.8869409561157227,0.8892393112182617,0.9035534262657166,0.9139761328697205,0.9101932048797607,0.8800942897796631,0.8718693256378174,2.0
216,0.0,0.0,1.0,1.0,1.0,0.0,0.0,0.0,0.0,1.0,1.0,0.0,0.0,0.0,0.9123806357383728,0.9192185401916504,0.9059540629386902,0.8973672389984131,0.9120112061500549,0.9167901873588562,0.9032130241394043,0.8927253484725952,0.894397497177124,0.9057643413543701,0.9146588444709778,0.9088553190231323,0.8804052472114563,0.8754213452339172,3.0
217,0.0,0.0,1.0,1.0,0.0,0.0,0.0,0.0,0.0,0.0,0.0,1.0,1.0,0.0,0.9117223620414734,0.9190858006477356,0.9071136713027954,0.8974296450614929,0.9089549779891968,0.9141891598701477,0.9015191793441772,0.8917717337608337,0.8936134576797485,0.9052740335464478,0.9133502840995789,0.9082438945770264,0.8801656365394592,0.873785138130188,4.0
218,1.0,1.0,0.0,0.0,0.0,0.0,0.0,0.0,0.0,0.0,0.0,0.0,0.0,0.0,0.9116793870925903,0.9199280738830566,0.9079233407974243,0.8991791009902954,0.9097306132316589,0.9141253232955933,0.9016215205192566,0.8921622037887573,0.8926717638969421,0.9038514494895935,0.9135780334472656,0.9088419079780579,0.8795101046562195,0.8746613264083862,0.0
219,1.0,1.0,0.0,0.0,0.0,1.0,1.0,1.0,0.0,0.0,0.0,1.0,1.0,0.0,0.911087155342102,0.9191927313804626,0.9061111211776733,0.8965838551521301,0.9108135104179382,0.9149139523506165,0.9012645483016968,0.8912996053695679,0.8918012380599976,0.9025917053222656,0.9111242294311523,0.9051802754402161,0.8760924339294434,0.8715470433235168,0.0
220,0.0,0.0,1.0,1.0,0.0,0.0,0.0,0.0,0.0,0.0,0.0,1.0,1.0,0.0,0.9102237224578857,0.9200904369354248,0.9094997048377991,0.8995648622512817,0.9090026021003723,0.9143565893173218,0.9000129103660583,0.890629231929779,0.8924375772476196,0.9055353403091431,0.9160643219947815,0.9124348163604736,0.8822978138923645,0.8727042078971863,0.0
221,1.0,1.0,0.0,0.0,0.0,0.0,0.0,0.0,0.0,0.0,0.0,0.0,0.0,0.0,0.9104450941085815,0.9170219898223877,0.9064056277275085,0.8973329067230225,0.907533586025238,0.9123521447181702,0.9008337259292603,0.8924619555473328,0.8948131203651428,0.9049041271209717,0.912693202495575,0.9087147116661072,0.8815472722053528,0.8779469728469849,1.0
222,0.0,0.0,0.0,0.0,0.0,0.0,1.0,1.0,0.0,0.0,0.0,1.0,1.0,0.0,0.9037674069404602,0.9149271249771118,0.90565425157547,0.9008234739303589,0.9105086326599121,0.9156343340873718,0.9033152461051941,0.8919066786766052,0.8908734917640686,0.9040839672088623,0.9141066670417786,0.90863037109375,0.876353919506073,0.8654919862747192,1.0
223,0.0,0.0,1.0,1.0,1.0,1.0,0.0,0.0,0.0,0.0,0.0,0.0,0.0,0.0,0.9113956689834595,0.9197506904602051,0.9093871116638184,0.9002083539962769,0.9083088040351868,0.9129441380500793,0.9002293348312378,0.8910068869590759,0.8928599953651428,0.905735433101654,0.9152498245239258,0.91080242395401,0.8821150660514832,0.8758975863456726,3.0
224,1.0,1.0,1.0,1.0,0.0,0.0,0.0,0.0,0.0,0.0,0.0,1.0,1.0,0.0,0.9117578268051147,0.9189607501029968,0.9084485769271851,0.8996216058731079,0.9079778790473938,0.9126580357551575,0.9000434279441833,0.8915244936943054,0.89295893907547,0.9063271880149841,0.9152839779853821,0.9104755520820618,0.8814735412597656,0.8745720386505127,2.0
225,1.0,1.0,1.0,1.0,1.0,1.0,0.0,0.0,0.0,0.0,0.0,1.0,1.0,0.0,0.9122504591941833,0.9200767278671265,0.90785813331604,0.8989667296409607,0.9114956259727478,0.9163427948951721,0.901939868927002,0.8914670944213867,0.8934489488601685,0.9062725305557251,0.9150786995887756,0.9096066355705261,0.8805310726165771,0.8747318983078003,4.0
226,0.0,0.0,0.0,0.0,1.0,1.0,0.0,0.0,0.0,0.0,0.0,1.0,1.0,0.0,0.9113183617591858,0.9182756543159485,0.9078056216239929,0.9000887274742126,0.9075391888618469,0.9121580719947815,0.8988134264945984,0.8899934887886047,0.8917111754417419,0.905735433101654,0.9153445363044739,0.9100725054740906,0.8797812461853027,0.8730916976928711,1.0
227,1.0,1.0,0.0,0.0,0.0,0.0,0.0,0.0,0.0,0.0,0.0,1.0,1.0,0.0,0.9088174700737,0.9128782749176025,0.9038233757019043,0.8991636633872986,0.9030284881591797,0.9045636057853699,0.8901891708374023,0.8850693702697754,0.8885612487792969,0.9023290872573853,0.9113245010375977,0.908458411693573,0.8794944882392883,0.8708964586257935,3.0
228,0.0,0.0,0.0,1.0,1.0,0.0,0.0,0.0,0.0,0.0,0.0,1.0,1.0,0.0,0.9118390083312988,0.9191724061965942,0.9080837368965149,0.8982833027839661,0.9086964130401611,0.9136810302734375,0.9003236293792725,0.8913636207580566,0.8935973048210144,0.9051227569580078,0.9139387607574463,0.9092351198196411,0.8809677958488464,0.8755433559417725,3.0
229,1.0,0.0,0.0,0.0,1.0,1.0,0.0,0.0,0.0,0.0,0.0,1.0,1.0,0.0,0.9116486310958862,0.9196791648864746,0.9069058299064636,0.8964926600456238,0.9093694090843201,0.9141093492507935,0.9019998908042908,0.892814576625824,0.8943398594856262,0.9040281176567078,0.911745548248291,0.9061276316642761,0.878508985042572,0.8757575154304504,0.0
230,0.0,0.0,0.0,0.0,1.0,1.0,0.0,0.0,0.0,0.0,0.0,1.0,1.0,0.0,0.9118165373802185,0.9185265302658081,0.9066200256347656,0.8985169529914856,0.9112984538078308,0.9162946343421936,0.90460604429245,0.8945239186286926,0.8954750895500183,0.9070301055908203,0.9148518443107605,0.9091609716415405,0.8811154961585999,0.8779287934303284,1.0
231,0.0,0.0,0.0,0.0,1.0,1.0,0.0,0.0,0.0,0.0,0.0,1.0,1.0,0.0,0.9113066792488098,0.9167412519454956,0.9033751487731934,0.8947348594665527,0.9084556102752686,0.9142543077468872,0.9020673036575317,0.8917161226272583,0.8936005234718323,0.9045094847679138,0.9128821492195129,0.9081279635429382,0.8797643780708313,0.8729826211929321,0.0
232,0.0,1.0,1.0,0.0,1.0,1.0,0.0,0.0,0.0,0.0,0.0,1.0,1.0,0.0,0.910506546497345,0.918088436126709,0.9050442576408386,0.8941923379898071,0.9087807536125183,0.9133113026618958,0.9005273580551147,0.8910825848579407,0.8918567895889282,0.9022871851921082,0.909493625164032,0.9030261635780334,0.87565678358078,0.8726174831390381,3.0
233,0.0,0.0,0.0,0.0,0.0,0.0,0.0,0.0,0.0,0.0,0.0,1.0,1.0,0.0,0.9049771428108215,0.9107180833816528,0.9033166766166687,0.9016245007514954,0.9037032127380371,0.9041926860809326,0.8900781273841858,0.8834435343742371,0.8854981064796448,0.8992658257484436,0.9102832674980164,0.90919029712677,0.8786166906356812,0.8643708825111389,0.0
234,0.0,0.0,1.0,1.0,0.0,0.0,0.0,0.0,0.0,0.0,0.0,1.0,1.0,0.0,0.9100683927536011,0.9169400930404663,0.9055013656616211,0.897121012210846,0.90972501039505,0.9136945009231567,0.9021106362342834,0.8932923078536987,0.8957952260971069,0.9072557091712952,0.9140853881835938,0.9075911045074463,0.8800337314605713,0.875106692314148,3.0
235,0.0,1.0,1.0,0.0,0.0,0.0,0.0,0.0,0.0,0.0,0.0,0.0,0.0,0.0,0.9092127680778503,0.9176955223083496,0.9028143882751465,0.8917766809463501,0.9093219041824341,0.9146641492843628,0.9016019105911255,0.8909063935279846,0.8908008933067322,0.9006518125534058,0.9079354405403137,0.9005880951881409,0.873458206653595,0.8718996047973633,3.0
236,1.0,1.0,0.0,0.0,0.0,0.0,0.0,0.0,0.0,1.0,1.0,0.0,0.0,0.0,0.9111558198928833,0.918391764163971,0.9064760208129883,0.8974140882492065,0.9085513949394226,0.9140840768814087,0.9002262353897095,0.8901991248130798,0.8925986289978027,0.9043951630592346,0.9140080809593201,0.9099364876747131,0.8811551928520203,0.8714330792427063,2.0
237,1.0,1.0,0.0,0.0,0.0,1.0,1.0,1.0,0.0,0.0,1.0,1.0,1.0,0.0,0.9102194309234619,0.9154869914054871,0.9052624106407166,0.899321436882019,0.9061861038208008,0.9095132350921631,0.8950681090354919,0.8879671692848206,0.8897476196289062,0.9030676484107971,0.9125959277153015,0.9090075492858887,0.8796366453170776,0.8729186654090881,0.0
238,1.0,1.0,0.0,0.0,0.0,0.0,0.0,0.0,0.0,0.0,0.0,0.0,0.0,0.0,0.9116528034210205,0.917637288570404,0.9072157740592957,0.898440420627594,0.9062652587890625,0.9095062613487244,0.8972406387329102,0.8911681771278381,0.8943462371826172,0.9047143459320068,0.9129522442817688,0.9093434810638428,0.8819782733917236,0.8779361844062805,3.0
239,1.0,0.0,1.0,1.0,0.0,0.0,0.0,0.0,0.0,0.0,0.0,1.0,1.0,0.0,0.9085901975631714,0.9156628251075745,0.9001538753509521,0.891245424747467,0.9104686379432678,0.9142270088195801,0.9001744985580444,0.8903084993362427,0.8896377682685852,0.899899959564209,0.9068583846092224,0.8988966941833496,0.8709861040115356,0.8682079911231995,0.0
240,0.0,0.0,0.0,0.0,0.0,0.0,1.0,1.0,0.0,0.0,0.0,1.0,1.0,0.0,0.9098531007766724,0.9190543293952942,0.9076657891273499,0.9003350734710693,0.9115339517593384,0.9174705147743225,0.9043511748313904,0.8932470679283142,0.8941762447357178,0.9070987701416016,0.9164260029792786,0.9099587202072144,0.8796709179878235,0.8720623850822449,0.0
241,0.0,0.0,0.0,1.0,1.0,0.0,0.0,0.0,0.0,0.0,0.0,1.0,1.0,0.0,0.909855842590332,0.916266143321991,0.9080444574356079,0.9015620946884155,0.907005786895752,0.9085105657577515,0.8949567079544067,0.8895728588104248,0.8918535709381104,0.9049974679946899,0.9149969816207886,0.9118724465370178,0.8828797936439514,0.8765962719917297,4.0
242,1.0,1.0,1.0,1.0,0.0,0.0,0.0,0.0,0.0,0.0,0.0,0.0,0.0,0.0,0.9060594439506531,0.9137469530105591,0.8998265862464905,0.8945622444152832,0.9118518829345703,0.9184646606445312,0.9044193625450134,0.891215443611145,0.8902289867401123,0.903696596622467,0.9143061637878418,0.9082552194595337,0.8766058683395386,0.8688313961029053,3.0
243,1.0,1.0,1.0,0.0,1.0,1.0,0.0,0.0,0.0,0.0,0.0,1.0,1.0,0.0,0.9114631414413452,0.9191636443138123,0.9044990539550781,0.8962832689285278,0.9115297794342041,0.9156448841094971,0.9013595581054688,0.8908503651618958,0.8917881846427917,0.9038779139518738,0.9126662015914917,0.9062652587890625,0.8777393102645874,0.8728810548782349,2.0
244,1.0,1.0,0.0,0.0,0.0,0.0,0.0,0.0,0.0,0.0,0.0,0.0,0.0,0.0,0.911353588104248,0.9176743626594543,0.9017094969749451,0.8915932774543762,0.9086120128631592,0.914070725440979,0.9003769159317017,0.8902571201324463,0.8926717638969421,0.9026811718940735,0.9109841585159302,0.9062148332595825,0.878644585609436,0.872160792350769,2.0
245,0.0,0.0,0.0,1.0,1.0,0.0,0.0,0.0,0.0,0.0,0.0,0.0,0.0,0.0,0.8929507732391357,0.9064695835113525,0.9063156843185425,0.9107735753059387,0.9086359739303589,0.9018303751945496,0.8853914737701416,0.8789661526679993,0.8810677528381348,0.8961018323898315,0.9092952609062195,0.9133126735687256,0.8763566613197327,0.8509982228279114,4.0
246,1.0,1.0,1.0,1.0,0.0,0.0,0.0,0.0,0.0,0.0,0.0,1.0,1.0,0.0,0.9115782976150513,0.9211826324462891,0.9092990159988403,0.8991367816925049,0.9103358387947083,0.9161033630371094,0.9027466177940369,0.8926912546157837,0.8938227891921997,0.9058799743652344,0.915554404258728,0.9106481075286865,0.8811212182044983,0.8734894394874573,0.0
247,1.0,1.0,0.0,0.0,0.0,0.0,0.0,0.0,0.0,0.0,0.0,1.0,1.0,0.0,0.912089467048645,0.9190378189086914,0.9050797820091248,0.8960402607917786,0.9107211828231812,0.9162778258323669,0.9026066660881042,0.8917145133018494,0.8936682343482971,0.9050178527832031,0.9136021137237549,0.9075619578361511,0.8788828253746033,0.8723949790000916,0.0
248,1.0,1.0,0.0,0.0,0.0,0.0,0.0,0.0,0.0,0.0,0.0,0.0,0.0,0.0,0.9113286733627319,0.9185327887535095,0.9056676626205444,0.8969308137893677,0.9110761880874634,0.9151446223258972,0.901831865310669,0.8919304013252258,0.8937036395072937,0.9054512977600098,0.913097620010376,0.9062378406524658,0.8786519765853882,0.8751844763755798,3.0
249,0.0,1.0,1.0,0.0,0.0,0.0,0.0,0.0,1.0,1.0,0.0,0.0,0.0,0.0,0.9104914665222168,0.9187307357788086,0.906322181224823,0.8997600674629211,0.9131258726119995,0.9179123044013977,0.9032722115516663,0.8922828435897827,0.8932324647903442,0.9065715670585632,0.9167085886001587,0.9111723303794861,0.880561351776123,0.8738224506378174,3.0
250,0.0,1.0,1.0,0.0,0.0,0.0,0.0,0.0,1.0,1.0,1.0,1.0,1.0,0.0,0.9119200706481934,0.9191824793815613,0.9073397517204285,0.8973203897476196,0.9075179100036621,0.9120466113090515,0.9000921845436096,0.8922927379608154,0.8947811126708984,0.9048573970794678,0.9123710989952087,0.9080140590667725,0.8803018927574158,0.8760449886322021,2.0
251,1.0,1.0,0.0,0.0,0.0,1.0,1.0,0.0,0.0,0.0,0.0,0.0,0.0,0.0,0.9108073115348816,0.9184215664863586,0.9051649570465088,0.8944206833839417,0.9075862169265747,0.9125755429267883,0.9002566933631897,0.8920839428901672,0.8941602110862732,0.9033197164535522,0.9107776284217834,0.9056339859962463,0.8786876797676086,0.873826265335083,0.0
252,0.0,0.0,0.0,1.0,1.0,0.0,0.0,0.0,0.0,0.0,0.0,1.0,1.0,0.0,0.901986300945282,0.9105086326599121,0.9058871865272522,0.9073557257652283,0.9087547659873962,0.9047186374664307,0.8884335160255432,0.8822987675666809,0.8848277926445007,0.8994500041007996,0.9116964936256409,0.9139775037765503,0.8809530735015869,0.8638134598731995,0.0
253,1.0,1.0,0.0,0.0,0.0,0.0,0.0,0.0,0.0,0.0,0.0,0.0,0.0,0.0,0.9131621718406677,0.9201483726501465,0.908527135848999,0.8992642760276794,0.9077567458152771,0.9126134514808655,0.8995726108551025,0.8912125825881958,0.8929994106292725,0.9054338335990906,0.9147805571556091,0.9108713865280151,0.8826113343238831,0.8778089284896851,4.0
254,1.0,1.0,0.0,0.0,1.0,1.0,0.0,0.0,0.0,0.0,0.0,1.0,1.0,0.0,0.9111067056655884,0.9175185561180115,0.9025477170944214,0.8955211639404297,0.912706732749939,0.9188792109489441,0.9042030572891235,0.892002284526825,0.8931353688240051,0.9042220115661621,0.9137492179870605,0.9081718325614929,0.8787016868591309,0.8671607375144958,0.0
255,1.0,1.0,1.0,1.0,0.0,0.0,0.0,0.0,0.0,1.0,1.0,1.0,1.0,0.0,0.9093372821807861,0.9167532920837402,0.9042800068855286,0.8977904319763184,0.9122070074081421,0.9176512360572815,0.9034883379936218,0.8917423486709595,0.8929281234741211,0.9065055251121521,0.9150101542472839,0.9087035059928894,0.878637969493866,0.8716987371444702,3.0
256,1.0,1.0,1.0,1.0,0.0,0.0,0.0,0.0,0.0,0.0,0.0,1.0,1.0,0.0,0.9123121500015259,0.9193957448005676,0.9076806902885437,0.8981298208236694,0.9098794460296631,0.9140400290489197,0.9021884799003601,0.8933585286140442,0.8935877084732056,0.9044860601425171,0.9122273325920105,0.9070494174957275,0.8796914219856262,0.8769809007644653,1.0
257,0.0,0.0,0.0,1.0,1.0,0.0,0.0,0.0,0.0,0.0,0.0,1.0,1.0,0.0,0.9017252326011658,0.9149290919303894,0.9117755889892578,0.9104259014129639,0.9110981225967407,0.9081788063049316,0.8895094394683838,0.8825854063034058,0.887065052986145,0.9022423028945923,0.9154022336006165,0.9164428114891052,0.8815872669219971,0.8650967478752136,4.0
258,1.0,1.0,1.0,0.0,0.0,0.0,0.0,0.0,0.0,0.0,0.0,0.0,0.0,0.0,0.9124645590782166,0.9190783500671387,0.9061204195022583,0.8975185751914978,0.9101293683052063,0.9156723618507385,0.9025678038597107,0.8918127417564392,0.8940767645835876,0.9057006239891052,0.9146667122840881,0.909563422203064,0.8811977505683899,0.8736578822135925,2.0
259,1.0,1.0,0.0,0.0,0.0,0.0,0.0,0.0,0.0,0.0,0.0,0.0,0.0,0.0,0.9066694974899292,0.9137799739837646,0.9068397879600525,0.905220627784729,0.9047719836235046,0.9042220115661621,0.8882737755775452,0.8831849098205566,0.885456919670105,0.9001074433326721,0.9119881391525269,0.9112834334373474,0.8796839118003845,0.8671724796295166,0.0
260,1.0,1.0,0.0,0.0,1.0,1.0,0.0,0.0,0.0,0.0,0.0,0.0,0.0,0.0,0.9115735292434692,0.9195836782455444,0.9075843691825867,0.8966718316078186,0.9078177213668823,0.9130316376686096,0.9006184339523315,0.8918928503990173,0.8941473364830017,0.9044919013977051,0.9130464792251587,0.9087961912155151,0.8808038830757141,0.874136209487915,2.0
261,0.0,0.0,0.0,0.0,0.0,0.0,1.0,1.0,1.0,1.0,0.0,0.0,0.0,0.0,0.9124395847320557,0.9195942878723145,0.9082650542259216,0.8992981314659119,0.9100642204284668,0.9146337509155273,0.9017748236656189,0.8923936486244202,0.8936618566513062,0.9064221382141113,0.9149468541145325,0.9096693992614746,0.8805749416351318,0.8768454194068909,1.0
262,0.0,1.0,1.0,0.0,0.0,0.0,0.0,0.0,0.0,0.0,0.0,1.0,1.0,0.0,0.9082989692687988,0.9203751087188721,0.9093734622001648,0.8988142013549805,0.9097793698310852,0.9141066670417786,0.8989028334617615,0.8896244764328003,0.8924669027328491,0.9051052927970886,0.9159730076789856,0.9128726720809937,0.8815456628799438,0.869548499584198,4.0
263,0.0,0.0,0.0,0.0,1.0,1.0,1.0,1.0,0.0,0.0,0.0,1.0,1.0,0.0,0.9087533950805664,0.9155400395393372,0.9063099026679993,0.8994719982147217,0.905375063419342,0.9093694090843201,0.895444929599762,0.8877696990966797,0.890011727809906,0.9037865400314331,0.9135967493057251,0.9090278148651123,0.8785036206245422,0.8705720901489258,1.0
264,1.0,1.0,0.0,0.0,0.0,1.0,1.0,1.0,0.0,0.0,0.0,1.0,1.0,0.0,0.9090145230293274,0.9168580174446106,0.9046799540519714,0.8980327844619751,0.9117933511734009,0.9166257977485657,0.903009831905365,0.8919696807861328,0.8938099145889282,0.9070529341697693,0.9150866270065308,0.9085823893547058,0.8789733648300171,0.8736017346382141,3.0
265,0.0,0.0,1.0,1.0,0.0,0.0,0.0,0.0,0.0,0.0,0.0,0.0,0.0,0.0,0.9123588800430298,0.9195849299430847,0.9082406759262085,0.8985710144042969,0.9092812538146973,0.9140334725379944,0.901452898979187,0.8924180865287781,0.8940960168838501,0.9051839113235474,0.913856029510498,0.9096665382385254,0.8814208507537842,0.8764604330062866,1.0
266,0.0,0.0,0.0,1.0,1.0,0.0,0.0,0.0,0.0,0.0,0.0,1.0,1.0,0.0,0.9086148142814636,0.9115933775901794,0.9035755395889282,0.9000917673110962,0.9050418734550476,0.905475914478302,0.8919304013252258,0.8874144554138184,0.8913604021072388,0.9041397571563721,0.9133207201957703,0.9108974933624268,0.8824280500411987,0.8745422959327698,1.0
267,0.0,0.0,1.0,1.0,0.0,0.0,0.0,0.0,0.0,0.0,0.0,0.0,0.0,0.0,0.9101661443710327,0.9180960655212402,0.9062442183494568,0.896406888961792,0.9077651500701904,0.9131837487220764,0.9001104235649109,0.8908585906028748,0.8930609226226807,0.9035090208053589,0.9123954772949219,0.9094140529632568,0.881481945514679,0.8741250038146973,3.0
268,1.0,1.0,0.0,0.0,1.0,1.0,0.0,0.0,0.0,0.0,0.0,1.0,1.0,0.0,0.9105846285820007,0.9199032783508301,0.9098259210586548,0.9007708430290222,0.9093875288963318,0.9146099090576172,0.9011513590812683,0.8912323117256165,0.8932502865791321,0.905134379863739,0.9157116413116455,0.9123006463050842,0.8830116391181946,0.8750733733177185,4.0
269,0.0,1.0,1.0,0.0,0.0,0.0,0.0,0.0,0.0,0.0,0.0,1.0,1.0,0.0,0.9094643592834473,0.9204165935516357,0.9103792905807495,0.9020941853523254,0.9137846827507019,0.9175276160240173,0.9008216261863708,0.8913439512252808,0.8933827877044678,0.9064192175865173,0.9168121218681335,0.9131930470466614,0.8820245862007141,0.8706293702125549,2.0
270,0.0,1.0,1.0,0.0,0.0,0.0,0.0,0.0,0.0,0.0,0.0,1.0,1.0,0.0,0.905401885509491,0.9146641492843628,0.9045717120170593,0.899431586265564,0.9101959466934204,0.9151840209960938,0.9025335311889648,0.8916121125221252,0.8910859227180481,0.9048370122909546,0.9139974117279053,0.9085232615470886,0.8767557740211487,0.8684754371643066,1.0
271,0.0,0.0,0.0,1.0,1.0,0.0,0.0,0.0,0.0,0.0,0.0,1.0,1.0,0.0,0.8987779021263123,0.9067193865776062,0.9027525782585144,0.9094167947769165,0.9086251258850098,0.8989582061767578,0.881818950176239,0.8779053092002869,0.8818578124046326,0.8975232839584351,0.9099948406219482,0.9147250056266785,0.8810384273529053,0.8579582571983337,2.0
272,0.0,0.0,0.0,0.0,1.0,1.0,0.0,0.0,0.0,0.0,0.0,1.0,1.0,0.0,0.9088988304138184,0.9177249670028687,0.9091147184371948,0.9021282196044922,0.9071750640869141,0.9114819169044495,0.8977600336074829,0.8892209529876709,0.8902256488800049,0.903836727142334,0.9142928719520569,0.9107612371444702,0.8798794746398926,0.8707057237625122,1.0
273,0.0,0.0,0.0,0.0,0.0,0.0,1.0,1.0,0.0,0.0,0.0,1.0,1.0,0.0,0.9089678525924683,0.9157516360282898,0.9057751297950745,0.8987951278686523,0.9061557054519653,0.9108493328094482,0.8978098034858704,0.8890571594238281,0.8906969428062439,0.9029548168182373,0.9126770496368408,0.9093219041824341,0.8801126480102539,0.8698673844337463,2.0
274,0.0,0.0,0.0,0.0,0.0,0.0,0.0,0.0,0.0,1.0,1.0,1.0,1.0,0.0,0.9099044799804688,0.9185202121734619,0.9064803123474121,0.8988696932792664,0.9096471071243286,0.9158815741539001,0.9027749300003052,0.8919059038162231,0.8935263752937317,0.9071786999702454,0.9163791537284851,0.9102306365966797,0.8797826766967773,0.8726702332496643,2.0
275,0.0,0.0,1.0,1.0,0.0,0.0,0.0,0.0,0.0,0.0,0.0,1.0,1.0,0.0,0.910014271736145,0.9184078574180603,0.9075008034706116,0.8988357782363892,0.9086134433746338,0.9140040874481201,0.9008428454399109,0.8912256360054016,0.8927464485168457,0.9055441617965698,0.9149495363235474,0.909798800945282,0.879970371723175,0.8732042908668518,1.0
276,0.0,0.0,0.0,0.0,1.0,1.0,1.0,1.0,0.0,0.0,0.0,1.0,1.0,0.0,0.90831059217453,0.9163814187049866,0.9063588976860046,0.899970531463623,0.9054244160652161,0.9094838500022888,0.8963068127632141,0.8880346417427063,0.8905466794967651,0.9039720892906189,0.9130519032478333,0.9078587889671326,0.8778840899467468,0.8699978590011597,3.0
277,1.0,1.0,0.0,0.0,0.0,0.0,0.0,0.0,0.0,0.0,0.0,1.0,1.0,0.0,0.9096001386642456,0.9087077975273132,0.8964453935623169,0.894290566444397,0.8986575603485107,0.8999564051628113,0.8864589333534241,0.8835552930831909,0.8892592787742615,0.901407778263092,0.9088692665100098,0.9066426753997803,0.8795276880264282,0.8720548748970032,1.0
278,0.0,0.0,1.0,1.0,0.0,0.0,0.0,0.0,0.0,0.0,0.0,1.0,1.0,0.0,0.9115502834320068,0.9196591973304749,0.9085257649421692,0.8998150825500488,0.9097918272018433,0.9150866270065308,0.9025096893310547,0.8924847841262817,0.893890380859375,0.9067294001579285,0.915420651435852,0.9098864197731018,0.8808012008666992,0.8753178119659424,3.0
279,1.0,1.0,0.0,0.0,0.0,0.0,0.0,0.0,0.0,0.0,0.0,1.0,1.0,0.0,0.9117216467857361,0.9190323352813721,0.9055503010749817,0.8968241810798645,0.9117892384529114,0.9161593914031982,0.904288113117218,0.8938325047492981,0.8948737382888794,0.9053031802177429,0.9129252433776855,0.9061291217803955,0.8789517283439636,0.8764274716377258,0.0
280,0.0,1.0,1.0,0.0,0.0,0.0,0.0,0.0,1.0,1.0,0.0,1.0,1.0,0.0,0.9115660190582275,0.9195384383201599,0.9080600738525391,0.8988088369369507,0.910051703453064,0.9149402976036072,0.9014378786087036,0.8920480012893677,0.8934231400489807,0.9053351283073425,0.9142104983329773,0.9098266363143921,0.8812195062637329,0.8747541308403015,3.0
281,0.0,0.0,0.0,1.0,1.0,0.0,0.0,0.0,0.0,0.0,0.0,1.0,1.0,0.0,0.8989952206611633,0.9107280969619751,0.907580554485321,0.9111558198928833,0.909923255443573,0.9041808843612671,0.886663556098938,0.8807404637336731,0.8834103941917419,0.8988010287284851,0.9118627905845642,0.9145370125770569,0.8792291879653931,0.8565599918365479,0.0
282,0.0,0.0,1.0,1.0,0.0,0.0,0.0,0.0,0.0,0.0,0.0,1.0,1.0,0.0,0.9111586213111877,0.9185180068016052,0.9041779637336731,0.8962690830230713,0.9124997854232788,0.9171193242073059,0.9020088315010071,0.890726625919342,0.8926652073860168,0.9042279720306396,0.9134361147880554,0.9067981839179993,0.8772937059402466,0.8698866367340088,0.0
283,0.0,0.0,0.0,0.0,0.0,0.0,1.0,1.0,0.0,0.0,0.0,0.0,0.0,0.0,0.9112409353256226,0.9202585816383362,0.908049464225769,0.8978596329689026,0.910616397857666,0.9157311916351318,0.9019249081611633,0.8919532299041748,0.893005907535553,0.9043130874633789,0.9139041304588318,0.9096958041191101,0.8807684779167175,0.8736878037452698,1.0
284,0.0,0.0,0.0,0.0,1.0,1.0,1.0,1.0,0.0,0.0,0.0,1.0,1.0,0.0,0.9003350734710693,0.9038650393486023,0.8932017683982849,0.8895561695098877,0.8986802101135254,0.9003145694732666,0.8834331035614014,0.8768967390060425,0.8808134198188782,0.8897659182548523,0.9009305834770203,0.9055441617965698,0.8771435618400574,0.8580780625343323,4.0
285,0.0,0.0,0.0,0.0,1.0,1.0,0.0,0.0,0.0,0.0,0.0,1.0,1.0,0.0,0.9080564975738525,0.9174981117248535,0.9095292091369629,0.9033751487731934,0.9090877175331116,0.9115393757820129,0.897027850151062,0.889225959777832,0.8914621472358704,0.9053351283073425,0.9159181714057922,0.913074791431427,0.8821820020675659,0.8699211478233337,2.0
286,0.0,1.0,1.0,0.0,0.0,0.0,0.0,0.0,1.0,1.0,1.0,1.0,1.0,0.0,0.9122055768966675,0.919374942779541,0.9081308245658875,0.8991252183914185,0.9093372821807861,0.9143260717391968,0.9014725685119629,0.891961395740509,0.8937970399856567,0.9060360193252563,0.9153129458427429,0.9106274247169495,0.8814365863800049,0.8756245970726013,1.0
287,0.0,1.0,1.0,0.0,0.0,0.0,0.0,1.0,1.0,0.0,0.0,0.0,0.0,0.0,0.9048362374305725,0.9128787517547607,0.9051896333694458,0.902366578578949,0.9059411883354187,0.9074425101280212,0.8927837610244751,0.8854483366012573,0.8865613341331482,0.9005122184753418,0.9117810130119324,0.9087414741516113,0.8774756789207458,0.865992546081543,1.0
288,1.0,1.0,0.0,0.0,0.0,0.0,0.0,0.0,0.0,0.0,0.0,1.0,1.0,0.0,0.9123250246047974,0.9199719429016113,0.9069753885269165,0.8980374932289124,0.9105818867683411,0.9157208204269409,0.9016576409339905,0.8914325833320618,0.8935714960098267,0.9058828949928284,0.9151893258094788,0.910363495349884,0.8811218738555908,0.8730202317237854,2.0
289,0.0,1.0,1.0,1.0,1.0,1.0,0.0,0.0,0.0,0.0,0.0,1.0,1.0,0.0,0.895336925983429,0.9091147184371948,0.9079893231391907,0.9136620163917542,0.9108472466468811,0.9010379910469055,0.881991982460022,0.876885712146759,0.882778525352478,0.8989120721817017,0.913038432598114,0.915621280670166,0.8798189163208008,0.858439028263092,0.0
290,0.0,0.0,1.0,1.0,0.0,0.0,0.0,0.0,0.0,0.0,0.0,1.0,1.0,0.0,0.9118573665618896,0.9205573201179504,0.9092320203781128,0.9006297588348389,0.9103952646255493,0.9154809713363647,0.9030261635780334,0.8930318355560303,0.8939868211746216,0.9068641066551208,0.9161398410797119,0.9106370210647583,0.8814274668693542,0.8753991723060608,0.0
291,0.0,1.0,1.0,0.0,1.0,1.0,0.0,0.0,0.0,0.0,0.0,1.0,1.0,0.0,0.9078084826469421,0.9171573519706726,0.9035325646400452,0.8907662630081177,0.9064882397651672,0.9121648073196411,0.8999167084693909,0.8907662630081177,0.890988826751709,0.8997959494590759,0.9068813323974609,0.8994385004043579,0.8717054128646851,0.8688854575157166,0.0
292,0.0,0.0,0.0,1.0,1.0,0.0,0.0,0.0,0.0,0.0,0.0,1.0,1.0,0.0,0.9015794396400452,0.9154075384140015,0.9115858674049377,0.9101368188858032,0.9111242294311523,0.9097180962562561,0.8931386470794678,0.8844280242919922,0.8876987099647522,0.9016305208206177,0.9144946336746216,0.9132683277130127,0.879030168056488,0.8631539344787598,1.0
293,0.0,0.0,1.0,1.0,0.0,0.0,0.0,0.0,0.0,0.0,0.0,1.0,1.0,0.0,0.9111757278442383,0.9159479737281799,0.9062126874923706,0.8993073105812073,0.9062588214874268,0.9083723425865173,0.8967064619064331,0.891105592250824,0.8944230675697327,0.9045827388763428,0.9127498865127563,0.9093477129936218,0.8827804327011108,0.8784113526344299,4.0
294,0.0,0.0,0.0,0.0,1.0,1.0,0.0,0.0,0.0,0.0,0.0,1.0,1.0,0.0,0.9107717871665955,0.9156122803688049,0.9061471223831177,0.89910489320755,0.9057426452636719,0.9089844226837158,0.8969981074333191,0.8903730511665344,0.8927546143531799,0.9039720892906189,0.9132347106933594,0.9107845425605774,0.8833322525024414,0.8783606886863708,1.0
295,0.0,0.0,1.0,1.0,0.0,0.0,0.0,0.0,0.0,1.0,1.0,1.0,1.0,0.0,0.9105943441390991,0.9210704565048218,0.9085640907287598,0.8977429270744324,0.9097960591316223,0.9139748215675354,0.8998296856880188,0.890731692314148,0.893500566482544,0.9056484699249268,0.9147487282752991,0.9102763533592224,0.8804381489753723,0.871136486530304,2.0
296,0.0,0.0,0.0,0.0,1.0,1.0,0.0,0.0,0.0,0.0,0.0,1.0,1.0,0.0,0.9108858108520508,0.9210188388824463,0.9109494090080261,0.9022917151451111,0.9103302955627441,0.9159103035926819,0.9026156067848206,0.8922470808029175,0.8933197259902954,0.9068183302879333,0.9175923466682434,0.912739098072052,0.8821727633476257,0.8733844757080078,0.0
297,1.0,0.0,0.0,0.0,0.0,0.0,0.0,0.0,0.0,0.0,0.0,1.0,1.0,0.0,0.9120404720306396,0.9179189801216125,0.9066956639289856,0.897325873374939,0.9063688516616821,0.9113327264785767,0.8988843560218811,0.8917439579963684,0.8934651017189026,0.903989851474762,0.9128146767616272,0.9095564484596252,0.8824458718299866,0.8777724504470825,1.0
298,0.0,0.0,0.0,0.0,0.0,1.0,1.0,0.0,0.0,0.0,0.0,1.0,1.0,0.0,0.9118676781654358,0.9200342297554016,0.9082561135292053,0.899796724319458,0.9116405248641968,0.9162830710411072,0.9029935002326965,0.8927366733551025,0.8935521841049194,0.9057643413543701,0.9146376252174377,0.9090011715888977,0.8798472285270691,0.8755766153335571,0.0
299,0.0,0.0,1.0,1.0,0.0,0.0,0.0,0.0,0.0,0.0,0.0,1.0,1.0,0.0,0.9104381799697876,0.9184069633483887,0.906622588634491,0.8986737132072449,0.9104492664337158,0.9161918759346008,0.9023499488830566,0.8914095759391785,0.8929541110992432,0.9057295322418213,0.9153575897216797,0.9101738333702087,0.8796355128288269,0.8687540888786316,0.0
300,0.0,0.0,1.0,1.0,0.0,0.0,0.0,0.0,0.0,0.0,0.0,1.0,1.0,0.0,0.9119479656219482,0.9185237288475037,0.905681848526001,0.8978922963142395,0.9124374985694885,0.9168703556060791,0.9036715030670166,0.893166184425354,0.8942756652832031,0.9055325388908386,0.9136984348297119,0.9075406789779663,0.8794603943824768,0.8760265707969666,1.0
301,0.0,0.0,0.0,0.0,0.0,0.0,0.0,1.0,1.0,0.0,0.0,0.0,0.0,0.0,0.9119200706481934,0.9188441634178162,0.9064114093780518,0.8962075114250183,0.9088088870048523,0.9138080477714539,0.9010031819343567,0.8915539383888245,0.8935909271240234,0.9040957093238831,0.912105143070221,0.9071229696273804,0.8800190091133118,0.8733469247817993,4.0
302,1.0,1.0,0.0,0.0,0.0,0.0,0.0,0.0,0.0,0.0,0.0,1.0,1.0,0.0,0.9092385768890381,0.9172571301460266,0.9092085361480713,0.9022164344787598,0.9062227606773376,0.90953129529953,0.8955734372138977,0.8881070613861084,0.8898174166679382,0.9037157893180847,0.9138587117195129,0.9106218814849854,0.8809429407119751,0.8728510141372681,3.0
303,0.0,1.0,1.0,0.0,0.0,0.0,0.0,0.0,0.0,0.0,0.0,0.0,0.0,0.0,0.9119548201560974,0.9196865558624268,0.9082084894180298,0.8992795944213867,0.9102582931518555,0.9150470495223999,0.9023976922035217,0.8925384879112244,0.8938871622085571,0.9058105945587158,0.914245069026947,0.9089521169662476,0.8804668188095093,0.8757316470146179,0.0
304,0.0,0.0,0.0,1.0,1.0,0.0,0.0,0.0,0.0,0.0,0.0,1.0,1.0,0.0,0.9002460837364197,0.909138560295105,0.9057918190956116,0.9084686636924744,0.9086095094680786,0.9028254151344299,0.8861532211303711,0.8806086182594299,0.8837364912033081,0.8982445597648621,0.9107887148857117,0.9140000939369202,0.8804739117622375,0.8604726195335388,1.0
305,0.0,1.0,1.0,0.0,0.0,0.0,0.0,1.0,1.0,1.0,0.0,0.0,0.0,0.0,0.9118962287902832,0.9203748106956482,0.9085359573364258,0.9001051187515259,0.9122110605239868,0.9165180921554565,0.9029161930084229,0.8926441073417664,0.8937584757804871,0.9060360193252563,0.9150602221488953,0.9093008637428284,0.8804168105125427,0.8756689429283142,1.0
306,0.0,1.0,1.0,0.0,0.0,0.0,0.0,0.0,0.0,0.0,0.0,1.0,1.0,0.0,0.9068562388420105,0.9164474010467529,0.9019019603729248,0.8899022340774536,0.9078148603439331,0.9125261902809143,0.8985525369644165,0.889018714427948,0.8894345164299011,0.8990752100944519,0.9065457582473755,0.8988504409790039,0.8695371747016907,0.8642078638076782,1.0
307,0.0,0.0,1.0,1.0,0.0,0.0,0.0,0.0,0.0,0.0,0.0,1.0,1.0,0.0,0.9107968211174011,0.9155202507972717,0.9058279395103455,0.8986536860466003,0.9054498672485352,0.9086007475852966,0.8964674472808838,0.8897991180419922,0.8922552466392517,0.9048924446105957,0.9134816527366638,0.9092071652412415,0.8820140361785889,0.8790401220321655,0.0
308,1.0,1.0,0.0,0.0,0.0,1.0,1.0,0.0,0.0,1.0,1.0,1.0,1.0,0.0,0.909423828125,0.9172139763832092,0.9073926210403442,0.9004270434379578,0.9075983166694641,0.9123101830482483,0.8992934823036194,0.8902604579925537,0.8916195034980774,0.9048486948013306,0.9144096970558167,0.9097918272018433,0.8800011873245239,0.8730803728103638,1.0
309,0.0,0.0,1.0,1.0,0.0,0.0,0.0,0.0,0.0,0.0,0.0,1.0,1.0,0.0,0.9115353226661682,0.9205793142318726,0.908212423324585,0.8989983201026917,0.9113012552261353,0.9153247475624084,0.9008731245994568,0.891238808631897,0.8920300602912903,0.9036862850189209,0.9136475920677185,0.9083385467529297,0.8786845207214355,0.8711822032928467,1.0
310,1.0,1.0,0.0,0.0,0.0,0.0,0.0,0.0,0.0,0.0,0.0,0.0,0.0,0.0,0.9098102450370789,0.9113340973854065,0.9004042148590088,0.897800862789154,0.9014544486999512,0.9028983116149902,0.8891724944114685,0.8853175044059753,0.8888747692108154,0.9019219279289246,0.9112367630004883,0.9093078970909119,0.8809567093849182,0.8713685274124146,2.0
311,0.0,0.0,0.0,1.0,1.0,0.0,0.0,0.0,0.0,0.0,0.0,1.0,1.0,0.0,0.9119527339935303,0.9200393557548523,0.908013641834259,0.8986567854881287,0.9111228585243225,0.9155243635177612,0.9018258452415466,0.8919059038162231,0.8932777643203735,0.9041191935539246,0.9133368730545044,0.9075648188591003,0.8788506984710693,0.8734069466590881,1.0
312,0.0,0.0,0.0,1.0,1.0,0.0,0.0,0.0,0.0,0.0,0.0,1.0,1.0,0.0,0.9034277200698853,0.9150550365447998,0.9107329249382019,0.9091183543205261,0.9116445779800415,0.9103496670722961,0.8927739858627319,0.8853106498718262,0.8895145654678345,0.9040163159370422,0.915515124797821,0.9141998291015625,0.8802610635757446,0.8668910264968872,2.0
313,0.0,0.0,0.0,1.0,1.0,0.0,0.0,0.0,0.0,0.0,0.0,1.0,1.0,0.0,0.9027273058891296,0.9122055768966675,0.906855583190918,0.9044777750968933,0.9063223600387573,0.9073783755302429,0.8934715986251831,0.8855944275856018,0.8871482610702515,0.9004331231117249,0.9119418263435364,0.9102444648742676,0.877586841583252,0.8625037670135498,1.0
314,1.0,1.0,1.0,1.0,0.0,0.0,0.0,1.0,1.0,0.0,0.0,0.0,0.0,0.0,0.9118560552597046,0.9195610880851746,0.9082240462303162,0.8987613320350647,0.9089044332504272,0.9132589101791382,0.9005425572395325,0.8912864327430725,0.8934231400489807,0.9053525328636169,0.9142264127731323,0.9096261858940125,0.8809526562690735,0.8756172060966492,3.0
315,0.0,1.0,1.0,0.0,0.0,0.0,0.0,0.0,0.0,0.0,0.0,1.0,1.0,0.0,0.9114614129066467,0.9181429147720337,0.9083959460258484,0.8995097875595093,0.9081152081489563,0.9122951626777649,0.9004209637641907,0.8927691578865051,0.8952622413635254,0.9059117436408997,0.9140640497207642,0.9095453023910522,0.8819582462310791,0.8780414462089539,1.0
316,1.0,1.0,0.0,0.0,0.0,0.0,0.0,0.0,0.0,0.0,0.0,0.0,0.0,0.0,0.9109449982643127,0.917105495929718,0.9081293940544128,0.9006829857826233,0.9072129726409912,0.9101598858833313,0.8983374834060669,0.8912962675094604,0.8939546942710876,0.9062638282775879,0.9149758815765381,0.9113641977310181,0.8826431632041931,0.8772659301757812,1.0
317,0.0,0.0,0.0,1.0,1.0,0.0,0.0,0.0,0.0,0.0,0.0,1.0,1.0,0.0,0.9128470420837402,0.9188457727432251,0.9079233407974243,0.8982716798782349,0.9066189527511597,0.9113806486129761,0.8992228507995605,0.8912273645401001,0.8933035135269165,0.9056687951087952,0.9143487215042114,0.9099100232124329,0.8825461268424988,0.877692461013794,4.0
318,1.0,1.0,1.0,0.0,0.0,0.0,0.0,0.0,0.0,0.0,0.0,0.0,0.0,0.0,0.911565363407135,0.9211908578872681,0.9100725054740906,0.9010289311408997,0.9115886092185974,0.9167952537536621,0.9032515287399292,0.8930771946907043,0.8938887715339661,0.9062378406524658,0.9164467453956604,0.9121730327606201,0.8820298910140991,0.8747318983078003,1.0
319,0.0,0.0,1.0,1.0,1.0,1.0,1.0,0.0,0.0,0.0,0.0,1.0,1.0,0.0,0.9112436175346375,0.918572723865509,0.908862292766571,0.9008913040161133,0.9088109731674194,0.9106991291046143,0.8990967869758606,0.8922421336174011,0.8944903016090393,0.9064968824386597,0.9144282341003418,0.9102375507354736,0.8820850849151611,0.8766255378723145,2.0
320,0.0,0.0,0.0,0.0,1.0,1.0,1.0,1.0,1.0,0.0,0.0,1.0,1.0,0.0,0.9125410914421082,0.9205368161201477,0.9084887504577637,0.8982663154602051,0.9081916213035583,0.9131487607955933,0.9001256823539734,0.8913997411727905,0.8927139639854431,0.9050907492637634,0.914534330368042,0.9096553921699524,0.8805651664733887,0.8756874203681946,2.0
321,1.0,1.0,0.0,0.0,0.0,0.0,0.0,0.0,0.0,0.0,0.0,1.0,1.0,0.0,0.91138756275177,0.9201216101646423,0.9063544869422913,0.898967444896698,0.9145622253417969,0.9186597466468811,0.9035119414329529,0.8922943472862244,0.8939064741134644,0.9056455492973328,0.9150075316429138,0.9088538289070129,0.8788773417472839,0.8709079623222351,0.0
322,0.0,0.0,0.0,0.0,1.0,1.0,1.0,1.0,0.0,0.0,0.0,1.0,1.0,0.0,0.9113717079162598,0.918358325958252,0.9071590900421143,0.8975443243980408,0.9098976254463196,0.9142144918441772,0.9020447731018066,0.8931418657302856,0.895115852355957,0.9055412411689758,0.9130545854568481,0.907647967338562,0.8803927898406982,0.8772403001785278,1.0
323,0.0,0.0,0.0,0.0,0.0,0.0,0.0,0.0,0.0,0.0,0.0,1.0,1.0,0.0,0.91166090965271,0.9208444952964783,0.909092366695404,0.8995335102081299,0.9110280871391296,0.9149099588394165,0.9006336331367493,0.891230583190918,0.8929151296615601,0.905500590801239,0.9151050448417664,0.9095508456230164,0.8800623416900635,0.8747541308403015,2.0
324,0.0,1.0,1.0,0.0,0.0,0.0,0.0,0.0,0.0,0.0,0.0,0.0,0.0,0.0,0.9128970503807068,0.919880747795105,0.9085687398910522,0.8981220126152039,0.9074624180793762,0.9124294519424438,0.9006123542785645,0.8922030329704285,0.8940382599830627,0.9052478671073914,0.9143778085708618,0.910093367099762,0.8824477195739746,0.8784186244010925,0.0
325,0.0,0.0,1.0,1.0,0.0,0.0,0.0,0.0,0.0,0.0,0.0,1.0,1.0,0.0,0.9082552194595337,0.9171563386917114,0.9063458442687988,0.8991473913192749,0.9079524278640747,0.9134575128555298,0.9001668691635132,0.8903449177742004,0.8916490077972412,0.9061543345451355,0.9156225919723511,0.9095814824104309,0.8784801959991455,0.8702583909034729,2.0
326,0.0,1.0,1.0,0.0,1.0,1.0,1.0,1.0,1.0,0.0,0.0,1.0,1.0,0.0,0.912455141544342,0.9204941987991333,0.9087410569190979,0.9003198742866516,0.9112299680709839,0.9162271022796631,0.9030291438102722,0.8927204012870789,0.8946885466575623,0.907270073890686,0.9159390926361084,0.9103690385818481,0.8811423182487488,0.8758939504623413,2.0
327,0.0,0.0,1.0,1.0,0.0,0.0,0.0,0.0,0.0,0.0,0.0,0.0,0.0,0.0,0.9110693335533142,0.9167060256004333,0.9070287346839905,0.8998571634292603,0.9056100845336914,0.9100725054740906,0.897610604763031,0.890731692314148,0.8913226127624512,0.9041191935539246,0.9139147996902466,0.9113012552261353,0.8834823966026306,0.8771746754646301,2.0
328,0.0,0.0,0.0,0.0,1.0,1.0,1.0,1.0,0.0,0.0,0.0,1.0,1.0,0.0,0.9077637791633606,0.9180329442024231,0.9092925190925598,0.9026570916175842,0.9081293940544128,0.9131460785865784,0.8996521830558777,0.8901577591896057,0.8913669586181641,0.9057990908622742,0.9163349866867065,0.9114819169044495,0.8794766068458557,0.8694061636924744,2.0
329,0.0,0.0,0.0,1.0,1.0,0.0,0.0,1.0,1.0,0.0,0.0,0.0,0.0,0.0,0.9070658087730408,0.9173220992088318,0.9076764583587646,0.9007545113563538,0.9073519706726074,0.9126688838005066,0.899910569190979,0.8898174166679382,0.8909755349159241,0.9053292870521545,0.9156121015548706,0.9105790853500366,0.8786538243293762,0.8686187267303467,2.0
330,0.0,0.0,0.0,1.0,1.0,0.0,0.0,0.0,0.0,0.0,0.0,1.0,1.0,0.0,0.9029176831245422,0.9121295213699341,0.9076934456825256,0.9066688418388367,0.9086253046989441,0.9074211120605469,0.8918944597244263,0.8848312497138977,0.8869325518608093,0.9009426832199097,0.9127310514450073,0.9137238264083862,0.8816925287246704,0.8680332899093628,4.0
331,0.0,0.0,1.0,1.0,0.0,0.0,0.0,0.0,0.0,0.0,0.0,1.0,1.0,0.0,0.9075489044189453,0.9129734039306641,0.9036825895309448,0.8975487351417542,0.9048690795898438,0.9090138673782349,0.8968382477760315,0.8888596892356873,0.8903449177742004,0.9022693037986755,0.9117810130119324,0.9087399840354919,0.8807351589202881,0.8750325441360474,1.0
332,1.0,0.0,0.0,0.0,0.0,0.0,0.0,0.0,0.0,0.0,0.0,1.0,1.0,0.0,0.9124585390090942,0.9194790720939636,0.9087274074554443,0.8996097445487976,0.9080982208251953,0.9131030440330505,0.9005061388015747,0.8918061852455139,0.8935360908508301,0.9065831303596497,0.9156409502029419,0.9105404615402222,0.8821055889129639,0.8774446845054626,0.0
333,0.0,0.0,0.0,0.0,1.0,1.0,1.0,1.0,0.0,0.0,0.0,1.0,1.0,0.0,0.9117974042892456,0.9205106496810913,0.9070477485656738,0.8987540602684021,0.9114162921905518,0.9156972169876099,0.9018438458442688,0.8918110132217407,0.8925938010215759,0.9046587347984314,0.9141039848327637,0.9082777500152588,0.8789542317390442,0.8740876913070679,2.0
334,0.0,0.0,1.0,1.0,0.0,0.0,0.0,0.0,0.0,0.0,0.0,1.0,1.0,0.0,0.9117905497550964,0.9191907048225403,0.906063437461853,0.898396372795105,0.9124727249145508,0.9171141982078552,0.9031240344047546,0.8924636840820312,0.8940863609313965,0.9066749215126038,0.9154836535453796,0.9082608222961426,0.8795188665390015,0.8755840063095093,2.0
335,1.0,1.0,0.0,0.0,1.0,1.0,0.0,0.0,0.0,0.0,0.0,1.0,1.0,0.0,0.9115886092185974,0.918071985244751,0.9055724143981934,0.8964502215385437,0.9089689254760742,0.9145210385322571,0.9006822109222412,0.8901345133781433,0.8920561671257019,0.9042161703109741,0.9129036664962769,0.9084048271179199,0.8792757391929626,0.8706484436988831,4.0
336,0.0,0.0,0.0,0.0,1.0,1.0,1.0,1.0,0.0,0.0,0.0,1.0,1.0,0.0,0.907762348651886,0.9196425676345825,0.9098168611526489,0.9004650115966797,0.911280632019043,0.9154914617538452,0.8974733352661133,0.8885695934295654,0.8911253809928894,0.9057440161705017,0.9174408912658691,0.9147104024887085,0.8821004629135132,0.8671959042549133,3.0
337,1.0,0.0,0.0,0.0,0.0,0.0,0.0,0.0,0.0,0.0,0.0,1.0,1.0,0.0,0.9107252955436707,0.9143625497817993,0.9042837619781494,0.8971255421638489,0.9023103713989258,0.9056861400604248,0.8928032517433167,0.8880009055137634,0.8902654647827148,0.9025410413742065,0.912140429019928,0.909795343875885,0.8823986053466797,0.8784729242324829,4.0
338,1.0,1.0,0.0,0.0,0.0,0.0,0.0,0.0,1.0,1.0,1.0,0.0,0.0,0.0,0.9110274910926819,0.9191766381263733,0.9052668213844299,0.8965256810188293,0.9119704365730286,0.9156264662742615,0.9015764594078064,0.8908981680870056,0.8908849954605103,0.9029667377471924,0.9118274450302124,0.9055694937705994,0.8769403696060181,0.8730992078781128,3.0
339,1.0,1.0,0.0,0.0,0.0,0.0,0.0,0.0,0.0,0.0,0.0,0.0,0.0,0.0,0.9102368354797363,0.9153061509132385,0.9032819867134094,0.8949136137962341,0.9078134894371033,0.9129952788352966,0.9011679291725159,0.8922780156135559,0.8952018618583679,0.9051896333694458,0.9127984642982483,0.9080005884170532,0.8803591728210449,0.8746799230575562,1.0
340,0.0,0.0,1.0,1.0,0.0,0.0,0.0,0.0,0.0,1.0,1.0,1.0,1.0,0.0,0.9107815027236938,0.9156899452209473,0.9046938419342041,0.8962575793266296,0.9063531160354614,0.9108781814575195,0.8974640369415283,0.8889818787574768,0.8915081024169922,0.9026513695716858,0.9115297794342041,0.9086921811103821,0.8808664083480835,0.8733168840408325,4.0
341,0.0,0.0,0.0,0.0,1.0,1.0,1.0,1.0,0.0,0.0,0.0,1.0,1.0,0.0,0.9107528924942017,0.9198551774024963,0.9086520671844482,0.9010742902755737,0.9103178381919861,0.9158161878585815,0.9023230671882629,0.8917800188064575,0.8936730623245239,0.9066634774208069,0.9163740277290344,0.9113327264785767,0.8807200193405151,0.8713722825050354,2.0
342,1.0,1.0,1.0,1.0,0.0,0.0,0.0,0.0,0.0,0.0,0.0,1.0,1.0,0.0,0.9114805459976196,0.917789101600647,0.9064034223556519,0.8982252478599548,0.9080629348754883,0.9130492210388184,0.9003540873527527,0.8909870982170105,0.8931111097335815,0.905349612236023,0.9143034815788269,0.909267246723175,0.8804530501365662,0.8742965459823608,0.0
343,1.0,1.0,1.0,1.0,0.0,0.0,0.0,0.0,0.0,0.0,0.0,1.0,1.0,0.0,0.9111195206642151,0.918179452419281,0.9079240560531616,0.8993107676506042,0.908399224281311,0.9134400486946106,0.901341438293457,0.8922975659370422,0.8933101296424866,0.9051955342292786,0.9141492247581482,0.9102693200111389,0.8818778991699219,0.8772659301757812,1.0
344,0.0,0.0,0.0,0.0,0.0,0.0,0.0,0.0,0.0,0.0,0.0,1.0,1.0,0.0,0.911331295967102,0.9189001321792603,0.9068228006362915,0.8959683775901794,0.9074097275733948,0.9120956063270569,0.8997623920440674,0.8917471766471863,0.8935295939445496,0.9031893014907837,0.9104409217834473,0.906433641910553,0.8798202872276306,0.876552164554596,1.0
345,0.0,0.0,0.0,0.0,0.0,0.0,0.0,1.0,1.0,0.0,0.0,0.0,0.0,0.0,0.911552369594574,0.9190720915794373,0.9062266945838928,0.8960323333740234,0.9087414741516113,0.9127107858657837,0.9002962708473206,0.8913110494613647,0.8920724987983704,0.903257429599762,0.9105376601219177,0.9045161008834839,0.8777857422828674,0.8740951418876648,3.0
346,0.0,0.0,0.0,0.0,0.0,0.0,0.0,0.0,0.0,1.0,1.0,0.0,0.0,0.0,0.9122537970542908,0.9201474785804749,0.9070947170257568,0.8982212543487549,0.9113231301307678,0.9156684279441833,0.9017868638038635,0.8914703130722046,0.8927886486053467,0.9051430821418762,0.9138854146003723,0.907705545425415,0.8789740204811096,0.8746203780174255,2.0
347,0.0,0.0,0.0,0.0,0.0,0.0,1.0,1.0,0.0,0.0,0.0,1.0,1.0,0.0,0.9076359272003174,0.9179189801216125,0.9078269600868225,0.9016106724739075,0.9110528826713562,0.9160656332969666,0.9022558331489563,0.8917079567909241,0.8932470679283142,0.9064221382141113,0.9164623618125916,0.9105044603347778,0.8788353204727173,0.8701205849647522,3.0
348,0.0,1.0,1.0,1.0,0.0,0.0,0.0,0.0,0.0,0.0,0.0,0.0,0.0,0.0,0.9124510884284973,0.9203855991363525,0.9088836312294006,0.8989375233650208,0.9091889262199402,0.9139814972877502,0.9019788503646851,0.8934376239776611,0.8946821689605713,0.9062897562980652,0.9144574403762817,0.9094615578651428,0.881820559501648,0.8768418431282043,2.0
349,0.0,0.0,1.0,1.0,0.0,0.0,0.0,0.0,0.0,0.0,0.0,1.0,1.0,0.0,0.9112004637718201,0.9191697835922241,0.9060546159744263,0.8964800834655762,0.911041796207428,0.9156500697135925,0.9022439122200012,0.8925368189811707,0.8940125107765198,0.9055383205413818,0.9135539531707764,0.9074609279632568,0.8789219856262207,0.8742928504943848,3.0
350,1.0,1.0,1.0,1.0,0.0,0.0,0.0,0.0,0.0,0.0,0.0,1.0,1.0,0.0,0.9103202819824219,0.9159765839576721,0.9053518176078796,0.8983280658721924,0.9062299132347107,0.9111531376838684,0.8981174230575562,0.8894245028495789,0.8908388614654541,0.9032781720161438,0.9127769470214844,0.9096108078956604,0.8811250329017639,0.8740167021751404,0.0
351,0.0,0.0,0.0,1.0,1.0,0.0,0.0,0.0,0.0,0.0,0.0,1.0,1.0,0.0,0.8937697410583496,0.9066519737243652,0.9059089422225952,0.9123935103416443,0.9096102714538574,0.9000158905982971,0.8827855587005615,0.8773443698883057,0.880998432636261,0.89649897813797,0.9096108078956604,0.9138453602790833,0.8781431317329407,0.8548097610473633,1.0
352,0.0,1.0,1.0,0.0,0.0,0.0,0.0,0.0,0.0,0.0,0.0,1.0,1.0,0.0,0.9110658764839172,0.9199038743972778,0.9079074263572693,0.8997026681900024,0.9114162921905518,0.9154376983642578,0.9015312790870667,0.8913226127624512,0.8920823335647583,0.9040574431419373,0.9144494533538818,0.909866988658905,0.880023181438446,0.8727343082427979,1.0
353,1.0,1.0,1.0,1.0,0.0,0.0,0.0,0.0,0.0,0.0,0.0,1.0,1.0,0.0,0.9112271666526794,0.9184540510177612,0.9057031273841858,0.8977631330490112,0.9121227860450745,0.9164896011352539,0.9029815196990967,0.892289400100708,0.8928827047348022,0.9045416712760925,0.9125579595565796,0.9062947630882263,0.8774856925010681,0.8737589120864868,0.0
354,0.0,1.0,1.0,1.0,0.0,0.0,0.0,0.0,0.0,0.0,0.0,1.0,1.0,0.0,0.9109779000282288,0.9171060919761658,0.9022027254104614,0.8920741081237793,0.9088791012763977,0.9144162535667419,0.9018003344535828,0.8927757143974304,0.8944966793060303,0.9035740494728088,0.91087406873703,0.9041846394538879,0.8773968815803528,0.8728886246681213,0.0
355,0.0,1.0,1.0,0.0,0.0,0.0,0.0,0.0,0.0,0.0,0.0,1.0,1.0,0.0,0.9077069163322449,0.9180349111557007,0.9035532474517822,0.8927496671676636,0.9088174104690552,0.9132012128829956,0.895233690738678,0.8854121565818787,0.889616072177887,0.9020747542381287,0.9126770496368408,0.9102444648742676,0.8792828321456909,0.8613698482513428,2.0
356,1.0,1.0,1.0,0.0,0.0,0.0,0.0,0.0,1.0,1.0,0.0,1.0,1.0,0.0,0.9110233187675476,0.9175276160240173,0.9045307040214539,0.8954512476921082,0.9087751507759094,0.9137371778488159,0.9016876816749573,0.8921329379081726,0.8946470618247986,0.9053235054016113,0.9123954772949219,0.9059494137763977,0.8791910409927368,0.872542142868042,4.0
357,0.0,1.0,1.0,0.0,0.0,0.0,0.0,0.0,0.0,0.0,0.0,1.0,1.0,0.0,0.9090845584869385,0.9173908233642578,0.9026451110839844,0.8928956985473633,0.9101876616477966,0.9147222638130188,0.9001699090003967,0.8894546031951904,0.8894729018211365,0.9006184339523315,0.9089338779449463,0.902121901512146,0.8736822009086609,0.8699249625205994,3.0
358,0.0,0.0,0.0,0.0,1.0,1.0,1.0,1.0,0.0,0.0,0.0,1.0,1.0,0.0,0.9102686643600464,0.9177854061126709,0.9026479721069336,0.8926213383674622,0.9101114273071289,0.9147197008132935,0.9001774787902832,0.8900930285453796,0.8903299570083618,0.9005273580551147,0.908585250377655,0.9026274681091309,0.8742832541465759,0.8688005208969116,1.0
359,0.0,0.0,0.0,0.0,1.0,1.0,0.0,0.0,0.0,0.0,0.0,1.0,1.0,0.0,0.9122083783149719,0.9199768900871277,0.908284604549408,0.8983653783798218,0.9089801907539368,0.9135525822639465,0.9007124304771423,0.8920789957046509,0.8942340016365051,0.9055441617965698,0.9136637449264526,0.9088032841682434,0.8809844255447388,0.876449465751648,3.0
360,0.0,1.0,1.0,0.0,0.0,0.0,0.0,0.0,0.0,0.0,0.0,1.0,1.0,0.0,0.9120425581932068,0.9200984239578247,0.907171368598938,0.8976401686668396,0.9116978049278259,0.9164286255836487,0.9033640623092651,0.8936021327972412,0.8945798873901367,0.9044566750526428,0.9129118323326111,0.9079283475875854,0.8798912763595581,0.8761296272277832,1.0
361,1.0,1.0,0.0,0.0,1.0,1.0,0.0,0.0,0.0,0.0,0.0,1.0,1.0,0.0,0.9115106463432312,0.9207650423049927,0.9087356925010681,0.8997172117233276,0.9125255346298218,0.917505145072937,0.9026960134506226,0.8921982049942017,0.8937133550643921,0.9060129523277283,0.9157351851463318,0.909844696521759,0.879976212978363,0.872794508934021,0.0
362,1.0,0.0,0.0,0.0,0.0,1.0,1.0,0.0,0.0,0.0,1.0,1.0,0.0,0.0,0.9112915992736816,0.9185618162155151,0.906453013420105,0.8985293507575989,0.9114969968795776,0.9153405427932739,0.9019428491592407,0.8913866281509399,0.8933455944061279,0.9060591459274292,0.9137198328971863,0.90731281042099,0.8785499334335327,0.874958336353302,3.0
363,0.0,0.0,0.0,0.0,1.0,1.0,1.0,1.0,1.0,0.0,0.0,1.0,1.0,0.0,0.9105805158615112,0.9165711998939514,0.9034484028816223,0.8943566083908081,0.9077779650688171,0.9128915667533875,0.9008640050888062,0.8918666839599609,0.8945926427841187,0.9053699970245361,0.9134682416915894,0.9081845283508301,0.880956768989563,0.8740391135215759,2.0
364,0.0,0.0,0.0,1.0,1.0,0.0,0.0,0.0,0.0,0.0,0.0,1.0,1.0,0.0,0.9112415313720703,0.916867733001709,0.9073697328567505,0.8993955254554749,0.9059580564498901,0.9091189503669739,0.8963729739189148,0.8900632262229919,0.8931904435157776,0.9055673480033875,0.914523720741272,0.9110528826713562,0.882701575756073,0.8771161437034607,3.0
365,1.0,0.0,0.0,0.0,0.0,0.0,0.0,0.0,0.0,0.0,0.0,1.0,1.0,0.0,0.9124266505241394,0.9190199971199036,0.9078496694564819,0.8991413712501526,0.9083850383758545,0.9129656553268433,0.9001500606536865,0.8914194107055664,0.8926262855529785,0.9045650362968445,0.9145528674125671,0.9110170602798462,0.8820813894271851,0.8754213452339172,1.0
366,0.0,1.0,1.0,1.0,0.0,0.0,0.0,0.0,0.0,0.0,0.0,0.0,0.0,0.0,0.9124964475631714,0.9201945066452026,0.9086190462112427,0.8985803723335266,0.909482479095459,0.9143725037574768,0.9012961983680725,0.8922519087791443,0.8937294483184814,0.9050790071487427,0.9137812852859497,0.9092715382575989,0.8808258771896362,0.8751400709152222,1.0
367,1.0,1.0,0.0,0.0,0.0,0.0,0.0,0.0,0.0,0.0,0.0,0.0,0.0,0.0,0.9124517440795898,0.9195907711982727,0.9089085459709167,0.8997409343719482,0.9081293940544128,0.9128511548042297,0.9003845453262329,0.8923512697219849,0.8935102224349976,0.9057846069335938,0.914642870426178,0.9105113744735718,0.8819255828857422,0.8772220611572266,0.0
368,0.0,0.0,0.0,0.0,0.0,0.0,0.0,0.0,0.0,0.0,0.0,1.0,1.0,0.0,0.9117435812950134,0.9203828573226929,0.9094451069831848,0.9000563621520996,0.9087091088294983,0.9143487215042114,0.9016666412353516,0.8920348882675171,0.89267498254776,0.9059609770774841,0.9163038730621338,0.9123277068138123,0.8828110098838806,0.8750733733177185,0.0
369,0.0,0.0,0.0,1.0,1.0,0.0,0.0,0.0,0.0,0.0,0.0,1.0,1.0,0.0,0.9110562801361084,0.918543815612793,0.9066828489303589,0.8952717781066895,0.905660092830658,0.9110583662986755,0.8994684219360352,0.8915277123451233,0.8933101296424866,0.9032278060913086,0.9118546843528748,0.9079758524894714,0.8807119727134705,0.8756504654884338,4.0
370,1.0,1.0,1.0,0.0,1.0,1.0,1.0,1.0,0.0,0.0,0.0,1.0,1.0,0.0,0.9118533134460449,0.9202842116355896,0.9084052443504333,0.9003046154975891,0.9110885262489319,0.9169748425483704,0.9036287665367126,0.8930107355117798,0.8942436575889587,0.9072757363319397,0.916793942451477,0.9113532900810242,0.8814545273780823,0.8741921782493591,2.0
371,1.0,1.0,0.0,0.0,0.0,0.0,0.0,0.0,0.0,0.0,0.0,0.0,0.0,0.0,0.9111321568489075,0.9161795973777771,0.9058828949928284,0.8978202939033508,0.9052202105522156,0.9099280834197998,0.8973453640937805,0.8907002806663513,0.8918666839599609,0.9046469926834106,0.9134816527366638,0.9095808267593384,0.8819172382354736,0.8758460283279419,2.0
372,0.0,0.0,0.0,1.0,1.0,0.0,0.0,0.0,0.0,0.0,0.0,1.0,1.0,0.0,0.896210789680481,0.9098711609840393,0.907681405544281,0.9130189418792725,0.9109538793563843,0.9016456604003906,0.8832111358642578,0.87813401222229,0.8833282589912415,0.8990383148193359,0.9121540188789368,0.9152143001556396,0.8806380033493042,0.8593820929527283,3.0
373,0.0,1.0,1.0,0.0,0.0,0.0,0.0,0.0,0.0,0.0,0.0,0.0,0.0,0.0,0.9117209911346436,0.9199729561805725,0.9080225229263306,0.9007291793823242,0.9131272435188293,0.9177089929580688,0.903989851474762,0.8927966952323914,0.8944103121757507,0.9072614312171936,0.9167759418487549,0.910853385925293,0.8812111020088196,0.8760964870452881,3.0
374,0.0,0.0,0.0,1.0,1.0,0.0,0.0,0.0,0.0,0.0,0.0,1.0,1.0,0.0,0.9042279720306396,0.9152919054031372,0.910686731338501,0.9072290062904358,0.9088254570960999,0.908758282661438,0.8928583860397339,0.8853106498718262,0.8877646327018738,0.9018709063529968,0.9140454530715942,0.9137692451477051,0.8804426789283752,0.8645734786987305,1.0
375,1.0,1.0,0.0,0.0,0.0,0.0,0.0,0.0,0.0,0.0,0.0,1.0,1.0,0.0,0.9127209186553955,0.9195276498794556,0.9080939888954163,0.8985285758972168,0.9075847268104553,0.912306010723114,0.8999761939048767,0.8918829560279846,0.8939064741134644,0.9070272445678711,0.9151261448860168,0.9095333814620972,0.881054699420929,0.8756024837493896,2.0
376,0.0,1.0,1.0,0.0,0.0,0.0,1.0,1.0,1.0,0.0,0.0,0.0,0.0,0.0,0.9114532470703125,0.9189779162406921,0.9075939655303955,0.89875328540802,0.9095675945281982,0.9144667387008667,0.9023888111114502,0.8927204012870789,0.8945510983467102,0.907452404499054,0.9154258966445923,0.9102306365966797,0.8817257285118103,0.876423716545105,2.0
377,1.0,1.0,0.0,0.0,0.0,0.0,0.0,0.0,0.0,0.0,0.0,0.0,0.0,0.0,0.9110429286956787,0.9156444668769836,0.9056614637374878,0.8977110385894775,0.905401885509491,0.9094684720039368,0.8970075249671936,0.8905251622200012,0.8924636840820312,0.9031566977500916,0.9128552079200745,0.9104063510894775,0.8819752931594849,0.8759602308273315,1.0
378,0.0,0.0,0.0,1.0,1.0,0.0,0.0,0.0,0.0,0.0,0.0,1.0,1.0,0.0,0.8973563313484192,0.91118323802948,0.9093050360679626,0.9135598540306091,0.9120656251907349,0.9034321904182434,0.8837766051292419,0.8781158924102783,0.8840897083282471,0.9004027843475342,0.9142556190490723,0.9168986678123474,0.8814747929573059,0.861359715461731,4.0
379,0.0,0.0,0.0,1.0,1.0,0.0,0.0,0.0,0.0,0.0,0.0,1.0,1.0,0.0,0.9127904176712036,0.9189826846122742,0.908049464225769,0.8997822403907776,0.9092421531677246,0.912028968334198,0.8989983201026917,0.8910249471664429,0.8927010297775269,0.904985785484314,0.9139574766159058,0.9099024534225464,0.881303608417511,0.8766512274742126,4.0
380,0.0,0.0,1.0,1.0,0.0,0.0,0.0,0.0,0.0,0.0,0.0,1.0,1.0,0.0,0.9101628661155701,0.9134865403175354,0.9045562744140625,0.8986239433288574,0.9041280746459961,0.9065501093864441,0.894515872001648,0.8888546228408813,0.8920447826385498,0.9043336510658264,0.9136770367622375,0.9105846285820007,0.8826891183853149,0.8784583806991577,1.0
381,0.0,0.0,0.0,1.0,1.0,0.0,0.0,0.0,0.0,0.0,0.0,1.0,1.0,0.0,0.9119098782539368,0.9202401041984558,0.9079275727272034,0.8994776010513306,0.9112957119941711,0.9152024984359741,0.901477038860321,0.8916047215461731,0.8921182155609131,0.9040750861167908,0.914245069026947,0.9091329574584961,0.8794671893119812,0.8727869987487793,1.0
382,0.0,1.0,1.0,0.0,0.0,0.0,0.0,1.0,1.0,0.0,0.0,1.0,1.0,0.0,0.9111146330833435,0.9170586466789246,0.9062623381614685,0.8976993560791016,0.9082523584365845,0.912591814994812,0.9005151987075806,0.8920741081237793,0.8947396874427795,0.9056310653686523,0.9135780334472656,0.9088826775550842,0.8813678622245789,0.876991868019104,1.0
383,0.0,0.0,0.0,0.0,0.0,0.0,1.0,1.0,0.0,0.0,0.0,1.0,1.0,0.0,0.9113587737083435,0.9207990169525146,0.9106584787368774,0.9014153480529785,0.9098752737045288,0.9155033826828003,0.9024694561958313,0.8926100134849548,0.8935635089874268,0.9072386622428894,0.9174357652664185,0.9123954772949219,0.8822973370552063,0.8751029968261719,0.0
384,0.0,1.0,1.0,1.0,0.0,0.0,0.0,0.0,0.0,0.0,0.0,1.0,1.0,0.0,0.9028329253196716,0.9147791266441345,0.907993495464325,0.9044908285140991,0.9099797010421753,0.9126891493797302,0.8980040550231934,0.8881610035896301,0.8889015316963196,0.9024246335029602,0.9143539667129517,0.911313533782959,0.8783080577850342,0.8674534559249878,3.0
385,1.0,0.0,1.0,1.0,0.0,0.0,0.0,0.0,0.0,0.0,0.0,0.0,0.0,0.0,0.9124199151992798,0.9210104942321777,0.9085583090782166,0.8992681503295898,0.9103994369506836,0.9150444865226746,0.901813805103302,0.892543375492096,0.8935779929161072,0.9063875675201416,0.9147064089775085,0.9093022346496582,0.8810176849365234,0.8764861822128296,2.0
386,1.0,1.0,0.0,0.0,1.0,1.0,0.0,0.0,0.0,0.0,0.0,1.0,1.0,0.0,0.9114573001861572,0.9207016825675964,0.9095282554626465,0.9015289545059204,0.9122287034988403,0.916835367679596,0.9029607176780701,0.8924652934074402,0.8935877084732056,0.9070987701416016,0.9169077277183533,0.9117319583892822,0.8816908001899719,0.8755728602409363,3.0
387,0.0,0.0,0.0,0.0,1.0,1.0,1.0,1.0,0.0,0.0,0.0,0.0,0.0,0.0,0.9120873808860779,0.919964075088501,0.9071071147918701,0.8972578644752502,0.9107115864753723,0.915929913520813,0.9038057327270508,0.8938067555427551,0.8950840830802917,0.9057295322418213,0.9137439727783203,0.907832682132721,0.880001962184906,0.8770320415496826,0.0
388,1.0,1.0,0.0,1.0,1.0,0.0,0.0,0.0,0.0,0.0,0.0,1.0,1.0,0.0,0.9112237095832825,0.9183542728424072,0.9051187634468079,0.8967300057411194,0.9114655256271362,0.9153602719306946,0.9013354182243347,0.8908371329307556,0.8929249048233032,0.9044860601425171,0.9126337170600891,0.9060706496238708,0.8780525922775269,0.8740242123603821,3.0
389,0.0,0.0,0.0,0.0,0.0,0.0,0.0,0.0,0.0,0.0,0.0,1.0,1.0,0.0,0.9126012921333313,0.9209686517715454,0.9092421531677246,0.8995135426521301,0.9099434018135071,0.9138961434364319,0.9004331231117249,0.8914047479629517,0.8929086327552795,0.9058048725128174,0.9145926237106323,0.9090054035186768,0.8801247477531433,0.876379668712616,3.0
390,1.0,1.0,0.0,0.0,1.0,1.0,0.0,0.0,0.0,0.0,0.0,0.0,0.0,0.0,0.9119533896446228,0.9197872877120972,0.9061745405197144,0.8989267349243164,0.9130734205245972,0.9182195663452148,0.9039633274078369,0.8925465941429138,0.8943493366241455,0.9063386917114258,0.9153524041175842,0.9092994928359985,0.880841076374054,0.8756024837493896,2.0
391,0.0,0.0,0.0,0.0,1.0,1.0,0.0,0.0,0.0,1.0,1.0,1.0,1.0,0.0,0.9108052253723145,0.9174566268920898,0.9056933522224426,0.8965225219726562,0.9078758955001831,0.9132912158966064,0.9010153412818909,0.8918323516845703,0.8937520384788513,0.9036390781402588,0.9122246503829956,0.9088945984840393,0.881620466709137,0.8753659129142761,4.0
392,0.0,1.0,1.0,0.0,0.0,0.0,0.0,0.0,0.0,0.0,0.0,0.0,0.0,0.0,0.91004478931427,0.9171068072319031,0.9057150483131409,0.8942877054214478,0.9035534262657166,0.9091356992721558,0.8979341983795166,0.8910924792289734,0.8934973478317261,0.9021974802017212,0.9101197123527527,0.9066433906555176,0.8798812031745911,0.8751919269561768,4.0
393,0.0,0.0,1.0,1.0,0.0,0.0,0.0,0.0,0.0,0.0,0.0,0.0,0.0,0.0,0.9124897122383118,0.9196164608001709,0.9074282646179199,0.8983824253082275,0.9106742739677429,0.9147183895111084,0.9018108248710632,0.8922632932662964,0.8932065963745117,0.9051198363304138,0.9131594896316528,0.9072714447975159,0.8790074586868286,0.8757611513137817,1.0
394,1.0,1.0,1.0,1.0,0.0,0.0,0.0,0.0,0.0,0.0,0.0,1.0,1.0,0.0,0.9114558696746826,0.9181677103042603,0.9068447947502136,0.897323489189148,0.9087526798248291,0.9133877754211426,0.9011362791061401,0.8925075531005859,0.89427250623703,0.9054454565048218,0.9133716225624084,0.9084711074829102,0.8811758160591125,0.8772695660591125,1.0
395,1.0,1.0,1.0,0.0,0.0,0.0,0.0,0.0,0.0,1.0,1.0,1.0,1.0,0.0,0.91200852394104,0.9191901087760925,0.908305287361145,0.8987069725990295,0.9081279635429382,0.9118655920028687,0.899431586265564,0.8917177319526672,0.8945255279541016,0.9059609770774841,0.9135003685951233,0.9083483815193176,0.8809621334075928,0.8772950768470764,3.0
396,0.0,0.0,0.0,0.0,1.0,1.0,0.0,1.0,1.0,0.0,0.0,0.0,0.0,0.0,0.9114162921905518,0.9186703562736511,0.9059963226318359,0.8980281949043274,0.9102278351783752,0.9150853157043457,0.9017177224159241,0.8917521238327026,0.8933165073394775,0.9064796566963196,0.9145635366439819,0.9090671539306641,0.8796225786209106,0.8754509687423706,4.0
397,0.0,0.0,1.0,1.0,0.0,0.0,0.0,0.0,0.0,0.0,0.0,1.0,1.0,1.0,0.9105997681617737,0.9182924628257751,0.9057161211967468,0.8953226208686829,0.9087751507759094,0.9139854907989502,0.9013383984565735,0.8914735913276672,0.892957329750061,0.9032486081123352,0.9115380048751831,0.9058474898338318,0.8784981369972229,0.8713304996490479,4.0
398,1.0,1.0,0.0,0.0,0.0,0.0,0.0,0.0,0.0,0.0,0.0,0.0,0.0,0.0,0.9102309346199036,0.9129678606987,0.9025812149047852,0.896956205368042,0.9028671383857727,0.9060273170471191,0.8936521410942078,0.8882367014884949,0.8911467790603638,0.9029577970504761,0.9117374420166016,0.9086893796920776,0.8818368315696716,0.8779615163803101,1.0
399,0.0,1.0,1.0,0.0,1.0,1.0,0.0,0.0,0.0,0.0,0.0,1.0,1.0,0.0,0.9115079045295715,0.9189919233322144,0.9048705697059631,0.8969103693962097,0.9120397567749023,0.9165427684783936,0.9016335010528564,0.8908026218414307,0.8919450640678406,0.9040516018867493,0.9132052063941956,0.90716153383255,0.8774200677871704,0.8698866367340088,4.0
400,0.0,0.0,1.0,1.0,0.0,0.0,1.0,1.0,0.0,0.0,0.0,1.0,1.0,0.0,0.9124997854232788,0.9197696447372437,0.9085165858268738,0.8991398811340332,0.9091931581497192,0.914290189743042,0.9019908905029297,0.8925384879112244,0.8945510983467102,0.906226396560669,0.9144017100334167,0.9092015624046326,0.8811777830123901,0.8761737942695618,4.0
401,0.0,0.0,0.0,0.0,1.0,1.0,0.0,0.0,0.0,1.0,1.0,1.0,1.0,0.0,0.9067208766937256,0.9139494299888611,0.908318042755127,0.904354989528656,0.9078084826469421,0.9074311256408691,0.894631028175354,0.8888629674911499,0.8919353485107422,0.9050993919372559,0.915420651435852,0.913401186466217,0.883293628692627,0.872978925704956,2.0
402,0.0,0.0,0.0,1.0,1.0,0.0,0.0,0.0,0.0,0.0,0.0,1.0,1.0,0.0,0.8960102200508118,0.9089310169219971,0.9049463868141174,0.9067938923835754,0.9078963994979858,0.9055484533309937,0.8896593451499939,0.8823726177215576,0.8833125233650208,0.8970983624458313,0.909460186958313,0.9100198149681091,0.8749213218688965,0.8536189198493958,0.0
403,0.0,0.0,0.0,0.0,1.0,1.0,0.0,0.0,0.0,0.0,0.0,1.0,1.0,0.0,0.9107149243354797,0.9181699156761169,0.9051833152770996,0.894821047782898,0.9080912470817566,0.9142104983329773,0.9014137983322144,0.8915966153144836,0.8933455944061279,0.9025142192840576,0.9112860560417175,0.9077467918395996,0.8800379633903503,0.8718769550323486,4.0
404,0.0,0.0,1.0,1.0,0.0,0.0,0.0,0.0,0.0,0.0,0.0,1.0,1.0,0.0,0.9099857211112976,0.9185823798179626,0.9051944613456726,0.8949853181838989,0.9100503325462341,0.9144786596298218,0.9005683660507202,0.8901891708374023,0.8908454775810242,0.902083694934845,0.9106784462928772,0.9048676490783691,0.8762623071670532,0.8718996047973633,3.0
405,1.0,0.0,0.0,0.0,0.0,1.0,1.0,1.0,0.0,0.0,0.0,1.0,1.0,0.0,0.910603940486908,0.9173585176467896,0.9062321782112122,0.8981473445892334,0.9074937105178833,0.9121010303497314,0.8990475535392761,0.8896811008453369,0.8919172883033752,0.9041985273361206,0.913446843624115,0.9096442461013794,0.8811610341072083,0.8724477887153625,2.0
406,1.0,1.0,0.0,0.0,0.0,0.0,0.0,0.0,0.0,0.0,0.0,1.0,1.0,0.0,0.9105687141418457,0.9191727638244629,0.9064503908157349,0.8958569169044495,0.9087653160095215,0.9143964648246765,0.900566816329956,0.8903697729110718,0.8926066756248474,0.9041045308113098,0.9135512709617615,0.9084288477897644,0.8785995244979858,0.869736909866333,0.0
407,0.0,0.0,0.0,0.0,1.0,1.0,1.0,1.0,0.0,0.0,0.0,1.0,1.0,0.0,0.91094970703125,0.9203684329986572,0.9078797101974487,0.8972547650337219,0.9102513790130615,0.916052520275116,0.9020208120346069,0.8916850090026855,0.8930965662002563,0.9047756195068359,0.914523720741272,0.9093483686447144,0.8796301484107971,0.8710983991622925,0.0
408,0.0,0.0,1.0,1.0,0.0,0.0,0.0,0.0,0.0,0.0,0.0,1.0,1.0,0.0,0.9101879596710205,0.9151241183280945,0.904654324054718,0.8982464671134949,0.90473473072052,0.9086035490036011,0.8957287073135376,0.8880548477172852,0.8900946378707886,0.9037806391716003,0.9129252433776855,0.90863037109375,0.880264401435852,0.8739383220672607,0.0
409,1.0,1.0,0.0,0.0,0.0,0.0,0.0,0.0,0.0,1.0,1.0,1.0,1.0,0.0,0.9112758636474609,0.9182202816009521,0.9062835574150085,0.898976743221283,0.911936342716217,0.9165868163108826,0.9032101035118103,0.8928583860397339,0.8940607309341431,0.9064221382141113,0.9145317077636719,0.9082226753234863,0.8792897462844849,0.8757796287536621,1.0
410,1.0,1.0,0.0,0.0,0.0,0.0,0.0,0.0,0.0,0.0,0.0,1.0,1.0,0.0,0.9106059670448303,0.9171541333198547,0.9038496017456055,0.8961822986602783,0.9104755520820618,0.9167396426200867,0.9049741625785828,0.8940462470054626,0.8948226571083069,0.9065486192703247,0.9149073362350464,0.9085105657577515,0.8800224661827087,0.8732606172561646,0.0
411,0.0,0.0,0.0,0.0,0.0,0.0,1.0,1.0,0.0,0.0,0.0,0.0,0.0,0.0,0.9088945984840393,0.9162263870239258,0.9036102294921875,0.8971710801124573,0.9106977581977844,0.9161931872367859,0.9022408723831177,0.8910331726074219,0.8922389149665833,0.9050936698913574,0.9144282341003418,0.9086668491363525,0.8779878616333008,0.8696215748786926,1.0
412,0.0,0.0,0.0,0.0,1.0,1.0,1.0,1.0,0.0,0.0,0.0,1.0,1.0,0.0,0.9085486531257629,0.9167331457138062,0.905134379863739,0.897219181060791,0.9098919630050659,0.916142463684082,0.9033597111701965,0.8925791382789612,0.8926506042480469,0.9062753319740295,0.9143565893173218,0.9081718325614929,0.8784307837486267,0.8734031915664673,4.0
413,0.0,0.0,0.0,1.0,1.0,0.0,0.0,0.0,0.0,0.0,0.0,1.0,1.0,0.0,0.9130640625953674,0.9207108020782471,0.9087744355201721,0.8986536860466003,0.909088134765625,0.9134976863861084,0.9012871980667114,0.8928356766700745,0.8935909271240234,0.9059117436408997,0.9142051339149475,0.908399224281311,0.8801524639129639,0.8765742778778076,2.0
414,0.0,0.0,0.0,1.0,1.0,0.0,0.0,0.0,0.0,0.0,0.0,1.0,1.0,0.0,0.9113655686378479,0.9193128347396851,0.9071583151817322,0.8962445855140686,0.907463788986206,0.9130600094795227,0.9001592397689819,0.891567051410675,0.8934456706047058,0.9041339159011841,0.912739098072052,0.9083611369132996,0.8802324533462524,0.8738486766815186,0.0
415,0.0,0.0,1.0,1.0,0.0,0.0,0.0,0.0,0.0,0.0,0.0,1.0,1.0,0.0,0.9120540618896484,0.9191809296607971,0.9064615964889526,0.8970248103141785,0.9101266264915466,0.9148451685905457,0.90163654088974,0.8918176293373108,0.8931257128715515,0.9050208330154419,0.9134494066238403,0.9078318476676941,0.8797301650047302,0.8751177787780762,2.0
416,1.0,1.0,1.0,1.0,0.0,0.0,0.0,0.0,0.0,0.0,0.0,1.0,1.0,0.0,0.910869300365448,0.9179852604866028,0.9054189920425415,0.8983003497123718,0.9128214120864868,0.9174229502677917,0.9040619134902954,0.8931305408477783,0.8935877084732056,0.9054193496704102,0.913264274597168,0.9065744876861572,0.877970814704895,0.8740764856338501,0.0
417,0.0,0.0,0.0,0.0,0.0,0.0,1.0,1.0,0.0,0.0,0.0,1.0,1.0,0.0,0.9122177958488464,0.9191632270812988,0.9069364666938782,0.8971562385559082,0.9092742800712585,0.9144375920295715,0.9022124409675598,0.8928259611129761,0.8945735096931458,0.9046850800514221,0.9128066301345825,0.9083187580108643,0.8809716105461121,0.8756319880485535,4.0
418,0.0,0.0,0.0,1.0,1.0,0.0,0.0,0.0,0.0,0.0,0.0,1.0,1.0,0.0,0.9104416370391846,0.9156938195228577,0.9069864749908447,0.8998773694038391,0.9056499600410461,0.9081689715385437,0.8956336975097656,0.8901278972625732,0.8928438425064087,0.9049537181854248,0.9143565893173218,0.9113888740539551,0.8832666873931885,0.8778815865516663,4.0
419,0.0,0.0,0.0,0.0,1.0,1.0,1.0,1.0,0.0,0.0,1.0,1.0,1.0,0.0,0.91023850440979,0.9162293076515198,0.9050871133804321,0.8967786431312561,0.9050936698913574,0.9095174074172974,0.8975856304168701,0.8903332948684692,0.892457127571106,0.9043276906013489,0.9121132493019104,0.9084429144859314,0.8817203640937805,0.877086877822876,2.0
420,0.0,1.0,1.0,0.0,0.0,0.0,0.0,0.0,0.0,1.0,1.0,0.0,0.0,0.0,0.910956621170044,0.918208122253418,0.9061344861984253,0.8969933986663818,0.9103427529335022,0.9148544669151306,0.9034143686294556,0.8941473364830017,0.8956843614578247,0.905813455581665,0.9129845499992371,0.9074153900146484,0.8804186582565308,0.8773316144943237,1.0
421,0.0,1.0,1.0,0.0,0.0,0.0,0.0,0.0,0.0,0.0,0.0,1.0,1.0,0.0,0.9070307612419128,0.9132468700408936,0.9065406918525696,0.9008874297142029,0.9053808450698853,0.9074453115463257,0.8952749371528625,0.8892276287078857,0.8921998143196106,0.9042484760284424,0.9136664271354675,0.9101585149765015,0.8816569447517395,0.8752474784851074,2.0
422,1.0,1.0,0.0,0.0,0.0,0.0,0.0,0.0,0.0,0.0,0.0,0.0,0.0,0.0,0.9112004637718201,0.9179925918579102,0.9061081409454346,0.8963462710380554,0.9075790643692017,0.9120004177093506,0.8997042179107666,0.8915834426879883,0.8940542340278625,0.9037246704101562,0.9118874073028564,0.9072707295417786,0.8798290491104126,0.8749249577522278,0.0
423,1.0,1.0,0.0,0.0,0.0,0.0,0.0,0.0,0.0,0.0,0.0,1.0,1.0,0.0,0.9115872383117676,0.9186106324195862,0.9062970280647278,0.8976424932479858,0.9105390906333923,0.9157547950744629,0.9025171399116516,0.8923838138580322,0.8940575122833252,0.9044684767723083,0.9135405421257019,0.9090419411659241,0.8803735971450806,0.8746724128723145,1.0
424,0.0,0.0,1.0,1.0,1.0,0.0,0.0,0.0,0.0,0.0,0.0,0.0,0.0,1.0,0.9110198616981506,0.9177848696708679,0.9033730030059814,0.8949598073959351,0.9113299250602722,0.9163623452186584,0.901370108127594,0.8904838562011719,0.8925840258598328,0.9038514494895935,0.9135780334472656,0.9083681106567383,0.8790369033813477,0.8699404001235962,3.0
425,0.0,0.0,1.0,1.0,0.0,0.0,0.0,0.0,0.0,0.0,0.0,1.0,1.0,0.0,0.9112778902053833,0.9179069995880127,0.9072928428649902,0.8987517356872559,0.9063430428504944,0.9108010530471802,0.8983034491539001,0.8905764222145081,0.8926327228546143,0.9062148332595825,0.9146297574043274,0.9097306132316589,0.8814888000488281,0.8748507499694824,2.0
426,0.0,0.0,0.0,1.0,1.0,0.0,0.0,0.0,0.0,0.0,0.0,1.0,1.0,0.0,0.9090811610221863,0.9138984680175781,0.9057788252830505,0.899957001209259,0.9045460224151611,0.9065428376197815,0.8944934606552124,0.8883124589920044,0.8899420499801636,0.902113676071167,0.9130868911743164,0.9115940928459167,0.8838080763816833,0.8785706162452698,0.0
427,0.0,0.0,0.0,0.0,0.0,0.0,0.0,0.0,0.0,1.0,1.0,1.0,1.0,0.0,0.910588800907135,0.9208283424377441,0.9098982810974121,0.9010788798332214,0.9140300750732422,0.917343258857727,0.9009487628936768,0.8914424180984497,0.8936456441879272,0.9059551954269409,0.9156618714332581,0.9105280041694641,0.880265474319458,0.8725835084915161,1.0
428,0.0,0.0,0.0,0.0,0.0,0.0,0.0,1.0,1.0,0.0,0.0,0.0,0.0,0.0,0.9101120829582214,0.9184037446975708,0.9043501019477844,0.8934440612792969,0.9083526134490967,0.9131702780723572,0.899561882019043,0.8895528316497803,0.8897392749786377,0.9012539982795715,0.9101224541664124,0.903689980506897,0.8753859996795654,0.8711212277412415,2.0
429,0.0,0.0,1.0,1.0,0.0,0.0,0.0,0.0,0.0,0.0,0.0,1.0,1.0,1.0,0.9109690189361572,0.919350266456604,0.9068138003349304,0.8956146240234375,0.9082989692687988,0.9133381247520447,0.9003967046737671,0.8911895155906677,0.8916833996772766,0.9014499187469482,0.911272406578064,0.9059544205665588,0.8768209218978882,0.869779109954834,1.0
430,0.0,0.0,0.0,0.0,1.0,1.0,0.0,0.0,0.0,0.0,0.0,0.0,0.0,0.0,0.9118451476097107,0.9204093217849731,0.9090148210525513,0.8984582424163818,0.9097737669944763,0.9146137833595276,0.9011150598526001,0.8920921087265015,0.8933650255203247,0.9046909213066101,0.9140027761459351,0.9087372422218323,0.8793471455574036,0.873927116394043,0.0
431,0.0,0.0,0.0,1.0,1.0,0.0,0.0,0.0,0.0,0.0,0.0,1.0,1.0,0.0,0.8947699666023254,0.9063228368759155,0.9046996831893921,0.9096018075942993,0.9078298211097717,0.8996598124504089,0.8827170729637146,0.8771929144859314,0.8808721303939819,0.8965870141983032,0.9091721773147583,0.9128336310386658,0.8767510652542114,0.8527653217315674,4.0
432,0.0,0.0,0.0,1.0,1.0,0.0,0.0,0.0,0.0,0.0,0.0,1.0,1.0,0.0,0.905670166015625,0.917388916015625,0.91175377368927,0.9073854684829712,0.9108455777168274,0.9125133156776428,0.8963556289672852,0.8878068327903748,0.8904871344566345,0.9044157266616821,0.9160147309303284,0.913733184337616,0.8800804018974304,0.8674339652061462,0.0
433,0.0,0.0,1.0,1.0,0.0,0.0,1.0,1.0,0.0,0.0,0.0,1.0,1.0,0.0,0.8996981382369995,0.9106991291046143,0.9061773419380188,0.9057335257530212,0.9067674279212952,0.9064725041389465,0.8916931748390198,0.8839593529701233,0.8848674297332764,0.8990722298622131,0.9111599922180176,0.9094085097312927,0.8752807974815369,0.8581317663192749,0.0
434,1.0,1.0,0.0,0.0,0.0,0.0,0.0,0.0,0.0,0.0,0.0,1.0,1.0,0.0,0.9113615155220032,0.917197048664093,0.9037563800811768,0.8954941034317017,0.910603940486908,0.9158148765563965,0.9027600288391113,0.8925157189369202,0.894790768623352,0.9054135084152222,0.9136770367622375,0.907533586025238,0.8791457414627075,0.8732456564903259,3.0
435,0.0,0.0,0.0,0.0,1.0,1.0,0.0,0.0,0.0,0.0,0.0,1.0,1.0,0.0,0.9128167629241943,0.9191768169403076,0.9075502753257751,0.8978565335273743,0.907533586025238,0.9121594429016113,0.9000890851020813,0.8921230435371399,0.8937745690345764,0.9045357704162598,0.9133126735687256,0.9093511700630188,0.8819142580032349,0.8774557113647461,0.0
436,0.0,0.0,1.0,1.0,0.0,0.0,0.0,0.0,0.0,0.0,0.0,1.0,1.0,0.0,0.9115715026855469,0.9181369543075562,0.9051063656806946,0.8970169425010681,0.9112944006919861,0.9152038097381592,0.9020357728004456,0.8920088410377502,0.8925774693489075,0.9039309024810791,0.911565363407135,0.905280590057373,0.8776168823242188,0.8755100965499878,1.0
437,1.0,1.0,0.0,0.0,1.0,1.0,0.0,0.0,0.0,0.0,0.0,0.0,0.0,0.0,0.9109607934951782,0.9182167649269104,0.9047497510910034,0.8954528570175171,0.9107473492622375,0.9151709675788879,0.9032841324806213,0.8937632441520691,0.8950044512748718,0.9053931832313538,0.9125579595565796,0.9052784442901611,0.8786076903343201,0.8759676814079285,3.0
438,1.0,1.0,0.0,0.0,0.0,0.0,0.0,0.0,0.0,0.0,0.0,0.0,0.0,0.0,0.9047026038169861,0.9109683036804199,0.9023499488830566,0.8999727964401245,0.9043019413948059,0.9053336381912231,0.8901876211166382,0.882827639579773,0.8852676153182983,0.8990321159362793,0.9093204736709595,0.9085866212844849,0.8769634366035461,0.859394371509552,0.0
439,0.0,0.0,0.0,0.0,1.0,1.0,1.0,1.0,0.0,0.0,0.0,1.0,1.0,0.0,0.9063488245010376,0.9162440299987793,0.9059341549873352,0.8991720676422119,0.9081406593322754,0.9133676886558533,0.9012871980667114,0.8912765979766846,0.8913537859916687,0.9055934548377991,0.9147408604621887,0.9092351198196411,0.8786800503730774,0.8698789477348328,2.0
440,0.0,0.0,0.0,0.0,0.0,0.0,1.0,1.0,1.0,1.0,0.0,0.0,0.0,0.0,0.9115311503410339,0.9180384874343872,0.9052649736404419,0.8961696624755859,0.9083172678947449,0.9134709239006042,0.9011422395706177,0.8915490508079529,0.8936972618103027,0.9042308926582336,0.913000762462616,0.9085105657577515,0.8807807564735413,0.8750177621841431,0.0
441,0.0,0.0,0.0,0.0,1.0,1.0,0.0,1.0,1.0,0.0,0.0,1.0,1.0,0.0,0.9115592241287231,0.9170481562614441,0.9038241505622864,0.8942805528640747,0.9079552888870239,0.9130398035049438,0.9008337259292603,0.8920496106147766,0.894790768623352,0.9038808345794678,0.9103606939315796,0.9050724506378174,0.8787896633148193,0.8738374710083008,4.0
442,1.0,1.0,0.0,0.0,0.0,0.0,0.0,0.0,0.0,0.0,0.0,1.0,1.0,0.0,0.9120034575462341,0.918163001537323,0.9026170372962952,0.8931758999824524,0.910093367099762,0.915733814239502,0.9017853140830994,0.890909731388092,0.8936167359352112,0.9039074182510376,0.9128902554512024,0.9076615571975708,0.8796530365943909,0.8720737099647522,2.0
443,1.0,1.0,0.0,0.0,0.0,0.0,0.0,0.0,0.0,0.0,0.0,0.0,0.0,0.0,0.9099135994911194,0.9175702333450317,0.9038427472114563,0.8933553099632263,0.9076572060585022,0.913806676864624,0.9012765288352966,0.8918682932853699,0.8941345810890198,0.9029310941696167,0.911272406578064,0.9068254828453064,0.8794862031936646,0.8716267347335815,0.0
444,0.0,0.0,1.0,1.0,0.0,0.0,0.0,0.0,0.0,0.0,0.0,1.0,1.0,0.0,0.9117476344108582,0.9196293354034424,0.9073522090911865,0.8965885639190674,0.9066863656044006,0.9111078381538391,0.8986096978187561,0.8912092447280884,0.89362633228302,0.9035947918891907,0.9116528034210205,0.9072914719581604,0.8798880577087402,0.8754213452339172,3.0
445,0.0,0.0,1.0,1.0,0.0,0.0,0.0,0.0,0.0,0.0,0.0,1.0,1.0,0.0,0.9107624888420105,0.9185938239097595,0.9067581295967102,0.8992036581039429,0.9113190770149231,0.9165959358215332,0.9048457741737366,0.8942244052886963,0.8943589925765991,0.9067867398262024,0.9149336814880371,0.9094964861869812,0.880802571773529,0.8760560154914856,0.0
446,0.0,1.0,1.0,0.0,1.0,1.0,0.0,0.0,0.0,0.0,0.0,1.0,1.0,0.0,0.9106080532073975,0.9173680543899536,0.904790997505188,0.8955385088920593,0.9094364047050476,0.9136355519294739,0.9013595581054688,0.8928583860397339,0.8950075507164001,0.9059190154075623,0.9126310348510742,0.9061910510063171,0.8787304759025574,0.8747653961181641,3.0
447,1.0,1.0,1.0,1.0,1.0,0.0,0.0,0.0,0.0,0.0,0.0,1.0,1.0,0.0,0.9120901226997375,0.9204456210136414,0.9078617691993713,0.9009525775909424,0.9138974547386169,0.919050931930542,0.9053263068199158,0.8938212394714355,0.8944518566131592,0.9067637920379639,0.9168146848678589,0.9108217358589172,0.8810237646102905,0.8746500611305237,1.0
448,0.0,0.0,1.0,1.0,0.0,0.0,0.0,0.0,0.0,0.0,0.0,1.0,1.0,1.0,0.9083335995674133,0.9160681962966919,0.906931459903717,0.8992574214935303,0.906353771686554,0.9109277725219727,0.8978067636489868,0.8890487551689148,0.8905037045478821,0.9025470614433289,0.9127904176712036,0.9103773236274719,0.8823198080062866,0.8752585053443909,3.0
449,0.0,0.0,0.0,0.0,0.0,0.0,0.0,1.0,1.0,0.0,0.0,0.0,0.0,0.0,0.9111935496330261,0.9189565777778625,0.9073359966278076,0.8993863463401794,0.9113204479217529,0.9157246947288513,0.9023111462593079,0.8920676112174988,0.8935295939445496,0.9066720604896545,0.915315568447113,0.9095341563224792,0.8798779845237732,0.8753843903541565,3.0
450,0.0,1.0,1.0,0.0,0.0,0.0,0.0,0.0,0.0,0.0,0.0,1.0,1.0,0.0,0.9114716649055481,0.9194446802139282,0.9061323404312134,0.8960070610046387,0.9101862907409668,0.9153182506561279,0.9027942419052124,0.8927610516548157,0.893539309501648,0.9041544795036316,0.9120397567749023,0.9059832692146301,0.8783000707626343,0.8749880194664001,0.0
451,0.0,0.0,0.0,0.0,1.0,1.0,0.0,0.0,0.0,0.0,0.0,0.0,0.0,0.0,0.9099954962730408,0.9183615446090698,0.9056416153907776,0.895875871181488,0.9071229696273804,0.9132978916168213,0.9003130197525024,0.8904160857200623,0.8922796249389648,0.9028834700584412,0.912392795085907,0.9095285534858704,0.8811876177787781,0.871448278427124,2.0
452,1.0,1.0,0.0,0.0,0.0,0.0,0.0,1.0,1.0,0.0,0.0,0.0,0.0,0.0,0.9111242294311523,0.9194560050964355,0.9097117781639099,0.8992642760276794,0.9075320959091187,0.9130330681800842,0.8999976515769958,0.8910908699035645,0.8925515413284302,0.9051722884178162,0.9154468774795532,0.9120180606842041,0.8828732967376709,0.8761517405509949,4.0
453,0.0,0.0,0.0,0.0,0.0,0.0,1.0,1.0,0.0,0.0,0.0,1.0,1.0,0.0,0.9121240377426147,0.9200173616409302,0.9079275727272034,0.8994715213775635,0.9122422933578491,0.9174049496650696,0.9036656618118286,0.8928956985473633,0.8942276239395142,0.9058482050895691,0.9154836535453796,0.9103150963783264,0.8811312913894653,0.8745571374893188,1.0
454,0.0,1.0,1.0,0.0,0.0,0.0,0.0,1.0,1.0,0.0,0.0,1.0,1.0,0.0,0.9093260169029236,0.9190423488616943,0.9089924693107605,0.8990025520324707,0.9081491231918335,0.9131581783294678,0.8986992239952087,0.8891541361808777,0.8912930488586426,0.9042954444885254,0.9153076410293579,0.9124402403831482,0.8817729949951172,0.8714216351509094,3.0
455,0.0,0.0,1.0,1.0,0.0,0.0,0.0,0.0,0.0,0.0,0.0,1.0,1.0,0.0,0.9121132493019104,0.9198338389396667,0.9079339504241943,0.8976339101791382,0.9086373448371887,0.9136890769004822,0.9015402793884277,0.8923512697219849,0.8938164114952087,0.90460604429245,0.9134307503700256,0.9089260697364807,0.8812608122825623,0.8746092319488525,4.0
456,0.0,1.0,1.0,1.0,0.0,0.0,0.0,0.0,0.0,0.0,0.0,1.0,1.0,0.0,0.9118955135345459,0.9184359312057495,0.9074007868766785,0.8981887698173523,0.9081944823265076,0.9125024676322937,0.9001866579055786,0.8919140696525574,0.8943750262260437,0.9053118824958801,0.9133395552635193,0.9086148142814636,0.8812616467475891,0.8759050369262695,4.0
457,1.0,0.0,0.0,0.0,0.0,0.0,0.0,0.0,0.0,0.0,0.0,1.0,1.0,0.0,0.9112333059310913,0.9168062806129456,0.9067394733428955,0.898431122303009,0.9053525328636169,0.9090726375579834,0.8974890112876892,0.8902918696403503,0.892518937587738,0.9038072228431702,0.9129925966262817,0.9101752042770386,0.8832565546035767,0.8808063864707947,0.0
458,0.0,0.0,1.0,1.0,0.0,0.0,0.0,0.0,0.0,0.0,0.0,1.0,1.0,0.0,0.9100330471992493,0.9173256158828735,0.9066355228424072,0.8972867131233215,0.907127320766449,0.9126770496368408,0.8990782499313354,0.8904838562011719,0.8915555477142334,0.9026513695716858,0.9127580523490906,0.9109057188034058,0.8821868300437927,0.8737776279449463,1.0
459,0.0,1.0,1.0,0.0,0.0,0.0,0.0,0.0,0.0,0.0,0.0,0.0,0.0,0.0,0.9098350405693054,0.917102575302124,0.9060550928115845,0.8961045742034912,0.9063588976860046,0.9123305082321167,0.8989890813827515,0.8897026777267456,0.890720009803772,0.902113676071167,0.911892831325531,0.9106246829032898,0.8820422291755676,0.8722816705703735,4.0
460,0.0,0.0,0.0,0.0,1.0,1.0,1.0,1.0,0.0,0.0,0.0,1.0,1.0,0.0,0.9087343811988831,0.9207385778427124,0.9120663404464722,0.9042232036590576,0.9137445688247681,0.9173111915588379,0.8994500041007996,0.8903647661209106,0.8934860229492188,0.907355546951294,0.9184751510620117,0.9144999384880066,0.882622241973877,0.8709384202957153,3.0
461,0.0,0.0,1.0,1.0,0.0,0.0,0.0,0.0,0.0,0.0,0.0,1.0,1.0,0.0,0.9012916684150696,0.9151906371116638,0.9112161993980408,0.9086981415748596,0.909835696220398,0.910021185874939,0.8938292264938354,0.8852555155754089,0.8880346417427063,0.9025022983551025,0.9151446223258972,0.9134414792060852,0.8789463043212891,0.8637356162071228,0.0
462,1.0,0.0,0.0,0.0,0.0,0.0,0.0,0.0,0.0,0.0,0.0,1.0,1.0,0.0,0.911449134349823,0.9201764464378357,0.9093406796455383,0.9002970457077026,0.9102139472961426,0.9150944948196411,0.9013625383377075,0.8916931748390198,0.8932825922966003,0.905735433101654,0.9155648946762085,0.9113929867744446,0.88210129737854,0.8748321533203125,1.0
463,0.0,1.0,1.0,1.0,0.0,0.0,0.0,0.0,0.0,0.0,0.0,0.0,0.0,0.0,0.9115092754364014,0.9189512729644775,0.9074478149414062,0.8988712430000305,0.90966796875,0.9150576591491699,0.9017101526260376,0.8920186161994934,0.8931840062141418,0.9059089422225952,0.914560854434967,0.9100725054740906,0.8807293772697449,0.8733993768692017,0.0
464,1.0,1.0,1.0,0.0,0.0,0.0,0.0,0.0,0.0,0.0,0.0,1.0,1.0,0.0,0.9102763533592224,0.919423520565033,0.908602774143219,0.9010263085365295,0.9104602932929993,0.9158998727798462,0.902876079082489,0.8925043344497681,0.8927902579307556,0.9065371751785278,0.9159991145133972,0.9113833904266357,0.8809491395950317,0.872489333152771,0.0
465,0.0,1.0,1.0,1.0,0.0,0.0,0.0,0.0,0.0,0.0,0.0,1.0,1.0,0.0,0.9125349521636963,0.9204370379447937,0.9078205823898315,0.8990390300750732,0.911001980304718,0.9164960980415344,0.9033640623092651,0.8931710720062256,0.8946278691291809,0.9068126082420349,0.9156173467636108,0.9102306365966797,0.8814827799797058,0.8750213980674744,2.0
466,0.0,0.0,1.0,1.0,1.0,0.0,0.0,0.0,0.0,0.0,0.0,1.0,1.0,1.0,0.9086021184921265,0.9140008091926575,0.9031292796134949,0.8954171538352966,0.9054861068725586,0.9111901521682739,0.8988381028175354,0.8899769186973572,0.8917161226272583,0.9020567536354065,0.9110994935035706,0.9086809158325195,0.8810153603553772,0.8762289881706238,4.0
467,0.0,0.0,0.0,0.0,0.0,1.0,1.0,1.0,0.0,0.0,0.0,0.0,0.0,0.0,0.9104160666465759,0.9189851880073547,0.906833291053772,0.8995300531387329,0.9100738763809204,0.9159820675849915,0.9029355645179749,0.8920692801475525,0.8933197259902954,0.9068526029586792,0.9160903096199036,0.9100058674812317,0.8807030916213989,0.8734818696975708,2.0
468,0.0,0.0,0.0,0.0,0.0,1.0,1.0,1.0,0.0,0.0,0.0,1.0,1.0,0.0,0.9123169183731079,0.9196637272834778,0.905929684638977,0.8962815999984741,0.9099017381668091,0.9147911071777344,0.9028359055519104,0.8930479884147644,0.894624650478363,0.9054744839668274,0.9130114912986755,0.907762348651886,0.8804634809494019,0.8771965503692627,2.0
469,0.0,0.0,0.0,0.0,1.0,1.0,0.0,0.0,0.0,0.0,0.0,1.0,1.0,0.0,0.9119241833686829,0.9184315800666809,0.9059599041938782,0.8977437019348145,0.9092952609062195,0.9142822027206421,0.9013565182685852,0.8917455673217773,0.8939868211746216,0.9067380428314209,0.913805365562439,0.9079800844192505,0.8802597522735596,0.8749324083328247,4.0
470,0.0,0.0,0.0,1.0,1.0,0.0,0.0,0.0,0.0,0.0,0.0,1.0,1.0,0.0,0.8945382833480835,0.9094448089599609,0.9077935814857483,0.9147124290466309,0.9118008613586426,0.9006291031837463,0.8814083933830261,0.876381516456604,0.8819655179977417,0.898430347442627,0.9121295213699341,0.9160081744194031,0.8809521794319153,0.8590744733810425,3.0
471,0.0,0.0,0.0,0.0,1.0,1.0,0.0,0.0,0.0,0.0,0.0,0.0,0.0,0.0,0.9122788906097412,0.919309675693512,0.9074075222015381,0.8982933163642883,0.9102541208267212,0.9155138731002808,0.9030053615570068,0.8929086327552795,0.894278883934021,0.9058741927146912,0.9141572713851929,0.9089296460151672,0.8805255889892578,0.8760560154914856,0.0
472,0.0,1.0,1.0,0.0,0.0,0.0,1.0,1.0,0.0,0.0,0.0,1.0,1.0,0.0,0.9082494974136353,0.9196223020553589,0.9117032289505005,0.904607892036438,0.911652147769928,0.9166308641433716,0.9016876816749573,0.8913899660110474,0.8926782011985779,0.9061254858970642,0.9170858263969421,0.9131702780723572,0.8807039260864258,0.869602382183075,0.0
473,0.0,0.0,0.0,0.0,1.0,1.0,0.0,0.0,0.0,0.0,0.0,1.0,1.0,0.0,0.9089030623435974,0.917502224445343,0.9060482382774353,0.8993065357208252,0.9099128842353821,0.9150457978248596,0.9018018841743469,0.891576886177063,0.8930220603942871,0.9063875675201416,0.9150049686431885,0.9086583852767944,0.8783339262008667,0.8724063038825989,4.0
474,0.0,0.0,0.0,0.0,0.0,1.0,1.0,1.0,0.0,0.0,1.0,1.0,1.0,0.0,0.9067187309265137,0.915696918964386,0.9034654498100281,0.897225022315979,0.9099447727203369,0.9165414571762085,0.9040339589118958,0.8927886486053467,0.893735945224762,0.9066233038902283,0.9147619605064392,0.9076473116874695,0.8767877221107483,0.8685916662216187,4.0
475,0.0,0.0,0.0,1.0,1.0,0.0,0.0,0.0,0.0,0.0,0.0,1.0,1.0,0.0,0.9025693535804749,0.9118096828460693,0.9064019918441772,0.9059721231460571,0.9063408970832825,0.9038012623786926,0.8875718712806702,0.8818790316581726,0.8848744630813599,0.8992013335227966,0.9107390642166138,0.9118886590003967,0.8792040348052979,0.8604440689086914,3.0
476,0.0,0.0,0.0,0.0,0.0,0.0,1.0,1.0,0.0,0.0,0.0,1.0,1.0,0.0,0.9110246896743774,0.919845461845398,0.9087249636650085,0.9006491899490356,0.9100947380065918,0.9160877466201782,0.9023051261901855,0.8922454714775085,0.893099844455719,0.9067265391349792,0.9166489839553833,0.9119200706481934,0.8821374773979187,0.873796284198761,2.0
477,0.0,0.0,0.0,0.0,1.0,1.0,1.0,0.0,0.0,0.0,0.0,1.0,1.0,0.0,0.9095814824104309,0.917381227016449,0.9079821109771729,0.9007983207702637,0.9069199562072754,0.9111970067024231,0.8979901075363159,0.8891390562057495,0.8908619284629822,0.9036213755607605,0.9139654636383057,0.9113546013832092,0.8818039298057556,0.8715204000473022,2.0
478,1.0,1.0,1.0,1.0,0.0,0.0,0.0,0.0,0.0,0.0,0.0,1.0,1.0,0.0,0.9117032289505005,0.9197168946266174,0.907439649105072,0.8988743424415588,0.9106687903404236,0.9160355925559998,0.9028834700584412,0.8922389149665833,0.8935328722000122,0.9059522747993469,0.9147937297821045,0.909758448600769,0.8806173205375671,0.8738673329353333,0.0
479,0.0,0.0,1.0,1.0,0.0,0.0,0.0,0.0,0.0,0.0,0.0,1.0,1.0,0.0,0.9123446941375732,0.9199649095535278,0.9089815616607666,0.8992193937301636,0.9089844226837158,0.9143977165222168,0.9017297625541687,0.892289400100708,0.8937036395072937,0.9061861038208008,0.9152393341064453,0.9108328223228455,0.8822467923164368,0.8760780692100525,0.0
480,0.0,0.0,0.0,1.0,1.0,0.0,0.0,0.0,0.0,0.0,0.0,1.0,1.0,0.0,0.8932842016220093,0.9067323207855225,0.9058611989021301,0.9138961434364319,0.9107183814048767,0.8995679616928101,0.8809113502502441,0.8759971261024475,0.8805444240570068,0.8962879180908203,0.9102915525436401,0.9147911071777344,0.878741443157196,0.8543799519538879,0.0
481,0.0,0.0,1.0,1.0,0.0,0.0,0.0,0.0,0.0,0.0,0.0,1.0,1.0,0.0,0.9089423418045044,0.9190258383750916,0.9103600382804871,0.903779923915863,0.911178469657898,0.914642870426178,0.8993088603019714,0.8902438879013062,0.8928859233856201,0.9059522747993469,0.9166361093521118,0.9132897853851318,0.881589949131012,0.8701013326644897,2.0
482,1.0,1.0,0.0,0.0,0.0,0.0,0.0,0.0,0.0,0.0,0.0,0.0,0.0,0.0,0.9097042083740234,0.9184937477111816,0.9058359265327454,0.894936740398407,0.9084105491638184,0.9131742715835571,0.9017612338066101,0.8924945592880249,0.8908091187477112,0.9004270434379578,0.9080939888954163,0.9026621580123901,0.8751541376113892,0.8723383545875549,0.0
483,0.0,0.0,0.0,1.0,1.0,0.0,0.0,0.0,0.0,0.0,0.0,1.0,1.0,0.0,0.9012675285339355,0.9121308922767639,0.9089071750640869,0.9087950587272644,0.9099323153495789,0.9068484306335449,0.8903051018714905,0.8834243416786194,0.8863207101821899,0.9002870917320251,0.9127769470214844,0.9144176840782166,0.880715548992157,0.8624072074890137,1.0
484,0.0,0.0,1.0,1.0,0.0,0.0,0.0,0.0,0.0,0.0,0.0,0.0,0.0,0.0,0.9114696383476257,0.9184669256210327,0.9066290259361267,0.8968523740768433,0.9078829884529114,0.9114381670951843,0.8990444540977478,0.8917341232299805,0.895176351070404,0.904743492603302,0.9117510318756104,0.9061146378517151,0.8790883421897888,0.8751177787780762,3.0
485,1.0,1.0,0.0,0.0,0.0,0.0,0.0,0.0,0.0,0.0,0.0,0.0,0.0,0.0,0.9117203950881958,0.9189790487289429,0.904568076133728,0.8949136137962341,0.9102943539619446,0.9164817929267883,0.9033774137496948,0.8927870392799377,0.8945798873901367,0.9045357704162598,0.9132965803146362,0.9078078269958496,0.8794192671775818,0.8728622794151306,0.0
486,1.0,1.0,0.0,0.0,0.0,0.0,0.0,0.0,0.0,1.0,1.0,1.0,1.0,0.0,0.9123155474662781,0.9194859266281128,0.9094692468643188,0.9003601670265198,0.9077950119972229,0.9109717607498169,0.8994836807250977,0.8924897313117981,0.8945638537406921,0.9051634669303894,0.9133449196815491,0.9092008471488953,0.8818005919456482,0.8786501288414001,0.0
487,1.0,1.0,0.0,0.0,0.0,0.0,0.0,0.0,0.0,0.0,0.0,0.0,0.0,0.0,0.911429226398468,0.9188222289085388,0.9089507460594177,0.9002559185028076,0.9067581295967102,0.9119663834571838,0.8987979292869568,0.89061439037323,0.8924539089202881,0.9059349298477173,0.9152761101722717,0.9103731513023376,0.8817539811134338,0.8758460283279419,4.0
488,0.0,1.0,1.0,1.0,0.0,0.0,0.0,0.0,0.0,0.0,0.0,1.0,1.0,0.0,0.9115715026855469,0.9178893566131592,0.9054657816886902,0.8960750102996826,0.9084978699684143,0.9134373664855957,0.901066780090332,0.8920660018920898,0.8939096331596375,0.9039486050605774,0.9113792181015015,0.906814694404602,0.8800922632217407,0.8738037943840027,4.0
489,1.0,1.0,0.0,0.0,0.0,0.0,0.0,0.0,0.0,0.0,0.0,1.0,1.0,0.0,0.9127202033996582,0.9199825525283813,0.9080585837364197,0.8972594738006592,0.9080416560173035,0.912784993648529,0.9003206491470337,0.8918895125389099,0.8930674195289612,0.9035622477531433,0.912072479724884,0.9081223011016846,0.8799216151237488,0.8738972544670105,1.0
490,1.0,1.0,0.0,0.0,0.0,0.0,0.0,0.0,0.0,0.0,0.0,1.0,1.0,0.0,0.9085817337036133,0.9154666066169739,0.9081562161445618,0.9020752310752869,0.9066794514656067,0.9075150489807129,0.8947588205337524,0.8893444538116455,0.8920789957046509,0.9050382971763611,0.914756715297699,0.9122205972671509,0.8826718926429749,0.8742480874061584,2.0
491,0.0,0.0,1.0,1.0,0.0,0.0,0.0,0.0,0.0,0.0,0.0,1.0,1.0,0.0,0.9110755920410156,0.9177258610725403,0.9047062397003174,0.8950474262237549,0.9098780751228333,0.9142104983329773,0.9015673398971558,0.8923562169075012,0.8941057324409485,0.9047229886054993,0.912028968334198,0.9053394198417664,0.8782322406768799,0.8745831251144409,3.0
492,0.0,0.0,0.0,0.0,0.0,0.0,1.0,1.0,0.0,0.0,0.0,1.0,1.0,0.0,0.9097737669944763,0.9178493618965149,0.9037054777145386,0.89325350522995,0.9086429476737976,0.9147355556488037,0.9005804657936096,0.8897659182548523,0.8915621042251587,0.9013354182243347,0.911362886428833,0.9077255129814148,0.8784484267234802,0.8660712242126465,4.0
493,0.0,0.0,1.0,1.0,0.0,0.0,0.0,0.0,0.0,0.0,0.0,1.0,1.0,0.0,0.910664975643158,0.9172799587249756,0.9017474055290222,0.8920643329620361,0.908103883266449,0.9138920903205872,0.8983948230743408,0.8887054324150085,0.8918829560279846,0.9021525979042053,0.9115872383117676,0.9090166091918945,0.880034327507019,0.86678147315979,2.0
494,0.0,1.0,1.0,0.0,1.0,1.0,0.0,0.0,0.0,0.0,0.0,0.0,0.0,0.0,0.9098141193389893,0.9179521799087524,0.9039550423622131,0.8927805423736572,0.908566951751709,0.9135405421257019,0.9000266194343567,0.8904359340667725,0.8904921412467957,0.9001805782318115,0.9080034494400024,0.9016508460044861,0.8733230233192444,0.8672584891319275,1.0
495,1.0,1.0,0.0,0.0,1.0,1.0,0.0,0.0,0.0,0.0,0.0,1.0,1.0,0.0,0.9112313389778137,0.9209904670715332,0.9103541970252991,0.9017387628555298,0.9119486212730408,0.9168121218681335,0.9019308686256409,0.8919222354888916,0.8933794498443604,0.9068641066551208,0.91756671667099,0.912187933921814,0.8809717893600464,0.8714330792427063,0.0
496,1.0,1.0,0.0,0.0,0.0,0.0,0.0,0.0,0.0,0.0,0.0,1.0,1.0,0.0,0.90863037109375,0.9169833064079285,0.9079524278640747,0.9008192420005798,0.907202959060669,0.9117032289505005,0.8972625136375427,0.8884587287902832,0.8906688690185547,0.9042190909385681,0.9142343997955322,0.9100850820541382,0.8785751461982727,0.8693214058876038,4.0
497,1.0,1.0,0.0,0.0,0.0,0.0,0.0,0.0,0.0,0.0,0.0,1.0,1.0,0.0,0.909482479095459,0.9187437295913696,0.9056544303894043,0.894836962223053,0.9074937105178833,0.9124565124511719,0.8995848298072815,0.8906705975532532,0.8905582427978516,0.9009791016578674,0.910515546798706,0.9056890606880188,0.8754597306251526,0.8691980838775635,0.0
498,0.0,0.0,1.0,1.0,0.0,0.0,1.0,1.0,0.0,0.0,0.0,1.0,1.0,0.0,0.9118274450302124,0.9181154370307922,0.90778648853302,0.8984848856925964,0.9068040251731873,0.9115831851959229,0.8986683487892151,0.8904706239700317,0.8921557068824768,0.9041016101837158,0.9140640497207642,0.9106577634811401,0.8827815651893616,0.8772769570350647,4.0
499,0.0,0.0,0.0,1.0,1.0,0.0,0.0,0.0,0.0,0.0,0.0,1.0,1.0,0.0,0.8970748782157898,0.9091958999633789,0.9068770408630371,0.9123780131340027,0.9110098481178284,0.9013941884040833,0.8833823800086975,0.8783913850784302,0.8832880854606628,0.8992228507995605,0.9125661253929138,0.9157993197441101,0.8810197114944458,0.8590846657752991,3.0
500,0.0,1.0,1.0,0.0,0.0,0.0,0.0,0.0,0.0,1.0,1.0,1.0,1.0,0.0,0.9109731912612915,0.9188315868377686,0.9073719382286072,0.896332859992981,0.9056310653686523,0.9105058908462524,0.8981608748435974,0.890710175037384,0.8919777870178223,0.9017658233642578,0.9103579521179199,0.9084119200706482,0.8816866278648376,0.8765192031860352,1.0
501,0.0,0.0,0.0,0.0,0.0,0.0,1.0,1.0,0.0,0.0,0.0,0.0,0.0,0.0,0.9108479619026184,0.9180331826210022,0.9060829281806946,0.8980110883712769,0.9087948203086853,0.9139268398284912,0.9016650915145874,0.8920773863792419,0.8938099145889282,0.9047229886054993,0.9135326147079468,0.9093694090843201,0.8806772232055664,0.8738224506378174,3.0
502,1.0,1.0,0.0,0.0,0.0,0.0,0.0,0.0,0.0,0.0,0.0,0.0,0.0,0.0,0.9090580940246582,0.9109906554222107,0.90069580078125,0.8965644240379333,0.9005823731422424,0.9017882943153381,0.8886266350746155,0.8851090669631958,0.8881003856658936,0.9000769257545471,0.9097278714179993,0.909412682056427,0.8822229504585266,0.8760486245155334,4.0
503,0.0,0.0,0.0,1.0,1.0,0.0,0.0,0.0,0.0,0.0,0.0,0.0,0.0,0.0,0.9097570776939392,0.9172738790512085,0.9090355038642883,0.9027908444404602,0.9089612364768982,0.9093748927116394,0.8972923159599304,0.8910645246505737,0.8934553861618042,0.9053583741188049,0.9147911071777344,0.9123202562332153,0.8827948570251465,0.8761774897575378,2.0
504,0.0,1.0,1.0,1.0,0.0,0.0,0.0,0.0,0.0,0.0,0.0,1.0,1.0,0.0,0.9116219878196716,0.9187892079353333,0.9060713648796082,0.8965696692466736,0.9098572134971619,0.915048360824585,0.9019129276275635,0.8923187255859375,0.893896758556366,0.9041897654533386,0.9126337170600891,0.9077836275100708,0.8799381852149963,0.8737439513206482,3.0
505,0.0,0.0,0.0,0.0,0.0,0.0,0.0,0.0,0.0,1.0,1.0,1.0,1.0,0.0,0.912149965763092,0.9198106527328491,0.9078787565231323,0.8976619839668274,0.9086654782295227,0.9134172797203064,0.9002048969268799,0.8911911845207214,0.8916997909545898,0.9031537175178528,0.9130653738975525,0.9090179800987244,0.8799925446510315,0.873249351978302,1.0
506,0.0,0.0,0.0,0.0,1.0,1.0,1.0,1.0,0.0,0.0,1.0,1.0,1.0,0.0,0.9118608236312866,0.9177860021591187,0.9076345562934875,0.8995757102966309,0.9062090516090393,0.9110308289527893,0.8979077339172363,0.8900084495544434,0.8916490077972412,0.9048311114311218,0.914687991142273,0.9100503325462341,0.8810664415359497,0.8755877017974854,1.0
507,0.0,1.0,1.0,1.0,0.0,0.0,0.0,0.0,0.0,0.0,0.0,1.0,1.0,0.0,0.9114101529121399,0.9184665679931641,0.9055901169776917,0.8959888815879822,0.9081251621246338,0.9139347672462463,0.9005212783813477,0.8909376859664917,0.8930123448371887,0.9036390781402588,0.9127877354621887,0.909083902835846,0.8806930184364319,0.8728660941123962,0.0
508,0.0,0.0,0.0,0.0,0.0,1.0,1.0,0.0,0.0,0.0,0.0,0.0,0.0,0.0,0.912774920463562,0.9182312488555908,0.9070376753807068,0.8973961472511292,0.9059046506881714,0.910941481590271,0.8991705775260925,0.8914030194282532,0.8929281234741211,0.9040692448616028,0.9137893319129944,0.91083824634552,0.8823021054267883,0.8781539797782898,0.0
509,0.0,1.0,1.0,0.0,1.0,1.0,0.0,0.0,0.0,0.0,0.0,1.0,1.0,0.0,0.909574568271637,0.9201045632362366,0.9076767563819885,0.8994791507720947,0.9146925806999207,0.9175324440002441,0.9003845453262329,0.891334056854248,0.8930318355560303,0.9047581553459167,0.9143140912055969,0.9086970686912537,0.8783522844314575,0.8695601224899292,0.0
510,1.0,1.0,0.0,0.0,0.0,0.0,0.0,0.0,0.0,0.0,0.0,0.0,0.0,0.0,0.9101647734642029,0.9122552871704102,0.9014830589294434,0.8966910243034363,0.9017950892448425,0.9037880301475525,0.8899801969528198,0.8853106498718262,0.88823002576828,0.9008791446685791,0.9099420309066772,0.9086344838142395,0.8811931610107422,0.8728998899459839,3.0
511,0.0,0.0,0.0,1.0,1.0,0.0,0.0,0.0,0.0,0.0,0.0,1.0,1.0,0.0,0.9074937105178833,0.9192053079605103,0.9116780757904053,0.9059544205665588,0.9130005240440369,0.9158306121826172,0.9001439213752747,0.8905251622200012,0.893072247505188,0.9057035446166992,0.9167707562446594,0.9128767848014832,0.8799242377281189,0.8694600462913513,1.0
512,1.0,1.0,0.0,0.0,0.0,0.0,0.0,0.0,0.0,0.0,0.0,1.0,1.0,0.0,0.9105141758918762,0.9201380610466003,0.9086236357688904,0.9000246524810791,0.9109786152839661,0.9169322848320007,0.9031152129173279,0.8926424980163574,0.8937487602233887,0.9069213271141052,0.9173561334609985,0.911449134349823,0.8812830448150635,0.875698447227478,4.0
513,0.0,1.0,1.0,0.0,0.0,0.0,0.0,0.0,0.0,0.0,0.0,1.0,1.0,0.0,0.9117736220359802,0.9180329442024231,0.9060735106468201,0.8955052495002747,0.9071101546287537,0.9112093448638916,0.899167537689209,0.8917521238327026,0.8928794860839844,0.9021286368370056,0.9094852209091187,0.9037395119667053,0.8770270943641663,0.8745460510253906,2.0
514,0.0,0.0,0.0,0.0,1.0,1.0,1.0,1.0,0.0,0.0,1.0,1.0,1.0,0.0,0.9115735292434692,0.9194222092628479,0.9077371954917908,0.8993778824806213,0.9112436175346375,0.9165583848953247,0.9030083417892456,0.8923464417457581,0.894362211227417,0.9064825177192688,0.9155884981155396,0.9101071953773499,0.8803168535232544,0.8746129870414734,1.0
515,0.0,1.0,1.0,0.0,0.0,0.0,0.0,0.0,0.0,0.0,0.0,1.0,1.0,0.0,0.911965012550354,0.9203476309776306,0.9086887240409851,0.8986965417861938,0.9091819524765015,0.9145939350128174,0.901045560836792,0.8908799886703491,0.8927107453346252,0.9054802656173706,0.9153261184692383,0.9113833904266357,0.8816266655921936,0.873223066329956,4.0
516,1.0,1.0,0.0,0.0,0.0,0.0,0.0,0.0,0.0,0.0,0.0,1.0,1.0,0.0,0.9088342189788818,0.9170652031898499,0.9071179628372192,0.9004465937614441,0.9056954979896545,0.9098808169364929,0.8967047929763794,0.8890135884284973,0.8908553123474121,0.9052071571350098,0.9151393175125122,0.9099239706993103,0.8793906569480896,0.8721153140068054,2.0
517,1.0,1.0,0.0,0.0,0.0,0.0,0.0,0.0,0.0,0.0,0.0,0.0,0.0,0.0,0.911098837852478,0.9166308641433716,0.9062961935997009,0.8982136845588684,0.90574049949646,0.9096359610557556,0.8964233994483948,0.8888847231864929,0.8909014463424683,0.9039809703826904,0.9133099913597107,0.9101738333702087,0.8816425800323486,0.8737739324569702,3.0
518,1.0,1.0,1.0,0.0,0.0,0.0,0.0,1.0,1.0,1.0,0.0,1.0,1.0,0.0,0.9054178595542908,0.9145675301551819,0.9019728302955627,0.8967338800430298,0.9089534878730774,0.9146521687507629,0.9011074900627136,0.8899909853935242,0.8897392749786377,0.9024783968925476,0.911628246307373,0.9072057604789734,0.876063346862793,0.8607492446899414,0.0
519,0.0,1.0,1.0,0.0,1.0,1.0,0.0,0.0,0.0,1.0,1.0,1.0,1.0,0.0,0.9120323061943054,0.9192416667938232,0.906705379486084,0.8983885645866394,0.9122557640075684,0.9161983728408813,0.9030202031135559,0.8928745985031128,0.8934618830680847,0.9050528407096863,0.9130600094795227,0.9069944024085999,0.8792793154716492,0.8768198490142822,1.0
520,0.0,0.0,0.0,1.0,1.0,0.0,0.0,0.0,0.0,0.0,0.0,1.0,1.0,0.0,0.8998021483421326,0.9103842377662659,0.9071800708770752,0.9107962846755981,0.9092092514038086,0.9019683599472046,0.8848294615745544,0.8799600601196289,0.8838323354721069,0.899979293346405,0.9126337170600891,0.9148980975151062,0.8806638717651367,0.8600404858589172,2.0
521,0.0,0.0,1.0,1.0,0.0,0.0,0.0,0.0,0.0,0.0,0.0,1.0,1.0,0.0,0.9127668142318726,0.9206221699714661,0.9097215533256531,0.9005467295646667,0.9094852209091187,0.9140094518661499,0.9010939598083496,0.8915719389915466,0.8932421803474426,0.9065773487091064,0.9157273173332214,0.9118028283119202,0.88288813829422,0.8780777454376221,4.0
522,0.0,1.0,1.0,0.0,0.0,0.0,0.0,0.0,0.0,0.0,0.0,1.0,1.0,0.0,0.9122585654258728,0.920037567615509,0.9073591828346252,0.8979310989379883,0.9108465313911438,0.9165207147598267,0.9038941860198975,0.8934941291809082,0.8947300910949707,0.9062551856040955,0.9146059155464172,0.9086865186691284,0.8801568746566772,0.876379668712616,0.0
523,0.0,0.0,0.0,1.0,1.0,0.0,0.0,0.0,0.0,0.0,0.0,1.0,1.0,0.0,0.9059320092201233,0.9167784452438354,0.9112353920936584,0.907026469707489,0.9074922800064087,0.9080175757408142,0.8918502330780029,0.8850297927856445,0.8877882361412048,0.9028477668762207,0.9142715930938721,0.9124374985694885,0.8798500895500183,0.8679439425468445,3.0
524,1.0,0.0,0.0,0.0,0.0,0.0,0.0,0.0,0.0,0.0,0.0,0.0,0.0,0.0,0.9111887812614441,0.9193212389945984,0.9075025916099548,0.8979625105857849,0.9086232781410217,0.9143911600112915,0.901477038860321,0.8909608125686646,0.8926050662994385,0.9038897156715393,0.9141625761985779,0.9111009240150452,0.8816487789154053,0.8711135983467102,4.0
525,0.0,0.0,0.0,0.0,0.0,0.0,0.0,0.0,0.0,0.0,0.0,1.0,1.0,0.0,0.9089078903198242,0.9180934429168701,0.9079176783561707,0.9015737175941467,0.9102631211280823,0.9152064323425293,0.9015958905220032,0.891376793384552,0.8929249048233032,0.9065486192703247,0.9160304069519043,0.9102485775947571,0.8793858289718628,0.8723760843276978,3.0
526,0.0,0.0,0.0,0.0,1.0,1.0,0.0,0.0,0.0,0.0,0.0,1.0,1.0,0.0,0.9093190431594849,0.9204328656196594,0.908534586429596,0.9008185863494873,0.916169285774231,0.9183778166770935,0.9003480076789856,0.8914293050765991,0.8938677906990051,0.9057440161705017,0.9157953262329102,0.9099191427230835,0.8790920972824097,0.8704917430877686,2.0
527,1.0,1.0,1.0,0.0,0.0,0.0,0.0,0.0,0.0,1.0,1.0,1.0,1.0,0.0,0.9091644883155823,0.9166749715805054,0.9066942930221558,0.8999029397964478,0.907599687576294,0.912049412727356,0.8988935947418213,0.890396237373352,0.8914095759391785,0.9052478671073914,0.9141253232955933,0.9087498188018799,0.8790143728256226,0.872134268283844,0.0
528,0.0,0.0,1.0,1.0,0.0,0.0,0.0,0.0,0.0,0.0,0.0,0.0,0.0,0.0,0.9129791855812073,0.9197593331336975,0.9078198671340942,0.8981500267982483,0.9084880352020264,0.9125674962997437,0.9009941816329956,0.8926685452461243,0.8943365812301636,0.9055353403091431,0.9134896993637085,0.9086514115333557,0.8811476826667786,0.8782663941383362,0.0
529,0.0,1.0,1.0,0.0,1.0,1.0,0.0,0.0,0.0,0.0,0.0,1.0,1.0,0.0,0.9103579521179199,0.91762375831604,0.9039312601089478,0.8936521410942078,0.9096902012825012,0.9144070148468018,0.9007412791252136,0.8909854888916016,0.8919843435287476,0.9016004800796509,0.909354031085968,0.9029853343963623,0.8747926354408264,0.8704077005386353,1.0
530,0.0,0.0,0.0,1.0,1.0,0.0,0.0,0.0,0.0,0.0,0.0,1.0,1.0,0.0,0.9087632298469543,0.9184103608131409,0.9092658758163452,0.9023019075393677,0.9104049801826477,0.9143751859664917,0.8993947505950928,0.8899087905883789,0.8926424980163574,0.9056049585342407,0.9163947701454163,0.9126701951026917,0.8808085918426514,0.8695601224899292,0.0
531,0.0,0.0,0.0,0.0,0.0,1.0,1.0,1.0,0.0,0.0,1.0,1.0,1.0,0.0,0.9126182198524475,0.9189730286598206,0.907864511013031,0.8991221189498901,0.9068942070007324,0.911956787109375,0.8988257646560669,0.8904491662979126,0.8923953175544739,0.9059407114982605,0.9155465960502625,0.9107652902603149,0.8815112113952637,0.8763502836227417,2.0
532,1.0,0.0,0.0,0.0,0.0,0.0,0.0,0.0,0.0,0.0,0.0,1.0,1.0,0.0,0.9102194309234619,0.9185344576835632,0.9047022461891174,0.8939273357391357,0.9091945290565491,0.9144614338874817,0.9007806181907654,0.8911648988723755,0.8920823335647583,0.9023141264915466,0.9105349183082581,0.905371367931366,0.8769097328186035,0.8701052069664001,0.0
533,1.0,1.0,0.0,0.0,1.0,1.0,0.0,0.0,0.0,0.0,0.0,1.0,1.0,0.0,0.9087428450584412,0.9160913228988647,0.9047281742095947,0.897811770439148,0.9078283309936523,0.9125471711158752,0.8985278010368347,0.8891841769218445,0.8911221027374268,0.9021555781364441,0.912140429019928,0.909037709236145,0.8797677755355835,0.8675431609153748,3.0
534,0.0,0.0,0.0,0.0,0.0,0.0,0.0,0.0,0.0,0.0,0.0,1.0,1.0,0.0,0.9094182848930359,0.9185677766799927,0.9081123471260071,0.9014299511909485,0.9118730425834656,0.9172017574310303,0.9036906361579895,0.8929216861724854,0.8926278948783875,0.9053728580474854,0.9157037138938904,0.9103759527206421,0.8797400593757629,0.8728810548782349,1.0
535,0.0,1.0,1.0,0.0,0.0,0.0,0.0,0.0,1.0,1.0,0.0,1.0,1.0,0.0,0.9116978049278259,0.9196193814277649,0.9081173539161682,0.8992704749107361,0.9107060432434082,0.9161059260368347,0.9031893014907837,0.89295893907547,0.8938292264938354,0.9053409099578857,0.9144786596298218,0.9106439352035522,0.8819841146469116,0.8760855197906494,1.0
536,0.0,0.0,0.0,0.0,1.0,1.0,1.0,1.0,0.0,0.0,0.0,1.0,1.0,0.0,0.9107942581176758,0.9192213416099548,0.9070064425468445,0.8965626955032349,0.9077922105789185,0.9124822616577148,0.8991644382476807,0.8902223706245422,0.8910134434700012,0.9021825790405273,0.9117155075073242,0.9070594310760498,0.8779478073120117,0.8728848695755005,3.0
537,1.0,0.0,0.0,0.0,0.0,0.0,0.0,0.0,0.0,0.0,0.0,1.0,1.0,0.0,0.91211998462677,0.9193957448005676,0.9076903462409973,0.8981685638427734,0.9092854857444763,0.91483074426651,0.9015552997589111,0.89122074842453,0.8933714628219604,0.9051052927970886,0.9142397046089172,0.9101252555847168,0.8814545273780823,0.8731179237365723,4.0
538,0.0,0.0,0.0,0.0,1.0,1.0,1.0,1.0,0.0,1.0,1.0,1.0,1.0,0.0,0.9092870950698853,0.911022424697876,0.9021226763725281,0.8986124396324158,0.9024649262428284,0.9032886028289795,0.8911483883857727,0.8867334127426147,0.8901510238647461,0.9025678038597107,0.9116663932800293,0.9104949235916138,0.8831390142440796,0.877138078212738,1.0
539,1.0,1.0,0.0,0.0,0.0,0.0,0.0,0.0,0.0,0.0,0.0,1.0,1.0,0.0,0.9121981859207153,0.9200422763824463,0.9078666567802429,0.8990652561187744,0.911008894443512,0.9152038097381592,0.9025470614433289,0.8930091261863708,0.8946598172187805,0.9062033295631409,0.9142423868179321,0.9086035490036011,0.8807843923568726,0.8769809007644653,3.0
540,0.0,0.0,0.0,0.0,1.0,1.0,0.0,0.0,0.0,0.0,0.0,1.0,1.0,0.0,0.9129441380500793,0.9199467301368713,0.9085575938224792,0.8982096314430237,0.9082905054092407,0.9125701785087585,0.900405764579773,0.8923741579055786,0.8942565321922302,0.9061111211776733,0.9136423468589783,0.9083335995674133,0.8811580538749695,0.8764567375183105,4.0
541,0.0,0.0,0.0,0.0,1.0,1.0,0.0,0.0,0.0,0.0,0.0,1.0,1.0,0.0,0.9102551937103271,0.9179227948188782,0.9042666554450989,0.8974093794822693,0.9128753542900085,0.9179990887641907,0.9033788442611694,0.8911845684051514,0.8911385536193848,0.904603123664856,0.914642870426178,0.9091329574584961,0.8788538575172424,0.8725948929786682,3.0
542,0.0,0.0,0.0,1.0,1.0,0.0,0.0,0.0,0.0,0.0,0.0,1.0,1.0,0.0,0.9028418660163879,0.9123710989952087,0.9079708456993103,0.9077252149581909,0.9093965888023376,0.9066189527511597,0.8894561529159546,0.8830904960632324,0.8856356739997864,0.9008700251579285,0.9136261940002441,0.915733814239502,0.8826451301574707,0.8647679686546326,3.0
543,0.0,1.0,1.0,0.0,0.0,0.0,0.0,0.0,0.0,0.0,0.0,1.0,1.0,0.0,0.9106349349021912,0.9200406074523926,0.9082302451133728,0.8984156847000122,0.911102294921875,0.9159116148948669,0.9015191793441772,0.8912667632102966,0.8927432298660278,0.9046469926834106,0.9146721363067627,0.9100961089134216,0.8805136680603027,0.8720510601997375,1.0
544,0.0,1.0,1.0,1.0,1.0,1.0,0.0,0.0,0.0,0.0,0.0,0.0,0.0,0.0,0.9116145968437195,0.9185500741004944,0.9072147011756897,0.897570788860321,0.9088636636734009,0.9136008620262146,0.9013234376907349,0.892957329750061,0.8946693539619446,0.9053409099578857,0.9130034446716309,0.9080479741096497,0.8808315396308899,0.8772659301757812,1.0
545,0.0,0.0,1.0,1.0,0.0,0.0,0.0,0.0,0.0,0.0,0.0,1.0,1.0,0.0,0.9100745916366577,0.9196441769599915,0.9090186953544617,0.901316225528717,0.9116923213005066,0.9164441227912903,0.9022303819656372,0.8918224573135376,0.8941041231155396,0.9073583483695984,0.9167681336402893,0.9109676480293274,0.8803704380989075,0.8730352520942688,3.0
546,0.0,0.0,1.0,1.0,1.0,0.0,0.0,0.0,0.0,0.0,0.0,1.0,1.0,0.0,0.9108957052230835,0.916586697101593,0.9077255129814148,0.9003631472587585,0.9071822166442871,0.908872127532959,0.8964832425117493,0.8907431960105896,0.8938614130020142,0.9053263068199158,0.9137465357780457,0.9100530743598938,0.8824988603591919,0.8767831325531006,4.0
547,0.0,1.0,1.0,1.0,0.0,0.0,0.0,0.0,0.0,0.0,0.0,1.0,1.0,0.0,0.9112299680709839,0.9203271269798279,0.9098586440086365,0.900636613368988,0.9090292453765869,0.9143446087837219,0.901084840297699,0.8915588855743408,0.8924180865287781,0.9064279198646545,0.9165557622909546,0.9127026200294495,0.882600724697113,0.8759233951568604,3.0
548,0.0,0.0,0.0,1.0,1.0,0.0,0.0,0.0,0.0,0.0,0.0,1.0,1.0,0.0,0.8984806537628174,0.9115803837776184,0.909596860408783,0.9122554659843445,0.9120452404022217,0.9053844809532166,0.8869597315788269,0.8809700012207031,0.885460376739502,0.900600254535675,0.913856029510498,0.9163753390312195,0.8814526796340942,0.860435962677002,1.0
549,0.0,0.0,0.0,0.0,1.0,1.0,0.0,0.0,0.0,0.0,0.0,1.0,1.0,0.0,0.910344123840332,0.9185249209403992,0.9071612358093262,0.897430419921875,0.9060071706771851,0.9114901423454285,0.8991951942443848,0.8908206820487976,0.8923236727714539,0.9038808345794678,0.9131299257278442,0.9104796648025513,0.8821987509727478,0.8749026656150818,2.0
550,0.0,1.0,1.0,0.0,1.0,1.0,0.0,0.0,1.0,1.0,0.0,1.0,1.0,0.0,0.911766767501831,0.918209433555603,0.9055991768836975,0.8957778215408325,0.9088804721832275,0.9140600562095642,0.9022752046585083,0.8932939171791077,0.8952272534370422,0.9058656096458435,0.9120860695838928,0.9063386917114258,0.8803104162216187,0.8747096657752991,4.0
551,0.0,0.0,0.0,1.0,1.0,1.0,0.0,0.0,0.0,0.0,0.0,1.0,1.0,0.0,0.9118137359619141,0.9205620884895325,0.9091570973396301,0.8998479843139648,0.9101043939590454,0.9155190587043762,0.902427613735199,0.8932890892028809,0.894624650478363,0.9071244597434998,0.9163012504577637,0.91166090965271,0.8824214339256287,0.8754804730415344,2.0
552,1.0,0.0,0.0,0.0,0.0,0.0,0.0,0.0,0.0,0.0,0.0,0.0,0.0,0.0,0.9112731218338013,0.9181656837463379,0.9063926935195923,0.89814692735672,0.911272406578064,0.9163311123847961,0.9031596183776855,0.8930334448814392,0.895021915435791,0.9068154692649841,0.915370762348175,0.9090446829795837,0.8795614242553711,0.8746092319488525,1.0
553,0.0,0.0,1.0,1.0,0.0,0.0,0.0,0.0,0.0,0.0,0.0,1.0,1.0,0.0,0.9117660522460938,0.9201425313949585,0.9074883460998535,0.896847665309906,0.9096582531929016,0.9140840768814087,0.9011059403419495,0.8918502330780029,0.8929702639579773,0.9044039249420166,0.9125769138336182,0.9067724347114563,0.8785701394081116,0.8739308714866638,2.0
554,0.0,0.0,0.0,1.0,1.0,0.0,0.0,0.0,0.0,0.0,0.0,1.0,1.0,0.0,0.9038499593734741,0.915481686592102,0.9069714546203613,0.9022367000579834,0.9097522497177124,0.9142463803291321,0.9007928371429443,0.8903465270996094,0.890238881111145,0.9033611416816711,0.9140826463699341,0.9091819524765015,0.8764246106147766,0.8627448678016663,0.0
555,1.0,1.0,0.0,0.0,0.0,0.0,0.0,0.0,0.0,0.0,0.0,1.0,1.0,0.0,0.9118995666503906,0.9199838638305664,0.9076224565505981,0.8994983434677124,0.9124144315719604,0.9178202152252197,0.9040692448616028,0.893166184425354,0.8946022391319275,0.9070957899093628,0.9156278371810913,0.909493625164032,0.8805149793624878,0.8745608925819397,0.0
556,1.0,1.0,1.0,0.0,0.0,0.0,0.0,0.0,0.0,0.0,0.0,0.0,0.0,0.0,0.9043445587158203,0.9148412942886353,0.8994364142417908,0.8877832293510437,0.9073669910430908,0.9115216732025146,0.8962769508361816,0.8866670727729797,0.8895145654678345,0.8999655842781067,0.9057672023773193,0.8974413871765137,0.8674394488334656,0.8607898354530334,1.0
557,0.0,0.0,0.0,1.0,1.0,0.0,0.0,0.0,0.0,0.0,0.0,1.0,1.0,0.0,0.9117892384529114,0.9205636978149414,0.9089447259902954,0.9006670117378235,0.9122205972671509,0.917011022567749,0.9031685590744019,0.8924636840820312,0.8935166597366333,0.9057614207267761,0.9160304069519043,0.9106536507606506,0.8815483450889587,0.8747245073318481,1.0
558,1.0,1.0,0.0,0.0,0.0,0.0,0.0,0.0,0.0,0.0,0.0,1.0,1.0,0.0,0.9104257225990295,0.9162914752960205,0.9038683772087097,0.896052896976471,0.9073085188865662,0.9126012921333313,0.8994960188865662,0.8900498747825623,0.8923789858818054,0.9036478996276855,0.9123305082321167,0.908413290977478,0.8804317712783813,0.8714027404785156,2.0
559,0.0,0.0,1.0,1.0,0.0,0.0,0.0,0.0,0.0,0.0,0.0,1.0,1.0,0.0,0.9117081165313721,0.9184855818748474,0.9060179591178894,0.8983398079872131,0.9103856086730957,0.9151380062103271,0.9013776779174805,0.8913587331771851,0.8934231400489807,0.9060302376747131,0.9141305685043335,0.9084034562110901,0.8796223402023315,0.8742592334747314,4.0
560,0.0,0.0,0.0,1.0,1.0,0.0,0.0,0.0,0.0,0.0,0.0,1.0,1.0,0.0,0.9001622796058655,0.9125221371650696,0.9093302488327026,0.9107277989387512,0.909923255443573,0.9050629734992981,0.8875278830528259,0.8813871145248413,0.8854551315307617,0.9011633396148682,0.9135807156562805,0.9149983525276184,0.8805604577064514,0.8609887957572937,2.0
561,0.0,0.0,0.0,1.0,1.0,0.0,0.0,0.0,0.0,0.0,0.0,1.0,1.0,0.0,0.9033803939819336,0.9145906567573547,0.9098600149154663,0.9073061347007751,0.909870445728302,0.9097459316253662,0.8941233158111572,0.8864657878875732,0.8884957432746887,0.9018438458442688,0.9141253232955933,0.9137398600578308,0.8806291222572327,0.8649463057518005,1.0
562,0.0,0.0,0.0,1.0,1.0,0.0,0.0,0.0,0.0,0.0,0.0,0.0,0.0,0.0,0.9084774255752563,0.9199899435043335,0.9121635556221008,0.9044383764266968,0.9106191396713257,0.9139721393585205,0.8981903195381165,0.8896227478981018,0.8928356766700745,0.9064279198646545,0.9164700508117676,0.9126445651054382,0.8809630870819092,0.8722816705703735,4.0
563,1.0,1.0,1.0,0.0,0.0,0.0,0.0,0.0,0.0,0.0,0.0,1.0,1.0,0.0,0.910412609577179,0.9199444055557251,0.9096373319625854,0.9001717567443848,0.9088665246963501,0.9146614670753479,0.900636613368988,0.8904375433921814,0.8920382261276245,0.9045094847679138,0.9155308604240417,0.9130707383155823,0.8819708228111267,0.8710031509399414,4.0
564,0.0,1.0,1.0,0.0,0.0,0.0,1.0,1.0,0.0,0.0,0.0,1.0,1.0,0.0,0.9121349453926086,0.9205235838890076,0.9084828495979309,0.8974601030349731,0.9078290462493896,0.9124374985694885,0.9007458090782166,0.8929394483566284,0.8946054577827454,0.9044508337974548,0.9125877618789673,0.9076473116874695,0.8803061246871948,0.8765302300453186,0.0
565,0.0,0.0,0.0,1.0,1.0,0.0,0.0,0.0,0.0,0.0,0.0,1.0,1.0,0.0,0.9015161991119385,0.9138734340667725,0.9102915525436401,0.9110464453697205,0.9114094376564026,0.9071887135505676,0.8893411159515381,0.8828802108764648,0.8861480355262756,0.9013234376907349,0.9145264029502869,0.9162804484367371,0.8821048140525818,0.8628411293029785,0.0
566,0.0,0.0,0.0,0.0,0.0,0.0,0.0,0.0,0.0,0.0,0.0,1.0,1.0,0.0,0.9109538793563843,0.919938862323761,0.9073992967605591,0.8959659934043884,0.9082057476043701,0.9132885336875916,0.9003936052322388,0.8914998769760132,0.8922355771064758,0.9031507968902588,0.912020742893219,0.9067702889442444,0.8782426714897156,0.8733282089233398,2.0
567,0.0,0.0,0.0,0.0,0.0,0.0,1.0,1.0,0.0,0.0,0.0,1.0,1.0,0.0,0.9114108085632324,0.9199634194374084,0.9069989919662476,0.8955702781677246,0.9085134267807007,0.9131903648376465,0.9001561999320984,0.8912141919136047,0.8919875621795654,0.9019428491592407,0.9110390543937683,0.9059392809867859,0.8773577809333801,0.8704459071159363,1.0
568,0.0,1.0,1.0,1.0,1.0,0.0,0.0,0.0,0.0,0.0,0.0,1.0,1.0,0.0,0.911535918712616,0.917924165725708,0.9079092144966125,0.8990452289581299,0.9067007899284363,0.910722553730011,0.8980770111083984,0.8910184502601624,0.8936811685562134,0.9052362442016602,0.9136235117912292,0.9100392460823059,0.8820024728775024,0.8768967390060425,3.0
569,0.0,0.0,0.0,0.0,0.0,0.0,1.0,1.0,0.0,0.0,0.0,1.0,1.0,0.0,0.91118323802948,0.9196116924285889,0.9066954255104065,0.8988889455795288,0.9113601446151733,0.9161905646324158,0.9029696583747864,0.8924619555473328,0.8935134410858154,0.906286895275116,0.9149996638298035,0.909460186958313,0.880913496017456,0.875812828540802,4.0
570,0.0,0.0,0.0,0.0,0.0,0.0,0.0,1.0,1.0,1.0,1.0,0.0,0.0,0.0,0.9119085073471069,0.9202630519866943,0.9076841473579407,0.8993671536445618,0.9123697876930237,0.9160994291305542,0.9020777940750122,0.8917259573936462,0.8925091624259949,0.9043101668357849,0.9134199619293213,0.9080125689506531,0.8786790370941162,0.873279333114624,1.0
571,1.0,1.0,0.0,0.0,0.0,0.0,0.0,0.0,0.0,0.0,0.0,1.0,1.0,0.0,0.9111438393592834,0.9197185039520264,0.9061070680618286,0.8977522850036621,0.9117851853370667,0.9152892827987671,0.9010334610939026,0.8909558653831482,0.8908751010894775,0.9024186730384827,0.9121946692466736,0.9067215919494629,0.87687087059021,0.8695369362831116,1.0
572,0.0,1.0,1.0,0.0,0.0,0.0,0.0,0.0,0.0,0.0,0.0,0.0,0.0,0.0,0.9114353656768799,0.917369544506073,0.907027542591095,0.8985448479652405,0.9081350564956665,0.9117933511734009,0.9000951647758484,0.8926635980606079,0.8955544233322144,0.9066060185432434,0.9138640761375427,0.909338653087616,0.8819519877433777,0.8781830072402954,1.0
573,0.0,0.0,1.0,1.0,0.0,0.0,0.0,0.0,0.0,0.0,0.0,1.0,1.0,1.0,0.9121594429016113,0.9202888011932373,0.9082759022712708,0.8980227112770081,0.9092477560043335,0.9140653610229492,0.9015552997589111,0.892440915107727,0.8946182131767273,0.9067782163619995,0.914529025554657,0.9091609716415405,0.8815207481384277,0.8756393790245056,2.0
574,1.0,1.0,1.0,0.0,0.0,0.0,0.0,0.0,1.0,1.0,0.0,0.0,0.0,0.0,0.9116623401641846,0.9195985198020935,0.9084495902061462,0.8978976607322693,0.9085739254951477,0.9139614701271057,0.901341438293457,0.8925009965896606,0.8935714960098267,0.9046880006790161,0.9135459065437317,0.909062922000885,0.8812382221221924,0.8751252293586731,4.0
575,0.0,0.0,0.0,0.0,1.0,1.0,1.0,1.0,0.0,0.0,0.0,1.0,1.0,0.0,0.9093965888023376,0.9199949502944946,0.9065682291984558,0.8931726813316345,0.9054512977600098,0.9106177687644958,0.898198127746582,0.890397846698761,0.8906738758087158,0.8995603322982788,0.9096331596374512,0.9052770137786865,0.8757805824279785,0.8672154545783997,1.0
576,0.0,0.0,1.0,1.0,0.0,0.0,0.0,0.0,0.0,0.0,0.0,1.0,1.0,0.0,0.91166090965271,0.9203282594680786,0.9075552225112915,0.8984582424163818,0.9118819236755371,0.9161203503608704,0.9015703201293945,0.8919385671615601,0.8935844302177429,0.9046264886856079,0.9138293266296387,0.9084274768829346,0.8795192241668701,0.8731517195701599,1.0
577,1.0,1.0,0.0,0.0,0.0,0.0,0.0,0.0,0.0,0.0,0.0,1.0,1.0,0.0,0.9109291434288025,0.9197009205818176,0.9087368249893188,0.9001295566558838,0.9103606939315796,0.9153838753700256,0.900985062122345,0.8908668160438538,0.8926880359649658,0.9058193564414978,0.9161892533302307,0.9117483496665955,0.88079833984375,0.8725005984306335,3.0
578,0.0,0.0,0.0,0.0,1.0,1.0,0.0,0.0,0.0,0.0,0.0,0.0,0.0,0.0,0.9097299575805664,0.9155502319335938,0.9027310013771057,0.8961633443832397,0.9059911966323853,0.9096373319625854,0.8958237171173096,0.8878979682922363,0.890541672706604,0.9056368470191956,0.914260983467102,0.9092337489128113,0.8795971274375916,0.8712239861488342,2.0
579,0.0,0.0,0.0,0.0,1.0,1.0,1.0,1.0,0.0,0.0,0.0,1.0,1.0,0.0,0.911824643611908,0.9202820062637329,0.9083554148674011,0.8985980749130249,0.9113532900810242,0.9154914617538452,0.900888204574585,0.8910743594169617,0.892869770526886,0.9046177268028259,0.9139174818992615,0.9091147184371948,0.880072832107544,0.8733844757080078,1.0
580,1.0,1.0,0.0,0.0,0.0,0.0,0.0,0.0,0.0,0.0,0.0,1.0,1.0,0.0,0.9094032049179077,0.914054811000824,0.903992772102356,0.8967186212539673,0.903989851474762,0.9077651500701904,0.8952018618583679,0.8882518410682678,0.8910298943519592,0.9032871127128601,0.9121295213699341,0.9086626172065735,0.8814496397972107,0.875558078289032,4.0
581,1.0,0.0,0.0,0.0,0.0,0.0,0.0,0.0,0.0,0.0,0.0,1.0,1.0,0.0,0.909631609916687,0.9112224578857422,0.9010304808616638,0.8967201709747314,0.9019030928611755,0.9040560126304626,0.8921247720718384,0.8862677216529846,0.8872500658035278,0.8991705775260925,0.9092365503311157,0.9085965156555176,0.8824666738510132,0.8802605867385864,0.0
582,1.0,1.0,0.0,0.0,0.0,0.0,0.0,1.0,1.0,0.0,0.0,1.0,1.0,0.0,0.9010196924209595,0.904811441898346,0.8971859812736511,0.9031976461410522,0.9032210111618042,0.8961365818977356,0.8802695870399475,0.8766072392463684,0.879473865032196,0.8932486772537231,0.904991626739502,0.9095271229743958,0.8790328502655029,0.8565558791160583,0.0
583,0.0,0.0,0.0,0.0,0.0,0.0,1.0,1.0,0.0,0.0,0.0,1.0,1.0,0.0,0.9115947484970093,0.9200097322463989,0.9083611369132996,0.8991652131080627,0.9104174375534058,0.9152852892875671,0.9011935591697693,0.8913751840591431,0.8924473524093628,0.9048953652381897,0.9153812527656555,0.9106812477111816,0.8807898163795471,0.8717783689498901,1.0
584,1.0,1.0,0.0,0.0,0.0,0.0,0.0,0.0,0.0,0.0,0.0,1.0,1.0,0.0,0.9091742634773254,0.9172487854957581,0.9095117449760437,0.9027735590934753,0.9071722030639648,0.9105859994888306,0.8969103693962097,0.8892810940742493,0.8906424641609192,0.9036951661109924,0.9146297574043274,0.9119173288345337,0.8817424774169922,0.873706579208374,1.0
585,0.0,1.0,1.0,0.0,0.0,0.0,0.0,0.0,1.0,1.0,0.0,1.0,1.0,0.0,0.9116077423095703,0.9196157455444336,0.9086834192276001,0.8981313705444336,0.9088228940963745,0.9138213992118835,0.9008519053459167,0.891757071018219,0.892957329750061,0.903836727142334,0.9133529663085938,0.909619152545929,0.8808341026306152,0.8747207522392273,1.0
586,1.0,1.0,0.0,0.0,1.0,1.0,0.0,1.0,1.0,0.0,0.0,1.0,1.0,0.0,0.9118696451187134,0.9183458089828491,0.906066358089447,0.8964871764183044,0.9090166091918945,0.9142675995826721,0.9015643000602722,0.8919581770896912,0.8941602110862732,0.9044655561447144,0.9125228524208069,0.9078744053840637,0.8804295063018799,0.8736129403114319,4.0
587,0.0,1.0,1.0,0.0,1.0,1.0,0.0,0.0,0.0,1.0,1.0,0.0,0.0,0.0,0.910399854183197,0.9158822894096375,0.9061874747276306,0.8975719809532166,0.9047171473503113,0.9089787602424622,0.8960607647895813,0.88956618309021,0.8920953273773193,0.9035415649414062,0.9133099913597107,0.9102306365966797,0.8818773031234741,0.875916063785553,3.0
588,0.0,1.0,1.0,1.0,0.0,0.0,1.0,1.0,0.0,0.0,0.0,1.0,1.0,1.0,0.9071429967880249,0.9185246229171753,0.9097793698310852,0.9031297564506531,0.9100538492202759,0.9151287078857422,0.9019308686256409,0.8912634253501892,0.8913521766662598,0.9049332141876221,0.9163038730621338,0.9117265343666077,0.8794810175895691,0.8683670163154602,1.0
589,0.0,0.0,0.0,0.0,1.0,1.0,0.0,0.0,0.0,0.0,0.0,1.0,1.0,0.0,0.9119745492935181,0.9206661581993103,0.9090448021888733,0.8981988430023193,0.9083470106124878,0.9134266376495361,0.9008791446685791,0.8921377658843994,0.8941954970359802,0.9058569073677063,0.9144548773765564,0.909652590751648,0.8813520073890686,0.8747207522392273,2.0
590,0.0,0.0,1.0,1.0,0.0,0.0,0.0,0.0,0.0,0.0,0.0,0.0,0.0,0.0,0.9116602540016174,0.918735682964325,0.9072456955909729,0.8980972170829773,0.9108148813247681,0.915808379650116,0.9029310941696167,0.8928064703941345,0.8946565985679626,0.9059117436408997,0.9144521355628967,0.9086288809776306,0.8801267743110657,0.8758865594863892,1.0
591,1.0,0.0,0.0,0.0,0.0,0.0,0.0,0.0,0.0,0.0,0.0,1.0,1.0,0.0,0.9124084115028381,0.920091450214386,0.9084940552711487,0.8997019529342651,0.9109153747558594,0.9157364964485168,0.9016591310501099,0.8915736675262451,0.8933423757553101,0.9058858156204224,0.9153497219085693,0.9102444648742676,0.8806814551353455,0.8742555379867554,1.0
592,1.0,1.0,1.0,1.0,0.0,0.0,0.0,0.0,0.0,0.0,0.0,1.0,1.0,0.0,0.9115393757820129,0.9202839136123657,0.9086806178092957,0.9002537131309509,0.9112409353256226,0.9164908528327942,0.9028850197792053,0.8925774693489075,0.8940863609313965,0.9073755741119385,0.9165946245193481,0.9105901718139648,0.8810388445854187,0.8754324316978455,2.0
593,0.0,0.0,1.0,1.0,0.0,0.0,0.0,0.0,0.0,0.0,0.0,1.0,1.0,0.0,0.910212516784668,0.9201936721801758,0.9072589874267578,0.8976907730102539,0.9108823537826538,0.9147401452064514,0.8994898200035095,0.8900449872016907,0.8913784027099609,0.9038101434707642,0.9136343002319336,0.908266544342041,0.878148078918457,0.8715394139289856,2.0
594,1.0,0.0,1.0,1.0,0.0,0.0,0.0,0.0,0.0,0.0,0.0,1.0,1.0,0.0,0.9121187329292297,0.9201250672340393,0.9081919193267822,0.8988157510757446,0.910014271736145,0.9141079783439636,0.9004665613174438,0.8907349109649658,0.89267498254776,0.9054483771324158,0.9140000939369202,0.908836305141449,0.8801785111427307,0.8762289881706238,3.0
595,0.0,0.0,1.0,1.0,0.0,0.0,0.0,0.0,0.0,0.0,0.0,1.0,1.0,0.0,0.9080132842063904,0.9159063696861267,0.9075157046318054,0.901763379573822,0.9067144393920898,0.9089773297309875,0.8946470618247986,0.886626124382019,0.8893210291862488,0.902770459651947,0.9127094149589539,0.9102749824523926,0.8798983097076416,0.8687502145767212,3.0
596,1.0,1.0,1.0,1.0,0.0,0.0,0.0,0.0,0.0,0.0,0.0,1.0,1.0,0.0,0.9095317125320435,0.9157067537307739,0.9041897654533386,0.8964470624923706,0.9068726897239685,0.9115858674049377,0.8967723846435547,0.8877629637718201,0.8899902105331421,0.9022064208984375,0.9118546843528748,0.9090278148651123,0.8792431950569153,0.8677689433097839,1.0
597,1.0,1.0,1.0,0.0,0.0,0.0,0.0,0.0,0.0,0.0,0.0,1.0,1.0,0.0,0.912287712097168,0.9207327961921692,0.9085017442703247,0.900195837020874,0.9115912914276123,0.9166101217269897,0.9028656482696533,0.8922389149665833,0.8934651017189026,0.9065083265304565,0.9158005714416504,0.910686731338501,0.8817362785339355,0.8761958479881287,2.0
598,1.0,1.0,1.0,1.0,0.0,0.0,0.0,0.0,0.0,0.0,0.0,1.0,1.0,0.0,0.9115782976150513,0.91904217004776,0.9066089391708374,0.8979924321174622,0.9111695885658264,0.9159533977508545,0.9027198553085327,0.8921899199485779,0.8935425877571106,0.9048370122909546,0.9134172797203064,0.9078957438468933,0.8793664574623108,0.8749658465385437,0.0
599,0.0,1.0,1.0,0.0,0.0,0.0,0.0,0.0,0.0,1.0,1.0,1.0,1.0,0.0,0.9079028367996216,0.9203762412071228,0.9075217247009277,0.8945910334587097,0.9078361988067627,0.9131474494934082,0.8985416889190674,0.8895628452301025,0.8917423486709595,0.9036537408828735,0.9129656553268433,0.9088088870048523,0.8783718943595886,0.8662834167480469,0.0
600,0.0,0.0,0.0,0.0,1.0,1.0,1.0,1.0,0.0,0.0,1.0,1.0,1.0,0.0,0.907048761844635,0.9174075722694397,0.910541832447052,0.9037360548973083,0.9084061980247498,0.9118369221687317,0.8965618014335632,0.8880110383033752,0.8903332948684692,0.9029548168182373,0.9148571491241455,0.9143579602241516,0.8826266527175903,0.8704688549041748,4.0
601,0.0,0.0,0.0,0.0,0.0,0.0,1.0,1.0,0.0,0.0,0.0,1.0,1.0,0.0,0.9113039970397949,0.918690025806427,0.9063505530357361,0.8997807502746582,0.9136918187141418,0.9185702800750732,0.9053059816360474,0.8936972618103027,0.8939964175224304,0.9065341949462891,0.9153733849525452,0.9095062613487244,0.8805528879165649,0.8761995434761047,1.0
602,0.0,0.0,0.0,0.0,1.0,1.0,0.0,0.0,0.0,0.0,0.0,1.0,1.0,0.0,0.9085915684700012,0.919407844543457,0.9062051773071289,0.8956732749938965,0.9125018119812012,0.9156474471092224,0.8988797068595886,0.8894811868667603,0.892023503780365,0.9038808345794678,0.9125228524208069,0.9065443277359009,0.8765215277671814,0.8669966459274292,1.0
603,1.0,1.0,1.0,1.0,0.0,0.0,0.0,0.0,0.0,0.0,0.0,1.0,1.0,1.0,0.907494843006134,0.9120088219642639,0.9038278460502625,0.8986343741416931,0.9035717844963074,0.904740571975708,0.8913390040397644,0.8857334852218628,0.88942950963974,0.9015252590179443,0.9115707874298096,0.9105708003044128,0.8816629648208618,0.8721078038215637,3.0
604,0.0,1.0,1.0,0.0,0.0,0.0,0.0,0.0,0.0,0.0,0.0,1.0,1.0,0.0,0.9109607934951782,0.9206372499465942,0.9073843955993652,0.8991137146949768,0.9134789705276489,0.9171804785728455,0.9004923701286316,0.8905367851257324,0.8931484222412109,0.9056368470191956,0.9157325029373169,0.910154402256012,0.8795767426490784,0.8687270283699036,4.0
605,1.0,0.0,0.0,0.0,0.0,1.0,1.0,0.0,0.0,0.0,1.0,1.0,1.0,0.0,0.9097515344619751,0.9200409054756165,0.9071062803268433,0.8939249515533447,0.9061023592948914,0.9114026427268982,0.9004757404327393,0.8921182155609131,0.8920823335647583,0.9009305834770203,0.9098864197731018,0.9048340320587158,0.8764838576316833,0.8713456988334656,0.0
606,0.0,0.0,1.0,1.0,0.0,0.0,0.0,0.0,0.0,0.0,0.0,1.0,1.0,0.0,0.9116145968437195,0.9181568622589111,0.9057324528694153,0.8964131474494934,0.9087133407592773,0.9134736061096191,0.9012569785118103,0.8923594355583191,0.8949087858200073,0.9045796990394592,0.9119336605072021,0.9065665602684021,0.8798760175704956,0.8742704391479492,4.0
607,0.0,0.0,0.0,0.0,0.0,0.0,0.0,0.0,0.0,1.0,1.0,0.0,0.0,0.0,0.9069918394088745,0.9159606099128723,0.9001098275184631,0.887421190738678,0.9053583741188049,0.9102472066879272,0.8952177166938782,0.8854981064796448,0.8864998817443848,0.8978844881057739,0.9062926173210144,0.8996920585632324,0.8702141046524048,0.8650453090667725,2.0
608,0.0,1.0,1.0,0.0,1.0,1.0,0.0,0.0,0.0,0.0,0.0,0.0,0.0,0.0,0.9118805527687073,0.9204971194267273,0.907998263835907,0.8989367485046387,0.912072479724884,0.9165803790092468,0.9021525979042053,0.8918307423591614,0.8944454789161682,0.9062408208847046,0.9151287078857422,0.9096944332122803,0.8803463578224182,0.8729901909828186,4.0
609,0.0,0.0,0.0,0.0,0.0,0.0,0.0,1.0,1.0,0.0,0.0,0.0,0.0,0.0,0.9123988747596741,0.9201952219009399,0.9073660373687744,0.8977724313735962,0.9103952646255493,0.9146204590797424,0.9019519090652466,0.892188310623169,0.8929831981658936,0.9050848484039307,0.9132373929023743,0.9074075222015381,0.8793162703514099,0.8757131695747375,2.0
610,1.0,1.0,0.0,0.0,0.0,0.0,0.0,0.0,0.0,0.0,0.0,1.0,1.0,0.0,0.9093092679977417,0.9082992672920227,0.8963478207588196,0.8941738605499268,0.898728609085083,0.8996476531028748,0.8867504596710205,0.8838340640068054,0.889895498752594,0.9020178318023682,0.9094434380531311,0.9076444506645203,0.8804981708526611,0.8735718131065369,1.0
611,0.0,0.0,1.0,1.0,0.0,0.0,0.0,0.0,0.0,0.0,0.0,0.0,0.0,1.0,0.9119983315467834,0.9207581877708435,0.909070611000061,0.9004278182983398,0.9117032289505005,0.9163141846656799,0.9022932052612305,0.8925824165344238,0.8937745690345764,0.9061225652694702,0.915808379650116,0.9108837246894836,0.8813999891281128,0.8744381070137024,1.0
612,1.0,1.0,1.0,1.0,1.0,0.0,0.0,0.0,0.0,0.0,0.0,0.0,0.0,0.0,0.9113204479217529,0.9209362864494324,0.9090928435325623,0.8997432589530945,0.9121105670928955,0.9158462882041931,0.9005880951881409,0.8909920454025269,0.8928859233856201,0.9057672023773193,0.9154626727104187,0.9105915427207947,0.8806982040405273,0.8736841082572937,3.0
613,1.0,1.0,0.0,0.0,0.0,0.0,0.0,0.0,0.0,0.0,0.0,0.0,0.0,0.0,0.9107722043991089,0.9201998114585876,0.9079251289367676,0.8960592150688171,0.9077354073524475,0.9131487607955933,0.9010999798774719,0.8920072317123413,0.8926359415054321,0.9029815196990967,0.9119472503662109,0.9071558713912964,0.8785929083824158,0.8728396892547607,0.0
614,0.0,1.0,1.0,0.0,0.0,0.0,0.0,0.0,0.0,1.0,1.0,1.0,1.0,0.0,0.9114929437637329,0.9206394553184509,0.9089628458023071,0.899046778678894,0.9099989533424377,0.9146575331687927,0.9006973505020142,0.8914834856987,0.8927464485168457,0.9049507975578308,0.9145740866661072,0.9091091156005859,0.8797992467880249,0.8734481334686279,2.0
615,0.0,0.0,0.0,1.0,1.0,0.0,0.0,0.0,0.0,0.0,0.0,1.0,1.0,0.0,0.9091994762420654,0.9145230650901794,0.8993495106697083,0.8897293210029602,0.90610671043396,0.9124957323074341,0.8980491757392883,0.888685405254364,0.8913127779960632,0.9001287817955017,0.9083568453788757,0.9069629311561584,0.8795349597930908,0.8657562136650085,2.0
616,0.0,1.0,1.0,0.0,0.0,0.0,0.0,0.0,0.0,0.0,0.0,1.0,1.0,0.0,0.9104796648025513,0.9203823804855347,0.9089918732643127,0.8981244564056396,0.9090348482131958,0.9143685102462769,0.9009155035018921,0.8909870982170105,0.8920561671257019,0.9043776392936707,0.9144839644432068,0.9106935858726501,0.880891740322113,0.8724666237831116,4.0
617,0.0,0.0,0.0,0.0,0.0,0.0,1.0,1.0,1.0,0.0,0.0,1.0,1.0,0.0,0.9076657891273499,0.9175263047218323,0.9071486592292786,0.9012261033058167,0.9105721712112427,0.9162440299987793,0.9031996726989746,0.8918470144271851,0.8925741910934448,0.905787467956543,0.9156304597854614,0.9100281000137329,0.878006100654602,0.8676015734672546,0.0
618,0.0,1.0,1.0,0.0,0.0,0.0,0.0,0.0,0.0,0.0,0.0,0.0,0.0,0.0,0.911094069480896,0.9191952347755432,0.9073144197463989,0.8979645371437073,0.9101321697235107,0.9147275686264038,0.9015101790428162,0.8914933204650879,0.8925904631614685,0.9040281176567078,0.9128902554512024,0.9073377847671509,0.8782517910003662,0.873279333114624,0.0
619,0.0,0.0,0.0,0.0,1.0,1.0,0.0,0.0,0.0,0.0,0.0,1.0,1.0,0.0,0.9101224541664124,0.9194743037223816,0.9095432162284851,0.9018868207931519,0.9094559550285339,0.9146760106086731,0.9013338685035706,0.8917471766471863,0.8926701545715332,0.9067208766937256,0.9169180393218994,0.9117755889892578,0.8819558024406433,0.8751733899116516,2.0
620,0.0,0.0,0.0,0.0,1.0,1.0,1.0,0.0,0.0,0.0,0.0,1.0,1.0,0.0,0.9114866852760315,0.9183311462402344,0.9046810269355774,0.8950554132461548,0.9097028374671936,0.9151538014411926,0.9017327427864075,0.8918912410736084,0.8937938213348389,0.9039662480354309,0.9123087525367737,0.9069056510925293,0.8785401582717896,0.8725723028182983,0.0
621,0.0,0.0,1.0,1.0,0.0,0.0,0.0,0.0,0.0,0.0,0.0,1.0,1.0,0.0,0.9122083783149719,0.9200631976127625,0.9084916710853577,0.89918053150177,0.9100129008293152,0.9141705632209778,0.9017928838729858,0.8927139639854431,0.893916130065918,0.9055904746055603,0.9136208295822144,0.9082545638084412,0.8800743222236633,0.8761590719223022,0.0
622,0.0,1.0,1.0,1.0,0.0,0.0,0.0,0.0,0.0,0.0,0.0,1.0,1.0,0.0,0.9092317819595337,0.9149274826049805,0.9030402302742004,0.8954992294311523,0.9071701765060425,0.9115038514137268,0.8980491757392883,0.8889868855476379,0.8915359377861023,0.9017568230628967,0.9111571907997131,0.9078730344772339,0.8800857663154602,0.8697099089622498,3.0
623,1.0,1.0,0.0,0.0,0.0,0.0,0.0,0.0,0.0,0.0,0.0,1.0,1.0,0.0,0.8981779217720032,0.9083399176597595,0.9037157893180847,0.9034211039543152,0.9053550362586975,0.904600203037262,0.8900449872016907,0.8821736574172974,0.8839002251625061,0.8984458446502686,0.9097557067871094,0.9081958532333374,0.8740727305412292,0.8578797578811646,4.0
624,0.0,0.0,0.0,0.0,0.0,1.0,1.0,0.0,0.0,0.0,0.0,0.0,0.0,0.0,0.9117230772972107,0.9195758104324341,0.907223641872406,0.8981282711029053,0.9109594225883484,0.9153497219085693,0.9030588269233704,0.8934699296951294,0.8955416679382324,0.9063531160354614,0.9143326282501221,0.9083229899406433,0.8807505965232849,0.8772002458572388,3.0
625,0.0,0.0,1.0,1.0,0.0,0.0,0.0,0.0,0.0,0.0,0.0,0.0,0.0,0.0,0.9104796648025513,0.9209237694740295,0.9094821810722351,0.8990614414215088,0.9103565812110901,0.9151195287704468,0.9012056589126587,0.8911073207855225,0.8928211331367493,0.9053990244865417,0.9156015515327454,0.9108877778053284,0.8808553218841553,0.8727267980575562,4.0
626,0.0,0.0,0.0,1.0,1.0,0.0,0.0,0.0,0.0,0.0,0.0,1.0,1.0,0.0,0.9082918763160706,0.9172880053520203,0.910178005695343,0.9042351245880127,0.9062536954879761,0.9096164107322693,0.8952145576477051,0.8875160217285156,0.8899071216583252,0.9045944213867188,0.915808379650116,0.9114353656768799,0.8799466490745544,0.8702086806297302,2.0
627,0.0,0.0,0.0,1.0,1.0,0.0,0.0,0.0,0.0,0.0,0.0,1.0,1.0,0.0,0.9104076623916626,0.9161849021911621,0.9049325585365295,0.8965229392051697,0.9068369269371033,0.9122965931892395,0.8994377255439758,0.8907760977745056,0.8928648233413696,0.9031121730804443,0.9121783971786499,0.9091945290565491,0.8814341425895691,0.8740205764770508,4.0
628,1.0,1.0,0.0,0.0,0.0,0.0,0.0,0.0,0.0,0.0,0.0,1.0,1.0,0.0,0.9115448594093323,0.9197627902030945,0.9063554406166077,0.8957555890083313,0.9091958999633789,0.9139894247055054,0.9008367657661438,0.8911105990409851,0.8923887610435486,0.903461754322052,0.9121349453926086,0.9065449833869934,0.8784005045890808,0.8734593987464905,2.0
629,1.0,0.0,0.0,0.0,0.0,1.0,1.0,1.0,0.0,0.0,0.0,1.0,1.0,0.0,0.9125207662582397,0.919576108455658,0.9084700345993042,0.8988373279571533,0.9074823260307312,0.9126120805740356,0.9005091190338135,0.8920724987983704,0.8935038447380066,0.9055789709091187,0.914738118648529,0.9109387397766113,0.8831215500831604,0.8789679408073425,0.0
630,0.0,1.0,1.0,0.0,0.0,0.0,0.0,1.0,1.0,0.0,0.0,1.0,1.0,0.0,0.9103233814239502,0.9196198582649231,0.9058398604393005,0.8956114649772644,0.9104852080345154,0.9156972169876099,0.9025574326515198,0.8923121690750122,0.8927950859069824,0.9029994010925293,0.9115325212478638,0.9055361747741699,0.8766836524009705,0.8712353706359863,0.0
631,0.0,0.0,1.0,1.0,0.0,0.0,0.0,0.0,0.0,0.0,0.0,1.0,1.0,0.0,0.910003125667572,0.9208329916000366,0.9111634492874146,0.9033141732215881,0.912783682346344,0.9176961183547974,0.9025768637657166,0.8926555514335632,0.8940190076828003,0.9065831303596497,0.9174871444702148,0.9129683375358582,0.8822916746139526,0.875106692314148,2.0
632,0.0,1.0,1.0,0.0,0.0,0.0,0.0,0.0,1.0,1.0,0.0,1.0,1.0,0.0,0.910973846912384,0.916706919670105,0.9054033160209656,0.8973644971847534,0.9068970084190369,0.9116896986961365,0.8994438052177429,0.8907365798950195,0.8924017548561096,0.9037629961967468,0.9128470420837402,0.9095550775527954,0.8818044066429138,0.8774009943008423,0.0
633,0.0,0.0,0.0,0.0,1.0,1.0,0.0,1.0,1.0,0.0,0.0,1.0,1.0,0.0,0.9104437232017517,0.919196367263794,0.9067646861076355,0.8956875205039978,0.9081774353981018,0.9133005738258362,0.901134729385376,0.891948401927948,0.892785370349884,0.9030291438102722,0.9108217358589172,0.9055861830711365,0.8772482872009277,0.8712657690048218,4.0
634,1.0,0.0,0.0,0.0,0.0,0.0,0.0,0.0,0.0,0.0,0.0,1.0,1.0,0.0,0.9129003882408142,0.9184701442718506,0.9075086712837219,0.898591935634613,0.9068870544433594,0.9117687344551086,0.8997561931610107,0.8918290138244629,0.8931710720062256,0.9050703048706055,0.914069414138794,0.9103171229362488,0.8828703165054321,0.8781830072402954,1.0
635,0.0,0.0,0.0,1.0,1.0,0.0,0.0,0.0,0.0,0.0,0.0,1.0,1.0,0.0,0.8894861936569214,0.9056759476661682,0.906568706035614,0.915370762348175,0.9114696383476257,0.899282693862915,0.8801730275154114,0.8745906352996826,0.8799851536750793,0.8963761329650879,0.9109978675842285,0.9158058166503906,0.878838062286377,0.8528801798820496,4.0
636,0.0,0.0,1.0,1.0,0.0,0.0,0.0,0.0,0.0,0.0,0.0,1.0,1.0,0.0,0.9117216467857361,0.9209275841712952,0.9085016250610352,0.8979272842407227,0.9091371893882751,0.9153720736503601,0.902942955493927,0.8927886486053467,0.8942050933837891,0.9061514139175415,0.9158346056938171,0.9117606282234192,0.8827943205833435,0.8749175667762756,0.0
637,1.0,1.0,0.0,0.0,0.0,0.0,0.0,0.0,0.0,0.0,0.0,1.0,1.0,0.0,0.9096428155899048,0.9161772727966309,0.9024112224578857,0.8955416679382324,0.9130505323410034,0.918952465057373,0.9053409099578857,0.8934957385063171,0.8942179679870605,0.9063156843185425,0.9137117862701416,0.9055128693580627,0.8768272399902344,0.8728359341621399,0.0
638,0.0,0.0,1.0,1.0,0.0,0.0,0.0,0.0,0.0,0.0,0.0,0.0,0.0,0.0,0.9108010530471802,0.9206980466842651,0.9083734154701233,0.898036003112793,0.9099392294883728,0.9151076674461365,0.9019519090652466,0.8917996287345886,0.8939514756202698,0.9051082134246826,0.9148174524307251,0.9107900857925415,0.8816801905632019,0.874031662940979,3.0
639,0.0,0.0,0.0,0.0,0.0,0.0,0.0,0.0,0.0,0.0,0.0,1.0,1.0,0.0,0.9115346074104309,0.9183188676834106,0.9035806655883789,0.895839512348175,0.9124808311462402,0.9168870449066162,0.9018648862838745,0.8912075757980347,0.8931062817573547,0.9056165814399719,0.9134816527366638,0.906022310256958,0.877398669719696,0.8712734580039978,4.0
640,1.0,1.0,1.0,1.0,1.0,0.0,0.0,1.0,1.0,0.0,0.0,1.0,1.0,0.0,0.9096512198448181,0.9187193512916565,0.9059942364692688,0.8962981700897217,0.9100350737571716,0.9144627451896667,0.9006093740463257,0.8905830383300781,0.8911813497543335,0.9031626582145691,0.9123033285140991,0.9061081409454346,0.8761805891990662,0.8687386512756348,4.0
641,0.0,0.0,1.0,1.0,1.0,1.0,0.0,0.0,0.0,0.0,0.0,1.0,1.0,0.0,0.9107005000114441,0.9214094877243042,0.9117646813392639,0.9029971957206726,0.9117074012756348,0.9158135652542114,0.900615394115448,0.891411304473877,0.8936907649040222,0.9064221382141113,0.9174126982688904,0.912878155708313,0.8819020390510559,0.875606119632721,4.0
642,0.0,0.0,1.0,1.0,0.0,0.0,0.0,0.0,0.0,0.0,0.0,1.0,1.0,0.0,0.9106839895248413,0.9166544079780579,0.903967022895813,0.895037829875946,0.9081010818481445,0.9126985669136047,0.9005910754203796,0.8924229741096497,0.8945894241333008,0.9047200679779053,0.9125146865844727,0.9073954820632935,0.8800110220909119,0.8751363158226013,0.0
643,0.0,1.0,1.0,1.0,0.0,0.0,0.0,0.0,0.0,1.0,1.0,1.0,1.0,0.0,0.9113197326660156,0.9180819988250732,0.907904863357544,0.8998501896858215,0.908458411693573,0.9119405150413513,0.8995051980018616,0.8912256360054016,0.8927626609802246,0.905660092830658,0.9142184853553772,0.9095870852470398,0.8807649612426758,0.8760560154914856,0.0
644,0.0,0.0,1.0,1.0,0.0,0.0,0.0,0.0,0.0,0.0,0.0,1.0,1.0,0.0,0.90966796875,0.919960081577301,0.9104557633399963,0.901437520980835,0.9087540507316589,0.9140134453773499,0.9000921845436096,0.8903332948684692,0.8914539217948914,0.9053467512130737,0.9171657562255859,0.9141638875007629,0.8826977610588074,0.871929943561554,3.0
645,0.0,0.0,0.0,0.0,0.0,0.0,1.0,1.0,0.0,0.0,0.0,0.0,0.0,0.0,0.9115667343139648,0.9208845496177673,0.9082889556884766,0.8977826237678528,0.9104312658309937,0.9148967862129211,0.9019668102264404,0.8920120596885681,0.8942276239395142,0.9057440161705017,0.914295494556427,0.9086837768554688,0.8803925514221191,0.874143660068512,2.0
646,0.0,0.0,0.0,0.0,0.0,0.0,0.0,1.0,1.0,0.0,0.0,0.0,0.0,0.0,0.9119023680686951,0.9208278059959412,0.9094951152801514,0.8999511003494263,0.910178005695343,0.9156933426856995,0.9022274017333984,0.8915950059890747,0.893671452999115,0.9062983989715576,0.9166283011436462,0.9119717478752136,0.8822581768035889,0.8740092515945435,4.0
647,1.0,1.0,0.0,0.0,0.0,0.0,0.0,0.0,0.0,0.0,0.0,1.0,1.0,0.0,0.9098960161209106,0.9084112048149109,0.8959280848503113,0.8956604599952698,0.8978652954101562,0.8968256711959839,0.8827082514762878,0.879328191280365,0.8836162090301514,0.8971609473228455,0.9080514907836914,0.9085359573364258,0.8806185126304626,0.8731667399406433,0.0
648,0.0,1.0,1.0,0.0,0.0,0.0,0.0,0.0,0.0,0.0,0.0,0.0,0.0,0.0,0.9108235239982605,0.9151538014411926,0.9056209325790405,0.8979337811470032,0.9050703048706055,0.9095912575721741,0.8966435790061951,0.8893710970878601,0.890726625919342,0.9028775095939636,0.9125959277153015,0.9103302955627441,0.8827320337295532,0.8789138793945312,4.0
649,0.0,0.0,0.0,0.0,0.0,0.0,1.0,1.0,0.0,0.0,0.0,1.0,1.0,0.0,0.9099712371826172,0.9188455939292908,0.9077779650688171,0.8986132144927979,0.9083314538002014,0.9144229292869568,0.9016937017440796,0.8916490077972412,0.8925970196723938,0.9044684767723083,0.9150233864784241,0.9120751619338989,0.882581889629364,0.8743636608123779,0.0
650,0.0,0.0,1.0,1.0,0.0,0.0,0.0,1.0,1.0,0.0,0.0,0.0,0.0,0.0,0.9061340689659119,0.9156874418258667,0.9060136079788208,0.9006364345550537,0.908887505531311,0.9137077927589417,0.9003312587738037,0.8896427750587463,0.8905450105667114,0.9041162729263306,0.9145899415016174,0.9090964794158936,0.8772248029708862,0.8666914105415344,1.0
651,0.0,0.0,0.0,0.0,1.0,1.0,1.0,1.0,0.0,0.0,0.0,1.0,1.0,0.0,0.9070321321487427,0.9160581231117249,0.9009066820144653,0.8925221562385559,0.911008894443512,0.9145981073379517,0.899821937084198,0.889159083366394,0.8886736035346985,0.8991736769676208,0.9082777500152588,0.9016779065132141,0.8712558150291443,0.8642753958702087,0.0
652,0.0,0.0,0.0,0.0,0.0,1.0,1.0,0.0,0.0,0.0,0.0,0.0,0.0,0.0,0.9115707874298096,0.9187893867492676,0.907263994216919,0.8989220857620239,0.9091119766235352,0.9143525958061218,0.9018978476524353,0.8922389149665833,0.8936167359352112,0.9058366417884827,0.9145660996437073,0.9099934697151184,0.8814354538917542,0.8750287890434265,3.0
653,0.0,0.0,1.0,1.0,0.0,0.0,0.0,1.0,1.0,0.0,0.0,1.0,1.0,0.0,0.9122951626777649,0.921025276184082,0.909024178981781,0.8991559743881226,0.9105307459831238,0.9157692193984985,0.9027198553085327,0.892772376537323,0.8942981362342834,0.9063127636909485,0.9151788353919983,0.9102237224578857,0.8815496563911438,0.8751400709152222,2.0
654,0.0,1.0,1.0,0.0,0.0,0.0,0.0,0.0,0.0,0.0,0.0,1.0,1.0,0.0,0.9116172194480896,0.9207859635353088,0.909501314163208,0.899053692817688,0.9100850820541382,0.9151591062545776,0.9017508029937744,0.8919172883033752,0.8938871622085571,0.9063645601272583,0.9160460233688354,0.9108988642692566,0.8810232877731323,0.8738374710083008,0.0
655,0.0,0.0,0.0,0.0,0.0,0.0,1.0,1.0,0.0,0.0,0.0,1.0,1.0,0.0,0.9123039841651917,0.9196021556854248,0.9088432788848877,0.8988550901412964,0.9081123471260071,0.9126850366592407,0.899725615978241,0.8914079666137695,0.8935747146606445,0.9058105945587158,0.914295494556427,0.9096832871437073,0.8816420435905457,0.8769003748893738,3.0
656,1.0,1.0,0.0,0.0,0.0,0.0,0.0,0.0,0.0,0.0,0.0,0.0,0.0,0.0,0.9094113111495972,0.9184460639953613,0.906345784664154,0.8961207866668701,0.9088019132614136,0.9139441251754761,0.9009426832199097,0.890622615814209,0.8914998769760132,0.9028062224388123,0.9121376276016235,0.9066153168678284,0.8767337799072266,0.8684328198432922,4.0
657,0.0,0.0,0.0,0.0,0.0,0.0,0.0,0.0,0.0,1.0,1.0,0.0,0.0,0.0,0.9113785624504089,0.9199295043945312,0.9091553092002869,0.8997184038162231,0.9087681770324707,0.9144468903541565,0.9013475179672241,0.8916473984718323,0.8924750089645386,0.9056195616722107,0.9159991145133972,0.9117947220802307,0.8821317553520203,0.8744715452194214,3.0
658,0.0,0.0,0.0,0.0,1.0,1.0,1.0,1.0,0.0,0.0,0.0,1.0,1.0,0.0,0.911560595035553,0.9175127744674683,0.9070050716400146,0.8980188965797424,0.904651403427124,0.9093456268310547,0.8959407210350037,0.8891089558601379,0.8911780118942261,0.9046674966812134,0.9139228463172913,0.910305380821228,0.8821359872817993,0.8762326240539551,4.0
659,0.0,0.0,0.0,0.0,1.0,1.0,0.0,0.0,0.0,0.0,0.0,1.0,1.0,0.0,0.9098364114761353,0.9205220341682434,0.910161018371582,0.9007155299186707,0.9115995168685913,0.9156461358070374,0.8994745016098022,0.8904491662979126,0.8928113579750061,0.9057990908622742,0.9167422652244568,0.9129468202590942,0.881505012512207,0.8701895475387573,4.0
660,0.0,0.0,1.0,1.0,0.0,0.0,0.0,0.0,0.0,0.0,0.0,1.0,1.0,0.0,0.9116732478141785,0.9206579327583313,0.9071979522705078,0.899841845035553,0.9134963750839233,0.9179850816726685,0.9029340147972107,0.8923137784004211,0.8939257264137268,0.906304121017456,0.9158684611320496,0.9100100994110107,0.8807582855224609,0.8740652799606323,2.0
661,0.0,0.0,0.0,0.0,1.0,1.0,1.0,1.0,0.0,0.0,0.0,1.0,1.0,0.0,0.9080890417098999,0.9169293642044067,0.9090971946716309,0.9027209877967834,0.9064009189605713,0.9097334146499634,0.8954719305038452,0.8874991536140442,0.8895245790481567,0.903733491897583,0.9139867424964905,0.9101973176002502,0.879279613494873,0.8699019551277161,3.0
662,1.0,1.0,0.0,0.0,0.0,0.0,0.0,0.0,0.0,0.0,0.0,1.0,1.0,0.0,0.9121146202087402,0.9204176068305969,0.9090208411216736,0.8990828990936279,0.9098711609840393,0.9139201641082764,0.9016065001487732,0.8923366665840149,0.8936198353767395,0.9053002595901489,0.9137011766433716,0.9083399176597595,0.8803116679191589,0.8757131695747375,4.0
663,0.0,1.0,1.0,0.0,0.0,0.0,1.0,1.0,0.0,0.0,0.0,1.0,1.0,0.0,0.9104824662208557,0.9205669164657593,0.9112043380737305,0.9010221362113953,0.9098391532897949,0.9141572713851929,0.8999151587486267,0.8909030556678772,0.8931677937507629,0.9061111211776733,0.9171838164329529,0.9132710099220276,0.8826187252998352,0.8758754730224609,4.0
664,0.0,0.0,0.0,0.0,0.0,1.0,1.0,0.0,0.0,0.0,1.0,1.0,1.0,0.0,0.9122999310493469,0.9189270734786987,0.9083236455917358,0.8989659547805786,0.907402515411377,0.9112518429756165,0.8996583819389343,0.8925075531005859,0.8947747349739075,0.9063761234283447,0.9138132929801941,0.9093840718269348,0.8817464113235474,0.877072274684906,2.0
665,0.0,0.0,1.0,1.0,1.0,1.0,0.0,0.0,0.0,0.0,0.0,0.0,0.0,0.0,0.9108362793922424,0.920037031173706,0.9086402058601379,0.9000479578971863,0.9120956063270569,0.9166801571846008,0.9009699821472168,0.8901195526123047,0.8925384879112244,0.9059551954269409,0.9168379306793213,0.9123141169548035,0.8813357353210449,0.871239185333252,3.0
666,0.0,0.0,1.0,1.0,0.0,0.0,0.0,0.0,0.0,0.0,0.0,1.0,1.0,0.0,0.9111427664756775,0.9193381071090698,0.9064404964447021,0.8974702954292297,0.9107998013496399,0.9147937297821045,0.9007549285888672,0.8903581500053406,0.8908553123474121,0.9031626582145691,0.9122436046600342,0.9067767262458801,0.8776333332061768,0.8732869029045105,3.0
667,0.0,0.0,0.0,0.0,0.0,0.0,1.0,1.0,0.0,0.0,0.0,1.0,1.0,0.0,0.9110060930252075,0.9173600077629089,0.9056687951087952,0.8974827527999878,0.9074011445045471,0.912784993648529,0.901006281375885,0.89191073179245,0.8936037421226501,0.9051576256752014,0.9136743545532227,0.9089956283569336,0.8810927867889404,0.8744045495986938,3.0
668,1.0,1.0,0.0,0.0,1.0,1.0,0.0,0.0,0.0,0.0,0.0,1.0,1.0,0.0,0.9057006239891052,0.9147090911865234,0.9070114493370056,0.9029223322868347,0.9069437980651855,0.9098154902458191,0.89649897813797,0.8875584006309509,0.8883645534515381,0.9013866782188416,0.9131110906600952,0.910941481590271,0.8795583248138428,0.8657404780387878,0.0
669,0.0,0.0,0.0,0.0,1.0,1.0,1.0,1.0,0.0,0.0,0.0,1.0,1.0,0.0,0.9110487699508667,0.9207869172096252,0.9087745547294617,0.8982917666435242,0.9102888107299805,0.914678692817688,0.8999517560005188,0.8909196257591248,0.8924798965454102,0.9049274921417236,0.9140321016311646,0.9094657301902771,0.8803603649139404,0.8725985884666443,2.0
670,0.0,1.0,1.0,0.0,0.0,0.0,0.0,0.0,0.0,0.0,0.0,0.0,0.0,0.0,0.9098036289215088,0.9180938601493835,0.9062760472297668,0.899108350276947,0.9106659889221191,0.9166439175605774,0.9028894901275635,0.8919369578361511,0.8931677937507629,0.9063214063644409,0.9154180288314819,0.9094838500022888,0.8788384795188904,0.8703618049621582,0.0
671,0.0,1.0,1.0,1.0,0.0,0.0,0.0,1.0,1.0,0.0,0.0,1.0,1.0,0.0,0.9121349453926086,0.9193763732910156,0.9089577198028564,0.9002498388290405,0.9073727130889893,0.9119527339935303,0.8983591198921204,0.8900018334388733,0.8917946815490723,0.9058973789215088,0.9155334234237671,0.9108176827430725,0.8815137147903442,0.8769772052764893,3.0
672,0.0,1.0,1.0,0.0,0.0,0.0,0.0,0.0,0.0,0.0,0.0,1.0,1.0,0.0,0.9101446866989136,0.9207376837730408,0.9077869057655334,0.8965264558792114,0.9091889262199402,0.9153957366943359,0.9019279479980469,0.8919581770896912,0.8938067555427551,0.9046528339385986,0.9142184853553772,0.9104782938957214,0.8811697959899902,0.8713837265968323,0.0
673,1.0,1.0,0.0,0.0,0.0,0.0,0.0,1.0,1.0,0.0,0.0,0.0,0.0,0.0,0.9081512689590454,0.9156160950660706,0.8982678055763245,0.8885913491249084,0.910055935382843,0.9146283268928528,0.8990214467048645,0.8869937062263489,0.888319194316864,0.8990136981010437,0.9076544046401978,0.9005175232887268,0.8715621829032898,0.8659571409225464,3.0
674,1.0,0.0,0.0,0.0,0.0,0.0,0.0,0.0,0.0,0.0,0.0,0.0,0.0,0.0,0.911944568157196,0.9196270704269409,0.9071336984634399,0.8972578644752502,0.9105597138404846,0.9149152040481567,0.9016215205192566,0.8918389081954956,0.8932292461395264,0.903733491897583,0.9124036431312561,0.9073292016983032,0.8788961172103882,0.8738449215888977,1.0
675,0.0,0.0,1.0,1.0,0.0,0.0,1.0,1.0,0.0,0.0,0.0,1.0,1.0,0.0,0.9098617434501648,0.9163583517074585,0.9040787816047668,0.8955979943275452,0.9079184532165527,0.9141412377357483,0.9017432332038879,0.8917996287345886,0.8934102058410645,0.9034351110458374,0.9120588302612305,0.908595085144043,0.8805555701255798,0.8732268214225769,4.0
676,0.0,0.0,0.0,1.0,1.0,0.0,0.0,0.0,0.0,0.0,0.0,1.0,1.0,0.0,0.9006123542785645,0.9113204479217529,0.9078545570373535,0.9081676006317139,0.9066627621650696,0.903976559638977,0.8875972628593445,0.8818348050117493,0.8842945098876953,0.8987856507301331,0.9106342792510986,0.9115516543388367,0.8779233694076538,0.8586223125457764,3.0
677,0.0,0.0,0.0,0.0,0.0,0.0,0.0,0.0,0.0,1.0,1.0,0.0,0.0,0.0,0.9106274247169495,0.9172928333282471,0.9037098288536072,0.8954917788505554,0.9108286499977112,0.9166075587272644,0.9035119414329529,0.892556369304657,0.8935425877571106,0.9054715633392334,0.9138774275779724,0.9075478315353394,0.8787242770195007,0.8721493482589722,0.0
678,1.0,1.0,0.0,0.0,1.0,1.0,0.0,0.0,0.0,0.0,0.0,1.0,1.0,0.0,0.9122545123100281,0.9203965067863464,0.9084858894348145,0.8986421823501587,0.9096108078956604,0.9140787124633789,0.901537299156189,0.8922373056411743,0.8934553861618042,0.9047873020172119,0.9134655594825745,0.9079446792602539,0.8795506358146667,0.8748804330825806,0.0
679,0.0,1.0,1.0,0.0,1.0,1.0,0.0,0.0,0.0,0.0,0.0,1.0,1.0,0.0,0.911186695098877,0.9178565144538879,0.9053634405136108,0.8977001309394836,0.9085781574249268,0.9139894247055054,0.9017822742462158,0.8923041224479675,0.8936360478401184,0.9066749215126038,0.9145979285240173,0.9091958999633789,0.8804846405982971,0.8741548657417297,0.0
680,0.0,0.0,0.0,0.0,0.0,0.0,0.0,0.0,0.0,0.0,0.0,1.0,1.0,0.0,0.9095578193664551,0.9206938147544861,0.9099850654602051,0.9006085991859436,0.912336528301239,0.916400671005249,0.9002079963684082,0.891238808631897,0.8933714628219604,0.9054918885231018,0.9160747528076172,0.912467360496521,0.881740391254425,0.8703579306602478,1.0
681,1.0,0.0,0.0,0.0,0.0,0.0,0.0,0.0,0.0,0.0,0.0,1.0,1.0,0.0,0.9084019660949707,0.9168049693107605,0.9097612500190735,0.9018603563308716,0.9031893014907837,0.9069428443908691,0.8932049870491028,0.8874805569648743,0.8892676830291748,0.9025976657867432,0.9142023921012878,0.9119731187820435,0.8817611336708069,0.8722060918807983,4.0
682,0.0,0.0,1.0,1.0,0.0,0.0,0.0,0.0,0.0,0.0,0.0,1.0,1.0,0.0,0.91180419921875,0.9198976159095764,0.9075801372528076,0.8995051980018616,0.911956787109375,0.9170264601707458,0.9027674198150635,0.8922535181045532,0.8942403793334961,0.9062753319740295,0.9155858755111694,0.9093623757362366,0.8804155588150024,0.8754139542579651,2.0
683,0.0,0.0,0.0,0.0,1.0,1.0,1.0,1.0,0.0,0.0,0.0,1.0,1.0,0.0,0.9101924896240234,0.9183169603347778,0.9038180112838745,0.8963100910186768,0.9125891327857971,0.9163811206817627,0.9014183282852173,0.8905037045478821,0.8913357853889465,0.9036213755607605,0.9129899144172668,0.905838131904602,0.8755894899368286,0.8686844706535339,4.0
684,0.0,1.0,1.0,1.0,1.0,0.0,0.0,0.0,0.0,0.0,0.0,1.0,1.0,0.0,0.8945574760437012,0.9093219041824341,0.9083258509635925,0.9139451384544373,0.9114990830421448,0.9021106362342834,0.8825958967208862,0.876834511756897,0.8823056817054749,0.8989367485046387,0.9128174781799316,0.9158580899238586,0.8797844052314758,0.8583173751831055,4.0
685,0.0,0.0,0.0,0.0,0.0,1.0,1.0,0.0,0.0,0.0,1.0,1.0,0.0,0.0,0.9107252955436707,0.9165939092636108,0.9052522778511047,0.895877480506897,0.906175971031189,0.9107859134674072,0.8984551429748535,0.8903597593307495,0.8931386470794678,0.903381884098053,0.9119581580162048,0.9089956283569336,0.8815163373947144,0.8772293925285339,1.0
686,1.0,1.0,1.0,1.0,0.0,0.0,0.0,0.0,0.0,0.0,0.0,1.0,1.0,0.0,0.911812424659729,0.9193089008331299,0.9070811867713928,0.8973438143730164,0.9097529053688049,0.914678692817688,0.9016545414924622,0.892556369304657,0.8939900398254395,0.9043747186660767,0.9128632545471191,0.9083878993988037,0.8801666498184204,0.8753252029418945,1.0
687,0.0,0.0,0.0,1.0,1.0,0.0,0.0,0.0,0.0,0.0,0.0,1.0,1.0,0.0,0.8997516632080078,0.9096873998641968,0.9056861400604248,0.906408429145813,0.9052282571792603,0.9021690487861633,0.887407660484314,0.8812576532363892,0.8832671642303467,0.8980025053024292,0.9100780487060547,0.910926342010498,0.8773061037063599,0.85700523853302,2.0
688,0.0,0.0,1.0,1.0,0.0,0.0,0.0,0.0,0.0,0.0,0.0,1.0,1.0,0.0,0.9097477197647095,0.9155086278915405,0.905838131904602,0.8978018760681152,0.9047479033470154,0.9081052541732788,0.895357608795166,0.8887307047843933,0.8917652368545532,0.9028537273406982,0.9122300148010254,0.9100087285041809,0.8821996450424194,0.8760154843330383,3.0
689,1.0,1.0,1.0,0.0,0.0,0.0,0.0,0.0,0.0,0.0,0.0,1.0,1.0,0.0,0.9120044708251953,0.9183692336082458,0.9075808525085449,0.8980129957199097,0.9071929454803467,0.9121295213699341,0.8994070887565613,0.8909590840339661,0.8926084041595459,0.9043336510658264,0.9131218791007996,0.9102402925491333,0.8825284838676453,0.8769809007644653,4.0
690,0.0,0.0,0.0,0.0,1.0,1.0,0.0,0.0,0.0,0.0,0.0,1.0,1.0,0.0,0.9124700427055359,0.9193686246871948,0.9073548316955566,0.8978814482688904,0.9093959331512451,0.9141759276390076,0.9017207622528076,0.8920577764511108,0.8946118354797363,0.9059292078018188,0.9134601950645447,0.9083638787269592,0.8809091448783875,0.8749287128448486,4.0
691,0.0,0.0,1.0,1.0,0.0,0.0,0.0,0.0,0.0,1.0,1.0,1.0,1.0,0.0,0.905279815196991,0.9147435426712036,0.9040692448616028,0.8983979225158691,0.911085844039917,0.916327178478241,0.901813805103302,0.8897550702095032,0.8900665044784546,0.9038130640983582,0.9145635366439819,0.909493625164032,0.877612292766571,0.8695562481880188,3.0
692,1.0,0.0,0.0,0.0,0.0,0.0,0.0,0.0,0.0,0.0,0.0,0.0,0.0,0.0,0.9103047847747803,0.9123599529266357,0.901119589805603,0.8961290717124939,0.9009934067726135,0.9035341739654541,0.8901742696762085,0.8858689069747925,0.8900516033172607,0.9034202694892883,0.9122843742370605,0.9090222120285034,0.8809351325035095,0.8729638457298279,2.0
693,0.0,0.0,0.0,0.0,1.0,1.0,0.0,0.0,0.0,0.0,0.0,1.0,1.0,0.0,0.9045782089233398,0.9160107970237732,0.9077893495559692,0.902472198009491,0.9091154336929321,0.9136704206466675,0.9001454710960388,0.890144407749176,0.8905383944511414,0.9042132496833801,0.914756715297699,0.9095034003257751,0.8768985271453857,0.8648313283920288,0.0
694,0.0,0.0,0.0,0.0,0.0,0.0,1.0,1.0,0.0,0.0,0.0,1.0,1.0,0.0,0.9115858674049377,0.9179553389549255,0.9059247970581055,0.8974288702011108,0.9084146618843079,0.9140826463699341,0.9017882943153381,0.8918502330780029,0.8934392333030701,0.9051868319511414,0.9138667583465576,0.9091399312019348,0.8807131052017212,0.8742666840553284,0.0
695,0.0,0.0,1.0,1.0,0.0,0.0,0.0,0.0,0.0,0.0,0.0,0.0,0.0,1.0,0.9121859669685364,0.9191427826881409,0.9078116416931152,0.8975770473480225,0.9077354073524475,0.9126688838005066,0.9001135230064392,0.8922502994537354,0.8938131332397461,0.9042190909385681,0.913264274597168,0.9091259837150574,0.8814340829849243,0.8754213452339172,1.0
696,0.0,1.0,1.0,0.0,0.0,0.0,0.0,0.0,0.0,1.0,1.0,1.0,1.0,0.0,0.9117093682289124,0.9203549027442932,0.9078043699264526,0.897063136100769,0.9082226753234863,0.912816047668457,0.8999853730201721,0.8916588425636292,0.8939611911773682,0.9049770832061768,0.9130223393440247,0.9085838198661804,0.8805682063102722,0.8745385408401489,2.0
697,0.0,1.0,1.0,0.0,0.0,0.0,0.0,0.0,0.0,0.0,0.0,1.0,1.0,0.0,0.9088496565818787,0.919615626335144,0.9086757898330688,0.8989859819412231,0.9105610847473145,0.914825439453125,0.898476779460907,0.8889249563217163,0.8914899826049805,0.9054367542266846,0.9160069227218628,0.9127094149589539,0.8816196322441101,0.8691748976707458,3.0
698,0.0,0.0,0.0,1.0,1.0,0.0,0.0,0.0,0.0,0.0,0.0,1.0,1.0,0.0,0.9090930819511414,0.9136041402816772,0.9059219360351562,0.901441752910614,0.9054892063140869,0.905890166759491,0.8932551145553589,0.8887674808502197,0.891925573348999,0.9031833410263062,0.9131460785865784,0.9119486212730408,0.8845030069351196,0.8782736659049988,4.0
699,1.0,1.0,1.0,1.0,0.0,0.0,0.0,0.0,0.0,0.0,0.0,1.0,1.0,0.0,0.9116876125335693,0.9183517694473267,0.9071590900421143,0.8978020548820496,0.908828616142273,0.9118669629096985,0.9000738263130188,0.8929038047790527,0.8954274654388428,0.9064854383468628,0.9122517108917236,0.9054665565490723,0.8798494935035706,0.8759418725967407,4.0
700,0.0,0.0,1.0,1.0,1.0,1.0,0.0,0.0,0.0,0.0,0.0,1.0,1.0,0.0,0.9121771454811096,0.9203736186027527,0.9081428647041321,0.8986297249794006,0.9111448526382446,0.91604083776474,0.9029577970504761,0.8932616114616394,0.8945382833480835,0.9050877690315247,0.9139307737350464,0.9092057943344116,0.8807666897773743,0.8762620091438293,1.0
701,0.0,0.0,1.0,1.0,0.0,0.0,0.0,0.0,0.0,0.0,0.0,0.0,0.0,0.0,0.9110651612281799,0.9200698733329773,0.9074103236198425,0.8962839841842651,0.9083441495895386,0.9133086204528809,0.9004696607589722,0.8916031122207642,0.8930286169052124,0.903836727142334,0.9121676087379456,0.9073783755302429,0.8785774111747742,0.872892439365387,2.0
702,0.0,1.0,1.0,0.0,0.0,0.0,0.0,0.0,0.0,0.0,0.0,1.0,1.0,0.0,0.910171627998352,0.9162182807922363,0.9082000851631165,0.9009820818901062,0.9073719382286072,0.9089577198028564,0.8965649604797363,0.8907497525215149,0.8944615125656128,0.9070215821266174,0.9149296879768372,0.9105411767959595,0.8824405670166016,0.8766072392463684,4.0
703,0.0,0.0,0.0,0.0,1.0,1.0,1.0,0.0,0.0,0.0,0.0,1.0,1.0,0.0,0.9093267321586609,0.9137088060379028,0.906173050403595,0.9008799195289612,0.9048739075660706,0.9055267572402954,0.8924001455307007,0.8884183764457703,0.8923057317733765,0.905410647392273,0.9144614338874817,0.9117074012756348,0.8832066059112549,0.8770211338996887,4.0
704,0.0,0.0,1.0,1.0,0.0,0.0,0.0,0.0,0.0,0.0,0.0,1.0,1.0,0.0,0.912105143070221,0.9198436737060547,0.9072214961051941,0.8990752100944519,0.9123222827911377,0.9169710278511047,0.9027138948440552,0.892052948474884,0.8930479884147644,0.9054657816886902,0.9148333072662354,0.9095759391784668,0.8799994587898254,0.873538076877594,1.0
705,1.0,1.0,1.0,1.0,0.0,0.0,0.0,0.0,0.0,0.0,0.0,1.0,1.0,0.0,0.9112532138824463,0.9186186790466309,0.9064968824386597,0.8987417221069336,0.9122476577758789,0.9171695709228516,0.9028938412666321,0.8918994069099426,0.8933617472648621,0.9060446619987488,0.914751410484314,0.9086753129959106,0.8792738318443298,0.873785138130188,1.0
706,0.0,0.0,1.0,1.0,0.0,0.0,0.0,0.0,0.0,0.0,0.0,1.0,1.0,0.0,0.9040302634239197,0.9155678749084473,0.9104610085487366,0.9081063866615295,0.9121214151382446,0.9110116362571716,0.8933051824569702,0.8862882256507874,0.8897609114646912,0.9045299291610718,0.9157612919807434,0.9152078032493591,0.8816837668418884,0.8648076057434082,2.0
707,0.0,0.0,1.0,1.0,0.0,0.0,0.0,0.0,0.0,0.0,0.0,1.0,1.0,0.0,0.911272406578064,0.9167312383651733,0.9069063663482666,0.8989359736442566,0.9057310223579407,0.911050021648407,0.8985509872436523,0.8914424180984497,0.8917881846427917,0.9039309024810791,0.9140454530715942,0.9112353920936584,0.8834034204483032,0.8776305913925171,1.0
708,0.0,0.0,1.0,1.0,0.0,0.0,0.0,0.0,0.0,0.0,0.0,1.0,1.0,0.0,0.9108988642692566,0.9184325337409973,0.9070022702217102,0.8979924321174622,0.9093400239944458,0.9131823182106018,0.9006457328796387,0.8922030329704285,0.894832193851471,0.9066433906555176,0.913695752620697,0.9078318476676941,0.8800173401832581,0.8750102519989014,3.0
709,0.0,0.0,0.0,0.0,0.0,0.0,1.0,1.0,0.0,0.0,0.0,1.0,1.0,0.0,0.9098802208900452,0.9152434468269348,0.904552698135376,0.8949622511863708,0.9048764109611511,0.91032475233078,0.89736407995224,0.8895911574363708,0.8913423418998718,0.9022364020347595,0.9113956689834595,0.9096860289573669,0.882380485534668,0.8779070377349854,4.0
710,1.0,0.0,0.0,0.0,0.0,0.0,0.0,0.0,0.0,0.0,0.0,1.0,1.0,0.0,0.910051703453064,0.9158620834350586,0.9029912352561951,0.8944303393363953,0.9067079424858093,0.912072479724884,0.8997653722763062,0.8905169367790222,0.8933843970298767,0.9039368629455566,0.9121621251106262,0.9082933068275452,0.8807494044303894,0.8724967837333679,2.0
711,0.0,0.0,0.0,0.0,1.0,1.0,1.0,1.0,0.0,0.0,0.0,1.0,1.0,0.0,0.9123588800430298,0.9206125736236572,0.9092676639556885,0.8999869227409363,0.9106770753860474,0.9155715107917786,0.9016786813735962,0.8920038938522339,0.8938131332397461,0.9070701003074646,0.9159730076789856,0.9106494784355164,0.8811463117599487,0.8751437067985535,2.0
712,0.0,0.0,1.0,1.0,0.0,0.0,0.0,0.0,1.0,1.0,0.0,1.0,1.0,0.0,0.9115782976150513,0.9193531274795532,0.9076991677284241,0.8989159464836121,0.9089450836181641,0.913854718208313,0.9010213613510132,0.8919369578361511,0.8937777280807495,0.9074922800064087,0.9156356453895569,0.9096596240997314,0.8810049891471863,0.8750993013381958,2.0
713,0.0,0.0,1.0,1.0,0.0,0.0,0.0,0.0,0.0,0.0,0.0,0.0,0.0,0.0,0.91062331199646,0.920300304889679,0.9090136289596558,0.8992666006088257,0.909809947013855,0.9139587879180908,0.8990106582641602,0.8898738622665405,0.8921410441398621,0.9048865437507629,0.914529025554657,0.9104989767074585,0.8804717063903809,0.8733356595039368,3.0
714,0.0,1.0,1.0,0.0,0.0,0.0,0.0,0.0,0.0,0.0,0.0,0.0,0.0,0.0,0.9122347831726074,0.9193563461303711,0.9057654142379761,0.8960181474685669,0.909809947013855,0.9146654605865479,0.9020238518714905,0.8922389149665833,0.8938936591148376,0.9047581553459167,0.9128821492195129,0.9078971147537231,0.8799877166748047,0.8755877017974854,2.0
715,1.0,1.0,0.0,0.0,0.0,1.0,1.0,0.0,0.0,0.0,0.0,0.0,0.0,0.0,0.9100807905197144,0.9164041876792908,0.9050338864326477,0.8967323303222656,0.9083568453788757,0.9137065410614014,0.901398777961731,0.8914047479629517,0.8931418657302856,0.9050644636154175,0.9137358665466309,0.9089717864990234,0.8801000714302063,0.8742294311523438,1.0
716,0.0,1.0,1.0,0.0,0.0,0.0,1.0,1.0,0.0,0.0,0.0,1.0,1.0,0.0,0.9115790128707886,0.9180840253829956,0.9049872159957886,0.8972805142402649,0.912084698677063,0.9171128869056702,0.9045401811599731,0.8938919901847839,0.8956083059310913,0.9071044325828552,0.9151893258094788,0.9084612727165222,0.8800654411315918,0.8756799697875977,3.0
717,0.0,0.0,0.0,0.0,0.0,0.0,0.0,1.0,1.0,0.0,0.0,0.0,0.0,0.0,0.9104506373405457,0.9163679480552673,0.9033477902412415,0.8943798542022705,0.9074267745018005,0.9122762084007263,0.8998357653617859,0.8917996287345886,0.8949215412139893,0.9042220115661621,0.9113436937332153,0.9063170552253723,0.8799442648887634,0.8733431696891785,3.0
718,1.0,0.0,0.0,0.0,0.0,0.0,0.0,0.0,0.0,0.0,0.0,1.0,1.0,0.0,0.9108616709709167,0.9183834195137024,0.9084105491638184,0.9001527428627014,0.9063840508460999,0.9107322096824646,0.896621584892273,0.8885242342948914,0.8906788229942322,0.9043658375740051,0.9143911600112915,0.9104727506637573,0.8806982040405273,0.8732718825340271,3.0
719,1.0,1.0,0.0,0.0,0.0,0.0,0.0,0.0,0.0,0.0,0.0,1.0,1.0,0.0,0.9118464589118958,0.9215956926345825,0.9100028276443481,0.9005759358406067,0.9122246503829956,0.9172957539558411,0.903201162815094,0.8929005861282349,0.8941827416419983,0.9070729613304138,0.9168043732643127,0.9113080501556396,0.881368100643158,0.8739532828330994,0.0
720,0.0,1.0,1.0,0.0,0.0,0.0,0.0,1.0,1.0,0.0,0.0,1.0,1.0,0.0,0.9095773696899414,0.9188727736473083,0.906764030456543,0.8945678472518921,0.9055383205413818,0.9102153182029724,0.8974608778953552,0.8901659846305847,0.8917292952537537,0.901398777961731,0.9101640582084656,0.9062970280647278,0.8770160675048828,0.8718541860580444,2.0
721,1.0,1.0,1.0,1.0,0.0,0.0,0.0,0.0,0.0,0.0,0.0,1.0,1.0,0.0,0.9105245471000671,0.9168736338615417,0.9042983651161194,0.8945846557617188,0.9068755507469177,0.9124835133552551,0.8986683487892151,0.889699399471283,0.8922225832939148,0.9029667377471924,0.9115926623344421,0.9080105423927307,0.8797082304954529,0.8704420924186707,2.0
722,0.0,0.0,0.0,0.0,0.0,0.0,1.0,1.0,0.0,0.0,0.0,1.0,1.0,0.0,0.9123548269271851,0.9206592440605164,0.9080647826194763,0.8981732726097107,0.9111228585243225,0.9161567687988281,0.9027734398841858,0.8923546075820923,0.8938710689544678,0.9056629538536072,0.9147964119911194,0.9090096354484558,0.8805727362632751,0.8752326965332031,2.0
723,0.0,0.0,0.0,0.0,1.0,1.0,0.0,0.0,0.0,0.0,0.0,1.0,1.0,0.0,0.909990668296814,0.9155673980712891,0.9054933190345764,0.8977909684181213,0.9047646522521973,0.9091399312019348,0.8965272307395935,0.8892993927001953,0.8914555907249451,0.9043130874633789,0.9132831692695618,0.9089717864990234,0.8808823227882385,0.8729938864707947,2.0
724,0.0,1.0,1.0,0.0,0.0,0.0,1.0,1.0,0.0,0.0,0.0,1.0,1.0,0.0,0.908788800239563,0.9133901596069336,0.9040912389755249,0.9013810157775879,0.904395341873169,0.9060259461402893,0.8916850090026855,0.8866090178489685,0.888022780418396,0.9017267823219299,0.912725567817688,0.9119459986686707,0.8829091191291809,0.8723722696304321,2.0
725,0.0,1.0,1.0,0.0,0.0,0.0,0.0,0.0,0.0,0.0,0.0,0.0,0.0,0.0,0.911598801612854,0.9194861054420471,0.9067176580429077,0.8986274600028992,0.9117674827575684,0.9165933132171631,0.9023469686508179,0.8916768431663513,0.8934102058410645,0.9054454565048218,0.9145317077636719,0.9092925190925598,0.8800504803657532,0.8744641542434692,3.0
726,0.0,0.0,1.0,1.0,0.0,0.0,1.0,1.0,0.0,0.0,0.0,1.0,1.0,0.0,0.9089093804359436,0.9172331690788269,0.9044370055198669,0.897926390171051,0.91038978099823,0.9167512655258179,0.9044684767723083,0.8929184675216675,0.8941313624382019,0.9071844220161438,0.9153234362602234,0.9079439043998718,0.878244161605835,0.8712924718856812,4.0
727,1.0,1.0,0.0,0.0,0.0,0.0,0.0,0.0,0.0,0.0,0.0,0.0,0.0,0.0,0.9105138778686523,0.9166374206542969,0.9055426716804504,0.897215723991394,0.9081180691719055,0.913399875164032,0.9002719521522522,0.8910776972770691,0.8925888538360596,0.9033374190330505,0.9125769138336182,0.9093945026397705,0.8810877203941345,0.8744193911552429,1.0
728,1.0,1.0,0.0,0.0,0.0,0.0,0.0,0.0,0.0,0.0,0.0,1.0,1.0,0.0,0.90866619348526,0.9110264182090759,0.9011800289154053,0.8974748849868774,0.9021233916282654,0.9026587605476379,0.8881290555000305,0.8851056098937988,0.8894444704055786,0.9028656482696533,0.9114833474159241,0.9091119766235352,0.8809635639190674,0.8739719390869141,4.0
729,0.0,0.0,0.0,0.0,1.0,1.0,0.0,0.0,0.0,0.0,0.0,1.0,1.0,0.0,0.9110637903213501,0.9183701872825623,0.9084256887435913,0.8988019227981567,0.9060460925102234,0.9099934697151184,0.8984086513519287,0.8916015028953552,0.893519937992096,0.9038101434707642,0.9133153557777405,0.9098120331764221,0.8820862174034119,0.8775541186332703,0.0
730,0.0,0.0,0.0,0.0,1.0,1.0,0.0,0.0,0.0,0.0,0.0,1.0,1.0,0.0,0.91069495677948,0.9206333756446838,0.9079865217208862,0.8982352018356323,0.91138756275177,0.9150840044021606,0.8996766805648804,0.890343189239502,0.8924798965454102,0.9046880006790161,0.9140613675117493,0.9087315201759338,0.8788890242576599,0.8713533282279968,2.0
731,1.0,0.0,0.0,0.0,0.0,0.0,0.0,1.0,1.0,0.0,0.0,0.0,0.0,0.0,0.911400556564331,0.9187089204788208,0.9059219360351562,0.8961681723594666,0.9100766777992249,0.9145979285240173,0.9015854597091675,0.8920480012893677,0.8940703868865967,0.9042690396308899,0.9120397567749023,0.9059436917304993,0.8782554864883423,0.8746426701545715,3.0
732,0.0,1.0,1.0,0.0,0.0,0.0,0.0,0.0,0.0,0.0,0.0,0.0,0.0,0.0,0.9093058109283447,0.9179747104644775,0.906009316444397,0.9000716209411621,0.9141519069671631,0.9190900325775146,0.9048632383346558,0.8929653763771057,0.8943077921867371,0.9072757363319397,0.9175077080726624,0.9119104743003845,0.8811786770820618,0.8744677901268005,3.0
733,0.0,0.0,0.0,0.0,1.0,1.0,0.0,0.0,0.0,0.0,0.0,1.0,1.0,0.0,0.9117435812950134,0.9202283024787903,0.9078171253204346,0.8988696932792664,0.9117292165756226,0.9166788458824158,0.9031448364257812,0.8930577039718628,0.8937906622886658,0.9055614471435547,0.9140080809593201,0.9079878330230713,0.8792354464530945,0.8744193911552429,0.0
734,1.0,0.0,0.0,0.0,0.0,0.0,0.0,0.0,0.0,0.0,0.0,0.0,0.0,0.0,0.9096059203147888,0.9149765968322754,0.905788242816925,0.8982284665107727,0.9047990441322327,0.9083638787269592,0.8955797553062439,0.8884806036949158,0.8906606435775757,0.9022214412689209,0.9123305082321167,0.9106659889221191,0.8826736211776733,0.8776524066925049,3.0
735,1.0,1.0,0.0,0.0,0.0,0.0,0.0,0.0,0.0,0.0,0.0,0.0,0.0,0.0,0.9100552201271057,0.9176425933837891,0.9066125154495239,0.9001080989837646,0.9096735119819641,0.912693202495575,0.8990967869758606,0.8904176950454712,0.8924017548561096,0.9060475826263428,0.9144362211227417,0.9093162417411804,0.8801640868186951,0.8743301033973694,3.0
736,0.0,1.0,1.0,0.0,0.0,0.0,0.0,0.0,0.0,0.0,0.0,1.0,1.0,0.0,0.9113792181015015,0.9180862307548523,0.9053866267204285,0.8965681195259094,0.9106481075286865,0.9162375330924988,0.9034040570259094,0.8932130932807922,0.8950808048248291,0.905134379863739,0.9139174818992615,0.9089956283569336,0.8807201981544495,0.8755063414573669,1.0
737,0.0,0.0,0.0,0.0,0.0,0.0,0.0,0.0,0.0,0.0,0.0,1.0,1.0,0.0,0.9122476577758789,0.920224666595459,0.9092941880226135,0.9003084897994995,0.9097598195075989,0.9148796200752258,0.9017297625541687,0.8921116590499878,0.8936940431594849,0.9068526029586792,0.9157509207725525,0.910714328289032,0.8815479278564453,0.8765779137611389,3.0
738,1.0,1.0,0.0,0.0,0.0,0.0,0.0,0.0,0.0,0.0,0.0,1.0,1.0,0.0,0.9110816717147827,0.9187103509902954,0.9082898497581482,0.899315595626831,0.9079778790473938,0.9129952788352966,0.8995388150215149,0.8904011249542236,0.8922128081321716,0.9044303894042969,0.9142369627952576,0.9107515215873718,0.8816492557525635,0.8732832074165344,4.0
739,0.0,0.0,0.0,0.0,0.0,1.0,1.0,0.0,0.0,1.0,1.0,0.0,0.0,0.0,0.911085844039917,0.9189268946647644,0.9060516953468323,0.8960102200508118,0.9095898866653442,0.9142184853553772,0.9010939598083496,0.891079306602478,0.8927042484283447,0.9031270742416382,0.9115598797798157,0.9061175584793091,0.878145158290863,0.873223066329956,3.0
740,1.0,1.0,0.0,0.0,0.0,0.0,0.0,0.0,0.0,0.0,0.0,1.0,1.0,0.0,0.9092112183570862,0.908671498298645,0.8962185978889465,0.893998920917511,0.8981577157974243,0.8983297944068909,0.8845943212509155,0.8830782175064087,0.8891958594322205,0.9016966819763184,0.9086668491363525,0.9073455929756165,0.880085289478302,0.8728020787239075,4.0
741,0.0,0.0,0.0,0.0,0.0,1.0,1.0,0.0,0.0,0.0,0.0,1.0,1.0,0.0,0.9119527339935303,0.9205679297447205,0.9086556434631348,0.900439977645874,0.9132226705551147,0.9173831343650818,0.9026126265525818,0.8922991752624512,0.8940125107765198,0.9060475826263428,0.9153234362602234,0.9100669622421265,0.8809784650802612,0.8752585053443909,1.0
742,1.0,1.0,1.0,0.0,0.0,0.0,0.0,0.0,0.0,1.0,1.0,0.0,0.0,0.0,0.9082142114639282,0.9182138442993164,0.9092407822608948,0.9021362066268921,0.9092925190925598,0.9143048524856567,0.9012434482574463,0.8909294605255127,0.892276406288147,0.9054454565048218,0.9157509207725525,0.9107170104980469,0.8789833188056946,0.8704994320869446,1.0
743,1.0,1.0,0.0,0.0,0.0,0.0,0.0,0.0,0.0,0.0,0.0,0.0,0.0,0.0,0.9104968905448914,0.9177616834640503,0.9069929122924805,0.8992072939872742,0.9068254828453064,0.9114546179771423,0.8984860181808472,0.8895178437232971,0.8913242220878601,0.9043043255805969,0.9140481352806091,0.9102957248687744,0.8816094398498535,0.8718580007553101,2.0
744,0.0,0.0,0.0,0.0,1.0,1.0,1.0,1.0,0.0,0.0,0.0,1.0,1.0,0.0,0.9117476344108582,0.9198135733604431,0.9069246053695679,0.8986822962760925,0.9129522442817688,0.9170845150947571,0.9034528732299805,0.8931580185890198,0.8940895795822144,0.9053031802177429,0.9136208295822144,0.9066692590713501,0.8786015510559082,0.874564528465271,0.0
745,0.0,0.0,0.0,0.0,0.0,0.0,0.0,0.0,0.0,1.0,1.0,0.0,0.0,0.0,0.9117844104766846,0.9200451374053955,0.9086816310882568,0.8997707962989807,0.9106977581977844,0.9158684611320496,0.9020687341690063,0.8922144174575806,0.8939659595489502,0.9065600633621216,0.9160460233688354,0.9110679626464844,0.8815581202507019,0.8736317157745361,2.0
746,0.0,0.0,1.0,1.0,0.0,0.0,0.0,0.0,0.0,0.0,0.0,1.0,1.0,0.0,0.9107018709182739,0.919523298740387,0.9086577296257019,0.9006578922271729,0.9115803837776184,0.9171193242073059,0.9036065340042114,0.8929330110549927,0.8939434289932251,0.9063732624053955,0.9164103865623474,0.9108163118362427,0.8805158734321594,0.8728886246681213,1.0
747,0.0,0.0,1.0,1.0,0.0,0.0,0.0,0.0,0.0,0.0,0.0,0.0,0.0,0.0,0.9115387201309204,0.9171770811080933,0.9064953923225403,0.8966012001037598,0.9054323434829712,0.910836935043335,0.8991244435310364,0.8915506601333618,0.8936553597450256,0.9038278460502625,0.9124496579170227,0.9097069501876831,0.8828473687171936,0.8799564242362976,4.0
748,0.0,0.0,1.0,1.0,0.0,0.0,0.0,0.0,0.0,0.0,0.0,1.0,1.0,0.0,0.9117933511734009,0.9195823669433594,0.9082639813423157,0.8991851806640625,0.9103150963783264,0.9155518412590027,0.9025321006774902,0.8927432298660278,0.8938871622085571,0.905657172203064,0.9147250056266785,0.9102070331573486,0.8815129995346069,0.8762253522872925,1.0
749,0.0,0.0,1.0,1.0,0.0,0.0,0.0,0.0,0.0,0.0,0.0,1.0,1.0,0.0,0.8969871997833252,0.9109772443771362,0.9086556434631348,0.9121716618537903,0.9106351733207703,0.9030735492706299,0.884563148021698,0.8789066076278687,0.8835325837135315,0.8991460204124451,0.912094235420227,0.9147607088088989,0.8796256184577942,0.8581833839416504,3.0
750,0.0,0.0,0.0,0.0,0.0,0.0,0.0,0.0,0.0,0.0,0.0,1.0,1.0,0.0,0.9080699682235718,0.9179776906967163,0.9048705697059631,0.8927488923072815,0.9061600565910339,0.9117769598960876,0.8991398811340332,0.8896660804748535,0.8896260857582092,0.8999273777008057,0.908711850643158,0.9032515287399292,0.8740699291229248,0.8689820766448975,3.0
751,1.0,0.0,0.0,0.0,0.0,0.0,0.0,0.0,0.0,0.0,0.0,1.0,1.0,0.0,0.9101183414459229,0.9180539846420288,0.908845067024231,0.8990867733955383,0.9067122340202332,0.9117142558097839,0.8985726833343506,0.8902670741081238,0.8920561671257019,0.9048486948013306,0.9153996706008911,0.9123806357383728,0.883420467376709,0.8774045705795288,3.0
752,0.0,0.0,0.0,1.0,1.0,0.0,0.0,0.0,0.0,0.0,0.0,1.0,1.0,0.0,0.9007580280303955,0.9131144285202026,0.910093367099762,0.9094693660736084,0.9101613163948059,0.9069657921791077,0.8900697827339172,0.88340163230896,0.8865391612052917,0.9012721180915833,0.9136664271354675,0.9144919514656067,0.8801828026771545,0.8617621064186096,1.0
753,0.0,0.0,0.0,0.0,0.0,1.0,1.0,0.0,0.0,1.0,1.0,0.0,0.0,0.0,0.9122803211212158,0.9199821352958679,0.9082621932029724,0.8973859548568726,0.9077268838882446,0.9124212861061096,0.9007458090782166,0.8921589851379395,0.8938164114952087,0.9045884609222412,0.9127282500267029,0.9080140590667725,0.8807017207145691,0.8756430745124817,4.0
754,0.0,0.0,1.0,1.0,0.0,0.0,0.0,0.0,0.0,0.0,0.0,0.0,0.0,0.0,0.9105370044708252,0.9179342985153198,0.9043310284614563,0.893402099609375,0.9079141020774841,0.9122246503829956,0.899311900138855,0.8906738758087158,0.892000675201416,0.9026632308959961,0.9102805256843567,0.9041765332221985,0.8767845630645752,0.873054027557373,2.0
755,1.0,1.0,0.0,0.0,0.0,0.0,0.0,0.0,0.0,0.0,0.0,0.0,0.0,0.0,0.9106063842773438,0.9163442254066467,0.9051707983016968,0.8971015214920044,0.905994176864624,0.9110350012779236,0.8981887698173523,0.8895378708839417,0.8908915519714355,0.9025887250900269,0.9122870564460754,0.9095355272293091,0.8810263872146606,0.8720585703849792,0.0
756,0.0,1.0,1.0,0.0,0.0,0.0,0.0,0.0,0.0,0.0,0.0,1.0,1.0,0.0,0.9095166921615601,0.919910728931427,0.9081031084060669,0.8976145386695862,0.9099655747413635,0.9144282341003418,0.8995848298072815,0.8901095986366272,0.8923855423927307,0.9043629169464111,0.914074718952179,0.9106149673461914,0.8810491561889648,0.8715963959693909,1.0
757,0.0,1.0,1.0,1.0,0.0,0.0,0.0,0.0,0.0,0.0,0.0,1.0,1.0,0.0,0.9113984704017639,0.9190776944160461,0.9072860479354858,0.8985633254051208,0.9084978699684143,0.9137412309646606,0.9009910821914673,0.8919010162353516,0.8936392664909363,0.9072015881538391,0.9154233336448669,0.9098808169364929,0.8811394572257996,0.8751400709152222,2.0
758,1.0,1.0,0.0,0.0,0.0,0.0,0.0,0.0,0.0,0.0,0.0,0.0,0.0,0.0,0.9109359383583069,0.9183608293533325,0.9054309725761414,0.8957366943359375,0.9102001190185547,0.9144734144210815,0.9007489085197449,0.8911007046699524,0.8927594423294067,0.9038248658180237,0.9118492007255554,0.9056354761123657,0.8776513934135437,0.8733019232749939,3.0
759,1.0,1.0,1.0,1.0,1.0,0.0,0.0,0.0,0.0,0.0,0.0,0.0,0.0,1.0,0.9016290307044983,0.9152675867080688,0.909961462020874,0.9064157605171204,0.9098533987998962,0.9123588800430298,0.8976712822914124,0.8878540992736816,0.8899121284484863,0.9036951661109924,0.9152287840843201,0.91166090965271,0.8774283528327942,0.8644663095474243,0.0
760,0.0,1.0,1.0,1.0,0.0,0.0,0.0,0.0,0.0,0.0,0.0,1.0,1.0,0.0,0.9119575023651123,0.9188504219055176,0.9069671630859375,0.8964029550552368,0.9080416560173035,0.9130182266235352,0.9009215235710144,0.8923708200454712,0.8943910598754883,0.9043805599212646,0.9114997386932373,0.9067968130111694,0.8800839185714722,0.8758239150047302,4.0
761,0.0,0.0,0.0,1.0,1.0,0.0,0.0,0.0,0.0,0.0,0.0,1.0,1.0,0.0,0.9079793691635132,0.9174153208732605,0.908038854598999,0.9002906084060669,0.9067803025245667,0.9116514325141907,0.8980661630630493,0.8886669278144836,0.8901527523994446,0.9032248854637146,0.913805365562439,0.9106659889221191,0.8792121410369873,0.8664836287498474,4.0
762,0.0,0.0,1.0,1.0,0.0,0.0,0.0,0.0,0.0,0.0,0.0,1.0,1.0,0.0,0.9113162755966187,0.9200026392936707,0.9087115526199341,0.9002521634101868,0.9104741215705872,0.91483074426651,0.9016124606132507,0.8915950059890747,0.893581211566925,0.9065026640892029,0.9154731631278992,0.9102763533592224,0.8809551000595093,0.8763759732246399,3.0
763,1.0,1.0,1.0,1.0,0.0,0.0,0.0,0.0,0.0,0.0,0.0,1.0,1.0,0.0,0.9100017547607422,0.918682873249054,0.9063496589660645,0.895233690738678,0.9085161685943604,0.9128052592277527,0.9007594585418701,0.8920741081237793,0.8920921087265015,0.9028864502906799,0.9096665382385254,0.9032137989997864,0.8755618333816528,0.8702698945999146,4.0
764,1.0,1.0,0.0,0.0,0.0,0.0,0.0,0.0,0.0,0.0,0.0,0.0,0.0,0.0,0.9048033952713013,0.9147592782974243,0.90874844789505,0.9043827056884766,0.9067581295967102,0.9088553190231323,0.894723653793335,0.8865203857421875,0.8885158896446228,0.9022722244262695,0.9134628772735596,0.9106577634811401,0.8782075047492981,0.8664326071739197,1.0
765,1.0,0.0,0.0,0.0,0.0,0.0,0.0,0.0,0.0,0.0,0.0,1.0,1.0,0.0,0.9108203649520874,0.9199082255363464,0.9075829982757568,0.8952351808547974,0.9048063158988953,0.9104852080345154,0.8992904424667358,0.8918192386627197,0.893025279045105,0.9030112624168396,0.9121105670928955,0.9085781574249268,0.8797845840454102,0.8741772174835205,0.0
766,1.0,1.0,0.0,1.0,1.0,0.0,0.0,0.0,0.0,0.0,0.0,1.0,1.0,0.0,0.9114655256271362,0.9214134812355042,0.9102292060852051,0.9001150727272034,0.9114751219749451,0.9167047142982483,0.9022572636604309,0.8918666839599609,0.8936134576797485,0.906223475933075,0.9169077277183533,0.9123480916023254,0.881682813167572,0.8723911643028259,4.0
767,0.0,0.0,1.0,1.0,0.0,0.0,0.0,0.0,0.0,0.0,0.0,1.0,1.0,0.0,0.9115407466888428,0.9192871451377869,0.9078659415245056,0.8991421461105347,0.9094056487083435,0.9151840209960938,0.9025827646255493,0.8923692107200623,0.893714964389801,0.906223475933075,0.9155963659286499,0.9106550216674805,0.8812989592552185,0.8744641542434692,0.0
768,0.0,0.0,1.0,1.0,0.0,0.0,0.0,0.0,0.0,1.0,1.0,1.0,1.0,0.0,0.9091907143592834,0.9157137274742126,0.9070044159889221,0.9003096222877502,0.9047975540161133,0.9082311391830444,0.8943686485290527,0.8873382210731506,0.8897259831428528,0.9038572907447815,0.9134896993637085,0.909596860408783,0.8799448013305664,0.8724364042282104,4.0
769,0.0,0.0,0.0,0.0,1.0,1.0,0.0,0.0,0.0,0.0,0.0,1.0,1.0,0.0,0.912105143070221,0.9202224612236023,0.9087386131286621,0.8983282446861267,0.9092113971710205,0.9136409163475037,0.9011966586112976,0.89218670129776,0.8932809829711914,0.9051460027694702,0.9131514430046082,0.9077651500701904,0.8800874352455139,0.8749026656150818,4.0
770,0.0,0.0,0.0,0.0,1.0,1.0,1.0,1.0,0.0,0.0,0.0,1.0,1.0,0.0,0.9104644656181335,0.9197326302528381,0.9072484374046326,0.8958893418312073,0.9080373644828796,0.9126310348510742,0.8997195363044739,0.8910447359085083,0.8926522731781006,0.9025797843933105,0.9106784462928772,0.9057056903839111,0.8776435256004333,0.8730728626251221,3.0
771,1.0,1.0,1.0,1.0,0.0,0.0,0.0,0.0,0.0,0.0,0.0,1.0,1.0,0.0,0.9093477129936218,0.9144866466522217,0.9029957056045532,0.8951007723808289,0.9065155982971191,0.9120602011680603,0.8990998864173889,0.8901975154876709,0.8918355703353882,0.9038514494895935,0.9123765230178833,0.9080798029899597,0.8791148662567139,0.8718996047973633,1.0
772,0.0,0.0,0.0,1.0,1.0,0.0,0.0,0.0,0.0,0.0,0.0,1.0,1.0,0.0,0.8979769349098206,0.9107879996299744,0.9091413617134094,0.9125142097473145,0.911155104637146,0.9038278460502625,0.8858363628387451,0.8801854848861694,0.8845492601394653,0.8998785018920898,0.9132965803146362,0.9159637689590454,0.8811130523681641,0.8601608872413635,1.0
773,0.0,0.0,0.0,0.0,1.0,1.0,1.0,1.0,0.0,0.0,0.0,1.0,1.0,0.0,0.9088734984397888,0.9151235222816467,0.9064393639564514,0.8986569046974182,0.9053059816360474,0.9100794196128845,0.8962122797966003,0.8883747458457947,0.8896560668945312,0.9016034603118896,0.9126067161560059,0.9112313389778137,0.882641613483429,0.8750177621841431,4.0
774,1.0,1.0,0.0,0.0,0.0,0.0,0.0,0.0,0.0,0.0,0.0,1.0,1.0,0.0,0.9115297794342041,0.9182910323143005,0.905997097492218,0.8976852893829346,0.9091217517852783,0.914525032043457,0.9013218879699707,0.8913718461990356,0.8931580185890198,0.9059089422225952,0.9146084785461426,0.9094475507736206,0.8803852200508118,0.8726325631141663,2.0
775,0.0,1.0,1.0,0.0,0.0,0.0,0.0,0.0,0.0,0.0,0.0,0.0,0.0,0.0,0.9071686863899231,0.9161072373390198,0.900457501411438,0.8897659182548523,0.9083356857299805,0.9134990572929382,0.9000281691551208,0.8896211385726929,0.8911681771278381,0.9014438986778259,0.9088777303695679,0.901250958442688,0.8722403645515442,0.8669419288635254,4.0
776,0.0,0.0,1.0,1.0,0.0,0.0,0.0,0.0,0.0,0.0,0.0,1.0,1.0,0.0,0.9103178381919861,0.9202792644500732,0.9095427989959717,0.8992596864700317,0.908897340297699,0.9143525958061218,0.9011392593383789,0.8921329379081726,0.8933553099632263,0.9056397676467896,0.9156776666641235,0.9113286733627319,0.8815394639968872,0.8741958737373352,2.0
777,0.0,1.0,1.0,0.0,0.0,0.0,0.0,0.0,0.0,1.0,1.0,0.0,0.0,0.0,0.9106191396713257,0.9189379811286926,0.9061653017997742,0.8947651982307434,0.9073056578636169,0.9118874073028564,0.8993303179740906,0.8908849954605103,0.8917946815490723,0.9019758105278015,0.910116970539093,0.9049318432807922,0.8766589760780334,0.8721380233764648,2.0
778,1.0,0.0,0.0,0.0,0.0,0.0,0.0,0.0,0.0,0.0,0.0,1.0,1.0,0.0,0.9091784954071045,0.9145825505256653,0.904707670211792,0.897614061832428,0.9052537679672241,0.9088398218154907,0.896278440952301,0.8891541361808777,0.8922780156135559,0.9040839672088623,0.9123548269271851,0.908440113067627,0.8809424638748169,0.8740280270576477,2.0
779,0.0,0.0,0.0,1.0,1.0,0.0,0.0,0.0,0.0,0.0,0.0,1.0,1.0,0.0,0.909306526184082,0.9122205972671509,0.9033492803573608,0.8966386914253235,0.9021002054214478,0.9057440161705017,0.8928908705711365,0.8870565295219421,0.8892192244529724,0.9007003903388977,0.9114094376564026,0.9101793766021729,0.8828635811805725,0.8799278140068054,4.0
780,1.0,0.0,0.0,0.0,0.0,1.0,1.0,1.0,0.0,0.0,0.0,1.0,1.0,0.0,0.908911406993866,0.9151014685630798,0.904147207736969,0.8957580327987671,0.9047508239746094,0.908716082572937,0.8964108228683472,0.8887692093849182,0.8921018838882446,0.9029102921485901,0.911228597164154,0.9082552194595337,0.8811372518539429,0.8730202317237854,2.0
781,0.0,1.0,1.0,0.0,0.0,0.0,0.0,0.0,0.0,1.0,1.0,1.0,1.0,0.0,0.9114134907722473,0.9188498258590698,0.9062343239784241,0.8967598080635071,0.910679817199707,0.9147937297821045,0.9020297527313232,0.8924017548561096,0.8927366733551025,0.9035386443138123,0.9115434288978577,0.9055041670799255,0.8776301145553589,0.8738598227500916,1.0
782,0.0,0.0,0.0,0.0,0.0,0.0,0.0,0.0,0.0,1.0,1.0,1.0,1.0,0.0,0.9113984704017639,0.9176343083381653,0.9090496301651001,0.9017011523246765,0.9075562953948975,0.9099461436271667,0.8980087637901306,0.8914391398429871,0.8933261632919312,0.9046880006790161,0.9141784906387329,0.9112573862075806,0.8834011554718018,0.8790328502655029,0.0
783,1.0,1.0,0.0,0.0,0.0,0.0,0.0,0.0,0.0,0.0,0.0,1.0,1.0,0.0,0.9100711345672607,0.9188539385795593,0.9081958532333374,0.9011113047599792,0.911264181137085,0.9157809019088745,0.9017928838729858,0.8914408087730408,0.8931807279586792,0.9068412184715271,0.9163246154785156,0.9113258719444275,0.8810566067695618,0.8764054179191589,3.0
784,0.0,0.0,0.0,1.0,1.0,0.0,0.0,0.0,0.0,0.0,0.0,1.0,1.0,0.0,0.8982476592063904,0.9094167947769165,0.9072571992874146,0.9101963639259338,0.9093002080917358,0.9021406173706055,0.8837766051292419,0.8785018920898438,0.8830904960632324,0.8987146615982056,0.9115544557571411,0.9152208566665649,0.8796157836914062,0.8568347692489624,4.0
785,0.0,0.0,0.0,1.0,1.0,1.0,0.0,0.0,0.0,0.0,0.0,1.0,1.0,0.0,0.9120004177093506,0.9196342825889587,0.9074812531471252,0.8992873430252075,0.9108905792236328,0.9145767688751221,0.902080774307251,0.8923676013946533,0.8929637670516968,0.9043453335762024,0.9130761027336121,0.9079722166061401,0.8794777989387512,0.8751437067985535,0.0
786,0.0,1.0,1.0,0.0,0.0,0.0,0.0,1.0,1.0,1.0,1.0,1.0,1.0,0.0,0.908866822719574,0.9169406890869141,0.9005711674690247,0.8944662809371948,0.9140893220901489,0.9167641401290894,0.9012147784233093,0.889614462852478,0.8892425894737244,0.9002019166946411,0.9094182848930359,0.9031937718391418,0.8732622861862183,0.8656852841377258,1.0
787,1.0,1.0,0.0,0.0,0.0,0.0,0.0,0.0,0.0,1.0,1.0,0.0,0.0,0.0,0.9095850586891174,0.9171760082244873,0.9015843868255615,0.8904772400856018,0.9081845283508301,0.9129528403282166,0.899811327457428,0.8901494145393372,0.8912569284439087,0.9005212783813477,0.9073840975761414,0.9006897211074829,0.8735703825950623,0.8702929019927979,1.0
788,0.0,0.0,1.0,1.0,0.0,0.0,0.0,0.0,0.0,0.0,0.0,1.0,1.0,0.0,0.9041397571563721,0.915976881980896,0.9101932048797607,0.9049515128135681,0.9077431559562683,0.9107845425605774,0.8972063064575195,0.8876665830612183,0.8892075419425964,0.9026960134506226,0.9145157337188721,0.910686731338501,0.8774128556251526,0.8645576238632202,1.0
789,0.0,1.0,1.0,1.0,0.0,0.0,0.0,0.0,0.0,0.0,0.0,1.0,1.0,0.0,0.9124788641929626,0.9195018410682678,0.9060302376747131,0.8973780870437622,0.9125404357910156,0.9175372123718262,0.903986930847168,0.8931694030761719,0.8947269320487976,0.9052507877349854,0.9141891598701477,0.9086317420005798,0.8799905180931091,0.8756356835365295,1.0
790,0.0,1.0,1.0,0.0,0.0,0.0,0.0,0.0,0.0,0.0,0.0,1.0,1.0,0.0,0.9102382063865662,0.9188982844352722,0.9083942174911499,0.8990967869758606,0.9091861844062805,0.9151827096939087,0.902942955493927,0.8922616839408875,0.892569363117218,0.9039633274078369,0.9146985411643982,0.9121702909469604,0.8824640512466431,0.8736915588378906,1.0
791,0.0,0.0,1.0,1.0,0.0,0.0,0.0,0.0,0.0,1.0,1.0,1.0,1.0,0.0,0.9121187329292297,0.9195881485939026,0.9077545404434204,0.898176372051239,0.9095062613487244,0.9148796200752258,0.9018558859825134,0.8922421336174011,0.8940382599830627,0.9057643413543701,0.9143247604370117,0.9088383316993713,0.8805752992630005,0.8743822574615479,4.0
792,0.0,0.0,1.0,1.0,0.0,0.0,0.0,0.0,0.0,0.0,0.0,1.0,1.0,1.0,0.9111455082893372,0.9174100756645203,0.9018487334251404,0.8921166062355042,0.9095620512962341,0.9145064949989319,0.9011573791503906,0.8912700414657593,0.8924863934516907,0.9017778635025024,0.9091945290565491,0.903356671333313,0.8754310607910156,0.8711859583854675,1.0
793,0.0,0.0,0.0,0.0,1.0,1.0,0.0,0.0,0.0,0.0,0.0,0.0,0.0,0.0,0.9113532900810242,0.918635368347168,0.9066089391708374,0.898055374622345,0.9096582531929016,0.9148967862129211,0.9016937017440796,0.8920773863792419,0.8932616114616394,0.9047259092330933,0.913850724697113,0.9094336628913879,0.8807030916213989,0.8728547096252441,3.0
794,1.0,0.0,1.0,1.0,0.0,0.0,0.0,0.0,0.0,0.0,0.0,0.0,0.0,0.0,0.9087091088294983,0.9162453413009644,0.9031870365142822,0.897446870803833,0.9132696986198425,0.9180819988250732,0.9051169157028198,0.8940125107765198,0.8947875499725342,0.9078730344772339,0.9159886240959167,0.9089906811714172,0.8794023990631104,0.8740503191947937,3.0
795,0.0,0.0,0.0,0.0,1.0,1.0,0.0,0.0,0.0,0.0,0.0,1.0,1.0,0.0,0.9113354682922363,0.9202914237976074,0.9080644845962524,0.8992090821266174,0.9124252796173096,0.9163805246353149,0.9015343189239502,0.8917129039764404,0.8946278691291809,0.906680703163147,0.9155439138412476,0.9090600609779358,0.8800367712974548,0.8728284239768982,4.0
796,0.0,0.0,1.0,1.0,0.0,0.0,0.0,0.0,0.0,0.0,0.0,1.0,1.0,0.0,0.9094922542572021,0.9186498522758484,0.9056973457336426,0.8940750956535339,0.9066634774208069,0.912128210067749,0.8996720910072327,0.8903383016586304,0.8900283575057983,0.9001713991165161,0.9086893796920776,0.9037504196166992,0.8751367926597595,0.8700131773948669,3.0
797,0.0,0.0,1.0,1.0,0.0,0.0,0.0,0.0,0.0,0.0,0.0,1.0,1.0,0.0,0.912135660648346,0.9210731387138367,0.9092706441879272,0.8994898200035095,0.9111146330833435,0.9158973097801208,0.9013022184371948,0.891179621219635,0.8926814794540405,0.905900239944458,0.915391743183136,0.9104188084602356,0.8808704018592834,0.8742108345031738,4.0
798,0.0,0.0,1.0,1.0,0.0,0.0,0.0,0.0,0.0,0.0,0.0,1.0,1.0,0.0,0.9125282168388367,0.9185815453529358,0.9072186350822449,0.8976494669914246,0.9062191843986511,0.9110720753669739,0.898890495300293,0.8913291692733765,0.8928113579750061,0.9043307304382324,0.9134816527366638,0.9101460576057434,0.8830488920211792,0.8792563080787659,0.0
799,0.0,0.0,0.0,1.0,1.0,0.0,0.0,0.0,0.0,0.0,0.0,1.0,1.0,0.0,0.9051518440246582,0.9170336127281189,0.9101862907409668,0.9049241542816162,0.9077871441841125,0.91069495677948,0.8964139819145203,0.8877155780792236,0.8895511627197266,0.9039427042007446,0.9153891801834106,0.9116964936256409,0.8791031241416931,0.8668714761734009,2.0
800,1.0,1.0,0.0,0.0,0.0,0.0,0.0,0.0,0.0,0.0,0.0,1.0,1.0,0.0,0.9122524261474609,0.918586790561676,0.9073900580406189,0.8970498442649841,0.9050644636154175,0.9101307988166809,0.8989213109016418,0.8914145231246948,0.8931353688240051,0.9038985371589661,0.9133260846138,0.9102541208267212,0.882506787776947,0.8786971569061279,0.0
801,0.0,0.0,0.0,0.0,1.0,1.0,0.0,0.0,0.0,0.0,0.0,1.0,1.0,0.0,0.9113902449607849,0.9184415340423584,0.9062818288803101,0.8971906900405884,0.9090138673782349,0.9141319990158081,0.9026274681091309,0.8934231400489807,0.8953385949134827,0.9074495434761047,0.9141200184822083,0.9076273441314697,0.8804126977920532,0.8750510811805725,4.0
802,0.0,1.0,1.0,0.0,0.0,0.0,0.0,0.0,0.0,0.0,0.0,1.0,1.0,0.0,0.9060570001602173,0.9129183888435364,0.9013606905937195,0.8925221562385559,0.9040325284004211,0.9099503755569458,0.8967000842094421,0.8873161673545837,0.8887758851051331,0.8984612822532654,0.9084528088569641,0.9082707762718201,0.8804775476455688,0.8678545355796814,0.0
803,0.0,0.0,1.0,1.0,0.0,0.0,0.0,0.0,0.0,0.0,0.0,1.0,1.0,0.0,0.9069750905036926,0.9157809019088745,0.9048932194709778,0.8990722298622131,0.9109318852424622,0.9156913161277771,0.9014319181442261,0.8898622989654541,0.8906440734863281,0.9054715633392334,0.915604293346405,0.910331666469574,0.8785719871520996,0.8717897534370422,3.0
804,0.0,0.0,0.0,0.0,0.0,0.0,0.0,0.0,0.0,1.0,1.0,0.0,0.0,0.0,0.9127945303916931,0.9188441634178162,0.9079803228378296,0.8985602259635925,0.9070229530334473,0.9113190770149231,0.898939847946167,0.8912503719329834,0.8937198519706726,0.9061946868896484,0.9140826463699341,0.9097375273704529,0.8820698857307434,0.8770138025283813,4.0
805,1.0,0.0,0.0,0.0,0.0,0.0,0.0,0.0,0.0,0.0,0.0,1.0,1.0,0.0,0.9116472601890564,0.9185563921928406,0.9066075086593628,0.8973383903503418,0.9106149673461914,0.9151880145072937,0.9017237424850464,0.8918094038963318,0.8942629098892212,0.9058569073677063,0.9137812852859497,0.9077922105789185,0.8791625499725342,0.8744753003120422,3.0
806,0.0,1.0,1.0,0.0,0.0,0.0,1.0,1.0,0.0,0.0,0.0,1.0,1.0,0.0,0.9111407995223999,0.9197966456413269,0.9081922769546509,0.8997815251350403,0.9100475311279297,0.9155570864677429,0.9024484753608704,0.8924457430839539,0.8935779929161072,0.9078531861305237,0.916721522808075,0.9104021787643433,0.8811081647872925,0.8752622604370117,2.0
807,0.0,1.0,1.0,1.0,1.0,1.0,0.0,0.0,0.0,1.0,1.0,1.0,1.0,0.0,0.9119806885719299,0.9202795028686523,0.9084651470184326,0.9002262353897095,0.9122124314308167,0.9171257615089417,0.9031626582145691,0.8925645351409912,0.8940511345863342,0.906568706035614,0.915774405002594,0.9101391434669495,0.8810346722602844,0.8758164644241333,1.0
808,0.0,0.0,1.0,1.0,0.0,0.0,0.0,0.0,0.0,0.0,0.0,1.0,1.0,0.0,0.9114772081375122,0.9182743430137634,0.9073598384857178,0.8987146615982056,0.9096248149871826,0.9141772389411926,0.9011180400848389,0.8917309045791626,0.8936360478401184,0.9061225652694702,0.9146773219108582,0.9093029499053955,0.8808883428573608,0.8764017224311829,1.0
809,0.0,1.0,1.0,0.0,0.0,0.0,0.0,0.0,0.0,0.0,0.0,0.0,0.0,0.0,0.9113532900810242,0.920085608959198,0.9075497984886169,0.8962391018867493,0.9076544046401978,0.9125863909721375,0.9009639024734497,0.8922552466392517,0.8925938010215759,0.9024336338043213,0.911611795425415,0.9071007966995239,0.8785440325737,0.8732531070709229,0.0
810,1.0,1.0,0.0,0.0,0.0,0.0,0.0,0.0,0.0,0.0,0.0,1.0,1.0,0.0,0.9078854322433472,0.9124144315719604,0.9039618968963623,0.9005486369132996,0.902601420879364,0.9050338864326477,0.8903630375862122,0.8843291997909546,0.8877054452896118,0.9013505578041077,0.9115681052207947,0.9075207114219666,0.8777705430984497,0.8683320879936218,1.0
811,1.0,1.0,0.0,0.0,0.0,0.0,0.0,1.0,1.0,0.0,0.0,1.0,1.0,0.0,0.9105266332626343,0.9187102317810059,0.9080168008804321,0.9002551436424255,0.9087702035903931,0.9136596322059631,0.9004665613174438,0.8910759687423706,0.8921605944633484,0.9046674966812134,0.9143539667129517,0.9106618165969849,0.8815483450889587,0.873223066329956,3.0
812,0.0,0.0,0.0,0.0,1.0,1.0,0.0,0.0,0.0,0.0,0.0,1.0,1.0,0.0,0.9085648059844971,0.919388473033905,0.9057583808898926,0.8960971236228943,0.9119200706481934,0.9148557782173157,0.8977023959159851,0.8882351517677307,0.8913718461990356,0.9041515588760376,0.9142822027206421,0.9089900255203247,0.8782673478126526,0.8663580417633057,2.0
813,0.0,0.0,0.0,1.0,1.0,0.0,0.0,0.0,0.0,0.0,0.0,1.0,1.0,0.0,0.9089394807815552,0.9172776937484741,0.9059901237487793,0.897918701171875,0.9077751040458679,0.9128389954566956,0.899860143661499,0.8907580375671387,0.8920561671257019,0.9037541151046753,0.9133877754211426,0.9105541706085205,0.8819240927696228,0.875336229801178,2.0
814,1.0,1.0,0.0,0.0,0.0,0.0,0.0,0.0,0.0,0.0,0.0,0.0,0.0,0.0,0.9116008877754211,0.9201107025146484,0.9102111458778381,0.9005205035209656,0.9081619381904602,0.9127431511878967,0.8993671536445618,0.8910382390022278,0.8927594423294067,0.9057382345199585,0.9158737063407898,0.9122545123100281,0.8827873468399048,0.8771636486053467,3.0
815,0.0,0.0,1.0,1.0,0.0,0.0,0.0,0.0,0.0,0.0,0.0,1.0,1.0,0.0,0.9115325212478638,0.9186326265335083,0.9079219698905945,0.8979419469833374,0.9072242975234985,0.9125863909721375,0.9005820155143738,0.8920611143112183,0.8936231136322021,0.9045094847679138,0.913722574710846,0.9103856086730957,0.8829021453857422,0.8779796957969666,4.0
816,1.0,1.0,0.0,0.0,0.0,0.0,0.0,0.0,0.0,0.0,0.0,0.0,0.0,0.0,0.9123514294624329,0.9198368191719055,0.9068755507469177,0.8980956673622131,0.9113354682922363,0.9156291484832764,0.9019519090652466,0.8917259573936462,0.8934199213981628,0.9053641557693481,0.9140640497207642,0.9082537293434143,0.8796422481536865,0.8745422959327698,2.0
817,0.0,0.0,0.0,1.0,1.0,0.0,0.0,0.0,0.0,0.0,0.0,1.0,1.0,0.0,0.9110772609710693,0.9142686724662781,0.9041236042976379,0.8975170254707336,0.9043687582015991,0.9075691103935242,0.8951222896575928,0.8891055583953857,0.8920937180519104,0.9041104316711426,0.9130141735076904,0.9100614786148071,0.8830259442329407,0.8784656524658203,1.0
818,0.0,0.0,0.0,1.0,1.0,0.0,0.0,0.0,0.0,0.0,0.0,1.0,1.0,0.0,0.8961129188537598,0.9084880352020264,0.906481146812439,0.910363495349884,0.9076083898544312,0.9006549119949341,0.8842528462409973,0.8783642649650574,0.8817005157470703,0.897560715675354,0.9107749462127686,0.9135351777076721,0.8780423998832703,0.8551124930381775,2.0
819,0.0,0.0,0.0,0.0,0.0,0.0,0.0,0.0,0.0,0.0,0.0,1.0,1.0,0.0,0.911985456943512,0.9179797172546387,0.9054200649261475,0.8964414596557617,0.9086612462997437,0.9142170548439026,0.9014951586723328,0.8921785354614258,0.8940125107765198,0.9046791791915894,0.9130680561065674,0.9083441495895386,0.8809804916381836,0.8762951493263245,0.0
820,0.0,0.0,0.0,0.0,1.0,1.0,1.0,1.0,0.0,0.0,0.0,1.0,1.0,0.0,0.912115216255188,0.9198489189147949,0.9076835513114929,0.8989275097846985,0.9103330373764038,0.915314257144928,0.902080774307251,0.892021894454956,0.8940349817276001,0.9064767956733704,0.9151235222816467,0.9095704555511475,0.8808803558349609,0.8740242123603821,2.0
821,1.0,1.0,0.0,0.0,0.0,0.0,0.0,0.0,0.0,0.0,0.0,1.0,1.0,0.0,0.9070274233818054,0.9110597372055054,0.9015989303588867,0.897090494632721,0.9033396244049072,0.9060576558113098,0.8919843435287476,0.8852969408035278,0.8877714276313782,0.9002962708473206,0.9097529053688049,0.9083540439605713,0.8789084553718567,0.8677923083305359,1.0
822,1.0,1.0,0.0,0.0,0.0,0.0,0.0,0.0,0.0,0.0,0.0,0.0,0.0,0.0,0.9088425636291504,0.914193868637085,0.8976261615753174,0.8897325992584229,0.9095787405967712,0.9153800010681152,0.8983235359191895,0.8871296048164368,0.889794111251831,0.8994836807250977,0.9096776843070984,0.9066534638404846,0.8766292333602905,0.8613901138305664,3.0
823,0.0,0.0,1.0,1.0,0.0,0.0,1.0,1.0,0.0,0.0,0.0,1.0,1.0,0.0,0.9112395644187927,0.9187849760055542,0.9085933566093445,0.8995028734207153,0.9080119132995605,0.9128201603889465,0.8993179798126221,0.8903299570083618,0.892188310623169,0.9044010043144226,0.9144759774208069,0.9112792611122131,0.8822123408317566,0.8746761679649353,3.0
824,0.0,0.0,1.0,1.0,0.0,0.0,1.0,1.0,0.0,0.0,0.0,1.0,1.0,0.0,0.9112346768379211,0.9180458188056946,0.9073021411895752,0.8986467719078064,0.9078900218009949,0.912433385848999,0.8998876810073853,0.8910727500915527,0.8928632140159607,0.905457079410553,0.9141572713851929,0.9100294709205627,0.8815950751304626,0.8744231462478638,2.0
825,0.0,0.0,0.0,1.0,1.0,0.0,0.0,0.0,0.0,0.0,0.0,1.0,1.0,0.0,0.9086514115333557,0.9152557253837585,0.9081774353981018,0.9016698598861694,0.9056857228279114,0.90688556432724,0.8939354419708252,0.8893294334411621,0.892289400100708,0.905131459236145,0.9147831201553345,0.9122164845466614,0.8832037448883057,0.8760523796081543,4.0
826,0.0,0.0,0.0,0.0,1.0,1.0,0.0,0.0,0.0,0.0,0.0,1.0,1.0,0.0,0.9114859700202942,0.9190261363983154,0.9086120128631592,0.8998019695281982,0.9085105657577515,0.913194477558136,0.9000524878501892,0.8908437490463257,0.892361044883728,0.904880702495575,0.9146164655685425,0.910993754863739,0.8818250894546509,0.874958336353302,3.0
827,1.0,1.0,1.0,0.0,0.0,0.0,0.0,1.0,1.0,0.0,0.0,0.0,0.0,0.0,0.9115851521492004,0.9182933568954468,0.9058778285980225,0.8969033360481262,0.9091931581497192,0.914683997631073,0.9015222787857056,0.8913833498954773,0.8933358788490295,0.9052129983901978,0.9139788150787354,0.9094099402427673,0.8807998895645142,0.8738337159156799,2.0
828,0.0,0.0,0.0,1.0,1.0,0.0,0.0,0.0,0.0,0.0,0.0,1.0,1.0,0.0,0.895605206489563,0.907942533493042,0.9060591459274292,0.9132132530212402,0.9105252623558044,0.8999151587486267,0.8824077844619751,0.8777415752410889,0.8815926313400269,0.8969103693962097,0.9102610349655151,0.9150682091712952,0.8804633021354675,0.8562556505203247,3.0
829,1.0,1.0,1.0,1.0,0.0,0.0,0.0,0.0,0.0,0.0,0.0,0.0,0.0,0.0,0.9102222919464111,0.9202145934104919,0.9078915119171143,0.8962532877922058,0.9078574180603027,0.913569986820221,0.9012237787246704,0.8924278020858765,0.8940286040306091,0.9036301970481873,0.9121159315109253,0.9074246287345886,0.8788576722145081,0.8725985884666443,0.0
830,0.0,0.0,0.0,1.0,1.0,0.0,0.0,0.0,0.0,0.0,0.0,1.0,1.0,0.0,0.9114271998405457,0.9190491437911987,0.9060169458389282,0.8981863856315613,0.9124076962471008,0.9173240065574646,0.9026826024055481,0.8920839428901672,0.8943333625793457,0.9066519737243652,0.9153524041175842,0.9079608917236328,0.8787097334861755,0.8742108345031738,4.0
831,1.0,1.0,0.0,0.0,0.0,0.0,0.0,0.0,0.0,0.0,0.0,0.0,0.0,0.0,0.9103434085845947,0.9160877466201782,0.9066756963729858,0.9005588889122009,0.9047537446022034,0.9086683392524719,0.89509516954422,0.8881441950798035,0.8900051116943359,0.9033078551292419,0.9132052063941956,0.9094461798667908,0.8801448941230774,0.8730803728103638,1.0
832,0.0,1.0,1.0,0.0,0.0,0.0,0.0,1.0,1.0,0.0,0.0,0.0,0.0,0.0,0.9121934175491333,0.9210673570632935,0.9097692966461182,0.9009014964103699,0.9107515215873718,0.9158933162689209,0.9024365544319153,0.8927691578865051,0.8938164114952087,0.9069729447364807,0.91604083776474,0.9112532138824463,0.8826842308044434,0.8765265345573425,2.0
833,0.0,0.0,0.0,1.0,1.0,0.0,0.0,0.0,0.0,0.0,0.0,1.0,1.0,0.0,0.9056394100189209,0.9125127196311951,0.9055542349815369,0.9031974673271179,0.9046082496643066,0.9045094847679138,0.890137791633606,0.8837904930114746,0.8866294622421265,0.9003450274467468,0.9114149212837219,0.9109552502632141,0.8799062967300415,0.8662165999412537,4.0
834,0.0,0.0,1.0,1.0,0.0,0.0,0.0,0.0,0.0,0.0,0.0,0.0,0.0,0.0,0.9119833707809448,0.9195285439491272,0.9081205129623413,0.8976907730102539,0.9071201682090759,0.9123318195343018,0.9005364775657654,0.8922584652900696,0.89371657371521,0.9048136472702026,0.9135834574699402,0.9098460674285889,0.8823000192642212,0.8781176805496216,0.0
835,0.0,0.0,1.0,1.0,0.0,0.0,0.0,0.0,0.0,0.0,0.0,1.0,1.0,0.0,0.9110384583473206,0.9200302958488464,0.9084919095039368,0.8998537063598633,0.9106356501579285,0.9158763885498047,0.9019458889961243,0.8919190168380737,0.8934909105300903,0.9067150950431824,0.9165012836456299,0.9108933210372925,0.8813672065734863,0.8754509687423706,4.0
836,1.0,1.0,0.0,0.0,0.0,0.0,0.0,0.0,0.0,0.0,0.0,1.0,1.0,0.0,0.9119030237197876,0.918752908706665,0.9058344960212708,0.8966435790061951,0.9105984568595886,0.9157260060310364,0.9029785990715027,0.8927416205406189,0.8947811126708984,0.9058741927146912,0.91376793384552,0.907597541809082,0.8794008493423462,0.8753214478492737,0.0
837,0.0,0.0,0.0,0.0,1.0,1.0,1.0,1.0,0.0,1.0,1.0,1.0,1.0,0.0,0.9081131219863892,0.9104775786399841,0.9025529623031616,0.8998613953590393,0.9023284912109375,0.9012026786804199,0.8881256580352783,0.8854620456695557,0.8895428776741028,0.9015703201293945,0.911297082901001,0.9117892384529114,0.8841673731803894,0.8767209649085999,4.0
838,0.0,0.0,1.0,1.0,0.0,0.0,0.0,0.0,0.0,0.0,0.0,0.0,0.0,0.0,0.9115270972251892,0.9193997383117676,0.9061604142189026,0.8963966369628906,0.9103261232376099,0.9145171642303467,0.9014409184455872,0.8916440606117249,0.8925515413284302,0.9026036858558655,0.9113984704017639,0.9060850739479065,0.877995491027832,0.8725082278251648,1.0
839,0.0,0.0,1.0,1.0,0.0,0.0,1.0,1.0,0.0,0.0,0.0,1.0,1.0,0.0,0.9118492007255554,0.919949471950531,0.905524492263794,0.8966184258460999,0.9122557640075684,0.9164804816246033,0.9024544954299927,0.8925173282623291,0.8930026292800903,0.9031477570533752,0.911884605884552,0.9062508940696716,0.8780492544174194,0.8737589120864868,1.0
840,0.0,0.0,0.0,0.0,0.0,0.0,0.0,0.0,0.0,1.0,1.0,0.0,0.0,0.0,0.9113806486129761,0.9196466207504272,0.9081647396087646,0.897861123085022,0.9088932275772095,0.9140813946723938,0.9007185697555542,0.8912783265113831,0.8928665518760681,0.9036094546318054,0.9130195379257202,0.9095020294189453,0.8807289004325867,0.8737626075744629,1.0
841,1.0,1.0,0.0,0.0,0.0,0.0,0.0,0.0,0.0,1.0,1.0,1.0,1.0,0.0,0.9098036289215088,0.9186609387397766,0.9086668491363525,0.9006279110908508,0.9093316197395325,0.9139961004257202,0.8996031880378723,0.8899055123329163,0.8917865753173828,0.9045445919036865,0.915097177028656,0.9113669395446777,0.8801774978637695,0.8703081607818604,1.0
842,1.0,0.0,0.0,0.0,0.0,0.0,0.0,0.0,0.0,0.0,0.0,1.0,1.0,0.0,0.9107522368431091,0.9179955720901489,0.9042710661888123,0.8943222165107727,0.9093050360679626,0.9142675995826721,0.9013022184371948,0.8917439579963684,0.8935779929161072,0.9031685590744019,0.9105514287948608,0.904687225818634,0.8770831823348999,0.8734106421470642,3.0
843,1.0,1.0,0.0,0.0,0.0,0.0,0.0,1.0,1.0,0.0,0.0,1.0,1.0,0.0,0.9123250246047974,0.9197625517845154,0.906558096408844,0.8962564468383789,0.9086007475852966,0.9130478501319885,0.9008731245994568,0.8915966153144836,0.8918339610099792,0.9031477570533752,0.9113080501556396,0.9056665897369385,0.8777421712875366,0.8740801811218262,2.0
844,0.0,0.0,1.0,1.0,0.0,0.0,0.0,0.0,0.0,0.0,0.0,1.0,1.0,0.0,0.9119588732719421,0.9187561869621277,0.9075645208358765,0.8981508016586304,0.9086964130401611,0.9135873913764954,0.9010183811187744,0.8925027251243591,0.8942244052886963,0.9068898558616638,0.9146535396575928,0.9093078970909119,0.8811260461807251,0.8752807974815369,2.0
845,0.0,0.0,1.0,1.0,0.0,0.0,0.0,0.0,0.0,0.0,0.0,0.0,0.0,1.0,0.9114935398101807,0.9191854000091553,0.9084816575050354,0.8986698985099792,0.9090545177459717,0.912865936756134,0.9007731080055237,0.8923137784004211,0.8931840062141418,0.9038602709770203,0.912105143070221,0.9075029492378235,0.8791638612747192,0.8758828639984131,0.0
846,0.0,0.0,0.0,1.0,1.0,0.0,0.0,0.0,0.0,0.0,0.0,1.0,1.0,0.0,0.8952304124832153,0.9105527997016907,0.9088692665100098,0.9116793870925903,0.9096264839172363,0.902143657207489,0.884526789188385,0.8783551454544067,0.8833929300308228,0.8993549346923828,0.9126256108283997,0.9138920903205872,0.8785651922225952,0.858669638633728,2.0
847,0.0,0.0,1.0,1.0,0.0,0.0,0.0,0.0,0.0,0.0,0.0,1.0,1.0,0.0,0.9100264310836792,0.9162683486938477,0.9003275036811829,0.8918748497962952,0.910667359828949,0.9155308604240417,0.8999304175376892,0.8885006904602051,0.8909278512001038,0.9014620184898376,0.9109181761741638,0.9053888916969299,0.8755714893341064,0.8676794767379761,3.0
848,0.0,1.0,1.0,0.0,0.0,0.0,0.0,0.0,0.0,0.0,0.0,0.0,0.0,0.0,0.9124287366867065,0.9186937212944031,0.9072839021682739,0.8967832922935486,0.9071215391159058,0.9115694165229797,0.8999060392379761,0.8924587368965149,0.8949661254882812,0.9051547646522522,0.9123684167861938,0.9077943563461304,0.8813031315803528,0.877626895904541,4.0
849,0.0,0.0,1.0,1.0,0.0,0.0,0.0,0.0,0.0,0.0,0.0,0.0,0.0,0.0,0.9121485352516174,0.9204927682876587,0.9095564484596252,0.8997982740402222,0.909641444683075,0.9146244525909424,0.9017748236656189,0.892856776714325,0.8939706683158875,0.9061340689659119,0.9150523543357849,0.9109029173851013,0.8824738264083862,0.8776087164878845,1.0
850,1.0,1.0,0.0,0.0,0.0,0.0,0.0,0.0,0.0,0.0,0.0,0.0,0.0,0.0,0.9067795872688293,0.9161945581436157,0.9104589223861694,0.9063102006912231,0.9066708087921143,0.9069800972938538,0.8915277123451233,0.8852434754371643,0.8876479864120483,0.902334988117218,0.9139120578765869,0.9121063947677612,0.8802905082702637,0.8687927722930908,3.0
851,0.0,1.0,1.0,0.0,0.0,0.0,0.0,0.0,1.0,1.0,0.0,0.0,0.0,0.0,0.9136166572570801,0.918485701084137,0.9072315096855164,0.8977686166763306,0.9066118001937866,0.9105556011199951,0.8983064889907837,0.8913143873214722,0.8930609226226807,0.9050440192222595,0.9135137796401978,0.9099100232124329,0.8831642866134644,0.8792886734008789,4.0
852,0.0,1.0,1.0,0.0,0.0,0.0,0.0,0.0,0.0,0.0,0.0,1.0,1.0,0.0,0.910202145576477,0.9195648431777954,0.9074773192405701,0.8959723114967346,0.9062566757202148,0.9111297726631165,0.8988134264945984,0.8909392952919006,0.8923724293708801,0.9023738503456116,0.91143399477005,0.9075356721878052,0.8786321878433228,0.873440682888031,3.0
853,0.0,1.0,1.0,0.0,0.0,0.0,0.0,0.0,0.0,0.0,0.0,1.0,1.0,0.0,0.9126229286193848,0.921143114566803,0.9097450375556946,0.8994660973548889,0.9099684953689575,0.9147368669509888,0.9014468789100647,0.8918994069099426,0.8934909105300903,0.9060850739479065,0.9150523543357849,0.910154402256012,0.8813158273696899,0.87562096118927,4.0
854,1.0,1.0,0.0,0.0,0.0,0.0,0.0,0.0,0.0,0.0,0.0,1.0,1.0,0.0,0.9102686643600464,0.9187721014022827,0.90528404712677,0.8963100910186768,0.9114149212837219,0.9154114127159119,0.9004862904548645,0.8899453282356262,0.8910331726074219,0.9037718772888184,0.9129925966262817,0.9061283469200134,0.8762431740760803,0.8688700199127197,4.0
855,0.0,0.0,1.0,1.0,0.0,0.0,0.0,0.0,0.0,0.0,0.0,0.0,0.0,0.0,0.9121662378311157,0.9203393459320068,0.9080724716186523,0.8986614346504211,0.9105335474014282,0.9156094789505005,0.9019159078598022,0.8919172883033752,0.8939611911773682,0.9058279395103455,0.9154573678970337,0.909908652305603,0.8806629776954651,0.8740951418876648,0.0
856,0.0,0.0,1.0,1.0,0.0,0.0,0.0,0.0,0.0,0.0,0.0,1.0,1.0,0.0,0.9024873375892639,0.9109910726547241,0.9055151343345642,0.9052225947380066,0.906041145324707,0.904740571975708,0.8889551162719727,0.8821524381637573,0.8840826749801636,0.8985401391983032,0.910576343536377,0.9111379981040955,0.8781476616859436,0.8577929735183716,0.0
857,0.0,1.0,1.0,0.0,0.0,0.0,0.0,0.0,0.0,0.0,0.0,1.0,1.0,0.0,0.9114073514938354,0.9191734194755554,0.9061905741691589,0.8960465788841248,0.9097124934196472,0.9146099090576172,0.9019548892974854,0.8928778767585754,0.8945830464363098,0.903836727142334,0.91175377368927,0.9064537882804871,0.8792344331741333,0.8755433559417725,1.0
858,0.0,0.0,1.0,1.0,0.0,0.0,0.0,0.0,0.0,0.0,0.0,1.0,1.0,0.0,0.9084344506263733,0.9200892448425293,0.9127364158630371,0.9051929712295532,0.9100163578987122,0.9138120412826538,0.8990444540977478,0.889965295791626,0.891887903213501,0.9058539271354675,0.9175974726676941,0.9138360023498535,0.8817721605300903,0.8724666237831116,3.0
859,0.0,0.0,1.0,1.0,0.0,0.0,0.0,0.0,0.0,0.0,0.0,1.0,1.0,0.0,0.9113237857818604,0.9202109575271606,0.9091406464576721,0.9014717936515808,0.9117646813392639,0.9172261953353882,0.9039706587791443,0.8929880857467651,0.8934102058410645,0.9067667722702026,0.9164908528327942,0.9114819169044495,0.8812133073806763,0.8749547004699707,1.0
860,0.0,0.0,1.0,1.0,0.0,0.0,1.0,1.0,0.0,0.0,0.0,1.0,1.0,0.0,0.9129724502563477,0.9201213121414185,0.9087628126144409,0.8991559743881226,0.9090011715888977,0.9138240814208984,0.9007883071899414,0.8918585181236267,0.8934941291809082,0.9061081409454346,0.9147170186042786,0.909787654876709,0.8814551830291748,0.8764274716377258,4.0
861,1.0,1.0,0.0,0.0,1.0,1.0,0.0,0.0,0.0,0.0,0.0,0.0,0.0,0.0,0.9093847870826721,0.9168615341186523,0.9065622091293335,0.8997187614440918,0.908399224281311,0.912914514541626,0.8985494375228882,0.8891541361808777,0.8909937143325806,0.9045270085334778,0.9143884778022766,0.9098489284515381,0.8789390921592712,0.8702048063278198,1.0
862,0.0,1.0,1.0,1.0,0.0,0.0,0.0,0.0,1.0,1.0,0.0,1.0,1.0,0.0,0.911944568157196,0.920761227607727,0.9094800353050232,0.8996453285217285,0.9112505316734314,0.9157717823982239,0.9019668102264404,0.8925091624259949,0.8936972618103027,0.9054744839668274,0.9147435426712036,0.9098364114761353,0.8809388279914856,0.8756836652755737,1.0
863,1.0,1.0,0.0,0.0,0.0,0.0,0.0,0.0,0.0,0.0,0.0,0.0,0.0,0.0,0.9104319214820862,0.9169584512710571,0.9032726287841797,0.8934037089347839,0.9092532992362976,0.9137812852859497,0.9005045890808105,0.8917292952537537,0.893519937992096,0.9032160043716431,0.9092841148376465,0.9020186066627502,0.8755189776420593,0.8702278137207031,4.0
864,1.0,1.0,0.0,0.0,0.0,0.0,0.0,0.0,0.0,0.0,0.0,0.0,0.0,0.0,0.9123030304908752,0.9190194010734558,0.9053488969802856,0.8965060710906982,0.9100738763809204,0.9158514738082886,0.9021735191345215,0.8915277123451233,0.8932163119316101,0.90473473072052,0.913850724697113,0.9097375273704529,0.8808477520942688,0.8719640374183655,2.0
865,1.0,1.0,0.0,0.0,0.0,0.0,0.0,0.0,0.0,0.0,0.0,1.0,1.0,0.0,0.910993754863739,0.9176861047744751,0.9053441882133484,0.8966066837310791,0.9089927673339844,0.9144734144210815,0.9010425806045532,0.8914621472358704,0.8936553597450256,0.9061370491981506,0.91482013463974,0.9088636636734009,0.8802677392959595,0.8729901909828186,2.0
866,0.0,0.0,0.0,1.0,1.0,1.0,0.0,0.0,0.0,0.0,0.0,1.0,1.0,0.0,0.8982244729995728,0.9106659889221191,0.9084654450416565,0.9124000668525696,0.9106311798095703,0.9024649262428284,0.8837922811508179,0.8787964582443237,0.8837068676948547,0.8995879292488098,0.9128146767616272,0.915664553642273,0.8809223771095276,0.8599098324775696,3.0
867,0.0,1.0,1.0,0.0,0.0,0.0,0.0,0.0,0.0,0.0,0.0,0.0,0.0,0.0,0.912054717540741,0.9201754927635193,0.9084034562110901,0.8982174396514893,0.9084330797195435,0.9127445220947266,0.900812566280365,0.8922714591026306,0.8927366733551025,0.9035858511924744,0.9122490286827087,0.9080727696418762,0.8793496489524841,0.875347375869751,0.0
868,0.0,0.0,0.0,0.0,1.0,1.0,0.0,1.0,1.0,1.0,1.0,0.0,0.0,0.0,0.9123741388320923,0.9175985455513,0.9072757363319397,0.8989601731300354,0.9062551856040955,0.909679114818573,0.8969323039054871,0.8903647661209106,0.8934973478317261,0.9054309725761414,0.9138374328613281,0.9105846285820007,0.8827133178710938,0.8776451945304871,3.0
869,0.0,0.0,0.0,1.0,1.0,0.0,0.0,0.0,0.0,0.0,0.0,1.0,1.0,0.0,0.9010818600654602,0.9124727249145508,0.9092701077461243,0.909347414970398,0.9099552631378174,0.9065887928009033,0.8899818658828735,0.8834382891654968,0.8862249851226807,0.9008458256721497,0.9132508635520935,0.9145435690879822,0.8804838061332703,0.8623065948486328,1.0
870,0.0,0.0,0.0,0.0,0.0,0.0,1.0,1.0,0.0,0.0,0.0,1.0,1.0,0.0,0.9110384583473206,0.9205893278121948,0.9090381860733032,0.9000063538551331,0.9107102155685425,0.9167641997337341,0.9031181335449219,0.8926100134849548,0.8936907649040222,0.9070529341697693,0.9174665808677673,0.9122246503829956,0.8821524381637573,0.8759307861328125,4.0
871,1.0,1.0,0.0,0.0,0.0,0.0,0.0,0.0,0.0,0.0,0.0,1.0,1.0,0.0,0.9111291170120239,0.91722571849823,0.9076273441314697,0.899150550365448,0.9064135551452637,0.9099767804145813,0.8981701135635376,0.8916915655136108,0.8941954970359802,0.9058221578598022,0.9134601950645447,0.9095055460929871,0.8816308975219727,0.8770576119422913,2.0
872,0.0,1.0,1.0,0.0,1.0,1.0,1.0,1.0,0.0,0.0,0.0,1.0,1.0,0.0,0.9084492921829224,0.9135429263114929,0.905707836151123,0.9002115726470947,0.905282735824585,0.906561553478241,0.8936151266098022,0.8882838487625122,0.8922209739685059,0.9047200679779053,0.9141133427619934,0.9116882681846619,0.882896900177002,0.8746389746665955,3.0
873,0.0,0.0,0.0,0.0,1.0,1.0,0.0,0.0,0.0,0.0,0.0,1.0,1.0,0.0,0.9101342558860779,0.9183142781257629,0.9039033055305481,0.8966687917709351,0.9135351777076721,0.9185602068901062,0.9034971594810486,0.8918764591217041,0.8922535181045532,0.9041309952735901,0.9129549264907837,0.9056151509284973,0.876520574092865,0.8708354234695435,0.0
874,0.0,0.0,0.0,1.0,1.0,0.0,0.0,0.0,0.0,0.0,0.0,1.0,1.0,0.0,0.9114026427268982,0.9202799201011658,0.9088678956031799,0.9002955555915833,0.9110336303710938,0.916292130947113,0.9029384851455688,0.892457127571106,0.8942532539367676,0.9066893458366394,0.9168534874916077,0.911678671836853,0.8820334076881409,0.8740801811218262,0.0
875,0.0,0.0,1.0,1.0,0.0,0.0,0.0,0.0,0.0,0.0,0.0,1.0,1.0,0.0,0.9110329151153564,0.9172707796096802,0.9061917662620544,0.8975930213928223,0.9069156646728516,0.9113888740539551,0.898374617099762,0.8897659182548523,0.8921166062355042,0.9038661122322083,0.9126553535461426,0.9088524580001831,0.8804931640625,0.8730691075325012,3.0
876,0.0,1.0,1.0,0.0,0.0,0.0,0.0,0.0,0.0,0.0,0.0,0.0,0.0,0.0,0.910997211933136,0.9201759099960327,0.9096029996871948,0.899104118347168,0.9090867638587952,0.9140201210975647,0.8999761939048767,0.890389621257782,0.8924017548561096,0.9054396748542786,0.915664553642273,0.9116377830505371,0.8814478516578674,0.8735493421554565,4.0
877,0.0,1.0,1.0,0.0,0.0,0.0,0.0,0.0,0.0,0.0,0.0,1.0,1.0,0.0,0.910082995891571,0.9168376326560974,0.9040930867195129,0.893285870552063,0.9065356850624084,0.9120357036590576,0.8996062874794006,0.8910447359085083,0.8937777280807495,0.9025917053222656,0.9091833829879761,0.9039942026138306,0.8778768181800842,0.8715394139289856,4.0
878,0.0,0.0,0.0,0.0,0.0,0.0,0.0,0.0,0.0,0.0,1.0,1.0,1.0,0.0,0.9111303687095642,0.9202420115470886,0.9106942415237427,0.9011796116828918,0.9091231226921082,0.9133220314979553,0.8997011780738831,0.8909245729446411,0.8932680487632751,0.9060100317001343,0.9171141982078552,0.9132575988769531,0.8825106620788574,0.8766219019889832,4.0
879,0.0,0.0,0.0,0.0,0.0,0.0,0.0,0.0,0.0,0.0,0.0,1.0,1.0,0.0,0.9105194211006165,0.9189897179603577,0.9057885408401489,0.898728609085083,0.9131648540496826,0.9181399941444397,0.9031477570533752,0.8918764591217041,0.8919843435287476,0.9043336510658264,0.9150286912918091,0.9097500443458557,0.8797252774238586,0.871216356754303,1.0
880,1.0,1.0,0.0,0.0,0.0,0.0,0.0,0.0,0.0,0.0,0.0,1.0,1.0,0.0,0.9090474247932434,0.9171714782714844,0.9030306339263916,0.89295893907547,0.9097347855567932,0.9141578674316406,0.9011543393135071,0.8911269903182983,0.8913784027099609,0.9022961854934692,0.9089844226837158,0.9016132354736328,0.874667763710022,0.8702623248100281,4.0
881,0.0,1.0,1.0,0.0,0.0,0.0,0.0,0.0,0.0,0.0,0.0,1.0,1.0,0.0,0.9109181761741638,0.9214664101600647,0.9095461964607239,0.9013429880142212,0.9133636951446533,0.9182425141334534,0.9036537408828735,0.8931159973144531,0.8944039344787598,0.9065544009208679,0.9167396426200867,0.9112930297851562,0.8810068368911743,0.8720661997795105,0.0
882,0.0,1.0,1.0,0.0,1.0,1.0,1.0,0.0,0.0,0.0,0.0,1.0,1.0,0.0,0.9102413058280945,0.9169552326202393,0.905472993850708,0.8978160619735718,0.9063329100608826,0.9114134907722473,0.8992857933044434,0.8904937505722046,0.892232358455658,0.9043541550636292,0.9132831692695618,0.9085260033607483,0.8804505467414856,0.8726249933242798,3.0
883,0.0,1.0,1.0,0.0,0.0,0.0,0.0,0.0,0.0,0.0,0.0,1.0,1.0,0.0,0.9116213917732239,0.9177296757698059,0.9045391082763672,0.8958569169044495,0.9106659889221191,0.9147989749908447,0.9025858044624329,0.8926685452461243,0.8932809829711914,0.9034114480018616,0.9110968112945557,0.9052115678787231,0.8781648278236389,0.8745162487030029,1.0
884,0.0,0.0,0.0,0.0,0.0,1.0,1.0,0.0,0.0,0.0,0.0,1.0,1.0,0.0,0.9099503755569458,0.9176051020622253,0.9046536087989807,0.89814692735672,0.9132293462753296,0.9183887839317322,0.9044391512870789,0.8925856351852417,0.8936102390289307,0.9063847661018372,0.9151788353919983,0.9093442559242249,0.8795537948608398,0.8743263483047485,3.0
885,0.0,0.0,1.0,1.0,0.0,0.0,0.0,0.0,0.0,0.0,0.0,1.0,1.0,0.0,0.9117476344108582,0.9200199246406555,0.9080629348754883,0.8995611071586609,0.9110693335533142,0.9162101745605469,0.9029577970504761,0.892442524433136,0.8940125107765198,0.9066118001937866,0.9152287840843201,0.9099989533424377,0.8812559247016907,0.875265896320343,3.0
886,1.0,1.0,0.0,0.0,1.0,1.0,0.0,0.0,0.0,0.0,0.0,1.0,1.0,0.0,0.9097265005111694,0.9188574552536011,0.906970739364624,0.8993095755577087,0.9115735292434692,0.9175923466682434,0.9045636057853699,0.893916130065918,0.8941345810890198,0.9072557091712952,0.9153943657875061,0.9087287783622742,0.8788983225822449,0.8740242123603821,0.0
887,0.0,1.0,1.0,0.0,0.0,0.0,0.0,0.0,0.0,0.0,0.0,1.0,1.0,0.0,0.9094559550285339,0.9188364148139954,0.9064741730690002,0.8944182991981506,0.9068340063095093,0.9117960929870605,0.8985973000526428,0.8900482654571533,0.8917848467826843,0.9019279479980469,0.9107612371444702,0.9058055281639099,0.8764994144439697,0.870281457901001,2.0
888,0.0,0.0,1.0,1.0,0.0,0.0,0.0,0.0,0.0,0.0,0.0,1.0,1.0,0.0,0.9092456102371216,0.9118397235870361,0.9023469686508179,0.8969115018844604,0.9024918079376221,0.9055818319320679,0.8935102224349976,0.8880414366722107,0.88917076587677,0.9003297090530396,0.9105017185211182,0.9101598858833313,0.8833906650543213,0.8807458281517029,1.0
889,1.0,1.0,1.0,0.0,0.0,0.0,0.0,0.0,0.0,0.0,0.0,1.0,1.0,0.0,0.9121187329292297,0.9197119474411011,0.9081103205680847,0.8976401686668396,0.9078772664070129,0.912020742893219,0.8999548554420471,0.8924766778945923,0.8939322233200073,0.9037599563598633,0.9114477634429932,0.9064443707466125,0.8791348338127136,0.8745087385177612,1.0
890,0.0,0.0,1.0,1.0,0.0,0.0,1.0,1.0,0.0,0.0,0.0,1.0,1.0,0.0,0.912680983543396,0.920493483543396,0.9086692929267883,0.898511528968811,0.909267246723175,0.913537859916687,0.900457501411438,0.891545832157135,0.8934004902839661,0.9046118855476379,0.9132025241851807,0.9084823727607727,0.8803423643112183,0.876537561416626,3.0
891,0.0,1.0,1.0,0.0,1.0,1.0,1.0,1.0,1.0,1.0,0.0,1.0,1.0,0.0,0.9121907353401184,0.9198946952819824,0.9081587791442871,0.8994760513305664,0.9100350737571716,0.9154980778694153,0.9032070636749268,0.8929637670516968,0.8941184878349304,0.9067782163619995,0.9151471853256226,0.910184919834137,0.8813760876655579,0.8762363195419312,0.0
892,0.0,0.0,1.0,1.0,0.0,0.0,0.0,0.0,0.0,0.0,0.0,1.0,1.0,0.0,0.9094615578651428,0.9159497022628784,0.9043460488319397,0.8964642882347107,0.9099211692810059,0.9140147566795349,0.9022901654243469,0.8932680487632751,0.8951636552810669,0.9061081409454346,0.9134414792060852,0.9069249629974365,0.8793478012084961,0.8759602308273315,1.0
893,1.0,0.0,0.0,0.0,0.0,0.0,0.0,0.0,0.0,0.0,0.0,0.0,0.0,0.0,0.9043424129486084,0.9148327112197876,0.9078311920166016,0.9028264284133911,0.9053779244422913,0.9082071185112,0.8939868211746216,0.8856167793273926,0.887823760509491,0.9028418660163879,0.9140774011611938,0.9103040099143982,0.8774246573448181,0.8648076057434082,2.0
894,0.0,1.0,1.0,0.0,1.0,1.0,1.0,1.0,0.0,1.0,1.0,1.0,1.0,0.0,0.9112717509269714,0.9151588678359985,0.9054555892944336,0.8988025784492493,0.9047552347183228,0.9073241949081421,0.8943109512329102,0.8884268403053284,0.891606330871582,0.9043453335762024,0.9131971597671509,0.9106184244155884,0.8830936551094055,0.8778452277183533,3.0
895,0.0,0.0,0.0,0.0,1.0,1.0,0.0,0.0,0.0,0.0,0.0,1.0,1.0,0.0,0.909306526184082,0.9200038313865662,0.9099074602127075,0.9022913575172424,0.9141698479652405,0.9176487326622009,0.9011105298995972,0.8917046189308167,0.894099235534668,0.9059262275695801,0.9163844585418701,0.9107818007469177,0.8795827627182007,0.8730916976928711,4.0
896,0.0,1.0,1.0,0.0,0.0,0.0,0.0,0.0,0.0,0.0,0.0,0.0,0.0,0.0,0.9113634824752808,0.9189894199371338,0.9066842198371887,0.8963454961776733,0.9089240431785583,0.9141864776611328,0.9010334610939026,0.8914325833320618,0.892957329750061,0.9033611416816711,0.9121512174606323,0.9078219532966614,0.8791710734367371,0.8719261288642883,4.0
897,1.0,1.0,0.0,0.0,1.0,1.0,0.0,0.0,0.0,0.0,0.0,1.0,1.0,0.0,0.9119819402694702,0.918333888053894,0.901500403881073,0.8917734622955322,0.9096846580505371,0.9150128364562988,0.9005349278450012,0.8898705840110779,0.8917079567909241,0.9020297527313232,0.9104021787643433,0.9045987129211426,0.8764184713363647,0.8718087077140808,2.0
898,1.0,1.0,0.0,0.0,0.0,0.0,0.0,0.0,0.0,0.0,0.0,1.0,1.0,0.0,0.9110301733016968,0.9183802008628845,0.9043988585472107,0.8968648910522461,0.9133596420288086,0.9173111915588379,0.9012629985809326,0.8904640078544617,0.8931807279586792,0.905787467956543,0.9147672653198242,0.9085217714309692,0.8783185482025146,0.8713418841362,3.0
899,1.0,1.0,1.0,0.0,0.0,0.0,0.0,1.0,1.0,0.0,0.0,0.0,0.0,0.0,0.9121838808059692,0.9205765128135681,0.90900057554245,0.8998953104019165,0.9111009240150452,0.9160330295562744,0.9030469655990601,0.8928583860397339,0.8943398594856262,0.9064480066299438,0.9154154658317566,0.9103966951370239,0.8816124796867371,0.8766255378723145,3.0
900,0.0,0.0,1.0,1.0,0.0,0.0,0.0,0.0,0.0,0.0,0.0,0.0,0.0,0.0,0.9125843644142151,0.9167520999908447,0.9061723947525024,0.8977375030517578,0.904812216758728,0.9093050360679626,0.8965775370597839,0.8902239799499512,0.8917030096054077,0.9041868448257446,0.9129683375358582,0.9102416634559631,0.8836249709129333,0.879981517791748,0.0
901,1.0,0.0,0.0,0.0,0.0,0.0,0.0,0.0,0.0,0.0,0.0,0.0,0.0,0.0,0.9122931957244873,0.9195325970649719,0.9081519842147827,0.8985362648963928,0.908848226070404,0.9132951498031616,0.9010818600654602,0.8927416205406189,0.8948864936828613,0.9067007899284363,0.9145264029502869,0.9090971946716309,0.8812301754951477,0.8756874203681946,2.0
902,1.0,1.0,0.0,0.0,1.0,1.0,0.0,0.0,0.0,0.0,0.0,1.0,1.0,0.0,0.9121955037117004,0.9178794026374817,0.9069278240203857,0.8985938429832458,0.907705545425415,0.9120452404022217,0.899860143661499,0.8917292952537537,0.8936037421226501,0.9053438305854797,0.9135834574699402,0.9093748927116394,0.8815909624099731,0.8770101070404053,0.0
903,1.0,1.0,0.0,0.0,0.0,0.0,0.0,0.0,0.0,0.0,0.0,1.0,1.0,0.0,0.909813404083252,0.9148027896881104,0.9041221737861633,0.8978038430213928,0.9053277969360352,0.9088510274887085,0.894972562789917,0.8874805569648743,0.8901876211166382,0.903612494468689,0.9123820066452026,0.9081421494483948,0.8788951635360718,0.8713495135307312,0.0
904,0.0,0.0,1.0,1.0,0.0,0.0,1.0,1.0,0.0,0.0,0.0,0.0,0.0,0.0,0.909821093082428,0.9162335395812988,0.9055216908454895,0.8960505127906799,0.9040325284004211,0.9077098965644836,0.896202802658081,0.8898223638534546,0.8924343585968018,0.903328537940979,0.9111214876174927,0.9081605076789856,0.8817107081413269,0.8750028610229492,2.0
905,1.0,1.0,1.0,0.0,0.0,0.0,0.0,0.0,0.0,0.0,0.0,0.0,0.0,0.0,0.9094527959823608,0.9123712778091431,0.9021690487861633,0.8975391387939453,0.9016068577766418,0.9041383266448975,0.8902456164360046,0.8857712745666504,0.8890789151191711,0.9025619029998779,0.9119500517845154,0.9087899327278137,0.8799744248390198,0.8705988526344299,2.0
906,1.0,1.0,1.0,1.0,0.0,0.0,0.0,0.0,0.0,0.0,0.0,1.0,1.0,0.0,0.9117687344551086,0.9210508465766907,0.9091112613677979,0.8995028734207153,0.9107459783554077,0.9164908528327942,0.9034321904182434,0.892554759979248,0.894073486328125,0.9065831303596497,0.916786253452301,0.9120425581932068,0.8817624449729919,0.8729977011680603,0.0
907,0.0,0.0,0.0,1.0,1.0,0.0,0.0,0.0,0.0,0.0,0.0,1.0,1.0,0.0,0.9104001522064209,0.9154916405677795,0.9066160917282104,0.9001432657241821,0.9069700837135315,0.9090487957000732,0.896722137928009,0.8904722929000854,0.8938710689544678,0.9062667489051819,0.9149495363235474,0.9111647009849548,0.8823312520980835,0.8765705227851868,1.0
908,1.0,1.0,0.0,0.0,0.0,1.0,1.0,1.0,0.0,0.0,1.0,1.0,1.0,0.0,0.9098454117774963,0.9192845821380615,0.9106453061103821,0.9029600620269775,0.9089310169219971,0.9131057262420654,0.8983250856399536,0.8895878791809082,0.8913784027099609,0.9058193564414978,0.9167759418487549,0.9122653007507324,0.8811908960342407,0.8755543828010559,3.0
909,1.0,1.0,0.0,0.0,0.0,1.0,1.0,1.0,0.0,0.0,0.0,1.0,1.0,0.0,0.9091000556945801,0.9142809510231018,0.901481568813324,0.8935973048210144,0.905816376209259,0.9110432267189026,0.8979932069778442,0.8890036344528198,0.8916146159172058,0.9023230671882629,0.9110308289527893,0.907593309879303,0.8799269199371338,0.869844377040863,2.0
910,0.0,0.0,0.0,0.0,1.0,1.0,0.0,0.0,0.0,0.0,0.0,1.0,1.0,0.0,0.9122225642204285,0.9193639755249023,0.9080200791358948,0.8986414074897766,0.9089534878730774,0.9140813946723938,0.9006699919700623,0.8914949297904968,0.8931289315223694,0.9062955379486084,0.9150813817977905,0.9103537797927856,0.8814287781715393,0.8743672966957092,2.0
911,1.0,1.0,0.0,0.0,0.0,0.0,0.0,0.0,0.0,0.0,0.0,0.0,0.0,0.0,0.9115516543388367,0.9194933772087097,0.9071308374404907,0.898467481136322,0.9106108546257019,0.9162531495094299,0.9019818305969238,0.8910365104675293,0.8926587700843811,0.9063127636909485,0.9158867597579956,0.9107390642166138,0.8811014890670776,0.8728547096252441,4.0
912,1.0,1.0,1.0,0.0,0.0,0.0,0.0,0.0,0.0,0.0,0.0,0.0,0.0,0.0,0.910275936126709,0.9176676273345947,0.9070287346839905,0.8991844058036804,0.9079963564872742,0.9127607345581055,0.8994500041007996,0.890182614326477,0.8917341232299805,0.9039838910102844,0.9136610627174377,0.9101890325546265,0.8808686137199402,0.8721758127212524,3.0
913,1.0,1.0,1.0,0.0,0.0,0.0,0.0,0.0,0.0,0.0,0.0,1.0,1.0,0.0,0.9119071364402771,0.9217119216918945,0.9091798663139343,0.9018956422805786,0.914674699306488,0.9188033938407898,0.9043570756912231,0.8939241170883179,0.8947588205337524,0.9066950082778931,0.9170858263969421,0.9114327430725098,0.8817005157470703,0.8746835589408875,1.0
914,1.0,1.0,0.0,0.0,0.0,0.0,0.0,0.0,0.0,0.0,0.0,1.0,1.0,0.0,0.9109256863594055,0.9187301397323608,0.906536340713501,0.8987971544265747,0.9107211828231812,0.9166386723518372,0.902427613735199,0.891886293888092,0.8941168785095215,0.9073013663291931,0.9163506031036377,0.9104630947113037,0.8804619312286377,0.873031497001648,2.0
915,0.0,1.0,1.0,0.0,0.0,0.0,1.0,1.0,0.0,0.0,0.0,1.0,1.0,0.0,0.9097539186477661,0.9163607358932495,0.9049033522605896,0.8982554078102112,0.9086105823516846,0.9131984114646912,0.9003662467002869,0.8909854888916016,0.8931127786636353,0.9068126082420349,0.9150602221488953,0.9090937376022339,0.8792915940284729,0.873451828956604,1.0
916,1.0,1.0,0.0,0.0,0.0,1.0,1.0,0.0,0.0,0.0,1.0,1.0,0.0,0.0,0.9108031392097473,0.9187147617340088,0.9074510335922241,0.8982105255126953,0.9097194671630859,0.9146468639373779,0.9010939598083496,0.8914424180984497,0.8934941291809082,0.9042014479637146,0.9137732982635498,0.9093945026397705,0.8812071084976196,0.8745534420013428,1.0
917,0.0,0.0,1.0,1.0,0.0,0.0,0.0,0.0,0.0,0.0,0.0,0.0,0.0,0.0,0.9112292528152466,0.9178226590156555,0.9054520130157471,0.8965995907783508,0.9083638787269592,0.9134145975112915,0.901006281375885,0.8913801312446594,0.8941473364830017,0.9054918885231018,0.913856029510498,0.9092225432395935,0.8811920285224915,0.8747912645339966,2.0
918,0.0,0.0,0.0,0.0,0.0,0.0,1.0,1.0,0.0,0.0,0.0,1.0,1.0,0.0,0.9090179800987244,0.9193091988563538,0.9102354645729065,0.9029778242111206,0.9117265343666077,0.9167746305465698,0.9025768637657166,0.8920855522155762,0.8928843140602112,0.9067552089691162,0.9180934429168701,0.9134870171546936,0.8819778561592102,0.8738972544670105,3.0
919,0.0,1.0,1.0,0.0,0.0,0.0,0.0,0.0,0.0,0.0,0.0,1.0,1.0,0.0,0.9109057188034058,0.919037938117981,0.9065631031990051,0.8957865238189697,0.9085486531257629,0.9134119153022766,0.9008610248565674,0.8919124603271484,0.8929216861724854,0.9032781720161438,0.9110583662986755,0.9052056670188904,0.8776785731315613,0.8717708587646484,4.0
920,0.0,0.0,1.0,1.0,0.0,0.0,0.0,0.0,0.0,0.0,0.0,1.0,1.0,1.0,0.9111263155937195,0.9190525412559509,0.9053499698638916,0.8955607414245605,0.9109662175178528,0.9154875874519348,0.9027257561683655,0.8926976919174194,0.8933035135269165,0.9042279720306396,0.9118546843528748,0.9050105810165405,0.8776404857635498,0.8725458979606628,4.0
921,1.0,1.0,0.0,0.0,0.0,0.0,0.0,0.0,0.0,0.0,0.0,0.0,0.0,0.0,0.9119085073471069,0.9199243783950806,0.9070788621902466,0.8981429934501648,0.9106839895248413,0.9150563478469849,0.9012358784675598,0.890762984752655,0.8924473524093628,0.90474933385849,0.9139601588249207,0.9079694151878357,0.8790130615234375,0.873144268989563,2.0
922,0.0,0.0,1.0,1.0,0.0,0.0,0.0,0.0,0.0,0.0,0.0,1.0,1.0,0.0,0.9084034562110901,0.9195900559425354,0.9121900200843811,0.9057368040084839,0.9109208583831787,0.9135164618492126,0.898404061794281,0.8900399804115295,0.8923382759094238,0.9064049124717712,0.9174820184707642,0.9136276245117188,0.8819906711578369,0.8721078038215637,2.0
923,0.0,1.0,1.0,0.0,0.0,0.0,0.0,0.0,0.0,0.0,0.0,0.0,0.0,0.0,0.9085788726806641,0.9163084030151367,0.9001374840736389,0.8890504837036133,0.9084415435791016,0.9145780801773071,0.900600254535675,0.889837384223938,0.8909196257591248,0.8996430039405823,0.9076430797576904,0.9016260504722595,0.8733448386192322,0.8651442527770996,0.0
924,0.0,1.0,1.0,0.0,1.0,1.0,0.0,0.0,0.0,0.0,0.0,1.0,1.0,0.0,0.912064254283905,0.9200923442840576,0.9084961414337158,0.8991013765335083,0.9103413224220276,0.9146985411643982,0.9018858671188354,0.8926668167114258,0.8944999575614929,0.9064911007881165,0.9145793914794922,0.9089352488517761,0.8811918497085571,0.8769406080245972,3.0
925,0.0,0.0,0.0,1.0,1.0,0.0,0.0,0.0,0.0,0.0,0.0,1.0,1.0,0.0,0.9006245732307434,0.9132293462753296,0.9104388952255249,0.9103821516036987,0.9107617735862732,0.9074168801307678,0.8899470567703247,0.8833370208740234,0.8866090178489685,0.9012026786804199,0.9137492179870605,0.9150510430335999,0.880288302898407,0.8609055876731873,1.0
926,0.0,1.0,1.0,0.0,1.0,1.0,1.0,1.0,0.0,0.0,0.0,1.0,1.0,0.0,0.9114443063735962,0.9195916652679443,0.909004271030426,0.9009052515029907,0.9106646180152893,0.9157325029373169,0.902728796005249,0.892541766166687,0.8933972716331482,0.9064105749130249,0.9159050583839417,0.9109882116317749,0.881411075592041,0.8753510117530823,1.0
927,0.0,1.0,1.0,0.0,0.0,0.0,1.0,1.0,0.0,0.0,0.0,1.0,1.0,0.0,0.9104561805725098,0.9172878265380859,0.9054526686668396,0.8967503309249878,0.9083187580108643,0.9136129021644592,0.9008640050888062,0.8916653990745544,0.8939257264137268,0.9035208225250244,0.9121676087379456,0.9087330102920532,0.8807801008224487,0.8755322694778442,1.0
928,0.0,0.0,0.0,0.0,0.0,0.0,0.0,1.0,1.0,0.0,0.0,0.0,0.0,0.0,0.9117462635040283,0.9193620681762695,0.907053530216217,0.8977600336074829,0.9099531769752502,0.9136945009231567,0.9003784656524658,0.8911007046699524,0.8925157189369202,0.9043307304382324,0.9125932455062866,0.9068053960800171,0.878520667552948,0.8754028081893921,3.0
929,0.0,0.0,0.0,0.0,1.0,1.0,0.0,0.0,0.0,0.0,0.0,0.0,0.0,0.0,0.9112731218338013,0.9184975624084473,0.9065708518028259,0.8969903588294983,0.9084161520004272,0.9136743545532227,0.8997653722763062,0.8905830383300781,0.8924603462219238,0.9033730030059814,0.913242757320404,0.9094797372817993,0.8807326555252075,0.8730728626251221,1.0
930,0.0,0.0,1.0,1.0,1.0,1.0,0.0,0.0,0.0,0.0,0.0,1.0,1.0,1.0,0.9107977151870728,0.9203145503997803,0.907453179359436,0.8994362354278564,0.9123846888542175,0.9156081676483154,0.900579035282135,0.8910167217254639,0.8918339610099792,0.9031952023506165,0.9137385487556458,0.9083470106124878,0.8785450458526611,0.8702163696289062,1.0
931,0.0,0.0,0.0,1.0,1.0,0.0,0.0,0.0,0.0,0.0,0.0,1.0,1.0,0.0,0.9098572134971619,0.9199138283729553,0.9105051755905151,0.9021185040473938,0.9098683595657349,0.9148135781288147,0.9014604687690735,0.891678512096405,0.8927139639854431,0.9057209491729736,0.9161346554756165,0.9113902449607849,0.8807315826416016,0.8729488253593445,1.0
932,0.0,0.0,0.0,0.0,0.0,0.0,0.0,0.0,0.0,1.0,1.0,0.0,0.0,0.0,0.9115728735923767,0.9176754355430603,0.9056965708732605,0.8967716097831726,0.9088932275772095,0.9136276245117188,0.9013866782188416,0.893052875995636,0.8947300910949707,0.9061340689659119,0.9135915040969849,0.9082728028297424,0.8806098103523254,0.8770467042922974,0.0
933,0.0,0.0,0.0,1.0,1.0,0.0,0.0,0.0,0.0,0.0,0.0,1.0,1.0,0.0,0.9002293348312378,0.9133052229881287,0.9103205800056458,0.911483645439148,0.9116002321243286,0.9060619473457336,0.8875702023506165,0.8812825679779053,0.885554850101471,0.9012932181358337,0.914534330368042,0.9170161485671997,0.8825071454048157,0.8636736869812012,3.0
934,0.0,0.0,1.0,1.0,0.0,0.0,0.0,0.0,0.0,0.0,0.0,0.0,0.0,0.0,0.9108548760414124,0.9188273549079895,0.9076970815658569,0.8987771272659302,0.9092952609062195,0.9143313765525818,0.9011090397834778,0.8919206261634827,0.8938131332397461,0.9061687588691711,0.9149019718170166,0.9101571440696716,0.8808668851852417,0.8741250038146973,3.0
935,0.0,0.0,1.0,1.0,0.0,0.0,0.0,0.0,0.0,0.0,0.0,1.0,1.0,0.0,0.9122557640075684,0.920102059841156,0.9077264666557312,0.899376392364502,0.911449134349823,0.9170136451721191,0.9034543633460999,0.892554759979248,0.8937004804611206,0.906620442867279,0.9155020713806152,0.9102166891098022,0.8811418414115906,0.875569224357605,2.0
936,0.0,0.0,1.0,1.0,0.0,0.0,0.0,0.0,0.0,0.0,0.0,1.0,1.0,0.0,0.9113813042640686,0.9198571443557739,0.9060226082801819,0.8977755904197693,0.9128066301345825,0.9162934422492981,0.9011513590812683,0.8911566138267517,0.8926132321357727,0.9046791791915894,0.91358882188797,0.9071022868156433,0.8783085346221924,0.8734369277954102,2.0
937,0.0,0.0,1.0,1.0,0.0,0.0,0.0,0.0,0.0,0.0,0.0,1.0,1.0,0.0,0.911889374256134,0.9178329110145569,0.9068291187286377,0.8983166217803955,0.9073085188865662,0.9113245010375977,0.8990967869758606,0.8908124566078186,0.8933520317077637,0.9045856595039368,0.9135432243347168,0.9095898866653442,0.8819062113761902,0.8775430917739868,0.0
938,0.0,1.0,1.0,0.0,0.0,0.0,0.0,0.0,0.0,0.0,0.0,1.0,1.0,0.0,0.9119241833686829,0.9197313189506531,0.9092389941215515,0.8994691967964172,0.9081166982650757,0.9132495522499084,0.900457501411438,0.8918748497962952,0.8931840062141418,0.9059725403785706,0.9151920080184937,0.9113149046897888,0.882828950881958,0.8759897351264954,2.0
939,1.0,1.0,0.0,0.0,0.0,0.0,0.0,0.0,0.0,0.0,0.0,0.0,0.0,0.0,0.9120956063270569,0.9204286336898804,0.9094904661178589,0.8995059132575989,0.9085696935653687,0.9136716723442078,0.9008519053459167,0.8920170068740845,0.893500566482544,0.9061975479125977,0.9149943590164185,0.9111338257789612,0.8826103806495667,0.8763391971588135,2.0
940,1.0,1.0,0.0,0.0,0.0,0.0,0.0,0.0,0.0,0.0,0.0,0.0,0.0,0.0,0.9126397967338562,0.9177864193916321,0.907402515411377,0.8991736769676208,0.9066146612167358,0.9101349115371704,0.8982445597648621,0.8906095027923584,0.8928080797195435,0.9050528407096863,0.914138674736023,0.9105756282806396,0.8825940489768982,0.879245400428772,0.0
941,0.0,0.0,0.0,0.0,0.0,0.0,1.0,1.0,0.0,0.0,0.0,1.0,1.0,0.0,0.9118750691413879,0.920110821723938,0.9091984033584595,0.9000105857849121,0.909174919128418,0.9148280024528503,0.9015914797782898,0.8924017548561096,0.8932874798774719,0.9064393639564514,0.9158815741539001,0.9111709594726562,0.8816080093383789,0.874947190284729,0.0
942,1.0,1.0,0.0,0.0,0.0,0.0,0.0,0.0,0.0,0.0,0.0,1.0,1.0,0.0,0.9074801802635193,0.9127310514450073,0.9036788940429688,0.8967049717903137,0.904228687286377,0.9086204171180725,0.8960891962051392,0.8879047632217407,0.8887692093849182,0.9004878401756287,0.9107446074485779,0.909652590751648,0.8821859955787659,0.8776960372924805,0.0
943,1.0,1.0,0.0,0.0,0.0,0.0,0.0,0.0,0.0,1.0,1.0,0.0,0.0,0.0,0.9120309352874756,0.919069766998291,0.9055901169776917,0.8980522155761719,0.9124050140380859,0.9176384806632996,0.903266429901123,0.892230749130249,0.8946470618247986,0.9066347479820251,0.915701150894165,0.9097236394882202,0.880588173866272,0.8742256760597229,2.0
944,0.0,0.0,1.0,1.0,0.0,0.0,0.0,0.0,0.0,0.0,0.0,1.0,1.0,0.0,0.9116507172584534,0.9194762706756592,0.9076685905456543,0.8994905948638916,0.9104602932929993,0.9163246154785156,0.9031714797019958,0.8928989768028259,0.8946710228919983,0.9077878594398499,0.9165505766868591,0.9103274941444397,0.880533754825592,0.8738598227500916,0.0
945,0.0,0.0,1.0,1.0,0.0,0.0,0.0,0.0,0.0,0.0,0.0,1.0,1.0,0.0,0.9103938937187195,0.9170445203781128,0.9040994644165039,0.8941506147384644,0.909200131893158,0.9133904576301575,0.9008822441101074,0.8919172883033752,0.8940317630767822,0.9043307304382324,0.9110308289527893,0.90400230884552,0.8770889043807983,0.8736766576766968,3.0
946,0.0,1.0,1.0,0.0,0.0,0.0,0.0,0.0,0.0,0.0,0.0,1.0,1.0,0.0,0.9112052321434021,0.9201777577400208,0.9081845283508301,0.898205041885376,0.9100573062896729,0.9147236943244934,0.8998174071311951,0.8902654647827148,0.8923366665840149,0.9046557545661926,0.9141971468925476,0.9092421531677246,0.8795955777168274,0.872421383857727,2.0
947,1.0,1.0,0.0,0.0,1.0,1.0,0.0,0.0,0.0,0.0,0.0,1.0,1.0,0.0,0.9108781814575195,0.9192237257957458,0.9080384373664856,0.8991317749023438,0.9092239141464233,0.9142516255378723,0.8996490836143494,0.8897092938423157,0.89218670129776,0.9047200679779053,0.9154967665672302,0.9113929867744446,0.8814899325370789,0.8710679411888123,3.0
948,1.0,1.0,1.0,0.0,0.0,0.0,1.0,1.0,0.0,1.0,1.0,0.0,0.0,0.0,0.9109063744544983,0.918821394443512,0.9043305516242981,0.8968037366867065,0.9129495620727539,0.9164804816246033,0.90116947889328,0.8904507756233215,0.8912141919136047,0.9022274017333984,0.9116554856300354,0.9061239957809448,0.8760730624198914,0.8690592050552368,1.0
949,0.0,0.0,1.0,1.0,0.0,0.0,0.0,0.0,0.0,0.0,0.0,1.0,1.0,0.0,0.9069757461547852,0.9190629124641418,0.9122961759567261,0.906854510307312,0.9139488339424133,0.9172545075416565,0.9003511071205139,0.8909492492675781,0.8928616046905518,0.9054774045944214,0.9174023866653442,0.9143685102462769,0.8817129135131836,0.8705071210861206,1.0
950,0.0,0.0,0.0,0.0,0.0,0.0,0.0,0.0,0.0,1.0,1.0,1.0,1.0,0.0,0.9122951626777649,0.9196078777313232,0.9077684283256531,0.8979023694992065,0.9086795449256897,0.9136315584182739,0.9011815786361694,0.892333447933197,0.8945735096931458,0.905549943447113,0.9138827919960022,0.9088678956031799,0.8808934092521667,0.8752696514129639,2.0
951,0.0,0.0,0.0,0.0,1.0,1.0,1.0,1.0,0.0,0.0,0.0,1.0,1.0,0.0,0.9099628329277039,0.9170498251914978,0.9038141965866089,0.8961096405982971,0.9110254049301147,0.9169102907180786,0.9038043022155762,0.892827570438385,0.8937391638755798,0.9070615768432617,0.9146137833595276,0.9070701003074646,0.8788576722145081,0.8758386373519897,2.0
952,0.0,0.0,0.0,0.0,1.0,1.0,0.0,0.0,0.0,0.0,0.0,0.0,0.0,0.0,0.9076145887374878,0.9159265756607056,0.9046521782875061,0.8987578749656677,0.9109964966773987,0.9162414073944092,0.9033448100090027,0.8919875621795654,0.892661988735199,0.9063473343849182,0.9153313040733337,0.9087948203086853,0.8780178427696228,0.8706980347633362,1.0
953,0.0,0.0,0.0,0.0,1.0,1.0,0.0,0.0,0.0,0.0,0.0,1.0,1.0,0.0,0.9064192175865173,0.9193949103355408,0.912788450717926,0.9063754081726074,0.9136443138122559,0.9160251021385193,0.8970592021942139,0.8884604573249817,0.8920921087265015,0.9067093133926392,0.9186400771141052,0.9165155291557312,0.8828249573707581,0.8679205775260925,3.0
954,1.0,0.0,0.0,0.0,0.0,0.0,0.0,0.0,0.0,0.0,0.0,1.0,1.0,0.0,0.9115537405014038,0.9198049306869507,0.9075559973716736,0.8977110385894775,0.9103593230247498,0.9146416187286377,0.9013203382492065,0.8914161920547485,0.8929702639579773,0.9047610759735107,0.9130680561065674,0.9064731597900391,0.878084123134613,0.872409999370575,4.0
955,0.0,0.0,0.0,0.0,1.0,1.0,0.0,0.0,0.0,0.0,0.0,1.0,1.0,0.0,0.9112758636474609,0.918191134929657,0.905316174030304,0.8957239389419556,0.9093888998031616,0.9141678214073181,0.9018798470497131,0.8921916484832764,0.8944903016090393,0.9058771133422852,0.9123846888542175,0.9055513739585876,0.8782605528831482,0.872421383857727,4.0
956,0.0,0.0,0.0,1.0,1.0,0.0,0.0,0.0,0.0,0.0,0.0,1.0,1.0,0.0,0.9047756195068359,0.9171586036682129,0.9112977385520935,0.9072670340538025,0.9107146263122559,0.9120860695838928,0.8957889080047607,0.8869580626487732,0.8904011249542236,0.9042279720306396,0.9158058166503906,0.9132871031761169,0.8794846534729004,0.868215799331665,4.0
957,1.0,1.0,1.0,0.0,1.0,1.0,0.0,0.0,0.0,0.0,0.0,1.0,1.0,0.0,0.9104547500610352,0.9167490601539612,0.9033418893814087,0.8937954306602478,0.9077907204627991,0.9137065410614014,0.9010818600654602,0.8918601274490356,0.8938677906990051,0.9027198553085327,0.9102001190185547,0.9068741798400879,0.8800258636474609,0.8731254935264587,4.0
958,1.0,1.0,0.0,0.0,0.0,0.0,0.0,0.0,0.0,0.0,0.0,0.0,0.0,0.0,0.9121662378311157,0.9197890758514404,0.9083190560340881,0.8979862928390503,0.9072315096855164,0.9117646813392639,0.8997378945350647,0.8919532299041748,0.8939964175224304,0.904731810092926,0.9134387969970703,0.9091280102729797,0.881093442440033,0.8768088221549988,3.0
959,1.0,1.0,0.0,0.0,0.0,1.0,1.0,1.0,0.0,0.0,0.0,1.0,1.0,0.0,0.9102658629417419,0.9188339710235596,0.9063575863838196,0.8960813283920288,0.9099100232124329,0.914555549621582,0.9006184339523315,0.890315055847168,0.8914145231246948,0.9034528732299805,0.9123765230178833,0.9065644145011902,0.8772912621498108,0.8697061538696289,4.0
960,1.0,1.0,0.0,0.0,1.0,1.0,0.0,0.0,0.0,0.0,0.0,1.0,1.0,0.0,0.9124517440795898,0.9203810691833496,0.9085398316383362,0.8988388776779175,0.9101862907409668,0.915315568447113,0.9024933576583862,0.8922666311264038,0.8940125107765198,0.905547022819519,0.9144229292869568,0.9099962115287781,0.8815757632255554,0.8752734065055847,4.0
961,0.0,0.0,0.0,0.0,0.0,0.0,0.0,0.0,0.0,0.0,1.0,1.0,1.0,0.0,0.9112895727157593,0.9190748929977417,0.9055951833724976,0.8983854651451111,0.912879467010498,0.9185386300086975,0.9049828052520752,0.8935618996620178,0.8944358825683594,0.9065428376197815,0.9146456122398376,0.9080105423927307,0.8791319727897644,0.8736616373062134,0.0
962,1.0,0.0,0.0,0.0,0.0,1.0,1.0,0.0,0.0,0.0,0.0,0.0,0.0,0.0,0.9108121395111084,0.9210199117660522,0.9106318950653076,0.9017568230628967,0.9119350910186768,0.9160069227218628,0.9017297625541687,0.8921149969100952,0.8941184878349304,0.905787467956543,0.9162986874580383,0.9107722043991089,0.8798785209655762,0.8745682835578918,0.0
963,0.0,0.0,0.0,1.0,1.0,0.0,0.0,0.0,0.0,0.0,0.0,1.0,1.0,0.0,0.91038978099823,0.9110265970230103,0.9012026786804199,0.8973997831344604,0.9008488655090332,0.9020792245864868,0.8897958397865295,0.8849883675575256,0.887539803981781,0.9006640315055847,0.9103220105171204,0.9088538289070129,0.8823313117027283,0.8806068301200867,0.0
964,1.0,1.0,0.0,0.0,0.0,0.0,0.0,0.0,0.0,0.0,0.0,0.0,0.0,0.0,0.9117414951324463,0.9200011491775513,0.9086225628852844,0.8981034755706787,0.9092127680778503,0.9141799211502075,0.9007094502449036,0.891757071018219,0.8922552466392517,0.903736412525177,0.9134199619293213,0.9086190462112427,0.8794426918029785,0.873031497001648,1.0
965,1.0,1.0,0.0,0.0,0.0,0.0,0.0,1.0,1.0,0.0,0.0,0.0,0.0,0.0,0.9113200306892395,0.9167011976242065,0.9055013656616211,0.8975189328193665,0.9058453440666199,0.9107763171195984,0.898036777973175,0.8900432586669922,0.892023503780365,0.9047961235046387,0.913446843624115,0.908725917339325,0.8810861706733704,0.8757095336914062,0.0
966,0.0,0.0,1.0,1.0,1.0,0.0,0.0,0.0,0.0,0.0,0.0,1.0,1.0,0.0,0.912257194519043,0.9208815097808838,0.9087834358215332,0.8995557427406311,0.9111819267272949,0.9153695106506348,0.9019758105278015,0.8922796249389648,0.8935973048210144,0.9057961702346802,0.9148333072662354,0.9089521169662476,0.880379319190979,0.8753436207771301,2.0
967,0.0,0.0,1.0,1.0,0.0,0.0,0.0,0.0,0.0,0.0,0.0,1.0,1.0,0.0,0.9122545123100281,0.9194135665893555,0.9074257016181946,0.8982252478599548,0.9107018709182739,0.9154704809188843,0.9030202031135559,0.8931127786636353,0.8950649499893188,0.9058799743652344,0.914290189743042,0.9089282751083374,0.8806584477424622,0.8760780692100525,3.0
968,0.0,0.0,1.0,1.0,0.0,0.0,0.0,0.0,0.0,0.0,0.0,1.0,1.0,0.0,0.9113080501556396,0.920004665851593,0.9076618552207947,0.8971460461616516,0.9088932275772095,0.9134843349456787,0.900490939617157,0.8909788727760315,0.8918567895889282,0.9037718772888184,0.9128497242927551,0.9076139330863953,0.8785804510116577,0.8729488253593445,2.0
969,0.0,0.0,0.0,1.0,1.0,0.0,0.0,0.0,0.0,0.0,0.0,1.0,1.0,0.0,0.8902422189712524,0.9055629372596741,0.9064667224884033,0.9146918654441833,0.9112079739570618,0.8997577428817749,0.8805551528930664,0.8749825358390808,0.8802909851074219,0.8967534899711609,0.9110831022262573,0.9153024554252625,0.8784665465354919,0.8540315628051758,4.0
970,0.0,1.0,1.0,0.0,0.0,1.0,1.0,1.0,0.0,0.0,0.0,0.0,0.0,0.0,0.9120004177093506,0.9201439023017883,0.9088650345802307,0.8993809819221497,0.9101585149765015,0.9144150018692017,0.9019129276275635,0.8926441073417664,0.8946342468261719,0.9072443246841431,0.9150470495223999,0.9094811081886292,0.8811384439468384,0.8774191737174988,3.0
971,0.0,1.0,1.0,1.0,0.0,0.0,0.0,0.0,0.0,0.0,0.0,1.0,1.0,0.0,0.9119554758071899,0.9201104044914246,0.9094472527503967,0.8987378478050232,0.9085091352462769,0.913840115070343,0.900888204574585,0.8916440606117249,0.8932486772537231,0.9049741625785828,0.9147170186042786,0.91069495677948,0.8819487690925598,0.875657856464386,4.0
972,0.0,1.0,1.0,0.0,0.0,0.0,0.0,0.0,0.0,1.0,1.0,1.0,1.0,0.0,0.9115339517593384,0.9187026619911194,0.906963586807251,0.8964879512786865,0.9074110984802246,0.912662148475647,0.9008731245994568,0.8924506902694702,0.8943398594856262,0.904737651348114,0.9121567010879517,0.9082261919975281,0.8815404772758484,0.8763208985328674,4.0
973,0.0,0.0,0.0,0.0,0.0,1.0,1.0,0.0,0.0,0.0,1.0,1.0,0.0,0.0,0.9126763343811035,0.919994056224823,0.9085770845413208,0.8991467952728271,0.9103496670722961,0.9150997996330261,0.9020866751670837,0.8924327492713928,0.8943173289299011,0.9062725305557251,0.9148914813995361,0.9100573062896729,0.8810945749282837,0.8767831325531006,1.0
974,1.0,1.0,0.0,0.0,0.0,1.0,1.0,1.0,0.0,0.0,0.0,1.0,1.0,0.0,0.9099271297454834,0.9156323671340942,0.8992934823036194,0.8882889151573181,0.9069814682006836,0.9122775197029114,0.8982042670249939,0.8879250288009644,0.8896061778068542,0.9004301428794861,0.9080572128295898,0.9011370539665222,0.8733855485916138,0.869625449180603,2.0
975,1.0,1.0,0.0,0.0,0.0,1.0,1.0,1.0,0.0,1.0,1.0,0.0,0.0,0.0,0.9126458168029785,0.919967532157898,0.9082517027854919,0.8983707427978516,0.9089534878730774,0.9128052592277527,0.9004088640213013,0.8914654850959778,0.8934844136238098,0.9052624106407166,0.9131003022193909,0.9077616333961487,0.8799594044685364,0.8756948113441467,4.0
976,0.0,0.0,1.0,1.0,0.0,0.0,0.0,0.0,0.0,0.0,0.0,1.0,1.0,0.0,0.9125938415527344,0.9195758104324341,0.9086492657661438,0.8987794518470764,0.9089381098747253,0.913948118686676,0.9011603593826294,0.8926392793655396,0.893835723400116,0.9057180285453796,0.9144734144210815,0.9099864363670349,0.8819242119789124,0.8774921298027039,1.0
977,0.0,0.0,1.0,1.0,0.0,0.0,0.0,0.0,0.0,0.0,0.0,1.0,1.0,0.0,0.9067988991737366,0.9183148741722107,0.9116981625556946,0.9055027961730957,0.9118162989616394,0.9137719869613647,0.89644855260849,0.8882283568382263,0.8916949033737183,0.905282735824585,0.9165765047073364,0.9149271249771118,0.8816288709640503,0.8676989674568176,4.0
978,1.0,1.0,0.0,0.0,0.0,0.0,0.0,0.0,0.0,0.0,0.0,1.0,1.0,0.0,0.9110651612281799,0.9099383354187012,0.8984086513519287,0.8956301212310791,0.8990328907966614,0.8998479843139648,0.8862848281860352,0.8821631073951721,0.8857677578926086,0.8993640542030334,0.9096665382385254,0.9089381098747253,0.8814067244529724,0.8766768574714661,0.0
979,0.0,1.0,1.0,0.0,0.0,0.0,0.0,0.0,0.0,1.0,1.0,1.0,1.0,0.0,0.9115844368934631,0.9194374680519104,0.9075150489807129,0.8977974057197571,0.9099406599998474,0.9141772389411926,0.9020417928695679,0.8928745985031128,0.8940832018852234,0.9049304127693176,0.9134520888328552,0.908318042755127,0.8806672096252441,0.8765192031860352,1.0
980,0.0,0.0,0.0,0.0,0.0,0.0,0.0,0.0,0.0,0.0,0.0,1.0,1.0,0.0,0.9095759391784668,0.9183605909347534,0.9064396619796753,0.8957628011703491,0.9079325795173645,0.9129185676574707,0.8996827602386475,0.8902422189712524,0.8907728791236877,0.9021674990653992,0.9114941954612732,0.906066358089447,0.876292884349823,0.8690322041511536,4.0
981,0.0,0.0,0.0,0.0,1.0,1.0,1.0,1.0,0.0,0.0,0.0,1.0,1.0,0.0,0.910565972328186,0.9167013764381409,0.9062696099281311,0.8975743651390076,0.9059046506881714,0.9110968112945557,0.8984180092811584,0.8906044960021973,0.8919712901115417,0.9035740494728088,0.9127202033996582,0.9093959331512451,0.882003664970398,0.8745831251144409,2.0
982,1.0,1.0,1.0,1.0,0.0,0.0,0.0,0.0,0.0,0.0,1.0,1.0,1.0,0.0,0.9119976162910461,0.9202010631561279,0.9074257016181946,0.8976253867149353,0.9102610349655151,0.915575385093689,0.9026156067848206,0.8923741579055786,0.8944518566131592,0.9061283469200134,0.9148069024085999,0.9097069501876831,0.8811463117599487,0.8747281432151794,2.0
983,0.0,1.0,1.0,1.0,0.0,0.0,0.0,0.0,0.0,0.0,0.0,1.0,1.0,0.0,0.9116663932800293,0.9194905757904053,0.9072798490524292,0.898021936416626,0.9114367961883545,0.9163427948951721,0.9025797843933105,0.8925938010215759,0.8939964175224304,0.9059811234474182,0.9142078161239624,0.9086344838142395,0.8802277445793152,0.8758865594863892,3.0
984,1.0,1.0,0.0,0.0,0.0,0.0,0.0,0.0,0.0,0.0,0.0,0.0,0.0,0.0,0.9120166897773743,0.9200853109359741,0.9077616333961487,0.8967629671096802,0.9077552556991577,0.9123982787132263,0.9000861048698425,0.891279935836792,0.8926327228546143,0.9034705758094788,0.9120778441429138,0.9074944257736206,0.8790550827980042,0.8736092448234558,2.0
985,1.0,1.0,0.0,0.0,0.0,0.0,1.0,1.0,0.0,0.0,0.0,1.0,1.0,0.0,0.9117892384529114,0.9198358058929443,0.9064938426017761,0.8964375257492065,0.909949004650116,0.9149890542030334,0.9018498659133911,0.8918470144271851,0.8938325047492981,0.9047873020172119,0.912914514541626,0.9079042077064514,0.8798633217811584,0.8749287128448486,2.0
986,0.0,0.0,0.0,1.0,1.0,0.0,0.0,0.0,0.0,0.0,0.0,1.0,1.0,0.0,0.899382472038269,0.9131326079368591,0.9102139472961426,0.9102416634559631,0.9097094535827637,0.9071072936058044,0.8906358480453491,0.8829591274261475,0.8852900266647339,0.899431586265564,0.9125282168388367,0.9136797785758972,0.8790328502655029,0.8582473397254944,1.0
987,0.0,0.0,1.0,1.0,1.0,0.0,0.0,0.0,0.0,0.0,0.0,1.0,1.0,0.0,0.9120765328407288,0.92051762342453,0.9080550670623779,0.8975295424461365,0.9089885354042053,0.9139161705970764,0.9012569785118103,0.8924441337585449,0.8934521675109863,0.9046967625617981,0.9131702780723572,0.9081103205680847,0.8803630471229553,0.8747616410255432,2.0
988,0.0,0.0,1.0,1.0,0.0,0.0,0.0,0.0,0.0,0.0,0.0,1.0,1.0,0.0,0.9117736220359802,0.9203071594238281,0.908041775226593,0.8978440165519714,0.9105610847473145,0.9151920080184937,0.9012660980224609,0.891680121421814,0.8930836319923401,0.9037423729896545,0.9130868911743164,0.9085838198661804,0.8799690008163452,0.8733469247817993,1.0
989,0.0,0.0,0.0,0.0,0.0,0.0,0.0,0.0,0.0,0.0,0.0,1.0,1.0,0.0,0.9127026200294495,0.9189930558204651,0.9080430865287781,0.8987154364585876,0.906823992729187,0.9111613631248474,0.8986683487892151,0.8906821012496948,0.8934134244918823,0.9061081409454346,0.9144389033317566,0.9097612500190735,0.8818355798721313,0.8774775266647339,3.0
990,1.0,1.0,0.0,0.0,0.0,0.0,0.0,0.0,0.0,0.0,0.0,0.0,0.0,0.0,0.9058453440666199,0.9153497219085693,0.907617449760437,0.9018709063529968,0.9068291187286377,0.9103938937187195,0.8954052925109863,0.8866227269172668,0.8885225653648376,0.901660680770874,0.9128282070159912,0.9103358387947083,0.8777406811714172,0.8638014197349548,1.0
991,0.0,0.0,0.0,0.0,0.0,0.0,0.0,0.0,0.0,1.0,1.0,0.0,0.0,0.0,0.9116472601890564,0.919502854347229,0.9079537987709045,0.8977023959159851,0.9091958999633789,0.9145410060882568,0.9013143181800842,0.8915342688560486,0.8931353688240051,0.9044449925422668,0.9137198328971863,0.9089142084121704,0.8800768852233887,0.8723157048225403,4.0
992,0.0,1.0,1.0,0.0,0.0,0.0,0.0,0.0,0.0,0.0,0.0,1.0,1.0,0.0,0.9114969968795776,0.9186974167823792,0.9069331884384155,0.8955123424530029,0.9058987498283386,0.9111599922180176,0.8995327353477478,0.8919385671615601,0.8939450979232788,0.9037246704101562,0.9119799733161926,0.9076075553894043,0.8806941509246826,0.876379668712616,4.0
993,0.0,0.0,0.0,1.0,1.0,0.0,0.0,0.0,0.0,0.0,0.0,1.0,1.0,0.0,0.9088945984840393,0.9173985719680786,0.9089766144752502,0.9016486406326294,0.9087976813316345,0.912636399269104,0.8989275097846985,0.8901527523994446,0.8919369578361511,0.9041985273361206,0.91483074426651,0.9116882681846619,0.8817496299743652,0.8748173713684082,1.0
994,1.0,1.0,0.0,0.0,1.0,1.0,0.0,0.0,0.0,0.0,0.0,1.0,1.0,0.0,0.9126715660095215,0.9213964343070984,0.9094489812850952,0.9007473587989807,0.9114847183227539,0.9167319536209106,0.9033907055854797,0.8931337594985962,0.8944807052612305,0.9072386622428894,0.9166075587272644,0.9114709496498108,0.8825361728668213,0.8753991723060608,2.0
995,0.0,0.0,1.0,1.0,0.0,0.0,0.0,0.0,0.0,0.0,0.0,1.0,1.0,0.0,0.9120213985443115,0.9182913303375244,0.9066556096076965,0.8975263237953186,0.9080246686935425,0.9132468700408936,0.9009034037590027,0.8919973373413086,0.8943045735359192,0.9054977297782898,0.9132132530212402,0.9089184403419495,0.8814489841461182,0.8763099312782288,4.0
996,1.0,0.0,1.0,1.0,0.0,0.0,0.0,0.0,0.0,0.0,0.0,1.0,1.0,0.0,0.9103717803955078,0.9174529314041138,0.9068361520767212,0.8987540602684021,0.9074801802635193,0.9124700427055359,0.8998876810073853,0.8901211619377136,0.892088770866394,0.9053438305854797,0.9136797785758972,0.9097486734390259,0.8807106614112854,0.8734143972396851,4.0
997,0.0,0.0,1.0,1.0,0.0,0.0,0.0,0.0,0.0,1.0,1.0,1.0,1.0,0.0,0.9105805158615112,0.916614830493927,0.9053626656532288,0.897345781326294,0.9067007899284363,0.9117974042892456,0.8985973000526428,0.8899055123329163,0.8918601274490356,0.9047026038169861,0.9132751226425171,0.9087667465209961,0.8799448013305664,0.8714976906776428,2.0
998,0.0,0.0,0.0,0.0,0.0,0.0,0.0,0.0,0.0,0.0,1.0,1.0,1.0,0.0,0.9083208441734314,0.9178688526153564,0.9025151133537292,0.8910743594169617,0.9088678956031799,0.9135351777076721,0.8978160619735718,0.8880599141120911,0.8904392123222351,0.9003024101257324,0.9079524278640747,0.9025171399116516,0.8727325797080994,0.8635698556900024,1.0
999,1.0,1.0,0.0,0.0,0.0,0.0,0.0,0.0,0.0,0.0,0.0,0.0,0.0,0.0,0.9056078791618347,0.9148914813995361,0.9081676006317139,0.9027435183525085,0.9067953824996948,0.9098266363143921,0.8955131769180298,0.8870106935501099,0.8880818486213684,0.9012871980667114,0.9127525687217712,0.9111901521682739,0.8789752125740051,0.8641600608825684,1.0
1000,1.0,1.0,0.0,0.0,0.0,0.0,0.0,0.0,0.0,0.0,0.0,0.0,0.0,0.0,0.9112388491630554,0.9173824191093445,0.904570996761322,0.8961689472198486,0.9103524088859558,0.9159259796142578,0.9027228355407715,0.8923414945602417,0.8938983678817749,0.9049304127693176,0.9137599468231201,0.9083329439163208,0.8795955777168274,0.8730691075325012,1.0
1001,0.0,1.0,1.0,0.0,0.0,0.0,0.0,0.0,0.0,0.0,0.0,1.0,1.0,0.0,0.9087905883789062,0.9159867167472839,0.898735523223877,0.8905516266822815,0.9114408493041992,0.9151162505149841,0.899299681186676,0.8885595202445984,0.8892359137535095,0.8995266556739807,0.9078219532966614,0.9011527895927429,0.871134340763092,0.8623991012573242,0.0
1002,1.0,1.0,1.0,1.0,0.0,0.0,0.0,0.0,0.0,0.0,0.0,1.0,1.0,0.0,0.9071465134620667,0.9123338460922241,0.9058843851089478,0.9010675549507141,0.904962420463562,0.9064781665802002,0.8944646716117859,0.8889651894569397,0.8915391564369202,0.9041426777839661,0.9136235117912292,0.9103274941444397,0.8819273114204407,0.8764384388923645,2.0
1003,0.0,0.0,0.0,0.0,0.0,0.0,1.0,1.0,1.0,0.0,0.0,1.0,1.0,0.0,0.9109470248222351,0.9192094206809998,0.9066792130470276,0.8947157859802246,0.9066649079322815,0.9117332696914673,0.8990691304206848,0.8904557824134827,0.8911089301109314,0.9019279479980469,0.91069495677948,0.9064221382141113,0.8773678541183472,0.8727455735206604,2.0
1004,0.0,0.0,0.0,0.0,1.0,1.0,0.0,0.0,0.0,0.0,0.0,1.0,1.0,0.0,0.9088432788848877,0.9151730537414551,0.9033248424530029,0.8942292332649231,0.9063905477523804,0.9115188717842102,0.8976168036460876,0.8889919519424438,0.891079306602478,0.9001744985580444,0.9096052646636963,0.9086880087852478,0.880818784236908,0.8714824914932251,1.0
1005,1.0,1.0,0.0,0.0,0.0,0.0,0.0,0.0,0.0,0.0,0.0,0.0,0.0,0.0,0.9121206998825073,0.9195207953453064,0.9078981876373291,0.899016797542572,0.9110377430915833,0.9153300523757935,0.902427613735199,0.8929557204246521,0.8940414190292358,0.90565425157547,0.9139788150787354,0.908108115196228,0.8800135850906372,0.8768637180328369,1.0
1006,0.0,0.0,1.0,1.0,0.0,0.0,0.0,0.0,0.0,0.0,0.0,1.0,1.0,0.0,0.9105404615402222,0.9205867052078247,0.9099962115287781,0.901269793510437,0.9098127484321594,0.9152709245681763,0.901317298412323,0.8913521766662598,0.8923528790473938,0.9057006239891052,0.9165946245193481,0.9134535193443298,0.8826881051063538,0.8712468147277832,2.0
1007,0.0,0.0,0.0,1.0,1.0,0.0,0.0,0.0,0.0,0.0,0.0,1.0,1.0,0.0,0.9046981930732727,0.9127006530761719,0.9061081409454346,0.9048250913619995,0.9076615571975708,0.9064135551452637,0.8908256888389587,0.8844020366668701,0.8867062330245972,0.9010334610939026,0.912392795085907,0.9131339192390442,0.8818657994270325,0.8655551075935364,2.0
1008,1.0,1.0,0.0,0.0,0.0,0.0,0.0,0.0,0.0,0.0,0.0,1.0,1.0,0.0,0.9121526479721069,0.9206224679946899,0.909075140953064,0.8990336656570435,0.9094461798667908,0.9145475625991821,0.9012569785118103,0.8915310502052307,0.8933133482933044,0.9058250784873962,0.914529025554657,0.9098001718521118,0.8811188340187073,0.8746650218963623,4.0
1009,0.0,0.0,0.0,0.0,0.0,0.0,0.0,0.0,0.0,1.0,1.0,0.0,0.0,0.0,0.9117476344108582,0.9201810359954834,0.9085482954978943,0.9000902771949768,0.9106274247169495,0.915682852268219,0.9024977087974548,0.8925872445106506,0.8937036395072937,0.9074751734733582,0.9160304069519043,0.9104796648025513,0.8816288709640503,0.8761847615242004,2.0
1010,0.0,0.0,1.0,1.0,0.0,0.0,0.0,0.0,0.0,0.0,0.0,0.0,0.0,0.0,0.9114347100257874,0.9200519919395447,0.9083830118179321,0.9003989100456238,0.9118437767028809,0.9171541333198547,0.9030721187591553,0.8922616839408875,0.8932616114616394,0.9060850739479065,0.9161502718925476,0.9112560153007507,0.8812834024429321,0.8738188147544861,1.0
1011,0.0,0.0,1.0,1.0,0.0,0.0,0.0,0.0,0.0,0.0,0.0,0.0,0.0,0.0,0.909153938293457,0.9189469218254089,0.9058467149734497,0.8952416181564331,0.9088804721832275,0.9138761162757874,0.8998937606811523,0.8902803659439087,0.8926880359649658,0.9033107757568359,0.912433385848999,0.9076488018035889,0.8785127401351929,0.8684328198432922,4.0
1012,1.0,1.0,0.0,0.0,0.0,0.0,0.0,0.0,0.0,0.0,0.0,1.0,1.0,0.0,0.912180483341217,0.9194260835647583,0.9084150791168213,0.8992788791656494,0.907993495464325,0.9129387736320496,0.9000158905982971,0.8907283544540405,0.8926018476486206,0.9058886766433716,0.9148227572441101,0.9105017185211182,0.8816395401954651,0.8755322694778442,4.0
1013,0.0,0.0,0.0,0.0,1.0,1.0,0.0,0.0,0.0,0.0,0.0,1.0,1.0,0.0,0.9114134907722473,0.9186180830001831,0.9078975319862366,0.8989836573600769,0.9072985053062439,0.9120630025863647,0.8998571634292603,0.8913308382034302,0.892730176448822,0.9048837423324585,0.9142636060714722,0.9104727506637573,0.8824698328971863,0.8759270310401917,2.0
1014,0.0,1.0,1.0,0.0,0.0,0.0,0.0,0.0,0.0,0.0,0.0,0.0,0.0,0.0,0.9113556742668152,0.919026792049408,0.9055899977684021,0.8980987668037415,0.913569986820221,0.9167357683181763,0.9020417928695679,0.891279935836792,0.8920463919639587,0.9034440517425537,0.9128741025924683,0.9065256714820862,0.877299427986145,0.8707935214042664,1.0
1015,1.0,1.0,0.0,0.0,1.0,1.0,0.0,0.0,0.0,0.0,0.0,0.0,0.0,0.0,0.9111170172691345,0.9178733825683594,0.9032760262489319,0.8939964175224304,0.9095453023910522,0.915791392326355,0.9011120796203613,0.8902505040168762,0.8925352096557617,0.9018828272819519,0.9119609594345093,0.908476710319519,0.8796350359916687,0.8679245710372925,4.0
1016,0.0,0.0,1.0,1.0,0.0,0.0,0.0,0.0,0.0,0.0,0.0,1.0,1.0,0.0,0.9124175310134888,0.9186140298843384,0.9068892002105713,0.8987725377082825,0.9076714515686035,0.9124443531036377,0.898947536945343,0.8908603191375732,0.8925352096557617,0.9060302376747131,0.9150286912918091,0.9103773236274719,0.8814650774002075,0.8773316144943237,4.0
1017,0.0,0.0,0.0,1.0,1.0,0.0,0.0,0.0,0.0,0.0,0.0,1.0,1.0,0.0,0.9093002080917358,0.9171270728111267,0.9072471857070923,0.8998785018920898,0.9076600670814514,0.9125471711158752,0.8982352018356323,0.8891491293907166,0.8902885913848877,0.9025171399116516,0.9132159352302551,0.9105721712112427,0.8801801800727844,0.8686922192573547,1.0
1018,0.0,0.0,1.0,1.0,1.0,1.0,0.0,0.0,0.0,0.0,0.0,1.0,1.0,0.0,0.9100566506385803,0.9144614338874817,0.904657244682312,0.8992378115653992,0.9036914706230164,0.9071844220161438,0.8931127786636353,0.8873246908187866,0.8879840970039368,0.9015161991119385,0.9118382930755615,0.9084485769271851,0.879985511302948,0.874083936214447,0.0
1019,0.0,0.0,1.0,1.0,0.0,0.0,0.0,0.0,0.0,0.0,0.0,1.0,1.0,0.0,0.9119303226470947,0.9200942516326904,0.9083208441734314,0.8973047733306885,0.9079368114471436,0.9122734665870667,0.8998234868049622,0.8917750716209412,0.8939739465713501,0.9047229886054993,0.912739098072052,0.9077708721160889,0.8799620866775513,0.8760449886322021,3.0
1020,1.0,1.0,1.0,0.0,1.0,1.0,0.0,0.0,0.0,0.0,0.0,1.0,1.0,0.0,0.9101127982139587,0.921941876411438,0.9113616347312927,0.9017598032951355,0.9126918315887451,0.9168327450752258,0.9007852673530579,0.8914555907249451,0.8935263752937317,0.9065572619438171,0.9179097414016724,0.9132132530212402,0.882018506526947,0.8724251985549927,4.0
1021,0.0,0.0,0.0,0.0,0.0,0.0,0.0,0.0,0.0,1.0,1.0,1.0,1.0,0.0,0.9115646481513977,0.9176439046859741,0.9051059484481812,0.8960584402084351,0.9084781408309937,0.9139201641082764,0.9006275534629822,0.8909755349159241,0.8930383324623108,0.9038749933242798,0.912365734577179,0.9079339504241943,0.8798417448997498,0.8713495135307312,4.0
1022,1.0,1.0,0.0,0.0,0.0,0.0,0.0,0.0,0.0,0.0,0.0,1.0,1.0,0.0,0.9116237759590149,0.9170826077461243,0.8997516632080078,0.8914211392402649,0.9103496670722961,0.915058970451355,0.90007084608078,0.8890019059181213,0.8917881846427917,0.9028685688972473,0.9120071530342102,0.9061486124992371,0.8772741556167603,0.8701013326644897,2.0
1023,0.0,0.0,1.0,1.0,1.0,1.0,0.0,0.0,0.0,0.0,0.0,1.0,1.0,0.0,0.9124781489372253,0.9198208451271057,0.907976508140564,0.8989944458007812,0.9102153182029724,0.9152734875679016,0.9035415649414062,0.8936167359352112,0.8949279189109802,0.9063013195991516,0.9144946336746216,0.909349799156189,0.8814936876296997,0.8775103092193604,0.0
1024,0.0,1.0,1.0,0.0,0.0,0.0,0.0,0.0,0.0,0.0,0.0,1.0,1.0,0.0,0.9101183414459229,0.915959894657135,0.9018809795379639,0.8929362297058105,0.9092211723327637,0.9139441251754761,0.9014137983322144,0.8927025198936462,0.895033061504364,0.9045445919036865,0.9112038016319275,0.9043761491775513,0.8778724670410156,0.872255265712738,3.0
1025,0.0,0.0,0.0,1.0,1.0,0.0,0.0,0.0,0.0,0.0,0.0,1.0,1.0,0.0,0.904731810092926,0.9160597324371338,0.9105335474014282,0.9068083167076111,0.9066744446754456,0.9073384404182434,0.8923903703689575,0.8856373429298401,0.8879469633102417,0.9030171632766724,0.9149099588394165,0.912209689617157,0.8801787495613098,0.8674027919769287,2.0
1026,1.0,1.0,0.0,0.0,0.0,1.0,1.0,1.0,0.0,0.0,0.0,1.0,1.0,0.0,0.9119391441345215,0.9188045859336853,0.9059129357337952,0.8970959782600403,0.9104796648025513,0.9160186052322388,0.9029191136360168,0.8930917382240295,0.8948545455932617,0.9059725403785706,0.9147275686264038,0.9093316197395325,0.8812088966369629,0.8742406368255615,3.0
1027,1.0,0.0,0.0,0.0,0.0,0.0,0.0,0.0,0.0,0.0,0.0,0.0,0.0,0.0,0.9116493463516235,0.917217493057251,0.9071515202522278,0.8998720049858093,0.9043351411819458,0.9090937376022339,0.8953321576118469,0.8883495330810547,0.8897858262062073,0.9032396674156189,0.9139014482498169,0.9099655747413635,0.8812352418899536,0.8748915195465088,0.0
1028,0.0,0.0,0.0,0.0,0.0,0.0,1.0,1.0,0.0,0.0,0.0,1.0,1.0,0.0,0.9039238691329956,0.9098266363143921,0.9030216336250305,0.8993610143661499,0.9031953811645508,0.9055397510528564,0.8923692107200623,0.8853674530982971,0.8874720931053162,0.8994868397712708,0.9100780487060547,0.9089619517326355,0.8791707754135132,0.8689588308334351,4.0
1029,0.0,0.0,0.0,0.0,1.0,1.0,0.0,0.0,0.0,0.0,0.0,1.0,1.0,0.0,0.9104907512664795,0.9211938977241516,0.9101458787918091,0.900121808052063,0.9119118452072144,0.915723443031311,0.9005546569824219,0.8914161920547485,0.8933229446411133,0.9058886766433716,0.9158554673194885,0.910926342010498,0.8811296224594116,0.8728585243225098,1.0
1030,0.0,0.0,1.0,1.0,0.0,0.0,0.0,0.0,0.0,0.0,0.0,1.0,1.0,0.0,0.9112618565559387,0.9181071519851685,0.9043130874633789,0.896603524684906,0.9113299250602722,0.9167073369026184,0.9024694561958313,0.8911895155906677,0.8929799199104309,0.9045504331588745,0.9140880703926086,0.9089942574501038,0.8797306418418884,0.8715546727180481,3.0
1031,0.0,0.0,0.0,0.0,1.0,1.0,0.0,0.0,0.0,0.0,0.0,0.0,0.0,0.0,0.911740779876709,0.9195154309272766,0.9070386290550232,0.8984814286231995,0.9112505316734314,0.9150115251541138,0.9019519090652466,0.8918323516845703,0.8939128518104553,0.9066318869590759,0.914290189743042,0.9078496694564819,0.8798980116844177,0.8760449886322021,3.0
1032,0.0,0.0,1.0,1.0,0.0,0.0,0.0,0.0,0.0,0.0,0.0,1.0,1.0,0.0,0.9102596640586853,0.918079674243927,0.9061247706413269,0.8989521265029907,0.9123454093933105,0.9169232249259949,0.9031848907470703,0.892217755317688,0.8939450979232788,0.9068297743797302,0.9154075384140015,0.9089577198028564,0.8795356154441833,0.8746724128723145,3.0
1033,1.0,1.0,1.0,1.0,0.0,0.0,0.0,0.0,0.0,0.0,0.0,1.0,1.0,0.0,0.9109690189361572,0.9194805026054382,0.9072271585464478,0.8968061208724976,0.9088678956031799,0.9138880968093872,0.900372326374054,0.8912946581840515,0.8927432298660278,0.9034380912780762,0.912257194519043,0.908626139163971,0.880021333694458,0.8737402558326721,1.0
1034,0.0,1.0,1.0,0.0,0.0,0.0,0.0,0.0,0.0,0.0,0.0,1.0,1.0,0.0,0.9113292694091797,0.9185717105865479,0.9090306758880615,0.900831401348114,0.9087863564491272,0.9119051098823547,0.8997868299484253,0.8916080594062805,0.8936585783958435,0.9053438305854797,0.9137866497039795,0.9102984666824341,0.8817303776741028,0.876991868019104,0.0
1035,1.0,1.0,1.0,1.0,0.0,0.0,0.0,0.0,0.0,0.0,0.0,1.0,1.0,0.0,0.9122822880744934,0.9191457033157349,0.9080780744552612,0.8984233736991882,0.9071415066719055,0.9115803837776184,0.8989614248275757,0.8908783793449402,0.8935263752937317,0.904965341091156,0.9140134453773499,0.9102805256843567,0.8823511004447937,0.8774629235267639,3.0
1036,1.0,1.0,0.0,0.0,0.0,1.0,1.0,1.0,0.0,0.0,1.0,1.0,1.0,0.0,0.9119085073471069,0.9175778031349182,0.9070050716400146,0.8980677127838135,0.9061529040336609,0.9109786152839661,0.8986003994941711,0.8909310698509216,0.8923985362052917,0.9044245481491089,0.9139174818992615,0.910252034664154,0.8823708891868591,0.8769150376319885,0.0
1037,0.0,1.0,1.0,0.0,0.0,0.0,1.0,1.0,0.0,0.0,0.0,0.0,0.0,0.0,0.910171627998352,0.9143420457839966,0.9050964713096619,0.9004173874855042,0.9037275910377502,0.9058944582939148,0.8916080594062805,0.8855841159820557,0.8881222605705261,0.9022124409675598,0.912365734577179,0.9093148708343506,0.880763828754425,0.8734894394874573,0.0
1038,0.0,0.0,0.0,0.0,1.0,1.0,0.0,0.0,0.0,0.0,0.0,1.0,1.0,0.0,0.910889208316803,0.9195569753646851,0.9059458374977112,0.8979310989379883,0.9126905202865601,0.9174338579177856,0.9023663401603699,0.8914178013801575,0.8927432298660278,0.9052391648292542,0.915286660194397,0.9089381098747253,0.8790725469589233,0.8720813393592834,4.0
1039,0.0,1.0,1.0,1.0,0.0,0.0,0.0,0.0,0.0,0.0,0.0,1.0,1.0,0.0,0.910926342010498,0.9175388216972351,0.9046477675437927,0.8953393697738647,0.9086246490478516,0.9144906401634216,0.9014649987220764,0.8911007046699524,0.893251895904541,0.9030557870864868,0.912341296672821,0.9085077047348022,0.8803030252456665,0.8716532588005066,4.0
1040,0.0,1.0,1.0,0.0,0.0,0.0,1.0,1.0,1.0,0.0,0.0,1.0,1.0,0.0,0.91130530834198,0.9208938479423523,0.9098777770996094,0.9017094969749451,0.9109758138656616,0.9166969656944275,0.902463436126709,0.8920577764511108,0.8932842016220093,0.9068841934204102,0.9172995686531067,0.9124849438667297,0.8827890753746033,0.8738523721694946,2.0
1041,1.0,1.0,1.0,0.0,1.0,1.0,0.0,0.0,0.0,0.0,0.0,1.0,1.0,0.0,0.9104602932929993,0.9207829236984253,0.9104188084602356,0.9021450877189636,0.9121783971786499,0.9171528220176697,0.9026274681091309,0.8925043344497681,0.893539309501648,0.9061917662620544,0.917235255241394,0.9128714203834534,0.8820070028305054,0.8731705546379089,1.0
1042,1.0,1.0,0.0,1.0,1.0,0.0,0.0,0.0,0.0,0.0,0.0,1.0,1.0,0.0,0.9110438823699951,0.9189026355743408,0.9073697328567505,0.8973539471626282,0.9080614447593689,0.9126188158988953,0.900372326374054,0.8919190168380737,0.8945255279541016,0.9056049585342407,0.9131971597671509,0.9086556434631348,0.8813714385032654,0.876599907875061,3.0
1043,0.0,0.0,0.0,1.0,1.0,0.0,0.0,0.0,0.0,0.0,0.0,1.0,1.0,0.0,0.9087547659873962,0.9134963750839233,0.9050135016441345,0.9005061388015747,0.9070693254470825,0.9081109762191772,0.8939884305000305,0.8882266879081726,0.8907365798950195,0.9037570357322693,0.9135191440582275,0.9107280969619751,0.8819616436958313,0.8750696182250977,1.0
1044,1.0,1.0,0.0,0.0,1.0,1.0,0.0,0.0,0.0,0.0,0.0,0.0,0.0,0.0,0.91229248046875,0.9196661710739136,0.9085922837257385,0.8987424969673157,0.9097612500190735,0.9141612648963928,0.9020478129386902,0.8935456871986389,0.8945926427841187,0.9056513905525208,0.9137091040611267,0.9083074331283569,0.8811118602752686,0.877826988697052,1.0
1045,1.0,1.0,0.0,0.0,0.0,1.0,1.0,0.0,0.0,0.0,0.0,0.0,0.0,0.0,0.910841703414917,0.9183875322341919,0.9048840403556824,0.895182728767395,0.9102777242660522,0.9146099090576172,0.9017763137817383,0.8916375637054443,0.8925970196723938,0.9037954211235046,0.9109621047973633,0.9043885469436646,0.8769574761390686,0.8712011575698853,4.0
1046,0.0,0.0,1.0,1.0,0.0,0.0,0.0,0.0,0.0,0.0,0.0,1.0,1.0,0.0,0.9116828441619873,0.9210293292999268,0.910354495048523,0.9012765288352966,0.9111036658287048,0.9159181714057922,0.9019609093666077,0.8916571736335754,0.8931645750999451,0.9066835641860962,0.9169335961341858,0.9122382402420044,0.8824887275695801,0.8759750127792358,3.0
1047,1.0,1.0,0.0,0.0,0.0,0.0,0.0,0.0,0.0,0.0,0.0,1.0,1.0,0.0,0.9115270972251892,0.9202329516410828,0.9081255197525024,0.8975372910499573,0.9090152382850647,0.9137866497039795,0.9007337093353271,0.8919990658760071,0.8933197259902954,0.903304934501648,0.9121893048286438,0.9081364274024963,0.8797426819801331,0.8734593987464905,1.0
1048,1.0,1.0,0.0,0.0,0.0,0.0,0.0,0.0,0.0,0.0,0.0,1.0,1.0,0.0,0.9106425642967224,0.918182373046875,0.9085217714309692,0.9016997218132019,0.9094971418380737,0.9114258885383606,0.8980057239532471,0.8904143571853638,0.892717182636261,0.9061398506164551,0.9152814149856567,0.9110329151153564,0.8816933035850525,0.8767978549003601,3.0
1049,0.0,0.0,0.0,1.0,1.0,0.0,0.0,0.0,0.0,0.0,0.0,1.0,1.0,0.0,0.9063473343849182,0.9153020977973938,0.9064372181892395,0.9006525874137878,0.9098467826843262,0.9126958847045898,0.8973516225814819,0.8884032964706421,0.890541672706604,0.903612494468689,0.9143804907798767,0.9123222827911377,0.8820043802261353,0.8714976906776428,3.0
1050,0.0,0.0,0.0,0.0,0.0,0.0,1.0,1.0,0.0,0.0,0.0,0.0,0.0,0.0,0.911643922328949,0.9194962978363037,0.9057860970497131,0.899602472782135,0.9145820736885071,0.9186046123504639,0.9040927886962891,0.8924945592880249,0.8928470611572266,0.904503583908081,0.9145078063011169,0.9090656638145447,0.8796260952949524,0.8733919262886047,1.0
1051,1.0,1.0,0.0,0.0,0.0,0.0,0.0,1.0,1.0,0.0,0.0,0.0,0.0,0.0,0.9107046723365784,0.9183008074760437,0.9047661423683167,0.8958315849304199,0.9109772443771362,0.9145104885101318,0.9008216261863708,0.8911483883857727,0.892023503780365,0.9044889807701111,0.9113820195198059,0.9040398001670837,0.8765693306922913,0.8711859583854675,4.0
1052,0.0,0.0,0.0,1.0,1.0,0.0,0.0,0.0,0.0,0.0,0.0,1.0,1.0,0.0,0.8963856101036072,0.9089927673339844,0.9071286916732788,0.9119258522987366,0.9093316197395325,0.900648832321167,0.8830869197845459,0.8781213164329529,0.8827381730079651,0.89891517162323,0.912175714969635,0.9148557782173157,0.8797655701637268,0.8580739498138428,2.0
1053,0.0,0.0,0.0,0.0,0.0,0.0,0.0,0.0,1.0,1.0,1.0,1.0,1.0,0.0,0.9084311127662659,0.9109157919883728,0.9026781320571899,0.9001542925834656,0.9021070599555969,0.9020657539367676,0.8886433839797974,0.8835256099700928,0.8864350318908691,0.9005151987075806,0.9112449884414673,0.9098196625709534,0.8810760378837585,0.8752918243408203,0.0
1054,0.0,0.0,1.0,1.0,0.0,0.0,0.0,0.0,0.0,0.0,0.0,1.0,1.0,0.0,0.9112313389778137,0.9204832911491394,0.9086238741874695,0.8982019424438477,0.9096219539642334,0.9143326282501221,0.9013746380805969,0.8919745087623596,0.8931450843811035,0.9044010043144226,0.9134709239006042,0.9079842567443848,0.878674328327179,0.8729111552238464,0.0
1055,0.0,1.0,1.0,1.0,0.0,0.0,0.0,0.0,0.0,0.0,0.0,1.0,1.0,0.0,0.911614179611206,0.9190191030502319,0.905505359172821,0.8960607647895813,0.909386157989502,0.9134320020675659,0.900763988494873,0.8915244936943054,0.8906506896018982,0.9016726613044739,0.9107831716537476,0.905040442943573,0.8760373592376709,0.8705338835716248,1.0
1056,1.0,1.0,0.0,0.0,0.0,0.0,0.0,0.0,0.0,0.0,0.0,1.0,1.0,0.0,0.9054846167564392,0.9141924381256104,0.8987035155296326,0.8888646960258484,0.9082269072532654,0.9122361540794373,0.8981220126152039,0.8876209259033203,0.8877155780792236,0.8980739712715149,0.9050673842430115,0.8972976803779602,0.8674156665802002,0.8615520000457764,1.0
1057,0.0,0.0,0.0,0.0,0.0,0.0,1.0,1.0,0.0,0.0,0.0,0.0,0.0,0.0,0.9115592241287231,0.9185275435447693,0.9069442749023438,0.8981391787528992,0.9094154238700867,0.9146111607551575,0.9008579254150391,0.8910611867904663,0.8930853009223938,0.9051576256752014,0.9143008589744568,0.9092742800712585,0.880061686038971,0.8734631538391113,1.0
1058,1.0,1.0,1.0,1.0,0.0,0.0,0.0,0.0,0.0,0.0,0.0,1.0,1.0,0.0,0.906379759311676,0.9158470034599304,0.9083102941513062,0.9035746455192566,0.9069963693618774,0.9100905656814575,0.8960797190666199,0.8874331116676331,0.8886232376098633,0.9029726982116699,0.9137812852859497,0.9108259081840515,0.8783125877380371,0.8648630976676941,0.0
1059,0.0,0.0,0.0,0.0,0.0,0.0,0.0,0.0,0.0,0.0,0.0,1.0,1.0,0.0,0.9112752079963684,0.9209020137786865,0.9082998633384705,0.8993080854415894,0.9119092226028442,0.9172893166542053,0.9027555584907532,0.8920611143112183,0.8933876156806946,0.9062609672546387,0.9169619083404541,0.9115899205207825,0.881430983543396,0.873511791229248,4.0
1060,0.0,1.0,1.0,1.0,0.0,0.0,0.0,0.0,0.0,0.0,0.0,0.0,0.0,0.0,0.9064307808876038,0.9169542193412781,0.9038657546043396,0.8937117457389832,0.908315896987915,0.9125674962997437,0.898311197757721,0.8883629441261292,0.8897227048873901,0.9015131592750549,0.9108217358589172,0.9052464365959167,0.8739145398139954,0.8646489381790161,4.0
1061,0.0,0.0,0.0,0.0,0.0,0.0,0.0,0.0,0.0,1.0,1.0,0.0,0.0,0.0,0.9116097092628479,0.9186033010482788,0.907605767250061,0.8982352018356323,0.9081774353981018,0.9115243554115295,0.8997684717178345,0.8922454714775085,0.8945446610450745,0.9050586819648743,0.9131917953491211,0.9080324172973633,0.8811655640602112,0.8779833912849426,0.0
1062,0.0,1.0,1.0,0.0,0.0,0.0,0.0,0.0,0.0,0.0,0.0,1.0,1.0,0.0,0.910366952419281,0.9186094999313354,0.906735897064209,0.8995381593704224,0.9126594662666321,0.9180591106414795,0.9039103388786316,0.8924473524093628,0.8932551145553589,0.9068726897239685,0.9166179895401001,0.9108259081840515,0.8808054327964783,0.8742853403091431,3.0
1063,1.0,0.0,0.0,0.0,0.0,0.0,0.0,0.0,0.0,0.0,0.0,1.0,1.0,0.0,0.9115250110626221,0.9198323488235474,0.9098474383354187,0.9004985094070435,0.9079112410545349,0.9125214219093323,0.8991336822509766,0.8903449177742004,0.892023503780365,0.9055875539779663,0.9156015515327454,0.9117074012756348,0.8825221657752991,0.8766365647315979,3.0
1064,1.0,0.0,0.0,0.0,0.0,0.0,0.0,0.0,0.0,0.0,0.0,0.0,0.0,0.0,0.9129899144172668,0.9195382595062256,0.9085317254066467,0.8988881707191467,0.9083145260810852,0.9135834574699402,0.900600254535675,0.8917309045791626,0.8930738568305969,0.9057846069335938,0.9149019718170166,0.9102693200111389,0.8814576864242554,0.8759713172912598,1.0
1065,0.0,1.0,1.0,0.0,0.0,0.0,0.0,0.0,0.0,0.0,0.0,0.0,0.0,0.0,0.9086292386054993,0.9148941040039062,0.8997940421104431,0.8894845843315125,0.9082240462303162,0.9132334589958191,0.9004696607589722,0.8908652067184448,0.8926701545715332,0.9021076560020447,0.9082523584365845,0.9001835584640503,0.8737497925758362,0.8705453276634216,3.0
1066,1.0,1.0,1.0,0.0,0.0,0.0,0.0,0.0,0.0,0.0,0.0,1.0,1.0,0.0,0.9119690656661987,0.918821394443512,0.9056329131126404,0.8962249159812927,0.9105058908462524,0.9152839779853821,0.902083694934845,0.8919941186904907,0.8934844136238098,0.9046353101730347,0.9121702909469604,0.9060100317001343,0.878070592880249,0.8721115589141846,4.0
1067,0.0,0.0,0.0,0.0,1.0,1.0,0.0,0.0,0.0,0.0,0.0,0.0,0.0,0.0,0.9029399156570435,0.9131568074226379,0.9040281176567078,0.8986552357673645,0.9044122099876404,0.9077807664871216,0.8948338031768799,0.8860693573951721,0.8871787786483765,0.901813805103302,0.9129602909088135,0.9091007709503174,0.8763355612754822,0.8625158071517944,2.0
1068,0.0,0.0,1.0,1.0,0.0,0.0,0.0,0.0,0.0,0.0,0.0,1.0,1.0,0.0,0.9120867848396301,0.9205750823020935,0.9084426164627075,0.8985061645507812,0.9106770753860474,0.915102481842041,0.901024341583252,0.8917489051818848,0.8930286169052124,0.9042132496833801,0.9137839674949646,0.9088903665542603,0.8797190189361572,0.8738037943840027,1.0
1069,1.0,1.0,0.0,0.0,0.0,0.0,0.0,0.0,0.0,0.0,0.0,1.0,1.0,0.0,0.911453902721405,0.9186728000640869,0.9074090123176575,0.8993134498596191,0.9080317616462708,0.9124022722244263,0.8990752100944519,0.8906474113464355,0.8929378390312195,0.9058539271354675,0.9155911803245544,0.9109194278717041,0.8813170194625854,0.8768563866615295,4.0
1070,0.0,0.0,1.0,1.0,0.0,0.0,0.0,0.0,0.0,0.0,0.0,0.0,0.0,0.0,0.9123854041099548,0.9197704195976257,0.9087547659873962,0.8993840217590332,0.9080727696418762,0.9133046269416809,0.9004392027854919,0.8916211724281311,0.89267498254776,0.9057063460350037,0.9156015515327454,0.9113450646400452,0.8819125890731812,0.8762913942337036,0.0
1071,0.0,0.0,0.0,0.0,0.0,0.0,1.0,1.0,0.0,0.0,0.0,1.0,1.0,0.0,0.9109063744544983,0.9194315075874329,0.9067341089248657,0.8963194489479065,0.9103662371635437,0.9149455428123474,0.9013293981552124,0.89162278175354,0.8928956985473633,0.9029963612556458,0.9115243554115295,0.9063380360603333,0.8777903914451599,0.8729186654090881,1.0
1072,0.0,0.0,0.0,0.0,1.0,1.0,0.0,0.0,0.0,0.0,0.0,0.0,0.0,0.0,0.9123664498329163,0.9201099276542664,0.9081306457519531,0.897458553314209,0.9081364274024963,0.9131044149398804,0.9003814458847046,0.8919793963432312,0.8936328291893005,0.9050732254981995,0.9134414792060852,0.9086851477622986,0.8803282380104065,0.8745162487030029,2.0
1073,0.0,0.0,1.0,1.0,0.0,0.0,0.0,0.0,0.0,0.0,0.0,1.0,1.0,0.0,0.9116991758346558,0.9186796545982361,0.9077807664871216,0.8994119763374329,0.906816840171814,0.9113204479217529,0.8982105255126953,0.890210747718811,0.8924343585968018,0.9059060215950012,0.9153366088867188,0.9100087285041809,0.8811285495758057,0.8752474784851074,2.0
1074,1.0,0.0,0.0,0.0,0.0,0.0,0.0,0.0,0.0,0.0,0.0,1.0,1.0,0.0,0.9118983149528503,0.9191120862960815,0.9083272218704224,0.8984195590019226,0.9071758389472961,0.9120575189590454,0.8991767764091492,0.891228973865509,0.8935456871986389,0.9051139950752258,0.9143565893173218,0.9103980660438538,0.8816826343536377,0.8766916394233704,3.0
1075,1.0,1.0,1.0,0.0,1.0,1.0,0.0,0.0,0.0,0.0,0.0,1.0,1.0,0.0,0.910753607749939,0.9187963604927063,0.9044060111045837,0.8953163027763367,0.9117100834846497,0.9157273173332214,0.900636613368988,0.8902091383934021,0.8912141919136047,0.9016966819763184,0.9106066823005676,0.9049405455589294,0.8757609724998474,0.8688816428184509,1.0
1076,0.0,0.0,1.0,1.0,0.0,0.0,0.0,0.0,0.0,0.0,0.0,1.0,1.0,0.0,0.9110747575759888,0.9204663038253784,0.9090186953544617,0.8995388150215149,0.9102874398231506,0.9159063696861267,0.901084840297699,0.890541672706604,0.8924961686134338,0.905787467956543,0.9165324568748474,0.9122137427330017,0.8816500902175903,0.8715090155601501,4.0
1077,0.0,0.0,1.0,1.0,0.0,0.0,0.0,0.0,0.0,0.0,0.0,1.0,1.0,0.0,0.9125349521636963,0.9206855297088623,0.9093438386917114,0.899276614189148,0.9101834893226624,0.9149231314659119,0.9017958641052246,0.8923318386077881,0.8941954970359802,0.9064854383468628,0.9152129888534546,0.9095355272293091,0.8813155293464661,0.8757095336914062,4.0
1078,1.0,1.0,0.0,0.0,1.0,1.0,0.0,0.0,0.0,0.0,0.0,1.0,1.0,0.0,0.9110473394393921,0.9186181426048279,0.9081916213035583,0.8992450833320618,0.908462643623352,0.9137519001960754,0.9005030393600464,0.8909278512001038,0.8924294114112854,0.9053554534912109,0.9157456159591675,0.9113519191741943,0.8816076517105103,0.8737813234329224,0.0
1079,0.0,1.0,1.0,0.0,0.0,0.0,0.0,0.0,0.0,1.0,1.0,1.0,1.0,0.0,0.9119908809661865,0.9205321669578552,0.9086288809776306,0.8977538347244263,0.9086232781410217,0.9128862023353577,0.900579035282135,0.8915506601333618,0.8930965662002563,0.9043276906013489,0.9126742482185364,0.9075478315353394,0.8796395659446716,0.8753584027290344,3.0
1080,0.0,0.0,0.0,1.0,1.0,0.0,0.0,0.0,0.0,0.0,0.0,1.0,1.0,0.0,0.9122225642204285,0.9197706580162048,0.9083201289176941,0.8982391953468323,0.9096971750259399,0.9143233895301819,0.9012056589126587,0.8918715119361877,0.8933650255203247,0.9044098854064941,0.9136583805084229,0.9083681106567383,0.879976749420166,0.874519944190979,1.0
1081,0.0,0.0,0.0,1.0,1.0,0.0,0.0,0.0,0.0,0.0,0.0,1.0,1.0,0.0,0.9117367267608643,0.9193592667579651,0.9066333770751953,0.8983661532402039,0.9115639328956604,0.9160643219947815,0.9016486406326294,0.8910627961158752,0.892730176448822,0.9051809906959534,0.9139654636383057,0.9077963829040527,0.8784980177879333,0.8720775246620178,4.0
1082,0.0,0.0,0.0,1.0,1.0,0.0,0.0,0.0,0.0,0.0,0.0,1.0,1.0,0.0,0.8995419144630432,0.9126742482185364,0.9094908833503723,0.9083110094070435,0.907799482345581,0.906610369682312,0.8914440274238586,0.8837800621986389,0.8853536248207092,0.9000495076179504,0.9124307036399841,0.912365734577179,0.8778598308563232,0.8594804406166077,4.0
1083,0.0,0.0,0.0,0.0,0.0,0.0,0.0,0.0,0.0,0.0,0.0,1.0,1.0,0.0,0.9115146994590759,0.9187169671058655,0.9045314192771912,0.8968508243560791,0.9118464589118958,0.9173330664634705,0.9037083983421326,0.8921703696250916,0.8934328556060791,0.9049157500267029,0.9140293598175049,0.9079509377479553,0.879082441329956,0.8719072341918945,0.0
1084,0.0,1.0,1.0,1.0,0.0,0.0,0.0,0.0,0.0,0.0,0.0,0.0,0.0,0.0,0.911892831325531,0.9194391369819641,0.9070615768432617,0.8975396156311035,0.9096038937568665,0.9153313040733337,0.9031195640563965,0.8930026292800903,0.8944615125656128,0.9057324528694153,0.9143326282501221,0.9095480442047119,0.8817535042762756,0.8768563866615295,0.0
1085,0.0,0.0,0.0,1.0,1.0,0.0,0.0,0.0,0.0,0.0,0.0,1.0,1.0,0.0,0.9074851870536804,0.9155871868133545,0.9084851741790771,0.9041739702224731,0.9077587723731995,0.9088678956031799,0.8939884305000305,0.8866158723831177,0.8886987566947937,0.9027584791183472,0.9143964648246765,0.9128997325897217,0.8813459277153015,0.869402289390564,0.0
1086,0.0,0.0,0.0,0.0,0.0,1.0,1.0,1.0,0.0,0.0,1.0,1.0,1.0,0.0,0.9112367630004883,0.9173034429550171,0.9067336916923523,0.8985686898231506,0.9051750898361206,0.909679114818573,0.8962627649307251,0.8891674876213074,0.8914998769760132,0.9058105945587158,0.9147408604621887,0.9095117449760437,0.8801872730255127,0.8727681636810303,2.0
1087,0.0,0.0,0.0,0.0,0.0,0.0,0.0,0.0,0.0,0.0,1.0,1.0,0.0,0.0,0.9086373448371887,0.9148433208465576,0.9055136442184448,0.8984504342079163,0.9055238366127014,0.9099434018135071,0.8971578478813171,0.8892159461975098,0.8905880451202393,0.9032515287399292,0.9127120971679688,0.9088678956031799,0.8800576329231262,0.8735043406486511,1.0
1088,0.0,0.0,0.0,1.0,1.0,0.0,0.0,0.0,0.0,0.0,0.0,1.0,1.0,0.0,0.9104968905448914,0.9179589152336121,0.9075250625610352,0.9001230001449585,0.9087961912155151,0.9124971032142639,0.898652970790863,0.8901742696762085,0.8913718461990356,0.9046587347984314,0.9144335985183716,0.910877525806427,0.8813448548316956,0.8758571147918701,3.0
1089,1.0,1.0,0.0,0.0,0.0,0.0,0.0,0.0,0.0,0.0,0.0,1.0,1.0,0.0,0.9093582630157471,0.9191461205482483,0.9083794355392456,0.9008749723434448,0.9096805453300476,0.9153537154197693,0.9022887349128723,0.891961395740509,0.8933358788490295,0.9070100784301758,0.9168018102645874,0.9104450941085815,0.8798848390579224,0.8731404542922974,2.0
1090,1.0,1.0,0.0,1.0,1.0,0.0,0.0,0.0,0.0,0.0,0.0,1.0,1.0,0.0,0.9070858359336853,0.9175763726234436,0.9104098081588745,0.9045467972755432,0.9091007709503174,0.9126635193824768,0.8987748622894287,0.8895045518875122,0.8909838199615479,0.9044420719146729,0.9154154658317566,0.9118355512619019,0.8794981241226196,0.8688970804214478,1.0
1091,0.0,0.0,1.0,1.0,0.0,0.0,0.0,0.0,0.0,0.0,0.0,1.0,1.0,0.0,0.9069299697875977,0.9151867032051086,0.9077751040458679,0.9026436805725098,0.90537029504776,0.9081293940544128,0.893669843673706,0.886062502861023,0.8882502913475037,0.902728796005249,0.913733184337616,0.9096150398254395,0.8780750036239624,0.8678078055381775,1.0
1092,0.0,0.0,0.0,0.0,0.0,0.0,1.0,1.0,0.0,0.0,0.0,1.0,1.0,0.0,0.9122083783149719,0.918788731098175,0.906745970249176,0.897121787071228,0.908843994140625,0.9138467907905579,0.9008064866065979,0.8911813497543335,0.8933972716331482,0.9045591950416565,0.9126229286193848,0.9082128405570984,0.8803882002830505,0.87347811460495,4.0
1093,0.0,0.0,1.0,1.0,0.0,0.0,0.0,0.0,0.0,0.0,0.0,1.0,1.0,0.0,0.9097723960876465,0.9168693423271179,0.906970739364624,0.8996767997741699,0.9062378406524658,0.9101986885070801,0.8954528570175171,0.8873687386512756,0.8890554308891296,0.9035297632217407,0.9131783843040466,0.9099712371826172,0.8794625997543335,0.8697445392608643,3.0
1094,1.0,1.0,0.0,0.0,0.0,0.0,0.0,0.0,0.0,0.0,0.0,1.0,1.0,0.0,0.9125356674194336,0.9195820689201355,0.9068465232849121,0.8957524299621582,0.9072500467300415,0.9116541147232056,0.8996369242668152,0.8915047645568848,0.8928080797195435,0.9028180837631226,0.9111379981040955,0.9062097668647766,0.8783424496650696,0.8722324967384338,1.0
1095,1.0,0.0,0.0,0.0,0.0,0.0,0.0,0.0,0.0,0.0,0.0,1.0,1.0,0.0,0.9113039970397949,0.9201233386993408,0.9091560244560242,0.9003391861915588,0.909149706363678,0.914932370185852,0.9017267823219299,0.8914178013801575,0.8927902579307556,0.9062696099281311,0.9155203104019165,0.911449134349823,0.8814996480941772,0.8736279606819153,4.0
1096,0.0,1.0,1.0,0.0,0.0,0.0,0.0,0.0,0.0,0.0,0.0,1.0,1.0,0.0,0.9110885262489319,0.9187257289886475,0.9056299924850464,0.897184431552887,0.9124415516853333,0.916327178478241,0.901024341583252,0.8907662630081177,0.8926230669021606,0.9049478769302368,0.9138080477714539,0.9074780344963074,0.8788439035415649,0.873878538608551,3.0
1097,1.0,1.0,0.0,0.0,1.0,1.0,0.0,0.0,0.0,0.0,0.0,0.0,0.0,0.0,0.9079453349113464,0.9170503616333008,0.9072678685188293,0.9013874530792236,0.9092385768890381,0.9130842089653015,0.898939847946167,0.8894661664962769,0.8911171555519104,0.9049186706542969,0.9144734144210815,0.9096150398254395,0.878605842590332,0.8706637024879456,3.0
1098,1.0,1.0,0.0,0.0,0.0,0.0,0.0,0.0,0.0,0.0,0.0,0.0,0.0,0.0,0.9119405150413513,0.918120801448822,0.9066810011863708,0.8958727121353149,0.905188262462616,0.9102568626403809,0.8992627263069153,0.892088770866394,0.8942403793334961,0.9037983417510986,0.9117292165756226,0.908211350440979,0.881974995136261,0.8782554864883423,4.0
1099,0.0,0.0,1.0,1.0,0.0,0.0,0.0,0.0,0.0,0.0,0.0,1.0,1.0,0.0,0.9101932048797607,0.9199822545051575,0.9087997674942017,0.9024627804756165,0.9151274561882019,0.9188653230667114,0.9030735492706299,0.8925531506538391,0.8946789503097534,0.9065572619438171,0.9171347618103027,0.9114504456520081,0.8800410628318787,0.8712087869644165,1.0
1100,0.0,1.0,1.0,1.0,0.0,0.0,0.0,0.0,0.0,0.0,0.0,0.0,0.0,0.0,0.909509003162384,0.9193640947341919,0.9055965542793274,0.8931726813316345,0.9072557091712952,0.9121023416519165,0.8994208574295044,0.8902803659439087,0.8905615210533142,0.8999945521354675,0.9082777500152588,0.9030469655990601,0.8745120167732239,0.8670279383659363,1.0
1101,0.0,0.0,0.0,0.0,0.0,0.0,1.0,1.0,0.0,0.0,0.0,1.0,1.0,0.0,0.909961462020874,0.9204760193824768,0.9093490839004517,0.8992642760276794,0.9110047221183777,0.9162400960922241,0.9007912874221802,0.8907942771911621,0.8923855423927307,0.9059811234474182,0.9167628884315491,0.9123033285140991,0.8812638521194458,0.8718693256378174,3.0
1102,1.0,1.0,0.0,0.0,0.0,0.0,0.0,0.0,0.0,0.0,0.0,1.0,1.0,0.0,0.9122466444969177,0.9168456792831421,0.9061961770057678,0.8981708884239197,0.9047843813896179,0.909563422203064,0.8963132500648499,0.8892042636871338,0.8911927938461304,0.9046148061752319,0.9136610627174377,0.9093533158302307,0.8812907338142395,0.8765705227851868,0.0
1103,0.0,0.0,1.0,1.0,0.0,0.0,0.0,0.0,0.0,0.0,0.0,1.0,1.0,0.0,0.9084259867668152,0.9172912240028381,0.903403103351593,0.8923887610435486,0.9082650542259216,0.9133730530738831,0.9004757404327393,0.891071081161499,0.8901808857917786,0.8999456763267517,0.908176064491272,0.901537299156189,0.8728225231170654,0.8679517507553101,0.0
1104,1.0,0.0,0.0,0.0,0.0,1.0,1.0,1.0,0.0,0.0,0.0,1.0,1.0,0.0,0.9094330072402954,0.9154167175292969,0.8998727798461914,0.8892393112182617,0.9068841934204102,0.9127040505409241,0.89726722240448,0.8874161243438721,0.8909904360771179,0.9006245732307434,0.9089507460594177,0.9050964713096619,0.8768672347068787,0.8660948276519775,2.0
1105,1.0,1.0,0.0,0.0,0.0,1.0,1.0,1.0,0.0,0.0,0.0,1.0,1.0,0.0,0.9078847169876099,0.9157593846321106,0.8983948230743408,0.886062502861023,0.9064322710037231,0.9117442965507507,0.8970639109611511,0.8870192170143127,0.8892092704772949,0.8975450992584229,0.9041808843612671,0.8974398374557495,0.8687861561775208,0.8622340559959412,1.0
1106,0.0,0.0,0.0,0.0,0.0,0.0,0.0,0.0,0.0,1.0,1.0,0.0,0.0,0.0,0.907799243927002,0.9067029356956482,0.8951604962348938,0.8980514407157898,0.8985030651092529,0.894402265548706,0.8801515102386475,0.8773972988128662,0.8812310695648193,0.8950299024581909,0.9068984985351562,0.9089689254760742,0.8804884552955627,0.8693907856941223,0.0
1107,0.0,1.0,1.0,0.0,0.0,0.0,0.0,0.0,0.0,0.0,0.0,1.0,1.0,0.0,0.9112895727157593,0.9204481244087219,0.9060675501823425,0.8951461315155029,0.9094740748405457,0.9148941040039062,0.9006654620170593,0.8907085061073303,0.893051266670227,0.9039221405982971,0.9127472043037415,0.9084809422492981,0.879602313041687,0.8720585703849792,2.0
1108,0.0,0.0,0.0,0.0,1.0,1.0,1.0,1.0,0.0,0.0,0.0,1.0,1.0,0.0,0.9120989441871643,0.9187179803848267,0.9078081250190735,0.8982406854629517,0.9079184532165527,0.9122870564460754,0.8994531035423279,0.8916670083999634,0.8941249847412109,0.9056310653686523,0.9135753512382507,0.9090496301651001,0.881300687789917,0.8760707378387451,3.0
1109,0.0,0.0,0.0,0.0,0.0,1.0,1.0,0.0,0.0,0.0,0.0,0.0,0.0,0.0,0.9109153747558594,0.9180867075920105,0.9056969881057739,0.8956764340400696,0.9082509875297546,0.9129064679145813,0.9004483819007874,0.8922046422958374,0.8944839239120483,0.903612494468689,0.9109731912612915,0.9063624143600464,0.8794026970863342,0.8754435777664185,1.0
1110,0.0,0.0,1.0,1.0,0.0,0.0,0.0,0.0,0.0,0.0,0.0,0.0,0.0,0.0,0.9106563925743103,0.9201385974884033,0.9094772338867188,0.9007708430290222,0.9109525084495544,0.9161983728408813,0.9020987153053284,0.892543375492096,0.8931321501731873,0.9054164290428162,0.9164597392082214,0.9123385548591614,0.8820793628692627,0.8729977011680603,1.0
1111,0.0,1.0,1.0,0.0,0.0,0.0,0.0,0.0,0.0,0.0,0.0,0.0,0.0,0.0,0.9120609164237976,0.9195584058761597,0.9086478352546692,0.8997676968574524,0.9083540439605713,0.9134883284568787,0.9004483819007874,0.8916931748390198,0.8931062817573547,0.9067351818084717,0.915554404258728,0.9107749462127686,0.8821419477462769,0.8754287958145142,2.0
1112,0.0,1.0,1.0,0.0,1.0,1.0,0.0,0.0,0.0,0.0,0.0,1.0,1.0,0.0,0.9100302457809448,0.9174422025680542,0.9013410210609436,0.8943702578544617,0.9133193492889404,0.9167125225067139,0.9004589319229126,0.8892592787742615,0.8899950981140137,0.9006093740463257,0.9095578193664551,0.904809296131134,0.8744668960571289,0.8665502667427063,1.0
1113,1.0,1.0,0.0,0.0,0.0,0.0,0.0,0.0,0.0,1.0,1.0,1.0,1.0,0.0,0.9118192195892334,0.9202542304992676,0.9098061323165894,0.9001027941703796,0.9094321727752686,0.9148122668266296,0.901660680770874,0.8926685452461243,0.8932357430458069,0.9059147238731384,0.9160721302032471,0.9119935631752014,0.8829122185707092,0.8768418431282043,1.0
1114,0.0,0.0,0.0,0.0,1.0,1.0,0.0,0.0,0.0,1.0,1.0,1.0,1.0,0.0,0.9117606282234192,0.9173718690872192,0.9077701568603516,0.9000129103660583,0.9074367880821228,0.9106536507606506,0.8985479474067688,0.8915490508079529,0.8939032554626465,0.9049596190452576,0.9137946963310242,0.9102472066879272,0.8823012709617615,0.8764604330062866,1.0
1115,1.0,1.0,1.0,1.0,0.0,0.0,0.0,0.0,0.0,0.0,0.0,1.0,1.0,0.0,0.9103385806083679,0.9195317625999451,0.908565878868103,0.9002784490585327,0.9108877778053284,0.9166762828826904,0.9028046727180481,0.8924766778945923,0.8940848708152771,0.9076003432273865,0.9170368313789368,0.9107914566993713,0.8805801272392273,0.8746761679649353,4.0
1116,0.0,0.0,0.0,0.0,0.0,1.0,1.0,1.0,0.0,0.0,0.0,1.0,1.0,0.0,0.9075214266777039,0.9156988263130188,0.9061846137046814,0.8990052342414856,0.9068569540977478,0.9119786024093628,0.899431586265564,0.8899934887886047,0.8901709914207458,0.9013776779174805,0.9122137427330017,0.9106839895248413,0.8817738890647888,0.8729488253593445,1.0
1117,0.0,1.0,1.0,0.0,0.0,0.0,0.0,0.0,0.0,0.0,0.0,0.0,0.0,0.0,0.9100961089134216,0.9194668531417847,0.9095814824104309,0.9015247225761414,0.9090502858161926,0.9142357110977173,0.9011059403419495,0.8910924792289734,0.8918339610099792,0.9060187339782715,0.9163038730621338,0.9123588800430298,0.8813889622688293,0.8703579306602478,0.0
1118,1.0,1.0,0.0,0.0,0.0,0.0,0.0,0.0,0.0,0.0,0.0,1.0,1.0,0.0,0.9106349349021912,0.9163236618041992,0.9069421291351318,0.8989313244819641,0.9058539271354675,0.9090754985809326,0.897123396396637,0.8909772634506226,0.893671452999115,0.9047171473503113,0.9129791855812073,0.9096442461013794,0.8824142217636108,0.8783388733863831,2.0
1119,0.0,1.0,1.0,0.0,0.0,0.0,0.0,0.0,0.0,0.0,0.0,1.0,1.0,0.0,0.9116056561470032,0.9177809953689575,0.9051420092582703,0.8949661254882812,0.9084119200706482,0.9133005738258362,0.9007912874221802,0.8921524286270142,0.8942949175834656,0.9043424129486084,0.9110693335533142,0.905298113822937,0.8783271908760071,0.8733732104301453,4.0
1120,1.0,1.0,0.0,0.0,0.0,0.0,0.0,0.0,0.0,0.0,0.0,1.0,1.0,0.0,0.9116016030311584,0.9176737666130066,0.9073968529701233,0.898667573928833,0.9062378406524658,0.9109992980957031,0.8988565802574158,0.8914325833320618,0.8929119110107422,0.9050586819648743,0.9140427112579346,0.9098072052001953,0.8824355602264404,0.8770027756690979,2.0
1121,0.0,0.0,0.0,1.0,1.0,0.0,0.0,0.0,0.0,0.0,0.0,1.0,1.0,0.0,0.9121519327163696,0.9197397828102112,0.908818781375885,0.8992197513580322,0.9077751040458679,0.9130357503890991,0.9002870917320251,0.8914949297904968,0.8931645750999451,0.9065801501274109,0.9158554673194885,0.9105749726295471,0.881766140460968,0.876973569393158,0.0
1122,1.0,0.0,0.0,0.0,0.0,0.0,0.0,0.0,0.0,0.0,0.0,1.0,1.0,0.0,0.9119548201560974,0.9190467000007629,0.9074716567993164,0.8976798057556152,0.9088271260261536,0.9125269055366516,0.9005455374717712,0.8923236727714539,0.8946789503097534,0.9060850739479065,0.9123358726501465,0.9065967202186584,0.8804552555084229,0.8751585483551025,4.0
1123,0.0,0.0,1.0,1.0,0.0,0.0,0.0,0.0,0.0,0.0,0.0,1.0,1.0,0.0,0.9124117493629456,0.9191433787345886,0.9088349342346191,0.8992182016372681,0.9061239957809448,0.9112477898597717,0.8983498811721802,0.8911023736000061,0.8925515413284302,0.905457079410553,0.9149890542030334,0.9112737774848938,0.8831995129585266,0.8788669109344482,4.0
1124,1.0,0.0,0.0,0.0,0.0,0.0,0.0,0.0,0.0,0.0,0.0,0.0,0.0,0.0,0.9019818305969238,0.9161274433135986,0.9125471711158752,0.9099569916725159,0.9128146767616272,0.9125269055366516,0.8945943117141724,0.886059045791626,0.8900150656700134,0.903733491897583,0.9160799384117126,0.9153760075569153,0.8806051015853882,0.8649264574050903,0.0
1125,0.0,0.0,0.0,1.0,1.0,0.0,0.0,0.0,0.0,0.0,0.0,1.0,1.0,0.0,0.8937681317329407,0.9098474383354187,0.9087780117988586,0.9139031171798706,0.9112484455108643,0.9018484354019165,0.8830063343048096,0.8768509030342102,0.8825045228004456,0.8977196216583252,0.911628246307373,0.9145515561103821,0.8787485957145691,0.8559903502464294,1.0
1126,1.0,1.0,0.0,0.0,0.0,0.0,0.0,0.0,0.0,1.0,1.0,1.0,1.0,0.0,0.9121411442756653,0.919264554977417,0.9074898362159729,0.8984396457672119,0.9099059104919434,0.9150220155715942,0.9016140103340149,0.89191073179245,0.8943493366241455,0.9071844220161438,0.9150022268295288,0.9093302488327026,0.8803606629371643,0.8751474618911743,4.0
1127,1.0,1.0,0.0,0.0,0.0,0.0,0.0,0.0,0.0,0.0,0.0,0.0,0.0,0.0,0.9114962816238403,0.9192972183227539,0.9058639407157898,0.8963210582733154,0.9095759391784668,0.9135298132896423,0.9002293348312378,0.8902289867401123,0.8911517262458801,0.9023380279541016,0.9115625619888306,0.9054636359214783,0.8763092756271362,0.871649444103241,2.0
1128,0.0,0.0,1.0,1.0,0.0,0.0,0.0,0.0,0.0,0.0,0.0,1.0,1.0,0.0,0.9123159050941467,0.9197741746902466,0.9064370393753052,0.8974546194076538,0.9100392460823059,0.9145038723945618,0.9009699821472168,0.8909146189689636,0.891325831413269,0.9039544463157654,0.9124252796173096,0.9071608781814575,0.878311038017273,0.8742630481719971,2.0
1129,0.0,1.0,1.0,0.0,0.0,0.0,0.0,0.0,0.0,0.0,0.0,1.0,1.0,0.0,0.9113559722900391,0.9170880317687988,0.9058752655982971,0.8960718512535095,0.9069070219993591,0.911832869052887,0.8994622230529785,0.891585111618042,0.8941249847412109,0.9037777185440063,0.9118983149528503,0.9076998233795166,0.8810557126998901,0.8757943511009216,4.0
1130,1.0,1.0,1.0,1.0,0.0,0.0,0.0,0.0,0.0,0.0,0.0,1.0,1.0,0.0,0.9120330214500427,0.9195823073387146,0.9070114493370056,0.8990936875343323,0.9121376276016235,0.9171090126037598,0.9035297632217407,0.8927139639854431,0.8945543169975281,0.9071558713912964,0.9153943657875061,0.9094294309616089,0.8805426955223083,0.8764567375183105,4.0
1131,0.0,0.0,0.0,0.0,0.0,1.0,1.0,1.0,0.0,0.0,1.0,1.0,1.0,0.0,0.9116295576095581,0.9190657138824463,0.9075843691825867,0.89908367395401,0.9096025228500366,0.9142822027206421,0.90154629945755,0.8924278020858765,0.8937133550643921,0.9067036509513855,0.914523720741272,0.9092756509780884,0.879848062992096,0.8749397993087769,0.0
1132,0.0,0.0,0.0,1.0,1.0,0.0,0.0,0.0,0.0,0.0,0.0,1.0,1.0,0.0,0.908437967300415,0.917388916015625,0.9098857641220093,0.9035537242889404,0.9076934456825256,0.9104326367378235,0.8955099582672119,0.8874399065971375,0.8899370431900024,0.9042161703109741,0.9157795906066895,0.9130330681800842,0.8810628056526184,0.8692829012870789,0.0
1133,0.0,0.0,0.0,0.0,0.0,0.0,0.0,0.0,0.0,1.0,1.0,0.0,0.0,0.0,0.911745548248291,0.918788492679596,0.9073819518089294,0.8984507918357849,0.9094699621200562,0.9145277142524719,0.9015312790870667,0.8922014236450195,0.8935263752937317,0.9052304029464722,0.9136529564857483,0.9096261858940125,0.8809841871261597,0.8757686018943787,1.0
1134,1.0,1.0,1.0,1.0,0.0,0.0,0.0,0.0,0.0,0.0,0.0,1.0,1.0,0.0,0.9117285013198853,0.9185470342636108,0.9066146612167358,0.8970251679420471,0.9078843593597412,0.9131312370300293,0.9004392027854919,0.8915572762489319,0.8930901288986206,0.9040810465812683,0.9129602909088135,0.9090964794158936,0.8812621235847473,0.8750510811805725,0.0
1135,0.0,1.0,1.0,0.0,0.0,0.0,0.0,0.0,0.0,1.0,1.0,0.0,0.0,0.0,0.9113737940788269,0.9185886979103088,0.9068089723587036,0.8979411721229553,0.9101210832595825,0.9153615832328796,0.9028046727180481,0.8927643299102783,0.894314169883728,0.9046791791915894,0.913508415222168,0.9092882871627808,0.8812221884727478,0.8764715194702148,1.0
1136,0.0,1.0,1.0,0.0,0.0,0.0,0.0,0.0,0.0,1.0,1.0,1.0,1.0,0.0,0.9101682305335999,0.9200770258903503,0.9096694588661194,0.8995166420936584,0.9090852737426758,0.9141452312469482,0.9000524878501892,0.8906573057174683,0.8926846981048584,0.9046235680580139,0.9153076410293579,0.9124158620834351,0.8827794194221497,0.8736915588378906,4.0
1137,1.0,1.0,1.0,1.0,0.0,0.0,0.0,0.0,0.0,0.0,0.0,1.0,1.0,0.0,0.9089421629905701,0.9170286059379578,0.9009003043174744,0.8957920670509338,0.9154823422431946,0.9185687899589539,0.9032633900642395,0.8914588093757629,0.8896177411079407,0.9012177586555481,0.9114751219749451,0.9044288992881775,0.8743301033973694,0.867893397808075,1.0
1138,0.0,0.0,1.0,1.0,0.0,0.0,0.0,0.0,0.0,0.0,0.0,0.0,0.0,0.0,0.9113895297050476,0.9186587333679199,0.9067401885986328,0.8988227248191833,0.9116472601890564,0.9162830710411072,0.9039486050605774,0.8939498066902161,0.8948098421096802,0.9062753319740295,0.9143353700637817,0.9081880450248718,0.8796641826629639,0.875657856464386,0.0
1139,1.0,0.0,0.0,0.0,0.0,0.0,0.0,0.0,0.0,0.0,0.0,0.0,0.0,0.0,0.9110727906227112,0.9158728718757629,0.9059414267539978,0.8979337811470032,0.9047931432723999,0.9089913964271545,0.8958489894866943,0.8890337944030762,0.8914604187011719,0.9039368629455566,0.9132400751113892,0.9098405838012695,0.8820018172264099,0.8765411972999573,4.0
1140,0.0,0.0,0.0,0.0,0.0,1.0,1.0,0.0,0.0,0.0,1.0,1.0,1.0,0.0,0.9086506962776184,0.9159423112869263,0.9088959693908691,0.903137743473053,0.9055412411689758,0.9078049659729004,0.8934472799301147,0.8869953751564026,0.8889952301979065,0.9029963612556458,0.9131675362586975,0.9108355641365051,0.8804329037666321,0.8717746734619141,3.0
1141,0.0,0.0,1.0,1.0,0.0,0.0,0.0,0.0,0.0,0.0,0.0,0.0,0.0,0.0,0.9095864295959473,0.9159606099128723,0.9064602255821228,0.8982332348823547,0.9051839113235474,0.9097028374671936,0.8955226540565491,0.8873670101165771,0.8889182806015015,0.9021466374397278,0.9128093123435974,0.9109978675842285,0.8820564150810242,0.8725835084915161,4.0
1142,1.0,1.0,1.0,0.0,0.0,0.0,0.0,1.0,1.0,1.0,1.0,0.0,0.0,0.0,0.9120615720748901,0.9198414087295532,0.9078642129898071,0.8975770473480225,0.9078489542007446,0.9121295213699341,0.899655282497406,0.8920823335647583,0.8944166898727417,0.9047902226448059,0.9121893048286438,0.9076345562934875,0.8801419138908386,0.8765044808387756,3.0
1143,0.0,0.0,0.0,0.0,0.0,0.0,0.0,1.0,1.0,0.0,0.0,0.0,0.0,0.0,0.9114901423454285,0.9201587438583374,0.9079545140266418,0.8994983434677124,0.9108781814575195,0.9156068563461304,0.9020088315010071,0.8919320106506348,0.8928502798080444,0.9058221578598022,0.915315568447113,0.9099434018135071,0.8810244202613831,0.8759602308273315,2.0
1144,0.0,0.0,0.0,0.0,0.0,0.0,0.0,0.0,0.0,1.0,1.0,1.0,1.0,0.0,0.9109841585159302,0.918150007724762,0.9056882858276367,0.8978012800216675,0.9090404510498047,0.9147236943244934,0.9020957350730896,0.8919631242752075,0.8933907747268677,0.9061658382415771,0.9143088459968567,0.9087793827056885,0.8799394369125366,0.8732418417930603,3.0
1145,0.0,1.0,1.0,0.0,0.0,0.0,0.0,0.0,0.0,1.0,1.0,1.0,1.0,0.0,0.9071101546287537,0.9190493226051331,0.9061607122421265,0.8934537768363953,0.9069714546203613,0.9121390581130981,0.8970341682434082,0.8879874348640442,0.8900018334388733,0.9013926386833191,0.9100475311279297,0.9061124920845032,0.8770197629928589,0.8657759428024292,3.0
1146,0.0,1.0,1.0,0.0,0.0,0.0,0.0,0.0,0.0,1.0,1.0,1.0,1.0,0.0,0.9093214869499207,0.9159619212150574,0.8989328742027283,0.8879266381263733,0.9077112674713135,0.9128349423408508,0.8991490006446838,0.8891022801399231,0.8904606699943542,0.8993947505950928,0.9063099026679993,0.8994104862213135,0.8716959357261658,0.8669458627700806,1.0
1147,0.0,0.0,0.0,1.0,1.0,0.0,0.0,0.0,0.0,0.0,0.0,1.0,1.0,0.0,0.9058308601379395,0.9164415001869202,0.9101862907409668,0.9047963619232178,0.9081032276153564,0.9101043939590454,0.895077645778656,0.8866823315620422,0.8891173601150513,0.9026870727539062,0.9144919514656067,0.9135446548461914,0.8810437917709351,0.8667266964912415,4.0
1148,0.0,0.0,1.0,1.0,0.0,0.0,0.0,0.0,0.0,0.0,0.0,1.0,1.0,0.0,0.9116049408912659,0.9171360731124878,0.9067007899284363,0.9011619091033936,0.9086021184921265,0.9100087285041809,0.8965744376182556,0.8897576332092285,0.892088770866394,0.9050673842430115,0.9145131707191467,0.9108396172523499,0.8820732831954956,0.8770174384117126,4.0
1149,0.0,0.0,0.0,0.0,0.0,1.0,1.0,1.0,0.0,0.0,1.0,1.0,1.0,0.0,0.9095773696899414,0.9165991544723511,0.9073349237442017,0.9003953337669373,0.905947208404541,0.9096693992614746,0.8963132500648499,0.8882855176925659,0.8904937505722046,0.9036331176757812,0.9132912158966064,0.9099017381668091,0.8806785941123962,0.8722741603851318,3.0
1150,0.0,0.0,0.0,0.0,0.0,0.0,0.0,0.0,0.0,1.0,1.0,1.0,1.0,0.0,0.9122130274772644,0.9175697565078735,0.9067018628120422,0.8973835706710815,0.906713604927063,0.9105044603347778,0.8985664248466492,0.8919369578361511,0.89494389295578,0.9055701494216919,0.9123629331588745,0.9078496694564819,0.8817422389984131,0.8776087164878845,4.0
1151,1.0,0.0,0.0,0.0,0.0,0.0,0.0,0.0,0.0,0.0,0.0,0.0,0.0,0.0,0.9109717607498169,0.9175498485565186,0.9065544009208679,0.8972121477127075,0.9064163565635681,0.9120153784751892,0.8993456363677979,0.8907283544540405,0.8922486901283264,0.9036921262741089,0.9131837487220764,0.9102652072906494,0.8821820020675659,0.8775249123573303,0.0
1152,0.0,0.0,0.0,0.0,1.0,1.0,1.0,1.0,0.0,0.0,0.0,1.0,1.0,0.0,0.9124706983566284,0.9201462268829346,0.9083356857299805,0.8995978832244873,0.9088665246963501,0.9141253232955933,0.900626003742218,0.8916096687316895,0.8932874798774719,0.9070501327514648,0.9158449769020081,0.9102998375892639,0.8807929754257202,0.8757205605506897,4.0
1153,0.0,0.0,0.0,0.0,1.0,1.0,0.0,0.0,0.0,0.0,0.0,1.0,1.0,0.0,0.9114038944244385,0.9199519753456116,0.9064635038375854,0.8969699144363403,0.911087155342102,0.91604083776474,0.9029637575149536,0.8923953175544739,0.8933650255203247,0.9050061702728271,0.9136743545532227,0.9076657891273499,0.8791707754135132,0.8725684881210327,4.0
1154,0.0,0.0,0.0,0.0,1.0,1.0,0.0,0.0,0.0,0.0,0.0,1.0,1.0,0.0,0.9106935858726501,0.9184402227401733,0.905087411403656,0.8944054245948792,0.9091721773147583,0.9144694209098816,0.9015929102897644,0.8915982246398926,0.8931742906570435,0.9028508067131042,0.9112395644187927,0.9057389497756958,0.8778642416000366,0.8706789612770081,4.0
1155,0.0,0.0,1.0,1.0,0.0,0.0,0.0,0.0,0.0,0.0,0.0,0.0,0.0,0.0,0.90992671251297,0.9172614216804504,0.9071937203407288,0.8994028568267822,0.907355546951294,0.9122083783149719,0.8987393975257874,0.8897925019264221,0.8912339210510254,0.9035090208053589,0.9137252569198608,0.9102375507354736,0.8810753226280212,0.8707172274589539,3.0
1156,1.0,1.0,1.0,0.0,0.0,0.0,0.0,1.0,1.0,0.0,0.0,0.0,0.0,0.0,0.9111606478691101,0.9191880226135254,0.9057008028030396,0.896861732006073,0.9106922149658203,0.9142369627952576,0.900165319442749,0.8895778656005859,0.8907992839813232,0.903328537940979,0.9118219614028931,0.9057997465133667,0.876855194568634,0.8725910782814026,3.0
1157,1.0,1.0,0.0,0.0,0.0,0.0,0.0,0.0,0.0,0.0,1.0,1.0,1.0,0.0,0.9116363525390625,0.918346643447876,0.9070454835891724,0.8975567817687988,0.9068297743797302,0.9110473394393921,0.8989244103431702,0.8920692801475525,0.894355833530426,0.9046616554260254,0.9122815728187561,0.9077878594398499,0.8804987072944641,0.8759565949440002,2.0
1158,1.0,1.0,1.0,1.0,0.0,0.0,0.0,0.0,0.0,0.0,0.0,1.0,1.0,0.0,0.9120520949363708,0.9176791906356812,0.9059576392173767,0.8966113328933716,0.9078347086906433,0.9123318195343018,0.8999425768852234,0.8914982676506042,0.8941409587860107,0.9051955342292786,0.9125688076019287,0.907711923122406,0.8808010220527649,0.8758054375648499,4.0
1159,0.0,0.0,0.0,0.0,0.0,0.0,0.0,0.0,0.0,1.0,1.0,0.0,0.0,0.0,0.9113792181015015,0.9166671633720398,0.9041317105293274,0.8954187631607056,0.9074097275733948,0.9121308922767639,0.8999640345573425,0.891804575920105,0.8939739465713501,0.9043922424316406,0.9124740958213806,0.9075278043746948,0.8803183436393738,0.8757943511009216,0.0
1160,0.0,0.0,0.0,1.0,1.0,0.0,0.0,0.0,0.0,0.0,0.0,1.0,1.0,0.0,0.9013369679450989,0.9122897386550903,0.9087948203086853,0.9087650179862976,0.9104755520820618,0.9066662788391113,0.8883864879608154,0.882018506526947,0.8857883810997009,0.9011120796203613,0.9143778085708618,0.9165791273117065,0.8822203278541565,0.8616166710853577,3.0
1161,0.0,0.0,1.0,1.0,0.0,0.0,0.0,0.0,0.0,0.0,0.0,0.0,0.0,0.0,0.9107958078384399,0.9147613048553467,0.9046411514282227,0.89789879322052,0.9048821926116943,0.9088804721832275,0.8964391946792603,0.8888295292854309,0.8903796672821045,0.9023261070251465,0.9124063849449158,0.9099753499031067,0.8825234770774841,0.8773936629295349,1.0
1162,0.0,1.0,1.0,0.0,0.0,0.0,0.0,0.0,0.0,0.0,0.0,0.0,0.0,0.0,0.9127310514450073,0.9219504594802856,0.9097192883491516,0.8999181985855103,0.9109964966773987,0.9169632196426392,0.9040839672088623,0.8932890892028809,0.8944454789161682,0.9066662788391113,0.9166982769966125,0.9123684167861938,0.8824209570884705,0.8742592334747314,4.0
1163,0.0,0.0,0.0,0.0,1.0,1.0,0.0,0.0,1.0,1.0,0.0,1.0,1.0,0.0,0.9110411405563354,0.9179719686508179,0.9072421789169312,0.898052990436554,0.9083681106567383,0.9139014482498169,0.9011422395706177,0.8923041224479675,0.8934489488601685,0.9057180285453796,0.9145635366439819,0.909179151058197,0.8808704018592834,0.875945508480072,1.0
1164,1.0,1.0,1.0,1.0,0.0,0.0,0.0,0.0,0.0,0.0,0.0,1.0,1.0,0.0,0.9105625152587891,0.9159286618232727,0.9047785997390747,0.896476149559021,0.9063372611999512,0.9111242294311523,0.8982663154602051,0.8902968764305115,0.8929249048233032,0.9044860601425171,0.9127282500267029,0.9085823893547058,0.880902886390686,0.8737028241157532,2.0
1165,1.0,1.0,0.0,0.0,0.0,0.0,0.0,0.0,0.0,0.0,0.0,1.0,1.0,0.0,0.9105349183082581,0.9202650785446167,0.9071214199066162,0.8994507789611816,0.9143227934837341,0.9190294742584229,0.9035548567771912,0.892554759979248,0.8939064741134644,0.9055644273757935,0.915619969367981,0.9097570776939392,0.8799730539321899,0.872134268283844,0.0
1166,0.0,0.0,0.0,0.0,0.0,0.0,1.0,1.0,0.0,0.0,0.0,1.0,1.0,0.0,0.9086781740188599,0.9191914200782776,0.9108145236968994,0.9012454748153687,0.9083794355392456,0.912636399269104,0.8974483609199524,0.8894228935241699,0.8918567895889282,0.905137300491333,0.9169619083404541,0.9147170186042786,0.8827478289604187,0.8725005984306335,4.0
1167,0.0,0.0,0.0,0.0,1.0,1.0,0.0,1.0,1.0,0.0,0.0,1.0,1.0,0.0,0.9099934697151184,0.9187618494033813,0.9071475863456726,0.9003693461418152,0.9139427542686462,0.917899489402771,0.9016726613044739,0.8909870982170105,0.8935877084732056,0.9067179560661316,0.9164778590202332,0.9109181761741638,0.8800076842308044,0.8723572492599487,3.0
1168,0.0,0.0,0.0,1.0,1.0,0.0,0.0,0.0,0.0,0.0,0.0,1.0,1.0,0.0,0.8984922170639038,0.9130949378013611,0.9103496670722961,0.9118945002555847,0.9113432168960571,0.9061225652694702,0.8882098197937012,0.8814190626144409,0.8850677013397217,0.9004149436950684,0.9131514430046082,0.9152629971504211,0.8802409172058105,0.8609482645988464,3.0
1169,0.0,0.0,0.0,1.0,1.0,0.0,0.0,0.0,0.0,0.0,0.0,1.0,1.0,0.0,0.9106827974319458,0.9100020527839661,0.8977055549621582,0.8940559029579163,0.9006009697914124,0.902046263217926,0.8878017663955688,0.8837591409683228,0.8891223669052124,0.9023738503456116,0.9105376601219177,0.909113347530365,0.8822565078735352,0.8749954700469971,3.0
1170,0.0,0.0,0.0,1.0,1.0,0.0,0.0,0.0,0.0,0.0,0.0,1.0,1.0,0.0,0.9114730358123779,0.9168460965156555,0.9077737331390381,0.9011237621307373,0.9080448150634766,0.9099239706993103,0.8978626728057861,0.8912815451622009,0.8938164114952087,0.9052478671073914,0.9137011766433716,0.9100190997123718,0.88205885887146,0.8763576149940491,1.0
1171,0.0,0.0,0.0,0.0,1.0,1.0,0.0,1.0,1.0,0.0,0.0,1.0,1.0,0.0,0.9106515645980835,0.9170771241188049,0.9061132669448853,0.8979878425598145,0.907593309879303,0.9112025499343872,0.899158239364624,0.8915195465087891,0.8938388824462891,0.9043365716934204,0.9128902554512024,0.9087315201759338,0.8815287351608276,0.8773353099822998,0.0
1172,0.0,0.0,1.0,1.0,0.0,0.0,1.0,1.0,0.0,0.0,0.0,0.0,0.0,0.0,0.9115790128707886,0.9181932210922241,0.9050324559211731,0.8971562385559082,0.9121037125587463,0.9169852137565613,0.9041075110435486,0.8933601379394531,0.8951636552810669,0.9064682126045227,0.914751410484314,0.9082552194595337,0.8802351355552673,0.8756874203681946,3.0
1173,1.0,0.0,0.0,0.0,0.0,0.0,0.0,0.0,0.0,0.0,0.0,1.0,1.0,0.0,0.9119867086410522,0.9212471842765808,0.9091349244117737,0.8997088074684143,0.9115776419639587,0.9161437749862671,0.9030202031135559,0.8928486704826355,0.8940382599830627,0.905694842338562,0.9146773219108582,0.9088932275772095,0.879888117313385,0.8740054965019226,0.0
1174,0.0,1.0,1.0,0.0,0.0,0.0,0.0,0.0,0.0,1.0,1.0,1.0,1.0,0.0,0.9122721552848816,0.920297384262085,0.9088179469108582,0.899282693862915,0.9093847870826721,0.913508415222168,0.9003175497055054,0.8915687203407288,0.8937004804611206,0.9055731296539307,0.9143140912055969,0.9090951085090637,0.8806312680244446,0.8762767910957336,3.0
1175,0.0,0.0,0.0,1.0,1.0,0.0,0.0,0.0,0.0,0.0,0.0,1.0,1.0,0.0,0.897015392780304,0.9078715443611145,0.9062955379486084,0.9112254977226257,0.9100408554077148,0.9018858671188354,0.8837713003158569,0.8787459135055542,0.8828206062316895,0.8974827527999878,0.9105238318443298,0.9152235984802246,0.8802212476730347,0.8567432761192322,1.0
1176,0.0,0.0,1.0,1.0,0.0,0.0,0.0,0.0,0.0,0.0,0.0,1.0,1.0,0.0,0.911620020866394,0.921025812625885,0.9094425439834595,0.8991767764091492,0.9100419878959656,0.9150576591491699,0.9020297527313232,0.8923773765563965,0.8935586810112,0.9054338335990906,0.9149046540260315,0.9096136689186096,0.8800366520881653,0.8738635778427124,0.0
1177,0.0,0.0,1.0,1.0,0.0,0.0,0.0,0.0,0.0,0.0,0.0,1.0,1.0,0.0,0.9101391434669495,0.9194109439849854,0.9071767330169678,0.8958418965339661,0.9066017270088196,0.9121716618537903,0.8999090194702148,0.8914473652839661,0.8920561671257019,0.9033197164535522,0.9129952788352966,0.9088088870048523,0.8790777325630188,0.8718163371086121,0.0
1178,0.0,1.0,1.0,0.0,1.0,1.0,0.0,0.0,0.0,0.0,0.0,1.0,1.0,0.0,0.9106563925743103,0.919344961643219,0.9038097262382507,0.8955099582672119,0.9124578237533569,0.916351318359375,0.9007216691970825,0.890343189239502,0.8916080594062805,0.903381884098053,0.9130411148071289,0.9067494869232178,0.8767620921134949,0.8706446290016174,2.0
1179,0.0,1.0,1.0,1.0,0.0,0.0,0.0,0.0,0.0,0.0,0.0,1.0,1.0,0.0,0.9109525084495544,0.9205864071846008,0.9078395366668701,0.8965948820114136,0.9093554019927979,0.9137973189353943,0.9006062746047974,0.8914523124694824,0.8929184675216675,0.9028953909873962,0.9116254448890686,0.906561553478241,0.8783583641052246,0.8716305494308472,1.0
1180,0.0,0.0,1.0,1.0,0.0,0.0,0.0,0.0,0.0,0.0,0.0,1.0,1.0,0.0,0.9102777242660522,0.9156928062438965,0.9048332571983337,0.901174008846283,0.9097311496734619,0.9106481075286865,0.8963950872421265,0.8890203833580017,0.8902935981750488,0.9031922817230225,0.9130626916885376,0.9104478359222412,0.8813351392745972,0.8760855197906494,4.0
1181,1.0,0.0,1.0,1.0,0.0,0.0,0.0,0.0,0.0,0.0,0.0,1.0,1.0,0.0,0.9109147191047668,0.918957531452179,0.9048786759376526,0.893343985080719,0.9082834720611572,0.9129428267478943,0.8992090821266174,0.8905945420265198,0.8923137784004211,0.9009125232696533,0.9087287783622742,0.9032418727874756,0.875909149646759,0.8701818585395813,1.0
1182,0.0,1.0,1.0,0.0,0.0,0.0,0.0,1.0,1.0,1.0,0.0,0.0,0.0,0.0,0.9110651612281799,0.9179429411888123,0.9056227803230286,0.89656662940979,0.910262405872345,0.9150576591491699,0.9026989340782166,0.8930577039718628,0.895017147064209,0.9074011445045471,0.9154022336006165,0.908725917339325,0.8808625936508179,0.8763282299041748,2.0
1183,1.0,1.0,0.0,0.0,1.0,1.0,0.0,0.0,0.0,0.0,0.0,1.0,1.0,0.0,0.9120772480964661,0.9195349812507629,0.9073989987373352,0.8985927104949951,0.910916805267334,0.9157612919807434,0.9016545414924622,0.8910151124000549,0.8932389616966248,0.905691921710968,0.914825439453125,0.9089170098304749,0.8799076080322266,0.8731291890144348,4.0
1184,0.0,0.0,0.0,0.0,1.0,1.0,1.0,1.0,0.0,0.0,0.0,1.0,1.0,0.0,0.9116380214691162,0.9174633026123047,0.9028492569923401,0.8951619863510132,0.9095787405967712,0.915424644947052,0.9019414186477661,0.8909376859664917,0.8931904435157776,0.9046382308006287,0.9127282500267029,0.9083074331283569,0.8791553974151611,0.8696177005767822,4.0
1185,1.0,1.0,0.0,0.0,0.0,0.0,0.0,0.0,0.0,0.0,0.0,1.0,1.0,0.0,0.9120112061500549,0.9208038449287415,0.9090474247932434,0.8992973566055298,0.9106784462928772,0.9154678583145142,0.9022663235664368,0.8921051025390625,0.8937713503837585,0.905221700668335,0.9143645167350769,0.9092288613319397,0.8797433376312256,0.8742778897285461,0.0
1186,0.0,0.0,0.0,1.0,1.0,0.0,0.0,0.0,0.0,0.0,0.0,1.0,1.0,0.0,0.8985757231712341,0.9099351167678833,0.9071815609931946,0.9081718325614929,0.906770646572113,0.903513491153717,0.8872160911560059,0.8809823989868164,0.8830834031105042,0.8977693915367126,0.9096999764442444,0.911110520362854,0.8767484426498413,0.8574327230453491,3.0
1187,0.0,0.0,0.0,1.0,1.0,0.0,0.0,0.0,0.0,0.0,0.0,1.0,1.0,0.0,0.8985617756843567,0.9087357521057129,0.9046630859375,0.9098853468894958,0.9090599417686462,0.9017297625541687,0.884457528591156,0.8791319727897644,0.88255375623703,0.8975793719291687,0.9102998375892639,0.9133073091506958,0.878694474697113,0.8565183281898499,0.0
1188,0.0,0.0,0.0,0.0,1.0,1.0,0.0,0.0,0.0,0.0,0.0,1.0,1.0,0.0,0.9115366339683533,0.9187405109405518,0.906053364276886,0.8969095945358276,0.9110116362571716,0.915558397769928,0.9027109146118164,0.892856776714325,0.8944903016090393,0.9056049585342407,0.9137599468231201,0.9076444506645203,0.8796951770782471,0.8758496642112732,3.0
1189,0.0,0.0,0.0,1.0,1.0,0.0,0.0,0.0,0.0,0.0,0.0,1.0,1.0,0.0,0.9074289202690125,0.9175942540168762,0.9091805219650269,0.903257429599762,0.9096623659133911,0.9128133654594421,0.8978643417358398,0.8889734745025635,0.8909904360771179,0.9044537544250488,0.9160199165344238,0.9134936928749084,0.8811662793159485,0.8676560521125793,0.0
1190,0.0,1.0,1.0,0.0,0.0,0.0,0.0,0.0,0.0,0.0,0.0,1.0,1.0,0.0,0.912648618221283,0.9202501177787781,0.9091361165046692,0.8991744518280029,0.9083229899406433,0.9132239818572998,0.9009699821472168,0.8925107717514038,0.8939032554626465,0.9060302376747131,0.9148386120796204,0.9102984666824341,0.8821541666984558,0.877006471157074,2.0
1191,0.0,1.0,1.0,0.0,0.0,0.0,0.0,0.0,0.0,0.0,0.0,1.0,1.0,0.0,0.9103081822395325,0.9176430106163025,0.90439772605896,0.8941891193389893,0.9081676006317139,0.913733184337616,0.9005364775657654,0.8907596468925476,0.8928211331367493,0.9022274017333984,0.9110775589942932,0.9071201682090759,0.8791143894195557,0.8700975775718689,4.0
1192,0.0,0.0,0.0,0.0,0.0,1.0,1.0,1.0,1.0,0.0,0.0,0.0,0.0,0.0,0.911931574344635,0.9201715588569641,0.907799482345581,0.8985671997070312,0.9113833904266357,0.9161567687988281,0.9034143686294556,0.8929362297058105,0.8939000368118286,0.9053874015808105,0.9137920141220093,0.9080345034599304,0.8794183135032654,0.8754176497459412,0.0
1193,1.0,1.0,0.0,0.0,1.0,1.0,0.0,0.0,0.0,0.0,0.0,1.0,1.0,0.0,0.9116752743721008,0.9212203025817871,0.9097017049789429,0.9019113183021545,0.9134280681610107,0.9184268712997437,0.9040486812591553,0.8934069871902466,0.8945862650871277,0.9070072770118713,0.9172866940498352,0.9117265343666077,0.881473958492279,0.8742145895957947,1.0
1194,1.0,1.0,0.0,0.0,0.0,0.0,0.0,0.0,0.0,0.0,0.0,1.0,1.0,0.0,0.9088517427444458,0.9144365787506104,0.9021832346916199,0.8937657475471497,0.9055296182632446,0.9106066823005676,0.897794246673584,0.8892343044281006,0.892075777053833,0.9023141264915466,0.9106481075286865,0.9078957438468933,0.8802686333656311,0.8707553744316101,2.0
1195,0.0,0.0,0.0,0.0,0.0,0.0,0.0,0.0,0.0,1.0,1.0,0.0,0.0,0.0,0.9113333821296692,0.9183908700942993,0.9063566327095032,0.8950099945068359,0.9040207266807556,0.9094797372817993,0.8972266316413879,0.8900763988494873,0.8911089301109314,0.8998724222183228,0.9098919630050659,0.9076963067054749,0.8796316385269165,0.8729186654090881,1.0
1196,0.0,0.0,0.0,1.0,1.0,0.0,0.0,0.0,0.0,0.0,0.0,1.0,1.0,0.0,0.9015914797782898,0.9140973091125488,0.9109050035476685,0.9098565578460693,0.9116964936256409,0.90919029712677,0.89218670129776,0.8849883675575256,0.8875718712806702,0.9018588662147522,0.9147647023200989,0.9161684513092041,0.8821569085121155,0.8627970218658447,1.0
1197,0.0,0.0,1.0,1.0,0.0,0.0,0.0,0.0,0.0,0.0,0.0,1.0,1.0,0.0,0.8965759873390198,0.9115106463432312,0.9094461798667908,0.9132220149040222,0.9117897748947144,0.9037599563598633,0.8850659132003784,0.8790256977081299,0.8839036226272583,0.8996461033821106,0.912706732749939,0.9156278371810913,0.8806291222572327,0.8604705929756165,3.0
1198,1.0,0.0,0.0,0.0,0.0,1.0,1.0,0.0,0.0,0.0,0.0,0.0,0.0,0.0,0.9110150337219238,0.9179625511169434,0.9060248732566833,0.8967982530593872,0.9086556434631348,0.9129346609115601,0.9008488655090332,0.892090380191803,0.8947333097457886,0.9067724347114563,0.9136610627174377,0.9083836674690247,0.8808741569519043,0.8753399848937988,2.0
1199,0.0,0.0,0.0,1.0,1.0,0.0,0.0,0.0,0.0,0.0,0.0,1.0,1.0,0.0,0.8976962566375732,0.9075222015380859,0.9040545225143433,0.9101807475090027,0.9086276888847351,0.8995648622512817,0.8837068676948547,0.8790671229362488,0.8824412226676941,0.8978284597396851,0.9109291434288025,0.9144150018692017,0.8804909586906433,0.8581523895263672,2.0
1200,0.0,0.0,0.0,0.0,1.0,1.0,0.0,0.0,0.0,0.0,0.0,1.0,1.0,0.0,0.9084471464157104,0.920795202255249,0.9078714847564697,0.8952828645706177,0.9073413014411926,0.9126580357551575,0.899589478969574,0.8907135128974915,0.8925872445106506,0.9031745195388794,0.9121078252792358,0.9074317812919617,0.8780710697174072,0.8685567378997803,0.0
1201,0.0,0.0,1.0,1.0,0.0,0.0,0.0,0.0,0.0,0.0,0.0,1.0,1.0,0.0,0.911442220211029,0.9191460013389587,0.9060612916946411,0.8984752893447876,0.913037121295929,0.9176602959632874,0.9028359055519104,0.8919434547424316,0.8940863609313965,0.9060966372489929,0.9160669445991516,0.910351037979126,0.880509614944458,0.872677743434906,3.0
1202,0.0,1.0,1.0,0.0,1.0,1.0,0.0,0.0,0.0,0.0,0.0,0.0,0.0,0.0,0.910847544670105,0.9169099926948547,0.9010035395622253,0.8899703025817871,0.9077481627464294,0.9129495620727539,0.8993425965309143,0.8896410465240479,0.8911533355712891,0.9018048048019409,0.9092392921447754,0.9023298025131226,0.875246524810791,0.8732869029045105,2.0
1203,1.0,1.0,1.0,1.0,0.0,0.0,0.0,0.0,0.0,0.0,0.0,1.0,1.0,0.0,0.9122557640075684,0.9196375012397766,0.9086612462997437,0.8987177610397339,0.9082750082015991,0.9123141169548035,0.9001897573471069,0.8923236727714539,0.8933229446411133,0.9044420719146729,0.9128525257110596,0.9079439043998718,0.880466639995575,0.875458300113678,4.0
1204,0.0,0.0,0.0,0.0,0.0,0.0,0.0,1.0,1.0,0.0,0.0,0.0,0.0,0.0,0.9115024209022522,0.9210027456283569,0.9099060893058777,0.9003564119338989,0.9118096828460693,0.9159833788871765,0.9014649987220764,0.8920496106147766,0.8929216861724854,0.9052362442016602,0.9148914813995361,0.9102347493171692,0.8804929852485657,0.8741250038146973,1.0
1205,0.0,1.0,1.0,0.0,0.0,0.0,0.0,0.0,0.0,0.0,0.0,1.0,1.0,0.0,0.9096073508262634,0.9174756407737732,0.9032211899757385,0.8926295042037964,0.9088398218154907,0.9135640263557434,0.9009169340133667,0.8913488388061523,0.8923137784004211,0.902770459651947,0.9092785120010376,0.9014951586723328,0.8750064373016357,0.8723874092102051,3.0
1206,0.0,0.0,0.0,1.0,1.0,0.0,0.0,0.0,0.0,0.0,0.0,1.0,1.0,0.0,0.9084266424179077,0.9160590171813965,0.9080735445022583,0.9031263589859009,0.9093959331512451,0.9095759391784668,0.8956906795501709,0.8883243203163147,0.89061439037323,0.9046118855476379,0.9144681096076965,0.9121206998825073,0.8822606205940247,0.8752215504646301,3.0
1207,0.0,1.0,1.0,0.0,0.0,0.0,0.0,0.0,0.0,0.0,0.0,0.0,0.0,0.0,0.9116021990776062,0.9196088910102844,0.9068691730499268,0.8970717191696167,0.9107252955436707,0.9154468774795532,0.9031922817230225,0.8936392664909363,0.8946726322174072,0.9045182466506958,0.9125986099243164,0.9073513150215149,0.8797517418861389,0.8768454194068909,1.0
1208,0.0,0.0,1.0,1.0,0.0,0.0,0.0,0.0,0.0,0.0,1.0,1.0,1.0,0.0,0.9109662175178528,0.9174227118492126,0.9052871465682983,0.8960102200508118,0.9091581702232361,0.9143539667129517,0.9021525979042053,0.8932147026062012,0.8950521945953369,0.9052042365074158,0.9127877354621887,0.9079028367996216,0.8802444338798523,0.876353919506073,1.0
1209,1.0,1.0,0.0,0.0,0.0,0.0,0.0,0.0,0.0,0.0,0.0,1.0,1.0,0.0,0.9100454449653625,0.9161509871482849,0.9071515202522278,0.90048748254776,0.9049705266952515,0.907580554485321,0.8938614130020142,0.8872907161712646,0.8894945383071899,0.9029488563537598,0.9128119945526123,0.9097918272018433,0.8809596300125122,0.8729375004768372,3.0
1210,0.0,1.0,1.0,0.0,0.0,0.0,0.0,0.0,0.0,0.0,0.0,0.0,0.0,0.0,0.9100337028503418,0.9192806482315063,0.9063249230384827,0.8982306122779846,0.9124402403831482,0.9178458452224731,0.903356671333313,0.8923057317733765,0.8929119110107422,0.9051430821418762,0.914555549621582,0.9087751507759094,0.8785828351974487,0.8699748516082764,0.0
1211,0.0,1.0,1.0,0.0,0.0,0.0,0.0,0.0,0.0,0.0,0.0,1.0,1.0,0.0,0.9110060930252075,0.9187107086181641,0.9079652428627014,0.8994204998016357,0.9085739254951477,0.914291501045227,0.900776207447052,0.8908833265304565,0.8921361565589905,0.905407726764679,0.9156015515327454,0.911280632019043,0.8811485171318054,0.8713380694389343,0.0
1212,0.0,0.0,0.0,0.0,1.0,1.0,0.0,0.0,0.0,0.0,0.0,0.0,0.0,0.0,0.9112867712974548,0.9194013476371765,0.9058984518051147,0.8962957859039307,0.9108244776725769,0.9156448841094971,0.902083694934845,0.891886293888092,0.8930869102478027,0.9038514494895935,0.9126662015914917,0.9072386622428894,0.8786587715148926,0.8720850348472595,4.0
1213,1.0,1.0,0.0,0.0,0.0,0.0,0.0,1.0,1.0,0.0,0.0,0.0,0.0,0.0,0.9098259210586548,0.9180654287338257,0.9071701765060425,0.8993043899536133,0.9084711074829102,0.9133073091506958,0.8991460204124451,0.888963520526886,0.8917357325553894,0.9042837619781494,0.914340615272522,0.9108231067657471,0.8806611895561218,0.8692366480827332,4.0
1214,0.0,0.0,0.0,0.0,0.0,0.0,1.0,1.0,0.0,0.0,0.0,0.0,0.0,0.0,0.9111571907997131,0.9185272455215454,0.90498948097229,0.8955512642860413,0.9106729030609131,0.9149495363235474,0.9013429880142212,0.8914129137992859,0.8924473524093628,0.9033730030059814,0.9113327264785767,0.9052668213844299,0.8774443864822388,0.8735493421554565,3.0
1215,0.0,0.0,0.0,1.0,1.0,0.0,0.0,0.0,0.0,0.0,0.0,1.0,1.0,0.0,0.9119895100593567,0.9196144342422485,0.9074727296829224,0.8990060091018677,0.9111132621765137,0.9163246154785156,0.90178382396698,0.8911813497543335,0.8932583332061768,0.9058973789215088,0.9156094789505005,0.9103842377662659,0.880639374256134,0.8719640374183655,4.0
1216,0.0,0.0,0.0,0.0,1.0,1.0,0.0,0.0,0.0,0.0,0.0,1.0,1.0,0.0,0.9087766408920288,0.9187002778053284,0.9106018543243408,0.9034265279769897,0.9084802865982056,0.9136047959327698,0.9002582430839539,0.8904772400856018,0.8909706473350525,0.9045856595039368,0.9160069227218628,0.9119840264320374,0.8803855776786804,0.8705911636352539,1.0
1217,0.0,0.0,0.0,0.0,1.0,1.0,1.0,1.0,0.0,0.0,0.0,1.0,1.0,0.0,0.9093372821807861,0.9195502400398254,0.9103454947471619,0.9020439982414246,0.9088004231452942,0.9141359925270081,0.9006685614585876,0.8910035490989685,0.8921459317207336,0.9049537181854248,0.9164571166038513,0.9126431345939636,0.8821119666099548,0.8719753623008728,3.0
1218,0.0,1.0,1.0,1.0,1.0,0.0,0.0,0.0,0.0,0.0,0.0,1.0,1.0,0.0,0.9030053615570068,0.9162101745605469,0.9098321795463562,0.9044671654701233,0.9088752865791321,0.9124131798744202,0.8985664248466492,0.8889585137367249,0.8902074098587036,0.9040398001670837,0.9151446223258972,0.910809338092804,0.8775968551635742,0.8657286167144775,4.0
1219,0.0,0.0,0.0,0.0,1.0,1.0,0.0,0.0,0.0,0.0,0.0,1.0,1.0,0.0,0.9082579612731934,0.9185812473297119,0.9069600105285645,0.8961334228515625,0.9074681401252747,0.9127796292304993,0.8981794714927673,0.8884974122047424,0.890848696231842,0.9027644991874695,0.9131218791007996,0.9108520746231079,0.8803717494010925,0.868336021900177,4.0
1220,1.0,1.0,0.0,0.0,0.0,0.0,0.0,0.0,0.0,0.0,0.0,1.0,1.0,0.0,0.9123664498329163,0.9201000928878784,0.9088250398635864,0.8988056778907776,0.9093204736709595,0.9139668345451355,0.9014951586723328,0.8923871517181396,0.8935909271240234,0.9053728580474854,0.9140214323997498,0.9087062478065491,0.880030632019043,0.8760891556739807,0.0
1221,0.0,0.0,0.0,0.0,1.0,1.0,0.0,0.0,0.0,0.0,0.0,1.0,1.0,0.0,0.9121003746986389,0.9202477931976318,0.9087734818458557,0.8992155194282532,0.9095731973648071,0.9149614572525024,0.9017778635025024,0.8920431733131409,0.8935038447380066,0.9063905477523804,0.9154022336006165,0.9104146361351013,0.8813202381134033,0.8749324083328247,0.0
1222,0.0,1.0,1.0,0.0,0.0,0.0,0.0,0.0,0.0,1.0,1.0,0.0,0.0,0.0,0.9094294309616089,0.9184720516204834,0.9050721526145935,0.8933294415473938,0.9072557091712952,0.9125567078590393,0.8995741605758667,0.8908371329307556,0.8923041224479675,0.9012358784675598,0.9091973900794983,0.9037467241287231,0.8755264282226562,0.8687192797660828,0.0
1223,0.0,0.0,1.0,1.0,0.0,0.0,0.0,0.0,0.0,0.0,0.0,1.0,1.0,0.0,0.9122599363327026,0.9191384315490723,0.9078818559646606,0.8981329202651978,0.9073712229728699,0.9123887419700623,0.8998326659202576,0.8913882374763489,0.8928438425064087,0.9048486948013306,0.9142928719520569,0.910616397857666,0.8825027942657471,0.8774191737174988,0.0
1224,1.0,1.0,0.0,0.0,0.0,0.0,0.0,0.0,0.0,0.0,0.0,0.0,0.0,0.0,0.9115769267082214,0.9204468131065369,0.9088777303695679,0.8996307849884033,0.9110513925552368,0.9158332943916321,0.9017117023468018,0.8914457559585571,0.8936972618103027,0.9060764312744141,0.9154285192489624,0.9098182320594788,0.8798547983169556,0.8743970990180969,3.0
1225,0.0,1.0,1.0,0.0,0.0,0.0,0.0,0.0,0.0,0.0,0.0,1.0,1.0,0.0,0.9122918248176575,0.9199792146682739,0.9079862236976624,0.8986436724662781,0.9106494784355164,0.9154101610183716,0.9032248854637146,0.8934651017189026,0.8949757814407349,0.9066433906555176,0.9142636060714722,0.9083709716796875,0.880012035369873,0.8768161535263062,0.0
1226,0.0,0.0,0.0,0.0,1.0,1.0,0.0,0.0,0.0,0.0,0.0,0.0,0.0,0.0,0.9106637239456177,0.9164164066314697,0.9016966819763184,0.8938791751861572,0.9083526134490967,0.9148491621017456,0.9012056589126587,0.890038251876831,0.8916506171226501,0.9024575352668762,0.9117128849029541,0.9078333377838135,0.8781650066375732,0.8669379949569702,0.0
1227,0.0,0.0,1.0,1.0,1.0,1.0,0.0,0.0,0.0,1.0,1.0,0.0,0.0,0.0,0.9114668965339661,0.9189659357070923,0.9062976837158203,0.8958308100700378,0.9083371758460999,0.9135003685951233,0.9013053178787231,0.8924180865287781,0.8940157890319824,0.9043482542037964,0.911824643611908,0.9063854217529297,0.8790868520736694,0.8743933439254761,4.0
1228,0.0,0.0,0.0,0.0,1.0,1.0,0.0,0.0,0.0,0.0,0.0,1.0,1.0,0.0,0.9110569357872009,0.9181838035583496,0.9045380353927612,0.8943702578544617,0.9091945290565491,0.9143393039703369,0.9018903970718384,0.8922030329704285,0.8938775062561035,0.9032486081123352,0.9112778902053833,0.9055136442184448,0.8781097531318665,0.8731254935264587,0.0
1229,1.0,1.0,0.0,0.0,0.0,0.0,0.0,0.0,0.0,0.0,0.0,0.0,0.0,0.0,0.9124469757080078,0.9217016696929932,0.9093611836433411,0.8993909955024719,0.9112560153007507,0.9170935750007629,0.9041133522987366,0.8934715986251831,0.8948896527290344,0.9069185256958008,0.9166257977485657,0.9113340973854065,0.8818975687026978,0.8745682835578918,0.0
1230,0.0,1.0,1.0,1.0,1.0,1.0,0.0,0.0,0.0,0.0,0.0,1.0,1.0,0.0,0.9098969101905823,0.9182078242301941,0.9040853977203369,0.8931677937507629,0.9091217517852783,0.9144799709320068,0.9002277851104736,0.8897842168807983,0.8907431960105896,0.9014559984207153,0.9101057648658752,0.9048340320587158,0.8764771819114685,0.869602382183075,3.0
1231,1.0,1.0,0.0,0.0,0.0,0.0,0.0,0.0,0.0,0.0,0.0,1.0,1.0,0.0,0.9104098081588745,0.917387843132019,0.9043218493461609,0.8966915011405945,0.9104700088500977,0.9158906936645508,0.9019083380699158,0.8911977410316467,0.8928810954093933,0.9057035446166992,0.9143831729888916,0.9084288477897644,0.8784857988357544,0.8695100545883179,0.0
1232,0.0,0.0,0.0,0.0,1.0,1.0,0.0,0.0,0.0,0.0,0.0,1.0,1.0,0.0,0.9107776284217834,0.9190027117729187,0.9046342372894287,0.8953321576118469,0.911686897277832,0.9156540632247925,0.9012207984924316,0.8911287188529968,0.8919679522514343,0.9023051261901855,0.9106011390686035,0.9044610857963562,0.8759220242500305,0.8711249828338623,1.0
1233,0.0,0.0,1.0,1.0,0.0,0.0,0.0,0.0,0.0,0.0,0.0,1.0,1.0,0.0,0.9118874073028564,0.9186906814575195,0.9034225344657898,0.8931273221969604,0.9090937376022339,0.9146482944488525,0.9005303978919983,0.8905995488166809,0.8933907747268677,0.9032930731773376,0.9123196005821228,0.9079084992408752,0.8800240755081177,0.8717670440673828,2.0
1234,0.0,0.0,0.0,0.0,0.0,0.0,1.0,1.0,0.0,0.0,0.0,0.0,0.0,0.0,0.9097605347633362,0.9162150025367737,0.9050557613372803,0.8961784243583679,0.9069657921791077,0.9120466113090515,0.8993425965309143,0.890703558921814,0.8920332789421082,0.9023439288139343,0.9115297794342041,0.9092267751693726,0.8816607594490051,0.8767649531364441,1.0
1235,1.0,1.0,1.0,1.0,0.0,0.0,0.0,0.0,0.0,0.0,0.0,1.0,1.0,0.0,0.9117639660835266,0.919022262096405,0.9072465300559998,0.8976868391036987,0.9090222120285034,0.9128578901290894,0.900739848613739,0.8924099206924438,0.895106315612793,0.9061254858970642,0.9130088090896606,0.9074552655220032,0.8800621628761292,0.8764163851737976,3.0
1236,0.0,1.0,1.0,0.0,0.0,0.0,0.0,0.0,0.0,0.0,0.0,1.0,1.0,0.0,0.91185063123703,0.9209656119346619,0.9091872572898865,0.8993725776672363,0.910722553730011,0.9157692193984985,0.9028656482696533,0.8926230669021606,0.8940029144287109,0.9059436917304993,0.9155413508415222,0.9113190770149231,0.8822683095932007,0.8761590719223022,3.0
1237,1.0,1.0,0.0,0.0,0.0,0.0,0.0,0.0,0.0,0.0,0.0,1.0,1.0,0.0,0.9105984568595886,0.9182482361793518,0.902797281742096,0.8965948820114136,0.9147924184799194,0.9179027080535889,0.9015417695045471,0.8902604579925537,0.8913849592208862,0.9026899933815002,0.9123873710632324,0.9065744876861572,0.8767200112342834,0.8686419129371643,1.0
1238,1.0,1.0,0.0,0.0,0.0,1.0,1.0,0.0,0.0,0.0,0.0,0.0,0.0,0.0,0.9114709496498108,0.9169173240661621,0.9036169052124023,0.8943879008293152,0.9087681770324707,0.9141013026237488,0.9010969400405884,0.8912323117256165,0.8938035368919373,0.9035119414329529,0.9111078381538391,0.906304121017456,0.8789655566215515,0.8711859583854675,4.0
1239,1.0,1.0,1.0,1.0,0.0,0.0,0.0,1.0,1.0,0.0,0.0,0.0,0.0,0.0,0.9083892703056335,0.9204064011573792,0.90993332862854,0.9022221565246582,0.9164145588874817,0.9185591340065002,0.8988565802574158,0.8890789151191711,0.8925807476043701,0.9061023592948914,0.9170161485671997,0.9134346842765808,0.8815810680389404,0.870273768901825,3.0
1240,0.0,1.0,1.0,0.0,0.0,0.0,1.0,1.0,0.0,0.0,0.0,1.0,1.0,0.0,0.9112848043441772,0.9189563989639282,0.90716153383255,0.898947536945343,0.9089549779891968,0.9142622947692871,0.9013067483901978,0.8916375637054443,0.8930220603942871,0.9050236344337463,0.9144627451896667,0.9102915525436401,0.8812333345413208,0.8730278015136719,3.0
1241,0.0,0.0,1.0,1.0,0.0,0.0,0.0,0.0,0.0,0.0,0.0,1.0,1.0,1.0,0.9115673899650574,0.9208386540412903,0.908928632736206,0.9002323150634766,0.9117987751960754,0.9171463847160339,0.9038631916046143,0.8930641412734985,0.8940029144287109,0.9063531160354614,0.91604083776474,0.9102237224578857,0.880664050579071,0.8740615248680115,0.0
1242,0.0,0.0,1.0,1.0,0.0,0.0,0.0,0.0,0.0,0.0,0.0,1.0,1.0,0.0,0.9102548360824585,0.9193537831306458,0.9096254706382751,0.9015976786613464,0.9079524278640747,0.9129319787025452,0.8992350697517395,0.8901975154876709,0.8919026255607605,0.9061456322669983,0.9162726402282715,0.9113916158676147,0.8811396360397339,0.8718163371086121,2.0
1243,0.0,1.0,1.0,0.0,0.0,0.0,0.0,0.0,0.0,0.0,0.0,1.0,1.0,0.0,0.9104637503623962,0.9182672500610352,0.905735433101654,0.8986567854881287,0.9105404615402222,0.9167007803916931,0.9039264917373657,0.8925123810768127,0.8936360478401184,0.9071472883224487,0.915554404258728,0.9095453023910522,0.8798884153366089,0.8731066584587097,4.0
1244,1.0,1.0,0.0,0.0,0.0,0.0,0.0,0.0,0.0,0.0,0.0,1.0,1.0,0.0,0.9110366702079773,0.9153211712837219,0.9042837619781494,0.8982391953468323,0.9040817022323608,0.9079310894012451,0.8943879008293152,0.88731449842453,0.8887474536895752,0.902770459651947,0.9126985669136047,0.908440113067627,0.8798133730888367,0.8734069466590881,0.0
1245,1.0,1.0,0.0,0.0,0.0,0.0,0.0,0.0,0.0,0.0,0.0,1.0,1.0,0.0,0.9119037389755249,0.9191791415214539,0.9080635905265808,0.8987871408462524,0.908758282661438,0.9125377535820007,0.9000647664070129,0.8917243480682373,0.8936682343482971,0.905282735824585,0.9134280681610107,0.9086049795150757,0.8799735903739929,0.8750844597816467,2.0
1246,0.0,0.0,1.0,1.0,0.0,0.0,0.0,0.0,0.0,0.0,0.0,1.0,1.0,0.0,0.9126337170600891,0.9203261137008667,0.9078230261802673,0.8986769318580627,0.911000669002533,0.9171244502067566,0.9047026038169861,0.8938212394714355,0.8954147696495056,0.9075663089752197,0.9158424139022827,0.910184919834137,0.8813543319702148,0.8753991723060608,4.0
1247,0.0,0.0,1.0,1.0,0.0,0.0,0.0,0.0,0.0,0.0,0.0,1.0,1.0,0.0,0.9107257127761841,0.9183883666992188,0.9080472588539124,0.9005920886993408,0.9077290296554565,0.9124280214309692,0.8994484543800354,0.8899303674697876,0.8917848467826843,0.9053699970245361,0.9151103496551514,0.9108409881591797,0.8806474208831787,0.8712353706359863,2.0
1248,0.0,0.0,1.0,1.0,0.0,0.0,0.0,0.0,0.0,0.0,0.0,1.0,1.0,0.0,0.9109201431274414,0.9182519316673279,0.9068984985351562,0.8968249559402466,0.9060244560241699,0.9112518429756165,0.899204432964325,0.8909443616867065,0.8923464417457581,0.9040281176567078,0.9131137728691101,0.9102568626403809,0.882169246673584,0.8750844597816467,2.0
1249,1.0,1.0,0.0,0.0,0.0,1.0,1.0,0.0,0.0,0.0,0.0,0.0,0.0,0.0,0.9115380048751831,0.9171894192695618,0.9054890275001526,0.8967758417129517,0.907285749912262,0.9119009375572205,0.8994868397712708,0.8908141255378723,0.8928989768028259,0.9037541151046753,0.9128821492195129,0.9089478850364685,0.8812410831451416,0.8756024837493896,0.0
1250,0.0,0.0,0.0,0.0,1.0,1.0,0.0,0.0,0.0,0.0,0.0,1.0,1.0,0.0,0.9092525839805603,0.9175814986228943,0.9035452604293823,0.8926066756248474,0.9086724519729614,0.9132696986198425,0.9006624817848206,0.8907283544540405,0.8916571736335754,0.9022782444953918,0.9088804721832275,0.9011551141738892,0.8742763996124268,0.8713343143463135,3.0
1251,0.0,0.0,0.0,0.0,1.0,1.0,0.0,0.0,0.0,0.0,0.0,0.0,0.0,0.0,0.9117428660392761,0.9189445376396179,0.9060416221618652,0.8959770798683167,0.9087498188018799,0.9135137796401978,0.9016666412353516,0.8927528858184814,0.8946693539619446,0.9046440720558167,0.9127094149589539,0.9074816703796387,0.8804473876953125,0.8767611980438232,0.0
1252,0.0,1.0,1.0,0.0,0.0,0.0,0.0,0.0,0.0,0.0,0.0,1.0,1.0,0.0,0.9117790460586548,0.9186932444572449,0.9087455868721008,0.900490939617157,0.9061038494110107,0.9107060432434082,0.8969041109085083,0.8897408843040466,0.8912602066993713,0.9054918885231018,0.9154075384140015,0.911070704460144,0.882188618183136,0.8780232667922974,3.0
1253,0.0,1.0,1.0,0.0,0.0,0.0,0.0,0.0,0.0,1.0,1.0,1.0,1.0,0.0,0.9117401242256165,0.9191737174987793,0.9077158570289612,0.8980987668037415,0.9103233814239502,0.9149139523506165,0.9017177224159241,0.8918944597244263,0.8937552571296692,0.9050120115280151,0.9135915040969849,0.9080912470817566,0.8796679973602295,0.8750807642936707,3.0
1254,1.0,1.0,0.0,0.0,0.0,0.0,0.0,0.0,0.0,1.0,1.0,1.0,1.0,0.0,0.9111167192459106,0.9179015755653381,0.9053212404251099,0.8965075612068176,0.9105390906333923,0.9151484966278076,0.9022483229637146,0.8924782872200012,0.8948035836219788,0.9062090516090393,0.9137920141220093,0.9075165390968323,0.8789920806884766,0.8742704391479492,3.0
1255,0.0,0.0,1.0,1.0,0.0,0.0,0.0,0.0,0.0,0.0,0.0,1.0,1.0,0.0,0.9127890467643738,0.919915497303009,0.9079269170761108,0.8971718549728394,0.9078177213668823,0.9123806357383728,0.9001744985580444,0.8921998143196106,0.8933520317077637,0.903550386428833,0.9116309285163879,0.9073063731193542,0.87954181432724,0.8750399351119995,1.0
1256,1.0,0.0,0.0,0.0,0.0,1.0,1.0,1.0,0.0,0.0,0.0,1.0,1.0,0.0,0.9095532894134521,0.9159380793571472,0.9058995246887207,0.8984463810920715,0.906329333782196,0.910305380821228,0.896659255027771,0.8883326649665833,0.8907909989356995,0.9027317762374878,0.9124794602394104,0.90953129529953,0.8811240792274475,0.8727003931999207,3.0
1257,1.0,1.0,0.0,0.0,0.0,0.0,0.0,0.0,0.0,0.0,0.0,1.0,1.0,0.0,0.9112587571144104,0.9171753525733948,0.9014921188354492,0.892715573310852,0.9101362824440002,0.9155413508415222,0.9018964171409607,0.8910579085350037,0.8935360908508301,0.9041016101837158,0.9123846888542175,0.906334400177002,0.8781626224517822,0.8692751526832581,4.0
1258,0.0,0.0,0.0,1.0,1.0,0.0,0.0,0.0,0.0,0.0,0.0,1.0,1.0,0.0,0.9116472601890564,0.9204155206680298,0.9104025959968567,0.9020020961761475,0.9094545841217041,0.9143831729888916,0.900894284248352,0.8916703462600708,0.8932470679283142,0.9066978693008423,0.9166826605796814,0.9117769598960876,0.8817818760871887,0.8752511143684387,0.0
1259,1.0,1.0,0.0,0.0,0.0,0.0,0.0,0.0,0.0,0.0,0.0,1.0,1.0,0.0,0.9108000993728638,0.9152179956436157,0.9057498574256897,0.8990594744682312,0.903904378414154,0.9080203771591187,0.8954147696495056,0.8886770009994507,0.8903465270996094,0.9031596183776855,0.9129360914230347,0.909485936164856,0.881645917892456,0.8771782517433167,1.0
1260,0.0,0.0,0.0,0.0,0.0,0.0,0.0,0.0,0.0,1.0,1.0,0.0,0.0,0.0,0.9102846384048462,0.9187436103820801,0.9078127145767212,0.9002680778503418,0.9104976654052734,0.9151906371116638,0.9024649262428284,0.8921067118644714,0.8924945592880249,0.9058771133422852,0.9155963659286499,0.91029292345047,0.8800126314163208,0.8732418417930603,1.0
1261,0.0,0.0,1.0,1.0,1.0,0.0,0.0,0.0,0.0,0.0,0.0,1.0,1.0,1.0,0.9109470248222351,0.9177291393280029,0.9060778021812439,0.8967581987380981,0.9067438244819641,0.9107115864753723,0.8988412022590637,0.8919059038162231,0.894615113735199,0.9046645760536194,0.9117483496665955,0.9072607159614563,0.880692183971405,0.8749509453773499,2.0
1262,1.0,1.0,1.0,0.0,0.0,0.0,0.0,0.0,0.0,0.0,0.0,1.0,1.0,0.0,0.910548746585846,0.9174692034721375,0.9020118117332458,0.8922650218009949,0.9105113744735718,0.9155492186546326,0.9011256098747253,0.8900665044784546,0.8917325139045715,0.9022513628005981,0.9107612371444702,0.9048865437507629,0.8767108917236328,0.8696715235710144,3.0
1263,0.0,1.0,1.0,0.0,1.0,1.0,0.0,0.0,0.0,1.0,1.0,1.0,1.0,0.0,0.9102209210395813,0.9191493988037109,0.9057639837265015,0.8973125219345093,0.9136062264442444,0.917011022567749,0.900862455368042,0.8913357853889465,0.8929637670516968,0.9044245481491089,0.913000762462616,0.9060908555984497,0.8767116069793701,0.8704650402069092,0.0
1264,0.0,1.0,1.0,1.0,0.0,0.0,0.0,0.0,0.0,0.0,0.0,1.0,1.0,0.0,0.9105252623558044,0.9182349443435669,0.9066268801689148,0.8989751935005188,0.9099294543266296,0.9149191975593567,0.9012856483459473,0.8911418914794922,0.8925515413284302,0.9056861400604248,0.9149811863899231,0.909758448600769,0.8797584772109985,0.8724176287651062,1.0
1265,1.0,1.0,0.0,0.0,0.0,0.0,0.0,0.0,0.0,0.0,0.0,1.0,1.0,0.0,0.9076700806617737,0.9164032936096191,0.9003090262413025,0.8912437558174133,0.9112560153007507,0.9154003262519836,0.8985216617584229,0.8867793679237366,0.8879216909408569,0.9001683592796326,0.9093875288963318,0.9034469723701477,0.8728190660476685,0.8642436265945435,3.0
1266,0.0,0.0,0.0,0.0,1.0,1.0,1.0,1.0,0.0,0.0,0.0,0.0,0.0,0.0,0.9100406169891357,0.9195643663406372,0.9061442017555237,0.8939056396484375,0.908103883266449,0.9125742316246033,0.8998143076896667,0.8908751010894775,0.8910365104675293,0.9004848599433899,0.9084894061088562,0.9023499488830566,0.874754786491394,0.8703197240829468,1.0
1267,0.0,0.0,0.0,0.0,0.0,0.0,0.0,0.0,0.0,1.0,1.0,0.0,0.0,0.0,0.9103759527206421,0.9196326732635498,0.9075652360916138,0.8961657881736755,0.9077978730201721,0.913854718208313,0.9010818600654602,0.8911879062652588,0.8924733996391296,0.9030855298042297,0.9127040505409241,0.9096136689186096,0.8806179165840149,0.8719336986541748,4.0
1268,0.0,0.0,1.0,1.0,1.0,1.0,0.0,0.0,0.0,0.0,0.0,1.0,1.0,0.0,0.9112052321434021,0.9184305667877197,0.9050524234771729,0.8976136445999146,0.9125877618789673,0.9168831706047058,0.9029355645179749,0.8918633460998535,0.892088770866394,0.9037217497825623,0.9122246503829956,0.9059377908706665,0.8774513006210327,0.8731780052185059,0.0
1269,1.0,0.0,0.0,0.0,0.0,0.0,0.0,0.0,0.0,0.0,0.0,1.0,1.0,0.0,0.91005939245224,0.9170674681663513,0.9061745405197144,0.8978860378265381,0.9083723425865173,0.9141638875007629,0.9009820818901062,0.8915834426879883,0.8929815292358398,0.9048924446105957,0.913898766040802,0.9090993404388428,0.8797274827957153,0.8731142282485962,1.0
1270,0.0,1.0,1.0,1.0,1.0,1.0,0.0,0.0,0.0,0.0,0.0,1.0,1.0,0.0,0.9130403995513916,0.9196351170539856,0.9085158705711365,0.8983816504478455,0.9076672196388245,0.9124009609222412,0.9004817605018616,0.8921459317207336,0.8940317630767822,0.9056455492973328,0.9141519069671631,0.9098683595657349,0.8822503089904785,0.8790761828422546,0.0
1271,0.0,0.0,0.0,1.0,1.0,0.0,0.0,0.0,0.0,0.0,0.0,1.0,1.0,0.0,0.9122830033302307,0.9202895760536194,0.9080090522766113,0.8988773822784424,0.9107707738876343,0.9159259796142578,0.9021406173706055,0.8919875621795654,0.8935779929161072,0.9060764312744141,0.9151998162269592,0.9095187783241272,0.8806411623954773,0.8740205764770508,2.0
1272,0.0,0.0,0.0,0.0,1.0,1.0,0.0,0.0,0.0,0.0,0.0,1.0,1.0,0.0,0.9116097092628479,0.9187065958976746,0.9046810269355774,0.8957065343856812,0.9113655686378479,0.9155492186546326,0.9012645483016968,0.8908866047859192,0.8926717638969421,0.904568076133728,0.9128848314285278,0.9061009287834167,0.8776232004165649,0.8740876913070679,2.0
1273,0.0,1.0,1.0,1.0,0.0,0.0,0.0,0.0,0.0,1.0,1.0,1.0,1.0,0.0,0.9118219614028931,0.9203323125839233,0.9076206684112549,0.8973687887191772,0.9102970957756042,0.9148781895637512,0.9020327925682068,0.8922616839408875,0.8935069441795349,0.9035061001777649,0.9122843742370605,0.9071837067604065,0.8790550827980042,0.8741846680641174,1.0
1274,0.0,0.0,0.0,0.0,0.0,0.0,1.0,1.0,0.0,0.0,0.0,1.0,1.0,0.0,0.9091050028800964,0.917164146900177,0.9069080948829651,0.8974624276161194,0.9065371751785278,0.9115366339683533,0.8971484303474426,0.8883679509162903,0.8903051018714905,0.9026453495025635,0.913154125213623,0.9107914566993713,0.8816607594490051,0.8721456527709961,3.0
1275,0.0,1.0,1.0,0.0,0.0,0.0,0.0,0.0,1.0,1.0,0.0,1.0,1.0,0.0,0.9124076962471008,0.9209811091423035,0.9089900255203247,0.8999044895172119,0.9110761880874634,0.9161736965179443,0.9021376371383667,0.8918585181236267,0.8933261632919312,0.9064624309539795,0.9161033630371094,0.9112299680709839,0.8817876577377319,0.8743859529495239,4.0
1276,0.0,0.0,0.0,0.0,0.0,0.0,0.0,0.0,0.0,0.0,0.0,1.0,1.0,0.0,0.9114696383476257,0.9177024364471436,0.9048949480056763,0.8960726261138916,0.9089325070381165,0.9147989749908447,0.9031270742416382,0.8931353688240051,0.8949502110481262,0.905813455581665,0.913476288318634,0.9078021049499512,0.8800658583641052,0.8736428618431091,4.0
1277,0.0,0.0,0.0,0.0,0.0,0.0,0.0,0.0,0.0,1.0,1.0,0.0,0.0,0.0,0.9128119945526123,0.9199770092964172,0.9073997139930725,0.8985146284103394,0.9110583662986755,0.9158424139022827,0.9030291438102722,0.8923578262329102,0.8938196301460266,0.9059840440750122,0.914090633392334,0.9082319140434265,0.8801431059837341,0.875558078289032,4.0
1278,0.0,0.0,1.0,1.0,0.0,0.0,1.0,1.0,0.0,0.0,0.0,1.0,1.0,0.0,0.9110480546951294,0.9192308187484741,0.9063385128974915,0.8950554132461548,0.9077637791633606,0.9130801558494568,0.8995542526245117,0.890488862991333,0.8926846981048584,0.9032989740371704,0.9117428660392761,0.907741129398346,0.8791741132736206,0.8720888495445251,2.0
1279,1.0,1.0,0.0,0.0,1.0,1.0,0.0,0.0,1.0,1.0,0.0,1.0,1.0,0.0,0.9123216867446899,0.9211378693580627,0.9088731408119202,0.900594174861908,0.9127472043037415,0.9172982573509216,0.9032633900642395,0.8928388953208923,0.8944454789161682,0.9060332179069519,0.9158293008804321,0.9113080501556396,0.8820123076438904,0.8749991655349731,1.0
1280,1.0,1.0,0.0,0.0,0.0,0.0,0.0,0.0,0.0,0.0,0.0,1.0,1.0,0.0,0.9106432795524597,0.9198151230812073,0.9088647365570068,0.9002357125282288,0.9105666279792786,0.9152747988700867,0.9010908603668213,0.891680121421814,0.8940398693084717,0.9077680110931396,0.9162206053733826,0.9102389216423035,0.8804125785827637,0.8742965459823608,3.0
1281,1.0,1.0,0.0,1.0,1.0,0.0,0.0,0.0,0.0,0.0,0.0,1.0,1.0,0.0,0.910707414150238,0.9211251735687256,0.9113610982894897,0.9028816223144531,0.912693202495575,0.9164090752601624,0.9010334610939026,0.8916604518890381,0.8936843276023865,0.9057961702346802,0.9164960980415344,0.912064254283905,0.8811424374580383,0.8732268214225769,1.0
1282,0.0,1.0,1.0,1.0,0.0,0.0,0.0,0.0,0.0,0.0,0.0,1.0,1.0,0.0,0.9118886590003967,0.9196261167526245,0.9077825546264648,0.8974912762641907,0.907593309879303,0.9124835133552551,0.8999823927879333,0.891567051410675,0.8919647336006165,0.9030023217201233,0.9122300148010254,0.9080458879470825,0.8797190189361572,0.87448650598526,4.0
1283,0.0,0.0,0.0,1.0,1.0,0.0,0.0,0.0,0.0,0.0,0.0,1.0,1.0,0.0,0.9096323847770691,0.9134902954101562,0.9052900671958923,0.9007159471511841,0.9055221676826477,0.9064667224884033,0.8930334448814392,0.8873127698898315,0.8890103101730347,0.9022782444953918,0.91292804479599,0.9119663834571838,0.8833752274513245,0.8761075735092163,0.0
1284,1.0,1.0,0.0,0.0,0.0,0.0,0.0,0.0,0.0,0.0,0.0,0.0,0.0,0.0,0.912816047668457,0.9201743006706238,0.9078574180603027,0.8987269997596741,0.9094657301902771,0.9135861396789551,0.9004209637641907,0.8914030194282532,0.8924083113670349,0.9048516154289246,0.9136021137237549,0.9087216854095459,0.8799580931663513,0.8761002421379089,2.0
1285,1.0,1.0,0.0,0.0,0.0,0.0,0.0,0.0,0.0,0.0,0.0,1.0,1.0,0.0,0.9116663932800293,0.9194863438606262,0.9086654782295227,0.8997310400009155,0.9106467366218567,0.9158397912979126,0.9023723602294922,0.8923789858818054,0.8937262296676636,0.9060735106468201,0.9154127240180969,0.9105638861656189,0.881096601486206,0.875277042388916,1.0
1286,0.0,1.0,1.0,0.0,0.0,0.0,0.0,0.0,0.0,0.0,0.0,1.0,1.0,0.0,0.91130530834198,0.9178609251976013,0.9058489799499512,0.8968358635902405,0.9092882871627808,0.9142530560493469,0.9017748236656189,0.8926733732223511,0.8943012952804565,0.9047200679779053,0.9127282500267029,0.908318042755127,0.8805972337722778,0.8757058382034302,1.0
1287,1.0,1.0,0.0,0.0,0.0,0.0,0.0,0.0,0.0,1.0,1.0,1.0,1.0,0.0,0.9116500616073608,0.9202374815940857,0.9080178141593933,0.8968986868858337,0.9080090522766113,0.9130801558494568,0.9010515809059143,0.8925075531005859,0.8944070339202881,0.9041808843612671,0.9124578237533569,0.9078942537307739,0.880044162273407,0.8760523796081543,0.0
1288,0.0,0.0,0.0,0.0,1.0,1.0,0.0,0.0,0.0,0.0,0.0,1.0,1.0,0.0,0.9110370874404907,0.9187938570976257,0.9062652587890625,0.898338258266449,0.9113861918449402,0.9168624877929688,0.9025440216064453,0.8916751742362976,0.892785370349884,0.9055151343345642,0.9152629971504211,0.9099572896957397,0.8798055648803711,0.871888279914856,1.0
1289,0.0,0.0,0.0,1.0,1.0,0.0,0.0,0.0,0.0,0.0,0.0,1.0,1.0,0.0,0.8952717781066895,0.910154402256012,0.9085513949394226,0.9118137359619141,0.9095564484596252,0.9018679261207581,0.884566605091095,0.8784891963005066,0.8829591274261475,0.8990722298622131,0.9122083783149719,0.9142675995826721,0.879048228263855,0.8583648204803467,2.0
1290,0.0,1.0,1.0,0.0,0.0,0.0,0.0,1.0,1.0,0.0,0.0,0.0,0.0,0.0,0.9114772081375122,0.9186043739318848,0.9068189859390259,0.8966113328933716,0.9082989692687988,0.9131030440330505,0.9005212783813477,0.8916997909545898,0.8942661285400391,0.9040074944496155,0.9122354388237,0.9081131219863892,0.8805491924285889,0.8758311867713928,1.0
1291,0.0,1.0,1.0,0.0,0.0,0.0,0.0,0.0,0.0,0.0,0.0,0.0,0.0,0.0,0.9107666611671448,0.9192817807197571,0.9076782464981079,0.896756649017334,0.9077169299125671,0.912739098072052,0.900405764579773,0.8918355703353882,0.8936907649040222,0.9041574001312256,0.9123439788818359,0.9085788726806641,0.8809217214584351,0.8753066658973694,4.0
1292,0.0,0.0,0.0,1.0,1.0,0.0,0.0,0.0,0.0,0.0,0.0,1.0,1.0,0.0,0.9095870852470398,0.9165771007537842,0.9088861346244812,0.9030904769897461,0.9093176126480103,0.9103454947471619,0.897668182849884,0.8909310698509216,0.8926197290420532,0.9045357704162598,0.9146270155906677,0.9117851853370667,0.8823935985565186,0.8754509687423706,1.0
1293,1.0,1.0,0.0,0.0,0.0,1.0,1.0,1.0,0.0,0.0,0.0,1.0,1.0,0.0,0.9116104245185852,0.918826162815094,0.9051154255867004,0.8967283964157104,0.9116978049278259,0.9155216217041016,0.9024589657783508,0.8920153975486755,0.8930350542068481,0.9038926362991333,0.9115763306617737,0.9046857357025146,0.8769114017486572,0.8741474151611328,0.0
1294,0.0,1.0,1.0,0.0,0.0,0.0,0.0,1.0,1.0,1.0,1.0,1.0,1.0,0.0,0.911560595035553,0.9180083870887756,0.90679931640625,0.8978331685066223,0.9085415601730347,0.9139988422393799,0.9016876816749573,0.8922014236450195,0.8942179679870605,0.905454158782959,0.9135057330131531,0.9090299010276794,0.8817028403282166,0.8774228096008301,4.0
1295,0.0,0.0,1.0,1.0,0.0,0.0,0.0,0.0,0.0,0.0,0.0,0.0,0.0,0.0,0.9124294519424438,0.9180329442024231,0.9072672128677368,0.8989512920379639,0.9073312878608704,0.9114833474159241,0.8996766805648804,0.8919466733932495,0.8938485980033875,0.9063875675201416,0.9142849445343018,0.9101321697235107,0.8823046684265137,0.8782663941383362,1.0
1296,0.0,1.0,1.0,0.0,1.0,1.0,0.0,1.0,1.0,0.0,0.0,1.0,1.0,0.0,0.9118382930755615,0.9200507998466492,0.9081470370292664,0.9001790285110474,0.9126648306846619,0.9176820516586304,0.9034174084663391,0.892785370349884,0.8936037421226501,0.9071158170700073,0.9164286255836487,0.9108341932296753,0.8813596963882446,0.8752955794334412,3.0
1297,1.0,0.0,0.0,0.0,0.0,1.0,1.0,0.0,0.0,0.0,0.0,1.0,1.0,0.0,0.9110473394393921,0.9193547368049622,0.9063544869422913,0.8981205224990845,0.9125567078590393,0.9162179827690125,0.9014183282852173,0.8908157348632812,0.893200159072876,0.9051169157028198,0.9139681458473206,0.9067739248275757,0.8772613406181335,0.8710983991622925,4.0
1298,0.0,1.0,1.0,0.0,0.0,0.0,1.0,1.0,0.0,0.0,0.0,1.0,1.0,0.0,0.9118560552597046,0.9212544560432434,0.9100475311279297,0.9012629985809326,0.9112326502799988,0.9167952537536621,0.903100311756134,0.8928211331367493,0.8940221667289734,0.9073869585990906,0.9172455668449402,0.9123399257659912,0.8826547861099243,0.8753547668457031,2.0
1299,0.0,1.0,1.0,0.0,1.0,1.0,0.0,0.0,0.0,0.0,0.0,0.0,0.0,0.0,0.9112463593482971,0.9174001812934875,0.9045899510383606,0.8947444558143616,0.9082368612289429,0.9124131798744202,0.8997577428817749,0.8911681771278381,0.8938388824462891,0.9041544795036316,0.9116391539573669,0.9059038162231445,0.8782734274864197,0.8746613264083862,2.0
1300,0.0,0.0,0.0,0.0,0.0,1.0,1.0,1.0,0.0,0.0,1.0,1.0,1.0,0.0,0.9126891493797302,0.920052170753479,0.907958447933197,0.8983467817306519,0.9102708101272583,0.9145117998123169,0.9019548892974854,0.8924034237861633,0.8944358825683594,0.9060187339782715,0.9134307503700256,0.9075413346290588,0.8796949982643127,0.8745348453521729,4.0
1301,0.0,1.0,1.0,0.0,0.0,0.0,0.0,0.0,0.0,0.0,0.0,0.0,0.0,0.0,0.9114066958427429,0.9187453389167786,0.9069643020629883,0.8981716632843018,0.9097194671630859,0.9150049686431885,0.9016907215118408,0.8916096687316895,0.893025279045105,0.9044128060340881,0.9137198328971863,0.9098947644233704,0.8809568881988525,0.8741324543952942,1.0
1302,0.0,1.0,1.0,0.0,0.0,0.0,0.0,0.0,0.0,0.0,0.0,0.0,0.0,0.0,0.9120479822158813,0.9192585945129395,0.9070708155632019,0.8976798057556152,0.9090852737426758,0.9140653610229492,0.9018498659133911,0.8925774693489075,0.8946917057037354,0.905697762966156,0.913946807384491,0.909471333026886,0.8815614581108093,0.8760560154914856,2.0
1303,1.0,1.0,0.0,0.0,0.0,1.0,1.0,0.0,0.0,0.0,0.0,1.0,1.0,0.0,0.9090718626976013,0.9141163229942322,0.9040192365646362,0.8975330591201782,0.9055557250976562,0.9093232750892639,0.8959754705429077,0.8879148960113525,0.8896976709365845,0.9013505578041077,0.9110583662986755,0.9096108078956604,0.8813800811767578,0.8732081055641174,1.0
1304,0.0,0.0,0.0,1.0,1.0,0.0,0.0,0.0,0.0,0.0,0.0,1.0,1.0,0.0,0.900862455368042,0.9137238264083862,0.9102035760879517,0.9094491600990295,0.9099774360656738,0.9079070687294006,0.8911155462265015,0.8837139010429382,0.8865664005279541,0.900763988494873,0.9131730198860168,0.9135579466819763,0.8791176080703735,0.8607492446899414,1.0
1305,0.0,0.0,1.0,1.0,0.0,0.0,0.0,0.0,0.0,0.0,0.0,1.0,1.0,0.0,0.9097529053688049,0.917620837688446,0.9051322340965271,0.8988496661186218,0.9133073091506958,0.9187893867492676,0.9049507975578308,0.8930172324180603,0.8942244052886963,0.9073755741119385,0.9169180393218994,0.9105625152587891,0.8803200125694275,0.8738935589790344,3.0
1306,0.0,0.0,0.0,0.0,0.0,0.0,1.0,1.0,0.0,0.0,0.0,1.0,1.0,0.0,0.9103814363479614,0.9199063777923584,0.910752534866333,0.9018165469169617,0.9075150489807129,0.9128929376602173,0.8998540639877319,0.8905251622200012,0.8915588855743408,0.905410647392273,0.9162023067474365,0.913236141204834,0.882647693157196,0.8734443783760071,4.0
1307,0.0,1.0,1.0,1.0,0.0,0.0,0.0,0.0,0.0,0.0,0.0,1.0,1.0,0.0,0.9123427271842957,0.9190143942832947,0.9070215821266174,0.8977211713790894,0.9088636636734009,0.9138213992118835,0.9013383984565735,0.892541766166687,0.8943173289299011,0.9061312675476074,0.9139894247055054,0.9084880352020264,0.8803296089172363,0.8758090734481812,0.0
1308,0.0,1.0,1.0,0.0,0.0,0.0,0.0,0.0,1.0,1.0,0.0,1.0,1.0,0.0,0.9119792580604553,0.9186899065971375,0.9063724875450134,0.8976191282272339,0.9109882116317749,0.9161385297775269,0.9027674198150635,0.8925123810768127,0.893835723400116,0.9053263068199158,0.9137465357780457,0.9088748693466187,0.8805263638496399,0.8757169246673584,1.0
1309,1.0,0.0,0.0,0.0,0.0,0.0,0.0,0.0,0.0,1.0,1.0,0.0,0.0,0.0,0.9125269055366516,0.919751763343811,0.9091819524765015,0.8998082280158997,0.9083272218704224,0.911745548248291,0.8998448848724365,0.8929378390312195,0.8943462371826172,0.9048573970794678,0.9128902554512024,0.9087983965873718,0.8813191652297974,0.8775796294212341,0.0
1310,1.0,0.0,0.0,0.0,0.0,0.0,0.0,0.0,0.0,0.0,0.0,0.0,0.0,0.0,0.9125485420227051,0.9202016592025757,0.9088436961174011,0.8987146615982056,0.9087175726890564,0.9139907360076904,0.9014921188354492,0.8924311399459839,0.8943526148796082,0.9059696197509766,0.9147752523422241,0.9102222919464111,0.8818548321723938,0.8774119019508362,0.0
1311,0.0,0.0,0.0,1.0,1.0,0.0,0.0,0.0,0.0,0.0,0.0,1.0,1.0,0.0,0.9107921719551086,0.920034646987915,0.9064828753471375,0.8971765637397766,0.9124889969825745,0.9180322885513306,0.9029088020324707,0.8918127417564392,0.8932551145553589,0.9053583741188049,0.915397047996521,0.9100100994110107,0.8796068429946899,0.8674534559249878,0.0
1312,0.0,0.0,1.0,1.0,0.0,0.0,0.0,0.0,0.0,0.0,0.0,1.0,1.0,0.0,0.9098336696624756,0.9185807704925537,0.9060226082801819,0.8954440951347351,0.9081209301948547,0.9135807156562805,0.9002688527107239,0.8912716507911682,0.8931159973144531,0.9030141830444336,0.9115106463432312,0.9077907204627991,0.8797194361686707,0.871216356754303,4.0
1313,0.0,0.0,1.0,1.0,0.0,0.0,0.0,0.0,0.0,0.0,0.0,1.0,1.0,0.0,0.9113286733627319,0.9204897284507751,0.9090057611465454,0.8988419771194458,0.9077878594398499,0.9138854146003723,0.9014167785644531,0.8921622037887573,0.8929151296615601,0.9055325388908386,0.915638267993927,0.9124496579170227,0.8831000328063965,0.8743897080421448,2.0
1314,0.0,1.0,1.0,0.0,1.0,1.0,0.0,0.0,0.0,0.0,0.0,0.0,0.0,0.0,0.9084280133247375,0.9143964648246765,0.8968335390090942,0.8886820077896118,0.9095117449760437,0.9139074087142944,0.8992335200309753,0.8877949714660645,0.8879266381263733,0.9001104235649109,0.9088271260261536,0.9015387296676636,0.8720856308937073,0.8681070804595947,2.0
1315,0.0,0.0,0.0,0.0,1.0,1.0,1.0,0.0,0.0,0.0,0.0,0.0,0.0,0.0,0.9113792181015015,0.9189459085464478,0.9077085852622986,0.8976339101791382,0.9064580798149109,0.9113998413085938,0.8987702131271362,0.8906985521316528,0.8925319314002991,0.9043424129486084,0.914069414138794,0.9109333157539368,0.882580578327179,0.8758239150047302,2.0
1316,0.0,0.0,0.0,0.0,1.0,1.0,0.0,0.0,0.0,0.0,0.0,0.0,0.0,0.0,0.9111826419830322,0.920465886592865,0.908439576625824,0.8988227248191833,0.9111901521682739,0.915660560131073,0.9009608626365662,0.8910990953445435,0.8933004140853882,0.9057324528694153,0.9150602221488953,0.9098252654075623,0.8803061246871948,0.87257981300354,2.0
1317,1.0,1.0,0.0,0.0,0.0,1.0,1.0,0.0,0.0,1.0,1.0,1.0,1.0,0.0,0.9107759594917297,0.9167488813400269,0.9051293134689331,0.897010326385498,0.9062854647636414,0.9114504456520081,0.8986235857009888,0.8899519443511963,0.8922682404518127,0.9059436917304993,0.914534330368042,0.9092952609062195,0.8802930116653442,0.8728322386741638,2.0
1318,1.0,1.0,1.0,0.0,0.0,0.0,0.0,0.0,0.0,0.0,0.0,1.0,1.0,0.0,0.9117039442062378,0.9187592267990112,0.9070879817008972,0.8986398577690125,0.9090979099273682,0.9147791266441345,0.9021779894828796,0.8922470808029175,0.8936295509338379,0.9061946868896484,0.9147302508354187,0.9101613163948059,0.8815013766288757,0.874400794506073,2.0
1319,0.0,1.0,1.0,0.0,0.0,0.0,0.0,0.0,0.0,1.0,1.0,0.0,0.0,0.0,0.9125288724899292,0.9201690554618835,0.9076451659202576,0.8993563652038574,0.9118750691413879,0.9167344570159912,0.9029161930084229,0.892455518245697,0.8943077921867371,0.9070444107055664,0.9160903096199036,0.9101293683052063,0.8809521794319153,0.874991774559021,2.0
1320,0.0,0.0,0.0,0.0,0.0,0.0,0.0,0.0,0.0,1.0,1.0,1.0,1.0,0.0,0.9120989441871643,0.9194897413253784,0.9088239669799805,0.8986969590187073,0.9084640741348267,0.9138226509094238,0.9013022184371948,0.8924717307090759,0.8941217064857483,0.9059811234474182,0.9149258136749268,0.9100766777992249,0.881620466709137,0.8773353099822998,0.0
1321,0.0,0.0,1.0,1.0,0.0,0.0,0.0,0.0,0.0,0.0,0.0,1.0,1.0,0.0,0.9101252555847168,0.9201629757881165,0.90731281042099,0.896619975566864,0.9086612462997437,0.9133341312408447,0.8995603322982788,0.8907613754272461,0.8933553099632263,0.9050877690315247,0.9137786626815796,0.9097960591316223,0.8808317184448242,0.8716039061546326,2.0
1322,1.0,1.0,1.0,0.0,0.0,0.0,0.0,0.0,0.0,0.0,0.0,0.0,0.0,0.0,0.9109002351760864,0.9179633259773254,0.9035034775733948,0.894779622554779,0.9114655256271362,0.9153667688369751,0.9026632308959961,0.8922568559646606,0.8921084403991699,0.9023649096488953,0.9101502299308777,0.9032226204872131,0.875709056854248,0.8735493421554565,0.0
1323,1.0,1.0,0.0,0.0,0.0,0.0,0.0,0.0,0.0,0.0,0.0,0.0,0.0,0.0,0.9079778790473938,0.9202235341072083,0.9096111059188843,0.9001813530921936,0.9122646450996399,0.915638267993927,0.8994377255439758,0.8901908993721008,0.8924831748008728,0.9057498574256897,0.9168689250946045,0.9132751226425171,0.8818591833114624,0.8688082695007324,2.0
1324,1.0,1.0,1.0,0.0,0.0,0.0,0.0,0.0,0.0,0.0,0.0,1.0,1.0,0.0,0.9102264642715454,0.9191955327987671,0.9086907505989075,0.9010621905326843,0.9090726375579834,0.9141918420791626,0.9007260799407959,0.8909047842025757,0.8926311135292053,0.9049391150474548,0.9155570864677429,0.9111366271972656,0.8812997937202454,0.8719450831413269,3.0
1325,0.0,0.0,0.0,0.0,1.0,1.0,0.0,0.0,0.0,0.0,0.0,1.0,1.0,0.0,0.9095453023910522,0.9205160140991211,0.9094942212104797,0.9010689854621887,0.9140074849128723,0.9170790314674377,0.90007084608078,0.8908833265304565,0.8937552571296692,0.9061715602874756,0.9164025783538818,0.9108437895774841,0.8795871138572693,0.8702124953269958,4.0
1326,0.0,0.0,0.0,0.0,1.0,1.0,1.0,1.0,0.0,0.0,0.0,1.0,1.0,0.0,0.9116514325141907,0.9200129508972168,0.9083396196365356,0.8991037011146545,0.910632848739624,0.9155426025390625,0.901452898979187,0.8911221027374268,0.8930771946907043,0.9058569073677063,0.9150550365447998,0.9103150963783264,0.8803877830505371,0.8732680678367615,3.0
1327,0.0,0.0,0.0,0.0,1.0,1.0,1.0,1.0,0.0,0.0,0.0,1.0,1.0,0.0,0.9122931957244873,0.9195269346237183,0.9072225689888,0.8980638384819031,0.9098933339118958,0.9146297574043274,0.9012072086334229,0.8916522264480591,0.8942147493362427,0.906519889831543,0.9143698215484619,0.9082368612289429,0.8803244233131409,0.8749435544013977,4.0
1328,0.0,0.0,0.0,0.0,0.0,0.0,1.0,1.0,0.0,0.0,0.0,1.0,1.0,0.0,0.9118281006813049,0.91916823387146,0.9081123471260071,0.8988450169563293,0.9090306758880615,0.9129441380500793,0.9006973505020142,0.8924831748008728,0.8949407339096069,0.9065457582473755,0.9137358665466309,0.9083236455917358,0.8808063864707947,0.8768161535263062,3.0
1329,0.0,0.0,0.0,1.0,1.0,0.0,0.0,0.0,0.0,0.0,0.0,1.0,1.0,0.0,0.8980274200439453,0.9118744134902954,0.9093986749649048,0.9129827618598938,0.9120513796806335,0.9041574001312256,0.8855565786361694,0.8797162175178528,0.8848744630813599,0.9006973505020142,0.9137439727783203,0.9164103865623474,0.8815350532531738,0.8616974949836731,3.0
1330,0.0,0.0,1.0,1.0,0.0,0.0,0.0,0.0,0.0,0.0,0.0,1.0,1.0,0.0,0.9120112061500549,0.9202293157577515,0.9086084961891174,0.9002666473388672,0.9112107753753662,0.9163766503334045,0.9027659893035889,0.8923041224479675,0.8934489488601685,0.9066577553749084,0.9158815741539001,0.9107789993286133,0.8816196322441101,0.8754546046257019,2.0
1331,1.0,1.0,0.0,0.0,0.0,0.0,0.0,0.0,0.0,0.0,0.0,1.0,1.0,0.0,0.912015974521637,0.9176778793334961,0.9072122573852539,0.8990190029144287,0.9064163565635681,0.9102194309234619,0.896557092666626,0.8893795013427734,0.8922225832939148,0.9054861068725586,0.9144096970558167,0.9097926020622253,0.8813066482543945,0.8773133754730225,3.0
1332,0.0,0.0,0.0,0.0,1.0,1.0,0.0,0.0,0.0,0.0,0.0,1.0,1.0,0.0,0.9111859798431396,0.9171621203422546,0.905903160572052,0.8990471363067627,0.907035768032074,0.9106963276863098,0.8973078727722168,0.8894961476325989,0.891457200050354,0.9048924446105957,0.9144389033317566,0.909674882888794,0.880369246006012,0.8752585053443909,2.0
1333,1.0,1.0,0.0,0.0,0.0,1.0,1.0,1.0,0.0,0.0,0.0,1.0,1.0,0.0,0.9102001190185547,0.9184992909431458,0.9046337604522705,0.8955845236778259,0.9106066823005676,0.9144959449768066,0.9010108113288879,0.8910463452339172,0.8909410238265991,0.9019308686256409,0.9103192090988159,0.9040706753730774,0.8753249049186707,0.8706255555152893,0.0
1334,0.0,0.0,1.0,1.0,0.0,0.0,0.0,0.0,0.0,0.0,0.0,1.0,1.0,1.0,0.9099312424659729,0.9172857999801636,0.9014341235160828,0.892889142036438,0.9118478298187256,0.9154495000839233,0.9007821679115295,0.8901659846305847,0.8908239603042603,0.901332437992096,0.9093986749649048,0.9022341966629028,0.8734891414642334,0.8675003051757812,0.0
1335,0.0,1.0,1.0,0.0,0.0,0.0,0.0,0.0,0.0,0.0,0.0,1.0,1.0,0.0,0.9111143350601196,0.917153000831604,0.9032233953475952,0.8952686190605164,0.9105610847473145,0.9159364104270935,0.9030365347862244,0.892520546913147,0.8944934606552124,0.905401885509491,0.9136396646499634,0.9079283475875854,0.8796489834785461,0.873050332069397,3.0
1336,0.0,0.0,0.0,0.0,0.0,1.0,1.0,1.0,0.0,0.0,1.0,1.0,1.0,0.0,0.9113697409629822,0.9183939099311829,0.9045409560203552,0.8961271047592163,0.9115216732025146,0.9158749580383301,0.9004559516906738,0.889915406703949,0.8923496603965759,0.9031033515930176,0.9120506644248962,0.9071429967880249,0.8774992227554321,0.870151162147522,1.0
1337,0.0,0.0,0.0,0.0,0.0,0.0,1.0,1.0,0.0,0.0,0.0,1.0,1.0,0.0,0.9105846285820007,0.9193311333656311,0.9082820415496826,0.9002870917320251,0.9101433157920837,0.9157429933547974,0.9014409184455872,0.890917956829071,0.8927416205406189,0.9053292870521545,0.9155648946762085,0.9107046723365784,0.8798113465309143,0.8707477450370789,1.0
1338,0.0,0.0,1.0,1.0,0.0,0.0,0.0,0.0,0.0,0.0,0.0,1.0,1.0,1.0,0.9058482050895691,0.9135934710502625,0.9014604687690735,0.8964926600456238,0.9077425003051758,0.9129198789596558,0.8985154032707214,0.8877460360527039,0.8887406587600708,0.9013896584510803,0.9112257957458496,0.9072628617286682,0.8751534819602966,0.8587251901626587,0.0
1339,0.0,1.0,1.0,0.0,0.0,0.0,0.0,0.0,0.0,0.0,0.0,1.0,1.0,0.0,0.9113286733627319,0.9185119271278381,0.9065579175949097,0.896149218082428,0.9067838788032532,0.9114149212837219,0.8983250856399536,0.890718400478363,0.8940349817276001,0.9040634036064148,0.9118110537528992,0.9070701003074646,0.8797732591629028,0.8752585053443909,3.0
1340,1.0,1.0,0.0,0.0,0.0,0.0,0.0,0.0,0.0,0.0,0.0,1.0,1.0,0.0,0.9074752926826477,0.9117510318756104,0.9027109146118164,0.898851215839386,0.9033125042915344,0.9047843813896179,0.8909772634506226,0.8846669793128967,0.8876091837882996,0.9010122418403625,0.9110803008079529,0.9097918272018433,0.8807252645492554,0.8680837750434875,2.0
1341,0.0,1.0,1.0,0.0,0.0,0.0,0.0,0.0,0.0,0.0,0.0,1.0,1.0,0.0,0.911745548248291,0.9189407825469971,0.9089563488960266,0.9008768796920776,0.9092994928359985,0.912175714969635,0.9000677466392517,0.892119824886322,0.8937552571296692,0.9055412411689758,0.914245069026947,0.9099587202072144,0.88144451379776,0.8774446845054626,1.0
1342,0.0,0.0,0.0,1.0,1.0,0.0,0.0,0.0,0.0,0.0,0.0,1.0,1.0,0.0,0.9124069809913635,0.9194430112838745,0.9066426753997803,0.8971068859100342,0.9101752042770386,0.9158906936645508,0.9023410081863403,0.8923203349113464,0.8939032554626465,0.9054802656173706,0.9142130613327026,0.9089731574058533,0.8804876208305359,0.8736578822135925,2.0
1343,1.0,1.0,0.0,0.0,0.0,0.0,0.0,0.0,0.0,0.0,0.0,0.0,0.0,0.0,0.9119792580604553,0.9190830588340759,0.9086429476737976,0.8989736437797546,0.9069386124610901,0.9117796421051025,0.8990383148193359,0.8909953236579895,0.8929216861724854,0.9057585000991821,0.9154311418533325,0.9114258885383606,0.8827794194221497,0.8787224888801575,3.0
1344,0.0,1.0,1.0,0.0,0.0,0.0,0.0,0.0,0.0,0.0,0.0,0.0,0.0,0.0,0.9110026359558105,0.920097827911377,0.9067023396492004,0.8968146443367004,0.9116432070732117,0.9164519309997559,0.9021106362342834,0.8916997909545898,0.8929831981658936,0.9043218493461609,0.9131648540496826,0.907101571559906,0.8780196905136108,0.8710146546363831,0.0
1345,0.0,1.0,1.0,0.0,1.0,1.0,1.0,1.0,0.0,1.0,1.0,1.0,1.0,0.0,0.9079155921936035,0.9176070690155029,0.9071837067604065,0.9014381170272827,0.9106652736663818,0.9156160950660706,0.9023828506469727,0.8915227651596069,0.8928113579750061,0.9067294001579285,0.9161164164543152,0.9100850820541382,0.8790419101715088,0.8713495135307312,3.0
1346,1.0,1.0,0.0,0.0,0.0,1.0,1.0,1.0,0.0,0.0,1.0,1.0,1.0,0.0,0.9116179347038269,0.9190815687179565,0.9060454368591309,0.8981321454048157,0.910370409488678,0.9170871376991272,0.9053409099578857,0.8940237760543823,0.8952495455741882,0.9080769419670105,0.9161190390586853,0.9095327854156494,0.8802953958511353,0.8737439513206482,4.0
1347,1.0,1.0,0.0,0.0,0.0,0.0,0.0,0.0,0.0,0.0,0.0,1.0,1.0,0.0,0.9116452932357788,0.9183654189109802,0.9074687957763672,0.8977389931678772,0.9065701961517334,0.9109703898429871,0.8989644050598145,0.8915867209434509,0.8934521675109863,0.9032189249992371,0.9122897386550903,0.9091189503669739,0.8824137449264526,0.8772878646850586,1.0
1348,0.0,1.0,1.0,1.0,0.0,0.0,0.0,0.0,0.0,0.0,0.0,1.0,1.0,0.0,0.9113039970397949,0.9143562912940979,0.9042118191719055,0.8968530893325806,0.9036493897438049,0.9072229266166687,0.8946054577827454,0.8885158896446228,0.8912026286125183,0.9025499820709229,0.9119745492935181,0.9104782938957214,0.8835896849632263,0.8807708024978638,4.0
1349,0.0,0.0,0.0,1.0,1.0,0.0,0.0,0.0,0.0,0.0,0.0,1.0,1.0,0.0,0.8958268761634827,0.9110033512115479,0.9091483354568481,0.9123755693435669,0.9110345244407654,0.9040398001670837,0.8858740329742432,0.8791860938072205,0.8835168480873108,0.8984241485595703,0.9116309285163879,0.9141678214073181,0.8785796165466309,0.8566599488258362,1.0
1350,0.0,0.0,1.0,1.0,0.0,0.0,0.0,0.0,0.0,0.0,0.0,1.0,1.0,0.0,0.9109882116317749,0.9170501232147217,0.9033951759338379,0.8961207866668701,0.9111571907997131,0.9161398410797119,0.9027897715568542,0.8922828435897827,0.8938677906990051,0.905337929725647,0.9131299257278442,0.9069457650184631,0.8786126375198364,0.8729488253593445,3.0
1351,0.0,1.0,1.0,1.0,0.0,0.0,0.0,0.0,0.0,0.0,0.0,1.0,1.0,0.0,0.9100891947746277,0.9158524870872498,0.904910683631897,0.8969875574111938,0.9071058034896851,0.9119146466255188,0.898794949054718,0.889991819858551,0.8915081024169922,0.9028359055519104,0.9121730327606201,0.9089801907539368,0.881122350692749,0.873440682888031,1.0
1352,0.0,0.0,0.0,0.0,1.0,1.0,0.0,1.0,1.0,0.0,0.0,1.0,1.0,0.0,0.9089974164962769,0.9151961207389832,0.9020617008209229,0.8926384449005127,0.9058091640472412,0.9111997485160828,0.8977724313735962,0.889130711555481,0.8921312093734741,0.9014710187911987,0.9096860289573669,0.9074937105178833,0.8800396919250488,0.8686032295227051,2.0
1353,1.0,1.0,0.0,0.0,0.0,0.0,0.0,0.0,0.0,0.0,0.0,0.0,0.0,0.0,0.9101606011390686,0.9198442697525024,0.909187912940979,0.9017429351806641,0.9120004177093506,0.9164454340934753,0.9019609093666077,0.8917946815490723,0.8942083716392517,0.9079495668411255,0.9170238971710205,0.9111558198928833,0.8807799220085144,0.8755137324333191,3.0
1354,0.0,0.0,0.0,0.0,1.0,1.0,0.0,0.0,0.0,0.0,0.0,0.0,0.0,0.0,0.9103856086730957,0.920555591583252,0.9087505340576172,0.8995102047920227,0.9112025499343872,0.9169917106628418,0.9022603034973145,0.8919222354888916,0.8929994106292725,0.905691921710968,0.9169077277183533,0.9117305874824524,0.8812931180000305,0.8728998899459839,4.0
1355,0.0,0.0,0.0,1.0,1.0,0.0,0.0,0.0,0.0,0.0,0.0,1.0,1.0,0.0,0.897682249546051,0.9096971750259399,0.9077211618423462,0.909428060054779,0.9068361520767212,0.9027615189552307,0.8870684504508972,0.8809521794319153,0.8828310966491699,0.8980802297592163,0.9106453061103821,0.9125904440879822,0.8779433965682983,0.8554775714874268,2.0
1356,0.0,0.0,0.0,1.0,1.0,0.0,0.0,0.0,0.0,0.0,0.0,1.0,1.0,0.0,0.911292314529419,0.918580174446106,0.9052867293357849,0.8975450992584229,0.9118274450302124,0.9165194034576416,0.9023499488830566,0.8919647336006165,0.8936940431594849,0.9063588976860046,0.914687991142273,0.9080132842063904,0.8795143365859985,0.8745720386505127,2.0
1357,0.0,0.0,0.0,1.0,1.0,0.0,0.0,0.0,0.0,0.0,0.0,1.0,1.0,0.0,0.897668182849884,0.9100322127342224,0.9074495434761047,0.9100523591041565,0.90729820728302,0.9014137983322144,0.8856321573257446,0.8802570104598999,0.8831709027290344,0.8984488844871521,0.9110611081123352,0.9130868911743164,0.8790625929832458,0.8584122657775879,2.0
1358,1.0,1.0,0.0,0.0,0.0,0.0,0.0,0.0,0.0,0.0,0.0,0.0,0.0,0.0,0.9092326760292053,0.9163988828659058,0.9059247970581055,0.8983049392700195,0.9068712592124939,0.9113833904266357,0.8980615735054016,0.8890938758850098,0.8907299637794495,0.9020478129386902,0.9123494625091553,0.9100184440612793,0.8812634944915771,0.8714178204536438,3.0
1359,0.0,0.0,0.0,0.0,0.0,0.0,0.0,0.0,0.0,0.0,0.0,1.0,1.0,0.0,0.9115380048751831,0.920610249042511,0.9090092182159424,0.9002125263214111,0.9115380048751831,0.916454553604126,0.9022901654243469,0.8922682404518127,0.8934295773506165,0.9064594507217407,0.9160851240158081,0.9102763533592224,0.8809826970100403,0.8755174875259399,2.0
1360,0.0,0.0,0.0,0.0,1.0,1.0,0.0,0.0,0.0,1.0,1.0,1.0,1.0,0.0,0.9101959466934204,0.9168553948402405,0.9083007574081421,0.9015756845474243,0.9095739126205444,0.9113368988037109,0.8989028334617615,0.892052948474884,0.8947077393531799,0.9060388803482056,0.9140560626983643,0.909641444683075,0.8815485835075378,0.8770138025283813,0.0
1361,0.0,0.0,0.0,0.0,1.0,1.0,1.0,1.0,0.0,0.0,0.0,1.0,1.0,0.0,0.9121778011322021,0.9207754731178284,0.9091336727142334,0.9004886150360107,0.9115366339683533,0.9169942140579224,0.9033197164535522,0.8927496671676636,0.8943398594856262,0.9074581265449524,0.9163376092910767,0.9108079671859741,0.8816691040992737,0.8761737942695618,2.0
1362,1.0,1.0,0.0,0.0,0.0,0.0,0.0,0.0,0.0,0.0,0.0,1.0,1.0,0.0,0.9075207114219666,0.9174718260765076,0.9088847041130066,0.9029029607772827,0.9092015624046326,0.9133099913597107,0.8984551429748535,0.8887038230895996,0.8905830383300781,0.9046440720558167,0.9156147837638855,0.9119118452072144,0.8789255619049072,0.864521861076355,0.0
1363,0.0,0.0,0.0,0.0,0.0,1.0,1.0,0.0,0.0,0.0,1.0,1.0,1.0,0.0,0.9114887714385986,0.9193406105041504,0.9099566340446472,0.900286078453064,0.9078190922737122,0.912900984287262,0.8999090194702148,0.8911451101303101,0.8926846981048584,0.9057961702346802,0.915320873260498,0.9121214151382446,0.8826942443847656,0.8766475319862366,4.0
1364,0.0,1.0,1.0,0.0,0.0,0.0,1.0,1.0,0.0,0.0,0.0,1.0,1.0,0.0,0.9099253416061401,0.9193563461303711,0.9068729281425476,0.8953385949134827,0.9070172309875488,0.9116418361663818,0.8986066579818726,0.8903183341026306,0.8913094401359558,0.9014378786087036,0.9101252555847168,0.9058142304420471,0.8771352767944336,0.8715621829032898,2.0
1365,0.0,0.0,0.0,0.0,0.0,1.0,1.0,0.0,0.0,0.0,1.0,1.0,0.0,0.0,0.9097092151641846,0.9150362014770508,0.9047084450721741,0.8983816504478455,0.9029288291931152,0.9057643413543701,0.8916949033737183,0.8859460949897766,0.8887189030647278,0.9028685688972473,0.9117074012756348,0.9075391888618469,0.8791128396987915,0.8716874122619629,3.0
1366,0.0,0.0,1.0,1.0,0.0,0.0,0.0,0.0,0.0,0.0,0.0,1.0,1.0,0.0,0.9115769267082214,0.9211214780807495,0.9096387028694153,0.9013301730155945,0.911864161491394,0.9175346493721008,0.9042279720306396,0.8935537934303284,0.8935877084732056,0.906344473361969,0.9168922901153564,0.9123182892799377,0.8824130892753601,0.8741622567176819,1.0
1367,0.0,0.0,0.0,0.0,1.0,1.0,0.0,0.0,0.0,1.0,1.0,1.0,1.0,0.0,0.911841094493866,0.9199121594429016,0.9089341759681702,0.8993165493011475,0.9086583852767944,0.9139748215675354,0.9007276296615601,0.8916162252426147,0.8929913640022278,0.9060071706771851,0.9155308604240417,0.9107267260551453,0.881686806678772,0.8759123086929321,4.0
1368,0.0,0.0,1.0,1.0,0.0,0.0,0.0,0.0,0.0,0.0,0.0,1.0,1.0,0.0,0.9096721410751343,0.919697642326355,0.9078460335731506,0.8974983096122742,0.9114327430725098,0.9151103496551514,0.9000387787818909,0.8905549049377441,0.8922812342643738,0.903328537940979,0.9123684167861938,0.9067631363868713,0.8767119646072388,0.8697214722633362,1.0
1369,1.0,1.0,0.0,0.0,1.0,1.0,0.0,0.0,0.0,0.0,0.0,0.0,0.0,0.0,0.911686897277832,0.9192278981208801,0.9074267745018005,0.8981809616088867,0.9085978865623474,0.9140959978103638,0.9003328084945679,0.8904557824134827,0.8921312093734741,0.9044391512870789,0.9136878252029419,0.9104437232017517,0.8814411759376526,0.8726136684417725,4.0
1370,0.0,0.0,0.0,0.0,0.0,1.0,1.0,1.0,0.0,0.0,1.0,1.0,1.0,0.0,0.9105846285820007,0.9197338223457336,0.9083462953567505,0.9011324644088745,0.9117974042892456,0.9172558188438416,0.9036582708358765,0.8929524421691895,0.8939932584762573,0.9070243835449219,0.9164778590202332,0.9106701612472534,0.8805631399154663,0.8723609447479248,0.0
1371,0.0,0.0,1.0,1.0,0.0,0.0,0.0,0.0,0.0,0.0,0.0,1.0,1.0,0.0,0.9092575311660767,0.9192666411399841,0.9085344076156616,0.9012298583984375,0.9123101830482483,0.9173600077629089,0.9034380912780762,0.8920708894729614,0.8929086327552795,0.906895637512207,0.9179633259773254,0.9129185676574707,0.8819717764854431,0.8756172060966492,3.0
1372,0.0,0.0,1.0,1.0,1.0,1.0,0.0,0.0,0.0,0.0,0.0,1.0,1.0,0.0,0.9116398096084595,0.9145828485488892,0.904291033744812,0.8971100449562073,0.9033070802688599,0.9073869585990906,0.8942163586616516,0.889225959777832,0.8914276361465454,0.9040634036064148,0.9126850366592407,0.9096025228500366,0.882667601108551,0.877448320388794,2.0
1373,0.0,0.0,1.0,1.0,0.0,0.0,1.0,1.0,0.0,0.0,0.0,1.0,1.0,0.0,0.9119541049003601,0.9207575917243958,0.9095341563224792,0.8994284868240356,0.9097960591316223,0.914340615272522,0.9013655185699463,0.891927182674408,0.8934973478317261,0.9053786993026733,0.9145449995994568,0.9097849130630493,0.8813847303390503,0.875982403755188,3.0
1374,1.0,1.0,1.0,0.0,0.0,0.0,0.0,0.0,0.0,0.0,0.0,1.0,1.0,0.0,0.9109112620353699,0.9197216033935547,0.9075193405151367,0.8992297649383545,0.9116800427436829,0.9169348478317261,0.9027570486068726,0.8922502994537354,0.8934004902839661,0.9058482050895691,0.9151761531829834,0.9096539616584778,0.8796976804733276,0.8722703456878662,0.0
1375,1.0,1.0,1.0,1.0,0.0,0.0,0.0,0.0,0.0,0.0,0.0,1.0,1.0,0.0,0.9101821184158325,0.9204011559486389,0.9086334109306335,0.898348331451416,0.9094992280006409,0.9134722948074341,0.8989213109016418,0.8900482654571533,0.8921377658843994,0.9042748808860779,0.9145104885101318,0.9098474383354187,0.878828763961792,0.8713799118995667,2.0
1376,0.0,0.0,0.0,0.0,0.0,0.0,0.0,0.0,0.0,1.0,1.0,0.0,0.0,0.0,0.909063994884491,0.9170376062393188,0.9063940644264221,0.8990313410758972,0.9058778285980225,0.9115092754364014,0.8987085223197937,0.8891323208808899,0.8906623721122742,0.9046148061752319,0.9147725701332092,0.909623384475708,0.8788384795188904,0.8693367838859558,2.0
1377,0.0,0.0,0.0,0.0,0.0,0.0,1.0,1.0,0.0,0.0,0.0,1.0,1.0,0.0,0.9120064377784729,0.9183986186981201,0.9040104150772095,0.8975435495376587,0.9136596322059631,0.9177499413490295,0.9034114480018616,0.8923512697219849,0.8936134576797485,0.9045884609222412,0.9137038588523865,0.9070186018943787,0.8787081837654114,0.8737739324569702,1.0
1378,0.0,1.0,1.0,0.0,0.0,0.0,0.0,0.0,0.0,0.0,0.0,1.0,1.0,0.0,0.912115216255188,0.9212031960487366,0.909355103969574,0.9007238745689392,0.9121811985969543,0.9177742600440979,0.9046733379364014,0.8937245607376099,0.8948896527290344,0.9072785973548889,0.9167836308479309,0.9110432267189026,0.8816044926643372,0.8750140070915222,0.0
1379,1.0,0.0,0.0,0.0,0.0,0.0,0.0,0.0,0.0,0.0,0.0,0.0,0.0,0.0,0.9117087721824646,0.9195629358291626,0.908462643623352,0.8996660113334656,0.9093526601791382,0.9144494533538818,0.9015147089958191,0.8918159604072571,0.8932098746299744,0.9063531160354614,0.9155046343803406,0.9107115864753723,0.8812524080276489,0.8741697669029236,0.0
1380,0.0,0.0,0.0,1.0,1.0,0.0,0.0,0.0,0.0,0.0,0.0,1.0,1.0,0.0,0.9102513790130615,0.9169771671295166,0.9091819524765015,0.9023653268814087,0.9079800844192505,0.9098600149154663,0.8973937630653381,0.8905053734779358,0.8924115896224976,0.9044684767723083,0.9143804907798767,0.9118983149528503,0.8829291462898254,0.8765118718147278,0.0
1381,0.0,0.0,0.0,0.0,1.0,1.0,1.0,1.0,0.0,0.0,0.0,1.0,1.0,0.0,0.9117613434791565,0.9200054407119751,0.9075285792350769,0.8970999121665955,0.9096052646636963,0.914932370185852,0.9020388126373291,0.8923773765563965,0.893916130065918,0.9048516154289246,0.9134172797203064,0.9079383015632629,0.8795968890190125,0.8737701773643494,0.0
1382,1.0,0.0,0.0,0.0,0.0,0.0,0.0,0.0,0.0,0.0,0.0,1.0,1.0,0.0,0.9115735292434692,0.9188792109489441,0.9072151184082031,0.8972989320755005,0.9085415601730347,0.913844108581543,0.9002019166946411,0.8908058404922485,0.8929669857025146,0.9049800038337708,0.9144150018692017,0.9097751379013062,0.8807792067527771,0.8733881711959839,0.0
1383,1.0,1.0,0.0,0.0,0.0,0.0,0.0,0.0,0.0,0.0,0.0,0.0,0.0,0.0,0.9124496579170227,0.9195857048034668,0.9087357521057129,0.8998517394065857,0.9080132842063904,0.9132455587387085,0.9006032943725586,0.8916751742362976,0.893005907535553,0.9061081409454346,0.9154443144798279,0.911085844039917,0.8825019598007202,0.877181887626648,0.0
1384,1.0,0.0,0.0,0.0,0.0,0.0,0.0,0.0,0.0,0.0,0.0,1.0,1.0,0.0,0.911056637763977,0.917161762714386,0.9055484533309937,0.89736407995224,0.9075364470481873,0.9124484062194824,0.8985169529914856,0.8900034427642822,0.8920724987983704,0.9037128686904907,0.9124090671539307,0.9085556268692017,0.8803748488426208,0.8724477887153625,3.0
1385,0.0,1.0,1.0,0.0,0.0,0.0,0.0,0.0,0.0,0.0,0.0,1.0,1.0,0.0,0.9118416905403137,0.9198495149612427,0.9080646634101868,0.900265097618103,0.9118014574050903,0.9162297248840332,0.9031033515930176,0.8927757143974304,0.8936843276023865,0.9062466025352478,0.9151446223258972,0.9096289277076721,0.8810604214668274,0.8763099312782288,1.0
1386,0.0,0.0,0.0,0.0,0.0,0.0,0.0,0.0,0.0,1.0,1.0,1.0,1.0,0.0,0.9098711609840393,0.9185386300086975,0.9069188833236694,0.8996571898460388,0.9115489721298218,0.916945219039917,0.903845489025116,0.8929702639579773,0.893377959728241,0.9063358902931213,0.9147964119911194,0.9092127680778503,0.8790878653526306,0.872255265712738,0.0
1387,0.0,1.0,1.0,0.0,1.0,1.0,0.0,0.0,0.0,1.0,1.0,1.0,1.0,0.0,0.9093357920646667,0.9202114343643188,0.9074330925941467,0.8980040550231934,0.9134950637817383,0.9164798855781555,0.8989628553390503,0.889875590801239,0.892541766166687,0.9049800038337708,0.9142928719520569,0.9088236689567566,0.8783423900604248,0.8690630793571472,2.0
1388,0.0,1.0,1.0,0.0,0.0,0.0,0.0,0.0,0.0,0.0,0.0,1.0,1.0,0.0,0.9100218415260315,0.9167503714561462,0.9043520092964172,0.8977211713790894,0.911280632019043,0.9166218638420105,0.9027421474456787,0.8915408849716187,0.8930609226226807,0.905454158782959,0.9136610627174377,0.9084696769714355,0.8787237405776978,0.871888279914856,3.0
1389,0.0,1.0,1.0,0.0,0.0,0.0,0.0,0.0,0.0,1.0,1.0,1.0,1.0,0.0,0.9107624888420105,0.9194473028182983,0.9070786237716675,0.8974156379699707,0.911565363407135,0.9153996706008911,0.901398777961731,0.8916539549827576,0.8928113579750061,0.9040604829788208,0.9125769138336182,0.9067401885986328,0.8784680962562561,0.8739383220672607,1.0
1390,0.0,1.0,1.0,0.0,1.0,1.0,0.0,0.0,0.0,1.0,1.0,1.0,1.0,0.0,0.91229248046875,0.919887125492096,0.9066160917282104,0.8971108198165894,0.9109112620353699,0.9157822728157043,0.9029518961906433,0.892505943775177,0.8939418196678162,0.9052681922912598,0.9130411148071289,0.9072985053062439,0.8797295093536377,0.8745868802070618,4.0
1391,0.0,0.0,0.0,0.0,0.0,0.0,1.0,1.0,0.0,0.0,0.0,1.0,1.0,0.0,0.9110397696495056,0.9185847640037537,0.9067953824996948,0.8992036581039429,0.9103496670722961,0.916315495967865,0.9039618968963623,0.8930318355560303,0.8944582939147949,0.9072015881538391,0.9158318638801575,0.9095230102539062,0.8800777196884155,0.8732906579971313,0.0
1392,0.0,0.0,0.0,0.0,1.0,1.0,0.0,0.0,0.0,1.0,1.0,1.0,1.0,0.0,0.9111195206642151,0.9185057878494263,0.9068083167076111,0.8986212611198425,0.9087569117546082,0.9133180379867554,0.9010863900184631,0.8921785354614258,0.8941121101379395,0.9068726897239685,0.9144813418388367,0.9085612297058105,0.8802520036697388,0.8748618960380554,3.0
1393,1.0,1.0,1.0,0.0,0.0,0.0,0.0,1.0,1.0,0.0,0.0,0.0,0.0,0.0,0.9054311513900757,0.9113484621047974,0.8994653224945068,0.8932477831840515,0.905522346496582,0.9103164672851562,0.8951604962348938,0.88588947057724,0.887509286403656,0.8966530561447144,0.9067122340202332,0.9072015881538391,0.8785154223442078,0.8638891577720642,1.0
1394,0.0,0.0,1.0,1.0,0.0,0.0,0.0,0.0,0.0,0.0,1.0,1.0,1.0,0.0,0.9115681052207947,0.9190837740898132,0.9059164524078369,0.8961365818977356,0.9095814824104309,0.9147302508354187,0.9033182263374329,0.8939128518104553,0.8953703045845032,0.9054280519485474,0.9130761027336121,0.9076409339904785,0.8802355527877808,0.8775504231452942,0.0
1395,0.0,1.0,1.0,0.0,0.0,0.0,0.0,1.0,1.0,0.0,0.0,1.0,1.0,0.0,0.9121030569076538,0.9198477864265442,0.9071375727653503,0.8969432711601257,0.9098697900772095,0.9139654636383057,0.9016545414924622,0.8924213647842407,0.8934295773506165,0.9035947918891907,0.9115134477615356,0.9058843851089478,0.8783986568450928,0.8744715452194214,1.0
1396,0.0,0.0,0.0,0.0,0.0,1.0,1.0,1.0,0.0,0.0,1.0,1.0,1.0,0.0,0.9119268655776978,0.919096052646637,0.9086717963218689,0.9001713991165161,0.9075663089752197,0.9122748374938965,0.8991244435310364,0.891228973865509,0.8931612372398376,0.9065141081809998,0.9150233864784241,0.9098079204559326,0.8810100555419922,0.8760339021682739,3.0
1397,0.0,0.0,0.0,0.0,0.0,0.0,1.0,1.0,0.0,0.0,0.0,1.0,1.0,0.0,0.91166090965271,0.9192035794258118,0.9073384404182434,0.8980972170829773,0.9099655747413635,0.9139401912689209,0.9008185863494873,0.8913210034370422,0.8930869102478027,0.9047990441322327,0.9127525687217712,0.9072557091712952,0.8783941864967346,0.8749213218688965,3.0
1398,0.0,0.0,0.0,0.0,0.0,0.0,0.0,1.0,1.0,0.0,0.0,0.0,0.0,0.0,0.9110552668571472,0.9169392585754395,0.9048464298248291,0.8967047929763794,0.9079169631004333,0.9130949378013611,0.900210976600647,0.8908108472824097,0.8933843970298767,0.9056832790374756,0.9139041304588318,0.9094140529632568,0.8808459639549255,0.8732568025588989,2.0
1399,0.0,0.0,0.0,0.0,0.0,0.0,0.0,0.0,0.0,1.0,1.0,1.0,1.0,0.0,0.9107497334480286,0.9165791869163513,0.9020500183105469,0.8929864764213562,0.9088538289070129,0.9141146540641785,0.9022527933120728,0.892772376537323,0.8945638537406921,0.9044508337974548,0.9107528924942017,0.9042873382568359,0.8780107498168945,0.8709536194801331,4.0
1400,0.0,0.0,0.0,1.0,1.0,0.0,0.0,0.0,0.0,0.0,0.0,1.0,1.0,0.0,0.900259792804718,0.9106977581977844,0.907202959060669,0.9083508253097534,0.9075937867164612,0.9033685326576233,0.8877781629562378,0.8817005157470703,0.8845682740211487,0.8995020985603333,0.9115161299705505,0.9131715893745422,0.8795367479324341,0.8609806895256042,4.0
1401,0.0,0.0,1.0,1.0,0.0,0.0,0.0,0.0,0.0,0.0,0.0,0.0,0.0,0.0,0.9114459753036499,0.9185588955879211,0.9043750166893005,0.8944535255432129,0.9101349115371704,0.9142277240753174,0.9013595581054688,0.8915506601333618,0.8907167315483093,0.9012811183929443,0.9099364876747131,0.9036862850189209,0.8753899335861206,0.8699058294296265,1.0
1402,1.0,1.0,1.0,1.0,0.0,0.0,0.0,0.0,0.0,0.0,0.0,1.0,1.0,0.0,0.9107336401939392,0.9196584224700928,0.9090278148651123,0.9006453156471252,0.909990668296814,0.9155190587043762,0.9019533395767212,0.8920088410377502,0.8934586048126221,0.9069100022315979,0.9168198108673096,0.9111791849136353,0.8813446164131165,0.876063346862793,2.0
1403,1.0,1.0,0.0,0.0,1.0,1.0,0.0,0.0,0.0,0.0,0.0,1.0,1.0,0.0,0.9126074314117432,0.9201822876930237,0.9078304767608643,0.8984643816947937,0.910722553730011,0.915660560131073,0.9026662111282349,0.8924815654754639,0.894624650478363,0.9064508676528931,0.9147117137908936,0.9090937376022339,0.880781888961792,0.8757501244544983,2.0
1404,0.0,0.0,0.0,1.0,1.0,0.0,0.0,0.0,0.0,0.0,0.0,0.0,0.0,0.0,0.9115858674049377,0.9202226400375366,0.909322202205658,0.8998556137084961,0.9101516008377075,0.915420651435852,0.9015282988548279,0.8919304013252258,0.8931742906570435,0.9054193496704102,0.9157900810241699,0.9113697409629822,0.8816208839416504,0.8738300204277039,1.0
1405,0.0,0.0,0.0,0.0,0.0,0.0,0.0,0.0,0.0,0.0,0.0,1.0,1.0,0.0,0.9094196557998657,0.920532763004303,0.9087937474250793,0.8977444767951965,0.9088833332061768,0.9150497913360596,0.9020957350730896,0.89162278175354,0.8925352096557617,0.9050703048706055,0.9156015515327454,0.9115886092185974,0.8811361193656921,0.8706675171852112,0.0
1406,1.0,1.0,0.0,1.0,1.0,0.0,0.0,0.0,0.0,0.0,0.0,1.0,1.0,0.0,0.9110803008079529,0.9189891219139099,0.9071136713027954,0.89795982837677,0.9098058342933655,0.915093183517456,0.9012629985809326,0.8911369442939758,0.8928259611129761,0.9041897654533386,0.9142503142356873,0.9101724624633789,0.8808357119560242,0.8715735673904419,1.0
1407,1.0,0.0,0.0,0.0,0.0,1.0,1.0,1.0,0.0,0.0,0.0,1.0,1.0,0.0,0.9088159203529358,0.9180846214294434,0.9048025608062744,0.8935247659683228,0.9085937142372131,0.9133730530738831,0.8991460204124451,0.8891524076461792,0.8905847072601318,0.9010122418403625,0.9091917872428894,0.9031885862350464,0.8745521306991577,0.8676015734672546,3.0
1408,0.0,0.0,0.0,0.0,1.0,1.0,0.0,0.0,0.0,0.0,0.0,1.0,1.0,0.0,0.9121302366256714,0.9212421178817749,0.909659206867218,0.9006609320640564,0.9104907512664795,0.9162063002586365,0.9030944108963013,0.8923528790473938,0.8941954970359802,0.9067265391349792,0.9167655110359192,0.9120098948478699,0.8822299838066101,0.873755156993866,4.0
1409,1.0,1.0,1.0,1.0,0.0,0.0,0.0,0.0,0.0,0.0,0.0,1.0,1.0,0.0,0.9119949340820312,0.9191595911979675,0.907558798789978,0.8974577784538269,0.9084315896034241,0.9126390814781189,0.9002048969268799,0.8920414447784424,0.8932260274887085,0.9042514562606812,0.9118983149528503,0.9066799283027649,0.879987359046936,0.8748952746391296,4.0
1410,0.0,0.0,0.0,1.0,1.0,0.0,0.0,0.0,0.0,0.0,0.0,1.0,1.0,0.0,0.9121166467666626,0.9201973080635071,0.908170759677887,0.8995986580848694,0.9119676947593689,0.9158933162689209,0.9019219279289246,0.891886293888092,0.8933682441711426,0.9052565693855286,0.914290189743042,0.9083088040351868,0.879539430141449,0.8742518424987793,1.0
1411,1.0,1.0,0.0,0.0,0.0,0.0,0.0,0.0,0.0,0.0,0.0,1.0,1.0,0.0,0.9053452610969543,0.9114558696746826,0.905131459236145,0.9036012291908264,0.9050461053848267,0.9044376611709595,0.888379693031311,0.8824781775474548,0.8853210210800171,0.8999304175376892,0.9109181761741638,0.9106246829032898,0.8784856200218201,0.8622744083404541,0.0
1412,0.0,0.0,1.0,1.0,0.0,0.0,0.0,0.0,0.0,0.0,0.0,1.0,1.0,0.0,0.907463788986206,0.9144793748855591,0.9066118001937866,0.9013999104499817,0.9048355221748352,0.9075406789779663,0.8931386470794678,0.886235237121582,0.8881930112838745,0.9024903178215027,0.9129387736320496,0.9089983701705933,0.8782358169555664,0.8690322041511536,0.0
1413,1.0,1.0,0.0,1.0,1.0,0.0,0.0,0.0,0.0,0.0,0.0,1.0,1.0,0.0,0.9048044681549072,0.9067292213439941,0.8963257670402527,0.8966993689537048,0.8992178440093994,0.8978938460350037,0.8848105072975159,0.8819620013237,0.888181209564209,0.9009729623794556,0.9096052646636963,0.908887505531311,0.8798584342002869,0.8652984499931335,2.0
1414,1.0,1.0,0.0,0.0,0.0,0.0,0.0,0.0,0.0,0.0,0.0,0.0,0.0,0.0,0.9113861918449402,0.9175399541854858,0.9076203107833862,0.8991436958312988,0.9068655371665955,0.9110405445098877,0.8990567922592163,0.891334056854248,0.8937874436378479,0.9059926867485046,0.9143911600112915,0.9095571041107178,0.8819410800933838,0.8763465881347656,2.0
1415,1.0,1.0,0.0,0.0,0.0,0.0,0.0,0.0,0.0,0.0,0.0,0.0,0.0,0.0,0.9078404307365417,0.9175426363945007,0.9090131521224976,0.9014608263969421,0.9080090522766113,0.9118736982345581,0.8969542980194092,0.8876834511756897,0.8907530307769775,0.9036065340042114,0.914867639541626,0.91229248046875,0.8798167109489441,0.8656498193740845,4.0
1416,0.0,1.0,1.0,0.0,0.0,0.0,0.0,0.0,0.0,1.0,1.0,1.0,1.0,0.0,0.910116970539093,0.9186758399009705,0.9077226519584656,0.9004248380661011,0.9103358387947083,0.9148531556129456,0.9013383984565735,0.8910431265830994,0.8926262855529785,0.9066491723060608,0.9158371686935425,0.9101752042770386,0.8805168271064758,0.8750325441360474,3.0
1417,0.0,0.0,0.0,0.0,1.0,1.0,0.0,0.0,0.0,0.0,0.0,1.0,1.0,0.0,0.9049974679946899,0.916894793510437,0.9101488590240479,0.9042580127716064,0.906697154045105,0.9105446338653564,0.8969730734825134,0.8877375721931458,0.8894329071044922,0.9034143686294556,0.91483074426651,0.9109758138656616,0.877980649471283,0.8645060062408447,4.0
1418,1.0,1.0,0.0,0.0,0.0,0.0,0.0,0.0,0.0,1.0,1.0,1.0,1.0,0.0,0.9112333059310913,0.9183641076087952,0.9043801426887512,0.8946613669395447,0.910616397857666,0.9151854515075684,0.9016470909118652,0.8913472294807434,0.8929897546768188,0.9025887250900269,0.9107005000114441,0.9050841927528381,0.8769630193710327,0.8727079033851624,1.0
1419,1.0,1.0,0.0,0.0,0.0,0.0,0.0,0.0,0.0,0.0,0.0,0.0,0.0,0.0,0.9043108224868774,0.912886917591095,0.9065414667129517,0.9023059010505676,0.9049001336097717,0.9078091979026794,0.8943077921867371,0.886040210723877,0.8881323337554932,0.901969850063324,0.9128119945526123,0.9088553190231323,0.8768719434738159,0.8661537170410156,1.0
1420,1.0,1.0,0.0,0.0,0.0,0.0,0.0,0.0,0.0,0.0,0.0,1.0,1.0,0.0,0.9101412296295166,0.917353630065918,0.9066956639289856,0.8998578190803528,0.908176064491272,0.9125932455062866,0.8993579149246216,0.890711784362793,0.892088770866394,0.9053031802177429,0.9141784906387329,0.9088945984840393,0.8789843320846558,0.8730728626251221,0.0
1421,1.0,0.0,0.0,0.0,0.0,0.0,0.0,0.0,0.0,0.0,0.0,0.0,0.0,0.0,0.9086443185806274,0.9123128652572632,0.9030067920684814,0.897508978843689,0.9039640426635742,0.9068282842636108,0.8948418498039246,0.8880633115768433,0.8894461989402771,0.9004848599433899,0.9109731912612915,0.9104423522949219,0.8829494714736938,0.8776596784591675,1.0
1422,1.0,1.0,0.0,0.0,0.0,0.0,0.0,0.0,0.0,0.0,0.0,1.0,1.0,0.0,0.9054962992668152,0.9158979058265686,0.9107652902603149,0.9070470929145813,0.9081756472587585,0.9089085459709167,0.8934618830680847,0.8863446116447449,0.8882755041122437,0.9026603102684021,0.9143831729888916,0.9132817387580872,0.8804650902748108,0.8653101921081543,1.0
1423,1.0,1.0,0.0,0.0,0.0,0.0,0.0,0.0,0.0,0.0,0.0,1.0,1.0,0.0,0.9110604524612427,0.9168150424957275,0.9057831168174744,0.8996211886405945,0.9076330661773682,0.9110885262489319,0.8974421620368958,0.8894394636154175,0.8914359211921692,0.9048107266426086,0.9143512845039368,0.9097153544425964,0.8803003430366516,0.873354434967041,1.0
1424,0.0,1.0,1.0,0.0,0.0,0.0,0.0,0.0,0.0,1.0,1.0,1.0,1.0,0.0,0.9101120829582214,0.9197161793708801,0.9076905250549316,0.8978293538093567,0.9105238318443298,0.9151550531387329,0.90116947889328,0.8918307423591614,0.8942436575889587,0.9056310653686523,0.9142184853553772,0.910003125667572,0.881497859954834,0.8736878037452698,3.0
1425,1.0,1.0,0.0,0.0,0.0,0.0,0.0,0.0,0.0,0.0,0.0,1.0,1.0,0.0,0.9105825424194336,0.9182438254356384,0.9055652022361755,0.8948466181755066,0.9089338779449463,0.9136449098587036,0.9003220796585083,0.8910579085350037,0.8926327228546143,0.9024186730384827,0.9103081822395325,0.904476523399353,0.8770160675048828,0.8729901909828186,3.0
1426,0.0,0.0,0.0,0.0,1.0,1.0,1.0,1.0,0.0,0.0,0.0,1.0,1.0,0.0,0.9121716618537903,0.920081377029419,0.9082463979721069,0.8998937606811523,0.9113505482673645,0.9163180589675903,0.9027794003486633,0.8922144174575806,0.8941153287887573,0.906399130821228,0.9159572720527649,0.9106301069259644,0.8810215592384338,0.8747504949569702,3.0
1427,0.0,0.0,0.0,1.0,1.0,0.0,0.0,0.0,0.0,0.0,0.0,1.0,1.0,0.0,0.9112848043441772,0.919482409954071,0.9081202149391174,0.8967958688735962,0.9073042273521423,0.9120370745658875,0.8996154069900513,0.8918405175209045,0.893539309501648,0.9031448364257812,0.9114614129066467,0.9077467918395996,0.8805433511734009,0.8759713172912598,1.0
1428,0.0,1.0,1.0,0.0,0.0,0.0,1.0,1.0,0.0,0.0,0.0,1.0,1.0,0.0,0.9098517298698425,0.9174156188964844,0.9070340394973755,0.8970067501068115,0.9056527614593506,0.9105335474014282,0.8974827527999878,0.8897659182548523,0.8921638131141663,0.9037599563598633,0.9131299257278442,0.9105086326599121,0.8825968503952026,0.877185583114624,3.0
1429,0.0,0.0,0.0,1.0,1.0,0.0,0.0,0.0,0.0,0.0,0.0,1.0,1.0,0.0,0.9015808701515198,0.9094699621200562,0.9053336381912231,0.9074833989143372,0.9073250889778137,0.9024052023887634,0.8863343596458435,0.8813215494155884,0.8840948939323425,0.8981515765190125,0.9097862839698792,0.9126850366592407,0.8800845146179199,0.861717700958252,1.0
1430,0.0,1.0,1.0,0.0,0.0,0.0,1.0,1.0,0.0,0.0,0.0,1.0,1.0,0.0,0.9123080968856812,0.9196171760559082,0.9066358208656311,0.8972406387329102,0.9108217358589172,0.9161059260368347,0.9031626582145691,0.892978310585022,0.8942692875862122,0.905404806137085,0.9137144684791565,0.907799243927002,0.8793953061103821,0.8749435544013977,0.0
1431,0.0,0.0,0.0,1.0,1.0,0.0,0.0,0.0,0.0,0.0,0.0,1.0,1.0,0.0,0.9068670272827148,0.9039221405982971,0.88823002576828,0.890775740146637,0.8953758478164673,0.8925465941429138,0.8789138793945312,0.8781539797782898,0.8877207040786743,0.9005638360977173,0.9061053395271301,0.9060908555984497,0.8796390891075134,0.8638253808021545,3.0
1432,0.0,0.0,1.0,1.0,0.0,0.0,1.0,1.0,0.0,0.0,0.0,1.0,1.0,0.0,0.909298837184906,0.9170641899108887,0.9048143625259399,0.8985641002655029,0.909509003162384,0.9146084785461426,0.9020057916641235,0.8915342688560486,0.8929929733276367,0.9063214063644409,0.9146032333374023,0.9082961082458496,0.8782505393028259,0.8720926642417908,3.0
1433,0.0,0.0,0.0,1.0,1.0,0.0,0.0,0.0,0.0,0.0,0.0,1.0,1.0,0.0,0.9054203033447266,0.9096951484680176,0.9011301398277283,0.9000548124313354,0.903405487537384,0.9034247994422913,0.8903299570083618,0.8843275308609009,0.8863087296485901,0.8991460204124451,0.9094099402427673,0.9094629287719727,0.8806607723236084,0.8693291544914246,2.0
1434,1.0,0.0,0.0,0.0,0.0,0.0,0.0,0.0,0.0,0.0,0.0,0.0,0.0,0.0,0.9101821184158325,0.9155434370040894,0.9049157500267029,0.8965053558349609,0.9065831303596497,0.9114833474159241,0.8981359601020813,0.8892359137535095,0.8915621042251587,0.9020327925682068,0.911611795425415,0.9093372821807861,0.8813907504081726,0.8730953931808472,4.0
1435,0.0,0.0,1.0,1.0,0.0,0.0,0.0,0.0,0.0,0.0,0.0,1.0,1.0,0.0,0.9109799861907959,0.9171918034553528,0.9057295322418213,0.8976494669914246,0.9079453349113464,0.9123616814613342,0.8998387455940247,0.8914735913276672,0.893500566482544,0.9062811136245728,0.9141173362731934,0.9089745283126831,0.8806077837944031,0.8759750127792358,1.0
1436,0.0,0.0,1.0,1.0,0.0,0.0,0.0,0.0,0.0,0.0,0.0,1.0,1.0,0.0,0.9124212861061096,0.9203317761421204,0.9093155860900879,0.8996490836143494,0.9083821773529053,0.9134562015533447,0.9010636806488037,0.8922470808029175,0.8933746814727783,0.9062983989715576,0.9156802296638489,0.9110102653503418,0.8825511336326599,0.8771563768386841,0.0
1437,0.0,0.0,0.0,1.0,1.0,0.0,0.0,0.0,0.0,0.0,0.0,1.0,1.0,0.0,0.908936619758606,0.9157776832580566,0.9090033173561096,0.9041034579277039,0.9086402058601379,0.9087737798690796,0.8960718512535095,0.8894895911216736,0.8911813497543335,0.9035267233848572,0.9140640497207642,0.9125322699546814,0.8825682401657104,0.8756874203681946,0.0
1438,0.0,1.0,1.0,1.0,0.0,0.0,0.0,0.0,0.0,0.0,0.0,1.0,1.0,0.0,0.9073847532272339,0.9161134362220764,0.907895028591156,0.9004302620887756,0.9070929884910583,0.9119812846183777,0.8991951942443848,0.8893594145774841,0.8900831341743469,0.90184086561203,0.9131245613098145,0.912049412727356,0.8820255398750305,0.8725232481956482,4.0
1439,0.0,0.0,0.0,0.0,0.0,0.0,0.0,0.0,0.0,1.0,1.0,1.0,1.0,0.0,0.9123942255973816,0.9191522598266602,0.9092249870300293,0.9011339545249939,0.9088060855865479,0.9113806486129761,0.9000555872917175,0.8927821516990662,0.8936553597450256,0.9047552347183228,0.9131030440330505,0.9090979099273682,0.8820724487304688,0.8786682486534119,4.0
1440,0.0,0.0,0.0,1.0,1.0,0.0,0.0,0.0,0.0,0.0,0.0,0.0,0.0,0.0,0.9114121198654175,0.9206387400627136,0.9103444814682007,0.9015147089958191,0.9106577634811401,0.9156592488288879,0.901407778263092,0.8914915919303894,0.8941665887832642,0.9070872664451599,0.9167370796203613,0.9115448594093323,0.8809731006622314,0.8741846680641174,4.0
1441,0.0,0.0,0.0,0.0,0.0,0.0,0.0,0.0,0.0,0.0,0.0,1.0,1.0,0.0,0.9111228585243225,0.9188007116317749,0.9060468673706055,0.8958624601364136,0.9087681770324707,0.9144070148468018,0.8998571634292603,0.8896377682685852,0.8922258019447327,0.903842568397522,0.9132616519927979,0.9094755053520203,0.8803828954696655,0.869425356388092,2.0
1442,1.0,1.0,0.0,0.0,0.0,0.0,0.0,0.0,0.0,0.0,0.0,0.0,0.0,0.0,0.9115387201309204,0.9185776114463806,0.9059670567512512,0.8970967531204224,0.9101419448852539,0.9152116775512695,0.9024186730384827,0.8919631242752075,0.8937906622886658,0.9059320092201233,0.9144017100334167,0.909008264541626,0.8807032704353333,0.8757833242416382,2.0
1443,0.0,1.0,1.0,1.0,0.0,0.0,1.0,1.0,0.0,0.0,0.0,1.0,1.0,0.0,0.9083821773529053,0.912933886051178,0.9026625156402588,0.8955845236778259,0.9049041271209717,0.9091665744781494,0.8960386514663696,0.8881003856658936,0.8904656767845154,0.9010274410247803,0.9104796648025513,0.9085781574249268,0.8807662725448608,0.8735230565071106,4.0
1444,0.0,1.0,1.0,0.0,0.0,0.0,0.0,0.0,0.0,0.0,0.0,0.0,0.0,0.0,0.9121459126472473,0.9197845458984375,0.9062266945838928,0.8967032432556152,0.9117074012756348,0.9163558483123779,0.9031477570533752,0.8931369781494141,0.894073486328125,0.9037187099456787,0.912105143070221,0.9067953824996948,0.8788883686065674,0.875458300113678,1.0
1445,1.0,0.0,0.0,0.0,0.0,0.0,0.0,0.0,0.0,0.0,0.0,1.0,1.0,0.0,0.912054717540741,0.9188602566719055,0.9071294665336609,0.8973859548568726,0.9089170098304749,0.9139201641082764,0.9015161991119385,0.8924847841262817,0.8946885466575623,0.906053364276886,0.9133073091506958,0.9076685905456543,0.8810413479804993,0.8759492039680481,4.0
1446,0.0,0.0,1.0,1.0,0.0,0.0,0.0,0.0,0.0,0.0,0.0,1.0,1.0,0.0,0.9117769598960876,0.9199912548065186,0.9079573750495911,0.8968390226364136,0.9077637791633606,0.9133005738258362,0.900945782661438,0.8919859528541565,0.8934521675109863,0.9043717980384827,0.9134601950645447,0.9091833829879761,0.8809049725532532,0.8743114471435547,0.0
1447,0.0,1.0,1.0,0.0,0.0,0.0,0.0,0.0,0.0,1.0,1.0,0.0,0.0,0.0,0.9121981859207153,0.9212371706962585,0.9092071652412415,0.9003106951713562,0.9116541147232056,0.9170458316802979,0.9030023217201233,0.8924245834350586,0.8939611911773682,0.9063645601272583,0.91631680727005,0.9118778705596924,0.8821859955787659,0.873223066329956,2.0
1448,0.0,0.0,0.0,0.0,1.0,1.0,0.0,0.0,0.0,0.0,0.0,1.0,1.0,0.0,0.9090145230293274,0.919788658618927,0.9073104858398438,0.8977196216583252,0.9130417704582214,0.9161300659179688,0.898967444896698,0.8901709914207458,0.8931030631065369,0.9059696197509766,0.9152472615242004,0.9100912809371948,0.8796730637550354,0.869171142578125,2.0
1449,0.0,0.0,0.0,0.0,1.0,1.0,0.0,0.0,0.0,0.0,0.0,1.0,1.0,0.0,0.9110576510429382,0.91762375831604,0.9060317277908325,0.8978211879730225,0.9082636833190918,0.9132307767868042,0.9002993106842041,0.8903846144676208,0.8926555514335632,0.904991626739502,0.9137465357780457,0.9094922542572021,0.880776047706604,0.8730165362358093,2.0
1450,1.0,1.0,0.0,0.0,0.0,0.0,0.0,0.0,0.0,0.0,0.0,0.0,0.0,0.0,0.9081526398658752,0.9156572222709656,0.8997179865837097,0.8894945383071899,0.9089254140853882,0.9137184619903564,0.9005334973335266,0.8899735808372498,0.8915867209434509,0.9019098877906799,0.9085767865180969,0.9002445340156555,0.8731947541236877,0.8676560521125793,4.0
1451,0.0,0.0,0.0,1.0,1.0,0.0,0.0,0.0,0.0,0.0,0.0,1.0,1.0,0.0,0.9025440216064453,0.9125322699546814,0.9073413014411926,0.907680869102478,0.9086816310882568,0.9064062833786011,0.8910480737686157,0.8839836716651917,0.8859511613845825,0.900195837020874,0.9126472473144531,0.9133810997009277,0.8799546957015991,0.8620688915252686,0.0
1452,1.0,1.0,0.0,0.0,0.0,0.0,0.0,0.0,0.0,0.0,0.0,1.0,1.0,0.0,0.9104914665222168,0.9195612072944641,0.9062423706054688,0.8971171379089355,0.9115038514137268,0.9157142043113708,0.9017913341522217,0.8912733793258667,0.8919679522514343,0.9036921262741089,0.9125525951385498,0.9063761234283447,0.8767162561416626,0.8704573512077332,0.0
1453,0.0,1.0,1.0,0.0,0.0,0.0,0.0,0.0,0.0,0.0,0.0,1.0,1.0,0.0,0.9080289006233215,0.9150727987289429,0.907942533493042,0.9033244848251343,0.9065859317779541,0.9089534878730774,0.8946853876113892,0.8882788419723511,0.8891924619674683,0.9024664759635925,0.9138854146003723,0.9123873710632324,0.8821057677268982,0.871584951877594,1.0
1454,0.0,1.0,1.0,0.0,0.0,0.0,0.0,0.0,0.0,0.0,0.0,1.0,1.0,0.0,0.9083025455474854,0.9162761569023132,0.9052115678787231,0.8996231555938721,0.9110060930252075,0.9160681962966919,0.903384804725647,0.8922616839408875,0.8929378390312195,0.9066491723060608,0.915391743183136,0.9091441631317139,0.8788407444953918,0.873031497001648,1.0
1455,0.0,0.0,0.0,0.0,0.0,0.0,0.0,0.0,0.0,1.0,1.0,1.0,1.0,0.0,0.9112127423286438,0.918565571308136,0.9056246280670166,0.8954020142555237,0.9087751507759094,0.9135753512382507,0.9003996849060059,0.8912962675094604,0.8931159973144531,0.9032989740371704,0.9115188717842102,0.906150758266449,0.8780193328857422,0.8727229833602905,0.0
1456,0.0,1.0,1.0,0.0,0.0,0.0,1.0,1.0,0.0,0.0,0.0,1.0,1.0,0.0,0.9118942022323608,0.9192546606063843,0.908129096031189,0.8979069590568542,0.9091399312019348,0.913766622543335,0.9015071392059326,0.8927984237670898,0.8948098421096802,0.9054512977600098,0.9134628772735596,0.9084054827690125,0.881043016910553,0.877626895904541,1.0
1457,1.0,1.0,0.0,0.0,0.0,0.0,0.0,0.0,0.0,0.0,0.0,0.0,0.0,0.0,0.9087330102920532,0.9168543815612793,0.9067280292510986,0.9010083079338074,0.9081597328186035,0.9120928049087524,0.8981313705444336,0.8888680934906006,0.8906407952308655,0.9050469994544983,0.9152051210403442,0.9097486734390259,0.8782487511634827,0.8701282739639282,1.0
1458,0.0,1.0,1.0,0.0,1.0,1.0,0.0,0.0,0.0,1.0,1.0,1.0,1.0,0.0,0.9095773696899414,0.9201956987380981,0.9081268906593323,0.8988859057426453,0.912751317024231,0.9162680506706238,0.9000219702720642,0.8909228444099426,0.8933390974998474,0.9055179953575134,0.9154914617538452,0.9100503325462341,0.879141092300415,0.869602382183075,0.0
1459,1.0,0.0,0.0,0.0,0.0,0.0,0.0,0.0,0.0,0.0,0.0,1.0,1.0,0.0,0.9020612835884094,0.9129993319511414,0.9083455801010132,0.9058539271354675,0.9069828391075134,0.9076330661773682,0.8926018476486206,0.8847085237503052,0.8867079019546509,0.9008246660232544,0.9121702909469604,0.9109786152839661,0.8774319291114807,0.8617702722549438,1.0
1460,1.0,1.0,0.0,0.0,0.0,0.0,0.0,0.0,0.0,0.0,0.0,1.0,1.0,0.0,0.9086949825286865,0.9182377457618713,0.9096073508262634,0.9014925360679626,0.9089563488960266,0.9128943681716919,0.8982508182525635,0.8894062042236328,0.8912240266799927,0.9044186472892761,0.9154127240180969,0.9127715826034546,0.8824816942214966,0.8731855750083923,3.0
1461,0.0,0.0,1.0,1.0,0.0,0.0,0.0,0.0,0.0,0.0,0.0,1.0,1.0,0.0,0.9063883423805237,0.9144912362098694,0.9071686863899231,0.9017808437347412,0.9041341543197632,0.9066619873046875,0.892554759979248,0.8855875134468079,0.8878338932991028,0.9026840925216675,0.9138240814208984,0.9101266264915466,0.8784583806991577,0.8670279383659363,2.0
1462,0.0,0.0,0.0,1.0,1.0,0.0,0.0,0.0,0.0,0.0,0.0,1.0,1.0,0.0,0.911203145980835,0.9198756217956543,0.9082933068275452,0.8989375233650208,0.9104533791542053,0.9154376983642578,0.9018888473510742,0.8925384879112244,0.8947715759277344,0.9076970815658569,0.9161971807479858,0.9104865789413452,0.8819417357444763,0.8755913376808167,2.0
1463,0.0,1.0,1.0,1.0,1.0,0.0,0.0,0.0,0.0,0.0,0.0,1.0,1.0,0.0,0.9038130640983582,0.9156015515327454,0.9091762900352478,0.9045219421386719,0.906679630279541,0.9094154238700867,0.895465612411499,0.8867878913879395,0.8880261778831482,0.9024962782859802,0.9141200184822083,0.9113737940788269,0.8783932328224182,0.8637415766716003,2.0
1464,0.0,1.0,1.0,0.0,0.0,0.0,0.0,0.0,0.0,0.0,0.0,0.0,0.0,0.0,0.9120187759399414,0.9199487566947937,0.9084813594818115,0.8986281752586365,0.90966796875,0.9135351777076721,0.9003601670265198,0.8913357853889465,0.892931342124939,0.9048749804496765,0.9131379723548889,0.9077098965644836,0.8794562220573425,0.8760339021682739,3.0
1465,0.0,0.0,0.0,0.0,1.0,1.0,0.0,0.0,0.0,0.0,0.0,1.0,1.0,0.0,0.9120458960533142,0.9200460314750671,0.907513439655304,0.8995603322982788,0.9128687381744385,0.9166334867477417,0.9024484753608704,0.8918405175209045,0.8930869102478027,0.9049391150474548,0.914069414138794,0.9083638787269592,0.8793147206306458,0.8743226528167725,1.0
1466,0.0,1.0,1.0,0.0,0.0,0.0,0.0,0.0,0.0,0.0,0.0,0.0,0.0,0.0,0.9112874865531921,0.9197865724563599,0.9078781604766846,0.8973571062088013,0.9085063338279724,0.9130640625953674,0.8994408249855042,0.890606164932251,0.891804575920105,0.9035888314247131,0.9124307036399841,0.9077751040458679,0.8790664672851562,0.874083936214447,3.0
1467,0.0,0.0,1.0,1.0,1.0,1.0,0.0,0.0,0.0,0.0,0.0,0.0,0.0,0.0,0.9115912914276123,0.9187448620796204,0.9058839678764343,0.8958600759506226,0.9087428450584412,0.9139761328697205,0.9014378786087036,0.8922632932662964,0.8943429589271545,0.9050353765487671,0.9126905202865601,0.9078516960144043,0.8802663087844849,0.8749991655349731,2.0
1468,1.0,1.0,0.0,0.0,0.0,1.0,1.0,1.0,0.0,0.0,1.0,1.0,1.0,0.0,0.9126972556114197,0.9192471504211426,0.9083088040351868,0.8986811637878418,0.9078049659729004,0.9129239320755005,0.9001135230064392,0.8917455673217773,0.8932939171791077,0.9059292078018188,0.9150391817092896,0.9102984666824341,0.8819206357002258,0.8767611980438232,0.0
1469,1.0,1.0,0.0,0.0,0.0,0.0,0.0,0.0,0.0,0.0,0.0,1.0,1.0,0.0,0.9118397235870361,0.9136918187141418,0.9024604558944702,0.896690309047699,0.9019256234169006,0.9049391150474548,0.8911319375038147,0.8861395120620728,0.888916552066803,0.9015854597091675,0.910750150680542,0.9084041118621826,0.8816254734992981,0.8758460283279419,3.0
1470,0.0,0.0,0.0,1.0,1.0,0.0,0.0,0.0,0.0,0.0,0.0,1.0,1.0,0.0,0.8975545167922974,0.9114271998405457,0.9096846580505371,0.9133914113044739,0.9119500517845154,0.9039486050605774,0.884225070476532,0.8784403204917908,0.8843309879302979,0.9006336331367493,0.9143964648246765,0.9166645407676697,0.881100594997406,0.8618691563606262,4.0
1471,1.0,1.0,1.0,1.0,0.0,0.0,0.0,0.0,0.0,1.0,1.0,1.0,1.0,0.0,0.9106522798538208,0.9195219874382019,0.9098196625709534,0.9020528197288513,0.9090908765792847,0.9139120578765869,0.9006443023681641,0.8908751010894775,0.8923855423927307,0.906568706035614,0.9167628884315491,0.9116514325141907,0.8808094263076782,0.8728208541870117,0.0
1472,1.0,1.0,0.0,1.0,1.0,0.0,0.0,0.0,0.0,0.0,0.0,1.0,1.0,0.0,0.9123155474662781,0.9197109341621399,0.9082608222961426,0.8979613780975342,0.907843291759491,0.9123250246047974,0.90000981092453,0.8917079567909241,0.8932260274887085,0.9053118824958801,0.9138880968093872,0.9090019464492798,0.8808474540710449,0.8758865594863892,2.0
1473,0.0,0.0,0.0,0.0,0.0,0.0,1.0,1.0,0.0,0.0,0.0,1.0,1.0,0.0,0.9106149673461914,0.9192946553230286,0.9079989194869995,0.9003381133079529,0.9117838144302368,0.916590690612793,0.9024947881698608,0.8916096687316895,0.8926814794540405,0.906436562538147,0.91661536693573,0.9118342399597168,0.8817668557167053,0.8756172060966492,3.0
1474,0.0,0.0,1.0,1.0,0.0,0.0,0.0,0.0,0.0,0.0,0.0,0.0,0.0,0.0,0.9091104865074158,0.9202843308448792,0.910018801689148,0.9026215076446533,0.9149363040924072,0.9179678559303284,0.9001835584640503,0.8905020952224731,0.8937068581581116,0.9067752957344055,0.9171940088272095,0.9130519032478333,0.8817314505577087,0.8720094561576843,3.0
1475,1.0,1.0,1.0,0.0,1.0,1.0,0.0,1.0,1.0,0.0,0.0,1.0,1.0,0.0,0.9116203188896179,0.9152849912643433,0.9046630859375,0.8981329202651978,0.9036885499954224,0.9077197909355164,0.8942340016365051,0.8878389596939087,0.8892910480499268,0.9027794003486633,0.9126526713371277,0.9090888500213623,0.881786048412323,0.8758496642112732,0.0
1476,1.0,1.0,0.0,0.0,1.0,1.0,0.0,0.0,0.0,0.0,0.0,1.0,1.0,0.0,0.9098767042160034,0.9187080264091492,0.9066368937492371,0.8984605669975281,0.9098794460296631,0.9148518443107605,0.9023290872573853,0.8922209739685059,0.8924343585968018,0.9045270085334778,0.9134520888328552,0.90802401304245,0.8787362575531006,0.8741399645805359,0.0
1477,0.0,0.0,0.0,1.0,1.0,0.0,0.0,0.0,0.0,0.0,0.0,1.0,1.0,0.0,0.8975357413291931,0.9093316197395325,0.9070687294006348,0.9097306132316589,0.9072799682617188,0.9021720886230469,0.8861480355262756,0.8803231120109558,0.8824923038482666,0.897940456867218,0.9104437232017517,0.9128767848014832,0.8779133558273315,0.8546076416969299,2.0
1478,0.0,0.0,0.0,0.0,1.0,1.0,1.0,1.0,1.0,0.0,0.0,1.0,1.0,0.0,0.9090306758880615,0.9194887280464172,0.9085592031478882,0.9006451368331909,0.9098350405693054,0.9158411026000977,0.9026229977607727,0.8919450640678406,0.8928794860839844,0.9066261053085327,0.9168431758880615,0.9116842150688171,0.8806406855583191,0.8719147443771362,4.0
1479,1.0,1.0,1.0,1.0,0.0,0.0,0.0,0.0,0.0,0.0,0.0,1.0,1.0,0.0,0.9118062853813171,0.9189765453338623,0.9060916304588318,0.8969033360481262,0.9107280969619751,0.9152406454086304,0.9020538330078125,0.8920447826385498,0.8938838839530945,0.9048544764518738,0.9126850366592407,0.9060837030410767,0.8784642815589905,0.8726702332496643,4.0
1480,1.0,1.0,0.0,0.0,1.0,1.0,0.0,0.0,0.0,0.0,0.0,1.0,1.0,0.0,0.9109621047973633,0.9178719520568848,0.906629741191864,0.8980584740638733,0.9091329574584961,0.9139268398284912,0.9016847014427185,0.8927333950996399,0.8945191502571106,0.905140221118927,0.9132723808288574,0.908983051776886,0.8812405467033386,0.8769698739051819,1.0
1481,0.0,0.0,0.0,0.0,0.0,0.0,1.0,1.0,0.0,0.0,0.0,1.0,1.0,0.0,0.9110618233680725,0.9190643429756165,0.9065078496932983,0.8968210220336914,0.9101377129554749,0.9142423868179321,0.9005638360977173,0.8904954791069031,0.8919516205787659,0.9034440517425537,0.9119554758071899,0.9064114093780518,0.8779985308647156,0.8734256625175476,3.0
1482,0.0,1.0,1.0,0.0,0.0,0.0,0.0,0.0,0.0,0.0,0.0,1.0,1.0,0.0,0.9076488018035889,0.918192446231842,0.9055842757225037,0.8938019275665283,0.9071387052536011,0.9127120971679688,0.8994284868240356,0.8898157477378845,0.8910924792289734,0.9023679494857788,0.9119581580162048,0.9069614410400391,0.8761268854141235,0.8657049536705017,4.0
1483,0.0,0.0,1.0,1.0,0.0,0.0,0.0,0.0,0.0,0.0,0.0,1.0,1.0,0.0,0.9064925909042358,0.9176750183105469,0.9095271229743958,0.902713418006897,0.9078446626663208,0.9126688838005066,0.8993794322013855,0.8895778656005859,0.8910513520240784,0.9051868319511414,0.916053831577301,0.9110583662986755,0.8787350654602051,0.8679905533790588,2.0
1484,0.0,0.0,0.0,0.0,0.0,0.0,0.0,0.0,0.0,0.0,1.0,1.0,1.0,0.0,0.9121567010879517,0.9192284941673279,0.9066049456596375,0.897184431552887,0.9099156856536865,0.9150733947753906,0.9020447731018066,0.89191073179245,0.8934521675109863,0.9047843813896179,0.9129899144172668,0.9076856970787048,0.8793200850486755,0.8725232481956482,4.0
1485,0.0,0.0,1.0,1.0,0.0,0.0,0.0,0.0,0.0,0.0,0.0,1.0,1.0,0.0,0.9092148542404175,0.9154993295669556,0.9068498015403748,0.8995331525802612,0.9061614871025085,0.9103012681007385,0.8976011872291565,0.8894311785697937,0.8907580375671387,0.9030884504318237,0.913277804851532,0.9104616641998291,0.8820757865905762,0.8761406540870667,4.0
1486,1.0,1.0,0.0,0.0,0.0,0.0,0.0,0.0,0.0,0.0,0.0,1.0,1.0,0.0,0.9126425385475159,0.921623945236206,0.9095044732093811,0.9000411033630371,0.9116486310958862,0.9167681336402893,0.9025529623031616,0.8925595879554749,0.8939706683158875,0.9065773487091064,0.9155413508415222,0.9103745222091675,0.8813791275024414,0.875095546245575,2.0
1487,1.0,1.0,0.0,0.0,1.0,1.0,0.0,0.0,0.0,0.0,0.0,1.0,1.0,0.0,0.8980305790901184,0.9028463363647461,0.8942996859550476,0.8927789330482483,0.9003077149391174,0.9017101526260376,0.8865289092063904,0.8786609768867493,0.8800316452980042,0.8898174166679382,0.9017237424850464,0.906516969203949,0.8776742815971375,0.8587950468063354,1.0
1488,1.0,1.0,0.0,0.0,0.0,0.0,0.0,0.0,0.0,0.0,0.0,0.0,0.0,0.0,0.9123202562332153,0.9198410511016846,0.9069939851760864,0.8990644812583923,0.9115434288978577,0.9168289303779602,0.9038602709770203,0.8926132321357727,0.8941280841827393,0.9069557785987854,0.9156330823898315,0.909641444683075,0.8810086846351624,0.8762951493263245,2.0
1489,1.0,1.0,0.0,0.0,0.0,0.0,0.0,0.0,0.0,0.0,0.0,1.0,1.0,0.0,0.9121227860450745,0.9183942079544067,0.9079077243804932,0.8982833027839661,0.9072214961051941,0.9116309285163879,0.8989089727401733,0.8909986615180969,0.8935909271240234,0.9054280519485474,0.9140321016311646,0.9095439314842224,0.8816393613815308,0.8772769570350647,3.0
1490,0.0,0.0,0.0,0.0,0.0,1.0,1.0,1.0,0.0,0.0,0.0,1.0,1.0,0.0,0.9092432260513306,0.9169594049453735,0.9009212255477905,0.8891323208808899,0.9080614447593689,0.9130990505218506,0.8983777761459351,0.8887692093849182,0.8900880217552185,0.8991460204124451,0.906378984451294,0.8997723460197449,0.8717976808547974,0.8656655550003052,1.0
1491,0.0,0.0,0.0,0.0,1.0,1.0,0.0,0.0,0.0,0.0,0.0,0.0,0.0,0.0,0.9108190536499023,0.9179892539978027,0.9060572981834412,0.8986243605613708,0.9111558198928833,0.9146721363067627,0.9023858904838562,0.8933020234107971,0.8940061330795288,0.9057006239891052,0.9135646224021912,0.9081683158874512,0.8801112771034241,0.8764531016349792,0.0
1492,1.0,1.0,0.0,0.0,0.0,0.0,0.0,0.0,0.0,0.0,0.0,1.0,1.0,0.0,0.9109129309654236,0.9178377985954285,0.9048537611961365,0.8978160619735718,0.9118219614028931,0.9172171950340271,0.9030216336250305,0.8915834426879883,0.8931418657302856,0.9058337211608887,0.9146588444709778,0.9092742800712585,0.8794307112693787,0.8725873231887817,3.0
1493,1.0,0.0,0.0,0.0,0.0,0.0,0.0,0.0,0.0,0.0,0.0,1.0,1.0,0.0,0.909990668296814,0.9191173911094666,0.9073349237442017,0.8966702818870544,0.9074282646179199,0.9123277068138123,0.8997501134872437,0.8911499977111816,0.8921769261360168,0.9034765362739563,0.9137171506881714,0.9091217517852783,0.8784656524658203,0.8723534345626831,0.0
1494,0.0,0.0,0.0,0.0,1.0,1.0,0.0,0.0,0.0,0.0,0.0,0.0,0.0,0.0,0.9114744067192078,0.918984055519104,0.9054619669914246,0.8973500728607178,0.9116104245185852,0.9150326251983643,0.9020687341690063,0.8919042944908142,0.8921769261360168,0.9034528732299805,0.9113190770149231,0.9048377871513367,0.8767883777618408,0.8735867738723755,0.0
1495,1.0,1.0,0.0,0.0,0.0,0.0,0.0,0.0,0.0,0.0,0.0,0.0,0.0,0.0,0.9094217419624329,0.9168667197227478,0.905940055847168,0.8979971408843994,0.9064034223556519,0.9122232794761658,0.9000692963600159,0.890703558921814,0.8921916484832764,0.9045182466506958,0.9134520888328552,0.9091063737869263,0.8801551461219788,0.8721039891242981,4.0
1496,1.0,1.0,0.0,0.0,1.0,1.0,0.0,0.0,0.0,0.0,0.0,1.0,1.0,0.0,0.9113388657569885,0.9206832051277161,0.9081431031227112,0.8999876976013184,0.9126067161560059,0.9179518818855286,0.9038911461830139,0.89292973279953,0.893890380859375,0.9064825177192688,0.9169594049453735,0.910836935043335,0.8813220262527466,0.8756393790245056,4.0
1497,0.0,0.0,0.0,0.0,1.0,1.0,1.0,1.0,0.0,0.0,0.0,1.0,1.0,0.0,0.9039261341094971,0.9121078252792358,0.9049581289291382,0.9009442329406738,0.9049718976020813,0.9076615571975708,0.8941987156867981,0.8864726424217224,0.8870753049850464,0.8990691304206848,0.9105625152587891,0.9101986885070801,0.8808374404907227,0.8686883449554443,3.0
1498,0.0,1.0,1.0,0.0,0.0,0.0,0.0,0.0,0.0,0.0,0.0,1.0,1.0,0.0,0.9123026132583618,0.9190052151679993,0.9087147116661072,0.8991913199424744,0.9074040055274963,0.9113615155220032,0.8997072577476501,0.8927739858627319,0.8946980834007263,0.9054483771324158,0.9132212996482849,0.9090040326118469,0.881880521774292,0.877677857875824,4.0
1499,0.0,0.0,0.0,0.0,1.0,1.0,1.0,1.0,0.0,0.0,0.0,0.0,0.0,0.0,0.9100601077079773,0.9202694892883301,0.9073947072029114,0.8950068354606628,0.9070687294006348,0.9125012159347534,0.900776207447052,0.8919353485107422,0.8926880359649658,0.9021047353744507,0.9109208583831787,0.9058793187141418,0.8773705959320068,0.8713418841362,0.0
1500,1.0,1.0,0.0,0.0,0.0,0.0,1.0,1.0,0.0,0.0,0.0,1.0,1.0,0.0,0.9097203016281128,0.9159128665924072,0.89908367395401,0.8922552466392517,0.911985456943512,0.9159135818481445,0.9004042148590088,0.8896610736846924,0.8908783793449402,0.9031863808631897,0.9104132652282715,0.9029058218002319,0.8746161460876465,0.8679439425468445,4.0
1501,0.0,0.0,0.0,0.0,1.0,1.0,0.0,0.0,0.0,1.0,1.0,1.0,1.0,0.0,0.9126736521720886,0.9196139574050903,0.9069861769676208,0.8969542980194092,0.9090487957000732,0.9136261940002441,0.9013022184371948,0.8923512697219849,0.8932065963745117,0.9046235680580139,0.9128228425979614,0.9071165919303894,0.8794603943824768,0.8757796287536621,2.0
1502,0.0,0.0,0.0,0.0,0.0,0.0,0.0,0.0,0.0,1.0,1.0,1.0,1.0,0.0,0.9122389554977417,0.9202843308448792,0.9076892137527466,0.89967280626297,0.9131097793579102,0.917751133441925,0.9031166434288025,0.892730176448822,0.8947045207023621,0.9061803221702576,0.9159076809883118,0.9100294709205627,0.8804155588150024,0.8738935589790344,1.0
1503,0.0,1.0,1.0,0.0,0.0,0.0,0.0,0.0,0.0,0.0,0.0,0.0,0.0,0.0,0.9081845283508301,0.9183586239814758,0.9050841927528381,0.8928211331367493,0.9067050218582153,0.9117019772529602,0.8984814286231995,0.8891741633415222,0.889289379119873,0.8998876810073853,0.9090964794158936,0.9036478996276855,0.874334454536438,0.869036078453064,2.0
1504,1.0,1.0,1.0,0.0,0.0,0.0,0.0,1.0,1.0,0.0,0.0,1.0,1.0,0.0,0.9115304946899414,0.9189526438713074,0.9055336117744446,0.896202802658081,0.9100601077079773,0.9155006408691406,0.9016155004501343,0.8907530307769775,0.8927366733551025,0.9036094546318054,0.9128741025924683,0.9087569117546082,0.8797776699066162,0.8703311681747437,4.0
1505,0.0,0.0,1.0,1.0,0.0,0.0,0.0,0.0,0.0,0.0,0.0,1.0,1.0,0.0,0.9082057476043701,0.9186903834342957,0.9102166891098022,0.9041770100593567,0.911260724067688,0.915739119052887,0.9013234376907349,0.8914063572883606,0.8936376571655273,0.9066318869590759,0.9172840714454651,0.9116623401641846,0.8801757097244263,0.8748915195465088,2.0
1506,0.0,0.0,0.0,0.0,1.0,1.0,0.0,0.0,0.0,0.0,0.0,1.0,1.0,0.0,0.9125999808311462,0.9201837182044983,0.9070794582366943,0.8985370397567749,0.9114149212837219,0.9159089922904968,0.9023858904838562,0.8919466733932495,0.8931450843811035,0.9055412411689758,0.9144389033317566,0.9085598587989807,0.8799895644187927,0.8754620552062988,2.0
1507,1.0,1.0,0.0,0.0,0.0,1.0,1.0,1.0,0.0,0.0,0.0,1.0,1.0,0.0,0.9114169478416443,0.9175185561180115,0.9060570001602173,0.8977744579315186,0.9069614410400391,0.9114558696746826,0.8980615735054016,0.8896543979644775,0.8922144174575806,0.9052565693855286,0.9132858514785767,0.9083201289176941,0.8796209096908569,0.8733393549919128,3.0
1508,1.0,1.0,0.0,0.0,0.0,0.0,0.0,0.0,0.0,0.0,0.0,1.0,1.0,0.0,0.9106757044792175,0.9150121212005615,0.9048888087272644,0.8984262943267822,0.9051700234413147,0.9095941185951233,0.897093653678894,0.8898772597312927,0.8904193639755249,0.9029696583747864,0.911977231502533,0.9098905920982361,0.8820899128913879,0.8744045495986938,1.0
1509,1.0,1.0,0.0,0.0,0.0,1.0,1.0,1.0,0.0,0.0,0.0,1.0,1.0,0.0,0.9121125340461731,0.9203052520751953,0.908389687538147,0.9000242948532104,0.9118968844413757,0.9173741936683655,0.9044157266616821,0.8935989141464233,0.8948896527290344,0.9069070219993591,0.9155858755111694,0.909885048866272,0.8810586929321289,0.8757575154304504,0.0
1510,0.0,0.0,0.0,1.0,1.0,1.0,0.0,0.0,0.0,0.0,0.0,1.0,1.0,0.0,0.9003845453262329,0.9128308892250061,0.9078574180603027,0.9048326015472412,0.9055029153823853,0.9058221578598022,0.8920823335647583,0.8839888572692871,0.8855445981025696,0.9005638360977173,0.9126662015914917,0.9111763834953308,0.8770896196365356,0.8611591458320618,2.0
1511,0.0,0.0,0.0,0.0,0.0,0.0,0.0,1.0,1.0,1.0,1.0,0.0,0.0,0.0,0.9111920595169067,0.9156500697135925,0.9044728875160217,0.896362841129303,0.9044128060340881,0.9086049795150757,0.8959802389144897,0.889411211013794,0.8924798965454102,0.9060187339782715,0.9136369824409485,0.9088307023048401,0.880655825138092,0.8736578822135925,2.0
1512,1.0,1.0,1.0,1.0,0.0,0.0,0.0,0.0,0.0,0.0,0.0,0.0,0.0,0.0,0.9115619659423828,0.9201779365539551,0.9080572128295898,0.8990944623947144,0.9119812846183777,0.9165180921554565,0.9021586179733276,0.89191073179245,0.8941794633865356,0.9062667489051819,0.9157587289810181,0.9104077219963074,0.8811618685722351,0.8739345669746399,2.0
1513,1.0,1.0,1.0,1.0,0.0,0.0,0.0,0.0,0.0,1.0,1.0,1.0,1.0,0.0,0.9102250933647156,0.9192028045654297,0.9079736471176147,0.9011234045028687,0.9110226035118103,0.9161502718925476,0.9032263159751892,0.8927886486053467,0.8933923840522766,0.9064796566963196,0.91559898853302,0.9100642204284668,0.8802343010902405,0.8732042908668518,0.0
1514,0.0,1.0,1.0,0.0,0.0,0.0,1.0,1.0,0.0,0.0,0.0,1.0,1.0,0.0,0.9111345410346985,0.9193563461303711,0.9077900052070618,0.8994362354278564,0.9098141193389893,0.9153497219085693,0.9016951322555542,0.8917848467826843,0.8932292461395264,0.9068382978439331,0.9163427948951721,0.9103399515151978,0.8807734847068787,0.8745013475418091,2.0
1515,0.0,1.0,1.0,0.0,0.0,0.0,0.0,0.0,0.0,0.0,0.0,1.0,1.0,0.0,0.9117469191551208,0.918096661567688,0.9049332141876221,0.895693838596344,0.9096177816390991,0.915314257144928,0.9028418660163879,0.8928632140159607,0.8946470618247986,0.9042631983757019,0.9124930500984192,0.9074445366859436,0.8802481293678284,0.8732081055641174,4.0
1516,0.0,0.0,1.0,1.0,0.0,0.0,0.0,0.0,0.0,0.0,0.0,0.0,0.0,1.0,0.9114327430725098,0.921226978302002,0.9095698595046997,0.8994960188865662,0.910715639591217,0.915701150894165,0.9015101790428162,0.8911221027374268,0.8928599953651428,0.9058193564414978,0.9160434007644653,0.9114463925361633,0.881074845790863,0.8728020787239075,4.0
1517,0.0,0.0,0.0,0.0,0.0,0.0,1.0,1.0,0.0,0.0,0.0,1.0,1.0,0.0,0.9066233038902283,0.9158903956413269,0.9059407114982605,0.9005097150802612,0.9106281399726868,0.9152485132217407,0.9018258452415466,0.8907530307769775,0.8913177251815796,0.904880702495575,0.9148809313774109,0.9090390801429749,0.8775895237922668,0.8692058324813843,1.0
1518,0.0,0.0,1.0,1.0,0.0,0.0,0.0,0.0,0.0,0.0,0.0,0.0,0.0,0.0,0.9110487699508667,0.9198213815689087,0.9088264107704163,0.9007701277732849,0.9107363820075989,0.9165440201759338,0.9036065340042114,0.8930479884147644,0.8940157890319824,0.9076600670814514,0.9169309735298157,0.9106287360191345,0.880682110786438,0.8738972544670105,0.0
1519,1.0,0.0,0.0,0.0,0.0,0.0,0.0,0.0,0.0,0.0,0.0,1.0,1.0,0.0,0.9093952178955078,0.9186020493507385,0.9048488736152649,0.8937061429023743,0.9073241949081421,0.9123507142066956,0.8995679616928101,0.8901876211166382,0.8893761038780212,0.8994898200035095,0.9082354307174683,0.9030297994613647,0.8748350739479065,0.870281457901001,3.0
1520,0.0,0.0,0.0,0.0,1.0,1.0,0.0,0.0,0.0,0.0,0.0,1.0,1.0,0.0,0.9094797372817993,0.9203208684921265,0.9085350632667542,0.8998616933822632,0.9145244359970093,0.9174480438232422,0.900241494178772,0.8910068869590759,0.8937777280807495,0.906646192073822,0.9162154197692871,0.909765362739563,0.8790981769561768,0.8693945407867432,4.0
1521,1.0,1.0,0.0,0.0,0.0,0.0,0.0,0.0,0.0,0.0,0.0,0.0,0.0,0.0,0.9101279973983765,0.9207251667976379,0.911026656627655,0.9025984406471252,0.9105610847473145,0.9163389205932617,0.9027541279792786,0.892541766166687,0.8928908705711365,0.9057093262672424,0.9172738790512085,0.9133850932121277,0.8823471069335938,0.8719677329063416,1.0
1522,0.0,0.0,0.0,0.0,0.0,1.0,1.0,1.0,0.0,1.0,1.0,1.0,1.0,0.0,0.911918044090271,0.919365406036377,0.9086306691169739,0.8985586762428284,0.9074425101280212,0.9127377867698669,0.8994622230529785,0.8902239799499512,0.8921801447868347,0.9042543768882751,0.9144468903541565,0.9111503958702087,0.8821784853935242,0.876258373260498,4.0
1523,0.0,0.0,0.0,1.0,1.0,0.0,0.0,0.0,0.0,0.0,0.0,1.0,1.0,0.0,0.8988620042800903,0.9118281006813049,0.9090951085090637,0.9123700857162476,0.9114887714385986,0.9042602181434631,0.8860282301902771,0.8800996541976929,0.8850762844085693,0.9010304808616638,0.9139840602874756,0.9158058166503906,0.8814469575881958,0.8623166680335999,2.0
1524,1.0,1.0,0.0,0.0,1.0,1.0,1.0,0.0,0.0,0.0,0.0,1.0,1.0,0.0,0.9105231761932373,0.9170954823493958,0.9082961082458496,0.9008219242095947,0.9061723947525024,0.9082905054092407,0.8956177830696106,0.8898223638534546,0.8923953175544739,0.905547022819519,0.9149495363235474,0.9114094376564026,0.8830227851867676,0.8773790597915649,4.0
1525,0.0,1.0,1.0,1.0,0.0,0.0,0.0,0.0,0.0,0.0,0.0,1.0,1.0,0.0,0.9124103784561157,0.919543981552124,0.9069188833236694,0.897918701171875,0.9107707738876343,0.915946900844574,0.903381884098053,0.8929038047790527,0.8944903016090393,0.9051693677902222,0.9134575128555298,0.9083201289176941,0.8800534605979919,0.8759897351264954,0.0
1526,0.0,0.0,0.0,1.0,1.0,0.0,0.0,0.0,0.0,0.0,0.0,1.0,1.0,0.0,0.9105859994888306,0.9188887476921082,0.9076249003410339,0.8984582424163818,0.9102222919464111,0.915048360824585,0.9008337259292603,0.8913604021072388,0.893519937992096,0.9055092930793762,0.9140560626983643,0.9098029732704163,0.8804808855056763,0.874199628829956,1.0
1527,0.0,0.0,1.0,1.0,0.0,0.0,0.0,1.0,1.0,0.0,0.0,0.0,0.0,0.0,0.910154402256012,0.9172037839889526,0.9025126695632935,0.894712507724762,0.9120275974273682,0.9155203104019165,0.9003845453262329,0.8901046514511108,0.8915490508079529,0.9043864011764526,0.9117401242256165,0.9035400748252869,0.8747349977493286,0.8688507676124573,4.0
1528,1.0,1.0,0.0,0.0,0.0,0.0,0.0,0.0,0.0,0.0,0.0,1.0,1.0,0.0,0.9114600419998169,0.918910801410675,0.9050907492637634,0.8966121077537537,0.9117414951324463,0.915733814239502,0.9010213613510132,0.8902968764305115,0.8918895125389099,0.9041721224784851,0.9126850366592407,0.9061687588691711,0.8773382306098938,0.8706904649734497,4.0
1529,0.0,1.0,1.0,0.0,0.0,0.0,0.0,0.0,0.0,0.0,0.0,0.0,0.0,0.0,0.9122103452682495,0.9191876649856567,0.9074937105178833,0.8977950215339661,0.9095215201377869,0.9142622947692871,0.9019249081611633,0.8930318355560303,0.8950554132461548,0.9053612351417542,0.9126770496368408,0.9074361324310303,0.8805646896362305,0.8755507469177246,4.0
1530,0.0,0.0,0.0,0.0,1.0,1.0,0.0,0.0,0.0,0.0,0.0,1.0,1.0,0.0,0.9074552655220032,0.9182596802711487,0.9058005213737488,0.8976635336875916,0.9146556854248047,0.9172496795654297,0.897949755191803,0.8875803351402283,0.8897159695625305,0.9030616879463196,0.913277804851532,0.9083045721054077,0.8770202398300171,0.8670240044593811,3.0
1531,0.0,0.0,1.0,1.0,0.0,0.0,0.0,0.0,0.0,1.0,1.0,1.0,1.0,0.0,0.9107322096824646,0.9178728461265564,0.9046323895454407,0.8966727256774902,0.910715639591217,0.9160224795341492,0.9014620184898376,0.8910562992095947,0.89362633228302,0.9057180285453796,0.9147064089775085,0.9091160893440247,0.879558801651001,0.8706178665161133,3.0
1532,0.0,0.0,0.0,0.0,1.0,1.0,0.0,0.0,0.0,0.0,0.0,1.0,1.0,0.0,0.9118499159812927,0.9201119542121887,0.9060088992118835,0.8970780372619629,0.9122164845466614,0.9170032143592834,0.9032070636749268,0.8924831748008728,0.8938936591148376,0.9048048853874207,0.9136423468589783,0.9074040055274963,0.8788869976997375,0.8728660941123962,0.0
1533,0.0,0.0,0.0,0.0,1.0,1.0,0.0,0.0,0.0,1.0,1.0,1.0,1.0,0.0,0.9086019992828369,0.9143900871276855,0.8998662233352661,0.8928211331367493,0.9070772528648376,0.9137077927589417,0.9002993106842041,0.8889450430870056,0.8896443843841553,0.9007307291030884,0.91062331199646,0.9076473116874695,0.8776355385780334,0.862535834312439,0.0
1534,1.0,0.0,0.0,0.0,0.0,0.0,0.0,0.0,0.0,0.0,0.0,1.0,1.0,0.0,0.9076828360557556,0.9133293628692627,0.9044216275215149,0.8965906500816345,0.903779149055481,0.9086021184921265,0.8953036069869995,0.8883023858070374,0.889342725276947,0.900888204574585,0.9113546013832092,0.9111626744270325,0.8831508159637451,0.8787838816642761,4.0
1535,0.0,0.0,1.0,1.0,0.0,0.0,0.0,0.0,0.0,0.0,0.0,1.0,1.0,0.0,0.9123839735984802,0.9183128476142883,0.9078311920166016,0.8989897966384888,0.9062882661819458,0.9110047221183777,0.8985324501991272,0.891105592250824,0.8925611972808838,0.9052943587303162,0.9142822027206421,0.9106212258338928,0.8829799294471741,0.8789319396018982,0.0
1536,0.0,1.0,1.0,0.0,0.0,0.0,0.0,0.0,0.0,0.0,0.0,0.0,0.0,0.0,0.9108700156211853,0.917848527431488,0.9062548279762268,0.8974952697753906,0.9088496565818787,0.9137278199195862,0.900888204574585,0.8916211724281311,0.8938227891921997,0.9046353101730347,0.9134199619293213,0.9091931581497192,0.8809927105903625,0.8744567036628723,3.0
1537,0.0,0.0,1.0,1.0,0.0,0.0,0.0,0.0,0.0,0.0,0.0,1.0,1.0,0.0,0.9119220972061157,0.9170578718185425,0.9055622220039368,0.8967205286026001,0.9061658382415771,0.9109841585159302,0.8984643816947937,0.8900498747825623,0.8921932578086853,0.9039161801338196,0.9128821492195129,0.909423828125,0.8818194270133972,0.8766952753067017,0.0
1538,1.0,0.0,0.0,0.0,1.0,1.0,0.0,0.0,0.0,0.0,0.0,1.0,1.0,0.0,0.9125728607177734,0.921180248260498,0.9097887277603149,0.9001157283782959,0.9106108546257019,0.9156487584114075,0.9028716087341309,0.8932211399078369,0.8947205543518066,0.90731281042099,0.9159572720527649,0.910017728805542,0.8811594247817993,0.8768527507781982,0.0
1539,0.0,1.0,1.0,1.0,0.0,0.0,0.0,0.0,0.0,0.0,0.0,0.0,0.0,0.0,0.9048479199409485,0.913608193397522,0.9043291807174683,0.9002980589866638,0.9062501192092896,0.909493625164032,0.8945463299751282,0.8856424689292908,0.8874788284301758,0.9016215205192566,0.9117674827575684,0.9102998375892639,0.8775239586830139,0.8608669638633728,2.0
1540,0.0,0.0,1.0,1.0,0.0,0.0,0.0,0.0,0.0,0.0,0.0,1.0,1.0,0.0,0.9074937105178833,0.9174633622169495,0.90946364402771,0.9020956158638,0.9074745178222656,0.9117729067802429,0.8975825309753418,0.8886937499046326,0.8893143534660339,0.9031299948692322,0.9148781895637512,0.9131662249565125,0.882396399974823,0.8707515597343445,3.0
1541,0.0,0.0,0.0,0.0,0.0,0.0,1.0,1.0,0.0,0.0,0.0,0.0,0.0,0.0,0.9111390113830566,0.9155743718147278,0.8990828990936279,0.890432596206665,0.9086809158325195,0.914751410484314,0.8996782302856445,0.8889801502227783,0.8920332789421082,0.9022483229637146,0.9111297726631165,0.9067064523696899,0.8786906003952026,0.8682119250297546,2.0
1542,0.0,0.0,0.0,0.0,0.0,1.0,1.0,0.0,0.0,0.0,1.0,1.0,0.0,0.0,0.9074823260307312,0.9179773926734924,0.91019207239151,0.9039121270179749,0.9114419221878052,0.9154311418533325,0.899979293346405,0.890488862991333,0.892052948474884,0.9055412411689758,0.9171090126037598,0.9137265086174011,0.8819628357887268,0.8762069344520569,3.0
1543,0.0,0.0,0.0,0.0,1.0,1.0,0.0,0.0,0.0,0.0,0.0,1.0,1.0,0.0,0.9119622111320496,0.9209486246109009,0.9100207090377808,0.8998311758041382,0.9095927476882935,0.913662314414978,0.9001622796058655,0.8912256360054016,0.892814576625824,0.9057990908622742,0.9151524901390076,0.9101404547691345,0.8808633685112,0.8763870000839233,3.0
1544,1.0,1.0,0.0,0.0,0.0,0.0,0.0,0.0,0.0,0.0,0.0,1.0,1.0,0.0,0.9032019376754761,0.9027567505836487,0.891663670539856,0.8962256908416748,0.8986312747001648,0.8942388892173767,0.8803392052650452,0.8789030313491821,0.8845025300979614,0.8973484635353088,0.9054222702980042,0.9085894823074341,0.8798220753669739,0.860484778881073,2.0
1545,0.0,1.0,1.0,0.0,0.0,0.0,0.0,0.0,0.0,1.0,1.0,1.0,1.0,0.0,0.9113066792488098,0.9182569980621338,0.907218337059021,0.8976378440856934,0.9069714546203613,0.9112133979797363,0.8993241786956787,0.8919631242752075,0.8937552571296692,0.903254508972168,0.9110528826713562,0.907452404499054,0.8807763457298279,0.877717912197113,1.0
1546,0.0,0.0,0.0,0.0,1.0,1.0,0.0,0.0,0.0,0.0,0.0,1.0,1.0,0.0,0.9101002812385559,0.9180077314376831,0.9062015414237976,0.899091362953186,0.9094085097312927,0.9139028191566467,0.9010334610939026,0.8917455673217773,0.8932324647903442,0.9067408442497253,0.9145528674125671,0.9085119366645813,0.8796294331550598,0.874199628829956,3.0
1547,0.0,0.0,0.0,1.0,1.0,0.0,0.0,0.0,0.0,0.0,0.0,1.0,1.0,0.0,0.9108802676200867,0.9171469807624817,0.906283974647522,0.8976081609725952,0.9077737331390381,0.9128714203834534,0.9004362225532532,0.8917668461799622,0.8933553099632263,0.9051460027694702,0.9135218262672424,0.9089534878730774,0.8811714053153992,0.8764751553535461,1.0
1548,1.0,1.0,0.0,0.0,0.0,0.0,0.0,0.0,0.0,1.0,1.0,0.0,0.0,0.0,0.9110658764839172,0.918274462223053,0.9064030647277832,0.8971906900405884,0.9089282751083374,0.9135392308235168,0.9012811183929443,0.8927643299102783,0.8953703045845032,0.9061917662620544,0.9138213992118835,0.9086148142814636,0.8814618587493896,0.8762105703353882,3.0
1549,1.0,1.0,0.0,0.0,0.0,0.0,0.0,0.0,0.0,0.0,0.0,0.0,0.0,0.0,0.9110687375068665,0.9142818450927734,0.9035637378692627,0.897580623626709,0.9030647277832031,0.9056716561317444,0.8915326595306396,0.8866670727729797,0.8899884819984436,0.903464674949646,0.9116800427436829,0.9086232781410217,0.8808412551879883,0.8745831251144409,3.0
1550,0.0,0.0,0.0,0.0,1.0,1.0,0.0,0.0,0.0,0.0,0.0,1.0,1.0,0.0,0.907946765422821,0.9177603125572205,0.9070544242858887,0.8970705270767212,0.9069185256958008,0.9115995168685913,0.8983839750289917,0.8897891044616699,0.8922616839408875,0.9041632413864136,0.9138132929801941,0.9110693335533142,0.8823679685592651,0.8749324083328247,0.0
1551,0.0,0.0,0.0,0.0,1.0,1.0,1.0,1.0,0.0,0.0,0.0,0.0,0.0,0.0,0.9108045101165771,0.9179636836051941,0.9041544795036316,0.8928097486495972,0.9072628617286682,0.9121037125587463,0.8992950320243835,0.8900134563446045,0.8900051116943359,0.9007337093353271,0.9089310169219971,0.9027302265167236,0.8748726844787598,0.8728284239768982,2.0
1552,1.0,1.0,0.0,0.0,1.0,1.0,0.0,0.0,0.0,0.0,0.0,0.0,0.0,0.0,0.9119812846183777,0.9184946417808533,0.9078460931777954,0.8984977006912231,0.9068741798400879,0.9120956063270569,0.9000342488288879,0.8918682932853699,0.893500566482544,0.9060244560241699,0.9145157337188721,0.9098482728004456,0.8824593424797058,0.8789823651313782,0.0
1553,0.0,0.0,0.0,1.0,1.0,0.0,0.0,0.0,0.0,0.0,0.0,1.0,1.0,0.0,0.9094767570495605,0.9126880168914795,0.9021855592727661,0.896833062171936,0.9017492532730103,0.9046338200569153,0.8915244936943054,0.8864487409591675,0.8899403214454651,0.9030171632766724,0.9122545123100281,0.9090867638587952,0.8807392716407776,0.8720510601997375,2.0
1554,0.0,1.0,1.0,1.0,0.0,0.0,0.0,0.0,0.0,0.0,0.0,1.0,1.0,0.0,0.9110336303710938,0.9191228151321411,0.908388614654541,0.9005702137947083,0.9104616641998291,0.9147924184799194,0.9012660980224609,0.8913751840591431,0.892976701259613,0.9067323207855225,0.915554404258728,0.9107032418251038,0.8810850381851196,0.8759860396385193,3.0
1555,1.0,1.0,0.0,0.0,0.0,0.0,0.0,0.0,0.0,0.0,0.0,1.0,1.0,0.0,0.9074965715408325,0.9165768027305603,0.9021809101104736,0.8909953236579895,0.9082184433937073,0.9130182266235352,0.8991858959197998,0.889744222164154,0.8914719820022583,0.9030513167381287,0.9093400239944458,0.9017245173454285,0.8741456866264343,0.8687734603881836,3.0
1556,0.0,0.0,0.0,0.0,0.0,1.0,1.0,0.0,0.0,1.0,1.0,1.0,1.0,0.0,0.9117960929870605,0.9197376370429993,0.9078091979026794,0.8972398638725281,0.9083752036094666,0.9136824607849121,0.9010425806045532,0.8921916484832764,0.8942596316337585,0.9051198363304138,0.9133287668228149,0.9083935022354126,0.8803740739822388,0.8742331266403198,2.0
1557,0.0,0.0,1.0,1.0,0.0,0.0,1.0,1.0,0.0,0.0,0.0,1.0,1.0,0.0,0.9119370579719543,0.9185174107551575,0.9055981040000916,0.8967958688735962,0.910632848739624,0.9165375232696533,0.9034794569015503,0.8928745985031128,0.8940767645835876,0.9055934548377991,0.9140321016311646,0.9081958532333374,0.8799934387207031,0.8735643029212952,0.0
1558,0.0,0.0,0.0,0.0,1.0,1.0,0.0,0.0,0.0,0.0,1.0,1.0,1.0,0.0,0.911628246307373,0.9186710715293884,0.9042330384254456,0.8951365947723389,0.910344123840332,0.9149046540260315,0.9013262987136841,0.8906688690185547,0.8927204012870789,0.9037039875984192,0.9119962453842163,0.9061499834060669,0.8778379559516907,0.8731592893600464,2.0
1559,0.0,0.0,0.0,0.0,1.0,1.0,0.0,0.0,0.0,0.0,0.0,1.0,1.0,0.0,0.9116091132164001,0.9218201041221619,0.9085113406181335,0.9000037312507629,0.9141452312469482,0.9181756377220154,0.9026603102684021,0.8926441073417664,0.8941923379898071,0.9063214063644409,0.916152834892273,0.9107197523117065,0.8809424638748169,0.8734593987464905,2.0
1560,0.0,1.0,1.0,0.0,0.0,0.0,0.0,0.0,0.0,0.0,0.0,0.0,0.0,0.0,0.9110363721847534,0.9198045134544373,0.9077178239822388,0.8966262936592102,0.9078375697135925,0.91255122423172,0.8997561931610107,0.8911237716674805,0.8924311399459839,0.9028983116149902,0.9118900895118713,0.9070637226104736,0.8784733414649963,0.8740652799606323,3.0
1561,1.0,1.0,0.0,0.0,0.0,0.0,0.0,0.0,0.0,0.0,0.0,0.0,0.0,0.0,0.9114419221878052,0.9174128770828247,0.906761646270752,0.8977729082107544,0.907157301902771,0.9116418361663818,0.8996981382369995,0.8917145133018494,0.8933907747268677,0.9042925238609314,0.9134065508842468,0.9099337458610535,0.8827101588249207,0.8783352971076965,1.0
1562,1.0,1.0,1.0,1.0,0.0,0.0,0.0,0.0,1.0,1.0,0.0,1.0,1.0,0.0,0.9098843932151794,0.9180597066879272,0.9082403779029846,0.9004833102226257,0.908280611038208,0.912964403629303,0.8980956673622131,0.8891807794570923,0.891087532043457,0.9043247699737549,0.9142556190490723,0.9104243516921997,0.8795052766799927,0.8701972365379333,1.0
1563,1.0,1.0,0.0,0.0,0.0,1.0,1.0,0.0,0.0,0.0,0.0,1.0,1.0,0.0,0.9110604524612427,0.9175056219100952,0.9046481847763062,0.8948083519935608,0.9072785973548889,0.9119037389755249,0.8994162678718567,0.8909130096435547,0.8944103121757507,0.90399569272995,0.9116719365119934,0.9065831303596497,0.8793929815292358,0.8739905953407288,2.0
1564,1.0,1.0,0.0,0.0,0.0,0.0,0.0,0.0,0.0,0.0,0.0,0.0,0.0,0.0,0.9118416905403137,0.9194870591163635,0.9064292907714844,0.8970857858657837,0.910941481590271,0.9146932363510132,0.9029607176780701,0.8930658102035522,0.8927626609802246,0.9032307863235474,0.9113546013832092,0.9052900671958923,0.8783730268478394,0.8751770853996277,1.0
1565,1.0,1.0,0.0,0.0,0.0,1.0,1.0,0.0,0.0,0.0,0.0,1.0,1.0,0.0,0.9099857211112976,0.916646420955658,0.9064314365386963,0.901237428188324,0.9096721410751343,0.9117919206619263,0.8983839750289917,0.8902637362480164,0.8908783793449402,0.9035680890083313,0.9133583307266235,0.9102402925491333,0.8811407685279846,0.8749101758003235,1.0
1566,1.0,0.0,0.0,0.0,0.0,0.0,0.0,0.0,0.0,0.0,0.0,1.0,1.0,0.0,0.9083652496337891,0.9174608588218689,0.902922511100769,0.8908553123474121,0.9082679152488708,0.9132831692695618,0.8987255096435547,0.8889501094818115,0.8898854851722717,0.8991736769676208,0.9071415066719055,0.9007670879364014,0.8713739514350891,0.8631858825683594,1.0
1567,0.0,0.0,1.0,1.0,1.0,1.0,0.0,0.0,0.0,0.0,0.0,1.0,1.0,0.0,0.9096254706382751,0.915566086769104,0.9049383997917175,0.8970533609390259,0.905316174030304,0.9096471071243286,0.8968256711959839,0.8886199593544006,0.8907778263092041,0.9023798704147339,0.9115434288978577,0.9090852737426758,0.8815571665763855,0.8731855750083923,2.0
1568,0.0,0.0,0.0,1.0,1.0,0.0,0.0,0.0,0.0,0.0,0.0,1.0,1.0,0.0,0.909393846988678,0.9158172011375427,0.9069757461547852,0.9028337001800537,0.90966796875,0.910370409488678,0.8961791396141052,0.889354407787323,0.8911023736000061,0.9043599963188171,0.9142769575119019,0.9112313389778137,0.8814774751663208,0.8751919269561768,4.0
1569,0.0,0.0,1.0,1.0,0.0,0.0,0.0,0.0,0.0,0.0,0.0,1.0,1.0,0.0,0.9104662537574768,0.9167395830154419,0.9039803147315979,0.8963151574134827,0.9069356918334961,0.9118355512619019,0.897342324256897,0.8878574967384338,0.8899221420288086,0.9028508067131042,0.912094235420227,0.909200131893158,0.879493236541748,0.8675586581230164,2.0
1570,1.0,1.0,0.0,0.0,0.0,0.0,0.0,0.0,0.0,0.0,0.0,0.0,0.0,0.0,0.9108302593231201,0.9176686406135559,0.9089885354042053,0.9014378786087036,0.9047055244445801,0.9086570143699646,0.894062340259552,0.8873738050460815,0.8897259831428528,0.9037423729896545,0.9147250056266785,0.9110569357872009,0.8810468912124634,0.8746538162231445,4.0
1571,0.0,1.0,1.0,0.0,0.0,0.0,0.0,0.0,0.0,0.0,0.0,1.0,1.0,0.0,0.9109662175178528,0.9175926446914673,0.9045087695121765,0.8941024541854858,0.9088510274887085,0.9134601950645447,0.900338888168335,0.8916555643081665,0.8936875462532043,0.9031448364257812,0.9098419547080994,0.9030539393424988,0.8765488266944885,0.8717670440673828,4.0
1572,0.0,1.0,1.0,0.0,0.0,0.0,0.0,0.0,0.0,0.0,0.0,1.0,1.0,0.0,0.9123331904411316,0.9206131100654602,0.9094018340110779,0.9001127481460571,0.9098058342933655,0.9147964119911194,0.9015101790428162,0.8921132683753967,0.893271267414093,0.9060995578765869,0.9158005714416504,0.9107942581176758,0.8819039463996887,0.8761774897575378,2.0
1573,0.0,0.0,0.0,1.0,1.0,0.0,0.0,0.0,0.0,0.0,0.0,1.0,1.0,0.0,0.9012991786003113,0.9111763834953308,0.9061139225959778,0.9038981795310974,0.9040130376815796,0.9042837619781494,0.8902472257614136,0.882902979850769,0.8847240209579468,0.8994162678718567,0.9114859700202942,0.909713864326477,0.8760946393013,0.8593575358390808,2.0
1574,0.0,0.0,0.0,1.0,1.0,0.0,0.0,0.0,0.0,0.0,0.0,1.0,1.0,0.0,0.8976261615753174,0.9104201793670654,0.9081377983093262,0.9099781513214111,0.9083554148674011,0.9039279818534851,0.8869104385375977,0.8805819153785706,0.882922351360321,0.897875189781189,0.9101973176002502,0.9127607345581055,0.8779888153076172,0.8570509552955627,3.0
1575,1.0,1.0,0.0,0.0,0.0,0.0,0.0,0.0,0.0,0.0,0.0,0.0,0.0,0.0,0.9109249711036682,0.9201783537864685,0.9080234169960022,0.897295355796814,0.9085359573364258,0.9135967493057251,0.9010213613510132,0.8922877907752991,0.8940190076828003,0.9032604694366455,0.9117100834846497,0.9084076881408691,0.8809719681739807,0.8754804730415344,1.0
1576,1.0,0.0,0.0,0.0,0.0,1.0,1.0,1.0,0.0,0.0,0.0,1.0,1.0,0.0,0.9115263819694519,0.9184761643409729,0.9067168831825256,0.8974218964576721,0.9096052646636963,0.9141732454299927,0.9016937017440796,0.8921067118644714,0.8945191502571106,0.9052478671073914,0.9135191440582275,0.908311665058136,0.8806408047676086,0.8766475319862366,1.0
1577,0.0,0.0,0.0,0.0,0.0,0.0,0.0,0.0,0.0,1.0,1.0,1.0,1.0,0.0,0.9105514287948608,0.917908787727356,0.9042606353759766,0.8945590853691101,0.9102139472961426,0.9143168330192566,0.9014002084732056,0.8911944031715393,0.8920692801475525,0.9018438458442688,0.9097194671630859,0.9032307863235474,0.8755570650100708,0.8711555004119873,1.0
1578,0.0,1.0,1.0,0.0,0.0,0.0,0.0,0.0,0.0,0.0,0.0,1.0,1.0,0.0,0.9087498188018799,0.9202075004577637,0.9082379937171936,0.8978386521339417,0.9095718264579773,0.9141293168067932,0.8987671136856079,0.8890839219093323,0.8920332789421082,0.9047756195068359,0.9150866270065308,0.9112792611122131,0.8809526562690735,0.869055449962616,3.0
1579,0.0,1.0,1.0,0.0,0.0,0.0,0.0,0.0,0.0,0.0,0.0,0.0,0.0,0.0,0.9096665382385254,0.9182953834533691,0.9045936465263367,0.8947699666023254,0.9106149673461914,0.9146496057510376,0.9015493392944336,0.8913882374763489,0.8921508193016052,0.9035031199455261,0.9111407995223999,0.9041692018508911,0.8763092756271362,0.8707972764968872,4.0
1580,1.0,1.0,0.0,0.0,0.0,0.0,0.0,1.0,1.0,0.0,0.0,0.0,0.0,0.0,0.9083821773529053,0.9177192449569702,0.9087139964103699,0.9008310437202454,0.9080090522766113,0.9122585654258728,0.8973203897476196,0.888394832611084,0.8902057409286499,0.9039515256881714,0.9152182936668396,0.9129441380500793,0.8813712000846863,0.8675898909568787,0.0
1581,0.0,0.0,1.0,1.0,0.0,0.0,0.0,0.0,0.0,0.0,0.0,1.0,1.0,0.0,0.9118267297744751,0.9204745888710022,0.9081419706344604,0.8993403315544128,0.9116432070732117,0.9156527519226074,0.9016245007514954,0.89162278175354,0.8926880359649658,0.9052362442016602,0.914534330368042,0.9094559550285339,0.8803226947784424,0.8748469948768616,3.0
1582,1.0,1.0,0.0,0.0,0.0,1.0,1.0,1.0,0.0,0.0,0.0,1.0,1.0,0.0,0.9109882116317749,0.9180909395217896,0.9042404890060425,0.8940559029579163,0.9097543358802795,0.9141692519187927,0.9004483819007874,0.890182614326477,0.8905847072601318,0.9019069075584412,0.9097083210945129,0.903282642364502,0.8757597804069519,0.8721758127212524,3.0
1583,0.0,0.0,1.0,1.0,0.0,0.0,0.0,0.0,0.0,1.0,1.0,1.0,1.0,0.0,0.9096512198448181,0.9201457500457764,0.9080066680908203,0.8987794518470764,0.912180483341217,0.9164882898330688,0.9012569785118103,0.8916342258453369,0.8929605484008789,0.904568076133728,0.9149653315544128,0.9094838500022888,0.8787053227424622,0.8697599172592163,0.0
1584,0.0,0.0,1.0,1.0,0.0,0.0,0.0,0.0,0.0,0.0,0.0,1.0,1.0,0.0,0.9105805158615112,0.9183769822120667,0.9084802865982056,0.9004565477371216,0.9072936177253723,0.912049412727356,0.8989336490631104,0.8902852535247803,0.892000675201416,0.9057614207267761,0.9154599905014038,0.9106922149658203,0.8811712265014648,0.8728848695755005,2.0
1585,1.0,1.0,0.0,0.0,0.0,0.0,0.0,1.0,1.0,0.0,0.0,0.0,0.0,0.0,0.9123677015304565,0.9189730286598206,0.9083201289176941,0.8988072872161865,0.9072628617286682,0.9120697379112244,0.8998051285743713,0.8915802240371704,0.8932453989982605,0.9059349298477173,0.9142157435417175,0.910021185874939,0.8825355172157288,0.8771929144859314,4.0
1586,0.0,0.0,0.0,1.0,1.0,0.0,0.0,0.0,0.0,0.0,0.0,1.0,1.0,0.0,0.9000875353813171,0.9119812846183777,0.9086204171180725,0.9106851816177368,0.9104222655296326,0.9045431017875671,0.8860368728637695,0.8801301121711731,0.8842459917068481,0.8998907804489136,0.913242757320404,0.9161697626113892,0.8811121582984924,0.8598526120185852,3.0
1587,1.0,1.0,0.0,0.0,0.0,0.0,0.0,0.0,0.0,0.0,0.0,1.0,1.0,0.0,0.9091896414756775,0.9177666902542114,0.9068053960800171,0.8973656296730042,0.9084682464599609,0.9136208295822144,0.8992289900779724,0.889324426651001,0.8915867209434509,0.9033671021461487,0.913733184337616,0.9104838371276855,0.880841076374054,0.8705491423606873,3.0
1588,0.0,0.0,0.0,1.0,1.0,0.0,0.0,0.0,0.0,0.0,0.0,1.0,1.0,0.0,0.9100954532623291,0.9180026054382324,0.9062367677688599,0.8992788791656494,0.9122368693351746,0.9170884490013123,0.9032871127128601,0.8922291398048401,0.8933390974998474,0.9063674807548523,0.9154652953147888,0.9095410704612732,0.8798650503158569,0.8743933439254761,3.0
1589,0.0,0.0,1.0,1.0,0.0,0.0,0.0,0.0,0.0,0.0,0.0,1.0,1.0,0.0,0.9112895727157593,0.91749507188797,0.9063099026679993,0.8969950675964355,0.9072529077529907,0.9126242995262146,0.8991551995277405,0.889855682849884,0.8917865753173828,0.9038749933242798,0.91321861743927,0.9095271229743958,0.8813474774360657,0.8738561272621155,4.0
1590,0.0,0.0,1.0,1.0,0.0,0.0,0.0,0.0,0.0,0.0,0.0,1.0,1.0,0.0,0.9124997854232788,0.9204972982406616,0.9076892137527466,0.8989020586013794,0.9120316505432129,0.9173150062561035,0.9041574001312256,0.8933553099632263,0.8948418498039246,0.9067581295967102,0.9156513214111328,0.9094378352165222,0.880449652671814,0.8747653961181641,0.0
1591,1.0,1.0,0.0,0.0,0.0,0.0,0.0,0.0,0.0,0.0,0.0,1.0,1.0,0.0,0.9111475944519043,0.918925404548645,0.9081202149391174,0.9001196026802063,0.908887505531311,0.9128565192222595,0.8992228507995605,0.8908833265304565,0.892931342124939,0.906378984451294,0.9151498675346375,0.9097236394882202,0.8805168867111206,0.8754990100860596,3.0
1592,0.0,0.0,0.0,1.0,1.0,0.0,0.0,0.0,0.0,0.0,0.0,1.0,1.0,0.0,0.9110775589942932,0.9198097586631775,0.9075654149055481,0.8989751935005188,0.9114518165588379,0.9162648320198059,0.9024694561958313,0.8923969268798828,0.8930804133415222,0.9051518440246582,0.9140987396240234,0.9077935814857483,0.8784838318824768,0.8734256625175476,0.0
1593,1.0,0.0,0.0,0.0,0.0,0.0,0.0,0.0,0.0,0.0,0.0,0.0,0.0,0.0,0.9110370874404907,0.9176549911499023,0.9058070182800293,0.897062361240387,0.9102901816368103,0.9146350026130676,0.9027734398841858,0.8936408162117004,0.8947460055351257,0.9055644273757935,0.9127040505409241,0.906895637512207,0.879432737827301,0.8767099380493164,1.0
1594,1.0,1.0,1.0,0.0,0.0,0.0,0.0,0.0,0.0,0.0,0.0,1.0,1.0,0.0,0.9070243835449219,0.9161251187324524,0.9054831862449646,0.9000861048698425,0.9101231694221497,0.9142981767654419,0.9015207290649414,0.8915031552314758,0.8912585377693176,0.9045738577842712,0.9137385487556458,0.9080416560173035,0.8775973320007324,0.86989426612854,0.0
1595,1.0,1.0,0.0,0.0,0.0,0.0,0.0,0.0,0.0,0.0,0.0,1.0,1.0,0.0,0.9095278382301331,0.9157119393348694,0.9038668870925903,0.8951581120491028,0.9071744084358215,0.9131326079368591,0.9010953903198242,0.891961395740509,0.8938325047492981,0.9033403992652893,0.9115790128707886,0.9080061912536621,0.8810961246490479,0.8738112449645996,4.0
1596,0.0,0.0,0.0,0.0,0.0,1.0,1.0,0.0,0.0,0.0,1.0,1.0,1.0,0.0,0.910548746585846,0.9177953004837036,0.9075698256492615,0.8993115425109863,0.9073869585990906,0.9122164845466614,0.899247407913208,0.8903233408927917,0.8920202255249023,0.9047931432723999,0.9144150018692017,0.910529375076294,0.8814491629600525,0.8730127215385437,2.0
1597,1.0,1.0,1.0,1.0,0.0,0.0,0.0,0.0,0.0,0.0,0.0,1.0,1.0,0.0,0.9101321697235107,0.9183717966079712,0.9053916931152344,0.8944438695907593,0.9094070792198181,0.9134226441383362,0.9007064700126648,0.8917489051818848,0.8928794860839844,0.9032426476478577,0.9096108078956604,0.9018884897232056,0.8758005499839783,0.8717708587646484,4.0
1598,0.0,1.0,1.0,0.0,1.0,1.0,0.0,0.0,0.0,0.0,0.0,1.0,1.0,0.0,0.9097382426261902,0.9179209470748901,0.9036335349082947,0.8974374532699585,0.914006769657135,0.9168224334716797,0.9008018970489502,0.8897209763526917,0.8907662630081177,0.9026245474815369,0.9121648073196411,0.9059190154075623,0.8759266138076782,0.8675041198730469,1.0
1599,0.0,0.0,0.0,0.0,1.0,1.0,1.0,1.0,0.0,0.0,0.0,1.0,1.0,0.0,0.9068770408630371,0.9139461517333984,0.9022423028945923,0.8956011533737183,0.9059392809867859,0.9112422466278076,0.8995266556739807,0.8908026218414307,0.8898240327835083,0.9028775095939636,0.9117892384529114,0.9064019918441772,0.8770528435707092,0.8713228702545166,2.0
1600,0.0,0.0,0.0,0.0,0.0,0.0,0.0,1.0,1.0,0.0,0.0,0.0,0.0,0.0,0.9120806455612183,0.9200566411018372,0.9082615375518799,0.8993257284164429,0.9111009240150452,0.9162192940711975,0.9024186730384827,0.8918976783752441,0.8934553861618042,0.9063185453414917,0.915315568447113,0.9103662371635437,0.8816076517105103,0.8748543858528137,4.0
1601,0.0,0.0,0.0,0.0,1.0,1.0,1.0,1.0,0.0,0.0,1.0,1.0,1.0,0.0,0.9113615155220032,0.920446515083313,0.9100024104118347,0.9014175534248352,0.9100850820541382,0.9154114127159119,0.9022064208984375,0.8918567895889282,0.8928405046463013,0.9068583846092224,0.9168974161148071,0.9123128652572632,0.8817915320396423,0.8737663626670837,0.0
1602,0.0,0.0,1.0,1.0,0.0,0.0,0.0,0.0,0.0,0.0,0.0,1.0,1.0,0.0,0.9114189743995667,0.9197854399681091,0.9086588025093079,0.9001116156578064,0.9093986749649048,0.9141240119934082,0.9014574885368347,0.892333447933197,0.8929929733276367,0.9058250784873962,0.9147989749908447,0.9102943539619446,0.8813998103141785,0.875214159488678,0.0
1603,1.0,0.0,0.0,0.0,0.0,0.0,0.0,0.0,0.0,0.0,0.0,0.0,0.0,0.0,0.9093610048294067,0.9168762564659119,0.9058178663253784,0.8972660899162292,0.9082028865814209,0.9136343002319336,0.8994868397712708,0.8893210291862488,0.8916130065917969,0.9023738503456116,0.9128848314285278,0.9105252623558044,0.8808295130729675,0.8697752952575684,4.0
1604,0.0,0.0,1.0,1.0,0.0,0.0,0.0,0.0,0.0,0.0,0.0,1.0,1.0,0.0,0.9093962907791138,0.9159396886825562,0.9042646288871765,0.8968221545219421,0.9076437950134277,0.912094235420227,0.8979466557502747,0.8885964155197144,0.8910331726074219,0.9020567536354065,0.9117100834846497,0.908476710319519,0.880046010017395,0.8688391447067261,3.0
1605,0.0,0.0,0.0,0.0,0.0,0.0,0.0,0.0,0.0,1.0,1.0,0.0,0.0,0.0,0.9107136726379395,0.9195738434791565,0.9110095500946045,0.9022647738456726,0.9086641073226929,0.913354218006134,0.8991091251373291,0.8904871344566345,0.8920627236366272,0.9054512977600098,0.9175692200660706,0.9131218791007996,0.8821797966957092,0.8742406368255615,0.0
1606,1.0,1.0,0.0,0.0,0.0,0.0,0.0,0.0,0.0,0.0,0.0,0.0,0.0,0.0,0.9120996594429016,0.9198167324066162,0.9081096053123474,0.9001538753509521,0.9109538793563843,0.9154875874519348,0.9025081992149353,0.8924473524093628,0.8942115902900696,0.9067064523696899,0.9154862761497498,0.9097117781639099,0.8802760243415833,0.8757648468017578,1.0
1607,1.0,1.0,0.0,0.0,0.0,1.0,1.0,1.0,0.0,0.0,1.0,1.0,1.0,0.0,0.9109181761741638,0.9185562133789062,0.9056285619735718,0.8982197642326355,0.9139601588249207,0.9196906685829163,0.9056484699249268,0.893669843673706,0.8949151635169983,0.9068583846092224,0.9151340126991272,0.9080359935760498,0.8791288733482361,0.874519944190979,0.0
1608,0.0,0.0,0.0,0.0,1.0,1.0,0.0,1.0,1.0,0.0,0.0,1.0,1.0,0.0,0.9104808568954468,0.9164639711380005,0.9048084616661072,0.8971961140632629,0.9068942070007324,0.9125755429267883,0.900264322757721,0.8906870484352112,0.8918551802635193,0.9039221405982971,0.9129441380500793,0.9089661836624146,0.8806014657020569,0.8731404542922974,0.0
1609,1.0,1.0,0.0,0.0,1.0,1.0,0.0,0.0,0.0,0.0,0.0,1.0,1.0,0.0,0.9111297726631165,0.9196702241897583,0.9083236455917358,0.8989975452423096,0.9086949825286865,0.9140080809593201,0.9011815786361694,0.8917325139045715,0.8938549757003784,0.9053670763969421,0.9149495363235474,0.9110611081123352,0.8824623823165894,0.8744120597839355,2.0
1610,1.0,1.0,0.0,0.0,1.0,1.0,0.0,0.0,0.0,0.0,0.0,0.0,0.0,0.0,0.9114483594894409,0.9199751019477844,0.9080610275268555,0.8998609185218811,0.9116145968437195,0.9165959358215332,0.9019998908042908,0.8913882374763489,0.8931872248649597,0.9061917662620544,0.9159207940101624,0.9107363820075989,0.8807801008224487,0.8739868402481079,3.0
1611,0.0,0.0,1.0,1.0,0.0,0.0,0.0,0.0,0.0,0.0,0.0,1.0,1.0,0.0,0.9115592241287231,0.9188045859336853,0.9090369939804077,0.9010621905326843,0.9068569540977478,0.9111901521682739,0.897741436958313,0.889794111251831,0.8912667632102966,0.9051809906959534,0.9152787923812866,0.9111146330833435,0.8817108869552612,0.8759602308273315,0.0
1612,0.0,0.0,0.0,0.0,1.0,1.0,1.0,1.0,0.0,0.0,0.0,1.0,1.0,0.0,0.9114278554916382,0.9203068614006042,0.9077957272529602,0.9001211524009705,0.9124537706375122,0.91752690076828,0.9030202031135559,0.8921002745628357,0.8938502073287964,0.9065887928009033,0.9163714647293091,0.9108259081840515,0.8811964988708496,0.8724967837333679,2.0
1613,0.0,0.0,1.0,1.0,1.0,1.0,0.0,0.0,0.0,0.0,0.0,1.0,1.0,0.0,0.9117066860198975,0.9189164042472839,0.906560480594635,0.8975599408149719,0.9107722043991089,0.9157273173332214,0.9033788442611694,0.8936472535133362,0.8950840830802917,0.9060302376747131,0.9139840602874756,0.9076551795005798,0.8799557685852051,0.8762657642364502,0.0
1614,0.0,0.0,0.0,0.0,0.0,1.0,1.0,0.0,0.0,1.0,1.0,1.0,1.0,0.0,0.9118995666503906,0.9199808239936829,0.9091417193412781,0.8989805579185486,0.9082226753234863,0.9132441878318787,0.9001774787902832,0.8911895155906677,0.893251895904541,0.9055209159851074,0.9144681096076965,0.9103274941444397,0.8815277814865112,0.876133382320404,3.0
1615,0.0,0.0,0.0,1.0,1.0,0.0,0.0,0.0,0.0,0.0,0.0,1.0,1.0,0.0,0.9039912819862366,0.9165570735931396,0.9117422103881836,0.9085435271263123,0.9102970957756042,0.9107005000114441,0.8938855528831482,0.8861035704612732,0.8891491293907166,0.9033700227737427,0.9155230522155762,0.9139814972877502,0.8801479935646057,0.8663069605827332,0.0
1616,0.0,0.0,1.0,1.0,0.0,0.0,0.0,0.0,0.0,0.0,0.0,1.0,1.0,0.0,0.9118355512619019,0.9211225509643555,0.9091816544532776,0.9008041620254517,0.9129468202590942,0.9179505705833435,0.9033492803573608,0.8930544853210449,0.8940960168838501,0.9062725305557251,0.9161242246627808,0.9114655256271362,0.8815828561782837,0.8738112449645996,1.0
1617,1.0,1.0,0.0,0.0,0.0,0.0,0.0,0.0,0.0,0.0,0.0,1.0,1.0,0.0,0.9106305241584778,0.9171112775802612,0.9028842449188232,0.8961665034294128,0.9120425581932068,0.9172906279563904,0.9020897150039673,0.8909327983856201,0.893070638179779,0.9050790071487427,0.9147884249687195,0.9098531007766724,0.8795763254165649,0.8686457872390747,3.0
1618,1.0,0.0,0.0,0.0,0.0,0.0,0.0,0.0,0.0,0.0,0.0,1.0,1.0,0.0,0.9108514189720154,0.9181972742080688,0.9058630466461182,0.8986777067184448,0.9124402403831482,0.917235255241394,0.9038705825805664,0.8929102420806885,0.8939354419708252,0.9061658382415771,0.9140161275863647,0.9073327779769897,0.8785919547080994,0.8742741346359253,0.0
1619,1.0,1.0,1.0,0.0,0.0,0.0,0.0,1.0,1.0,0.0,0.0,1.0,1.0,0.0,0.9102469086647034,0.9152607321739197,0.9023768305778503,0.8948450088500977,0.9066247344017029,0.9127634167671204,0.900560736656189,0.8901610374450684,0.8918224573135376,0.9026156067848206,0.9121240377426147,0.9085528254508972,0.8806300759315491,0.8728810548782349,0.0
1620,1.0,1.0,1.0,1.0,0.0,0.0,0.0,0.0,0.0,0.0,0.0,1.0,1.0,0.0,0.911766767501831,0.9170690774917603,0.9063883423805237,0.8996782302856445,0.9057599306106567,0.9102166891098022,0.8963619470596313,0.8891206383705139,0.8905615210533142,0.9044420719146729,0.9142369627952576,0.9110816717147827,0.8821313977241516,0.8745422959327698,2.0
1621,0.0,1.0,1.0,1.0,0.0,0.0,0.0,0.0,0.0,0.0,0.0,1.0,1.0,0.0,0.9111661314964294,0.9193305373191833,0.9088215231895447,0.9004833102226257,0.910331666469574,0.9155400395393372,0.9030898809432983,0.8931872248649597,0.8940061330795288,0.9067351818084717,0.915774405002594,0.9104229807853699,0.8813543319702148,0.8772002458572388,1.0
1622,0.0,1.0,1.0,0.0,0.0,0.0,1.0,1.0,0.0,0.0,0.0,1.0,1.0,0.0,0.9053590893745422,0.9133958220481873,0.9040163159370422,0.8993247151374817,0.9045357704162598,0.9073156714439392,0.8929994106292725,0.8849866390228271,0.887879490852356,0.9019609093666077,0.9114997386932373,0.906436562538147,0.8749263882637024,0.8653655648231506,3.0
1623,1.0,1.0,0.0,0.0,0.0,0.0,0.0,0.0,0.0,0.0,0.0,1.0,1.0,0.0,0.907991349697113,0.9140236377716064,0.9052485823631287,0.8985019326210022,0.9056904315948486,0.9087357521057129,0.8961775302886963,0.8890922665596008,0.8926846981048584,0.9045533537864685,0.9131675362586975,0.9091217517852783,0.8807540535926819,0.872160792350769,2.0
1624,0.0,0.0,0.0,1.0,1.0,0.0,0.0,0.0,0.0,0.0,0.0,1.0,1.0,0.0,0.899016797542572,0.9089100360870361,0.9047581553459167,0.9089945554733276,0.9082248210906982,0.9009971618652344,0.8849952220916748,0.879843533039093,0.883030891418457,0.898467481136322,0.9112752079963684,0.9142078161239624,0.8801444172859192,0.858197808265686,2.0
1625,1.0,1.0,1.0,1.0,0.0,0.0,0.0,0.0,0.0,0.0,0.0,1.0,1.0,0.0,0.9120112061500549,0.9195953607559204,0.9075314402580261,0.8976954221725464,0.9093413949012756,0.9145979285240173,0.9020957350730896,0.8919777870178223,0.8941184878349304,0.9049274921417236,0.9138480424880981,0.908843994140625,0.8808683753013611,0.8749175667762756,4.0
1626,0.0,0.0,0.0,0.0,1.0,1.0,0.0,0.0,0.0,0.0,0.0,1.0,1.0,0.0,0.9096873998641968,0.9203757047653198,0.9097998738288879,0.8991690874099731,0.9098058342933655,0.9143619537353516,0.8992074131965637,0.8904739022254944,0.8923431038856506,0.90565425157547,0.9160199165344238,0.9116063714027405,0.8810024261474609,0.8728886246681213,3.0
1627,0.0,0.0,1.0,1.0,0.0,0.0,0.0,0.0,0.0,0.0,0.0,1.0,1.0,0.0,0.9112606644630432,0.9161589741706848,0.9052464365959167,0.8972734808921814,0.9057629108428955,0.9094894528388977,0.8975950479507446,0.8901676535606384,0.8924375772476196,0.903547465801239,0.9126553535461426,0.9099280834197998,0.8826687932014465,0.8786898851394653,1.0
1628,0.0,0.0,1.0,1.0,0.0,0.0,0.0,0.0,0.0,0.0,0.0,0.0,0.0,0.0,0.9118962287902832,0.9183833599090576,0.9061658382415771,0.8974406123161316,0.9092448949813843,0.9142875075340271,0.9021884799003601,0.8927285671234131,0.8943333625793457,0.9059060215950012,0.9138000011444092,0.9083285927772522,0.8804763555526733,0.8754990100860596,0.0
1629,0.0,0.0,0.0,0.0,1.0,1.0,1.0,1.0,0.0,0.0,0.0,1.0,1.0,0.0,0.9104326367378235,0.9194880127906799,0.9077829718589783,0.9008791446685791,0.914530336856842,0.9182006120681763,0.9027823209762573,0.8923105597496033,0.8939980268478394,0.9060446619987488,0.9157429933547974,0.9092735648155212,0.8789044618606567,0.8729751110076904,1.0
1630,0.0,0.0,0.0,1.0,1.0,0.0,0.0,0.0,0.0,0.0,0.0,1.0,1.0,0.0,0.9072321653366089,0.9147712588310242,0.9015808701515198,0.8932186961174011,0.9055731296539307,0.9116336703300476,0.8953830003738403,0.8846980929374695,0.8873230218887329,0.8988535404205322,0.9096582531929016,0.9093148708343506,0.8780677318572998,0.8590580224990845,4.0
1631,0.0,0.0,1.0,1.0,0.0,0.0,0.0,0.0,0.0,0.0,0.0,1.0,1.0,0.0,0.9123779535293579,0.9190971255302429,0.907319188117981,0.8984737396240234,0.9092127680778503,0.9139014482498169,0.9011332392692566,0.8922160267829895,0.8945862650871277,0.9065313935279846,0.914090633392334,0.9084295034408569,0.880246639251709,0.8747021555900574,4.0
1632,1.0,0.0,0.0,0.0,0.0,0.0,0.0,1.0,1.0,0.0,0.0,0.0,0.0,0.0,0.9115537405014038,0.9186984300613403,0.9060450196266174,0.8961917757987976,0.9093847870826721,0.9142436385154724,0.9004757404327393,0.8909410238265991,0.8934069871902466,0.9047756195068359,0.9131218791007996,0.9074552655220032,0.8788663744926453,0.8720018267631531,2.0
1633,0.0,0.0,0.0,1.0,1.0,0.0,0.0,0.0,0.0,0.0,0.0,1.0,1.0,0.0,0.9094768762588501,0.9193223714828491,0.9106543064117432,0.9028218388557434,0.9092715382575989,0.913305938243866,0.8986622095108032,0.8897193074226379,0.891909122467041,0.9053263068199158,0.9166205525398254,0.9130411148071289,0.8816116452217102,0.8713343143463135,3.0
1634,1.0,1.0,0.0,0.0,1.0,1.0,0.0,0.0,0.0,0.0,0.0,1.0,1.0,0.0,0.9060550928115845,0.9138621091842651,0.904991626739502,0.8989020586013794,0.9056759476661682,0.9098336696624756,0.8959122896194458,0.887451708316803,0.8880329728126526,0.899459183216095,0.9100058674812317,0.9101043939590454,0.8806531429290771,0.8668637275695801,4.0
1635,0.0,0.0,0.0,0.0,1.0,1.0,0.0,0.0,0.0,0.0,0.0,1.0,1.0,0.0,0.9093735218048096,0.9179997444152832,0.9036375284194946,0.8950425982475281,0.9114052653312683,0.9154114127159119,0.9008791446685791,0.8903664350509644,0.8912996053695679,0.9028983116149902,0.9118573665618896,0.9050324559211731,0.8754420876502991,0.8684328198432922,4.0
1636,1.0,1.0,0.0,0.0,0.0,0.0,0.0,0.0,0.0,0.0,0.0,1.0,1.0,0.0,0.90728360414505,0.9166451096534729,0.9074652791023254,0.9014802575111389,0.906629741191864,0.9102541208267212,0.8961066007614136,0.8886082172393799,0.8895761370658875,0.9039279818534851,0.9141146540641785,0.9094629287719727,0.8783701658248901,0.8702163696289062,4.0
1637,0.0,1.0,1.0,0.0,0.0,0.0,0.0,0.0,0.0,1.0,1.0,1.0,1.0,0.0,0.9104278087615967,0.9194594025611877,0.906977653503418,0.8973601460456848,0.9109841585159302,0.915419340133667,0.9006275534629822,0.8901792764663696,0.8912930488586426,0.9036478996276855,0.9133287668228149,0.9079722166061401,0.8781235218048096,0.8724327087402344,3.0
1638,0.0,1.0,1.0,0.0,0.0,0.0,0.0,0.0,0.0,0.0,0.0,1.0,1.0,0.0,0.9100580215454102,0.9168136119842529,0.9053118824958801,0.8959130644798279,0.9068598747253418,0.9124997854232788,0.8991644382476807,0.8901062607765198,0.8924343585968018,0.9023738503456116,0.91166090965271,0.9095620512962341,0.8817359209060669,0.8750399351119995,4.0
1639,1.0,1.0,1.0,1.0,0.0,0.0,0.0,0.0,0.0,0.0,0.0,1.0,1.0,0.0,0.9122788906097412,0.9202514290809631,0.9075822830200195,0.8984690308570862,0.9123575687408447,0.9177805781364441,0.9048033952713013,0.8936730623245239,0.8950745463371277,0.9067581295967102,0.9152682423591614,0.9087878465652466,0.8802462816238403,0.875609815120697,0.0
1640,0.0,0.0,0.0,0.0,1.0,1.0,1.0,1.0,0.0,0.0,0.0,1.0,1.0,0.0,0.911102294921875,0.9177128672599792,0.9061565399169922,0.8972492814064026,0.9084429144859314,0.9131957292556763,0.8997501134872437,0.890434205532074,0.8931969404220581,0.9037541151046753,0.9128174781799316,0.9087934494018555,0.8803898692131042,0.872956395149231,3.0
1641,0.0,1.0,1.0,0.0,0.0,0.0,0.0,0.0,0.0,1.0,1.0,1.0,1.0,0.0,0.910541832447052,0.9180730581283569,0.9052714109420776,0.8935635089874268,0.9070615768432617,0.911774218082428,0.8989059329032898,0.8902124166488647,0.8908783793449402,0.9004696607589722,0.9087569117546082,0.9036442041397095,0.8758288621902466,0.8727192282676697,2.0
1642,1.0,0.0,0.0,0.0,0.0,0.0,0.0,0.0,0.0,0.0,0.0,1.0,1.0,0.0,0.911774218082428,0.9186545610427856,0.9077031016349792,0.8985671997070312,0.9082028865814209,0.9123018980026245,0.9004149436950684,0.8922650218009949,0.894994854927063,0.9062292575836182,0.9139654636383057,0.9087013006210327,0.8815170526504517,0.8763687014579773,2.0
1643,1.0,1.0,0.0,0.0,0.0,0.0,0.0,0.0,0.0,0.0,0.0,0.0,0.0,0.0,0.9116363525390625,0.9191943407058716,0.9065471291542053,0.8983979225158691,0.9117551445960999,0.9171077013015747,0.9028894901275635,0.8919010162353516,0.8941088318824768,0.906680703163147,0.9154049754142761,0.9093329906463623,0.8797547817230225,0.8735605478286743,4.0
1644,0.0,1.0,1.0,1.0,1.0,0.0,0.0,0.0,0.0,0.0,0.0,1.0,1.0,0.0,0.9045376777648926,0.911913275718689,0.9038514494895935,0.8996730446815491,0.9048219323158264,0.9087399840354919,0.8965114951133728,0.8877477645874023,0.8888261914253235,0.9008337259292603,0.9115707874298096,0.9087231755256653,0.8785814642906189,0.8676872849464417,1.0
1645,1.0,1.0,1.0,0.0,0.0,0.0,0.0,1.0,1.0,0.0,0.0,0.0,0.0,0.0,0.9084922671318054,0.9140325784683228,0.9019758105278015,0.8939442038536072,0.9049347043037415,0.9098836779594421,0.8972766399383545,0.8886199593544006,0.8913751840591431,0.9015733599662781,0.9101668000221252,0.9077495336532593,0.8801918029785156,0.8703656196594238,2.0
1646,0.0,0.0,0.0,1.0,1.0,0.0,0.0,0.0,0.0,0.0,0.0,1.0,1.0,0.0,0.9116767048835754,0.9187213182449341,0.9052718877792358,0.8953036069869995,0.9089731574058533,0.9147897362709045,0.9014740586280823,0.8913931846618652,0.8938581943511963,0.904731810092926,0.913038432598114,0.9080982208251953,0.8802037835121155,0.872794508934021,2.0
1647,1.0,1.0,0.0,0.0,0.0,0.0,0.0,0.0,0.0,0.0,0.0,1.0,1.0,0.0,0.911339521408081,0.9174279570579529,0.9039883613586426,0.894974946975708,0.9090123772621155,0.914050817489624,0.900776207447052,0.8906011581420898,0.8934134244918823,0.9045182466506958,0.9129549264907837,0.9082905054092407,0.8798993825912476,0.8723874092102051,2.0
1648,0.0,1.0,1.0,0.0,0.0,0.0,0.0,0.0,0.0,0.0,0.0,1.0,1.0,0.0,0.9102402925491333,0.9204345941543579,0.908669114112854,0.8974803686141968,0.9087470769882202,0.9137385487556458,0.900274932384491,0.890779435634613,0.8925449848175049,0.9044245481491089,0.9140826463699341,0.9106246829032898,0.881029486656189,0.8721001744270325,4.0
1649,0.0,0.0,1.0,1.0,1.0,0.0,0.0,0.0,0.0,0.0,0.0,1.0,1.0,0.0,0.912266731262207,0.9193182587623596,0.9091347455978394,0.899326503276825,0.906498372554779,0.9116172194480896,0.8985726833343506,0.8910743594169617,0.8924831748008728,0.9053786993026733,0.9147540926933289,0.911313533782959,0.8835582733154297,0.8790616989135742,4.0
1650,0.0,0.0,1.0,1.0,0.0,0.0,0.0,0.0,0.0,0.0,0.0,1.0,1.0,0.0,0.9119806885719299,0.9184619784355164,0.9076597690582275,0.8978697061538696,0.9077283143997192,0.9124280214309692,0.9001104235649109,0.892002284526825,0.8942500352859497,0.9070272445678711,0.9146297574043274,0.9090692400932312,0.8811616897583008,0.8755987286567688,2.0
1651,1.0,1.0,0.0,0.0,0.0,0.0,0.0,0.0,0.0,0.0,0.0,1.0,1.0,0.0,0.9059240818023682,0.9142569899559021,0.9051809906959534,0.9000498056411743,0.9071651697158813,0.9110405445098877,0.8969165682792664,0.8879148960113525,0.8892793655395508,0.9028448462486267,0.912498414516449,0.9081986546516418,0.8762969970703125,0.8641958832740784,0.0
1652,0.0,0.0,0.0,0.0,0.0,0.0,1.0,1.0,0.0,0.0,0.0,1.0,1.0,0.0,0.9120064377784729,0.9198439717292786,0.9083290100097656,0.8980289697647095,0.9088650345802307,0.9143977165222168,0.9016545414924622,0.8921475410461426,0.8942500352859497,0.905691921710968,0.9145714044570923,0.909937858581543,0.8816373348236084,0.8759381175041199,0.0
1653,1.0,1.0,1.0,0.0,0.0,0.0,0.0,0.0,0.0,0.0,0.0,0.0,0.0,0.0,0.911342978477478,0.91828453540802,0.9079293608665466,0.8994898200035095,0.9079990983009338,0.9118070006370544,0.8990136981010437,0.8914079666137695,0.8936295509338379,0.9068641066551208,0.9154363870620728,0.9101626873016357,0.8811812996864319,0.8753325939178467,2.0
1654,1.0,0.0,0.0,0.0,0.0,0.0,0.0,0.0,0.0,0.0,0.0,0.0,0.0,0.0,0.9113108515739441,0.9168734550476074,0.9062522649765015,0.8969809412956238,0.9050003886222839,0.910075306892395,0.8977568745613098,0.8907760977745056,0.8920692801475525,0.9036833643913269,0.9122653007507324,0.9096707701683044,0.8823345899581909,0.8764163851737976,2.0
1655,0.0,0.0,0.0,1.0,1.0,0.0,0.0,0.0,0.0,0.0,0.0,1.0,1.0,0.0,0.9040501117706299,0.9113902449607849,0.9053670763969421,0.9036970138549805,0.9054670333862305,0.9048529863357544,0.8897925019264221,0.8835535049438477,0.8857162594795227,0.8990259766578674,0.9104547500610352,0.9111214876174927,0.8796759247779846,0.8634300231933594,1.0
1656,0.0,0.0,0.0,0.0,0.0,0.0,1.0,1.0,0.0,0.0,0.0,1.0,1.0,0.0,0.9112066030502319,0.9179499745368958,0.9045245051383972,0.894988477230072,0.9084259867668152,0.9136890769004822,0.9007276296615601,0.8914915919303894,0.8935714960098267,0.9032219648361206,0.9116909503936768,0.9073498249053955,0.8794617652893066,0.8725495934486389,0.0
1657,0.0,1.0,1.0,0.0,0.0,0.0,0.0,0.0,0.0,0.0,0.0,1.0,1.0,0.0,0.9060619473457336,0.912102222442627,0.9003046154975891,0.8920178413391113,0.904503583908081,0.9096093773841858,0.8950808048248291,0.8865272402763367,0.8892509937286377,0.8980956673622131,0.9074352979660034,0.9070887565612793,0.879821240901947,0.8662284016609192,3.0
1658,1.0,1.0,0.0,0.0,0.0,0.0,0.0,0.0,0.0,0.0,0.0,0.0,0.0,0.0,0.9115278124809265,0.918366014957428,0.906696081161499,0.8968155384063721,0.9075207114219666,0.9123427271842957,0.9001104235649109,0.8917914032936096,0.89362633228302,0.9034883379936218,0.9117155075073242,0.9084019660949707,0.8813386559486389,0.8764788508415222,1.0
1659,1.0,1.0,0.0,0.0,0.0,1.0,1.0,1.0,0.0,0.0,1.0,1.0,1.0,0.0,0.9106246829032898,0.917899489402771,0.9050524234771729,0.8976985812187195,0.9111928343772888,0.9154219031333923,0.9030855298042297,0.8930075168609619,0.8946470618247986,0.9066577553749084,0.9139307737350464,0.907613217830658,0.8798292279243469,0.8753733038902283,3.0
1660,0.0,0.0,1.0,1.0,0.0,0.0,0.0,0.0,0.0,0.0,0.0,0.0,0.0,0.0,0.9072914719581604,0.9165576696395874,0.9072842597961426,0.9011609554290771,0.9074574112892151,0.9117729067802429,0.8986251354217529,0.8888999223709106,0.8901709914207458,0.9040516018867493,0.9140400290489197,0.9093694090843201,0.8779247403144836,0.8673598766326904,0.0
1661,0.0,1.0,1.0,1.0,0.0,0.0,0.0,0.0,0.0,0.0,0.0,1.0,1.0,0.0,0.9108575582504272,0.9189863801002502,0.9069056510925293,0.8956471681594849,0.9079028367996216,0.9134520888328552,0.9006973505020142,0.8908190727233887,0.8923594355583191,0.9031745195388794,0.9120833277702332,0.908159077167511,0.8800922632217407,0.8723005056381226,4.0
1662,0.0,1.0,1.0,1.0,0.0,0.0,0.0,0.0,0.0,0.0,0.0,1.0,1.0,0.0,0.9117196798324585,0.9190061092376709,0.9074915647506714,0.8990421295166016,0.9112915992736816,0.9164025783538818,0.9030320644378662,0.8924897313117981,0.894099235534668,0.9058598279953003,0.9151946306228638,0.9098531007766724,0.8806064128875732,0.8757095336914062,1.0
1663,1.0,0.0,0.0,0.0,0.0,0.0,0.0,0.0,0.0,0.0,0.0,0.0,0.0,0.0,0.9041648507118225,0.9140221476554871,0.9097233414649963,0.9053739309310913,0.9061910510063171,0.906201958656311,0.891325831413269,0.8860761523246765,0.8875244855880737,0.9012842178344727,0.9139254093170166,0.9153470993041992,0.8838575482368469,0.8707972764968872,4.0
1664,0.0,1.0,1.0,1.0,0.0,0.0,0.0,0.0,0.0,0.0,0.0,1.0,1.0,0.0,0.9116186499595642,0.9182475209236145,0.9067082405090332,0.8967974781990051,0.9079666137695312,0.9133046269416809,0.9004119038581848,0.8912569284439087,0.893271267414093,0.9041779637336731,0.9130303859710693,0.9087793827056885,0.8813436627388,0.874991774559021,4.0
1665,0.0,1.0,1.0,0.0,0.0,0.0,0.0,0.0,0.0,0.0,1.0,1.0,1.0,0.0,0.9101092219352722,0.9167659282684326,0.9042723178863525,0.8945463299751282,0.9090433120727539,0.9137612581253052,0.9017658233642578,0.8928810954093933,0.8951286673545837,0.9044596552848816,0.9116336703300476,0.9057310223579407,0.8786592483520508,0.8751585483551025,1.0
1666,1.0,0.0,0.0,0.0,0.0,0.0,0.0,0.0,0.0,0.0,0.0,1.0,1.0,0.0,0.910184919834137,0.9194586277008057,0.9100270867347717,0.9024521112442017,0.9088342189788818,0.913734495639801,0.900241494178772,0.8907926678657532,0.8919990658760071,0.9050907492637634,0.9158110022544861,0.9127863645553589,0.8822352886199951,0.8706675171852112,2.0
1667,1.0,0.0,0.0,0.0,1.0,1.0,0.0,0.0,0.0,0.0,0.0,1.0,1.0,0.0,0.9108988642692566,0.9180557727813721,0.9058908224105835,0.8978712558746338,0.9093078970909119,0.9150866270065308,0.9021855592727661,0.8918535709381104,0.8936779499053955,0.9072529077529907,0.9158893823623657,0.9100503325462341,0.8807351589202881,0.874497652053833,2.0
1668,0.0,0.0,1.0,1.0,0.0,0.0,0.0,0.0,0.0,0.0,0.0,1.0,1.0,0.0,0.9117313027381897,0.9194589853286743,0.9076409339904785,0.8967581987380981,0.9068154692649841,0.9112560153007507,0.8988227248191833,0.8913406133651733,0.8940478563308716,0.9046820998191833,0.9121946692466736,0.9078382849693298,0.8809589147567749,0.876991868019104,3.0
1669,0.0,0.0,0.0,1.0,1.0,0.0,0.0,0.0,0.0,0.0,0.0,1.0,1.0,0.0,0.8943398594856262,0.9057701230049133,0.904296875,0.9103081822395325,0.9077140688896179,0.8994898200035095,0.8819620013237,0.8769022226333618,0.8794522881507874,0.894560694694519,0.9069929122924805,0.9120778441429138,0.8769479393959045,0.8520784974098206,3.0
1670,0.0,0.0,1.0,1.0,0.0,0.0,0.0,0.0,0.0,0.0,0.0,1.0,1.0,0.0,0.9080890417098999,0.9173741936683655,0.9059364199638367,0.8982008099555969,0.9097320437431335,0.9161788821220398,0.9047026038169861,0.8938726782798767,0.8933229446411133,0.9063847661018372,0.9149283766746521,0.9073812365531921,0.8782181739807129,0.8745460510253906,2.0
1671,0.0,0.0,1.0,1.0,0.0,0.0,0.0,0.0,0.0,0.0,0.0,1.0,1.0,0.0,0.9105997681617737,0.9191067218780518,0.9061543345451355,0.8951079249382019,0.9086429476737976,0.9133434891700745,0.9005683660507202,0.8916571736335754,0.8924278020858765,0.9025022983551025,0.9101585149765015,0.9042388796806335,0.8770992755889893,0.8732680678367615,3.0
1672,0.0,1.0,1.0,0.0,0.0,0.0,0.0,0.0,0.0,0.0,0.0,0.0,0.0,0.0,0.912094235420227,0.9204390645027161,0.9086570143699646,0.8993786573410034,0.909701406955719,0.9139094948768616,0.9013535380363464,0.8924863934516907,0.8931353688240051,0.9044303894042969,0.9135834574699402,0.9089008569717407,0.8797788023948669,0.874991774559021,0.0
1673,0.0,0.0,0.0,1.0,1.0,0.0,0.0,0.0,0.0,0.0,0.0,1.0,1.0,0.0,0.9095550775527954,0.9197469353675842,0.9101051092147827,0.9028210639953613,0.9115817546844482,0.9166347980499268,0.9027853012084961,0.8920463919639587,0.8930447697639465,0.906433641910553,0.9169542193412781,0.9113122224807739,0.8800934553146362,0.8719185590744019,1.0
1674,1.0,1.0,1.0,0.0,0.0,0.0,0.0,1.0,1.0,1.0,0.0,0.0,0.0,0.0,0.9103752374649048,0.9178645014762878,0.9055418968200684,0.8987007737159729,0.9128174781799316,0.9175949692726135,0.9034528732299805,0.891585111618042,0.8926717638969421,0.9059262275695801,0.9144706726074219,0.9083850383758545,0.8785958886146545,0.8737326860427856,3.0
1675,0.0,0.0,1.0,1.0,0.0,0.0,0.0,0.0,0.0,0.0,0.0,1.0,1.0,0.0,0.9124781489372253,0.9203798770904541,0.908344030380249,0.8975085020065308,0.909117579460144,0.9137599468231201,0.9019458889961243,0.893166184425354,0.8946534395217896,0.9053118824958801,0.9131702780723572,0.9077552556991577,0.8800470232963562,0.8771929144859314,0.0
1676,0.0,0.0,1.0,1.0,0.0,0.0,0.0,0.0,0.0,0.0,0.0,0.0,0.0,0.0,0.9109153747558594,0.9195721745491028,0.908473789691925,0.8992565870285034,0.9113122224807739,0.9156474471092224,0.9010546803474426,0.891237199306488,0.8932551145553589,0.9055557250976562,0.9150286912918091,0.910123884677887,0.8803048729896545,0.8732906579971313,3.0
1677,1.0,1.0,0.0,0.0,1.0,1.0,0.0,0.0,0.0,0.0,1.0,1.0,1.0,0.0,0.9103516936302185,0.9174084663391113,0.9032841324806213,0.8958600759506226,0.9116719365119934,0.9185588955879211,0.9044831395149231,0.8928843140602112,0.8939916491508484,0.9062090516090393,0.9149019718170166,0.9080048203468323,0.8789814710617065,0.873174250125885,2.0
1678,0.0,0.0,0.0,1.0,1.0,0.0,0.0,0.0,0.0,0.0,0.0,1.0,1.0,0.0,0.8971030712127686,0.9110892415046692,0.9093623757362366,0.9139601588249207,0.9121553897857666,0.9034128785133362,0.883537769317627,0.878230094909668,0.8841435313224792,0.9006730914115906,0.9145475625991821,0.917057454586029,0.8816333413124084,0.8616974949836731,4.0
1679,0.0,1.0,1.0,0.0,0.0,1.0,1.0,0.0,0.0,0.0,1.0,1.0,0.0,0.0,0.9104174375534058,0.9160515069961548,0.9042345285415649,0.8959312438964844,0.9074738025665283,0.9124916791915894,0.8994193077087402,0.8899785876274109,0.8922714591026306,0.9027794003486633,0.9112532138824463,0.908038854598999,0.8798539042472839,0.871147871017456,4.0
1680,1.0,1.0,0.0,0.0,0.0,0.0,0.0,0.0,0.0,0.0,0.0,0.0,0.0,0.0,0.9117613434791565,0.919666588306427,0.9071683287620544,0.8977468013763428,0.9109869003295898,0.9161567687988281,0.9024783968925476,0.8920986652374268,0.8933261632919312,0.9050003886222839,0.9141200184822083,0.9092015624046326,0.8801787495613098,0.8741250038146973,3.0
1681,0.0,1.0,1.0,1.0,0.0,0.0,0.0,0.0,0.0,1.0,1.0,1.0,1.0,0.0,0.9122721552848816,0.9205849766731262,0.9090545177459717,0.8997341394424438,0.9104907512664795,0.9150313138961792,0.9025499820709229,0.893200159072876,0.8945319056510925,0.9058713912963867,0.914674699306488,0.9103551506996155,0.8817726373672485,0.8771965503692627,1.0
1682,0.0,1.0,1.0,0.0,1.0,1.0,1.0,1.0,0.0,0.0,0.0,1.0,1.0,0.0,0.9075421094894409,0.9164506196975708,0.9034971594810486,0.8920839428901672,0.9078134894371033,0.9123521447181702,0.8999029397964478,0.8904375433921814,0.8900715112686157,0.9002293348312378,0.9065113067626953,0.8987979292869568,0.8715104460716248,0.8677066564559937,4.0
1683,0.0,0.0,1.0,1.0,1.0,1.0,1.0,1.0,0.0,0.0,0.0,1.0,1.0,0.0,0.9109270572662354,0.9189429879188538,0.9081109762191772,0.9005904197692871,0.9095453023910522,0.914159893989563,0.9007019400596619,0.8912108540534973,0.8932551145553589,0.9071387052536011,0.9157900810241699,0.9101502299308777,0.8798673748970032,0.8743375539779663,3.0
1684,1.0,1.0,0.0,0.0,0.0,0.0,0.0,0.0,0.0,0.0,0.0,0.0,0.0,0.0,0.9100780487060547,0.9211934804916382,0.9127877354621887,0.9044390320777893,0.9109772443771362,0.9151169657707214,0.9002476334571838,0.8911780118942261,0.8933117389678955,0.9064710140228271,0.9176692366600037,0.9127337336540222,0.8811838626861572,0.8740577697753906,0.0
1685,0.0,1.0,1.0,0.0,1.0,1.0,1.0,1.0,0.0,0.0,0.0,1.0,1.0,0.0,0.9084647297859192,0.9155538082122803,0.8997505307197571,0.8924245834350586,0.9114640951156616,0.9153739809989929,0.9001805782318115,0.889052152633667,0.8894379138946533,0.9014047980308533,0.9097779989242554,0.9020747542381287,0.8724374175071716,0.8660987615585327,4.0
1686,0.0,0.0,0.0,0.0,0.0,0.0,0.0,1.0,1.0,1.0,1.0,1.0,1.0,0.0,0.9100252985954285,0.9189854860305786,0.9066778421401978,0.8943398594856262,0.9057150483131409,0.9113299250602722,0.8996889591217041,0.8910035490989685,0.891279935836792,0.9014649987220764,0.9106177687644958,0.9061636328697205,0.8772860169410706,0.8715356588363647,4.0
1687,0.0,0.0,1.0,1.0,0.0,0.0,0.0,0.0,0.0,0.0,0.0,1.0,1.0,0.0,0.9117844104766846,0.920951247215271,0.9101415276527405,0.9014634490013123,0.9114094376564026,0.9161190390586853,0.9010788798332214,0.8918666839599609,0.8938518166542053,0.9068412184715271,0.9170471429824829,0.911824643611908,0.8816403746604919,0.8761296272277832,4.0
1688,1.0,1.0,1.0,1.0,0.0,0.0,0.0,0.0,0.0,0.0,0.0,1.0,1.0,0.0,0.9103178381919861,0.9191997051239014,0.9063206911087036,0.8967832922935486,0.911094069480896,0.9156540632247925,0.901477038860321,0.8911944031715393,0.8921443223953247,0.9038985371589661,0.912539005279541,0.9064854383468628,0.876839816570282,0.8700898885726929,0.0
1689,0.0,0.0,1.0,1.0,0.0,0.0,0.0,0.0,0.0,0.0,0.0,1.0,1.0,0.0,0.9122089743614197,0.9196211099624634,0.9088130593299866,0.8998609185218811,0.9083201289176941,0.9135485887527466,0.9008094668388367,0.8922128081321716,0.8935973048210144,0.9065083265304565,0.9155623316764832,0.9108672142028809,0.8823326230049133,0.8753659129142761,2.0
1690,0.0,0.0,0.0,0.0,1.0,1.0,1.0,1.0,1.0,0.0,0.0,1.0,1.0,0.0,0.9120397567749023,0.9185715913772583,0.9075776934623718,0.8992873430252075,0.9082283973693848,0.9121390581130981,0.8995051980018616,0.891631007194519,0.8934844136238098,0.9061745405197144,0.9142130613327026,0.9090874195098877,0.8807901740074158,0.8762253522872925,0.0
1691,0.0,0.0,0.0,0.0,0.0,0.0,0.0,1.0,1.0,0.0,0.0,0.0,0.0,0.0,0.9107770323753357,0.9181728363037109,0.9037504196166992,0.8938614130020142,0.9101349115371704,0.914867639541626,0.9018709063529968,0.8921948671340942,0.8938292264938354,0.9031389355659485,0.9107418060302734,0.9049609303474426,0.87728351354599,0.8735679984092712,1.0
1692,1.0,0.0,0.0,0.0,0.0,1.0,1.0,0.0,0.0,0.0,0.0,0.0,0.0,0.0,0.9119636416435242,0.9189520478248596,0.9065163135528564,0.8977631330490112,0.9101945757865906,0.9149718880653381,0.901609480381012,0.8914785385131836,0.8935714960098267,0.9062350392341614,0.9145396947860718,0.9085344672203064,0.8798168897628784,0.8746835589408875,2.0
1693,0.0,0.0,0.0,1.0,1.0,0.0,0.0,0.0,0.0,0.0,0.0,1.0,1.0,0.0,0.8989197611808777,0.9107005000114441,0.9076189398765564,0.9114935398101807,0.9108045101165771,0.9027257561683655,0.8845250010490417,0.8793156743049622,0.8839992880821228,0.90000981092453,0.9126958847045898,0.9154062271118164,0.8810677528381348,0.861365795135498,4.0
1694,0.0,0.0,1.0,1.0,1.0,1.0,0.0,0.0,0.0,0.0,0.0,1.0,1.0,0.0,0.9103586673736572,0.9178455471992493,0.9030547142028809,0.8928616046905518,0.9099628329277039,0.9149771928787231,0.9030751585960388,0.892518937587738,0.8922062516212463,0.9017387628555298,0.9087540507316589,0.9014612436294556,0.8750597238540649,0.8737813234329224,0.0
1695,0.0,1.0,1.0,1.0,0.0,0.0,0.0,0.0,0.0,0.0,0.0,1.0,1.0,0.0,0.9114579558372498,0.9176381230354309,0.906603217124939,0.8976744413375854,0.9077240228652954,0.911628246307373,0.8990075588226318,0.8918192386627197,0.8946437835693359,0.9053612351417542,0.9121240377426147,0.9073227643966675,0.8803486227989197,0.8747541308403015,4.0
1696,0.0,0.0,0.0,0.0,1.0,1.0,0.0,0.0,0.0,0.0,0.0,1.0,1.0,0.0,0.9122551679611206,0.9206241965293884,0.909605085849762,0.8991259932518005,0.9083216190338135,0.9131635427474976,0.9007943868637085,0.891757071018219,0.8930155634880066,0.905282735824585,0.9148809313774109,0.9108355641365051,0.8822261095046997,0.876742959022522,4.0
1697,0.0,0.0,1.0,1.0,0.0,0.0,0.0,0.0,0.0,0.0,0.0,1.0,1.0,1.0,0.9120140075683594,0.9204384088516235,0.9094176292419434,0.9002087712287903,0.9100836515426636,0.9150642156600952,0.9015222787857056,0.8920513391494751,0.8938838839530945,0.9067609906196594,0.9160929322242737,0.9105404615402222,0.8813822865486145,0.8755987286567688,2.0
1698,1.0,1.0,0.0,0.0,0.0,0.0,0.0,0.0,0.0,0.0,0.0,0.0,0.0,0.0,0.9119227528572083,0.9190707802772522,0.9065935015678406,0.8963115811347961,0.9087245464324951,0.913504421710968,0.9008246660232544,0.891680121421814,0.8933004140853882,0.9040721654891968,0.9121811985969543,0.9066483378410339,0.8795171976089478,0.8738935589790344,4.0
1699,1.0,1.0,0.0,0.0,1.0,1.0,0.0,0.0,0.0,0.0,0.0,0.0,0.0,0.0,0.911445677280426,0.9183400273323059,0.9047399163246155,0.8966435790061951,0.9115831851959229,0.9164843559265137,0.9024215936660767,0.8920088410377502,0.8937681317329407,0.905407726764679,0.9142423868179321,0.908444344997406,0.8794186115264893,0.8729525804519653,3.0
1700,1.0,0.0,1.0,1.0,0.0,0.0,0.0,0.0,0.0,0.0,0.0,1.0,1.0,0.0,0.9114607572555542,0.9190370440483093,0.9054144620895386,0.8954862356185913,0.9099461436271667,0.9143446087837219,0.9008337259292603,0.8909130096435547,0.8910727500915527,0.9027407169342041,0.9113655686378479,0.9050412178039551,0.8766366243362427,0.8717935681343079,2.0
1701,0.0,0.0,1.0,1.0,0.0,0.0,0.0,0.0,0.0,1.0,1.0,1.0,1.0,0.0,0.9114730358123779,0.9195985198020935,0.9080161452293396,0.8985641002655029,0.9100406169891357,0.9152774810791016,0.9013383984565735,0.8912962675094604,0.8926230669021606,0.9049274921417236,0.9146614670753479,0.9098919630050659,0.8804016709327698,0.8736878037452698,1.0
1702,1.0,1.0,0.0,0.0,0.0,0.0,0.0,0.0,0.0,0.0,0.0,0.0,0.0,0.0,0.91130530834198,0.9189805388450623,0.9057063460350037,0.8956479430198669,0.9103289246559143,0.9145488739013672,0.9009487628936768,0.8911813497543335,0.8921540975570679,0.9025976657867432,0.9109731912612915,0.9053852558135986,0.8772286772727966,0.8720698952674866,1.0
1703,0.0,0.0,0.0,0.0,1.0,1.0,0.0,0.0,0.0,0.0,0.0,0.0,0.0,0.0,0.9123135209083557,0.9199257493019104,0.9076505303382874,0.8990852236747742,0.9123006463050842,0.9169877767562866,0.9034557938575745,0.8929426670074463,0.8941891193389893,0.9058193564414978,0.9149046540260315,0.9092267751693726,0.8806887865066528,0.8761701583862305,1.0
1704,0.0,0.0,1.0,1.0,1.0,0.0,0.0,0.0,0.0,0.0,0.0,0.0,0.0,0.0,0.9120996594429016,0.9195798635482788,0.9066340327262878,0.8982678055763245,0.9105666279792786,0.9166633486747742,0.9040735960006714,0.8927512764930725,0.8944966793060303,0.9067380428314209,0.9151867032051086,0.9095117449760437,0.8803266286849976,0.8728284239768982,4.0
1705,0.0,1.0,1.0,1.0,1.0,1.0,0.0,0.0,0.0,1.0,1.0,1.0,1.0,0.0,0.9113779664039612,0.9211789965629578,0.9102784395217896,0.9015688896179199,0.9111379981040955,0.9169116020202637,0.9032974243164062,0.8925888538360596,0.8936827182769775,0.9074040055274963,0.9176974296569824,0.9124605059623718,0.8817818760871887,0.8738449215888977,4.0
1706,0.0,1.0,1.0,0.0,0.0,0.0,0.0,0.0,0.0,0.0,0.0,1.0,1.0,0.0,0.9116528034210205,0.9195159673690796,0.9081998467445374,0.8973945379257202,0.9068197011947632,0.9121567010879517,0.900165319442749,0.8916359543800354,0.8931969404220581,0.9044772982597351,0.9144256711006165,0.9107528924942017,0.882525622844696,0.8770979046821594,0.0
1707,0.0,1.0,1.0,0.0,1.0,1.0,0.0,0.0,0.0,0.0,0.0,1.0,1.0,0.0,0.9075492024421692,0.9198183417320251,0.909349262714386,0.9013203382492065,0.9149890542030334,0.9176968336105347,0.8998174071311951,0.890988826751709,0.8934553861618042,0.9055934548377991,0.9162154197692871,0.9101516008377075,0.8778997659683228,0.8681459426879883,4.0
1708,1.0,1.0,0.0,0.0,0.0,0.0,0.0,0.0,0.0,0.0,0.0,1.0,1.0,0.0,0.9104713797569275,0.9182326197624207,0.906233549118042,0.8988781571388245,0.9114586710929871,0.9165337085723877,0.9028136134147644,0.891887903213501,0.8933423757553101,0.9068382978439331,0.9147038459777832,0.908970296382904,0.879469633102417,0.8742368817329407,3.0
1709,0.0,1.0,1.0,1.0,0.0,0.0,0.0,1.0,1.0,0.0,0.0,1.0,1.0,0.0,0.90966796875,0.917597770690918,0.9031890034675598,0.8936537504196167,0.9110459685325623,0.9154035449028015,0.9003586173057556,0.8896077871322632,0.8902272582054138,0.9018558859825134,0.9099864363670349,0.9034913182258606,0.8746311068534851,0.8706789612770081,3.0
1710,0.0,0.0,0.0,1.0,1.0,0.0,0.0,0.0,0.0,0.0,0.0,1.0,1.0,0.0,0.8949120044708252,0.9096428155899048,0.9080430865287781,0.910315752029419,0.9093979597091675,0.905503511428833,0.8895861506462097,0.8816722631454468,0.8833807110786438,0.8973484635353088,0.9104381799697876,0.9122707843780518,0.8762602210044861,0.8528504371643066,1.0
1711,0.0,1.0,1.0,0.0,0.0,0.0,0.0,0.0,0.0,0.0,0.0,1.0,1.0,0.0,0.9110205769538879,0.919483482837677,0.9067099094390869,0.8964674472808838,0.9102915525436401,0.9150220155715942,0.9018108248710632,0.8916866183280945,0.8931321501731873,0.9039515256881714,0.9122409224510193,0.9060273170471191,0.8777124881744385,0.8727267980575562,0.0
1712,1.0,1.0,1.0,1.0,0.0,0.0,0.0,1.0,1.0,0.0,0.0,1.0,1.0,0.0,0.9124537706375122,0.9186239242553711,0.9070147275924683,0.8969056606292725,0.9077708721160889,0.9118655920028687,0.8999732136726379,0.8923643827438354,0.8945638537406921,0.9050848484039307,0.9122382402420044,0.90702223777771,0.8804235458374023,0.8758496642112732,4.0
1713,0.0,1.0,1.0,0.0,1.0,1.0,0.0,0.0,0.0,0.0,0.0,1.0,1.0,0.0,0.9115065932273865,0.9186455607414246,0.9062821865081787,0.8995426893234253,0.9130935668945312,0.9181330800056458,0.9040060043334961,0.8925824165344238,0.893890380859375,0.9063732624053955,0.9156566262245178,0.9095982313156128,0.8797395825386047,0.8740689754486084,1.0
1714,0.0,0.0,1.0,1.0,0.0,0.0,0.0,0.0,0.0,0.0,0.0,0.0,0.0,1.0,0.9124321341514587,0.920355498790741,0.9081341624259949,0.8980352282524109,0.9097222685813904,0.914340615272522,0.9016636610031128,0.8923398852348328,0.8932130932807922,0.9057643413543701,0.9138347506523132,0.9083343148231506,0.8795843124389648,0.874947190284729,2.0
1715,0.0,0.0,0.0,0.0,0.0,0.0,0.0,0.0,0.0,1.0,1.0,0.0,0.0,0.0,0.9124621748924255,0.9170886278152466,0.9052850008010864,0.8984233736991882,0.9061629772186279,0.909460186958313,0.895839512348175,0.8887389898300171,0.8917357325553894,0.9053903222084045,0.9141119718551636,0.9094894528388977,0.8811312913894653,0.8758939504623413,4.0
1716,0.0,0.0,0.0,0.0,1.0,1.0,1.0,1.0,0.0,0.0,0.0,1.0,1.0,0.0,0.9104700088500977,0.9193735718727112,0.9070108532905579,0.8967629671096802,0.9095396995544434,0.9140161275863647,0.8998143076896667,0.8900548815727234,0.8914178013801575,0.9027109146118164,0.9118736982345581,0.9064221382141113,0.8772293925285339,0.8718920946121216,3.0
1717,0.0,1.0,1.0,0.0,0.0,0.0,0.0,0.0,0.0,0.0,0.0,1.0,1.0,0.0,0.9100017547607422,0.9186123609542847,0.9052966237068176,0.8944358825683594,0.9087386131286621,0.9141732454299927,0.9006275534629822,0.8913488388061523,0.8929119110107422,0.9029696583747864,0.9112752079963684,0.9054687023162842,0.8772248029708862,0.8702852129936218,0.0
1718,1.0,1.0,0.0,0.0,0.0,1.0,1.0,1.0,0.0,0.0,0.0,1.0,1.0,0.0,0.9084499478340149,0.9164090752601624,0.9040281176567078,0.8983142971992493,0.911913275718689,0.9172880053520203,0.9041397571563721,0.8925920724868774,0.8934521675109863,0.9073042273521423,0.9151761531829834,0.9086992144584656,0.8787152171134949,0.8721985220909119,3.0
1719,0.0,1.0,1.0,0.0,0.0,0.0,0.0,0.0,0.0,0.0,0.0,0.0,0.0,0.0,0.9115270972251892,0.9191467761993408,0.906910240650177,0.8968986868858337,0.9095675945281982,0.914010763168335,0.9011241793632507,0.8916751742362976,0.8938131332397461,0.9047843813896179,0.9130949378013611,0.9073933362960815,0.8790985345840454,0.875106692314148,3.0
1720,0.0,1.0,1.0,0.0,0.0,0.0,0.0,0.0,0.0,0.0,0.0,1.0,1.0,0.0,0.904191255569458,0.9165778160095215,0.9104602932929993,0.9054094552993774,0.9080243110656738,0.9114573001861572,0.8980832695960999,0.8887322545051575,0.8895544409751892,0.9030320644378662,0.9149917960166931,0.911228597164154,0.8787071108818054,0.8656733632087708,1.0
1721,0.0,0.0,1.0,1.0,0.0,0.0,0.0,0.0,0.0,0.0,0.0,1.0,1.0,0.0,0.9093694090843201,0.9184476733207703,0.9060482382774353,0.896794319152832,0.910735011100769,0.9153063893318176,0.9007943868637085,0.8908652067184448,0.8935909271240234,0.9055644273757935,0.9147672653198242,0.9101488590240479,0.8808494806289673,0.8710146546363831,3.0
1722,0.0,1.0,1.0,0.0,0.0,0.0,0.0,0.0,0.0,0.0,0.0,1.0,1.0,0.0,0.9104755520820618,0.9184352159500122,0.9046875834465027,0.8952797055244446,0.9111626744270325,0.9153695106506348,0.9025142192840576,0.8922650218009949,0.8930220603942871,0.9041397571563721,0.9117783308029175,0.9044633507728577,0.8769451975822449,0.872711718082428,4.0
1723,0.0,0.0,0.0,1.0,1.0,0.0,0.0,0.0,0.0,0.0,0.0,1.0,1.0,0.0,0.9007124304771423,0.9130653738975525,0.910014271736145,0.9102696180343628,0.9098036289215088,0.9059869050979614,0.8892710208892822,0.8827925324440002,0.8859546184539795,0.9004514217376709,0.9132400751113892,0.9144601225852966,0.8802909851074219,0.8613577485084534,1.0
1724,0.0,1.0,1.0,0.0,0.0,0.0,1.0,1.0,0.0,0.0,0.0,1.0,1.0,0.0,0.9097525477409363,0.9167085289955139,0.9033674597740173,0.8964832425117493,0.9127539992332458,0.9187046885490417,0.9048865437507629,0.893219530582428,0.8936167359352112,0.9060042500495911,0.9133234024047852,0.9058569073677063,0.876985490322113,0.87321937084198,0.0
1725,0.0,0.0,0.0,0.0,0.0,1.0,1.0,1.0,0.0,0.0,1.0,1.0,1.0,0.0,0.910258948802948,0.9174078702926636,0.9063056111335754,0.8980421423912048,0.9075421094894409,0.9123792052268982,0.8992965817451477,0.8901394009590149,0.8921230435371399,0.903836727142334,0.9135245084762573,0.9094001650810242,0.8809215426445007,0.8719261288642883,2.0
1726,1.0,1.0,0.0,0.0,1.0,1.0,0.0,1.0,1.0,0.0,0.0,1.0,1.0,0.0,0.9099200963973999,0.9156586527824402,0.9012230038642883,0.89378422498703,0.9078872203826904,0.9141173362731934,0.9004939198493958,0.8890554308891296,0.8908603191375732,0.9017898440361023,0.911603569984436,0.9073027968406677,0.878166675567627,0.866016149520874,0.0
1727,1.0,0.0,1.0,1.0,0.0,0.0,0.0,0.0,0.0,0.0,0.0,0.0,0.0,0.0,0.907303512096405,0.9152340888977051,0.9002955555915833,0.8888379335403442,0.9074979424476624,0.9130282998085022,0.9001211524009705,0.889312744140625,0.8896111845970154,0.899431586265564,0.9053351283073425,0.897024393081665,0.8705014586448669,0.8689164519309998,3.0
1728,1.0,0.0,0.0,0.0,0.0,0.0,0.0,0.0,0.0,0.0,0.0,1.0,1.0,0.0,0.9123436808586121,0.9167609810829163,0.9063243269920349,0.8975185751914978,0.9050353765487671,0.9099531769752502,0.8979684114456177,0.8904937505722046,0.8920986652374268,0.90399569272995,0.9133824110031128,0.9101668000221252,0.883624792098999,0.8812648057937622,0.0
1729,1.0,1.0,0.0,0.0,0.0,0.0,0.0,0.0,0.0,0.0,0.0,1.0,1.0,0.0,0.9120527505874634,0.9185941219329834,0.9042190909385681,0.8955671191215515,0.9114203453063965,0.9170728921890259,0.9040692448616028,0.8927659392356873,0.8945671319961548,0.9057643413543701,0.914066731929779,0.9073797464370728,0.8790888786315918,0.8733618855476379,0.0
1730,0.0,1.0,1.0,0.0,0.0,0.0,0.0,0.0,0.0,0.0,0.0,1.0,1.0,0.0,0.9109187722206116,0.9175984263420105,0.9056053757667542,0.8958205580711365,0.9072343111038208,0.912197470664978,0.8990844488143921,0.8903233408927917,0.8933358788490295,0.9041075110435486,0.9124605059623718,0.9078460931777954,0.8797796964645386,0.8722929954528809,2.0
1731,0.0,1.0,1.0,0.0,0.0,0.0,0.0,0.0,0.0,0.0,0.0,0.0,0.0,0.0,0.9117053151130676,0.9188769459724426,0.9063804149627686,0.896499752998352,0.9088553190231323,0.9126999378204346,0.900424063205719,0.8917979001998901,0.8947875499725342,0.9052449464797974,0.912197470664978,0.9062314033508301,0.8793827295303345,0.8755728602409363,3.0
1732,1.0,1.0,0.0,0.0,0.0,0.0,0.0,1.0,1.0,0.0,0.0,0.0,0.0,0.0,0.9129346609115601,0.9184062480926514,0.9072229266166687,0.8980242609977722,0.9066046476364136,0.9111421704292297,0.8992505073547363,0.8913143873214722,0.8930804133415222,0.904962420463562,0.9137599468231201,0.909990668296814,0.8823564052581787,0.8787224888801575,0.0
1733,1.0,1.0,0.0,0.0,1.0,1.0,0.0,0.0,0.0,0.0,0.0,1.0,1.0,0.0,0.9126303791999817,0.919933557510376,0.9080501198768616,0.8991613388061523,0.9096721410751343,0.9139641523361206,0.9014499187469482,0.8921655416488647,0.8945543169975281,0.9075549244880676,0.9148703217506409,0.9088615775108337,0.8809007406234741,0.8764348030090332,4.0
1734,0.0,0.0,0.0,1.0,1.0,0.0,0.0,0.0,0.0,0.0,0.0,1.0,1.0,0.0,0.9007549285888672,0.9119071364402771,0.9089142084121704,0.9088920950889587,0.9094405770301819,0.9049245715141296,0.8865664005279541,0.8805997371673584,0.8848812580108643,0.900372326374054,0.9133234024047852,0.9161710739135742,0.8815546035766602,0.8612483739852905,4.0
1735,0.0,0.0,1.0,1.0,0.0,0.0,0.0,0.0,0.0,0.0,0.0,1.0,1.0,0.0,0.909816563129425,0.9171772003173828,0.9056412577629089,0.8975672721862793,0.9071215391159058,0.9120588302612305,0.8978223204612732,0.8877747654914856,0.8903316855430603,0.903464674949646,0.9139228463172913,0.9103786945343018,0.8796768188476562,0.8672428131103516,0.0
1736,0.0,0.0,1.0,1.0,0.0,0.0,0.0,0.0,0.0,0.0,0.0,0.0,0.0,0.0,0.9105307459831238,0.9173935651779175,0.9054708480834961,0.8968241810798645,0.9069328308105469,0.9123765230178833,0.8988812565803528,0.8901776075363159,0.8919532299041748,0.9035386443138123,0.9127445220947266,0.9095675945281982,0.8812768459320068,0.8717821836471558,2.0
1737,0.0,0.0,0.0,0.0,1.0,1.0,0.0,0.0,0.0,0.0,0.0,1.0,1.0,0.0,0.9114593863487244,0.9211243987083435,0.9090404510498047,0.8992834687232971,0.9112628102302551,0.9165595769882202,0.9029251337051392,0.892088770866394,0.8936521410942078,0.906344473361969,0.9162648320198059,0.9106025099754333,0.8806005716323853,0.8726476430892944,0.0
1738,0.0,1.0,1.0,1.0,0.0,0.0,0.0,0.0,0.0,0.0,0.0,1.0,1.0,0.0,0.9090671539306641,0.9195565581321716,0.9108754396438599,0.9034250378608704,0.9088116884231567,0.9137786626815796,0.9001485705375671,0.8908652067184448,0.8918143510818481,0.9060273170471191,0.916690468788147,0.9119717478752136,0.8803187012672424,0.8716380596160889,3.0
1739,1.0,1.0,0.0,0.0,0.0,0.0,0.0,0.0,0.0,0.0,0.0,1.0,1.0,0.0,0.9111153483390808,0.9184182286262512,0.9041544795036316,0.8966373205184937,0.9132508635520935,0.9173387885093689,0.9028701186180115,0.8919761776924133,0.8926197290420532,0.9040104150772095,0.9121594429016113,0.9050164222717285,0.8764419555664062,0.8717783689498901,0.0
1740,0.0,0.0,1.0,1.0,0.0,0.0,0.0,0.0,0.0,0.0,0.0,1.0,1.0,0.0,0.9114299416542053,0.9181909561157227,0.9057896137237549,0.8968570232391357,0.9095870852470398,0.9149771928787231,0.9029504060745239,0.8929330110549927,0.8943686485290527,0.9056136608123779,0.9137572646141052,0.9084682464599609,0.8803337812423706,0.874991774559021,0.0
1741,1.0,1.0,0.0,0.0,1.0,1.0,0.0,0.0,0.0,0.0,0.0,1.0,1.0,0.0,0.9117940068244934,0.9188663959503174,0.9055756330490112,0.8964753150939941,0.9110144376754761,0.9159337878227234,0.9028983116149902,0.8930188417434692,0.8945574760437012,0.9045884609222412,0.9127930998802185,0.9072500467300415,0.8794199824333191,0.8756135106086731,1.0
1742,0.0,0.0,0.0,0.0,0.0,0.0,0.0,1.0,1.0,0.0,0.0,0.0,0.0,0.0,0.9083694815635681,0.9171869158744812,0.903009295463562,0.8911007046699524,0.908454179763794,0.9132824540138245,0.8995006084442139,0.8899769186973572,0.8898257613182068,0.8995940089225769,0.9075748324394226,0.9004840850830078,0.8716140389442444,0.8648194670677185,1.0
1743,0.0,0.0,0.0,0.0,1.0,1.0,1.0,1.0,0.0,0.0,0.0,1.0,1.0,0.0,0.9118499159812927,0.9194979071617126,0.9080140590667725,0.8993663787841797,0.9111928343772888,0.9165828824043274,0.903550386428833,0.8930609226226807,0.8944230675697327,0.9060735106468201,0.9152629971504211,0.9097960591316223,0.8812584280967712,0.8763391971588135,1.0
1744,0.0,0.0,0.0,1.0,1.0,0.0,0.0,0.0,0.0,0.0,0.0,1.0,1.0,0.0,0.9031893014907837,0.9152978658676147,0.910202145576477,0.9085989594459534,0.9121594429016113,0.9105252623558044,0.8930674195289612,0.8854551315307617,0.8892475962638855,0.903736412525177,0.9153261184692383,0.9152498245239258,0.8809362649917603,0.8630377054214478,2.0
1745,0.0,0.0,0.0,0.0,0.0,1.0,1.0,1.0,0.0,0.0,0.0,1.0,1.0,0.0,0.9111763834953308,0.9212056994438171,0.9096505045890808,0.899281919002533,0.9107404351234436,0.9152235984802246,0.9008034467697144,0.8911105990409851,0.8932130932807922,0.9057498574256897,0.9149943590164185,0.91032475233078,0.881218671798706,0.8739047050476074,2.0
1746,0.0,0.0,0.0,0.0,1.0,1.0,1.0,1.0,0.0,0.0,1.0,1.0,1.0,0.0,0.9102741479873657,0.918066143989563,0.9081194400787354,0.8999826908111572,0.9073213934898376,0.9122640490531921,0.8997042179107666,0.8905995488166809,0.8922584652900696,0.9045796990394592,0.9140214323997498,0.9100475311279297,0.881443440914154,0.8740652799606323,3.0
1747,1.0,1.0,0.0,0.0,1.0,1.0,0.0,1.0,1.0,0.0,0.0,0.0,0.0,0.0,0.9113615155220032,0.9199704527854919,0.9079271554946899,0.8963778018951416,0.9071229696273804,0.9116937518119812,0.8997868299484253,0.8920251131057739,0.894073486328125,0.9035444855690002,0.9116909503936768,0.906697154045105,0.8791424036026001,0.8748285174369812,0.0
1748,0.0,0.0,1.0,1.0,0.0,0.0,0.0,1.0,1.0,0.0,0.0,1.0,1.0,0.0,0.9094224572181702,0.918030858039856,0.9072400331497192,0.8991567492485046,0.9071215391159058,0.9124971032142639,0.8997439742088318,0.8897143006324768,0.8914719820022583,0.9052507877349854,0.9152945876121521,0.9098752737045288,0.8790833353996277,0.8701282739639282,2.0
1749,0.0,0.0,0.0,0.0,0.0,0.0,1.0,1.0,1.0,0.0,0.0,1.0,1.0,0.0,0.9116547703742981,0.9202063083648682,0.9065078496932983,0.8974343538284302,0.9121417999267578,0.916835367679596,0.9032455682754517,0.8922241926193237,0.8935489654541016,0.9049420356750488,0.9141119718551636,0.9079537987709045,0.8790686726570129,0.8727983236312866,0.0
1750,1.0,1.0,0.0,0.0,0.0,1.0,1.0,1.0,0.0,0.0,0.0,1.0,1.0,0.0,0.9071844220161438,0.9147949814796448,0.8982287049293518,0.8906903266906738,0.9115947484970093,0.9145449995994568,0.8996185064315796,0.8888596892356873,0.8885645270347595,0.8989213109016418,0.9064019918441772,0.8983336091041565,0.8690958023071289,0.8645853996276855,0.0
1751,0.0,0.0,1.0,1.0,0.0,0.0,0.0,0.0,0.0,1.0,1.0,1.0,1.0,0.0,0.9105576276779175,0.9204698204994202,0.9076029062271118,0.8986127972602844,0.9128552079200745,0.9164077639579773,0.9009547829627991,0.8911336064338684,0.8937326669692993,0.9061428308486938,0.9153602719306946,0.910487949848175,0.8802936673164368,0.8708240389823914,4.0
1752,0.0,0.0,0.0,0.0,0.0,0.0,1.0,1.0,0.0,0.0,0.0,1.0,1.0,0.0,0.910719096660614,0.919694721698761,0.9093655347824097,0.9014729857444763,0.9101696014404297,0.9153470993041992,0.9024215936660767,0.8919647336006165,0.8926327228546143,0.9058915972709656,0.9160851240158081,0.9116049408912659,0.8811680674552917,0.8740503191947937,1.0
1753,0.0,1.0,1.0,0.0,0.0,0.0,0.0,0.0,0.0,0.0,0.0,0.0,0.0,0.0,0.9109215140342712,0.918738067150116,0.908070981502533,0.8974480032920837,0.9056832790374756,0.9095773696899414,0.8982909917831421,0.8914457559585571,0.8933101296424866,0.9029399156570435,0.9117428660392761,0.9075577259063721,0.880653440952301,0.8760154843330383,0.0
1754,0.0,0.0,0.0,1.0,1.0,0.0,0.0,0.0,0.0,0.0,0.0,1.0,1.0,0.0,0.9094908833503723,0.9203727841377258,0.9100894927978516,0.9021795392036438,0.9137839674949646,0.91831374168396,0.9032070636749268,0.892856776714325,0.8947620391845703,0.9062696099281311,0.9167914390563965,0.9106508493423462,0.8799614310264587,0.8746500611305237,0.0
1755,0.0,0.0,0.0,1.0,1.0,0.0,0.0,0.0,0.0,0.0,0.0,1.0,1.0,0.0,0.9085031747817993,0.9162247776985168,0.9058648347854614,0.8991475701332092,0.9078226685523987,0.9125173687934875,0.8983064889907837,0.8887373805046082,0.8906573057174683,0.9036478996276855,0.913194477558136,0.9093427658081055,0.8785696625709534,0.8686341643333435,1.0
1756,1.0,1.0,1.0,1.0,0.0,0.0,0.0,0.0,0.0,0.0,0.0,1.0,1.0,0.0,0.9121268391609192,0.9203848838806152,0.907941460609436,0.8980374932289124,0.9092966318130493,0.9144096970558167,0.9017177224159241,0.8928113579750061,0.8939579129219055,0.9053002595901489,0.9135620594024658,0.9086534976959229,0.8806548118591309,0.8749435544013977,2.0
1757,0.0,0.0,0.0,0.0,1.0,1.0,0.0,0.0,0.0,0.0,0.0,1.0,1.0,0.0,0.9126539826393127,0.920089602470398,0.9072375893592834,0.8982073068618774,0.9111146330833435,0.9160485863685608,0.903584361076355,0.8929750919342041,0.8950745463371277,0.9064854383468628,0.9142317175865173,0.9084535241127014,0.8807032704353333,0.8752918243408203,4.0
1758,0.0,0.0,0.0,0.0,0.0,0.0,1.0,1.0,0.0,0.0,0.0,1.0,1.0,0.0,0.9122511148452759,0.920890212059021,0.9082463979721069,0.8999205231666565,0.9123318195343018,0.9178586006164551,0.9041897654533386,0.8932437896728516,0.8941794633865356,0.9072271585464478,0.9165064096450806,0.9104989767074585,0.8813579678535461,0.8754730820655823,4.0
1759,0.0,0.0,1.0,1.0,0.0,0.0,0.0,0.0,0.0,0.0,0.0,1.0,1.0,0.0,0.9123291373252869,0.9206496477127075,0.9081025123596191,0.8990629315376282,0.9113477468490601,0.9164791703224182,0.9026989340782166,0.8920823335647583,0.8936779499053955,0.9062148332595825,0.915774405002594,0.9103413224220276,0.8811418414115906,0.8741250038146973,4.0
1760,0.0,0.0,0.0,0.0,1.0,1.0,0.0,0.0,0.0,1.0,1.0,1.0,1.0,0.0,0.91241854429245,0.9202150106430054,0.9099642038345337,0.9006988406181335,0.9086387157440186,0.9134440422058105,0.9007276296615601,0.8923318386077881,0.8936875462532043,0.9067208766937256,0.9160016775131226,0.9117114543914795,0.8830578327178955,0.8769516348838806,2.0
1761,0.0,1.0,1.0,0.0,0.0,0.0,0.0,0.0,0.0,0.0,0.0,1.0,1.0,0.0,0.9104222655296326,0.9193915724754333,0.9062409996986389,0.8950425982475281,0.9084823727607727,0.9136837124824524,0.9011845588684082,0.8923155069351196,0.8937230706214905,0.9027466177940369,0.9106149673461914,0.9051176905632019,0.8772062659263611,0.873279333114624,0.0
1762,0.0,0.0,0.0,1.0,1.0,0.0,0.0,0.0,0.0,0.0,0.0,1.0,1.0,0.0,0.8969542980194092,0.9110432267189026,0.9095870852470398,0.913334846496582,0.9122205972671509,0.9046981930732727,0.8860334157943726,0.8801085948944092,0.884800136089325,0.89994877576828,0.913569986820221,0.9162531495094299,0.8809477090835571,0.8590683341026306,1.0
1763,1.0,1.0,0.0,0.0,0.0,0.0,0.0,0.0,0.0,0.0,0.0,1.0,1.0,0.0,0.9098300933837891,0.917589008808136,0.9053993225097656,0.8966890573501587,0.909619152545929,0.9144176840782166,0.9001074433326721,0.8902803659439087,0.8935456871986389,0.904880702495575,0.9138534665107727,0.909062922000885,0.8797271251678467,0.8709498047828674,3.0
1764,0.0,1.0,1.0,1.0,0.0,0.0,0.0,0.0,0.0,0.0,0.0,1.0,1.0,0.0,0.9122476577758789,0.9202606081962585,0.9087818264961243,0.8991391062736511,0.9109882116317749,0.915492832660675,0.9028031826019287,0.8927090764045715,0.8940767645835876,0.9055353403091431,0.9141838550567627,0.9095731973648071,0.8814201951026917,0.8768747448921204,1.0
1765,1.0,1.0,0.0,0.0,0.0,0.0,0.0,0.0,0.0,0.0,0.0,1.0,1.0,0.0,0.9068426489830017,0.9169187545776367,0.9077609181404114,0.9015681147575378,0.9095780253410339,0.9140201210975647,0.9005258083343506,0.8904739022254944,0.8918159604072571,0.9058221578598022,0.915638267993927,0.909972608089447,0.8782229423522949,0.870124340057373,3.0
1766,1.0,1.0,0.0,0.0,0.0,0.0,0.0,0.0,0.0,0.0,0.0,1.0,1.0,0.0,0.9117032289505005,0.918707013130188,0.9073288440704346,0.8982011675834656,0.9097933173179626,0.9149534702301025,0.9018769264221191,0.8920871615409851,0.893671452999115,0.9049800038337708,0.9140880703926086,0.9097403883934021,0.8809564113616943,0.8759676814079285,1.0
1767,0.0,0.0,0.0,1.0,1.0,0.0,0.0,0.0,0.0,0.0,0.0,1.0,1.0,0.0,0.909401535987854,0.9133653044700623,0.9044201374053955,0.9002144932746887,0.9052571654319763,0.9061889052391052,0.8929686546325684,0.8870769739151001,0.8886820077896118,0.9017508029937744,0.9124876260757446,0.9116104245185852,0.8833745718002319,0.8758496642112732,0.0
1768,0.0,0.0,0.0,0.0,0.0,1.0,1.0,0.0,0.0,0.0,0.0,0.0,0.0,0.0,0.9122222661972046,0.9163277745246887,0.9061291217803955,0.8985664248466492,0.904402494430542,0.9073854684829712,0.8944694995880127,0.8889585137367249,0.8916391730308533,0.9049507975578308,0.9138160347938538,0.9107232093811035,0.8829094171524048,0.8784692883491516,4.0
1769,0.0,1.0,1.0,0.0,0.0,0.0,0.0,0.0,0.0,1.0,1.0,1.0,1.0,0.0,0.9120016694068909,0.9199104309082031,0.9074300527572632,0.8986560106277466,0.9118886590003967,0.9161125421524048,0.9029845595359802,0.8928827047348022,0.894362211227417,0.9059147238731384,0.9140347838401794,0.9076281785964966,0.8794026970863342,0.8758164644241333,0.0
1770,0.0,0.0,0.0,0.0,1.0,1.0,1.0,1.0,0.0,0.0,0.0,0.0,0.0,0.0,0.9124937653541565,0.9199047684669495,0.9078102707862854,0.8985239863395691,0.9100281000137329,0.915809690952301,0.903037965297699,0.8929378390312195,0.8943718671798706,0.9062955379486084,0.9151656627655029,0.9099642038345337,0.8813481330871582,0.8758718371391296,0.0
1771,0.0,0.0,1.0,1.0,0.0,0.0,0.0,0.0,0.0,0.0,0.0,1.0,1.0,0.0,0.9114840030670166,0.9200378656387329,0.9084984064102173,0.8983103632926941,0.9099170565605164,0.9147937297821045,0.9011241793632507,0.8910315632820129,0.8926489949226379,0.9055122137069702,0.9148781895637512,0.9088299870491028,0.8798254728317261,0.8741958737373352,3.0
1772,0.0,0.0,0.0,0.0,0.0,1.0,1.0,0.0,0.0,0.0,0.0,1.0,1.0,0.0,0.911652147769928,0.9190676212310791,0.9076881408691406,0.898633599281311,0.9103648662567139,0.9144746661186218,0.9019069075584412,0.8929135203361511,0.8939642906188965,0.9053757786750793,0.9136475920677185,0.9081428647041321,0.8798474073410034,0.876599907875061,0.0
1773,0.0,1.0,1.0,0.0,0.0,0.0,0.0,0.0,0.0,0.0,0.0,0.0,0.0,0.0,0.9094764590263367,0.9152026176452637,0.9040611386299133,0.8969824910163879,0.9055216908454895,0.9100129008293152,0.8977320194244385,0.8889283537864685,0.8913324475288391,0.9036774039268494,0.912094235420227,0.9087274074554443,0.8803195357322693,0.8720510601997375,4.0
1774,0.0,0.0,0.0,0.0,1.0,1.0,0.0,0.0,0.0,0.0,0.0,0.0,0.0,0.0,0.9122605323791504,0.9200171828269958,0.9072415232658386,0.8968774676322937,0.9091637134552002,0.9138787388801575,0.9014227986335754,0.8922828435897827,0.8937584757804871,0.9049332141876221,0.9132052063941956,0.9079474210739136,0.8798461556434631,0.8755802512168884,2.0
1775,0.0,1.0,1.0,1.0,0.0,0.0,0.0,0.0,0.0,0.0,0.0,1.0,1.0,0.0,0.9115660190582275,0.9191833734512329,0.907942533493042,0.8976246118545532,0.9075179100036621,0.913112461566925,0.9003267288208008,0.8916833996772766,0.8931775093078613,0.9052129983901978,0.913898766040802,0.9099113941192627,0.8814112544059753,0.8744381070137024,2.0
1776,1.0,0.0,0.0,0.0,0.0,1.0,1.0,1.0,0.0,0.0,0.0,1.0,1.0,0.0,0.9110445976257324,0.9174902439117432,0.9059262275695801,0.8975809812545776,0.9078503251075745,0.9131501317024231,0.9004119038581848,0.8906424641609192,0.8922698497772217,0.9045328497886658,0.9137038588523865,0.9095536470413208,0.8807627558708191,0.8736990094184875,0.0
1777,0.0,1.0,1.0,1.0,1.0,0.0,0.0,0.0,0.0,0.0,0.0,1.0,1.0,0.0,0.9075790643692017,0.9193515777587891,0.9122273325920105,0.9054193496704102,0.9119002819061279,0.9148716330528259,0.8980289697647095,0.8895828723907471,0.8920561671257019,0.906620442867279,0.9180067777633667,0.9152340888977051,0.882948637008667,0.8706446290016174,3.0
1778,1.0,0.0,0.0,0.0,0.0,0.0,0.0,1.0,1.0,0.0,0.0,0.0,0.0,0.0,0.9107576608657837,0.9185842871665955,0.9080848097801208,0.8986961841583252,0.9076459407806396,0.9122313857078552,0.8997807502746582,0.8911944031715393,0.8931466937065125,0.9052537679672241,0.913898766040802,0.9100601077079773,0.8826198577880859,0.877006471157074,3.0
1779,1.0,1.0,0.0,0.0,0.0,0.0,0.0,0.0,0.0,0.0,0.0,0.0,0.0,0.0,0.9109779000282288,0.9181976914405823,0.9051715135574341,0.8966341614723206,0.9117524027824402,0.9158359169960022,0.9018978476524353,0.8917620182037354,0.8927821516990662,0.9054948091506958,0.9132965803146362,0.9066118001937866,0.8780961632728577,0.8740466237068176,3.0
1780,0.0,0.0,1.0,1.0,1.0,1.0,0.0,0.0,0.0,0.0,0.0,0.0,0.0,0.0,0.9098127484321594,0.9188953042030334,0.9057119488716125,0.8950187563896179,0.9086485505104065,0.9133703708648682,0.9005045890808105,0.8907497525215149,0.8912175297737122,0.9017418026924133,0.910576343536377,0.9052311778068542,0.8758844137191772,0.8692790269851685,0.0
1781,0.0,0.0,0.0,0.0,1.0,1.0,0.0,0.0,0.0,0.0,0.0,0.0,0.0,0.0,0.91185063123703,0.9187344908714294,0.906939685344696,0.8970443606376648,0.9082523584365845,0.9134400486946106,0.9005122184753418,0.8913291692733765,0.8932971954345703,0.9043072462081909,0.9126229286193848,0.9086809158325195,0.8812136054039001,0.8748247623443604,4.0
1782,1.0,1.0,1.0,1.0,0.0,0.0,0.0,0.0,0.0,0.0,0.0,1.0,1.0,0.0,0.910707414150238,0.9205079078674316,0.9095282554626465,0.900746762752533,0.9097375273704529,0.9153537154197693,0.9018723964691162,0.8919973373413086,0.8931434750556946,0.9071872234344482,0.917312502861023,0.9126242995262146,0.8823374509811401,0.8751252293586731,4.0
1783,0.0,0.0,1.0,1.0,0.0,0.0,0.0,0.0,0.0,0.0,0.0,1.0,1.0,0.0,0.9118499159812927,0.9195725321769714,0.9075719714164734,0.8991621136665344,0.9105832576751709,0.9162400960922241,0.9029102921485901,0.8923757672309875,0.8942403793334961,0.9070844054222107,0.9158998727798462,0.9099572896957397,0.8805983662605286,0.87321937084198,0.0
1784,1.0,0.0,0.0,0.0,0.0,1.0,1.0,1.0,0.0,0.0,1.0,1.0,1.0,0.0,0.9078928828239441,0.9178355932235718,0.9094740748405457,0.902934193611145,0.9085295796394348,0.9122313857078552,0.8975887894630432,0.8883107304573059,0.8904789090156555,0.9040927886962891,0.9149442911148071,0.910901665687561,0.8788253664970398,0.8681265711784363,1.0
1785,0.0,1.0,1.0,0.0,0.0,0.0,0.0,0.0,0.0,0.0,0.0,0.0,0.0,0.0,0.9110226035118103,0.919585108757019,0.9063290953636169,0.8961949348449707,0.9102014899253845,0.9150550365447998,0.901969850063324,0.8915162682533264,0.8924733996391296,0.9038219451904297,0.9126310348510742,0.9069871306419373,0.8780788779258728,0.8713799118995667,4.0
1786,0.0,0.0,0.0,0.0,0.0,0.0,0.0,0.0,0.0,1.0,1.0,1.0,1.0,0.0,0.9103641510009766,0.9167091846466064,0.9044662714004517,0.8949964046478271,0.9064609408378601,0.9112737774848938,0.8990291357040405,0.890848696231842,0.8939996361732483,0.9044655561447144,0.9119962453842163,0.9074581265449524,0.8803542852401733,0.8736616373062134,2.0
1787,1.0,1.0,0.0,0.0,0.0,0.0,0.0,0.0,0.0,0.0,0.0,0.0,0.0,0.0,0.9096397757530212,0.9146303534507751,0.9054214954376221,0.8994098901748657,0.9019848704338074,0.9044494032859802,0.8901742696762085,0.8858380317687988,0.888334333896637,0.901317298412323,0.9115134477615356,0.9099100232124329,0.8808159232139587,0.8718959093093872,4.0
1788,0.0,0.0,1.0,1.0,0.0,0.0,0.0,0.0,0.0,0.0,0.0,1.0,1.0,0.0,0.9093763828277588,0.9197026491165161,0.9086862802505493,0.8974663615226746,0.9067981839179993,0.9117769598960876,0.8985880613327026,0.8905003666877747,0.8927950859069824,0.9045387506484985,0.9142503142356873,0.9107046723365784,0.8812586069107056,0.8739308714866638,3.0
1789,1.0,0.0,0.0,0.0,0.0,0.0,0.0,0.0,0.0,0.0,0.0,1.0,1.0,0.0,0.912197470664978,0.9196536540985107,0.9092064499855042,0.9001268744468689,0.9082199335098267,0.913354218006134,0.9003753662109375,0.8915408849716187,0.8931580185890198,0.9064940214157104,0.9160643219947815,0.9110445976257324,0.8820050358772278,0.8764898180961609,0.0
1790,0.0,1.0,1.0,0.0,0.0,0.0,0.0,0.0,0.0,1.0,1.0,1.0,1.0,0.0,0.9113237857818604,0.9181373715400696,0.908437967300415,0.9003320336341858,0.9089310169219971,0.911944568157196,0.8995817303657532,0.8921427130699158,0.8941698670387268,0.9057209491729736,0.9137385487556458,0.9094622731208801,0.8812962770462036,0.8769662380218506,0.0
1791,0.0,0.0,0.0,1.0,1.0,0.0,0.0,0.0,0.0,0.0,0.0,1.0,1.0,0.0,0.9099879264831543,0.9162625074386597,0.9081442356109619,0.9018910527229309,0.9077836275100708,0.909365177154541,0.8964265584945679,0.8893744945526123,0.890972375869751,0.9036449193954468,0.9142184853553772,0.9120275974273682,0.8823599219322205,0.8760339021682739,0.0
1792,0.0,0.0,1.0,1.0,1.0,1.0,0.0,0.0,0.0,1.0,1.0,1.0,1.0,0.0,0.9116759896278381,0.9167299270629883,0.9055803418159485,0.8993095755577087,0.906888484954834,0.9105460047721863,0.8966687917709351,0.8894194960594177,0.8913866281509399,0.9044303894042969,0.9139174818992615,0.9098502993583679,0.8811285495758057,0.8748024702072144,1.0
1793,0.0,0.0,0.0,0.0,0.0,0.0,0.0,0.0,0.0,1.0,1.0,1.0,0.0,0.0,0.9100472331047058,0.9153779745101929,0.8969377875328064,0.8857866525650024,0.9066318869590759,0.9121621251106262,0.8979295492172241,0.8876751065254211,0.8902869820594788,0.9007458090782166,0.9088553190231323,0.9032070636749268,0.8758676052093506,0.8685064911842346,2.0
1794,1.0,1.0,0.0,0.0,0.0,0.0,0.0,0.0,0.0,0.0,0.0,1.0,1.0,0.0,0.910239577293396,0.918066143989563,0.9093673229217529,0.900304913520813,0.903699517250061,0.9087990522384644,0.8959027528762817,0.8893861174583435,0.890779435634613,0.9038602709770203,0.914674699306488,0.9114052653312683,0.8823013305664062,0.8761443495750427,4.0
1795,0.0,0.0,0.0,0.0,0.0,0.0,0.0,0.0,0.0,1.0,1.0,1.0,1.0,0.0,0.9104596376419067,0.9185895919799805,0.9075143337249756,0.8980122208595276,0.9079481363296509,0.9128525257110596,0.8989521265029907,0.8893644213676453,0.8915982246398926,0.9036951661109924,0.9136716723442078,0.9105915427207947,0.881138801574707,0.8725194334983826,3.0
1796,1.0,1.0,0.0,0.0,0.0,1.0,1.0,1.0,0.0,0.0,0.0,1.0,1.0,0.0,0.9103987216949463,0.9173150062561035,0.9026245474815369,0.8959153890609741,0.9129252433776855,0.9172211289405823,0.9021316170692444,0.8906011581420898,0.8922845721244812,0.9044831395149231,0.9131487607955933,0.9049777388572693,0.8760294318199158,0.871303915977478,4.0
1797,0.0,1.0,1.0,0.0,0.0,0.0,0.0,0.0,0.0,0.0,0.0,0.0,0.0,0.0,0.9104616641998291,0.9188530445098877,0.9089184403419495,0.9008446931838989,0.9082304239273071,0.9130707383155823,0.8996583819389343,0.8904160857200623,0.892217755317688,0.904965341091156,0.9151209592819214,0.911001980304718,0.8810628056526184,0.8727832436561584,3.0
1798,0.0,1.0,1.0,0.0,0.0,0.0,0.0,0.0,0.0,0.0,0.0,1.0,1.0,0.0,0.9099461436271667,0.9191225171089172,0.9079999327659607,0.9011297821998596,0.9125904440879822,0.9173213839530945,0.9025081992149353,0.8917455673217773,0.8934811949729919,0.9071329832077026,0.917512834072113,0.9120153784751892,0.8811126351356506,0.8746575713157654,3.0
1799,0.0,0.0,1.0,1.0,0.0,0.0,1.0,1.0,0.0,0.0,0.0,1.0,1.0,0.0,0.9108107686042786,0.9184234738349915,0.9081342816352844,0.9003791809082031,0.9080614447593689,0.912751317024231,0.899046003818512,0.890389621257782,0.8921034932136536,0.9059407114982605,0.915756106376648,0.9107763171195984,0.8805475234985352,0.8751326203346252,4.0
1800,0.0,0.0,0.0,0.0,0.0,0.0,0.0,0.0,0.0,1.0,1.0,1.0,1.0,0.0,0.9120989441871643,0.9196759462356567,0.9077776670455933,0.8968390226364136,0.9071158170700073,0.9124252796173096,0.9001988172531128,0.892075777053833,0.8934392333030701,0.9044186472892761,0.913038432598114,0.9088152050971985,0.8813337683677673,0.8763024806976318,0.0
1801,0.0,1.0,1.0,1.0,0.0,0.0,0.0,0.0,0.0,0.0,0.0,0.0,0.0,0.0,0.9098058342933655,0.9176384806632996,0.9048942923545837,0.8939241170883179,0.908458411693573,0.9132455587387085,0.9006502628326416,0.891640841960907,0.8916506171226501,0.9013926386833191,0.9085204005241394,0.902573823928833,0.8750373721122742,0.871303915977478,0.0
1802,1.0,1.0,0.0,0.0,0.0,0.0,0.0,0.0,0.0,0.0,0.0,0.0,0.0,0.0,0.9092925190925598,0.9150688052177429,0.9065744876861572,0.9008380770683289,0.903776228427887,0.9059783220291138,0.8925319314002991,0.8869698643684387,0.8888596892356873,0.9021914601325989,0.9127877354621887,0.9106563925743103,0.8818706274032593,0.8750807642936707,4.0
1803,0.0,0.0,0.0,0.0,1.0,1.0,1.0,1.0,0.0,0.0,0.0,1.0,1.0,0.0,0.9116322994232178,0.9193464517593384,0.9065822958946228,0.8970044255256653,0.9109181761741638,0.9148756265640259,0.9017027020454407,0.891865074634552,0.8931289315223694,0.9044449925422668,0.91292804479599,0.9067602753639221,0.8789465427398682,0.8755285739898682,3.0
1804,0.0,0.0,0.0,1.0,1.0,0.0,0.0,0.0,0.0,0.0,0.0,1.0,1.0,0.0,0.893198549747467,0.9083201289176941,0.9077310562133789,0.9137211441993713,0.9107992053031921,0.8998265862464905,0.8812488913536072,0.8759086728096008,0.8822476267814636,0.8988997340202332,0.9124903678894043,0.9149903655052185,0.8791157603263855,0.8575590252876282,2.0
1805,0.0,0.0,0.0,1.0,1.0,0.0,0.0,0.0,0.0,0.0,0.0,0.0,0.0,0.0,0.9109050035476685,0.9177483320236206,0.9077743887901306,0.8994162678718567,0.9065715670585632,0.9112669825553894,0.8984737396240234,0.8898738622665405,0.891678512096405,0.9049596190452576,0.9147805571556091,0.9104989767074585,0.8818790316581726,0.8758164644241333,0.0
1806,0.0,0.0,1.0,1.0,0.0,0.0,1.0,1.0,0.0,0.0,0.0,1.0,1.0,0.0,0.9063026905059814,0.9178899526596069,0.9098433256149292,0.9035326838493347,0.9086393713951111,0.912878155708313,0.8988643288612366,0.889130711555481,0.8915047645568848,0.9054774045944214,0.9160955548286438,0.9106025099754333,0.8780105710029602,0.8682817220687866,4.0
1807,0.0,0.0,0.0,0.0,1.0,1.0,0.0,0.0,0.0,0.0,0.0,1.0,1.0,0.0,0.9092113971710205,0.9207841753959656,0.9077614545822144,0.8955305814743042,0.9082213044166565,0.9135351777076721,0.9001348614692688,0.8909081220626831,0.8928470611572266,0.9037599563598633,0.9124903678894043,0.9081774353981018,0.879350483417511,0.8700898885726929,0.0
1808,0.0,0.0,1.0,1.0,0.0,0.0,0.0,0.0,0.0,0.0,0.0,1.0,1.0,0.0,0.9069957733154297,0.9175346493721008,0.9074652791023254,0.900700569152832,0.9097835421562195,0.9150668382644653,0.9026483297348022,0.8923855423927307,0.8921377658843994,0.9054483771324158,0.9148597717285156,0.9089464545249939,0.8781589269638062,0.8698866367340088,0.0
1809,1.0,0.0,1.0,1.0,0.0,0.0,0.0,0.0,0.0,0.0,0.0,1.0,1.0,0.0,0.9101821184158325,0.9169976115226746,0.9051307439804077,0.8972915410995483,0.9077296853065491,0.9122843742370605,0.9005926251411438,0.8919810652732849,0.8935682773590088,0.9060129523277283,0.9135459065437317,0.9081435203552246,0.8801569938659668,0.8736729025840759,3.0
1810,0.0,0.0,0.0,0.0,0.0,0.0,1.0,1.0,0.0,0.0,0.0,1.0,1.0,0.0,0.9112477898597717,0.9211167097091675,0.9096195697784424,0.9009139537811279,0.9110555648803711,0.9166502952575684,0.9023290872573853,0.8914850950241089,0.8933650255203247,0.906620442867279,0.9173483848571777,0.9125552773475647,0.8820245862007141,0.8739681839942932,4.0
1811,1.0,0.0,0.0,0.0,0.0,0.0,0.0,0.0,0.0,0.0,0.0,1.0,1.0,0.0,0.910988986492157,0.9173913598060608,0.906888484954834,0.8976362347602844,0.9055020213127136,0.911001980304718,0.8986251354217529,0.8912700414657593,0.8924863934516907,0.9038189649581909,0.9131030440330505,0.910093367099762,0.88251131772995,0.8772585988044739,2.0
1812,0.0,0.0,0.0,1.0,1.0,0.0,0.0,0.0,0.0,0.0,0.0,1.0,1.0,0.0,0.9110686182975769,0.917006254196167,0.9050936698913574,0.8985830545425415,0.9077922105789185,0.9119092226028442,0.8984612822532654,0.8895028829574585,0.890917956829071,0.9044626355171204,0.9144335985183716,0.9100267291069031,0.8807203769683838,0.8753214478492737,2.0
1813,0.0,0.0,0.0,0.0,0.0,0.0,0.0,1.0,1.0,0.0,0.0,0.0,0.0,0.0,0.9108788967132568,0.9177743196487427,0.9051469564437866,0.8959478139877319,0.9102721810340881,0.914674699306488,0.9028611779212952,0.8935860395431519,0.8951191306114197,0.9053874015808105,0.9131191372871399,0.9073327779769897,0.8799459934234619,0.8764788508415222,0.0
1814,0.0,0.0,1.0,1.0,0.0,0.0,0.0,0.0,0.0,0.0,0.0,1.0,1.0,0.0,0.9117183089256287,0.9208220839500427,0.9094452857971191,0.8992795944213867,0.9095647931098938,0.9144574403762817,0.9021586179733276,0.8930658102035522,0.8938131332397461,0.9048078060150146,0.9144414663314819,0.910515546798706,0.8820762038230896,0.8769150376319885,1.0
1815,0.0,1.0,1.0,0.0,1.0,1.0,0.0,0.0,0.0,1.0,1.0,1.0,1.0,0.0,0.912249743938446,0.9192889332771301,0.9073089361190796,0.8979777097702026,0.9090068340301514,0.9140920639038086,0.9019788503646851,0.8927966952323914,0.8943109512329102,0.9057990908622742,0.9138374328613281,0.908730149269104,0.8810217380523682,0.876742959022522,0.0
1816,1.0,0.0,0.0,0.0,0.0,0.0,0.0,0.0,0.0,0.0,0.0,1.0,1.0,0.0,0.9108733534812927,0.9192076325416565,0.9087913036346436,0.8993648290634155,0.9086021184921265,0.9137558937072754,0.9002506136894226,0.8905003666877747,0.8923919796943665,0.9045416712760925,0.914560854434967,0.9114736914634705,0.8821621537208557,0.8737289905548096,4.0
1817,0.0,0.0,0.0,1.0,1.0,0.0,0.0,0.0,0.0,0.0,0.0,1.0,1.0,0.0,0.9042866826057434,0.9104236364364624,0.904773473739624,0.9038745760917664,0.9078404307365417,0.9055078029632568,0.8907877802848816,0.8847793340682983,0.8867946863174438,0.9002566933631897,0.9115981459617615,0.9116759896278381,0.8811553716659546,0.870246946811676,0.0
1818,1.0,1.0,0.0,0.0,0.0,0.0,0.0,0.0,0.0,0.0,0.0,1.0,1.0,0.0,0.9115113615989685,0.9177321791648865,0.9078963994979858,0.8996214270591736,0.9063825607299805,0.9106301069259644,0.8986436724662781,0.8911813497543335,0.8926555514335632,0.9055847525596619,0.9143964648246765,0.9106770753860474,0.882988691329956,0.8770540356636047,2.0
1819,0.0,1.0,1.0,1.0,1.0,1.0,0.0,1.0,1.0,1.0,0.0,0.0,0.0,0.0,0.908919095993042,0.9177505373954773,0.9029507040977478,0.8936618566513062,0.9104741215705872,0.915058970451355,0.9008110165596008,0.8900068402290344,0.8911187648773193,0.9023858904838562,0.9115462303161621,0.905095100402832,0.8750895261764526,0.8675275444984436,4.0
1820,1.0,1.0,0.0,0.0,0.0,0.0,0.0,0.0,0.0,0.0,0.0,0.0,0.0,0.0,0.9110445976257324,0.9189221858978271,0.9081392884254456,0.9003158211708069,0.9070014357566833,0.9120697379112244,0.8988350033760071,0.8902968764305115,0.8921948671340942,0.9060071706771851,0.9157953262329102,0.9104824662208557,0.8808081150054932,0.873979389667511,2.0
1821,0.0,1.0,1.0,0.0,0.0,0.0,0.0,0.0,0.0,0.0,0.0,0.0,0.0,0.0,0.9101654291152954,0.919242799282074,0.9074143171310425,0.9005767107009888,0.9131016135215759,0.9170174598693848,0.9025142192840576,0.8917537331581116,0.8929054141044617,0.9061571955680847,0.9164103865623474,0.9105818867683411,0.8802462816238403,0.8747392892837524,3.0
1822,1.0,1.0,0.0,0.0,1.0,1.0,0.0,0.0,0.0,0.0,0.0,1.0,1.0,0.0,0.9116589426994324,0.9191573858261108,0.9058372974395752,0.8963257670402527,0.9096735119819641,0.9155662059783936,0.9024067521095276,0.8922535181045532,0.8942981362342834,0.9045972228050232,0.9137519001960754,0.9084936380386353,0.8803537487983704,0.8732081055641174,0.0
1823,1.0,1.0,1.0,0.0,1.0,1.0,0.0,0.0,0.0,0.0,0.0,0.0,0.0,0.0,0.9117394089698792,0.9188134670257568,0.904916524887085,0.8968492746353149,0.9122070074081421,0.9161346554756165,0.9029280543327332,0.8923089504241943,0.8936843276023865,0.9054135084152222,0.913038432598114,0.9059364199638367,0.8784839510917664,0.8733769059181213,4.0
1824,1.0,1.0,0.0,0.0,1.0,1.0,0.0,0.0,0.0,0.0,0.0,1.0,1.0,0.0,0.909482479095459,0.9188443422317505,0.9064731001853943,0.8954258561134338,0.9066921472549438,0.9124930500984192,0.8997868299484253,0.8907415270805359,0.8930091261863708,0.9036036133766174,0.9123901128768921,0.9088819622993469,0.8806398510932922,0.8713418841362,2.0
1825,1.0,0.0,1.0,1.0,0.0,0.0,0.0,0.0,0.0,0.0,0.0,1.0,1.0,0.0,0.9104264378547668,0.916955828666687,0.90668785572052,0.8994675278663635,0.906224250793457,0.9103233814239502,0.8967880010604858,0.8890471458435059,0.8907778263092041,0.9044596552848816,0.9139068126678467,0.9099420309066772,0.8805961012840271,0.8706637024879456,2.0
1826,0.0,1.0,1.0,0.0,0.0,0.0,0.0,0.0,0.0,0.0,0.0,1.0,1.0,0.0,0.9107789993286133,0.9212174415588379,0.909842848777771,0.9015320539474487,0.9145528674125671,0.9178458452224731,0.901477038860321,0.8922437429428101,0.8940286040306091,0.9063531160354614,0.9163636565208435,0.9118819236755371,0.8813237547874451,0.872160792350769,1.0
1827,1.0,1.0,0.0,0.0,0.0,0.0,0.0,0.0,0.0,0.0,0.0,0.0,0.0,0.0,0.9117565751075745,0.9191614985466003,0.9082898497581482,0.8993073105812073,0.9092827439308167,0.9133891463279724,0.9009910821914673,0.8919124603271484,0.8940446376800537,0.9066519737243652,0.914555549621582,0.9093288779258728,0.8807716965675354,0.876011848449707,3.0
1828,0.0,0.0,1.0,1.0,0.0,0.0,0.0,0.0,0.0,0.0,0.0,1.0,1.0,0.0,0.9114833474159241,0.9190601706504822,0.9077240228652954,0.8977253437042236,0.9079906940460205,0.9128146767616272,0.8999090194702148,0.891457200050354,0.8938035368919373,0.9044128060340881,0.9129171967506409,0.9089044332504272,0.8811216950416565,0.8756948113441467,3.0
1829,0.0,0.0,0.0,0.0,0.0,0.0,0.0,0.0,0.0,1.0,1.0,0.0,0.0,0.0,0.9114880561828613,0.9187124371528625,0.9064339995384216,0.8981895446777344,0.9116377830505371,0.9159455895423889,0.9036626219749451,0.8936151266098022,0.8944711685180664,0.9058250784873962,0.9138213992118835,0.9078254699707031,0.8801047801971436,0.8766292333602905,0.0
1830,0.0,0.0,0.0,0.0,1.0,1.0,0.0,0.0,0.0,0.0,0.0,1.0,1.0,0.0,0.9118648767471313,0.9192153811454773,0.9076703786849976,0.8999914526939392,0.9110047221183777,0.9152945876121521,0.9018108248710632,0.8921345472335815,0.8929637670516968,0.9052565693855286,0.9143565893173218,0.9090573191642761,0.8801571726799011,0.8754101991653442,1.0
1831,0.0,1.0,1.0,0.0,1.0,1.0,0.0,1.0,1.0,1.0,0.0,1.0,1.0,0.0,0.9107804894447327,0.9162418246269226,0.9031693339347839,0.8942300081253052,0.9076259732246399,0.912864625453949,0.9000464081764221,0.89098060131073,0.8938581943511963,0.9042808413505554,0.912140429019928,0.9079963564872742,0.8804095387458801,0.8721380233764648,2.0
1832,0.0,0.0,0.0,0.0,0.0,0.0,0.0,0.0,0.0,1.0,1.0,1.0,1.0,0.0,0.9116377830505371,0.9186157584190369,0.9059761762619019,0.8961365818977356,0.909423828125,0.9137198328971863,0.9017928838729858,0.8930933475494385,0.8943589925765991,0.9042279720306396,0.911442220211029,0.9058344960212708,0.8788611888885498,0.8759012818336487,1.0
1833,0.0,0.0,1.0,1.0,0.0,0.0,0.0,0.0,0.0,1.0,1.0,1.0,1.0,0.0,0.911535918712616,0.9189327359199524,0.9060677289962769,0.8957128524780273,0.908413290977478,0.9130195379257202,0.900338888168335,0.8914539217948914,0.8937068581581116,0.9039751291275024,0.9117729067802429,0.9064638614654541,0.8788900375366211,0.8735230565071106,2.0
1834,0.0,1.0,1.0,0.0,1.0,1.0,1.0,1.0,0.0,1.0,1.0,1.0,1.0,0.0,0.9099431037902832,0.9173480868339539,0.9029403328895569,0.8937471508979797,0.9102444648742676,0.9144587516784668,0.9017989039421082,0.8915523290634155,0.8907135128974915,0.9010576605796814,0.9086781740188599,0.9018926620483398,0.874377965927124,0.8720359206199646,0.0
1835,0.0,1.0,1.0,1.0,0.0,0.0,0.0,0.0,0.0,0.0,0.0,1.0,1.0,0.0,0.9114121198654175,0.9199305772781372,0.9079198241233826,0.8994070887565613,0.911026656627655,0.9157887697219849,0.9009003043174744,0.8908603191375732,0.8932809829711914,0.9058105945587158,0.9154731631278992,0.9112778902053833,0.8812816739082336,0.8709498047828674,2.0
1836,0.0,0.0,0.0,1.0,1.0,0.0,0.0,0.0,0.0,0.0,0.0,1.0,1.0,0.0,0.9100885391235352,0.9193629026412964,0.9091970324516296,0.900678813457489,0.9117360711097717,0.9157494902610779,0.8997592926025391,0.8901427984237671,0.8931677937507629,0.9065113067626953,0.916592001914978,0.9120615720748901,0.8805604577064514,0.8714596629142761,3.0
1837,0.0,0.0,0.0,0.0,1.0,1.0,0.0,0.0,0.0,0.0,0.0,1.0,1.0,0.0,0.9105749726295471,0.918531060218811,0.9047520756721497,0.8948529958724976,0.9105003476142883,0.9150510430335999,0.9012721180915833,0.8911269903182983,0.8914637565612793,0.9022842645645142,0.9102333784103394,0.9037179946899414,0.8758519887924194,0.8722891807556152,3.0
1838,0.0,0.0,0.0,0.0,0.0,0.0,1.0,1.0,1.0,0.0,0.0,1.0,1.0,0.0,0.9119296073913574,0.9187524914741516,0.9060825109481812,0.896582305431366,0.9088706374168396,0.9144468903541565,0.9013595581054688,0.8912175297737122,0.8933811783790588,0.9040927886962891,0.9132159352302551,0.9087695479393005,0.8803825378417969,0.8740801811218262,0.0
1839,0.0,0.0,0.0,0.0,0.0,0.0,1.0,1.0,0.0,0.0,0.0,1.0,1.0,0.0,0.9124220013618469,0.9199419021606445,0.9082290530204773,0.8976004123687744,0.9081619381904602,0.9129549264907837,0.900636613368988,0.892075777053833,0.8930123448371887,0.9035829305648804,0.912498414516449,0.9086084961891174,0.8803620338439941,0.8739383220672607,1.0
1840,0.0,1.0,1.0,0.0,1.0,1.0,0.0,0.0,0.0,1.0,1.0,0.0,0.0,0.0,0.911598801612854,0.9159814715385437,0.9060360193252563,0.8986846208572388,0.9052042365074158,0.908897340297699,0.8962722420692444,0.889584481716156,0.8908157348632812,0.9035356044769287,0.9131407141685486,0.9103220105171204,0.882501482963562,0.8779107332229614,0.0
1841,0.0,0.0,1.0,1.0,0.0,0.0,0.0,0.0,0.0,0.0,0.0,1.0,1.0,0.0,0.9116275310516357,0.9190906286239624,0.9069267511367798,0.8973578810691833,0.9099934697151184,0.9142715930938721,0.9021316170692444,0.8934359550476074,0.8943269848823547,0.9057150483131409,0.9123792052268982,0.9059963226318359,0.8795945644378662,0.8748285174369812,4.0
1842,0.0,1.0,1.0,0.0,0.0,0.0,0.0,0.0,0.0,0.0,0.0,0.0,0.0,0.0,0.911944568157196,0.9195653200149536,0.9082671999931335,0.8996476531028748,0.9093316197395325,0.9134440422058105,0.9006973505020142,0.8914621472358704,0.8934102058410645,0.9070672988891602,0.9152971506118774,0.9095097184181213,0.880696713924408,0.8762951493263245,3.0
1843,0.0,0.0,0.0,0.0,1.0,1.0,0.0,0.0,0.0,0.0,0.0,1.0,1.0,0.0,0.9119514226913452,0.9204348921775818,0.9075156450271606,0.8980569243431091,0.9113423228263855,0.9158580899238586,0.9031477570533752,0.8928924202919006,0.893896758556366,0.9052624106407166,0.9138480424880981,0.907946765422821,0.8798722624778748,0.874136209487915,4.0
1844,0.0,0.0,0.0,1.0,1.0,0.0,0.0,0.0,0.0,0.0,0.0,1.0,1.0,0.0,0.8992520570755005,0.9092519283294678,0.9053946137428284,0.9082346558570862,0.9088538885116577,0.9032412171363831,0.884526789188385,0.8791643977165222,0.8827522397041321,0.8975419998168945,0.9104021787643433,0.9146323204040527,0.8797646760940552,0.8549275398254395,3.0
1845,0.0,1.0,1.0,1.0,0.0,0.0,0.0,0.0,0.0,0.0,0.0,1.0,1.0,0.0,0.9100538492202759,0.91853266954422,0.9074709415435791,0.8998857140541077,0.9087470769882202,0.9134990572929382,0.8993149995803833,0.8901560306549072,0.8921719789505005,0.9042690396308899,0.9147647023200989,0.9117947220802307,0.8817844986915588,0.869479238986969,2.0
1846,0.0,0.0,0.0,0.0,1.0,1.0,1.0,1.0,0.0,0.0,0.0,0.0,0.0,0.0,0.910223126411438,0.9177499413490295,0.9021611213684082,0.894560694694519,0.9121676087379456,0.9165757894515991,0.9013278484344482,0.8902852535247803,0.8907333016395569,0.9028477668762207,0.9121594429016113,0.9056093692779541,0.8757514953613281,0.8712695837020874,2.0
1847,0.0,0.0,0.0,1.0,1.0,0.0,0.0,0.0,0.0,0.0,0.0,0.0,0.0,0.0,0.8956368565559387,0.9101071953773499,0.9083243608474731,0.9114327430725098,0.9099646210670471,0.9044157266616821,0.8862267136573792,0.8796444535255432,0.8829696178436279,0.8979746699333191,0.91138756275177,0.9140774011611938,0.8776833415031433,0.8539068102836609,0.0
1848,0.0,0.0,0.0,0.0,0.0,0.0,1.0,1.0,0.0,0.0,0.0,1.0,1.0,0.0,0.9124530553817749,0.919827938079834,0.907963752746582,0.897584855556488,0.9088467955589294,0.9135646224021912,0.9005759358406067,0.8921034932136536,0.8934876322746277,0.9041956067085266,0.9126256108283997,0.908276379108429,0.8806955814361572,0.8751214742660522,1.0
1849,0.0,1.0,1.0,0.0,0.0,0.0,0.0,0.0,0.0,0.0,0.0,1.0,1.0,0.0,0.9100149869918823,0.919360339641571,0.9087958931922913,0.8995020985603333,0.9103717803955078,0.9147712588310242,0.8997746706008911,0.8903084993362427,0.8928177952766418,0.9058511257171631,0.9156513214111328,0.9117142558097839,0.8816019296646118,0.8725835084915161,3.0
1850,0.0,0.0,0.0,1.0,1.0,0.0,0.0,0.0,0.0,0.0,0.0,1.0,1.0,0.0,0.9086732864379883,0.9148789048194885,0.9069278240203857,0.9004704356193542,0.9056716561317444,0.9075349569320679,0.8948642015457153,0.8889601230621338,0.8923121690750122,0.9042631983757019,0.9142023921012878,0.9119077920913696,0.8832066059112549,0.8761370182037354,3.0
1851,0.0,0.0,1.0,1.0,0.0,0.0,0.0,0.0,0.0,0.0,0.0,0.0,0.0,0.0,0.9119002819061279,0.9204065203666687,0.9083660840988159,0.8987340331077576,0.9111613631248474,0.9157717823982239,0.90163654088974,0.8917620182037354,0.8925287127494812,0.9043012857437134,0.9139254093170166,0.9089296460151672,0.8797774910926819,0.8739607334136963,1.0
1852,1.0,1.0,0.0,0.0,0.0,0.0,0.0,0.0,0.0,0.0,0.0,1.0,1.0,0.0,0.91083824634552,0.9184297919273376,0.9083694815635681,0.9004958868026733,0.9071730375289917,0.9119527339935303,0.8986127972602844,0.8900532722473145,0.8917766809463501,0.9053176045417786,0.915320873260498,0.9103648662567139,0.8802884817123413,0.8735942244529724,1.0
1853,0.0,0.0,0.0,0.0,0.0,1.0,1.0,0.0,0.0,1.0,1.0,0.0,0.0,0.0,0.9126850366592407,0.9192532896995544,0.9082908034324646,0.8983321189880371,0.9075918197631836,0.9117987751960754,0.8998509645462036,0.8919907808303833,0.8936972618103027,0.9051430821418762,0.9136155843734741,0.909520149230957,0.8822052478790283,0.8778162002563477,4.0
1854,0.0,0.0,1.0,1.0,0.0,0.0,0.0,0.0,0.0,0.0,0.0,1.0,1.0,0.0,0.9116408228874207,0.9190558791160583,0.9055593013763428,0.8971750140190125,0.9110240340232849,0.9164233803749084,0.9013776779174805,0.8906309604644775,0.892541766166687,0.904962420463562,0.9142369627952576,0.9093511700630188,0.8804221749305725,0.8716077208518982,2.0
1855,1.0,0.0,0.0,0.0,0.0,0.0,0.0,0.0,0.0,0.0,0.0,1.0,1.0,0.0,0.9115557074546814,0.9182367920875549,0.9077816009521484,0.8986927270889282,0.9073341488838196,0.9121146202087402,0.9000555872917175,0.8918845653533936,0.894067108631134,0.9054657816886902,0.9138132929801941,0.9094036221504211,0.8819544315338135,0.8759897351264954,2.0
1856,0.0,1.0,1.0,1.0,0.0,0.0,0.0,0.0,0.0,0.0,0.0,1.0,1.0,0.0,0.9101876616477966,0.9193634986877441,0.9066749215126038,0.8951994776725769,0.9067739248275757,0.9119514226913452,0.8993211984634399,0.8907233476638794,0.8935682773590088,0.9036567807197571,0.911628246307373,0.9081109762191772,0.8803660273551941,0.8724591135978699,2.0
1857,1.0,1.0,0.0,0.0,0.0,0.0,0.0,0.0,0.0,0.0,0.0,1.0,1.0,0.0,0.9106956720352173,0.9182673096656799,0.9059010148048401,0.8986011743545532,0.908818781375885,0.9144879579544067,0.9024320840835571,0.8923953175544739,0.8935877084732056,0.9062033295631409,0.9146588444709778,0.909128725528717,0.8805131912231445,0.8738635778427124,0.0
1858,0.0,1.0,1.0,0.0,0.0,0.0,0.0,0.0,0.0,0.0,0.0,0.0,0.0,0.0,0.9125573039054871,0.9201328158378601,0.9080968499183655,0.8990813493728638,0.9099072813987732,0.9138613939285278,0.9005972146987915,0.8917734622955322,0.8930188417434692,0.9053263068199158,0.9134547710418701,0.9077354073524475,0.8799144625663757,0.8755322694778442,4.0
1859,1.0,1.0,0.0,0.0,0.0,0.0,0.0,0.0,0.0,0.0,0.0,1.0,1.0,0.0,0.9118416905403137,0.9194980263710022,0.9072939157485962,0.8986737132072449,0.9112848043441772,0.9157090187072754,0.902050793170929,0.8917668461799622,0.8934586048126221,0.9056049585342407,0.91400545835495,0.9083483815193176,0.8798907995223999,0.8750696182250977,3.0
1860,0.0,1.0,1.0,0.0,0.0,0.0,0.0,0.0,0.0,0.0,0.0,0.0,0.0,0.0,0.9130250215530396,0.9203203916549683,0.9092646837234497,0.898807942867279,0.9083765745162964,0.9134199619293213,0.900812566280365,0.8920789957046509,0.8935554027557373,0.9057469367980957,0.9145396947860718,0.9097668528556824,0.881753146648407,0.8771965503692627,4.0
1861,0.0,1.0,1.0,0.0,0.0,0.0,0.0,0.0,0.0,0.0,0.0,1.0,1.0,0.0,0.9116295576095581,0.9198758006095886,0.9078205823898315,0.8966012001037598,0.9076046943664551,0.9122612476348877,0.8998296856880188,0.8918290138244629,0.8933972716331482,0.9029935002326965,0.9119254350662231,0.9072136282920837,0.8790687918663025,0.8730014562606812,1.0
1862,0.0,0.0,1.0,1.0,0.0,0.0,0.0,0.0,0.0,0.0,0.0,1.0,1.0,0.0,0.9101300835609436,0.9175893068313599,0.90412837266922,0.8939996361732483,0.9093986749649048,0.9142436385154724,0.9015958905220032,0.8922421336174011,0.8916112780570984,0.9016696810722351,0.9090152382850647,0.9024403095245361,0.8751795887947083,0.872255265712738,0.0
1863,0.0,1.0,1.0,0.0,0.0,0.0,0.0,0.0,0.0,0.0,0.0,1.0,1.0,0.0,0.9120630025863647,0.9195294380187988,0.9086707234382629,0.8985161781311035,0.9077765345573425,0.9127026200294495,0.8996490836143494,0.8908849954605103,0.8927107453346252,0.9048632383346558,0.9147090911865234,0.9109057188034058,0.8815454840660095,0.8762951493263245,4.0
1864,0.0,1.0,1.0,1.0,0.0,0.0,0.0,0.0,0.0,0.0,0.0,1.0,1.0,0.0,0.9087561368942261,0.9180117845535278,0.9055365324020386,0.8947635889053345,0.9085161685943604,0.9133502840995789,0.9000982642173767,0.8904756307601929,0.8906705975532532,0.9011573791503906,0.9100836515426636,0.9042983651161194,0.8743777871131897,0.8678039908409119,0.0
1865,0.0,0.0,0.0,0.0,1.0,1.0,1.0,1.0,0.0,0.0,0.0,1.0,1.0,0.0,0.9128267765045166,0.9200887084007263,0.9080671668052673,0.899145245552063,0.9107515215873718,0.9151946306228638,0.9027794003486633,0.8929637670516968,0.8947428464889526,0.9066261053085327,0.9143193960189819,0.9083652496337891,0.8809481859207153,0.8764421343803406,4.0
1866,0.0,0.0,0.0,0.0,1.0,1.0,0.0,0.0,0.0,0.0,0.0,0.0,0.0,0.0,0.9098510146141052,0.9174658060073853,0.9042466878890991,0.8977296948432922,0.9131016135215759,0.9182025194168091,0.9029830694198608,0.89092618227005,0.8916703462600708,0.9048661589622498,0.9152629971504211,0.9099948406219482,0.8791806101799011,0.8722665309906006,3.0
1867,0.0,1.0,1.0,0.0,0.0,0.0,0.0,0.0,0.0,0.0,0.0,1.0,1.0,0.0,0.9102711081504822,0.9165757894515991,0.9002429842948914,0.8920332789421082,0.9115092754364014,0.9158933162689209,0.9008352160453796,0.8897492289543152,0.8907744884490967,0.9012842178344727,0.909423828125,0.9030929207801819,0.8738718032836914,0.8665817379951477,0.0
1868,0.0,1.0,1.0,1.0,0.0,0.0,0.0,0.0,0.0,0.0,0.0,1.0,1.0,0.0,0.9119895100593567,0.9200195074081421,0.9076042771339417,0.8970819711685181,0.908911406993866,0.913729190826416,0.9006062746047974,0.8913751840591431,0.892570972442627,0.9039780497550964,0.9123494625091553,0.9076842069625854,0.8790357112884521,0.8741772174835205,2.0
1869,0.0,0.0,0.0,0.0,0.0,0.0,1.0,1.0,0.0,0.0,0.0,1.0,1.0,0.0,0.9103994369506836,0.9195664525032043,0.9065464735031128,0.8987348079681396,0.9135177731513977,0.918552577495575,0.9037836194038391,0.8926976919174194,0.8935682773590088,0.9052770137786865,0.9144654273986816,0.9076529741287231,0.8787111639976501,0.8731179237365723,0.0
1870,0.0,0.0,1.0,1.0,0.0,0.0,1.0,1.0,0.0,0.0,0.0,1.0,1.0,0.0,0.9105038046836853,0.9168210029602051,0.9054774045944214,0.8985351324081421,0.9078772664070129,0.9124700427055359,0.8996231555938721,0.8905169367790222,0.8923171162605286,0.9056455492973328,0.9139761328697205,0.9087189435958862,0.8793508410453796,0.8723798394203186,0.0
1871,0.0,0.0,0.0,0.0,0.0,0.0,1.0,1.0,0.0,0.0,0.0,1.0,1.0,0.0,0.9090348482131958,0.9179445505142212,0.9085394144058228,0.9017918705940247,0.9073448181152344,0.9115707874298096,0.8979870676994324,0.8891156911849976,0.8906458020210266,0.9037246704101562,0.9142237305641174,0.9112518429756165,0.8809273838996887,0.8689318299293518,2.0
1872,1.0,1.0,0.0,0.0,0.0,0.0,0.0,0.0,0.0,0.0,0.0,1.0,1.0,0.0,0.9120520949363708,0.9185543060302734,0.9051940441131592,0.8977071046829224,0.912865936756134,0.9167578220367432,0.9031389355659485,0.8922552466392517,0.8939386010169983,0.9048136472702026,0.9133341312408447,0.9071415066719055,0.8787003755569458,0.8752622604370117,1.0
1873,1.0,1.0,0.0,0.0,0.0,0.0,0.0,0.0,0.0,0.0,0.0,1.0,1.0,0.0,0.9096999764442444,0.9162989854812622,0.9077567458152771,0.9004027843475342,0.9070457816123962,0.9097557067871094,0.8979932069778442,0.8916375637054443,0.8943398594856262,0.906433641910553,0.9143193960189819,0.9099753499031067,0.8816094994544983,0.874947190284729,2.0
1874,1.0,1.0,0.0,0.0,0.0,0.0,0.0,1.0,1.0,0.0,0.0,0.0,0.0,0.0,0.9112216234207153,0.9184355139732361,0.9064038395881653,0.8967739343643188,0.9081732034683228,0.9126756191253662,0.899811327457428,0.8914260268211365,0.8946853876113892,0.9046090245246887,0.912341296672821,0.9073891043663025,0.8801220655441284,0.8752400875091553,3.0
1875,0.0,0.0,0.0,1.0,1.0,0.0,0.0,0.0,0.0,0.0,0.0,1.0,1.0,0.0,0.9036257266998291,0.9134481549263,0.9081845283508301,0.9076921939849854,0.9082213044166565,0.9053583741188049,0.8887524008750916,0.8830292224884033,0.8863462805747986,0.9005851149559021,0.9122843742370605,0.9132038354873657,0.880781888961792,0.8631539344787598,3.0
1876,0.0,0.0,0.0,1.0,1.0,0.0,0.0,0.0,0.0,0.0,0.0,1.0,1.0,0.0,0.8962091207504272,0.9093748927116394,0.9075762033462524,0.9127711653709412,0.9112939834594727,0.9025633335113525,0.8839088678359985,0.8783424496650696,0.8836145401000977,0.8994131684303284,0.9128687381744385,0.9155688881874084,0.8799062967300415,0.858694314956665,0.0
1877,0.0,0.0,1.0,1.0,0.0,0.0,0.0,0.0,0.0,0.0,1.0,1.0,1.0,0.0,0.9119840264320374,0.9202146530151367,0.9091382026672363,0.8996430039405823,0.9093483686447144,0.914523720741272,0.9012086391448975,0.8916342258453369,0.892869770526886,0.9064566493034363,0.9159703850746155,0.9111544489860535,0.8820281624794006,0.8749658465385437,2.0
1878,1.0,1.0,0.0,0.0,1.0,1.0,0.0,0.0,0.0,0.0,0.0,0.0,0.0,0.0,0.9119548201560974,0.9201281666755676,0.9076316952705383,0.8994339108467102,0.9108437895774841,0.9166451096534729,0.9039691686630249,0.8927253484725952,0.8943238258361816,0.9066863656044006,0.9159755706787109,0.9102237224578857,0.8811081647872925,0.8738449215888977,0.0
1879,0.0,0.0,0.0,0.0,0.0,0.0,0.0,0.0,0.0,1.0,1.0,1.0,1.0,0.0,0.908322274684906,0.914286196231842,0.9072393178939819,0.9016718864440918,0.9066344499588013,0.9081858992576599,0.8961334228515625,0.8903531432151794,0.8927659392356873,0.9053263068199158,0.9143193960189819,0.9113861918449402,0.8829267024993896,0.8759307861328125,2.0
1880,0.0,1.0,1.0,0.0,0.0,0.0,0.0,0.0,0.0,0.0,1.0,1.0,1.0,0.0,0.9098287224769592,0.9179055690765381,0.9046570658683777,0.8980390429496765,0.9127620458602905,0.9177780747413635,0.9029266238212585,0.8915261030197144,0.8915326595306396,0.9050236344337463,0.9150682091712952,0.909919798374176,0.8795888423919678,0.873511791229248,3.0
1881,1.0,1.0,0.0,0.0,0.0,1.0,1.0,1.0,0.0,0.0,0.0,1.0,1.0,0.0,0.9102081060409546,0.916745662689209,0.901569664478302,0.8949056267738342,0.9124971032142639,0.9163623452186584,0.9018003344535828,0.8905251622200012,0.8921605944633484,0.9043424129486084,0.9119500517845154,0.9036914706230164,0.8756080269813538,0.8705873489379883,4.0
1882,0.0,0.0,1.0,1.0,0.0,0.0,0.0,0.0,0.0,0.0,0.0,1.0,1.0,0.0,0.9114238023757935,0.9181861877441406,0.9079098701477051,0.898960530757904,0.9070529341697693,0.9112614393234253,0.8984643816947937,0.8903117179870605,0.8923203349113464,0.9046440720558167,0.9137946963310242,0.9101224541664124,0.882353663444519,0.8757058382034302,3.0
1883,0.0,0.0,0.0,0.0,1.0,1.0,0.0,0.0,0.0,0.0,0.0,1.0,1.0,0.0,0.9122205972671509,0.9202579855918884,0.9070665836334229,0.8974959850311279,0.9109098315238953,0.916154146194458,0.9032515287399292,0.892916738986969,0.894362211227417,0.9050412178039551,0.9134923815727234,0.9082000851631165,0.8799142837524414,0.8752844333648682,0.0
1884,1.0,1.0,1.0,0.0,0.0,0.0,0.0,0.0,0.0,0.0,0.0,0.0,0.0,0.0,0.910759449005127,0.9169408679008484,0.9066401124000549,0.8972387313842773,0.9066505432128906,0.9117646813392639,0.8992873430252075,0.8913373947143555,0.8932033777236938,0.9039368629455566,0.9131757020950317,0.9099593758583069,0.8825118541717529,0.8766036033630371,4.0
1885,0.0,0.0,0.0,0.0,1.0,1.0,1.0,1.0,0.0,0.0,0.0,1.0,1.0,0.0,0.9112936854362488,0.9184380173683167,0.9058305025100708,0.8982197642326355,0.910889208316803,0.9165673851966858,0.9040118455886841,0.8931466937065125,0.8942596316337585,0.9063905477523804,0.9149283766746521,0.9091273546218872,0.8800806999206543,0.8732155561447144,0.0
1886,0.0,1.0,1.0,0.0,0.0,0.0,0.0,1.0,1.0,0.0,0.0,1.0,1.0,0.0,0.9078142046928406,0.9146603345870972,0.9017065167427063,0.8932292461395264,0.9080373644828796,0.9137612581253052,0.8973984718322754,0.8876175284385681,0.8901211619377136,0.9001897573471069,0.9100974798202515,0.9076189398765564,0.8779788017272949,0.8640446066856384,3.0
1887,1.0,1.0,0.0,0.0,1.0,1.0,0.0,0.0,0.0,0.0,0.0,0.0,0.0,0.0,0.9108954071998596,0.9182267189025879,0.9058590531349182,0.8974148631095886,0.9103759527206421,0.9160929322242737,0.9027734398841858,0.8923805952072144,0.8938325047492981,0.9041250944137573,0.9135245084762573,0.9094182848930359,0.8808953762054443,0.8741250038146973,1.0
1888,0.0,0.0,0.0,0.0,1.0,1.0,0.0,0.0,0.0,0.0,0.0,0.0,0.0,0.0,0.9117394089698792,0.9200412034988403,0.906841516494751,0.8976168036460876,0.9113956689834595,0.9152379631996155,0.9020268321037292,0.8919973373413086,0.8931840062141418,0.9036390781402588,0.9122599363327026,0.9071958661079407,0.8789145350456238,0.8747504949569702,1.0
1889,0.0,0.0,0.0,1.0,1.0,1.0,0.0,0.0,0.0,0.0,0.0,0.0,0.0,0.0,0.9101598858833313,0.9196374416351318,0.9086447358131409,0.9009952545166016,0.91118323802948,0.9165427684783936,0.9031389355659485,0.8928016424179077,0.8944358825683594,0.9073185324668884,0.9170728921890259,0.9101114273071289,0.8804556131362915,0.8770467042922974,2.0
1890,0.0,0.0,1.0,1.0,0.0,0.0,0.0,0.0,0.0,0.0,0.0,1.0,1.0,0.0,0.9116746187210083,0.9166985154151917,0.9055626392364502,0.8959383368492126,0.9063804149627686,0.9115188717842102,0.8992443084716797,0.8915506601333618,0.8938646912574768,0.9040133953094482,0.9119636416435242,0.9082877039909363,0.8817598223686218,0.8776232004165649,4.0
1891,0.0,0.0,0.0,1.0,1.0,0.0,0.0,0.0,0.0,0.0,0.0,1.0,1.0,0.0,0.9100774526596069,0.9166740775108337,0.9051457047462463,0.8953441381454468,0.9058482050895691,0.9111517667770386,0.8976885080337524,0.8896826505661011,0.8923692107200623,0.9015011787414551,0.9103385806083679,0.9080840349197388,0.8803949952125549,0.8723118901252747,1.0
1892,0.0,1.0,1.0,0.0,0.0,0.0,0.0,0.0,0.0,0.0,0.0,0.0,0.0,0.0,0.9126202464103699,0.9189390540122986,0.9079963564872742,0.8993099927902222,0.9080727696418762,0.9128538370132446,0.899382472038269,0.890832245349884,0.8928340673446655,0.9065285325050354,0.9155858755111694,0.9104907512664795,0.8813851475715637,0.876775860786438,4.0
1893,0.0,0.0,0.0,0.0,0.0,1.0,1.0,1.0,0.0,0.0,1.0,1.0,1.0,0.0,0.9094455242156982,0.9179534912109375,0.9069507718086243,0.8999277353286743,0.9097849130630493,0.9140653610229492,0.901006281375885,0.891171395778656,0.8927691578865051,0.906568706035614,0.9152156710624695,0.909338653087616,0.8797239065170288,0.8733506202697754,3.0
1894,0.0,0.0,0.0,1.0,1.0,0.0,0.0,0.0,0.0,0.0,0.0,1.0,1.0,0.0,0.9006397128105164,0.9143094420433044,0.9108038544654846,0.9107890725135803,0.9115284085273743,0.9084851741790771,0.8908289074897766,0.8828924894332886,0.8868849277496338,0.9011996388435364,0.9139201641082764,0.9136569499969482,0.8789769411087036,0.8615661859512329,1.0
1895,0.0,0.0,0.0,0.0,0.0,1.0,1.0,0.0,0.0,0.0,1.0,1.0,0.0,0.0,0.9116842150688171,0.9180397987365723,0.9046536087989807,0.8951644897460938,0.9087737798690796,0.9140400290489197,0.9002658724784851,0.8904540538787842,0.8931289315223694,0.9049304127693176,0.9123765230178833,0.9068440794944763,0.8789213299751282,0.8712353706359863,4.0
1896,0.0,0.0,0.0,0.0,1.0,1.0,0.0,0.0,0.0,0.0,0.0,1.0,1.0,0.0,0.9106011390686035,0.919772744178772,0.909593403339386,0.9010663628578186,0.9101682305335999,0.9146164655685425,0.9006822109222412,0.8914752006530762,0.8936537504196167,0.9063329100608826,0.916690468788147,0.9123575687408447,0.8819998502731323,0.8748618960380554,0.0
1897,0.0,1.0,1.0,0.0,0.0,0.0,0.0,0.0,0.0,0.0,0.0,1.0,1.0,0.0,0.9076430797576904,0.9157623052597046,0.9013152718544006,0.8903018236160278,0.9080529808998108,0.9132575988769531,0.9003784656524658,0.8900283575057983,0.88942950963974,0.8988412022590637,0.906050443649292,0.8993399739265442,0.8707636594772339,0.866189181804657,0.0
1898,0.0,1.0,1.0,1.0,0.0,0.0,0.0,0.0,0.0,0.0,0.0,0.0,0.0,0.0,0.9091182947158813,0.9179218411445618,0.9060240983963013,0.899357259273529,0.9128835201263428,0.9178228378295898,0.904971182346344,0.8937068581581116,0.8929734826087952,0.9057527184486389,0.9147964119911194,0.9084019660949707,0.8790054321289062,0.8742033839225769,1.0
1899,0.0,1.0,1.0,0.0,0.0,0.0,0.0,0.0,0.0,0.0,0.0,1.0,1.0,0.0,0.9121492505073547,0.9192816019058228,0.9078166484832764,0.8982189893722534,0.9083314538002014,0.9133945107460022,0.9010153412818909,0.892232358455658,0.8940382599830627,0.9059783220291138,0.9135298132896423,0.908762514591217,0.881400465965271,0.8754657506942749,4.0
1900,0.0,0.0,1.0,1.0,0.0,0.0,0.0,0.0,0.0,0.0,0.0,1.0,1.0,0.0,0.9123033285140991,0.9187175631523132,0.9073434472084045,0.8975147604942322,0.9073513150215149,0.9122707843780518,0.9003450274467468,0.8922486901283264,0.8937133550643921,0.9043336510658264,0.9126877188682556,0.9093707799911499,0.8819995522499084,0.8771052360534668,1.0
1901,0.0,0.0,0.0,0.0,1.0,1.0,0.0,0.0,0.0,0.0,0.0,0.0,0.0,0.0,0.9117053151130676,0.9196920990943909,0.9072147011756897,0.8968883752822876,0.9097529053688049,0.9141280055046082,0.9017989039421082,0.8926864266395569,0.8937616348266602,0.9039633274078369,0.9118546843528748,0.906243622303009,0.8790387511253357,0.8751881718635559,1.0
1902,1.0,1.0,0.0,0.0,0.0,0.0,0.0,0.0,0.0,0.0,0.0,0.0,0.0,0.0,0.9086880087852478,0.9172435998916626,0.9055977463722229,0.8981624245643616,0.9079254865646362,0.9138774275779724,0.900116503238678,0.8897691965103149,0.8918666839599609,0.9058250784873962,0.915638267993927,0.9098892211914062,0.8792346119880676,0.8705682754516602,2.0
1903,1.0,0.0,0.0,0.0,0.0,1.0,1.0,1.0,0.0,0.0,1.0,1.0,1.0,0.0,0.9100580215454102,0.9174248576164246,0.9039058685302734,0.8935166597366333,0.9084246158599854,0.9128470420837402,0.8995587825775146,0.8898008465766907,0.889915406703949,0.9010334610939026,0.9084781408309937,0.9019383788108826,0.8745864033699036,0.8710716962814331,3.0
1904,0.0,0.0,0.0,0.0,0.0,0.0,0.0,0.0,1.0,1.0,1.0,1.0,1.0,0.0,0.9122171998023987,0.919479489326477,0.9080999493598938,0.8982445597648621,0.9080954790115356,0.9125714898109436,0.8997164368629456,0.8920480012893677,0.8943815231323242,0.9053467512130737,0.9133207201957703,0.9090040326118469,0.8807230591773987,0.8761406540870667,3.0
1905,1.0,1.0,0.0,0.0,0.0,0.0,0.0,0.0,0.0,0.0,0.0,1.0,1.0,0.0,0.9114046096801758,0.9181655049324036,0.907419741153717,0.8988823890686035,0.9069786071777344,0.9115886092185974,0.8986035585403442,0.8910382390022278,0.8931677937507629,0.9068412184715271,0.9153680801391602,0.9099357724189758,0.881022036075592,0.8748507499694824,2.0
1906,0.0,1.0,1.0,1.0,0.0,0.0,0.0,1.0,1.0,0.0,0.0,1.0,1.0,0.0,0.9106605648994446,0.9204978942871094,0.9074193239212036,0.8985416889190674,0.9115516543388367,0.9173702597618103,0.9024007320404053,0.8917816281318665,0.8931321501731873,0.9060360193252563,0.917057454586029,0.9113463759422302,0.8810157179832458,0.8713874220848083,4.0
1907,0.0,0.0,1.0,1.0,0.0,0.0,0.0,0.0,0.0,0.0,0.0,1.0,1.0,0.0,0.9105832576751709,0.9213026165962219,0.911087155342102,0.9020020961761475,0.9105321764945984,0.916266143321991,0.9032722115516663,0.8925107717514038,0.8931402564048767,0.9066978693008423,0.9177281260490417,0.9131930470466614,0.8822229504585266,0.8725723028182983,0.0
1908,0.0,0.0,0.0,0.0,0.0,0.0,0.0,1.0,1.0,0.0,0.0,0.0,0.0,0.0,0.9032293558120728,0.9133596420288086,0.902681827545166,0.8975897431373596,0.9104136824607849,0.9153175354003906,0.9014891386032104,0.8890554308891296,0.8885309100151062,0.9026989340782166,0.9128741025924683,0.9082890748977661,0.8761958479881287,0.8668049573898315,3.0
1909,0.0,1.0,1.0,0.0,0.0,0.0,0.0,0.0,0.0,0.0,0.0,1.0,1.0,0.0,0.909795343875885,0.9187338948249817,0.9066571593284607,0.8973656296730042,0.9117783308029175,0.9157364964485168,0.8995879292488098,0.8894128203392029,0.8915261030197144,0.9039751291275024,0.9130223393440247,0.9071229696273804,0.8770985007286072,0.8708431124687195,3.0
1910,1.0,1.0,0.0,0.0,0.0,1.0,1.0,0.0,0.0,0.0,0.0,0.0,0.0,0.0,0.9112265110015869,0.9191429018974304,0.9067312479019165,0.8973469138145447,0.9104630947113037,0.9154009819030762,0.9017418026924133,0.8913505673408508,0.8938807845115662,0.9049186706542969,0.9140481352806091,0.9092211723327637,0.8804280161857605,0.8729676604270935,3.0
1911,1.0,1.0,0.0,0.0,0.0,0.0,0.0,0.0,0.0,0.0,0.0,1.0,1.0,0.0,0.9122232794761658,0.9185699820518494,0.9079942107200623,0.8987886905670166,0.907005786895752,0.9114518165588379,0.8996031880378723,0.8919990658760071,0.8936682343482971,0.9058105945587158,0.9140347838401794,0.9099357724189758,0.8823034763336182,0.8768454194068909,2.0
1912,1.0,1.0,0.0,0.0,0.0,0.0,0.0,0.0,0.0,0.0,0.0,1.0,1.0,0.0,0.9118703603744507,0.9184731245040894,0.9082579612731934,0.8995131850242615,0.9070329666137695,0.9113039970397949,0.8984643816947937,0.8905730843544006,0.8927950859069824,0.9051605463027954,0.913933515548706,0.9103925228118896,0.8820500373840332,0.8765265345573425,3.0
1913,0.0,0.0,0.0,1.0,1.0,0.0,0.0,0.0,0.0,0.0,0.0,1.0,1.0,0.0,0.9070329666137695,0.9181935787200928,0.9099024534225464,0.9040930867195129,0.908711850643158,0.9122965931892395,0.8984582424163818,0.8889350295066833,0.8911977410316467,0.9053961038589478,0.9160277247428894,0.9117251634597778,0.8798427581787109,0.869356095790863,2.0
1914,0.0,0.0,0.0,1.0,1.0,0.0,0.0,0.0,0.0,0.0,0.0,1.0,1.0,0.0,0.897727370262146,0.9110047221183777,0.9090908765792847,0.9129675626754761,0.9119745492935181,0.9037496447563171,0.885146975517273,0.8795457482337952,0.8843448758125305,0.9002870917320251,0.9138293266296387,0.9170136451721191,0.8821542859077454,0.8607532978057861,3.0
1915,0.0,0.0,0.0,0.0,0.0,0.0,0.0,1.0,1.0,0.0,0.0,0.0,0.0,0.0,0.9101194143295288,0.9155573844909668,0.8993863463401794,0.8888629674911499,0.9065083265304565,0.9122721552848816,0.898137629032135,0.8888362646102905,0.8919581770896912,0.9013806581497192,0.909493625164032,0.9053176045417786,0.8777135014533997,0.8688816428184509,2.0
1916,0.0,0.0,0.0,0.0,0.0,0.0,0.0,0.0,0.0,1.0,1.0,1.0,1.0,0.0,0.9116021990776062,0.919344961643219,0.9082792401313782,0.8992604613304138,0.910331666469574,0.9151050448417664,0.9018888473510742,0.8918797373771667,0.893764853477478,0.9061428308486938,0.9153076410293579,0.9099294543266296,0.880583643913269,0.8748359084129333,3.0
1917,1.0,1.0,0.0,0.0,0.0,0.0,0.0,0.0,0.0,0.0,0.0,1.0,1.0,0.0,0.9123018980026245,0.9200533032417297,0.9081475734710693,0.8976011872291565,0.908762514591217,0.9131554961204529,0.9010153412818909,0.8924847841262817,0.8942307829856873,0.9046090245246887,0.9126229286193848,0.9075207114219666,0.8801080584526062,0.8761811256408691,0.0
1918,0.0,0.0,0.0,0.0,0.0,0.0,1.0,1.0,0.0,0.0,0.0,1.0,1.0,0.0,0.9106205105781555,0.9197255373001099,0.9073701500892639,0.8972281813621521,0.9106301069259644,0.9152432680130005,0.9005425572395325,0.8910200595855713,0.892333447933197,0.9034233093261719,0.912455141544342,0.9073683619499207,0.8777445554733276,0.8711935877799988,1.0
1919,0.0,1.0,1.0,0.0,0.0,0.0,0.0,1.0,1.0,0.0,0.0,0.0,0.0,0.0,0.9092337489128113,0.9197100400924683,0.9084619879722595,0.8973274230957031,0.9082466959953308,0.9129791855812073,0.8990106582641602,0.8900101184844971,0.8920431733131409,0.9038543701171875,0.9140987396240234,0.9100239276885986,0.8790923953056335,0.8694946765899658,4.0
1920,0.0,1.0,1.0,0.0,0.0,0.0,0.0,0.0,0.0,0.0,0.0,1.0,1.0,0.0,0.9100225567817688,0.9200674295425415,0.9093047380447388,0.900338888168335,0.9105404615402222,0.9164610505104065,0.904296875,0.8937245607376099,0.8938598036766052,0.9048107266426086,0.9156225919723511,0.9124794602394104,0.8830580115318298,0.8752734065055847,1.0
1921,0.0,0.0,0.0,1.0,1.0,0.0,0.0,0.0,0.0,0.0,0.0,1.0,1.0,0.0,0.9107267260551453,0.9161942005157471,0.9054723381996155,0.8994104862213135,0.9071858525276184,0.9095230102539062,0.8952782154083252,0.888916552066803,0.8910266757011414,0.9040986895561218,0.913685142993927,0.9102285504341125,0.8814575672149658,0.8757390379905701,4.0
1922,1.0,1.0,0.0,0.0,0.0,0.0,0.0,0.0,0.0,0.0,0.0,0.0,0.0,0.0,0.9101070761680603,0.9145483374595642,0.9025253653526306,0.8948633074760437,0.906175971031189,0.9106315970420837,0.8983158469200134,0.8903465270996094,0.8932098746299744,0.9037511944770813,0.9117810130119324,0.907905638217926,0.8801642656326294,0.871846616268158,3.0
1923,0.0,0.0,0.0,0.0,0.0,0.0,0.0,0.0,0.0,1.0,1.0,1.0,1.0,0.0,0.9124022722244263,0.9210046529769897,0.9098502993583679,0.9001729488372803,0.9107294678688049,0.9156081676483154,0.9023679494857788,0.8923057317733765,0.8944518566131592,0.9067408442497253,0.9159808158874512,0.9108507037162781,0.881422221660614,0.8758718371391296,4.0
1924,0.0,0.0,0.0,0.0,0.0,0.0,1.0,1.0,0.0,0.0,0.0,1.0,1.0,0.0,0.9115065932273865,0.9181215763092041,0.9055641293525696,0.896450936794281,0.9085838198661804,0.914159893989563,0.9019083380699158,0.8920251131057739,0.8942468762397766,0.9049800038337708,0.913733184337616,0.9091329574584961,0.8814053535461426,0.8745460510253906,2.0
1925,0.0,0.0,0.0,0.0,0.0,1.0,1.0,1.0,0.0,0.0,1.0,1.0,1.0,0.0,0.9094783663749695,0.9193757772445679,0.9093707799911499,0.9017819166183472,0.9104644656181335,0.9162505269050598,0.9027004837989807,0.8923007845878601,0.8931062817573547,0.9069100022315979,0.9167603850364685,0.9111859798431396,0.8799457550048828,0.8714863061904907,0.0
1926,0.0,0.0,0.0,0.0,0.0,1.0,1.0,0.0,0.0,1.0,1.0,0.0,0.0,0.0,0.9119507074356079,0.9181761741638184,0.9072557091712952,0.8978942036628723,0.9070401191711426,0.9120956063270569,0.8996644616127014,0.8911319375038147,0.8930965662002563,0.9044391512870789,0.9132670164108276,0.909873902797699,0.882485568523407,0.8774957060813904,4.0
1927,0.0,0.0,0.0,0.0,1.0,1.0,0.0,0.0,0.0,0.0,0.0,1.0,1.0,0.0,0.9091160893440247,0.9204183220863342,0.9105331301689148,0.9028950333595276,0.91367107629776,0.9170458316802979,0.900763988494873,0.8914588093757629,0.8939450979232788,0.9063473343849182,0.9176231622695923,0.913139283657074,0.881413996219635,0.87007075548172,0.0
1928,1.0,1.0,0.0,0.0,0.0,0.0,0.0,0.0,0.0,0.0,0.0,0.0,0.0,0.0,0.9120385050773621,0.9206087589263916,0.9090190529823303,0.8985811471939087,0.9084528088569641,0.9136677384376526,0.9006518125534058,0.8923041224479675,0.8931257128715515,0.9057672023773193,0.9148439168930054,0.909593403339386,0.8811680674552917,0.8758533596992493,2.0
1929,1.0,1.0,0.0,0.0,0.0,0.0,0.0,0.0,0.0,0.0,0.0,0.0,0.0,0.0,0.9119322896003723,0.9181345701217651,0.9080649614334106,0.8989232778549194,0.9061874747276306,0.9105003476142883,0.8978938460350037,0.8910627961158752,0.8928827047348022,0.9050877690315247,0.9143061637878418,0.9108259081840515,0.8828960061073303,0.8785018920898438,4.0
1930,0.0,0.0,0.0,1.0,1.0,0.0,0.0,0.0,0.0,0.0,0.0,1.0,1.0,0.0,0.907936155796051,0.9109140038490295,0.9018588662147522,0.9002200961112976,0.9013924598693848,0.9005380272865295,0.8865493535995483,0.8832147121429443,0.8871669769287109,0.9003753662109375,0.9094321727752686,0.9083878993988037,0.8792058229446411,0.8699824810028076,4.0
1931,1.0,0.0,0.0,0.0,0.0,0.0,0.0,0.0,0.0,0.0,0.0,1.0,1.0,0.0,0.9119997024536133,0.9183488488197327,0.9073010683059692,0.8978238701820374,0.9082354307174683,0.9129818677902222,0.900630533695221,0.8921719789505005,0.8945574760437012,0.9059984683990479,0.9135164618492126,0.9082432389259338,0.8810654878616333,0.8758239150047302,4.0
1932,0.0,0.0,0.0,1.0,1.0,0.0,0.0,0.0,0.0,0.0,0.0,1.0,1.0,0.0,0.9120023846626282,0.9189280271530151,0.9078010320663452,0.8978596329689026,0.9082071185112,0.9127647876739502,0.9006245732307434,0.8923285007476807,0.8946022391319275,0.9051169157028198,0.9133662581443787,0.9086781740188599,0.8814469575881958,0.87724769115448,1.0
1933,0.0,0.0,0.0,0.0,1.0,1.0,0.0,0.0,0.0,0.0,0.0,0.0,0.0,0.0,0.9115557074546814,0.9197542667388916,0.9079098701477051,0.899640679359436,0.910305380821228,0.9151577949523926,0.9024679064750671,0.8922486901283264,0.8933035135269165,0.905900239944458,0.91482013463974,0.9095062613487244,0.8802474141120911,0.8743524551391602,0.0
1934,0.0,0.0,1.0,1.0,0.0,0.0,0.0,0.0,0.0,1.0,1.0,1.0,1.0,0.0,0.9111544489860535,0.9210522770881653,0.9095404744148254,0.8990359902381897,0.9104298949241638,0.9156697392463684,0.9019578695297241,0.8921655416488647,0.8935038447380066,0.9055412411689758,0.915231466293335,0.9097431898117065,0.8799962997436523,0.8724930286407471,0.0
1935,1.0,0.0,0.0,0.0,0.0,0.0,0.0,0.0,0.0,0.0,0.0,1.0,1.0,0.0,0.9122042059898376,0.9187220931053162,0.9076892137527466,0.8983630537986755,0.9075648188591003,0.9121078252792358,0.9001196026802063,0.8922861814498901,0.8943173289299011,0.9051052927970886,0.9135271906852722,0.909877359867096,0.8822778463363647,0.878233790397644,1.0
1936,0.0,0.0,1.0,1.0,0.0,0.0,0.0,0.0,0.0,0.0,0.0,1.0,1.0,0.0,0.9116800427436829,0.9197192192077637,0.9080218076705933,0.8980072140693665,0.9102637767791748,0.9148055911064148,0.9023081064224243,0.8924359679222107,0.8937906622886658,0.9049100279808044,0.913508415222168,0.9080119132995605,0.8795793652534485,0.8757648468017578,0.0
1937,0.0,0.0,0.0,0.0,0.0,0.0,1.0,1.0,0.0,0.0,0.0,1.0,1.0,0.0,0.9117687344551086,0.919182538986206,0.9079881906509399,0.8990859985351562,0.9096038937568665,0.9139894247055054,0.9016124606132507,0.8924993872642517,0.8941153287887573,0.9061312675476074,0.9147038459777832,0.9099253416061401,0.8815284371376038,0.8755174875259399,2.0
1938,0.0,1.0,1.0,0.0,1.0,1.0,0.0,0.0,0.0,0.0,0.0,0.0,0.0,0.0,0.9114435911178589,0.9192019104957581,0.9061049222946167,0.8956447839736938,0.9087780117988586,0.9131971597671509,0.9008306264877319,0.8920348882675171,0.8942050933837891,0.9042837619781494,0.9117100834846497,0.9062487483024597,0.8790071606636047,0.8750770092010498,2.0
1939,0.0,0.0,1.0,1.0,0.0,0.0,0.0,0.0,0.0,0.0,0.0,1.0,1.0,0.0,0.9109057188034058,0.9173345565795898,0.9049365520477295,0.8960884213447571,0.9080048203468323,0.9127147793769836,0.9002262353897095,0.8907018899917603,0.8929734826087952,0.903842568397522,0.9125282168388367,0.907705545425415,0.8798366189002991,0.8733693957328796,0.0
1940,0.0,0.0,0.0,0.0,1.0,1.0,0.0,0.0,0.0,0.0,0.0,0.0,0.0,0.0,0.9108038544654846,0.9172365665435791,0.9048110246658325,0.8955710530281067,0.907101571559906,0.9123385548591614,0.8990598917007446,0.8898904919624329,0.8921018838882446,0.9034202694892883,0.9118546843528748,0.9090993404388428,0.8807547092437744,0.8716835975646973,2.0
1941,0.0,0.0,1.0,1.0,0.0,0.0,0.0,0.0,0.0,0.0,0.0,1.0,1.0,0.0,0.9122442603111267,0.9198949933052063,0.9085447192192078,0.8984867930412292,0.9088355898857117,0.9129899144172668,0.8997746706008911,0.8909657001495361,0.8930479884147644,0.9049245715141296,0.9135674238204956,0.9087554812431335,0.8803654313087463,0.8769369721412659,3.0
1942,1.0,1.0,0.0,0.0,0.0,0.0,0.0,0.0,0.0,0.0,0.0,1.0,1.0,0.0,0.911339521408081,0.9185121655464172,0.9080026745796204,0.8981503844261169,0.9064911007881165,0.9113122224807739,0.8982600569725037,0.8902239799499512,0.8922943472862244,0.9039456248283386,0.9134119153022766,0.9101890325546265,0.8820006847381592,0.8770613074302673,3.0
1943,1.0,1.0,0.0,0.0,0.0,0.0,0.0,0.0,0.0,0.0,0.0,1.0,1.0,0.0,0.909611165523529,0.9158092141151428,0.9036117196083069,0.8955131769180298,0.9090306758880615,0.914365828037262,0.8999364972114563,0.8902604579925537,0.8924099206924438,0.9026543498039246,0.9121214151382446,0.908297598361969,0.8794814944267273,0.8689395785331726,3.0
1944,0.0,0.0,0.0,0.0,1.0,1.0,0.0,0.0,0.0,0.0,0.0,1.0,1.0,0.0,0.9087406992912292,0.915999710559845,0.9060460925102234,0.8998093605041504,0.907196581363678,0.9111297726631165,0.8972281813621521,0.8889400362968445,0.8907051682472229,0.904746413230896,0.9146244525909424,0.9093596339225769,0.8790040612220764,0.8715546727180481,1.0
1945,0.0,0.0,1.0,1.0,0.0,0.0,0.0,0.0,0.0,1.0,1.0,0.0,0.0,0.0,0.9118397235870361,0.9207903146743774,0.90960693359375,0.9002886414527893,0.9105446338653564,0.9158880710601807,0.9021376371383667,0.8919843435287476,0.8933617472648621,0.9070215821266174,0.916454553604126,0.9115434288978577,0.8819954991340637,0.8766365647315979,4.0
1946,0.0,0.0,1.0,1.0,0.0,0.0,0.0,0.0,0.0,0.0,0.0,1.0,1.0,0.0,0.9107315540313721,0.918701171875,0.9079262018203735,0.9004323482513428,0.9093427658081055,0.9136276245117188,0.900195837020874,0.890934407711029,0.8925449848175049,0.9066290259361267,0.9154888391494751,0.9099572896957397,0.880813717842102,0.875569224357605,3.0
1947,0.0,1.0,1.0,0.0,0.0,0.0,0.0,0.0,0.0,0.0,0.0,1.0,1.0,0.0,0.907803475856781,0.9175775647163391,0.9084393382072449,0.9015371203422546,0.9071829319000244,0.9114751219749451,0.8974546194076538,0.8883377313613892,0.8903581500053406,0.9044626355171204,0.9149283766746521,0.9107722043991089,0.8787224888801575,0.867617130279541,2.0
1948,0.0,0.0,0.0,1.0,1.0,0.0,0.0,0.0,0.0,0.0,0.0,1.0,1.0,0.0,0.9004969596862793,0.9108603000640869,0.9072043895721436,0.9076565504074097,0.9060760736465454,0.9032412171363831,0.8872160911560059,0.8812896013259888,0.8838427662849426,0.8982569575309753,0.9101362824440002,0.9111284017562866,0.8778698444366455,0.8582514524459839,3.0
1949,0.0,0.0,0.0,0.0,0.0,1.0,1.0,0.0,0.0,0.0,1.0,1.0,0.0,0.0,0.9107494354248047,0.918870747089386,0.9083511829376221,0.9005759358406067,0.909386157989502,0.9140267968177795,0.9004696607589722,0.890731692314148,0.8923155069351196,0.9063588976860046,0.9154127240180969,0.910243034362793,0.8802377581596375,0.8741175532341003,3.0
1950,1.0,1.0,0.0,0.0,1.0,1.0,0.0,0.0,0.0,0.0,0.0,1.0,1.0,0.0,0.911884605884552,0.9213927984237671,0.91080242395401,0.901948869228363,0.9116663932800293,0.9166801571846008,0.9032841324806213,0.8929978013038635,0.8940511345863342,0.907617449760437,0.9174665808677673,0.9123385548591614,0.8825889229774475,0.8770284652709961,3.0
1951,0.0,0.0,0.0,1.0,1.0,0.0,0.0,0.0,0.0,0.0,0.0,1.0,1.0,0.0,0.9114381670951843,0.9177220463752747,0.9070594310760498,0.8983467817306519,0.9073583483695984,0.9117919206619263,0.8991244435310364,0.8907135128974915,0.8929021954536438,0.905215859413147,0.913893461227417,0.9093015789985657,0.8813179135322571,0.8744567036628723,2.0
1952,0.0,0.0,0.0,0.0,0.0,0.0,0.0,0.0,0.0,1.0,1.0,0.0,0.0,0.0,0.9130505323410034,0.9203516840934753,0.9088780283927917,0.898652970790863,0.9084936380386353,0.9132871031761169,0.9008761048316956,0.8922389149665833,0.8936360478401184,0.9053844809532166,0.913850724697113,0.9094217419624329,0.8816656470298767,0.8768271803855896,4.0
1953,0.0,0.0,0.0,0.0,1.0,1.0,0.0,0.0,0.0,0.0,0.0,1.0,1.0,0.0,0.9111489653587341,0.919667661190033,0.9080359935760498,0.9000769257545471,0.9114573001861572,0.9157626032829285,0.9015613198280334,0.890934407711029,0.8926230669021606,0.9057846069335938,0.9158973097801208,0.9108038544654846,0.8804980516433716,0.8744269013404846,3.0
1954,1.0,0.0,0.0,0.0,0.0,0.0,0.0,0.0,0.0,0.0,0.0,0.0,0.0,0.0,0.9079623818397522,0.9180329442024231,0.9098454117774963,0.902642011642456,0.9073797464370728,0.9118205904960632,0.8985586762428284,0.8891524076461792,0.8911171555519104,0.9054222702980042,0.91604083776474,0.9108630418777466,0.8796319365501404,0.8704344034194946,2.0
1955,0.0,0.0,1.0,1.0,0.0,0.0,0.0,0.0,0.0,0.0,0.0,1.0,1.0,1.0,0.9117026329040527,0.9193178415298462,0.9061344861984253,0.8972500562667847,0.9115284085273743,0.9160473346710205,0.9016876816749573,0.8914523124694824,0.8938067555427551,0.9062983989715576,0.9142317175865173,0.907202959060669,0.8793203234672546,0.8728471994400024,4.0
1956,0.0,0.0,1.0,1.0,0.0,0.0,0.0,0.0,0.0,0.0,0.0,1.0,1.0,0.0,0.9098287224769592,0.917756974697113,0.9059341549873352,0.8990398049354553,0.9111654162406921,0.9166762828826904,0.9029548168182373,0.8918094038963318,0.8924473524093628,0.9053990244865417,0.9144734144210815,0.9093036651611328,0.8792764544487,0.8698367476463318,0.0
1957,0.0,0.0,0.0,0.0,1.0,1.0,0.0,0.0,0.0,0.0,0.0,1.0,1.0,0.0,0.9085344672203064,0.916297972202301,0.9063127636909485,0.9004248380661011,0.9071580171585083,0.9110597372055054,0.8970044255256653,0.888206422328949,0.8896859884262085,0.9037718772888184,0.9139840602874756,0.9098878502845764,0.8788130283355713,0.8688662052154541,1.0
1958,0.0,0.0,0.0,1.0,1.0,0.0,0.0,0.0,0.0,0.0,0.0,1.0,1.0,0.0,0.8987517356872559,0.9099072813987732,0.9036877155303955,0.9039809703826904,0.9078778624534607,0.9067996740341187,0.8914145231246948,0.8835395574569702,0.8845112323760986,0.898198127746582,0.9095159769058228,0.9082834720611572,0.8739943504333496,0.8559130430221558,0.0
1959,1.0,0.0,0.0,0.0,0.0,0.0,0.0,0.0,0.0,0.0,0.0,0.0,0.0,0.0,0.9107857346534729,0.9128664135932922,0.9027823209762573,0.8970744609832764,0.9017574787139893,0.9038720726966858,0.891179621219635,0.8869205117225647,0.890764594078064,0.9031804203987122,0.9117046594619751,0.9095034003257751,0.8822234272956848,0.8782736659049988,4.0
1960,1.0,1.0,0.0,0.0,0.0,0.0,0.0,0.0,0.0,0.0,0.0,0.0,0.0,0.0,0.9063056111335754,0.9154443144798279,0.908276379108429,0.9039335250854492,0.9064329266548157,0.9078928828239441,0.8928745985031128,0.8852607011795044,0.8881828188896179,0.9024604558944702,0.9136502742767334,0.9115872383117676,0.8792364597320557,0.8638572692871094,2.0
1961,1.0,1.0,0.0,0.0,0.0,1.0,1.0,1.0,1.0,1.0,0.0,1.0,1.0,0.0,0.9114477634429932,0.9182689189910889,0.904395580291748,0.8949056267738342,0.9099892973899841,0.9150431752204895,0.9024231433868408,0.8923838138580322,0.8939579129219055,0.9043980836868286,0.9119935631752014,0.9057273864746094,0.8781026601791382,0.8745608925819397,0.0
1962,0.0,0.0,0.0,0.0,0.0,0.0,0.0,0.0,0.0,1.0,1.0,1.0,1.0,0.0,0.9077087640762329,0.9140187501907349,0.9043864011764526,0.9004775881767273,0.9048821926116943,0.9068025350570679,0.8930350542068481,0.8854913115501404,0.8876615762710571,0.9020447731018066,0.9120452404022217,0.9087245464324951,0.8784900903701782,0.8686341643333435,0.0
1963,0.0,1.0,1.0,0.0,0.0,0.0,0.0,0.0,0.0,0.0,0.0,0.0,0.0,0.0,0.9119738340377808,0.9190723896026611,0.9082968235015869,0.8989443778991699,0.9078730344772339,0.9124578237533569,0.8997746706008911,0.8913505673408508,0.8933843970298767,0.9056165814399719,0.9136664271354675,0.9097779989242554,0.8817520141601562,0.8763355612754822,3.0
1964,0.0,0.0,0.0,0.0,0.0,1.0,1.0,1.0,0.0,0.0,0.0,1.0,1.0,0.0,0.9088134169578552,0.9165012836456299,0.899171769618988,0.887722373008728,0.9078957438468933,0.9127040505409241,0.8981872200965881,0.8879621624946594,0.8892276287078857,0.8982724547386169,0.9049566388130188,0.8980281949043274,0.8700423240661621,0.8645297884941101,1.0
1965,0.0,0.0,1.0,1.0,1.0,1.0,0.0,0.0,0.0,0.0,0.0,1.0,1.0,0.0,0.9120670557022095,0.9182299375534058,0.9072222709655762,0.8976175785064697,0.9076459407806396,0.9129617214202881,0.900195837020874,0.8919728994369507,0.8932486772537231,0.9045827388763428,0.9132723808288574,0.9098252654075623,0.88163822889328,0.8760891556739807,1.0
1966,0.0,1.0,1.0,1.0,0.0,0.0,1.0,1.0,0.0,0.0,0.0,1.0,1.0,0.0,0.9111414551734924,0.9169678688049316,0.9038417935371399,0.8953051567077637,0.9090110063552856,0.9146918654441833,0.9017763137817383,0.8916146159172058,0.8937294483184814,0.9057931900024414,0.9143539667129517,0.9090348482131958,0.8804084062576294,0.8729676604270935,2.0
1967,0.0,0.0,1.0,1.0,1.0,1.0,0.0,0.0,0.0,0.0,0.0,1.0,1.0,0.0,0.911560595035553,0.9195053577423096,0.9064242839813232,0.8971343636512756,0.9097570776939392,0.9157456159591675,0.902538001537323,0.892002284526825,0.8934876322746277,0.9053844809532166,0.9147805571556091,0.910515546798706,0.8810766339302063,0.8726626634597778,0.0
1968,0.0,0.0,1.0,1.0,0.0,0.0,0.0,0.0,0.0,0.0,0.0,1.0,1.0,0.0,0.9126418828964233,0.9204080104827881,0.9092109799385071,0.8991475701332092,0.9093316197395325,0.9145740866661072,0.902439534664154,0.8930625319480896,0.8949215412139893,0.9064624309539795,0.9151893258094788,0.9105280041694641,0.8821278214454651,0.8779070377349854,0.0
1969,0.0,0.0,0.0,1.0,1.0,0.0,0.0,0.0,0.0,0.0,0.0,1.0,1.0,0.0,0.9128450751304626,0.919696033000946,0.9085922837257385,0.8990252017974854,0.9078531861305237,0.912878155708313,0.8998326659202576,0.8908932209014893,0.8931224346160889,0.9057788252830505,0.9152814149856567,0.9109552502632141,0.8821566700935364,0.8763355612754822,4.0
1970,0.0,0.0,1.0,1.0,1.0,1.0,0.0,0.0,0.0,0.0,0.0,0.0,0.0,0.0,0.9115681052207947,0.9193769693374634,0.9079545140266418,0.8986174464225769,0.9085429310798645,0.9132616519927979,0.901250958442688,0.8929474949836731,0.8948003053665161,0.9072500467300415,0.9145660996437073,0.9094133377075195,0.8818556666374207,0.8765668272972107,3.0
1971,1.0,1.0,0.0,0.0,0.0,1.0,1.0,0.0,0.0,0.0,1.0,1.0,0.0,0.0,0.9120575189590454,0.9199703335762024,0.9091886281967163,0.8994400501251221,0.909866988658905,0.9149112701416016,0.901681661605835,0.8921932578086853,0.8938421010971069,0.9060764312744141,0.9153470993041992,0.9107294678688049,0.8817447423934937,0.8759344816207886,1.0
1972,0.0,0.0,0.0,0.0,0.0,0.0,0.0,0.0,0.0,1.0,1.0,1.0,1.0,0.0,0.9116309285163879,0.9190659523010254,0.9057082533836365,0.8961263298988342,0.9096275568008423,0.9153800010681152,0.9015974402427673,0.8913653492927551,0.8932842016220093,0.9044010043144226,0.9133502840995789,0.9086485505104065,0.8800820112228394,0.872209906578064,0.0
1973,0.0,0.0,1.0,1.0,0.0,0.0,0.0,0.0,0.0,0.0,0.0,1.0,1.0,0.0,0.909809947013855,0.9194607138633728,0.9075942039489746,0.8965988159179688,0.9079112410545349,0.9127687811851501,0.8993057608604431,0.890488862991333,0.8911911845207214,0.9031270742416382,0.9126120805740356,0.9079920649528503,0.878676176071167,0.8730427622795105,3.0
1974,0.0,0.0,0.0,0.0,1.0,1.0,0.0,0.0,0.0,0.0,0.0,0.0,0.0,0.0,0.9122870564460754,0.9195666313171387,0.9063819050788879,0.8976549506187439,0.9110513925552368,0.9167383909225464,0.903733491897583,0.892812967300415,0.8951094746589661,0.9066835641860962,0.9152182936668396,0.9093567728996277,0.8806856870651245,0.8734331130981445,4.0
1975,0.0,1.0,1.0,1.0,1.0,1.0,0.0,0.0,0.0,1.0,1.0,1.0,1.0,0.0,0.9129980802536011,0.9204884171485901,0.9071334004402161,0.8985084891319275,0.9117524027824402,0.9169619083404541,0.9034868478775024,0.8927886486053467,0.8944454789161682,0.9063358902931213,0.9151946306228638,0.9097779989242554,0.8812364935874939,0.8754657506942749,2.0
1976,0.0,0.0,0.0,0.0,1.0,1.0,1.0,1.0,0.0,0.0,0.0,1.0,1.0,0.0,0.9104312658309937,0.9205529689788818,0.9108675122261047,0.9024100303649902,0.9103676080703735,0.9159663915634155,0.9029043316841125,0.8927837610244751,0.8933020234107971,0.906116783618927,0.9169594049453735,0.9125634431838989,0.8814677596092224,0.872749388217926,1.0
1977,1.0,1.0,0.0,0.0,0.0,0.0,0.0,0.0,0.0,0.0,0.0,0.0,0.0,0.0,0.9109600782394409,0.9178293943405151,0.9078769683837891,0.8996805548667908,0.9088734984397888,0.911362886428833,0.8993211984634399,0.8921166062355042,0.8962879180908203,0.9075577259063721,0.914295494556427,0.9084161520004272,0.880723774433136,0.8759639263153076,3.0
1978,1.0,1.0,0.0,0.0,0.0,1.0,1.0,1.0,0.0,0.0,1.0,1.0,1.0,0.0,0.9092254042625427,0.9191388487815857,0.909497857093811,0.9026539921760559,0.909961462020874,0.9148280024528503,0.9013580083847046,0.8916112780570984,0.8925498127937317,0.9060561656951904,0.9163141846656799,0.9107280969619751,0.8799622654914856,0.8727644085884094,0.0
1979,0.0,0.0,1.0,1.0,0.0,0.0,0.0,0.0,0.0,0.0,0.0,1.0,1.0,0.0,0.9113204479217529,0.9194202423095703,0.9084682464599609,0.8989382982254028,0.9079169631004333,0.9130223393440247,0.8995358347892761,0.8904507756233215,0.891804575920105,0.9044186472892761,0.9142130613327026,0.9112560153007507,0.8820824027061462,0.8747467398643494,3.0
1980,0.0,0.0,0.0,0.0,0.0,1.0,1.0,1.0,0.0,0.0,0.0,1.0,1.0,0.0,0.9118390083312988,0.9190671443939209,0.9059364199638367,0.8976549506187439,0.9101141691207886,0.9157286286354065,0.9018739461898804,0.8912864327430725,0.8931434750556946,0.9056774377822876,0.9151261448860168,0.9097265005111694,0.8804904818534851,0.8718048930168152,2.0
1981,0.0,0.0,1.0,1.0,0.0,0.0,0.0,0.0,0.0,0.0,0.0,1.0,1.0,0.0,0.9114073514938354,0.9186314344406128,0.9065755605697632,0.8957144618034363,0.9073513150215149,0.9123995900154114,0.9002566933631897,0.8913373947143555,0.8934521675109863,0.9039573669433594,0.912197470664978,0.9072557091712952,0.8796614408493042,0.8740391135215759,4.0
1982,0.0,0.0,1.0,1.0,0.0,0.0,0.0,0.0,0.0,0.0,0.0,1.0,1.0,0.0,0.9044142961502075,0.9156815409660339,0.9101488590240479,0.9066429734230042,0.9099885821342468,0.9097626209259033,0.8931014537811279,0.8854843974113464,0.8892876505851746,0.9034174084663391,0.9143751859664917,0.9138534665107727,0.8811361193656921,0.8669576048851013,4.0
1983,0.0,0.0,0.0,0.0,1.0,1.0,0.0,0.0,0.0,0.0,0.0,1.0,1.0,0.0,0.9124760627746582,0.9199462532997131,0.9077140688896179,0.8978199362754822,0.9092462658882141,0.9136583805084229,0.9013655185699463,0.8924863934516907,0.8942629098892212,0.9059349298477173,0.913893461227417,0.9084471464157104,0.880551278591156,0.8762253522872925,2.0
1984,0.0,0.0,0.0,0.0,1.0,1.0,1.0,0.0,0.0,0.0,0.0,1.0,1.0,0.0,0.9116432070732117,0.9205365180969238,0.9078794121742249,0.8981685638427734,0.9105266332626343,0.915723443031311,0.9027823209762573,0.8928665518760681,0.8941858410835266,0.9056745767593384,0.9149205088615417,0.9102485775947571,0.8813255429267883,0.8745162487030029,3.0
1985,0.0,1.0,1.0,0.0,1.0,1.0,0.0,1.0,1.0,0.0,0.0,1.0,1.0,0.0,0.9117346405982971,0.921581506729126,0.9100687503814697,0.900812566280365,0.9121743440628052,0.9161945581436157,0.9014107584953308,0.8920839428901672,0.893735945224762,0.9062983989715576,0.915808379650116,0.9102237224578857,0.8806819319725037,0.8748396039009094,2.0
1986,0.0,0.0,1.0,1.0,0.0,0.0,0.0,0.0,0.0,0.0,0.0,1.0,1.0,0.0,0.9101433157920837,0.9179668426513672,0.907389760017395,0.8979986906051636,0.9088636636734009,0.9136249423027039,0.900490939617157,0.8914178013801575,0.8937084674835205,0.9051082134246826,0.9137117862701416,0.9094253182411194,0.8817040324211121,0.8757095336914062,4.0
1987,0.0,0.0,1.0,1.0,0.0,0.0,0.0,0.0,0.0,0.0,0.0,1.0,1.0,0.0,0.909765362739563,0.9210608005523682,0.9114991426467896,0.9042041301727295,0.914321780204773,0.91794353723526,0.9017598032951355,0.8926798701286316,0.8946837782859802,0.9071701765060425,0.9176000356674194,0.9121444821357727,0.8814237117767334,0.8741958737373352,2.0
1988,0.0,0.0,0.0,0.0,0.0,0.0,0.0,0.0,0.0,1.0,1.0,0.0,0.0,0.0,0.9103364944458008,0.9160476922988892,0.9024358987808228,0.8930982351303101,0.9070301055908203,0.9121988415718079,0.8995388150215149,0.8911237716674805,0.8942244052886963,0.903461754322052,0.9111791849136353,0.9065371751785278,0.8795801997184753,0.8719072341918945,2.0
1989,1.0,1.0,0.0,0.0,0.0,0.0,0.0,0.0,0.0,0.0,0.0,1.0,1.0,0.0,0.9107508063316345,0.917059063911438,0.9068526029586792,0.8975399732589722,0.9057411551475525,0.9101626873016357,0.8974952697753906,0.8897609114646912,0.8925027251243591,0.9035800099372864,0.9128497242927551,0.9100961089134216,0.8823698163032532,0.877914309501648,3.0
1990,0.0,0.0,0.0,1.0,1.0,0.0,0.0,0.0,0.0,0.0,0.0,1.0,1.0,0.0,0.9098280072212219,0.914875328540802,0.9065356850624084,0.9008155465126038,0.905670166015625,0.9070987701416016,0.894978940486908,0.8890839219093323,0.8909690380096436,0.9034143686294556,0.9136610627174377,0.9119391441345215,0.8833295702934265,0.877448320388794,0.0
1991,1.0,1.0,0.0,0.0,0.0,0.0,0.0,0.0,0.0,0.0,0.0,0.0,0.0,0.0,0.9108259081840515,0.9186293482780457,0.9044560194015503,0.8945894241333008,0.9105805158615112,0.9160656332969666,0.9027346968650818,0.8921394348144531,0.892931342124939,0.9028597474098206,0.9111626744270325,0.9048559069633484,0.8771921396255493,0.8721834421157837,0.0
1992,0.0,0.0,1.0,1.0,0.0,0.0,0.0,0.0,0.0,0.0,0.0,0.0,0.0,0.0,0.9095520973205566,0.9139987230300903,0.9037209153175354,0.8978749513626099,0.9051139950752258,0.9082226753234863,0.8946710228919983,0.8883612751960754,0.891171395778656,0.9044919013977051,0.9132373929023743,0.9087730646133423,0.8799179196357727,0.8737589120864868,1.0
1993,0.0,1.0,1.0,0.0,0.0,0.0,0.0,0.0,0.0,0.0,0.0,1.0,1.0,0.0,0.9116913676261902,0.9194891452789307,0.9067908525466919,0.8983127474784851,0.9108079671859741,0.9148914813995361,0.9009366631507874,0.8910809755325317,0.891575276851654,0.9034202694892883,0.9122218489646912,0.9074716567993164,0.878080427646637,0.8718996047973633,1.0
1994,0.0,0.0,0.0,1.0,1.0,1.0,0.0,0.0,0.0,0.0,0.0,1.0,1.0,0.0,0.9046719074249268,0.9151314496994019,0.9091371893882751,0.9050098657608032,0.9061160683631897,0.9079396724700928,0.8937391638755798,0.8858500719070435,0.8875347375869751,0.9021705389022827,0.9136315584182739,0.9113491177558899,0.878483772277832,0.8636817336082458,2.0
1995,0.0,0.0,1.0,1.0,0.0,0.0,0.0,0.0,0.0,0.0,0.0,0.0,0.0,0.0,0.9031685590744019,0.9143791794776917,0.9097028374671936,0.9054157137870789,0.9069876074790955,0.909088134765625,0.8949183821678162,0.8863309025764465,0.8879064321517944,0.9018679261207581,0.9134870171546936,0.9108672142028809,0.8773024678230286,0.8636138439178467,1.0
1996,0.0,0.0,1.0,1.0,0.0,0.0,0.0,0.0,0.0,1.0,1.0,1.0,1.0,0.0,0.9112477898597717,0.92043137550354,0.9074013829231262,0.8983250856399536,0.9122612476348877,0.9162466526031494,0.901407778263092,0.891279935836792,0.8926782011985779,0.9038720726966858,0.9135967493057251,0.9087006449699402,0.879640519618988,0.871649444103241,1.0
1997,1.0,0.0,0.0,0.0,0.0,0.0,0.0,0.0,0.0,0.0,0.0,1.0,1.0,0.0,0.9106053113937378,0.9164960980415344,0.9062479734420776,0.8971026539802551,0.9051169157028198,0.9102389216423035,0.8979746699333191,0.8902190327644348,0.8922160267829895,0.9036744832992554,0.9122246503829956,0.9093945026397705,0.8820106983184814,0.8774738907814026,2.0
1998,0.0,0.0,0.0,0.0,0.0,0.0,1.0,1.0,1.0,1.0,0.0,0.0,0.0,0.0,0.913130521774292,0.9195285439491272,0.9087059497833252,0.8995419144630432,0.907597541809082,0.9115585088729858,0.8990444540977478,0.8917455673217773,0.8938485980033875,0.9062551856040955,0.9146323204040527,0.9099774360656738,0.882006824016571,0.8773389458656311,4.0
1999,0.0,0.0,0.0,0.0,1.0,1.0,1.0,1.0,1.0,0.0,0.0,1.0,1.0,0.0,0.910331666469574,0.9169396758079529,0.9071493744850159,0.8988056778907776,0.906399130821228,0.9093316197395325,0.8967739343643188,0.8906754851341248,0.8940349817276001,0.9056832790374756,0.9139587879180908,0.9097828269004822,0.8817170858383179,0.876067042350769,3.0
2000,1.0,1.0,0.0,0.0,0.0,1.0,1.0,1.0,0.0,0.0,0.0,1.0,1.0,0.0,0.910934567451477,0.9176469445228577,0.9053059816360474,0.8980467319488525,0.9121607542037964,0.9174100756645203,0.9041544795036316,0.8929864764213562,0.8945319056510925,0.9065572619438171,0.9151761531829834,0.9088355898857117,0.8792787790298462,0.8748841285705566,1.0
2001,0.0,0.0,0.0,0.0,0.0,1.0,1.0,1.0,0.0,0.0,0.0,1.0,1.0,0.0,0.9105245471000671,0.9192984104156494,0.9093106389045715,0.9010429382324219,0.9077737331390381,0.9121540188789368,0.8982105255126953,0.8894794583320618,0.8918159604072571,0.9061514139175415,0.9154233336448669,0.909623384475708,0.8794693946838379,0.8731554746627808,3.0
2002,1.0,1.0,0.0,0.0,0.0,1.0,1.0,1.0,1.0,0.0,0.0,0.0,0.0,0.0,0.9116650819778442,0.9184842109680176,0.9060829281806946,0.8972813487052917,0.9103026390075684,0.9151090383529663,0.9019129276275635,0.8918143510818481,0.8939868211746216,0.9061715602874756,0.9144414663314819,0.9083229899406433,0.879577100276947,0.8755100965499878,2.0
2003,0.0,1.0,1.0,1.0,0.0,0.0,0.0,0.0,0.0,0.0,0.0,1.0,1.0,0.0,0.911362886428833,0.9179911613464355,0.9047912955284119,0.8956891298294067,0.9105527997016907,0.915097177028656,0.9017177224159241,0.8918912410736084,0.8933811783790588,0.9034557938575745,0.9119663834571838,0.9065134525299072,0.878526508808136,0.8738411664962769,1.0
2004,1.0,1.0,0.0,0.0,0.0,0.0,0.0,0.0,0.0,0.0,0.0,1.0,1.0,0.0,0.9102243781089783,0.9158011674880981,0.8976526260375977,0.890210747718811,0.9106591939926147,0.9161476492881775,0.9007124304771423,0.8897591829299927,0.8927010297775269,0.9042690396308899,0.9121240377426147,0.9057209491729736,0.876753032207489,0.8658980131149292,4.0
2005,0.0,0.0,0.0,0.0,0.0,0.0,0.0,0.0,0.0,1.0,1.0,1.0,1.0,0.0,0.9104561805725098,0.9170970916748047,0.901970624923706,0.8928843140602112,0.9110555648803711,0.9156513214111328,0.9020118117332458,0.891778290271759,0.8916146159172058,0.902370810508728,0.9094768762588501,0.9016891717910767,0.8744284510612488,0.8715583682060242,0.0
2006,0.0,0.0,0.0,0.0,1.0,1.0,0.0,0.0,0.0,0.0,0.0,1.0,1.0,0.0,0.9125329852104187,0.918287456035614,0.9065371751785278,0.8958284258842468,0.9063602685928345,0.9108713865280151,0.8993365168571472,0.8921084403991699,0.8946278691291809,0.9041985273361206,0.9115243554115295,0.9065999388694763,0.8806095123291016,0.8772987723350525,4.0
2007,1.0,0.0,0.0,0.0,0.0,0.0,0.0,0.0,0.0,0.0,0.0,1.0,1.0,0.0,0.9105790853500366,0.9165498614311218,0.9053409099578857,0.8960244655609131,0.9078389406204224,0.9131433963775635,0.8995634317398071,0.8904359340667725,0.8926066756248474,0.9031655788421631,0.9121567010879517,0.9087035059928894,0.8804382681846619,0.8743822574615479,1.0
2008,1.0,1.0,0.0,0.0,0.0,0.0,0.0,0.0,0.0,0.0,0.0,1.0,1.0,0.0,0.9127863645553589,0.9203450083732605,0.9084361791610718,0.9000372290611267,0.9112107753753662,0.9154548048973083,0.9022901654243469,0.8925531506538391,0.8934424519538879,0.9057209491729736,0.9143565893173218,0.9090397357940674,0.8809594511985779,0.8770503997802734,1.0
2009,0.0,1.0,1.0,1.0,0.0,0.0,0.0,0.0,0.0,1.0,1.0,1.0,1.0,0.0,0.909641444683075,0.9193693995475769,0.9065996408462524,0.8950840830802917,0.9086992144584656,0.9132965803146362,0.8996858596801758,0.8899785876274109,0.89122074842453,0.9024246335029602,0.9113382697105408,0.9058741927146912,0.8765270709991455,0.8711174130439758,2.0
2010,0.0,1.0,1.0,0.0,1.0,1.0,0.0,0.0,0.0,0.0,0.0,0.0,0.0,0.0,0.9124496579170227,0.9196510314941406,0.9074545502662659,0.8992505073547363,0.9127930998802185,0.9170961380004883,0.9037747979164124,0.8935150504112244,0.894624650478363,0.9058828949928284,0.9143645167350769,0.9083907604217529,0.8799871802330017,0.8769112825393677,1.0
2011,0.0,0.0,0.0,0.0,0.0,0.0,0.0,0.0,0.0,0.0,1.0,1.0,0.0,0.0,0.9099864363670349,0.9179681539535522,0.904295027256012,0.8941105008125305,0.9093554019927979,0.9140787124633789,0.901407778263092,0.891179621219635,0.8915950059890747,0.9013896584510803,0.9092561602592468,0.903099536895752,0.8754506707191467,0.8707477450370789,0.0
2012,1.0,1.0,0.0,0.0,0.0,0.0,0.0,0.0,0.0,0.0,0.0,0.0,0.0,0.0,0.9104852080345154,0.9204915761947632,0.9098624587059021,0.9010742902755737,0.9101932048797607,0.915756106376648,0.9033523201942444,0.8927042484283447,0.8933956623077393,0.9056861400604248,0.9166982769966125,0.9124388694763184,0.882222592830658,0.8730654120445251,1.0
2013,0.0,0.0,0.0,0.0,0.0,1.0,1.0,1.0,0.0,1.0,1.0,1.0,1.0,0.0,0.9122504591941833,0.9190354347229004,0.9078276753425598,0.8984612822532654,0.9080231785774231,0.9132885336875916,0.9003996849060059,0.8911401629447937,0.8933165073394775,0.9055151343345642,0.9145767688751221,0.9102222919464111,0.8815939426422119,0.8755359649658203,0.0
2014,0.0,0.0,1.0,1.0,0.0,0.0,0.0,0.0,0.0,0.0,0.0,1.0,1.0,0.0,0.9118921160697937,0.9196259379386902,0.9077779650688171,0.8983762264251709,0.9103164672851562,0.9150813817977905,0.902391791343689,0.8928778767585754,0.8946054577827454,0.906826913356781,0.9150893092155457,0.9090600609779358,0.8811845183372498,0.8766328692436218,2.0
2015,0.0,0.0,0.0,0.0,0.0,0.0,0.0,1.0,1.0,0.0,0.0,0.0,0.0,0.0,0.9121960997581482,0.9199092388153076,0.9093389511108398,0.8996453285217285,0.9081435203552246,0.9125579595565796,0.8998205065727234,0.8918127417564392,0.8936102390289307,0.9063214063644409,0.9151261448860168,0.9101183414459229,0.8817641139030457,0.8779324889183044,3.0
2016,0.0,0.0,1.0,1.0,0.0,0.0,0.0,0.0,0.0,0.0,0.0,1.0,1.0,0.0,0.9109091758728027,0.9175810813903809,0.9062638282775879,0.8971002697944641,0.9062076210975647,0.9111064672470093,0.8990782499313354,0.8910759687423706,0.8932680487632751,0.9041632413864136,0.9124686121940613,0.9087569117546082,0.8815484642982483,0.8758681416511536,2.0
2017,0.0,1.0,1.0,0.0,0.0,0.0,1.0,1.0,0.0,0.0,0.0,1.0,1.0,0.0,0.9114258885383606,0.9201220273971558,0.9079377055168152,0.8969988822937012,0.9080444574356079,0.9128039479255676,0.8999181985855103,0.8912026286125183,0.8922812342643738,0.9032219648361206,0.9118001461029053,0.9070086479187012,0.8788478374481201,0.8737402558326721,3.0
2018,0.0,0.0,0.0,0.0,1.0,1.0,0.0,0.0,0.0,0.0,0.0,1.0,1.0,0.0,0.910010814666748,0.9172691702842712,0.9056043028831482,0.8974281549453735,0.9071486592292786,0.9122164845466614,0.898652970790863,0.8892075419425964,0.89122074842453,0.9043336510658264,0.9140560626983643,0.9097347855567932,0.8796795010566711,0.8694061636924744,2.0
2019,0.0,0.0,1.0,1.0,0.0,0.0,0.0,0.0,0.0,0.0,0.0,1.0,1.0,0.0,0.9113122224807739,0.9198036193847656,0.9085204005241394,0.8996889591217041,0.91029292345047,0.9151354432106018,0.9019713997840881,0.8921394348144531,0.8938196301460266,0.907232940196991,0.9156304597854614,0.9100766777992249,0.8809608817100525,0.8757907152175903,3.0
2020,0.0,0.0,0.0,1.0,1.0,0.0,0.0,0.0,0.0,0.0,0.0,1.0,1.0,0.0,0.9091987609863281,0.9156264662742615,0.9079948663711548,0.9016492962837219,0.9067158102989197,0.908901572227478,0.8961870074272156,0.8897974491119385,0.892121434211731,0.9052449464797974,0.9147858023643494,0.9115844368934631,0.8825405836105347,0.8751585483551025,2.0
2021,0.0,0.0,1.0,1.0,0.0,0.0,0.0,0.0,0.0,0.0,0.0,1.0,1.0,0.0,0.9071558713912964,0.914191484451294,0.9022527933120728,0.895637571811676,0.9076622128486633,0.9124754071235657,0.8973797559738159,0.8880144357681274,0.8898307681083679,0.9003419280052185,0.9105625152587891,0.9080147743225098,0.878898024559021,0.8641759753227234,3.0
2022,0.0,0.0,1.0,1.0,1.0,1.0,0.0,0.0,0.0,0.0,0.0,1.0,1.0,0.0,0.9118886590003967,0.9211111664772034,0.9097821116447449,0.9005964398384094,0.9118533134460449,0.9164700508117676,0.9020747542381287,0.8924441337585449,0.8942500352859497,0.9068010449409485,0.9159625172615051,0.9099184274673462,0.8806111216545105,0.8747838735580444,0.0
2023,0.0,0.0,0.0,1.0,1.0,0.0,0.0,0.0,0.0,0.0,0.0,1.0,1.0,0.0,0.9080317616462708,0.9161147475242615,0.9084393382072449,0.9027559757232666,0.9091759324073792,0.9099531769752502,0.8956242203712463,0.8886500597000122,0.8909245729446411,0.9046557545661926,0.9145714044570923,0.9115052223205566,0.8813748955726624,0.874083936214447,3.0
2024,1.0,1.0,0.0,0.0,0.0,1.0,1.0,1.0,0.0,0.0,0.0,1.0,1.0,0.0,0.9104796648025513,0.9174917936325073,0.9038344621658325,0.8965556025505066,0.9121118783950806,0.9163766503334045,0.9019773602485657,0.8907299637794495,0.8929216861724854,0.9049800038337708,0.9137065410614014,0.9072999954223633,0.8780832886695862,0.8724063038825989,3.0
2025,1.0,1.0,0.0,0.0,0.0,0.0,0.0,0.0,1.0,1.0,1.0,1.0,1.0,0.0,0.910973846912384,0.9178001284599304,0.9064236283302307,0.8984755277633667,0.9074695110321045,0.9126390814781189,0.8999441266059875,0.8903481960296631,0.8922731876373291,0.9059956073760986,0.9145820736885071,0.9099962115287781,0.880678117275238,0.8729149699211121,2.0
2026,1.0,1.0,0.0,0.0,0.0,0.0,0.0,0.0,0.0,0.0,0.0,0.0,0.0,0.0,0.9109600782394409,0.9176905155181885,0.9047873020172119,0.8974077701568604,0.9102237224578857,0.9162192940711975,0.9040766358375549,0.893025279045105,0.8941794633865356,0.9063271880149841,0.9146588444709778,0.908970296382904,0.8797568082809448,0.872956395149231,0.0
2027,0.0,0.0,0.0,0.0,0.0,0.0,1.0,1.0,0.0,0.0,0.0,1.0,1.0,0.0,0.9122070074081421,0.919608473777771,0.9080968499183655,0.8985285758972168,0.9105680584907532,0.9148412942886353,0.9014499187469482,0.8915146589279175,0.893896758556366,0.9052740335464478,0.9140241146087646,0.9080472588539124,0.8798210620880127,0.8743411898612976,4.0
2028,0.0,0.0,1.0,1.0,1.0,1.0,0.0,0.0,0.0,0.0,0.0,0.0,0.0,0.0,0.9110390543937683,0.9209288954734802,0.9094422459602356,0.8993295431137085,0.9108575582504272,0.9158737063407898,0.9023230671882629,0.8922552466392517,0.8932260274887085,0.9053118824958801,0.915162980556488,0.9102333784103394,0.8806525468826294,0.8730953931808472,0.0
2029,1.0,1.0,0.0,0.0,0.0,0.0,0.0,0.0,0.0,0.0,0.0,0.0,0.0,0.0,0.9040545225143433,0.9149574637413025,0.9093246459960938,0.9053848385810852,0.9073968529701233,0.9087793827056885,0.892856776714325,0.8848657608032227,0.8870548605918884,0.9007791876792908,0.9129064679145813,0.9117892384529114,0.8782292604446411,0.8608020544052124,1.0
2030,1.0,0.0,0.0,0.0,0.0,0.0,0.0,0.0,0.0,0.0,0.0,0.0,0.0,0.0,0.9115270972251892,0.9191960692405701,0.9068424105644226,0.8964470624923706,0.9089030623435974,0.913733184337616,0.9007489085197449,0.8920871615409851,0.8936489224433899,0.9035917520523071,0.9118219614028931,0.9068204760551453,0.8791612982749939,0.8737252354621887,0.0
2031,0.0,0.0,1.0,1.0,0.0,0.0,0.0,0.0,0.0,0.0,0.0,0.0,0.0,0.0,0.9090754985809326,0.9169632196426392,0.9020892977714539,0.8903084993362427,0.90716153383255,0.9122939109802246,0.898301899433136,0.8882351517677307,0.8891123533248901,0.8997592926025391,0.9077878594398499,0.9018566608428955,0.873712420463562,0.8690515756607056,2.0
2032,1.0,1.0,0.0,0.0,0.0,1.0,1.0,1.0,0.0,0.0,0.0,0.0,0.0,0.0,0.9115229249000549,0.918148398399353,0.905283510684967,0.896019697189331,0.9087836146354675,0.9142928719520569,0.9005181789398193,0.8907696008682251,0.8934586048126221,0.9044098854064941,0.9135137796401978,0.9091343283653259,0.8804789185523987,0.8717708587646484,2.0
2033,0.0,0.0,1.0,1.0,0.0,0.0,0.0,0.0,0.0,0.0,0.0,1.0,1.0,0.0,0.9086161851882935,0.9205865263938904,0.9093216061592102,0.89945387840271,0.911228597164154,0.9148584604263306,0.8998968601226807,0.8908734917640686,0.8931710720062256,0.906050443649292,0.9162206053733826,0.9121553897857666,0.8815233707427979,0.8715659379959106,1.0
2034,0.0,0.0,1.0,1.0,0.0,0.0,0.0,0.0,0.0,0.0,0.0,1.0,1.0,0.0,0.9104602932929993,0.9176318645477295,0.9033055901527405,0.8960781693458557,0.9120125770568848,0.9175102114677429,0.9022124409675598,0.8912913799285889,0.8927010297775269,0.9044186472892761,0.9142715930938721,0.9094727039337158,0.879541277885437,0.8686071038246155,3.0
2035,0.0,0.0,0.0,1.0,1.0,0.0,0.0,0.0,0.0,0.0,0.0,1.0,1.0,0.0,0.9112874865531921,0.9186137318611145,0.9078907370567322,0.8988103866577148,0.9074425101280212,0.9121648073196411,0.9000311493873596,0.8916244506835938,0.8927464485168457,0.9051750898361206,0.9148017168045044,0.9108430743217468,0.8819968104362488,0.8761296272277832,2.0
2036,0.0,1.0,1.0,0.0,0.0,0.0,0.0,0.0,0.0,1.0,1.0,0.0,0.0,0.0,0.9112518429756165,0.9192458987236023,0.9079527258872986,0.8999167084693909,0.9094768762588501,0.9131366014480591,0.9007852673530579,0.8918535709381104,0.8939289450645447,0.9073441624641418,0.9149758815765381,0.9097855687141418,0.8815633654594421,0.8765155673027039,3.0
2037,0.0,0.0,0.0,0.0,0.0,0.0,0.0,0.0,0.0,1.0,1.0,1.0,1.0,0.0,0.9112874865531921,0.9173257946968079,0.9053311347961426,0.8963856101036072,0.9077396392822266,0.9122070074081421,0.8992259502410889,0.8904127478599548,0.8934199213981628,0.9041309952735901,0.9122055768966675,0.9080402255058289,0.8803005814552307,0.8734556436538696,3.0
2038,0.0,0.0,0.0,0.0,0.0,0.0,0.0,0.0,0.0,0.0,0.0,1.0,1.0,0.0,0.9124131798744202,0.9190329313278198,0.9087027907371521,0.8992642760276794,0.9072086215019226,0.9120249152183533,0.8994500041007996,0.8907233476638794,0.8926928639411926,0.9051750898361206,0.9152235984802246,0.911228597164154,0.8830199837684631,0.87746661901474,4.0
2039,1.0,1.0,1.0,1.0,0.0,0.0,0.0,0.0,0.0,0.0,0.0,0.0,0.0,0.0,0.907762348651886,0.9185662865638733,0.9049083590507507,0.8921605944633484,0.9069772362709045,0.9131648540496826,0.8995542526245117,0.8895594477653503,0.8911352157592773,0.9011422395706177,0.9100669622421265,0.9057295322418213,0.8758307695388794,0.8647441267967224,0.0
2040,1.0,1.0,0.0,0.0,0.0,0.0,0.0,0.0,0.0,1.0,1.0,1.0,1.0,0.0,0.9095536470413208,0.9159079790115356,0.905965268611908,0.8984906673431396,0.9070044159889221,0.911841094493866,0.8989582061767578,0.8899703025817871,0.8916735649108887,0.903845489025116,0.9130277037620544,0.9092938899993896,0.8804079294204712,0.8744529485702515,1.0
2041,1.0,0.0,0.0,0.0,0.0,0.0,0.0,0.0,0.0,0.0,0.0,1.0,1.0,0.0,0.9125837087631226,0.9198024868965149,0.9084693789482117,0.8984017372131348,0.9084175229072571,0.9125877618789673,0.9006336331367493,0.8924327492713928,0.8943686485290527,0.9054135084152222,0.9127957820892334,0.9079729914665222,0.8810294270515442,0.8760855197906494,4.0
2042,0.0,1.0,1.0,0.0,0.0,0.0,0.0,0.0,0.0,0.0,0.0,1.0,1.0,0.0,0.9114929437637329,0.920268177986145,0.908865213394165,0.8985138535499573,0.9078715443611145,0.913217306137085,0.9008185863494873,0.8919238448143005,0.8936811685562134,0.9054425358772278,0.9144494533538818,0.9109827876091003,0.8827017545700073,0.8749249577522278,2.0
2043,0.0,0.0,0.0,1.0,1.0,0.0,0.0,0.0,0.0,0.0,0.0,1.0,1.0,0.0,0.9106018543243408,0.9189549088478088,0.9067875146865845,0.8998211622238159,0.9129198789596558,0.9173548221588135,0.9033788442611694,0.8923871517181396,0.8928211331367493,0.9054483771324158,0.9148861765861511,0.9086964130401611,0.8793455362319946,0.8738823533058167,1.0
2044,0.0,1.0,1.0,0.0,0.0,0.0,0.0,0.0,0.0,0.0,0.0,0.0,0.0,0.0,0.9112381935119629,0.9188375473022461,0.9073513150215149,0.8994277119636536,0.9099280834197998,0.9149205088615417,0.9020028114318848,0.8924343585968018,0.8938581943511963,0.9068841934204102,0.9150418639183044,0.909130871295929,0.8797461986541748,0.8745348453521729,0.0
2045,1.0,1.0,0.0,0.0,0.0,0.0,0.0,0.0,0.0,0.0,0.0,0.0,0.0,0.0,0.9107246398925781,0.9190430641174316,0.9050757884979248,0.8950649499893188,0.9104312658309937,0.9148267507553101,0.9013293981552124,0.8913702368736267,0.8911615610122681,0.9014740586280823,0.9099698662757874,0.904331386089325,0.8757674694061279,0.8706102967262268,1.0
2046,0.0,1.0,1.0,0.0,0.0,0.0,0.0,0.0,0.0,0.0,0.0,1.0,1.0,0.0,0.9109711050987244,0.9172724485397339,0.9051904678344727,0.8966467380523682,0.9092337489128113,0.9146707057952881,0.9022408723831177,0.8924669027328491,0.8944294452667236,0.9044068455696106,0.9129387736320496,0.9086781740188599,0.880499005317688,0.8750807642936707,1.0
2047,1.0,1.0,0.0,0.0,0.0,0.0,0.0,0.0,0.0,0.0,0.0,1.0,1.0,0.0,0.9112587571144104,0.9170643091201782,0.9065967202186584,0.8983224034309387,0.9070887565612793,0.9107239246368408,0.8981359601020813,0.8909558653831482,0.8936231136322021,0.904985785484314,0.9130088090896606,0.9088096022605896,0.8816094994544983,0.8753436207771301,4.0
2048,0.0,1.0,1.0,0.0,0.0,0.0,0.0,0.0,0.0,1.0,1.0,1.0,1.0,0.0,0.912666916847229,0.9198936820030212,0.9087639451026917,0.8986544609069824,0.9079283475875854,0.9130262732505798,0.9006760716438293,0.8925141096115112,0.8942050933837891,0.9054251313209534,0.9141678214073181,0.9100198149681091,0.8816991448402405,0.8774775266647339,0.0
2049,0.0,0.0,0.0,0.0,0.0,1.0,1.0,1.0,0.0,1.0,1.0,1.0,1.0,0.0,0.9119077920913696,0.9202926158905029,0.9088715314865112,0.8989836573600769,0.9101114273071289,0.9149890542030334,0.9015343189239502,0.891334056854248,0.8936553597450256,0.9053031802177429,0.9144043922424316,0.9097180962562561,0.8805074095726013,0.8737813234329224,4.0
2050,0.0,0.0,0.0,0.0,0.0,0.0,1.0,1.0,0.0,0.0,0.0,1.0,1.0,0.0,0.9117469191551208,0.9180827140808105,0.9077063202857971,0.898772120475769,0.9072286486625671,0.9114655256271362,0.8983498811721802,0.8900715112686157,0.8923057317733765,0.9044303894042969,0.913277804851532,0.9097557067871094,0.8815993070602417,0.8755913376808167,3.0
2051,0.0,0.0,0.0,0.0,0.0,0.0,1.0,1.0,0.0,0.0,0.0,1.0,1.0,0.0,0.9056933522224426,0.9140307903289795,0.9014137983322144,0.895740807056427,0.9074125289916992,0.9119541049003601,0.8931062817573547,0.8834103941917419,0.8864026665687561,0.8983994126319885,0.9098725318908691,0.9094768762588501,0.8778116106987,0.8564766645431519,3.0
2052,0.0,0.0,1.0,1.0,0.0,0.0,0.0,0.0,0.0,0.0,0.0,0.0,0.0,0.0,0.910964846611023,0.9176481366157532,0.9063556790351868,0.8972679972648621,0.9083554148674011,0.9114149212837219,0.8993272185325623,0.8915899395942688,0.8953131437301636,0.9066893458366394,0.9137412309646606,0.9080876708030701,0.8807629942893982,0.8755507469177246,3.0
2053,1.0,1.0,0.0,0.0,0.0,0.0,0.0,0.0,0.0,0.0,0.0,0.0,0.0,0.0,0.9073085188865662,0.9173571467399597,0.9079758524894714,0.9021578431129456,0.9127188324928284,0.9177845120429993,0.9039353728294373,0.8924847841262817,0.8933310508728027,0.9069070219993591,0.9179965853691101,0.9121607542037964,0.8806737065315247,0.8742555379867554,3.0
2054,1.0,1.0,0.0,0.0,0.0,0.0,0.0,0.0,0.0,1.0,1.0,1.0,1.0,0.0,0.9113128185272217,0.918440580368042,0.905422568321228,0.8961791396141052,0.9108328223228455,0.9153405427932739,0.9016726613044739,0.8913965225219727,0.89362633228302,0.9043776392936707,0.9127525687217712,0.9068311452865601,0.8786633014678955,0.8736354112625122,3.0
2055,0.0,0.0,0.0,0.0,0.0,0.0,0.0,0.0,0.0,0.0,0.0,1.0,1.0,0.0,0.9105777144432068,0.9187219142913818,0.9056097865104675,0.8962950110435486,0.9104838371276855,0.91595858335495,0.9016486406326294,0.8911023736000061,0.8928989768028259,0.9028031826019287,0.9130842089653015,0.9091091156005859,0.8799999356269836,0.870063066482544,1.0
2056,1.0,0.0,1.0,1.0,0.0,0.0,0.0,0.0,0.0,0.0,0.0,0.0,0.0,0.0,0.9114299416542053,0.91800856590271,0.905200183391571,0.8964123725891113,0.9083343148231506,0.9140853881835938,0.9014258980751038,0.8915031552314758,0.893200159072876,0.9041985273361206,0.9126256108283997,0.9086822867393494,0.8807516098022461,0.8724176287651062,4.0
2057,1.0,0.0,0.0,0.0,0.0,1.0,1.0,0.0,0.0,0.0,0.0,0.0,0.0,0.0,0.9110761880874634,0.9182025194168091,0.9037279486656189,0.8929750919342041,0.9085866212844849,0.9133193492889404,0.9001546502113342,0.8908981680870056,0.8927333950996399,0.9017177224159241,0.9090096354484558,0.903314471244812,0.8759535551071167,0.8713228702545166,1.0
2058,0.0,0.0,0.0,1.0,1.0,0.0,0.0,0.0,0.0,0.0,0.0,1.0,1.0,0.0,0.9031552672386169,0.9157829284667969,0.9109882116317749,0.9081128239631653,0.9104596376419067,0.9107735753059387,0.894362211227417,0.885627031326294,0.8886669278144836,0.9028656482696533,0.9151471853256226,0.9136062264442444,0.8790752291679382,0.8643589615821838,0.0
2059,0.0,1.0,1.0,0.0,0.0,0.0,0.0,0.0,0.0,1.0,1.0,0.0,0.0,0.0,0.9103358387947083,0.9197660684585571,0.9069276452064514,0.8957715034484863,0.9090068340301514,0.9136903882026672,0.8998326659202576,0.8907992839813232,0.8918077945709229,0.9018079042434692,0.9114450216293335,0.9063875675201416,0.8771098852157593,0.8690013289451599,1.0
2060,0.0,0.0,0.0,0.0,0.0,0.0,0.0,1.0,1.0,0.0,0.0,1.0,1.0,0.0,0.9119895100593567,0.9198460578918457,0.9084510803222656,0.8986536860466003,0.9096805453300476,0.9133422374725342,0.9008973240852356,0.8918731808662415,0.8941538333892822,0.9063271880149841,0.9138347506523132,0.9080833792686462,0.8801901936531067,0.876684308052063,3.0
2061,1.0,1.0,0.0,0.0,0.0,1.0,1.0,1.0,0.0,0.0,0.0,1.0,1.0,0.0,0.9112000465393066,0.9166409969329834,0.9045994877815247,0.8956899046897888,0.9075748324394226,0.91248619556427,0.9000677466392517,0.8914965391159058,0.8945926427841187,0.9049478769302368,0.9122545123100281,0.9073534607887268,0.8804488778114319,0.8747245073318481,4.0
2062,0.0,0.0,0.0,1.0,1.0,0.0,0.0,0.0,0.0,0.0,0.0,1.0,1.0,0.0,0.9077396392822266,0.9142493605613708,0.9075755476951599,0.9040312170982361,0.908458411693573,0.9073812365531921,0.8935667276382446,0.8885158896446228,0.8912404179573059,0.904728889465332,0.9147328734397888,0.9126378297805786,0.8828210234642029,0.873878538608551,4.0
2063,0.0,1.0,1.0,1.0,0.0,0.0,0.0,0.0,0.0,0.0,0.0,1.0,1.0,0.0,0.9100017547607422,0.9199734926223755,0.9070876836776733,0.8939868211746216,0.9053670763969421,0.91118323802948,0.9000585675239563,0.8923855423927307,0.8919941186904907,0.9008519053459167,0.9102166891098022,0.9055179953575134,0.8766000866889954,0.8712468147277832,0.0
2064,0.0,0.0,0.0,0.0,0.0,0.0,1.0,1.0,1.0,0.0,0.0,0.0,0.0,0.0,0.909641444683075,0.919710636138916,0.9051008820533752,0.8933374881744385,0.9085486531257629,0.9136087894439697,0.8990121483802795,0.8892393112182617,0.8907992839813232,0.9025887250900269,0.9115954637527466,0.9062178134918213,0.8767479062080383,0.8692790269851685,2.0
2065,1.0,1.0,0.0,0.0,0.0,0.0,0.0,0.0,0.0,0.0,0.0,0.0,0.0,0.0,0.9122734665870667,0.9194377660751343,0.9067602753639221,0.8984465599060059,0.9103565812110901,0.9137091040611267,0.900293231010437,0.8909081220626831,0.8921573758125305,0.9046704173088074,0.9129360914230347,0.9077126383781433,0.8793377876281738,0.8750696182250977,4.0
2066,0.0,0.0,1.0,1.0,0.0,0.0,0.0,0.0,0.0,0.0,0.0,1.0,1.0,0.0,0.910956621170044,0.9180312752723694,0.9074132442474365,0.8992297649383545,0.9092994928359985,0.9119541049003601,0.8997318148612976,0.8921573758125305,0.8961049914360046,0.9073755741119385,0.9145582318305969,0.9086788892745972,0.8813403248786926,0.8760339021682739,3.0
2067,1.0,0.0,0.0,0.0,0.0,0.0,0.0,0.0,0.0,0.0,0.0,0.0,0.0,0.0,0.9119507074356079,0.9201552271842957,0.9090867638587952,0.9001272320747375,0.9086753129959106,0.9138734340667725,0.9010606408119202,0.8919631242752075,0.8932389616966248,0.9064508676528931,0.9157848954200745,0.9105473756790161,0.8815131783485413,0.8757095336914062,1.0
2068,0.0,0.0,0.0,0.0,1.0,1.0,1.0,1.0,0.0,0.0,0.0,0.0,0.0,0.0,0.9116343855857849,0.9184483885765076,0.9054360389709473,0.8981732726097107,0.911745548248291,0.9165453314781189,0.9028062224388123,0.8919679522514343,0.8939739465713501,0.9066347479820251,0.9144468903541565,0.9080912470817566,0.8794782757759094,0.8740540742874146,4.0
2069,1.0,0.0,0.0,0.0,0.0,1.0,1.0,1.0,0.0,0.0,0.0,1.0,1.0,0.0,0.9116882681846619,0.9198921918869019,0.9082053899765015,0.8991124629974365,0.910409152507782,0.9154351353645325,0.9005091190338135,0.8902074098587036,0.8927237391471863,0.9054802656173706,0.9151946306228638,0.9105749726295471,0.8809446692466736,0.8725948929786682,4.0
2070,0.0,0.0,1.0,1.0,1.0,0.0,0.0,0.0,0.0,0.0,0.0,0.0,0.0,1.0,0.9077226519584656,0.9148941040039062,0.8975049257278442,0.8866567611694336,0.9076018333435059,0.9124578237533569,0.8982321619987488,0.88787442445755,0.8888663649559021,0.8980956673622131,0.9047581553459167,0.8972164988517761,0.8687102198600769,0.8639888167381287,1.0
2071,1.0,0.0,0.0,0.0,0.0,0.0,0.0,0.0,0.0,0.0,0.0,0.0,0.0,0.0,0.9108145236968994,0.9152505397796631,0.905282735824585,0.8987096548080444,0.904334306716919,0.908297598361969,0.8943846225738525,0.8879520297050476,0.8901195526123047,0.9036803245544434,0.9135298132896423,0.9097849130630493,0.8808146119117737,0.8719753623008728,2.0
2072,1.0,0.0,0.0,0.0,0.0,0.0,0.0,0.0,0.0,0.0,0.0,0.0,0.0,0.0,0.9124781489372253,0.9201762080192566,0.9084781408309937,0.8992220759391785,0.9091021418571472,0.9132400751113892,0.9006609320640564,0.8920447826385498,0.8937520384788513,0.9055818319320679,0.9142210483551025,0.909058690071106,0.8805927038192749,0.8756245970726013,2.0
2073,0.0,0.0,0.0,0.0,0.0,0.0,0.0,0.0,0.0,1.0,1.0,1.0,1.0,0.0,0.9106156826019287,0.9174116849899292,0.9024112224578857,0.8933923840522766,0.9113258719444275,0.9158031940460205,0.9020732045173645,0.8918535709381104,0.8917357325553894,0.9025976657867432,0.9098001718521118,0.902163028717041,0.8747743964195251,0.8716722130775452,0.0
2074,0.0,0.0,0.0,0.0,1.0,1.0,1.0,1.0,0.0,0.0,0.0,0.0,0.0,0.0,0.9108499884605408,0.9185245037078857,0.9050193428993225,0.8972750902175903,0.9120140075683594,0.9181342720985413,0.9048399329185486,0.8931402564048767,0.8942821621894836,0.9075349569320679,0.9153943657875061,0.9087104797363281,0.8797898292541504,0.8736167550086975,4.0
2075,0.0,1.0,1.0,0.0,0.0,0.0,0.0,0.0,0.0,0.0,0.0,1.0,1.0,0.0,0.9119486212730408,0.9201796650886536,0.9087885618209839,0.9002590179443359,0.9103579521179199,0.9156540632247925,0.9023245573043823,0.8927010297775269,0.8936489224433899,0.9073071479797363,0.9158161878585815,0.9104907512664795,0.8816338181495667,0.8765594959259033,2.0
2076,0.0,1.0,1.0,0.0,0.0,0.0,0.0,0.0,0.0,0.0,0.0,0.0,0.0,0.0,0.9103337526321411,0.9178241491317749,0.9076703786849976,0.8978244066238403,0.9065285325050354,0.911669135093689,0.8983715176582336,0.8891558051109314,0.8905037045478821,0.9033877849578857,0.9134950637817383,0.9115284085273743,0.8823356628417969,0.8729938864707947,4.0
2077,0.0,0.0,0.0,0.0,1.0,1.0,1.0,1.0,1.0,0.0,0.0,1.0,1.0,0.0,0.9112333059310913,0.9187394976615906,0.907507598400116,0.8990359902381897,0.9084386825561523,0.9133502840995789,0.9006699919700623,0.8912602066993713,0.8928064703941345,0.9050061702728271,0.9141332507133484,0.9097445607185364,0.8812940716743469,0.8745013475418091,3.0
2078,0.0,1.0,1.0,1.0,0.0,0.0,0.0,0.0,1.0,1.0,0.0,1.0,1.0,0.0,0.9118791818618774,0.9201489686965942,0.9099385738372803,0.9004290103912354,0.9094894528388977,0.9144799709320068,0.9014319181442261,0.8920186161994934,0.8932260274887085,0.9060822129249573,0.915509819984436,0.9114655256271362,0.8823220133781433,0.8763906359672546,3.0
2079,1.0,1.0,1.0,1.0,0.0,0.0,0.0,0.0,0.0,0.0,0.0,1.0,1.0,0.0,0.9123018980026245,0.9197903871536255,0.9070668816566467,0.8981624245643616,0.9119405150413513,0.9169710278511047,0.903328537940979,0.8932453989982605,0.8943686485290527,0.9051139950752258,0.9139174818992615,0.908758282661438,0.8804322481155396,0.8759381175041199,1.0
2080,0.0,0.0,0.0,0.0,1.0,1.0,1.0,1.0,0.0,0.0,0.0,1.0,1.0,0.0,0.905222475528717,0.9121438264846802,0.9016531109809875,0.8962250351905823,0.9058482050895691,0.9105901718139648,0.8954401612281799,0.8856751322746277,0.8876209259033203,0.8971202373504639,0.9085317254066467,0.9079383015632629,0.8785678744316101,0.8623186349868774,1.0
2081,0.0,0.0,0.0,0.0,0.0,0.0,1.0,1.0,0.0,0.0,0.0,1.0,1.0,0.0,0.9105780124664307,0.9157224893569946,0.9032300114631653,0.8938421010971069,0.9071087837219238,0.9121390581130981,0.8998265862464905,0.8915834426879883,0.8942532539367676,0.9037954211235046,0.9106729030609131,0.9058091640472412,0.8798702955245972,0.8734069466590881,4.0
2082,1.0,1.0,0.0,0.0,1.0,1.0,0.0,0.0,0.0,0.0,0.0,1.0,1.0,0.0,0.9105631709098816,0.9186650514602661,0.9076864123344421,0.8990664482116699,0.9076273441314697,0.9125377535820007,0.9009003043174744,0.8917750716209412,0.8929442763328552,0.9046762585639954,0.9137786626815796,0.91032475233078,0.8821447491645813,0.8754730820655823,2.0
2083,1.0,0.0,0.0,0.0,0.0,0.0,0.0,0.0,0.0,0.0,0.0,1.0,1.0,0.0,0.9121088981628418,0.9155014753341675,0.9042558670043945,0.8976541757583618,0.9024254083633423,0.9056716561317444,0.8917194604873657,0.8859665989875793,0.8892276287078857,0.9029785990715027,0.9118627905845642,0.9078651666641235,0.8801233768463135,0.8746984004974365,3.0
2084,0.0,0.0,0.0,1.0,1.0,0.0,0.0,0.0,0.0,0.0,0.0,1.0,1.0,0.0,0.910409152507782,0.9191150665283203,0.9067384004592896,0.8993557095527649,0.9123358726501465,0.9176372289657593,0.9038661122322083,0.8929637670516968,0.8940863609313965,0.9057006239891052,0.914680004119873,0.9078531861305237,0.8786116242408752,0.873979389667511,0.0
2085,0.0,1.0,1.0,0.0,0.0,0.0,0.0,0.0,0.0,0.0,0.0,1.0,1.0,0.0,0.9084351062774658,0.9185306429862976,0.9054726362228394,0.895211398601532,0.9100655913352966,0.914155900478363,0.8994469046592712,0.8898805975914001,0.8926230669021606,0.90460604429245,0.9130223393440247,0.9069206714630127,0.8775097727775574,0.8676794767379761,4.0
2086,0.0,1.0,1.0,0.0,0.0,0.0,0.0,0.0,0.0,0.0,0.0,0.0,0.0,0.0,0.9120194315910339,0.9197185039520264,0.9075353741645813,0.8984566926956177,0.9100573062896729,0.9156291484832764,0.9029755592346191,0.8926018476486206,0.8944263458251953,0.9059926867485046,0.9149890542030334,0.9097124934196472,0.881410539150238,0.8758681416511536,0.0
2087,0.0,0.0,0.0,0.0,1.0,1.0,0.0,0.0,0.0,0.0,0.0,0.0,0.0,0.0,0.9101752042770386,0.919894814491272,0.9095439314842224,0.9014197587966919,0.9104215502738953,0.9153050780296326,0.9015207290649414,0.8911401629447937,0.8926262855529785,0.9067782163619995,0.9174281358718872,0.9122177958488464,0.8814513683319092,0.8752104043960571,3.0
2088,1.0,0.0,0.0,0.0,0.0,0.0,0.0,0.0,0.0,0.0,0.0,0.0,0.0,0.0,0.9099941253662109,0.9193289279937744,0.907068133354187,0.8977211713790894,0.9112107753753662,0.9154009819030762,0.8994684219360352,0.8891574144363403,0.8921312093734741,0.9041016101837158,0.9140640497207642,0.9098752737045288,0.8798964619636536,0.8682079911231995,4.0
2089,1.0,1.0,0.0,0.0,0.0,0.0,0.0,0.0,0.0,0.0,0.0,1.0,1.0,0.0,0.9115311503410339,0.9179084300994873,0.9025827646255493,0.8952828645706177,0.9125255346298218,0.9170690774917603,0.901187539100647,0.8903713822364807,0.8933197259902954,0.90473473072052,0.9145184755325317,0.909493625164032,0.8796749711036682,0.8694292306900024,3.0
2090,0.0,0.0,0.0,0.0,0.0,0.0,1.0,1.0,0.0,0.0,0.0,0.0,0.0,0.0,0.9112409353256226,0.9188230037689209,0.9072967171669006,0.8992327451705933,0.9110968112945557,0.9168703556060791,0.9043776392936707,0.8936940431594849,0.894237220287323,0.906855583190918,0.9157534837722778,0.9099323153495789,0.8807902932167053,0.8754250407218933,1.0
2091,1.0,1.0,0.0,0.0,0.0,0.0,0.0,0.0,0.0,0.0,0.0,1.0,1.0,0.0,0.9087976813316345,0.9174405932426453,0.9071651697158813,0.9000219702720642,0.9074466824531555,0.912706732749939,0.8991137146949768,0.8892726898193359,0.8913357853889465,0.9047259092330933,0.9141200184822083,0.9097459316253662,0.8787622451782227,0.8686689734458923,4.0
2092,1.0,1.0,0.0,0.0,1.0,1.0,0.0,0.0,0.0,0.0,0.0,1.0,1.0,0.0,0.9121919870376587,0.9210008978843689,0.9079033136367798,0.8993563652038574,0.9125837087631226,0.9168314337730408,0.9020657539367676,0.8915047645568848,0.8934876322746277,0.9059147238731384,0.9150682091712952,0.9096093773841858,0.8806331157684326,0.8741697669029236,2.0
2093,1.0,1.0,0.0,0.0,0.0,0.0,0.0,0.0,0.0,0.0,0.0,0.0,0.0,0.0,0.9123324751853943,0.9187277555465698,0.9080048203468323,0.8985548615455627,0.9073513150215149,0.9114600419998169,0.8995757102966309,0.8920170068740845,0.8943493366241455,0.9064566493034363,0.9140187501907349,0.9094217419624329,0.8816614747047424,0.8762767910957336,2.0
2094,0.0,0.0,1.0,1.0,0.0,0.0,0.0,0.0,0.0,0.0,0.0,1.0,1.0,0.0,0.9100419878959656,0.9207925796508789,0.911166787147522,0.9025560021400452,0.9095410704612732,0.9146641492843628,0.9016545414924622,0.8915178775787354,0.8922421336174011,0.9061139225959778,0.9175333976745605,0.9133139848709106,0.8822581768035889,0.8735343217849731,3.0
2095,0.0,0.0,0.0,1.0,1.0,0.0,0.0,0.0,0.0,0.0,0.0,1.0,1.0,0.0,0.9079120755195618,0.9149548411369324,0.9071123003959656,0.9011003375053406,0.9045226573944092,0.9071144461631775,0.8933067917823792,0.8865886330604553,0.8889132738113403,0.9023321270942688,0.912582278251648,0.9095620512962341,0.8802565336227417,0.8702048063278198,3.0
2096,0.0,0.0,0.0,0.0,0.0,0.0,0.0,0.0,0.0,0.0,0.0,1.0,1.0,0.0,0.9101061820983887,0.9156847596168518,0.9026862978935242,0.8945878744125366,0.9075534343719482,0.9128255248069763,0.8989644050598145,0.8897675275802612,0.8920692801475525,0.9024783968925476,0.9113491177558899,0.9075733423233032,0.8795315623283386,0.870273768901825,3.0
2097,1.0,1.0,1.0,0.0,0.0,0.0,0.0,0.0,0.0,0.0,0.0,1.0,1.0,0.0,0.9105003476142883,0.9188757538795471,0.9071508646011353,0.8996936082839966,0.9114696383476257,0.9160134196281433,0.9024887681007385,0.8919042944908142,0.8938196301460266,0.9072415232658386,0.9156094789505005,0.9095230102539062,0.88011634349823,0.8752844333648682,3.0
2098,0.0,0.0,0.0,0.0,1.0,1.0,1.0,1.0,0.0,0.0,0.0,1.0,1.0,0.0,0.9113258719444275,0.9194777607917786,0.9065659642219543,0.8963746428489685,0.9083343148231506,0.9139214158058167,0.9010395407676697,0.891848623752594,0.8941442370414734,0.904568076133728,0.9132723808288574,0.9091553092002869,0.8812856078147888,0.8743822574615479,2.0
2099,0.0,1.0,1.0,0.0,0.0,0.0,0.0,0.0,0.0,0.0,0.0,0.0,0.0,0.0,0.9102984666824341,0.9172296524047852,0.9068716168403625,0.8981197476387024,0.9073455929756165,0.9113970994949341,0.8988751173019409,0.8911073207855225,0.8936198353767395,0.9058741927146912,0.9139120578765869,0.9094029068946838,0.8810477256774902,0.8742555379867554,2.0
2100,1.0,1.0,0.0,0.0,0.0,0.0,0.0,0.0,0.0,0.0,0.0,0.0,0.0,0.0,0.911449134349823,0.9199714660644531,0.9076591730117798,0.8966546058654785,0.9075235724449158,0.9126445651054382,0.8997868299484253,0.8911911845207214,0.8935554027557373,0.9046733379364014,0.9131299257278442,0.9086471796035767,0.8804595470428467,0.8738710284233093,2.0
2101,0.0,0.0,1.0,1.0,0.0,0.0,0.0,0.0,0.0,0.0,0.0,0.0,0.0,0.0,0.9116158485412598,0.9201526045799255,0.9095085859298706,0.8990114331245422,0.908566951751709,0.9134575128555298,0.9002658724784851,0.8912158012390137,0.8929151296615601,0.9048281908035278,0.9149917960166931,0.9105321764945984,0.8813605308532715,0.8750213980674744,4.0
2102,0.0,0.0,0.0,0.0,1.0,1.0,0.0,0.0,0.0,0.0,0.0,1.0,1.0,0.0,0.9126756191253662,0.9206975698471069,0.9074428081512451,0.8981934189796448,0.9116349816322327,0.916659414768219,0.9032130241394043,0.8929734826087952,0.8945286870002747,0.9061456322669983,0.9149231314659119,0.9091623425483704,0.8809717893600464,0.8765118718147278,2.0
2103,0.0,0.0,0.0,1.0,1.0,0.0,0.0,0.0,0.0,0.0,0.0,1.0,1.0,0.0,0.9113950729370117,0.9194768667221069,0.9061447381973267,0.8966137766838074,0.9108163118362427,0.9147342443466187,0.9007216691970825,0.8910282850265503,0.8913029432296753,0.9024425745010376,0.911761999130249,0.9055789709091187,0.8763210773468018,0.8697214722633362,1.0
2104,0.0,0.0,1.0,1.0,0.0,0.0,0.0,0.0,0.0,0.0,0.0,1.0,1.0,0.0,0.912175714969635,0.9194621443748474,0.9085937142372131,0.8995143175125122,0.9087343811988831,0.912987232208252,0.9004635810852051,0.8920855522155762,0.8930577039718628,0.9054948091506958,0.9143592715263367,0.9099552631378174,0.881303608417511,0.8764274716377258,0.0
2105,1.0,0.0,0.0,0.0,0.0,0.0,0.0,0.0,0.0,0.0,0.0,1.0,1.0,0.0,0.905712902545929,0.9143499732017517,0.9065098166465759,0.9012808203697205,0.9059710502624512,0.9095146059989929,0.89478600025177,0.8859871625900269,0.8887038230895996,0.9021047353744507,0.9129980802536011,0.9089450836181641,0.8769616484642029,0.8646449446678162,1.0
2106,0.0,1.0,1.0,1.0,0.0,0.0,0.0,0.0,0.0,0.0,0.0,1.0,1.0,0.0,0.9083307385444641,0.9154045581817627,0.8996667861938477,0.8889215588569641,0.9081845283508301,0.9134541749954224,0.9006549119949341,0.8904573917388916,0.8906985521316528,0.9006245732307434,0.9066118001937866,0.8986769318580627,0.8721179962158203,0.8684638738632202,0.0
2107,1.0,1.0,1.0,1.0,0.0,0.0,0.0,0.0,0.0,0.0,0.0,1.0,1.0,0.0,0.909357488155365,0.9189860224723816,0.9100232720375061,0.901119589805603,0.9089325070381165,0.913194477558136,0.8972828984260559,0.8885746002197266,0.8913555145263672,0.9052943587303162,0.916267454624176,0.9123575687408447,0.880820631980896,0.8703426718711853,3.0
2108,1.0,0.0,0.0,0.0,0.0,0.0,0.0,0.0,0.0,0.0,0.0,0.0,0.0,0.0,0.9113861918449402,0.9178638458251953,0.9046279788017273,0.8949589729309082,0.9081929922103882,0.9135218262672424,0.9013354182243347,0.8921916484832764,0.8943846225738525,0.9040281176567078,0.9124361872673035,0.9074950814247131,0.880225658416748,0.8741175532341003,0.0
2109,0.0,0.0,1.0,1.0,0.0,0.0,0.0,0.0,0.0,0.0,0.0,1.0,1.0,1.0,0.9096352458000183,0.9191058278083801,0.9074915051460266,0.8980794548988342,0.9100780487060547,0.9146270155906677,0.9000250697135925,0.8906920552253723,0.8933714628219604,0.9052943587303162,0.9149627089500427,0.9107363820075989,0.8812368512153625,0.8718769550323486,3.0
2110,0.0,0.0,0.0,0.0,1.0,1.0,0.0,0.0,0.0,0.0,0.0,0.0,0.0,0.0,0.9119213819503784,0.9200731515884399,0.9064494967460632,0.8984149098396301,0.9132897853851318,0.917900800704956,0.9041956067085266,0.8932616114616394,0.8947269320487976,0.9064249992370605,0.9150497913360596,0.9078701734542847,0.879594624042511,0.874378502368927,0.0
2111,1.0,0.0,0.0,0.0,0.0,0.0,0.0,0.0,0.0,0.0,0.0,1.0,1.0,0.0,0.9121159315109253,0.9194033145904541,0.9078351259231567,0.8970059752464294,0.9064839482307434,0.91118323802948,0.8992627263069153,0.8912864327430725,0.8930123448371887,0.9024186730384827,0.9109621047973633,0.9074075222015381,0.8807446360588074,0.8769296407699585,1.0
2112,1.0,1.0,1.0,1.0,0.0,0.0,0.0,0.0,0.0,0.0,0.0,1.0,1.0,0.0,0.9005061388015747,0.9146019220352173,0.911272406578064,0.9110727906227112,0.910722553730011,0.9075391888618469,0.8907448053359985,0.8836667537689209,0.8860744833946228,0.9013022184371948,0.9141439199447632,0.9157822728157043,0.8812097907066345,0.8629655241966248,3.0
2113,0.0,0.0,1.0,1.0,1.0,0.0,0.0,0.0,0.0,0.0,0.0,0.0,0.0,0.0,0.9103621244430542,0.9184624552726746,0.9072543382644653,0.8997811079025269,0.9102957248687744,0.9149006605148315,0.9016757011413574,0.8915359377861023,0.8925970196723938,0.9052594900131226,0.914529025554657,0.9094461798667908,0.8798691034317017,0.8729977011680603,0.0
2114,1.0,1.0,0.0,0.0,0.0,0.0,0.0,0.0,0.0,0.0,0.0,1.0,1.0,0.0,0.9109765291213989,0.9189010262489319,0.9081470370292664,0.899506688117981,0.9095271229743958,0.9145780801773071,0.9007973670959473,0.8909392952919006,0.8927675485610962,0.9054948091506958,0.915162980556488,0.9105541706085205,0.8802739977836609,0.8721909523010254,3.0
2115,1.0,1.0,0.0,0.0,0.0,0.0,0.0,0.0,0.0,0.0,0.0,0.0,0.0,0.0,0.9106120467185974,0.918282687664032,0.9040281176567078,0.8984551429748535,0.9148373007774353,0.9178483486175537,0.9031033515930176,0.891545832157135,0.8914899826049805,0.9034736156463623,0.9129899144172668,0.9068326354026794,0.8774579167366028,0.8721266984939575,1.0
2116,1.0,1.0,0.0,0.0,0.0,1.0,1.0,1.0,0.0,0.0,0.0,1.0,1.0,0.0,0.9103814363479614,0.9169270396232605,0.9022588133811951,0.8911336064338684,0.9073727130889893,0.9121227860450745,0.8987255096435547,0.8892676830291748,0.8905482888221741,0.9008913040161133,0.9086893796920776,0.902380645275116,0.875175952911377,0.8726174831390381,2.0
2117,1.0,1.0,0.0,0.0,0.0,0.0,0.0,0.0,0.0,0.0,0.0,1.0,1.0,0.0,0.9121668934822083,0.9188122749328613,0.9086981415748596,0.8993179798126221,0.9074140191078186,0.91143399477005,0.8996002078056335,0.8919026255607605,0.8937036395072937,0.9057527184486389,0.914066731929779,0.9099975824356079,0.881733775138855,0.8774265050888062,2.0
2118,0.0,0.0,0.0,0.0,0.0,0.0,0.0,0.0,0.0,0.0,0.0,1.0,1.0,0.0,0.9121893048286438,0.9203474521636963,0.9088631868362427,0.8985324501991272,0.909128725528717,0.9141293168067932,0.9009184837341309,0.8916195034980774,0.8929216861724854,0.905787467956543,0.9144256711006165,0.9097821116447449,0.8812705278396606,0.8751659989356995,2.0
2119,0.0,1.0,1.0,0.0,0.0,0.0,0.0,0.0,1.0,1.0,0.0,0.0,0.0,0.0,0.9115427732467651,0.9187942743301392,0.907356321811676,0.8975130915641785,0.9082594513893127,0.9126067161560059,0.9006609320640564,0.8927789330482483,0.8949247002601624,0.904971182346344,0.9123765230178833,0.9079134464263916,0.8811984062194824,0.8784873485565186,1.0
2120,0.0,0.0,0.0,1.0,1.0,0.0,0.0,0.0,0.0,0.0,0.0,1.0,1.0,0.0,0.9109525084495544,0.919221043586731,0.9043008089065552,0.8934618830680847,0.9093372821807861,0.9144959449768066,0.8998892307281494,0.88975590467453,0.8921769261360168,0.9033433198928833,0.9118219614028931,0.9060792922973633,0.8775212168693542,0.8704038858413696,2.0
2121,1.0,1.0,0.0,0.0,0.0,0.0,1.0,1.0,0.0,0.0,0.0,1.0,1.0,0.0,0.9110370874404907,0.9188732504844666,0.9074208736419678,0.8976230621337891,0.9094253182411194,0.9130289554595947,0.9013685584068298,0.8928648233413696,0.8935231566429138,0.9048399329185486,0.9125485420227051,0.9071266055107117,0.8796558976173401,0.8764861822128296,0.0
2122,1.0,1.0,0.0,0.0,0.0,0.0,0.0,0.0,0.0,0.0,0.0,1.0,1.0,0.0,0.9106550216674805,0.9173632264137268,0.9008412957191467,0.8943782448768616,0.9136114716529846,0.9172590970993042,0.8997394442558289,0.8892242312431335,0.8915932774543762,0.9027168154716492,0.9122679829597473,0.9081788063049316,0.8779497742652893,0.8659176826477051,1.0
2123,0.0,0.0,1.0,1.0,0.0,0.0,0.0,0.0,0.0,0.0,0.0,1.0,1.0,0.0,0.9106094241142273,0.9193230867385864,0.9076250195503235,0.8963950872421265,0.9063732624053955,0.9113641977310181,0.8982569575309753,0.8907299637794495,0.8931095004081726,0.9034736156463623,0.9120860695838928,0.9081781506538391,0.880312979221344,0.8750696182250977,3.0
2124,1.0,1.0,0.0,0.0,0.0,1.0,1.0,1.0,0.0,0.0,1.0,1.0,1.0,0.0,0.9092121124267578,0.9171057939529419,0.9085085391998291,0.9014094471931458,0.9067488312721252,0.9099655747413635,0.8951286673545837,0.8872738480567932,0.8898356556892395,0.9042132496833801,0.914260983467102,0.9102568626403809,0.8790954947471619,0.8719185590744019,3.0
2125,0.0,1.0,1.0,0.0,0.0,0.0,0.0,0.0,0.0,0.0,0.0,1.0,1.0,0.0,0.9108977913856506,0.918121874332428,0.9030294418334961,0.8936151266098022,0.9109841585159302,0.9162063002586365,0.9024664759635925,0.8917914032936096,0.893099844455719,0.9033137559890747,0.9116063714027405,0.9050003886222839,0.8768354058265686,0.870766818523407,0.0
2126,0.0,0.0,1.0,1.0,0.0,0.0,0.0,0.0,0.0,0.0,0.0,1.0,1.0,0.0,0.9121716618537903,0.9191173911094666,0.9073331356048584,0.8973063230514526,0.9078049659729004,0.9129697680473328,0.9005546569824219,0.892217755317688,0.8939289450645447,0.9046557545661926,0.9131891131401062,0.9091329574584961,0.8815211057662964,0.8774957060813904,0.0
2127,0.0,0.0,1.0,1.0,0.0,0.0,0.0,0.0,0.0,0.0,0.0,0.0,0.0,0.0,0.9121159315109253,0.9183509349822998,0.9068666100502014,0.8977562189102173,0.9086907505989075,0.9129818677902222,0.9008064866065979,0.8921377658843994,0.8944327235221863,0.9052565693855286,0.9135326147079468,0.9087147116661072,0.8810496926307678,0.8769223093986511,0.0
2128,0.0,0.0,0.0,1.0,1.0,1.0,0.0,0.0,0.0,0.0,1.0,1.0,1.0,0.0,0.9109394550323486,0.9163404107093811,0.9018363952636719,0.8934569954872131,0.9098072052001953,0.9151946306228638,0.9019773602485657,0.8917881846427917,0.8936070203781128,0.9036803245544434,0.9117892384529114,0.9063026905059814,0.8780988454818726,0.8723684549331665,1.0
2129,0.0,0.0,0.0,0.0,1.0,1.0,1.0,1.0,1.0,0.0,0.0,1.0,1.0,0.0,0.9008594751358032,0.9123765230178833,0.905282735824585,0.9015724658966064,0.9057931900024414,0.9080090522766113,0.8944662809371948,0.8860127925872803,0.8872975707054138,0.90184086561203,0.9125282168388367,0.9093008637428284,0.8759151697158813,0.8608710169792175,2.0
2130,1.0,1.0,0.0,1.0,1.0,1.0,0.0,0.0,0.0,0.0,0.0,1.0,1.0,0.0,0.9093757271766663,0.9167487025260925,0.9063840508460999,0.8987632989883423,0.9070444107055664,0.9119527339935303,0.8993410468101501,0.8903614282608032,0.8922535181045532,0.9050907492637634,0.9143964648246765,0.9089325070381165,0.8795807361602783,0.8729037046432495,1.0
2131,1.0,1.0,1.0,1.0,0.0,0.0,0.0,0.0,0.0,0.0,0.0,0.0,0.0,0.0,0.9113601446151733,0.9177236557006836,0.9064843654632568,0.8977164626121521,0.9091805219650269,0.9146230220794678,0.9018619060516357,0.8925157189369202,0.8940639495849609,0.904880702495575,0.9135110974311829,0.9092771410942078,0.8811200857162476,0.876599907875061,1.0
2132,0.0,0.0,1.0,1.0,0.0,0.0,1.0,1.0,0.0,0.0,0.0,1.0,1.0,0.0,0.9087147116661072,0.918999195098877,0.9100260138511658,0.9011417031288147,0.9077666401863098,0.9129050970077515,0.8987269997596741,0.889787495136261,0.890541672706604,0.9046264886856079,0.9163584113121033,0.9143499732017517,0.8831166625022888,0.8712353706359863,3.0
2133,0.0,0.0,0.0,0.0,1.0,1.0,0.0,1.0,1.0,0.0,0.0,1.0,1.0,0.0,0.9120928049087524,0.9212667346000671,0.9103429317474365,0.9008791446685791,0.9110665321350098,0.9151788353919983,0.9017057418823242,0.8919156789779663,0.8943398594856262,0.907580554485321,0.9165557622909546,0.910715639591217,0.8811250925064087,0.8763576149940491,3.0
2134,0.0,0.0,1.0,1.0,0.0,0.0,0.0,0.0,0.0,0.0,0.0,1.0,1.0,0.0,0.9103385806083679,0.920468807220459,0.910361111164093,0.9020373225212097,0.9093344211578369,0.9147844314575195,0.9011180400848389,0.8912749886512756,0.8920627236366272,0.9057440161705017,0.9168715476989746,0.9136087894439697,0.8828144669532776,0.8716039061546326,2.0
2135,1.0,1.0,0.0,0.0,0.0,0.0,0.0,0.0,0.0,0.0,0.0,1.0,1.0,0.0,0.9077523946762085,0.9181036949157715,0.9102679491043091,0.9035972952842712,0.9073178172111511,0.9108507037162781,0.8955750465393066,0.8885242342948914,0.8903846144676208,0.9049362540245056,0.9161215424537659,0.9118995666503906,0.879866898059845,0.8715659379959106,4.0
2136,0.0,0.0,0.0,0.0,0.0,0.0,0.0,0.0,0.0,0.0,0.0,1.0,1.0,0.0,0.9111098051071167,0.9201242327690125,0.9080671668052673,0.9000540375709534,0.9116391539573669,0.9170381426811218,0.9036316871643066,0.8931823372840881,0.8944678902626038,0.9074153900146484,0.9162752628326416,0.9095620512962341,0.8809441924095154,0.8763245344161987,2.0
2137,0.0,0.0,0.0,0.0,1.0,1.0,0.0,0.0,0.0,0.0,0.0,0.0,0.0,0.0,0.9106281399726868,0.9188308715820312,0.9070512056350708,0.8992946743965149,0.9095927476882935,0.9150695204734802,0.9019263982772827,0.8914850950241089,0.8922877907752991,0.9067323207855225,0.9155780076980591,0.9105141758918762,0.8806286454200745,0.8739383220672607,2.0
2138,0.0,0.0,1.0,1.0,0.0,0.0,0.0,0.0,0.0,0.0,0.0,1.0,1.0,0.0,0.9119023680686951,0.9199851751327515,0.9092774391174316,0.8992189764976501,0.9089997410774231,0.9142888784408569,0.9014167785644531,0.8927058577537537,0.8935425877571106,0.9048632383346558,0.9145422577857971,0.9107914566993713,0.8826859593391418,0.8768088221549988,1.0
2139,0.0,0.0,0.0,0.0,0.0,0.0,0.0,0.0,0.0,1.0,1.0,1.0,1.0,0.0,0.9114558696746826,0.9181133508682251,0.905367374420166,0.8960481286048889,0.9091104865074158,0.9137880206108093,0.9009791016578674,0.891662061214447,0.8940478563308716,0.9049041271209717,0.9119826555252075,0.9060475826263428,0.8787768483161926,0.8729413151741028,4.0
2140,1.0,1.0,0.0,0.0,0.0,0.0,0.0,0.0,0.0,0.0,0.0,0.0,0.0,0.0,0.9110631942749023,0.9166810512542725,0.9044963121414185,0.8961546421051025,0.9080996513366699,0.9133918285369873,0.9000129103660583,0.8903945088386536,0.8925319314002991,0.9052914381027222,0.9139254093170166,0.9089731574058533,0.8798251748085022,0.8715811967849731,2.0
2141,0.0,0.0,0.0,0.0,0.0,1.0,1.0,1.0,0.0,0.0,1.0,1.0,1.0,0.0,0.9105832576751709,0.9204527735710144,0.9101100564002991,0.9016432762145996,0.910569429397583,0.9151656627655029,0.9007307291030884,0.8913833498954773,0.892717182636261,0.9059898257255554,0.9164830446243286,0.9135646224021912,0.8832592368125916,0.8724666237831116,2.0
2142,0.0,0.0,1.0,1.0,0.0,0.0,0.0,0.0,0.0,0.0,0.0,0.0,0.0,0.0,0.909138560295105,0.9160369038581848,0.9013017416000366,0.8911401629447937,0.9083921313285828,0.9131360054016113,0.9006093740463257,0.8908849954605103,0.8897908329963684,0.8998876810073853,0.9069585800170898,0.8996158242225647,0.8712112307548523,0.8676989674568176,1.0
2143,0.0,0.0,0.0,1.0,1.0,0.0,0.0,0.0,0.0,0.0,0.0,1.0,1.0,0.0,0.8961096405982971,0.9104395508766174,0.9092827439308167,0.9138352274894714,0.9119663834571838,0.9032455682754517,0.8840305805206299,0.8782047033309937,0.8842321038246155,0.9003875255584717,0.9142981767654419,0.9165673851966858,0.8803909420967102,0.8598117232322693,0.0
2144,0.0,1.0,1.0,1.0,0.0,0.0,0.0,0.0,1.0,1.0,1.0,1.0,1.0,0.0,0.9108802676200867,0.9152057766914368,0.904600977897644,0.8967331051826477,0.9042837619781494,0.908936619758606,0.8968680500984192,0.8897609114646912,0.8914473652839661,0.9029518961906433,0.9121431112289429,0.909634530544281,0.8829032182693481,0.8778379559516907,2.0
2145,0.0,0.0,0.0,0.0,0.0,0.0,0.0,0.0,0.0,0.0,0.0,1.0,1.0,0.0,0.9095843434333801,0.9189559817314148,0.9082149267196655,0.900850772857666,0.911812424659729,0.917503833770752,0.9045504331588745,0.8933294415473938,0.8931143879890442,0.9059262275695801,0.9162934422492981,0.910926342010498,0.880344569683075,0.8741137981414795,1.0
2146,1.0,0.0,0.0,0.0,0.0,0.0,0.0,0.0,0.0,0.0,0.0,1.0,1.0,0.0,0.909103512763977,0.9174692034721375,0.9091465473175049,0.9001790285110474,0.907533586025238,0.9118083119392395,0.8982042670249939,0.889837384223938,0.8916997909545898,0.9038072228431702,0.915097177028656,0.9133247137069702,0.8834003210067749,0.8768527507781982,4.0
2147,1.0,1.0,0.0,0.0,0.0,0.0,0.0,0.0,0.0,0.0,0.0,0.0,0.0,0.0,0.9102160930633545,0.916549563407898,0.9018484354019165,0.8921605944633484,0.909058690071106,0.9138113260269165,0.9008064866065979,0.8910627961158752,0.8914899826049805,0.9012599587440491,0.9084612727165222,0.9023200869560242,0.8744542598724365,0.8709193468093872,1.0
2148,0.0,0.0,0.0,1.0,1.0,0.0,0.0,0.0,0.0,0.0,0.0,1.0,1.0,0.0,0.8991044759750366,0.9128753542900085,0.9107749462127686,0.9122911095619202,0.9120125770568848,0.9060259461402893,0.8872008323669434,0.8809255361557007,0.8859546184539795,0.9014499187469482,0.9141439199447632,0.9161346554756165,0.8808836936950684,0.8622240424156189,3.0
2149,0.0,0.0,0.0,0.0,0.0,1.0,1.0,0.0,0.0,1.0,1.0,1.0,1.0,0.0,0.9123182892799377,0.9202041029930115,0.9081588387489319,0.8986490964889526,0.9102541208267212,0.9143605828285217,0.90184086561203,0.8922714591026306,0.8940446376800537,0.9059320092201233,0.9133422374725342,0.9074302911758423,0.880137026309967,0.875336229801178,4.0
2150,0.0,1.0,1.0,0.0,0.0,0.0,0.0,0.0,0.0,0.0,0.0,1.0,1.0,0.0,0.9126965999603271,0.9196995496749878,0.9078095555305481,0.897718071937561,0.9089759588241577,0.913260281085968,0.9011301398277283,0.8925107717514038,0.8935779929161072,0.9043980836868286,0.9124633073806763,0.9074887037277222,0.8799979090690613,0.8758311867713928,1.0
2151,1.0,0.0,1.0,1.0,0.0,0.0,0.0,0.0,0.0,0.0,0.0,1.0,1.0,0.0,0.9102957248687744,0.9188447594642639,0.9055659770965576,0.8952955603599548,0.9101710915565491,0.914680004119873,0.899382472038269,0.8894245028495789,0.8906011581420898,0.9026215076446533,0.9120044708251953,0.9062536954879761,0.8765608668327332,0.8697137832641602,3.0
2152,0.0,1.0,1.0,0.0,0.0,0.0,0.0,1.0,1.0,1.0,1.0,1.0,1.0,0.0,0.9119887948036194,0.9202185869216919,0.9069737792015076,0.896619975566864,0.9102777242660522,0.9156278371810913,0.9034469723701477,0.8936843276023865,0.894503116607666,0.9049449563026428,0.9129198789596558,0.9072678685188293,0.8798155784606934,0.8767392635345459,0.0
2153,1.0,1.0,0.0,0.0,0.0,1.0,1.0,1.0,0.0,0.0,0.0,1.0,1.0,0.0,0.9091273546218872,0.9174366593360901,0.9048128724098206,0.8982414603233337,0.9129738211631775,0.9184415340423584,0.9050208330154419,0.8927918672561646,0.8918405175209045,0.9045387506484985,0.9140000939369202,0.9067502021789551,0.8772450089454651,0.8719640374183655,1.0
2154,0.0,0.0,0.0,1.0,1.0,0.0,0.0,0.0,0.0,0.0,0.0,1.0,1.0,0.0,0.8949757814407349,0.910830020904541,0.9092254042625427,0.9135271906852722,0.9118283987045288,0.9033611416816711,0.8846133351325989,0.8780595660209656,0.8835168480873108,0.8986436724662781,0.9122463464736938,0.9147858023643494,0.8789797425270081,0.8573746085166931,1.0
2155,1.0,0.0,0.0,0.0,0.0,1.0,1.0,1.0,0.0,0.0,0.0,1.0,1.0,0.0,0.9101675152778625,0.9182387590408325,0.9088847041130066,0.9005199670791626,0.9076899290084839,0.9120275974273682,0.8974671363830566,0.8884486556053162,0.891103982925415,0.9046323895454407,0.9149231314659119,0.9115270972251892,0.8808463215827942,0.8716532588005066,4.0
2156,0.0,0.0,0.0,0.0,0.0,1.0,1.0,1.0,0.0,0.0,1.0,1.0,1.0,0.0,0.9092448949813843,0.9194367527961731,0.9115346074104309,0.9042685031890869,0.907895028591156,0.9112409353256226,0.8968539834022522,0.8887574076652527,0.8910200595855713,0.9052886366844177,0.9158058166503906,0.9116021990776062,0.8802798390388489,0.8726740479469299,3.0
2157,1.0,1.0,0.0,0.0,1.0,1.0,0.0,0.0,0.0,0.0,0.0,1.0,1.0,0.0,0.9115304946899414,0.9193853735923767,0.9071872234344482,0.8995718359947205,0.9123018980026245,0.9171141982078552,0.9027659893035889,0.8918666839599609,0.8938646912574768,0.9059783220291138,0.9156592488288879,0.9097862839698792,0.8801112771034241,0.8735867738723755,1.0
2158,0.0,1.0,1.0,0.0,0.0,0.0,0.0,0.0,0.0,0.0,0.0,1.0,1.0,0.0,0.9113176465034485,0.921329140663147,0.9102320075035095,0.9017650485038757,0.9125593900680542,0.917048454284668,0.9019129276275635,0.891865074634552,0.8942468762397766,0.9074780344963074,0.9178893566131592,0.9127081036567688,0.8820334076881409,0.8736990094184875,3.0
2159,0.0,0.0,1.0,1.0,0.0,0.0,0.0,0.0,0.0,0.0,0.0,1.0,1.0,0.0,0.9065960645675659,0.9184005260467529,0.9114628434181213,0.9068978428840637,0.9125978946685791,0.915286660194397,0.8994745016098022,0.8899038434028625,0.8918601274490356,0.9051547646522522,0.9164260029792786,0.9130223393440247,0.8799868822097778,0.8685026168823242,1.0
2160,0.0,0.0,0.0,1.0,1.0,0.0,0.0,0.0,0.0,0.0,0.0,0.0,0.0,0.0,0.9026498198509216,0.9101293683052063,0.9047931432723999,0.9049258232116699,0.9041773080825806,0.901250958442688,0.8859255313873291,0.8806175589561462,0.8841574192047119,0.8986127972602844,0.910147488117218,0.9106991291046143,0.8778361082077026,0.8609482645988464,4.0
2161,0.0,1.0,1.0,0.0,0.0,0.0,0.0,0.0,0.0,0.0,0.0,1.0,1.0,0.0,0.9124950170516968,0.9202191233634949,0.9086211919784546,0.8993605971336365,0.9097835421562195,0.9148386120796204,0.9020747542381287,0.8922927379608154,0.8939032554626465,0.9065457582473755,0.9156068563461304,0.9108700156211853,0.882424533367157,0.8758311867713928,2.0
2162,0.0,1.0,1.0,0.0,0.0,0.0,0.0,0.0,0.0,0.0,0.0,1.0,1.0,0.0,0.9104765057563782,0.9161611795425415,0.9049413204193115,0.8957642912864685,0.9057701230049133,0.9105058908462524,0.8977444767951965,0.8897109627723694,0.8919907808303833,0.9025589227676392,0.9117183089256287,0.9091665744781494,0.8816854953765869,0.8762363195419312,0.0
2163,1.0,1.0,0.0,0.0,0.0,0.0,0.0,1.0,1.0,0.0,0.0,1.0,1.0,0.0,0.9117940068244934,0.919618546962738,0.906236469745636,0.8959833979606628,0.9092323780059814,0.9138187170028687,0.9013203382492065,0.891927182674408,0.8913291692733765,0.9016335010528564,0.9110363721847534,0.9060338735580444,0.8770920038223267,0.8705300092697144,1.0
2164,0.0,0.0,0.0,1.0,1.0,0.0,0.0,0.0,0.0,0.0,0.0,1.0,1.0,0.0,0.911952018737793,0.9187455177307129,0.9079368114471436,0.8987841010093689,0.9078078269958496,0.9112093448638916,0.8992934823036194,0.8920724987983704,0.8949310779571533,0.9072985053062439,0.9136824607849121,0.9084450602531433,0.8817636370658875,0.8766878843307495,4.0
2165,0.0,1.0,1.0,0.0,0.0,0.0,0.0,0.0,0.0,0.0,0.0,1.0,1.0,0.0,0.912449061870575,0.9203298687934875,0.9085486531257629,0.8998556137084961,0.9117278456687927,0.9162804484367371,0.9029577970504761,0.8929426670074463,0.8937906622886658,0.9054948091506958,0.9141705632209778,0.9087020754814148,0.8801180720329285,0.8760229349136353,1.0
2166,1.0,0.0,0.0,0.0,0.0,0.0,0.0,0.0,0.0,0.0,0.0,0.0,0.0,0.0,0.9089773297309875,0.9177646040916443,0.9095132350921631,0.9031221866607666,0.908399224281311,0.9115024209022522,0.8973672389984131,0.8888446092605591,0.8907068967819214,0.9042983651161194,0.9152393341064453,0.9127147793769836,0.8819178938865662,0.8714558482170105,0.0
2167,1.0,1.0,0.0,0.0,0.0,0.0,0.0,0.0,0.0,0.0,0.0,0.0,0.0,0.0,0.9119581580162048,0.9172298312187195,0.9066131711006165,0.8976938724517822,0.9058583378791809,0.9106687903404236,0.8979031443595886,0.8904706239700317,0.8924441337585449,0.9052478671073914,0.9138187170028687,0.9094615578651428,0.8815144896507263,0.8751733899116516,2.0
2168,0.0,0.0,0.0,1.0,1.0,0.0,0.0,0.0,0.0,0.0,0.0,1.0,1.0,0.0,0.9097873568534851,0.9153066873550415,0.9067481160163879,0.9001088738441467,0.9058366417884827,0.9084076881408691,0.8964769244194031,0.8898356556892395,0.8923057317733765,0.9035858511924744,0.9136423468589783,0.9113080501556396,0.8831862211227417,0.877754271030426,1.0
2169,0.0,1.0,1.0,0.0,0.0,0.0,0.0,0.0,0.0,0.0,0.0,1.0,1.0,0.0,0.9087569117546082,0.9166846871376038,0.9016538858413696,0.8912421464920044,0.9094838500022888,0.9146190881729126,0.9006350636482239,0.8903283476829529,0.8909443616867065,0.9013746380805969,0.9091160893440247,0.9018948674201965,0.8739659190177917,0.8670904636383057,4.0
2170,0.0,0.0,0.0,1.0,1.0,0.0,0.0,0.0,0.0,0.0,0.0,1.0,1.0,0.0,0.8991444706916809,0.9106301069259644,0.9074110984802246,0.9113019108772278,0.9101279377937317,0.9026915431022644,0.8854466080665588,0.8802963495254517,0.8834749460220337,0.8990475535392761,0.91143399477005,0.9147738814353943,0.8807128667831421,0.8597750067710876,3.0
2171,1.0,1.0,0.0,0.0,0.0,0.0,0.0,0.0,0.0,0.0,0.0,0.0,0.0,0.0,0.9111887812614441,0.9180650115013123,0.9068311452865601,0.8983979225158691,0.9074751734733582,0.9119418263435364,0.8982011675834656,0.8895028829574585,0.8915408849716187,0.9046587347984314,0.9134923815727234,0.909471333026886,0.8798901438713074,0.8726664781570435,3.0
2172,0.0,0.0,1.0,1.0,0.0,0.0,0.0,0.0,0.0,0.0,0.0,1.0,1.0,0.0,0.9085344672203064,0.9198600649833679,0.9113242030143738,0.9031298756599426,0.9103565812110901,0.9155557155609131,0.9022348523139954,0.8919843435287476,0.892232358455658,0.9053176045417786,0.9173587560653687,0.9143313765525818,0.8824869990348816,0.8702852129936218,1.0
2173,0.0,1.0,1.0,1.0,1.0,1.0,0.0,0.0,0.0,0.0,0.0,1.0,1.0,0.0,0.8962359428405762,0.9100239276885986,0.9085063338279724,0.9134484529495239,0.9113001227378845,0.9021735191345215,0.8837661147117615,0.8784384727478027,0.8839505910873413,0.9003328084945679,0.9136529564857483,0.9158867597579956,0.8807973861694336,0.8600813150405884,2.0
2174,0.0,1.0,1.0,0.0,0.0,0.0,1.0,1.0,0.0,0.0,0.0,1.0,1.0,0.0,0.91118323802948,0.9207563996315002,0.9096965193748474,0.9011040925979614,0.910515546798706,0.9161905646324158,0.9033374190330505,0.892457127571106,0.8935069441795349,0.907389760017395,0.9171554446220398,0.9119636416435242,0.8819293975830078,0.8734593987464905,0.0
2175,1.0,1.0,0.0,0.0,0.0,0.0,0.0,0.0,0.0,0.0,0.0,0.0,0.0,0.0,0.9101516008377075,0.9168643355369568,0.9064314365386963,0.8978455662727356,0.9084358811378479,0.9126039147377014,0.9001439213752747,0.8919663429260254,0.8947205543518066,0.9069729447364807,0.914529025554657,0.9090825319290161,0.8806168437004089,0.8750436902046204,2.0
2176,0.0,0.0,0.0,1.0,1.0,0.0,0.0,0.0,0.0,0.0,0.0,1.0,1.0,0.0,0.9049059152603149,0.9095564484596252,0.9023261070251465,0.8995547294616699,0.9043258428573608,0.9052406549453735,0.8904160857200623,0.8840115070343018,0.8859168887138367,0.8981794714927673,0.909037709236145,0.9104492664337158,0.88116455078125,0.870063066482544,4.0
2177,0.0,0.0,0.0,1.0,1.0,0.0,0.0,0.0,0.0,0.0,0.0,1.0,1.0,0.0,0.8980786800384521,0.9116663932800293,0.9099712371826172,0.9130913615226746,0.9119745492935181,0.9045987129211426,0.8848225474357605,0.8789210319519043,0.8849071860313416,0.9009791016578674,0.9144389033317566,0.9166684150695801,0.881074845790863,0.8620185256004333,4.0
2178,0.0,0.0,1.0,1.0,0.0,0.0,0.0,0.0,0.0,0.0,0.0,0.0,0.0,1.0,0.9104208946228027,0.9190648198127747,0.9076220393180847,0.8993441462516785,0.9105460047721863,0.9158514738082886,0.9012856483459473,0.8910414576530457,0.8920300602912903,0.9061658382415771,0.9160799384117126,0.911001980304718,0.8807644844055176,0.8742331266403198,3.0
2179,1.0,1.0,0.0,0.0,0.0,1.0,1.0,1.0,0.0,0.0,0.0,1.0,1.0,0.0,0.9103327393531799,0.917293131351471,0.9027552008628845,0.8937970399856567,0.9109799861907959,0.9152485132217407,0.9014183282852173,0.8911303281784058,0.8911483883857727,0.9014438986778259,0.9093959331512451,0.9025708436965942,0.8743274807929993,0.8697867393493652,0.0
2180,1.0,1.0,0.0,0.0,0.0,0.0,0.0,0.0,0.0,0.0,0.0,1.0,1.0,0.0,0.9099302887916565,0.9163115620613098,0.907157301902771,0.900235116481781,0.9062299132347107,0.9096651077270508,0.8963919281959534,0.8888496160507202,0.8908339142799377,0.9042367339134216,0.9140880703926086,0.9105708003044128,0.8812958002090454,0.8720585703849792,2.0
2181,0.0,0.0,1.0,1.0,0.0,0.0,0.0,0.0,0.0,0.0,0.0,1.0,1.0,1.0,0.9113286733627319,0.9202262163162231,0.9089471697807312,0.899746298789978,0.9097557067871094,0.9152905941009521,0.9021450877189636,0.8924148082733154,0.8931677937507629,0.9058193564414978,0.9156461358070374,0.9107102155685425,0.8811300992965698,0.8742853403091431,0.0
2182,0.0,1.0,1.0,0.0,1.0,1.0,1.0,1.0,1.0,1.0,1.0,1.0,1.0,0.0,0.9085232615470886,0.9174686074256897,0.903941810131073,0.8933714628219604,0.9093959331512451,0.9139681458473206,0.901006281375885,0.8911451101303101,0.8916276693344116,0.9020957350730896,0.9096164107322693,0.9024850726127625,0.8743674755096436,0.8689048290252686,4.0
2183,0.0,1.0,1.0,0.0,0.0,0.0,0.0,0.0,0.0,1.0,1.0,1.0,1.0,0.0,0.9116759896278381,0.9174038767814636,0.9070994257926941,0.898875892162323,0.9084274768829346,0.912864625453949,0.9005486369132996,0.892457127571106,0.8943269848823547,0.9065227508544922,0.9143565893173218,0.9095494151115417,0.881599485874176,0.878190279006958,1.0
2184,1.0,1.0,0.0,0.0,0.0,0.0,0.0,0.0,0.0,0.0,0.0,0.0,0.0,0.0,0.9122341871261597,0.9196072816848755,0.9068759679794312,0.8976058959960938,0.9114859700202942,0.9164532423019409,0.9036656618118286,0.8930738568305969,0.8940349817276001,0.9054454565048218,0.9136155843734741,0.9077581167221069,0.8797798156738281,0.876254677772522,0.0
2185,1.0,1.0,0.0,0.0,0.0,0.0,0.0,0.0,0.0,0.0,0.0,1.0,1.0,0.0,0.9061239957809448,0.9117551445960999,0.9043776392936707,0.9004848599433899,0.9045284986495972,0.9057035446166992,0.8914440274238586,0.8846496343612671,0.887065052986145,0.9000830054283142,0.9107887148857117,0.9108603000640869,0.8808241486549377,0.8685722947120667,4.0
2186,0.0,1.0,1.0,0.0,0.0,0.0,1.0,1.0,0.0,0.0,0.0,1.0,1.0,0.0,0.9112693667411804,0.9187273383140564,0.9062047600746155,0.8981779217720032,0.9089871644973755,0.9149139523506165,0.9019083380699158,0.8915293216705322,0.8930107355117798,0.9054135084152222,0.9148993492126465,0.9102292060852051,0.8809037804603577,0.8716456890106201,2.0
2187,1.0,1.0,0.0,0.0,0.0,0.0,0.0,0.0,0.0,0.0,0.0,1.0,1.0,0.0,0.9111805558204651,0.9194640517234802,0.90610671043396,0.8966844081878662,0.9114230871200562,0.9156173467636108,0.9014243483543396,0.8911599516868591,0.8925157189369202,0.903082549571991,0.9121023416519165,0.9062076210975647,0.8778162002563477,0.8716380596160889,1.0
2188,0.0,0.0,1.0,1.0,0.0,0.0,0.0,0.0,0.0,0.0,0.0,1.0,1.0,1.0,0.9110522270202637,0.9207934737205505,0.910670816898346,0.9028190970420837,0.9112662672996521,0.9155871868133545,0.9011271595954895,0.891521155834198,0.893051266670227,0.9059176445007324,0.9167163372039795,0.9115667343139648,0.8805084824562073,0.8735755681991577,1.0
2189,0.0,0.0,0.0,1.0,1.0,0.0,0.0,0.0,0.0,0.0,0.0,1.0,1.0,0.0,0.9100995659828186,0.9180211424827576,0.9032715559005737,0.8945943117141724,0.9120385050773621,0.9165259003639221,0.9012660980224609,0.8903365731239319,0.8917325139045715,0.9026274681091309,0.9112367630004883,0.9043424129486084,0.8748714923858643,0.8664992451667786,0.0
2190,0.0,0.0,0.0,0.0,0.0,1.0,1.0,1.0,0.0,0.0,1.0,1.0,1.0,0.0,0.91185063123703,0.9207247495651245,0.9086098670959473,0.8987494111061096,0.9107239246368408,0.915716826915741,0.9021406173706055,0.8917309045791626,0.8937681317329407,0.905660092830658,0.9151471853256226,0.9099975824356079,0.8807728886604309,0.8733732104301453,2.0
2191,0.0,0.0,0.0,1.0,1.0,0.0,0.0,0.0,0.0,0.0,0.0,0.0,0.0,0.0,0.9019159078598022,0.9157364964485168,0.911842405796051,0.9088739156723022,0.9101654291152954,0.9102527499198914,0.8940125107765198,0.8853830099105835,0.8888530135154724,0.9034528732299805,0.9155963659286499,0.9136062264442444,0.8788272142410278,0.8648115396499634,4.0
2192,1.0,0.0,0.0,0.0,0.0,0.0,0.0,0.0,0.0,0.0,0.0,1.0,1.0,0.0,0.9126824140548706,0.920700192451477,0.9088340401649475,0.898967444896698,0.9102333784103394,0.9149112701416016,0.9016215205192566,0.8916342258453369,0.8940157890319824,0.9062033295631409,0.9148650169372559,0.9091567993164062,0.8804075121879578,0.8744120597839355,4.0
2193,1.0,1.0,0.0,0.0,0.0,1.0,1.0,0.0,0.0,0.0,0.0,0.0,0.0,0.0,0.9112717509269714,0.9180651307106018,0.9047073125839233,0.8957604169845581,0.9105583429336548,0.9154508113861084,0.9023081064224243,0.891680121421814,0.8941280841827393,0.9046207666397095,0.9127742648124695,0.9071301221847534,0.8789294362068176,0.8732268214225769,3.0
2194,0.0,1.0,1.0,0.0,0.0,0.0,0.0,0.0,0.0,0.0,0.0,0.0,0.0,0.0,0.9119690656661987,0.9210742115974426,0.9095841646194458,0.9000951647758484,0.9113066792488098,0.9160656332969666,0.9021795392036438,0.8926376700401306,0.8938936591148376,0.9064451456069946,0.9154914617538452,0.909645676612854,0.8804176449775696,0.8749064207077026,0.0
2195,0.0,0.0,0.0,0.0,0.0,0.0,0.0,0.0,0.0,0.0,0.0,1.0,1.0,0.0,0.9116828441619873,0.9193958044052124,0.9078016877174377,0.8989190459251404,0.9096958041191101,0.914074718952179,0.9017808437347412,0.8932308554649353,0.8944134712219238,0.9060591459274292,0.9140533804893494,0.9086092114448547,0.8802117109298706,0.8761885166168213,0.0
2196,0.0,0.0,0.0,0.0,0.0,0.0,1.0,1.0,0.0,0.0,0.0,1.0,1.0,0.0,0.9105915427207947,0.9194464087486267,0.907976508140564,0.9004256129264832,0.9112820029258728,0.9167344570159912,0.903254508972168,0.8925677537918091,0.8936360478401184,0.9065313935279846,0.9157848954200745,0.910075306892395,0.8803253769874573,0.8724327087402344,0.0
2197,0.0,0.0,0.0,1.0,1.0,0.0,0.0,0.0,0.0,0.0,0.0,1.0,1.0,0.0,0.8988010287284851,0.9097431898117065,0.9067438244819641,0.9101307988166809,0.9085338115692139,0.9020552635192871,0.8850624561309814,0.8800011873245239,0.882938027381897,0.897980809211731,0.9104464650154114,0.9137065410614014,0.8796131014823914,0.8572584986686707,3.0
2198,1.0,1.0,0.0,0.0,0.0,0.0,0.0,0.0,0.0,0.0,0.0,0.0,0.0,0.0,0.9110837578773499,0.9210827946662903,0.9101276993751526,0.9000311493873596,0.9090754985809326,0.9152248501777649,0.9019713997840881,0.8916375637054443,0.8926327228546143,0.9062983989715576,0.9170703887939453,0.9132965803146362,0.8828635811805725,0.8732943534851074,4.0
2199,0.0,0.0,0.0,1.0,1.0,0.0,0.0,0.0,0.0,0.0,0.0,0.0,0.0,0.0,0.9078617691993713,0.9160792231559753,0.9090712666511536,0.9043057560920715,0.9068282842636108,0.9086570143699646,0.8943782448768616,0.8871804475784302,0.889225959777832,0.902797281742096,0.9138747453689575,0.9114450216293335,0.8808094263076782,0.8705146908760071,1.0
2200,1.0,1.0,0.0,0.0,0.0,0.0,0.0,0.0,0.0,0.0,0.0,1.0,1.0,0.0,0.9127843976020813,0.9191159009933472,0.9075542092323303,0.8974780440330505,0.9075307250022888,0.9119227528572083,0.9000769257545471,0.892230749130249,0.8943462371826172,0.9053002595901489,0.9127552509307861,0.9081880450248718,0.8819442987442017,0.877364456653595,4.0
2201,0.0,0.0,0.0,0.0,1.0,1.0,1.0,1.0,0.0,0.0,0.0,0.0,0.0,0.0,0.9119472503662109,0.9189085960388184,0.9064325094223022,0.8983219861984253,0.9110254049301147,0.9163818359375,0.9028403759002686,0.8924847841262817,0.8938421010971069,0.9071158170700073,0.9152945876121521,0.9092631340026855,0.8804465532302856,0.8759418725967407,2.0
2202,0.0,1.0,1.0,0.0,0.0,0.0,0.0,0.0,0.0,0.0,0.0,1.0,1.0,0.0,0.9099323153495789,0.9179052710533142,0.9076387882232666,0.8995836973190308,0.9092183709144592,0.9145899415016174,0.9017327427864075,0.891678512096405,0.8926960825920105,0.9044186472892761,0.9141864776611328,0.9103786945343018,0.8808944225311279,0.8741175532341003,1.0
2203,1.0,0.0,0.0,0.0,0.0,1.0,1.0,1.0,0.0,0.0,0.0,1.0,1.0,0.0,0.9116432070732117,0.9180437326431274,0.9051380157470703,0.8958197236061096,0.908762514591217,0.913952112197876,0.9012842178344727,0.8917636275291443,0.8944263458251953,0.9056455492973328,0.9126147627830505,0.9063170552253723,0.8791407346725464,0.8722816705703735,4.0
2204,0.0,0.0,0.0,1.0,1.0,0.0,0.0,0.0,0.0,0.0,0.0,1.0,1.0,0.0,0.9033552408218384,0.9150082468986511,0.9106115102767944,0.9091261625289917,0.9108630418777466,0.9093246459960938,0.8922128081321716,0.8846340775489807,0.8888596892356873,0.9035800099372864,0.9151418805122375,0.9138694405555725,0.8801699280738831,0.8675353527069092,2.0
2205,0.0,0.0,0.0,0.0,0.0,0.0,0.0,0.0,0.0,0.0,0.0,1.0,1.0,0.0,0.9117196798324585,0.9186333417892456,0.9057559370994568,0.8962233066558838,0.909979522228241,0.9148993492126465,0.9019668102264404,0.8922959566116333,0.8943879008293152,0.9046090245246887,0.9121431112289429,0.9061464071273804,0.8787729144096375,0.8729300498962402,4.0
2206,1.0,1.0,0.0,0.0,0.0,0.0,0.0,0.0,0.0,0.0,0.0,1.0,1.0,0.0,0.9088499546051025,0.9137101769447327,0.904229462146759,0.8972451686859131,0.9040236473083496,0.9075619578361511,0.8940895795822144,0.8873161673545837,0.8901610374450684,0.9015703201293945,0.9118219614028931,0.9104063510894775,0.8822569251060486,0.8739457726478577,3.0
2207,1.0,1.0,0.0,0.0,0.0,0.0,0.0,0.0,0.0,0.0,0.0,1.0,1.0,0.0,0.9082184433937073,0.918118953704834,0.9091588854789734,0.9012091755867004,0.9096387028694153,0.9140573740005493,0.899167537689209,0.8901610374450684,0.8918519616127014,0.9040810465812683,0.915231466293335,0.9126093983650208,0.8819681406021118,0.8707858920097351,1.0
2208,0.0,1.0,1.0,1.0,0.0,0.0,0.0,0.0,0.0,0.0,0.0,1.0,1.0,0.0,0.9084873795509338,0.9174097776412964,0.9083201289176941,0.9013012647628784,0.9071900844573975,0.9112944006919861,0.8972797393798828,0.8884183764457703,0.8894878625869751,0.9031893014907837,0.9140321016311646,0.9115612506866455,0.8808454871177673,0.8694485425949097,3.0
2209,0.0,0.0,0.0,0.0,1.0,1.0,0.0,0.0,0.0,0.0,0.0,1.0,1.0,0.0,0.9070905447006226,0.9145164489746094,0.8980228304862976,0.8895061612129211,0.9101529717445374,0.9146078824996948,0.8997653722763062,0.8875938653945923,0.8863309025764465,0.8979434967041016,0.9063127636909485,0.8991483449935913,0.8698564171791077,0.865472137928009,3.0
2210,0.0,0.0,0.0,0.0,1.0,1.0,1.0,1.0,1.0,0.0,0.0,1.0,1.0,0.0,0.9085161685943604,0.9179767966270447,0.9068577289581299,0.9009366631507874,0.9124415516853333,0.9175782799720764,0.9038115739822388,0.8923724293708801,0.8938807845115662,0.9073327779769897,0.9171503186225891,0.9110994935035706,0.8802972435951233,0.8736203908920288,3.0
2211,1.0,1.0,0.0,0.0,0.0,0.0,0.0,0.0,0.0,0.0,0.0,1.0,1.0,0.0,0.9125606417655945,0.9203528165817261,0.9094663858413696,0.8998677730560303,0.9087905883789062,0.9141319990158081,0.9012660980224609,0.8920611143112183,0.8934779167175293,0.9059609770774841,0.9159390926361084,0.9111887812614441,0.8821079730987549,0.8764861822128296,0.0
2212,0.0,0.0,1.0,1.0,0.0,0.0,0.0,0.0,0.0,1.0,1.0,1.0,0.0,0.0,0.9086042642593384,0.9171644449234009,0.9078574180603027,0.9014717936515808,0.908730149269104,0.913264274597168,0.8997026681900024,0.8899751901626587,0.8903713822364807,0.9042661190032959,0.9148967862129211,0.9106287360191345,0.8793066143989563,0.8696446418762207,1.0
2213,0.0,0.0,0.0,0.0,1.0,1.0,0.0,0.0,0.0,0.0,0.0,1.0,1.0,0.0,0.9086697101593018,0.9173915386199951,0.9061428308486938,0.9004156589508057,0.9120044708251953,0.9171244502067566,0.9036715030670166,0.8919353485107422,0.8930479884147644,0.9065715670585632,0.9159076809883118,0.9104464650154114,0.879885733127594,0.8721644878387451,3.0
2214,1.0,0.0,0.0,0.0,0.0,1.0,1.0,1.0,0.0,0.0,0.0,1.0,1.0,0.0,0.9109634757041931,0.9168092012405396,0.904619574546814,0.8954243063926697,0.9076941609382629,0.9123873710632324,0.9011059403419495,0.8929557204246521,0.8957350254058838,0.9065428376197815,0.9126378297805786,0.9065644145011902,0.8806517124176025,0.8757686018943787,4.0
2215,0.0,0.0,1.0,1.0,0.0,0.0,0.0,0.0,0.0,0.0,0.0,1.0,1.0,1.0,0.9103606939315796,0.9193330407142639,0.9054574966430664,0.8949183821678162,0.9099461436271667,0.9153680801391602,0.9030038714408875,0.8926993012428284,0.8936875462532043,0.9029459357261658,0.9109895825386047,0.9046762585639954,0.8769159913063049,0.8730578422546387,0.0
2216,1.0,1.0,0.0,0.0,0.0,0.0,0.0,0.0,0.0,0.0,0.0,0.0,0.0,0.0,0.9118492007255554,0.9192020893096924,0.9085750579833984,0.899791419506073,0.909037709236145,0.9136837124824524,0.9013625383377075,0.8929378390312195,0.8944646716117859,0.9057585000991821,0.9141678214073181,0.9093945026397705,0.8810973763465881,0.8768527507781982,0.0
2217,0.0,0.0,0.0,0.0,1.0,1.0,0.0,0.0,0.0,0.0,0.0,0.0,0.0,0.0,0.9087978005409241,0.9142993688583374,0.9012675285339355,0.8940213918685913,0.905916154384613,0.911078929901123,0.8974920511245728,0.887749433517456,0.88950115442276,0.9000311493873596,0.9098725318908691,0.9079383015632629,0.8795232772827148,0.8674808144569397,0.0
2218,1.0,1.0,0.0,0.0,1.0,1.0,0.0,0.0,0.0,0.0,0.0,1.0,1.0,0.0,0.911478579044342,0.9188085198402405,0.905178427696228,0.8973844647407532,0.9130478501319885,0.917140007019043,0.9033730030059814,0.8925368189811707,0.8931386470794678,0.9045591950416565,0.9125769138336182,0.9053866267204285,0.8771776556968689,0.874031662940979,0.0
2219,0.0,0.0,0.0,1.0,1.0,0.0,0.0,0.0,0.0,0.0,0.0,1.0,1.0,0.0,0.8979272842407227,0.908797025680542,0.9066160917282104,0.9122071862220764,0.9103330373764038,0.9011769890785217,0.8836581110954285,0.8787802457809448,0.8830764293670654,0.8984025120735168,0.9117565751075745,0.9150879979133606,0.8809629082679749,0.8602403402328491,1.0
2220,0.0,0.0,1.0,1.0,0.0,0.0,0.0,0.0,0.0,1.0,1.0,1.0,1.0,0.0,0.9116405248641968,0.9188279509544373,0.9062936902046204,0.8971288800239563,0.9095718264579773,0.9134694933891296,0.9012388586997986,0.8923431038856506,0.893581211566925,0.9064508676528931,0.9138026833534241,0.9076409339904785,0.8801552057266235,0.8759050369262695,2.0
2221,1.0,1.0,0.0,0.0,0.0,0.0,0.0,0.0,0.0,0.0,0.0,1.0,1.0,0.0,0.9116275310516357,0.9188153743743896,0.9045240879058838,0.8975545167922974,0.9135124683380127,0.9182527661323547,0.9028938412666321,0.892000675201416,0.8941184878349304,0.906053364276886,0.9156566262245178,0.9093680381774902,0.8798946738243103,0.8736766576766968,2.0
2222,1.0,1.0,0.0,0.0,0.0,0.0,1.0,1.0,1.0,1.0,0.0,1.0,1.0,0.0,0.9124212861061096,0.9199497699737549,0.9084341526031494,0.9001660943031311,0.9119500517845154,0.9168936014175415,0.9037629961967468,0.893020510673523,0.8944711685180664,0.906677782535553,0.9158424139022827,0.9107280969619751,0.8814996480941772,0.8765007853507996,1.0
2223,0.0,0.0,0.0,0.0,0.0,0.0,1.0,1.0,0.0,0.0,0.0,1.0,1.0,0.0,0.9094140529632568,0.919648289680481,0.9100129008293152,0.9023628830909729,0.9088355898857117,0.9142157435417175,0.9003297090530396,0.8905549049377441,0.8915638327598572,0.905337929725647,0.9163584113121033,0.9124714136123657,0.8815855383872986,0.8701090216636658,2.0
2224,1.0,0.0,1.0,1.0,0.0,0.0,0.0,0.0,0.0,0.0,0.0,1.0,1.0,0.0,0.9126452207565308,0.920396625995636,0.9085556268692017,0.8982879519462585,0.9095759391784668,0.9139708280563354,0.9016907215118408,0.8929249048233032,0.8932777643203735,0.9047055244445801,0.9130195379257202,0.9080968499183655,0.88037109375,0.8764421343803406,1.0
2225,1.0,1.0,0.0,0.0,0.0,0.0,0.0,0.0,0.0,0.0,0.0,1.0,1.0,0.0,0.9115003347396851,0.9183588027954102,0.9081067442893982,0.9003704190254211,0.9061874747276306,0.9097779989242554,0.8964864015579224,0.8889098763465881,0.8914752006530762,0.9054309725761414,0.9143831729888916,0.9095731973648071,0.8808038234710693,0.8753621578216553,3.0
2226,0.0,0.0,0.0,0.0,0.0,0.0,0.0,1.0,1.0,0.0,0.0,0.0,0.0,0.0,0.910529375076294,0.9168219566345215,0.9031481742858887,0.8933133482933044,0.9087709188461304,0.9133515357971191,0.9009820818901062,0.8925774693489075,0.8946629762649536,0.9044128060340881,0.9102194309234619,0.9031537175178528,0.8778182864189148,0.8716608881950378,4.0
2227,1.0,1.0,1.0,1.0,0.0,0.0,0.0,0.0,0.0,0.0,0.0,1.0,1.0,0.0,0.9109662175178528,0.9194897413253784,0.9086207747459412,0.8985617756843567,0.9088917374610901,0.9137305021286011,0.9009608626365662,0.8921769261360168,0.893251895904541,0.904503583908081,0.914090633392334,0.9103468656539917,0.8819342255592346,0.8760302662849426,1.0
2228,0.0,0.0,0.0,0.0,0.0,0.0,1.0,1.0,0.0,0.0,0.0,0.0,0.0,0.0,0.9114586710929871,0.9204221963882446,0.9074928760528564,0.8970537781715393,0.9103205800056458,0.9149429798126221,0.9012569785118103,0.8917865753173828,0.8929831981658936,0.9030944108963013,0.9122110605239868,0.907970130443573,0.8792094588279724,0.8727079033851624,1.0
2229,0.0,0.0,0.0,0.0,0.0,1.0,1.0,0.0,0.0,0.0,0.0,1.0,1.0,0.0,0.9106446504592896,0.9169366955757141,0.9041368365287781,0.8951524496078491,0.9086556434631348,0.9133341312408447,0.9011029601097107,0.8923398852348328,0.8954750895500183,0.905285656452179,0.9124090671539307,0.9068633913993835,0.8793927431106567,0.8745608925819397,3.0
2230,0.0,0.0,0.0,0.0,1.0,1.0,1.0,1.0,0.0,0.0,0.0,1.0,1.0,0.0,0.9086063504219055,0.9175282120704651,0.9053910374641418,0.8978992700576782,0.9094461798667908,0.9158802628517151,0.90340256690979,0.8926066756248474,0.8925287127494812,0.9068010449409485,0.9154836535453796,0.9094434380531311,0.8790735006332397,0.8712353706359863,2.0
2231,1.0,1.0,0.0,0.0,0.0,0.0,0.0,0.0,0.0,0.0,0.0,1.0,1.0,0.0,0.9105169177055359,0.9179512858390808,0.9071593880653381,0.9005098938941956,0.9089942574501038,0.9125187397003174,0.8996002078056335,0.8910084962844849,0.8924034237861633,0.9053351283073425,0.9142078161239624,0.9090292453765869,0.8799763917922974,0.8742890954017639,0.0
2232,0.0,0.0,0.0,1.0,1.0,0.0,0.0,0.0,0.0,0.0,0.0,1.0,1.0,0.0,0.8972687721252441,0.910753607749939,0.9091819524765015,0.91302889585495,0.9119752049446106,0.9042719602584839,0.8854396939277649,0.879748523235321,0.8846860527992249,0.8998051285743713,0.9135485887527466,0.916370153427124,0.8810731172561646,0.8589265942573547,1.0
2233,1.0,0.0,0.0,0.0,0.0,0.0,1.0,1.0,0.0,0.0,0.0,0.0,0.0,0.0,0.909630298614502,0.9185284376144409,0.9059302806854248,0.8948050737380981,0.9082099795341492,0.9130545854568481,0.9009079337120056,0.8916162252426147,0.8911187648773193,0.901735782623291,0.9096275568008423,0.903040885925293,0.8750543594360352,0.8692135810852051,4.0
2234,0.0,0.0,0.0,0.0,1.0,1.0,1.0,1.0,1.0,0.0,0.0,1.0,1.0,0.0,0.9092113971710205,0.9169264435768127,0.9056673645973206,0.8990297913551331,0.9083399176597595,0.9132455587387085,0.8999930024147034,0.8904606699943542,0.8919026255607605,0.9058656096458435,0.9143884778022766,0.9083892703056335,0.877889096736908,0.8712581992149353,3.0
2235,0.0,0.0,1.0,1.0,0.0,0.0,0.0,0.0,0.0,0.0,0.0,1.0,1.0,0.0,0.9118771553039551,0.9188271760940552,0.9075613021850586,0.8975049257278442,0.9076800346374512,0.9130855202674866,0.9006245732307434,0.8919042944908142,0.8935038447380066,0.9043424129486084,0.9131568074226379,0.9093427658081055,0.8818141222000122,0.8757869601249695,4.0
2236,1.0,0.0,1.0,1.0,0.0,0.0,0.0,0.0,0.0,0.0,0.0,1.0,1.0,0.0,0.9110611081123352,0.9201925992965698,0.9076738357543945,0.8954735398292542,0.9063832759857178,0.911761999130249,0.9006549119949341,0.8922877907752991,0.8923203349113464,0.902355968952179,0.9116719365119934,0.9071837067604065,0.8783339858055115,0.8731104731559753,0.0
2237,1.0,0.0,0.0,0.0,0.0,0.0,0.0,1.0,1.0,0.0,0.0,0.0,0.0,0.0,0.9117220640182495,0.9174352884292603,0.906436562538147,0.8988727927207947,0.9064522981643677,0.9104450941085815,0.89704829454422,0.8888713717460632,0.8916833996772766,0.9050993919372559,0.9138694405555725,0.9097124934196472,0.8814505338668823,0.8744604587554932,4.0
2238,1.0,0.0,0.0,0.0,0.0,0.0,0.0,0.0,0.0,0.0,0.0,0.0,0.0,0.0,0.9063875675201416,0.9129886031150818,0.9060446619987488,0.9017989635467529,0.9051918983459473,0.9066534638404846,0.8920072317123413,0.8851900696754456,0.8875584006309509,0.9009397029876709,0.9120588302612305,0.9111544489860535,0.8806041479110718,0.8688623309135437,4.0
2239,0.0,0.0,1.0,1.0,0.0,0.0,0.0,0.0,0.0,0.0,0.0,1.0,1.0,0.0,0.9081944823265076,0.9183449149131775,0.9113929867744446,0.9052053093910217,0.9088997840881348,0.9117142558097839,0.896679699420929,0.8886937499046326,0.8907250761985779,0.9050294756889343,0.9165634512901306,0.9135405421257019,0.881758451461792,0.870736300945282,0.0
2240,0.0,0.0,1.0,1.0,0.0,0.0,1.0,1.0,0.0,0.0,0.0,1.0,1.0,0.0,0.9107763171195984,0.9190276861190796,0.9075222015380859,0.9000281691551208,0.9116623401641846,0.9169748425483704,0.9030439257621765,0.8917979001998901,0.8933972716331482,0.9066118001937866,0.9162335991859436,0.9102389216423035,0.8799256086349487,0.8732906579971313,3.0
2241,0.0,0.0,0.0,1.0,1.0,0.0,0.0,0.0,0.0,0.0,0.0,1.0,1.0,0.0,0.9074566960334778,0.9167532920837402,0.9088531136512756,0.9039261341094971,0.9082632660865784,0.9095829725265503,0.8950060606002808,0.8875330090522766,0.8898323774337769,0.9044479131698608,0.9149336814880371,0.91277015209198,0.881270170211792,0.8690939545631409,2.0
2242,1.0,1.0,1.0,1.0,0.0,0.0,0.0,0.0,0.0,0.0,0.0,1.0,1.0,0.0,0.9118158221244812,0.921022355556488,0.9089403748512268,0.9002825617790222,0.9124849438667297,0.9167694449424744,0.9024515151977539,0.8919042944908142,0.8934586048126221,0.9056195616722107,0.9154521822929382,0.9101252555847168,0.8804262280464172,0.8737925887107849,1.0
2243,1.0,1.0,0.0,0.0,1.0,1.0,0.0,0.0,0.0,0.0,0.0,0.0,0.0,0.0,0.9120527505874634,0.9196680784225464,0.9071208238601685,0.89736407995224,0.909873902797699,0.9148188233375549,0.9018048048019409,0.8921703696250916,0.8947269320487976,0.9060302376747131,0.9141305685043335,0.9091455936431885,0.8809584379196167,0.8751993179321289,2.0
2244,0.0,0.0,1.0,1.0,0.0,0.0,0.0,0.0,0.0,0.0,0.0,1.0,1.0,0.0,0.9066046476364136,0.9145515561103821,0.9079127311706543,0.9044286012649536,0.9058713912963867,0.9069757461547852,0.8933939933776855,0.8872280120849609,0.8885830640792847,0.902439534664154,0.9135512709617615,0.9118942022323608,0.8815651535987854,0.8696869611740112,2.0
2245,0.0,0.0,1.0,1.0,0.0,0.0,0.0,0.0,0.0,0.0,0.0,1.0,1.0,0.0,0.9123935103416443,0.9194437861442566,0.9068809747695923,0.8979272842407227,0.9102513790130615,0.9150207042694092,0.9027109146118164,0.8928924202919006,0.8945543169975281,0.9065600633621216,0.9145157337188721,0.908725917339325,0.8809797167778015,0.8771636486053467,2.0
2246,0.0,0.0,0.0,1.0,1.0,0.0,0.0,0.0,0.0,0.0,0.0,1.0,1.0,0.0,0.9063746333122253,0.9165246486663818,0.9102444648742676,0.9059295058250427,0.9092618823051453,0.9103205800056458,0.8951222896575928,0.8876261115074158,0.8899171352386475,0.9040281176567078,0.9154967665672302,0.9140853881835938,0.8815439343452454,0.8663148283958435,2.0
2247,1.0,1.0,0.0,0.0,0.0,0.0,0.0,0.0,0.0,0.0,0.0,0.0,0.0,0.0,0.9111146330833435,0.9201340079307556,0.9079224467277527,0.8960339426994324,0.9070158004760742,0.9117524027824402,0.8997868299484253,0.8918682932853699,0.8936489224433899,0.9031152129173279,0.9115188717842102,0.9066233038902283,0.878657877445221,0.873927116394043,0.0
2248,0.0,0.0,0.0,0.0,1.0,1.0,0.0,0.0,0.0,0.0,0.0,0.0,0.0,0.0,0.9112867712974548,0.9190605282783508,0.906561553478241,0.8983529806137085,0.9117633104324341,0.9157128930091858,0.9020657539367676,0.891827404499054,0.8934263586997986,0.9064163565635681,0.9141705632209778,0.9082361459732056,0.8794781565666199,0.8750436902046204,3.0
2249,0.0,0.0,0.0,0.0,1.0,1.0,0.0,0.0,0.0,0.0,0.0,0.0,0.0,0.0,0.9121567010879517,0.9200369715690613,0.908039927482605,0.8988110423088074,0.9105541706085205,0.9142038226127625,0.9008670449256897,0.8914211392402649,0.8935263752937317,0.9053728580474854,0.9135432243347168,0.9075456857681274,0.8789498805999756,0.8750325441360474,3.0
2250,0.0,0.0,1.0,1.0,1.0,0.0,0.0,0.0,0.0,0.0,0.0,1.0,1.0,0.0,0.909765362739563,0.9158914089202881,0.9078531861305237,0.9023335576057434,0.9076012372970581,0.9088804721832275,0.8960639238357544,0.8895161747932434,0.891238808631897,0.9036272168159485,0.9142023921012878,0.9123697876930237,0.8833677768707275,0.8758054375648499,0.0
2251,1.0,1.0,0.0,0.0,0.0,0.0,0.0,1.0,1.0,0.0,0.0,1.0,1.0,0.0,0.911110520362854,0.9187329411506653,0.9073231220245361,0.8988681435585022,0.9102278351783752,0.913504421710968,0.9003753662109375,0.8917243480682373,0.893977165222168,0.9066749215126038,0.913992166519165,0.9078234434127808,0.8796024918556213,0.8755285739898682,3.0
2252,1.0,1.0,0.0,0.0,0.0,0.0,0.0,0.0,0.0,0.0,0.0,0.0,0.0,0.0,0.9082502126693726,0.9144249558448792,0.9050338864326477,0.899422824382782,0.9056875705718994,0.9090250730514526,0.894073486328125,0.8864316940307617,0.8884234428405762,0.9024156928062439,0.9122055768966675,0.9091063737869263,0.87813401222229,0.8665659427642822,0.0
2253,1.0,0.0,0.0,0.0,0.0,0.0,0.0,0.0,0.0,0.0,0.0,1.0,1.0,0.0,0.9098767042160034,0.9176948070526123,0.9043218493461609,0.8943349719047546,0.908476710319519,0.9146190881729126,0.9011921286582947,0.8906490802764893,0.8923692107200623,0.9017297625541687,0.9112175703048706,0.9085654616355896,0.8798893094062805,0.8688970804214478,4.0
2254,0.0,0.0,0.0,1.0,1.0,0.0,0.0,0.0,0.0,0.0,0.0,1.0,1.0,0.0,0.9080076813697815,0.9180963635444641,0.908118724822998,0.9011905789375305,0.9091427326202393,0.9143778085708618,0.9002794623374939,0.8903830051422119,0.8920072317123413,0.905337929725647,0.9158790111541748,0.9111352562904358,0.8797207474708557,0.8700860738754272,2.0
2255,0.0,0.0,1.0,1.0,0.0,0.0,0.0,0.0,0.0,0.0,0.0,1.0,1.0,0.0,0.91229248046875,0.9207488894462585,0.9094545841217041,0.899554967880249,0.9098919630050659,0.9144574403762817,0.9014197587966919,0.8921034932136536,0.893835723400116,0.9066720604896545,0.915168285369873,0.9095662236213684,0.8809342980384827,0.8769552707672119,3.0
2256,1.0,0.0,1.0,1.0,0.0,0.0,0.0,0.0,0.0,0.0,0.0,1.0,1.0,0.0,0.9117476344108582,0.9200865030288696,0.9082240462303162,0.8980592489242554,0.9099572896957397,0.9151854515075684,0.9019758105278015,0.8917177319526672,0.8931127786636353,0.9046880006790161,0.9138747453689575,0.9090656638145447,0.8800786733627319,0.8730654120445251,4.0
2257,0.0,0.0,0.0,0.0,0.0,1.0,1.0,1.0,0.0,0.0,1.0,1.0,1.0,0.0,0.9087801575660706,0.9135214686393738,0.9044245481491089,0.8987628817558289,0.9039275646209717,0.9064725041389465,0.8931353688240051,0.886498212814331,0.8885947465896606,0.9011332392692566,0.9112669825553894,0.9103164672851562,0.8814996480941772,0.8727418780326843,4.0
2258,0.0,0.0,0.0,0.0,0.0,0.0,0.0,0.0,0.0,1.0,1.0,1.0,1.0,0.0,0.9113998413085938,0.919726550579071,0.9084275364875793,0.8976120948791504,0.9074481725692749,0.9124700427055359,0.9001531004905701,0.8921998143196106,0.8937423229217529,0.9037069082260132,0.9123196005821228,0.9086485505104065,0.8813661932945251,0.8763429522514343,1.0
2259,0.0,0.0,1.0,1.0,0.0,0.0,0.0,0.0,0.0,0.0,0.0,1.0,1.0,0.0,0.9022303819656372,0.914340615272522,0.9076914191246033,0.9038776159286499,0.9080434441566467,0.9108493328094482,0.8971108198165894,0.8876142501831055,0.8882620334625244,0.9020208120346069,0.9133689403533936,0.9094559550285339,0.8758293986320496,0.8617055416107178,0.0
2260,1.0,1.0,1.0,1.0,0.0,0.0,0.0,0.0,0.0,0.0,0.0,1.0,1.0,0.0,0.9088876843452454,0.9108187556266785,0.901452898979187,0.8973323106765747,0.9010247588157654,0.9018543362617493,0.8882367014884949,0.8848519325256348,0.8898689150810242,0.9026930332183838,0.9111709594726562,0.9091455936431885,0.8810377717018127,0.8733469247817993,4.0
2261,0.0,0.0,0.0,0.0,1.0,1.0,1.0,1.0,0.0,0.0,0.0,1.0,1.0,0.0,0.9051649570465088,0.914134681224823,0.907005786895752,0.9022861123085022,0.9045699238777161,0.9066978693008423,0.8927757143974304,0.8847776651382446,0.8871957659721375,0.901681661605835,0.9129549264907837,0.9098405838012695,0.8775176405906677,0.8636257648468018,2.0
2262,0.0,0.0,0.0,0.0,0.0,0.0,1.0,1.0,0.0,0.0,0.0,1.0,1.0,0.0,0.911837637424469,0.919270396232605,0.9068050980567932,0.898414134979248,0.9098683595657349,0.9158201813697815,0.9035548567771912,0.8927480578422546,0.8944487571716309,0.9069185256958008,0.9157848954200745,0.9102097749710083,0.8816510438919067,0.8756356835365295,2.0
2263,1.0,1.0,1.0,1.0,0.0,0.0,0.0,0.0,0.0,0.0,0.0,1.0,1.0,0.0,0.9082106947898865,0.9166759848594666,0.9036935567855835,0.8927187919616699,0.9088174104690552,0.9134789705276489,0.9002399444580078,0.8906920552253723,0.891079306602478,0.9013595581054688,0.9082834720611572,0.9000109434127808,0.8730228543281555,0.8671920299530029,4.0
2264,0.0,0.0,0.0,0.0,0.0,1.0,1.0,1.0,0.0,0.0,0.0,1.0,1.0,0.0,0.9068784117698669,0.9173959493637085,0.9108926653862,0.90413498878479,0.9066563248634338,0.9096400737762451,0.8952892422676086,0.8872076869010925,0.8889333605766296,0.9026334881782532,0.9149495363235474,0.9142928719520569,0.8822009563446045,0.8692751526832581,4.0
2265,1.0,1.0,1.0,1.0,0.0,0.0,0.0,0.0,0.0,0.0,0.0,1.0,1.0,0.0,0.9108603000640869,0.920995831489563,0.90876305103302,0.8978378176689148,0.909482479095459,0.9141106605529785,0.8999517560005188,0.8910743594169617,0.893271267414093,0.9049304127693176,0.9140241146087646,0.9097194671630859,0.8800804018974304,0.8718806505203247,2.0
2266,0.0,0.0,0.0,0.0,1.0,1.0,0.0,0.0,0.0,0.0,0.0,1.0,1.0,0.0,0.9109373688697815,0.9205414652824402,0.9099618792533875,0.9011301398277283,0.9113094210624695,0.9158645868301392,0.9009063839912415,0.8912339210510254,0.8934199213981628,0.9064882397651672,0.9166697263717651,0.9119459986686707,0.8811489939689636,0.8726891279220581,0.0
2267,0.0,1.0,1.0,0.0,0.0,0.0,0.0,0.0,0.0,0.0,0.0,1.0,1.0,0.0,0.9100399613380432,0.919277012348175,0.907154381275177,0.8961058259010315,0.9078673720359802,0.9129225611686707,0.8991490006446838,0.8901560306549072,0.891640841960907,0.9020777940750122,0.9118274450302124,0.9083483815193176,0.8788768649101257,0.869486927986145,1.0
2268,0.0,0.0,0.0,1.0,1.0,0.0,0.0,0.0,0.0,0.0,0.0,1.0,1.0,0.0,0.8974390625953674,0.9113122224807739,0.9092281460762024,0.9100974798202515,0.9076785445213318,0.9035001993179321,0.8879233598709106,0.8811955451965332,0.8836337327957153,0.899299681186676,0.9122951626777649,0.9130437970161438,0.8783424496650696,0.8577722907066345,2.0
2269,0.0,0.0,1.0,1.0,0.0,0.0,0.0,0.0,0.0,0.0,0.0,1.0,1.0,0.0,0.910616397857666,0.9162677526473999,0.9048157930374146,0.8967291712760925,0.908297598361969,0.9139268398284912,0.902334988117218,0.8931823372840881,0.894515872001648,0.9062148332595825,0.9139147996902466,0.9090321063995361,0.8807567358016968,0.8758201599121094,1.0
2270,0.0,0.0,1.0,1.0,0.0,0.0,0.0,0.0,0.0,0.0,0.0,1.0,1.0,0.0,0.9079325795173645,0.9185202121734619,0.911292314529419,0.9044417142868042,0.9091259837150574,0.9129360914230347,0.8988781571388245,0.8898622989654541,0.8916015028953552,0.905224621295929,0.9161033630371094,0.9124117493629456,0.880841076374054,0.8713799118995667,1.0
2271,0.0,0.0,0.0,1.0,1.0,0.0,0.0,1.0,1.0,0.0,0.0,1.0,1.0,0.0,0.9108203649520874,0.9165346622467041,0.9077069163322449,0.9012905955314636,0.9069729447364807,0.9091652035713196,0.8969886898994446,0.8902007937431335,0.8913161158561707,0.9035858511924744,0.9141305685043335,0.9125499129295349,0.8834856748580933,0.877448320388794,0.0
2272,0.0,0.0,0.0,1.0,1.0,0.0,0.0,0.0,0.0,0.0,0.0,0.0,0.0,0.0,0.9030231237411499,0.9110968112945557,0.9064825177192688,0.9069908857345581,0.9052773118019104,0.9021226763725281,0.8866022229194641,0.8819637894630432,0.8857505917549133,0.9004604816436768,0.9121648073196411,0.9113970994949341,0.8788371682167053,0.8629013299942017,2.0
2273,1.0,1.0,0.0,0.0,0.0,0.0,0.0,0.0,0.0,0.0,0.0,0.0,0.0,0.0,0.9045928716659546,0.9120860695838928,0.9038926362991333,0.8981651067733765,0.9050265550613403,0.9087274074554443,0.8946406841278076,0.8863667845726013,0.8874059915542603,0.8991490006446838,0.9107942581176758,0.9102084040641785,0.881249725818634,0.8700477480888367,3.0
2274,0.0,0.0,0.0,0.0,1.0,1.0,0.0,0.0,0.0,0.0,0.0,1.0,1.0,0.0,0.9126397967338562,0.9199457168579102,0.9082474708557129,0.8987393975257874,0.9093917608261108,0.9143193960189819,0.9013113379478455,0.8911747336387634,0.8938260078430176,0.9061745405197144,0.9148650169372559,0.9092841148376465,0.8812388777732849,0.8750362992286682,4.0
2275,1.0,1.0,0.0,0.0,0.0,0.0,0.0,0.0,0.0,1.0,1.0,1.0,1.0,0.0,0.9122524261474609,0.9188116788864136,0.9076927900314331,0.898735523223877,0.9081406593322754,0.91175377368927,0.8999701142311096,0.8924050331115723,0.8944807052612305,0.9059667587280273,0.9134709239006042,0.9089934825897217,0.881758451461792,0.878530740737915,0.0
2276,0.0,0.0,1.0,1.0,0.0,0.0,0.0,0.0,0.0,0.0,0.0,1.0,1.0,0.0,0.912105143070221,0.9177468419075012,0.9027429819107056,0.8939563035964966,0.9095146059989929,0.9152116775512695,0.9016004800796509,0.8913193345069885,0.8938003182411194,0.9042484760284424,0.913097620010376,0.9083526134490967,0.8804628252983093,0.8732456564903259,2.0
2277,0.0,1.0,1.0,0.0,0.0,0.0,0.0,0.0,0.0,0.0,0.0,0.0,0.0,0.0,0.9102063179016113,0.9187151789665222,0.9078234434127808,0.9005953669548035,0.9107624888420105,0.9155780076980591,0.9023081064224243,0.8921785354614258,0.8931952714920044,0.9066634774208069,0.915664553642273,0.910603940486908,0.8808784484863281,0.875203013420105,3.0
2278,0.0,1.0,1.0,1.0,0.0,0.0,0.0,0.0,0.0,0.0,0.0,0.0,0.0,0.0,0.9088538289070129,0.9173188805580139,0.9019773602485657,0.8916162252426147,0.9093120098114014,0.9144454598426819,0.9016080498695374,0.8913045525550842,0.8924375772476196,0.902302086353302,0.909663736820221,0.9019661545753479,0.8744613528251648,0.8700361847877502,4.0
2279,0.0,0.0,0.0,0.0,0.0,1.0,1.0,1.0,0.0,0.0,0.0,1.0,1.0,0.0,0.9113162755966187,0.9193512797355652,0.9080720543861389,0.9005441069602966,0.9124429225921631,0.9174512028694153,0.9036020636558533,0.892440915107727,0.8936456441879272,0.9072728753089905,0.9165246486663818,0.9109510779380798,0.8813121914863586,0.8761958479881287,3.0
2280,0.0,0.0,0.0,0.0,1.0,1.0,0.0,0.0,0.0,0.0,0.0,1.0,1.0,0.0,0.9051686525344849,0.909357488155365,0.8944438695907593,0.8877054452896118,0.9034469723701477,0.909041166305542,0.8933811783790588,0.8838897943496704,0.8868423700332642,0.8941827416419983,0.9038631916046143,0.9042983651161194,0.8765031099319458,0.8573994636535645,4.0
2281,0.0,0.0,0.0,0.0,0.0,0.0,1.0,1.0,0.0,0.0,0.0,1.0,1.0,0.0,0.9115481972694397,0.9196445941925049,0.9073039293289185,0.8973344564437866,0.9105583429336548,0.914678692817688,0.9013113379478455,0.8916768431663513,0.8924961686134338,0.9034883379936218,0.911936342716217,0.9064350724220276,0.8779347538948059,0.872342050075531,1.0
2282,0.0,0.0,0.0,0.0,0.0,0.0,1.0,1.0,0.0,0.0,0.0,1.0,1.0,0.0,0.9102548360824585,0.9183856248855591,0.9052162170410156,0.8954417705535889,0.9098864197731018,0.9148399829864502,0.9009880423545837,0.8908190727233887,0.8918405175209045,0.9032396674156189,0.9115735292434692,0.9059219360351562,0.8769267201423645,0.869055449962616,4.0
2283,1.0,1.0,0.0,0.0,0.0,0.0,0.0,0.0,0.0,0.0,0.0,1.0,1.0,0.0,0.9071301221847534,0.9133596420288086,0.9068083167076111,0.9015026092529297,0.905950129032135,0.9087554812431335,0.8940960168838501,0.8868100047111511,0.8882031440734863,0.901187539100647,0.9128875136375427,0.9127323627471924,0.8828688263893127,0.8745943903923035,4.0
2284,1.0,1.0,0.0,0.0,0.0,0.0,1.0,1.0,0.0,0.0,0.0,1.0,1.0,0.0,0.9116330146789551,0.919096827507019,0.9063606262207031,0.8977615833282471,0.9118983149528503,0.9171115756034851,0.9047799706459045,0.8942212462425232,0.8949629664421082,0.9065773487091064,0.914529025554657,0.9077935814857483,0.8801035284996033,0.8767356276512146,0.0
2285,0.0,1.0,1.0,0.0,0.0,0.0,0.0,0.0,0.0,0.0,0.0,1.0,1.0,0.0,0.9118397235870361,0.9210638999938965,0.9100165367126465,0.900195837020874,0.9111819267272949,0.915391743183136,0.9017207622528076,0.8922144174575806,0.8936649560928345,0.9054425358772278,0.915397047996521,0.910409152507782,0.881168782711029,0.8747541308403015,1.0
2286,1.0,1.0,1.0,0.0,0.0,0.0,0.0,0.0,0.0,0.0,0.0,1.0,1.0,0.0,0.9102472066879272,0.9160740375518799,0.9053666591644287,0.896120011806488,0.9044596552848816,0.9092379212379456,0.8974234461784363,0.8905003666877747,0.892730176448822,0.9035444855690002,0.9120588302612305,0.9091203212738037,0.8818780183792114,0.8765192031860352,2.0
2287,0.0,0.0,1.0,1.0,0.0,0.0,0.0,0.0,0.0,0.0,0.0,0.0,0.0,0.0,0.9115010499954224,0.9184466004371643,0.9069399833679199,0.89795982837677,0.9087961912155151,0.9143432974815369,0.902193009853363,0.8922927379608154,0.8936649560928345,0.9066376090049744,0.9149152040481567,0.9101502299308777,0.881727933883667,0.8758496642112732,2.0
2288,1.0,1.0,0.0,0.0,1.0,1.0,0.0,0.0,0.0,0.0,0.0,1.0,1.0,0.0,0.9091588854789734,0.9174228310585022,0.9045314192771912,0.8981010913848877,0.9115872383117676,0.9179773926734924,0.9045431017875671,0.8926165103912354,0.8931742906570435,0.9058915972709656,0.9150840044021606,0.9091679453849792,0.8783859610557556,0.86678147315979,0.0
2289,0.0,0.0,0.0,0.0,0.0,0.0,0.0,0.0,0.0,1.0,1.0,1.0,1.0,0.0,0.9099531769752502,0.91796875,0.903717041015625,0.893835723400116,0.9102070331573486,0.9144734144210815,0.9006654620170593,0.8904375433921814,0.8905880451202393,0.9009125232696533,0.9087062478065491,0.9024067521095276,0.8739424347877502,0.8681848049163818,1.0
2290,1.0,1.0,1.0,1.0,0.0,0.0,0.0,0.0,0.0,0.0,0.0,1.0,1.0,0.0,0.9126256108283997,0.9202135801315308,0.9086179733276367,0.8986383080482483,0.909574568271637,0.9143804907798767,0.9018468856811523,0.8925986289978027,0.8936618566513062,0.9050236344337463,0.9136878252029419,0.9093050360679626,0.8814530372619629,0.8769223093986511,1.0
2291,0.0,0.0,0.0,0.0,1.0,1.0,1.0,1.0,0.0,0.0,0.0,1.0,1.0,0.0,0.9116876125335693,0.9195224046707153,0.9066937565803528,0.8975692987442017,0.9110831022262573,0.9150391817092896,0.9009063839912415,0.8909163475036621,0.8920431733131409,0.9041603207588196,0.9130545854568481,0.9074352979660034,0.8789564371109009,0.8748581409454346,3.0
2292,0.0,0.0,0.0,0.0,1.0,1.0,0.0,0.0,0.0,0.0,0.0,1.0,1.0,0.0,0.9115073084831238,0.9175945520401001,0.90256267786026,0.8941233158111572,0.9109277725219727,0.915976881980896,0.9022901654243469,0.8918895125389099,0.8939514756202698,0.9035090208053589,0.9121485352516174,0.9065457582473755,0.8786938190460205,0.8723722696304321,1.0
2293,0.0,0.0,0.0,0.0,0.0,0.0,1.0,1.0,0.0,0.0,0.0,1.0,1.0,0.0,0.9122700691223145,0.9191399812698364,0.9069074392318726,0.8983088135719299,0.9104492664337158,0.9153760075569153,0.9032160043716431,0.8932017683982849,0.895106315612793,0.907127320766449,0.9144627451896667,0.9080968499183655,0.8806072473526001,0.87562096118927,4.0
2294,0.0,0.0,0.0,1.0,1.0,0.0,0.0,0.0,0.0,0.0,0.0,1.0,1.0,0.0,0.9023185968399048,0.9155983924865723,0.9122117757797241,0.9102649092674255,0.9123345613479614,0.9104077219963074,0.8923105597496033,0.8847811222076416,0.888883113861084,0.903381884098053,0.9162570238113403,0.9164908528327942,0.8812780976295471,0.8629294633865356,0.0
2295,0.0,0.0,1.0,1.0,0.0,0.0,0.0,0.0,0.0,0.0,0.0,1.0,1.0,0.0,0.9111736416816711,0.9191156029701233,0.9060547947883606,0.895587682723999,0.9098154902458191,0.9142849445343018,0.9011392593383789,0.8916539549827576,0.8914604187011719,0.9022214412689209,0.9107638597488403,0.9047208428382874,0.876319408416748,0.8713343143463135,1.0
2296,0.0,1.0,1.0,0.0,0.0,0.0,0.0,0.0,0.0,0.0,0.0,1.0,1.0,0.0,0.9116916656494141,0.9184540510177612,0.9071022868156433,0.8976315855979919,0.9074296355247498,0.9123141169548035,0.8997287154197693,0.8912716507911682,0.8932906985282898,0.9048573970794678,0.9130842089653015,0.9092127680778503,0.8815410733222961,0.8745273351669312,2.0
2297,0.0,0.0,0.0,0.0,0.0,1.0,1.0,0.0,0.0,0.0,0.0,0.0,0.0,0.0,0.9101176261901855,0.9180523753166199,0.9038044810295105,0.894945502281189,0.9112669825553894,0.9148650169372559,0.9010137915611267,0.8902356028556824,0.8916047215461731,0.9020747542381287,0.9108244776725769,0.9043570756912231,0.8754787445068359,0.8686187267303467,0.0
2298,0.0,0.0,1.0,1.0,0.0,0.0,0.0,0.0,0.0,0.0,0.0,0.0,0.0,0.0,0.9109002351760864,0.9192417860031128,0.9070120453834534,0.8956717252731323,0.907677173614502,0.9124578237533569,0.9004999995231628,0.8919206261634827,0.8930836319923401,0.9030053615570068,0.9108217358589172,0.9054200649261475,0.8773603439331055,0.8721493482589722,4.0
2299,1.0,1.0,0.0,0.0,0.0,0.0,0.0,0.0,0.0,0.0,0.0,1.0,1.0,0.0,0.9116138815879822,0.9194685816764832,0.9077559113502502,0.899075984954834,0.9110033512115479,0.9164168834686279,0.9027257561683655,0.8923285007476807,0.8940494656562805,0.9067150950431824,0.9158501625061035,0.9100378751754761,0.8800973892211914,0.8733618855476379,3.0
2300,0.0,0.0,0.0,0.0,1.0,1.0,1.0,1.0,0.0,0.0,0.0,1.0,1.0,0.0,0.9129286408424377,0.9207049608230591,0.9085966944694519,0.8995006084442139,0.9109992980957031,0.9159154891967773,0.9029755592346191,0.8929637670516968,0.8944134712219238,0.9063674807548523,0.9148756265640259,0.9091483354568481,0.8807722330093384,0.8753325939178467,4.0
2301,1.0,1.0,0.0,0.0,0.0,1.0,1.0,1.0,0.0,0.0,0.0,1.0,1.0,0.0,0.9113881587982178,0.9174497127532959,0.9029102921485901,0.8944567441940308,0.9095801115036011,0.9154862761497498,0.9031878113746643,0.8925123810768127,0.894362211227417,0.9057093262672424,0.9130680561065674,0.9071144461631775,0.8792839646339417,0.8714406490325928,4.0
2302,1.0,1.0,0.0,0.0,0.0,0.0,0.0,0.0,0.0,0.0,0.0,0.0,0.0,0.0,0.9094287157058716,0.9152239561080933,0.905218780040741,0.8975741863250732,0.9053045511245728,0.9096944332122803,0.8963005542755127,0.8884032964706421,0.8898904919624329,0.902143657207489,0.9119200706481934,0.9099239706993103,0.8807215690612793,0.8701167106628418,4.0
2303,0.0,0.0,1.0,1.0,0.0,0.0,0.0,0.0,0.0,0.0,0.0,1.0,1.0,0.0,0.9124484062194824,0.9194355607032776,0.9073355793952942,0.8984992504119873,0.9107542634010315,0.9153838753700256,0.9023976922035217,0.8924847841262817,0.8936972618103027,0.9050294756889343,0.9137144684791565,0.9086105823516846,0.8802284598350525,0.8761113286018372,1.0
2304,0.0,0.0,0.0,0.0,0.0,0.0,0.0,0.0,0.0,1.0,1.0,0.0,0.0,0.0,0.9106146097183228,0.9137198328971863,0.9028300046920776,0.8965582847595215,0.9023305773735046,0.9053539633750916,0.8923822045326233,0.8867878913879395,0.890210747718811,0.9026304483413696,0.9115817546844482,0.9085260033607483,0.881339430809021,0.8747318983078003,3.0
2305,1.0,0.0,1.0,1.0,0.0,0.0,0.0,0.0,0.0,0.0,0.0,0.0,0.0,0.0,0.9098439812660217,0.9179397225379944,0.9038273692131042,0.8926084041595459,0.9080472588539124,0.9126701951026917,0.8998464345932007,0.8904011249542236,0.8922095894813538,0.9015643000602722,0.9083427786827087,0.901643693447113,0.8751874566078186,0.8708431124687195,3.0
2306,1.0,1.0,0.0,0.0,1.0,1.0,0.0,0.0,0.0,0.0,0.0,1.0,1.0,0.0,0.908790111541748,0.915618896484375,0.901452898979187,0.8961255550384521,0.9132992625236511,0.9190849661827087,0.9056933522224426,0.8930188417434692,0.8931224346160889,0.9064422249794006,0.9155282378196716,0.9084513783454895,0.8784335255622864,0.8729450106620789,3.0
2307,0.0,0.0,0.0,0.0,1.0,1.0,0.0,0.0,0.0,0.0,0.0,1.0,1.0,0.0,0.9107053279876709,0.9163769483566284,0.9076977968215942,0.900496244430542,0.9073405861854553,0.9099628329277039,0.8978378176689148,0.8910035490989685,0.8941923379898071,0.9060706496238708,0.9151142239570618,0.9112656116485596,0.8826839327812195,0.8767611980438232,1.0
2308,1.0,1.0,0.0,0.0,0.0,1.0,1.0,1.0,0.0,0.0,0.0,1.0,1.0,0.0,0.9121635556221008,0.9188143014907837,0.9043753743171692,0.8961113095283508,0.9111942052841187,0.9173676371574402,0.9035726189613342,0.8920577764511108,0.8936360478401184,0.9046909213066101,0.9141572713851929,0.9088791012763977,0.8798975348472595,0.8702852129936218,0.0
2309,0.0,0.0,0.0,1.0,1.0,0.0,0.0,0.0,0.0,0.0,0.0,1.0,1.0,0.0,0.9045438766479492,0.9140526652336121,0.9062105417251587,0.9006754159927368,0.9065758585929871,0.909758448600769,0.895605206489563,0.8863446116447449,0.8871839642524719,0.8993088603019714,0.9110913276672363,0.9104188084602356,0.8782863616943359,0.8603341579437256,1.0
2310,0.0,0.0,0.0,0.0,0.0,0.0,1.0,1.0,0.0,0.0,0.0,1.0,1.0,0.0,0.9118075966835022,0.9190478920936584,0.9060378074645996,0.895877480506897,0.9101071953773499,0.9146323204040527,0.9023261070251465,0.893198549747467,0.8940607309341431,0.9045445919036865,0.9113354682922363,0.9050623178482056,0.8788116574287415,0.8745943903923035,4.0
2311,0.0,0.0,0.0,0.0,1.0,1.0,0.0,0.0,0.0,0.0,0.0,1.0,1.0,0.0,0.9122537970542908,0.9201412200927734,0.9069446921348572,0.8974031805992126,0.9112998247146606,0.9162583351135254,0.9026811718940735,0.8927464485168457,0.8946565985679626,0.9061486124992371,0.9147250056266785,0.9084358811378479,0.8803966045379639,0.8756393790245056,2.0
2312,0.0,0.0,0.0,1.0,1.0,0.0,0.0,0.0,0.0,0.0,0.0,1.0,1.0,0.0,0.9027038216590881,0.9095920324325562,0.9026975035667419,0.9023619890213013,0.9032067060470581,0.9017748236656189,0.8869546055793762,0.8815590143203735,0.8845890760421753,0.8976790904998779,0.9086949825286865,0.9092798829078674,0.8783923387527466,0.8605539798736572,3.0
2313,0.0,0.0,1.0,1.0,0.0,0.0,0.0,0.0,0.0,0.0,0.0,1.0,1.0,0.0,0.9107315540313721,0.9195235967636108,0.9087526798248291,0.9001569747924805,0.9079439043998718,0.9132549166679382,0.9001988172531128,0.8907002806663513,0.8915195465087891,0.9047698378562927,0.9153655171394348,0.9126337170600891,0.8827223777770996,0.8717594146728516,2.0
2314,0.0,0.0,0.0,0.0,1.0,1.0,0.0,0.0,0.0,0.0,0.0,1.0,1.0,0.0,0.9082255363464355,0.9196844100952148,0.91213059425354,0.905179500579834,0.9123820066452026,0.9153589010238647,0.8996950387954712,0.8905978798866272,0.8929994106292725,0.9060187339782715,0.9169594049453735,0.9135258197784424,0.8814615607261658,0.8714178204536438,1.0
2315,0.0,0.0,0.0,0.0,1.0,1.0,0.0,0.0,0.0,0.0,0.0,1.0,1.0,0.0,0.9091007709503174,0.9154407382011414,0.8989406228065491,0.8894761800765991,0.9099156856536865,0.9146998524665833,0.8991644382476807,0.8884217739105225,0.8896527886390686,0.9005030393600464,0.908311665058136,0.9011754393577576,0.873111367225647,0.8671920299530029,3.0
2316,0.0,1.0,1.0,0.0,0.0,0.0,0.0,0.0,0.0,0.0,0.0,0.0,0.0,0.0,0.9094419479370117,0.9175949692726135,0.9047894477844238,0.8961523771286011,0.9095898866653442,0.9134615659713745,0.8997501134872437,0.8900847434997559,0.8902406096458435,0.9020268321037292,0.9104326367378235,0.9047514796257019,0.8750036358833313,0.8687270283699036,4.0
2317,0.0,0.0,1.0,1.0,0.0,0.0,0.0,0.0,0.0,0.0,0.0,1.0,1.0,1.0,0.9115106463432312,0.9186651706695557,0.9063718318939209,0.8966938853263855,0.9098043441772461,0.9140800833702087,0.9013475179672241,0.8919696807861328,0.8937294483184814,0.9040574431419373,0.9115598797798157,0.9053874015808105,0.8782839775085449,0.8719602227210999,4.0
2318,1.0,1.0,0.0,0.0,0.0,0.0,0.0,0.0,0.0,0.0,0.0,1.0,1.0,0.0,0.9123345613479614,0.9199342131614685,0.9073587656021118,0.8986228108406067,0.9116937518119812,0.9165194034576416,0.9025321006774902,0.8922014236450195,0.8939289450645447,0.9059926867485046,0.9149152040481567,0.9090573191642761,0.8801614046096802,0.8748730421066284,2.0
2319,0.0,1.0,1.0,1.0,0.0,0.0,0.0,0.0,0.0,0.0,0.0,1.0,1.0,0.0,0.9098008871078491,0.9181722402572632,0.9078298211097717,0.89984530210495,0.9079948663711548,0.9134843349456787,0.900888204574585,0.8911829590797424,0.8919941186904907,0.9041956067085266,0.9150233864784241,0.9111695885658264,0.8817262053489685,0.872986376285553,0.0
2320,1.0,0.0,0.0,0.0,0.0,0.0,0.0,0.0,0.0,0.0,0.0,0.0,0.0,0.0,0.9122931957244873,0.9196867346763611,0.9064555764198303,0.8976027965545654,0.9115339517593384,0.9161476492881775,0.9022154808044434,0.8915950059890747,0.8934811949729919,0.9050907492637634,0.9139574766159058,0.9079694151878357,0.8788763880729675,0.8717253804206848,4.0
2321,1.0,1.0,0.0,0.0,1.0,1.0,0.0,0.0,0.0,0.0,0.0,1.0,1.0,0.0,0.9078838229179382,0.9130651354789734,0.8999197483062744,0.8928064703941345,0.9055745601654053,0.9111242294311523,0.8969950675964355,0.8871346712112427,0.8886266350746155,0.89891517162323,0.9091777205467224,0.9070301055908203,0.8781219720840454,0.8627127408981323,0.0
2322,0.0,0.0,0.0,1.0,1.0,0.0,0.0,0.0,0.0,0.0,0.0,1.0,1.0,0.0,0.9123101830482483,0.9208391308784485,0.9089503288269043,0.8999007344245911,0.9115954637527466,0.9162596464157104,0.9034233093261719,0.8931872248649597,0.8942340016365051,0.9061398506164551,0.9147699475288391,0.9090741276741028,0.8805092573165894,0.8754250407218933,0.0
2323,0.0,0.0,0.0,0.0,1.0,1.0,1.0,1.0,0.0,0.0,0.0,1.0,1.0,0.0,0.9109442830085754,0.9193201661109924,0.908168613910675,0.9002369046211243,0.9101696014404297,0.9157848954200745,0.9023141264915466,0.8925579786300659,0.8938003182411194,0.9072157740592957,0.9165712594985962,0.9100072383880615,0.8805127739906311,0.8757058382034302,2.0
2324,0.0,0.0,0.0,0.0,0.0,0.0,0.0,1.0,1.0,0.0,0.0,1.0,1.0,0.0,0.9122205972671509,0.9202243685722351,0.9083392024040222,0.8987979292869568,0.9094056487083435,0.9149758815765381,0.9024575352668762,0.8927042484283447,0.8945286870002747,0.9068784117698669,0.9148174524307251,0.9094922542572021,0.8813220262527466,0.8756615519523621,4.0
2325,0.0,0.0,1.0,1.0,0.0,0.0,0.0,0.0,0.0,0.0,0.0,1.0,1.0,0.0,0.9110968112945557,0.9182412028312683,0.9059826135635376,0.8969840407371521,0.9098794460296631,0.9153575897216797,0.9023976922035217,0.8929054141044617,0.894717276096344,0.9048107266426086,0.9136743545532227,0.9085063338279724,0.8808444738388062,0.8757390379905701,1.0
2326,1.0,1.0,0.0,0.0,0.0,0.0,0.0,1.0,1.0,0.0,0.0,0.0,0.0,0.0,0.9123358726501465,0.9199516177177429,0.907606840133667,0.8983606696128845,0.9106701612472534,0.9150906205177307,0.902370810508728,0.8925043344497681,0.8944615125656128,0.9063674807548523,0.9139147996902466,0.9074801802635193,0.8799683451652527,0.8755174875259399,4.0
2327,0.0,0.0,0.0,0.0,1.0,1.0,0.0,0.0,0.0,0.0,0.0,1.0,1.0,0.0,0.9101986885070801,0.9210216403007507,0.9103549122810364,0.902797281742096,0.9155671000480652,0.9187343716621399,0.902573823928833,0.8930026292800903,0.8950840830802917,0.907483696937561,0.9173510074615479,0.9128214120864868,0.8819152116775513,0.8728284239768982,2.0
2328,0.0,0.0,1.0,1.0,0.0,0.0,0.0,0.0,0.0,0.0,0.0,0.0,0.0,0.0,0.9101217985153198,0.9177049398422241,0.9076167345046997,0.8998895287513733,0.9074915647506714,0.9122137427330017,0.8989059329032898,0.8896277546882629,0.8910595774650574,0.904971182346344,0.9145078063011169,0.9106894135475159,0.8803758025169373,0.8712049722671509,0.0
2329,0.0,0.0,1.0,1.0,0.0,0.0,0.0,0.0,0.0,0.0,0.0,1.0,1.0,0.0,0.9115263819694519,0.9205589294433594,0.9095309972763062,0.9003061652183533,0.9111723303794861,0.9167331457138062,0.9034794569015503,0.8928827047348022,0.8937616348266602,0.9056803584098816,0.9161033630371094,0.9122070074081421,0.8823480010032654,0.8747504949569702,1.0
2330,0.0,0.0,0.0,0.0,0.0,0.0,1.0,1.0,0.0,0.0,0.0,1.0,1.0,0.0,0.9107998013496399,0.9207814335823059,0.9090348482131958,0.8987169861793518,0.9097431898117065,0.9152287840843201,0.9013203382492065,0.8907415270805359,0.892772376537323,0.9051693677902222,0.9159860014915466,0.9122436046600342,0.8817262053489685,0.8711745142936707,4.0
2331,1.0,1.0,1.0,0.0,0.0,0.0,0.0,0.0,0.0,1.0,1.0,1.0,1.0,0.0,0.9106504917144775,0.9170398116111755,0.907211184501648,0.8987390398979187,0.9074581265449524,0.9122775197029114,0.9003084897994995,0.8921002745628357,0.8936956524848938,0.9044596552848816,0.9139094948768616,0.9105321764945984,0.8825445771217346,0.8770759701728821,1.0
2332,0.0,1.0,1.0,1.0,0.0,0.0,0.0,0.0,0.0,0.0,0.0,1.0,1.0,0.0,0.9101293683052063,0.9180805087089539,0.9083039164543152,0.901178240776062,0.9069557785987854,0.9113573431968689,0.8973859548568726,0.8888328671455383,0.8905764222145081,0.9051576256752014,0.915168285369873,0.910926342010498,0.8803793787956238,0.8705682754516602,2.0
2333,0.0,0.0,0.0,0.0,0.0,0.0,1.0,1.0,0.0,0.0,0.0,1.0,1.0,0.0,0.8992596864700317,0.9098377823829651,0.906436562538147,0.9082028865814209,0.9072155952453613,0.9043086767196655,0.888127326965332,0.881550133228302,0.8834697604179382,0.8979777097702026,0.910147488117218,0.91083824634552,0.8762262463569641,0.8539068102836609,0.0
2334,1.0,1.0,1.0,0.0,0.0,0.0,0.0,0.0,0.0,0.0,0.0,1.0,1.0,0.0,0.9105984568595886,0.9188686013221741,0.9065229296684265,0.8960276246070862,0.9093721508979797,0.9142662882804871,0.901288628578186,0.8915424942970276,0.8926717638969421,0.9031714797019958,0.9115024209022522,0.9060288071632385,0.8776952028274536,0.8704420924186707,4.0
2335,0.0,0.0,1.0,1.0,0.0,0.0,0.0,0.0,0.0,0.0,0.0,1.0,1.0,0.0,0.9089212417602539,0.9190055131912231,0.9101994037628174,0.9026269912719727,0.9081194400787354,0.9129064679145813,0.8999579548835754,0.8901345133781433,0.8909558653831482,0.9048019647598267,0.9162414073944092,0.9128119945526123,0.8815581202507019,0.8704077005386353,0.0
2336,0.0,1.0,1.0,0.0,0.0,0.0,0.0,0.0,1.0,1.0,0.0,1.0,1.0,0.0,0.9106874465942383,0.9199585318565369,0.9080423712730408,0.901059091091156,0.912353515625,0.9181546568870544,0.9046587347984314,0.8932874798774719,0.8931030631065369,0.9058713912963867,0.916327178478241,0.9114558696746826,0.8812373280525208,0.8724967837333679,1.0
2337,0.0,0.0,0.0,1.0,1.0,0.0,0.0,0.0,0.0,0.0,0.0,0.0,0.0,0.0,0.9121825098991394,0.9207141399383545,0.9080108404159546,0.9002193808555603,0.9128714203834534,0.9177613854408264,0.9039456248283386,0.8927237391471863,0.8943365812301636,0.9066146612167358,0.9159024953842163,0.9101973176002502,0.881184995174408,0.8757648468017578,2.0
2338,1.0,1.0,0.0,0.0,0.0,0.0,0.0,0.0,0.0,0.0,0.0,1.0,1.0,0.0,0.9119241833686829,0.9197520017623901,0.9071590900421143,0.8976120948791504,0.9101640582084656,0.9156094789505005,0.9037261009216309,0.8936859369277954,0.8951413631439209,0.9058771133422852,0.9141652584075928,0.9089521169662476,0.8813570141792297,0.87745201587677,0.0
2339,0.0,0.0,0.0,0.0,0.0,0.0,1.0,1.0,0.0,0.0,0.0,1.0,1.0,0.0,0.9120078682899475,0.9201368689537048,0.9074079394340515,0.8996576070785522,0.912140429019928,0.9178893566131592,0.9038012623786926,0.8928794860839844,0.894278883934021,0.9071444869041443,0.9162206053733826,0.9102790951728821,0.8814864158630371,0.8757833242416382,2.0
2340,0.0,0.0,0.0,0.0,1.0,1.0,0.0,0.0,0.0,0.0,0.0,1.0,1.0,0.0,0.9104015231132507,0.9195894598960876,0.9062726497650146,0.8955765962600708,0.9099753499031067,0.9140760898590088,0.8998402953147888,0.8904143571853638,0.892000675201416,0.9038720726966858,0.912094235420227,0.9061492681503296,0.8778390288352966,0.8722741603851318,2.0
2341,1.0,1.0,0.0,0.0,0.0,0.0,0.0,0.0,0.0,0.0,0.0,0.0,0.0,0.0,0.910403311252594,0.9154096245765686,0.9057657122612,0.8980312943458557,0.9047639966011047,0.9083738327026367,0.8964139819145203,0.8901676535606384,0.8927204012870789,0.9053002595901489,0.9133529663085938,0.9087744355201721,0.8813712000846863,0.8757280111312866,2.0
2342,1.0,1.0,0.0,0.0,1.0,1.0,1.0,1.0,0.0,0.0,0.0,1.0,1.0,0.0,0.911170244216919,0.920375406742096,0.9081919193267822,0.8996660113334656,0.9107969999313354,0.9165557622909546,0.9026170372962952,0.892188310623169,0.8936553597450256,0.9067093133926392,0.9161892533302307,0.9109277725219727,0.8812896013259888,0.8739868402481079,4.0
2343,1.0,1.0,0.0,0.0,1.0,1.0,0.0,1.0,1.0,0.0,0.0,1.0,1.0,0.0,0.908840537071228,0.9157581329345703,0.9077453017234802,0.9016273021697998,0.9051565527915955,0.9082042574882507,0.8936618566513062,0.8864367604255676,0.8888797760009766,0.9030557870864868,0.9134682416915894,0.9108603000640869,0.8801301121711731,0.8699901700019836,4.0
2344,1.0,1.0,0.0,0.0,0.0,0.0,0.0,0.0,0.0,1.0,1.0,0.0,0.0,0.0,0.9122382402420044,0.9202361702919006,0.9096400737762451,0.8993380665779114,0.908762514591217,0.9134361147880554,0.900293231010437,0.8918339610099792,0.893474817276001,0.9057411551475525,0.914687991142273,0.9102084040641785,0.8818262815475464,0.8768454194068909,3.0
2345,0.0,0.0,1.0,1.0,1.0,1.0,0.0,0.0,0.0,0.0,0.0,1.0,1.0,0.0,0.9116363525390625,0.9196966290473938,0.9074506163597107,0.8996284604072571,0.9115981459617615,0.9173510074615479,0.9039736390113831,0.8928762674331665,0.8941762447357178,0.9073327779769897,0.9164934754371643,0.9098711609840393,0.8810637593269348,0.8753029704093933,2.0
2346,1.0,1.0,0.0,0.0,1.0,1.0,0.0,0.0,0.0,0.0,0.0,1.0,1.0,0.0,0.9094654321670532,0.9159677028656006,0.9042147397994995,0.8957952260971069,0.9074937105178833,0.9131730198860168,0.9002354145050049,0.8905532956123352,0.8922812342643738,0.9022842645645142,0.9113902449607849,0.9089857935905457,0.8806357979774475,0.8711822032928467,4.0
2347,0.0,0.0,0.0,0.0,1.0,1.0,1.0,1.0,0.0,0.0,0.0,1.0,1.0,0.0,0.911066472530365,0.9158090949058533,0.9046177268028259,0.8964035511016846,0.906129777431488,0.9107183814048767,0.8974546194076538,0.8890504837036133,0.8912323117256165,0.9029577970504761,0.9122083783149719,0.9091217517852783,0.8817509412765503,0.8743001818656921,4.0
2348,0.0,0.0,1.0,1.0,0.0,0.0,0.0,1.0,1.0,0.0,0.0,1.0,1.0,0.0,0.911677360534668,0.9192661643028259,0.9060807824134827,0.8990044593811035,0.912725567817688,0.9165557622909546,0.9029117226600647,0.8920676112174988,0.8922910094261169,0.9047171473503113,0.9137652516365051,0.9081823825836182,0.8791372179985046,0.8745831251144409,1.0
2349,1.0,1.0,0.0,0.0,0.0,0.0,0.0,0.0,0.0,1.0,1.0,0.0,0.0,0.0,0.9114733934402466,0.9141380786895752,0.9031908512115479,0.8970358967781067,0.9027615189552307,0.9056629538536072,0.8925807476043701,0.886731743812561,0.8897526264190674,0.9024694561958313,0.9113902449607849,0.9096762537956238,0.8826090693473816,0.8772038221359253,4.0
2350,0.0,1.0,1.0,0.0,0.0,0.0,0.0,0.0,1.0,1.0,0.0,1.0,1.0,0.0,0.912180483341217,0.920043408870697,0.9086500406265259,0.8988751173019409,0.9092701077461243,0.9147236943244934,0.9021255970001221,0.8926896452903748,0.8942500352859497,0.9063616991043091,0.9147222638130188,0.9102721810340881,0.8822531700134277,0.8762179017066956,2.0
2351,1.0,1.0,0.0,0.0,0.0,0.0,0.0,0.0,0.0,0.0,0.0,1.0,1.0,0.0,0.9099948406219482,0.9176349639892578,0.9032449126243591,0.8950856924057007,0.9120330214500427,0.9158653020858765,0.9004331231117249,0.8896377682685852,0.8910365104675293,0.903547465801239,0.9121295213699341,0.9047099351882935,0.8752171397209167,0.8680644035339355,4.0
2352,1.0,1.0,0.0,0.0,0.0,0.0,0.0,0.0,0.0,0.0,0.0,1.0,1.0,0.0,0.9109992980957031,0.9203177690505981,0.9096300005912781,0.9013150930404663,0.9113327264785767,0.9156893491744995,0.901407778263092,0.8911665081977844,0.893200159072876,0.9067093133926392,0.9168715476989746,0.9114108085632324,0.8810881972312927,0.8757501244544983,3.0
2353,0.0,0.0,0.0,0.0,0.0,0.0,1.0,1.0,0.0,0.0,0.0,1.0,1.0,0.0,0.9107246398925781,0.9173935651779175,0.9059998989105225,0.8978109955787659,0.9068326354026794,0.9114353656768799,0.8978223204612732,0.8892776966094971,0.8915490508079529,0.9042161703109741,0.9126958847045898,0.9083794355392456,0.8792234063148499,0.8715925812721252,3.0
2354,0.0,1.0,1.0,0.0,0.0,0.0,0.0,0.0,0.0,0.0,0.0,0.0,0.0,0.0,0.9104547500610352,0.9179955720901489,0.908444344997406,0.9004911184310913,0.9063898324966431,0.9108520746231079,0.8965461254119873,0.8882637023925781,0.8909030556678772,0.9045767784118652,0.9146456122398376,0.9106618165969849,0.8803717494010925,0.8723270297050476,4.0
2355,0.0,1.0,1.0,0.0,0.0,0.0,0.0,0.0,1.0,1.0,0.0,0.0,0.0,0.0,0.9107267260551453,0.9190817475318909,0.9060681462287903,0.8978875875473022,0.9123169183731079,0.9160134196281433,0.9012599587440491,0.8909558653831482,0.8926197290420532,0.905134379863739,0.9135245084762573,0.9063776135444641,0.8774871826171875,0.872409999370575,4.0
2356,0.0,0.0,1.0,1.0,1.0,0.0,0.0,0.0,0.0,0.0,0.0,1.0,1.0,0.0,0.9052056670188904,0.9127337336540222,0.9053307175636292,0.9021784067153931,0.9048445224761963,0.9061269760131836,0.8915687203407288,0.8847326636314392,0.8865442872047424,0.9008549451828003,0.911761999130249,0.9089071750640869,0.8772467374801636,0.8652786016464233,0.0
2357,0.0,0.0,0.0,0.0,1.0,1.0,0.0,0.0,0.0,0.0,0.0,1.0,1.0,0.0,0.9081944823265076,0.9197625517845154,0.9086683392524719,0.9000906348228455,0.9140657186508179,0.9165434241294861,0.8991122245788574,0.890341579914093,0.8931450843811035,0.9062667489051819,0.9162232279777527,0.9104063510894775,0.8786881566047668,0.8676132559776306,4.0
2358,0.0,0.0,0.0,1.0,1.0,0.0,0.0,0.0,0.0,0.0,0.0,1.0,1.0,0.0,0.8979528546333313,0.9094768762588501,0.9066893458366394,0.9077389240264893,0.9056904315948486,0.9020478129386902,0.8874737620353699,0.881016194820404,0.8830011487007141,0.8980429172515869,0.910686731338501,0.911745548248291,0.8773617148399353,0.8573125004768372,2.0
2359,0.0,0.0,1.0,1.0,0.0,0.0,0.0,0.0,0.0,0.0,0.0,1.0,1.0,1.0,0.9121471643447876,0.9203541874885559,0.9084838032722473,0.8978455662727356,0.9088734984397888,0.9140813946723938,0.9006609320640564,0.8916359543800354,0.8936811685562134,0.9056774377822876,0.9142476320266724,0.9097292423248291,0.880977988243103,0.8739607334136963,2.0
2360,0.0,0.0,1.0,1.0,0.0,0.0,0.0,0.0,0.0,0.0,0.0,1.0,1.0,0.0,0.9128194451332092,0.9197624325752258,0.9090703129768372,0.900040328502655,0.9088636636734009,0.9120833277702332,0.9001805782318115,0.8922650218009949,0.8942565321922302,0.905813455581665,0.9135326147079468,0.9088335037231445,0.8819214701652527,0.8773790597915649,4.0
2361,0.0,0.0,0.0,0.0,0.0,0.0,0.0,0.0,0.0,1.0,1.0,0.0,0.0,0.0,0.9097935557365417,0.9173679351806641,0.9043732285499573,0.8982306122779846,0.9134562015533447,0.9190547466278076,0.9060750007629395,0.8938502073287964,0.8931321501731873,0.9057237505912781,0.9146376252174377,0.9079793691635132,0.8784348368644714,0.8743076920509338,1.0
2362,0.0,0.0,0.0,0.0,0.0,1.0,1.0,1.0,0.0,0.0,1.0,1.0,0.0,0.0,0.9083554148674011,0.9182001948356628,0.9093106389045715,0.9024409055709839,0.9081916213035583,0.9128214120864868,0.899589478969574,0.8899320363998413,0.891457200050354,0.9055325388908386,0.9154731631278992,0.910515546798706,0.8792670965194702,0.8706523180007935,4.0
2363,0.0,0.0,0.0,1.0,1.0,1.0,0.0,0.0,0.0,0.0,0.0,1.0,1.0,0.0,0.9063811302185059,0.9157201051712036,0.9079836010932922,0.9024925827980042,0.9064703583717346,0.9086527824401855,0.8926522731781006,0.8845198750495911,0.8880329728126526,0.902080774307251,0.913000762462616,0.9113765954971313,0.8784059286117554,0.8631178736686707,4.0
2364,0.0,1.0,1.0,0.0,0.0,0.0,0.0,0.0,0.0,1.0,1.0,1.0,1.0,0.0,0.9095368981361389,0.9192790389060974,0.9090090990066528,0.8988633155822754,0.9076941609382629,0.9132629632949829,0.8991705775260925,0.8891908526420593,0.8908075094223022,0.9036301970481873,0.9149627089500427,0.9136208295822144,0.8831350803375244,0.8708202242851257,4.0
2365,1.0,1.0,0.0,0.0,0.0,0.0,0.0,0.0,0.0,0.0,0.0,0.0,0.0,0.0,0.9107921719551086,0.9180999994277954,0.9061775803565979,0.896287202835083,0.9071387052536011,0.9126323461532593,0.9002079963684082,0.8917750716209412,0.8942276239395142,0.9049566388130188,0.9127715826034546,0.9085260033607483,0.8810780048370361,0.8743933439254761,2.0
2366,0.0,0.0,0.0,0.0,0.0,0.0,0.0,0.0,0.0,1.0,1.0,1.0,1.0,0.0,0.9106777310371399,0.916878342628479,0.902599573135376,0.892730176448822,0.909149706363678,0.9140427112579346,0.902249813079834,0.893119215965271,0.894832193851471,0.9044362306594849,0.9105735421180725,0.9033129811286926,0.8776719570159912,0.8719488382339478,4.0
2367,0.0,0.0,1.0,1.0,1.0,0.0,0.0,0.0,0.0,0.0,0.0,1.0,1.0,0.0,0.9117721915245056,0.9188621640205383,0.9071643948554993,0.8974024057388306,0.909736156463623,0.9145171642303467,0.9017147421836853,0.8924539089202881,0.8942276239395142,0.9048953652381897,0.913135290145874,0.9078382849693298,0.8799136281013489,0.8754768371582031,1.0
2368,0.0,0.0,1.0,1.0,0.0,0.0,0.0,0.0,0.0,0.0,0.0,1.0,1.0,0.0,0.9080926179885864,0.9178720712661743,0.9092904329299927,0.9024132490158081,0.9082792401313782,0.9124524593353271,0.8979077339172363,0.8887960314750671,0.8911550045013428,0.9054687023162842,0.915740430355072,0.9106922149658203,0.878637969493866,0.8697099089622498,4.0
2369,0.0,1.0,1.0,1.0,0.0,0.0,0.0,0.0,0.0,0.0,0.0,1.0,1.0,0.0,0.9122679829597473,0.9201282858848572,0.9084789156913757,0.8988457918167114,0.9092798829078674,0.913762629032135,0.9014258980751038,0.8924375772476196,0.894503116607666,0.9073641896247864,0.9145104885101318,0.9086190462112427,0.8812949657440186,0.8765082359313965,4.0
2370,1.0,1.0,0.0,0.0,0.0,1.0,1.0,1.0,0.0,0.0,1.0,1.0,1.0,0.0,0.9123327732086182,0.9180015325546265,0.9072122573852539,0.8983456492424011,0.9068454504013062,0.9118165373802185,0.8995296955108643,0.8911303281784058,0.8925027251243591,0.904600203037262,0.913805365562439,0.9100878238677979,0.8823838829994202,0.8777797818183899,0.0
2371,1.0,1.0,0.0,0.0,0.0,0.0,0.0,0.0,0.0,0.0,0.0,0.0,0.0,0.0,0.912079930305481,0.920154333114624,0.908953845500946,0.8984249234199524,0.9078021049499512,0.912617564201355,0.8996338844299316,0.8911681771278381,0.8932874798774719,0.9052681922912598,0.9141784906387329,0.9100170135498047,0.8816311955451965,0.8770174384117126,3.0
2372,0.0,0.0,0.0,1.0,1.0,0.0,0.0,0.0,0.0,0.0,0.0,1.0,1.0,0.0,0.9004817605018616,0.9114990830421448,0.9078688025474548,0.9104135632514954,0.9108148813247681,0.9049201607704163,0.8876886367797852,0.88197261095047,0.8859511613845825,0.9013926386833191,0.9140533804893494,0.915638267993927,0.8816182017326355,0.861717700958252,2.0
2373,0.0,1.0,1.0,0.0,0.0,0.0,0.0,0.0,0.0,0.0,0.0,1.0,1.0,0.0,0.9120765328407288,0.9196240305900574,0.9075952768325806,0.8978160619735718,0.9096776843070984,0.9139041304588318,0.9006518125534058,0.8915195465087891,0.8926522731781006,0.9042954444885254,0.9124469757080078,0.9064832925796509,0.8785000443458557,0.8731780052185059,4.0
2374,0.0,1.0,1.0,0.0,0.0,0.0,0.0,0.0,0.0,0.0,0.0,0.0,0.0,0.0,0.9094622731208801,0.9180406332015991,0.9038184285163879,0.8951254487037659,0.9120330214500427,0.9163395762443542,0.90008145570755,0.888975203037262,0.8898057341575623,0.9023200869560242,0.9124252796173096,0.9065874218940735,0.8761820197105408,0.868510365486145,3.0
2375,0.0,0.0,1.0,1.0,0.0,0.0,0.0,1.0,1.0,0.0,0.0,0.0,0.0,1.0,0.9106715321540833,0.919792115688324,0.9077402949333191,0.9007890820503235,0.913695752620697,0.9189057350158691,0.9050425887107849,0.8935554027557373,0.8935360908508301,0.906050443649292,0.9161450266838074,0.9106659889221191,0.8805230259895325,0.8743561506271362,1.0
2376,0.0,0.0,0.0,0.0,1.0,1.0,0.0,0.0,0.0,0.0,0.0,0.0,0.0,0.0,0.9109352827072144,0.9196364283561707,0.9062290787696838,0.8952367901802063,0.9095591902732849,0.9147368669509888,0.9024842977523804,0.8928599953651428,0.8931030631065369,0.9028537273406982,0.9106342792510986,0.9045190215110779,0.8773937225341797,0.8742145895957947,0.0
2377,1.0,1.0,0.0,0.0,0.0,0.0,0.0,0.0,0.0,0.0,0.0,0.0,0.0,0.0,0.9124822616577148,0.9198464751243591,0.9075456857681274,0.8980095386505127,0.9082877039909363,0.9125999808311462,0.8998479843139648,0.8909492492675781,0.8922355771064758,0.9041457176208496,0.9140080809593201,0.9096198678016663,0.8803257346153259,0.8761443495750427,4.0
2378,0.0,0.0,1.0,1.0,0.0,0.0,0.0,0.0,0.0,0.0,0.0,1.0,1.0,0.0,0.9105435013771057,0.9172674417495728,0.9056650996208191,0.8975279927253723,0.9066764116287231,0.9125269055366516,0.9002870917320251,0.8910249471664429,0.8923089504241943,0.9050469994544983,0.9140400290489197,0.9093567728996277,0.8805596232414246,0.8726024031639099,2.0
2379,0.0,1.0,1.0,0.0,1.0,1.0,0.0,0.0,0.0,1.0,1.0,1.0,1.0,0.0,0.9088411927223206,0.9194961786270142,0.9068334102630615,0.8967676162719727,0.9117796421051025,0.9153575897216797,0.8985849618911743,0.8893261551856995,0.8917717337608337,0.9046353101730347,0.913508415222168,0.9081625938415527,0.8781002163887024,0.8688275218009949,3.0
2380,0.0,1.0,1.0,0.0,0.0,0.0,0.0,0.0,0.0,0.0,0.0,0.0,0.0,0.0,0.9114473462104797,0.919170081615448,0.9071508646011353,0.8985285758972168,0.9107776284217834,0.9160916209220886,0.9019279479980469,0.891481876373291,0.8926864266395569,0.9046996831893921,0.9144150018692017,0.9102915525436401,0.8806999325752258,0.8725835084915161,1.0
2381,0.0,0.0,1.0,1.0,0.0,0.0,0.0,0.0,0.0,0.0,0.0,0.0,0.0,0.0,0.9121485352516174,0.9193033576011658,0.906528115272522,0.8966475129127502,0.9085965156555176,0.9131151437759399,0.9008185863494873,0.8922160267829895,0.8943493366241455,0.9050003886222839,0.9125525951385498,0.9074252843856812,0.8802140355110168,0.8760449886322021,2.0
2382,0.0,0.0,0.0,1.0,1.0,0.0,0.0,0.0,0.0,0.0,0.0,1.0,1.0,0.0,0.8947747349739075,0.9075036644935608,0.9057831168174744,0.9113970994949341,0.9096003174781799,0.9021406173706055,0.8839523792266846,0.8782500624656677,0.8814757466316223,0.8965586423873901,0.9100642204284668,0.9134575128555298,0.8770521879196167,0.8521682620048523,0.0
2383,1.0,1.0,0.0,0.0,0.0,0.0,0.0,0.0,0.0,0.0,0.0,1.0,1.0,0.0,0.910833477973938,0.9161139130592346,0.9059292078018188,0.8985710144042969,0.905140221118927,0.9085091352462769,0.8949694037437439,0.88823002576828,0.8914867043495178,0.9046090245246887,0.9131621718406677,0.9088917374610901,0.8807384967803955,0.872960090637207,3.0
2384,0.0,0.0,0.0,1.0,1.0,0.0,0.0,0.0,0.0,0.0,0.0,1.0,1.0,0.0,0.8971609473228455,0.9102749824523926,0.9082057476043701,0.9125668406486511,0.9106281399726868,0.902249813079834,0.8842043280601501,0.8787568211555481,0.8838114738464355,0.9000342488288879,0.9132266640663147,0.9156487584114075,0.8806665539741516,0.8597157001495361,2.0
2385,0.0,1.0,1.0,0.0,0.0,0.0,0.0,0.0,0.0,0.0,0.0,1.0,1.0,0.0,0.911710798740387,0.9200015068054199,0.9070987701416016,0.8972219228744507,0.9101640582084656,0.9154311418533325,0.9012932181358337,0.8914949297904968,0.8932842016220093,0.904603123664856,0.9138961434364319,0.9086851477622986,0.8795190453529358,0.8719677329063416,2.0
2386,0.0,0.0,0.0,0.0,0.0,1.0,1.0,1.0,0.0,0.0,1.0,1.0,1.0,0.0,0.9132810831069946,0.9200345277786255,0.908827543258667,0.8988519906997681,0.9078574180603027,0.9128443598747253,0.9005303978919983,0.8918682932853699,0.8938067555427551,0.9058858156204224,0.9144176840782166,0.9102596640586853,0.883241593837738,0.8783859610557556,4.0
2387,1.0,1.0,0.0,0.0,0.0,0.0,0.0,0.0,0.0,0.0,0.0,0.0,0.0,0.0,0.9101879596710205,0.9159030914306641,0.9029815196990967,0.8947045207023621,0.9085429310798645,0.9137532711029053,0.8996124267578125,0.8891608119010925,0.8921801447868347,0.9027853012084961,0.9117510318756104,0.9068970084190369,0.8778138756752014,0.8685451745986938,3.0
2388,1.0,0.0,0.0,0.0,0.0,1.0,1.0,0.0,0.0,0.0,0.0,1.0,1.0,0.0,0.9114922285079956,0.918082594871521,0.9062854647636414,0.8973008394241333,0.9081986546516418,0.9135566353797913,0.9004665613174438,0.8905235528945923,0.8926230669021606,0.9046704173088074,0.9139120578765869,0.9094768762588501,0.8810802102088928,0.8737701773643494,0.0
2389,0.0,0.0,1.0,1.0,0.0,0.0,0.0,0.0,0.0,0.0,0.0,1.0,1.0,1.0,0.9100857377052307,0.9176927208900452,0.9058170914649963,0.8964686989784241,0.9067867398262024,0.9124172329902649,0.9003753662109375,0.8912404179573059,0.8925824165344238,0.9036213755607605,0.9126824140548706,0.9099655747413635,0.8818715214729309,0.8744567036628723,2.0
2390,1.0,1.0,0.0,0.0,0.0,0.0,0.0,0.0,0.0,0.0,0.0,1.0,1.0,0.0,0.9121125340461731,0.9203457236289978,0.9079198241233826,0.8989975452423096,0.909674882888794,0.9146773219108582,0.9014197587966919,0.8915784955024719,0.8927886486053467,0.9058193564414978,0.9147805571556091,0.9092113971710205,0.8804692029953003,0.8758164644241333,2.0
2391,0.0,1.0,1.0,0.0,0.0,0.0,0.0,0.0,0.0,1.0,1.0,1.0,1.0,0.0,0.9080982208251953,0.9178131222724915,0.9084913730621338,0.900201141834259,0.9090138673782349,0.9132751226425171,0.8981918692588806,0.8890103101730347,0.8914703130722046,0.9031714797019958,0.9144362211227417,0.9133273959159851,0.8830755352973938,0.8727192282676697,4.0
2392,0.0,0.0,0.0,0.0,0.0,0.0,0.0,0.0,0.0,0.0,0.0,1.0,1.0,0.0,0.9124341011047363,0.9203444123268127,0.9078043699264526,0.8973336815834045,0.9088847041130066,0.9134025573730469,0.9012177586555481,0.8922780156135559,0.8930771946907043,0.9043834805488586,0.9125795960426331,0.907250702381134,0.879516065120697,0.8749435544013977,2.0
2393,1.0,0.0,1.0,1.0,0.0,0.0,0.0,0.0,0.0,0.0,0.0,1.0,1.0,0.0,0.9103614091873169,0.9184016585350037,0.9069989919662476,0.8977647423744202,0.9089956283569336,0.9141226410865784,0.8992720246315002,0.8895811438560486,0.8917604088783264,0.9041162729263306,0.9142317175865173,0.9102874398231506,0.8799619078636169,0.8699594736099243,3.0
2394,1.0,1.0,0.0,0.0,0.0,0.0,0.0,0.0,0.0,0.0,0.0,1.0,1.0,0.0,0.9112545847892761,0.9193812012672424,0.9076446294784546,0.8969261050224304,0.9065299034118652,0.9113861918449402,0.8997990489006042,0.892021894454956,0.8923301100730896,0.9027109146118164,0.9113655686378479,0.9072892665863037,0.8789814710617065,0.8735306262969971,4.0
2395,1.0,0.0,0.0,0.0,0.0,1.0,1.0,1.0,0.0,0.0,0.0,1.0,1.0,0.0,0.9105218052864075,0.9169157147407532,0.904281497001648,0.8965657353401184,0.9098321795463562,0.9157809019088745,0.9022707939147949,0.8916751742362976,0.8934764266014099,0.9037688374519348,0.9131433963775635,0.9088959693908691,0.8798320889472961,0.8718959093093872,1.0
2396,0.0,0.0,0.0,1.0,1.0,0.0,0.0,0.0,0.0,0.0,0.0,1.0,1.0,0.0,0.9122612476348877,0.9205895662307739,0.9084901213645935,0.8994261622428894,0.9113861918449402,0.9154351353645325,0.9017447829246521,0.8917357325553894,0.8934392333030701,0.905868411064148,0.9148597717285156,0.9086809158325195,0.8800868988037109,0.8742331266403198,4.0
2397,0.0,0.0,0.0,0.0,0.0,0.0,0.0,0.0,0.0,0.0,0.0,1.0,1.0,0.0,0.9092593193054199,0.9158867597579956,0.9057571291923523,0.9006271362304688,0.9060150980949402,0.9090487957000732,0.894068717956543,0.8869546055793762,0.8886333107948303,0.9031211137771606,0.9132804870605469,0.9087919592857361,0.8781508207321167,0.8708240389823914,4.0
2398,0.0,1.0,1.0,0.0,0.0,0.0,0.0,0.0,0.0,0.0,0.0,1.0,1.0,0.0,0.9112827181816101,0.9167275428771973,0.9048837423324585,0.8954949378967285,0.9071900844573975,0.9122545123100281,0.8992781639099121,0.8905235528945923,0.8930641412734985,0.9030202031135559,0.9116472601890564,0.9082396626472473,0.8807359933853149,0.8735679984092712,4.0
2399,0.0,1.0,1.0,0.0,0.0,0.0,0.0,0.0,0.0,0.0,0.0,1.0,1.0,0.0,0.9079077243804932,0.9173972606658936,0.907453179359436,0.9005666375160217,0.9080954790115356,0.9129481911659241,0.8985138535499573,0.8888580203056335,0.889857292175293,0.9026811718940735,0.9134843349456787,0.9111297726631165,0.87957364320755,0.865227222442627,1.0
2400,0.0,0.0,0.0,0.0,1.0,1.0,1.0,1.0,0.0,0.0,0.0,1.0,1.0,0.0,0.9114327430725098,0.9195606112480164,0.9065460562705994,0.8969432711601257,0.9109249711036682,0.9153957366943359,0.9024246335029602,0.8921427130699158,0.8926814794540405,0.9045240879058838,0.9126635193824768,0.9062292575836182,0.8784911036491394,0.8731404542922974,4.0
2401,1.0,1.0,1.0,1.0,0.0,0.0,0.0,0.0,0.0,0.0,0.0,1.0,1.0,0.0,0.9103005528450012,0.9178377985954285,0.9045665264129639,0.8976120948791504,0.9124794602394104,0.9186806678771973,0.9047799706459045,0.8928097486495972,0.8941217064857483,0.9065457582473755,0.9148597717285156,0.9083511829376221,0.878605842590332,0.8710450530052185,0.0
2402,1.0,1.0,0.0,0.0,0.0,0.0,0.0,0.0,0.0,0.0,0.0,0.0,0.0,0.0,0.9116500616073608,0.9206429123878479,0.9083683490753174,0.8995924592018127,0.912784993648529,0.9169102907180786,0.9020447731018066,0.8915719389915466,0.8930286169052124,0.9048516154289246,0.9149731993675232,0.9102888107299805,0.8805395364761353,0.8726136684417725,1.0
2403,1.0,1.0,1.0,1.0,0.0,0.0,0.0,0.0,0.0,0.0,0.0,1.0,1.0,0.0,0.9113245010375977,0.9194837808609009,0.909128725528717,0.901408851146698,0.9088917374610901,0.914291501045227,0.9007883071899414,0.8917161226272583,0.8924327492713928,0.905975341796875,0.9163636565208435,0.9113956689834595,0.8812004327774048,0.8745571374893188,0.0
2404,0.0,0.0,1.0,1.0,0.0,0.0,0.0,0.0,0.0,0.0,0.0,1.0,1.0,1.0,0.9121628403663635,0.9199956655502319,0.9074751734733582,0.8986452221870422,0.9110844731330872,0.9152432680130005,0.9023321270942688,0.892442524433136,0.894278883934021,0.9055238366127014,0.9138694405555725,0.9085569977760315,0.8805074095726013,0.8761481046676636,3.0
2405,1.0,1.0,1.0,1.0,0.0,0.0,0.0,0.0,0.0,0.0,0.0,1.0,1.0,0.0,0.9126662015914917,0.9205470085144043,0.9088584184646606,0.8990821242332458,0.9088496565818787,0.9136529564857483,0.900579035282135,0.8916490077972412,0.8928177952766418,0.9056687951087952,0.9149415493011475,0.910082995891571,0.8814746141433716,0.8767209649085999,2.0
2406,1.0,1.0,0.0,0.0,0.0,0.0,0.0,0.0,0.0,0.0,0.0,1.0,1.0,0.0,0.910926342010498,0.920245349407196,0.9077567458152771,0.8965508937835693,0.9086331129074097,0.9133153557777405,0.9006397128105164,0.8914850950241089,0.8920496106147766,0.9031299948692322,0.9124144315719604,0.9070537090301514,0.8784435391426086,0.8736129403114319,2.0
2407,0.0,0.0,1.0,1.0,0.0,0.0,0.0,0.0,0.0,0.0,0.0,1.0,1.0,0.0,0.9115837812423706,0.9201130270957947,0.907606840133667,0.8981677889823914,0.9114929437637329,0.9162036180496216,0.9021346569061279,0.8920741081237793,0.8937970399856567,0.9059696197509766,0.914738118648529,0.9080048203468323,0.8787226676940918,0.872896134853363,0.0
2408,0.0,0.0,0.0,0.0,0.0,0.0,0.0,1.0,1.0,0.0,0.0,0.0,0.0,0.0,0.9119711518287659,0.9199976921081543,0.9071246385574341,0.897560715675354,0.911070704460144,0.9159520864486694,0.9032752513885498,0.8930674195289612,0.8939000368118286,0.9048603177070618,0.9132804870605469,0.9074311256408691,0.8793772459030151,0.8752622604370117,0.0
2409,1.0,1.0,0.0,0.0,0.0,1.0,1.0,1.0,0.0,0.0,0.0,1.0,1.0,0.0,0.9114038944244385,0.9185449481010437,0.904937744140625,0.8953861594200134,0.9100475311279297,0.9141931533813477,0.9008913040161133,0.8906688690185547,0.8918567895889282,0.9028626680374146,0.9106618165969849,0.9045336246490479,0.8769522905349731,0.8732380867004395,3.0
2410,0.0,0.0,1.0,1.0,0.0,0.0,0.0,0.0,0.0,0.0,0.0,1.0,1.0,0.0,0.9122395515441895,0.9192488193511963,0.90716153383255,0.8989182710647583,0.9113615155220032,0.916510283946991,0.9033877849578857,0.8926993012428284,0.8941665887832642,0.9056136608123779,0.9148624539375305,0.9097960591316223,0.880759596824646,0.8755211234092712,1.0
2411,1.0,1.0,0.0,0.0,0.0,1.0,1.0,1.0,0.0,0.0,1.0,1.0,1.0,0.0,0.9112196564674377,0.9167044758796692,0.9051249027252197,0.8977410197257996,0.9056412577629089,0.9100087285041809,0.8958711624145508,0.8884401917457581,0.8912059664726257,0.9053002595901489,0.9141998291015625,0.9090852737426758,0.8797367215156555,0.8723987936973572,2.0
2412,0.0,1.0,1.0,0.0,0.0,0.0,0.0,0.0,0.0,0.0,0.0,0.0,0.0,0.0,0.9116377830505371,0.9199915528297424,0.9084154367446899,0.8982600569725037,0.908940851688385,0.9137104749679565,0.9015673398971558,0.8930220603942871,0.894503116607666,0.9043687582015991,0.9129118323326111,0.9089844226837158,0.8815270662307739,0.8771234750747681,1.0
2413,1.0,1.0,0.0,0.0,0.0,0.0,0.0,0.0,0.0,0.0,0.0,1.0,1.0,0.0,0.9094201922416687,0.9136832356452942,0.9033389687538147,0.8968360424041748,0.902920663356781,0.9061038494110107,0.8914507031440735,0.8855290412902832,0.8889902234077454,0.9029459357261658,0.911272406578064,0.9071608781814575,0.8781872391700745,0.8707172274589539,3.0
2414,0.0,0.0,0.0,0.0,0.0,1.0,1.0,1.0,0.0,0.0,0.0,1.0,1.0,0.0,0.9107095003128052,0.9171788692474365,0.9042271971702576,0.8944855332374573,0.9092687368392944,0.9141998291015625,0.9021196961402893,0.8931402564048767,0.8951700329780579,0.9053176045417786,0.9126418828964233,0.9063761234283447,0.8787813782691956,0.8749287128448486,0.0
2415,0.0,0.0,0.0,0.0,0.0,0.0,0.0,0.0,0.0,0.0,0.0,1.0,1.0,0.0,0.9119350910186768,0.920363187789917,0.9088683128356934,0.8998281359672546,0.9092729091644287,0.9142038226127625,0.9010334610939026,0.8921247720718384,0.8932421803474426,0.9061283469200134,0.9155911803245544,0.9108589291572571,0.8810411095619202,0.8757537603378296,0.0
2416,0.0,1.0,1.0,0.0,0.0,0.0,0.0,0.0,0.0,0.0,0.0,1.0,1.0,0.0,0.9098016023635864,0.9192678928375244,0.9091514945030212,0.8997234106063843,0.9093931317329407,0.9149019718170166,0.9017147421836853,0.892188310623169,0.8927496671676636,0.9047814607620239,0.9154888391494751,0.912445604801178,0.8827285170555115,0.8738374710083008,1.0
