,True_T0,True_T1,True_T2,True_T3,True_T4,True_T5,Pred_Proba_T0,Pred_Proba_T1,Pred_Proba_T2,Pred_Proba_T3,Pred_Proba_T4,Pred_Proba_T5,kFolds
0,1.0,0.0,0.0,0.0,1.0,0.0,0.5728957056999207,0.5549713373184204,0.5758323073387146,0.5482807159423828,0.5160114765167236,0.4510590136051178,3.0
1,1.0,0.0,0.0,0.0,0.0,1.0,0.5736883878707886,0.5573058724403381,0.5759462118148804,0.5484853386878967,0.5226596593856812,0.45559370517730713,4.0
2,1.0,0.0,0.0,0.0,0.0,0.0,0.5721096992492676,0.5549010634422302,0.5754305720329285,0.5469071865081787,0.5203137397766113,0.4601464569568634,1.0
3,1.0,0.0,0.0,0.0,0.0,0.0,0.5727338194847107,0.5555958151817322,0.5761922597885132,0.547844409942627,0.5207511782646179,0.4602358341217041,2.0
4,1.0,0.0,0.0,0.0,0.0,0.0,0.5722535252571106,0.5545140504837036,0.5742931365966797,0.5462215542793274,0.5195678472518921,0.4530472159385681,4.0
5,1.0,0.0,0.0,0.0,0.0,0.0,0.57295823097229,0.5561349987983704,0.5764934420585632,0.5482630729675293,0.5213371515274048,0.4607340097427368,2.0
6,1.0,0.0,0.0,0.0,0.0,0.0,0.5724117159843445,0.5550511479377747,0.5758188366889954,0.54741370677948,0.520212709903717,0.45991188287734985,2.0
7,1.0,0.0,0.0,0.0,1.0,0.0,0.5724944472312927,0.5543245673179626,0.5753464102745056,0.5477588772773743,0.5154224038124084,0.45083561539649963,3.0
8,1.0,0.0,0.0,0.0,0.0,0.0,0.5720193982124329,0.5545801520347595,0.5753366351127625,0.5466422438621521,0.5197694301605225,0.4594798684120178,1.0
9,1.0,0.0,0.0,0.0,0.0,0.0,0.5719736218452454,0.5534670352935791,0.5747304558753967,0.5470665693283081,0.5146135687828064,0.4506826400756836,3.0
10,1.0,0.0,0.0,0.0,0.0,0.0,0.5720469355583191,0.5544425845146179,0.5754190683364868,0.5469043254852295,0.5195689797401428,0.4595085382461548,2.0
11,1.0,0.0,0.0,0.0,1.0,0.0,0.572307288646698,0.5547952651977539,0.5743768811225891,0.5464305877685547,0.5200175046920776,0.4536866545677185,4.0
12,1.0,0.0,0.0,0.0,0.0,0.0,0.5727720260620117,0.5557103157043457,0.5762406587600708,0.5479698777198792,0.5209124684333801,0.46043965220451355,2.0
13,1.0,0.0,0.0,0.0,0.0,0.0,0.571532130241394,0.553367018699646,0.5747243165969849,0.5455945134162903,0.5181431174278259,0.45787009596824646,1.0
14,1.0,0.0,0.0,0.0,0.0,0.0,0.5731512308120728,0.5564993023872375,0.5766840577125549,0.5485924482345581,0.5218210220336914,0.46123477816581726,2.0
15,1.0,0.0,0.0,0.0,1.0,0.0,0.5725737810134888,0.5549647808074951,0.575963020324707,0.5472571849822998,0.5196874141693115,0.4588712155818939,2.0
16,1.0,0.0,0.0,0.0,1.0,0.0,0.5738651156425476,0.5572447776794434,0.5761405229568481,0.5484338998794556,0.5222778916358948,0.45470130443573,4.0
17,1.0,0.0,0.0,0.0,0.0,0.0,0.5728756785392761,0.5556126832962036,0.576307475566864,0.5478189587593079,0.5205718874931335,0.4597848951816559,2.0
18,1.0,0.0,0.0,0.0,0.0,0.0,0.5730227828025818,0.5549373030662537,0.576233446598053,0.5484879612922668,0.5212366580963135,0.465822696685791,0.0
19,1.0,0.0,0.0,0.0,0.0,0.0,0.5734968781471252,0.5567552447319031,0.575752317905426,0.5480270981788635,0.5219347476959229,0.45478326082229614,4.0
20,1.0,0.0,0.0,0.0,0.0,0.0,0.572662889957428,0.5555703043937683,0.5760243535041809,0.5473760962486267,0.5206146836280823,0.459758996963501,1.0
21,1.0,0.0,0.0,0.0,0.0,0.0,0.5726273655891418,0.5551944375038147,0.5746910572052002,0.5467517971992493,0.5202724933624268,0.4535467326641083,4.0
22,1.0,0.0,0.0,0.0,0.0,0.0,0.5723555684089661,0.554718017578125,0.5744203925132751,0.5463801026344299,0.5198207497596741,0.4533502459526062,4.0
23,1.0,0.0,0.0,0.0,0.0,0.0,0.5721638798713684,0.5550624132156372,0.57552170753479,0.5470057129859924,0.5204258561134338,0.460226833820343,1.0
24,1.0,0.0,0.0,0.0,0.0,0.0,0.572135329246521,0.5537809729576111,0.5749761462211609,0.5473306775093079,0.5149263739585876,0.4507869482040405,3.0
25,1.0,0.0,0.0,0.0,0.0,0.0,0.5730172395706177,0.5550752282142639,0.5762406587600708,0.5486084222793579,0.5215539932250977,0.4663093090057373,0.0
26,1.0,0.0,0.0,0.0,0.0,0.0,0.5726537108421326,0.5555276870727539,0.5761131048202515,0.5478066205978394,0.5207252502441406,0.460307240486145,2.0
27,1.0,0.0,0.0,0.0,0.0,0.0,0.5719828009605408,0.553370475769043,0.5747734308242798,0.5469904541969299,0.514455258846283,0.4504146873950958,3.0
28,1.0,0.0,0.0,0.0,0.0,0.0,0.5724106431007385,0.5541478395462036,0.5752297043800354,0.5476173758506775,0.5152524709701538,0.4507980942726135,3.0
29,1.0,0.0,0.0,0.0,0.0,0.0,0.5719709992408752,0.5530676245689392,0.5750756859779358,0.5470235347747803,0.5194197297096252,0.46474719047546387,0.0
30,1.0,0.0,0.0,0.0,0.0,0.0,0.5726407170295715,0.5557364225387573,0.5760279893875122,0.5475869178771973,0.5210314989089966,0.4603751599788666,1.0
31,1.0,0.0,0.0,0.0,0.0,1.0,0.5725193023681641,0.5551131367683411,0.5759410262107849,0.5474488735198975,0.5201497673988342,0.45967766642570496,2.0
32,1.0,0.0,0.0,0.0,0.0,0.0,0.5719916820526123,0.5544342398643494,0.5752812027931213,0.5464938282966614,0.5195218324661255,0.4591451585292816,1.0
33,1.0,0.0,0.0,0.0,0.0,0.0,0.5727681517601013,0.5547491312026978,0.5756710171699524,0.5481318831443787,0.5158193707466125,0.45098671317100525,3.0
34,1.0,0.0,0.0,0.0,0.0,0.0,0.572536051273346,0.55507493019104,0.5746147036552429,0.5466548800468445,0.5201930999755859,0.4536159038543701,4.0
35,1.0,0.0,0.0,0.0,0.0,0.0,0.5716795325279236,0.5535715222358704,0.5736566781997681,0.5454612970352173,0.5186478495597839,0.4526890218257904,4.0
36,1.0,0.0,0.0,0.0,0.0,0.0,0.5726929903030396,0.5547286868095398,0.575562596321106,0.5480961203575134,0.5159114599227905,0.4513203203678131,3.0
37,1.0,0.0,0.0,0.0,0.0,0.0,0.5718876123428345,0.5542904734611511,0.5751667618751526,0.546364426612854,0.5193964242935181,0.4591657817363739,1.0
38,1.0,0.0,0.0,0.0,1.0,0.0,0.5727896690368652,0.5549992918968201,0.5757220983505249,0.5482929944992065,0.5162633657455444,0.451604425907135,3.0
39,1.0,0.0,0.0,0.0,0.0,0.0,0.5728667974472046,0.5561115741729736,0.5762755870819092,0.54789799451828,0.5214608907699585,0.4607120454311371,1.0
40,1.0,0.0,0.0,0.0,0.0,0.0,0.5718834400177002,0.5532606840133667,0.5746739506721497,0.5469259023666382,0.5143758654594421,0.45038771629333496,3.0
41,1.0,0.0,0.0,0.0,0.0,0.0,0.5722737312316895,0.5547842383384705,0.5756257772445679,0.5471853017807007,0.5199746489524841,0.4598804712295532,2.0
42,1.0,0.0,0.0,0.0,0.0,0.0,0.5734928846359253,0.5563623905181885,0.5765291452407837,0.5494506359100342,0.5178594589233398,0.45272859930992126,3.0
43,1.0,0.0,0.0,0.0,0.0,0.0,0.5720999836921692,0.5549505949020386,0.5754347443580627,0.5469515919685364,0.5203777551651001,0.4602426588535309,1.0
44,1.0,0.0,0.0,0.0,0.0,0.0,0.5719543099403381,0.5531226396560669,0.5750414133071899,0.5470450520515442,0.519490122795105,0.4648459553718567,0.0
45,1.0,0.0,0.0,0.0,0.0,0.0,0.5716522932052612,0.5541902184486389,0.5748984813690186,0.5463234186172485,0.5196091532707214,0.4598301649093628,1.0
46,1.0,0.0,0.0,0.0,0.0,0.0,0.5719010829925537,0.5539939403533936,0.5739322900772095,0.5457910299301147,0.5191001892089844,0.45303019881248474,4.0
47,1.0,0.0,0.0,0.0,0.0,0.0,0.5719961524009705,0.5535002946853638,0.5747941732406616,0.5471122860908508,0.5146564245223999,0.45063072443008423,3.0
48,1.0,0.0,0.0,0.0,0.0,0.0,0.5729074478149414,0.5548757910728455,0.576108992099762,0.5484995245933533,0.521435558795929,0.46634891629219055,0.0
49,1.0,0.0,0.0,0.0,0.0,0.0,0.5721645355224609,0.5535320043563843,0.5753122568130493,0.5473464727401733,0.5198831558227539,0.465056449174881,0.0
50,1.0,0.0,0.0,0.0,0.0,0.0,0.572096049785614,0.5543834567070007,0.5741081833839417,0.5460875630378723,0.5195678472518921,0.4533945620059967,4.0
51,1.0,0.0,0.0,0.0,0.0,0.0,0.5734827518463135,0.5560392141342163,0.5768095254898071,0.5493994951248169,0.5226596593856812,0.46730074286460876,0.0
52,1.0,0.0,0.0,0.0,0.0,0.0,0.5734536051750183,0.5563237071037292,0.5764970779418945,0.5493640303611755,0.5177827477455139,0.45270025730133057,3.0
53,1.0,0.0,0.0,0.0,0.0,0.0,0.572780430316925,0.5560370087623596,0.5761995315551758,0.5477953553199768,0.5213403701782227,0.46059396862983704,1.0
54,1.0,0.0,0.0,0.0,0.0,0.0,0.5720908641815186,0.5541098713874817,0.5754340887069702,0.5465613603591919,0.5187795758247375,0.45826005935668945,2.0
55,1.0,0.0,0.0,0.0,0.0,0.0,0.5725853443145752,0.5541658997535706,0.5754328966140747,0.5475601553916931,0.5149168372154236,0.449842244386673,3.0
56,1.0,0.0,0.0,0.0,0.0,0.0,0.5732688307762146,0.5552746057510376,0.5765327215194702,0.5487592816352844,0.5215201377868652,0.4658697545528412,0.0
57,1.0,0.0,0.0,0.0,0.0,0.0,0.5720821619033813,0.5535115599632263,0.5748956203460693,0.5470626354217529,0.5143986344337463,0.450006365776062,3.0
58,1.0,0.0,0.0,0.0,0.0,0.0,0.5719342827796936,0.5541096329689026,0.5753017663955688,0.5466409921646118,0.519075870513916,0.4588965177536011,2.0
59,1.0,0.0,0.0,0.0,0.0,0.0,0.5724017024040222,0.555145263671875,0.5757383704185486,0.547068178653717,0.5202169418334961,0.4595264792442322,1.0
60,1.0,0.0,0.0,0.0,0.0,0.0,0.5727676153182983,0.5548601150512695,0.5756876468658447,0.5481513142585754,0.5159760117530823,0.4512072503566742,3.0
61,1.0,0.0,0.0,0.0,1.0,0.0,0.5730987191200256,0.5553308725357056,0.5760548710823059,0.5485433340072632,0.516433835029602,0.4513620436191559,3.0
62,1.0,0.0,0.0,0.0,0.0,0.0,0.5727621912956238,0.5547844171524048,0.5756452083587646,0.5480990409851074,0.5158844590187073,0.45107734203338623,3.0
63,1.0,0.0,0.0,0.0,0.0,0.0,0.5721821784973145,0.5548467636108398,0.5755206942558289,0.5468177199363708,0.5200064182281494,0.4595954120159149,1.0
64,1.0,0.0,0.0,0.0,0.0,0.0,0.5722376704216003,0.5546619892120361,0.5743250250816345,0.546312153339386,0.5198355317115784,0.4535548686981201,4.0
65,1.0,0.0,0.0,0.0,0.0,0.0,0.5718448162078857,0.5542787313461304,0.5751180648803711,0.546366274356842,0.5194536447525024,0.4592490792274475,1.0
66,1.0,0.0,0.0,0.0,0.0,0.0,0.5717032551765442,0.5529340505599976,0.5744843482971191,0.5466840267181396,0.5140206217765808,0.4500837028026581,3.0
67,1.0,0.0,0.0,0.0,0.0,0.0,0.5729365944862366,0.5550563931465149,0.5761560797691345,0.5486055612564087,0.5216105580329895,0.4665277898311615,0.0
68,1.0,0.0,0.0,0.0,0.0,0.0,0.5729056000709534,0.5551197528839111,0.5758340954780579,0.5484239459037781,0.516348123550415,0.45152002573013306,3.0
69,1.0,0.0,0.0,0.0,1.0,0.0,0.5721076726913452,0.5532944798469543,0.5752151608467102,0.5471718907356262,0.5195562243461609,0.46469175815582275,0.0
70,1.0,0.0,0.0,0.0,0.0,0.0,0.5725747346878052,0.5542601943016052,0.5757235884666443,0.5479733347892761,0.5207480192184448,0.4658140242099762,0.0
71,1.0,0.0,0.0,0.0,0.0,0.0,0.5716438889503479,0.5539169311523438,0.5748677253723145,0.546109676361084,0.5191277265548706,0.4591558277606964,1.0
72,1.0,0.0,0.0,0.0,0.0,0.0,0.5728394389152527,0.5557875633239746,0.5763109922409058,0.5479990839958191,0.5209526419639587,0.4604063928127289,2.0
73,1.0,0.0,0.0,0.0,0.0,0.0,0.5718965530395508,0.5529471635818481,0.5749585628509521,0.5468912124633789,0.5192351341247559,0.4645467698574066,0.0
74,1.0,0.0,0.0,0.0,0.0,0.0,0.571898341178894,0.5534799098968506,0.5746755003929138,0.5470883250236511,0.5147919654846191,0.4510051906108856,3.0
75,1.0,0.0,0.0,0.0,0.0,0.0,0.5722203850746155,0.5539532899856567,0.5750479102134705,0.5474711656570435,0.5151651501655579,0.4510174095630646,3.0
76,1.0,0.0,0.0,0.0,0.0,0.0,0.5720376968383789,0.5532488822937012,0.5751380324363708,0.5471416711807251,0.5196228623390198,0.46491724252700806,0.0
77,1.0,0.0,0.0,0.0,0.0,0.0,0.5722201466560364,0.5538098216056824,0.5750080347061157,0.5473522543907166,0.5148904323577881,0.45062220096588135,3.0
78,1.0,0.0,0.0,0.0,0.0,0.0,0.5722303986549377,0.5550693273544312,0.5755897760391235,0.5470130443572998,0.5203396677970886,0.45998361706733704,1.0
79,1.0,0.0,0.0,0.0,0.0,0.0,0.5724097490310669,0.5543842911720276,0.575265109539032,0.5477717518806458,0.515674352645874,0.45147278904914856,3.0
80,1.0,0.0,0.0,0.0,0.0,0.0,0.5720484852790833,0.553346574306488,0.5748485326766968,0.5469570755958557,0.5142307877540588,0.4498618543148041,3.0
81,1.0,0.0,0.0,0.0,0.0,0.0,0.5726338028907776,0.5553788542747498,0.5760942101478577,0.5476338863372803,0.520439624786377,0.45987385511398315,2.0
82,1.0,0.0,0.0,0.0,0.0,0.0,0.5728676319122314,0.5550357103347778,0.5757999420166016,0.548328161239624,0.5162369608879089,0.4514208436012268,3.0
83,1.0,0.0,0.0,0.0,0.0,0.0,0.5723513960838318,0.5552098751068115,0.5756824612617493,0.547114372253418,0.5204808712005615,0.46005308628082275,1.0
84,1.0,0.0,0.0,0.0,0.0,0.0,0.5717581510543823,0.5527855753898621,0.5748446583747864,0.5467953085899353,0.5191637277603149,0.4646819531917572,0.0
85,1.0,0.0,0.0,0.0,0.0,0.0,0.5721278190612793,0.5536733865737915,0.5749111771583557,0.5472493171691895,0.5147877335548401,0.4506166875362396,3.0
86,1.0,0.0,0.0,0.0,0.0,0.0,0.571905255317688,0.554172158241272,0.575244665145874,0.5466729402542114,0.5192710757255554,0.45922842621803284,2.0
87,1.0,0.0,0.0,0.0,0.0,0.0,0.5712018013000488,0.5532402396202087,0.5743768811225891,0.5455829501152039,0.5184949636459351,0.45890408754348755,1.0
88,1.0,0.0,0.0,0.0,0.0,0.0,0.572212815284729,0.5545525550842285,0.5756223797798157,0.546968400478363,0.5194388031959534,0.45903199911117554,2.0
89,1.0,0.0,0.0,0.0,1.0,0.0,0.5727835893630981,0.5555098652839661,0.5749010443687439,0.5469933748245239,0.5206131339073181,0.4539165198802948,4.0
90,1.0,0.0,0.0,0.0,0.0,0.0,0.5718112587928772,0.5529521107673645,0.5745832920074463,0.5466808676719666,0.5138723850250244,0.4497509002685547,3.0
91,1.0,0.0,0.0,0.0,0.0,0.0,0.572980523109436,0.5563672184944153,0.576460599899292,0.5480704307556152,0.5216512680053711,0.460818886756897,1.0
92,1.0,0.0,0.0,0.0,0.0,0.0,0.572108805179596,0.553568959236145,0.5749443173408508,0.5471104383468628,0.5144314169883728,0.4499957263469696,3.0
93,1.0,0.0,0.0,0.0,0.0,0.0,0.5729972124099731,0.5558844208717346,0.575171172618866,0.5473280549049377,0.5210230350494385,0.45417457818984985,4.0
94,1.0,0.0,0.0,0.0,0.0,0.0,0.5724796652793884,0.5541313886642456,0.5753026604652405,0.5476021766662598,0.515068769454956,0.4503985345363617,3.0
95,1.0,0.0,0.0,0.0,0.0,0.0,0.5717678666114807,0.5535050630569458,0.5737699270248413,0.5454205870628357,0.5183674097061157,0.45198678970336914,4.0
96,1.0,0.0,0.0,0.0,0.0,0.0,0.5724695324897766,0.5541541576385498,0.575626015663147,0.5478717684745789,0.5206543803215027,0.4657686650753021,0.0
97,1.0,0.0,0.0,0.0,0.0,0.0,0.5723531246185303,0.5540771484375,0.5751708745956421,0.547530472278595,0.5151603817939758,0.4508094787597656,3.0
98,1.0,0.0,0.0,0.0,0.0,0.0,0.5730584263801575,0.5560096502304077,0.5752333402633667,0.5474472641944885,0.5212059617042542,0.454360693693161,4.0
99,1.0,0.0,0.0,0.0,0.0,0.0,0.5716469883918762,0.5539672374725342,0.5748888850212097,0.5461511611938477,0.5192388296127319,0.459278404712677,1.0
100,1.0,0.0,0.0,0.0,1.0,0.0,0.5728854537010193,0.5547810792922974,0.576098620891571,0.5483987331390381,0.5212313532829285,0.4660467207431793,0.0
101,1.0,0.0,0.0,0.0,0.0,0.0,0.5732253789901733,0.556503176689148,0.5767914652824402,0.5486060380935669,0.5217396020889282,0.4609872102737427,2.0
102,1.0,0.0,0.0,0.0,0.0,0.0,0.5729805827140808,0.5551291108131409,0.5759065747261047,0.5484108328819275,0.5162628889083862,0.4512838125228882,3.0
103,1.0,0.0,0.0,0.0,0.0,0.0,0.5724596977233887,0.5549816489219666,0.5745185613632202,0.5465757846832275,0.5201523900032043,0.4537124037742615,4.0
104,1.0,0.0,0.0,0.0,0.0,0.0,0.5733306407928467,0.5558061599731445,0.576346755027771,0.5489411354064941,0.5169720649719238,0.45172473788261414,3.0
105,1.0,0.0,0.0,0.0,0.0,0.0,0.5722389817237854,0.5550919771194458,0.5755687952041626,0.5470106601715088,0.520368754863739,0.45998334884643555,1.0
106,1.0,0.0,0.0,0.0,0.0,0.0,0.572330117225647,0.5539080500602722,0.5751248002052307,0.5473506450653076,0.5148665904998779,0.45041072368621826,3.0
107,1.0,0.0,0.0,0.0,0.0,0.0,0.5728251934051514,0.5557752847671509,0.5763283371925354,0.5479846000671387,0.520899772644043,0.460249125957489,2.0
108,1.0,0.0,0.0,0.0,0.0,0.0,0.5718839764595032,0.5533112287521362,0.5746623277664185,0.5469644665718079,0.514461100101471,0.45049089193344116,3.0
109,1.0,0.0,0.0,0.0,1.0,0.0,0.5718239545822144,0.5529605150222778,0.5749109387397766,0.5469101071357727,0.5193451046943665,0.46489113569259644,0.0
110,1.0,0.0,0.0,0.0,0.0,0.0,0.5729556679725647,0.5551833510398865,0.5758656859397888,0.5485005378723145,0.5163909792900085,0.4515320658683777,3.0
111,1.0,0.0,0.0,0.0,0.0,0.0,0.5737277865409851,0.5562881231307983,0.5771230459213257,0.549651026725769,0.5227833986282349,0.4670622944831848,0.0
112,1.0,0.0,0.0,0.0,0.0,0.0,0.5733411312103271,0.5566353797912598,0.5769010782241821,0.5487186312675476,0.5218421816825867,0.46094465255737305,2.0
113,1.0,0.0,0.0,0.0,0.0,0.0,0.5717734694480896,0.5537909865379333,0.5750823616981506,0.5463932752609253,0.5188124179840088,0.4588572382926941,2.0
114,1.0,0.0,0.0,0.0,0.0,0.0,0.5716707110404968,0.5532991886138916,0.5736590027809143,0.545218825340271,0.518054187297821,0.4517093598842621,4.0
115,1.0,0.0,0.0,0.0,0.0,0.0,0.5721307992935181,0.554867684841156,0.5754642486572266,0.5468236804008484,0.520057201385498,0.45970597863197327,1.0
116,1.0,0.0,0.0,0.0,0.0,0.0,0.5718125104904175,0.5536323189735413,0.5738067030906677,0.5454831719398499,0.5185097455978394,0.45218417048454285,4.0
117,1.0,0.0,0.0,0.0,0.0,0.0,0.572223961353302,0.5537236928939819,0.5750240683555603,0.5472559332847595,0.5146892666816711,0.45024237036705017,3.0
118,1.0,0.0,0.0,0.0,0.0,0.0,0.572587251663208,0.5541282296180725,0.5757463574409485,0.5478323698043823,0.520362913608551,0.4652608335018158,0.0
119,1.0,0.0,0.0,0.0,0.0,0.0,0.5717861652374268,0.5534136295318604,0.5737682580947876,0.5452800393104553,0.5181192755699158,0.45166918635368347,4.0
120,1.0,0.0,0.0,0.0,0.0,1.0,0.5715973973274231,0.5537933707237244,0.574856162071228,0.5459954142570496,0.5188832879066467,0.45881187915802,1.0
121,1.0,0.0,0.0,0.0,0.0,0.0,0.5722852945327759,0.5550587177276611,0.5756374001502991,0.5469870567321777,0.5202206373214722,0.4597325325012207,1.0
122,1.0,0.0,0.0,0.0,0.0,0.0,0.5723757743835449,0.5548073649406433,0.5744755268096924,0.5464279651641846,0.5198662281036377,0.45333585143089294,4.0
123,1.0,0.0,0.0,0.0,0.0,0.0,0.5709954500198364,0.5523514151573181,0.5741378664970398,0.5448236465454102,0.5170641541481018,0.45699670910835266,1.0
124,1.0,0.0,0.0,0.0,0.0,0.0,0.5713955163955688,0.5517836213111877,0.5743750333786011,0.5459476113319397,0.5177854299545288,0.46316584944725037,0.0
125,1.0,0.0,0.0,0.0,1.0,0.0,0.5728626847267151,0.5546661615371704,0.5757536292076111,0.5480210781097412,0.5155240297317505,0.4503174126148224,3.0
126,1.0,0.0,0.0,0.0,0.0,0.0,0.5721293687820435,0.5542960166931152,0.5754603147506714,0.5467478036880493,0.5190991759300232,0.4586591422557831,2.0
127,1.0,0.0,0.0,0.0,0.0,0.0,0.5733835101127625,0.5563800930976868,0.5756029486656189,0.5477407574653625,0.5213969349861145,0.45404914021492004,4.0
128,1.0,0.0,0.0,0.0,0.0,0.0,0.5727458596229553,0.5546038746833801,0.5759298801422119,0.5482468008995056,0.5211070775985718,0.46604734659194946,0.0
129,1.0,0.0,0.0,0.0,0.0,0.0,0.5725298523902893,0.5552891492843628,0.575964093208313,0.5476171374320984,0.5204771757125854,0.4601260721683502,2.0
130,1.0,0.0,0.0,0.0,0.0,0.0,0.5725386738777161,0.5550438165664673,0.5746477842330933,0.5466595888137817,0.5200973749160767,0.45341092348098755,4.0
131,1.0,0.0,0.0,0.0,0.0,0.0,0.5727149844169617,0.5554872155189514,0.5761534571647644,0.5477619767189026,0.5205358862876892,0.4598847031593323,2.0
132,1.0,0.0,0.0,0.0,0.0,1.0,0.5742714405059814,0.5575211048126221,0.5774586796760559,0.5503766536712646,0.5188425779342651,0.45286595821380615,3.0
133,1.0,0.0,0.0,0.0,0.0,0.0,0.5732103586196899,0.5555445551872253,0.5761943459510803,0.5487436056137085,0.5166206359863281,0.4513746201992035,3.0
134,1.0,0.0,0.0,0.0,0.0,0.0,0.5722217559814453,0.5534492135047913,0.5753676891326904,0.5472808480262756,0.5196393132209778,0.46462637186050415,0.0
135,1.0,0.0,0.0,0.0,0.0,0.0,0.5735960602760315,0.556110143661499,0.5769295692443848,0.5495177507400513,0.5226998329162598,0.46721696853637695,0.0
136,1.0,0.0,0.0,0.0,0.0,0.0,0.5723209381103516,0.554771900177002,0.5757287740707397,0.547111988067627,0.519730269908905,0.45932990312576294,2.0
137,1.0,0.0,0.0,0.0,0.0,0.0,0.5724887251853943,0.5540784597396851,0.575309157371521,0.5475221276283264,0.5148993730545044,0.45013704895973206,3.0
138,1.0,0.0,0.0,0.0,0.0,1.0,0.5728399753570557,0.5555972456932068,0.5763242244720459,0.5478525757789612,0.5205369591712952,0.459757924079895,2.0
139,1.0,0.0,0.0,0.0,0.0,0.0,0.572638750076294,0.5551803112030029,0.5760812759399414,0.5474611520767212,0.5199370980262756,0.4590676724910736,2.0
140,1.0,0.0,0.0,0.0,0.0,0.0,0.5726231932640076,0.555294394493103,0.5760595798492432,0.5476255416870117,0.5203428268432617,0.4597488045692444,2.0
141,1.0,0.0,0.0,0.0,0.0,0.0,0.5726951956748962,0.5556044578552246,0.5760471224784851,0.5475034713745117,0.5207701921463013,0.46001142263412476,1.0
142,1.0,0.0,0.0,0.0,0.0,0.0,0.5715113878250122,0.5533326864242554,0.5748039484024048,0.5459885001182556,0.5182219743728638,0.4583313763141632,2.0
143,1.0,0.0,0.0,0.0,0.0,0.0,0.5730227828025818,0.5553988218307495,0.5760043859481812,0.5486286282539368,0.5166344046592712,0.4517976939678192,3.0
144,1.0,0.0,0.0,0.0,0.0,0.0,0.5725979208946228,0.5544580817222595,0.5754556655883789,0.5478712320327759,0.5155636668205261,0.45094814896583557,3.0
145,1.0,0.0,0.0,0.0,0.0,0.0,0.5717954039573669,0.5530089735984802,0.5745531320571899,0.5467333793640137,0.514033854007721,0.450003445148468,3.0
146,1.0,0.0,0.0,0.0,0.0,1.0,0.5727049112319946,0.5554317235946655,0.5748705267906189,0.5469526052474976,0.5205507278442383,0.4538140892982483,4.0
147,1.0,0.0,0.0,0.0,0.0,0.0,0.5728018879890442,0.5558651089668274,0.5763105154037476,0.5480360388755798,0.5211213827133179,0.4606684148311615,2.0
148,1.0,0.0,0.0,0.0,0.0,0.0,0.5727238059043884,0.5552535653114319,0.576160192489624,0.5475446581840515,0.5200487375259399,0.4592011570930481,2.0
149,1.0,0.0,0.0,0.0,1.0,0.0,0.5726432800292969,0.5542811155319214,0.5757784843444824,0.5479890704154968,0.520669162273407,0.46559765934944153,0.0
150,1.0,0.0,0.0,0.0,0.0,0.0,0.5722694396972656,0.5547716617584229,0.5756557583808899,0.5471973419189453,0.51988685131073,0.4596547782421112,2.0
151,1.0,0.0,0.0,0.0,0.0,0.0,0.573616623878479,0.557277262210846,0.5772391557693481,0.5492535829544067,0.5226305723190308,0.46167072653770447,2.0
152,1.0,0.0,0.0,0.0,0.0,0.0,0.5721203088760376,0.5547806620597839,0.5754438042640686,0.5467790961265564,0.5199609398841858,0.4596436023712158,1.0
153,1.0,0.0,0.0,0.0,0.0,0.0,0.5721935629844666,0.55442875623703,0.5742343664169312,0.5461750626564026,0.5195059180259705,0.45309460163116455,4.0
154,1.0,0.0,0.0,0.0,0.0,0.0,0.5724579691886902,0.5550224781036377,0.574548065662384,0.5465831756591797,0.5201936364173889,0.45372751355171204,4.0
155,1.0,0.0,0.0,0.0,0.0,0.0,0.5713973045349121,0.5529345870018005,0.5746765732765198,0.5456588864326477,0.5176213383674622,0.45754724740982056,2.0
156,1.0,0.0,0.0,0.0,1.0,0.0,0.5720224380493164,0.5542852878570557,0.5753868222236633,0.5467769503593445,0.5192880630493164,0.4590987265110016,2.0
157,1.0,0.0,0.0,0.0,0.0,0.0,0.5723772048950195,0.5540590882301331,0.5755317807197571,0.5478042960166931,0.5206179022789001,0.4658876061439514,0.0
158,1.0,0.0,0.0,0.0,0.0,0.0,0.5726474523544312,0.5553560256958008,0.5760613083839417,0.5476236939430237,0.5203930735588074,0.4599010944366455,2.0
159,1.0,0.0,0.0,0.0,0.0,1.0,0.5720735192298889,0.5541962385177612,0.5740934610366821,0.5459869503974915,0.5192816853523254,0.45297592878341675,4.0
160,1.0,0.0,0.0,0.0,0.0,1.0,0.5717626810073853,0.5536755323410034,0.5737486481666565,0.5455157160758972,0.5186838507652283,0.45258134603500366,4.0
161,1.0,0.0,0.0,0.0,1.0,0.0,0.572230339050293,0.5543593764305115,0.5742864608764648,0.5460532307624817,0.519237756729126,0.4525998532772064,4.0
162,1.0,0.0,0.0,0.0,0.0,0.0,0.5728411674499512,0.5560351610183716,0.5762531161308289,0.5478158593177795,0.5213356018066406,0.46058839559555054,1.0
163,1.0,0.0,0.0,0.0,0.0,0.0,0.5722976326942444,0.553763747215271,0.5754171013832092,0.5475717186927795,0.5201936364173889,0.4654521048069,0.0
164,1.0,0.0,0.0,0.0,0.0,0.0,0.5723114609718323,0.5548226833343506,0.5756811499595642,0.5472120642662048,0.5199403166770935,0.4596756398677826,2.0
165,1.0,0.0,0.0,0.0,0.0,0.0,0.5719403028488159,0.5530679225921631,0.5747091770172119,0.5467055439949036,0.5137591361999512,0.4493526220321655,3.0
166,1.0,0.0,0.0,0.0,0.0,0.0,0.5723610520362854,0.5538040995597839,0.5752063393592834,0.5473047494888306,0.5145304203033447,0.4496588408946991,3.0
167,1.0,0.0,0.0,0.0,0.0,0.0,0.5720856785774231,0.5542376637458801,0.5754501223564148,0.546711266040802,0.5190621018409729,0.45867493748664856,2.0
168,1.0,0.0,0.0,0.0,0.0,0.0,0.5725927352905273,0.5542711615562439,0.5757657885551453,0.547969400882721,0.5206807851791382,0.4656273424625397,0.0
169,1.0,0.0,0.0,0.0,0.0,0.0,0.5724485516548157,0.5541109442710876,0.5752812027931213,0.5475296974182129,0.5149756073951721,0.450264036655426,3.0
170,1.0,0.0,0.0,0.0,0.0,0.0,0.5723007917404175,0.5546525120735168,0.5757231116294861,0.5470489859580994,0.5195308327674866,0.4590247869491577,2.0
171,1.0,0.0,0.0,0.0,0.0,0.0,0.573019802570343,0.5560422539710999,0.5765076875686646,0.5482292175292969,0.5211726427078247,0.4604596495628357,2.0
172,1.0,0.0,0.0,0.0,0.0,0.0,0.5722017884254456,0.5537920594215393,0.5749968886375427,0.54733806848526,0.514863908290863,0.4506185054779053,3.0
173,1.0,0.0,0.0,0.0,1.0,0.0,0.5717587471008301,0.5527276396751404,0.5748264789581299,0.5467262864112854,0.5190335512161255,0.4644787609577179,0.0
174,1.0,0.0,0.0,0.0,0.0,0.0,0.5722262263298035,0.554793119430542,0.5755675435066223,0.5467817187309265,0.5197514295578003,0.4589870870113373,1.0
175,1.0,0.0,0.0,0.0,0.0,0.0,0.5721168518066406,0.5546873807907104,0.5754197239875793,0.5467094779014587,0.5197990536689758,0.45934247970581055,1.0
176,1.0,0.0,0.0,0.0,0.0,0.0,0.5734257698059082,0.5558315515518188,0.5764321088790894,0.5489930510520935,0.5168789029121399,0.4514314830303192,3.0
177,1.0,0.0,0.0,0.0,0.0,0.0,0.57257080078125,0.5542135834693909,0.5757358074188232,0.5479478240013123,0.5206109881401062,0.4655100405216217,0.0
178,1.0,0.0,0.0,0.0,0.0,0.0,0.5714905261993408,0.5519953370094299,0.5745083093643188,0.5461398363113403,0.518065333366394,0.463416188955307,0.0
179,1.0,0.0,0.0,0.0,0.0,0.0,0.573549747467041,0.5558863282203674,0.5768672227859497,0.5492720007896423,0.5222869515419006,0.46659162640571594,0.0
180,1.0,0.0,0.0,0.0,0.0,0.0,0.5724858641624451,0.5549029111862183,0.5745944380760193,0.5464755296707153,0.5198466777801514,0.4531400203704834,4.0
181,1.0,0.0,0.0,0.0,0.0,0.0,0.5721265077590942,0.5543847680091858,0.575499951839447,0.5468121767044067,0.5192731618881226,0.45891910791397095,2.0
182,1.0,0.0,0.0,0.0,0.0,0.0,0.5725070238113403,0.5550121665000916,0.5759184956550598,0.5473244190216064,0.519972026348114,0.4594317376613617,2.0
183,1.0,0.0,0.0,0.0,0.0,0.0,0.5726901292800903,0.554426908493042,0.5755408406257629,0.5478767156600952,0.515367329120636,0.4505268335342407,3.0
184,1.0,0.0,0.0,0.0,0.0,0.0,0.5726312398910522,0.5542588829994202,0.5757813453674316,0.5479977130889893,0.5206993222236633,0.46563324332237244,0.0
185,1.0,0.0,0.0,0.0,0.0,0.0,0.5722519159317017,0.5550587177276611,0.5755721926689148,0.5470486879348755,0.5203582048416138,0.4599810540676117,1.0
186,1.0,0.0,0.0,0.0,0.0,0.0,0.5732565522193909,0.5565470457077026,0.5754572153091431,0.5478827953338623,0.5219066739082336,0.4550884962081909,4.0
187,1.0,0.0,0.0,0.0,0.0,0.0,0.5731831192970276,0.5565747022628784,0.5767143368721008,0.5486640334129333,0.5219204425811768,0.4613012969493866,2.0
188,1.0,0.0,0.0,0.0,0.0,0.0,0.5738162994384766,0.556571364402771,0.5771878957748413,0.5499036312103271,0.5233078598976135,0.467817097902298,0.0
189,1.0,0.0,0.0,0.0,0.0,0.0,0.573610782623291,0.5570625066757202,0.5758323073387146,0.5482785701751709,0.522315502166748,0.4551101326942444,4.0
190,1.0,0.0,0.0,0.0,0.0,0.0,0.5731083154678345,0.5561326146125793,0.5752788186073303,0.5475262999534607,0.5213371515274048,0.45449820160865784,4.0
191,1.0,0.0,0.0,0.0,0.0,1.0,0.5728270411491394,0.5549027323722839,0.5757389068603516,0.5482355356216431,0.516053318977356,0.45120421051979065,3.0
192,1.0,0.0,0.0,0.0,0.0,1.0,0.5731889605522156,0.5554010272026062,0.5764333605766296,0.5489135384559631,0.522006630897522,0.4668019711971283,0.0
193,1.0,0.0,0.0,0.0,1.0,0.0,0.5727941989898682,0.555870532989502,0.5762882828712463,0.5480213761329651,0.5210362076759338,0.4605197310447693,2.0
194,1.0,0.0,0.0,0.0,0.0,0.0,0.5719354748725891,0.5544967651367188,0.5752218961715698,0.5465479493141174,0.5197805166244507,0.4596572518348694,1.0
195,1.0,0.0,0.0,0.0,0.0,0.0,0.5723218321800232,0.5548462271690369,0.5757362842559814,0.5472548604011536,0.5199577808380127,0.4596354365348816,2.0
196,1.0,0.0,0.0,0.0,0.0,1.0,0.571905255317688,0.5530582070350647,0.5749611854553223,0.5469988584518433,0.5194911360740662,0.46499013900756836,0.0
197,1.0,0.0,0.0,0.0,1.0,0.0,0.5727508068084717,0.5555438995361328,0.5749033689498901,0.5470700263977051,0.5207823514938354,0.4541337192058563,4.0
198,1.0,0.0,0.0,0.0,0.0,0.0,0.5731577277183533,0.556865930557251,0.5767014622688293,0.5484756231307983,0.5222646594047546,0.46139541268348694,1.0
199,1.0,0.0,0.0,0.0,0.0,0.0,0.5733655691146851,0.55560302734375,0.5766429901123047,0.5490512847900391,0.5220431685447693,0.4665805697441101,0.0
200,1.0,0.0,0.0,0.0,0.0,1.0,0.5724475979804993,0.5549479126930237,0.5745638608932495,0.5465327501296997,0.5200116634368896,0.45342835783958435,4.0
201,1.0,0.0,0.0,0.0,0.0,0.0,0.5726267099380493,0.5551738739013672,0.5747550129890442,0.5467767119407654,0.5202577114105225,0.4535657465457916,4.0
202,1.0,0.0,0.0,0.0,0.0,0.0,0.5728135704994202,0.5553966164588928,0.5749318599700928,0.5469350218772888,0.5203803777694702,0.4535062313079834,4.0
203,1.0,0.0,0.0,0.0,1.0,0.0,0.5729082822799683,0.5562781691551208,0.5763012170791626,0.5480048060417175,0.521642804145813,0.4609663188457489,1.0
204,1.0,0.0,0.0,0.0,0.0,0.0,0.5718476176261902,0.5530886054039001,0.5746309757232666,0.5467625260353088,0.5140364766120911,0.44995710253715515,3.0
205,1.0,0.0,0.0,0.0,0.0,0.0,0.5730321407318115,0.5561463832855225,0.576430082321167,0.5478901267051697,0.5211573243141174,0.46003130078315735,1.0
206,1.0,0.0,0.0,0.0,0.0,0.0,0.5722864270210266,0.5544575452804565,0.5743382573127747,0.5460969805717468,0.519312858581543,0.45267045497894287,4.0
207,1.0,0.0,0.0,0.0,0.0,0.0,0.5721703767776489,0.5549054145812988,0.5755012631416321,0.5468701720237732,0.5201159119606018,0.45975807309150696,1.0
208,1.0,0.0,0.0,0.0,0.0,0.0,0.5730941891670227,0.5549992918968201,0.5763299465179443,0.548560619354248,0.5212758183479309,0.46581369638442993,0.0
209,1.0,0.0,0.0,0.0,0.0,0.0,0.5721848607063293,0.5547192692756653,0.5754756331443787,0.546711802482605,0.5197567343711853,0.4591517150402069,1.0
210,1.0,0.0,0.0,0.0,0.0,0.0,0.5733801126480103,0.5555985569953918,0.5766618847846985,0.549005925655365,0.5219495296478271,0.46632739901542664,0.0
211,1.0,0.0,0.0,0.0,0.0,0.0,0.5733090043067932,0.5553920865058899,0.576595664024353,0.5489190816879272,0.5217322111129761,0.4660828113555908,0.0
212,1.0,0.0,0.0,0.0,0.0,0.0,0.5726001262664795,0.5540438890457153,0.5757688879966736,0.5477591156959534,0.5201746225357056,0.4648670256137848,0.0
213,1.0,0.0,0.0,0.0,0.0,0.0,0.5721678137779236,0.5536951422691345,0.5750067234039307,0.5472314953804016,0.5146585702896118,0.450298935174942,3.0
214,1.0,0.0,0.0,0.0,0.0,0.0,0.5724113583564758,0.5551473498344421,0.5758340954780579,0.5475042462348938,0.5203825235366821,0.4601761996746063,2.0
215,1.0,0.0,0.0,0.0,0.0,0.0,0.5711858868598938,0.5525000095367432,0.5743952393531799,0.5453449487686157,0.5172266364097595,0.4573976993560791,2.0
216,1.0,0.0,0.0,0.0,0.0,0.0,0.5719773769378662,0.553244411945343,0.5747702717781067,0.546841025352478,0.5140878558158875,0.4497278332710266,3.0
217,1.0,0.0,0.0,0.0,1.0,0.0,0.5716452598571777,0.5534432530403137,0.573655366897583,0.5453653931617737,0.5184155702590942,0.45231568813323975,4.0
218,1.0,0.0,0.0,0.0,0.0,0.0,0.5726202130317688,0.5542256236076355,0.5757495164871216,0.5479512810707092,0.520609974861145,0.46554505825042725,0.0
219,1.0,0.0,0.0,0.0,1.0,0.0,0.5719317197799683,0.5530993342399597,0.5750308036804199,0.5470256209373474,0.519500732421875,0.4648953378200531,0.0
220,1.0,0.0,0.0,0.0,0.0,0.0,0.5716782212257385,0.5525469183921814,0.5747306942939758,0.5465970635414124,0.5188108682632446,0.4642995297908783,0.0
221,1.0,0.0,0.0,0.0,0.0,0.0,0.5715389251708984,0.5536385774612427,0.5747873783111572,0.5458356738090515,0.5186298489570618,0.4584740400314331,1.0
222,1.0,0.0,0.0,0.0,0.0,0.0,0.5712801218032837,0.5529463887214661,0.574447512626648,0.5452418923377991,0.5177282691001892,0.457546204328537,1.0
223,1.0,0.0,0.0,0.0,0.0,0.0,0.5731579661369324,0.5553747415542603,0.576118528842926,0.548608660697937,0.516423761844635,0.4511791467666626,3.0
224,1.0,0.0,0.0,0.0,0.0,0.0,0.5723053812980652,0.5548485517501831,0.5757013559341431,0.5472033619880676,0.5199450254440308,0.45969122648239136,2.0
225,1.0,0.0,0.0,0.0,0.0,0.0,0.5721256136894226,0.5544289946556091,0.5741832852363586,0.5461416244506836,0.519575297832489,0.45337361097335815,4.0
226,1.0,0.0,0.0,0.0,0.0,0.0,0.5719160437583923,0.5543347597122192,0.5752314925193787,0.5464040637016296,0.5193600058555603,0.4588930308818817,1.0
227,0.0,1.0,0.0,0.0,0.0,0.0,0.5737599730491638,0.5562739372253418,0.5768199563026428,0.549328088760376,0.5171562433242798,0.4511050581932068,3.0
228,0.0,1.0,0.0,0.0,0.0,0.0,0.5734511613845825,0.5557828545570374,0.5764774680137634,0.548987090587616,0.516715407371521,0.45100653171539307,3.0
229,0.0,1.0,0.0,0.0,0.0,0.0,0.573420524597168,0.5555336475372314,0.5767213702201843,0.5490542054176331,0.52186119556427,0.4661531150341034,0.0
230,0.0,1.0,0.0,0.0,0.0,0.0,0.5726482272148132,0.5558270812034607,0.5760636925697327,0.5476859211921692,0.5212171077728271,0.4606437385082245,1.0
231,0.0,1.0,0.0,0.0,0.0,0.0,0.5718632340431213,0.553024411201477,0.5749290585517883,0.5469747185707092,0.5194620490074158,0.46494054794311523,0.0
232,0.0,1.0,0.0,0.0,0.0,0.0,0.5731938481330872,0.5555660724639893,0.576189398765564,0.5487844944000244,0.516710102558136,0.4515302777290344,3.0
233,0.0,1.0,0.0,0.0,0.0,0.0,0.57401442527771,0.5562688112258911,0.5773234367370605,0.54960697889328,0.522235095500946,0.46588853001594543,0.0
234,0.0,1.0,0.0,0.0,0.0,0.0,0.5730672478675842,0.5549647808074951,0.5759888887405396,0.548255443572998,0.5156838893890381,0.45016342401504517,3.0
235,0.0,1.0,0.0,0.0,0.0,0.0,0.5724115967750549,0.5538321137428284,0.5752268433570862,0.5473496317863464,0.5144827961921692,0.44955816864967346,3.0
236,0.0,1.0,0.0,0.0,0.0,0.0,0.5731893181800842,0.5559795498847961,0.5766696333885193,0.5481811761856079,0.5206977128982544,0.4594939649105072,2.0
237,0.0,1.0,0.0,0.0,0.0,0.0,0.5722134113311768,0.5535173416137695,0.5753446221351624,0.5473889708518982,0.5198889374732971,0.465047150850296,0.0
238,0.0,1.0,0.0,0.0,0.0,0.0,0.572725236415863,0.5545884370803833,0.5756435990333557,0.5479630827903748,0.5154821872711182,0.4504258334636688,3.0
239,0.0,1.0,0.0,0.0,0.0,0.0,0.5726073980331421,0.5543355345726013,0.5757691860198975,0.5480735898017883,0.5208696126937866,0.46592459082603455,0.0
240,0.0,1.0,0.0,0.0,0.0,0.0,0.5728148221969604,0.5542234778404236,0.5759606957435608,0.5479092597961426,0.5201407670974731,0.46448591351509094,0.0
241,0.0,1.0,0.0,0.0,0.0,0.0,0.5720993280410767,0.5541698336601257,0.5741429328918457,0.5459728240966797,0.5191832780838013,0.4527594745159149,4.0
242,0.0,1.0,0.0,0.0,0.0,0.0,0.5728074312210083,0.5547986030578613,0.5757308602333069,0.5481856465339661,0.5158563852310181,0.45097753405570984,3.0
243,0.0,1.0,0.0,0.0,0.0,0.0,0.5724918842315674,0.5547571778297424,0.5758680105209351,0.5471075773239136,0.5193732380867004,0.45849183201789856,2.0
244,0.0,1.0,0.0,0.0,0.0,0.0,0.5732223987579346,0.5562503337860107,0.5766300559043884,0.5479698777198792,0.5209441781044006,0.45943042635917664,1.0
245,0.0,1.0,0.0,0.0,0.0,0.0,0.5732813477516174,0.5561643838882446,0.5754750967025757,0.5475685596466064,0.521060049533844,0.4536557197570801,4.0
246,0.0,1.0,0.0,0.0,0.0,0.0,0.5728184580802917,0.5555420517921448,0.5749650597572327,0.5470235347747803,0.5206395387649536,0.4538254737854004,4.0
247,0.0,1.0,0.0,0.0,0.0,0.0,0.5731561779975891,0.5550194978713989,0.5764012932777405,0.5486000180244446,0.5212308764457703,0.465633749961853,0.0
248,0.0,1.0,0.0,0.0,0.0,0.0,0.572451114654541,0.5539889335632324,0.5752741694450378,0.5474551916122437,0.5148178339004517,0.4500972330570221,3.0
249,0.0,1.0,0.0,0.0,0.0,0.0,0.5725945830345154,0.5542999505996704,0.5754479169845581,0.5477896332740784,0.5152297019958496,0.4503321945667267,3.0
250,0.0,1.0,0.0,0.0,0.0,0.0,0.5718784928321838,0.5540739893913269,0.5751993656158447,0.5466175079345703,0.5192208290100098,0.45925354957580566,2.0
251,0.0,1.0,0.0,0.0,0.0,0.0,0.5731406211853027,0.5549789071083069,0.5764075517654419,0.548561692237854,0.5211700201034546,0.4654667377471924,0.0
252,0.0,1.0,0.0,0.0,0.0,0.0,0.5720705986022949,0.5531365871429443,0.5751667618751526,0.5470818281173706,0.5193488597869873,0.46445396542549133,0.0
253,0.0,1.0,0.0,0.0,0.0,0.0,0.5723838210105896,0.5545604228973389,0.5744478106498718,0.5462459325790405,0.5194255709648132,0.45263057947158813,4.0
254,0.0,1.0,0.0,0.0,0.0,0.0,0.5724220871925354,0.5537126660346985,0.5755574107170105,0.5475034713745117,0.519812822341919,0.4645485579967499,0.0
255,0.0,1.0,0.0,0.0,0.0,0.0,0.5730821490287781,0.5550257563591003,0.5760176181793213,0.5482872128486633,0.5157209038734436,0.45020800828933716,3.0
256,0.0,1.0,0.0,0.0,0.0,0.0,0.5731626749038696,0.5564024448394775,0.5766026377677917,0.5480964183807373,0.5213890075683594,0.46007803082466125,1.0
257,0.0,1.0,0.0,0.0,0.0,0.0,0.5730191469192505,0.5556657910346985,0.5751530528068542,0.5471776723861694,0.5205787420272827,0.4534352421760559,4.0
258,0.0,1.0,0.0,0.0,0.0,0.0,0.5724130272865295,0.5549246072769165,0.5758346319198608,0.5473162531852722,0.5199053883552551,0.4594478905200958,2.0
259,0.0,1.0,0.0,0.0,0.0,0.0,0.5734209418296814,0.5555757880210876,0.5766929388046265,0.5490489602088928,0.5219008922576904,0.4661511480808258,0.0
260,0.0,1.0,0.0,0.0,0.0,0.0,0.5727407932281494,0.5551683902740479,0.5761674046516418,0.5474648475646973,0.5197932124137878,0.45864835381507874,2.0
261,0.0,1.0,0.0,0.0,0.0,0.0,0.5724850296974182,0.5551959872245789,0.575846791267395,0.5471442937850952,0.5202164053916931,0.4593954086303711,1.0
262,0.0,1.0,0.0,0.0,0.0,0.0,0.5725724101066589,0.5549137592315674,0.5746858716011047,0.5465203523635864,0.519737720489502,0.45272818207740784,4.0
263,0.0,1.0,0.0,0.0,0.0,0.0,0.5730602145195007,0.5562239289283752,0.5764968395233154,0.547947347164154,0.5211800932884216,0.45985567569732666,1.0
264,0.0,1.0,0.0,0.0,0.0,0.0,0.5733076930046082,0.5555869340896606,0.5762732625007629,0.5487635135650635,0.5164926052093506,0.450992614030838,3.0
265,0.0,1.0,0.0,0.0,0.0,0.0,0.5730611681938171,0.5562248229980469,0.5765030384063721,0.5479562878608704,0.5212070345878601,0.46002206206321716,1.0
266,0.0,1.0,0.0,0.0,0.0,0.0,0.5724678635597229,0.555047869682312,0.5758256316184998,0.5469620823860168,0.5198307633399963,0.4587329924106598,1.0
267,0.0,1.0,0.0,0.0,0.0,0.0,0.571919322013855,0.5532318949699402,0.5747065544128418,0.5468612313270569,0.5142244100570679,0.45004603266716003,3.0
268,0.0,1.0,0.0,0.0,0.0,0.0,0.5732004642486572,0.5559014678001404,0.5753775238990784,0.5473150014877319,0.5206438302993774,0.45315197110176086,4.0
269,0.0,1.0,0.0,0.0,0.0,0.0,0.5730901956558228,0.5559021830558777,0.5765586495399475,0.5480373501777649,0.5206432342529297,0.45946988463401794,2.0
270,0.0,1.0,0.0,0.0,0.0,0.0,0.5731900930404663,0.556520938873291,0.5766608715057373,0.548210620880127,0.5215963125228882,0.46034806966781616,1.0
271,0.0,1.0,0.0,0.0,0.0,0.0,0.5720881223678589,0.5546266436576843,0.5753968954086304,0.5466848015785217,0.5197493433952332,0.45933327078819275,1.0
272,0.0,1.0,0.0,0.0,0.0,0.0,0.5736255645751953,0.5566345453262329,0.5771158337593079,0.5487133860588074,0.5213065147399902,0.45969080924987793,2.0
273,0.0,1.0,0.0,0.0,0.0,0.0,0.5732861757278442,0.5563653707504272,0.5768227577209473,0.5484599471092224,0.5212969183921814,0.4601781666278839,2.0
274,0.0,1.0,0.0,0.0,0.0,0.0,0.5725277662277222,0.5545444488525391,0.5758817791938782,0.5469248294830322,0.5188859701156616,0.4576876759529114,2.0
275,0.0,1.0,0.0,0.0,0.0,0.0,0.5720431804656982,0.5541523098945618,0.5752638578414917,0.5461928844451904,0.5187467932701111,0.4578716456890106,1.0
276,0.0,1.0,0.0,0.0,0.0,0.0,0.5723398923873901,0.5538789629936218,0.5751519799232483,0.5473827123641968,0.5147935152053833,0.45013028383255005,3.0
277,0.0,1.0,0.0,0.0,0.0,0.0,0.5717540383338928,0.5540981292724609,0.575027346611023,0.5462580323219299,0.5192546844482422,0.45910605788230896,1.0
278,0.0,1.0,0.0,0.0,0.0,0.0,0.5734522342681885,0.5556290149688721,0.5764204859733582,0.5488012433052063,0.5163269639015198,0.450440376996994,3.0
279,0.0,1.0,0.0,0.0,0.0,0.0,0.5723729729652405,0.5535796880722046,0.5754598379135132,0.5474036931991577,0.5196789503097534,0.4644642472267151,0.0
280,0.0,1.0,0.0,0.0,0.0,0.0,0.5719431042671204,0.5532106757164001,0.574721097946167,0.546912670135498,0.5142387747764587,0.45013925433158875,3.0
281,0.0,1.0,0.0,0.0,0.0,0.0,0.5715861320495605,0.5522057414054871,0.5745747685432434,0.5462958812713623,0.518318772315979,0.46368905901908875,0.0
282,0.0,1.0,0.0,0.0,0.0,0.0,0.573933482170105,0.5563207864761353,0.5772758722305298,0.5496675372123718,0.5224931240081787,0.46637603640556335,0.0
283,0.0,1.0,0.0,0.0,0.0,0.0,0.5728766918182373,0.5560527443885803,0.5763407945632935,0.5478415489196777,0.5212430357933044,0.46031099557876587,1.0
284,0.0,1.0,0.0,0.0,0.0,0.0,0.5730157494544983,0.5558775663375854,0.5751941800117493,0.5473130941390991,0.5209521651268005,0.45394736528396606,4.0
285,0.0,1.0,0.0,0.0,0.0,0.0,0.5724733471870422,0.5547651052474976,0.5758281350135803,0.5471708178520203,0.5195361375808716,0.4587476849555969,2.0
286,0.0,1.0,0.0,0.0,0.0,0.0,0.5731837749481201,0.5560756921768188,0.576572597026825,0.5478329062461853,0.5207173228263855,0.4591054320335388,1.0
287,0.0,1.0,0.0,0.0,0.0,0.0,0.5734265446662903,0.5569763779640198,0.5769283175468445,0.5485792756080627,0.5221573114395142,0.4609546661376953,1.0
288,0.0,1.0,0.0,0.0,0.0,0.0,0.5728660225868225,0.5556061267852783,0.5763330459594727,0.5478840470314026,0.5205819010734558,0.45980292558670044,2.0
289,0.0,1.0,0.0,0.0,0.0,0.0,0.5740519762039185,0.5566628575325012,0.5774586796760559,0.549963116645813,0.5230086445808411,0.46696075797080994,0.0
290,0.0,1.0,0.0,0.0,0.0,0.0,0.5727563500404358,0.5544910430908203,0.5759673714637756,0.5481976866722107,0.520904004573822,0.465693861246109,0.0
291,0.0,1.0,0.0,0.0,0.0,0.0,0.5729225873947144,0.5545651316642761,0.5761319994926453,0.5482174158096313,0.5206924080848694,0.46513110399246216,0.0
292,0.0,1.0,0.0,0.0,0.0,0.0,0.5733249187469482,0.5567802786827087,0.5768444538116455,0.5484155416488647,0.521868109703064,0.4605804979801178,1.0
293,0.0,1.0,0.0,0.0,0.0,0.0,0.572953462600708,0.5556108355522156,0.5751152634620667,0.5471099019050598,0.5205099582672119,0.45338454842567444,4.0
294,0.0,1.0,0.0,0.0,0.0,0.0,0.5730819702148438,0.5560981035232544,0.5764846205711365,0.5478402972221375,0.5209314823150635,0.45958805084228516,1.0
295,0.0,1.0,0.0,0.0,0.0,0.0,0.5725125670433044,0.5547564625740051,0.5759045481681824,0.5471758246421814,0.5194171071052551,0.45850563049316406,2.0
296,0.0,1.0,0.0,0.0,0.0,0.0,0.5732134580612183,0.5552452802658081,0.5764724612236023,0.5487861037254333,0.5216137766838074,0.466135710477829,0.0
297,0.0,1.0,0.0,0.0,0.0,0.0,0.5730214715003967,0.5557727813720703,0.5763795971870422,0.5475775003433228,0.5204158425331116,0.45889952778816223,1.0
298,0.0,1.0,0.0,0.0,0.0,0.0,0.5734395980834961,0.5554332137107849,0.57669597864151,0.548933744430542,0.5215656161308289,0.46571409702301025,0.0
299,0.0,1.0,0.0,0.0,0.0,0.0,0.5730020403862,0.55473792552948,0.5762311220169067,0.548375129699707,0.520897626876831,0.46525731682777405,0.0
300,0.0,1.0,0.0,0.0,0.0,0.0,0.5736055970191956,0.5573005080223083,0.5771786570549011,0.5488899946212769,0.5224714279174805,0.461089164018631,1.0
301,0.0,1.0,0.0,0.0,0.0,0.0,0.5738699436187744,0.5571646690368652,0.57616126537323,0.5484018921852112,0.5221314430236816,0.4544614851474762,4.0
302,0.0,1.0,0.0,0.0,0.0,0.0,0.5723938345909119,0.5537186861038208,0.5751698613166809,0.5472480058670044,0.514361560344696,0.449341744184494,3.0
303,0.0,1.0,0.0,0.0,0.0,0.0,0.5735365152359009,0.555468738079071,0.5767567753791809,0.5489766001701355,0.5214963555335999,0.4655058979988098,0.0
304,0.0,1.0,0.0,0.0,0.0,0.0,0.5720624923706055,0.5541567802429199,0.5752863883972168,0.5462139248847961,0.5186933875083923,0.45769068598747253,1.0
305,0.0,1.0,0.0,0.0,0.0,0.0,0.5725405812263489,0.5553091764450073,0.5758949518203735,0.5471603274345398,0.5202561020851135,0.45936790108680725,1.0
306,0.0,1.0,0.0,0.0,0.0,0.0,0.5735594630241394,0.5568321943283081,0.5770089626312256,0.548516571521759,0.5216861963272095,0.46002745628356934,1.0
307,0.0,1.0,0.0,0.0,0.0,0.0,0.5739516615867615,0.5563513040542603,0.5773045420646667,0.5497124195098877,0.5225052833557129,0.4663306772708893,0.0
308,0.0,1.0,0.0,0.0,0.0,0.0,0.5732713937759399,0.5567120909690857,0.5767645835876465,0.548350989818573,0.5218691825866699,0.4607125520706177,1.0
309,0.0,1.0,0.0,0.0,0.0,0.0,0.5726320147514343,0.555684506893158,0.576012134552002,0.547509491443634,0.520898699760437,0.4602089524269104,1.0
310,0.0,1.0,0.0,0.0,0.0,0.0,0.5738091468811035,0.5570683479309082,0.5773544311523438,0.5490511059761047,0.5218865871429443,0.4603101909160614,2.0
311,0.0,1.0,0.0,0.0,0.0,0.0,0.5730748772621155,0.5563092827796936,0.5765094757080078,0.5480394959449768,0.5214148759841919,0.460310697555542,1.0
312,0.0,1.0,0.0,0.0,0.0,0.0,0.5725178122520447,0.5546789765357971,0.5758768320083618,0.5470634698867798,0.5191758871078491,0.4581577479839325,2.0
313,0.0,1.0,0.0,0.0,0.0,0.0,0.5730888843536377,0.5563535094261169,0.5765255093574524,0.5480741262435913,0.5214768052101135,0.46038416028022766,1.0
314,0.0,1.0,0.0,0.0,0.0,0.0,0.5718435049057007,0.5529294013977051,0.5745972990989685,0.5465753078460693,0.5135753750801086,0.4491433799266815,3.0
315,0.0,1.0,0.0,0.0,0.0,0.0,0.5733292698860168,0.5564945936203003,0.5767821073532104,0.5481945872306824,0.5213122963905334,0.4597359597682953,1.0
316,0.0,1.0,0.0,0.0,0.0,0.0,0.5717561841011047,0.5542187690734863,0.5750133395195007,0.5463384389877319,0.5195075273513794,0.4594627320766449,1.0
317,0.0,1.0,0.0,0.0,0.0,0.0,0.5736832618713379,0.5566007494926453,0.5758937001228333,0.5479152798652649,0.5213028192520142,0.4534325897693634,4.0
318,0.0,1.0,0.0,0.0,0.0,0.0,0.5734611749649048,0.5567328333854675,0.5769293308258057,0.548377513885498,0.5215492248535156,0.4599126875400543,1.0
319,0.0,1.0,0.0,0.0,0.0,0.0,0.5724136829376221,0.554926335811615,0.5758147239685059,0.5472910404205322,0.5199529528617859,0.4595724046230316,2.0
320,0.0,1.0,0.0,0.0,0.0,0.0,0.5725956559181213,0.5552746057510376,0.5759994983673096,0.547607958316803,0.5203978419303894,0.45998522639274597,2.0
321,0.0,1.0,0.0,0.0,0.0,0.0,0.5724913477897644,0.5538504123687744,0.5756500959396362,0.5476483702659607,0.5200064182281494,0.4647732079029083,0.0
322,0.0,1.0,0.0,0.0,0.0,0.0,0.5726265907287598,0.5553042888641357,0.5759963989257812,0.5472167730331421,0.5201222896575928,0.4590107202529907,1.0
323,0.0,1.0,0.0,0.0,0.0,0.0,0.5728943347930908,0.5552932024002075,0.5763353705406189,0.5475239157676697,0.5197064876556396,0.4582868814468384,2.0
324,0.0,1.0,0.0,0.0,0.0,0.0,0.573043167591095,0.5546148419380188,0.5762587785720825,0.548227071762085,0.5205417275428772,0.4647144079208374,0.0
325,0.0,1.0,0.0,0.0,0.0,0.0,0.5731347799301147,0.5559419393539429,0.576595664024353,0.5481224060058594,0.5207136273384094,0.4595584571361542,2.0
326,0.0,1.0,0.0,0.0,0.0,0.0,0.5734948515892029,0.5564476847648621,0.5769955515861511,0.5485242009162903,0.5211282968521118,0.4596168100833893,2.0
327,0.0,1.0,0.0,0.0,0.0,0.0,0.5728840231895447,0.5556309819221497,0.5763364434242249,0.5478670001029968,0.5205157995223999,0.45961782336235046,2.0
328,0.0,1.0,0.0,0.0,0.0,0.0,0.5724214315414429,0.5548473000526428,0.5757989287376404,0.547187864780426,0.5196842551231384,0.459047794342041,2.0
329,0.0,1.0,0.0,0.0,0.0,0.0,0.5735993981361389,0.5565840601921082,0.5770964026451111,0.5486139059066772,0.5212472677230835,0.45962536334991455,2.0
330,0.0,1.0,0.0,0.0,0.0,0.0,0.5730739831924438,0.5560836791992188,0.5752884745597839,0.5475128889083862,0.5212821364402771,0.4544011652469635,4.0
331,0.0,1.0,0.0,0.0,0.0,0.0,0.5734122395515442,0.5569880604743958,0.5768961906433105,0.5485945343971252,0.5221912264823914,0.4609937369823456,1.0
332,0.0,1.0,0.0,0.0,0.0,0.0,0.573131263256073,0.5552102327346802,0.576399564743042,0.5487629771232605,0.5216719508171082,0.46630749106407166,0.0
333,0.0,1.0,0.0,0.0,0.0,0.0,0.5725822448730469,0.5550870299339294,0.5759767293930054,0.5474094748497009,0.5199630260467529,0.4592911899089813,2.0
334,0.0,1.0,0.0,0.0,0.0,0.0,0.5734529495239258,0.5564607977867126,0.5769559144973755,0.548514723777771,0.5211605429649353,0.45973652601242065,2.0
335,0.0,1.0,0.0,0.0,0.0,0.0,0.5723616480827332,0.5544800758361816,0.5744338631629944,0.5462096929550171,0.5192652940750122,0.45236554741859436,4.0
336,0.0,1.0,0.0,0.0,0.0,0.0,0.5734540820121765,0.5556251406669617,0.5764210224151611,0.5488088726997375,0.5163899064064026,0.45059847831726074,3.0
337,0.0,1.0,0.0,0.0,0.0,0.0,0.5732036828994751,0.5559920072555542,0.5753640532493591,0.5473666787147522,0.5207701921463013,0.45338043570518494,4.0
338,0.0,1.0,0.0,0.0,0.0,0.0,0.5725405812263489,0.5542764067649841,0.5754238963127136,0.5477250218391418,0.5152201652526855,0.45039913058280945,3.0
339,0.0,1.0,0.0,0.0,0.0,0.0,0.572205126285553,0.5546216368675232,0.5755118727684021,0.5466362237930298,0.5195202231407166,0.4587715268135071,1.0
340,0.0,1.0,0.0,0.0,0.0,0.0,0.5729939937591553,0.5556793808937073,0.575148344039917,0.5471711158752441,0.5205581188201904,0.4533987045288086,4.0
341,0.0,1.0,0.0,0.0,0.0,0.0,0.5728346705436707,0.5555610060691833,0.5763198733329773,0.5477916598320007,0.5203914642333984,0.45941147208213806,2.0
342,0.0,1.0,0.0,0.0,0.0,0.0,0.5733753442764282,0.5554410815238953,0.5766571760177612,0.5489303469657898,0.5216925144195557,0.46595585346221924,0.0
343,0.0,1.0,0.0,0.0,0.0,0.0,0.5732099413871765,0.5565199851989746,0.5766745805740356,0.5481901168823242,0.5215883851051331,0.460326611995697,1.0
344,0.0,1.0,0.0,0.0,0.0,0.0,0.5730883479118347,0.5561276078224182,0.5765265822410583,0.5479066967964172,0.5209944248199463,0.459598571062088,1.0
345,0.0,1.0,0.0,0.0,0.0,0.0,0.5731889605522156,0.555265486240387,0.5761275887489319,0.5484853386878967,0.516053318977356,0.4505618214607239,3.0
346,0.0,1.0,0.0,0.0,0.0,0.0,0.5729575753211975,0.5553862452507019,0.5764264464378357,0.5476418137550354,0.519817590713501,0.4583480954170227,2.0
347,0.0,1.0,0.0,0.0,0.0,0.0,0.5738195180892944,0.5562368631362915,0.576850950717926,0.5492879748344421,0.5168953537940979,0.4506787061691284,3.0
348,0.0,1.0,0.0,0.0,0.0,0.0,0.5730916261672974,0.5559268593788147,0.576574444770813,0.5481407642364502,0.520819365978241,0.4598369002342224,2.0
349,0.0,1.0,0.0,0.0,0.0,0.0,0.5733497738838196,0.5554203391075134,0.5763213634490967,0.5486118197441101,0.5160850286483765,0.4502161741256714,3.0
350,0.0,1.0,0.0,0.0,0.0,0.0,0.5728099942207336,0.5543504357337952,0.575981616973877,0.5480371117591858,0.5204591751098633,0.4649381637573242,0.0
351,0.0,1.0,0.0,0.0,0.0,0.0,0.5726721882820129,0.5553548336029053,0.5760127305984497,0.5472257137298584,0.5200767517089844,0.4588754177093506,1.0
352,0.0,1.0,0.0,0.0,0.0,0.0,0.572850227355957,0.5558497309684753,0.5762730240821838,0.5476263165473938,0.5207923650741577,0.4596669673919678,1.0
353,0.0,1.0,0.0,0.0,0.0,0.0,0.5729315280914307,0.554713249206543,0.5761736631393433,0.5483612418174744,0.5209664702415466,0.46555295586586,0.0
354,0.0,1.0,0.0,0.0,0.0,0.0,0.573367178440094,0.5557127594947815,0.5766403675079346,0.549143373966217,0.522289514541626,0.4669249951839447,0.0
355,0.0,1.0,0.0,0.0,0.0,0.0,0.5724571347236633,0.5549941062927246,0.5758646726608276,0.5473467111587524,0.5199831128120422,0.4595299959182739,2.0
356,0.0,1.0,0.0,0.0,0.0,0.0,0.5729590654373169,0.5552452802658081,0.5750240683555603,0.5467512607574463,0.5197519659996033,0.45227038860321045,4.0
357,0.0,1.0,0.0,0.0,0.0,0.0,0.5737478733062744,0.5563614964485168,0.5768002271652222,0.5493556261062622,0.5172932744026184,0.45136845111846924,3.0
358,0.0,1.0,0.0,0.0,0.0,0.0,0.5718892216682434,0.554137647151947,0.5751765966415405,0.5462443828582764,0.5190393924713135,0.45857128500938416,1.0
359,0.0,1.0,0.0,0.0,0.0,0.0,0.5725440382957458,0.5543347597122192,0.5753971934318542,0.547774076461792,0.5154250264167786,0.4508168697357178,3.0
360,0.0,1.0,0.0,0.0,0.0,0.0,0.5719611644744873,0.5543904900550842,0.5752459764480591,0.5464568734169006,0.5193906426429749,0.4589609205722809,1.0
361,0.0,1.0,0.0,0.0,0.0,0.0,0.5727255344390869,0.5541873574256897,0.5759138464927673,0.54792320728302,0.5202407836914062,0.4647398293018341,0.0
362,0.0,1.0,0.0,0.0,0.0,0.0,0.5734262466430664,0.5558537244796753,0.5764590501785278,0.5489930510520935,0.5168323516845703,0.4512811005115509,3.0
363,0.0,1.0,0.0,0.0,0.0,0.0,0.5723633170127869,0.5545179843902588,0.5757417678833008,0.5469925403594971,0.5191811323165894,0.45837074518203735,2.0
364,0.0,1.0,0.0,0.0,0.0,0.0,0.5714936256408691,0.5523386001586914,0.5741719007492065,0.5461952686309814,0.5132068991661072,0.4493877589702606,3.0
365,0.0,1.0,0.0,0.0,0.0,0.0,0.5724043250083923,0.5551756620407104,0.5757782459259033,0.547114908695221,0.5202666521072388,0.4595504403114319,1.0
366,0.0,1.0,0.0,0.0,0.0,0.0,0.572074294090271,0.5532734990119934,0.5751828551292419,0.5471668839454651,0.5196160078048706,0.4648309051990509,0.0
367,0.0,1.0,0.0,0.0,0.0,0.0,0.5721602439880371,0.5534914135932922,0.575287938117981,0.5473803281784058,0.5199424028396606,0.4652256369590759,0.0
368,0.0,1.0,0.0,0.0,0.0,0.0,0.5728129148483276,0.5544342398643494,0.5760313272476196,0.5481730699539185,0.5207098722457886,0.4653360843658447,0.0
369,0.0,1.0,0.0,0.0,0.0,0.0,0.5726537108421326,0.5551022291183472,0.5747832655906677,0.5466958284378052,0.5200212001800537,0.4531116783618927,4.0
370,0.0,1.0,0.0,0.0,0.0,0.0,0.5724026560783386,0.5549531579017639,0.5758046507835388,0.5473322868347168,0.5200550556182861,0.45974254608154297,2.0
371,0.0,1.0,0.0,0.0,0.0,0.0,0.5718129277229309,0.553887128829956,0.575122594833374,0.5464352965354919,0.5188832879066467,0.4589230716228485,2.0
372,0.0,1.0,0.0,0.0,0.0,0.0,0.5718389749526978,0.5530375242233276,0.5746350884437561,0.5467410087585449,0.513951301574707,0.449745774269104,3.0
373,0.0,1.0,0.0,0.0,0.0,0.0,0.5724136829376221,0.5537993311882019,0.5752268433570862,0.5473280549049377,0.5144732594490051,0.4495108425617218,3.0
374,0.0,1.0,0.0,0.0,0.0,0.0,0.5732550621032715,0.5565459728240967,0.5767008662223816,0.5482040047645569,0.5215576887130737,0.4602055251598358,1.0
375,0.0,1.0,0.0,0.0,0.0,0.0,0.5737771987915039,0.557019829750061,0.5773410201072693,0.5490190386772156,0.5218384861946106,0.46022361516952515,2.0
376,0.0,1.0,0.0,0.0,0.0,0.0,0.5732099413871765,0.5567578077316284,0.5766893029212952,0.5484000444412231,0.522079586982727,0.4610968232154846,1.0
377,0.0,1.0,0.0,0.0,0.0,0.0,0.5733009576797485,0.5566861629486084,0.5767769813537598,0.5483158230781555,0.521712601184845,0.4603342115879059,1.0
378,0.0,1.0,0.0,0.0,0.0,0.0,0.5733709335327148,0.5563855171203613,0.5755687952041626,0.5477200150489807,0.5213778614997864,0.4540475308895111,4.0
379,0.0,1.0,0.0,0.0,0.0,0.0,0.5725322365760803,0.554829478263855,0.5746325254440308,0.5464528799057007,0.5196430087089539,0.4527076184749603,4.0
380,0.0,1.0,0.0,0.0,0.0,0.0,0.5721345543861389,0.5546716451644897,0.5754398703575134,0.5466703772544861,0.5197186470031738,0.4591725170612335,1.0
381,0.0,1.0,0.0,0.0,0.0,0.0,0.5729120969772339,0.5560829043388367,0.5763477683067322,0.5478817224502563,0.5212535858154297,0.460292249917984,1.0
382,0.0,1.0,0.0,0.0,0.0,0.0,0.5730046629905701,0.5563836693763733,0.5764538645744324,0.5480849146842957,0.5216549634933472,0.46078017354011536,1.0
383,0.0,1.0,0.0,0.0,0.0,0.0,0.5726962089538574,0.5543667078018188,0.5758762955665588,0.5480780601501465,0.520750105381012,0.465556800365448,0.0
384,0.0,1.0,0.0,0.0,0.0,0.0,0.5724805593490601,0.5541873574256897,0.5752972364425659,0.5476648807525635,0.5151947736740112,0.4505830705165863,3.0
385,0.0,1.0,0.0,0.0,0.0,0.0,0.5723329782485962,0.5549689531326294,0.5757461190223694,0.5473593473434448,0.5201851725578308,0.4600018262863159,2.0
386,0.0,1.0,0.0,0.0,0.0,0.0,0.5728777050971985,0.5546915531158447,0.5757507681846619,0.5480407476425171,0.5155499577522278,0.45035162568092346,3.0
387,0.0,1.0,0.0,0.0,0.0,0.0,0.5730331540107727,0.5549087524414062,0.576274037361145,0.5484375953674316,0.5211600065231323,0.4656645953655243,0.0
388,0.0,1.0,0.0,0.0,0.0,0.0,0.5727970600128174,0.5546881556510925,0.5756909847259521,0.5480371117591858,0.5156071186065674,0.45059266686439514,3.0
389,0.0,1.0,0.0,0.0,0.0,0.0,0.5729694962501526,0.5551493167877197,0.5759177207946777,0.5484244227409363,0.5162755846977234,0.4513107240200043,3.0
390,0.0,1.0,0.0,0.0,0.0,0.0,0.5732617974281311,0.556288480758667,0.5767684578895569,0.5484131574630737,0.5212551951408386,0.46019816398620605,2.0
391,0.0,1.0,0.0,0.0,0.0,0.0,0.5721492171287537,0.5544289946556091,0.5741748809814453,0.546129047870636,0.5195287466049194,0.4532582461833954,4.0
392,0.0,0.0,1.0,0.0,0.0,0.0,0.5736421346664429,0.5569419860839844,0.5758793950080872,0.5482229590415955,0.5221129655838013,0.45478811860084534,4.0
393,0.0,0.0,1.0,1.0,0.0,0.0,0.5735387206077576,0.5571701526641846,0.5770772099494934,0.5487228631973267,0.5222811102867126,0.4608972370624542,1.0
394,0.0,0.0,1.0,0.0,0.0,0.0,0.5728341341018677,0.5561670064926147,0.5762916803359985,0.5479021668434143,0.521498441696167,0.4607440233230591,1.0
395,0.0,0.0,1.0,1.0,0.0,0.0,0.573865532875061,0.5566040277481079,0.576949954032898,0.5495699644088745,0.5176023244857788,0.4516357183456421,3.0
396,0.0,0.0,1.0,0.0,0.0,0.0,0.5737179517745972,0.5571221709251404,0.5760070085525513,0.5483250021934509,0.5221937894821167,0.45476728677749634,4.0
397,0.0,0.0,1.0,0.0,0.0,0.0,0.572884738445282,0.5555381178855896,0.5750292539596558,0.546991229057312,0.5204136967658997,0.4533509314060211,4.0
398,0.0,0.0,1.0,0.0,0.0,0.0,0.5727307200431824,0.5560197830200195,0.5761816501617432,0.5478019118309021,0.5213598608970642,0.4606705605983734,1.0
399,0.0,0.0,1.0,1.0,1.0,0.0,0.5731375217437744,0.5559816956520081,0.5753052830696106,0.5473932027816772,0.5209918022155762,0.45382773876190186,4.0
400,0.0,0.0,1.0,0.0,0.0,0.0,0.5734311938285828,0.5566667318344116,0.5756474733352661,0.5479812026023865,0.5218517184257507,0.4547458589076996,4.0
401,0.0,0.0,1.0,1.0,0.0,0.0,0.5737611055374146,0.5571330189704895,0.577349066734314,0.5490725636482239,0.5220023989677429,0.4605458080768585,2.0
402,0.0,0.0,1.0,0.0,0.0,0.0,0.5739579200744629,0.5567763447761536,0.5773909091949463,0.5500179529190063,0.5233110189437866,0.46751078963279724,0.0
403,0.0,0.0,1.0,0.0,1.0,0.0,0.5731953382492065,0.5561109185218811,0.5753982067108154,0.5474919080734253,0.5210552215576172,0.45374712347984314,4.0
404,0.0,0.0,1.0,0.0,0.0,0.0,0.5738487839698792,0.5567763447761536,0.5769590735435486,0.5497146844863892,0.5179864764213562,0.45222699642181396,3.0
405,0.0,0.0,1.0,0.0,0.0,0.0,0.5730376839637756,0.5560562610626221,0.5765154957771301,0.548186182975769,0.5211160778999329,0.4603171646595001,2.0
406,0.0,0.0,1.0,0.0,0.0,0.0,0.5733782649040222,0.555684506893158,0.5766698718070984,0.5490636229515076,0.5221129655838013,0.46656882762908936,0.0
407,0.0,0.0,1.0,0.0,0.0,0.0,0.5743566751480103,0.5572037100791931,0.5777619481086731,0.5503690838813782,0.5235547423362732,0.46733608841896057,0.0
408,0.0,0.0,1.0,0.0,0.0,0.0,0.5744330883026123,0.5573738217353821,0.577868640422821,0.5505427122116089,0.5238100290298462,0.46758484840393066,0.0
409,0.0,0.0,1.0,0.0,0.0,0.0,0.5731747150421143,0.5566460490226746,0.5766799449920654,0.5482625365257263,0.5217739343643188,0.4606119692325592,1.0
410,0.0,0.0,1.0,1.0,0.0,0.0,0.5744481086730957,0.557283878326416,0.5778650641441345,0.5504159927368164,0.5235520601272583,0.467219740152359,0.0
411,0.0,0.0,1.0,1.0,0.0,0.0,0.5733131766319275,0.5567868947982788,0.5768017768859863,0.5484150648117065,0.5219437479972839,0.4607149362564087,1.0
412,0.0,0.0,1.0,0.0,0.0,0.0,0.5734659433364868,0.5568100810050964,0.5757137537002563,0.5480512380599976,0.522007167339325,0.45488810539245605,4.0
413,0.0,0.0,1.0,0.0,0.0,0.0,0.5736461877822876,0.5572388768196106,0.5772567391395569,0.54914391040802,0.5223789215087891,0.46123600006103516,2.0
414,0.0,0.0,1.0,0.0,0.0,0.0,0.573801577091217,0.5564522743225098,0.5771843194961548,0.5497863292694092,0.5229964852333069,0.46730709075927734,0.0
415,0.0,0.0,1.0,0.0,0.0,0.0,0.5730438828468323,0.5561086535453796,0.5765550136566162,0.5482767224311829,0.5212218761444092,0.4604547917842865,2.0
416,0.0,0.0,1.0,0.0,0.0,0.0,0.5738169550895691,0.5564426779747009,0.5771822333335876,0.5497690439224243,0.5229636430740356,0.4672539234161377,0.0
417,0.0,0.0,1.0,0.0,0.0,0.0,0.5728393197059631,0.5553650259971619,0.5749855041503906,0.5469027757644653,0.5202444195747375,0.4531787931919098,4.0
418,0.0,0.0,1.0,0.0,0.0,0.0,0.5738704800605774,0.5574773550033569,0.5761617422103882,0.5486178398132324,0.5226829051971436,0.45536044239997864,4.0
419,0.0,0.0,1.0,0.0,0.0,0.0,0.5734933614730835,0.5569800138473511,0.5771263837814331,0.5489734411239624,0.5221340656280518,0.46109920740127563,2.0
420,0.0,0.0,1.0,1.0,0.0,0.0,0.5732439160346985,0.5568339824676514,0.5767601728439331,0.5484732985496521,0.5221510529518127,0.4612259566783905,1.0
421,0.0,0.0,1.0,0.0,1.0,0.0,0.5733392834663391,0.5563890933990479,0.5768287181854248,0.5484777092933655,0.5213196873664856,0.4600893259048462,2.0
422,0.0,0.0,1.0,0.0,0.0,0.0,0.5745299458503723,0.5573983788490295,0.5779581069946289,0.5506045818328857,0.5237699151039124,0.4674265384674072,0.0
423,0.0,0.0,1.0,0.0,1.0,0.0,0.5735898613929749,0.5570740699768066,0.5770927667617798,0.5486312508583069,0.5220093131065369,0.46048271656036377,1.0
424,0.0,0.0,1.0,0.0,0.0,0.0,0.5737630724906921,0.5567436814308167,0.5768834948539734,0.5496945381164551,0.5180287957191467,0.45245271921157837,3.0
425,0.0,0.0,1.0,0.0,0.0,0.0,0.5735606551170349,0.5571646690368652,0.5771706104278564,0.5491478443145752,0.522434413433075,0.4614400863647461,2.0
426,0.0,0.0,1.0,0.0,0.0,0.0,0.5741826295852661,0.5571300387382507,0.57765793800354,0.550345242023468,0.5237894654273987,0.4679524898529053,0.0
427,0.0,0.0,1.0,0.0,0.0,0.0,0.5735571980476379,0.5574795007705688,0.5770936012268066,0.5490250587463379,0.5229383111000061,0.4618639051914215,1.0
428,0.0,0.0,1.0,0.0,0.0,0.0,0.5740829706192017,0.5578161478042603,0.57776939868927,0.549646258354187,0.522861659526825,0.46128904819488525,2.0
429,0.0,0.0,1.0,0.0,0.0,0.0,0.5740516185760498,0.5581140518188477,0.5776678323745728,0.5495038628578186,0.5232887864112854,0.46161824464797974,1.0
430,0.0,0.0,1.0,0.0,0.0,0.0,0.574179470539093,0.5570640563964844,0.5776287913322449,0.5502736568450928,0.5236297845840454,0.46769222617149353,0.0
431,0.0,0.0,1.0,0.0,0.0,0.0,0.573013424873352,0.5559708476066589,0.5751947164535522,0.5473908185958862,0.5211208462715149,0.45414265990257263,4.0
432,0.0,0.0,1.0,0.0,0.0,0.0,0.5739961266517639,0.5566707253456116,0.5773855447769165,0.5499618053436279,0.5231175422668457,0.46717846393585205,0.0
433,0.0,0.0,1.0,0.0,0.0,0.0,0.573992908000946,0.5569428205490112,0.5774281620979309,0.550165057182312,0.5236578583717346,0.46805691719055176,0.0
434,0.0,0.0,1.0,0.0,0.0,0.0,0.573536217212677,0.5562391877174377,0.576593816280365,0.5492871403694153,0.5174276828765869,0.4519479274749756,3.0
435,0.0,0.0,1.0,0.0,0.0,0.0,0.5733909010887146,0.5556995272636414,0.5766942501068115,0.5491651892662048,0.5222287178039551,0.4667782485485077,0.0
436,0.0,0.0,1.0,0.0,0.0,0.0,0.5736574530601501,0.5571774244308472,0.5771517157554626,0.5487262606620789,0.5221245884895325,0.4605201184749603,1.0
437,0.0,0.0,1.0,0.0,0.0,0.0,0.5741488933563232,0.5570235252380371,0.5772678256034851,0.5499541759490967,0.5180674195289612,0.45185238122940063,3.0
438,0.0,0.0,1.0,0.0,0.0,0.0,0.5736671686172485,0.556201696395874,0.5770232081413269,0.5495074987411499,0.5226432681083679,0.46696823835372925,0.0
439,0.0,0.0,1.0,0.0,0.0,0.0,0.5729374885559082,0.556281328201294,0.5764132738113403,0.5480179190635681,0.5215613842010498,0.46066972613334656,1.0
440,0.0,0.0,1.0,0.0,0.0,0.0,0.5730714797973633,0.5550532341003418,0.5762962698936462,0.548610508441925,0.5214587450027466,0.4660962224006653,0.0
441,0.0,0.0,1.0,0.0,0.0,0.0,0.5736624598503113,0.5571839213371277,0.5759417414665222,0.5484002828598022,0.5224577188491821,0.4552370607852936,4.0
442,0.0,0.0,1.0,0.0,0.0,0.0,0.573458194732666,0.5567610859870911,0.5770089626312256,0.5488131046295166,0.5218495726585388,0.46076589822769165,2.0
443,0.0,0.0,1.0,0.0,0.0,0.0,0.5738370418548584,0.556442141532898,0.5771868824958801,0.5497645735740662,0.5229076743125916,0.46714651584625244,0.0
444,0.0,0.0,1.0,0.0,0.0,0.0,0.5745137333869934,0.5577936768531799,0.5777270197868347,0.5506076812744141,0.519001305103302,0.4526810944080353,3.0
445,0.0,0.0,1.0,0.0,0.0,0.0,0.5740560293197632,0.5567865967750549,0.5774602293968201,0.5500168800354004,0.5232396125793457,0.467311292886734,0.0
446,0.0,0.0,1.0,0.0,0.0,0.0,0.5743159651756287,0.5575916171073914,0.5775010585784912,0.5504118204116821,0.5189107656478882,0.4528307318687439,3.0
447,0.0,0.0,1.0,0.0,0.0,0.0,0.5744396448135376,0.5587565898895264,0.5781364440917969,0.5501099824905396,0.5240659117698669,0.46222370862960815,1.0
448,0.0,0.0,1.0,0.0,0.0,0.0,0.5738478899002075,0.5565487146377563,0.5769280195236206,0.5495395660400391,0.5175308585166931,0.4515621066093445,3.0
449,0.0,0.0,1.0,0.0,0.0,0.0,0.574548065662384,0.5579045414924622,0.5777766108512878,0.5506532788276672,0.51908278465271,0.4526369869709015,3.0
450,0.0,0.0,1.0,0.0,0.0,0.0,0.5739102363586426,0.5567563772201538,0.5773371458053589,0.5499875545501709,0.5233728885650635,0.4676715135574341,0.0
451,0.0,0.0,1.0,0.0,0.0,0.0,0.5731939673423767,0.556217610836029,0.5767319798469543,0.5483003258705139,0.5210954546928406,0.45998311042785645,2.0
452,0.0,0.0,1.0,0.0,0.0,0.0,0.5729044079780579,0.5555838942527771,0.5750634670257568,0.547039806842804,0.5204977989196777,0.4534437656402588,4.0
453,0.0,0.0,1.0,0.0,0.0,0.0,0.5738534927368164,0.5579225420951843,0.57744961977005,0.5493808388710022,0.523339033126831,0.4620211720466614,1.0
454,0.0,0.0,1.0,0.0,0.0,0.0,0.5735893845558167,0.5560560822486877,0.5766170620918274,0.5490933060646057,0.5169577598571777,0.4511937201023102,3.0
455,0.0,0.0,1.0,0.0,0.0,0.0,0.57357257604599,0.5567456483840942,0.5758405923843384,0.5480008721351624,0.5217750072479248,0.45432549715042114,4.0
456,0.0,0.0,1.0,0.0,0.0,0.0,0.5736247897148132,0.5569641590118408,0.5758695602416992,0.5482124090194702,0.522085428237915,0.4547467529773712,4.0
457,0.0,0.0,1.0,0.0,0.0,0.0,0.5729562640190125,0.5563995838165283,0.5763920545578003,0.5481250286102295,0.5218648910522461,0.46126678586006165,1.0
458,0.0,0.0,1.0,0.0,0.0,0.0,0.5743390321731567,0.5577639937400818,0.5778930187225342,0.5492926836013794,0.5221631526947021,0.45948317646980286,1.0
459,0.0,0.0,1.0,0.0,0.0,0.0,0.5742835998535156,0.5580872297286987,0.5766235589981079,0.54914391040802,0.5232454538345337,0.4555312991142273,4.0
460,0.0,0.0,1.0,0.0,0.0,0.0,0.5744678974151611,0.5576788783073425,0.5776807069778442,0.5504789352416992,0.5187616348266602,0.45230022072792053,3.0
461,0.0,0.0,1.0,0.0,0.0,0.0,0.5740382671356201,0.5568216443061829,0.5774718523025513,0.5500714182853699,0.523330569267273,0.4674680829048157,0.0
462,0.0,0.0,1.0,0.0,0.0,0.0,0.573732852935791,0.5576745271682739,0.5772828459739685,0.5491307973861694,0.5229567885398865,0.46160808205604553,1.0
463,0.0,0.0,1.0,0.0,0.0,0.0,0.5739344954490662,0.5564231872558594,0.577318549156189,0.5497338771820068,0.5226422548294067,0.4665556848049164,0.0
464,0.0,0.0,1.0,0.0,0.0,0.0,0.5731866359710693,0.5556444525718689,0.5764849185943604,0.5491166710853577,0.5224174857139587,0.46730220317840576,0.0
465,0.0,0.0,1.0,0.0,0.0,0.0,0.5733509659767151,0.5563218593597412,0.5768548250198364,0.5484318137168884,0.521133542060852,0.4598451852798462,2.0
466,0.0,0.0,1.0,0.0,0.0,0.0,0.5735775232315063,0.556977391242981,0.5758340954780579,0.5482226610183716,0.522166907787323,0.4549676477909088,4.0
467,0.0,0.0,1.0,0.0,0.0,0.0,0.5730646848678589,0.5563744306564331,0.5766113996505737,0.5484756231307983,0.5217015147209167,0.4610902667045593,2.0
468,0.0,0.0,1.0,0.0,0.0,0.0,0.5728732943534851,0.555675208568573,0.5763258337974548,0.5478938221931458,0.520662248134613,0.459884911775589,2.0
469,0.0,0.0,1.0,0.0,0.0,0.0,0.5731003284454346,0.5560013055801392,0.5752933621406555,0.5474058389663696,0.5210980772972107,0.4540882706642151,4.0
470,0.0,0.0,1.0,0.0,0.0,0.0,0.5744180083274841,0.5576444864273071,0.5775853395462036,0.5504348874092102,0.5188198089599609,0.45252567529678345,3.0
471,0.0,0.0,1.0,0.0,0.0,0.0,0.5742843747138977,0.5570772290229797,0.5777047276496887,0.5502985715866089,0.5234252214431763,0.4672316610813141,0.0
472,0.0,0.0,1.0,0.0,0.0,0.0,0.5744801759719849,0.5573319792747498,0.5779123306274414,0.5505282282829285,0.5236456990242004,0.46731099486351013,0.0
473,0.0,0.0,1.0,0.0,0.0,0.0,0.5743499398231506,0.5580429434776306,0.5767042636871338,0.5491132140159607,0.5230403542518616,0.4551036059856415,4.0
474,0.0,0.0,1.0,0.0,0.0,0.0,0.5734702944755554,0.5567713379859924,0.5756902098655701,0.5480577945709229,0.5219791531562805,0.4548903703689575,4.0
475,0.0,0.0,1.0,0.0,0.0,0.0,0.5735729932785034,0.5560151934623718,0.5766013264656067,0.5491030216217041,0.516903817653656,0.4510864317417145,3.0
476,0.0,0.0,1.0,0.0,0.0,0.0,0.5733584761619568,0.5567018389701843,0.5769098997116089,0.5487844944000244,0.5219331383705139,0.4609968662261963,2.0
477,0.0,0.0,1.0,0.0,0.0,0.0,0.5741822719573975,0.5580178499221802,0.5778681635856628,0.5498231053352356,0.5231223106384277,0.4615918695926666,2.0
478,0.0,0.0,1.0,0.0,0.0,0.0,0.5735349655151367,0.5559170842170715,0.5768193602561951,0.5493482947349548,0.5223979353904724,0.4668073356151581,0.0
479,0.0,0.0,1.0,0.0,0.0,0.0,0.5744470953941345,0.5572966933250427,0.5778859853744507,0.5504734516143799,0.5235531330108643,0.4671730697154999,0.0
480,0.0,0.0,1.0,0.0,0.0,0.0,0.5738629698753357,0.5563496947288513,0.5772295594215393,0.5496562719345093,0.52264803647995,0.4666112959384918,0.0
481,0.0,0.0,1.0,0.0,0.0,0.0,0.5742633938789368,0.5577605962753296,0.5778834223747253,0.5495977401733398,0.5224296450614929,0.46038252115249634,2.0
482,0.0,0.0,1.0,0.0,0.0,0.0,0.5741346478462219,0.5569409728050232,0.5775328278541565,0.5501406788825989,0.5234172940254211,0.46744024753570557,0.0
483,0.0,0.0,1.0,0.0,0.0,0.0,0.5732622742652893,0.5568365454673767,0.5767585635185242,0.5484738349914551,0.5221399068832397,0.46110934019088745,1.0
484,0.0,0.0,1.0,0.0,0.0,0.0,0.5747063159942627,0.5582209229469299,0.5779617428779602,0.5509322285652161,0.5194536447525024,0.4529864490032196,3.0
485,0.0,0.0,1.0,0.0,0.0,0.0,0.5740072727203369,0.5563582181930542,0.5773133635520935,0.5496788024902344,0.5224560499191284,0.4662017226219177,0.0
486,0.0,0.0,1.0,0.0,0.0,0.0,0.5738623142242432,0.5562248229980469,0.5772003531455994,0.5495515465736389,0.5224180221557617,0.4663243591785431,0.0
487,0.0,0.0,1.0,0.0,0.0,0.0,0.5744882822036743,0.5582311153411865,0.576859176158905,0.5493088960647583,0.5232248902320862,0.45521029829978943,4.0
488,0.0,0.0,1.0,0.0,0.0,0.0,0.5746576189994812,0.5586659908294678,0.5770570635795593,0.5496557354927063,0.5238565802574158,0.4558843672275543,4.0
489,0.0,0.0,1.0,0.0,0.0,0.0,0.5739728212356567,0.5574032068252563,0.5776000618934631,0.5493149757385254,0.5221859216690063,0.46046704053878784,2.0
490,0.0,0.0,1.0,0.0,0.0,0.0,0.5740737318992615,0.5574513673782349,0.5776678323745728,0.5493370294570923,0.5221505165100098,0.46028462052345276,2.0
491,0.0,0.0,1.0,0.0,0.0,0.0,0.5737924575805664,0.5567052364349365,0.5768837928771973,0.5496851205825806,0.5179505348205566,0.4523458480834961,3.0
492,0.0,0.0,1.0,0.0,0.0,0.0,0.5736966729164124,0.5570709109306335,0.5759572982788086,0.5483216047286987,0.522231936454773,0.4548756182193756,4.0
493,0.0,0.0,1.0,0.0,0.0,0.0,0.5734903812408447,0.5568715929985046,0.5770819187164307,0.5488721132278442,0.5219204425811768,0.4607211649417877,2.0
494,0.0,0.0,1.0,0.0,0.0,0.0,0.5735166072845459,0.5570891499519348,0.5770180225372314,0.5486422777175903,0.5221758484840393,0.4607991874217987,1.0
495,0.0,0.0,1.0,0.0,0.0,0.0,0.5737776160240173,0.5561811327934265,0.5770961046218872,0.5494993925094604,0.5224624276161194,0.46648719906806946,0.0
496,0.0,0.0,1.0,0.0,0.0,0.0,0.5741137266159058,0.5574989318847656,0.5764054656028748,0.548682689666748,0.5224153995513916,0.4546106159687042,4.0
497,0.0,0.0,1.0,0.0,0.0,0.0,0.5746431350708008,0.557537317276001,0.5780684351921082,0.5506554245948792,0.5237920880317688,0.4672815203666687,0.0
498,0.0,0.0,1.0,0.0,0.0,0.0,0.5736579895019531,0.5570890307426453,0.5759221315383911,0.5483108758926392,0.5222958922386169,0.4550333023071289,4.0
499,0.0,0.0,1.0,0.0,0.0,0.0,0.574074387550354,0.5568752288818359,0.5771895051002502,0.5497918725013733,0.517781674861908,0.45156949758529663,3.0
500,0.0,0.0,1.0,0.0,0.0,0.0,0.5732064247131348,0.5567418932914734,0.5767076015472412,0.5483921766281128,0.5220246315002441,0.4610004723072052,1.0
501,0.0,0.0,1.0,0.0,0.0,0.0,0.572799026966095,0.5545313954353333,0.5756891965866089,0.5479239821434021,0.5152815580368042,0.4500165283679962,3.0
502,0.0,0.0,1.0,0.0,0.0,0.0,0.5740224719047546,0.5577097535133362,0.5763514041900635,0.5488346219062805,0.5229515433311462,0.45551615953445435,4.0
503,0.0,0.0,1.0,0.0,0.0,0.0,0.5732855200767517,0.5566325783729553,0.5768447518348694,0.548678457736969,0.521787703037262,0.460877388715744,2.0
504,0.0,0.0,1.0,0.0,0.0,0.0,0.5731638073921204,0.5556954741477966,0.5761573314666748,0.54886794090271,0.5170461535453796,0.4520767629146576,3.0
505,0.0,0.0,1.0,0.0,0.0,0.0,0.5729947686195374,0.5563830733299255,0.5764777064323425,0.548113226890564,0.5217004418373108,0.4608486592769623,1.0
506,0.0,0.0,1.0,0.0,0.0,0.0,0.5738397836685181,0.5578384399414062,0.577430784702301,0.5492926836013794,0.5231386423110962,0.46176135540008545,1.0
507,0.0,0.0,1.0,0.0,0.0,0.0,0.5742006897926331,0.5569901466369629,0.5776285529136658,0.550187885761261,0.523339569568634,0.4672374427318573,0.0
508,0.0,0.0,1.0,0.0,0.0,0.0,0.5744615793228149,0.5571450591087341,0.5778632164001465,0.5503745675086975,0.5233025550842285,0.4668025076389313,0.0
509,0.0,0.0,1.0,0.0,0.0,0.0,0.5748003125190735,0.5581468939781189,0.5783408880233765,0.5512036085128784,0.5247081518173218,0.46840667724609375,0.0
510,0.0,0.0,1.0,0.0,0.0,0.0,0.5744951963424683,0.5576934814453125,0.5776941776275635,0.5505274534225464,0.5188218951225281,0.4523611068725586,3.0
511,0.0,0.0,1.0,0.0,0.0,0.0,0.5743380188941956,0.5584626197814941,0.5780123472213745,0.549805760383606,0.5235251784324646,0.46160030364990234,1.0
512,0.0,0.0,1.0,0.0,0.0,0.0,0.574174165725708,0.5576062202453613,0.576479971408844,0.548748254776001,0.5224471092224121,0.45444414019584656,4.0
513,0.0,0.0,1.0,0.0,0.0,0.0,0.5735163688659668,0.556614339351654,0.5770612359046936,0.5486540794372559,0.5213318467140198,0.4598342776298523,2.0
514,0.0,0.0,1.0,0.0,0.0,0.0,0.5744590759277344,0.5583317875862122,0.5780478119850159,0.5497475862503052,0.5231978893280029,0.4608951508998871,1.0
515,0.0,0.0,1.0,0.0,0.0,0.0,0.57390296459198,0.5574644804000854,0.5761982202529907,0.548612654209137,0.5226438045501709,0.4552370607852936,4.0
516,0.0,0.0,1.0,0.0,0.0,0.0,0.5736883282661438,0.5572916269302368,0.5773004293441772,0.5491835474967957,0.5224000215530396,0.46124401688575745,2.0
517,0.0,0.0,1.0,0.0,0.0,0.0,0.573840856552124,0.5563600063323975,0.5768954753875732,0.5493884682655334,0.5171689391136169,0.45105621218681335,3.0
518,0.0,0.0,1.0,0.0,0.0,0.0,0.5738692879676819,0.5580209493637085,0.5774524807929993,0.5494799613952637,0.5235600471496582,0.46235883235931396,1.0
519,0.0,0.0,1.0,0.0,0.0,0.0,0.572933554649353,0.5564449429512024,0.5763850808143616,0.5481716990470886,0.5219204425811768,0.4612883925437927,1.0
520,0.0,0.0,1.0,0.0,0.0,0.0,0.5737581253051758,0.5574584007263184,0.5773839354515076,0.5493577122688293,0.52271568775177,0.46161559224128723,2.0
521,0.0,0.0,1.0,0.0,0.0,0.0,0.5744593143463135,0.5582106709480286,0.5768333077430725,0.5492557287216187,0.5231651067733765,0.45511937141418457,4.0
522,0.0,0.0,1.0,0.0,0.0,0.0,0.57347172498703,0.5556254982948303,0.5767735838890076,0.5490788817405701,0.5218881964683533,0.466067373752594,0.0
523,0.0,0.0,1.0,1.0,0.0,0.0,0.5730992555618286,0.555424153804779,0.576076865196228,0.5486264824867249,0.5165952444076538,0.451505184173584,3.0
524,0.0,0.0,1.0,0.0,0.0,0.0,0.5740216970443726,0.5573920607566833,0.5763012170791626,0.5485827326774597,0.5222879648208618,0.45448875427246094,4.0
525,0.0,0.0,1.0,0.0,0.0,0.0,0.5737486481666565,0.5565685033798218,0.5768449902534485,0.549582839012146,0.5177430510520935,0.4520759880542755,3.0
526,0.0,0.0,1.0,0.0,0.0,0.0,0.5742262005805969,0.5580416917800903,0.5779097676277161,0.5498322248458862,0.5230736136436462,0.4614362418651581,2.0
527,0.0,0.0,1.0,0.0,0.0,0.0,0.574254035949707,0.557095468044281,0.5776655077934265,0.5502914786338806,0.5235547423362732,0.467442125082016,0.0
528,0.0,0.0,1.0,0.0,0.0,0.0,0.5740736126899719,0.5567447543144226,0.577499270439148,0.5499759912490845,0.5230298042297363,0.4669293463230133,0.0
529,0.0,0.0,1.0,0.0,0.0,0.0,0.5743807554244995,0.5584829449653625,0.5780186057090759,0.5498110055923462,0.5235388875007629,0.4615378975868225,1.0
530,0.0,0.0,1.0,0.0,0.0,0.0,0.5748853087425232,0.5578455328941345,0.5783721208572388,0.5509569048881531,0.5239929556846619,0.46720176935195923,0.0
531,0.0,0.0,1.0,0.0,0.0,0.0,0.5738397836685181,0.5572555065155029,0.5774369835853577,0.549214243888855,0.5222123265266418,0.46075403690338135,2.0
532,0.0,0.0,1.0,0.0,0.0,0.0,0.574451208114624,0.5573649406433105,0.5778849720954895,0.5505335330963135,0.5237202048301697,0.46746504306793213,0.0
533,0.0,0.0,1.0,0.0,0.0,0.0,0.5745804309844971,0.5579605102539062,0.5778045654296875,0.550718367099762,0.519162118434906,0.45280689001083374,3.0
534,0.0,0.0,1.0,0.0,0.0,0.0,0.5736296772956848,0.5573148727416992,0.5771938562393188,0.54884272813797,0.5224169492721558,0.4609661102294922,1.0
535,0.0,0.0,1.0,0.0,0.0,0.0,0.5745413303375244,0.558971107006073,0.5782711505889893,0.5502804517745972,0.5242847204208374,0.46241074800491333,1.0
536,0.0,0.0,1.0,0.0,0.0,0.0,0.5736411213874817,0.5563835501670837,0.576737105846405,0.5494198799133301,0.5175536274909973,0.451943963766098,3.0
537,0.0,0.0,1.0,0.0,0.0,0.0,0.5739687085151672,0.5575987696647644,0.5763040781021118,0.5487052202224731,0.522727906703949,0.4552110731601715,4.0
538,0.0,0.0,1.0,0.0,0.0,0.0,0.5740129947662354,0.5582484006881714,0.5776236057281494,0.5496754050254822,0.5237519145011902,0.4624086022377014,1.0
539,0.0,0.0,1.0,0.0,0.0,0.0,0.5734020471572876,0.5557895302772522,0.5763964056968689,0.5489151477813721,0.5167778134346008,0.45125865936279297,3.0
540,0.0,0.0,1.0,0.0,0.0,0.0,0.5739626884460449,0.5576229095458984,0.5762644410133362,0.5487871170043945,0.5229541659355164,0.4556160569190979,4.0
541,0.0,0.0,1.0,0.0,0.0,0.0,0.5737732648849487,0.5566698312759399,0.5769098997116089,0.5496827363967896,0.5179451704025269,0.4523143768310547,3.0
542,0.0,0.0,1.0,0.0,0.0,0.0,0.5735026001930237,0.5560328364372253,0.5765656232833862,0.5491324067115784,0.5170509219169617,0.45140141248703003,3.0
543,0.0,0.0,1.0,0.0,0.0,0.0,0.5741580724716187,0.5581386089324951,0.5777970552444458,0.5495675802230835,0.5232581496238708,0.4615018367767334,1.0
544,0.0,0.0,1.0,0.0,1.0,0.0,0.5744467973709106,0.5570282936096191,0.5778343081474304,0.550298273563385,0.5231534838676453,0.466615229845047,0.0
545,0.0,0.0,1.0,0.0,1.0,0.0,0.5738712549209595,0.5565411448478699,0.5769466161727905,0.5495282411575317,0.5174716114997864,0.4515165090560913,3.0
546,0.0,0.0,1.0,0.0,0.0,0.0,0.573594331741333,0.5567777752876282,0.575847327709198,0.5480701923370361,0.5218167901039124,0.45443961024284363,4.0
547,0.0,0.0,1.0,0.0,0.0,0.0,0.5735475420951843,0.5569203495979309,0.5771286487579346,0.548933744430542,0.5219749212265015,0.460854172706604,2.0
548,0.0,0.0,1.0,0.0,0.0,0.0,0.5739482045173645,0.5578196048736572,0.5775163173675537,0.549258291721344,0.5228785872459412,0.46120738983154297,1.0
549,0.0,0.0,1.0,0.0,0.0,0.0,0.5740917325019836,0.5576967597007751,0.5777241587638855,0.549601674079895,0.5227283835411072,0.4612008035182953,2.0
550,0.0,0.0,1.0,0.0,0.0,0.0,0.5731193423271179,0.555975079536438,0.5752987861633301,0.5473616719245911,0.5209933519363403,0.45386937260627747,4.0
551,0.0,0.0,1.0,0.0,0.0,0.0,0.5740596055984497,0.5575786828994751,0.5776918530464172,0.5494828820228577,0.5225486159324646,0.46095016598701477,2.0
552,0.0,0.0,1.0,0.0,0.0,0.0,0.5741799473762512,0.5580111742019653,0.5777856707572937,0.5494747757911682,0.5229705572128296,0.460988312959671,1.0
553,0.0,0.0,1.0,0.0,0.0,0.0,0.5740869641304016,0.5574419498443604,0.5776846408843994,0.5493679642677307,0.5221806168556213,0.4603169858455658,2.0
554,0.0,0.0,1.0,0.0,0.0,0.0,0.5732263922691345,0.5552775263786316,0.5764841437339783,0.5487627387046814,0.5215878486633301,0.4660225808620453,0.0
555,0.0,0.0,1.0,0.0,0.0,0.0,0.5746418833732605,0.5574966669082642,0.5781211853027344,0.5506687760353088,0.5236446261405945,0.46705225110054016,0.0
556,0.0,0.0,1.0,0.0,0.0,0.0,0.574302077293396,0.5587772130966187,0.5779405236244202,0.5501338243484497,0.5243486762046814,0.4629339277744293,1.0
557,0.0,0.0,1.0,0.0,0.0,0.0,0.5735984444618225,0.5573624968528748,0.5771080255508423,0.5488989353179932,0.522646427154541,0.461381196975708,1.0
558,0.0,0.0,1.0,0.0,0.0,0.0,0.5736849308013916,0.5571634769439697,0.5772797465324402,0.54914391040802,0.5222721099853516,0.46110275387763977,2.0
559,0.0,0.0,1.0,0.0,0.0,0.0,0.5727589130401611,0.5557531714439392,0.5748974680900574,0.5472244024276733,0.5210801362991333,0.4545801877975464,4.0
560,0.0,0.0,1.0,0.0,0.0,0.0,0.5736438632011414,0.5574495196342468,0.5772546529769897,0.5493897795677185,0.5229081511497498,0.46203237771987915,2.0
561,0.0,0.0,1.0,0.0,0.0,0.0,0.5740834474563599,0.5583310723304749,0.5777365565299988,0.5497289299964905,0.5237482190132141,0.46229034662246704,1.0
562,0.0,0.0,1.0,0.0,0.0,0.0,0.5730594396591187,0.5560422539710999,0.5752208828926086,0.5474491119384766,0.5212646722793579,0.45443862676620483,4.0
563,0.0,0.0,1.0,0.0,0.0,0.0,0.574515700340271,0.5584084987640381,0.5768584609031677,0.5494425296783447,0.5236086845397949,0.45582839846611023,4.0
564,0.0,0.0,1.0,0.0,0.0,0.0,0.5747454166412354,0.557872474193573,0.5782137513160706,0.5509815216064453,0.5242646932601929,0.46788159012794495,0.0
565,0.0,0.0,1.0,0.0,0.0,0.0,0.5732750296592712,0.5556764006614685,0.5765783190727234,0.5491436719894409,0.5223259925842285,0.46711239218711853,0.0
566,0.0,0.0,1.0,0.0,0.0,0.0,0.5737015008926392,0.5571659207344055,0.5773055553436279,0.5491470694541931,0.5222572684288025,0.46099886298179626,2.0
567,0.0,0.0,1.0,0.0,0.0,0.0,0.5736030340194702,0.5573278069496155,0.5771827697753906,0.5488865375518799,0.5225602388381958,0.46123650670051575,1.0
568,0.0,0.0,1.0,0.0,0.0,0.0,0.5738340616226196,0.5566105842590332,0.5769091248512268,0.5495762825012207,0.5176653265953064,0.4518307149410248,3.0
569,0.0,0.0,1.0,0.0,0.0,0.0,0.5745024085044861,0.5583897233009338,0.5768550634384155,0.5494151711463928,0.523536205291748,0.4556494355201721,4.0
570,0.0,0.0,1.0,0.0,0.0,0.0,0.5739926695823669,0.558168351650238,0.5776520371437073,0.5496079921722412,0.5235949158668518,0.462181955575943,1.0
571,0.0,0.0,1.0,0.0,0.0,0.0,0.5737572312355042,0.5573469400405884,0.5772528052330017,0.5488584637641907,0.5222684144973755,0.46050626039505005,1.0
572,0.0,0.0,1.0,0.0,0.0,0.0,0.573768675327301,0.5575792193412781,0.5773410201072693,0.5491030216217041,0.5227976441383362,0.46134617924690247,1.0
573,0.0,0.0,1.0,0.0,0.0,0.0,0.5747016668319702,0.5589069724082947,0.5784364342689514,0.5505988001823425,0.524135172367096,0.46241283416748047,2.0
574,0.0,0.0,1.0,0.0,0.0,0.0,0.5741830468177795,0.5578691959381104,0.576512336730957,0.5489909648895264,0.5230466723442078,0.45534589886665344,4.0
575,0.0,0.0,1.0,0.0,0.0,0.0,0.5751201510429382,0.5582872629165649,0.5786535143852234,0.5513731837272644,0.5245442986488342,0.46770697832107544,0.0
576,0.0,0.0,1.0,0.0,0.0,0.0,0.5741258263587952,0.5579525828361511,0.57771897315979,0.5494285821914673,0.5229420065879822,0.4609951972961426,1.0
577,0.0,0.0,1.0,0.0,0.0,0.0,0.5734689235687256,0.5561374425888062,0.5765783190727234,0.5491953492164612,0.5172668099403381,0.4517328143119812,3.0
578,0.0,0.0,1.0,0.0,0.0,0.0,0.5745576620101929,0.558677077293396,0.5783266425132751,0.5503816604614258,0.5237677693367004,0.4619268774986267,2.0
579,0.0,0.0,1.0,0.0,0.0,0.0,0.5731447339057922,0.5565927624702454,0.57661372423172,0.5482743382453918,0.5218327045440674,0.46083971858024597,1.0
580,0.0,0.0,1.0,0.0,0.0,0.0,0.574241578578949,0.5581521987915039,0.5766209959983826,0.5492048263549805,0.5234225988388062,0.4558313190937042,4.0
581,0.0,0.0,1.0,0.0,0.0,0.0,0.5738045573234558,0.5565539598464966,0.5772042274475098,0.5498375296592712,0.5231502652168274,0.4674803614616394,0.0
582,0.0,0.0,1.0,0.0,0.0,0.0,0.574189305305481,0.5570493340492249,0.5776388645172119,0.5503061413764954,0.5235357284545898,0.46752071380615234,0.0
583,0.0,0.0,1.0,0.0,0.0,0.0,0.573539137840271,0.5573787689208984,0.5770845413208008,0.5489054322242737,0.5226823687553406,0.46151167154312134,1.0
584,0.0,0.0,1.0,0.0,0.0,0.0,0.5741268992424011,0.5583012700080872,0.57778000831604,0.5496806502342224,0.5235204100608826,0.4618460237979889,1.0
585,0.0,0.0,1.0,0.0,0.0,0.0,0.5728270411491394,0.5562251806259155,0.5763079524040222,0.5479657649993896,0.5216052532196045,0.46093887090682983,1.0
586,0.0,0.0,1.0,0.0,0.0,0.0,0.5734620094299316,0.5567402839660645,0.5756951570510864,0.5480155944824219,0.5219262838363647,0.4547768235206604,4.0
587,0.0,0.0,1.0,0.0,0.0,0.0,0.5746827721595764,0.5578855872154236,0.5778849720954895,0.5507044196128845,0.518905520439148,0.45224297046661377,3.0
588,0.0,0.0,1.0,0.0,0.0,0.0,0.5744332075119019,0.5582967400550842,0.5780511498451233,0.5497176051139832,0.5230990052223206,0.46073612570762634,1.0
589,0.0,0.0,0.0,1.0,1.0,0.0,0.5723347067832947,0.5545192956924438,0.575700044631958,0.5469256043434143,0.5191879868507385,0.4583638608455658,2.0
590,0.0,0.0,0.0,1.0,0.0,0.0,0.5719767212867737,0.5541960000991821,0.5752426385879517,0.5462748408317566,0.5190896391868591,0.4585232734680176,1.0
591,0.0,0.0,0.0,1.0,1.0,0.0,0.5725842118263245,0.5556663870811462,0.5760036706924438,0.5474845767021179,0.5209632515907288,0.4603562653064728,1.0
592,0.0,0.0,0.0,1.0,0.0,0.0,0.5724326372146606,0.5549657940864563,0.5758434534072876,0.5473189353942871,0.5199646353721619,0.45946893095970154,2.0
593,0.0,0.0,0.0,1.0,0.0,0.0,0.5731056928634644,0.5560517907142639,0.5766310691833496,0.5481536388397217,0.52090984582901,0.45982229709625244,2.0
594,0.0,0.0,0.0,1.0,0.0,0.0,0.5732905864715576,0.5557335615158081,0.5763170123100281,0.54889315366745,0.5168524384498596,0.4515627920627594,3.0
595,0.0,0.0,0.0,1.0,0.0,0.0,0.5727947354316711,0.5547274351119995,0.575698971748352,0.5480355620384216,0.5156240463256836,0.4505307674407959,3.0
596,0.0,0.0,0.0,1.0,0.0,0.0,0.57259601354599,0.5542590618133545,0.5757417678833008,0.5480142831802368,0.520733654499054,0.4657124876976013,0.0
597,0.0,0.0,0.0,1.0,0.0,0.0,0.5726630091667175,0.5554199814796448,0.5761193037033081,0.5476864576339722,0.5205062627792358,0.4599250555038452,2.0
598,0.0,0.0,0.0,1.0,0.0,0.0,0.572673499584198,0.5543743371963501,0.5758569240570068,0.5480698943138123,0.5208336710929871,0.46579623222351074,0.0
599,0.0,0.0,0.0,1.0,0.0,0.0,0.57227623462677,0.5537700057029724,0.5754122138023376,0.5475853681564331,0.5202751159667969,0.4655929207801819,0.0
600,0.0,0.0,0.0,1.0,0.0,0.0,0.5736560225486755,0.5567753314971924,0.5758762955665588,0.5480573177337646,0.5216904282569885,0.45415863394737244,4.0
601,0.0,0.0,0.0,1.0,0.0,0.0,0.5721273422241211,0.5548760890960693,0.5754572153091431,0.5468725562095642,0.52020263671875,0.45998942852020264,1.0
602,0.0,0.0,0.0,1.0,0.0,0.0,0.5726015567779541,0.5542159080505371,0.5758056640625,0.5479334592819214,0.5205046534538269,0.46529272198677063,0.0
603,0.0,0.0,0.0,1.0,0.0,0.0,0.5731197595596313,0.555079460144043,0.576045572757721,0.5483297109603882,0.5158294439315796,0.45023900270462036,3.0
604,0.0,0.0,0.0,1.0,0.0,0.0,0.5723060369491577,0.5542059540748596,0.5743144750595093,0.5459286570549011,0.5188055038452148,0.4518178701400757,4.0
605,0.0,0.0,0.0,1.0,0.0,0.0,0.5730254054069519,0.5563151836395264,0.5764828324317932,0.5480068922042847,0.5214360952377319,0.4603666067123413,1.0
606,0.0,0.0,0.0,1.0,0.0,0.0,0.5736924409866333,0.557247519493103,0.5759544372558594,0.548490583896637,0.5226057171821594,0.45549118518829346,4.0
607,0.0,0.0,0.0,0.0,1.0,0.0,0.573331356048584,0.5562775135040283,0.5768164992332458,0.5483530759811401,0.5210515260696411,0.45979809761047363,2.0
608,0.0,0.0,0.0,1.0,0.0,0.0,0.5729109048843384,0.5557225942611694,0.5750722289085388,0.5471700429916382,0.5208442211151123,0.45400330424308777,4.0
609,0.0,0.0,0.0,1.0,0.0,0.0,0.5720100998878479,0.5541674494743347,0.5753899216651917,0.5466575026512146,0.5190319418907166,0.4586750864982605,2.0
610,0.0,0.0,0.0,1.0,0.0,0.0,0.5730651617050171,0.5548710823059082,0.5763005018234253,0.5484483242034912,0.5210388898849487,0.46542391180992126,0.0
611,0.0,0.0,0.0,1.0,0.0,0.0,0.5728840231895447,0.5548823475837708,0.5761030316352844,0.5484727621078491,0.5214138627052307,0.4663034975528717,0.0
612,0.0,0.0,0.0,1.0,1.0,0.0,0.5728833079338074,0.555168092250824,0.5758349299430847,0.5484139919281006,0.5163829922676086,0.45157119631767273,3.0
613,0.0,0.0,0.0,1.0,0.0,0.0,0.5725832581520081,0.5542379021644592,0.5757590532302856,0.5479376316070557,0.5206670761108398,0.4655917286872864,0.0
614,0.0,0.0,0.0,1.0,0.0,0.0,0.571922779083252,0.5541889667510986,0.5753032565116882,0.546692430973053,0.5192954540252686,0.4592357575893402,2.0
615,0.0,0.0,0.0,1.0,0.0,0.0,0.5726766586303711,0.555425226688385,0.5760970711708069,0.5476872324943542,0.5205025672912598,0.45992374420166016,2.0
616,0.0,0.0,0.0,1.0,0.0,0.0,0.5725524425506592,0.5549769997596741,0.5746291279792786,0.546541154384613,0.5199804902076721,0.4532608389854431,4.0
617,0.0,0.0,0.0,1.0,0.0,0.0,0.5729487538337708,0.5549286603927612,0.5761736631393433,0.5484856367111206,0.521364152431488,0.466068834066391,0.0
618,0.0,0.0,0.0,1.0,0.0,0.0,0.5729621052742004,0.5551108121871948,0.5761798620223999,0.5486548542976379,0.5217158198356628,0.4666862189769745,0.0
619,0.0,0.0,0.0,1.0,0.0,0.0,0.5730617642402649,0.5560886859893799,0.5765609741210938,0.5482035279273987,0.521134078502655,0.46026381850242615,2.0
620,0.0,0.0,0.0,1.0,0.0,0.0,0.5729386806488037,0.5548574328422546,0.5761695504188538,0.5484438538551331,0.5212869048118591,0.46602150797843933,0.0
621,0.0,0.0,0.0,1.0,0.0,0.0,0.5728034377098083,0.5547208786010742,0.5760204792022705,0.5483270883560181,0.521204948425293,0.46608081459999084,0.0
622,0.0,0.0,0.0,1.0,0.0,0.0,0.5721406936645508,0.5535833239555359,0.5750000476837158,0.5471376776695251,0.5144308805465698,0.44987428188323975,3.0
623,0.0,0.0,0.0,1.0,0.0,0.0,0.5721269249916077,0.55427086353302,0.5741516947746277,0.5459929704666138,0.5192759037017822,0.45282506942749023,4.0
624,0.0,0.0,0.0,1.0,0.0,0.0,0.5727786421775818,0.5547399520874023,0.5756863355636597,0.5480746626853943,0.515754759311676,0.4508031904697418,3.0
625,0.0,0.0,0.0,1.0,0.0,0.0,0.5725031495094299,0.5550557374954224,0.574637234210968,0.5466228127479553,0.5201380848884583,0.45351359248161316,4.0
626,0.0,0.0,0.0,1.0,0.0,0.0,0.5723764300346375,0.5549755096435547,0.5757873058319092,0.5472853183746338,0.5200244188308716,0.45961520075798035,2.0
627,0.0,0.0,0.0,1.0,0.0,0.0,0.5731640458106995,0.5560151934623718,0.5753803849220276,0.5474205017089844,0.5209415555000305,0.4536729156970978,4.0
628,0.0,0.0,0.0,1.0,0.0,0.0,0.5722585916519165,0.5546112060546875,0.5756345391273499,0.5470108985900879,0.5195451378822327,0.45911964774131775,2.0
629,0.0,0.0,0.0,1.0,0.0,0.0,0.5727716684341431,0.5545551776885986,0.5759881138801575,0.5482355356216431,0.5210129618644714,0.4658432900905609,0.0
630,0.0,0.0,0.0,1.0,0.0,0.0,0.5725670456886292,0.5540912747383118,0.575762927532196,0.547804057598114,0.5203242897987366,0.4650503396987915,0.0
631,0.0,0.0,0.0,1.0,0.0,0.0,0.5729670524597168,0.555924654006958,0.5764681100845337,0.5481176972389221,0.5210515260696411,0.4602999687194824,2.0
632,0.0,0.0,0.0,1.0,0.0,0.0,0.5735204815864563,0.5558845400810242,0.5768168568611145,0.5493564605712891,0.5224513411521912,0.4669553339481354,0.0
633,0.0,0.0,0.0,1.0,0.0,0.0,0.5732741355895996,0.5562849640846252,0.5754712224006653,0.5476593375205994,0.5213413834571838,0.45416420698165894,4.0
634,0.0,0.0,0.0,1.0,0.0,0.0,0.5728321075439453,0.5559034943580627,0.5762419700622559,0.5477132201194763,0.5210177302360535,0.4601092040538788,1.0
635,0.0,0.0,0.0,1.0,0.0,0.0,0.5727130174636841,0.5552471280097961,0.5748780369758606,0.546790361404419,0.5201820135116577,0.45324715971946716,4.0
636,0.0,0.0,0.0,1.0,0.0,0.0,0.5728911757469177,0.5548514127731323,0.5760990977287292,0.548471212387085,0.5214143395423889,0.46630528569221497,0.0
637,0.0,0.0,0.0,1.0,0.0,0.0,0.5728116035461426,0.5560245513916016,0.5762068033218384,0.5478268265724182,0.5213768482208252,0.46067044138908386,1.0
638,0.0,0.0,0.0,1.0,0.0,0.0,0.5729466676712036,0.5548789501190186,0.5758488774299622,0.5482389330863953,0.5158092975616455,0.4505852162837982,3.0
639,0.0,0.0,0.0,1.0,0.0,0.0,0.5729734301567078,0.5558371543884277,0.5751626491546631,0.5472850799560547,0.5209531784057617,0.45399439334869385,4.0
640,0.0,0.0,0.0,1.0,0.0,0.0,0.5725820660591125,0.5550382137298584,0.5747283697128296,0.5466353893280029,0.5199577808380127,0.4530654847621918,4.0
641,0.0,0.0,0.0,1.0,0.0,0.0,0.5723970532417297,0.5548378825187683,0.5744981169700623,0.5464403033256531,0.519893229007721,0.4533187448978424,4.0
642,0.0,0.0,0.0,1.0,0.0,0.0,0.5724406242370605,0.5541685223579407,0.5755817890167236,0.5478801131248474,0.5207558870315552,0.46594732999801636,0.0
643,0.0,0.0,0.0,1.0,1.0,0.0,0.5720453262329102,0.5545939207077026,0.5753461718559265,0.546640157699585,0.5197651982307434,0.45939934253692627,1.0
644,0.0,0.0,0.0,1.0,0.0,0.0,0.5726924538612366,0.554560124874115,0.5755600333213806,0.5479520559310913,0.5155965089797974,0.4507617652416229,3.0
645,0.0,0.0,0.0,1.0,0.0,0.0,0.5732941627502441,0.5568075776100159,0.5768749713897705,0.5488081574440002,0.5221620798110962,0.4614352285861969,2.0
646,0.0,0.0,0.0,1.0,0.0,0.0,0.5719283223152161,0.5537977814674377,0.5739122033119202,0.5456323027610779,0.5187197923660278,0.45240190625190735,4.0
647,0.0,0.0,0.0,1.0,1.0,0.0,0.5720058083534241,0.5546716451644897,0.5753014087677002,0.546668529510498,0.5200011134147644,0.459902822971344,1.0
648,0.0,0.0,0.0,1.0,0.0,0.0,0.5719950795173645,0.554019033908844,0.5739971399307251,0.5458275079727173,0.5190605521202087,0.45279788970947266,4.0
649,0.0,0.0,0.0,1.0,0.0,0.0,0.5725076794624329,0.5541041493415833,0.5756863355636597,0.5478358268737793,0.5205422639846802,0.46556419134140015,0.0
650,0.0,0.0,0.0,1.0,0.0,0.0,0.5725770592689514,0.5542661547660828,0.5757456421852112,0.5479468107223511,0.5207130908966064,0.46571552753448486,0.0
651,0.0,0.0,0.0,1.0,0.0,0.0,0.57182377576828,0.5529576539993286,0.5748728513717651,0.5469263792037964,0.5194388031959534,0.46504679322242737,0.0
652,0.0,0.0,0.0,1.0,0.0,0.0,0.5724309086799622,0.5543211698532104,0.575289249420166,0.5477381348609924,0.5154959559440613,0.4510866701602936,3.0
653,0.0,0.0,0.0,1.0,0.0,0.0,0.5713714957237244,0.5531533360481262,0.5746316313743591,0.5459315776824951,0.5182007551193237,0.45848989486694336,2.0
654,0.0,0.0,0.0,1.0,0.0,0.0,0.5724402666091919,0.5551754832267761,0.5757803320884705,0.5471786856651306,0.5203496813774109,0.4597198963165283,1.0
655,0.0,0.0,0.0,1.0,0.0,0.0,0.5725458264350891,0.5542436838150024,0.5754414200782776,0.5476696491241455,0.5151190757751465,0.45021310448646545,3.0
656,0.0,0.0,0.0,1.0,0.0,0.0,0.5728835463523865,0.5555404424667358,0.5750061869621277,0.5470676422119141,0.5205840468406677,0.45369061827659607,4.0
657,0.0,0.0,0.0,1.0,0.0,0.0,0.5725851058959961,0.5544342398643494,0.5754513144493103,0.5478312969207764,0.5154869556427002,0.45077377557754517,3.0
658,0.0,0.0,0.0,1.0,1.0,0.0,0.5728175640106201,0.555666983127594,0.5749280452728271,0.5470927953720093,0.5208384394645691,0.4542045295238495,4.0
659,0.0,0.0,0.0,1.0,0.0,0.0,0.5732099413871765,0.5561742186546326,0.5754104256629944,0.5475451946258545,0.5212202668190002,0.45407170057296753,4.0
660,0.0,0.0,0.0,1.0,0.0,0.0,0.5734140872955322,0.5565291047096252,0.5769507884979248,0.5485976934432983,0.5215111374855042,0.4603506922721863,2.0
661,0.0,0.0,0.0,1.0,1.0,0.0,0.5725922584533691,0.5544009804725647,0.5754450559616089,0.5477806925773621,0.5153456330299377,0.450579971075058,3.0
662,0.0,0.0,0.0,1.0,0.0,0.0,0.5729015469551086,0.5548354983329773,0.5758240222930908,0.5481581091880798,0.5157219767570496,0.45045456290245056,3.0
663,0.0,0.0,0.0,1.0,1.0,0.0,0.572572648525238,0.5551093816757202,0.5746731758117676,0.5466724634170532,0.5201470851898193,0.4533824026584625,4.0
664,0.0,0.0,0.0,1.0,0.0,0.0,0.572952926158905,0.5558247566223145,0.5764383673667908,0.5480048060417175,0.5207511782646179,0.4597729444503784,2.0
665,0.0,0.0,0.0,1.0,0.0,0.0,0.5732435584068298,0.5556365251541138,0.5762484073638916,0.5487955212593079,0.5167371034622192,0.45146018266677856,3.0
666,0.0,0.0,0.0,1.0,0.0,0.0,0.5734876990318298,0.5560840964317322,0.5765464305877686,0.5491743683815002,0.5172657370567322,0.45180225372314453,3.0
667,0.0,0.0,0.0,1.0,0.0,0.0,0.5729361772537231,0.5550979971885681,0.5758937001228333,0.548396646976471,0.5162057280540466,0.4511595070362091,3.0
668,0.0,0.0,0.0,1.0,0.0,0.0,0.5720597505569458,0.5532366037368774,0.5751926302909851,0.5471665859222412,0.519575834274292,0.464780330657959,0.0
669,0.0,0.0,0.0,1.0,0.0,0.0,0.5728738307952881,0.5555652976036072,0.5763071179389954,0.5478371381759644,0.520524263381958,0.45967382192611694,2.0
670,0.0,0.0,0.0,1.0,0.0,0.0,0.5721211433410645,0.5532798171043396,0.5752317309379578,0.5471873879432678,0.5195932984352112,0.4647527039051056,0.0
671,0.0,0.0,0.0,1.0,0.0,0.0,0.5726072192192078,0.5543423891067505,0.5754421949386597,0.5477693676948547,0.5153302550315857,0.4505269527435303,3.0
672,0.0,0.0,0.0,1.0,0.0,0.0,0.5727091431617737,0.5544905066490173,0.5759234428405762,0.5481825470924377,0.5210023522377014,0.46595168113708496,0.0
673,0.0,0.0,0.0,1.0,0.0,0.0,0.5727742910385132,0.5545449256896973,0.5756527185440063,0.5479468107223511,0.5154080986976624,0.4502882957458496,3.0
674,0.0,0.0,0.0,1.0,0.0,0.0,0.5721007585525513,0.5543944835662842,0.5753886103630066,0.5464605093002319,0.5192509889602661,0.4585321843624115,1.0
675,0.0,0.0,0.0,1.0,0.0,0.0,0.5722393989562988,0.5544847249984741,0.5742828249931335,0.5461965799331665,0.5195551514625549,0.45315659046173096,4.0
676,0.0,0.0,0.0,1.0,0.0,0.0,0.572672426700592,0.5546331405639648,0.5755612850189209,0.5479922294616699,0.5157325863838196,0.4509657025337219,3.0
677,0.0,0.0,0.0,1.0,0.0,0.0,0.5725822448730469,0.5555455684661865,0.5759482383728027,0.5473535656929016,0.5207024812698364,0.4600422978401184,1.0
678,0.0,0.0,0.0,1.0,0.0,0.0,0.572159469127655,0.5548902153968811,0.5754953026771545,0.5468591451644897,0.520122766494751,0.4597865045070648,1.0
679,0.0,0.0,0.0,1.0,0.0,0.0,0.571742594242096,0.5541141033172607,0.5750243663787842,0.5462714433670044,0.5193356275558472,0.4592548608779907,1.0
680,0.0,0.0,0.0,1.0,0.0,0.0,0.5724024176597595,0.5551583170890808,0.5757567882537842,0.547091007232666,0.5202507972717285,0.4595380425453186,1.0
681,0.0,0.0,0.0,1.0,0.0,0.0,0.5727287530899048,0.5552940964698792,0.5748537182807922,0.5468097925186157,0.5202909708023071,0.45343273878097534,4.0
682,0.0,0.0,0.0,1.0,1.0,0.0,0.5723173022270203,0.55486661195755,0.5757241249084473,0.5472070574760437,0.5199471712112427,0.4596495032310486,2.0
683,0.0,0.0,0.0,1.0,0.0,0.0,0.5720138549804688,0.5541818737983704,0.5740496516227722,0.545950710773468,0.5193197727203369,0.4531223177909851,4.0
684,0.0,0.0,0.0,1.0,0.0,0.0,0.5720802545547485,0.5542934536933899,0.5740992426872253,0.54603111743927,0.5194520354270935,0.45323601365089417,4.0
685,0.0,0.0,0.0,1.0,0.0,0.0,0.5714836120605469,0.5537322759628296,0.5747493505477905,0.5459520816802979,0.5189669132232666,0.4590691924095154,1.0
686,0.0,0.0,0.0,1.0,0.0,0.0,0.5719668865203857,0.5544224381446838,0.5752490758895874,0.546490490436554,0.5195282101631165,0.45914870500564575,1.0
687,0.0,0.0,0.0,1.0,0.0,0.0,0.5721724033355713,0.5542653799057007,0.5755401253700256,0.5467793345451355,0.5190500020980835,0.4584963023662567,2.0
688,0.0,0.0,0.0,1.0,0.0,0.0,0.5726090669631958,0.5544530749320984,0.5754829049110413,0.5478121638298035,0.5154345631599426,0.45061299204826355,3.0
689,0.0,0.0,0.0,1.0,0.0,0.0,0.5722407698631287,0.5545004606246948,0.5742820501327515,0.5461661219596863,0.5195170640945435,0.45300036668777466,4.0
690,0.0,0.0,0.0,1.0,0.0,0.0,0.5727985501289368,0.5554642081260681,0.5749290585517883,0.5469704270362854,0.5205395817756653,0.45363423228263855,4.0
691,0.0,0.0,0.0,1.0,0.0,0.0,0.573305606842041,0.5559345483779907,0.5763413310050964,0.5490714907646179,0.5172657370567322,0.45219099521636963,3.0
692,0.0,0.0,0.0,1.0,0.0,0.0,0.572383463382721,0.5550193786621094,0.5757973790168762,0.547389566898346,0.5202147960662842,0.45995309948921204,2.0
693,0.0,0.0,0.0,1.0,0.0,0.0,0.5731179118156433,0.5562427639961243,0.5765384435653687,0.5479533672332764,0.5211641788482666,0.459922730922699,1.0
694,0.0,0.0,0.0,1.0,0.0,0.0,0.5729610919952393,0.5549551248550415,0.5762311220169067,0.5485336780548096,0.5214011669158936,0.4661417007446289,0.0
695,0.0,0.0,0.0,1.0,0.0,0.0,0.5722081661224365,0.5550270676612854,0.5755367279052734,0.5470245480537415,0.5203793048858643,0.4600422978401184,1.0
696,0.0,0.0,0.0,1.0,0.0,0.0,0.5726357698440552,0.5555013418197632,0.5747661590576172,0.5470001101493835,0.5207886695861816,0.4543399214744568,4.0
697,0.0,0.0,0.0,1.0,0.0,0.0,0.5724753737449646,0.5542604327201843,0.5753117799758911,0.5476840734481812,0.5153048634529114,0.4507310688495636,3.0
698,0.0,0.0,0.0,1.0,0.0,0.0,0.5730534791946411,0.5557618141174316,0.5752077102661133,0.5472319722175598,0.5207199454307556,0.45356547832489014,4.0
699,0.0,0.0,0.0,1.0,1.0,0.0,0.572451651096344,0.5547687411308289,0.5745441913604736,0.5463948845863342,0.5196684002876282,0.45284491777420044,4.0
700,0.0,0.0,0.0,1.0,0.0,0.0,0.5726972222328186,0.5557295083999634,0.5760900974273682,0.5475947856903076,0.5209347009658813,0.4602263271808624,1.0
701,0.0,0.0,0.0,1.0,0.0,0.0,0.5731301307678223,0.5561501383781433,0.5766634345054626,0.5482859015464783,0.5211224555969238,0.46011456847190857,2.0
702,0.0,0.0,0.0,1.0,1.0,0.0,0.5731420516967773,0.5559951663017273,0.5752993226051331,0.5473524928092957,0.5208855271339417,0.453662246465683,4.0
703,0.0,0.0,0.0,1.0,0.0,0.0,0.5726869702339172,0.5550144910812378,0.5747861266136169,0.5465936660766602,0.5197493433952332,0.45264485478401184,4.0
704,0.0,0.0,0.0,1.0,0.0,0.0,0.5723575353622437,0.5550278425216675,0.5757015943527222,0.5470041036605835,0.5201143622398376,0.4594384431838989,1.0
705,0.0,0.0,0.0,1.0,0.0,0.0,0.5735142230987549,0.5573179721832275,0.5770803689956665,0.54886794090271,0.5226110219955444,0.4614599347114563,1.0
706,0.0,0.0,0.0,1.0,0.0,0.0,0.5729013085365295,0.555870532989502,0.5763803720474243,0.5480137467384338,0.5209848880767822,0.46030157804489136,2.0
707,0.0,0.0,0.0,1.0,0.0,0.0,0.5723594427108765,0.555124044418335,0.5756969451904297,0.5470584034919739,0.5202624201774597,0.4596754312515259,1.0
708,0.0,0.0,0.0,1.0,0.0,0.0,0.5727785229682922,0.5549687147140503,0.575691282749176,0.5482922196388245,0.5162485837936401,0.45163029432296753,3.0
709,0.0,0.0,0.0,1.0,0.0,0.0,0.5732773542404175,0.5561659932136536,0.5754699110984802,0.5474924445152283,0.5209701657295227,0.4535471200942993,4.0
710,0.0,0.0,0.0,1.0,1.0,0.0,0.5732408165931702,0.556329607963562,0.5767713189125061,0.5483914017677307,0.521274745464325,0.4602143168449402,2.0
711,0.0,0.0,0.0,1.0,0.0,0.0,0.5724091529846191,0.5547585487365723,0.5757867693901062,0.5471062064170837,0.5195773839950562,0.45898041129112244,2.0
712,0.0,0.0,0.0,1.0,0.0,0.0,0.5733741521835327,0.5565354228019714,0.576930820941925,0.5485837459564209,0.5215476155281067,0.46042731404304504,2.0
713,0.0,0.0,0.0,1.0,0.0,0.0,0.5726515054702759,0.5544059872627258,0.5755128860473633,0.5478029847145081,0.5153291821479797,0.45040541887283325,3.0
714,0.0,0.0,0.0,1.0,0.0,0.0,0.5727319717407227,0.5553472638130188,0.5761536955833435,0.5476121306419373,0.5202005505561829,0.45928922295570374,2.0
715,0.0,0.0,0.0,1.0,0.0,0.0,0.57334965467453,0.5569125413894653,0.5768796801567078,0.5485066175460815,0.5220891237258911,0.4608594477176666,1.0
716,0.0,0.0,0.0,1.0,0.0,0.0,0.5719576478004456,0.5532463192939758,0.5747508406639099,0.546895444393158,0.5141916275024414,0.44996175169944763,3.0
717,0.0,0.0,0.0,1.0,0.0,0.0,0.5734671950340271,0.5559437274932861,0.576479971408844,0.5490242838859558,0.5168858170509338,0.451237291097641,3.0
718,0.0,0.0,0.0,1.0,0.0,0.0,0.5736523866653442,0.55647873878479,0.5767539739608765,0.549464225769043,0.5176499485969543,0.4520221948623657,3.0
719,0.0,0.0,0.0,1.0,0.0,0.0,0.5719365477561951,0.5542213916778564,0.5752073526382446,0.5463029146194458,0.5191816687583923,0.4586762487888336,1.0
720,0.0,0.0,0.0,1.0,0.0,0.0,0.5725961327552795,0.5552121996879578,0.5760290026664734,0.5475105047225952,0.5201862454414368,0.4595450162887573,2.0
721,0.0,0.0,0.0,1.0,1.0,0.0,0.5715529322624207,0.5534793734550476,0.5748584866523743,0.546127200126648,0.5184547305107117,0.45849621295928955,2.0
722,0.0,0.0,0.0,1.0,0.0,0.0,0.5721489787101746,0.5543873906135559,0.575522780418396,0.5468257665634155,0.51923668384552,0.45882517099380493,2.0
723,0.0,0.0,0.0,1.0,0.0,0.0,0.5730656981468201,0.5558798909187317,0.5765265822410583,0.5480371117591858,0.5207368731498718,0.45972663164138794,2.0
724,0.0,0.0,0.0,1.0,0.0,0.0,0.5727577209472656,0.5553811192512512,0.5762093663215637,0.547651469707489,0.5202417969703674,0.4593627452850342,2.0
725,0.0,0.0,0.0,1.0,0.0,0.0,0.5726684927940369,0.5544881820678711,0.5755382776260376,0.5479008555412292,0.5155054926872253,0.45061513781547546,3.0
726,0.0,0.0,0.0,1.0,0.0,0.0,0.5724848508834839,0.5550513863563538,0.574581503868103,0.5466698408126831,0.5202333927154541,0.4537409245967865,4.0
727,0.0,0.0,0.0,1.0,0.0,0.0,0.5726496577262878,0.5542899966239929,0.5758346319198608,0.5479862093925476,0.5206660032272339,0.46552687883377075,0.0
728,0.0,0.0,0.0,1.0,0.0,0.0,0.5727736353874207,0.5551061034202576,0.5748630166053772,0.5467150211334229,0.5198561549186707,0.4526592195034027,4.0
729,0.0,0.0,0.0,1.0,0.0,0.0,0.5741633772850037,0.5584770441055298,0.5778164863586426,0.549847424030304,0.5239300727844238,0.4624325633049011,1.0
730,0.0,0.0,0.0,1.0,0.0,0.0,0.5731322169303894,0.5561789274215698,0.5766491889953613,0.5482822060585022,0.5211377739906311,0.4601171910762787,2.0
731,0.0,0.0,0.0,1.0,0.0,0.0,0.572673499584198,0.5545544028282166,0.5755294561386108,0.5479323863983154,0.5155965089797974,0.4508080780506134,3.0
732,0.0,0.0,0.0,1.0,0.0,0.0,0.5728124976158142,0.554865837097168,0.5757386088371277,0.5481801629066467,0.5158913731575012,0.45090287923812866,3.0
733,0.0,0.0,0.0,1.0,0.0,0.0,0.5726078152656555,0.5542916059494019,0.5757704377174377,0.5480137467384338,0.5207839012145996,0.465839684009552,0.0
734,0.0,0.0,0.0,1.0,0.0,0.0,0.5729904770851135,0.5553451180458069,0.5759366154670715,0.5486196875572205,0.5166619420051575,0.4518861174583435,3.0
735,0.0,0.0,0.0,1.0,0.0,0.0,0.5723361372947693,0.5540355443954468,0.5751776099205017,0.5474687814712524,0.5150529146194458,0.45055240392684937,3.0
736,0.0,0.0,0.0,1.0,0.0,0.0,0.5723930597305298,0.5552765727043152,0.5757448077201843,0.547190248966217,0.5205369591712952,0.4599840044975281,1.0
737,0.0,0.0,0.0,1.0,0.0,0.0,0.5728579759597778,0.5546653866767883,0.5757482051849365,0.548017144203186,0.5154821872711182,0.45022690296173096,3.0
738,0.0,0.0,0.0,1.0,0.0,0.0,0.5728135704994202,0.5547797083854675,0.5757119655609131,0.548085629940033,0.5157457590103149,0.4507882297039032,3.0
739,0.0,0.0,0.0,1.0,0.0,0.0,0.5728603005409241,0.554714560508728,0.5757761597633362,0.5480462908744812,0.5155298113822937,0.45030704140663147,3.0
740,0.0,0.0,0.0,1.0,0.0,0.0,0.5727940797805786,0.5553297996520996,0.5748915076255798,0.5468533635139465,0.5202465057373047,0.45329105854034424,4.0
741,0.0,0.0,0.0,1.0,0.0,0.0,0.5729644298553467,0.5549548268318176,0.5761953592300415,0.548557460308075,0.5214455723762512,0.4662182033061981,0.0
742,0.0,0.0,0.0,1.0,0.0,0.0,0.5733871459960938,0.557158887386322,0.5769283175468445,0.5487325191497803,0.5225443840026855,0.46147942543029785,1.0
743,0.0,0.0,0.0,1.0,0.0,0.0,0.5728001594543457,0.5552946329116821,0.5762178897857666,0.5475911498069763,0.519977331161499,0.45892614126205444,2.0
744,0.0,0.0,0.0,1.0,1.0,0.0,0.5720900297164917,0.5546504855155945,0.5754189491271973,0.5466204285621643,0.5196932554244995,0.4591832756996155,1.0
745,0.0,0.0,0.0,1.0,0.0,0.0,0.5726772546768188,0.5552622079849243,0.5761107206344604,0.5475415587425232,0.5201725363731384,0.45940306782722473,2.0
746,0.0,0.0,0.0,1.0,0.0,0.0,0.5728854537010193,0.5560463070869446,0.5763320326805115,0.547822892665863,0.5211536288261414,0.4601786732673645,1.0
747,0.0,0.0,0.0,1.0,0.0,0.0,0.5727004408836365,0.5552111864089966,0.5748523473739624,0.5467472672462463,0.5201085209846497,0.4531719386577606,4.0
748,0.0,0.0,0.0,1.0,0.0,0.0,0.5724268555641174,0.555228590965271,0.5757997035980225,0.547117292881012,0.5202941298484802,0.45955294370651245,1.0
749,0.0,0.0,0.0,1.0,0.0,0.0,0.5730282068252563,0.5550647377967834,0.575931966304779,0.5483370423316956,0.5160146951675415,0.45083239674568176,3.0
750,0.0,0.0,0.0,1.0,0.0,0.0,0.572361409664154,0.553979754447937,0.5752301812171936,0.5474517345428467,0.5149158239364624,0.45025983452796936,3.0
751,0.0,0.0,0.0,1.0,0.0,0.0,0.5725963711738586,0.5544122457504272,0.5754473805427551,0.5477832555770874,0.5154356360435486,0.4506797790527344,3.0
752,0.0,0.0,0.0,1.0,1.0,0.0,0.5718790888786316,0.5541931390762329,0.5751563906669617,0.5463142395019531,0.5192102789878845,0.45876529812812805,1.0
753,0.0,0.0,0.0,1.0,0.0,0.0,0.572272002696991,0.5544805526733398,0.5743364691734314,0.546159029006958,0.5194588899612427,0.452825665473938,4.0
754,0.0,0.0,0.0,1.0,0.0,0.0,0.5735262036323547,0.556693971157074,0.5770560503005981,0.5486884713172913,0.5215682983398438,0.46024712920188904,2.0
755,0.0,0.0,0.0,1.0,0.0,0.0,0.5726799964904785,0.5543413162231445,0.575890302658081,0.5480245351791382,0.5207019448280334,0.46553835272789,0.0
756,0.0,0.0,0.0,1.0,0.0,0.0,0.5724910497665405,0.5554426312446594,0.5758607983589172,0.5473527908325195,0.5207226276397705,0.4601946175098419,1.0
757,0.0,0.0,0.0,1.0,0.0,0.0,0.5731748342514038,0.5562540888786316,0.576705813407898,0.5483593940734863,0.5212625861167908,0.4602130055427551,2.0
758,0.0,0.0,0.0,1.0,0.0,0.0,0.573660671710968,0.556505560874939,0.5767619609832764,0.5495203733444214,0.5177441239356995,0.45220768451690674,3.0
759,0.0,0.0,0.0,1.0,0.0,0.0,0.5731492638587952,0.555209219455719,0.576408326625824,0.5487285852432251,0.5216227173805237,0.4662178158760071,0.0
760,0.0,0.0,0.0,1.0,0.0,0.0,0.5716602206230164,0.5534322261810303,0.5736733675003052,0.5453349351882935,0.5183224678039551,0.45210960507392883,4.0
761,0.0,0.0,0.0,1.0,0.0,0.0,0.5727946162223816,0.5554725527763367,0.5749230980873108,0.5469452738761902,0.5205211043357849,0.45365387201309204,4.0
762,0.0,0.0,0.0,1.0,0.0,0.0,0.5724201798439026,0.5542142987251282,0.575289249420166,0.5476638674736023,0.5153117775917053,0.4507867693901062,3.0
763,0.0,0.0,0.0,1.0,0.0,0.0,0.5729438066482544,0.5558727383613586,0.575127363204956,0.5472902655601501,0.5210652947425842,0.45424431562423706,4.0
764,0.0,0.0,0.0,1.0,0.0,0.0,0.5726780891418457,0.5541991591453552,0.5758390426635742,0.5478903651237488,0.5203909277915955,0.46508803963661194,0.0
765,0.0,0.0,0.0,1.0,0.0,0.0,0.5724372863769531,0.553981602191925,0.5756063461303711,0.5477165579795837,0.5203348994255066,0.46538105607032776,0.0
766,0.0,0.0,0.0,0.0,1.0,0.0,0.57132887840271,0.5527710914611816,0.5732460021972656,0.5448338985443115,0.517695963382721,0.45180070400238037,4.0
767,0.0,0.0,0.0,0.0,1.0,0.0,0.5720692276954651,0.5535563826560974,0.575149655342102,0.5474270582199097,0.520207405090332,0.4657851457595825,0.0
768,0.0,0.0,0.0,0.0,1.0,0.0,0.5718516707420349,0.5539007186889648,0.5738776326179504,0.5457658171653748,0.5190515518188477,0.4529738426208496,4.0
769,0.0,0.0,0.0,0.0,1.0,0.0,0.5717971920967102,0.553681492805481,0.5738244652748108,0.5455388426780701,0.5186219215393066,0.4524080455303192,4.0
770,0.0,0.0,0.0,0.0,1.0,0.0,0.5716192126274109,0.5526647567749023,0.5743457674980164,0.5464473962783813,0.5136680603027344,0.44975996017456055,3.0
771,0.0,0.0,0.0,0.0,1.0,0.0,0.5716842412948608,0.5540606379508972,0.5749542117118835,0.5462096929550171,0.5192848443984985,0.45930567383766174,1.0
772,0.0,0.0,0.0,0.0,1.0,0.0,0.5712390542030334,0.5532216429710388,0.5744078159332275,0.5455474853515625,0.5184462666511536,0.4587900936603546,1.0
773,0.0,0.0,0.0,0.0,1.0,0.0,0.5713971853256226,0.5530351996421814,0.5733262300491333,0.5450438261032104,0.518051028251648,0.45226579904556274,4.0
774,0.0,0.0,0.0,0.0,1.0,0.0,0.5715075135231018,0.5534482002258301,0.5747766494750977,0.5461280345916748,0.5185563564300537,0.45884424448013306,2.0
775,0.0,0.0,0.0,0.0,1.0,0.0,0.5715901851654053,0.5533337593078613,0.5735777616500854,0.545269250869751,0.5183018445968628,0.4522053003311157,4.0
776,0.0,0.0,0.0,0.0,1.0,0.0,0.572078287601471,0.5544810891151428,0.5754626989364624,0.5469775795936584,0.5196149945259094,0.459513396024704,2.0
777,0.0,0.0,0.0,0.0,1.0,0.0,0.5728907585144043,0.5558905005455017,0.5763586759567261,0.5480961203575134,0.5210642218589783,0.46050626039505005,2.0
778,0.0,0.0,0.0,0.0,1.0,0.0,0.5719929337501526,0.5541695952415466,0.5753404498100281,0.5467060804367065,0.5191610455513,0.45895084738731384,2.0
779,0.0,0.0,0.0,0.0,1.0,0.0,0.571551501750946,0.5533463358879089,0.573524534702301,0.5452907681465149,0.5184208750724792,0.4525626003742218,4.0
780,0.0,0.0,0.0,0.0,1.0,0.0,0.5718915462493896,0.5540739893913269,0.5751883387565613,0.5466094017028809,0.5191790461540222,0.459196537733078,2.0
781,0.0,0.0,0.0,0.0,1.0,0.0,0.5711084604263306,0.5528976321220398,0.5743083357810974,0.5452905297279358,0.5179764032363892,0.4582389295101166,1.0
782,0.0,0.0,0.0,0.0,1.0,0.0,0.5716637969017029,0.5540910363197327,0.5749096870422363,0.5462651252746582,0.5193827152252197,0.4594631493091583,1.0
783,0.0,0.0,0.0,0.0,1.0,0.0,0.5714048147201538,0.5523362755775452,0.574080228805542,0.5462367534637451,0.5134467482566833,0.4498881995677948,3.0
784,0.0,0.0,0.0,0.0,1.0,0.0,0.5716819167137146,0.5535317659378052,0.5736883282661438,0.5454568266868591,0.5185891389846802,0.45246973633766174,4.0
785,0.0,0.0,0.0,0.0,1.0,0.0,0.5720096826553345,0.5534026026725769,0.575094997882843,0.5472823977470398,0.5199460983276367,0.46545618772506714,0.0
786,0.0,0.0,0.0,0.0,1.0,0.0,0.572338342666626,0.5539119839668274,0.5754795074462891,0.5477050542831421,0.520431637763977,0.4655998945236206,0.0
787,0.0,0.0,0.0,0.0,1.0,0.0,0.5720012784004211,0.5533835291862488,0.5751103162765503,0.5472555756568909,0.5198884606361389,0.4654078483581543,0.0
788,0.0,0.0,0.0,0.0,1.0,0.0,0.5717073082923889,0.552725076675415,0.5747407674789429,0.5467780232429504,0.5192298293113708,0.4648672640323639,0.0
789,0.0,0.0,0.0,0.0,1.0,0.0,0.5723885297775269,0.5548353791236877,0.5744615793228149,0.5464637279510498,0.5199460983276367,0.4534701406955719,4.0
790,0.0,0.0,0.0,0.0,1.0,0.0,0.5721505284309387,0.5535002946853638,0.5752545595169067,0.5473577380180359,0.5199910998344421,0.4653025269508362,0.0
791,0.0,0.0,0.0,0.0,1.0,0.0,0.5715325474739075,0.5532407760620117,0.5735107660293579,0.5452274680137634,0.5182388424873352,0.45220425724983215,4.0
792,0.0,0.0,0.0,0.0,1.0,0.0,0.5719619393348694,0.5530930757522583,0.5750515460968018,0.5470209121704102,0.5194287300109863,0.4647681713104248,0.0
793,0.0,0.0,0.0,0.0,1.0,0.0,0.5720058083534241,0.5534492135047913,0.5748114585876465,0.5470710396766663,0.5144997239112854,0.4503646790981293,3.0
794,0.0,0.0,0.0,0.0,1.0,0.0,0.5720866918563843,0.5536477565765381,0.5748875737190247,0.5471833944320679,0.5147368907928467,0.4506182372570038,3.0
795,0.0,0.0,0.0,0.0,1.0,0.0,0.5719961524009705,0.5542446970939636,0.5740176439285278,0.5460195541381836,0.5194367170333862,0.4533468782901764,4.0
796,0.0,0.0,0.0,0.0,1.0,0.0,0.5727777481079102,0.5549959540367126,0.5757274627685547,0.5482977032661438,0.5162740349769592,0.45168301463127136,3.0
797,0.0,0.0,0.0,1.0,1.0,0.0,0.5724701881408691,0.5550071001052856,0.5745353698730469,0.5466020703315735,0.5201698541641235,0.453753799200058,4.0
798,0.0,0.0,0.0,1.0,1.0,0.0,0.5719701051712036,0.5545734763145447,0.5752716064453125,0.5466191172599792,0.5198022127151489,0.45961520075798035,1.0
799,0.0,0.0,0.0,0.0,1.0,0.0,0.57206130027771,0.5544857978820801,0.5754238963127136,0.5469815135002136,0.5197181105613708,0.4597374200820923,2.0
800,0.0,0.0,0.0,0.0,1.0,0.0,0.5721186399459839,0.554448127746582,0.5754067897796631,0.5465238094329834,0.5193742513656616,0.4586999714374542,1.0
801,0.0,0.0,0.0,0.0,1.0,0.0,0.5723626017570496,0.5547266006469727,0.5744053721427917,0.5463460087776184,0.5197625756263733,0.45325177907943726,4.0
802,0.0,0.0,0.0,0.0,1.0,0.0,0.5715710520744324,0.5537653565406799,0.5747835040092468,0.5460048317909241,0.5189547538757324,0.4589535892009735,1.0
803,0.0,0.0,0.0,0.0,1.0,0.0,0.5721110701560974,0.5534816980361938,0.5749088525772095,0.5470424294471741,0.5143494009971619,0.44993239641189575,3.0
804,0.0,0.0,0.0,0.0,1.0,0.0,0.5721007585525513,0.5540887117385864,0.5741297006607056,0.5458351969718933,0.5189378261566162,0.4523831605911255,4.0
805,0.0,0.0,0.0,0.0,1.0,0.0,0.5723176598548889,0.553998589515686,0.5751752853393555,0.5474963784217834,0.5150343775749207,0.4505871832370758,3.0
806,0.0,0.0,0.0,0.0,1.0,0.0,0.5722493529319763,0.5548117160797119,0.5756713151931763,0.5471847653388977,0.519977331161499,0.4597947597503662,2.0
807,0.0,0.0,0.0,0.0,1.0,0.0,0.5720750093460083,0.5534345507621765,0.575212836265564,0.5472519397735596,0.5198217630386353,0.4651082158088684,0.0
808,0.0,0.0,0.0,1.0,1.0,0.0,0.5722638964653015,0.5549429655075073,0.5755763053894043,0.5469017028808594,0.5200598239898682,0.4595206379890442,1.0
809,0.0,0.0,0.0,1.0,1.0,0.0,0.5719649195671082,0.55452561378479,0.5752798914909363,0.5465818643569946,0.5197381973266602,0.4594832956790924,1.0
810,0.0,0.0,0.0,0.0,1.0,0.0,0.5712220072746277,0.5530906915664673,0.5743799805641174,0.5454303026199341,0.5181849002838135,0.4584210216999054,1.0
811,0.0,0.0,0.0,0.0,1.0,0.0,0.5716640949249268,0.5528619885444641,0.5743948221206665,0.5466212630271912,0.5139693021774292,0.45018622279167175,3.0
812,0.0,0.0,0.0,0.0,1.0,0.0,0.5720340609550476,0.554507315158844,0.5754221677780151,0.5469591617584229,0.5197070240974426,0.4597005248069763,2.0
813,0.0,0.0,0.0,0.0,1.0,0.0,0.5717127323150635,0.5538609027862549,0.575031578540802,0.546438992023468,0.5189689993858337,0.4591406583786011,2.0
814,0.0,0.0,0.0,0.0,1.0,0.0,0.572452962398529,0.5545734763145447,0.5753176808357239,0.5479727983474731,0.5160247087478638,0.4517940282821655,3.0
815,0.0,0.0,0.0,0.0,1.0,0.0,0.5721830725669861,0.5544701218605042,0.5742483735084534,0.5461432337760925,0.5195313692092896,0.4531905949115753,4.0
816,0.0,0.0,0.0,0.0,1.0,0.0,0.5720167756080627,0.5546237826347351,0.5753977298736572,0.5471140742301941,0.5199953317642212,0.46012797951698303,2.0
817,0.0,0.0,0.0,0.0,1.0,0.0,0.5726954340934753,0.5545064806938171,0.5758856534957886,0.5481544137001038,0.5209594964981079,0.4658925533294678,0.0
818,0.0,0.0,0.0,0.0,1.0,0.0,0.5719935894012451,0.5543661713600159,0.5753176808357239,0.5468963980674744,0.5196393132209778,0.45971041917800903,2.0
819,0.0,0.0,0.0,1.0,1.0,0.0,0.5729805827140808,0.5550747513771057,0.5761943459510803,0.5486533045768738,0.521642804145813,0.46655309200286865,0.0
820,0.0,0.0,0.0,0.0,1.0,0.0,0.5723646283149719,0.555010199546814,0.5757885575294495,0.5473827123641968,0.5201756954193115,0.4599170386791229,2.0
821,0.0,0.0,0.0,0.0,1.0,0.0,0.5722944736480713,0.5538470149040222,0.5754315853118896,0.5476381182670593,0.5203660726547241,0.4656068682670593,0.0
822,0.0,0.0,0.0,0.0,1.0,0.0,0.5718492269515991,0.5532180070877075,0.5746576189994812,0.5468602180480957,0.5142694711685181,0.4502313435077667,3.0
823,0.0,0.0,0.0,0.0,1.0,0.0,0.5722827315330505,0.5540533661842346,0.5750774145126343,0.5475517511367798,0.5153133273124695,0.45118585228919983,3.0
824,0.0,0.0,0.0,0.0,1.0,0.0,0.5722671151161194,0.5549052357673645,0.5756961703300476,0.5472787022590637,0.5201085209846497,0.4599742889404297,2.0
825,0.0,0.0,0.0,0.0,1.0,0.0,0.5719886422157288,0.5541263818740845,0.573998749256134,0.5458837747573853,0.5191827416419983,0.45297032594680786,4.0
826,0.0,0.0,0.0,0.0,1.0,0.0,0.5725833773612976,0.554543673992157,0.5754466652870178,0.5479423403739929,0.515756368637085,0.4512019753456116,3.0
827,0.0,0.0,0.0,0.0,1.0,0.0,0.5720277428627014,0.5543986558914185,0.5754062533378601,0.5468541979789734,0.5195049047470093,0.459357887506485,2.0
828,0.0,0.0,0.0,0.0,1.0,0.0,0.5720524191856384,0.5534898638725281,0.5748593807220459,0.5471059679985046,0.5145441889762878,0.45030832290649414,3.0
829,0.0,0.0,0.0,0.0,1.0,0.0,0.5723963975906372,0.5553231835365295,0.5757743716239929,0.5472574830055237,0.5205755829811096,0.4600411653518677,1.0
830,0.0,0.0,0.0,0.0,1.0,0.0,0.5727593302726746,0.5554428696632385,0.5748686790466309,0.5469904541969299,0.5205845832824707,0.4538651406764984,4.0
831,0.0,0.0,0.0,0.0,1.0,0.0,0.5723856091499329,0.5554313659667969,0.5757525563240051,0.5473296642303467,0.5207988023757935,0.4604427218437195,1.0
832,0.0,0.0,0.0,0.0,1.0,0.0,0.5731123685836792,0.556382954120636,0.5766600370407104,0.5484884977340698,0.5216142535209656,0.4608977437019348,2.0
833,0.0,0.0,0.0,0.0,1.0,0.0,0.5730205774307251,0.555675208568573,0.575149416923523,0.547116219997406,0.5205422639846802,0.45341381430625916,4.0
834,0.0,0.0,0.0,0.0,1.0,0.0,0.5721467733383179,0.5533390045166016,0.5752496123313904,0.5471761226654053,0.519585907459259,0.46461474895477295,0.0
835,0.0,0.0,0.0,0.0,1.0,0.0,0.5725855827331543,0.5550350546836853,0.574697732925415,0.546593964099884,0.5199344754219055,0.45313742756843567,4.0
836,0.0,0.0,0.0,0.0,1.0,0.0,0.5731115341186523,0.5552361607551575,0.5763552784919739,0.5487689971923828,0.52179354429245,0.46652767062187195,0.0
837,0.0,0.0,0.0,0.0,1.0,0.0,0.5720243453979492,0.5541617274284363,0.5740232467651367,0.5458977222442627,0.5192059874534607,0.4529466927051544,4.0
838,0.0,0.0,0.0,0.0,1.0,0.0,0.5726272463798523,0.5543099045753479,0.5757971405982971,0.5480100512504578,0.5207263231277466,0.4656883478164673,0.0
839,0.0,0.0,0.0,1.0,1.0,0.0,0.571996808052063,0.554388165473938,0.5753076076507568,0.5464203357696533,0.5193763375282288,0.45889124274253845,1.0
840,0.0,0.0,0.0,1.0,1.0,0.0,0.5729262232780457,0.5548352003097534,0.5761143565177917,0.5483766794204712,0.5212493538856506,0.4660002887248993,0.0
841,0.0,0.0,0.0,0.0,1.0,0.0,0.5729277729988098,0.5549224019050598,0.5761325359344482,0.5485058426856995,0.5214207172393799,0.4662529230117798,0.0
842,0.0,0.0,0.0,0.0,1.0,0.0,0.573030948638916,0.5554021000862122,0.5760059952735901,0.5486695766448975,0.5167037844657898,0.4519081711769104,3.0
843,0.0,0.0,0.0,0.0,1.0,0.0,0.5726946592330933,0.5554603934288025,0.5761467814445496,0.5477213859558105,0.5205099582672119,0.4598448872566223,2.0
844,0.0,0.0,0.0,0.0,1.0,0.0,0.5732487440109253,0.5562134981155396,0.5767309665679932,0.5483162999153137,0.5210642218589783,0.45989903807640076,2.0
845,0.0,0.0,0.0,0.0,1.0,0.0,0.5738416910171509,0.5564960241317749,0.5771868824958801,0.5497742891311646,0.523009181022644,0.46730995178222656,0.0
846,0.0,0.0,0.0,0.0,1.0,0.0,0.5730761885643005,0.5559247732162476,0.5765400528907776,0.5480888485908508,0.5208056569099426,0.4597894251346588,2.0
847,0.0,0.0,0.0,0.0,1.0,0.0,0.5721211433410645,0.5537427663803101,0.5749422907829285,0.5472899675369263,0.5148612856864929,0.45065540075302124,3.0
848,0.0,0.0,0.0,0.0,1.0,0.0,0.5717554092407227,0.5537380576133728,0.5737219452857971,0.5456050634384155,0.5188965201377869,0.45296454429626465,4.0
849,0.0,0.0,0.0,0.0,1.0,0.0,0.5720300674438477,0.5545797944068909,0.5753257274627686,0.5465975999832153,0.5197197198867798,0.4593340754508972,1.0
850,0.0,0.0,0.0,0.0,1.0,0.0,0.5723497271537781,0.5541709065437317,0.5752014517784119,0.5476331114768982,0.5153509378433228,0.4509750306606293,3.0
851,0.0,0.0,0.0,0.0,1.0,0.0,0.5713276267051697,0.5527803301811218,0.5732890367507935,0.544860303401947,0.517710268497467,0.4517725110054016,4.0
852,0.0,0.0,0.0,0.0,1.0,0.0,0.5714090466499329,0.5521441698074341,0.574057400226593,0.5460549592971802,0.5130369663238525,0.4493076503276825,3.0
853,0.0,0.0,0.0,0.0,1.0,0.0,0.5724316835403442,0.5549896955490112,0.5745211243629456,0.546588122844696,0.5201587677001953,0.4537586569786072,4.0
854,0.0,0.0,0.0,0.0,1.0,0.0,0.5729770064353943,0.5557258129119873,0.575107216835022,0.547186553478241,0.5207638740539551,0.45383942127227783,4.0
855,0.0,0.0,0.0,0.0,1.0,0.0,0.5720182657241821,0.5544905066490173,0.5752964615821838,0.546541690826416,0.5195509791374207,0.4591027498245239,1.0
856,0.0,0.0,0.0,0.0,1.0,0.0,0.5718315839767456,0.5542727112770081,0.575119137763977,0.5463801026344299,0.5194435119628906,0.4592525064945221,1.0
857,0.0,0.0,0.0,0.0,1.0,0.0,0.5722604990005493,0.5536503791809082,0.5753917694091797,0.5474889874458313,0.5200355052947998,0.4651515483856201,0.0
858,0.0,0.0,0.0,0.0,1.0,0.0,0.5720823407173157,0.5534822344779968,0.5748847723007202,0.5470542311668396,0.5144409537315369,0.45014429092407227,3.0
859,0.0,0.0,0.0,0.0,1.0,0.0,0.5727959275245667,0.5547106266021729,0.5760114192962646,0.5483457446098328,0.5212308764457703,0.46615439653396606,0.0
860,0.0,0.0,0.0,0.0,1.0,0.0,0.571988582611084,0.5540805459022522,0.573992133140564,0.5458075404167175,0.5190610289573669,0.45275068283081055,4.0
861,0.0,0.0,0.0,0.0,1.0,0.0,0.5721063017845154,0.5546855330467224,0.5754132270812988,0.546692430973053,0.5198281407356262,0.45940083265304565,1.0
862,0.0,0.0,0.0,0.0,1.0,0.0,0.5726881623268127,0.5545952320098877,0.5758538246154785,0.5482562780380249,0.5212276577949524,0.46638739109039307,0.0
863,0.0,0.0,0.0,0.0,1.0,0.0,0.572324812412262,0.5547391772270203,0.5744027495384216,0.5463589429855347,0.5198382139205933,0.45337823033332825,4.0
864,0.0,0.0,0.0,0.0,1.0,0.0,0.5720915198326111,0.5544002056121826,0.575447678565979,0.5468316078186035,0.5193451046943665,0.4590948522090912,2.0
865,0.0,0.0,0.0,0.0,1.0,0.0,0.5719949007034302,0.554192841053009,0.5753401517868042,0.5467142462730408,0.5192239880561829,0.4590686857700348,2.0
866,0.0,0.0,0.0,0.0,1.0,0.0,0.5718592405319214,0.5530498623847961,0.5746325254440308,0.5467286705970764,0.5139036178588867,0.4496510922908783,3.0
867,0.0,0.0,0.0,0.0,1.0,0.0,0.5720440745353699,0.5532837510108948,0.5751229524612427,0.5471698045730591,0.5196964144706726,0.46500107645988464,0.0
868,0.0,0.0,0.0,0.0,1.0,0.0,0.5723710060119629,0.5540996789932251,0.5752232074737549,0.5475528240203857,0.5151471495628357,0.4506939649581909,3.0
869,0.0,0.0,0.0,0.0,1.0,0.0,0.5722020268440247,0.5548517107963562,0.5755605101585388,0.5468357801437378,0.5199365615844727,0.45932236313819885,1.0
870,0.0,0.0,0.0,0.0,1.0,0.0,0.5717840790748596,0.553368330001831,0.5737304091453552,0.545242965221405,0.5180467963218689,0.4515133202075958,4.0
871,0.0,0.0,0.0,0.0,1.0,0.0,0.5730037093162537,0.555898129940033,0.576429009437561,0.5480504631996155,0.5208432078361511,0.4600113034248352,2.0
872,0.0,0.0,0.0,0.0,1.0,0.0,0.571811318397522,0.5530566573143005,0.5745880603790283,0.5467020869255066,0.5139735341072083,0.4498518705368042,3.0
873,0.0,0.0,0.0,0.0,1.0,0.0,0.5723577737808228,0.5538773536682129,0.5755276679992676,0.547631025314331,0.5202772617340088,0.46529489755630493,0.0
874,0.0,0.0,0.0,0.0,1.0,0.0,0.571474015712738,0.5535569190979004,0.5747342705726624,0.5457763075828552,0.5185552835464478,0.45849087834358215,1.0
875,0.0,0.0,0.0,0.0,1.0,0.0,0.5724595785140991,0.5543085932731628,0.5753436088562012,0.547726571559906,0.5154154896736145,0.4508856236934662,3.0
876,0.0,0.0,0.0,0.0,1.0,0.0,0.572176456451416,0.5544133186340332,0.5741891860961914,0.546105682849884,0.5194652080535889,0.4530678689479828,4.0
877,0.0,0.0,0.0,0.0,1.0,0.0,0.5721393823623657,0.5543721914291382,0.5741744041442871,0.5460090637207031,0.5193462371826172,0.4529403746128082,4.0
878,0.0,0.0,0.0,0.0,1.0,0.0,0.5717913508415222,0.5536304712295532,0.5737975239753723,0.5455172657966614,0.5186049938201904,0.452371746301651,4.0
879,0.0,0.0,0.0,0.0,1.0,0.0,0.5722052454948425,0.5537142157554626,0.5753099322319031,0.5474960803985596,0.5202370285987854,0.4656077027320862,0.0
880,0.0,0.0,0.0,0.0,1.0,0.0,0.572418212890625,0.5549905896186829,0.5744996070861816,0.5465527176856995,0.5201433897018433,0.45372530817985535,4.0
881,0.0,0.0,0.0,0.0,1.0,0.0,0.572493314743042,0.5542481541633606,0.5756666660308838,0.5479502081871033,0.5208125114440918,0.46594059467315674,0.0
882,0.0,0.0,0.0,0.0,1.0,0.0,0.5725341439247131,0.5544465780258179,0.5753751993179321,0.5478442311286926,0.5155991911888123,0.4511227607727051,3.0
883,0.0,0.0,0.0,0.0,1.0,0.0,0.5723752379417419,0.5538509488105774,0.5755147337913513,0.5476129651069641,0.5202513337135315,0.4653207063674927,0.0
884,0.0,0.0,0.0,0.0,1.0,0.0,0.5722019076347351,0.5539069771766663,0.5750346779823303,0.5474362969398499,0.5151058435440063,0.4509414732456207,3.0
885,0.0,0.0,0.0,0.0,1.0,0.0,0.5726361870765686,0.5546088218688965,0.5755509734153748,0.5479505062103271,0.5156949758529663,0.45096153020858765,3.0
886,0.0,0.0,0.0,0.0,1.0,0.0,0.5711328983306885,0.5530639886856079,0.5743067860603333,0.5454153418540955,0.5182293653488159,0.4586249589920044,1.0
887,0.0,0.0,0.0,0.0,1.0,0.0,0.5722755789756775,0.5547352433204651,0.5756920576095581,0.5471072793006897,0.5197228789329529,0.459342896938324,2.0
888,0.0,0.0,0.0,0.0,1.0,0.0,0.5723012089729309,0.5551852583885193,0.5756219029426575,0.5471243262290955,0.5205438137054443,0.46020594239234924,1.0
889,0.0,0.0,0.0,0.0,1.0,0.0,0.5731857419013977,0.5555883049964905,0.5764468312263489,0.5490103960037231,0.5222842693328857,0.4671386182308197,0.0
890,0.0,0.0,0.0,0.0,1.0,0.0,0.5720418095588684,0.5536398887634277,0.5748360753059387,0.5472070574760437,0.5148893594741821,0.4509032666683197,3.0
891,0.0,0.0,0.0,0.0,1.0,0.0,0.5723087191581726,0.5540098547935486,0.5754228234291077,0.5477803945541382,0.5206543803215027,0.4660772681236267,0.0
892,0.0,0.0,0.0,0.0,1.0,0.0,0.5731431841850281,0.5566132664680481,0.5765814185142517,0.5482956171035767,0.521941602230072,0.4610280990600586,1.0
893,0.0,0.0,0.0,0.0,1.0,0.0,0.5715442299842834,0.5536175966262817,0.5748494267463684,0.5462722778320312,0.5187917947769165,0.4591183364391327,2.0
894,0.0,0.0,0.0,0.0,1.0,0.0,0.5720930695533752,0.553545355796814,0.5749096870422363,0.5471001863479614,0.5145029425621033,0.4501935541629791,3.0
895,0.0,0.0,0.0,0.0,1.0,0.0,0.5720598697662354,0.5542609691619873,0.5740621089935303,0.5459975004196167,0.5193583965301514,0.4531254470348358,4.0
896,0.0,0.0,0.0,0.0,1.0,0.0,0.5719087719917297,0.5541086196899414,0.5739462375640869,0.5458635091781616,0.5192499160766602,0.4531667232513428,4.0
897,0.0,0.0,0.0,0.0,1.0,0.0,0.5722288489341736,0.5548649430274963,0.5756281018257141,0.547286331653595,0.5201201438903809,0.460019588470459,2.0
898,0.0,0.0,0.0,0.0,1.0,0.0,0.5719249844551086,0.5534144043922424,0.5747488141059875,0.547014594078064,0.5145182609558105,0.4504600763320923,3.0
899,0.0,0.0,0.0,0.0,1.0,0.0,0.5728937983512878,0.5552505254745483,0.575824499130249,0.5484785437583923,0.5165666937828064,0.4518432021141052,3.0
900,0.0,0.0,0.0,0.0,1.0,0.0,0.5717508792877197,0.5542965531349182,0.575043261051178,0.546367347240448,0.5195525288581848,0.45946094393730164,1.0
901,0.0,0.0,0.0,1.0,1.0,0.0,0.5726696252822876,0.5552577376365662,0.5760846138000488,0.5475260019302368,0.5201762318611145,0.4595155119895935,2.0
902,0.0,0.0,0.0,0.0,1.0,0.0,0.5718152523040771,0.554388165473938,0.5751194953918457,0.5464970469474792,0.5197514295578003,0.459725022315979,1.0
903,0.0,0.0,0.0,0.0,1.0,0.0,0.5719435811042786,0.5531776547431946,0.5750170946121216,0.5470713376998901,0.5195890069007874,0.46503180265426636,0.0
904,0.0,0.0,0.0,1.0,1.0,0.0,0.5719142556190491,0.5538865327835083,0.5752215385437012,0.5464594960212708,0.5187023282051086,0.458411306142807,2.0
905,0.0,0.0,0.0,0.0,1.0,0.0,0.5716028809547424,0.553544282913208,0.57491534948349,0.5462160110473633,0.5185382962226868,0.458539217710495,2.0
906,0.0,0.0,0.0,0.0,1.0,0.0,0.5723615288734436,0.5552033185958862,0.575710654258728,0.5471169948577881,0.5204020738601685,0.4598347842693329,1.0
907,0.0,0.0,0.0,0.0,1.0,0.0,0.5728074312210083,0.5546494126319885,0.5759899616241455,0.5482223629951477,0.5210801362991333,0.4659680128097534,0.0
908,0.0,0.0,0.0,0.0,1.0,0.0,0.5723856091499329,0.5540669560432434,0.5752133727073669,0.5475528240203857,0.5151291489601135,0.4506576359272003,3.0
909,0.0,0.0,0.0,0.0,1.0,0.0,0.5723092555999756,0.5548664927482605,0.5757181644439697,0.547239363193512,0.5199424028396606,0.4596250653266907,2.0
910,0.0,0.0,0.0,0.0,1.0,0.0,0.5726019740104675,0.5553741455078125,0.5760528445243835,0.5476756691932678,0.5205475687980652,0.46011510491371155,2.0
911,0.0,0.0,0.0,0.0,1.0,0.0,0.5727130174636841,0.5550076961517334,0.5747988224029541,0.5466005206108093,0.5198085308074951,0.4527232050895691,4.0
912,0.0,0.0,0.0,0.0,1.0,0.0,0.5735054612159729,0.5559712648391724,0.5764991641044617,0.5491142868995667,0.5170450806617737,0.4515361487865448,3.0
913,0.0,0.0,0.0,0.0,1.0,0.0,0.5735583305358887,0.5558566451072693,0.5768470764160156,0.5492578148841858,0.5222340822219849,0.4664881229400635,0.0
914,0.0,0.0,0.0,0.0,1.0,0.0,0.5726296901702881,0.5550627112388611,0.5760230422019958,0.5473900437355042,0.5198884606361389,0.45912355184555054,2.0
915,0.0,0.0,0.0,0.0,1.0,0.0,0.5722283720970154,0.554830014705658,0.5755561590194702,0.5467840433120728,0.5198371410369873,0.4592028856277466,1.0
916,0.0,0.0,0.0,0.0,1.0,0.0,0.5714523792266846,0.55374675989151,0.5746729373931885,0.5459969639778137,0.5190441012382507,0.459260493516922,1.0
917,0.0,0.0,0.0,0.0,1.0,0.0,0.571845293045044,0.5538095831871033,0.5751628875732422,0.5463567972183228,0.5186309218406677,0.45841333270072937,2.0
918,0.0,0.0,0.0,0.0,1.0,0.0,0.5722026824951172,0.5538185238838196,0.5749844312667847,0.5473735332489014,0.5149222016334534,0.45064908266067505,3.0
919,0.0,0.0,0.0,0.0,1.0,0.0,0.5721319913864136,0.5536383390426636,0.5749461650848389,0.547193169593811,0.5146569609642029,0.45039308071136475,3.0
920,0.0,0.0,0.0,0.0,1.0,0.0,0.571132481098175,0.5525457859039307,0.5730567574501038,0.5446656942367554,0.5175594687461853,0.4518648386001587,4.0
921,0.0,0.0,0.0,0.0,1.0,0.0,0.5717594623565674,0.5540143251419067,0.5750612616539001,0.5466178059577942,0.5193054676055908,0.4595879018306732,2.0
922,0.0,0.0,0.0,0.0,1.0,0.0,0.572337806224823,0.5551337003707886,0.5757797956466675,0.547485888004303,0.5205168724060059,0.4604654610157013,2.0
923,0.0,0.0,0.0,1.0,1.0,0.0,0.572614312171936,0.5556519031524658,0.5759875774383545,0.5474454760551453,0.5208945274353027,0.4602622389793396,1.0
924,0.0,0.0,0.0,0.0,1.0,0.0,0.5717118382453918,0.5528308749198914,0.574443519115448,0.5465169548988342,0.5137676000595093,0.4498273432254791,3.0
925,0.0,0.0,0.0,0.0,1.0,0.0,0.5718921422958374,0.5543350577354431,0.5751556158065796,0.5464374423027039,0.5195313692092896,0.459329217672348,1.0
926,0.0,0.0,0.0,0.0,1.0,0.0,0.5718817710876465,0.5530663132667542,0.5749635100364685,0.5469985604286194,0.5194641947746277,0.4650110602378845,0.0
927,0.0,0.0,0.0,0.0,1.0,0.0,0.5722178816795349,0.5538241863250732,0.5753425359725952,0.5476268529891968,0.5204591751098633,0.4659113883972168,0.0
928,0.0,0.0,0.0,0.0,1.0,0.0,0.5725241899490356,0.5541520118713379,0.575350284576416,0.547582745552063,0.5150116086006165,0.45024576783180237,3.0
929,0.0,0.0,0.0,0.0,1.0,0.0,0.5724077224731445,0.5540059208869934,0.5755587220191956,0.5477549433708191,0.520449697971344,0.46554598212242126,0.0
930,0.0,0.0,0.0,0.0,1.0,0.0,0.5723848342895508,0.5541611909866333,0.575532078742981,0.5478867292404175,0.5207760334014893,0.46613240242004395,0.0
931,0.0,0.0,0.0,0.0,1.0,0.0,0.5722182393074036,0.5549477338790894,0.5755307674407959,0.5469103455543518,0.5201656222343445,0.45981714129447937,1.0
932,0.0,0.0,0.0,0.0,1.0,0.0,0.5725573897361755,0.554297924041748,0.5757077932357788,0.547995388507843,0.5207865834236145,0.4658759534358978,0.0
933,0.0,0.0,0.0,0.0,1.0,0.0,0.5716996192932129,0.5529097318649292,0.5744224190711975,0.5466572046279907,0.5140248537063599,0.45021694898605347,3.0
934,0.0,0.0,0.0,0.0,1.0,0.0,0.5717913508415222,0.5530079007148743,0.5745492577552795,0.5466727018356323,0.5139682292938232,0.44997352361679077,3.0
935,0.0,0.0,0.0,0.0,1.0,0.0,0.5723190307617188,0.5549420118331909,0.5757109522819519,0.5473136305809021,0.5201048254966736,0.4599094092845917,2.0
936,0.0,0.0,0.0,0.0,1.0,0.0,0.571442723274231,0.552924633026123,0.5746740698814392,0.5456759929656982,0.5176414847373962,0.4576462507247925,2.0
937,0.0,0.0,0.0,0.0,1.0,0.0,0.5721278190612793,0.5534091591835022,0.575236976146698,0.5472548604011536,0.519801139831543,0.4650602638721466,0.0
938,0.0,0.0,0.0,0.0,1.0,0.0,0.572636067867279,0.5554054975509644,0.576067328453064,0.5476651787757874,0.5204877853393555,0.45992767810821533,2.0
939,0.0,0.0,0.0,0.0,1.0,0.0,0.5722978711128235,0.5550352931022644,0.5757109522819519,0.5474058389663696,0.52037513256073,0.46034201979637146,2.0
940,0.0,0.0,0.0,0.0,1.0,0.0,0.572577714920044,0.5544161796569824,0.5757650136947632,0.5481124520301819,0.5210188031196594,0.4662005603313446,0.0
941,0.0,0.0,0.0,0.0,1.0,0.0,0.5720804929733276,0.5547254085540771,0.5754095911979675,0.5467690825462341,0.5199535489082336,0.459660142660141,1.0
942,0.0,0.0,0.0,0.0,1.0,0.0,0.5715444087982178,0.5538166165351868,0.5748065114021301,0.54600590467453,0.518989622592926,0.45903292298316956,1.0
943,0.0,0.0,0.0,0.0,1.0,0.0,0.572302520275116,0.5551037788391113,0.575721800327301,0.5474326014518738,0.5204766392707825,0.46049758791923523,2.0
944,0.0,0.0,0.0,0.0,1.0,0.0,0.5728833079338074,0.5548747777938843,0.5760859251022339,0.5484048128128052,0.5213403701782227,0.46616166830062866,0.0
945,0.0,0.0,0.0,0.0,1.0,0.0,0.571990966796875,0.5535171031951904,0.5747946500778198,0.5471078157424927,0.5146516561508179,0.45058900117874146,3.0
946,0.0,0.0,0.0,0.0,1.0,0.0,0.5718756914138794,0.5540887117385864,0.5752193331718445,0.5466209650039673,0.5191721320152283,0.4591482877731323,2.0
947,0.0,0.0,0.0,0.0,1.0,0.0,0.5721505284309387,0.5537985563278198,0.5749795436859131,0.5473422408103943,0.5149279832839966,0.45069220662117004,3.0
948,0.0,0.0,0.0,0.0,1.0,0.0,0.5727604031562805,0.5548059344291687,0.5759643316268921,0.5484121441841125,0.5215122103691101,0.4666469991207123,0.0
949,0.0,0.0,0.0,0.0,1.0,0.0,0.5724917054176331,0.5543198585510254,0.5756643414497375,0.5480213761329651,0.5209584832191467,0.46628469228744507,0.0
950,0.0,0.0,0.0,0.0,1.0,0.0,0.5721260905265808,0.5543504357337952,0.5754950642585754,0.5468405485153198,0.5192737579345703,0.45897623896598816,2.0
951,0.0,0.0,0.0,0.0,1.0,0.0,0.5725188255310059,0.5554643273353577,0.5759441256523132,0.5477360486984253,0.5208045840263367,0.46063292026519775,2.0
952,0.0,0.0,0.0,0.0,1.0,0.0,0.5719075798988342,0.5542758703231812,0.5751799941062927,0.5463835597038269,0.5193514823913574,0.459018737077713,1.0
953,0.0,0.0,0.0,0.0,1.0,0.0,0.5717440247535706,0.5529987812042236,0.5745037794113159,0.546696126461029,0.514045000076294,0.4501843750476837,3.0
954,0.0,0.0,0.0,0.0,1.0,0.0,0.5715922117233276,0.5532054305076599,0.5735795497894287,0.5451772809028625,0.5180848836898804,0.45191460847854614,4.0
955,0.0,0.0,0.0,0.0,1.0,0.0,0.57192462682724,0.5539132356643677,0.5739294290542603,0.5457190275192261,0.5189007520675659,0.4526081085205078,4.0
956,0.0,0.0,0.0,0.0,1.0,0.0,0.5722087621688843,0.5546106696128845,0.5742594599723816,0.5462712049484253,0.5197895169258118,0.4535103440284729,4.0
957,0.0,0.0,0.0,0.0,1.0,0.0,0.5717682838439941,0.5534675717353821,0.5737349390983582,0.5453675389289856,0.5183171629905701,0.45194271206855774,4.0
958,0.0,0.0,0.0,0.0,1.0,0.0,0.5725104212760925,0.5545444488525391,0.5753886103630066,0.5479496717453003,0.5157955288887024,0.4513827860355377,3.0
959,0.0,0.0,0.0,0.0,1.0,0.0,0.5725454092025757,0.5549828410148621,0.5746065974235535,0.5465514063835144,0.5199905633926392,0.453374445438385,4.0
960,0.0,0.0,0.0,0.0,1.0,0.0,0.5725139379501343,0.5551923513412476,0.5746058821678162,0.5467339158058167,0.5204258561134338,0.4540477395057678,4.0
961,0.0,0.0,0.0,0.0,1.0,0.0,0.5718656778335571,0.5544371008872986,0.5751530528068542,0.5465075373649597,0.5197291970252991,0.45970502495765686,1.0
962,0.0,0.0,0.0,0.0,1.0,0.0,0.5716379284858704,0.5525885224342346,0.5746737122535706,0.5466742515563965,0.5190874934196472,0.46484604477882385,0.0
963,0.0,0.0,0.0,0.0,1.0,0.0,0.5717557072639465,0.5542622804641724,0.5750692486763,0.546363890171051,0.5195170640945435,0.4594985842704773,1.0
964,0.0,0.0,0.0,0.0,1.0,0.0,0.5727789402008057,0.5546771883964539,0.5759565830230713,0.5483216047286987,0.5212070345878601,0.46616825461387634,0.0
965,0.0,0.0,0.0,0.0,1.0,0.0,0.5729566812515259,0.555131733417511,0.5761814117431641,0.5487149953842163,0.5218289494514465,0.46688610315322876,0.0
966,0.0,0.0,0.0,0.0,1.0,0.0,0.571730375289917,0.5537436008453369,0.575056791305542,0.5463026762008667,0.5186446905136108,0.45866426825523376,2.0
967,0.0,0.0,0.0,0.0,1.0,0.0,0.5727418065071106,0.5550445914268494,0.575667142868042,0.5483205318450928,0.5164084434509277,0.45189371705055237,3.0
968,0.0,0.0,0.0,0.0,1.0,0.0,0.5725037455558777,0.5552439093589783,0.575930118560791,0.547557532787323,0.5204163789749146,0.46007388830184937,2.0
969,0.0,0.0,0.0,0.0,1.0,0.0,0.5725159645080566,0.5550714135169983,0.5745838284492493,0.5466319918632507,0.5202227234840393,0.45377427339553833,4.0
970,0.0,0.0,0.0,0.0,1.0,0.0,0.5725920796394348,0.5545895099639893,0.5754746198654175,0.5479733347892761,0.515754759311676,0.451190322637558,3.0
971,0.0,0.0,0.0,0.0,1.0,0.0,0.572895348072052,0.5553991794586182,0.5750163197517395,0.5469379425048828,0.5202666521072388,0.45318639278411865,4.0
972,0.0,0.0,0.0,0.0,1.0,0.0,0.5723843574523926,0.5545030832290649,0.5744439363479614,0.5461545586585999,0.5192647576332092,0.4523722231388092,4.0
973,0.0,0.0,0.0,0.0,1.0,0.0,0.5718221068382263,0.5543237328529358,0.5750864148139954,0.5464553236961365,0.519656777381897,0.45960134267807007,1.0
974,0.0,0.0,0.0,0.0,1.0,0.0,0.5717441439628601,0.5526142120361328,0.5747765302658081,0.5466611385345459,0.5188806653022766,0.46428579092025757,0.0
975,0.0,0.0,0.0,0.0,1.0,0.0,0.571967363357544,0.5539891719818115,0.5739998817443848,0.545772910118103,0.5189393758773804,0.4526571035385132,4.0
976,0.0,0.0,0.0,0.0,1.0,0.0,0.5722046494483948,0.5535903573036194,0.5753223896026611,0.5474393963813782,0.5200408101081848,0.4652687609195709,0.0
977,0.0,0.0,0.0,0.0,1.0,0.0,0.5718635320663452,0.5530490875244141,0.5746228098869324,0.5467357635498047,0.5139878392219543,0.4498841464519501,3.0
978,0.0,0.0,0.0,0.0,1.0,0.0,0.5721003413200378,0.554819643497467,0.5754292607307434,0.5468074679374695,0.5200852155685425,0.4598088264465332,1.0
979,0.0,0.0,0.0,0.0,1.0,0.0,0.5726302266120911,0.5543928742408752,0.5758007168769836,0.5481124520301819,0.5209510326385498,0.4660875201225281,0.0
980,0.0,0.0,0.0,0.0,1.0,0.0,0.5718210339546204,0.5537592768669128,0.5738182067871094,0.5455918908119202,0.5187981128692627,0.4526638984680176,4.0
981,0.0,0.0,0.0,0.0,1.0,0.0,0.5719414353370667,0.5544266104698181,0.5752971172332764,0.5469174385070801,0.5197588205337524,0.4599512815475464,2.0
982,0.0,0.0,0.0,0.0,1.0,0.0,0.5720643997192383,0.5545358061790466,0.5754280686378479,0.5470127463340759,0.5198191404342651,0.4599094092845917,2.0
983,0.0,0.0,0.0,0.0,1.0,0.0,0.5730084180831909,0.5552902817726135,0.5759956240653992,0.5485391020774841,0.5164867043495178,0.4515383839607239,3.0
984,0.0,0.0,0.0,0.0,1.0,0.0,0.5730534791946411,0.5560578107833862,0.5765151977539062,0.5482043027877808,0.5211864709854126,0.4605032503604889,2.0
985,0.0,0.0,0.0,0.0,1.0,0.0,0.5725499391555786,0.5553240776062012,0.5760088562965393,0.5476520657539368,0.5204893350601196,0.4600549638271332,2.0
986,0.0,0.0,0.0,0.0,1.0,0.0,0.5724117159843445,0.5553773045539856,0.5757842063903809,0.5472466945648193,0.520675539970398,0.46026870608329773,1.0
987,0.0,0.0,0.0,0.0,1.0,0.0,0.5729652047157288,0.5559136271476746,0.576438844203949,0.5481150150299072,0.5210351943969727,0.4602726399898529,2.0
988,0.0,0.0,0.0,0.0,1.0,0.0,0.5726084113121033,0.5542463064193726,0.5758048892021179,0.5479381680488586,0.5205776691436768,0.46546661853790283,0.0
989,0.0,0.0,0.0,1.0,1.0,0.0,0.572547197341919,0.5543007254600525,0.5753883719444275,0.547706663608551,0.5152677893638611,0.4505656659603119,3.0
990,0.0,0.0,0.0,0.0,1.0,0.0,0.5719617009162903,0.5531051158905029,0.5750323534011841,0.5470996499061584,0.5195488333702087,0.46498429775238037,0.0
991,0.0,0.0,0.0,0.0,1.0,0.0,0.5719507932662964,0.5541179776191711,0.5739550590515137,0.5459226369857788,0.5193213224411011,0.45325765013694763,4.0
992,0.0,0.0,0.0,0.0,1.0,0.0,0.5723791718482971,0.5547993779182434,0.5744439363479614,0.5464164018630981,0.5198144316673279,0.453286737203598,4.0
993,0.0,0.0,0.0,0.0,1.0,0.0,0.5724498629570007,0.5551707148551941,0.5758910775184631,0.5475195050239563,0.5204120874404907,0.4601994752883911,2.0
994,0.0,0.0,0.0,0.0,1.0,0.0,0.5719540119171143,0.5541247725486755,0.575298547744751,0.5466070771217346,0.5190340876579285,0.4588504135608673,2.0
995,0.0,0.0,0.0,0.0,1.0,0.0,0.5728423595428467,0.5556848645210266,0.575020968914032,0.5471721291542053,0.5208522081375122,0.4540857672691345,4.0
996,0.0,0.0,0.0,0.0,1.0,0.0,0.5729177594184875,0.5558916926383972,0.5751402974128723,0.5472874045372009,0.520991325378418,0.4541589319705963,4.0
997,0.0,0.0,0.0,0.0,1.0,0.0,0.5725690126419067,0.5554037690162659,0.5760191679000854,0.547700047492981,0.5206384658813477,0.46030518412590027,2.0
998,0.0,0.0,0.0,0.0,1.0,0.0,0.5714571475982666,0.5536859631538391,0.5747308135032654,0.5459142327308655,0.5188949108123779,0.45897001028060913,1.0
999,0.0,0.0,0.0,0.0,0.0,1.0,0.573524534702301,0.5570313334465027,0.5771310329437256,0.549031138420105,0.5221737027168274,0.4610907733440399,2.0
1000,0.0,0.0,0.0,0.0,0.0,1.0,0.572492241859436,0.5556318759918213,0.5759283304214478,0.5475031733512878,0.520984411239624,0.46054139733314514,1.0
1001,0.0,0.0,0.0,0.0,0.0,1.0,0.5728466510772705,0.5549035668373108,0.5761050581932068,0.5484987497329712,0.5214915871620178,0.46642205119132996,0.0
1002,0.0,0.0,0.0,0.0,0.0,1.0,0.573483943939209,0.5569493770599365,0.5770979523658752,0.5489403605461121,0.5221134424209595,0.4610757827758789,2.0
1003,0.0,0.0,0.0,0.0,0.0,1.0,0.5727500319480896,0.5557618141174316,0.5762364864349365,0.5479596257209778,0.5209510326385498,0.46049076318740845,2.0
1004,0.0,0.0,0.0,0.0,0.0,1.0,0.5727928280830383,0.5560790300369263,0.5762308239936829,0.5478273630142212,0.521349310874939,0.4606564939022064,1.0
1005,0.0,0.0,0.0,0.0,0.0,1.0,0.5723016262054443,0.5551427602767944,0.5756407976150513,0.5470978617668152,0.5203846096992493,0.4599333703517914,1.0
1006,0.0,0.0,0.0,0.0,0.0,1.0,0.5726225972175598,0.5553587079048157,0.5760722160339355,0.5475992560386658,0.5204031467437744,0.459821492433548,2.0
1007,0.0,0.0,0.0,0.0,0.0,1.0,0.5735701322555542,0.5571367740631104,0.5771889686584473,0.549078643321991,0.5222715735435486,0.46116045117378235,2.0
1008,0.0,0.0,0.0,0.0,0.0,1.0,0.572718620300293,0.5554100275039673,0.5748575925827026,0.5469151139259338,0.5205004215240479,0.4537791311740875,4.0
1009,0.0,0.0,0.0,0.0,0.0,1.0,0.5729264616966248,0.5560060143470764,0.5764256715774536,0.5482008457183838,0.5212239623069763,0.4606497585773468,2.0
1010,0.0,0.0,0.0,0.0,0.0,1.0,0.5729554891586304,0.5550079941749573,0.5762142539024353,0.5485879778862,0.5214836597442627,0.4662916958332062,0.0
1011,0.0,0.0,0.0,0.0,0.0,1.0,0.572765588760376,0.5555495023727417,0.5749207735061646,0.5470075011253357,0.5206406116485596,0.4538973271846771,4.0
1012,0.0,0.0,0.0,0.0,0.0,1.0,0.5728634595870972,0.555584728717804,0.575021505355835,0.5470789074897766,0.5206818580627441,0.45383667945861816,4.0
1013,0.0,0.0,0.0,0.0,0.0,1.0,0.5725536942481995,0.5553590059280396,0.5760062336921692,0.5476415157318115,0.5204909443855286,0.46007126569747925,2.0
1014,0.0,0.0,0.0,0.0,0.0,1.0,0.5721948146820068,0.5550281405448914,0.5755708813667297,0.5469781160354614,0.5202946662902832,0.45994940400123596,1.0
1015,0.0,0.0,0.0,0.0,0.0,1.0,0.5724000930786133,0.5548568964004517,0.5745022296905518,0.5465033650398254,0.519960343837738,0.45339855551719666,4.0
1016,0.0,0.0,0.0,0.0,0.0,1.0,0.5730663537979126,0.5561551451683044,0.5752713680267334,0.5475162863731384,0.5213403701782227,0.45442163944244385,4.0
1017,0.0,0.0,0.0,0.0,0.0,1.0,0.5731553435325623,0.5554714202880859,0.5764737725257874,0.5489510893821716,0.5220325589179993,0.46679019927978516,0.0
1018,0.0,0.0,0.0,0.0,0.0,1.0,0.5724445581436157,0.5554054975509644,0.5758247971534729,0.5472845435142517,0.5206342339515686,0.4600740671157837,1.0
1019,0.0,0.0,0.0,0.0,0.0,1.0,0.5725581049919128,0.5544412732124329,0.5754199624061584,0.5478578209877014,0.5155536532402039,0.45096784830093384,3.0
1020,0.0,0.0,0.0,0.0,0.0,1.0,0.5738764405250549,0.5575928688049316,0.5761785507202148,0.5487341284751892,0.5229383111000061,0.45573076605796814,4.0
1021,0.0,0.0,0.0,0.0,0.0,1.0,0.5728205442428589,0.5556173920631409,0.5749546885490417,0.5470804572105408,0.5207813382148743,0.45409974455833435,4.0
1022,0.0,0.0,0.0,0.0,0.0,1.0,0.5717521905899048,0.5540695786476135,0.5750877857208252,0.5466364622116089,0.5193726420402527,0.45965293049812317,2.0
1023,0.0,0.0,0.0,0.0,0.0,1.0,0.5735844969749451,0.5561839938163757,0.5769562721252441,0.5495012402534485,0.5226845145225525,0.46712809801101685,0.0
1024,0.0,0.0,0.0,0.0,0.0,1.0,0.5720162987709045,0.5535804629325867,0.5748031735420227,0.5471500754356384,0.5147215723991394,0.4507179260253906,3.0
1025,0.0,0.0,0.0,0.0,0.0,1.0,0.5721684098243713,0.5536443591117859,0.5753018856048584,0.5474680066108704,0.520133912563324,0.46547189354896545,0.0
1026,0.0,0.0,0.0,0.0,0.0,1.0,0.5723978281021118,0.5542352795600891,0.5752402544021606,0.5476793050765991,0.5153810977935791,0.45094263553619385,3.0
1027,0.0,0.0,0.0,0.0,0.0,1.0,0.5727649331092834,0.5545742511749268,0.5759526491165161,0.548204779624939,0.52097487449646,0.465840607881546,0.0
1028,0.0,0.0,0.0,0.0,0.0,1.0,0.5730516910552979,0.5562123656272888,0.5752167105674744,0.5476121306419373,0.521588921546936,0.45493173599243164,4.0
1029,0.0,0.0,0.0,0.0,0.0,1.0,0.5734876990318298,0.5559747219085693,0.5767999887466431,0.5493818521499634,0.5225528478622437,0.46711966395378113,0.0
1030,0.0,0.0,0.0,0.0,0.0,1.0,0.5727194547653198,0.5549901723861694,0.5756443738937378,0.5482890605926514,0.5163417458534241,0.4517878592014313,3.0
1031,0.0,0.0,0.0,0.0,0.0,1.0,0.5720953941345215,0.5536736845970154,0.5748772621154785,0.5472298860549927,0.514863908290863,0.4508747160434723,3.0
1032,0.0,0.0,0.0,0.0,0.0,1.0,0.5720999836921692,0.5537186861038208,0.5748997926712036,0.547286331653595,0.5149835348129272,0.4509666860103607,3.0
1033,0.0,0.0,0.0,0.0,0.0,1.0,0.5719872117042542,0.5532913208007812,0.5750492215156555,0.5471723675727844,0.519817590713501,0.4653566777706146,0.0
1034,0.0,0.0,0.0,0.0,0.0,1.0,0.5719314813613892,0.5546878576278687,0.5752584338188171,0.5467459559440613,0.5201714038848877,0.4602406919002533,1.0
1035,0.0,0.0,0.0,0.0,0.0,1.0,0.5725398063659668,0.5545028448104858,0.575413703918457,0.5479066967964172,0.5157351493835449,0.4512709081172943,3.0
1036,0.0,0.0,0.0,0.0,0.0,1.0,0.5716608762741089,0.5539182424545288,0.574881911277771,0.5460959672927856,0.5190494060516357,0.4589960277080536,1.0
1037,0.0,0.0,0.0,0.0,0.0,1.0,0.5716590285301208,0.5538344383239746,0.574897825717926,0.5459785461425781,0.5188536643981934,0.45870599150657654,1.0
1038,0.0,0.0,0.0,0.0,0.0,1.0,0.5718042254447937,0.553841233253479,0.5737900733947754,0.5456622838973999,0.5189743041992188,0.45297276973724365,4.0
1039,0.0,0.0,0.0,0.0,0.0,1.0,0.571684718132019,0.5535113215446472,0.5736561417579651,0.545432448387146,0.5185859799385071,0.45252636075019836,4.0
1040,0.0,0.0,0.0,0.0,0.0,1.0,0.5719278454780579,0.5539590716362,0.57527756690979,0.546491265296936,0.5187664031982422,0.4584487974643707,2.0
1041,0.0,0.0,0.0,0.0,0.0,1.0,0.5726457834243774,0.554560661315918,0.5758242607116699,0.5481908917427063,0.5211393237113953,0.46630313992500305,0.0
1042,0.0,0.0,0.0,0.0,0.0,1.0,0.5714201927185059,0.5524787902832031,0.5741097331047058,0.5463389158248901,0.5136680603027344,0.4502667486667633,3.0
1043,0.0,0.0,0.0,0.0,0.0,1.0,0.5722795724868774,0.5552497506141663,0.5756262540817261,0.5471813082695007,0.5206384658813477,0.460429847240448,1.0
1044,0.0,0.0,0.0,0.0,0.0,1.0,0.5715541839599609,0.5536917448043823,0.5747652649879456,0.5459005236625671,0.5187965631484985,0.45882201194763184,1.0
1045,0.0,0.0,0.0,0.0,0.0,1.0,0.5726322531700134,0.5553620457649231,0.5747799277305603,0.5468969941139221,0.5205607414245605,0.45406267046928406,4.0
1046,0.0,0.0,0.0,0.0,0.0,1.0,0.571810781955719,0.55308997631073,0.5745916962623596,0.5468352437019348,0.5141810774803162,0.4502112567424774,3.0
1047,0.0,0.0,0.0,0.0,0.0,1.0,0.5718963146209717,0.5546014904975891,0.5751887559890747,0.5466564297676086,0.520051896572113,0.4600578844547272,1.0
1048,0.0,0.0,0.0,0.0,0.0,1.0,0.5730279684066772,0.5554865598678589,0.5760225057601929,0.5487057566642761,0.5168212056159973,0.4519669711589813,3.0
1049,0.0,0.0,0.0,0.0,0.0,1.0,0.571843683719635,0.5531930923461914,0.5746084451675415,0.546863317489624,0.5142768621444702,0.4503384828567505,3.0
1050,0.0,0.0,0.0,0.0,0.0,1.0,0.5720481872558594,0.5548704266548157,0.5753710269927979,0.5468977689743042,0.5203095078468323,0.46022167801856995,1.0
1051,0.0,0.0,0.0,0.0,0.0,1.0,0.5722785592079163,0.5546783208847046,0.574362576007843,0.5463358163833618,0.5197789072990417,0.45340660214424133,4.0
1052,0.0,0.0,0.0,0.0,0.0,1.0,0.5723443031311035,0.5549997687339783,0.5757704377174377,0.5473792552947998,0.5202381014823914,0.46000978350639343,2.0
1053,0.0,0.0,0.0,0.0,0.0,1.0,0.5726208686828613,0.5544795393943787,0.5757885575294495,0.5481449961662292,0.5210478901863098,0.4661155045032501,0.0
1054,0.0,0.0,0.0,0.0,0.0,1.0,0.5726810097694397,0.555950939655304,0.5760990977287292,0.5477108359336853,0.5213096737861633,0.46078887581825256,1.0
1055,0.0,0.0,0.0,0.0,0.0,1.0,0.572089433670044,0.5536956787109375,0.5752174854278564,0.5475186705589294,0.5203872323036194,0.4659578204154968,0.0
1056,0.0,0.0,0.0,0.0,0.0,1.0,0.572479248046875,0.5555852055549622,0.5758693218231201,0.547482430934906,0.5209643244743347,0.4605182409286499,1.0
1057,0.0,0.0,0.0,0.0,0.0,1.0,0.5731293559074402,0.5552393198013306,0.5763620138168335,0.5487821102142334,0.5217364430427551,0.4664613604545593,0.0
1058,0.0,0.0,0.0,0.0,0.0,1.0,0.5721021294593811,0.5545476078987122,0.5754770636558533,0.5470332503318787,0.5197381973266602,0.4596717059612274,2.0
1059,0.0,0.0,0.0,0.0,0.0,1.0,0.5718667507171631,0.5537635087966919,0.5739157795906067,0.5456467866897583,0.5186896324157715,0.45233139395713806,4.0
1060,0.0,0.0,0.0,0.0,0.0,1.0,0.5712687373161316,0.55263751745224,0.5731725096702576,0.5447151064872742,0.5174970030784607,0.45153993368148804,4.0
1061,0.0,0.0,0.0,0.0,0.0,1.0,0.572211742401123,0.5535191893577576,0.5753210783004761,0.5473409295082092,0.5198947787284851,0.46511533856391907,0.0
1062,0.0,0.0,0.0,0.0,0.0,1.0,0.5718830823898315,0.5533219575881958,0.5746706128120422,0.5469691753387451,0.5144578814506531,0.4505191147327423,3.0
1063,0.0,0.0,0.0,0.0,0.0,1.0,0.5730752348899841,0.5556315183639526,0.5760538578033447,0.5488383173942566,0.517069935798645,0.45232340693473816,3.0
1064,0.0,0.0,0.0,0.0,0.0,1.0,0.572231113910675,0.5545855760574341,0.5756115317344666,0.5469930768013,0.519483208656311,0.4590401351451874,2.0
1065,0.0,0.0,0.0,0.0,0.0,1.0,0.5723897218704224,0.5540457367897034,0.5752162337303162,0.5475023984909058,0.5150021314620972,0.4504750669002533,3.0
1066,0.0,0.0,0.0,0.0,0.0,1.0,0.5720374584197998,0.5544447302818298,0.5740650296211243,0.5461808443069458,0.5197466611862183,0.45374101400375366,4.0
1067,0.0,0.0,0.0,0.0,0.0,1.0,0.5725932717323303,0.5556128025054932,0.5759819149971008,0.5474719405174255,0.5208389163017273,0.4602120816707611,1.0
1068,0.0,0.0,0.0,0.0,0.0,1.0,0.5721349120140076,0.5534397959709167,0.5752503871917725,0.5473435521125793,0.5198767781257629,0.46517056226730347,0.0
1069,0.0,0.0,0.0,0.0,0.0,1.0,0.5722872614860535,0.5543753504753113,0.5743488669395447,0.5460237860679626,0.5191071033477783,0.4522983729839325,4.0
1070,0.0,0.0,0.0,0.0,0.0,1.0,0.5726355314254761,0.5551249384880066,0.5747457146644592,0.5466992259025574,0.520127534866333,0.45335298776626587,4.0
1071,0.0,0.0,0.0,0.0,0.0,1.0,0.5721499919891357,0.5548559427261353,0.5754556655883789,0.5468378663063049,0.5200889110565186,0.45972493290901184,1.0
1072,0.0,0.0,0.0,0.0,0.0,1.0,0.5728276371955872,0.5559879541397095,0.5763583779335022,0.5482006072998047,0.5212963819503784,0.46087485551834106,2.0
1073,0.0,0.0,0.0,0.0,0.0,1.0,0.5725021958351135,0.5552576184272766,0.5758807063102722,0.5471792221069336,0.5202613472938538,0.45944011211395264,1.0
1074,0.0,0.0,0.0,0.0,0.0,1.0,0.5722714066505432,0.5538498759269714,0.5750986933708191,0.5473499298095703,0.5148162841796875,0.45036250352859497,3.0
1075,0.0,0.0,0.0,0.0,0.0,1.0,0.5721096992492676,0.5533743500709534,0.575245201587677,0.5472409129142761,0.5197038054466248,0.46492329239845276,0.0
1076,0.0,0.0,0.0,0.0,0.0,1.0,0.571769654750824,0.5534549951553345,0.5737723708152771,0.5453407168388367,0.5182150602340698,0.4518345296382904,4.0
1077,0.0,0.0,0.0,0.0,0.0,1.0,0.5720174312591553,0.554176390171051,0.5740335583686829,0.545924723148346,0.5192133784294128,0.4529533386230469,4.0
1078,0.0,0.0,0.0,0.0,0.0,1.0,0.5717301964759827,0.5526042580604553,0.5747847557067871,0.5466322898864746,0.5188531279563904,0.46422094106674194,0.0
1079,0.0,0.0,0.0,0.0,0.0,1.0,0.5728514194488525,0.5551191568374634,0.5757761597633362,0.5484021306037903,0.5163491368293762,0.45160219073295593,3.0
1080,0.0,0.0,0.0,0.0,0.0,1.0,0.5719515681266785,0.5541863441467285,0.5752947926521301,0.5467239022254944,0.5192811489105225,0.4591712951660156,2.0
1081,0.0,0.0,0.0,0.0,0.0,1.0,0.5726858377456665,0.5552408695220947,0.5748127698898315,0.5467879772186279,0.5202645063400269,0.4534921944141388,4.0
1082,0.0,0.0,0.0,0.0,0.0,1.0,0.5733622312545776,0.5565971732139587,0.575573205947876,0.5479048490524292,0.5217681527137756,0.4547065198421478,4.0
1083,0.0,0.0,0.0,0.0,0.0,1.0,0.5726155638694763,0.5556268095970154,0.5759761929512024,0.5475168824195862,0.5208616852760315,0.4601993262767792,1.0
1084,0.0,0.0,0.0,0.0,0.0,1.0,0.5718671083450317,0.5544360876083374,0.5751572251319885,0.5465723872184753,0.5197699666023254,0.4596678912639618,1.0
1085,0.0,0.0,0.0,0.0,0.0,1.0,0.5716705918312073,0.5540855526924133,0.5749435424804688,0.5462414622306824,0.5193668603897095,0.45934027433395386,1.0
1086,0.0,0.0,0.0,0.0,0.0,1.0,0.5725380182266235,0.5551888942718506,0.5759524703025818,0.5474722385406494,0.520218014717102,0.4597829282283783,2.0
1087,0.0,0.0,0.0,0.0,0.0,1.0,0.5724489092826843,0.555265486240387,0.575900673866272,0.5476040244102478,0.5205745100975037,0.4603428244590759,2.0
1088,0.0,0.0,0.0,0.0,0.0,1.0,0.5734348297119141,0.5560957193374634,0.5764820575714111,0.549170732498169,0.5173292756080627,0.452006995677948,3.0
1089,0.0,0.0,0.0,0.0,0.0,1.0,0.5720313191413879,0.5545318722724915,0.5753028988838196,0.5466141700744629,0.5197535157203674,0.45946264266967773,1.0
1090,0.0,0.0,0.0,0.0,0.0,1.0,0.5730374455451965,0.5565584301948547,0.5765379667282104,0.5482491850852966,0.5219616889953613,0.4611268639564514,1.0
1091,0.0,0.0,0.0,0.0,0.0,1.0,0.5737631916999817,0.5559790730476379,0.5770847797393799,0.5493401885032654,0.5221008062362671,0.46602848172187805,0.0
1092,0.0,0.0,0.0,0.0,0.0,1.0,0.5718110799789429,0.5538190007209778,0.5738296508789062,0.5456352233886719,0.5188557505607605,0.4527433514595032,4.0
1093,0.0,0.0,0.0,0.0,0.0,1.0,0.5727915167808533,0.5546507239341736,0.5756425857543945,0.5479990839958191,0.5156293511390686,0.4507051110267639,3.0
1094,0.0,0.0,0.0,0.0,0.0,1.0,0.5725634098052979,0.5556976199150085,0.5759730935096741,0.5475502014160156,0.5210621953010559,0.46053221821784973,1.0
1095,0.0,0.0,0.0,0.0,0.0,1.0,0.5727440714836121,0.5554757118225098,0.5748835206031799,0.5469512939453125,0.5205406546592712,0.45376351475715637,4.0
1096,0.0,0.0,0.0,0.0,0.0,1.0,0.5728598237037659,0.555225133895874,0.5758292078971863,0.548470675945282,0.5165508389472961,0.45179492235183716,3.0
1097,0.0,0.0,0.0,0.0,0.0,1.0,0.571851909160614,0.5531021952629089,0.574647068977356,0.5468168258666992,0.5141296982765198,0.4500904679298401,3.0
1098,0.0,0.0,0.0,0.0,0.0,1.0,0.571252167224884,0.552557110786438,0.5731868743896484,0.544639527797699,0.5173159837722778,0.451307088136673,4.0
1099,0.0,0.0,0.0,0.0,0.0,1.0,0.5718215703964233,0.5535650253295898,0.573814332485199,0.5454337000846863,0.5184113383293152,0.45205989480018616,4.0
1100,0.0,0.0,0.0,0.0,0.0,1.0,0.572513222694397,0.5553157329559326,0.5759034752845764,0.5472241044044495,0.5203888416290283,0.459632009267807,1.0
1101,0.0,0.0,0.0,0.0,0.0,1.0,0.572630763053894,0.5545802712440491,0.5755087733268738,0.5479602217674255,0.5157182812690735,0.4510611891746521,3.0
1102,0.0,0.0,0.0,0.0,0.0,1.0,0.5717573761940002,0.5542805790901184,0.5750576257705688,0.5463775396347046,0.5195572972297668,0.45949557423591614,1.0
1103,0.0,0.0,0.0,0.0,0.0,1.0,0.5719742774963379,0.5545839667320251,0.5753024220466614,0.5466472506523132,0.519812822341919,0.45952078700065613,1.0
1104,0.0,0.0,0.0,0.0,0.0,1.0,0.5719307065010071,0.5543802976608276,0.5752490758895874,0.5464528799057007,0.5194482803344727,0.45912617444992065,1.0
1105,0.0,0.0,0.0,0.0,0.0,1.0,0.5722110867500305,0.5548896789550781,0.575575053691864,0.5468457341194153,0.5199540257453918,0.45940643548965454,1.0
1106,0.0,0.0,0.0,0.0,0.0,1.0,0.5728711485862732,0.5548674464225769,0.5761038064956665,0.5485055446624756,0.5214519500732422,0.46637314558029175,0.0
1107,0.0,0.0,0.0,0.0,0.0,1.0,0.5718235373497009,0.5541273951530457,0.5751875638961792,0.5467084646224976,0.5193747878074646,0.4595087170600891,2.0
1108,0.0,0.0,0.0,0.0,0.0,1.0,0.5727167725563049,0.5544748306274414,0.575594425201416,0.5478783249855042,0.5153233408927917,0.45031383633613586,3.0
1109,0.0,0.0,0.0,0.0,0.0,1.0,0.5727536082267761,0.5553938150405884,0.5748738646507263,0.5469306111335754,0.5204650163650513,0.4537094235420227,4.0
1110,0.0,0.0,0.0,0.0,0.0,1.0,0.572238564491272,0.5537121891975403,0.5753796100616455,0.5475268363952637,0.5202105641365051,0.46551963686943054,0.0
1111,0.0,0.0,0.0,0.0,0.0,1.0,0.5726073980331421,0.5555649399757385,0.5760664939880371,0.547828197479248,0.5208516716957092,0.4605473279953003,2.0
1112,0.0,0.0,0.0,0.0,0.0,1.0,0.572787880897522,0.5549219250679016,0.5760302543640137,0.5485055446624756,0.521643340587616,0.46681979298591614,0.0
1113,0.0,0.0,0.0,0.0,0.0,1.0,0.5740121006965637,0.5576674938201904,0.5776634216308594,0.5495710372924805,0.5227543115615845,0.46130484342575073,2.0
1114,0.0,0.0,0.0,0.0,0.0,1.0,0.5720025300979614,0.5532342195510864,0.5751186609268188,0.5471251606941223,0.5196483135223389,0.4649812579154968,0.0
1115,0.0,0.0,0.0,0.0,0.0,1.0,0.5718291401863098,0.5537365674972534,0.5738412141799927,0.5456023812294006,0.5187563300132751,0.452555775642395,4.0
1116,0.0,0.0,0.0,0.0,0.0,1.0,0.5715042352676392,0.5533083081245422,0.5746731758117676,0.5455430150032043,0.5180420279502869,0.4577171504497528,1.0
1117,0.0,0.0,0.0,0.0,0.0,1.0,0.5722436904907227,0.5544306039810181,0.5756110548973083,0.5469087958335876,0.519243597984314,0.4586382508277893,2.0
1118,0.0,0.0,0.0,0.0,0.0,1.0,0.5716804265975952,0.5537234544754028,0.5749683976173401,0.5463271141052246,0.5187589526176453,0.4588363766670227,2.0
1119,0.0,0.0,0.0,0.0,0.0,1.0,0.5718186497688293,0.5538933873176575,0.5738118886947632,0.5457056760787964,0.5190615653991699,0.45309779047966003,4.0
1120,0.0,0.0,0.0,0.0,0.0,1.0,0.5722656846046448,0.5549100637435913,0.5757094025611877,0.5472742915153503,0.5200820565223694,0.45991677045822144,2.0
1121,0.0,0.0,0.0,0.0,0.0,1.0,0.5716712474822998,0.5526283979415894,0.5747047662734985,0.5466566681861877,0.5190129280090332,0.4646393954753876,0.0
1122,0.0,0.0,0.0,0.0,1.0,1.0,0.5721258521080017,0.5537967085838318,0.5749611854553223,0.5473349094390869,0.514988362789154,0.45088663697242737,3.0
1123,0.0,0.0,0.0,0.0,0.0,1.0,0.5714624524116516,0.5526466965675354,0.5733689665794373,0.5446914434432983,0.5171752572059631,0.45069366693496704,4.0
1124,0.0,0.0,0.0,0.0,0.0,1.0,0.5713562369346619,0.5533062219619751,0.5745725631713867,0.5455682277679443,0.518314003944397,0.45836782455444336,1.0
1125,0.0,0.0,0.0,0.0,0.0,1.0,0.5725444555282593,0.554314911365509,0.5756982564926147,0.5480137467384338,0.5208484530448914,0.46599793434143066,0.0
1126,0.0,0.0,0.0,0.0,0.0,1.0,0.5723260045051575,0.5548850893974304,0.5743837952613831,0.5465343594551086,0.5201867818832397,0.45394983887672424,4.0
1127,0.0,0.0,0.0,0.0,0.0,1.0,0.5734217166900635,0.5569505095481873,0.5769937038421631,0.548956573009491,0.5222578048706055,0.4613492488861084,2.0
1128,0.0,0.0,0.0,0.0,0.0,1.0,0.5731734037399292,0.555341899394989,0.5764215588569641,0.5488437414169312,0.521878182888031,0.4666060507297516,0.0
1129,0.0,0.0,0.0,0.0,0.0,1.0,0.5715655088424683,0.5534058213233948,0.5735434293746948,0.5453410148620605,0.5185568332672119,0.45270365476608276,4.0
1130,0.0,0.0,0.0,0.0,0.0,1.0,0.571955144405365,0.5541326999664307,0.5739544034004211,0.5459066033363342,0.5193054676055908,0.45325374603271484,4.0
1131,0.0,0.0,0.0,0.0,0.0,1.0,0.5715721249580383,0.5539020299911499,0.5748510956764221,0.5461117625236511,0.5191906690597534,0.4592429995536804,1.0
1132,0.0,0.0,0.0,0.0,0.0,1.0,0.572326123714447,0.5539446473121643,0.5754585266113281,0.5477250218391418,0.5205221772193909,0.46585142612457275,0.0
1133,0.0,0.0,0.0,0.0,0.0,1.0,0.5721393823623657,0.5536550879478455,0.5752263069152832,0.5475158095359802,0.5202756524085999,0.4658188819885254,0.0
1134,0.0,0.0,0.0,0.0,0.0,1.0,0.5717719197273254,0.553826630115509,0.5749765634536743,0.5459699034690857,0.5186393857002258,0.4582192003726959,1.0
1135,0.0,0.0,0.0,0.0,0.0,1.0,0.5720968246459961,0.5550155639648438,0.5754435062408447,0.5469631552696228,0.520431637763977,0.46030622720718384,1.0
1136,0.0,0.0,0.0,0.0,0.0,1.0,0.5723577737808228,0.5549989342689514,0.5744413733482361,0.5465878844261169,0.5202708840370178,0.45402953028678894,4.0
1137,0.0,0.0,0.0,0.0,0.0,1.0,0.5720484852790833,0.5533104538917542,0.5751515030860901,0.547215461730957,0.519726574420929,0.46508118510246277,0.0
1138,0.0,0.0,0.0,0.0,0.0,1.0,0.5717571377754211,0.5540742874145508,0.5749915838241577,0.546158492565155,0.519097089767456,0.4588821530342102,1.0
1139,0.0,0.0,0.0,0.0,0.0,1.0,0.5726609826087952,0.5553756356239319,0.5747742056846619,0.5469323992729187,0.52059406042099,0.4540645480155945,4.0
1140,0.0,0.0,0.0,0.0,0.0,1.0,0.5724297165870667,0.5543931126594543,0.5752822160720825,0.547800600528717,0.5156235098838806,0.45129817724227905,3.0
1141,0.0,0.0,0.0,0.0,0.0,1.0,0.5722094178199768,0.5544255971908569,0.5742672681808472,0.5460888743400574,0.5193821787834167,0.45287084579467773,4.0
1142,0.0,0.0,0.0,0.0,0.0,1.0,0.5718996524810791,0.5528953075408936,0.574623703956604,0.5465871095657349,0.5135822296142578,0.4492059350013733,3.0
1143,0.0,0.0,0.0,0.0,0.0,1.0,0.5723521113395691,0.5549153089523315,0.5757456421852112,0.547261655330658,0.5199990272521973,0.45971131324768066,2.0
1144,0.0,0.0,0.0,0.0,0.0,1.0,0.5732685923576355,0.5558438301086426,0.5762673020362854,0.5489867925643921,0.5171090960502625,0.452053040266037,3.0
1145,0.0,0.0,0.0,0.0,0.0,1.0,0.5734787583351135,0.5562053322792053,0.5765527486801147,0.5492659211158752,0.5174197554588318,0.4520756006240845,3.0
1146,0.0,0.0,0.0,0.0,0.0,1.0,0.5725579857826233,0.5543035864830017,0.5757554173469543,0.5480095744132996,0.520824670791626,0.46588996052742004,0.0
1147,0.0,0.0,0.0,0.0,0.0,1.0,0.572155237197876,0.5546600222587585,0.574187695980072,0.546338677406311,0.5199815630912781,0.453957200050354,4.0
1148,0.0,0.0,0.0,0.0,0.0,1.0,0.5722276568412781,0.5546935200691223,0.5742887854576111,0.546339213848114,0.5199138522148132,0.4536795914173126,4.0
1149,0.0,0.0,0.0,0.0,0.0,1.0,0.5733357071876526,0.555785596370697,0.5763550400733948,0.548916220664978,0.5168899893760681,0.45154014229774475,3.0
1150,0.0,0.0,0.0,0.0,0.0,1.0,0.5725283026695251,0.5552353858947754,0.5746473073959351,0.546790599822998,0.5204465389251709,0.45394301414489746,4.0
1151,0.0,0.0,0.0,0.0,0.0,1.0,0.5729040503501892,0.556270182132721,0.576357901096344,0.5479956269264221,0.5215709209442139,0.4607647657394409,1.0
1152,0.0,0.0,0.0,0.0,0.0,1.0,0.5717966556549072,0.5536959171295166,0.5738123059272766,0.5455338358879089,0.518642008304596,0.45237019658088684,4.0
1153,0.0,0.0,0.0,0.0,0.0,1.0,0.5733169913291931,0.5562389492988586,0.5754914283752441,0.5476034283638,0.5211541652679443,0.4538659453392029,4.0
1154,0.0,0.0,0.0,0.0,0.0,1.0,0.5734903812408447,0.5568041205406189,0.5757194757461548,0.5480906367301941,0.5220187902450562,0.4548971951007843,4.0
1155,0.0,0.0,0.0,0.0,0.0,1.0,0.5721387267112732,0.5536207556724548,0.5749614238739014,0.5471445322036743,0.5144838094711304,0.45003020763397217,3.0
1156,0.0,0.0,0.0,0.0,0.0,1.0,0.5722850561141968,0.5540032982826233,0.575128972530365,0.5474979281425476,0.5150894522666931,0.45079728960990906,3.0
1157,0.0,0.0,0.0,0.0,0.0,1.0,0.5728927850723267,0.5559365749359131,0.5764024257659912,0.5481226444244385,0.5211425423622131,0.460573673248291,2.0
1158,0.0,0.0,0.0,0.0,0.0,1.0,0.5722941160202026,0.5546810626983643,0.5743706226348877,0.5463263392448425,0.5197900533676147,0.4534021019935608,4.0
1159,0.0,0.0,0.0,0.0,0.0,1.0,0.5727044939994812,0.5559388995170593,0.5761319994926453,0.5477087497711182,0.5212281942367554,0.46062713861465454,1.0
1160,0.0,0.0,0.0,0.0,0.0,1.0,0.573617696762085,0.556309700012207,0.576686680316925,0.5493407249450684,0.5173964500427246,0.4517870843410492,3.0
1161,0.0,0.0,0.0,0.0,0.0,1.0,0.5721386075019836,0.5545405149459839,0.5754391551017761,0.5465608239173889,0.5194689631462097,0.45890453457832336,1.0
1162,0.0,0.0,0.0,0.0,0.0,1.0,0.5720769762992859,0.5541921257972717,0.5740885138511658,0.5459722280502319,0.5192562937736511,0.45295074582099915,4.0
1163,0.0,0.0,0.0,0.0,0.0,1.0,0.5720502734184265,0.5547711253166199,0.5754019021987915,0.5468242168426514,0.5200735926628113,0.4598797559738159,1.0
1164,0.0,0.0,0.0,0.0,0.0,1.0,0.5720061659812927,0.554329514503479,0.5753614902496338,0.5468476414680481,0.5194805860519409,0.459377259016037,2.0
1165,0.0,0.0,0.0,0.0,0.0,1.0,0.5728432536125183,0.5546865463256836,0.5760230422019958,0.5483189821243286,0.5211721658706665,0.4660535454750061,0.0
1166,0.0,0.0,0.0,1.0,0.0,1.0,0.5721104145050049,0.5544703602790833,0.5741392970085144,0.5461852550506592,0.5197128653526306,0.4536193311214447,4.0
1167,0.0,0.0,0.0,0.0,0.0,1.0,0.5712826251983643,0.5519196391105652,0.573948323726654,0.5458664298057556,0.5128145813941956,0.4491448402404785,3.0
1168,0.0,0.0,0.0,0.0,0.0,1.0,0.5720815658569336,0.553625226020813,0.5748826861381531,0.5472375154495239,0.5147506594657898,0.4505147337913513,3.0
1169,0.0,0.0,0.0,0.0,0.0,1.0,0.5729206800460815,0.555178165435791,0.5759013891220093,0.5484058856964111,0.5163136720657349,0.4514310956001282,3.0
1170,0.0,0.0,0.0,0.0,0.0,1.0,0.5733451247215271,0.5559816956520081,0.5766830444335938,0.5493629574775696,0.5227891802787781,0.46768930554389954,0.0
1171,0.0,0.0,0.0,0.0,0.0,1.0,0.5726758241653442,0.5561357140541077,0.5761035680770874,0.5479184985160828,0.521710991859436,0.4613548815250397,1.0
1172,0.0,0.0,0.0,0.0,0.0,1.0,0.5740761756896973,0.5570293664932251,0.5772339701652527,0.5499783158302307,0.5181542038917542,0.4521450996398926,3.0
1173,0.0,0.0,0.0,0.0,0.0,1.0,0.5730722546577454,0.5553122758865356,0.576296865940094,0.548846423625946,0.5219897627830505,0.4669954180717468,0.0
1174,0.0,0.0,0.0,0.0,0.0,1.0,0.5715817213058472,0.552596926689148,0.5743104219436646,0.5464079976081848,0.5135959982872009,0.4497271776199341,3.0
1175,0.0,0.0,0.0,0.0,0.0,1.0,0.5719191431999207,0.553124725818634,0.5750331878662109,0.5470377206802368,0.5195551514625549,0.4649978578090668,0.0
1176,0.0,0.0,0.0,0.0,0.0,1.0,0.5730443000793457,0.5552973747253418,0.5762685537338257,0.5488346219062805,0.5220235586166382,0.46697551012039185,0.0
1177,0.0,0.0,0.0,0.0,0.0,1.0,0.5723604559898376,0.5555693507194519,0.5757269859313965,0.5474546551704407,0.521117627620697,0.4609520435333252,1.0
1178,0.0,0.0,0.0,0.0,0.0,1.0,0.5721752643585205,0.5539624691009521,0.5752830505371094,0.5477648973464966,0.5208056569099426,0.4665061831474304,0.0
1179,0.0,0.0,0.0,0.0,0.0,1.0,0.5726867318153381,0.5559521317481995,0.5761281847953796,0.5477573275566101,0.5213472247123718,0.46077415347099304,1.0
1180,0.0,0.0,0.0,0.0,0.0,1.0,0.5728883147239685,0.5558159947395325,0.575064480304718,0.5472514033317566,0.5210616588592529,0.45434874296188354,4.0
1181,0.0,0.0,0.0,0.0,0.0,1.0,0.5718154907226562,0.5538470149040222,0.5751281976699829,0.546410858631134,0.5187827944755554,0.4587081968784332,2.0
1182,0.0,0.0,0.0,0.0,0.0,1.0,0.5725612044334412,0.5554195642471313,0.5760228037834167,0.5477326512336731,0.5206818580627441,0.4603704512119293,2.0
1183,0.0,0.0,0.0,0.0,0.0,1.0,0.5720891952514648,0.5543690323829651,0.5741417407989502,0.5460636615753174,0.5194689631462097,0.4531945288181305,4.0
1184,0.0,0.0,0.0,0.0,0.0,1.0,0.5723681449890137,0.5548202991485596,0.5744571089744568,0.5464229583740234,0.5198794603347778,0.45337846875190735,4.0
1185,0.0,0.0,0.0,0.0,0.0,1.0,0.5720204710960388,0.5541391968727112,0.5753374099731445,0.5466249585151672,0.5190108418464661,0.45872530341148376,2.0
1186,0.0,0.0,0.0,0.0,0.0,1.0,0.5720218420028687,0.5533832311630249,0.5748158693313599,0.5469872951507568,0.5143059492111206,0.45000407099723816,3.0
1187,0.0,0.0,0.0,0.0,0.0,1.0,0.5721364617347717,0.5548840165138245,0.5754764080047607,0.5468478798866272,0.5201725363731384,0.45988279581069946,1.0
1188,0.0,0.0,0.0,0.0,0.0,1.0,0.5715898275375366,0.5526752471923828,0.574315071105957,0.5464823246002197,0.5137157440185547,0.4499033987522125,3.0
1189,0.0,0.0,0.0,0.0,0.0,1.0,0.572096049785614,0.5545520782470703,0.5754233598709106,0.5465726256370544,0.5195435285568237,0.4589960277080536,1.0
1190,0.0,0.0,0.0,0.0,0.0,1.0,0.5721530914306641,0.554448127746582,0.5755214095115662,0.5469017028808594,0.5194351077079773,0.4591510593891144,2.0
1191,0.0,0.0,0.0,0.0,0.0,1.0,0.5712957382202148,0.5527554154396057,0.5732236504554749,0.544816255569458,0.5176711082458496,0.4518546760082245,4.0
1192,0.0,0.0,0.0,0.0,0.0,1.0,0.5718697309494019,0.5544224381446838,0.5751587152481079,0.5465106964111328,0.5197181105613708,0.4595918357372284,1.0
1193,0.0,0.0,0.0,0.0,0.0,1.0,0.5716235041618347,0.5538899302482605,0.5749024748802185,0.5460733771324158,0.5190150141716003,0.4589829444885254,1.0
1194,0.0,0.0,0.0,0.0,0.0,1.0,0.571819007396698,0.554269015789032,0.5751025676727295,0.5463725328445435,0.5194768905639648,0.45934078097343445,1.0
1195,0.0,0.0,0.0,0.0,0.0,1.0,0.5722770690917969,0.5551620721817017,0.5756210684776306,0.5470715761184692,0.5204702615737915,0.46012330055236816,1.0
1196,0.0,0.0,0.0,0.0,0.0,1.0,0.5719858407974243,0.5544195771217346,0.5752884745597839,0.5465080738067627,0.5195207595825195,0.4591015875339508,1.0
1197,0.0,0.0,0.0,0.0,0.0,1.0,0.5725458264350891,0.5544905066490173,0.5753904581069946,0.5479171276092529,0.5157442092895508,0.4512915015220642,3.0
1198,0.0,0.0,0.0,0.0,0.0,1.0,0.5716822743415833,0.5536624193191528,0.5750226974487305,0.5462963581085205,0.5186478495597839,0.4586453139781952,2.0
1199,0.0,0.0,0.0,0.0,0.0,1.0,0.5718029141426086,0.5528044104576111,0.574881911277771,0.5468050837516785,0.5191356539726257,0.4645024538040161,0.0
1200,0.0,0.0,0.0,0.0,0.0,1.0,0.5720942616462708,0.5547815561294556,0.5754284858703613,0.5467856526374817,0.5200619697570801,0.459776371717453,1.0
1201,0.0,0.0,0.0,0.0,0.0,1.0,0.5714734196662903,0.5522744655609131,0.5741668939590454,0.546154797077179,0.5131200551986694,0.4491655230522156,3.0
1202,0.0,0.0,0.0,0.0,0.0,1.0,0.5722699761390686,0.5549203157424927,0.5756940841674805,0.5473002791404724,0.5201550722122192,0.45996904373168945,2.0
1203,0.0,0.0,0.0,0.0,0.0,1.0,0.5728077292442322,0.5558053851127625,0.574968159198761,0.5472666025161743,0.521129846572876,0.4546055495738983,4.0
1204,0.0,0.0,0.0,0.0,0.0,1.0,0.5712667107582092,0.5529366731643677,0.5744460225105286,0.5452960729598999,0.517795979976654,0.4576987326145172,1.0
1205,0.0,0.0,0.0,0.0,0.0,1.0,0.5715606808662415,0.5524646043777466,0.5742557644844055,0.5462651252746582,0.513308584690094,0.44937071204185486,3.0
1206,0.0,0.0,0.0,0.0,0.0,1.0,0.5718826651573181,0.553186297416687,0.5746859908103943,0.5468620657920837,0.5141985416412354,0.4500176012516022,3.0
1207,0.0,0.0,0.0,0.0,0.0,1.0,0.5733497738838196,0.5571284890174866,0.5768885016441345,0.548678457736969,0.5224946737289429,0.46144944429397583,1.0
1208,0.0,0.0,0.0,0.0,0.0,1.0,0.5726869702339172,0.5560364723205566,0.5761100053787231,0.5477819442749023,0.5214444994926453,0.46095648407936096,1.0
1209,0.0,0.0,0.0,0.0,0.0,1.0,0.5725679993629456,0.5545860528945923,0.5754841566085815,0.5479744076728821,0.5158103108406067,0.45130565762519836,3.0
1210,0.0,0.0,0.0,0.0,0.0,1.0,0.5728258490562439,0.5547491312026978,0.5760147571563721,0.5483995676040649,0.5213117599487305,0.46623891592025757,0.0
1211,1.0,0.0,0.0,0.0,1.0,0.0,0.5729162096977234,0.5562145709991455,0.5763500928878784,0.5479646921157837,0.521508514881134,0.4607636630535126,1.0
1212,1.0,0.0,0.0,0.0,0.0,0.0,0.5724202394485474,0.5548167824745178,0.574469804763794,0.5464581251144409,0.5199000835418701,0.45335260033607483,4.0
1213,1.0,0.0,0.0,0.0,0.0,0.0,0.5724567174911499,0.5544326901435852,0.5753079056739807,0.5478302836418152,0.5156801342964172,0.45134907960891724,3.0
1214,1.0,0.0,0.0,0.0,1.0,0.0,0.5731013417243958,0.555377185344696,0.5760595798492432,0.5486111044883728,0.5165031552314758,0.4514194130897522,3.0
1215,1.0,0.0,0.0,0.0,0.0,0.0,0.5721902251243591,0.5544905066490173,0.5742490887641907,0.5461958050727844,0.5195932984352112,0.4531954526901245,4.0
1216,1.0,0.0,0.0,0.0,0.0,0.0,0.5734402537345886,0.5558541417121887,0.576738178730011,0.5492483377456665,0.5224037766456604,0.4669699966907501,0.0
1217,1.0,0.0,0.0,0.0,0.0,0.0,0.5727329254150391,0.5548139810562134,0.5756420493125916,0.5481315851211548,0.5159161686897278,0.45112869143486023,3.0
1218,1.0,0.0,0.0,0.0,0.0,0.0,0.5725017189979553,0.5550277233123779,0.5745832920074463,0.5465965867042542,0.5201253890991211,0.4535965621471405,4.0
1219,1.0,0.0,0.0,0.0,0.0,0.0,0.5727007389068604,0.5554913878440857,0.5748233795166016,0.5469959378242493,0.5207358002662659,0.4542197287082672,4.0
1220,1.0,0.0,0.0,0.0,0.0,0.0,0.5727245807647705,0.5544779300689697,0.5759218335151672,0.5481680631637573,0.5209420323371887,0.46580466628074646,0.0
1221,1.0,0.0,0.0,0.0,0.0,0.0,0.5720348358154297,0.5543337464332581,0.5754258036613464,0.5468210577964783,0.519403874874115,0.4592689573764801,2.0
1222,1.0,0.0,0.0,0.0,0.0,0.0,0.5725436210632324,0.5540949702262878,0.5757057666778564,0.5478140115737915,0.5204517841339111,0.4654490649700165,0.0
1223,1.0,0.0,0.0,0.0,0.0,0.0,0.571811854839325,0.5541792511940002,0.5751186609268188,0.5463202595710754,0.5192816853523254,0.459001362323761,1.0
1224,1.0,0.0,0.0,0.0,0.0,0.0,0.5723620653152466,0.5539774298667908,0.5752027630805969,0.5474530458450317,0.5148919820785522,0.4503200054168701,3.0
1225,1.0,0.0,0.0,0.0,0.0,0.0,0.5722339153289795,0.5550523400306702,0.5755887627601624,0.5469820499420166,0.520284116268158,0.459870845079422,1.0
1226,1.0,0.0,0.0,0.0,0.0,0.0,0.5730922222137451,0.5561361312866211,0.5765126347541809,0.5478725433349609,0.5209584832191467,0.45963412523269653,1.0
1227,1.0,0.0,0.0,0.0,0.0,0.0,0.5726368427276611,0.5551066398620605,0.5747262835502625,0.5466524958610535,0.5200053453445435,0.45314961671829224,4.0
1228,1.0,0.0,0.0,0.0,1.0,0.0,0.5718448162078857,0.5527582764625549,0.5749088525772095,0.5467352271080017,0.5189468264579773,0.46417081356048584,0.0
1229,1.0,0.0,0.0,0.0,0.0,0.0,0.5729085803031921,0.5559350848197937,0.5763959288597107,0.5480591654777527,0.5210573673248291,0.46036937832832336,2.0
1230,1.0,0.0,0.0,0.0,0.0,0.0,0.5719949007034302,0.5531740188598633,0.5747508406639099,0.5468032360076904,0.51394122838974,0.44956380128860474,3.0
1231,1.0,0.0,0.0,0.0,1.0,0.0,0.5726455450057983,0.5543999671936035,0.5758338570594788,0.548089861869812,0.5208579897880554,0.4658237397670746,0.0
1232,1.0,0.0,0.0,0.0,0.0,0.0,0.5732042193412781,0.5553467869758606,0.5764642357826233,0.5488067865371704,0.5217242240905762,0.4663437306880951,0.0
1233,1.0,0.0,0.0,0.0,0.0,0.0,0.5722025036811829,0.5544792413711548,0.5756012201309204,0.5469082593917847,0.5193430185317993,0.4588736295700073,2.0
1234,1.0,0.0,0.0,0.0,0.0,0.0,0.5724946856498718,0.5540438890457153,0.575639009475708,0.5478134751319885,0.5204930305480957,0.465512752532959,0.0
1235,1.0,0.0,0.0,0.0,0.0,0.0,0.5732248425483704,0.5556581020355225,0.5762171149253845,0.548819899559021,0.5168296694755554,0.4516618847846985,3.0
1236,1.0,0.0,0.0,0.0,0.0,0.0,0.5733615756034851,0.5559136271476746,0.5763369202613831,0.5490638613700867,0.5171831846237183,0.4520360231399536,3.0
1237,1.0,0.0,0.0,0.0,0.0,0.0,0.5724214315414429,0.5538255572319031,0.5755937099456787,0.5475717186927795,0.5200355052947998,0.4648502767086029,0.0
1238,1.0,0.0,0.0,0.0,1.0,0.0,0.5728262066841125,0.5553498268127441,0.5749183893203735,0.5468681454658508,0.5201941728591919,0.4531521201133728,4.0
1239,1.0,0.0,0.0,0.0,0.0,0.0,0.5720775127410889,0.5535802245140076,0.5748956203460693,0.5471563935279846,0.5146681070327759,0.45046257972717285,3.0
1240,1.0,0.0,0.0,0.0,0.0,0.0,0.5735436677932739,0.5563592314720154,0.5766295194625854,0.549419641494751,0.5176758766174316,0.4523699879646301,3.0
1241,1.0,0.0,0.0,0.0,0.0,0.0,0.572485625743866,0.5541439056396484,0.5756407976150513,0.547895610332489,0.5206596255302429,0.46581369638442993,0.0
1242,1.0,0.0,0.0,0.0,0.0,0.0,0.57197505235672,0.5544174909591675,0.5752529501914978,0.5464788675308228,0.5195075273513794,0.45920759439468384,1.0
1243,1.0,0.0,0.0,0.0,0.0,0.0,0.5721745491027832,0.5542457699775696,0.574165940284729,0.5459743738174438,0.5191367268562317,0.45256611704826355,4.0
1244,1.0,0.0,0.0,0.0,0.0,0.0,0.5722715258598328,0.5551000833511353,0.5756294131278992,0.5470841526985168,0.5204083919525146,0.45998769998550415,1.0
1245,1.0,0.0,0.0,0.0,0.0,0.0,0.5721360445022583,0.5543983578681946,0.5755224227905273,0.5468536615371704,0.5193266272544861,0.45902878046035767,2.0
1246,1.0,0.0,0.0,0.0,0.0,0.0,0.5724320411682129,0.5548902153968811,0.5745359063148499,0.5464988946914673,0.5199143886566162,0.45327264070510864,4.0
1247,1.0,0.0,0.0,0.0,0.0,1.0,0.5729325413703918,0.5551210045814514,0.5761208534240723,0.5486751198768616,0.5218448638916016,0.46693331003189087,0.0
1248,1.0,0.0,0.0,0.0,0.0,0.0,0.572547197341919,0.5553281307220459,0.5760090947151184,0.5476659536361694,0.5205062627792358,0.46016237139701843,2.0
1249,1.0,0.0,0.0,0.0,0.0,0.0,0.5726399421691895,0.5544159412384033,0.5757916569709778,0.5481032729148865,0.5209325551986694,0.4660153388977051,0.0
1250,1.0,0.0,0.0,0.0,0.0,0.0,0.5725730061531067,0.5543501973152161,0.5754212141036987,0.5477989912033081,0.5153768658638,0.4507215619087219,3.0
1251,1.0,0.0,0.0,0.0,0.0,0.0,0.5725415349006653,0.5553253889083862,0.5759086608886719,0.5472259521484375,0.5204100012779236,0.4596783220767975,1.0
1252,1.0,0.0,0.0,0.0,0.0,0.0,0.5727378129959106,0.554678201675415,0.5756180286407471,0.5480546355247498,0.5157775282859802,0.45101284980773926,3.0
1253,1.0,0.0,0.0,0.0,0.0,0.0,0.5723633170127869,0.554117739200592,0.5752109885215759,0.5476005673408508,0.5152313113212585,0.45079126954078674,3.0
1254,1.0,0.0,0.0,0.0,0.0,0.0,0.5725257992744446,0.5543936491012573,0.5753819346427917,0.5477796196937561,0.5154620409011841,0.4509067237377167,3.0
1255,1.0,0.0,0.0,0.0,0.0,0.0,0.5731921792030334,0.5567376613616943,0.5767192840576172,0.5483709573745728,0.5219976902008057,0.4609867334365845,1.0
1256,1.0,0.0,0.0,0.0,0.0,0.0,0.5724890232086182,0.5543651580810547,0.5753560066223145,0.5478218793869019,0.5155600309371948,0.4511263072490692,3.0
1257,1.0,0.0,0.0,0.0,0.0,0.0,0.572384238243103,0.554745614528656,0.5744579434394836,0.5464088320732117,0.5197985172271729,0.45329388976097107,4.0
1258,1.0,0.0,0.0,0.0,0.0,0.0,0.571227490901947,0.5525644421577454,0.5744011998176575,0.5454124212265015,0.517344057559967,0.4575672447681427,2.0
1259,1.0,0.0,0.0,0.0,0.0,0.0,0.5724048614501953,0.5540308356285095,0.5755403637886047,0.5477869510650635,0.5205623507499695,0.4657827615737915,0.0
1260,1.0,0.0,0.0,0.0,0.0,0.0,0.5721811056137085,0.5535777807235718,0.5753215551376343,0.5474210381507874,0.5199910998344421,0.46520280838012695,0.0
1261,1.0,0.0,0.0,0.0,0.0,0.0,0.5727534890174866,0.5560166239738464,0.5761736631393433,0.5478097796440125,0.5214371085166931,0.4608536660671234,1.0
1262,1.0,0.0,0.0,0.0,0.0,0.0,0.572698712348938,0.5546119809150696,0.575532853603363,0.5479885339736938,0.515766978263855,0.45106348395347595,3.0
1263,1.0,0.0,0.0,0.0,0.0,0.0,0.5729242563247681,0.5559517741203308,0.5763847827911377,0.5481318831443787,0.5211309194564819,0.4605514109134674,2.0
1264,1.0,0.0,0.0,0.0,0.0,0.0,0.5721687078475952,0.55475252866745,0.5754818320274353,0.5467459559440613,0.5198529958724976,0.4593415856361389,1.0
1265,1.0,0.0,0.0,0.0,0.0,0.0,0.5720757246017456,0.553384006023407,0.5748723745346069,0.5469760298728943,0.5141990184783936,0.449736088514328,3.0
1266,1.0,0.0,0.0,0.0,0.0,1.0,0.5726003646850586,0.554252564907074,0.5757371187210083,0.5479509830474854,0.5206776261329651,0.4657115638256073,0.0
1267,1.0,0.0,0.0,0.0,0.0,0.0,0.5727323293685913,0.5550947189331055,0.5748094320297241,0.546642541885376,0.5198879241943359,0.4529079496860504,4.0
1268,1.0,0.0,0.0,0.0,0.0,0.0,0.5718981027603149,0.5538865327835083,0.5752095580101013,0.5464410781860352,0.5186811685562134,0.45841658115386963,2.0
1269,1.0,0.0,0.0,0.0,0.0,1.0,0.5733623504638672,0.5566891431808472,0.5769329071044922,0.5487422347068787,0.5218538045883179,0.4608810245990753,2.0
1270,1.0,0.0,0.0,0.0,0.0,0.0,0.5722072124481201,0.5550095438957214,0.575572669506073,0.5469796657562256,0.5202761888504028,0.4598977267742157,1.0
1271,1.0,0.0,0.0,0.0,0.0,0.0,0.5716758966445923,0.5532603859901428,0.5749374628067017,0.5459825396537781,0.5179118514060974,0.4576141834259033,2.0
1272,1.0,0.0,0.0,0.0,0.0,0.0,0.5721641778945923,0.5548312067985535,0.5754870176315308,0.5468413233757019,0.5200408101081848,0.4596617519855499,1.0
1273,1.0,0.0,0.0,0.0,0.0,0.0,0.5724712014198303,0.5553366541862488,0.5758501887321472,0.5472564101219177,0.5204681754112244,0.45975688099861145,1.0
1274,1.0,0.0,0.0,0.0,0.0,0.0,0.5727398991584778,0.5548187494277954,0.5756330490112305,0.5481323599815369,0.5159707069396973,0.45134276151657104,3.0
1275,1.0,0.0,0.0,0.0,0.0,0.0,0.5725017189979553,0.5550397634506226,0.5746138691902161,0.5466083884239197,0.5201069116592407,0.4534377455711365,4.0
1276,1.0,0.0,0.0,0.0,0.0,0.0,0.5716913342475891,0.5536385774612427,0.5737075805664062,0.5455275177955627,0.518742561340332,0.4527631402015686,4.0
1277,1.0,0.0,0.0,0.0,0.0,0.0,0.5724003314971924,0.5549191236495972,0.5744794607162476,0.5465292930603027,0.5200825929641724,0.45365768671035767,4.0
1278,1.0,0.0,0.0,0.0,0.0,0.0,0.5717741250991821,0.5541394352912903,0.5750517845153809,0.5462154746055603,0.5191711187362671,0.45890775322914124,1.0
1279,1.0,0.0,0.0,0.0,0.0,0.0,0.5722042322158813,0.5551744103431702,0.5755799412727356,0.5471083521842957,0.5205639004707336,0.46034252643585205,1.0
1280,1.0,0.0,0.0,0.0,0.0,0.0,0.5720466375350952,0.5535861849784851,0.5748640298843384,0.5471632480621338,0.514675498008728,0.4505283832550049,3.0
1281,1.0,0.0,0.0,0.0,0.0,0.0,0.5723351240158081,0.553959846496582,0.5754693746566772,0.5476961135864258,0.5204893350601196,0.4657890796661377,0.0
1282,1.0,0.0,0.0,0.0,0.0,0.0,0.572876513004303,0.5555905699729919,0.5750261545181274,0.5470500588417053,0.5205750465393066,0.4536050856113434,4.0
1283,1.0,0.0,0.0,0.0,0.0,0.0,0.5713464021682739,0.5533594489097595,0.5745609998703003,0.5456336736679077,0.5184568762779236,0.458539217710495,1.0
1284,1.0,0.0,0.0,0.0,0.0,0.0,0.573615312576294,0.5573885440826416,0.5772031545639038,0.5493475198745728,0.522934079170227,0.46217116713523865,2.0
1285,1.0,0.0,0.0,0.0,0.0,0.0,0.5723451972007751,0.5540237426757812,0.5754873156547546,0.5477688312530518,0.5205972194671631,0.4658503830432892,0.0
1286,1.0,0.0,0.0,0.0,0.0,0.0,0.5722633600234985,0.5537744760513306,0.5753847360610962,0.5475627779960632,0.5202444195747375,0.4655500054359436,0.0
1287,1.0,0.0,0.0,0.0,0.0,1.0,0.5717703700065613,0.5543368458747864,0.5750700831413269,0.5464405417442322,0.5196636319160461,0.45970043540000916,1.0
1288,1.0,0.0,0.0,0.0,0.0,0.0,0.5718653202056885,0.5527834296226501,0.574906051158905,0.5467882752418518,0.5190356969833374,0.464357852935791,0.0
1289,1.0,0.0,0.0,0.0,0.0,0.0,0.5722342729568481,0.5547682046890259,0.5756324529647827,0.5471779108047485,0.5199286341667175,0.45977309346199036,2.0
1290,1.0,0.0,0.0,0.0,0.0,0.0,0.5727847814559937,0.5554862022399902,0.5762150883674622,0.5477339625358582,0.5203936100006104,0.45960623025894165,2.0
1291,1.0,0.0,0.0,0.0,0.0,0.0,0.5718977451324463,0.5538656115531921,0.5739211440086365,0.545685887336731,0.5187716484069824,0.45243290066719055,4.0
1292,1.0,0.0,0.0,0.0,0.0,0.0,0.572310209274292,0.5550622344017029,0.5756431221961975,0.5470245480537415,0.5202724933624268,0.45980650186538696,1.0
1293,1.0,0.0,0.0,0.0,0.0,0.0,0.5718498826026917,0.5539805889129639,0.5752179026603699,0.5465366840362549,0.5189367532730103,0.4588402807712555,2.0
1294,1.0,0.0,0.0,0.0,0.0,0.0,0.572314441204071,0.5547299385070801,0.5743823051452637,0.546360969543457,0.519890546798706,0.45353344082832336,4.0
1295,1.0,0.0,0.0,0.0,0.0,0.0,0.5719847679138184,0.5545771718025208,0.5752902626991272,0.5466191172599792,0.5198022127151489,0.4595550298690796,1.0
1296,1.0,0.0,0.0,0.0,0.0,0.0,0.5722504258155823,0.5537859797477722,0.5750789642333984,0.5473272800445557,0.5147390365600586,0.45024392008781433,3.0
1297,1.0,0.0,0.0,0.0,0.0,0.0,0.5722153782844543,0.5544192790985107,0.5742450952529907,0.5461211800575256,0.5194213390350342,0.452920138835907,4.0
1298,1.0,0.0,0.0,0.0,0.0,0.0,0.5722420811653137,0.5536144971847534,0.5753702521324158,0.547459602355957,0.5199598670005798,0.4650667905807495,0.0
1299,1.0,0.0,0.0,0.0,0.0,0.0,0.5717234015464783,0.5526325702667236,0.5747591853141785,0.546686053276062,0.5189536809921265,0.46445760130882263,0.0
1300,1.0,0.0,0.0,0.0,0.0,0.0,0.5722790360450745,0.554485023021698,0.5743381381034851,0.546183168888092,0.5194266438484192,0.4527553617954254,4.0
1301,1.0,0.0,0.0,0.0,0.0,0.0,0.5729736685752869,0.5548873543739319,0.5762357711791992,0.5484722852706909,0.5212181806564331,0.4658186137676239,0.0
1302,1.0,0.0,0.0,0.0,0.0,0.0,0.5718845129013062,0.5529170632362366,0.5749467015266418,0.5469101071357727,0.5192657709121704,0.4645967185497284,0.0
1303,1.0,0.0,0.0,0.0,0.0,0.0,0.5731717944145203,0.555150032043457,0.5764062404632568,0.5486404299736023,0.5213826894760132,0.46579983830451965,0.0
1304,1.0,0.0,0.0,0.0,0.0,0.0,0.5725662708282471,0.5552783012390137,0.5760095715522766,0.5475189685821533,0.5202804207801819,0.45977744460105896,2.0
1305,1.0,0.0,0.0,0.0,0.0,0.0,0.5727912187576294,0.5548514127731323,0.5757104158401489,0.5481914281845093,0.5159749388694763,0.4511101543903351,3.0
1306,1.0,0.0,0.0,0.0,0.0,0.0,0.5724772214889526,0.5549366474151611,0.574580192565918,0.5465238094329834,0.5199984908103943,0.4533900320529938,4.0
1307,1.0,0.0,0.0,0.0,0.0,0.0,0.5725111961364746,0.555208683013916,0.5759614706039429,0.5475578308105469,0.5203353762626648,0.4599258601665497,2.0
1308,1.0,0.0,0.0,0.0,0.0,0.0,0.57228684425354,0.5546428561210632,0.5743499398231506,0.5462561845779419,0.5197017192840576,0.4532131850719452,4.0
1309,1.0,0.0,0.0,0.0,0.0,0.0,0.573415994644165,0.5558215379714966,0.5767102241516113,0.5491963624954224,0.5223503708839417,0.46694546937942505,0.0
1310,1.0,0.0,0.0,0.0,0.0,0.0,0.5721438527107239,0.5533041954040527,0.5752278566360474,0.5472094416618347,0.519565224647522,0.4647245407104492,0.0
1311,1.0,0.0,0.0,0.0,0.0,0.0,0.5727405548095703,0.5554021000862122,0.5761491060256958,0.5476680397987366,0.5203766822814941,0.4597500264644623,2.0
1312,1.0,0.0,0.0,0.0,0.0,0.0,0.5722907185554504,0.5545985102653503,0.5743445158004761,0.5462824702262878,0.5196810960769653,0.45323261618614197,4.0
1313,1.0,0.0,0.0,0.0,0.0,0.0,0.5728148221969604,0.5560843348503113,0.5762458443641663,0.5478544235229492,0.5214027166366577,0.46067842841148376,1.0
1314,1.0,0.0,0.0,0.0,0.0,0.0,0.5725832581520081,0.5550975799560547,0.5760062336921692,0.5474047064781189,0.5199979543685913,0.4593924880027771,2.0
1315,1.0,0.0,0.0,0.0,0.0,0.0,0.572373628616333,0.55467689037323,0.5757495164871216,0.5470658540725708,0.5194224119186401,0.4587893784046173,2.0
1316,1.0,0.0,0.0,0.0,0.0,0.0,0.5722641348838806,0.5536907315254211,0.5754019021987915,0.5474719405174255,0.5200677514076233,0.46526867151260376,0.0
1317,1.0,0.0,0.0,0.0,0.0,0.0,0.5717930793762207,0.5538375973701477,0.5751456618309021,0.5464077591896057,0.5187859535217285,0.45871785283088684,2.0
1318,1.0,0.0,0.0,0.0,0.0,0.0,0.5720459818840027,0.5543423891067505,0.575414776802063,0.5468357801437378,0.519414484500885,0.4592744708061218,2.0
1319,1.0,0.0,0.0,0.0,1.0,0.0,0.5718362331390381,0.5540098547935486,0.5751828551292419,0.5465676784515381,0.5190404653549194,0.45895108580589294,2.0
1320,1.0,0.0,0.0,0.0,0.0,0.0,0.572074294090271,0.5543543696403503,0.5754057765007019,0.5468394756317139,0.5193662643432617,0.4591878056526184,2.0
1321,1.0,0.0,0.0,0.0,0.0,0.0,0.5728607773780823,0.5546836853027344,0.5761128664016724,0.5482711791992188,0.5209658741950989,0.4656077027320862,0.0
1322,1.0,0.0,0.0,0.0,0.0,0.0,0.5723974108695984,0.5550960302352905,0.5758181214332581,0.547459602355957,0.5202994346618652,0.4601345956325531,2.0
1323,1.0,0.0,0.0,0.0,1.0,0.0,0.5726482272148132,0.5553425550460815,0.5760698914527893,0.5476577877998352,0.5204232335090637,0.4598803222179413,2.0
1324,1.0,0.0,0.0,0.0,0.0,0.0,0.5722160339355469,0.553846538066864,0.5749909281730652,0.5473780035972595,0.5149973034858704,0.4508172571659088,3.0
1325,1.0,0.0,0.0,0.0,0.0,0.0,0.5727432370185852,0.5551459789276123,0.5748589038848877,0.5467349290847778,0.5199471712112427,0.45282888412475586,4.0
1326,1.0,0.0,0.0,0.0,0.0,0.0,0.5727494955062866,0.5549344420433044,0.5756343007087708,0.5482609868049622,0.5162115693092346,0.4516138434410095,3.0
1327,1.0,0.0,0.0,0.0,0.0,0.0,0.5720227956771851,0.5538454055786133,0.5740536451339722,0.5456321239471436,0.5185759663581848,0.4518793225288391,4.0
1328,1.0,0.0,0.0,0.0,0.0,0.0,0.5722666382789612,0.5537692308425903,0.575084388256073,0.5472682118415833,0.5146289467811584,0.4500444829463959,3.0
1329,1.0,0.0,0.0,0.0,0.0,0.0,0.5724220871925354,0.5541025400161743,0.5752936005592346,0.5475092530250549,0.5150185227394104,0.4503338038921356,3.0
1330,1.0,0.0,0.0,0.0,0.0,0.0,0.5723596215248108,0.5548467636108398,0.5757686495780945,0.5472183227539062,0.5198551416397095,0.45950302481651306,2.0
1331,1.0,0.0,0.0,0.0,0.0,0.0,0.5733597874641418,0.5556154251098633,0.5762919187545776,0.5487673878669739,0.5164772272109985,0.4509603679180145,3.0
1332,1.0,0.0,0.0,0.0,0.0,0.0,0.5729829668998718,0.5549323558807373,0.5762113928794861,0.5485346913337708,0.521430253982544,0.46624302864074707,0.0
1333,1.0,0.0,0.0,0.0,0.0,0.0,0.5721954703330994,0.5536545515060425,0.5753062963485718,0.547487735748291,0.5201687812805176,0.4654819369316101,0.0
1334,1.0,0.0,0.0,0.0,0.0,0.0,0.5713419318199158,0.5518538355827332,0.5743423104286194,0.546082079410553,0.5181087255477905,0.46378180384635925,0.0
1335,1.0,0.0,0.0,0.0,0.0,0.0,0.5727047920227051,0.554655134677887,0.5756151676177979,0.5480476021766663,0.5158044695854187,0.4510996639728546,3.0
1336,1.0,0.0,0.0,0.0,0.0,1.0,0.573645293712616,0.5573248863220215,0.5772709250450134,0.549258291721344,0.5225977897644043,0.4615819752216339,2.0
1337,1.0,0.0,0.0,0.0,0.0,0.0,0.5720087885856628,0.5544612407684326,0.5752983093261719,0.5464752316474915,0.51948481798172,0.45904093980789185,1.0
1338,1.0,0.0,0.0,0.0,0.0,0.0,0.5730137228965759,0.5560851693153381,0.5765076875686646,0.5482279062271118,0.521199643611908,0.4604329764842987,2.0
1339,1.0,0.0,0.0,0.0,0.0,0.0,0.571785032749176,0.5527480840682983,0.5745164752006531,0.5464334487915039,0.5133869051933289,0.44903603196144104,3.0
1340,1.0,0.0,0.0,0.0,0.0,0.0,0.5715942978858948,0.5523320436477661,0.5746302008628845,0.5464140176773071,0.5185446739196777,0.46397864818573,0.0
1341,1.0,0.0,0.0,0.0,0.0,1.0,0.5735248923301697,0.557325541973114,0.5770472288131714,0.5488537549972534,0.5225999355316162,0.4614088237285614,1.0
1342,1.0,0.0,0.0,0.0,0.0,0.0,0.5726625919342041,0.5554191470146179,0.5760975480079651,0.5476882457733154,0.5205284953117371,0.46008679270744324,2.0
1343,1.0,0.0,0.0,0.0,1.0,0.0,0.5732070803642273,0.5554441809654236,0.5761726498603821,0.5487052202224731,0.5165185332298279,0.45122191309928894,3.0
1344,1.0,0.0,0.0,0.0,0.0,0.0,0.572411060333252,0.5539407730102539,0.5755385160446167,0.5477095246315002,0.520362913608551,0.46547138690948486,0.0
1345,1.0,0.0,0.0,0.0,0.0,0.0,0.5726099610328674,0.5554808378219604,0.5760589838027954,0.5477510094642639,0.5206929445266724,0.4603019952774048,2.0
1346,1.0,0.0,0.0,0.0,0.0,0.0,0.5730227828025818,0.555807888507843,0.5751750469207764,0.5472584962844849,0.5208257436752319,0.4538344144821167,4.0
1347,1.0,0.0,0.0,0.0,0.0,0.0,0.5722770690917969,0.5546250939369202,0.5756700038909912,0.5470377206802368,0.5195482969284058,0.4590872824192047,2.0
1348,1.0,0.0,0.0,0.0,0.0,0.0,0.5719289779663086,0.5540352463722229,0.5739531517028809,0.5457847118377686,0.5190907120704651,0.4528845250606537,4.0
1349,1.0,0.0,0.0,0.0,0.0,0.0,0.5725499391555786,0.5540643334388733,0.5757018327713013,0.5477972030639648,0.5203608274459839,0.46520984172821045,0.0
1350,1.0,0.0,0.0,0.0,0.0,0.0,0.5727577209472656,0.5545627474784851,0.5756431221961975,0.5479549765586853,0.515470027923584,0.4504777789115906,3.0
1351,1.0,0.0,0.0,0.0,0.0,0.0,0.5722315907478333,0.5545753240585327,0.5755701065063477,0.547013521194458,0.5195472836494446,0.4592152535915375,2.0
1352,1.0,0.0,0.0,0.0,0.0,0.0,0.5715588927268982,0.5522966980934143,0.5745579600334167,0.546414315700531,0.5186055302619934,0.4642166197299957,0.0
1353,1.0,0.0,0.0,0.0,0.0,0.0,0.5720324516296387,0.5533584356307983,0.57485032081604,0.5469486713409424,0.5142286419868469,0.44986841082572937,3.0
1354,1.0,0.0,0.0,0.0,0.0,0.0,0.5725359916687012,0.5548115372657776,0.5746037364006042,0.5464466214179993,0.5196636319160461,0.45281049609184265,4.0
1355,1.0,0.0,0.0,0.0,0.0,0.0,0.5730322599411011,0.556585967540741,0.5764960646629333,0.5482641458511353,0.5220537185668945,0.461417555809021,1.0
1356,1.0,0.0,0.0,0.0,0.0,0.0,0.5729305744171143,0.5563526749610901,0.5763809680938721,0.548090398311615,0.5217602252960205,0.461078017950058,1.0
1357,1.0,0.0,0.0,0.0,0.0,0.0,0.5715324282646179,0.5530590415000916,0.5747905969619751,0.5457773804664612,0.5177256464958191,0.4576050937175751,2.0
1358,1.0,0.0,0.0,0.0,0.0,0.0,0.5724217891693115,0.5539344549179077,0.5752335786819458,0.5473908185958862,0.5147014260292053,0.44989919662475586,3.0
1359,1.0,0.0,0.0,0.0,0.0,0.0,0.5718861818313599,0.5540543794631958,0.5752261877059937,0.5466285943984985,0.5191229581832886,0.4590558111667633,2.0
1360,1.0,0.0,0.0,0.0,0.0,0.0,0.5721805095672607,0.5535500645637512,0.5753143429756165,0.5473918914794922,0.5199799537658691,0.46521592140197754,0.0
1361,1.0,0.0,0.0,0.0,0.0,0.0,0.5715230703353882,0.553647518157959,0.5747642517089844,0.545901358127594,0.51872718334198,0.45867690443992615,1.0
1362,1.0,0.0,0.0,0.0,0.0,0.0,0.5717650055885315,0.5536718368530273,0.5750530958175659,0.5462995171546936,0.5185272097587585,0.4583759307861328,2.0
1363,1.0,0.0,0.0,0.0,0.0,0.0,0.5721452236175537,0.5541632771492004,0.5741431713104248,0.5458968877792358,0.5190393924713135,0.4525606334209442,4.0
1364,1.0,0.0,0.0,0.0,1.0,0.0,0.5725501179695129,0.5541635751724243,0.5757253766059875,0.5478706955909729,0.520525336265564,0.4654179811477661,0.0
1365,1.0,0.0,0.0,0.0,0.0,0.0,0.5717151165008545,0.5528408288955688,0.5745068788528442,0.546562135219574,0.5137649178504944,0.44972649216651917,3.0
1366,1.0,0.0,0.0,0.0,1.0,0.0,0.5727917551994324,0.5555055141448975,0.5762349963188171,0.5477460026741028,0.5204015374183655,0.4595749080181122,2.0
1367,1.0,0.0,0.0,0.0,0.0,0.0,0.5728181004524231,0.5555169582366943,0.5749577879905701,0.5469909906387329,0.5205496549606323,0.45374682545661926,4.0
1368,1.0,0.0,0.0,0.0,0.0,0.0,0.5727877020835876,0.5543569922447205,0.5759950876235962,0.5480076670646667,0.5204766392707825,0.46499982476234436,0.0
1369,1.0,0.0,0.0,0.0,0.0,0.0,0.5718047022819519,0.5536657571792603,0.5738130807876587,0.5455175638198853,0.5185859799385071,0.4522911608219147,4.0
1370,1.0,0.0,0.0,0.0,0.0,0.0,0.5727176070213318,0.5544572472572327,0.575886070728302,0.5481439232826233,0.5208796858787537,0.46574440598487854,0.0
1371,1.0,0.0,0.0,0.0,0.0,0.0,0.5720651149749756,0.5533279776573181,0.5748497843742371,0.5469440221786499,0.5141376256942749,0.44973883032798767,3.0
1372,1.0,0.0,0.0,0.0,1.0,0.0,0.5723568797111511,0.5548928380012512,0.5758002400398254,0.5472306609153748,0.5198439955711365,0.4593411684036255,2.0
1373,1.0,0.0,0.0,0.0,0.0,0.0,0.5724911689758301,0.5542517900466919,0.5753647685050964,0.5477126836776733,0.5152497887611389,0.4505956768989563,3.0
1374,1.0,0.0,0.0,0.0,0.0,0.0,0.5720753073692322,0.5533175468444824,0.5752208828926086,0.5472075939178467,0.519650936126709,0.464836448431015,0.0
1375,1.0,0.0,0.0,0.0,0.0,0.0,0.5730758309364319,0.5562576651573181,0.5766124725341797,0.5484155416488647,0.5214958190917969,0.4608418345451355,2.0
1376,1.0,0.0,0.0,1.0,0.0,0.0,0.572495698928833,0.5542656779289246,0.5756710171699524,0.5479475855827332,0.5208331346511841,0.46600136160850525,0.0
1377,1.0,0.0,0.0,0.0,0.0,0.0,0.5723434090614319,0.5549017190933228,0.5757603645324707,0.5472656488418579,0.5199424028396606,0.45963242650032043,2.0
1378,1.0,0.0,0.0,0.0,0.0,0.0,0.5731943845748901,0.5554078221321106,0.5764740109443665,0.5489280223846436,0.5219754576683044,0.46669015288352966,0.0
1379,1.0,0.0,0.0,0.0,0.0,0.0,0.5719218850135803,0.5546252131462097,0.5752454996109009,0.5466735363006592,0.5200064182281494,0.45994865894317627,1.0
1380,1.0,0.0,0.0,0.0,0.0,1.0,0.5722324848175049,0.5545952320098877,0.5756307244300842,0.5470261573791504,0.5195620059967041,0.4592125415802002,2.0
1381,1.0,0.0,0.0,0.0,0.0,0.0,0.5732060670852661,0.5553939342498779,0.5764383673667908,0.548912763595581,0.5219733119010925,0.4667131006717682,0.0
1382,1.0,0.0,0.0,0.0,0.0,0.0,0.5738093256950378,0.556498110294342,0.5771496295928955,0.5497737526893616,0.523052990436554,0.4674068093299866,0.0
1383,1.0,0.0,0.0,0.0,0.0,0.0,0.5726230144500732,0.5545167326927185,0.5758144855499268,0.5482032299041748,0.5211864709854126,0.4663679003715515,0.0
1384,1.0,0.0,0.0,0.0,1.0,0.0,0.5727741122245789,0.5547161102294922,0.5756705403327942,0.5480793714523315,0.5157532095909119,0.4508626163005829,3.0
1385,1.0,0.0,0.0,0.0,1.0,0.0,0.5719028115272522,0.5543114542961121,0.5752006769180298,0.5463814735412598,0.5193927884101868,0.45908671617507935,1.0
1386,1.0,0.0,0.0,0.0,0.0,0.0,0.5723816752433777,0.5538878440856934,0.5755351781845093,0.5476609468460083,0.5202423334121704,0.46530407667160034,0.0
1387,1.0,0.0,0.0,0.0,1.0,0.0,0.5720934271812439,0.5542779564857483,0.5754750967025757,0.5467572808265686,0.5191372632980347,0.4587153196334839,2.0
1388,1.0,0.0,0.0,0.0,0.0,0.0,0.5738699436187744,0.5566833019256592,0.5769838690757751,0.5496549010276794,0.5177505016326904,0.4518602788448334,3.0
1389,1.0,0.0,0.0,0.0,0.0,0.0,0.5719567537307739,0.5543970465660095,0.5752213597297668,0.5464405417442322,0.5194679498672485,0.4591931700706482,1.0
1390,1.0,0.0,0.0,0.0,1.0,0.0,0.5731526017189026,0.556090772151947,0.5753673911094666,0.5474798679351807,0.5211017727851868,0.45392900705337524,4.0
1391,1.0,0.0,0.0,0.0,1.0,0.0,0.5732343196868896,0.556833028793335,0.5767384171485901,0.5484756231307983,0.5221350789070129,0.4611530303955078,1.0
1392,1.0,0.0,0.0,0.0,0.0,0.0,0.5724049806594849,0.5541371703147888,0.5752695202827454,0.5476108193397522,0.5152376294136047,0.4507313072681427,3.0
1393,1.0,0.0,0.0,0.0,0.0,0.0,0.5717095136642456,0.5537182092666626,0.5750430822372437,0.5463504791259766,0.5186875462532043,0.45863497257232666,2.0
1394,1.0,0.0,0.0,0.0,0.0,0.0,0.5727725625038147,0.5556653738021851,0.5761726498603821,0.547481119632721,0.5206089019775391,0.45956242084503174,1.0
1395,1.0,0.0,0.0,0.0,0.0,0.0,0.5712264776229858,0.5532554388046265,0.5744138956069946,0.5456042289733887,0.5185356736183167,0.45893386006355286,1.0
1396,1.0,0.0,0.0,0.0,0.0,0.0,0.5719771385192871,0.5530440807342529,0.5747008919715881,0.5467128753662109,0.5137072205543518,0.4492295980453491,3.0
1397,1.0,0.0,0.0,0.0,0.0,0.0,0.5723883509635925,0.5539920926094055,0.5752180218696594,0.5474493503570557,0.5148734450340271,0.45022517442703247,3.0
1398,1.0,0.0,0.0,0.0,0.0,0.0,0.5718794465065002,0.5541313886642456,0.575149655342102,0.5462427735328674,0.5191060304641724,0.45872125029563904,1.0
1399,1.0,0.0,0.0,0.0,0.0,0.0,0.5718454718589783,0.5537299513816833,0.5738561749458313,0.5455697774887085,0.5186457633972168,0.4523410201072693,4.0
1400,1.0,0.0,0.0,0.0,0.0,0.0,0.5724671483039856,0.5548641085624695,0.5745449662208557,0.5464463233947754,0.5198529958724976,0.4531581401824951,4.0
1401,1.0,0.0,0.0,0.0,0.0,0.0,0.5721895694732666,0.5534118413925171,0.575299859046936,0.5472414493560791,0.5196128487586975,0.4647248089313507,0.0
1402,1.0,0.0,0.0,0.0,0.0,0.0,0.5721239447593689,0.5532271862030029,0.5752125978469849,0.5471317172050476,0.5194562673568726,0.4645870625972748,0.0
1403,1.0,0.0,0.0,0.0,0.0,0.0,0.5725950002670288,0.5552076697349548,0.5760230422019958,0.5475197434425354,0.5201413035392761,0.4594913423061371,2.0
1404,1.0,0.0,0.0,0.0,1.0,0.0,0.5731275081634521,0.5562284588813782,0.5766628980636597,0.548353374004364,0.5213218331336975,0.46053630113601685,2.0
1405,1.0,0.0,0.0,0.0,0.0,0.0,0.5725529193878174,0.5555965900421143,0.5759673714637756,0.5474307537078857,0.5208231210708618,0.4602634012699127,1.0
1406,1.0,0.0,0.0,0.0,0.0,0.0,0.5727943778038025,0.5559201836585999,0.5762341618537903,0.5476727485656738,0.5210261940956116,0.46009981632232666,1.0
1407,1.0,0.0,0.0,0.0,0.0,0.0,0.5730684399604797,0.555194079875946,0.5760287046432495,0.5484800934791565,0.516235888004303,0.4510079324245453,3.0
1408,1.0,0.0,0.0,0.0,0.0,0.0,0.5725592374801636,0.555150032043457,0.5746177434921265,0.546714723110199,0.5203084349632263,0.4537643790245056,4.0
1409,1.0,0.0,0.0,0.0,0.0,0.0,0.5723260045051575,0.5547250509262085,0.5744032263755798,0.5463652014732361,0.5198191404342651,0.4534062147140503,4.0
1410,1.0,0.0,0.0,0.0,0.0,0.0,0.5723997950553894,0.5538506507873535,0.5755418539047241,0.5476362705230713,0.5202069282531738,0.4652169644832611,0.0
1411,0.0,1.0,0.0,0.0,0.0,0.0,0.5728310942649841,0.5558685660362244,0.5762303471565247,0.547630786895752,0.5209113955497742,0.4598948061466217,1.0
1412,0.0,1.0,0.0,0.0,0.0,0.0,0.5735198259353638,0.5556589961051941,0.5768181085586548,0.5491460561752319,0.5219506025314331,0.46616455912590027,0.0
1413,0.0,1.0,0.0,0.0,0.0,0.0,0.5736044049263,0.5568786263465881,0.577124834060669,0.5485131740570068,0.5215893983840942,0.4597126841545105,1.0
1414,0.0,1.0,0.0,0.0,0.0,0.0,0.5732611417770386,0.5563923120498657,0.5767262578010559,0.5481053590774536,0.521188497543335,0.4596404433250427,1.0
1415,0.0,1.0,0.0,0.0,0.0,0.0,0.5731492042541504,0.5557241439819336,0.5752837657928467,0.5471639633178711,0.5204020738601685,0.4529170095920563,4.0
1416,0.0,1.0,0.0,0.0,0.0,0.0,0.574296772480011,0.5565813183784485,0.5773262977600098,0.5495660305023193,0.5168889760971069,0.44979536533355713,3.0
1417,0.0,1.0,0.0,0.0,0.0,0.0,0.5735072493553162,0.5564761757850647,0.575691282749176,0.5478100776672363,0.5213704705238342,0.4538818597793579,4.0
1418,0.0,1.0,0.0,0.0,0.0,0.0,0.5742718577384949,0.5575591921806335,0.5777725577354431,0.5491243004798889,0.5219125151634216,0.4591755270957947,1.0
1419,0.0,1.0,0.0,0.0,0.0,0.0,0.5729892253875732,0.5560204982757568,0.5763863325119019,0.5477709174156189,0.5208696126937866,0.45960986614227295,1.0
1420,0.0,1.0,0.0,0.0,0.0,0.0,0.5722960829734802,0.5546501874923706,0.5756143927574158,0.5467115640640259,0.5194250345230103,0.45839884877204895,1.0
1421,0.0,1.0,0.0,0.0,0.0,0.0,0.5738474130630493,0.556025505065918,0.5771682858467102,0.5494120121002197,0.5220177173614502,0.4657260775566101,0.0
1422,0.0,1.0,0.0,0.0,0.0,0.0,0.5726712942123413,0.5550330877304077,0.5760820508003235,0.5473511815071106,0.5196038484573364,0.45847615599632263,2.0
1423,0.0,1.0,0.0,0.0,0.0,0.0,0.5735396146774292,0.5565815567970276,0.5769805312156677,0.5482825040817261,0.5211478471755981,0.45920684933662415,1.0
1424,0.0,1.0,0.0,0.0,0.0,0.0,0.573982298374176,0.5563569068908691,0.5770208835601807,0.5493391156196594,0.5168339014053345,0.45017510652542114,3.0
1425,0.0,1.0,0.0,0.0,0.0,0.0,0.5736939907073975,0.5560880303382874,0.5767076015472412,0.5491560101509094,0.5169154405593872,0.4509623050689697,3.0
1426,0.0,1.0,0.0,0.0,0.0,0.0,0.5728366374969482,0.5550286769866943,0.5758035778999329,0.5483037829399109,0.5161649584770203,0.45128965377807617,3.0
1427,0.0,1.0,0.0,0.0,0.0,0.0,0.5724507570266724,0.5539666414260864,0.5756262540817261,0.5477310419082642,0.5202909708023071,0.46519550681114197,0.0
1428,0.0,1.0,0.0,0.0,0.0,0.0,0.5726097226142883,0.5544590950012207,0.5754861831665039,0.5479152798652649,0.5155345797538757,0.4507949650287628,3.0
1429,0.0,1.0,0.0,0.0,0.0,0.0,0.5722628235816956,0.5536561608314514,0.5753800868988037,0.5474640727043152,0.5200402736663818,0.46518492698669434,0.0
1430,0.0,1.0,0.0,0.0,0.0,0.0,0.5727376937866211,0.555474042892456,0.5761992335319519,0.5477908849716187,0.5205686688423157,0.4599497616291046,2.0
1431,0.0,1.0,0.0,0.0,0.0,0.0,0.5724380612373352,0.5542141199111938,0.575307309627533,0.5476943254470825,0.5153366327285767,0.45086172223091125,3.0
1432,0.0,1.0,0.0,0.0,0.0,0.0,0.5716837048530579,0.5526511669158936,0.5744372606277466,0.5464248061180115,0.5134763717651367,0.4493022561073303,3.0
1433,0.0,1.0,0.0,0.0,0.0,0.0,0.5715920925140381,0.5534393191337585,0.574779748916626,0.5456596612930298,0.5180917382240295,0.45764365792274475,1.0
1434,0.0,1.0,0.0,0.0,0.0,0.0,0.5727729201316833,0.5550637245178223,0.5748780369758606,0.5466848015785217,0.519740879535675,0.452442467212677,4.0
1435,0.0,1.0,0.0,0.0,0.0,0.0,0.5726272463798523,0.5542010068893433,0.5757864713668823,0.5479452610015869,0.5204893350601196,0.46527233719825745,0.0
1436,0.0,1.0,0.0,0.0,0.0,0.0,0.5733975172042847,0.556325376033783,0.576910674571991,0.5484362840652466,0.520989179611206,0.45956000685691833,2.0
1437,0.0,1.0,0.0,0.0,0.0,0.0,0.5714378356933594,0.5531535744667053,0.574700653553009,0.5458501577377319,0.5180261731147766,0.4581925868988037,2.0
1438,0.0,1.0,0.0,0.0,0.0,0.0,0.572431206703186,0.5547823905944824,0.5744996070861816,0.546387791633606,0.519737720489502,0.453081876039505,4.0
1439,0.0,1.0,0.0,0.0,0.0,0.0,0.5724024176597595,0.5545138120651245,0.5744675397872925,0.5461664199829102,0.5191599726676941,0.45211395621299744,4.0
1440,0.0,1.0,0.0,0.0,0.0,0.0,0.5724295973777771,0.5546059608459473,0.5744936466217041,0.5463334321975708,0.5195583701133728,0.45285764336586,4.0
1441,0.0,1.0,0.0,0.0,0.0,0.0,0.5726215243339539,0.5542706251144409,0.575814962387085,0.5480234622955322,0.5206977128982544,0.4656093418598175,0.0
1442,0.0,1.0,0.0,0.0,0.0,0.0,0.5733044743537903,0.5552957653999329,0.5765371322631836,0.5488277673721313,0.5215947031974792,0.4660171568393707,0.0
1443,0.0,1.0,0.0,0.0,0.0,0.0,0.572394073009491,0.5544146299362183,0.5743869543075562,0.5461075305938721,0.5191663503646851,0.45234549045562744,4.0
1444,0.0,1.0,0.0,0.0,0.0,0.0,0.5724197626113892,0.5535985231399536,0.5755463242530823,0.5474050045013428,0.5196212530136108,0.4642929434776306,0.0
1445,0.0,1.0,0.0,0.0,0.0,0.0,0.5735713839530945,0.5566292405128479,0.5758056640625,0.5479675531387329,0.5216194987297058,0.45416852831840515,4.0
1446,0.0,1.0,0.0,0.0,0.0,0.0,0.5722700953483582,0.5547282099723816,0.5755408406257629,0.5467777252197266,0.5197070240974426,0.4589913785457611,1.0
1447,0.0,1.0,0.0,0.0,0.0,0.0,0.572085440158844,0.5534008145332336,0.5751820206642151,0.5472769141197205,0.5198656916618347,0.46517837047576904,0.0
1448,0.0,1.0,0.0,0.0,0.0,0.0,0.5731273889541626,0.5561510920524597,0.576553463935852,0.5478840470314026,0.5209347009658813,0.4595106542110443,1.0
1449,0.0,1.0,0.0,0.0,0.0,0.0,0.5721924304962158,0.554812490940094,0.5755196213722229,0.5468003153800964,0.5199006199836731,0.4593905210494995,1.0
1450,0.0,1.0,0.0,0.0,0.0,0.0,0.5735489726066589,0.556507408618927,0.5757262110710144,0.5477861762046814,0.521300196647644,0.45364218950271606,4.0
1451,0.0,1.0,0.0,0.0,0.0,0.0,0.5727208256721497,0.5555706024169922,0.5761681795120239,0.5477906465530396,0.5206221342086792,0.46001866459846497,2.0
1452,0.0,1.0,0.0,0.0,0.0,0.0,0.5726996064186096,0.5554078221321106,0.576138973236084,0.5476570129394531,0.5203402042388916,0.4596768617630005,2.0
1453,0.0,1.0,0.0,0.0,0.0,0.0,0.5717583298683167,0.5541020035743713,0.5750219225883484,0.5462096929550171,0.5191790461540222,0.4589962363243103,1.0
1454,0.0,1.0,0.0,0.0,0.0,0.0,0.5729398131370544,0.5545750856399536,0.5761350989341736,0.5482297539710999,0.5207114815711975,0.46514761447906494,0.0
1455,0.0,1.0,0.0,0.0,0.0,0.0,0.5715808272361755,0.5535485148429871,0.5748041868209839,0.5457695126533508,0.5183811783790588,0.4580499231815338,1.0
1456,0.0,1.0,0.0,0.0,0.0,0.0,0.5727737545967102,0.5554990172386169,0.5762261748313904,0.5477785468101501,0.5204745531082153,0.4597531855106354,2.0
1457,0.0,1.0,0.0,0.0,0.0,0.0,0.5725578665733337,0.5538808107376099,0.5757332444190979,0.5476664900779724,0.5199450254440308,0.46445515751838684,0.0
1458,0.0,1.0,0.0,0.0,0.0,0.0,0.5726438164710999,0.5550456643104553,0.5747309327125549,0.5466215014457703,0.5198895335197449,0.45296937227249146,4.0
1459,0.0,1.0,0.0,0.0,0.0,0.0,0.5727269649505615,0.5554797649383545,0.5761803984642029,0.5477903485298157,0.5205675959587097,0.4599868953227997,2.0
1460,0.0,1.0,0.0,0.0,0.0,0.0,0.5726959705352783,0.5540038347244263,0.5754984021186829,0.5474683046340942,0.5143806338310242,0.4488268494606018,3.0
1461,0.0,1.0,0.0,0.0,0.0,0.0,0.5725447535514832,0.5554566383361816,0.5758841037750244,0.5473740696907043,0.5206807851791382,0.46006256341934204,1.0
1462,0.0,1.0,0.0,0.0,0.0,0.0,0.57257080078125,0.5542352795600891,0.5757386088371277,0.547970175743103,0.5206766128540039,0.4656822979450226,0.0
1463,0.0,1.0,0.0,0.0,0.0,0.0,0.5724808573722839,0.5541104078292847,0.575657069683075,0.5478689074516296,0.5205745100975037,0.46564170718193054,0.0
1464,0.0,1.0,0.0,0.0,0.0,0.0,0.5728636384010315,0.5549888610839844,0.5757803320884705,0.5482843518257141,0.5161469578742981,0.4513334333896637,3.0
1465,0.0,1.0,0.0,0.0,0.0,0.0,0.5733790993690491,0.5564794540405273,0.5768985748291016,0.548541247844696,0.5213942527770996,0.4602484405040741,2.0
1466,0.0,1.0,0.0,0.0,0.0,0.0,0.5723432302474976,0.5549748539924622,0.5756865739822388,0.5469045639038086,0.5198598504066467,0.45906251668930054,1.0
1467,0.0,1.0,0.0,0.0,0.0,0.0,0.5733576416969299,0.5554384589195251,0.5766580104827881,0.5489424467086792,0.5216814279556274,0.46588966250419617,0.0
1468,0.0,1.0,0.0,0.0,0.0,0.0,0.5726552605628967,0.5554426908493042,0.5760056972503662,0.5473441481590271,0.5204010009765625,0.45942458510398865,1.0
1469,0.0,1.0,0.0,0.0,0.0,0.0,0.5720042586326599,0.5532336831092834,0.5747849941253662,0.5468878149986267,0.5140137672424316,0.44954466819763184,3.0
1470,0.0,1.0,0.0,0.0,0.0,0.0,0.572983980178833,0.5556111335754395,0.5751302242279053,0.5471107363700867,0.5205522775650024,0.45345816016197205,4.0
1471,0.0,1.0,0.0,0.0,0.0,0.0,0.5725645422935486,0.5554359555244446,0.5759516358375549,0.5473685264587402,0.5205438137054443,0.4597959816455841,1.0
1472,0.0,1.0,0.0,0.0,0.0,0.0,0.5728676915168762,0.5555077195167542,0.5763120651245117,0.5477688312530518,0.5203158259391785,0.45933905243873596,2.0
1473,0.0,1.0,0.0,0.0,0.0,0.0,0.5732134580612183,0.5554504990577698,0.5762153267860413,0.5487162470817566,0.5164899230003357,0.45109638571739197,3.0
1474,0.0,1.0,0.0,0.0,0.0,0.0,0.5730946063995361,0.5553888082504272,0.5760473608970642,0.5486493706703186,0.5165730118751526,0.451553612947464,3.0
1475,0.0,1.0,0.0,0.0,0.0,0.0,0.5728782415390015,0.5555360317230225,0.5763185620307922,0.5477935075759888,0.52036452293396,0.4593779146671295,2.0
1476,0.0,1.0,0.0,0.0,0.0,0.0,0.5724095106124878,0.5541635751724243,0.5752376914024353,0.5476523041725159,0.5153250098228455,0.45088502764701843,3.0
1477,0.0,1.0,0.0,0.0,0.0,0.0,0.5723328590393066,0.5546349883079529,0.5757269859313965,0.5470558404922485,0.5194774270057678,0.4588906764984131,2.0
1478,0.0,1.0,0.0,0.0,0.0,0.0,0.5724886059761047,0.5548433661460876,0.574589729309082,0.546511173248291,0.5198255181312561,0.45309239625930786,4.0
1479,0.0,1.0,0.0,0.0,0.0,0.0,0.5727246999740601,0.5552479028701782,0.5748324394226074,0.546792209148407,0.5201830863952637,0.45327818393707275,4.0
1480,0.0,1.0,0.0,0.0,0.0,0.0,0.5727419853210449,0.5541458129882812,0.5759254693984985,0.547913670539856,0.5201963186264038,0.46459487080574036,0.0
1481,0.0,1.0,0.0,0.0,0.0,0.0,0.5720392465591431,0.553471028804779,0.5748627185821533,0.5470741987228394,0.5144430994987488,0.45013877749443054,3.0
1482,0.0,1.0,0.0,0.0,0.0,0.0,0.5733655095100403,0.5564717054367065,0.575541615486145,0.5478489398956299,0.521658182144165,0.45460253953933716,4.0
1483,0.0,1.0,0.0,0.0,0.0,0.0,0.5725401043891907,0.5541810989379883,0.5756819248199463,0.547918975353241,0.5206353664398193,0.46571317315101624,0.0
1484,0.0,1.0,0.0,0.0,0.0,0.0,0.5732257962226868,0.5557050704956055,0.5753989815711975,0.5471259355545044,0.5201746225357056,0.45233154296875,4.0
1485,0.0,1.0,0.0,0.0,0.0,0.0,0.5719092488288879,0.5538488626480103,0.5739138722419739,0.545642614364624,0.5187340974807739,0.45230385661125183,4.0
1486,0.0,1.0,0.0,0.0,0.0,0.0,0.5734091401100159,0.5554776787757874,0.5767068862915039,0.5490156412124634,0.5217342972755432,0.4660203158855438,0.0
1487,0.0,1.0,0.0,0.0,0.0,0.0,0.5727319717407227,0.554486095905304,0.5758993625640869,0.5481990575790405,0.5209954977035522,0.46596917510032654,0.0
1488,0.0,1.0,0.0,0.0,0.0,0.0,0.5732982158660889,0.5564254522323608,0.5767490267753601,0.5481473207473755,0.5212721228599548,0.45970290899276733,1.0
1489,0.0,1.0,0.0,0.0,0.0,0.0,0.5727179646492004,0.5547611713409424,0.5756024718284607,0.5481216311454773,0.5159839987754822,0.4513515532016754,3.0
1490,0.0,1.0,0.0,0.0,0.0,0.0,0.5732462406158447,0.555692195892334,0.5765244960784912,0.5491394996643066,0.5224254131317139,0.46730151772499084,0.0
1491,0.0,1.0,0.0,0.0,0.0,0.0,0.5740496516227722,0.5575867891311646,0.5777091979980469,0.5494946837425232,0.5224941372871399,0.46085822582244873,2.0
1492,0.0,1.0,0.0,0.0,0.0,0.0,0.5734650492668152,0.5557713508605957,0.5764378309249878,0.5488560795783997,0.5166079998016357,0.45088687539100647,3.0
1493,0.0,1.0,0.0,0.0,0.0,0.0,0.5723309516906738,0.5550763010978699,0.5756480097770691,0.5470022559165955,0.5201968550682068,0.45966213941574097,1.0
1494,0.0,1.0,0.0,0.0,0.0,0.0,0.5715936422348022,0.5537726283073425,0.5748109221458435,0.5459924936294556,0.5189261436462402,0.4588755667209625,1.0
1495,0.0,1.0,0.0,0.0,0.0,0.0,0.5720158815383911,0.5541025400161743,0.5740246772766113,0.5458974242210388,0.5191769599914551,0.4529075622558594,4.0
1496,0.0,1.0,0.0,0.0,0.0,0.0,0.5714533925056458,0.5529409050941467,0.5733650922775269,0.5449621081352234,0.5178319811820984,0.4517916440963745,4.0
1497,0.0,1.0,0.0,0.0,0.0,0.0,0.5734232664108276,0.5565104484558105,0.5769505500793457,0.5485864281654358,0.5213910937309265,0.460178405046463,2.0
1498,0.0,1.0,0.0,0.0,0.0,0.0,0.5730988383293152,0.5556700825691223,0.5752221345901489,0.5471453666687012,0.52036452293396,0.45290833711624146,4.0
1499,0.0,1.0,0.0,0.0,0.0,0.0,0.5727390050888062,0.5552430748939514,0.5761553049087524,0.5475609302520752,0.5199804902076721,0.4589848816394806,2.0
1500,0.0,1.0,0.0,0.0,0.0,0.0,0.5726444721221924,0.5550994277000427,0.5747365951538086,0.5466834902763367,0.5200116634368896,0.45318302512168884,4.0
1501,0.0,1.0,0.0,0.0,0.0,0.0,0.573666512966156,0.555640697479248,0.5769336819648743,0.5491058826446533,0.521572470664978,0.46534454822540283,0.0
1502,0.0,1.0,0.0,0.0,0.0,0.0,0.5727981328964233,0.5553524494171143,0.5761273503303528,0.5471991896629333,0.5198329091072083,0.4583168923854828,1.0
1503,0.0,1.0,0.0,0.0,0.0,0.0,0.571917712688446,0.5540387034416199,0.5751360058784485,0.5461697578430176,0.518844723701477,0.4582582414150238,1.0
1504,0.0,1.0,0.0,0.0,0.0,0.0,0.5730728507041931,0.555544376373291,0.5752131342887878,0.5470007061958313,0.5200656652450562,0.45251229405403137,4.0
1505,0.0,1.0,0.0,0.0,0.0,0.0,0.5726457834243774,0.5548771023750305,0.5760390758514404,0.5472306609153748,0.5193498730659485,0.45816123485565186,2.0
1506,0.0,1.0,0.0,0.0,0.0,0.0,0.5733400583267212,0.5553199052810669,0.5765997767448425,0.548846960067749,0.5215270519256592,0.4658001661300659,0.0
1507,0.0,1.0,0.0,0.0,0.0,0.0,0.5728270411491394,0.5543175339698792,0.5756896734237671,0.5477105975151062,0.5147517323493958,0.44921642541885376,3.0
1508,0.0,1.0,0.0,0.0,0.0,0.0,0.5720478296279907,0.5539616942405701,0.5754181742668152,0.5465148687362671,0.5185410380363464,0.4578402638435364,2.0
1509,0.0,1.0,0.0,0.0,0.0,0.0,0.5730982422828674,0.5555188655853271,0.5765407681465149,0.5477651953697205,0.519897997379303,0.4583427906036377,2.0
1510,0.0,1.0,0.0,0.0,0.0,0.0,0.5729035139083862,0.5553600192070007,0.5763558149337769,0.5476956367492676,0.5199682712554932,0.4587246775627136,2.0
1511,0.0,1.0,0.0,0.0,0.0,0.0,0.5730273127555847,0.5562874674797058,0.5764559507369995,0.5480232238769531,0.5213984847068787,0.4603396952152252,1.0
1512,0.0,1.0,0.0,0.0,0.0,0.0,0.5723453164100647,0.5546948909759521,0.5757502317428589,0.5470991134643555,0.5195197463035583,0.45887863636016846,2.0
1513,0.0,1.0,0.0,0.0,0.0,0.0,0.5726394057273865,0.5549582242965698,0.5760486125946045,0.5473414659500122,0.5196207761764526,0.45865508913993835,2.0
1514,0.0,1.0,0.0,0.0,0.0,0.0,0.5724590420722961,0.5541141033172607,0.5752943754196167,0.5476179122924805,0.5151450037956238,0.4505060017108917,3.0
1515,0.0,1.0,0.0,0.0,0.0,0.0,0.5724336504936218,0.5549259185791016,0.574483335018158,0.5465083718299866,0.520047664642334,0.45362600684165955,4.0
1516,0.0,1.0,0.0,0.0,0.0,0.0,0.5728029012680054,0.5555742383003235,0.5749450922012329,0.5470771193504333,0.5207204818725586,0.4539523422718048,4.0
1517,0.0,1.0,0.0,0.0,0.0,0.0,0.5724636912345886,0.5540316104888916,0.575615644454956,0.5478000640869141,0.520453929901123,0.46548089385032654,0.0
1518,0.0,1.0,0.0,0.0,0.0,0.0,0.5730848908424377,0.5550296902656555,0.5762975811958313,0.5486060380935669,0.5213895440101624,0.46603521704673767,0.0
1519,0.0,1.0,0.0,0.0,0.0,0.0,0.5725375413894653,0.5542300939559937,0.5754090547561646,0.5476557016372681,0.515081524848938,0.450166791677475,3.0
1520,0.0,1.0,0.0,0.0,0.0,0.0,0.5729107856750488,0.5556511878967285,0.575043261051178,0.5471256971359253,0.5207035541534424,0.45376360416412354,4.0
1521,0.0,1.0,0.0,0.0,0.0,0.0,0.5720608830451965,0.5531659126281738,0.5751731991767883,0.5470812916755676,0.5193324685096741,0.46438542008399963,0.0
1522,0.0,1.0,0.0,0.0,0.0,0.0,0.571999728679657,0.5539899468421936,0.5740104913711548,0.5458106994628906,0.5189187526702881,0.4524856507778168,4.0
1523,0.0,1.0,0.0,0.0,0.0,0.0,0.5736903548240662,0.5559852123260498,0.5770185589790344,0.5493894815444946,0.52223140001297,0.4662269651889801,0.0
1524,0.0,1.0,0.0,0.0,0.0,0.0,0.5727952718734741,0.5553744435310364,0.5749523639678955,0.5469237565994263,0.5203111171722412,0.4533414840698242,4.0
1525,0.0,1.0,0.0,0.0,0.0,0.0,0.5728479027748108,0.5555710792541504,0.5762890577316284,0.5478518009185791,0.5205501914024353,0.45979541540145874,2.0
1526,0.0,1.0,0.0,0.0,0.0,0.0,0.5724229216575623,0.55384361743927,0.5756037831306458,0.5476376414299011,0.5200825929641724,0.46490272879600525,0.0
1527,0.0,1.0,0.0,0.0,0.0,0.0,0.573606014251709,0.556827187538147,0.5758832693099976,0.5481312870979309,0.5218786597251892,0.4544380307197571,4.0
1528,0.0,1.0,0.0,0.0,0.0,0.0,0.5725259780883789,0.5549407005310059,0.5746284127235413,0.5465282797813416,0.5198048949241638,0.45297515392303467,4.0
1529,0.0,1.0,0.0,0.0,0.0,0.0,0.5717399716377258,0.5536789298057556,0.5737475156784058,0.5455254316329956,0.5187018513679504,0.4525779187679291,4.0
1530,0.0,1.0,0.0,0.0,0.0,0.0,0.572587251663208,0.5549412369728088,0.5760005116462708,0.5473267436027527,0.5197075605392456,0.45881929993629456,2.0
1531,0.0,1.0,0.0,0.0,0.0,0.0,0.5722709894180298,0.5535356998443604,0.5750404000282288,0.5470350980758667,0.5141016244888306,0.44918376207351685,3.0
1532,0.0,1.0,0.0,0.0,0.0,0.0,0.5726696252822876,0.5541897416114807,0.5754895806312561,0.5476218461990356,0.5147935152053833,0.44955986738204956,3.0
1533,0.0,1.0,0.0,0.0,0.0,0.0,0.572474479675293,0.554115355014801,0.575639009475708,0.5478639006614685,0.5206384658813477,0.4658602774143219,0.0
1534,0.0,1.0,0.0,0.0,0.0,0.0,0.57362961769104,0.5565781593322754,0.5758563876152039,0.5479008555412292,0.5213741660118103,0.45362457633018494,4.0
1535,0.0,1.0,0.0,0.0,0.0,0.0,0.5724939107894897,0.5553074479103088,0.5758687853813171,0.5471978783607483,0.5203862190246582,0.45962396264076233,1.0
1536,0.0,1.0,0.0,0.0,0.0,0.0,0.5728930830955505,0.5545740723609924,0.5757748484611511,0.5479415655136108,0.5152493119239807,0.44977134466171265,3.0
1537,0.0,1.0,0.0,0.0,0.0,0.0,0.5719140768051147,0.553385853767395,0.5751640796661377,0.5459722280502319,0.5175684690475464,0.4566919803619385,2.0
1538,0.0,1.0,0.0,0.0,0.0,0.0,0.5729870200157166,0.5549019575119019,0.5762119889259338,0.5484927296638489,0.521283745765686,0.46598827838897705,0.0
1539,0.0,1.0,0.0,0.0,0.0,0.0,0.5729405879974365,0.5558376908302307,0.5764036774635315,0.5480289459228516,0.5208706855773926,0.4600864052772522,2.0
1540,0.0,1.0,0.0,0.0,0.0,0.0,0.5717735886573792,0.552985429763794,0.5745007991790771,0.5467029213905334,0.5140539407730103,0.4502100944519043,3.0
1541,0.0,1.0,0.0,0.0,0.0,0.0,0.5716108083724976,0.5536592602729797,0.5749129056930542,0.5463250279426575,0.518824577331543,0.4591122567653656,2.0
1542,0.0,1.0,0.0,0.0,0.0,0.0,0.572451114654541,0.5540302991867065,0.5752853155136108,0.547511875629425,0.514870822429657,0.45011070370674133,3.0
1543,0.0,1.0,0.0,0.0,0.0,0.0,0.5728532075881958,0.554753303527832,0.5757688879966736,0.5481158494949341,0.5156468152999878,0.4504724144935608,3.0
1544,0.0,1.0,0.0,0.0,0.0,0.0,0.572216272354126,0.5546910166740417,0.5756159424781799,0.5471285581588745,0.5198217630386353,0.45958054065704346,2.0
1545,0.0,1.0,0.0,0.0,0.0,0.0,0.5723474025726318,0.5545167326927185,0.575711190700531,0.5469282269477844,0.5191293358802795,0.4582820534706116,2.0
1546,0.0,1.0,0.0,0.0,0.0,0.0,0.5733419060707092,0.5553826689720154,0.5762929916381836,0.5485816597938538,0.5159934759140015,0.45008212327957153,3.0
1547,0.0,1.0,0.0,0.0,0.0,0.0,0.5725988149642944,0.5541070103645325,0.5757600665092468,0.5478730201721191,0.5203867554664612,0.465169757604599,0.0
1548,0.0,1.0,0.0,0.0,0.0,0.0,0.572679340839386,0.5544221997261047,0.5755548477172852,0.5478633642196655,0.5153392553329468,0.4504355788230896,3.0
1549,0.0,1.0,0.0,0.0,0.0,0.0,0.5729169249534607,0.554561972618103,0.5758103132247925,0.5479555130004883,0.5151937007904053,0.44970932602882385,3.0
1550,0.0,1.0,0.0,0.0,0.0,0.0,0.5727298259735107,0.5545154213905334,0.5759345293045044,0.5481691360473633,0.5209611058235168,0.4658484160900116,0.0
1551,0.0,1.0,0.0,0.0,0.0,0.0,0.5724026560783386,0.5539546012878418,0.5755576491355896,0.5477743744850159,0.520438551902771,0.46564486622810364,0.0
1552,0.0,1.0,0.0,0.0,0.0,0.0,0.5723560452461243,0.553761899471283,0.5754875540733337,0.5475782752037048,0.520116925239563,0.46510595083236694,0.0
1553,0.0,1.0,0.0,0.0,0.0,0.0,0.573158323764801,0.556016206741333,0.5766533017158508,0.5481890439987183,0.520840585231781,0.45965883135795593,2.0
1554,0.0,1.0,0.0,0.0,0.0,0.0,0.572337806224823,0.5540208220481873,0.5751835703849792,0.5475336313247681,0.515068769454956,0.45057380199432373,3.0
1555,0.0,1.0,0.0,0.0,0.0,0.0,0.5730647444725037,0.5550042986869812,0.5759902000427246,0.5483554601669312,0.515852153301239,0.4505276083946228,3.0
1556,0.0,1.0,0.0,0.0,0.0,0.0,0.5715296864509583,0.5535005927085876,0.5747389197349548,0.5457726120948792,0.5184722542762756,0.4583527147769928,1.0
1557,0.0,1.0,0.0,0.0,0.0,0.0,0.5729434490203857,0.5556053519248962,0.576387345790863,0.5478754043579102,0.5204554796218872,0.4594380259513855,2.0
1558,0.0,1.0,0.0,0.0,0.0,0.0,0.5727380514144897,0.5554347634315491,0.5761904716491699,0.5477481484413147,0.5204015374183655,0.459660142660141,2.0
1559,0.0,1.0,0.0,0.0,0.0,0.0,0.5720266699790955,0.5541455149650574,0.5753850340843201,0.546690046787262,0.5190303325653076,0.45870640873908997,2.0
1560,0.0,1.0,0.0,0.0,0.0,0.0,0.572438657283783,0.5552472472190857,0.5758014917373657,0.5471833944320679,0.5203830599784851,0.459716260433197,1.0
1561,0.0,1.0,0.0,0.0,0.0,0.0,0.572828471660614,0.555888831615448,0.5762637257575989,0.5476953387260437,0.5209854245185852,0.45995956659317017,1.0
1562,0.0,1.0,0.0,0.0,0.0,0.0,0.5723568797111511,0.5552522540092468,0.5757145881652832,0.5471978783607483,0.5205808281898499,0.4601590931415558,1.0
1563,0.0,1.0,0.0,0.0,0.0,0.0,0.5737335085868835,0.556027352809906,0.5770369172096252,0.5494109988212585,0.5222472548484802,0.46624523401260376,0.0
1564,0.0,1.0,0.0,0.0,0.0,0.0,0.5738885998725891,0.5564433336257935,0.576911985874176,0.5494668483734131,0.5173096656799316,0.4511866271495819,3.0
1565,0.0,1.0,0.0,0.0,0.0,0.0,0.5728338956832886,0.5546122789382935,0.5760502219200134,0.5482677817344666,0.5209754109382629,0.4656544625759125,0.0
1566,0.0,1.0,0.0,0.0,0.0,0.0,0.5731295347213745,0.5563282370567322,0.5765787959098816,0.5480562448501587,0.5213244557380676,0.4600500464439392,1.0
1567,0.0,1.0,0.0,0.0,0.0,0.0,0.5723289847373962,0.5549587607383728,0.5756765007972717,0.5468791127204895,0.5199111700057983,0.45919618010520935,1.0
1568,0.0,1.0,0.0,0.0,0.0,0.0,0.573239803314209,0.5559746026992798,0.5754313468933105,0.5473719239234924,0.5207093358039856,0.4532616138458252,4.0
1569,0.0,1.0,0.0,0.0,0.0,0.0,0.572942852973938,0.554693877696991,0.5761454701423645,0.5483113527297974,0.5209140777587891,0.46545636653900146,0.0
1570,0.0,1.0,0.0,0.0,0.0,0.0,0.5727492570877075,0.5551013946533203,0.5748708248138428,0.5467042326927185,0.5198149085044861,0.4525614380836487,4.0
1571,0.0,1.0,0.0,0.0,0.0,0.0,0.5731755495071411,0.5553246140480042,0.5761301517486572,0.5485745668411255,0.5162469744682312,0.4508529603481293,3.0
1572,0.0,1.0,0.0,0.0,0.0,0.0,0.5730101466178894,0.5550113320350647,0.5762305855751038,0.548557460308075,0.5214571952819824,0.4662439525127411,0.0
1573,0.0,1.0,0.0,0.0,0.0,0.0,0.5724688768386841,0.5539430975914001,0.5756456851959229,0.5477250218391418,0.5202793478965759,0.46520498394966125,0.0
1574,0.0,1.0,0.0,0.0,0.0,0.0,0.5723232626914978,0.5541020035743713,0.575139582157135,0.5475601553916931,0.5152662396430969,0.4509924650192261,3.0
1575,0.0,1.0,0.0,0.0,0.0,0.0,0.572280764579773,0.5540133118629456,0.5751033425331116,0.547484815120697,0.5151137709617615,0.45077911019325256,3.0
1576,0.0,1.0,0.0,0.0,0.0,0.0,0.5733474493026733,0.5555362701416016,0.5766189098358154,0.5490190386772156,0.5219272971153259,0.46633991599082947,0.0
1577,0.0,1.0,0.0,0.0,0.0,0.0,0.5729705095291138,0.5552173256874084,0.575920581817627,0.548465371131897,0.5163655281066895,0.451448529958725,3.0
1578,0.0,1.0,0.0,0.0,0.0,0.0,0.5720121264457703,0.5530650615692139,0.5751062035560608,0.5470623970031738,0.5193403959274292,0.4645065367221832,0.0
1579,0.0,1.0,0.0,0.0,0.0,0.0,0.573219895362854,0.5560612082481384,0.5754334330558777,0.5474976301193237,0.5209500193595886,0.45359373092651367,4.0
1580,0.0,1.0,0.0,0.0,0.0,0.0,0.5733010768890381,0.5554512739181519,0.5766170620918274,0.5489739179611206,0.5218215584754944,0.4662262797355652,0.0
1581,0.0,1.0,0.0,0.0,0.0,0.0,0.5721662044525146,0.5536637306213379,0.574937105178833,0.5472606420516968,0.5147442817687988,0.45043858885765076,3.0
1582,0.0,1.0,0.0,0.0,0.0,0.0,0.5731938481330872,0.5559559464454651,0.5766910910606384,0.5482045412063599,0.5207342505455017,0.4594827890396118,2.0
1583,0.0,1.0,0.0,0.0,0.0,0.0,0.5729242563247681,0.5547687411308289,0.576160728931427,0.5483764410018921,0.5210759043693542,0.4656829535961151,0.0
1584,0.0,1.0,0.0,0.0,0.0,0.0,0.5722947120666504,0.5548067092895508,0.575594961643219,0.546793520450592,0.5197080969810486,0.4589064419269562,1.0
1585,0.0,1.0,0.0,0.0,0.0,0.0,0.5731596350669861,0.5563133358955383,0.5753523707389832,0.5476780533790588,0.5215851664543152,0.4547186493873596,4.0
1586,0.0,1.0,0.0,0.0,0.0,0.0,0.5727807879447937,0.5546998977661133,0.5756405591964722,0.5481098294258118,0.5157590508460999,0.45087912678718567,3.0
1587,0.0,1.0,0.0,0.0,0.0,0.0,0.5730276703834534,0.5549768209457397,0.5759252309799194,0.5482664704322815,0.5158241391181946,0.45050927996635437,3.0
1588,0.0,1.0,0.0,0.0,0.0,0.0,0.5726435780525208,0.5542981028556824,0.5755056142807007,0.5477145314216614,0.515068769454956,0.4500548243522644,3.0
1589,0.0,1.0,0.0,0.0,0.0,0.0,0.5732915997505188,0.5560766458511353,0.575466513633728,0.547461986541748,0.5208469033241272,0.4533957242965698,4.0
1590,0.0,1.0,0.0,0.0,0.0,0.0,0.5737255215644836,0.5560848712921143,0.5767348408699036,0.5491536259651184,0.5167937278747559,0.4506385624408722,3.0
1591,0.0,1.0,0.0,0.0,0.0,0.0,0.5730785131454468,0.5549795031547546,0.5763532519340515,0.5485363006591797,0.5212213397026062,0.46566885709762573,0.0
1592,0.0,1.0,0.0,0.0,0.0,0.0,0.5732601284980774,0.5562719106674194,0.576686441898346,0.5479714870452881,0.5209314823150635,0.45924630761146545,1.0
1593,0.0,1.0,0.0,0.0,0.0,0.0,0.5727326273918152,0.5544261336326599,0.5759371519088745,0.5480840802192688,0.5207014679908752,0.4654703140258789,0.0
1594,0.0,1.0,0.0,0.0,0.0,0.0,0.5724144577980042,0.5549666285514832,0.5758278965950012,0.5473126173019409,0.5199788808822632,0.45949801802635193,2.0
1595,0.0,1.0,0.0,0.0,0.0,0.0,0.5727004408836365,0.5552281737327576,0.574827253818512,0.5467793345451355,0.520128071308136,0.4532228708267212,4.0
1596,0.0,1.0,0.0,0.0,0.0,0.0,0.5734167695045471,0.5557857751846313,0.5764228701591492,0.5489948987960815,0.5168217420578003,0.45131194591522217,3.0
1597,0.0,1.0,0.0,0.0,0.0,0.0,0.5734421014785767,0.5561046004295349,0.5756477117538452,0.5475165843963623,0.5206866264343262,0.4528239071369171,4.0
1598,0.0,1.0,0.0,0.0,0.0,0.0,0.5729517340660095,0.5555298924446106,0.5763871073722839,0.547775387763977,0.5201714038848877,0.45896294713020325,2.0
1599,0.0,1.0,0.0,0.0,0.0,0.0,0.5735303163528442,0.5570758581161499,0.5770268440246582,0.5487033724784851,0.5222060084342957,0.46087855100631714,1.0
1600,0.0,1.0,0.0,0.0,0.0,0.0,0.572753369808197,0.5552637577056885,0.5748992562294006,0.5468641519546509,0.520209014415741,0.45320528745651245,4.0
1601,0.0,1.0,0.0,0.0,0.0,0.0,0.5735147595405579,0.5553717017173767,0.5767415165901184,0.5488721132278442,0.5212594270706177,0.4651308059692383,0.0
1602,0.0,1.0,0.0,0.0,0.0,0.0,0.5725244879722595,0.5550676584243774,0.575856626033783,0.5469649434089661,0.5197784304618835,0.4587012827396393,1.0
1603,0.0,1.0,0.0,0.0,0.0,0.0,0.5727207064628601,0.5549562573432922,0.5748011469841003,0.5465290546417236,0.5195837616920471,0.45236724615097046,4.0
1604,0.0,1.0,0.0,0.0,0.0,0.0,0.5727255344390869,0.5558920502662659,0.576129674911499,0.5477221608161926,0.521204948425293,0.4605490565299988,1.0
1605,0.0,1.0,0.0,0.0,0.0,0.0,0.5727987289428711,0.554696261882782,0.5760106444358826,0.5483378767967224,0.5211969614028931,0.4661100208759308,0.0
1606,0.0,1.0,0.0,0.0,0.0,0.0,0.572338342666626,0.5546627640724182,0.5757339000701904,0.5470792055130005,0.5195001363754272,0.4588814973831177,2.0
1607,0.0,1.0,0.0,0.0,0.0,0.0,0.5734838247299194,0.5553144216537476,0.5767358541488647,0.5488333106040955,0.521209716796875,0.46508726477622986,0.0
1608,0.0,1.0,0.0,0.0,0.0,0.0,0.5734354853630066,0.5557187795639038,0.5763998031616211,0.5488537549972534,0.5165671706199646,0.4509196877479553,3.0
1609,0.0,1.0,0.0,0.0,0.0,0.0,0.5737437605857849,0.5568692088127136,0.577276349067688,0.5488960146903992,0.521588921546936,0.45998820662498474,2.0
1610,0.0,0.0,1.0,0.0,0.0,0.0,0.5741863250732422,0.5578295588493347,0.5778528451919556,0.5497003197669983,0.5227521657943726,0.46106550097465515,2.0
1611,0.0,0.0,1.0,0.0,0.0,0.0,0.5742170214653015,0.5584837794303894,0.5778900980949402,0.5498480200767517,0.5238381028175354,0.4622561037540436,1.0
1612,0.0,0.0,1.0,0.0,0.0,0.0,0.573942244052887,0.5569811463356018,0.5770958662033081,0.5498800277709961,0.518222451210022,0.45247548818588257,3.0
1613,0.0,0.0,1.0,0.0,0.0,0.0,0.5739242434501648,0.5580236315727234,0.5775478482246399,0.5494576692581177,0.5233686566352844,0.46198925375938416,1.0
1614,0.0,0.0,1.0,0.0,0.0,0.0,0.5745260715484619,0.557519793510437,0.5780069828033447,0.5506892204284668,0.5239448547363281,0.4676866829395294,0.0
1615,0.0,0.0,1.0,1.0,0.0,0.0,0.5737131834030151,0.5575810074806213,0.5772849321365356,0.5490494966506958,0.5227611660957336,0.4613581597805023,1.0
1616,0.0,0.0,1.0,1.0,0.0,0.0,0.5729014277458191,0.5562335848808289,0.576368510723114,0.5479559898376465,0.5214799642562866,0.46058061718940735,1.0
1617,0.0,0.0,1.0,0.0,1.0,0.0,0.5743789672851562,0.5575871467590332,0.5775522589683533,0.5504059791564941,0.5187991857528687,0.45259442925453186,3.0
1618,0.0,0.0,1.0,1.0,0.0,0.0,0.5735926628112793,0.5566898584365845,0.5771352052688599,0.548729658126831,0.5214524269104004,0.4599849283695221,2.0
1619,0.0,0.0,1.0,0.0,0.0,0.0,0.5735337138175964,0.5559460520744324,0.5768576860427856,0.5493276119232178,0.5223847031593323,0.46675559878349304,0.0
1620,0.0,0.0,1.0,1.0,0.0,0.0,0.5737627744674683,0.557597279548645,0.577346682548523,0.5490555763244629,0.5226749777793884,0.46115317940711975,1.0
1621,0.0,0.0,1.0,1.0,0.0,0.0,0.5733729004859924,0.5565195679664612,0.5769376158714294,0.5485396385192871,0.5213921666145325,0.46016523241996765,2.0
1622,0.0,0.0,1.0,0.0,0.0,0.0,0.5743322968482971,0.5572386980056763,0.5777978301048279,0.550430178642273,0.5236578583717346,0.46750226616859436,0.0
1623,0.0,0.0,1.0,0.0,0.0,0.0,0.5737562775611877,0.5563128590583801,0.5767932534217834,0.5493373274803162,0.5171768665313721,0.4512355625629425,3.0
1624,0.0,0.0,1.0,0.0,0.0,0.0,0.5734068155288696,0.5557996034622192,0.5767053365707397,0.5491699576377869,0.5222811102867126,0.4668132960796356,0.0
1625,0.0,0.0,1.0,1.0,0.0,0.0,0.5736432075500488,0.557023286819458,0.5759228467941284,0.5482504367828369,0.5221192836761475,0.4547746181488037,4.0
1626,0.0,0.0,1.0,0.0,0.0,0.0,0.5740600228309631,0.5569884181022644,0.5771895051002502,0.5499258637428284,0.5180801153182983,0.4520754814147949,3.0
1627,0.0,0.0,1.0,0.0,0.0,0.0,0.5735682845115662,0.5572966933250427,0.5771892070770264,0.5492496490478516,0.5227246880531311,0.4618168771266937,2.0
1628,0.0,0.0,1.0,0.0,0.0,0.0,0.5739079117774963,0.5575218796730042,0.5775178670883179,0.5494477152824402,0.5226141810417175,0.461215615272522,2.0
1629,0.0,0.0,1.0,0.0,0.0,0.0,0.5740246772766113,0.5578117966651917,0.5776773691177368,0.5496549010276794,0.5230250358581543,0.4616813063621521,2.0
1630,0.0,0.0,1.0,1.0,0.0,0.0,0.5738039016723633,0.5570374131202698,0.576064944267273,0.5482667684555054,0.5219601392745972,0.45431193709373474,4.0
1631,0.0,0.0,1.0,0.0,0.0,0.0,0.5732141733169556,0.5562976598739624,0.5754266977310181,0.5476313233375549,0.5214191675186157,0.4543667435646057,4.0
1632,0.0,0.0,1.0,0.0,0.0,0.0,0.573266863822937,0.5565733313560486,0.5768271684646606,0.5486052632331848,0.5217089056968689,0.4607207477092743,2.0
1633,0.0,0.0,1.0,0.0,0.0,0.0,0.5730590224266052,0.555190920829773,0.5760197043418884,0.5484535694122314,0.5161713361740112,0.45096978545188904,3.0
1634,0.0,0.0,1.0,1.0,0.0,0.0,0.5736047625541687,0.556855320930481,0.5758584141731262,0.5480835437774658,0.5218855142593384,0.45450979471206665,4.0
1635,0.0,0.0,1.0,0.0,0.0,0.0,0.5736992359161377,0.5570248961448669,0.5759707689285278,0.5482861399650574,0.5221060514450073,0.45473483204841614,4.0
1636,0.0,0.0,1.0,0.0,0.0,0.0,0.5735772252082825,0.5568857789039612,0.5758563876152039,0.5481045246124268,0.5219130516052246,0.4545062482357025,4.0
1637,0.0,0.0,1.0,0.0,0.0,0.0,0.5747218728065491,0.557884931564331,0.5782434344291687,0.5509820580482483,0.5243011116981506,0.46784862875938416,0.0
1638,0.0,0.0,1.0,0.0,0.0,0.0,0.5736732482910156,0.5571115612983704,0.5759425759315491,0.5483210682868958,0.5222811102867126,0.45492294430732727,4.0
1639,0.0,0.0,1.0,0.0,0.0,0.0,0.5732250809669495,0.5562054514884949,0.5767208337783813,0.5482974648475647,0.5210663676261902,0.4599399268627167,2.0
1640,0.0,0.0,1.0,0.0,0.0,0.0,0.5735834836959839,0.5570557117462158,0.5772057771682739,0.5490384697914124,0.5221314430236816,0.46095147728919983,2.0
1641,0.0,0.0,1.0,0.0,1.0,0.0,0.5726819038391113,0.555506706237793,0.5761575698852539,0.5477446913719177,0.5205925107002258,0.4599613547325134,2.0
1642,0.0,0.0,1.0,0.0,1.0,0.0,0.5733264684677124,0.5567728281021118,0.5768866539001465,0.5487905144691467,0.5221012830734253,0.4613352417945862,2.0
1643,0.0,0.0,1.0,0.0,0.0,0.0,0.5733885765075684,0.556575357913971,0.5756247043609619,0.5478929877281189,0.5217655301094055,0.45466503500938416,4.0
1644,0.0,0.0,1.0,0.0,0.0,0.0,0.5735819935798645,0.5574079155921936,0.5771530270576477,0.5489151477813721,0.5226723551750183,0.4614499509334564,1.0
1645,0.0,0.0,1.0,0.0,0.0,0.0,0.5739853978157043,0.5569934248924255,0.5771129727363586,0.5499085783958435,0.518157958984375,0.4522729218006134,3.0
1646,0.0,0.0,1.0,0.0,0.0,0.0,0.5739257335662842,0.5567471981048584,0.5773319602012634,0.5500284433364868,0.5233845114707947,0.46771860122680664,0.0
1647,0.0,0.0,1.0,0.0,0.0,0.0,0.5726718306541443,0.555462121963501,0.5761258006095886,0.5477599501609802,0.520588219165802,0.4600365459918976,2.0
1648,0.0,0.0,1.0,0.0,0.0,0.0,0.5741260647773743,0.5577380061149597,0.5764575004577637,0.5488406419754028,0.5228346586227417,0.4551960527896881,4.0
1649,0.0,0.0,1.0,0.0,0.0,0.0,0.573159396648407,0.5561752319335938,0.5753847360610962,0.547508716583252,0.5212393403053284,0.4540993273258209,4.0
1650,0.0,0.0,1.0,1.0,0.0,0.0,0.5734818577766418,0.5559583902359009,0.5767735838890076,0.5493175983428955,0.5225523710250854,0.4671435058116913,0.0
1651,0.0,0.0,1.0,1.0,0.0,0.0,0.5734008550643921,0.55586838722229,0.5767272710800171,0.5493040084838867,0.5225095152854919,0.46720314025878906,0.0
1652,0.0,0.0,1.0,1.0,0.0,0.0,0.5737818479537964,0.5571665167808533,0.5773717761039734,0.5491158366203308,0.5221526026725769,0.4607596695423126,2.0
1653,0.0,0.0,1.0,0.0,0.0,0.0,0.5733767747879028,0.5567759275436401,0.5769572854042053,0.5487748384475708,0.5219622254371643,0.461076021194458,2.0
1654,0.0,0.0,1.0,0.0,0.0,0.0,0.5744496583938599,0.5574947595596313,0.5779348611831665,0.5506401658058167,0.5240241289138794,0.4679180383682251,0.0
1655,0.0,0.0,1.0,0.0,0.0,0.0,0.5738905668258667,0.5569480657577515,0.577024519443512,0.5498576760292053,0.5182574391365051,0.4525899887084961,3.0
1656,0.0,0.0,1.0,0.0,0.0,0.0,0.5745755434036255,0.5584883689880371,0.5782808661460876,0.5502919554710388,0.523473858833313,0.46156632900238037,2.0
1657,0.0,0.0,1.0,0.0,0.0,0.0,0.5728403925895691,0.5548169612884521,0.5760522484779358,0.5484294295310974,0.5213831663131714,0.4663200080394745,0.0
1658,0.0,0.0,1.0,0.0,0.0,0.0,0.574263870716095,0.5570854544639587,0.5776892900466919,0.5502812266349792,0.5234378576278687,0.46729788184165955,0.0
1659,0.0,0.0,1.0,0.0,0.0,0.0,0.5727084279060364,0.5560209155082703,0.5761563181877136,0.5477887988090515,0.5214037895202637,0.46080315113067627,1.0
1660,0.0,0.0,1.0,0.0,0.0,0.0,0.5737797617912292,0.5567829012870789,0.5769068002700806,0.5497779846191406,0.5182002186775208,0.4527150094509125,3.0
1661,0.0,0.0,1.0,0.0,0.0,0.0,0.573356032371521,0.556599497795105,0.5755877494812012,0.5479494333267212,0.5218405723571777,0.45480141043663025,4.0
1662,0.0,0.0,1.0,0.0,0.0,0.0,0.5741146802902222,0.5568946599960327,0.5775408744812012,0.550122857093811,0.5233131051063538,0.4673241078853607,0.0
1663,0.0,0.0,1.0,0.0,0.0,0.0,0.5745933055877686,0.5584749579429626,0.5769414901733398,0.5494996905326843,0.5236223936080933,0.4557274580001831,4.0
1664,0.0,0.0,1.0,0.0,0.0,0.0,0.574105441570282,0.5576000213623047,0.576357901096344,0.5487115383148193,0.5226067900657654,0.4548402726650238,4.0
1665,0.0,0.0,1.0,0.0,0.0,0.0,0.573846161365509,0.5575602054595947,0.5774968862533569,0.5494589805603027,0.5227659940719604,0.46158716082572937,2.0
1666,0.0,0.0,1.0,0.0,0.0,0.0,0.5734467506408691,0.5560923218727112,0.5765045881271362,0.5491859316825867,0.5172996520996094,0.4519539475440979,3.0
1667,0.0,0.0,1.0,0.0,0.0,0.0,0.573779284954071,0.5572801828384399,0.5773637294769287,0.5491901636123657,0.522304356098175,0.46100640296936035,2.0
1668,0.0,0.0,1.0,0.0,1.0,0.0,0.5731357932090759,0.5562759637832642,0.5766634345054626,0.5484008193016052,0.5213757157325745,0.4605148732662201,2.0
1669,0.0,0.0,1.0,0.0,0.0,0.0,0.5733049511909485,0.5553467869758606,0.5765410661697388,0.5488219857215881,0.5216121077537537,0.4659685492515564,0.0
1670,0.0,0.0,1.0,0.0,0.0,0.0,0.573908805847168,0.5566827654838562,0.5770206451416016,0.5496670007705688,0.5177075862884521,0.4517245888710022,3.0
1671,0.0,0.0,1.0,0.0,0.0,0.0,0.5735723376274109,0.5559552907943726,0.576543390750885,0.5490573644638062,0.5168333649635315,0.45101332664489746,3.0
1672,0.0,0.0,1.0,0.0,0.0,0.0,0.5742615461349487,0.5572211146354675,0.5777053236961365,0.5504209995269775,0.5238460302352905,0.46793004870414734,0.0
1673,0.0,0.0,1.0,0.0,0.0,0.0,0.5735344886779785,0.5558938980102539,0.576860785484314,0.5492842793464661,0.5223270654678345,0.46667972207069397,0.0
1674,0.0,0.0,1.0,0.0,0.0,0.0,0.5738505125045776,0.5563966631889343,0.5772093534469604,0.5497113466262817,0.522789716720581,0.46687081456184387,0.0
1675,0.0,0.0,1.0,0.0,0.0,0.0,0.5743998885154724,0.5573685765266418,0.5778482556343079,0.5505471229553223,0.5238528847694397,0.4677470922470093,0.0
1676,0.0,0.0,1.0,0.0,0.0,0.0,0.5742667317390442,0.5574726462364197,0.5774640440940857,0.5503022074699402,0.5187140107154846,0.4526684880256653,3.0
1677,0.0,0.0,1.0,0.0,1.0,0.0,0.5730310678482056,0.5560434460639954,0.576542317867279,0.5481851100921631,0.5210637450218201,0.46014535427093506,2.0
1678,0.0,0.0,1.0,0.0,0.0,0.0,0.573781430721283,0.5572450757026672,0.5760595798492432,0.5484488606452942,0.5223778486251831,0.4549844264984131,4.0
1679,0.0,0.0,1.0,0.0,0.0,0.0,0.5740267038345337,0.5573953986167908,0.576336145401001,0.5485737919807434,0.5222546458244324,0.45438501238822937,4.0
1680,0.0,0.0,1.0,0.0,0.0,0.0,0.5735433101654053,0.556233286857605,0.5766083002090454,0.5492761731147766,0.5173959732055664,0.4518841803073883,3.0
1681,0.0,0.0,1.0,0.0,0.0,0.0,0.5742978453636169,0.5568866729736328,0.577689528465271,0.5501325130462646,0.5230239629745483,0.4666004776954651,0.0
1682,0.0,0.0,1.0,0.0,0.0,0.0,0.5736610889434814,0.5571221709251404,0.5759451985359192,0.5483165979385376,0.5223413705825806,0.4550419747829437,4.0
1683,0.0,0.0,1.0,0.0,0.0,0.0,0.5740123391151428,0.5571475028991699,0.5771359801292419,0.5500276684761047,0.5184938907623291,0.4527319073677063,3.0
1684,0.0,0.0,1.0,0.0,0.0,0.0,0.572985827922821,0.5552403330802917,0.5759500861167908,0.5485105514526367,0.5164322257041931,0.4514929950237274,3.0
1685,0.0,0.0,1.0,0.0,0.0,0.0,0.5730501413345337,0.5560920834541321,0.5752177834510803,0.5474507212638855,0.5212758183479309,0.4544392228126526,4.0
1686,0.0,0.0,1.0,0.0,0.0,0.0,0.5738885998725891,0.557449460029602,0.5761997699737549,0.548629641532898,0.522662341594696,0.45526060461997986,4.0
1687,0.0,0.0,1.0,0.0,0.0,0.0,0.573720395565033,0.5571177005767822,0.57598477602005,0.5483638644218445,0.5222800374031067,0.45489969849586487,4.0
1688,0.0,0.0,1.0,1.0,0.0,0.0,0.5730285048484802,0.5564990043640137,0.5765231847763062,0.5481753945350647,0.5218215584754944,0.4609110653400421,1.0
1689,0.0,0.0,1.0,0.0,0.0,0.0,0.5731184482574463,0.5549817681312561,0.5763545632362366,0.5485231280326843,0.5211795568466187,0.46563220024108887,0.0
1690,0.0,0.0,1.0,0.0,0.0,0.0,0.5739251375198364,0.5576047301292419,0.5775807499885559,0.5494763255119324,0.5226924419403076,0.46133407950401306,2.0
1691,0.0,0.0,1.0,0.0,0.0,0.0,0.5737470984458923,0.5575368404388428,0.5773076415061951,0.5490610003471375,0.5227384567260742,0.4612860083580017,1.0
1692,0.0,0.0,1.0,0.0,0.0,0.0,0.5736002922058105,0.5570099949836731,0.5771731734275818,0.5490004420280457,0.5220896601676941,0.4609034061431885,2.0
1693,0.0,0.0,1.0,0.0,0.0,0.0,0.5733771920204163,0.5565916299819946,0.5755729675292969,0.5479013919830322,0.5217893123626709,0.45470067858695984,4.0
1694,0.0,0.0,1.0,0.0,0.0,0.0,0.5740391612052917,0.5569754838943481,0.577176570892334,0.549872100353241,0.5180182456970215,0.4519977867603302,3.0
1695,0.0,0.0,1.0,0.0,0.0,0.0,0.5748221278190613,0.5586697459220886,0.5771755576133728,0.5496575832366943,0.5236049294471741,0.4552864730358124,4.0
1696,0.0,0.0,1.0,0.0,0.0,0.0,0.5746752619743347,0.5583834648132324,0.5770483016967773,0.5494387745857239,0.5232586860656738,0.4549393653869629,4.0
1697,0.0,0.0,1.0,0.0,0.0,0.0,0.5740404725074768,0.5569949746131897,0.577185869216919,0.5498965382575989,0.518072247505188,0.45204347372055054,3.0
1698,0.0,0.0,1.0,0.0,0.0,0.0,0.5743789672851562,0.5579965710639954,0.5767107605934143,0.5490885972976685,0.5229647159576416,0.4549361765384674,4.0
1699,0.0,0.0,1.0,0.0,0.0,0.0,0.5730803608894348,0.5551058650016785,0.575994074344635,0.5483556985855103,0.515954852104187,0.4505822956562042,3.0
1700,0.0,0.0,1.0,0.0,0.0,0.0,0.5746959447860718,0.558387041091919,0.5783751606941223,0.5501708388328552,0.5230752229690552,0.46076294779777527,2.0
1701,0.0,0.0,1.0,0.0,0.0,0.0,0.5725927352905273,0.5543413162231445,0.5754349827766418,0.5477321147918701,0.515264093875885,0.4505210816860199,3.0
1702,0.0,0.0,1.0,0.0,0.0,0.0,0.574440062046051,0.5574098229408264,0.5779149532318115,0.5505607724189758,0.523810625076294,0.46760961413383484,0.0
1703,0.0,0.0,1.0,1.0,0.0,0.0,0.5734272599220276,0.5560784339904785,0.5764631628990173,0.549143373966217,0.5172340273857117,0.4518238306045532,3.0
1704,0.0,0.0,1.0,0.0,0.0,0.0,0.5736591219902039,0.5569362044334412,0.5759167075157166,0.5481680631637573,0.5220077037811279,0.4546053111553192,4.0
1705,0.0,0.0,1.0,0.0,0.0,0.0,0.5748224854469299,0.5588829517364502,0.5772388577461243,0.549805760383606,0.5239617824554443,0.45579132437705994,4.0
1706,0.0,0.0,1.0,0.0,0.0,0.0,0.573606550693512,0.556125283241272,0.5766494274139404,0.5491924285888672,0.5170985460281372,0.4514002203941345,3.0
1707,0.0,0.0,1.0,0.0,0.0,0.0,0.5749561190605164,0.5589873790740967,0.5773555040359497,0.5499306321144104,0.5240141153335571,0.4556969404220581,4.0
1708,0.0,0.0,1.0,0.0,0.0,0.0,0.5742352604866028,0.5567601919174194,0.5773143768310547,0.5497212409973145,0.5173144936561584,0.4505084455013275,3.0
1709,0.0,0.0,1.0,0.0,0.0,0.0,0.5746703147888184,0.5577535033226013,0.5781656503677368,0.5509147047996521,0.5242567658424377,0.46791166067123413,0.0
1710,0.0,0.0,1.0,0.0,0.0,0.0,0.5731267333030701,0.5562503337860107,0.5766938924789429,0.5483677983283997,0.5213350057601929,0.46044281125068665,2.0
1711,0.0,0.0,1.0,0.0,0.0,0.0,0.5737358331680298,0.5561607480049133,0.5770511627197266,0.5495098829269409,0.5225058197975159,0.46673086285591125,0.0
1712,0.0,0.0,1.0,0.0,0.0,0.0,0.5739256739616394,0.5569410920143127,0.5770927667617798,0.5498658418655396,0.5181647539138794,0.45243459939956665,3.0
1713,0.0,0.0,1.0,0.0,0.0,0.0,0.574024498462677,0.5567886829376221,0.5774281620979309,0.5500363111495972,0.5232973098754883,0.46742233633995056,0.0
1714,0.0,0.0,1.0,0.0,0.0,0.0,0.5738736987113953,0.5577911138534546,0.5774640440940857,0.549243152141571,0.5229774117469788,0.46144425868988037,1.0
1715,0.0,0.0,1.0,0.0,0.0,0.0,0.5739694237709045,0.5572834014892578,0.5762580633163452,0.5484937429428101,0.5221372246742249,0.4543529748916626,4.0
1716,0.0,0.0,1.0,0.0,0.0,0.0,0.5732737183570862,0.5557679533958435,0.5762805342674255,0.5488991737365723,0.5169884562492371,0.4517650306224823,3.0
1717,0.0,0.0,1.0,0.0,0.0,0.0,0.5730522871017456,0.5563914179801941,0.576531708240509,0.5481003522872925,0.5215910077095032,0.4605514109134674,1.0
1718,0.0,0.0,1.0,0.0,0.0,0.0,0.574216365814209,0.5573951601982117,0.5773653388023376,0.5502583980560303,0.5186954736709595,0.4526911973953247,3.0
1719,0.0,0.0,1.0,0.0,0.0,0.0,0.5740811228752136,0.5569041967391968,0.577499270439148,0.5501406788825989,0.5234273672103882,0.46755608916282654,0.0
1720,0.0,0.0,1.0,0.0,0.0,0.0,0.5739337205886841,0.5577556490898132,0.577568769454956,0.5496507287025452,0.5231137871742249,0.46199706196784973,2.0
1721,0.0,0.0,1.0,0.0,0.0,0.0,0.5745636224746704,0.5577992796897888,0.5780726075172424,0.5509309768676758,0.5244713425636292,0.46840745210647583,0.0
1722,0.0,0.0,1.0,0.0,0.0,0.0,0.5738976001739502,0.5575674176216125,0.5762254595756531,0.5487233400344849,0.5228431224822998,0.45549893379211426,4.0
1723,0.0,0.0,1.0,0.0,0.0,0.0,0.5743639469146729,0.5573615431785583,0.5778436064720154,0.550519585609436,0.5238301753997803,0.4676959216594696,0.0
1724,0.0,0.0,1.0,0.0,0.0,0.0,0.5744386315345764,0.5588317513465881,0.5781142115592957,0.5501755475997925,0.5242302417755127,0.46250107884407043,1.0
1725,0.0,0.0,1.0,0.0,0.0,0.0,0.5743136405944824,0.5573177337646484,0.577781081199646,0.5505006909370422,0.5239232182502747,0.4679553508758545,0.0
1726,0.0,0.0,1.0,0.0,0.0,0.0,0.5738389492034912,0.5579043626785278,0.5774214267730713,0.5493656396865845,0.5233823657035828,0.46216192841529846,1.0
1727,0.0,0.0,1.0,0.0,0.0,0.0,0.5753827095031738,0.5587611794471741,0.5789353847503662,0.5518069267272949,0.5251250863075256,0.468199759721756,0.0
1728,0.0,0.0,1.0,0.0,0.0,0.0,0.5739344954490662,0.5576425790786743,0.5775760412216187,0.5495119690895081,0.5227981805801392,0.46152132749557495,2.0
1729,0.0,0.0,1.0,0.0,0.0,0.0,0.5742071866989136,0.5580897331237793,0.5779041051864624,0.5499398112297058,0.5232760906219482,0.4618073105812073,2.0
1730,0.0,0.0,1.0,0.0,0.0,0.0,0.5743401050567627,0.5577237606048584,0.5775840878486633,0.5505743622779846,0.5191398859024048,0.4531607925891876,3.0
1731,0.0,0.0,1.0,0.0,0.0,0.0,0.5742846727371216,0.5584673285484314,0.5779043436050415,0.5498330593109131,0.5237185955047607,0.4619545042514801,1.0
1732,0.0,0.0,1.0,0.0,0.0,0.0,0.5744776129722595,0.5582788586616516,0.5781452655792236,0.550051212310791,0.523201048374176,0.46127429604530334,2.0
1733,0.0,0.0,1.0,0.0,0.0,0.0,0.5733513832092285,0.5565438866615295,0.5755437016487122,0.5478662252426147,0.5217322111129761,0.45471125841140747,4.0
1734,0.0,0.0,1.0,0.0,0.0,0.0,0.5735443234443665,0.5567771196365356,0.5757782459259033,0.5480210781097412,0.521791398525238,0.4544227719306946,4.0
1735,0.0,0.0,1.0,0.0,0.0,0.0,0.5745407938957214,0.5585741400718689,0.5782718658447266,0.550300657749176,0.523602306842804,0.4617530107498169,2.0
1736,0.0,0.0,1.0,0.0,0.0,0.0,0.575139582157135,0.5584767460823059,0.5786857604980469,0.5515068769454956,0.524899423122406,0.4682188034057617,0.0
1737,0.0,0.0,1.0,0.0,0.0,0.0,0.5737541913986206,0.5565096139907837,0.5771478414535522,0.5498501062393188,0.5232544541358948,0.4677731692790985,0.0
1738,0.0,0.0,1.0,0.0,0.0,0.0,0.5730639696121216,0.5565500259399414,0.5765570998191833,0.5482444167137146,0.5218707323074341,0.4609740376472473,1.0
1739,0.0,0.0,1.0,0.0,0.0,0.0,0.5734812021255493,0.5558199882507324,0.5767826437950134,0.5492069125175476,0.5222657322883606,0.46664929389953613,0.0
1740,0.0,0.0,1.0,0.0,0.0,0.0,0.5738946795463562,0.5576376914978027,0.5775344371795654,0.5494920611381531,0.5228119492530823,0.4615761935710907,2.0
1741,0.0,0.0,1.0,1.0,0.0,0.0,0.573674738407135,0.5565136671066284,0.5767842531204224,0.5495085716247559,0.5177415013313293,0.45217394828796387,3.0
1742,0.0,0.0,1.0,0.0,0.0,0.0,0.5737464427947998,0.5574439167976379,0.5772711634635925,0.5489267110824585,0.5225010514259338,0.4608971178531647,1.0
1743,0.0,0.0,1.0,0.0,0.0,0.0,0.5737231373786926,0.5575212836265564,0.5772908926010132,0.54901123046875,0.522645890712738,0.4611775279045105,1.0
1744,0.0,0.0,1.0,0.0,0.0,0.0,0.5729902386665344,0.5561582446098328,0.5765167474746704,0.5483113527297974,0.5213847160339355,0.4607541561126709,2.0
1745,0.0,0.0,1.0,0.0,0.0,0.0,0.5727835297584534,0.5562319159507751,0.5762225389480591,0.5479767322540283,0.5217195153236389,0.4611856937408447,1.0
1746,0.0,0.0,1.0,0.0,0.0,0.0,0.5737773180007935,0.5564045906066895,0.5771695971488953,0.5496838092803955,0.5228278040885925,0.4670250117778778,0.0
1747,0.0,0.0,1.0,0.0,0.0,0.0,0.5730788707733154,0.5552536845207214,0.5763296484947205,0.548820972442627,0.5218982696533203,0.4667680561542511,0.0
1748,0.0,0.0,1.0,0.0,0.0,0.0,0.5726435780525208,0.5556299686431885,0.5760059952735901,0.5474803447723389,0.5208103656768799,0.4600438177585602,1.0
1749,0.0,0.0,1.0,1.0,0.0,0.0,0.5733816623687744,0.5559368133544922,0.5764085650444031,0.5490822792053223,0.5171546339988708,0.45181041955947876,3.0
1750,0.0,0.0,1.0,0.0,0.0,0.0,0.5727933049201965,0.5558791160583496,0.5762973427772522,0.5481050610542297,0.5211959481239319,0.4608117938041687,2.0
1751,0.0,0.0,1.0,0.0,0.0,0.0,0.5747510194778442,0.5584176778793335,0.5770780444145203,0.5494080781936646,0.5231143832206726,0.4545746445655823,4.0
1752,0.0,0.0,1.0,0.0,0.0,0.0,0.574215292930603,0.557991623878479,0.5779314637184143,0.5497679710388184,0.522930920124054,0.46121612191200256,2.0
1753,0.0,0.0,1.0,0.0,0.0,0.0,0.5742430686950684,0.5584266185760498,0.5778539180755615,0.5498265027999878,0.5237027406692505,0.46201273798942566,1.0
1754,0.0,0.0,1.0,0.0,0.0,0.0,0.5736444592475891,0.5572866797447205,0.5771659016609192,0.5488099455833435,0.5223186612129211,0.46086326241493225,1.0
1755,0.0,0.0,1.0,0.0,0.0,0.0,0.573788583278656,0.5567874312400818,0.576910674571991,0.5497373342514038,0.5181087255477905,0.45249536633491516,3.0
1756,0.0,0.0,1.0,0.0,0.0,0.0,0.5744675397872925,0.5574334263801575,0.577917754650116,0.5505825281143188,0.5238322615623474,0.46759700775146484,0.0
1757,0.0,0.0,1.0,0.0,0.0,0.0,0.5732907056808472,0.5562946796417236,0.5754877924919128,0.547631025314331,0.5213498473167419,0.4541708827018738,4.0
1758,0.0,0.0,1.0,0.0,0.0,0.0,0.5743211507797241,0.5581229329109192,0.5766924023628235,0.5491921901702881,0.5233242511749268,0.45559418201446533,4.0
1759,0.0,0.0,1.0,0.0,0.0,0.0,0.5742024779319763,0.5580240488052368,0.5765208601951599,0.5491103529930115,0.5233242511749268,0.45581406354904175,4.0
1760,0.0,0.0,1.0,0.0,0.0,0.0,0.57416170835495,0.5580341219902039,0.5778594017028809,0.5498668551445007,0.5232242941856384,0.4617871940135956,2.0
1761,0.0,0.0,1.0,0.0,0.0,0.0,0.5746058821678162,0.5587363839149475,0.5783672332763672,0.5504409074783325,0.5238470435142517,0.46209967136383057,2.0
1762,0.0,0.0,1.0,0.0,0.0,0.0,0.5741673707962036,0.557062029838562,0.5772916078567505,0.5499804615974426,0.5181012749671936,0.45186948776245117,3.0
1763,0.0,0.0,1.0,0.0,0.0,0.0,0.57370924949646,0.5561894774436951,0.5767451524734497,0.5492121577262878,0.5170016884803772,0.4510079324245453,3.0
1764,0.0,0.0,1.0,0.0,0.0,0.0,0.5734217166900635,0.5558826923370361,0.576727032661438,0.5492420792579651,0.522434413433075,0.46700212359428406,0.0
1765,0.0,0.0,1.0,1.0,0.0,0.0,0.5742622017860413,0.5582070350646973,0.5779811143875122,0.5499780774116516,0.5233712792396545,0.4618852138519287,2.0
1766,0.0,0.0,1.0,0.0,0.0,0.0,0.5736710429191589,0.5576328635215759,0.5772352814674377,0.549121081829071,0.5230461359024048,0.4618590772151947,1.0
1767,0.0,0.0,1.0,0.0,1.0,0.0,0.5739966630935669,0.5577383637428284,0.5775538086891174,0.5492218732833862,0.522662341594696,0.4608124792575836,1.0
1768,0.0,0.0,1.0,0.0,1.0,0.0,0.5742495059967041,0.5576238632202148,0.5765506029129028,0.5487810373306274,0.522374153137207,0.45419320464134216,4.0
1769,0.0,0.0,1.0,0.0,0.0,0.0,0.5726736783981323,0.5551839470863342,0.5761061310768127,0.5475171208381653,0.5199715495109558,0.45909950137138367,2.0
1770,0.0,0.0,1.0,0.0,0.0,0.0,0.5740374326705933,0.5572487711906433,0.577650249004364,0.5492092370986938,0.5218183994293213,0.45984116196632385,2.0
1771,0.0,0.0,1.0,0.0,0.0,0.0,0.574374258518219,0.5575681924819946,0.5775610208511353,0.5503593683242798,0.5186833143234253,0.45240360498428345,3.0
1772,0.0,0.0,1.0,0.0,0.0,0.0,0.5743500590324402,0.557292103767395,0.5774672031402588,0.5501532554626465,0.518233597278595,0.4517524242401123,3.0
1773,0.0,0.0,1.0,0.0,0.0,0.0,0.5738863945007324,0.5571529865264893,0.5761503577232361,0.5483824610710144,0.5220648050308228,0.4542955458164215,4.0
1774,0.0,0.0,1.0,0.0,0.0,0.0,0.5734747052192688,0.5557202100753784,0.5767759680747986,0.5491182208061218,0.5220150947570801,0.46624088287353516,0.0
1775,0.0,0.0,1.0,0.0,0.0,0.0,0.5734615921974182,0.555823028087616,0.5767878293991089,0.5492255091667175,0.5222699642181396,0.46672141551971436,0.0
1776,0.0,0.0,1.0,0.0,0.0,0.0,0.5733767747879028,0.5567653775215149,0.5769437551498413,0.5487834215164185,0.5219241380691528,0.46098029613494873,2.0
1777,0.0,0.0,1.0,0.0,0.0,0.0,0.5737546682357788,0.5571866035461426,0.5773482322692871,0.5491166710853577,0.5221526026725769,0.46085184812545776,2.0
1778,0.0,0.0,1.0,0.0,0.0,0.0,0.5727861523628235,0.5550652742385864,0.5756865739822388,0.5483350157737732,0.5163692831993103,0.45178917050361633,3.0
1779,0.0,0.0,1.0,0.0,0.0,0.0,0.5740941762924194,0.5571858286857605,0.5772649645805359,0.5501023530960083,0.5184558033943176,0.4526180624961853,3.0
1780,0.0,0.0,1.0,0.0,0.0,0.0,0.5736977458000183,0.5570578575134277,0.5772724747657776,0.5490392446517944,0.5220293998718262,0.460720956325531,2.0
1781,0.0,0.0,1.0,0.0,0.0,0.0,0.5734778642654419,0.5568678975105286,0.5757241249084473,0.5481691360473633,0.5221975445747375,0.4551549553871155,4.0
1782,0.0,0.0,1.0,0.0,0.0,0.0,0.5747177600860596,0.5585812330245972,0.5770907402038574,0.549578070640564,0.5235626697540283,0.45538920164108276,4.0
1783,0.0,0.0,1.0,0.0,0.0,0.0,0.5744491219520569,0.5575569868087769,0.5779366493225098,0.5507345199584961,0.5241811275482178,0.4681689441204071,0.0
1784,0.0,0.0,1.0,0.0,0.0,0.0,0.5736423134803772,0.5563461780548096,0.5769867300987244,0.549714207649231,0.5231154561042786,0.467680424451828,0.0
1785,0.0,0.0,1.0,0.0,0.0,0.0,0.5734145045280457,0.5566751956939697,0.5756563544273376,0.5479704737663269,0.5219156742095947,0.4548130929470062,4.0
1786,0.0,0.0,1.0,0.0,0.0,0.0,0.5738657116889954,0.5567874312400818,0.5772704482078552,0.5501002669334412,0.5236361622810364,0.46820148825645447,0.0
1787,0.0,0.0,1.0,0.0,0.0,0.0,0.573937177658081,0.5576397180557251,0.5762701630592346,0.5487595796585083,0.5229076743125916,0.45554718375205994,4.0
1788,0.0,0.0,1.0,0.0,0.0,0.0,0.5738734602928162,0.5576900243759155,0.5775390863418579,0.5495568513870239,0.5229811072349548,0.46184077858924866,2.0
1789,0.0,0.0,1.0,0.0,0.0,0.0,0.5733082294464111,0.5557589530944824,0.5766450762748718,0.5491882562637329,0.5223942399024963,0.46709948778152466,0.0
1790,0.0,0.0,1.0,0.0,0.0,0.0,0.5736044049263,0.5559704303741455,0.576923131942749,0.54933100938797,0.5223207473754883,0.46653425693511963,0.0
1791,0.0,0.0,1.0,0.0,0.0,0.0,0.5749163627624512,0.5577677488327026,0.5783666372299194,0.5508963465690613,0.5237894654273987,0.466878205537796,0.0
1792,0.0,0.0,1.0,0.0,0.0,0.0,0.5745680332183838,0.5575042366981506,0.578009843826294,0.5506575107574463,0.523799479007721,0.46744370460510254,0.0
1793,0.0,0.0,1.0,0.0,0.0,0.0,0.5732408165931702,0.5557887554168701,0.5762913823127747,0.5489544868469238,0.5170392394065857,0.45183470845222473,3.0
1794,0.0,0.0,1.0,0.0,0.0,0.0,0.5734369158744812,0.5567733645439148,0.5756793022155762,0.5480253100395203,0.5219812393188477,0.4548923075199127,4.0
1795,0.0,0.0,1.0,0.0,0.0,0.0,0.5740126967430115,0.5578614473342896,0.5775972008705139,0.5493291616439819,0.5229277610778809,0.4611574113368988,1.0
1796,0.0,0.0,1.0,0.0,0.0,0.0,0.574543297290802,0.5584067702293396,0.5769010782241821,0.5494291186332703,0.5235151052474976,0.45554450154304504,4.0
1797,0.0,0.0,1.0,0.0,0.0,0.0,0.5745147466659546,0.5588347911834717,0.5782181024551392,0.550165057182312,0.5240664482116699,0.4621533751487732,1.0
1798,0.0,0.0,1.0,0.0,1.0,0.0,0.5740185379981995,0.5564437508583069,0.5773895978927612,0.5497679710388184,0.5226025581359863,0.46637287735939026,0.0
1799,0.0,0.0,1.0,0.0,0.0,0.0,0.5743496417999268,0.558127760887146,0.5766830444335938,0.5491675734519958,0.5232486128807068,0.45545098185539246,4.0
1800,0.0,0.0,1.0,0.0,0.0,0.0,0.574999213218689,0.5584709644317627,0.5782728791236877,0.5511875748634338,0.5195795297622681,0.45262646675109863,3.0
1801,0.0,0.0,1.0,0.0,0.0,0.0,0.5733115673065186,0.5571688413619995,0.5768385529518127,0.548725962638855,0.5226681232452393,0.46182969212532043,1.0
1802,0.0,0.0,1.0,0.0,0.0,0.0,0.5741684436798096,0.5579704642295837,0.5765451788902283,0.5490416288375854,0.5232280492782593,0.4556843638420105,4.0
1803,0.0,0.0,1.0,0.0,0.0,0.0,0.5729849338531494,0.5553747415542603,0.5759356021881104,0.5486351847648621,0.5167344212532043,0.45200806856155396,3.0
1804,0.0,0.0,1.0,0.0,0.0,0.0,0.5727157592773438,0.5553823113441467,0.5761860609054565,0.5476570129394531,0.5202893614768982,0.45948001742362976,2.0
1805,0.0,0.0,1.0,0.0,0.0,0.0,0.5735611915588379,0.5561284422874451,0.5766163468360901,0.5492520332336426,0.5172117948532104,0.45160138607025146,3.0
1806,0.0,0.0,1.0,0.0,0.0,0.0,0.5734180808067322,0.5567638278007507,0.5756632685661316,0.5480683445930481,0.5220357179641724,0.4550054669380188,4.0
1807,0.0,0.0,1.0,0.0,0.0,0.0,0.5748109221458435,0.557708740234375,0.5782855749130249,0.5508493781089783,0.5238772034645081,0.4671245515346527,0.0
1808,0.0,0.0,1.0,0.0,0.0,0.0,0.5745652914047241,0.5585533380508423,0.5783028602600098,0.5502887964248657,0.5235208868980408,0.4616345465183258,2.0
1809,0.0,0.0,1.0,0.0,0.0,0.0,0.5732974410057068,0.556618332862854,0.5768297910690308,0.5486924052238464,0.5218220353126526,0.460972398519516,2.0
1810,0.0,0.0,0.0,1.0,0.0,0.0,0.5732306838035583,0.5563120245933533,0.575468897819519,0.5476811528205872,0.5214731097221375,0.45443952083587646,4.0
1811,0.0,0.0,0.0,1.0,0.0,0.0,0.5730628371238708,0.5565463900566101,0.5765431523323059,0.5481972098350525,0.5218125581741333,0.46084997057914734,1.0
1812,0.0,0.0,0.0,1.0,1.0,0.0,0.5725322961807251,0.5543350577354431,0.5754155516624451,0.5477328896522522,0.5153324007987976,0.4505853056907654,3.0
1813,0.0,0.0,0.0,1.0,1.0,0.0,0.5719103217124939,0.554368793964386,0.5752084851264954,0.5464266538619995,0.5194858908653259,0.45912960171699524,1.0
1814,0.0,0.0,0.0,1.0,0.0,0.0,0.5726010799407959,0.5542452335357666,0.5757706761360168,0.5479646921157837,0.5206575393676758,0.4655799865722656,0.0
1815,0.0,0.0,0.0,1.0,0.0,0.0,0.5721536874771118,0.5547844171524048,0.5754805207252502,0.5467528104782104,0.519885241985321,0.4593975245952606,1.0
1816,0.0,0.0,0.0,1.0,0.0,0.0,0.5731360912322998,0.5559390187263489,0.5753332376480103,0.547361433506012,0.52082359790802,0.4535421133041382,4.0
1817,0.0,0.0,0.0,1.0,0.0,0.0,0.5727370381355286,0.5545360445976257,0.5759303569793701,0.5482184290885925,0.5210134983062744,0.46591076254844666,0.0
1818,0.0,0.0,0.0,1.0,0.0,0.0,0.573107898235321,0.5551649928092957,0.576370358467102,0.5487141609191895,0.5215973258018494,0.4662266969680786,0.0
1819,0.0,0.0,0.0,1.0,0.0,0.0,0.5723105669021606,0.5546268820762634,0.5743708610534668,0.5463173985481262,0.519730269908905,0.4532548189163208,4.0
1820,0.0,0.0,0.0,1.0,1.0,0.0,0.5722572207450867,0.5547268986701965,0.575648844242096,0.5471199154853821,0.5197990536689758,0.45954400300979614,2.0
1821,0.0,0.0,0.0,1.0,0.0,0.0,0.5732094049453735,0.5552471280097961,0.5761498212814331,0.5484625101089478,0.5160437822341919,0.4505727291107178,3.0
1822,0.0,0.0,0.0,1.0,0.0,0.0,0.572985053062439,0.5559694170951843,0.5764781832695007,0.5481315851211548,0.5210457444190979,0.46027904748916626,2.0
1823,0.0,0.0,0.0,1.0,1.0,0.0,0.5724406242370605,0.5547671914100647,0.5744936466217041,0.5463869571685791,0.5197630524635315,0.45308399200439453,4.0
1824,0.0,0.0,0.0,1.0,1.0,0.0,0.5722848773002625,0.5537338852882385,0.5753852725028992,0.5475525259971619,0.5201698541641235,0.4654202461242676,0.0
1825,0.0,0.0,0.0,1.0,1.0,0.0,0.572405219078064,0.554172933101654,0.5752791166305542,0.5476242303848267,0.515264093875885,0.45081332325935364,3.0
1826,0.0,0.0,0.0,1.0,0.0,0.0,0.5721211433410645,0.5543965101242065,0.5754967331886292,0.5468589067459106,0.519317626953125,0.45900025963783264,2.0
1827,0.0,0.0,0.0,1.0,0.0,0.0,0.5725691318511963,0.5544609427452087,0.5754782557487488,0.5478814244270325,0.5155382752418518,0.4508141875267029,3.0
1828,0.0,0.0,0.0,1.0,0.0,0.0,0.5729320645332336,0.555740475654602,0.576408326625824,0.5479394793510437,0.5206411480903625,0.459681898355484,2.0
1829,0.0,0.0,0.0,1.0,0.0,0.0,0.5728747248649597,0.5558021068572998,0.5763733983039856,0.5480103492736816,0.52089923620224,0.46024200320243835,2.0
1830,0.0,0.0,0.0,1.0,0.0,0.0,0.5730799436569214,0.5550859570503235,0.5763514041900635,0.5486233830451965,0.5214794278144836,0.4660627841949463,0.0
1831,0.0,0.0,0.0,1.0,0.0,0.0,0.5728727579116821,0.5547226667404175,0.5761102437973022,0.5482995510101318,0.5210383534431458,0.46568813920021057,0.0
1832,0.0,0.0,0.0,1.0,0.0,0.0,0.5724073052406311,0.5540133118629456,0.5752348303794861,0.5474557280540466,0.5148925185203552,0.45015621185302734,3.0
1833,0.0,0.0,0.0,1.0,0.0,0.0,0.5729743242263794,0.5551047921180725,0.5758540630340576,0.5483187437057495,0.5161771178245544,0.4511958658695221,3.0
1834,0.0,0.0,0.0,1.0,1.0,0.0,0.5731748342514038,0.555423378944397,0.5764375925064087,0.5488830804824829,0.5219739079475403,0.46673986315727234,0.0
1835,0.0,0.0,0.0,1.0,0.0,0.0,0.5725818276405334,0.5558119416236877,0.5760082602500916,0.5476202964782715,0.5212308764457703,0.46073639392852783,1.0
1836,0.0,0.0,0.0,1.0,0.0,0.0,0.572737991809845,0.5553346872329712,0.5761702656745911,0.5476215481758118,0.5202465057373047,0.45947396755218506,2.0
1837,0.0,0.0,0.0,1.0,0.0,0.0,0.5729209184646606,0.5558643341064453,0.5764383673667908,0.5480604767799377,0.5209246277809143,0.46013930439949036,2.0
1838,0.0,0.0,0.0,1.0,0.0,0.0,0.5729015469551086,0.5559349656105042,0.5763814449310303,0.5481743812561035,0.5211874842643738,0.46065425872802734,2.0
1839,0.0,0.0,0.0,1.0,0.0,0.0,0.5731500387191772,0.55649733543396,0.5766062140464783,0.5481625199317932,0.5216047167778015,0.4604831039905548,1.0
1840,0.0,0.0,0.0,1.0,0.0,0.0,0.5730857253074646,0.5558152794837952,0.5765713453292847,0.5480100512504578,0.5205675959587097,0.4593484103679657,2.0
1841,0.0,0.0,0.0,1.0,0.0,0.0,0.573158323764801,0.5559433698654175,0.5753384232521057,0.5473546385765076,0.5208024382591248,0.453471839427948,4.0
1842,0.0,0.0,0.0,1.0,0.0,0.0,0.573585033416748,0.5561060905456543,0.576625645160675,0.5491767525672913,0.5170419216156006,0.45124542713165283,3.0
1843,0.0,0.0,0.0,1.0,0.0,0.0,0.5729350447654724,0.5556616187095642,0.5751229524612427,0.5471177697181702,0.5205675959587097,0.4534512758255005,4.0
1844,0.0,0.0,0.0,1.0,0.0,0.0,0.572566568851471,0.5553771257400513,0.575918972492218,0.5472750663757324,0.520443320274353,0.459611713886261,1.0
1845,0.0,0.0,0.0,1.0,0.0,0.0,0.572498083114624,0.5553646683692932,0.5758721828460693,0.54726243019104,0.5205062627792358,0.4597786068916321,1.0
1846,0.0,0.0,0.0,1.0,0.0,0.0,0.5727429389953613,0.5558360815048218,0.5761619806289673,0.5476139783859253,0.5210351943969727,0.4602415859699249,1.0
1847,0.0,0.0,0.0,1.0,0.0,0.0,0.5724472999572754,0.5553210973739624,0.5758056640625,0.5472065210342407,0.5204957127571106,0.45987018942832947,1.0
1848,0.0,0.0,0.0,1.0,0.0,0.0,0.5729594230651855,0.5556973218917847,0.5764046907424927,0.5478675365447998,0.5205173492431641,0.45949801802635193,2.0
1849,0.0,0.0,0.0,1.0,0.0,0.0,0.5726837515830994,0.5555458068847656,0.5761317014694214,0.5478567481040955,0.520753800868988,0.46027815341949463,2.0
1850,0.0,0.0,0.0,1.0,0.0,0.0,0.5731058716773987,0.5552560687065125,0.5763607025146484,0.5487658381462097,0.5217734575271606,0.4665370285511017,0.0
1851,0.0,0.0,0.0,1.0,0.0,0.0,0.5725990533828735,0.5542313456535339,0.5757525563240051,0.547946572303772,0.5206871628761292,0.4656704366207123,0.0
1852,0.0,0.0,0.0,1.0,0.0,0.0,0.5729973316192627,0.554810106754303,0.5762450695037842,0.5483801364898682,0.5210103392601013,0.4654110074043274,0.0
1853,0.0,0.0,0.0,1.0,0.0,0.0,0.5723589062690735,0.5547601580619812,0.5744358897209167,0.5464074611663818,0.5198519229888916,0.4532897472381592,4.0
1854,0.0,0.0,0.0,1.0,0.0,0.0,0.5731773972511292,0.5567542910575867,0.5766639113426208,0.5484313368797302,0.5221716165542603,0.46128049492836,1.0
1855,0.0,0.0,0.0,1.0,0.0,0.0,0.572632908821106,0.5554308295249939,0.5761136412620544,0.5476987957954407,0.5205025672912598,0.4598657488822937,2.0
1856,0.0,0.0,0.0,1.0,0.0,0.0,0.5725538730621338,0.5541827082633972,0.5753992199897766,0.5476455092430115,0.5150232911109924,0.45007333159446716,3.0
1857,0.0,0.0,0.0,1.0,1.0,0.0,0.5723699927330017,0.5550553202629089,0.5757971405982971,0.5474272966384888,0.5202724933624268,0.4600237309932709,2.0
1858,0.0,0.0,0.0,1.0,0.0,0.0,0.5733146667480469,0.5563604235649109,0.5755183696746826,0.5477187037467957,0.5214133262634277,0.45420515537261963,4.0
1859,0.0,0.0,0.0,1.0,0.0,0.0,0.5727506279945374,0.5557078123092651,0.576244592666626,0.5479297637939453,0.520898699760437,0.4604374170303345,2.0
1860,0.0,0.0,0.0,1.0,0.0,0.0,0.5724823474884033,0.5549716353416443,0.5745804309844971,0.5465587377548218,0.5200143456459045,0.4533522129058838,4.0
1861,0.0,0.0,0.0,1.0,0.0,0.0,0.5723722577095032,0.5548378825187683,0.5757927298545837,0.5471988916397095,0.5198032855987549,0.45934751629829407,2.0
1862,0.0,0.0,0.0,1.0,0.0,0.0,0.5729868412017822,0.5551998019218445,0.5759568214416504,0.5484840273857117,0.516331136226654,0.45132917165756226,3.0
1863,0.0,0.0,0.0,1.0,0.0,0.0,0.5731175541877747,0.5560434460639954,0.5752969980239868,0.5474493503570557,0.5211023092269897,0.4539692997932434,4.0
1864,0.0,0.0,0.0,1.0,0.0,0.0,0.5732669830322266,0.5555564165115356,0.5762391090393066,0.5487543344497681,0.516628623008728,0.45129477977752686,3.0
1865,0.0,0.0,0.0,1.0,0.0,0.0,0.5728576183319092,0.555656373500824,0.5750569701194763,0.5471429824829102,0.5207574367523193,0.45391035079956055,4.0
1866,0.0,0.0,0.0,1.0,0.0,0.0,0.5735198259353638,0.5570407509803772,0.5770971775054932,0.5489775538444519,0.5221695303916931,0.46109119057655334,2.0
1867,0.0,0.0,0.0,1.0,0.0,0.0,0.5731801390647888,0.5565506815910339,0.5766522884368896,0.5482178926467896,0.5216655731201172,0.4605143666267395,1.0
1868,0.0,0.0,0.0,1.0,0.0,0.0,0.5730381608009338,0.5552296042442322,0.5759873390197754,0.548515796661377,0.5163518190383911,0.45124661922454834,3.0
1869,0.0,0.0,0.0,1.0,0.0,0.0,0.5729045271873474,0.556087076663971,0.5763283371925354,0.5478846430778503,0.5213249921798706,0.460435688495636,1.0
1870,0.0,0.0,0.0,1.0,1.0,0.0,0.5723434090614319,0.5548648238182068,0.5757632255554199,0.5472078919410706,0.5198429822921753,0.4594424068927765,2.0
1871,0.0,0.0,0.0,1.0,1.0,0.0,0.5723176002502441,0.554865837097168,0.5757256746292114,0.5472338795661926,0.5199064016342163,0.4595435857772827,2.0
1872,0.0,0.0,0.0,1.0,0.0,0.0,0.571498692035675,0.5535573959350586,0.5747764110565186,0.5462160110473633,0.5188271999359131,0.4592435657978058,2.0
1873,0.0,0.0,0.0,1.0,0.0,0.0,0.5721954703330994,0.5548785328865051,0.5755258202552795,0.5468848943710327,0.5200942158699036,0.45961833000183105,1.0
1874,0.0,0.0,0.0,1.0,0.0,0.0,0.5732632279396057,0.5561754703521729,0.5767389535903931,0.5482515096664429,0.520978569984436,0.45979899168014526,2.0
1875,0.0,0.0,0.0,1.0,0.0,0.0,0.572152853012085,0.5537241697311401,0.5749676823616028,0.5472656488418579,0.5148231983184814,0.45062732696533203,3.0
1876,0.0,0.0,0.0,1.0,0.0,0.0,0.5717716217041016,0.5540556907653809,0.5750346779823303,0.546208918094635,0.5191912055015564,0.4589400291442871,1.0
1877,0.0,0.0,0.0,1.0,0.0,0.0,0.5730568766593933,0.5560725927352905,0.5764768719673157,0.547825813293457,0.5209373235702515,0.45962274074554443,1.0
1878,0.0,0.0,0.0,1.0,0.0,0.0,0.572010338306427,0.5534633994102478,0.5751180648803711,0.5473223328590393,0.5200381278991699,0.46562641859054565,0.0
1879,0.0,0.0,0.0,1.0,0.0,0.0,0.5717954039573669,0.5541290044784546,0.5750694870948792,0.5463016629219055,0.5192557573318481,0.45902830362319946,1.0
1880,0.0,0.0,0.0,1.0,0.0,0.0,0.5730777382850647,0.5552049875259399,0.5763102769851685,0.5487692952156067,0.5218241810798645,0.466700941324234,0.0
1881,0.0,0.0,0.0,1.0,0.0,0.0,0.5721181035041809,0.5542125105857849,0.5741298794746399,0.5459680557250977,0.5192055106163025,0.4527064561843872,4.0
1882,0.0,0.0,0.0,1.0,0.0,0.0,0.5724109411239624,0.5551334619522095,0.5757706761360168,0.5470755100250244,0.5201571583747864,0.4593782126903534,1.0
1883,0.0,0.0,0.0,1.0,0.0,0.0,0.5725973844528198,0.554153323173523,0.5757486820220947,0.5479121804237366,0.5205406546592712,0.4654506742954254,0.0
1884,0.0,0.0,0.0,1.0,0.0,0.0,0.5732066035270691,0.5561420321464539,0.5754075646400452,0.5475068688392639,0.5211515426635742,0.4539591670036316,4.0
1885,0.0,0.0,0.0,1.0,1.0,0.0,0.5725328326225281,0.5554831624031067,0.5759084224700928,0.547362744808197,0.5206834673881531,0.4599573314189911,1.0
1886,0.0,0.0,0.0,1.0,1.0,0.0,0.5732016563415527,0.555660605430603,0.5762020945549011,0.5488406419754028,0.5169255137443542,0.4518490433692932,3.0
1887,0.0,0.0,0.0,1.0,1.0,0.0,0.5720238089561462,0.5542947053909302,0.5753986239433289,0.5467969179153442,0.5193309187889099,0.45912787318229675,2.0
1888,0.0,0.0,0.0,1.0,0.0,0.0,0.5734827518463135,0.555822491645813,0.5767860412597656,0.549210250377655,0.5223106741905212,0.46677491068840027,0.0
1889,0.0,0.0,0.0,1.0,0.0,0.0,0.5724223256111145,0.5538160800933838,0.5755760669708252,0.5475856065750122,0.5200656652450562,0.46496400237083435,0.0
1890,0.0,0.0,0.0,1.0,0.0,0.0,0.5738353729248047,0.5572493672370911,0.5761306881904602,0.5484423041343689,0.5223191976547241,0.4547855257987976,4.0
1891,0.0,0.0,0.0,1.0,1.0,0.0,0.5727266669273376,0.5547394752502441,0.5756138563156128,0.5480470657348633,0.5158987641334534,0.4511953294277191,3.0
1892,0.0,0.0,0.0,1.0,0.0,0.0,0.5726625323295593,0.5552781224250793,0.574775218963623,0.5468352437019348,0.5204401016235352,0.4538412392139435,4.0
1893,0.0,0.0,0.0,1.0,0.0,0.0,0.5724939107894897,0.5553820133209229,0.575868546962738,0.547289252281189,0.5206009745597839,0.4599662721157074,1.0
1894,0.0,0.0,0.0,1.0,0.0,0.0,0.5724514126777649,0.5540677309036255,0.5752711296081543,0.5475504994392395,0.5150269865989685,0.4502944350242615,3.0
1895,0.0,0.0,0.0,1.0,0.0,0.0,0.5723467469215393,0.5545865893363953,0.5744040608406067,0.5462406873703003,0.5195244550704956,0.45282527804374695,4.0
1896,0.0,0.0,0.0,1.0,0.0,0.0,0.5719012022018433,0.5533083081245422,0.5747072100639343,0.5469536781311035,0.5143975615501404,0.45033034682273865,3.0
1897,0.0,0.0,0.0,1.0,0.0,0.0,0.5722848773002625,0.554718017578125,0.575698733329773,0.5471448302268982,0.5197646617889404,0.45940840244293213,2.0
1898,0.0,0.0,0.0,1.0,0.0,0.0,0.5726487636566162,0.5545203685760498,0.5755571722984314,0.547945499420166,0.5156383514404297,0.45088425278663635,3.0
1899,0.0,0.0,0.0,1.0,0.0,0.0,0.5721415877342224,0.5542876124382019,0.5741483569145203,0.5460264086723328,0.5193155407905579,0.4529152810573578,4.0
1900,0.0,0.0,0.0,1.0,0.0,0.0,0.572601318359375,0.5540540814399719,0.5757598280906677,0.5477787852287292,0.5202772617340088,0.465043842792511,0.0
1901,0.0,0.0,0.0,1.0,0.0,0.0,0.5718756914138794,0.5542606711387634,0.5751605033874512,0.5463796257972717,0.5194064974784851,0.4591143727302551,1.0
1902,0.0,0.0,0.0,1.0,1.0,0.0,0.572641909122467,0.5546410083770752,0.5755465626716614,0.5480150580406189,0.515857994556427,0.45125633478164673,3.0
1903,0.0,0.0,0.0,1.0,0.0,0.0,0.5730394721031189,0.5546467900276184,0.5762326121330261,0.5482586026191711,0.5206897854804993,0.46495291590690613,0.0
1904,0.0,0.0,0.0,1.0,0.0,0.0,0.5726162195205688,0.5553964376449585,0.5760502219200134,0.5476727485656738,0.5205649733543396,0.4601244628429413,2.0
1905,0.0,0.0,0.0,1.0,0.0,0.0,0.5728640556335449,0.5547585487365723,0.5760742425918579,0.5484099984169006,0.5212826728820801,0.46620041131973267,0.0
1906,0.0,0.0,0.0,1.0,0.0,0.0,0.5726245045661926,0.5552246570587158,0.574732780456543,0.5467591285705566,0.5203031301498413,0.45364493131637573,4.0
1907,0.0,0.0,0.0,1.0,0.0,0.0,0.5728437304496765,0.5546041131019592,0.576064944267273,0.54823237657547,0.5209008455276489,0.46553245186805725,0.0
1908,0.0,0.0,0.0,1.0,0.0,0.0,0.5730959177017212,0.555077075958252,0.5763345956802368,0.5486199855804443,0.5214645862579346,0.466006338596344,0.0
1909,0.0,0.0,0.0,1.0,0.0,0.0,0.5732359886169434,0.5561356544494629,0.5767619609832764,0.5482431650161743,0.5208950042724609,0.45963039994239807,2.0
1910,0.0,0.0,0.0,1.0,0.0,0.0,0.5727440714836121,0.5541871190071106,0.5755907893180847,0.547630786895752,0.5147252678871155,0.44932883977890015,3.0
1911,0.0,0.0,0.0,1.0,0.0,0.0,0.5725844502449036,0.5551159977912903,0.5759806036949158,0.5474312901496887,0.5200397372245789,0.4593472182750702,2.0
1912,0.0,0.0,0.0,1.0,0.0,0.0,0.5725632905960083,0.555618405342102,0.5759730935096741,0.5475102663040161,0.520888090133667,0.4602775573730469,1.0
1913,0.0,0.0,0.0,1.0,0.0,0.0,0.5725498199462891,0.555085301399231,0.5759466886520386,0.5474352240562439,0.5200805068016052,0.4595568776130676,2.0
1914,0.0,0.0,0.0,1.0,0.0,0.0,0.5729967355728149,0.5545779466629028,0.5762044787406921,0.5482231974601746,0.520609974861145,0.46494385600090027,0.0
1915,0.0,0.0,0.0,1.0,0.0,0.0,0.573074221611023,0.5548935532569885,0.5763213634490967,0.5484795570373535,0.5210912227630615,0.46548548340797424,0.0
1916,0.0,0.0,0.0,1.0,0.0,0.0,0.5730637311935425,0.5561749935150146,0.5765231847763062,0.5478993058204651,0.5211361646652222,0.45986583828926086,1.0
1917,0.0,0.0,0.0,1.0,0.0,0.0,0.572639524936676,0.5553876757621765,0.576099693775177,0.5476349592208862,0.5204206109046936,0.4597586989402771,2.0
1918,0.0,0.0,0.0,1.0,0.0,0.0,0.5729801654815674,0.5560054779052734,0.576491117477417,0.5481520891189575,0.5210525989532471,0.4602443277835846,2.0
1919,0.0,0.0,0.0,1.0,0.0,0.0,0.5734232068061829,0.5565152168273926,0.5756335258483887,0.547850489616394,0.5215476155281067,0.4542815089225769,4.0
1920,0.0,0.0,0.0,1.0,0.0,0.0,0.5732651948928833,0.55650794506073,0.5768258571624756,0.5486026406288147,0.5216174721717834,0.4606543481349945,2.0
1921,0.0,0.0,0.0,1.0,0.0,0.0,0.5739321112632751,0.5573614239692688,0.5762212872505188,0.548540472984314,0.5223968625068665,0.45475858449935913,4.0
1922,0.0,0.0,0.0,1.0,0.0,0.0,0.5726657509803772,0.5542284846305847,0.5758450031280518,0.5479289293289185,0.5204734206199646,0.465196430683136,0.0
1923,0.0,0.0,0.0,1.0,0.0,0.0,0.5731472373008728,0.5561272501945496,0.5753529071807861,0.5474695563316345,0.5211493968963623,0.4539904296398163,4.0
1924,0.0,0.0,0.0,1.0,1.0,0.0,0.5724326372146606,0.5552294850349426,0.5757797956466675,0.5471324920654297,0.5203449726104736,0.45967724919319153,1.0
1925,0.0,0.0,0.0,1.0,1.0,0.0,0.5731027722358704,0.5561718940734863,0.5766443014144897,0.5482916831970215,0.5212007164955139,0.4602503776550293,2.0
1926,0.0,0.0,0.0,1.0,1.0,0.0,0.5727964043617249,0.5554532408714294,0.5749130249023438,0.5469533801078796,0.5204617977142334,0.45356664061546326,4.0
1927,0.0,0.0,0.0,1.0,0.0,0.0,0.5713905692100525,0.5524585843086243,0.574100136756897,0.5463042855262756,0.5136299133300781,0.4502314627170563,3.0
1928,0.0,0.0,0.0,1.0,0.0,0.0,0.5724315643310547,0.5540554523468018,0.575244665145874,0.5474987030029297,0.5149999856948853,0.4503682553768158,3.0
1929,0.0,0.0,0.0,1.0,0.0,0.0,0.5726196765899658,0.5552300214767456,0.5747503638267517,0.5467703938484192,0.5203021168708801,0.4535297751426697,4.0
1930,0.0,0.0,0.0,1.0,1.0,0.0,0.5729033350944519,0.5555857419967651,0.5750411748886108,0.5470418930053711,0.5205872058868408,0.45364463329315186,4.0
1931,0.0,0.0,0.0,1.0,0.0,0.0,0.5728500485420227,0.5554932355880737,0.5750253796577454,0.5469728708267212,0.5203851461410522,0.4533541798591614,4.0
1932,0.0,0.0,0.0,1.0,0.0,0.0,0.5725358128547668,0.5541256070137024,0.5756891965866089,0.5478578209877014,0.5205284953117371,0.46549877524375916,0.0
1933,0.0,0.0,0.0,1.0,1.0,0.0,0.573407769203186,0.5559134483337402,0.5764463543891907,0.5490489602088928,0.5170196890830994,0.4515479803085327,3.0
1934,0.0,0.0,0.0,1.0,0.0,0.0,0.572632908821106,0.5556616187095642,0.5760287046432495,0.5475029349327087,0.5208474397659302,0.46013525128364563,1.0
1935,0.0,0.0,0.0,1.0,0.0,0.0,0.5728604793548584,0.5547318458557129,0.5760626196861267,0.548352837562561,0.5211690068244934,0.46595653891563416,0.0
1936,0.0,0.0,0.0,1.0,1.0,0.0,0.5729789733886719,0.554945170879364,0.5761837363243103,0.5484827160835266,0.5213657021522522,0.46607646346092224,0.0
1937,0.0,0.0,0.0,1.0,1.0,0.0,0.5723870992660522,0.5551095008850098,0.5757342576980591,0.5470321774482727,0.5201466083526611,0.4594435691833496,1.0
1938,0.0,0.0,0.0,1.0,0.0,0.0,0.5730758309364319,0.5554037690162659,0.576056957244873,0.5486225485801697,0.5165624618530273,0.45150887966156006,3.0
1939,0.0,0.0,0.0,1.0,0.0,0.0,0.5735185742378235,0.5558056235313416,0.5767943263053894,0.5492016673088074,0.5221176743507385,0.46634891629219055,0.0
1940,0.0,0.0,0.0,1.0,0.0,0.0,0.5725082159042358,0.5540868639945984,0.5756358504295349,0.5478358268737793,0.5205004215240479,0.4655255675315857,0.0
1941,0.0,0.0,0.0,1.0,1.0,0.0,0.5727559924125671,0.5545991063117981,0.575964093208313,0.5482538938522339,0.5210769176483154,0.4659382998943329,0.0
1942,0.0,0.0,0.0,1.0,0.0,0.0,0.5718082785606384,0.5525389909744263,0.5748453736305237,0.546563446521759,0.5185642838478088,0.4636438488960266,0.0
1943,0.0,0.0,0.0,1.0,0.0,0.0,0.5729600191116333,0.5550228953361511,0.5758659243583679,0.5482856631278992,0.5160141587257385,0.45095813274383545,3.0
1944,0.0,0.0,0.0,1.0,0.0,0.0,0.5723970532417297,0.5554129481315613,0.5757383704185486,0.5472913384437561,0.5207807421684265,0.46041759848594666,1.0
1945,0.0,0.0,0.0,1.0,0.0,0.0,0.572675347328186,0.5552791953086853,0.5748137831687927,0.5467840433120728,0.5203158259391785,0.45356693863868713,4.0
1946,0.0,0.0,0.0,1.0,0.0,0.0,0.57356858253479,0.5570109486579895,0.5771403312683105,0.5490266680717468,0.5221832990646362,0.4611472487449646,2.0
1947,0.0,0.0,0.0,1.0,0.0,0.0,0.5715543031692505,0.5533714890480042,0.574871838092804,0.54600590467453,0.5181960463523865,0.45814982056617737,2.0
1948,0.0,0.0,0.0,1.0,1.0,0.0,0.57301926612854,0.5551701784133911,0.57623291015625,0.548683226108551,0.5217893123626709,0.46667104959487915,0.0
1949,0.0,0.0,0.0,1.0,0.0,0.0,0.5731046795845032,0.5564006567001343,0.5765723586082458,0.5480843782424927,0.5215095281600952,0.4603562653064728,1.0
1950,0.0,0.0,0.0,1.0,0.0,0.0,0.5725736618041992,0.5556025505065918,0.575973629951477,0.5474509596824646,0.5208437442779541,0.4601474702358246,1.0
1951,0.0,0.0,0.0,1.0,1.0,0.0,0.5723989009857178,0.5553142428398132,0.5757593512535095,0.547240138053894,0.5206083655357361,0.4601544439792633,1.0
1952,0.0,0.0,0.0,1.0,1.0,0.0,0.5726404190063477,0.5553056597709656,0.5747944116592407,0.5468239784240723,0.5204417109489441,0.4537529945373535,4.0
1953,0.0,0.0,0.0,1.0,0.0,0.0,0.5732996463775635,0.5555050373077393,0.5762665867805481,0.5487076044082642,0.5164756774902344,0.45102885365486145,3.0
1954,0.0,0.0,0.0,1.0,0.0,0.0,0.5732104182243347,0.5564112663269043,0.5767672061920166,0.548491358757019,0.5214968919754028,0.46063604950904846,2.0
1955,0.0,0.0,0.0,1.0,0.0,0.0,0.5719074606895447,0.5537490844726562,0.5739024877548218,0.5456328988075256,0.5186404585838318,0.4522378742694855,4.0
1956,0.0,0.0,0.0,1.0,0.0,0.0,0.5730841159820557,0.5566267371177673,0.576545774936676,0.5483384132385254,0.5221097469329834,0.46136608719825745,1.0
1957,0.0,0.0,0.0,1.0,0.0,0.0,0.573672890663147,0.5565083026885986,0.5767529010772705,0.5495164394378662,0.517707109451294,0.4520782232284546,3.0
1958,0.0,0.0,0.0,1.0,0.0,0.0,0.5730056762695312,0.5551610589027405,0.5762566924095154,0.548705518245697,0.5217438340187073,0.4666084349155426,0.0
1959,0.0,0.0,0.0,1.0,0.0,0.0,0.573310136795044,0.5562445521354675,0.5754829049110413,0.5475842952728271,0.5211678743362427,0.4538961350917816,4.0
1960,0.0,0.0,0.0,1.0,0.0,0.0,0.5728603005409241,0.5551013946533203,0.5758175253868103,0.5483465194702148,0.5162485837936401,0.45137491822242737,3.0
1961,0.0,0.0,0.0,1.0,1.0,0.0,0.5718533396720886,0.5542965531349182,0.5751519799232483,0.5463827848434448,0.5194879770278931,0.4592496454715729,1.0
1962,0.0,0.0,0.0,1.0,1.0,0.0,0.5718116760253906,0.5540480613708496,0.5750398635864258,0.546128511428833,0.5190414786338806,0.4587855637073517,1.0
1963,0.0,0.0,0.0,1.0,0.0,0.0,0.5723650455474854,0.5548988580703735,0.5757743716239929,0.5472687482833862,0.5199587941169739,0.4595557749271393,2.0
1964,0.0,0.0,0.0,1.0,0.0,0.0,0.5734016299247742,0.5558973550796509,0.5764347314834595,0.5489705204963684,0.516994833946228,0.45164117217063904,3.0
1965,0.0,0.0,0.0,1.0,1.0,0.0,0.571790337562561,0.5537302494049072,0.5750904679298401,0.5463263392448425,0.5186457633972168,0.4585883915424347,2.0
1966,0.0,0.0,0.0,1.0,0.0,0.0,0.57296222448349,0.5549956560134888,0.5758698582649231,0.5483090281486511,0.5160702466964722,0.4510447084903717,3.0
1967,0.0,0.0,0.0,1.0,0.0,0.0,0.5730469226837158,0.5563591122627258,0.576522707939148,0.5480964183807373,0.5215624570846558,0.4605295658111572,1.0
1968,0.0,0.0,0.0,1.0,0.0,0.0,0.5732870697975159,0.5553960204124451,0.5765516757965088,0.5489106774330139,0.5218231678009033,0.46636655926704407,0.0
1969,0.0,0.0,0.0,1.0,0.0,0.0,0.5729355216026306,0.5556466579437256,0.5750738382339478,0.5471146702766418,0.5206707715988159,0.4537997543811798,4.0
1970,0.0,0.0,0.0,1.0,0.0,0.0,0.5730966925621033,0.5560927391052246,0.576594352722168,0.5482178926467896,0.5210690498352051,0.4600851833820343,2.0
1971,0.0,0.0,0.0,1.0,0.0,0.0,0.5725955963134766,0.5544439554214478,0.5754934549331665,0.5478575825691223,0.5155139565467834,0.450794517993927,3.0
1972,0.0,0.0,0.0,1.0,0.0,0.0,0.5731126070022583,0.5549399256706238,0.5763493776321411,0.5485422611236572,0.5211895704269409,0.4656204581260681,0.0
1973,0.0,0.0,0.0,1.0,0.0,0.0,0.5727993845939636,0.555471658706665,0.576242208480835,0.5477058291435242,0.5203290581703186,0.4594782888889313,2.0
1974,0.0,0.0,0.0,1.0,1.0,0.0,0.5732073783874512,0.5562760829925537,0.5754026174545288,0.5476323366165161,0.5214619636535645,0.4545147716999054,4.0
1975,0.0,0.0,0.0,1.0,0.0,0.0,0.5727232694625854,0.5555123686790466,0.5761720538139343,0.5477481484413147,0.5205549001693726,0.459888756275177,2.0
1976,0.0,0.0,0.0,1.0,1.0,0.0,0.572985827922821,0.5550764799118042,0.5762013792991638,0.5486472249031067,0.5216898918151855,0.4665657579898834,0.0
1977,0.0,0.0,0.0,1.0,0.0,0.0,0.572456955909729,0.555019736289978,0.5758779048919678,0.5473517179489136,0.5199868083000183,0.45949041843414307,2.0
1978,0.0,0.0,0.0,1.0,0.0,0.0,0.5729839205741882,0.5549135208129883,0.5762054920196533,0.5484685301780701,0.5212959051132202,0.46598395705223083,0.0
1979,0.0,0.0,0.0,1.0,0.0,0.0,0.5729133486747742,0.5549726486206055,0.5758812427520752,0.5482767224311829,0.5159395337104797,0.4507865607738495,3.0
1980,0.0,0.0,0.0,1.0,0.0,0.0,0.5722870826721191,0.554961621761322,0.5756433606147766,0.5469067096710205,0.5200322866439819,0.45940133929252625,1.0
1981,0.0,0.0,0.0,1.0,0.0,0.0,0.5727667808532715,0.5554905533790588,0.574924647808075,0.5469652414321899,0.5205697417259216,0.4537826478481293,4.0
1982,0.0,0.0,0.0,1.0,0.0,0.0,0.5726614594459534,0.5551918148994446,0.5747656226158142,0.5466716885566711,0.5201952457427979,0.4534398317337036,4.0
1983,0.0,0.0,0.0,1.0,0.0,0.0,0.5731571912765503,0.5562622547149658,0.5766988396644592,0.5483874678611755,0.5213429927825928,0.46045875549316406,2.0
1984,0.0,0.0,0.0,1.0,0.0,0.0,0.5726208686828613,0.5546988844871521,0.5755338668823242,0.5480573177337646,0.5159739255905151,0.4514472186565399,3.0
1985,0.0,0.0,0.0,1.0,0.0,0.0,0.5726199746131897,0.5554410815238953,0.5759643316268921,0.5472737550735474,0.520431637763977,0.45954248309135437,1.0
1986,0.0,0.0,0.0,1.0,0.0,0.0,0.5722041130065918,0.5542849898338318,0.5742335915565491,0.545979917049408,0.5191811323165894,0.45255157351493835,4.0
1987,0.0,0.0,0.0,1.0,0.0,0.0,0.5725504755973816,0.5555840730667114,0.575932502746582,0.5474286079406738,0.5208579897880554,0.4602610766887665,1.0
1988,0.0,0.0,0.0,1.0,0.0,0.0,0.5726491808891296,0.5543586015701294,0.5758211612701416,0.5480730533599854,0.5208389163017273,0.465871661901474,0.0
1989,0.0,0.0,0.0,1.0,0.0,0.0,0.5721570253372192,0.554559588432312,0.5755301117897034,0.5470017194747925,0.5196250081062317,0.4593808352947235,2.0
1990,0.0,0.0,0.0,1.0,0.0,0.0,0.572105884552002,0.5548517107963562,0.5754308700561523,0.5468599796295166,0.520197868347168,0.45999637246131897,1.0
1991,0.0,0.0,0.0,1.0,0.0,0.0,0.5731207728385925,0.5554880499839783,0.576077401638031,0.548636257648468,0.51670902967453,0.4517331123352051,3.0
1992,0.0,0.0,0.0,1.0,0.0,0.0,0.5729125738143921,0.556033730506897,0.5763053297996521,0.5477213859558105,0.5210943818092346,0.46007877588272095,1.0
1993,0.0,0.0,0.0,1.0,0.0,0.0,0.5728477835655212,0.5546389222145081,0.5760900974273682,0.5482457280158997,0.5209188461303711,0.4655340015888214,0.0
1994,0.0,0.0,0.0,1.0,0.0,0.0,0.5723875761032104,0.5552381277084351,0.5757393836975098,0.5471739768981934,0.5204782485961914,0.45994770526885986,1.0
1995,0.0,0.0,0.0,1.0,0.0,0.0,0.57254958152771,0.5543386936187744,0.5754005312919617,0.5477809309959412,0.515378475189209,0.45062679052352905,3.0
1996,0.0,0.0,0.0,1.0,0.0,0.0,0.5728915929794312,0.5547891855239868,0.576077401638031,0.5484145283699036,0.5212969183921814,0.46624669432640076,0.0
1997,0.0,0.0,0.0,1.0,0.0,0.0,0.5725380182266235,0.5549731850624084,0.5746446847915649,0.5465579628944397,0.5199609398841858,0.4531794488430023,4.0
1998,0.0,0.0,0.0,1.0,0.0,0.0,0.572124183177948,0.5543677806854248,0.5741564035415649,0.5460949540138245,0.5194478034973145,0.4530999958515167,4.0
1999,0.0,0.0,0.0,1.0,0.0,0.0,0.5725760459899902,0.5551828742027283,0.5760049223899841,0.5475191473960876,0.5201899409294128,0.45961833000183105,2.0
2000,0.0,0.0,0.0,1.0,0.0,0.0,0.5722523331642151,0.5545944571495056,0.5756651163101196,0.5470334887504578,0.5195170640945435,0.4589863419532776,2.0
2001,0.0,0.0,0.0,1.0,0.0,0.0,0.5729945302009583,0.5552175641059875,0.5759366154670715,0.5485223531723022,0.5164057612419128,0.45151689648628235,3.0
2002,0.0,0.0,0.0,1.0,0.0,0.0,0.5729514956474304,0.5548689961433411,0.576191246509552,0.548467218875885,0.5212969183921814,0.46603283286094666,0.0
2003,0.0,0.0,0.0,1.0,0.0,0.0,0.5726919174194336,0.5544800758361816,0.575573205947876,0.5478764772415161,0.5154213309288025,0.45047709345817566,3.0
2004,0.0,0.0,0.0,1.0,0.0,0.0,0.5730615258216858,0.5551639199256897,0.5759844779968262,0.5484470129013062,0.5161792635917664,0.4510217308998108,3.0
2005,0.0,0.0,0.0,1.0,0.0,0.0,0.5724331140518188,0.5549929141998291,0.5758682489395142,0.5473740696907043,0.5200371146202087,0.45957452058792114,2.0
2006,0.0,0.0,0.0,1.0,0.0,0.0,0.5724878311157227,0.5548814535140991,0.5745752453804016,0.5464699864387512,0.5198180675506592,0.4529988765716553,4.0
2007,0.0,0.0,0.0,0.0,1.0,0.0,0.5723375082015991,0.553881824016571,0.5754953026771545,0.5476512312889099,0.5203147530555725,0.4654815196990967,0.0
2008,0.0,0.0,0.0,0.0,1.0,0.0,0.5717218518257141,0.554193913936615,0.5749574303627014,0.5463473200798035,0.5195425152778625,0.4596671462059021,1.0
2009,0.0,0.0,0.0,0.0,1.0,0.0,0.5717076659202576,0.5529798865318298,0.5744606852531433,0.5467002987861633,0.5141276121139526,0.45030874013900757,3.0
2010,0.0,0.0,0.0,0.0,1.0,0.0,0.5715017318725586,0.552372395992279,0.5745229721069336,0.5465161800384521,0.5188610553741455,0.4646947383880615,0.0
2011,0.0,0.0,0.0,0.0,1.0,0.0,0.5721073150634766,0.5537158250808716,0.5752195715904236,0.5475063323974609,0.5203798413276672,0.46587899327278137,0.0
2012,0.0,0.0,0.0,0.0,1.0,0.0,0.5716661810874939,0.5538205504417419,0.5749926567077637,0.5464397668838501,0.519000768661499,0.4592389762401581,2.0
2013,0.0,0.0,0.0,0.0,1.0,0.0,0.5714350938796997,0.5535603165626526,0.5746757984161377,0.545849621295929,0.5187631845474243,0.45882606506347656,1.0
2014,0.0,0.0,0.0,0.0,1.0,0.0,0.5715334415435791,0.5534382462501526,0.5748292207717896,0.5461366772651672,0.5184822678565979,0.4587016999721527,2.0
2015,0.0,0.0,0.0,0.0,1.0,0.0,0.5715805292129517,0.5536323189735413,0.574853777885437,0.5462567210197449,0.5187838077545166,0.45905572175979614,2.0
2016,0.0,0.0,0.0,0.0,1.0,0.0,0.5719989538192749,0.5533785820007324,0.5747998356819153,0.5469920039176941,0.5144171714782715,0.4502292275428772,3.0
2017,0.0,0.0,0.0,0.0,1.0,0.0,0.5717691779136658,0.5530917644500732,0.5745457410812378,0.5467824339866638,0.5142186284065247,0.4503321051597595,3.0
2018,0.0,0.0,0.0,0.0,1.0,0.0,0.5719436407089233,0.5545815825462341,0.5752299427986145,0.5466559529304504,0.5199212431907654,0.45983651280403137,1.0
2019,0.0,0.0,0.0,0.0,1.0,0.0,0.5715451240539551,0.5524643659591675,0.5745581984519958,0.5465763211250305,0.518984854221344,0.4648473858833313,0.0
2020,0.0,0.0,0.0,0.0,1.0,0.0,0.5716267228126526,0.553939938545227,0.5748897790908813,0.5461174845695496,0.5191076397895813,0.4590837061405182,1.0
2021,0.0,0.0,0.0,0.0,1.0,0.0,0.5716981291770935,0.5529901385307312,0.574425220489502,0.5467134118080139,0.5141725540161133,0.450465589761734,3.0
2022,0.0,0.0,0.0,0.0,1.0,0.0,0.5723506212234497,0.5547813177108765,0.575742781162262,0.547143280506134,0.5196847915649414,0.459173321723938,2.0
2023,0.0,0.0,0.0,0.0,1.0,0.0,0.5712863802909851,0.5533240437507629,0.5744981169700623,0.5456296801567078,0.5185192823410034,0.4587719142436981,1.0
2024,0.0,0.0,0.0,0.0,1.0,0.0,0.5726082921028137,0.5554860234260559,0.5760685801506042,0.547751784324646,0.5207130908966064,0.46034783124923706,2.0
2025,0.0,0.0,0.0,0.0,1.0,0.0,0.5715188384056091,0.5536608099937439,0.5747890472412109,0.5458742380142212,0.5186928510665894,0.45854878425598145,1.0
2026,0.0,0.0,0.0,0.0,1.0,0.0,0.5717054605484009,0.5542535781860352,0.5749999284744263,0.546388566493988,0.5196678638458252,0.4597480893135071,1.0
2027,0.0,0.0,0.0,0.0,1.0,0.0,0.5720847845077515,0.5543670058250427,0.574130117893219,0.546109676361084,0.5195276737213135,0.4533204436302185,4.0
2028,0.0,0.0,0.0,0.0,1.0,0.0,0.572090208530426,0.5544824004173279,0.5754697918891907,0.5469219088554382,0.5195425152778625,0.459349125623703,2.0
2029,0.0,0.0,0.0,0.0,1.0,0.0,0.5726801156997681,0.5546585321426392,0.5759057998657227,0.5483001470565796,0.521284282207489,0.4664057195186615,0.0
2030,0.0,0.0,0.0,0.0,1.0,0.0,0.5712060928344727,0.5519518256187439,0.5738728046417236,0.5459223389625549,0.5130485892295837,0.4497232139110565,3.0
2031,0.0,0.0,0.0,0.0,1.0,0.0,0.5719799995422363,0.5546337366104126,0.5752897262573242,0.5467060804367065,0.5199757218360901,0.45979830622673035,1.0
2032,0.0,0.0,0.0,0.0,1.0,0.0,0.5718541741371155,0.5531132221221924,0.5746433734893799,0.5468118786811829,0.514130175113678,0.45005130767822266,3.0
2033,0.0,0.0,0.0,0.0,1.0,0.0,0.5724717974662781,0.5545282363891602,0.5753451585769653,0.5479583740234375,0.5158939361572266,0.4516296982765198,3.0
2034,0.0,0.0,0.0,1.0,1.0,0.0,0.5721499919891357,0.5536692142486572,0.5749593377113342,0.5472503304481506,0.514756441116333,0.4504859149456024,3.0
2035,0.0,0.0,0.0,1.0,1.0,0.0,0.5724177956581116,0.554018497467041,0.5755675435066223,0.5477955937385559,0.5204993486404419,0.4656158685684204,0.0
2036,0.0,0.0,0.0,0.0,1.0,0.0,0.5721426010131836,0.5547929406166077,0.5754696726799011,0.5467893481254578,0.5199376344680786,0.4594549834728241,1.0
2037,0.0,0.0,0.0,0.0,1.0,0.0,0.571707546710968,0.5536912083625793,0.575028121471405,0.5463307499885559,0.518669605255127,0.45862576365470886,2.0
2038,0.0,0.0,0.0,0.0,1.0,0.0,0.5722997784614563,0.554670512676239,0.574374258518219,0.5463168621063232,0.519737720489502,0.4533221125602722,4.0
2039,0.0,0.0,0.0,0.0,1.0,0.0,0.5725714564323425,0.5543389320373535,0.575753390789032,0.5480276942253113,0.5208653807640076,0.4660184383392334,0.0
2040,0.0,0.0,0.0,0.0,1.0,0.0,0.5718767046928406,0.5528712272644043,0.5749306082725525,0.5468512773513794,0.519156813621521,0.4644967019557953,0.0
2041,0.0,0.0,0.0,1.0,1.0,0.0,0.5721343159675598,0.5543347597122192,0.5741652846336365,0.5460873246192932,0.5194064974784851,0.45300808548927307,4.0
2042,0.0,0.0,0.0,0.0,1.0,0.0,0.5730012655258179,0.5551071166992188,0.5761975049972534,0.5486844778060913,0.5217544436454773,0.46670177578926086,0.0
2043,0.0,0.0,0.0,1.0,1.0,0.0,0.5721399188041687,0.5545515418052673,0.5755029916763306,0.5470185279846191,0.5197128653526306,0.45962631702423096,2.0
2044,0.0,0.0,0.0,0.0,1.0,0.0,0.5718733072280884,0.5531755685806274,0.5749497413635254,0.5471151471138,0.5197429656982422,0.4654204547405243,0.0
2045,0.0,0.0,0.0,0.0,1.0,0.0,0.5721348524093628,0.5545790195465088,0.5754256248474121,0.5466078519821167,0.5195255875587463,0.4588938355445862,1.0
2046,0.0,0.0,0.0,0.0,1.0,0.0,0.5727472901344299,0.5547465085983276,0.5759668946266174,0.5483709573745728,0.5213783979415894,0.4664514660835266,0.0
2047,0.0,0.0,0.0,0.0,1.0,0.0,0.5725420713424683,0.5549553632736206,0.5746511220932007,0.5465487837791443,0.5199190974235535,0.45316970348358154,4.0
2048,0.0,0.0,0.0,0.0,1.0,0.0,0.5722730755805969,0.5551143288612366,0.5756112337112427,0.5470555424690247,0.5203909277915955,0.4600503742694855,1.0
2049,0.0,0.0,0.0,0.0,1.0,0.0,0.5723671317100525,0.554487407207489,0.5743926763534546,0.5461521744728088,0.5192716121673584,0.4524511396884918,4.0
2050,0.0,0.0,0.0,0.0,1.0,0.0,0.5735216736793518,0.5572927594184875,0.5770568251609802,0.5488560795783997,0.5226036310195923,0.46145954728126526,1.0
2051,0.0,0.0,0.0,0.0,1.0,0.0,0.5715142488479614,0.553568959236145,0.5747381448745728,0.5457568168640137,0.5185235142707825,0.458371639251709,1.0
2052,0.0,0.0,0.0,1.0,1.0,0.0,0.5721970796585083,0.5539179444313049,0.5750328898429871,0.5474708676338196,0.5151973962783813,0.4511311650276184,3.0
2053,0.0,0.0,0.0,0.0,1.0,0.0,0.5722797513008118,0.5540088415145874,0.5754345059394836,0.5477588772773743,0.5206300616264343,0.46600738167762756,0.0
2054,0.0,0.0,0.0,0.0,1.0,0.0,0.5719344019889832,0.5543939471244812,0.5753082633018494,0.5469132661819458,0.5197175741195679,0.4598153233528137,2.0
2055,0.0,0.0,0.0,0.0,1.0,0.0,0.572319507598877,0.5548326373100281,0.5757166147232056,0.5472332835197449,0.5199582576751709,0.45969358086586,2.0
2056,0.0,0.0,0.0,0.0,1.0,0.0,0.5724194049835205,0.5548941493034363,0.5744719505310059,0.546487033367157,0.5199968814849854,0.453510046005249,4.0
2057,0.0,0.0,0.0,0.0,1.0,0.0,0.5719099640846252,0.5534715056419373,0.5746697783470154,0.5470936298370361,0.5147490501403809,0.4509356915950775,3.0
2058,0.0,0.0,0.0,0.0,1.0,0.0,0.5728464722633362,0.5551218390464783,0.5757859945297241,0.5483919382095337,0.5164084434509277,0.45169296860694885,3.0
2059,0.0,0.0,0.0,0.0,1.0,0.0,0.5731512308120728,0.5562818646430969,0.5766802430152893,0.5484089851379395,0.521348774433136,0.4604467749595642,2.0
2060,0.0,0.0,0.0,0.0,1.0,0.0,0.5717959403991699,0.5542486906051636,0.5750897526741028,0.5463507175445557,0.5194705724716187,0.4593323767185211,1.0
2061,0.0,0.0,0.0,0.0,1.0,0.0,0.5715081691741943,0.5533010363578796,0.5734681487083435,0.5452309250831604,0.518400251865387,0.4525531232357025,4.0
2062,0.0,0.0,0.0,0.0,1.0,0.0,0.5721960663795471,0.5546340942382812,0.5742394924163818,0.5463058352470398,0.51987624168396,0.45366790890693665,4.0
2063,0.0,0.0,0.0,0.0,1.0,0.0,0.5717635750770569,0.5539075136184692,0.5750735402107239,0.5464841723442078,0.5190197825431824,0.45910778641700745,2.0
2064,0.0,0.0,0.0,0.0,1.0,0.0,0.5720247030258179,0.5544221997261047,0.5753844976425171,0.5468856692314148,0.519575297832489,0.45951247215270996,2.0
2065,0.0,0.0,0.0,0.0,1.0,0.0,0.572490930557251,0.5551159381866455,0.5745946764945984,0.5466939806938171,0.5203322172164917,0.453946977853775,4.0
2066,0.0,0.0,0.0,0.0,1.0,0.0,0.573820173740387,0.5564881563186646,0.5771770477294922,0.5497706532478333,0.523004949092865,0.4673343598842621,0.0
2067,0.0,0.0,0.0,0.0,1.0,0.0,0.5720232725143433,0.5543619990348816,0.575372040271759,0.5468641519546509,0.5194938778877258,0.45943233370780945,2.0
2068,0.0,0.0,0.0,0.0,1.0,0.0,0.5721466541290283,0.5544915795326233,0.5742043256759644,0.5461664199829102,0.5195959210395813,0.453269898891449,4.0
2069,0.0,0.0,0.0,0.0,1.0,0.0,0.572136640548706,0.5538226962089539,0.5749764442443848,0.5473435521125793,0.5149560570716858,0.45075586438179016,3.0
2070,0.0,0.0,0.0,0.0,1.0,0.0,0.5725512504577637,0.5546447038650513,0.5754404067993164,0.5480218529701233,0.5159834623336792,0.4516166150569916,3.0
2071,0.0,0.0,0.0,0.0,1.0,0.0,0.5728582739830017,0.5562314987182617,0.5763077139854431,0.5479879975318909,0.5216285586357117,0.46103164553642273,1.0
2072,0.0,0.0,0.0,0.0,1.0,0.0,0.5725775957107544,0.5555495023727417,0.5759337544441223,0.5473994612693787,0.5207675695419312,0.4602254331111908,1.0
2073,0.0,0.0,0.0,0.0,1.0,0.0,0.5723651647567749,0.5546925663948059,0.5744529962539673,0.5463048219680786,0.5196287035942078,0.45295286178588867,4.0
2074,0.0,0.0,0.0,1.0,1.0,0.0,0.5727423429489136,0.5554189085960388,0.5748736262321472,0.5469045639038086,0.520514190196991,0.4537046551704407,4.0
2075,0.0,0.0,0.0,0.0,1.0,0.0,0.5721670985221863,0.5533698797225952,0.5749311447143555,0.5469253659248352,0.5139809250831604,0.449283629655838,3.0
2076,0.0,0.0,0.0,1.0,1.0,0.0,0.572759211063385,0.5542934536933899,0.5759391784667969,0.5479494333267212,0.5204179286956787,0.4650020897388458,0.0
2077,0.0,0.0,0.0,0.0,1.0,0.0,0.5714261531829834,0.5536998510360718,0.5746590495109558,0.5459357500076294,0.5190446972846985,0.45932117104530334,1.0
2078,0.0,0.0,0.0,0.0,1.0,0.0,0.5719795823097229,0.5532520413398743,0.575040876865387,0.5471732020378113,0.5198144316673279,0.465368390083313,0.0
2079,0.0,0.0,0.0,0.0,1.0,0.0,0.5721092820167542,0.5537509322166443,0.5749086141586304,0.5472671985626221,0.5149158239364624,0.45078036189079285,3.0
2080,0.0,0.0,0.0,0.0,1.0,0.0,0.5719836950302124,0.5547250509262085,0.5752677321434021,0.5467197299003601,0.5201148390769958,0.4600546061992645,1.0
2081,0.0,0.0,0.0,0.0,1.0,0.0,0.5728099346160889,0.5551155209541321,0.5757409334182739,0.5484108328819275,0.5164529085159302,0.45181554555892944,3.0
2082,0.0,0.0,0.0,0.0,1.0,0.0,0.5718592405319214,0.5543034076690674,0.5751479864120483,0.5464261174201965,0.5194969773292542,0.4592607021331787,1.0
2083,0.0,0.0,0.0,0.0,1.0,0.0,0.5724008083343506,0.5549415946006775,0.5744838118553162,0.5465684533119202,0.5201788544654846,0.4537716507911682,4.0
2084,0.0,0.0,0.0,0.0,1.0,0.0,0.5720466375350952,0.5548547506332397,0.5754023790359497,0.5468347668647766,0.5201963186264038,0.460052490234375,1.0
2085,0.0,0.0,0.0,0.0,1.0,0.0,0.5719904899597168,0.5541023015975952,0.574013888835907,0.545849084854126,0.5191017985343933,0.45278534293174744,4.0
2086,0.0,0.0,0.0,0.0,1.0,0.0,0.5721915364265442,0.5546684861183167,0.5756012201309204,0.5471025705337524,0.5197540521621704,0.4595409631729126,2.0
2087,0.0,0.0,0.0,0.0,1.0,0.0,0.5720876455307007,0.5536327958106995,0.5749013423919678,0.5471818447113037,0.5147321224212646,0.450532466173172,3.0
2088,0.0,0.0,0.0,0.0,1.0,0.0,0.5716054439544678,0.5531396865844727,0.5735750794410706,0.5450995564460754,0.517887532711029,0.45160335302352905,4.0
2089,0.0,0.0,0.0,0.0,1.0,0.0,0.5719083547592163,0.5530770421028137,0.5746734142303467,0.5467309951782227,0.5139026045799255,0.4495526850223541,3.0
2090,0.0,0.0,0.0,0.0,1.0,0.0,0.5718725919723511,0.5545083284378052,0.5751947164535522,0.5466052293777466,0.5198635458946228,0.4597710967063904,1.0
2091,0.0,0.0,0.0,0.0,1.0,0.0,0.5722543001174927,0.5536917448043823,0.575360894203186,0.5475262999534607,0.5201159119606018,0.465368390083313,0.0
2092,0.0,0.0,0.0,0.0,1.0,0.0,0.571974515914917,0.5541808605194092,0.5752929449081421,0.5466671586036682,0.5191156268119812,0.4589117765426636,2.0
2093,0.0,0.0,0.0,0.0,1.0,0.0,0.5727022886276245,0.5546622276306152,0.5756029486656189,0.5480368137359619,0.5157198905944824,0.4509439766407013,3.0
2094,0.0,0.0,0.0,0.0,1.0,0.0,0.5717082023620605,0.5537852048873901,0.5750144124031067,0.5463938117027283,0.5188716650009155,0.45899397134780884,2.0
2095,0.0,0.0,0.0,0.0,1.0,0.0,0.5720502734184265,0.5543015003204346,0.575410783290863,0.5467633008956909,0.5192605257034302,0.4590390920639038,2.0
2096,0.0,0.0,0.0,0.0,1.0,0.0,0.5719670057296753,0.5542680025100708,0.5753324031829834,0.5467937588691711,0.5193885564804077,0.4593316316604614,2.0
2097,0.0,0.0,0.0,0.0,1.0,0.0,0.5718278288841248,0.5543939471244812,0.5751431584358215,0.5465015172958374,0.5196853280067444,0.45956555008888245,1.0
2098,0.0,0.0,0.0,0.0,1.0,0.0,0.5722797513008118,0.5538331270217896,0.5754026174545288,0.5476344227790833,0.5203814506530762,0.46572157740592957,0.0
2099,0.0,0.0,0.0,0.0,1.0,0.0,0.5730982422828674,0.555206835269928,0.5760276913642883,0.5484476089477539,0.5161761045455933,0.45096176862716675,3.0
2100,0.0,0.0,0.0,0.0,1.0,0.0,0.5719609260559082,0.5533043742179871,0.5747599601745605,0.5469657182693481,0.5143424868583679,0.45015308260917664,3.0
2101,0.0,0.0,0.0,0.0,1.0,0.0,0.572263240814209,0.5547254085540771,0.5743470191955566,0.5463683009147644,0.5199170112609863,0.45360106229782104,4.0
2102,0.0,0.0,0.0,0.0,1.0,0.0,0.5726767778396606,0.554366409778595,0.5758532881736755,0.5480654239654541,0.5207950472831726,0.46571630239486694,0.0
2103,0.0,0.0,0.0,0.0,1.0,0.0,0.5724095106124878,0.5550950765609741,0.5757497549057007,0.5470185279846191,0.5200614333152771,0.4592561721801758,1.0
2104,0.0,0.0,0.0,0.0,1.0,0.0,0.5719130635261536,0.5530275702476501,0.5746550559997559,0.546694278717041,0.5138067007064819,0.44951698184013367,3.0
2105,0.0,0.0,0.0,0.0,1.0,0.0,0.5722070932388306,0.5536679029464722,0.5753223896026611,0.5474790334701538,0.5202047824859619,0.46556442975997925,0.0
2106,0.0,0.0,0.0,0.0,1.0,0.0,0.5727773904800415,0.5548988580703735,0.5757060050964355,0.54820716381073,0.5160977840423584,0.4513689875602722,3.0
2107,0.0,0.0,0.0,0.0,1.0,0.0,0.5716767907142639,0.5540493726730347,0.5749216079711914,0.5461910963058472,0.5192695260047913,0.4592897593975067,1.0
2108,0.0,0.0,0.0,0.0,1.0,0.0,0.5721270442008972,0.5545397400856018,0.5755250453948975,0.5469915270805359,0.5196530222892761,0.4594806730747223,2.0
2109,0.0,0.0,0.0,0.0,1.0,0.0,0.572178304195404,0.5549117922782898,0.5755268931388855,0.5468615293502808,0.5200735926628113,0.4597010910511017,1.0
2110,0.0,0.0,0.0,0.0,1.0,0.0,0.5724253058433533,0.5541410446166992,0.5752734541893005,0.5476037263870239,0.5152005553245544,0.4506814777851105,3.0
2111,0.0,0.0,0.0,0.0,1.0,0.0,0.5720639824867249,0.5546082854270935,0.5753769874572754,0.5465721487998962,0.5196667909622192,0.45923247933387756,1.0
2112,0.0,0.0,0.0,0.0,1.0,0.0,0.572165846824646,0.5548121929168701,0.5755043625831604,0.5467796325683594,0.5199577808380127,0.45954108238220215,1.0
2113,0.0,0.0,0.0,0.0,1.0,0.0,0.5724229216575623,0.5545685291290283,0.5757878422737122,0.5469583868980408,0.5191356539726257,0.45822030305862427,2.0
2114,0.0,0.0,0.0,0.0,1.0,0.0,0.5722184777259827,0.5550419688224792,0.5756047368049622,0.5469736456871033,0.5202608108520508,0.4598146378993988,1.0
2115,0.0,0.0,0.0,0.0,1.0,0.0,0.5723885893821716,0.5542141199111938,0.5752469897270203,0.5476722121238708,0.5154139399528503,0.45107734203338623,3.0
2116,0.0,0.0,0.0,0.0,1.0,0.0,0.5731368660926819,0.5555916428565979,0.5761565566062927,0.5487582087516785,0.5168328881263733,0.45185989141464233,3.0
2117,0.0,0.0,0.0,1.0,1.0,0.0,0.5730770826339722,0.555023193359375,0.576318085193634,0.5486228466033936,0.521422266960144,0.4660557806491852,0.0
2118,0.0,0.0,0.0,0.0,1.0,0.0,0.5725117921829224,0.555449903011322,0.5759699940681458,0.5477231740951538,0.5207992792129517,0.4605950117111206,2.0
2119,0.0,0.0,0.0,0.0,1.0,0.0,0.5724930763244629,0.5541585683822632,0.5756514072418213,0.5478465557098389,0.5206056833267212,0.4656762480735779,0.0
2120,0.0,0.0,0.0,0.0,1.0,0.0,0.5724031329154968,0.5550481677055359,0.5758385062217712,0.5474275946617126,0.5201719999313354,0.4598054587841034,2.0
2121,0.0,0.0,0.0,0.0,1.0,0.0,0.5721912384033203,0.5547699332237244,0.5756084322929382,0.54719078540802,0.5200090408325195,0.4599378705024719,2.0
2122,0.0,0.0,0.0,1.0,1.0,0.0,0.5728450417518616,0.5562115907669067,0.5762644410133362,0.547988772392273,0.521649181842804,0.46100544929504395,1.0
2123,0.0,0.0,0.0,0.0,1.0,0.0,0.5724441409111023,0.5555525422096252,0.5758230090141296,0.5474220514297485,0.5209500193595886,0.46059831976890564,1.0
2124,0.0,0.0,0.0,0.0,1.0,0.0,0.5729854106903076,0.555170476436615,0.5761972069740295,0.5486952662467957,0.5218289494514465,0.46681293845176697,0.0
2125,0.0,0.0,0.0,0.0,1.0,0.0,0.572005033493042,0.5546161532402039,0.5753399729728699,0.5466356873512268,0.5198403000831604,0.4595518410205841,1.0
2126,0.0,0.0,0.0,1.0,1.0,0.0,0.572822630405426,0.5560309886932373,0.5763438940048218,0.5482124090194702,0.5213910937309265,0.460980623960495,2.0
2127,0.0,0.0,0.0,0.0,1.0,0.0,0.5719929337501526,0.5544575452804565,0.575362503528595,0.5469618439674377,0.5197403430938721,0.4598124027252197,2.0
2128,0.0,0.0,0.0,0.0,1.0,0.0,0.5721315741539001,0.5535485148429871,0.5752232074737549,0.5473864078521729,0.5200730562210083,0.46545103192329407,0.0
2129,0.0,0.0,0.0,0.0,1.0,0.0,0.5728105902671814,0.5556743144989014,0.5762797594070435,0.5479131937026978,0.5207617282867432,0.46006813645362854,2.0
2130,0.0,0.0,0.0,0.0,1.0,0.0,0.5724787712097168,0.555331289768219,0.5758247971534729,0.5472328066825867,0.5205031037330627,0.4599154591560364,1.0
2131,0.0,0.0,0.0,0.0,1.0,0.0,0.5733292698860168,0.5567022562026978,0.5768837928771973,0.5487446188926697,0.5219506025314331,0.4610917866230011,2.0
2132,0.0,0.0,0.0,0.0,1.0,0.0,0.5723974108695984,0.5550782680511475,0.5758211612701416,0.5474538803100586,0.5203327536582947,0.4601345956325531,2.0
2133,0.0,0.0,0.0,1.0,1.0,0.0,0.5724455714225769,0.5548938512802124,0.5758540630340576,0.5472367405891418,0.5197646617889404,0.4591776430606842,2.0
2134,0.0,0.0,0.0,0.0,1.0,0.0,0.5721278190612793,0.5548418760299683,0.5754844546318054,0.5468205809593201,0.5200936794281006,0.45978569984436035,1.0
2135,0.0,0.0,0.0,0.0,1.0,0.0,0.5721819400787354,0.5545693039894104,0.5742502212524414,0.5462651252746582,0.5197778940200806,0.45353251695632935,4.0
2136,0.0,0.0,0.0,0.0,1.0,0.0,0.5722742676734924,0.5547574758529663,0.5756850242614746,0.5471519231796265,0.5197942852973938,0.459475040435791,2.0
2137,0.0,0.0,0.0,0.0,1.0,0.0,0.5723354816436768,0.553883969783783,0.5754539370536804,0.54765385389328,0.520362913608551,0.4655953049659729,0.0
2138,0.0,0.0,0.0,0.0,1.0,0.0,0.5716707110404968,0.5523202419281006,0.5746747255325317,0.5463659763336182,0.5184087157249451,0.4636566638946533,0.0
2139,0.0,0.0,0.0,0.0,1.0,0.0,0.5721295475959778,0.5544834136962891,0.5741667747497559,0.5461745262145996,0.5196583867073059,0.4534775912761688,4.0
2140,0.0,0.0,0.0,0.0,1.0,0.0,0.572490394115448,0.5550962686538696,0.5745835304260254,0.5466837286949158,0.5203322172164917,0.45395827293395996,4.0
2141,0.0,0.0,0.0,0.0,1.0,0.0,0.572701632976532,0.5558655261993408,0.5761216878890991,0.5476593375205994,0.5211726427078247,0.4604995548725128,1.0
2142,0.0,0.0,0.0,0.0,1.0,0.0,0.5718213319778442,0.5531873106956482,0.5745559930801392,0.546869158744812,0.5143795609474182,0.45054689049720764,3.0
2143,0.0,0.0,0.0,0.0,1.0,0.0,0.572877049446106,0.5549917221069336,0.5760717391967773,0.5485916137695312,0.5217322111129761,0.4669032692909241,0.0
2144,0.0,0.0,0.0,0.0,1.0,0.0,0.5721555948257446,0.5548776388168335,0.5755175948143005,0.5468602180480957,0.5201111435890198,0.45969831943511963,1.0
2145,0.0,0.0,0.0,0.0,1.0,0.0,0.5720832347869873,0.5547077655792236,0.5754357576370239,0.5466997623443604,0.5198466777801514,0.4595094621181488,1.0
2146,0.0,0.0,0.0,0.0,1.0,0.0,0.5718476176261902,0.5539242625236511,0.5738639831542969,0.5457253456115723,0.5190414786338806,0.45294898748397827,4.0
2147,0.0,0.0,0.0,0.0,1.0,0.0,0.5735844969749451,0.5564154982566833,0.5766647458076477,0.5494435429573059,0.5177552700042725,0.45233890414237976,3.0
2148,0.0,0.0,0.0,0.0,1.0,0.0,0.5738008618354797,0.5563388466835022,0.57716304063797,0.5496572852134705,0.5227807760238647,0.4670003056526184,0.0
2149,0.0,0.0,0.0,0.0,1.0,0.0,0.5730282068252563,0.5553366541862488,0.5759656429290771,0.54853755235672,0.516516923904419,0.45152580738067627,3.0
2150,0.0,0.0,0.0,0.0,1.0,0.0,0.5724313259124756,0.5555803775787354,0.5757935047149658,0.5474223494529724,0.5210288166999817,0.46072718501091003,1.0
2151,0.0,0.0,0.0,0.0,1.0,0.0,0.572486400604248,0.554230272769928,0.5753270387649536,0.5476609468460083,0.5152228474617004,0.4505283832550049,3.0
2152,0.0,0.0,0.0,0.0,1.0,0.0,0.5728176832199097,0.5548368096351624,0.576034426689148,0.5484050512313843,0.5213926434516907,0.4663901627063751,0.0
2153,0.0,0.0,0.0,0.0,1.0,0.0,0.5731949210166931,0.5555499196052551,0.5765069127082825,0.5490387082099915,0.5221631526947021,0.4669654667377472,0.0
2154,0.0,0.0,0.0,0.0,1.0,0.0,0.5726884007453918,0.5553587079048157,0.5761306881904602,0.5476408004760742,0.520346999168396,0.45965251326560974,2.0
2155,0.0,0.0,0.0,0.0,1.0,0.0,0.5717569589614868,0.5537297129631042,0.5737541317939758,0.5455973744392395,0.518829345703125,0.4527803361415863,4.0
2156,0.0,0.0,0.0,0.0,1.0,0.0,0.5723563432693481,0.5540049076080322,0.5754883289337158,0.5477410554885864,0.5205300450325012,0.4657813310623169,0.0
2157,0.0,0.0,0.0,0.0,1.0,0.0,0.5724242925643921,0.5542491674423218,0.5755517482757568,0.5479515790939331,0.5209193229675293,0.46633636951446533,0.0
2158,0.0,0.0,0.0,0.0,1.0,0.0,0.5717474222183228,0.553901731967926,0.5750739574432373,0.5464568734169006,0.519006609916687,0.45910054445266724,2.0
2159,0.0,0.0,0.0,0.0,1.0,0.0,0.5719654560089111,0.5545510053634644,0.5752654075622559,0.5465905070304871,0.5197836756706238,0.4595969617366791,1.0
2160,0.0,0.0,0.0,0.0,1.0,0.0,0.5712864995002747,0.5527394413948059,0.5732150077819824,0.544765830039978,0.517620325088501,0.45170819759368896,4.0
2161,0.0,0.0,0.0,0.0,1.0,0.0,0.5716078281402588,0.5527137517929077,0.574347198009491,0.5464931130409241,0.5137807726860046,0.4499974250793457,3.0
2162,0.0,0.0,0.0,0.0,1.0,0.0,0.5722225308418274,0.5539530515670776,0.5750748515129089,0.5474703311920166,0.5151185393333435,0.4508843719959259,3.0
2163,0.0,0.0,0.0,0.0,1.0,0.0,0.5723164081573486,0.5546671748161316,0.5756785869598389,0.5470715761184692,0.5195932984352112,0.4591573476791382,2.0
2164,0.0,0.0,0.0,0.0,1.0,0.0,0.5717818737030029,0.5540035963058472,0.5751057863235474,0.5465700030326843,0.5192298293113708,0.45939210057258606,2.0
2165,0.0,0.0,0.0,1.0,1.0,0.0,0.5721449255943298,0.5547826886177063,0.5754735469818115,0.5467745661735535,0.5198767781257629,0.4594000279903412,1.0
2166,0.0,0.0,0.0,0.0,1.0,0.0,0.5719345808029175,0.5541043877601624,0.5752694010734558,0.546642005443573,0.5191393494606018,0.45901843905448914,2.0
2167,0.0,0.0,0.0,1.0,1.0,0.0,0.5721678137779236,0.554542601108551,0.5742302536964417,0.5462488532066345,0.5197662711143494,0.4535393714904785,4.0
2168,0.0,0.0,0.0,0.0,1.0,0.0,0.5722032189369202,0.5544676184654236,0.5742692351341248,0.5461892485618591,0.5195556879043579,0.4531058967113495,4.0
2169,0.0,0.0,0.0,0.0,1.0,0.0,0.5729666352272034,0.5559733510017395,0.5751233100891113,0.5473827123641968,0.521208643913269,0.4544415771961212,4.0
2170,0.0,0.0,0.0,0.0,1.0,0.0,0.5715509653091431,0.5526403784751892,0.574286937713623,0.5464723706245422,0.5137972235679626,0.4501264691352844,3.0
2171,0.0,0.0,0.0,0.0,1.0,0.0,0.5717077851295471,0.553719699382782,0.575037956237793,0.5463589429855347,0.518742561340332,0.45873770117759705,2.0
2172,0.0,0.0,0.0,0.0,1.0,0.0,0.5717903971672058,0.5532059669494629,0.5745459198951721,0.5468846559524536,0.5144261121749878,0.4506703317165375,3.0
2173,0.0,0.0,0.0,0.0,1.0,0.0,0.5716100335121155,0.5534937381744385,0.573618471622467,0.545378565788269,0.5185346603393555,0.4525252878665924,4.0
2174,0.0,0.0,0.0,0.0,1.0,0.0,0.5727478861808777,0.5561206936836243,0.5761938691139221,0.5478670001029968,0.5215455293655396,0.4609839916229248,1.0
2175,0.0,0.0,0.0,1.0,1.0,0.0,0.5724489092826843,0.5555505752563477,0.5758545398712158,0.5474202632904053,0.5209351778030396,0.4604750871658325,1.0
2176,0.0,0.0,0.0,0.0,1.0,0.0,0.5721873641014099,0.5545111894607544,0.5742290616035461,0.5462249517440796,0.5196689367294312,0.45340484380722046,4.0
2177,0.0,0.0,0.0,1.0,1.0,0.0,0.5727345943450928,0.555487871170044,0.5762155652046204,0.547778308391571,0.5205712914466858,0.4598884880542755,2.0
2178,0.0,0.0,0.0,0.0,1.0,0.0,0.5715249180793762,0.5537540912628174,0.5747893452644348,0.5459809303283691,0.5190081596374512,0.4590536057949066,1.0
2179,0.0,0.0,0.0,0.0,1.0,0.0,0.5719465017318726,0.5543449521064758,0.5753107070922852,0.5468536615371704,0.519565761089325,0.45960161089897156,2.0
2180,0.0,0.0,0.0,0.0,1.0,0.0,0.5728884935379028,0.5547663569450378,0.5760952234268188,0.5483787655830383,0.5211948752403259,0.465990275144577,0.0
2181,0.0,0.0,0.0,0.0,1.0,0.0,0.5727024674415588,0.5557278990745544,0.5761868953704834,0.5479691028594971,0.5210092663764954,0.46067023277282715,2.0
2182,0.0,0.0,0.0,0.0,1.0,0.0,0.573421061038971,0.5567508935928345,0.5756627917289734,0.5480268597602844,0.5220008492469788,0.4549333155155182,4.0
2183,0.0,0.0,0.0,0.0,1.0,0.0,0.5719299912452698,0.5540774464607239,0.5739708542823792,0.5458831787109375,0.5192610621452332,0.45312416553497314,4.0
2184,0.0,0.0,0.0,0.0,1.0,0.0,0.5727385878562927,0.5558923482894897,0.5761692523956299,0.5477021932601929,0.5211219191551208,0.4603533148765564,1.0
2185,0.0,0.0,0.0,0.0,1.0,0.0,0.5736503005027771,0.55619877576828,0.5770033001899719,0.5495951175689697,0.522779107093811,0.46722108125686646,0.0
2186,0.0,0.0,0.0,0.0,1.0,0.0,0.571479320526123,0.5537595748901367,0.5747025609016418,0.545977771282196,0.5190166234970093,0.4591418504714966,1.0
2187,0.0,0.0,0.0,0.0,1.0,0.0,0.5724831819534302,0.5551703572273254,0.5758136510848999,0.547117292881012,0.5201613903045654,0.4593467116355896,1.0
2188,0.0,0.0,0.0,0.0,1.0,0.0,0.5726046562194824,0.5544792413711548,0.5754826664924622,0.547850489616394,0.5155012011528015,0.45077329874038696,3.0
2189,0.0,0.0,0.0,0.0,1.0,0.0,0.571706235408783,0.5539106726646423,0.5749531388282776,0.5460875630378723,0.5189340710639954,0.45870980620384216,1.0
2190,0.0,0.0,0.0,1.0,1.0,0.0,0.57317054271698,0.5567607879638672,0.5766602754592896,0.5484123826026917,0.5221245884895325,0.4611925482749939,1.0
2191,0.0,0.0,0.0,0.0,1.0,0.0,0.571461021900177,0.5531808137893677,0.5734349489212036,0.545193612575531,0.5182531476020813,0.45235514640808105,4.0
2192,0.0,0.0,0.0,0.0,1.0,0.0,0.5711549520492554,0.552720308303833,0.5744161009788513,0.5455932021141052,0.5177325010299683,0.4581720530986786,2.0
2193,0.0,0.0,0.0,0.0,1.0,0.0,0.5711763501167297,0.5531347393989563,0.5743687152862549,0.545478105545044,0.5183547735214233,0.4587043821811676,1.0
2194,0.0,0.0,0.0,0.0,1.0,0.0,0.5725215673446655,0.5552067160606384,0.5746115446090698,0.5467499494552612,0.520438551902771,0.45399031043052673,4.0
2195,0.0,0.0,0.0,0.0,1.0,0.0,0.5718550682067871,0.55440753698349,0.5751774907112122,0.5465267300605774,0.5196625590324402,0.4594845771789551,1.0
2196,0.0,0.0,0.0,1.0,1.0,0.0,0.5723742246627808,0.5553259253501892,0.5757062435150146,0.5472375154495239,0.5207125544548035,0.46037757396698,1.0
2197,0.0,0.0,0.0,0.0,1.0,0.0,0.5726988315582275,0.5547457337379456,0.5755861401557922,0.5480817556381226,0.5159193873405457,0.45118245482444763,3.0
2198,0.0,0.0,0.0,1.0,1.0,0.0,0.572770357131958,0.5554119944572449,0.5749256610870361,0.5468785762786865,0.5203618407249451,0.45348551869392395,4.0
2199,0.0,0.0,0.0,0.0,1.0,0.0,0.5714372396469116,0.5523483157157898,0.5741420984268188,0.5462012887001038,0.5133196711540222,0.44964009523391724,3.0
2200,0.0,0.0,0.0,0.0,1.0,0.0,0.5716695189476013,0.5536032319068909,0.5736737847328186,0.5454962253570557,0.5187150835990906,0.45272594690322876,4.0
2201,0.0,0.0,0.0,0.0,1.0,0.0,0.5716695189476013,0.5539310574531555,0.5748938322067261,0.5460891127586365,0.519071638584137,0.4589972496032715,1.0
2202,0.0,0.0,0.0,0.0,1.0,0.0,0.573183000087738,0.5552084445953369,0.5764349699020386,0.548775315284729,0.5216047167778015,0.46616166830062866,0.0
2203,0.0,0.0,0.0,0.0,1.0,0.0,0.572839617729187,0.5551066398620605,0.575764536857605,0.5483882427215576,0.5163290500640869,0.45157212018966675,3.0
2204,0.0,0.0,0.0,0.0,1.0,0.0,0.572918713092804,0.5551581978797913,0.5758630633354187,0.5484021306037903,0.5163211226463318,0.45143070816993713,3.0
2205,0.0,0.0,0.0,0.0,1.0,0.0,0.5726805925369263,0.5559768676757812,0.5761340260505676,0.547778308391571,0.5213720798492432,0.4608280062675476,1.0
2206,0.0,0.0,0.0,0.0,1.0,0.0,0.5726374983787537,0.5545294880867004,0.5755375027656555,0.5479334592819214,0.5156033635139465,0.4508291780948639,3.0
2207,0.0,0.0,0.0,0.0,0.0,1.0,0.5728559494018555,0.5562970042228699,0.5763193368911743,0.5480541586875916,0.5217670798301697,0.4611950218677521,1.0
2208,0.0,0.0,0.0,0.0,0.0,1.0,0.573004424571991,0.5550375580787659,0.5762187242507935,0.5486139059066772,0.5215619206428528,0.4663606584072113,0.0
2209,0.0,0.0,0.0,0.0,0.0,1.0,0.5724340677261353,0.555121660232544,0.5758478045463562,0.5474945306777954,0.5203449726104736,0.4600633680820465,2.0
2210,0.0,0.0,0.0,0.0,0.0,1.0,0.5735623836517334,0.5563495755195618,0.5766302943229675,0.5493569374084473,0.517544150352478,0.4520818293094635,3.0
2211,0.0,0.0,0.0,0.0,0.0,1.0,0.5722483992576599,0.5547075271606445,0.5756591558456421,0.5471193790435791,0.51973557472229,0.4593738317489624,2.0
2212,0.0,0.0,0.0,0.0,0.0,1.0,0.5725018382072449,0.5541596412658691,0.5756669044494629,0.5478843450546265,0.5205919742584229,0.4656493663787842,0.0
2213,0.0,0.0,0.0,0.0,0.0,1.0,0.5727278590202332,0.5546907782554626,0.5759449005126953,0.5483399629592896,0.5212488770484924,0.46626898646354675,0.0
2214,0.0,0.0,0.0,0.0,0.0,1.0,0.5731621384620667,0.5562313795089722,0.5754134654998779,0.5475916266441345,0.521348774433136,0.4543149769306183,4.0
2215,0.0,0.0,0.0,0.0,0.0,1.0,0.5724522471427917,0.5555235743522644,0.5758752822875977,0.5473992824554443,0.5208278298377991,0.46027857065200806,1.0
2216,0.0,0.0,0.0,0.0,0.0,1.0,0.5723428130149841,0.5547645688056946,0.5744450092315674,0.5464069843292236,0.5198472142219543,0.4532853662967682,4.0
2217,0.0,0.0,0.0,0.0,0.0,1.0,0.5732738375663757,0.5562816262245178,0.5754818320274353,0.5476179122924805,0.5212705135345459,0.4540911912918091,4.0
2218,0.0,0.0,0.0,0.0,0.0,1.0,0.5726757645606995,0.5555285811424255,0.5761555433273315,0.5477866530418396,0.5206300616264343,0.4600813090801239,2.0
2219,0.0,0.0,0.0,0.0,0.0,1.0,0.5729150176048279,0.5562164783477783,0.5763405561447144,0.5479606986045837,0.5214720368385315,0.46060776710510254,1.0
2220,0.0,0.0,0.0,0.0,0.0,1.0,0.5730549693107605,0.5554267764091492,0.5760228037834167,0.5486698746681213,0.5166709423065186,0.45171841979026794,3.0
2221,0.0,0.0,0.0,0.0,0.0,1.0,0.5731416344642639,0.5564278960227966,0.5767138600349426,0.5485329031944275,0.5216882824897766,0.46098172664642334,2.0
2222,0.0,0.0,0.0,0.0,0.0,1.0,0.5722546577453613,0.5549562573432922,0.5756045579910278,0.5468893647193909,0.5199852585792542,0.45936983823776245,1.0
2223,0.0,0.0,0.0,0.0,0.0,1.0,0.5728603005409241,0.5549472570419312,0.5760848522186279,0.548540472984314,0.5215803980827332,0.4665842354297638,0.0
2224,0.0,0.0,0.0,0.0,0.0,1.0,0.5728477835655212,0.5558480024337769,0.5750235319137573,0.547265350818634,0.521139919757843,0.45453986525535583,4.0
2225,0.0,0.0,0.0,0.0,0.0,1.0,0.572304904460907,0.5539836883544922,0.5751574635505676,0.5474383234977722,0.514966607093811,0.4504950940608978,3.0
2226,0.0,0.0,0.0,0.0,0.0,1.0,0.5722835063934326,0.5548310279846191,0.5756630301475525,0.5472209453582764,0.5199905633926392,0.4597455859184265,2.0
2227,0.0,0.0,0.0,0.0,0.0,1.0,0.5725428462028503,0.5543813705444336,0.5757347345352173,0.5480331778526306,0.5209299325942993,0.46606579422950745,0.0
2228,0.0,0.0,0.0,0.0,0.0,1.0,0.5729138255119324,0.5551469326019287,0.5758483409881592,0.5483819246292114,0.5162824392318726,0.4513517916202545,3.0
2229,0.0,0.0,0.0,0.0,0.0,1.0,0.5724953413009644,0.5551981925964355,0.5745848417282104,0.5467591285705566,0.5204629302024841,0.454049676656723,4.0
2230,0.0,0.0,0.0,0.0,0.0,1.0,0.5719019174575806,0.5530299544334412,0.5749968886375427,0.5469768047332764,0.5193620920181274,0.4647267460823059,0.0
2231,0.0,0.0,0.0,0.0,0.0,1.0,0.5728261470794678,0.5550425052642822,0.5757582783699036,0.5483587980270386,0.5162687301635742,0.45153915882110596,3.0
2232,0.0,0.0,0.0,0.0,0.0,1.0,0.5723960399627686,0.5549674034118652,0.5758426785469055,0.5473162531852722,0.5199783444404602,0.45953452587127686,2.0
2233,0.0,0.0,0.0,0.0,0.0,1.0,0.5723590850830078,0.5555107593536377,0.5757650136947632,0.5473939776420593,0.520984411239624,0.46068689227104187,1.0
2234,0.0,0.0,0.0,0.0,0.0,1.0,0.5724087357521057,0.5539252758026123,0.575552225112915,0.547706663608551,0.5202962756156921,0.4653369188308716,0.0
2235,0.0,0.0,0.0,0.0,0.0,1.0,0.5721874833106995,0.5547033548355103,0.5742667317390442,0.5463901162147522,0.5200408101081848,0.45389795303344727,4.0
2236,0.0,0.0,0.0,0.0,0.0,1.0,0.5716734528541565,0.5543261170387268,0.5749526023864746,0.5464192628860474,0.5197953581809998,0.46001142263412476,1.0
2237,0.0,0.0,0.0,0.0,0.0,1.0,0.5737960934638977,0.5573456883430481,0.5761024951934814,0.5485197305679321,0.5225761532783508,0.4552987515926361,4.0
2238,0.0,0.0,0.0,0.0,0.0,1.0,0.5718974471092224,0.5529272556304932,0.5749691724777222,0.5468741059303284,0.5191737413406372,0.46447691321372986,0.0
2239,0.0,0.0,0.0,0.0,0.0,1.0,0.5719401836395264,0.5532965660095215,0.5747159123420715,0.5469539165496826,0.514351487159729,0.4502851068973541,3.0
2240,0.0,0.0,0.0,0.0,0.0,1.0,0.5718095302581787,0.5530087351799011,0.5745750069618225,0.5466780066490173,0.513934850692749,0.4498804807662964,3.0
2241,0.0,0.0,0.0,0.0,0.0,1.0,0.5723052620887756,0.5550782680511475,0.5756332874298096,0.5470460653305054,0.5203353762626648,0.45987534523010254,1.0
2242,0.0,0.0,0.0,0.0,0.0,1.0,0.572584331035614,0.554657518863678,0.5754764080047607,0.5480284690856934,0.5159114599227905,0.45147189497947693,3.0
2243,0.0,0.0,0.0,0.0,0.0,1.0,0.5725090503692627,0.5542433857917786,0.575678825378418,0.5479980111122131,0.5208870768547058,0.46612828969955444,0.0
2244,0.0,0.0,0.0,0.0,0.0,1.0,0.5719459652900696,0.5545384287834167,0.5752801895141602,0.5466052293777466,0.5197657346725464,0.4595423936843872,1.0
2245,0.0,0.0,0.0,0.0,0.0,1.0,0.571196973323822,0.5528719425201416,0.574439525604248,0.5456995964050293,0.5180018544197083,0.4585273861885071,2.0
2246,0.0,0.0,0.0,0.0,0.0,1.0,0.5726450085639954,0.5544188022613525,0.5755191445350647,0.5478376150131226,0.5153334736824036,0.4504433274269104,3.0
2247,0.0,0.0,0.0,0.0,0.0,1.0,0.5717594623565674,0.5537639856338501,0.5737415552139282,0.545587956905365,0.5188658237457275,0.4528714716434479,4.0
2248,0.0,0.0,0.0,0.0,0.0,1.0,0.5717384219169617,0.5537629723548889,0.573732316493988,0.5456239581108093,0.5189303755760193,0.452959269285202,4.0
2249,0.0,0.0,0.0,0.0,0.0,1.0,0.5715416073799133,0.5535961985588074,0.5747566819190979,0.5458359122276306,0.5186298489570618,0.4585490822792053,1.0
2250,0.0,0.0,0.0,0.0,0.0,1.0,0.572982907295227,0.5565649271011353,0.576460599899292,0.5482856631278992,0.52208012342453,0.4614841639995575,1.0
2251,0.0,0.0,0.0,0.0,0.0,1.0,0.571840763092041,0.5540567636489868,0.5738551020622253,0.5458561182022095,0.5193266272544861,0.45338159799575806,4.0
2252,0.0,0.0,0.0,0.0,0.0,1.0,0.5723555684089661,0.5549425482749939,0.5757603645324707,0.5473165512084961,0.5200508236885071,0.4597284495830536,2.0
2253,0.0,0.0,0.0,0.0,0.0,1.0,0.5730458498001099,0.5559249520301819,0.5751768350601196,0.5473527908325195,0.5210642218589783,0.4541480243206024,4.0
2254,0.0,0.0,0.0,0.0,0.0,1.0,0.5726011395454407,0.5553575754165649,0.574732780456543,0.5468814969062805,0.5205760598182678,0.45408475399017334,4.0
2255,0.0,0.0,0.0,0.0,0.0,1.0,0.5724983811378479,0.5553725957870483,0.5759634971618652,0.5476974248886108,0.5206670761108398,0.46045470237731934,2.0
2256,0.0,0.0,0.0,0.0,0.0,1.0,0.5719302892684937,0.5542753338813782,0.5752846598625183,0.5467769503593445,0.5194244980812073,0.459410697221756,2.0
2257,0.0,0.0,0.0,0.0,0.0,1.0,0.5724194049835205,0.5555917620658875,0.5758031010627747,0.5474485754966736,0.5210652947425842,0.460810124874115,1.0
2258,0.0,0.0,0.0,0.0,0.0,1.0,0.5728035569190979,0.5563603043556213,0.5762549042701721,0.5481029748916626,0.5219696164131165,0.4615473449230194,1.0
2259,0.0,0.0,0.0,0.0,0.0,1.0,0.5722777247428894,0.5548219084739685,0.5756876468658447,0.5471858382225037,0.5199392437934875,0.45971715450286865,2.0
2260,0.0,0.0,0.0,0.0,0.0,1.0,0.57218337059021,0.5549464821815491,0.5755413770675659,0.546938419342041,0.5201990008354187,0.4597942531108856,1.0
2261,0.0,0.0,0.0,0.0,0.0,1.0,0.5725839138031006,0.554655134677887,0.5757578015327454,0.5482966899871826,0.5214640498161316,0.4668608009815216,0.0
2262,0.0,0.0,0.0,0.0,0.0,1.0,0.572662353515625,0.5557599663734436,0.5760561227798462,0.5475533604621887,0.5210008025169373,0.46033674478530884,1.0
2263,0.0,0.0,0.0,1.0,0.0,1.0,0.5732402801513672,0.5564248561859131,0.5767858028411865,0.5485100150108337,0.5214873552322388,0.4605335593223572,2.0
2264,0.0,0.0,0.0,0.0,0.0,1.0,0.573478639125824,0.556740403175354,0.5757003426551819,0.5480297207832336,0.5218580365180969,0.45465153455734253,4.0
2265,0.0,0.0,0.0,0.0,0.0,1.0,0.572600245475769,0.5550243258476257,0.5746923089027405,0.546617329120636,0.51996248960495,0.45314425230026245,4.0
2266,0.0,0.0,0.0,0.0,0.0,1.0,0.5729135870933533,0.5562835335731506,0.5763658881187439,0.5480016469955444,0.5215465426445007,0.46072834730148315,1.0
2267,0.0,0.0,0.0,0.0,0.0,1.0,0.5725653767585754,0.5550637245178223,0.5760111212730408,0.5473905801773071,0.5199159383773804,0.4591646194458008,2.0
2268,0.0,0.0,0.0,0.0,0.0,1.0,0.5713586807250977,0.5519437193870544,0.5740002989768982,0.5458298325538635,0.5126118063926697,0.44868743419647217,3.0
2269,0.0,0.0,0.0,0.0,0.0,1.0,0.5717723965644836,0.5542376637458801,0.5750775337219238,0.5463021397590637,0.519402801990509,0.4592236876487732,1.0
2270,0.0,0.0,0.0,0.0,0.0,1.0,0.5722994208335876,0.5547919273376465,0.5756741762161255,0.5471579432487488,0.5198091268539429,0.4594467282295227,2.0
2271,0.0,0.0,0.0,0.0,0.0,1.0,0.5717493295669556,0.5533693432807922,0.5737293362617493,0.5452553033828735,0.5180870294570923,0.4516761898994446,4.0
2272,0.0,0.0,0.0,0.0,0.0,1.0,0.5730074048042297,0.5551208257675171,0.5759140849113464,0.5483787655830383,0.516132652759552,0.45109912753105164,3.0
2273,0.0,0.0,0.0,0.0,0.0,1.0,0.5720086693763733,0.5542269349098206,0.5740137696266174,0.5459998250007629,0.5193784832954407,0.45321857929229736,4.0
2274,0.0,0.0,0.0,0.0,0.0,1.0,0.5721755623817444,0.5543855428695679,0.5742063522338867,0.5461065173149109,0.519408106803894,0.452961802482605,4.0
2275,0.0,0.0,0.0,0.0,0.0,1.0,0.572736918926239,0.5557666420936584,0.5761488080024719,0.5475603938102722,0.5208722352981567,0.4600442945957184,1.0
2276,0.0,0.0,0.0,0.0,0.0,1.0,0.5722954869270325,0.5537441372871399,0.5754450559616089,0.5475706458091736,0.5201603174209595,0.4652602970600128,0.0
2277,0.0,0.0,0.0,0.0,0.0,1.0,0.5720211863517761,0.5544323921203613,0.5753112435340881,0.546488881111145,0.5194456577301025,0.4589955508708954,1.0
2278,0.0,0.0,0.0,0.0,0.0,1.0,0.5731065273284912,0.5559578537940979,0.5753011107444763,0.5473818778991699,0.5209870338439941,0.4538828730583191,4.0
2279,0.0,0.0,0.0,0.0,0.0,1.0,0.5722235441207886,0.5535134077072144,0.5753596425056458,0.5473606586456299,0.5198318958282471,0.4648856222629547,0.0
2280,0.0,0.0,0.0,0.0,0.0,1.0,0.5717127323150635,0.5539182424545288,0.5749838352203369,0.5461353659629822,0.5189499258995056,0.45868444442749023,1.0
2281,0.0,0.0,0.0,0.0,0.0,1.0,0.5715659856796265,0.5522997975349426,0.5745980739593506,0.5464334487915039,0.5185801386833191,0.46417614817619324,0.0
2282,0.0,0.0,0.0,0.0,0.0,1.0,0.5727429389953613,0.5550663471221924,0.5756829380989075,0.5483672618865967,0.516428530216217,0.4518587291240692,3.0
2283,0.0,0.0,0.0,0.0,0.0,1.0,0.5725396871566772,0.5545742511749268,0.5754145383834839,0.5479812026023865,0.515853762626648,0.4514434337615967,3.0
2284,0.0,0.0,0.0,0.0,0.0,1.0,0.5722225308418274,0.5544587969779968,0.5742553472518921,0.5461322069168091,0.5195297598838806,0.4531390368938446,4.0
2285,0.0,0.0,0.0,0.0,0.0,1.0,0.5729683041572571,0.5562322735786438,0.5765244960784912,0.5483803749084473,0.5215365290641785,0.4609846770763397,2.0
2286,0.0,0.0,0.0,0.0,0.0,1.0,0.5722672343254089,0.5549355745315552,0.5755828022956848,0.5468916893005371,0.5200566649436951,0.45953884720802307,1.0
2287,0.0,0.0,0.0,1.0,0.0,1.0,0.5731534361839294,0.5562697052955627,0.5766810178756714,0.5483874678611755,0.5213699340820312,0.4604669511318207,2.0
2288,0.0,0.0,0.0,1.0,0.0,1.0,0.5732647776603699,0.5556644797325134,0.5762301087379456,0.5488012433052063,0.5167921185493469,0.45154863595962524,3.0
2289,0.0,0.0,0.0,0.0,0.0,1.0,0.5733996629714966,0.5564213395118713,0.5756029486656189,0.5477234721183777,0.5213857889175415,0.45403429865837097,4.0
2290,0.0,0.0,0.0,0.0,0.0,1.0,0.5724812746047974,0.5540967583656311,0.5752905011177063,0.54755699634552,0.5149713754653931,0.45021551847457886,3.0
2291,0.0,0.0,0.0,0.0,0.0,1.0,0.5725008249282837,0.5542865991592407,0.5753281116485596,0.5477310419082642,0.5153652429580688,0.45085975527763367,3.0
2292,0.0,0.0,0.0,0.0,0.0,1.0,0.5722553133964539,0.5546219348907471,0.5742825865745544,0.5462861061096191,0.5197810530662537,0.45342788100242615,4.0
2293,0.0,0.0,0.0,0.0,0.0,1.0,0.5723035335540771,0.5545224547386169,0.5743895769119263,0.5461984276771545,0.5194578170776367,0.45279231667518616,4.0
2294,0.0,0.0,0.0,0.0,0.0,1.0,0.5719139575958252,0.5531150698661804,0.5749951004981995,0.5470602512359619,0.5195429921150208,0.46505415439605713,0.0
2295,0.0,0.0,0.0,0.0,0.0,1.0,0.5719690322875977,0.5533829927444458,0.5748039484024048,0.5469872951507568,0.5144150257110596,0.4502827823162079,3.0
2296,0.0,0.0,0.0,0.0,0.0,1.0,0.5723824501037598,0.5550731420516968,0.5758351683616638,0.5474260449409485,0.5202401876449585,0.45991456508636475,2.0
2297,0.0,0.0,0.0,0.0,0.0,1.0,0.5728468894958496,0.5548556447029114,0.575743556022644,0.5481560230255127,0.5158595442771912,0.45090606808662415,3.0
2298,0.0,0.0,0.0,0.0,0.0,1.0,0.5722904205322266,0.555216908454895,0.5756518840789795,0.5471676588058472,0.5206009745597839,0.46028608083724976,1.0
2299,0.0,0.0,0.0,0.0,0.0,1.0,0.5719974637031555,0.5533487200737,0.5751015543937683,0.5472501516342163,0.5198826193809509,0.46540114283561707,0.0
2300,0.0,0.0,0.0,0.0,0.0,1.0,0.5720082521438599,0.5543298125267029,0.5740482211112976,0.5460518598556519,0.5195244550704956,0.45337730646133423,4.0
2301,0.0,0.0,0.0,0.0,0.0,1.0,0.571544349193573,0.5532753467559814,0.5735050439834595,0.5452180504798889,0.5182621479034424,0.45232224464416504,4.0
2302,0.0,0.0,0.0,0.0,0.0,1.0,0.5717839598655701,0.5539284348487854,0.5751235485076904,0.5465185642242432,0.519070029258728,0.45915883779525757,2.0
2303,0.0,0.0,0.0,0.0,0.0,1.0,0.5727311968803406,0.5548354983329773,0.5756348371505737,0.5481716990470886,0.5160591006278992,0.45139825344085693,3.0
2304,0.0,0.0,0.0,0.0,0.0,1.0,0.5723958015441895,0.5551624894142151,0.5758053660392761,0.5475037097930908,0.5204517841339111,0.46029385924339294,2.0
2305,0.0,0.0,0.0,0.0,0.0,1.0,0.5719500184059143,0.5531996488571167,0.5750640034675598,0.547089159488678,0.5196419358253479,0.4650801420211792,0.0
2306,0.0,0.0,0.0,0.0,0.0,1.0,0.5712538361549377,0.5518826842308044,0.5739115476608276,0.5458601117134094,0.5127701163291931,0.44910627603530884,3.0
2307,0.0,0.0,0.0,0.0,0.0,1.0,0.5719012022018433,0.5535964369773865,0.5739277005195618,0.5454521179199219,0.518221378326416,0.4515499472618103,4.0
2308,0.0,0.0,0.0,0.0,0.0,1.0,0.5720882415771484,0.5542360544204712,0.5741135478019714,0.5459648966789246,0.5193049311637878,0.45296159386634827,4.0
2309,0.0,0.0,0.0,0.0,0.0,1.0,0.5720717906951904,0.5542570352554321,0.5754064917564392,0.5467919111251831,0.5192716121673584,0.4590581953525543,2.0
2310,0.0,0.0,0.0,0.0,0.0,1.0,0.5733047127723694,0.5569899082183838,0.5768633484840393,0.5485724806785583,0.5222741961479187,0.4611642360687256,1.0
2311,0.0,0.0,0.0,0.0,0.0,1.0,0.572941780090332,0.5553876757621765,0.5750774145126343,0.5469471216201782,0.520127534866333,0.4528167247772217,4.0
2312,0.0,0.0,0.0,0.0,0.0,1.0,0.5727155208587646,0.5560640692710876,0.576160728931427,0.5478788614273071,0.5215444564819336,0.46105703711509705,1.0
2313,0.0,0.0,0.0,0.0,0.0,1.0,0.5718270540237427,0.5529503226280212,0.5745781064033508,0.546637773513794,0.5137760639190674,0.44958949089050293,3.0
2314,0.0,0.0,0.0,0.0,0.0,1.0,0.5721161365509033,0.5544494390487671,0.5754639506340027,0.5469239950180054,0.5195392966270447,0.45938998460769653,2.0
2315,0.0,0.0,0.0,0.0,0.0,1.0,0.5727465152740479,0.5548561811447144,0.5756423473358154,0.5481777787208557,0.5160707235336304,0.45145314931869507,3.0
2316,0.0,0.0,0.0,0.0,0.0,1.0,0.5725867748260498,0.5544240474700928,0.5754315853118896,0.5478003621101379,0.515464723110199,0.4508257210254669,3.0
2317,0.0,0.0,0.0,0.0,0.0,1.0,0.5724258422851562,0.5547274351119995,0.5745131373405457,0.5463549494743347,0.5196075439453125,0.4528179466724396,4.0
2318,0.0,0.0,0.0,0.0,0.0,1.0,0.5725401043891907,0.5542363524436951,0.5757088661193848,0.5479670166969299,0.5206993222236633,0.46580398082733154,0.0
2319,0.0,0.0,0.0,0.0,0.0,1.0,0.5737807750701904,0.5563427805900574,0.577135443687439,0.5496842861175537,0.5228156447410583,0.4670826494693756,0.0
2320,0.0,0.0,0.0,0.0,0.0,1.0,0.5728099346160889,0.5558339953422546,0.5761883854866028,0.5476100444793701,0.520897626876831,0.459936261177063,1.0
2321,0.0,0.0,0.0,0.0,0.0,1.0,0.5724589228630066,0.5552303194999695,0.5745848417282104,0.5467827320098877,0.5205649733543396,0.4542045295238495,4.0
2322,0.0,0.0,0.0,0.0,0.0,1.0,0.5727573037147522,0.5561468601226807,0.5761975049972534,0.5479147434234619,0.5216052532196045,0.46110695600509644,1.0
2323,0.0,0.0,0.0,0.0,0.0,1.0,0.5723113417625427,0.5550809502601624,0.5756159424781799,0.547014594078064,0.5202952027320862,0.4598535895347595,1.0
2324,0.0,0.0,0.0,0.0,0.0,1.0,0.5720344185829163,0.5543373823165894,0.5740983486175537,0.5460681319236755,0.5195102095603943,0.4533199667930603,4.0
2325,0.0,0.0,0.0,0.0,0.0,1.0,0.5727737545967102,0.5555453300476074,0.5749046802520752,0.5470691919326782,0.520754337310791,0.4541371464729309,4.0
2326,0.0,0.0,0.0,0.0,0.0,1.0,0.5729954242706299,0.5560733675956726,0.576511025428772,0.5482158660888672,0.5212430357933044,0.4605804979801178,2.0
2327,0.0,0.0,0.0,0.0,0.0,1.0,0.5715316534042358,0.5537754893302917,0.5748013854026794,0.5459932684898376,0.5189542174339294,0.45899924635887146,1.0
2328,0.0,0.0,0.0,0.0,0.0,1.0,0.5725831985473633,0.5552374720573425,0.5759394764900208,0.5471616387367249,0.5201100707054138,0.4590963125228882,1.0
2329,0.0,0.0,0.0,0.0,0.0,1.0,0.5727236866950989,0.5547776818275452,0.5759291052818298,0.5483796000480652,0.5214910507202148,0.4667077958583832,0.0
2330,0.0,0.0,0.0,0.0,0.0,1.0,0.5730012655258179,0.5551285743713379,0.5762127041816711,0.5486905574798584,0.5216830372810364,0.4665740728378296,0.0
2331,0.0,0.0,0.0,0.0,0.0,1.0,0.5723926424980164,0.5550466179847717,0.5758235454559326,0.5473905801773071,0.520218551158905,0.459907591342926,2.0
2332,0.0,0.0,0.0,0.0,0.0,1.0,0.5714958310127258,0.5534214973449707,0.5748048424720764,0.5460723638534546,0.5184230208396912,0.4586162567138672,2.0
2333,0.0,0.0,0.0,0.0,0.0,1.0,0.572222113609314,0.5547449588775635,0.5742688179016113,0.5464103817939758,0.5200566649436951,0.4538992941379547,4.0
2334,0.0,0.0,0.0,0.0,0.0,1.0,0.5736823081970215,0.5563894510269165,0.577044665813446,0.5497241616249084,0.5231053829193115,0.46768006682395935,0.0
2335,0.0,0.0,0.0,0.0,0.0,1.0,0.5732120275497437,0.5556236505508423,0.5762047171592712,0.5488120317459106,0.516807496547699,0.45170947909355164,3.0
2336,0.0,0.0,0.0,0.0,0.0,1.0,0.5725053548812866,0.5543465614318848,0.5753821730613708,0.547774076461792,0.5154557228088379,0.45087090134620667,3.0
2337,0.0,0.0,0.0,0.0,0.0,1.0,0.5721836090087891,0.5543279647827148,0.5742236971855164,0.546006441116333,0.519232988357544,0.45269858837127686,4.0
2338,0.0,0.0,0.0,0.0,0.0,1.0,0.5718948841094971,0.554194986820221,0.5739251375198364,0.5459790825843811,0.5195059180259705,0.4535595774650574,4.0
2339,0.0,0.0,0.0,0.0,0.0,1.0,0.5725510120391846,0.5556855797767639,0.5759694576263428,0.5475588440895081,0.5210928320884705,0.46064358949661255,1.0
2340,0.0,0.0,0.0,0.0,0.0,1.0,0.5718703269958496,0.5537135004997253,0.5738748908042908,0.545560359954834,0.518570065498352,0.45219674706459045,4.0
2341,0.0,0.0,0.0,0.0,0.0,1.0,0.5724309086799622,0.5547530651092529,0.574504554271698,0.5463429093360901,0.519645631313324,0.45295190811157227,4.0
2342,0.0,0.0,0.0,0.0,0.0,1.0,0.5725852251052856,0.5544978976249695,0.5754693746566772,0.5479019284248352,0.5156314373016357,0.450967937707901,3.0
2343,0.0,0.0,0.0,0.0,0.0,1.0,0.57184898853302,0.5528619885444641,0.5746102333068848,0.5465275049209595,0.5135288238525391,0.449186772108078,3.0
2344,0.0,0.0,0.0,1.0,0.0,1.0,0.5724169015884399,0.5548920035362244,0.5745164752006531,0.5464767813682556,0.519967257976532,0.45342352986335754,4.0
2345,0.0,0.0,0.0,0.0,0.0,1.0,0.5723498463630676,0.5548255443572998,0.574438750743866,0.5464382171630859,0.5199874043464661,0.4535876214504242,4.0
2346,0.0,0.0,0.0,0.0,0.0,1.0,0.5720695853233337,0.554775059223175,0.5753790736198425,0.5468297600746155,0.5200682878494263,0.4598272740840912,1.0
2347,0.0,0.0,0.0,0.0,0.0,1.0,0.5719322562217712,0.5540978312492371,0.573976993560791,0.5458763837814331,0.5192642211914062,0.453148752450943,4.0
2348,0.0,0.0,0.0,0.0,0.0,1.0,0.5723989009857178,0.5553044676780701,0.5758610367774963,0.5476202964782715,0.520669162273407,0.4605352282524109,2.0
2349,0.0,0.0,0.0,0.0,0.0,1.0,0.5722838640213013,0.5547898411750793,0.5756916403770447,0.547138512134552,0.5197863578796387,0.4594229757785797,2.0
2350,0.0,0.0,0.0,0.0,0.0,1.0,0.573211133480072,0.5564835071563721,0.5754210352897644,0.5478029847145081,0.5218347907066345,0.4550034701824188,4.0
2351,0.0,0.0,0.0,0.0,0.0,1.0,0.5723538994789124,0.5539946556091309,0.5755038261413574,0.5477368235588074,0.5205099582672119,0.4657544195652008,0.0
2352,0.0,0.0,0.0,0.0,0.0,1.0,0.5723571181297302,0.5549107789993286,0.5744237303733826,0.5465474128723145,0.5201952457427979,0.45388901233673096,4.0
2353,0.0,0.0,0.0,0.0,0.0,1.0,0.5724416971206665,0.5550048351287842,0.574536919593811,0.5466188788414001,0.520218014717102,0.45375049114227295,4.0
2354,0.0,0.0,0.0,0.0,0.0,1.0,0.5725377798080444,0.5550987124443054,0.5746493339538574,0.5466349124908447,0.5201545357704163,0.45350995659828186,4.0
2355,0.0,0.0,0.0,0.0,0.0,1.0,0.5717294812202454,0.5534819960594177,0.5750324726104736,0.5461059808731079,0.5181208848953247,0.4577919840812683,2.0
2356,0.0,0.0,0.0,0.0,0.0,1.0,0.5727586150169373,0.5556028485298157,0.5749140381813049,0.5470403432846069,0.5207628011703491,0.4540638327598572,4.0
2357,0.0,0.0,0.0,0.0,0.0,1.0,0.5717954635620117,0.5540124773979187,0.5751326084136963,0.546562910079956,0.5191838145256042,0.45926472544670105,2.0
2358,0.0,0.0,0.0,0.0,0.0,1.0,0.572797954082489,0.5555830001831055,0.5749658346176147,0.5470710396766663,0.5206781625747681,0.4538630247116089,4.0
2359,0.0,0.0,0.0,0.0,0.0,1.0,0.5720008611679077,0.5543022751808167,0.5740236043930054,0.5460468530654907,0.5195605158805847,0.45346856117248535,4.0
2360,0.0,0.0,0.0,0.0,0.0,1.0,0.5723015069961548,0.5538271069526672,0.5754215121269226,0.5476433634757996,0.5203766822814941,0.46569573879241943,0.0
2361,0.0,0.0,0.0,0.0,0.0,1.0,0.5731793642044067,0.5554859042167664,0.5761480331420898,0.5487125515937805,0.5165867805480957,0.451483815908432,3.0
2362,0.0,0.0,0.0,0.0,0.0,1.0,0.571754515171051,0.5527323484420776,0.5744761228561401,0.5464066863059998,0.5134102702140808,0.44926029443740845,3.0
2363,0.0,0.0,0.0,0.0,0.0,1.0,0.5732200741767883,0.556307315826416,0.5753816366195679,0.5476623177528381,0.5214672684669495,0.4544745683670044,4.0
2364,0.0,0.0,0.0,0.0,0.0,1.0,0.5729236006736755,0.5550147891044617,0.5758436918258667,0.5482761859893799,0.516046404838562,0.4510509669780731,3.0
2365,0.0,0.0,0.0,1.0,0.0,1.0,0.5727309584617615,0.5558611154556274,0.5761785507202148,0.5476845502853394,0.5210843682289124,0.4603019058704376,1.0
2366,0.0,0.0,0.0,0.0,0.0,1.0,0.5716899037361145,0.5534563064575195,0.5736832618713379,0.5453407168388367,0.5183515548706055,0.4521174132823944,4.0
2367,0.0,0.0,0.0,0.0,0.0,1.0,0.5720751285552979,0.55431067943573,0.5741012096405029,0.5460399985313416,0.5194372534751892,0.45317405462265015,4.0
2368,0.0,0.0,0.0,0.0,0.0,1.0,0.5722352266311646,0.5547881126403809,0.575637698173523,0.5471884608268738,0.5199540257453918,0.45974501967430115,2.0
2369,0.0,0.0,0.0,0.0,0.0,1.0,0.5721637010574341,0.5537218451499939,0.5749542117118835,0.5472511649131775,0.5147982835769653,0.4505371153354645,3.0
2370,0.0,0.0,0.0,0.0,0.0,1.0,0.5722917318344116,0.5549477338790894,0.5756840109825134,0.5473504066467285,0.5202428698539734,0.46014827489852905,2.0
2371,0.0,0.0,0.0,0.0,0.0,1.0,0.5713633298873901,0.5527656078338623,0.5733262300491333,0.544819176197052,0.5175705552101135,0.45142731070518494,4.0
2372,0.0,0.0,0.0,0.0,0.0,1.0,0.5714269280433655,0.5535086989402771,0.5746481418609619,0.5457766056060791,0.5186510682106018,0.4587283730506897,1.0
2373,0.0,0.0,0.0,0.0,0.0,1.0,0.5735281109809875,0.5560069680213928,0.5768434405326843,0.5494012832641602,0.5225750803947449,0.4671335220336914,0.0
2374,0.0,0.0,0.0,0.0,0.0,1.0,0.5726611018180847,0.5558212995529175,0.5760282278060913,0.5476362705230713,0.5211959481239319,0.4607212543487549,1.0
2375,0.0,0.0,0.0,0.0,0.0,1.0,0.571778416633606,0.5542418360710144,0.575058102607727,0.5463564991950989,0.5194668173789978,0.45940709114074707,1.0
2376,0.0,0.0,0.0,0.0,0.0,1.0,0.573803186416626,0.5573334693908691,0.5760923624038696,0.5485410094261169,0.5225581526756287,0.45527660846710205,4.0
2377,0.0,0.0,0.0,0.0,0.0,1.0,0.5716442465782166,0.5527909994125366,0.5743767619132996,0.5465637445449829,0.5138666033744812,0.45006534457206726,3.0
2378,0.0,0.0,0.0,0.0,0.0,1.0,0.5720295310020447,0.55332350730896,0.5751341581344604,0.5472052097320557,0.5198096036911011,0.46525874733924866,0.0
2379,0.0,0.0,0.0,0.0,0.0,1.0,0.5721295475959778,0.55446457862854,0.5755025744438171,0.546943724155426,0.5195118188858032,0.4592764973640442,2.0
2380,0.0,0.0,0.0,0.0,0.0,1.0,0.5715980529785156,0.5538533329963684,0.5748662352561951,0.5460419058799744,0.519000232219696,0.45891788601875305,1.0
2381,0.0,0.0,0.0,0.0,0.0,1.0,0.5708460807800293,0.5520943999290466,0.5739234685897827,0.5445893406867981,0.5167804956436157,0.456932008266449,1.0
2382,0.0,0.0,0.0,0.0,0.0,1.0,0.5724425911903381,0.5551208853721619,0.5759029984474182,0.547459065914154,0.5202497839927673,0.4599289000034332,2.0
2383,0.0,0.0,0.0,0.0,0.0,1.0,0.5724852681159973,0.5542187690734863,0.5753749012947083,0.5476924777030945,0.5152276158332825,0.45050719380378723,3.0
2384,0.0,0.0,0.0,0.0,0.0,1.0,0.5732753872871399,0.5568955540657043,0.5767735838890076,0.5485357642173767,0.5222435593605042,0.46126192808151245,1.0
2385,0.0,0.0,0.0,0.0,0.0,1.0,0.572780191898346,0.5560193061828613,0.576204240322113,0.547852098941803,0.5213725566864014,0.46071213483810425,1.0
2386,0.0,0.0,0.0,0.0,0.0,1.0,0.5721186399459839,0.5542939305305481,0.5741240978240967,0.5460345149040222,0.5194171071052551,0.45310351252555847,4.0
2387,0.0,0.0,0.0,0.0,0.0,1.0,0.5723862648010254,0.5547687411308289,0.5744190812110901,0.5463736057281494,0.5198439955711365,0.4532928764820099,4.0
2388,0.0,0.0,0.0,0.0,0.0,1.0,0.5713582634925842,0.553244411945343,0.5745862722396851,0.5455561876296997,0.5181869864463806,0.45812371373176575,1.0
2389,0.0,0.0,0.0,0.0,0.0,1.0,0.5723987817764282,0.5539645552635193,0.5755574107170105,0.5476911664009094,0.520346999168396,0.4654543399810791,0.0
2390,0.0,0.0,0.0,0.0,0.0,1.0,0.5730066895484924,0.5559984445571899,0.5751882195472717,0.5474220514297485,0.5211673974990845,0.45430922508239746,4.0
2391,0.0,0.0,0.0,0.0,0.0,1.0,0.5720681548118591,0.5540837049484253,0.574061393737793,0.5458672046661377,0.5191150307655334,0.45276230573654175,4.0
2392,0.0,0.0,0.0,0.0,0.0,1.0,0.5714861750602722,0.5535102486610413,0.5747555494308472,0.5457689762115479,0.5184722542762756,0.4582803249359131,1.0
2393,0.0,0.0,0.0,0.0,0.0,1.0,0.571700930595398,0.5540329217910767,0.5749666094779968,0.5461871027946472,0.5192235112190247,0.45914557576179504,1.0
2394,0.0,0.0,0.0,0.0,0.0,1.0,0.5722309350967407,0.5544470548629761,0.5756040215492249,0.5468676090240479,0.5192208290100098,0.4586399793624878,2.0
2395,0.0,0.0,0.0,0.0,0.0,1.0,0.5721195340156555,0.5544232726097107,0.5755096673965454,0.5468641519546509,0.5194113254547119,0.4591044485569,2.0
2396,0.0,0.0,0.0,0.0,0.0,1.0,0.5738407969474792,0.5564978718757629,0.5772159099578857,0.5498400926589966,0.5230355858802795,0.46729788184165955,0.0
2397,0.0,0.0,0.0,0.0,0.0,1.0,0.5725263357162476,0.5552806258201599,0.5759761929512024,0.5475788116455078,0.5204073786735535,0.4600132405757904,2.0
2398,0.0,0.0,0.0,0.0,0.0,1.0,0.5716972947120667,0.5526095032691956,0.574763298034668,0.5466524958610535,0.5189536809921265,0.46445515751838684,0.0
2399,0.0,0.0,0.0,0.0,0.0,1.0,0.5721649527549744,0.5539065003395081,0.5749971270561218,0.5474184155464172,0.515178918838501,0.4511082172393799,3.0
2400,0.0,0.0,0.0,0.0,0.0,1.0,0.5711802840232849,0.5528876781463623,0.5743985772132874,0.5452682375907898,0.5177918076515198,0.45775121450424194,1.0
2401,0.0,0.0,0.0,0.0,0.0,1.0,0.5720453262329102,0.5534694194793701,0.5748682022094727,0.5470941662788391,0.5144711136817932,0.45021116733551025,3.0
2402,0.0,0.0,0.0,0.0,0.0,1.0,0.5729435682296753,0.5550236701965332,0.5761638283729553,0.5485987663269043,0.5216549634933472,0.46660417318344116,0.0
2403,0.0,0.0,0.0,0.0,0.0,1.0,0.5724498629570007,0.5542399883270264,0.5752804279327393,0.547677218914032,0.5153414011001587,0.4508833587169647,3.0
2404,0.0,0.0,0.0,0.0,0.0,1.0,0.5719401836395264,0.5542559623718262,0.5753211975097656,0.5467908978462219,0.5194228887557983,0.4593985378742218,2.0
2405,0.0,0.0,0.0,0.0,0.0,1.0,0.5727546811103821,0.5560373663902283,0.5761649012565613,0.5478184223175049,0.5214391946792603,0.4608631432056427,1.0
2406,0.0,0.0,0.0,0.0,0.0,1.0,0.5717302560806274,0.5534167885780334,0.573724091053009,0.5453181266784668,0.5181843638420105,0.4517781734466553,4.0
