,True_T0,True_T1,True_T2,True_T3,True_T4,True_T5,Pred_Proba_T0,Pred_Proba_T1,Pred_Proba_T2,Pred_Proba_T3,Pred_Proba_T4,Pred_Proba_T5,kFolds
0,1.0,0.0,0.0,0.0,1.0,0.0,0.9829216003417969,0.964867115020752,0.9730421304702759,0.9746949672698975,0.9850901365280151,0.9831151366233826,3.0
1,1.0,0.0,0.0,0.0,0.0,1.0,0.9780332446098328,0.9682656526565552,0.9847534894943237,0.9558375477790833,0.9760413765907288,0.9818019270896912,4.0
2,1.0,0.0,0.0,0.0,0.0,0.0,0.9799398183822632,0.9589043259620667,0.9623151421546936,0.9858074188232422,0.98557448387146,0.9804153442382812,1.0
3,1.0,0.0,0.0,0.0,0.0,0.0,0.9839054942131042,0.9719730019569397,0.9663928747177124,0.9847087860107422,0.9808809757232666,0.9829350113868713,2.0
4,1.0,0.0,0.0,0.0,0.0,0.0,0.9784653782844543,0.9640911221504211,0.9622216820716858,0.9864120483398438,0.9870852828025818,0.9772845506668091,4.0
5,1.0,0.0,0.0,0.0,0.0,0.0,0.981905460357666,0.9744184017181396,0.9735008478164673,0.9800584316253662,0.9794132709503174,0.9825583696365356,2.0
6,1.0,0.0,0.0,0.0,0.0,0.0,0.9841501116752625,0.9646364450454712,0.9568721055984497,0.9843564629554749,0.9814375638961792,0.9810282588005066,2.0
7,1.0,0.0,0.0,0.0,1.0,0.0,0.9827913641929626,0.9476104974746704,0.9547647833824158,0.9805764555931091,0.9781864285469055,0.9811214208602905,3.0
8,1.0,0.0,0.0,0.0,0.0,0.0,0.9837660789489746,0.9622438549995422,0.9617329835891724,0.9873833060264587,0.9782301187515259,0.9778811931610107,1.0
9,1.0,0.0,0.0,0.0,0.0,0.0,0.9780107140541077,0.9688091278076172,0.9596382975578308,0.9869556427001953,0.9875923991203308,0.9727318286895752,3.0
10,1.0,0.0,0.0,0.0,0.0,0.0,0.9567768573760986,0.9592026472091675,0.9353161454200745,0.9784367680549622,0.9863461852073669,0.9661996364593506,2.0
11,1.0,0.0,0.0,0.0,1.0,0.0,0.981092095375061,0.9670323133468628,0.9601706862449646,0.9846254587173462,0.9843283891677856,0.9766744375228882,4.0
12,1.0,0.0,0.0,0.0,0.0,0.0,0.9837963581085205,0.9703139066696167,0.9722703099250793,0.9808083772659302,0.9850703477859497,0.982970118522644,2.0
13,1.0,0.0,0.0,0.0,0.0,0.0,0.982747495174408,0.9411671757698059,0.9322556853294373,0.9738364815711975,0.9845467209815979,0.9769989848136902,1.0
14,1.0,0.0,0.0,0.0,0.0,0.0,0.9788532853126526,0.965904951095581,0.9752345681190491,0.9734452366828918,0.9816650748252869,0.9850569367408752,2.0
15,1.0,0.0,0.0,0.0,1.0,0.0,0.9829082489013672,0.9552310705184937,0.9569560885429382,0.9749703407287598,0.9805555939674377,0.9782153964042664,2.0
16,1.0,0.0,0.0,0.0,1.0,0.0,0.9798814058303833,0.9766682982444763,0.9886630177497864,0.9591867327690125,0.9766396284103394,0.9800083637237549,4.0
17,1.0,0.0,0.0,0.0,0.0,0.0,0.976225733757019,0.9635971784591675,0.9635877013206482,0.9839617013931274,0.9841603636741638,0.975480318069458,2.0
18,1.0,0.0,0.0,0.0,0.0,0.0,0.9798300266265869,0.9690901637077332,0.9690499305725098,0.9784748554229736,0.981368899345398,0.9769188761711121,0.0
19,1.0,0.0,0.0,0.0,0.0,0.0,0.974968671798706,0.9724180698394775,0.9830960035324097,0.9692261815071106,0.9801208972930908,0.9795771837234497,4.0
20,1.0,0.0,0.0,0.0,0.0,0.0,0.986807644367218,0.9636898636817932,0.9638295769691467,0.9713960289955139,0.9826693534851074,0.9807517528533936,1.0
21,1.0,0.0,0.0,0.0,0.0,0.0,0.9856863617897034,0.964346170425415,0.9676387310028076,0.9824137687683105,0.9839426279067993,0.9786712527275085,4.0
22,1.0,0.0,0.0,0.0,0.0,0.0,0.9816508293151855,0.9524551630020142,0.9546767473220825,0.9862657189369202,0.9816527962684631,0.9777531623840332,4.0
23,1.0,0.0,0.0,0.0,0.0,0.0,0.9721970558166504,0.9554221034049988,0.9545769095420837,0.9794610738754272,0.9865583777427673,0.9818761944770813,1.0
24,1.0,0.0,0.0,0.0,0.0,0.0,0.9805017113685608,0.9505622386932373,0.9546943306922913,0.9848673939704895,0.986016571521759,0.9788973331451416,3.0
25,1.0,0.0,0.0,0.0,0.0,0.0,0.9866743683815002,0.9613493084907532,0.9717900156974792,0.9767126441001892,0.9822560548782349,0.9855107069015503,0.0
26,1.0,0.0,0.0,0.0,0.0,0.0,0.98282790184021,0.9645693898200989,0.9684277176856995,0.98068767786026,0.9842750430107117,0.9837005734443665,2.0
27,1.0,0.0,0.0,0.0,0.0,0.0,0.977456271648407,0.9509906768798828,0.9543026089668274,0.9862853288650513,0.9881572127342224,0.981209933757782,3.0
28,1.0,0.0,0.0,0.0,0.0,0.0,0.9843741059303284,0.9560275077819824,0.9631112217903137,0.9838504195213318,0.9838125705718994,0.9819367527961731,3.0
29,1.0,0.0,0.0,0.0,0.0,0.0,0.9829372763633728,0.9535034894943237,0.958536684513092,0.9844506978988647,0.9839345812797546,0.9784024357795715,0.0
30,1.0,0.0,0.0,0.0,0.0,0.0,0.9828153252601624,0.955094575881958,0.9713318347930908,0.9833201766014099,0.9773522019386292,0.9794088006019592,1.0
31,1.0,0.0,0.0,0.0,0.0,1.0,0.9866873025894165,0.9630388617515564,0.9622142910957336,0.9845046997070312,0.9804076552391052,0.9790164232254028,2.0
32,1.0,0.0,0.0,0.0,0.0,0.0,0.9858853816986084,0.9560689330101013,0.952035665512085,0.9820019006729126,0.9879282116889954,0.9819172024726868,1.0
33,1.0,0.0,0.0,0.0,0.0,0.0,0.9873222708702087,0.9632663726806641,0.9591389298439026,0.9812639951705933,0.9754385948181152,0.9810932278633118,3.0
34,1.0,0.0,0.0,0.0,0.0,0.0,0.9814913272857666,0.9553613662719727,0.9633346199989319,0.9847586154937744,0.984497606754303,0.9844187498092651,4.0
35,1.0,0.0,0.0,0.0,0.0,0.0,0.9811971783638,0.9439677596092224,0.9356762766838074,0.9804778695106506,0.9851463437080383,0.9772551655769348,4.0
36,1.0,0.0,0.0,0.0,0.0,0.0,0.9814113974571228,0.961334228515625,0.9621933102607727,0.9765738248825073,0.9837178587913513,0.9828888177871704,3.0
37,1.0,0.0,0.0,0.0,0.0,0.0,0.9839844107627869,0.950878381729126,0.9516627192497253,0.9839861392974854,0.9833991527557373,0.979051947593689,1.0
38,1.0,0.0,0.0,0.0,1.0,0.0,0.9805799126625061,0.9623495936393738,0.9671100378036499,0.9832653999328613,0.9862479567527771,0.9807485342025757,3.0
39,1.0,0.0,0.0,0.0,0.0,0.0,0.9794088006019592,0.9587276577949524,0.9758926033973694,0.9830315113067627,0.9766876101493835,0.9756827354431152,1.0
40,1.0,0.0,0.0,0.0,0.0,0.0,0.979011595249176,0.9496135711669922,0.9337143301963806,0.9815019965171814,0.9857601523399353,0.9768537878990173,3.0
41,1.0,0.0,0.0,0.0,0.0,0.0,0.9797757863998413,0.9504410624504089,0.9538092017173767,0.9800487756729126,0.9873150587081909,0.9827336072921753,2.0
42,1.0,0.0,0.0,0.0,0.0,0.0,0.9757710099220276,0.9514658451080322,0.9720205068588257,0.9625334739685059,0.9738649725914001,0.981141984462738,3.0
43,1.0,0.0,0.0,0.0,0.0,0.0,0.9715080857276917,0.9373893141746521,0.9485584497451782,0.9738270044326782,0.9820942282676697,0.9802421927452087,1.0
44,1.0,0.0,0.0,0.0,0.0,0.0,0.9851813316345215,0.9479159712791443,0.9523106217384338,0.9849672913551331,0.984417200088501,0.9774615168571472,0.0
45,1.0,0.0,0.0,0.0,0.0,0.0,0.9695539474487305,0.9622191190719604,0.9473201632499695,0.9818828105926514,0.9859907031059265,0.9672483205795288,1.0
46,1.0,0.0,0.0,0.0,0.0,0.0,0.978192925453186,0.9635496139526367,0.9650551676750183,0.9878684878349304,0.9859718680381775,0.9719290733337402,4.0
47,1.0,0.0,0.0,0.0,0.0,0.0,0.976356029510498,0.9532865285873413,0.9554480910301208,0.9843666553497314,0.984894335269928,0.9784917831420898,3.0
48,1.0,0.0,0.0,0.0,0.0,0.0,0.982204258441925,0.9663575887680054,0.9668675661087036,0.9810289740562439,0.9835790991783142,0.9835309386253357,0.0
49,1.0,0.0,0.0,0.0,0.0,0.0,0.9813657999038696,0.9610432386398315,0.9568105936050415,0.9833236336708069,0.9868040680885315,0.9774596691131592,0.0
50,1.0,0.0,0.0,0.0,0.0,0.0,0.9833598136901855,0.9464332461357117,0.943434476852417,0.9784632325172424,0.984545111656189,0.978675901889801,4.0
51,1.0,0.0,0.0,0.0,0.0,0.0,0.9792934656143188,0.9670916199684143,0.9799259305000305,0.9710128307342529,0.9795875549316406,0.983171820640564,0.0
52,1.0,0.0,0.0,0.0,0.0,0.0,0.9789284467697144,0.9642667770385742,0.9791663289070129,0.9638214111328125,0.9789835810661316,0.983889102935791,3.0
53,1.0,0.0,0.0,0.0,0.0,0.0,0.9854913949966431,0.9697699546813965,0.9797266721725464,0.9791316986083984,0.9831349849700928,0.9836602210998535,1.0
54,1.0,0.0,0.0,0.0,0.0,0.0,0.9814521670341492,0.9680764675140381,0.9474722743034363,0.9816925525665283,0.9854169487953186,0.9812553524971008,2.0
55,1.0,0.0,0.0,0.0,0.0,0.0,0.9831205606460571,0.9634220004081726,0.9504920840263367,0.9708358645439148,0.98292475938797,0.9813641905784607,3.0
56,1.0,0.0,0.0,0.0,0.0,0.0,0.9828998446464539,0.9757164716720581,0.9818296432495117,0.979789137840271,0.9780332446098328,0.9803834557533264,0.0
57,1.0,0.0,0.0,0.0,0.0,0.0,0.9871373176574707,0.9388693571090698,0.9434128403663635,0.973719596862793,0.9771789312362671,0.9789525270462036,3.0
58,1.0,0.0,0.0,0.0,0.0,0.0,0.9841123223304749,0.9476912021636963,0.9479427337646484,0.9824909567832947,0.9831098318099976,0.981000542640686,2.0
59,1.0,0.0,0.0,0.0,0.0,0.0,0.9883801937103271,0.9477298259735107,0.951939582824707,0.973808765411377,0.9771260023117065,0.9783521890640259,1.0
60,1.0,0.0,0.0,0.0,0.0,0.0,0.9841992855072021,0.9532139897346497,0.9653648138046265,0.9812998175621033,0.9818030595779419,0.9790184497833252,3.0
61,1.0,0.0,0.0,0.0,1.0,0.0,0.9812960028648376,0.9718132019042969,0.9796129465103149,0.9753245115280151,0.9827554821968079,0.9814344644546509,3.0
62,1.0,0.0,0.0,0.0,0.0,0.0,0.9850214123725891,0.9657325744628906,0.9699463248252869,0.9836521148681641,0.9846766591072083,0.9794681668281555,3.0
63,1.0,0.0,0.0,0.0,0.0,0.0,0.9881196022033691,0.9504537582397461,0.9558246731758118,0.9786998629570007,0.9823870658874512,0.9816827774047852,1.0
64,1.0,0.0,0.0,0.0,0.0,0.0,0.9839488863945007,0.9574532508850098,0.9561130404472351,0.9855462312698364,0.9880033731460571,0.9821208119392395,4.0
65,1.0,0.0,0.0,0.0,0.0,0.0,0.9874492883682251,0.9526933431625366,0.9524397253990173,0.9761481285095215,0.9844267964363098,0.9824885129928589,1.0
66,1.0,0.0,0.0,0.0,0.0,0.0,0.9826894998550415,0.9386470317840576,0.9365402460098267,0.9769143462181091,0.9867457747459412,0.9816262722015381,3.0
67,1.0,0.0,0.0,0.0,0.0,0.0,0.9854059219360352,0.9677848219871521,0.9742743372917175,0.976650595664978,0.9802106022834778,0.9836349487304688,0.0
68,1.0,0.0,0.0,0.0,0.0,0.0,0.9798532724380493,0.9581766724586487,0.966502845287323,0.9847027659416199,0.9725168943405151,0.9774383902549744,3.0
69,1.0,0.0,0.0,0.0,1.0,0.0,0.9782084822654724,0.966269314289093,0.9584988951683044,0.9821778535842896,0.9873642325401306,0.9779106974601746,0.0
70,1.0,0.0,0.0,0.0,0.0,0.0,0.982853353023529,0.9534221887588501,0.9598165154457092,0.9845291972160339,0.9826062917709351,0.979812741279602,0.0
71,1.0,0.0,0.0,0.0,0.0,0.0,0.9856311082839966,0.9476420283317566,0.9474858045578003,0.9800958633422852,0.985312283039093,0.9800169467926025,1.0
72,1.0,0.0,0.0,0.0,0.0,0.0,0.9841811656951904,0.969394862651825,0.9743650555610657,0.9804421067237854,0.9813266396522522,0.9794736504554749,2.0
73,1.0,0.0,0.0,0.0,0.0,0.0,0.987071692943573,0.9242653250694275,0.9322043061256409,0.9699878096580505,0.9770241379737854,0.9775457978248596,0.0
74,1.0,0.0,0.0,0.0,0.0,0.0,0.9640982151031494,0.9537554383277893,0.9435393214225769,0.9820022583007812,0.9851224422454834,0.960709273815155,3.0
75,1.0,0.0,0.0,0.0,0.0,0.0,0.9779455065727234,0.9612534642219543,0.9497303366661072,0.982670247554779,0.9848346710205078,0.9779382944107056,3.0
76,1.0,0.0,0.0,0.0,0.0,0.0,0.9814204573631287,0.9486047029495239,0.9507817029953003,0.9812272787094116,0.9842368960380554,0.9780696630477905,0.0
77,1.0,0.0,0.0,0.0,0.0,0.0,0.9838375449180603,0.9593337178230286,0.9477046728134155,0.9801605343818665,0.9880218505859375,0.9822433590888977,3.0
78,1.0,0.0,0.0,0.0,0.0,0.0,0.981714129447937,0.9670517444610596,0.9669542908668518,0.9841319918632507,0.9848299026489258,0.9787123203277588,1.0
79,1.0,0.0,0.0,0.0,0.0,0.0,0.9628925323486328,0.9617379307746887,0.9542670845985413,0.9799204468727112,0.9855610728263855,0.9675584435462952,3.0
80,1.0,0.0,0.0,0.0,0.0,0.0,0.9858182072639465,0.9476146697998047,0.9352874159812927,0.9723687767982483,0.9838652014732361,0.9787321090698242,3.0
81,1.0,0.0,0.0,0.0,0.0,0.0,0.9874036312103271,0.9662560820579529,0.9663554430007935,0.9852686524391174,0.9801051020622253,0.9831385612487793,2.0
82,1.0,0.0,0.0,0.0,0.0,0.0,0.9843466281890869,0.9558990597724915,0.9622400999069214,0.9703854918479919,0.9806345701217651,0.9819257259368896,3.0
83,1.0,0.0,0.0,0.0,0.0,0.0,0.9855456948280334,0.9573038816452026,0.9635066986083984,0.981685221195221,0.9864403605461121,0.984591007232666,1.0
84,1.0,0.0,0.0,0.0,0.0,0.0,0.981613278388977,0.9475295543670654,0.9447658658027649,0.9814545512199402,0.9877205491065979,0.9808676838874817,0.0
85,1.0,0.0,0.0,0.0,0.0,0.0,0.978200376033783,0.9506610035896301,0.9456264972686768,0.9789961576461792,0.9879680871963501,0.9819092750549316,3.0
86,1.0,0.0,0.0,0.0,0.0,0.0,0.9837338924407959,0.9539375305175781,0.9530868530273438,0.9795420169830322,0.9839058518409729,0.9773852229118347,2.0
87,1.0,0.0,0.0,0.0,0.0,0.0,0.9706364274024963,0.9584206342697144,0.944549560546875,0.9833916425704956,0.9856019616127014,0.9667848944664001,1.0
88,1.0,0.0,0.0,0.0,0.0,0.0,0.9856964349746704,0.9610216617584229,0.9596015214920044,0.987000048160553,0.985537588596344,0.982079029083252,2.0
89,1.0,0.0,0.0,0.0,1.0,0.0,0.9850442409515381,0.9715097546577454,0.9714543223381042,0.9841060042381287,0.9793779253959656,0.9820506572723389,4.0
90,1.0,0.0,0.0,0.0,0.0,0.0,0.976765513420105,0.9456961750984192,0.9443218111991882,0.98046875,0.9873365759849548,0.978194534778595,3.0
91,1.0,0.0,0.0,0.0,0.0,0.0,0.9818642139434814,0.9809226393699646,0.9792822599411011,0.9773629903793335,0.9742138981819153,0.9774600267410278,1.0
92,1.0,0.0,0.0,0.0,0.0,0.0,0.9857126474380493,0.9631112217903137,0.942922055721283,0.9760904312133789,0.983281672000885,0.9810603857040405,3.0
93,1.0,0.0,0.0,0.0,0.0,0.0,0.9859393835067749,0.9797183275222778,0.9664698839187622,0.980362594127655,0.979140043258667,0.9818230867385864,4.0
94,1.0,0.0,0.0,0.0,0.0,0.0,0.9808191657066345,0.9629482626914978,0.9654169082641602,0.9853975772857666,0.9823059439659119,0.9786226749420166,3.0
95,1.0,0.0,0.0,0.0,0.0,0.0,0.9837639331817627,0.9465654492378235,0.9453993439674377,0.9815846681594849,0.98562091588974,0.9833342432975769,4.0
96,1.0,0.0,0.0,0.0,0.0,0.0,0.9838479161262512,0.938666582107544,0.9492880702018738,0.9726543426513672,0.9821406602859497,0.983089029788971,0.0
97,1.0,0.0,0.0,0.0,0.0,0.0,0.979025661945343,0.9586684703826904,0.9543913006782532,0.9756504893302917,0.9854925274848938,0.9836556911468506,3.0
98,1.0,0.0,0.0,0.0,0.0,0.0,0.9861052632331848,0.9747734665870667,0.9779155850410461,0.9811924695968628,0.9819464087486267,0.9827589392662048,4.0
99,1.0,0.0,0.0,0.0,0.0,0.0,0.9795560836791992,0.9623397588729858,0.9594355821609497,0.9872636198997498,0.9870461225509644,0.9737034440040588,1.0
100,1.0,0.0,0.0,0.0,1.0,0.0,0.982718825340271,0.9683840870857239,0.9711937308311462,0.9875919222831726,0.9744909405708313,0.9688602089881897,0.0
101,1.0,0.0,0.0,0.0,0.0,0.0,0.9795318841934204,0.9732971787452698,0.9814978837966919,0.9716301560401917,0.9815696477890015,0.9809684157371521,2.0
102,1.0,0.0,0.0,0.0,0.0,0.0,0.9765971302986145,0.9749202728271484,0.9726173877716064,0.9858711361885071,0.9766750335693359,0.9717564582824707,3.0
103,1.0,0.0,0.0,0.0,0.0,0.0,0.9829868078231812,0.9661940932273865,0.965502917766571,0.9839696884155273,0.980867326259613,0.9777598977088928,4.0
104,1.0,0.0,0.0,0.0,0.0,0.0,0.9826268553733826,0.9756931662559509,0.9827379584312439,0.9773187041282654,0.978375256061554,0.98045414686203,3.0
105,1.0,0.0,0.0,0.0,0.0,0.0,0.9815472364425659,0.956229567527771,0.9629687666893005,0.9801403880119324,0.9861705303192139,0.9839984178543091,1.0
106,1.0,0.0,0.0,0.0,0.0,0.0,0.980635404586792,0.9568595886230469,0.9495193958282471,0.9801991581916809,0.9821147918701172,0.9796849489212036,3.0
107,1.0,0.0,0.0,0.0,0.0,0.0,0.9850772023200989,0.9780605435371399,0.9748035073280334,0.9824825525283813,0.9836896061897278,0.9844111204147339,2.0
108,1.0,0.0,0.0,0.0,0.0,0.0,0.9791009426116943,0.9565181732177734,0.948531985282898,0.9813605546951294,0.9855403304100037,0.975531816482544,3.0
109,1.0,0.0,0.0,0.0,1.0,0.0,0.9784441590309143,0.9587637782096863,0.9477617740631104,0.9828346967697144,0.9883967041969299,0.9776846766471863,0.0
110,1.0,0.0,0.0,0.0,0.0,0.0,0.9866483807563782,0.9672155380249023,0.967107892036438,0.980368435382843,0.9827502965927124,0.983376681804657,3.0
111,1.0,0.0,0.0,0.0,0.0,0.0,0.9804648160934448,0.9796143174171448,0.9814844131469727,0.9678761959075928,0.9724352955818176,0.9807347655296326,0.0
112,1.0,0.0,0.0,0.0,0.0,0.0,0.984045147895813,0.966432511806488,0.9758647084236145,0.9751659035682678,0.9808622002601624,0.9827821850776672,2.0
113,1.0,0.0,0.0,0.0,0.0,0.0,0.9834346175193787,0.9456613063812256,0.9392999410629272,0.9793761968612671,0.9867832660675049,0.9826658964157104,2.0
114,1.0,0.0,0.0,0.0,0.0,0.0,0.9844769239425659,0.9622191190719604,0.9367696046829224,0.9753726720809937,0.984234631061554,0.9810768365859985,4.0
115,1.0,0.0,0.0,0.0,0.0,0.0,0.9840230941772461,0.9561669826507568,0.9661808013916016,0.9845051169395447,0.9866647720336914,0.9813955426216125,1.0
116,1.0,0.0,0.0,0.0,0.0,0.0,0.9855565428733826,0.9498903751373291,0.9331961274147034,0.9755471348762512,0.9861061573028564,0.9816967844963074,4.0
117,1.0,0.0,0.0,0.0,0.0,0.0,0.9799389839172363,0.9666528701782227,0.9565351009368896,0.984614372253418,0.9851047396659851,0.9767792820930481,3.0
118,1.0,0.0,0.0,0.0,0.0,0.0,0.979979395866394,0.9551265239715576,0.9553382396697998,0.9780244827270508,0.9878692030906677,0.9805734753608704,0.0
119,1.0,0.0,0.0,0.0,0.0,0.0,0.986941397190094,0.9355823397636414,0.9243602156639099,0.9681361317634583,0.9825421571731567,0.9789703488349915,4.0
120,1.0,0.0,0.0,0.0,0.0,1.0,0.982269823551178,0.9508688449859619,0.9452943205833435,0.9792526364326477,0.987859308719635,0.9818747639656067,1.0
121,1.0,0.0,0.0,0.0,0.0,0.0,0.9876833558082581,0.9555647969245911,0.9521748423576355,0.9755564332008362,0.981071412563324,0.9829344153404236,1.0
122,1.0,0.0,0.0,0.0,0.0,0.0,0.9849397540092468,0.9685105681419373,0.9710700511932373,0.9856195449829102,0.9789630174636841,0.9807863831520081,4.0
123,1.0,0.0,0.0,0.0,0.0,0.0,0.9840973019599915,0.9371221661567688,0.919580340385437,0.9648785591125488,0.9794555902481079,0.9777937531471252,1.0
124,1.0,0.0,0.0,0.0,0.0,0.0,0.98262619972229,0.9376396536827087,0.9189360737800598,0.9651601910591125,0.9805219173431396,0.9793283343315125,0.0
125,1.0,0.0,0.0,0.0,1.0,0.0,0.9839571714401245,0.969151496887207,0.9678630232810974,0.9784253239631653,0.9839093089103699,0.9793871641159058,3.0
126,1.0,0.0,0.0,0.0,0.0,0.0,0.9837691187858582,0.9484806060791016,0.9328868389129639,0.9729709029197693,0.9844270348548889,0.98055100440979,2.0
127,1.0,0.0,0.0,0.0,0.0,0.0,0.980946958065033,0.9733596444129944,0.9842924475669861,0.9745330214500427,0.9793007373809814,0.9809609651565552,4.0
128,1.0,0.0,0.0,0.0,0.0,0.0,0.9849493503570557,0.9641269445419312,0.9691231846809387,0.9744175672531128,0.9853585958480835,0.9842785000801086,0.0
129,1.0,0.0,0.0,0.0,0.0,0.0,0.983161449432373,0.9723023176193237,0.9641591906547546,0.9828076362609863,0.9849311113357544,0.9832772016525269,2.0
130,1.0,0.0,0.0,0.0,0.0,0.0,0.9852086305618286,0.9667114019393921,0.9521347284317017,0.9847966432571411,0.9740695357322693,0.9760103821754456,4.0
131,1.0,0.0,0.0,0.0,0.0,0.0,0.9843276143074036,0.9680748581886292,0.9607962369918823,0.9741747379302979,0.9821125268936157,0.9830729961395264,2.0
132,1.0,0.0,0.0,0.0,0.0,1.0,0.9730004072189331,0.9680544137954712,0.9903562664985657,0.9206610918045044,0.9574643969535828,0.9753599762916565,3.0
133,1.0,0.0,0.0,0.0,0.0,0.0,0.9859492182731628,0.964937150478363,0.9702468514442444,0.9660475254058838,0.9790177941322327,0.9831514358520508,3.0
134,1.0,0.0,0.0,0.0,0.0,0.0,0.9867116212844849,0.9302411675453186,0.9373295903205872,0.9735707640647888,0.9747092723846436,0.9757950901985168,0.0
135,1.0,0.0,0.0,0.0,0.0,0.0,0.9812414050102234,0.9671143889427185,0.9790636897087097,0.976810097694397,0.9749596118927002,0.9810298681259155,0.0
136,1.0,0.0,0.0,0.0,0.0,0.0,0.9853367209434509,0.9412515759468079,0.9425632953643799,0.9706943035125732,0.9800487756729126,0.978375256061554,2.0
137,1.0,0.0,0.0,0.0,0.0,0.0,0.985042929649353,0.9579006433486938,0.9178944230079651,0.9573177695274353,0.9752877354621887,0.9741747379302979,3.0
138,1.0,0.0,0.0,0.0,0.0,1.0,0.9863982796669006,0.9706141948699951,0.9704444408416748,0.9781806468963623,0.9820510149002075,0.9833785891532898,2.0
139,1.0,0.0,0.0,0.0,0.0,0.0,0.9858944416046143,0.9621192216873169,0.9599692821502686,0.967954695224762,0.9789717197418213,0.980379581451416,2.0
140,1.0,0.0,0.0,0.0,0.0,0.0,0.9868191480636597,0.957694411277771,0.9638816714286804,0.9828107357025146,0.9803724884986877,0.979965090751648,2.0
141,1.0,0.0,0.0,0.0,0.0,0.0,0.9836940169334412,0.9550100564956665,0.9611269235610962,0.982807993888855,0.9757846593856812,0.9773604869842529,1.0
142,1.0,0.0,0.0,0.0,0.0,0.0,0.9855393171310425,0.9311726689338684,0.9228047728538513,0.9704035520553589,0.9826332330703735,0.9777988791465759,2.0
143,1.0,0.0,0.0,0.0,0.0,0.0,0.9839316010475159,0.9530989527702332,0.9645345211029053,0.9726088047027588,0.9791476726531982,0.9846850633621216,3.0
144,1.0,0.0,0.0,0.0,0.0,0.0,0.9809656143188477,0.9563117623329163,0.9561272263526917,0.9767839908599854,0.9865337610244751,0.9839353561401367,3.0
145,1.0,0.0,0.0,0.0,0.0,0.0,0.986024796962738,0.9370061755180359,0.9356967210769653,0.9785708785057068,0.9838399291038513,0.981630265712738,3.0
146,1.0,0.0,0.0,0.0,0.0,1.0,0.9829621911048889,0.950049877166748,0.9580978155136108,0.9828121066093445,0.9734510183334351,0.9774895310401917,4.0
147,1.0,0.0,0.0,0.0,0.0,0.0,0.982225239276886,0.9544385075569153,0.9626336097717285,0.9778221249580383,0.9846000075340271,0.9840133786201477,2.0
148,1.0,0.0,0.0,0.0,0.0,0.0,0.9831862449645996,0.9557902812957764,0.9577149748802185,0.9744749665260315,0.9830175638198853,0.9810194373130798,2.0
149,1.0,0.0,0.0,0.0,1.0,0.0,0.9812442660331726,0.9481098651885986,0.9522674679756165,0.9796176552772522,0.9840406179428101,0.9806098341941833,0.0
150,1.0,0.0,0.0,0.0,0.0,0.0,0.9769569039344788,0.9736326932907104,0.9602277278900146,0.9839878082275391,0.9833732843399048,0.9777856469154358,2.0
151,1.0,0.0,0.0,0.0,0.0,0.0,0.969844400882721,0.9684836268424988,0.977921187877655,0.9592264294624329,0.9679126143455505,0.974123477935791,2.0
152,1.0,0.0,0.0,0.0,0.0,0.0,0.987621009349823,0.9538569450378418,0.950819730758667,0.9797759056091309,0.983633816242218,0.9829299449920654,1.0
153,1.0,0.0,0.0,0.0,0.0,0.0,0.9863758683204651,0.9496524930000305,0.939419686794281,0.9792904853820801,0.9831289649009705,0.9820957183837891,4.0
154,1.0,0.0,0.0,0.0,0.0,0.0,0.983518123626709,0.9598020911216736,0.9625310301780701,0.9818605184555054,0.9846943020820618,0.9828174114227295,4.0
155,1.0,0.0,0.0,0.0,0.0,0.0,0.9830502867698669,0.9317378401756287,0.9085007309913635,0.9609262943267822,0.9800534844398499,0.9798080325126648,2.0
156,1.0,0.0,0.0,0.0,1.0,0.0,0.9846451878547668,0.9631540179252625,0.9480464458465576,0.9792850017547607,0.9874656796455383,0.9824768900871277,2.0
157,1.0,0.0,0.0,0.0,0.0,0.0,0.9771315455436707,0.9641404151916504,0.9610584378242493,0.9827123880386353,0.9863317012786865,0.976965069770813,0.0
158,1.0,0.0,0.0,0.0,0.0,0.0,0.9863460659980774,0.9644962549209595,0.9574450850486755,0.9789788126945496,0.9856195449829102,0.9832232594490051,2.0
159,1.0,0.0,0.0,0.0,0.0,1.0,0.9814074635505676,0.9524397253990173,0.9548671245574951,0.9841035604476929,0.9870600700378418,0.9814079403877258,4.0
160,1.0,0.0,0.0,0.0,0.0,1.0,0.9814918637275696,0.9552484750747681,0.9490558505058289,0.9828426241874695,0.9882214665412903,0.9774102568626404,4.0
161,1.0,0.0,0.0,0.0,1.0,0.0,0.9794195294380188,0.96795254945755,0.9519923329353333,0.9793680906295776,0.9858021140098572,0.9792196154594421,4.0
162,1.0,0.0,0.0,0.0,0.0,0.0,0.9809616208076477,0.9581766724586487,0.974123477935791,0.9703265428543091,0.9822884798049927,0.9838805794715881,1.0
163,1.0,0.0,0.0,0.0,0.0,0.0,0.9775480031967163,0.9550596475601196,0.9613845348358154,0.9808380007743835,0.984913170337677,0.9799980521202087,0.0
164,1.0,0.0,0.0,0.0,0.0,0.0,0.9871476292610168,0.9503834247589111,0.9529197812080383,0.9820168614387512,0.9832215309143066,0.983214259147644,2.0
165,1.0,0.0,0.0,0.0,0.0,0.0,0.9862306714057922,0.9327976107597351,0.9295204877853394,0.9709632396697998,0.979941189289093,0.9765966534614563,3.0
166,1.0,0.0,0.0,0.0,0.0,0.0,0.9857324957847595,0.9582241773605347,0.9630630016326904,0.9740189909934998,0.9829102158546448,0.9786191582679749,3.0
167,1.0,0.0,0.0,0.0,0.0,0.0,0.9882106781005859,0.9412881135940552,0.9348303079605103,0.9715032577514648,0.9821161031723022,0.97865891456604,2.0
168,1.0,0.0,0.0,0.0,0.0,0.0,0.9865043759346008,0.9508419036865234,0.9564249515533447,0.9743125438690186,0.983070433139801,0.9814489483833313,0.0
169,1.0,0.0,0.0,0.0,0.0,0.0,0.9846020936965942,0.9589604139328003,0.9569560885429382,0.9822537302970886,0.9855613112449646,0.9787729978561401,3.0
170,1.0,0.0,0.0,0.0,0.0,0.0,0.9858306050300598,0.9473066926002502,0.9505239725112915,0.9797899723052979,0.9840086698532104,0.979622483253479,2.0
171,1.0,0.0,0.0,0.0,0.0,0.0,0.9840704202651978,0.9774048328399658,0.9720445275306702,0.9804953932762146,0.9832184910774231,0.9829803705215454,2.0
172,1.0,0.0,0.0,0.0,0.0,0.0,0.965851902961731,0.9577890634536743,0.9511421918869019,0.976845383644104,0.9848538637161255,0.9788660407066345,3.0
173,1.0,0.0,0.0,0.0,1.0,0.0,0.9834957718849182,0.9526909589767456,0.9471405744552612,0.9820504188537598,0.9881857633590698,0.9788338541984558,0.0
174,1.0,0.0,0.0,0.0,0.0,0.0,0.9863504767417908,0.9600173830986023,0.9544708728790283,0.9787220358848572,0.974403977394104,0.9777333736419678,1.0
175,1.0,0.0,0.0,0.0,0.0,0.0,0.9864948987960815,0.9525026679039001,0.9580978155136108,0.983616828918457,0.9830772280693054,0.9832361340522766,1.0
176,1.0,0.0,0.0,0.0,0.0,0.0,0.9835839867591858,0.9709151387214661,0.9707689881324768,0.9629167318344116,0.9816321134567261,0.9824547171592712,3.0
177,1.0,0.0,0.0,0.0,0.0,0.0,0.9872968196868896,0.9516627192497253,0.9492587447166443,0.9789480566978455,0.9763275384902954,0.9813543558120728,0.0
178,1.0,0.0,0.0,0.0,0.0,0.0,0.9835013747215271,0.9350201487541199,0.9188805222511292,0.9643577933311462,0.9813337922096252,0.9803789854049683,0.0
179,1.0,0.0,0.0,0.0,0.0,0.0,0.9830475449562073,0.9795087575912476,0.982947051525116,0.9680702090263367,0.9823050498962402,0.984017550945282,0.0
180,1.0,0.0,0.0,0.0,0.0,0.0,0.9861738681793213,0.960806131362915,0.9579560160636902,0.9785282015800476,0.9832829236984253,0.9843329191207886,4.0
181,1.0,0.0,0.0,0.0,0.0,0.0,0.9847509860992432,0.9553758502006531,0.9521780014038086,0.9770978689193726,0.9862112998962402,0.9810865521430969,2.0
182,1.0,0.0,0.0,0.0,0.0,0.0,0.9854959845542908,0.954931378364563,0.949733555316925,0.9786390066146851,0.9853397011756897,0.9817727208137512,2.0
183,1.0,0.0,0.0,0.0,0.0,0.0,0.9873515367507935,0.961492657661438,0.9513623714447021,0.9780033826828003,0.9809200763702393,0.9802559614181519,3.0
184,1.0,0.0,0.0,0.0,0.0,0.0,0.9882178902626038,0.9671146273612976,0.944046676158905,0.9777015447616577,0.9828511476516724,0.9821130633354187,0.0
185,1.0,0.0,0.0,0.0,0.0,0.0,0.9868836998939514,0.9581263661384583,0.9562239050865173,0.9820384979248047,0.9805206656455994,0.98189377784729,1.0
186,1.0,0.0,0.0,0.0,0.0,0.0,0.9830654859542847,0.9554740190505981,0.9721841812133789,0.9695113897323608,0.9775829315185547,0.9830381870269775,4.0
187,1.0,0.0,0.0,0.0,0.0,0.0,0.9848605394363403,0.9678988456726074,0.9801058173179626,0.9754063487052917,0.9778533577919006,0.9829384684562683,2.0
188,1.0,0.0,0.0,0.0,0.0,0.0,0.9795216917991638,0.9663906097412109,0.9822536110877991,0.9659602046012878,0.9713186621665955,0.9815550446510315,0.0
189,1.0,0.0,0.0,0.0,0.0,0.0,0.9829767942428589,0.9690051674842834,0.9824051260948181,0.9682494401931763,0.9757750034332275,0.98223477602005,4.0
190,1.0,0.0,0.0,0.0,0.0,0.0,0.9714195728302002,0.9598034024238586,0.9727973937988281,0.9775686860084534,0.9780751466751099,0.9750369787216187,4.0
191,1.0,0.0,0.0,0.0,0.0,1.0,0.983549952507019,0.96859210729599,0.9734711050987244,0.9805461764335632,0.9817566871643066,0.9842544794082642,3.0
192,1.0,0.0,0.0,0.0,0.0,1.0,0.9730448722839355,0.9667434692382812,0.9714317917823792,0.9719207286834717,0.9813061356544495,0.984478771686554,0.0
193,1.0,0.0,0.0,0.0,1.0,0.0,0.9845197200775146,0.9694983959197998,0.9739382266998291,0.979472279548645,0.9841287136077881,0.9834895133972168,2.0
194,1.0,0.0,0.0,0.0,0.0,0.0,0.9800934195518494,0.9539315700531006,0.9542849063873291,0.9863068461418152,0.9880058169364929,0.9762092232704163,1.0
195,1.0,0.0,0.0,0.0,0.0,0.0,0.9834384322166443,0.9529896974563599,0.9559162855148315,0.9849158525466919,0.9811516404151917,0.9805394411087036,2.0
196,1.0,0.0,0.0,0.0,0.0,1.0,0.9812911748886108,0.9518682360649109,0.948039710521698,0.9787197709083557,0.9869983792304993,0.9815204739570618,0.0
197,1.0,0.0,0.0,0.0,1.0,0.0,0.9796394109725952,0.9648302793502808,0.9678218960762024,0.9826358556747437,0.9803962111473083,0.9779694080352783,4.0
198,1.0,0.0,0.0,0.0,0.0,0.0,0.9810934662818909,0.9624428749084473,0.9794369339942932,0.9588133096694946,0.979651153087616,0.9849093556404114,1.0
199,1.0,0.0,0.0,0.0,0.0,0.0,0.9843162894248962,0.9672906994819641,0.979790985584259,0.9786715507507324,0.9811722636222839,0.9826332330703735,0.0
200,1.0,0.0,0.0,0.0,0.0,1.0,0.9812802672386169,0.9575995206832886,0.9641005396842957,0.9790991544723511,0.9842027425765991,0.9823166728019714,4.0
201,1.0,0.0,0.0,0.0,0.0,0.0,0.9859610795974731,0.9517094492912292,0.9625310301780701,0.9845010042190552,0.9838337302207947,0.9820354580879211,4.0
202,1.0,0.0,0.0,0.0,0.0,0.0,0.9829416871070862,0.9554654359817505,0.9608803987503052,0.984645664691925,0.9691200256347656,0.9731903672218323,4.0
203,1.0,0.0,0.0,0.0,1.0,0.0,0.9833039045333862,0.9806468486785889,0.9778863191604614,0.9780083894729614,0.9831328988075256,0.9830358028411865,1.0
204,1.0,0.0,0.0,0.0,0.0,0.0,0.9797738194465637,0.9521099925041199,0.9487335085868835,0.9826020002365112,0.9857082366943359,0.9791535139083862,3.0
205,1.0,0.0,0.0,0.0,0.0,0.0,0.9832126498222351,0.9761733412742615,0.9830942749977112,0.9771580696105957,0.9820719361305237,0.9821719527244568,1.0
206,1.0,0.0,0.0,0.0,0.0,0.0,0.9841384291648865,0.9594288468360901,0.9477315545082092,0.9809422492980957,0.9869313836097717,0.9797603487968445,4.0
207,1.0,0.0,0.0,0.0,0.0,0.0,0.9845303297042847,0.9506768584251404,0.9521223306655884,0.9864174127578735,0.9800368547439575,0.9798362255096436,1.0
208,1.0,0.0,0.0,0.0,0.0,0.0,0.9832862615585327,0.9651167988777161,0.9733384847640991,0.9759732484817505,0.9817678928375244,0.9815419316291809,0.0
209,1.0,0.0,0.0,0.0,0.0,0.0,0.9787209033966064,0.9689215421676636,0.9684816002845764,0.9831121563911438,0.9832431674003601,0.9766829609870911,1.0
210,1.0,0.0,0.0,0.0,0.0,0.0,0.9850859642028809,0.9681282639503479,0.9720771908760071,0.9691145420074463,0.9739881157875061,0.9814656972885132,0.0
211,1.0,0.0,0.0,0.0,0.0,0.0,0.9839594960212708,0.9724807143211365,0.9799305200576782,0.9712576866149902,0.9818774461746216,0.9825571179389954,0.0
212,1.0,0.0,0.0,0.0,0.0,0.0,0.985077440738678,0.9552919864654541,0.9610457420349121,0.9725631475448608,0.9836086630821228,0.9808275699615479,0.0
213,1.0,0.0,0.0,0.0,0.0,0.0,0.9799996614456177,0.9492440223693848,0.9415452480316162,0.9730439782142639,0.9857696294784546,0.9829264879226685,3.0
214,1.0,0.0,0.0,0.0,0.0,0.0,0.9807315468788147,0.9572678208351135,0.9611952900886536,0.9836042523384094,0.9854753017425537,0.9822232723236084,2.0
215,1.0,0.0,0.0,0.0,0.0,0.0,0.9741988182067871,0.9473776817321777,0.9333523511886597,0.9744125008583069,0.9860212206840515,0.9782214760780334,2.0
216,1.0,0.0,0.0,0.0,0.0,0.0,0.9860458970069885,0.9444357752799988,0.9376634359359741,0.9742820262908936,0.9851418733596802,0.9808109402656555,3.0
217,1.0,0.0,0.0,0.0,1.0,0.0,0.9829831123352051,0.9615378379821777,0.9453258514404297,0.9810086488723755,0.9871127009391785,0.9764440059661865,4.0
218,1.0,0.0,0.0,0.0,0.0,0.0,0.9868602156639099,0.9706730842590332,0.9375801086425781,0.9784375429153442,0.981212317943573,0.9808711409568787,0.0
219,1.0,0.0,0.0,0.0,1.0,0.0,0.9793368577957153,0.9669262170791626,0.9556841850280762,0.9855879545211792,0.9859141111373901,0.9780739545822144,0.0
220,1.0,0.0,0.0,0.0,0.0,0.0,0.9722021222114563,0.9637752175331116,0.9570314288139343,0.983272910118103,0.9863194227218628,0.9754685163497925,0.0
221,1.0,0.0,0.0,0.0,0.0,0.0,0.9793156385421753,0.9592715501785278,0.9494608044624329,0.9794419407844543,0.9855600595474243,0.9785056710243225,1.0
222,1.0,0.0,0.0,0.0,0.0,0.0,0.9794548749923706,0.9368417859077454,0.9296668171882629,0.969516396522522,0.984574019908905,0.9808531403541565,1.0
223,1.0,0.0,0.0,0.0,0.0,0.0,0.9842262864112854,0.984339714050293,0.9757325649261475,0.9788980484008789,0.9800036549568176,0.9836152195930481,3.0
224,1.0,0.0,0.0,0.0,0.0,0.0,0.9769974946975708,0.9645066857337952,0.9609007835388184,0.9815112948417664,0.9845578074455261,0.9786434769630432,2.0
225,1.0,0.0,0.0,0.0,0.0,0.0,0.9726110696792603,0.9619916677474976,0.9518806338310242,0.9869338274002075,0.9875682592391968,0.9672853350639343,4.0
226,1.0,0.0,0.0,0.0,0.0,0.0,0.984764039516449,0.953877866268158,0.9509781002998352,0.9800869226455688,0.9820611476898193,0.97975093126297,1.0
227,0.0,1.0,0.0,0.0,0.0,0.0,0.9764275550842285,0.9926099181175232,0.944694995880127,0.9454781413078308,0.9537942409515381,0.9541901350021362,3.0
228,0.0,1.0,0.0,0.0,0.0,0.0,0.970917284488678,0.9911805987358093,0.917140007019043,0.9584624171257019,0.9476508498191833,0.9520016312599182,3.0
229,0.0,1.0,0.0,0.0,0.0,0.0,0.9718114137649536,0.9889299273490906,0.9439820647239685,0.9644628763198853,0.9433040618896484,0.951562762260437,0.0
230,0.0,1.0,0.0,0.0,0.0,0.0,0.9787014722824097,0.9744876623153687,0.9722812175750732,0.9754694700241089,0.9843921661376953,0.984779953956604,1.0
231,0.0,1.0,0.0,0.0,0.0,0.0,0.9637728929519653,0.9759896993637085,0.9407111406326294,0.9779493808746338,0.9865441918373108,0.9734915494918823,0.0
232,0.0,1.0,0.0,0.0,0.0,0.0,0.977115273475647,0.9895311594009399,0.9549882411956787,0.9627249836921692,0.9737775921821594,0.9673464894294739,3.0
233,0.0,1.0,0.0,0.0,0.0,0.0,0.9720224142074585,0.9894452691078186,0.9742491841316223,0.9463154077529907,0.9651122689247131,0.9719355702400208,0.0
234,0.0,1.0,0.0,0.0,0.0,0.0,0.9698949456214905,0.9969327449798584,0.8209494352340698,0.9078162312507629,0.9291462898254395,0.928756833076477,3.0
235,0.0,1.0,0.0,0.0,0.0,0.0,0.9729852676391602,0.9943022727966309,0.8535786867141724,0.9494348168373108,0.9594355821609497,0.9473608136177063,3.0
236,0.0,1.0,0.0,0.0,0.0,0.0,0.9777200222015381,0.985150158405304,0.9706547260284424,0.9689456224441528,0.9806774258613586,0.9804690480232239,2.0
237,0.0,1.0,0.0,0.0,0.0,0.0,0.9804093837738037,0.9829923510551453,0.9392110109329224,0.9818792939186096,0.9861623048782349,0.9809777140617371,0.0
238,0.0,1.0,0.0,0.0,0.0,0.0,0.9751361608505249,0.9946106672286987,0.8998739719390869,0.9499306678771973,0.9706750512123108,0.9633609652519226,3.0
239,0.0,1.0,0.0,0.0,0.0,0.0,0.9742105007171631,0.9869931936264038,0.932761549949646,0.9753686189651489,0.9786620736122131,0.9704740643501282,0.0
240,0.0,1.0,0.0,0.0,0.0,0.0,0.9694601893424988,0.9939395189285278,0.8565204739570618,0.9359776377677917,0.954447329044342,0.952501118183136,0.0
241,0.0,1.0,0.0,0.0,0.0,0.0,0.9761200547218323,0.9905059933662415,0.8821171522140503,0.9631112217903137,0.9729370474815369,0.957695722579956,4.0
242,0.0,1.0,0.0,0.0,0.0,0.0,0.9828578233718872,0.9870418310165405,0.958698034286499,0.9739209413528442,0.9817241430282593,0.9792409539222717,3.0
243,0.0,1.0,0.0,0.0,0.0,0.0,0.9684277176856995,0.9958037734031677,0.8049154281616211,0.9277543425559998,0.9428563714027405,0.9365402460098267,2.0
244,0.0,1.0,0.0,0.0,0.0,0.0,0.971510648727417,0.9928427934646606,0.9403621554374695,0.9438528418540955,0.9648026823997498,0.9594724178314209,1.0
245,0.0,1.0,0.0,0.0,0.0,0.0,0.9726534485816956,0.9954354166984558,0.8612645268440247,0.9348964691162109,0.9414817690849304,0.9375444054603577,4.0
246,0.0,1.0,0.0,0.0,0.0,0.0,0.9820168614387512,0.9900437593460083,0.9370201230049133,0.9613656997680664,0.9693133234977722,0.9633728861808777,4.0
247,0.0,1.0,0.0,0.0,0.0,0.0,0.9714881777763367,0.9962133765220642,0.8898788690567017,0.9308198690414429,0.9376713037490845,0.9392534494400024,0.0
248,0.0,1.0,0.0,0.0,0.0,0.0,0.9754592180252075,0.9871532320976257,0.9104353785514832,0.9686034917831421,0.9790918231010437,0.9721346497535706,3.0
249,0.0,1.0,0.0,0.0,0.0,0.0,0.9756666421890259,0.9940500855445862,0.8948737382888794,0.9521687030792236,0.9666081070899963,0.9543293118476868,3.0
250,0.0,1.0,0.0,0.0,0.0,0.0,0.9684939980506897,0.9656606316566467,0.945259153842926,0.9781792759895325,0.9866281151771545,0.9758164286613464,2.0
251,0.0,1.0,0.0,0.0,0.0,0.0,0.9742428660392761,0.9956508278846741,0.8830746412277222,0.9544827342033386,0.9554018378257751,0.9504697322845459,0.0
252,0.0,1.0,0.0,0.0,0.0,0.0,0.9746468663215637,0.9884786009788513,0.9112696647644043,0.9657886028289795,0.9775249361991882,0.9722931385040283,0.0
253,0.0,1.0,0.0,0.0,0.0,0.0,0.9783575534820557,0.9915974736213684,0.8991244435310364,0.9650470614433289,0.9700834155082703,0.9669413566589355,4.0
254,0.0,1.0,0.0,0.0,0.0,0.0,0.9701139330863953,0.9956331849098206,0.8012909293174744,0.9344782829284668,0.9508482813835144,0.9379521608352661,0.0
255,0.0,1.0,0.0,0.0,0.0,0.0,0.9702649712562561,0.99644935131073,0.8622179627418518,0.9207016229629517,0.9478389620780945,0.9385219812393188,3.0
256,0.0,1.0,0.0,0.0,0.0,0.0,0.9740712642669678,0.9881459474563599,0.9707403182983398,0.9542833566665649,0.975016713142395,0.9746606349945068,1.0
257,0.0,1.0,0.0,0.0,0.0,0.0,0.9815155267715454,0.9908154010772705,0.9429703950881958,0.9689450860023499,0.9775570034980774,0.9756165742874146,4.0
258,0.0,1.0,0.0,0.0,0.0,0.0,0.9765955209732056,0.9925116300582886,0.9031833410263062,0.9635090827941895,0.9720601439476013,0.9606271982192993,2.0
259,0.0,1.0,0.0,0.0,0.0,0.0,0.9725087881088257,0.9946434497833252,0.9318691492080688,0.9434778690338135,0.9465088844299316,0.9499467015266418,0.0
260,0.0,1.0,0.0,0.0,0.0,0.0,0.9694803357124329,0.9970422387123108,0.7835230231285095,0.9103220105171204,0.927426278591156,0.9203941226005554,2.0
261,0.0,1.0,0.0,0.0,0.0,0.0,0.9724507331848145,0.9949586987495422,0.8572295308113098,0.9564588665962219,0.9483861327171326,0.9377941489219666,1.0
262,0.0,1.0,0.0,0.0,0.0,0.0,0.9749992489814758,0.9964930415153503,0.816055953502655,0.9305530190467834,0.9492456316947937,0.9372379779815674,4.0
263,0.0,1.0,0.0,0.0,0.0,0.0,0.9747233986854553,0.99556964635849,0.9162986874580383,0.9358231425285339,0.9486443996429443,0.9494640827178955,1.0
264,0.0,1.0,0.0,0.0,0.0,0.0,0.9716773629188538,0.9958037734031677,0.9013655185699463,0.9400572180747986,0.957832932472229,0.9484159350395203,3.0
265,0.0,1.0,0.0,0.0,0.0,0.0,0.9782716631889343,0.9929813146591187,0.956320583820343,0.9387758374214172,0.964540421962738,0.9694411158561707,1.0
266,0.0,1.0,0.0,0.0,0.0,0.0,0.9732689261436462,0.9951831698417664,0.9132455587387085,0.925756573677063,0.9525103569030762,0.9525870084762573,1.0
267,0.0,1.0,0.0,0.0,0.0,0.0,0.9709426760673523,0.9857257604598999,0.9216005206108093,0.9748109579086304,0.9816432595252991,0.9677969813346863,3.0
268,0.0,1.0,0.0,0.0,0.0,0.0,0.9718837141990662,0.9966534972190857,0.868757963180542,0.911220371723175,0.9465535283088684,0.9372379779815674,4.0
269,0.0,1.0,0.0,0.0,0.0,0.0,0.9760294556617737,0.9955807328224182,0.9131757020950317,0.9239800572395325,0.9515877962112427,0.9452802538871765,2.0
270,0.0,1.0,0.0,0.0,0.0,0.0,0.9707367420196533,0.9943450689315796,0.9337478876113892,0.939419686794281,0.9622412919998169,0.9553382396697998,1.0
271,0.0,1.0,0.0,0.0,0.0,0.0,0.9775294065475464,0.992487907409668,0.8814988136291504,0.9611725211143494,0.9657819271087646,0.9568048715591431,1.0
272,0.0,1.0,0.0,0.0,0.0,0.0,0.9674042463302612,0.9938228130340576,0.9127175211906433,0.9250825643539429,0.931826114654541,0.9295204877853394,2.0
273,0.0,1.0,0.0,0.0,0.0,0.0,0.9763470888137817,0.9918276071548462,0.9615547060966492,0.9538450241088867,0.9674513339996338,0.9669889807701111,2.0
274,0.0,1.0,0.0,0.0,0.0,0.0,0.9693254232406616,0.995412290096283,0.8653971552848816,0.9160669445991516,0.9460607171058655,0.9436260461807251,2.0
275,0.0,1.0,0.0,0.0,0.0,0.0,0.9750686287879944,0.9894005656242371,0.9085627198219299,0.9592795372009277,0.9746497869491577,0.9706692099571228,1.0
276,0.0,1.0,0.0,0.0,0.0,0.0,0.9727615118026733,0.9882190227508545,0.9109483361244202,0.9676843881607056,0.977995753288269,0.9680266380310059,3.0
277,0.0,1.0,0.0,0.0,0.0,0.0,0.9761934280395508,0.9786099195480347,0.9305222630500793,0.9771546721458435,0.9864538311958313,0.9769822359085083,1.0
278,0.0,1.0,0.0,0.0,0.0,0.0,0.9752428531646729,0.9939268231391907,0.9452056884765625,0.9545562863349915,0.9689644575119019,0.9673615097999573,3.0
279,0.0,1.0,0.0,0.0,0.0,0.0,0.9706257581710815,0.9912343621253967,0.8879334330558777,0.9606451392173767,0.9731247425079346,0.9674939513206482,0.0
280,0.0,1.0,0.0,0.0,0.0,0.0,0.9738072156906128,0.9832895994186401,0.9011996388435364,0.968705415725708,0.9743366837501526,0.9684255719184875,3.0
281,0.0,1.0,0.0,0.0,0.0,0.0,0.9688156843185425,0.9857214689254761,0.8971953392028809,0.9581005573272705,0.9690805077552795,0.964944064617157,0.0
282,0.0,1.0,0.0,0.0,0.0,0.0,0.9724379777908325,0.9922441840171814,0.9705683588981628,0.9496898055076599,0.9610432386398315,0.9656156301498413,0.0
283,0.0,1.0,0.0,0.0,0.0,0.0,0.9776371717453003,0.9916754961013794,0.9477978348731995,0.9573827981948853,0.9692991971969604,0.9677446484565735,1.0
284,0.0,1.0,0.0,0.0,0.0,0.0,0.9808914065361023,0.9865652918815613,0.9699740409851074,0.9710434079170227,0.9816778302192688,0.9808831810951233,4.0
285,0.0,1.0,0.0,0.0,0.0,0.0,0.9725775718688965,0.9958786964416504,0.8043931126594543,0.9320368766784668,0.9503675103187561,0.9395083785057068,2.0
286,0.0,1.0,0.0,0.0,0.0,0.0,0.9712997674942017,0.9961445331573486,0.8931127786636353,0.9188957214355469,0.9388538002967834,0.9416496753692627,1.0
287,0.0,1.0,0.0,0.0,0.0,0.0,0.9740327000617981,0.9869556427001953,0.9690357446670532,0.9650940299034119,0.9741114974021912,0.9739742875099182,1.0
288,0.0,1.0,0.0,0.0,0.0,0.0,0.9794163703918457,0.9829955697059631,0.9724979996681213,0.9763662815093994,0.9769371747970581,0.9802855253219604,2.0
289,0.0,1.0,0.0,0.0,0.0,0.0,0.9750653505325317,0.9872531294822693,0.979957103729248,0.951970636844635,0.9671509861946106,0.975071907043457,0.0
290,0.0,1.0,0.0,0.0,0.0,0.0,0.9796774983406067,0.9885707497596741,0.932324230670929,0.9745894074440002,0.9757983088493347,0.9698591828346252,0.0
291,0.0,1.0,0.0,0.0,0.0,0.0,0.9757404923439026,0.9936935305595398,0.9062580466270447,0.9529410004615784,0.9658601880073547,0.9641732573509216,0.0
292,0.0,1.0,0.0,0.0,0.0,0.0,0.9738415479660034,0.9928389191627502,0.9568060040473938,0.9404533505439758,0.9562067985534668,0.9576407074928284,1.0
293,0.0,1.0,0.0,0.0,0.0,0.0,0.978263795375824,0.9915710687637329,0.9217008948326111,0.9636114835739136,0.962246298789978,0.9623618721961975,4.0
294,0.0,1.0,0.0,0.0,0.0,0.0,0.9728082418441772,0.9957669973373413,0.9203070402145386,0.918910801410675,0.9477584362030029,0.9505494832992554,1.0
295,0.0,1.0,0.0,0.0,0.0,0.0,0.9716697931289673,0.9954698085784912,0.8177467584609985,0.9452030658721924,0.9484391808509827,0.9376237988471985,2.0
296,0.0,1.0,0.0,0.0,0.0,0.0,0.9736369848251343,0.9908767342567444,0.9435574412345886,0.9618401527404785,0.97478187084198,0.970430850982666,0.0
297,0.0,1.0,0.0,0.0,0.0,0.0,0.973694384098053,0.9915956854820251,0.9477265477180481,0.9449371695518494,0.9655671715736389,0.9634422659873962,1.0
298,0.0,1.0,0.0,0.0,0.0,0.0,0.9711424708366394,0.9950013756752014,0.9358088374137878,0.932324230670929,0.9578903913497925,0.9603700041770935,0.0
299,0.0,1.0,0.0,0.0,0.0,0.0,0.9696004390716553,0.996494472026825,0.8261768221855164,0.9336933493614197,0.9481064677238464,0.9449813365936279,0.0
300,0.0,1.0,0.0,0.0,0.0,0.0,0.9750950336456299,0.9849129319190979,0.9780057668685913,0.9591315984725952,0.9693304300308228,0.9739201664924622,1.0
301,0.0,1.0,0.0,0.0,0.0,0.0,0.9752510190010071,0.9877882599830627,0.9714308977127075,0.951035737991333,0.9669207334518433,0.9638035893440247,4.0
302,0.0,1.0,0.0,0.0,0.0,0.0,0.9735314249992371,0.993726372718811,0.8371617197990417,0.9512901902198792,0.9492914080619812,0.9391682744026184,3.0
303,0.0,1.0,0.0,0.0,0.0,0.0,0.9701492786407471,0.9958686828613281,0.8894995450973511,0.9405103325843811,0.946453869342804,0.9426292777061462,0.0
304,0.0,1.0,0.0,0.0,0.0,0.0,0.9724470973014832,0.9941419959068298,0.8572252988815308,0.9279041290283203,0.9471167325973511,0.9453783631324768,1.0
305,0.0,1.0,0.0,0.0,0.0,0.0,0.9716717004776001,0.9937828183174133,0.8792994022369385,0.9489573240280151,0.9654441475868225,0.9577972888946533,1.0
306,0.0,1.0,0.0,0.0,0.0,0.0,0.9737793803215027,0.9946335554122925,0.924809455871582,0.9381531476974487,0.949943482875824,0.9512430429458618,1.0
307,0.0,1.0,0.0,0.0,0.0,0.0,0.9749728441238403,0.9936226010322571,0.961689293384552,0.9413808584213257,0.9577972888946533,0.9631641507148743,0.0
308,0.0,1.0,0.0,0.0,0.0,0.0,0.9770713448524475,0.9933197498321533,0.9392341375350952,0.9549328684806824,0.9678777456283569,0.9640911221504211,1.0
309,0.0,1.0,0.0,0.0,0.0,0.0,0.9812622666358948,0.9869361519813538,0.9529243111610413,0.9663300514221191,0.9747830629348755,0.9737498760223389,1.0
310,0.0,1.0,0.0,0.0,0.0,0.0,0.9760151505470276,0.9932976365089417,0.9643260836601257,0.9384456276893616,0.960521936416626,0.9568833708763123,2.0
311,0.0,1.0,0.0,0.0,0.0,0.0,0.9778401255607605,0.9919862747192383,0.9412384629249573,0.9557401537895203,0.9652171730995178,0.9673379063606262,1.0
312,0.0,1.0,0.0,0.0,0.0,0.0,0.9703860282897949,0.9967749714851379,0.7727370858192444,0.9147540926933289,0.9311901926994324,0.9265127182006836,2.0
313,0.0,1.0,0.0,0.0,0.0,0.0,0.9710280895233154,0.9950666427612305,0.9047171473503113,0.9506497979164124,0.9476844668388367,0.9469977021217346,1.0
314,0.0,1.0,0.0,0.0,0.0,0.0,0.9733895659446716,0.9886866807937622,0.8781575560569763,0.9606451392173767,0.9747651815414429,0.9644718766212463,3.0
315,0.0,1.0,0.0,0.0,0.0,0.0,0.9715406894683838,0.9945520758628845,0.9341745376586914,0.9227466583251953,0.9535845518112183,0.9486278295516968,1.0
316,0.0,1.0,0.0,0.0,0.0,0.0,0.9659295082092285,0.9779500365257263,0.9324951767921448,0.9782918691635132,0.9879371523857117,0.9717830419540405,1.0
317,0.0,1.0,0.0,0.0,0.0,0.0,0.9679746627807617,0.9956511855125427,0.9076572060585022,0.9039132595062256,0.9313463568687439,0.9345114827156067,4.0
318,0.0,1.0,0.0,0.0,0.0,0.0,0.9707039594650269,0.9940845370292664,0.9416049718856812,0.9319896697998047,0.9582147002220154,0.9549663662910461,1.0
319,0.0,1.0,0.0,0.0,0.0,0.0,0.9791669845581055,0.9860038161277771,0.9339092373847961,0.9762135744094849,0.9785712361335754,0.9705545902252197,2.0
320,0.0,1.0,0.0,0.0,0.0,0.0,0.9802317023277283,0.9843517541885376,0.9484657049179077,0.9803740978240967,0.9778643250465393,0.9754191040992737,2.0
321,0.0,1.0,0.0,0.0,0.0,0.0,0.9748616814613342,0.9885015487670898,0.912175714969635,0.9665818214416504,0.9778236150741577,0.9726940393447876,0.0
322,0.0,1.0,0.0,0.0,0.0,0.0,0.9699602127075195,0.9951449036598206,0.8638153672218323,0.9501205682754517,0.9520759582519531,0.9418060183525085,1.0
323,0.0,1.0,0.0,0.0,0.0,0.0,0.9704521894454956,0.9958037734031677,0.8961618542671204,0.9114614129066467,0.9456160068511963,0.94341641664505,2.0
324,0.0,1.0,0.0,0.0,0.0,0.0,0.9694441556930542,0.9951874017715454,0.8839315176010132,0.9321699738502502,0.9530625939369202,0.9513968825340271,0.0
325,0.0,1.0,0.0,0.0,0.0,0.0,0.9705842137336731,0.9938151836395264,0.8849641680717468,0.9510001540184021,0.9483296275138855,0.9384476542472839,2.0
326,0.0,1.0,0.0,0.0,0.0,0.0,0.970961332321167,0.9951841235160828,0.9332342147827148,0.9218916296958923,0.9427502751350403,0.9383848905563354,2.0
327,0.0,1.0,0.0,0.0,0.0,0.0,0.9777613878250122,0.9937949180603027,0.9007307291030884,0.9476811289787292,0.961979329586029,0.9600200057029724,2.0
328,0.0,1.0,0.0,0.0,0.0,0.0,0.97849041223526,0.9944742321968079,0.8630276322364807,0.9489244818687439,0.9632266759872437,0.9587007761001587,2.0
329,0.0,1.0,0.0,0.0,0.0,0.0,0.9763869643211365,0.9925159811973572,0.9666976928710938,0.924604058265686,0.962817370891571,0.9638603925704956,2.0
330,0.0,1.0,0.0,0.0,0.0,0.0,0.9767634868621826,0.9775047898292542,0.9714279770851135,0.977549135684967,0.9787461161613464,0.9778372049331665,4.0
331,0.0,1.0,0.0,0.0,0.0,0.0,0.9785864949226379,0.9865597486495972,0.9803158640861511,0.956985354423523,0.9773281812667847,0.9798870086669922,1.0
332,0.0,1.0,0.0,0.0,0.0,0.0,0.9778113961219788,0.9847456216812134,0.9621006846427917,0.9685730934143066,0.980911135673523,0.9779829978942871,0.0
333,0.0,1.0,0.0,0.0,0.0,0.0,0.9765055179595947,0.9931164979934692,0.8857729434967041,0.9551091194152832,0.9687239527702332,0.965201199054718,2.0
334,0.0,1.0,0.0,0.0,0.0,0.0,0.9750456213951111,0.995108425617218,0.91359943151474,0.9208499789237976,0.9468511343002319,0.9443681836128235,2.0
335,0.0,1.0,0.0,0.0,0.0,0.0,0.9746598601341248,0.9955980181694031,0.8279615044593811,0.9327083230018616,0.9562437534332275,0.9409791231155396,4.0
336,0.0,1.0,0.0,0.0,0.0,0.0,0.9727686047554016,0.995958149433136,0.8773863315582275,0.9403051733970642,0.943187952041626,0.9327508211135864,3.0
337,0.0,1.0,0.0,0.0,0.0,0.0,0.979771077632904,0.9940385818481445,0.9306709170341492,0.9502394199371338,0.9707622528076172,0.9695795178413391,4.0
338,0.0,1.0,0.0,0.0,0.0,0.0,0.980771005153656,0.9880229234695435,0.9412984251976013,0.9641463160514832,0.9743413925170898,0.975004255771637,3.0
339,0.0,1.0,0.0,0.0,0.0,0.0,0.9736421704292297,0.9883303642272949,0.9197807312011719,0.9682572484016418,0.9784082174301147,0.9727291464805603,1.0
340,0.0,1.0,0.0,0.0,0.0,0.0,0.973288357257843,0.9959025979042053,0.8509573936462402,0.9371581077575684,0.9537643194198608,0.9414145350456238,4.0
341,0.0,1.0,0.0,0.0,0.0,0.0,0.9770652055740356,0.9958974123001099,0.8497449159622192,0.9386606812477112,0.9573232531547546,0.9484823346138,2.0
342,0.0,1.0,0.0,0.0,0.0,0.0,0.9771955013275146,0.9938546419143677,0.9167448878288269,0.9487582445144653,0.9536565542221069,0.9563995003700256,0.0
343,0.0,1.0,0.0,0.0,0.0,0.0,0.9770864844322205,0.9947307109832764,0.9312704801559448,0.9423297643661499,0.9603260159492493,0.9559162855148315,1.0
344,0.0,1.0,0.0,0.0,0.0,0.0,0.9703509211540222,0.9952322840690613,0.8873518109321594,0.9412609338760376,0.9353899359703064,0.934912919998169,1.0
345,0.0,1.0,0.0,0.0,0.0,0.0,0.9773957133293152,0.9867271780967712,0.9711737036705017,0.9742605090141296,0.9677965641021729,0.971311092376709,3.0
346,0.0,1.0,0.0,0.0,0.0,0.0,0.9725233316421509,0.9941437840461731,0.9143804907798767,0.9301222562789917,0.9507022500038147,0.9485816359519958,2.0
347,0.0,1.0,0.0,0.0,0.0,0.0,0.9732865691184998,0.9943190217018127,0.9516346454620361,0.9260008335113525,0.9565012454986572,0.9548231959342957,3.0
348,0.0,1.0,0.0,0.0,0.0,0.0,0.9787324070930481,0.9887168407440186,0.952401340007782,0.971198558807373,0.9724297523498535,0.9699137210845947,2.0
349,0.0,1.0,0.0,0.0,0.0,0.0,0.9690947532653809,0.9964526891708374,0.8660318851470947,0.9185006022453308,0.9400647878646851,0.9332764744758606,3.0
350,0.0,1.0,0.0,0.0,0.0,0.0,0.9750702977180481,0.9953569769859314,0.8635539412498474,0.9330225586891174,0.9569504857063293,0.956345796585083,0.0
351,0.0,1.0,0.0,0.0,0.0,0.0,0.9705201983451843,0.9964098334312439,0.8601751923561096,0.9076402187347412,0.9402251839637756,0.9384279847145081,1.0
352,0.0,1.0,0.0,0.0,0.0,0.0,0.976682186126709,0.9951068162918091,0.9037010073661804,0.9385688900947571,0.9616930484771729,0.9602846503257751,1.0
353,0.0,1.0,0.0,0.0,0.0,0.0,0.9771251678466797,0.9914223551750183,0.9411258101463318,0.9686972498893738,0.9768200516700745,0.9739063382148743,0.0
354,0.0,1.0,0.0,0.0,0.0,0.0,0.9744158983230591,0.9865672588348389,0.9649027585983276,0.9685095548629761,0.9763243198394775,0.9765987396240234,0.0
355,0.0,1.0,0.0,0.0,0.0,0.0,0.978874146938324,0.9858487844467163,0.9402327537536621,0.9802172183990479,0.9809643626213074,0.9801691174507141,2.0
356,0.0,1.0,0.0,0.0,0.0,0.0,0.9760436415672302,0.9927650094032288,0.9143539667129517,0.9538719058036804,0.9705212116241455,0.9662627577781677,4.0
357,0.0,1.0,0.0,0.0,0.0,0.0,0.9747334718704224,0.991926372051239,0.9683706760406494,0.9434091448783875,0.9618575572967529,0.9656314253807068,3.0
358,0.0,1.0,0.0,0.0,0.0,0.0,0.9758446216583252,0.980249285697937,0.9391993284225464,0.9701237678527832,0.9813315868377686,0.9768484830856323,1.0
359,0.0,1.0,0.0,0.0,0.0,0.0,0.9720025062561035,0.9781574606895447,0.9546327590942383,0.9798895120620728,0.9775461554527283,0.9710057377815247,3.0
360,0.0,1.0,0.0,0.0,0.0,0.0,0.9788145422935486,0.9791452884674072,0.955435037612915,0.9834420084953308,0.9808549284934998,0.9749215245246887,1.0
361,0.0,1.0,0.0,0.0,0.0,0.0,0.9698712229728699,0.9973222613334656,0.756473183631897,0.9118983149528503,0.9219647645950317,0.9251764416694641,0.0
362,0.0,1.0,0.0,0.0,0.0,0.0,0.9772995710372925,0.9860398769378662,0.98015296459198,0.9532593488693237,0.9718707203865051,0.9752134084701538,3.0
363,0.0,1.0,0.0,0.0,0.0,0.0,0.9742300510406494,0.9924964904785156,0.8864998817443848,0.9674816727638245,0.9760087728500366,0.966191828250885,2.0
364,0.0,1.0,0.0,0.0,0.0,0.0,0.9751639366149902,0.970427930355072,0.9493468403816223,0.9809916615486145,0.9878901839256287,0.9788672924041748,3.0
365,0.0,1.0,0.0,0.0,0.0,0.0,0.9709851741790771,0.9906766414642334,0.8904656767845154,0.9661345481872559,0.9536640048027039,0.9411069750785828,1.0
366,0.0,1.0,0.0,0.0,0.0,0.0,0.9670625329017639,0.9893149137496948,0.9105321764945984,0.9691930413246155,0.9693692326545715,0.9533876180648804,0.0
367,0.0,1.0,0.0,0.0,0.0,0.0,0.9699701070785522,0.984708309173584,0.9255464673042297,0.9777801632881165,0.9739614129066467,0.9549415707588196,0.0
368,0.0,1.0,0.0,0.0,0.0,0.0,0.9688110947608948,0.9937087297439575,0.8809912800788879,0.9569756388664246,0.943060576915741,0.9374052286148071,0.0
369,0.0,1.0,0.0,0.0,0.0,0.0,0.9715378880500793,0.9910695552825928,0.8863070607185364,0.9590573310852051,0.9477331638336182,0.9398159980773926,4.0
370,0.0,1.0,0.0,0.0,0.0,0.0,0.9640558958053589,0.9837438464164734,0.9272754788398743,0.9755290150642395,0.9733713865280151,0.9586752653121948,2.0
371,0.0,1.0,0.0,0.0,0.0,0.0,0.9656887650489807,0.9824961423873901,0.9172584414482117,0.975071907043457,0.9787790179252625,0.9576448798179626,2.0
372,0.0,1.0,0.0,0.0,0.0,0.0,0.969982922077179,0.9793286323547363,0.9496654868125916,0.9800232648849487,0.9780094623565674,0.9655243754386902,3.0
373,0.0,1.0,0.0,0.0,0.0,0.0,0.9737905859947205,0.989810585975647,0.9111819267272949,0.9678905010223389,0.9727336764335632,0.9676843881607056,3.0
374,0.0,1.0,0.0,0.0,0.0,0.0,0.9826263189315796,0.9860042929649353,0.9800474047660828,0.967656672000885,0.9779821634292603,0.9814403057098389,1.0
375,0.0,1.0,0.0,0.0,0.0,0.0,0.9778254628181458,0.988909900188446,0.9790594577789307,0.9496039152145386,0.9679515361785889,0.9718466401100159,2.0
376,0.0,1.0,0.0,0.0,0.0,0.0,0.9735410809516907,0.9726534485816956,0.9810549020767212,0.9697402119636536,0.9769222736358643,0.9772471189498901,1.0
377,0.0,1.0,0.0,0.0,0.0,0.0,0.9772098660469055,0.989816427230835,0.9724591970443726,0.9592134952545166,0.9681162238121033,0.9677426218986511,1.0
378,0.0,1.0,0.0,0.0,0.0,0.0,0.9797408580780029,0.9839444756507874,0.980292022228241,0.9709210991859436,0.9691656827926636,0.976802408695221,4.0
379,0.0,1.0,0.0,0.0,0.0,0.0,0.9852069020271301,0.9810065031051636,0.9622240662574768,0.9783380627632141,0.9843454957008362,0.9826399087905884,4.0
380,0.0,1.0,0.0,0.0,0.0,0.0,0.9785036444664001,0.9847713112831116,0.9433258175849915,0.9785163998603821,0.9803721308708191,0.9724711179733276,1.0
381,0.0,1.0,0.0,0.0,0.0,0.0,0.9746255278587341,0.9872515201568604,0.9596002101898193,0.9699614644050598,0.9765905141830444,0.97121262550354,1.0
382,0.0,1.0,0.0,0.0,0.0,0.0,0.9746493101119995,0.9821995496749878,0.9756380319595337,0.9738761782646179,0.9781371355056763,0.9766995906829834,1.0
383,0.0,1.0,0.0,0.0,0.0,0.0,0.983824610710144,0.98264080286026,0.9504058361053467,0.977256178855896,0.9812849760055542,0.9783550500869751,0.0
384,0.0,1.0,0.0,0.0,0.0,0.0,0.9843686819076538,0.9808328151702881,0.9480865597724915,0.9777262806892395,0.9830257296562195,0.9810661673545837,3.0
385,0.0,1.0,0.0,0.0,0.0,0.0,0.9744505286216736,0.9746623635292053,0.9602510333061218,0.9823424220085144,0.9847477078437805,0.9745545387268066,2.0
386,0.0,1.0,0.0,0.0,0.0,0.0,0.9727434515953064,0.9967114925384521,0.8426722288131714,0.9370061755180359,0.9556640982627869,0.9490852952003479,3.0
387,0.0,1.0,0.0,0.0,0.0,0.0,0.9795274138450623,0.9804998636245728,0.9719494581222534,0.9739984273910522,0.9799760580062866,0.9814653396606445,0.0
388,0.0,1.0,0.0,0.0,0.0,0.0,0.9796237349510193,0.9877245426177979,0.9606298804283142,0.9764626622200012,0.9801391363143921,0.9787958264350891,3.0
389,0.0,1.0,0.0,0.0,0.0,0.0,0.9786454439163208,0.9802132248878479,0.978663444519043,0.9719123840332031,0.9822684526443481,0.9825249910354614,3.0
390,0.0,1.0,0.0,0.0,0.0,0.0,0.9836373925209045,0.9860414862632751,0.9751532077789307,0.9694516658782959,0.9784553647041321,0.98316490650177,2.0
391,0.0,1.0,0.0,0.0,0.0,0.0,0.9750657677650452,0.9821141362190247,0.9444642663002014,0.9818182587623596,0.9819600582122803,0.9726135730743408,4.0
392,0.0,0.0,1.0,0.0,0.0,0.0,0.9699077606201172,0.9706557393074036,0.9866237044334412,0.9678980708122253,0.9708136916160583,0.9737551212310791,4.0
393,0.0,0.0,1.0,1.0,0.0,0.0,0.9785787463188171,0.9835347533226013,0.9876883625984192,0.9759349822998047,0.9715772867202759,0.9776275157928467,1.0
394,0.0,0.0,1.0,0.0,0.0,0.0,0.9838738441467285,0.9787616729736328,0.9836925268173218,0.9785828590393066,0.9787651896476746,0.9832772016525269,1.0
395,0.0,0.0,1.0,1.0,0.0,0.0,0.9705744385719299,0.9760643243789673,0.9885969758033752,0.9726224541664124,0.9584638476371765,0.9685249924659729,3.0
396,0.0,0.0,1.0,0.0,0.0,0.0,0.9797965884208679,0.9789990186691284,0.989496648311615,0.9534734487533569,0.973146915435791,0.9802224040031433,4.0
397,0.0,0.0,1.0,0.0,0.0,0.0,0.9773203134536743,0.9863348007202148,0.964747428894043,0.968028724193573,0.9781712889671326,0.9793940782546997,4.0
398,0.0,0.0,1.0,0.0,0.0,0.0,0.9809226393699646,0.980544924736023,0.9759216904640198,0.9730212688446045,0.9788990616798401,0.9784461259841919,1.0
399,0.0,0.0,1.0,1.0,1.0,0.0,0.9770978689193726,0.9726155996322632,0.97870272397995,0.9878692030906677,0.9689399003982544,0.9726651906967163,4.0
400,0.0,0.0,1.0,0.0,0.0,0.0,0.9848425388336182,0.9771766066551208,0.9845486879348755,0.9729183316230774,0.9791739583015442,0.9831363558769226,4.0
401,0.0,0.0,1.0,1.0,0.0,0.0,0.9803749918937683,0.9837225079536438,0.9879118204116821,0.9682940244674683,0.9715894460678101,0.9759737849235535,2.0
402,0.0,0.0,1.0,0.0,0.0,0.0,0.966289222240448,0.9760230779647827,0.9891816973686218,0.9477121829986572,0.9555288553237915,0.9672821164131165,0.0
403,0.0,0.0,1.0,0.0,1.0,0.0,0.9689797759056091,0.9635733962059021,0.9715341925621033,0.9895156621932983,0.9529014825820923,0.9563684463500977,4.0
404,0.0,0.0,1.0,0.0,0.0,0.0,0.9700588583946228,0.9748567342758179,0.9919565916061401,0.9392921924591064,0.9624183773994446,0.9704152345657349,3.0
405,0.0,0.0,1.0,0.0,0.0,0.0,0.9775390625,0.9757501482963562,0.9821995496749878,0.9759348630905151,0.9825488328933716,0.9813003540039062,2.0
406,0.0,0.0,1.0,0.0,0.0,0.0,0.9769601821899414,0.9842572212219238,0.9799261689186096,0.9679625034332275,0.9741055369377136,0.9784174561500549,0.0
407,0.0,0.0,1.0,0.0,0.0,0.0,0.9557731747627258,0.9723743200302124,0.9935831427574158,0.9368297457695007,0.9591893553733826,0.9609007835388184,0.0
408,0.0,0.0,1.0,0.0,0.0,0.0,0.9542641639709473,0.9700549244880676,0.9942700862884521,0.9108951091766357,0.9512806534767151,0.9577752947807312,0.0
409,0.0,0.0,1.0,0.0,0.0,0.0,0.9804064035415649,0.9827370643615723,0.9878196716308594,0.9629349708557129,0.9775837659835815,0.9812460541725159,1.0
410,0.0,0.0,1.0,1.0,0.0,0.0,0.9693677425384521,0.9764416217803955,0.9911750555038452,0.9508950710296631,0.9618526101112366,0.9673057794570923,0.0
411,0.0,0.0,1.0,1.0,0.0,0.0,0.9781604409217834,0.9838926792144775,0.9852038621902466,0.9727320671081543,0.9723934531211853,0.9762482047080994,1.0
412,0.0,0.0,1.0,0.0,0.0,0.0,0.9796727895736694,0.9742428660392761,0.9852970242500305,0.967336893081665,0.9779661297798157,0.9806519746780396,4.0
413,0.0,0.0,1.0,0.0,0.0,0.0,0.9770591855049133,0.9738243818283081,0.9909092783927917,0.9604459404945374,0.9737368822097778,0.9786585569381714,2.0
414,0.0,0.0,1.0,0.0,0.0,0.0,0.9785282015800476,0.9840588569641113,0.9838528633117676,0.965726912021637,0.9710214734077454,0.9771652221679688,0.0
415,0.0,0.0,1.0,0.0,0.0,0.0,0.9779207110404968,0.9811757206916809,0.9791949987411499,0.9737371206283569,0.9801503419876099,0.9817579388618469,2.0
416,0.0,0.0,1.0,0.0,0.0,0.0,0.9776445627212524,0.9823874235153198,0.9840595722198486,0.9604659676551819,0.9660720229148865,0.9751048684120178,0.0
417,0.0,0.0,1.0,0.0,0.0,0.0,0.9849144816398621,0.9710695743560791,0.9636566638946533,0.9732795357704163,0.9821756482124329,0.9816360473632812,4.0
418,0.0,0.0,1.0,0.0,0.0,0.0,0.9671488404273987,0.9745591878890991,0.9916627407073975,0.9400238394737244,0.9631738066673279,0.9686591029167175,4.0
419,0.0,0.0,1.0,0.0,0.0,0.0,0.9669554233551025,0.9720960855484009,0.9854332804679871,0.9583786725997925,0.9728691577911377,0.9753466248512268,2.0
420,0.0,0.0,1.0,1.0,0.0,0.0,0.9791130423545837,0.979971706867218,0.9874526858329773,0.9637964963912964,0.9745036363601685,0.9787712693214417,1.0
421,0.0,0.0,1.0,0.0,1.0,0.0,0.9744964838027954,0.9696444272994995,0.9750789403915405,0.9758937358856201,0.9769529104232788,0.973605215549469,2.0
422,0.0,0.0,1.0,0.0,0.0,0.0,0.9501463174819946,0.9701217412948608,0.9905781745910645,0.929656982421875,0.9612609148025513,0.9617454409599304,0.0
423,0.0,0.0,1.0,0.0,1.0,0.0,0.9786475896835327,0.9792594909667969,0.9864881634712219,0.9644849896430969,0.975531816482544,0.9768115878105164,1.0
424,0.0,0.0,1.0,0.0,0.0,0.0,0.9726245999336243,0.9759116768836975,0.9900773763656616,0.9256958961486816,0.9578657746315002,0.9753678441047668,3.0
425,0.0,0.0,1.0,0.0,0.0,0.0,0.9766064286231995,0.9772597551345825,0.9876090288162231,0.9603956937789917,0.9698909521102905,0.9804748892784119,2.0
426,0.0,0.0,1.0,0.0,0.0,0.0,0.9652740359306335,0.9733359217643738,0.989210844039917,0.9343296885490417,0.9647312164306641,0.9733860492706299,0.0
427,0.0,0.0,1.0,0.0,0.0,0.0,0.9707512259483337,0.9703548550605774,0.9870720505714417,0.9531247019767761,0.9670895338058472,0.9743125438690186,1.0
428,0.0,0.0,1.0,0.0,0.0,0.0,0.9558876156806946,0.976757824420929,0.9923098087310791,0.9028597474098206,0.9396201372146606,0.9535996317863464,2.0
429,0.0,0.0,1.0,0.0,0.0,0.0,0.9618575572967529,0.9791572690010071,0.9905253648757935,0.9146416187286377,0.9467691779136658,0.9666146039962769,1.0
430,0.0,0.0,1.0,0.0,0.0,0.0,0.9656764268875122,0.9753254055976868,0.9917381405830383,0.937842607498169,0.964495062828064,0.9713167548179626,0.0
431,0.0,0.0,1.0,0.0,0.0,0.0,0.9784632325172424,0.9770203828811646,0.9787511825561523,0.976617157459259,0.9793258905410767,0.9785712361335754,4.0
432,0.0,0.0,1.0,0.0,0.0,0.0,0.9616804718971252,0.9735986590385437,0.9923338890075684,0.9275693297386169,0.9553324580192566,0.966417133808136,0.0
433,0.0,0.0,1.0,0.0,0.0,0.0,0.9692840576171875,0.9709345102310181,0.9817644953727722,0.963565468788147,0.9615190029144287,0.9713606238365173,0.0
434,0.0,0.0,1.0,0.0,0.0,0.0,0.976969301700592,0.9790672659873962,0.989069938659668,0.9632866978645325,0.9727022051811218,0.9763211607933044,3.0
435,0.0,0.0,1.0,0.0,0.0,0.0,0.9754442572593689,0.9710376858711243,0.980154275894165,0.9729726314544678,0.979064404964447,0.9822211861610413,0.0
436,0.0,0.0,1.0,0.0,0.0,0.0,0.968244731426239,0.9781979322433472,0.9881585240364075,0.9401097893714905,0.9741089344024658,0.9744488000869751,1.0
437,0.0,0.0,1.0,0.0,0.0,0.0,0.9593985676765442,0.9684960246086121,0.9937735199928284,0.9332574605941772,0.9571650624275208,0.9583286643028259,3.0
438,0.0,0.0,1.0,0.0,0.0,0.0,0.9706006050109863,0.9768353700637817,0.9855089783668518,0.9597615599632263,0.973471999168396,0.9750187397003174,0.0
439,0.0,0.0,1.0,0.0,0.0,0.0,0.9779573082923889,0.9786348342895508,0.9851957559585571,0.9699181914329529,0.9768387675285339,0.9774532914161682,1.0
440,0.0,0.0,1.0,0.0,0.0,0.0,0.9791572690010071,0.9813350439071655,0.9803613424301147,0.9693324565887451,0.9757983088493347,0.9811078906059265,0.0
441,0.0,0.0,1.0,0.0,0.0,0.0,0.968110978603363,0.9700470566749573,0.9859452843666077,0.9554336667060852,0.9722675681114197,0.9737144112586975,4.0
442,0.0,0.0,1.0,0.0,0.0,0.0,0.9784625768661499,0.9796721339225769,0.9843313694000244,0.9683930277824402,0.9805963039398193,0.9807037115097046,2.0
443,0.0,0.0,1.0,0.0,0.0,0.0,0.9770879745483398,0.9759722352027893,0.9887847900390625,0.9639730453491211,0.9757221341133118,0.9789745807647705,0.0
444,0.0,0.0,1.0,0.0,0.0,0.0,0.9535635113716125,0.96537846326828,0.9933105707168579,0.9056156277656555,0.9520140290260315,0.960681140422821,3.0
445,0.0,0.0,1.0,0.0,0.0,0.0,0.9706150889396667,0.9731194376945496,0.9917556047439575,0.9384622573852539,0.9626750349998474,0.9711918234825134,0.0
446,0.0,0.0,1.0,0.0,0.0,0.0,0.9625872373580933,0.9699917435646057,0.9934636354446411,0.9293744564056396,0.9502650499343872,0.9637681245803833,3.0
447,0.0,0.0,1.0,0.0,0.0,0.0,0.9502201676368713,0.9667260646820068,0.9912362098693848,0.9058854579925537,0.9495259523391724,0.9595698714256287,1.0
448,0.0,0.0,1.0,0.0,0.0,0.0,0.9731487035751343,0.9794036746025085,0.9897994995117188,0.9402456283569336,0.9676302075386047,0.9718503355979919,3.0
449,0.0,0.0,1.0,0.0,0.0,0.0,0.9483595490455627,0.9657930731773376,0.9946973323822021,0.8863623738288879,0.9390791654586792,0.951522171497345,3.0
450,0.0,0.0,1.0,0.0,0.0,0.0,0.971566915512085,0.9752771854400635,0.9903420209884644,0.9473701119422913,0.9643064737319946,0.9724843502044678,0.0
451,0.0,0.0,1.0,0.0,0.0,0.0,0.9850200414657593,0.9806246161460876,0.9845585227012634,0.9672096371650696,0.9815518260002136,0.985140323638916,2.0
452,0.0,0.0,1.0,0.0,0.0,0.0,0.9790410995483398,0.9757605791091919,0.9833594560623169,0.9772458672523499,0.9784271717071533,0.9790239334106445,4.0
453,0.0,0.0,1.0,0.0,0.0,0.0,0.9609694480895996,0.9675813317298889,0.9925357103347778,0.89844810962677,0.9544060826301575,0.965548038482666,1.0
454,0.0,0.0,1.0,0.0,0.0,0.0,0.9735785722732544,0.978652834892273,0.9876006841659546,0.9663796424865723,0.9714590311050415,0.9716464877128601,3.0
455,0.0,0.0,1.0,0.0,0.0,0.0,0.973414957523346,0.9798429608345032,0.9900742173194885,0.9513709545135498,0.9701669812202454,0.9753799438476562,4.0
456,0.0,0.0,1.0,0.0,0.0,0.0,0.9811208844184875,0.983852744102478,0.9831171035766602,0.9565025568008423,0.970969021320343,0.9787211418151855,4.0
457,0.0,0.0,1.0,0.0,0.0,0.0,0.9809321165084839,0.9719008207321167,0.9781158566474915,0.9707915782928467,0.9814625978469849,0.9831148386001587,1.0
458,0.0,0.0,1.0,0.0,0.0,0.0,0.9640089273452759,0.9804657697677612,0.9824045300483704,0.9175485968589783,0.9629313349723816,0.9645391702651978,1.0
459,0.0,0.0,1.0,0.0,0.0,0.0,0.9617104530334473,0.9715050458908081,0.9927492141723633,0.9320498704910278,0.9544885754585266,0.9585232138633728,4.0
460,0.0,0.0,1.0,0.0,0.0,0.0,0.9381531476974487,0.9605579376220703,0.9953687191009521,0.8695302605628967,0.9241750836372375,0.9418394565582275,3.0
461,0.0,0.0,1.0,0.0,0.0,0.0,0.9662803411483765,0.9704152345657349,0.9930889010429382,0.9372239708900452,0.9588695764541626,0.9714260697364807,0.0
462,0.0,0.0,1.0,0.0,0.0,0.0,0.962046205997467,0.968342661857605,0.9924197793006897,0.9210770726203918,0.9550072550773621,0.9673743844032288,1.0
463,0.0,0.0,1.0,0.0,0.0,0.0,0.9661874175071716,0.9806696772575378,0.987689733505249,0.9427017569541931,0.9649245142936707,0.9695284366607666,0.0
464,0.0,0.0,1.0,0.0,0.0,0.0,0.9751082062721252,0.9741789102554321,0.9745528697967529,0.967650294303894,0.9775152802467346,0.9786432385444641,0.0
465,0.0,0.0,1.0,0.0,0.0,0.0,0.9817873239517212,0.9875277876853943,0.9821725487709045,0.9548320174217224,0.9768108129501343,0.9802389144897461,2.0
466,0.0,0.0,1.0,0.0,0.0,0.0,0.9747526049613953,0.9733956456184387,0.9849686026573181,0.9717066884040833,0.9756851196289062,0.9765260815620422,4.0
467,0.0,0.0,1.0,0.0,0.0,0.0,0.9701827168464661,0.9574394822120667,0.9719142913818359,0.9740997552871704,0.9780638217926025,0.9765155911445618,2.0
468,0.0,0.0,1.0,0.0,0.0,0.0,0.9741576313972473,0.975430428981781,0.9719281792640686,0.9837462902069092,0.9790742993354797,0.9722322821617126,2.0
469,0.0,0.0,1.0,0.0,0.0,0.0,0.9788763523101807,0.9792512655258179,0.9820570945739746,0.9707434773445129,0.978317379951477,0.9789779782295227,4.0
470,0.0,0.0,1.0,0.0,0.0,0.0,0.9525226354598999,0.9650734066963196,0.9953355193138123,0.9038789868354797,0.9291730523109436,0.9460676908493042,3.0
471,0.0,0.0,1.0,0.0,0.0,0.0,0.9539017081260681,0.9737741947174072,0.9939595460891724,0.9137111902236938,0.9414780735969543,0.9548261761665344,0.0
472,0.0,0.0,1.0,0.0,0.0,0.0,0.9529744386672974,0.9741849303245544,0.9933642148971558,0.911719024181366,0.9496265649795532,0.9596251249313354,0.0
473,0.0,0.0,1.0,0.0,0.0,0.0,0.9641380906105042,0.9782514572143555,0.9912720322608948,0.9212127923965454,0.9566251635551453,0.9668719172477722,4.0
474,0.0,0.0,1.0,0.0,0.0,0.0,0.9793619513511658,0.9843094348907471,0.9825431108474731,0.9640876054763794,0.9744901657104492,0.977831244468689,4.0
475,0.0,0.0,1.0,0.0,0.0,0.0,0.9770788550376892,0.9886464476585388,0.9795445799827576,0.9485997557640076,0.9643741846084595,0.9689052104949951,3.0
476,0.0,0.0,1.0,0.0,0.0,0.0,0.98060142993927,0.9813962578773499,0.9778107404708862,0.9744459986686707,0.9749695658683777,0.9776564240455627,2.0
477,0.0,0.0,1.0,0.0,0.0,0.0,0.9556123614311218,0.9738795757293701,0.9925698637962341,0.9174871444702148,0.9502745866775513,0.957511305809021,2.0
478,0.0,0.0,1.0,0.0,0.0,0.0,0.9760246872901917,0.9873292446136475,0.9805632829666138,0.9616979956626892,0.9718595743179321,0.9772912859916687,0.0
479,0.0,0.0,1.0,0.0,0.0,0.0,0.9519427418708801,0.9767976999282837,0.9912661910057068,0.9101422429084778,0.9438528418540955,0.9556525349617004,0.0
480,0.0,0.0,1.0,0.0,0.0,0.0,0.9661076068878174,0.9788464307785034,0.9889504313468933,0.947584331035614,0.9673914313316345,0.9689480662345886,0.0
481,0.0,0.0,1.0,0.0,0.0,0.0,0.9591441750526428,0.9720776081085205,0.9908583760261536,0.8881710767745972,0.950329065322876,0.95867919921875,2.0
482,0.0,0.0,1.0,0.0,0.0,0.0,0.9690967202186584,0.9740293025970459,0.9904496073722839,0.9464126229286194,0.9544591903686523,0.9661564826965332,0.0
483,0.0,0.0,1.0,0.0,0.0,0.0,0.9802218079566956,0.9794391989707947,0.9848670363426208,0.9550581574440002,0.975348174571991,0.9797623753547668,1.0
484,0.0,0.0,1.0,0.0,0.0,0.0,0.9385415315628052,0.9581305384635925,0.9949712753295898,0.8599042296409607,0.9183735847473145,0.9386588335037231,3.0
485,0.0,0.0,1.0,0.0,0.0,0.0,0.9680712223052979,0.9859129786491394,0.9864696264266968,0.9300362467765808,0.9585151076316833,0.9684360027313232,0.0
486,0.0,0.0,1.0,0.0,0.0,0.0,0.9740721583366394,0.9869541525840759,0.9828500151634216,0.9425413012504578,0.9637041687965393,0.9729530811309814,0.0
487,0.0,0.0,1.0,0.0,0.0,0.0,0.9583178162574768,0.9825465679168701,0.9884711503982544,0.9236886501312256,0.9564136862754822,0.9603700041770935,4.0
488,0.0,0.0,1.0,0.0,0.0,0.0,0.9388225674629211,0.9598530530929565,0.995537519454956,0.8745503425598145,0.9313507080078125,0.933009922504425,4.0
489,0.0,0.0,1.0,0.0,0.0,0.0,0.964490532875061,0.978742241859436,0.9903659820556641,0.9176692366600037,0.968609631061554,0.970280647277832,2.0
490,0.0,0.0,1.0,0.0,0.0,0.0,0.9751033186912537,0.9819515943527222,0.9880685210227966,0.9245115518569946,0.9663233757019043,0.9722693562507629,2.0
491,0.0,0.0,1.0,0.0,0.0,0.0,0.9774181246757507,0.9756069183349609,0.9894385933876038,0.968808114528656,0.9678936004638672,0.9755212664604187,3.0
492,0.0,0.0,1.0,0.0,0.0,0.0,0.9785103797912598,0.9768331050872803,0.9891497492790222,0.9580910205841064,0.9727749228477478,0.9771168828010559,4.0
493,0.0,0.0,1.0,0.0,0.0,0.0,0.9762552380561829,0.9793379306793213,0.9880813360214233,0.9464985132217407,0.9731664061546326,0.9764150381088257,2.0
494,0.0,0.0,1.0,0.0,0.0,0.0,0.9779369235038757,0.9773979783058167,0.9908069968223572,0.9469794034957886,0.9707203507423401,0.9782838821411133,1.0
495,0.0,0.0,1.0,0.0,0.0,0.0,0.9719595909118652,0.9839471578598022,0.9864562749862671,0.9450116753578186,0.9657415747642517,0.9740309715270996,0.0
496,0.0,0.0,1.0,0.0,0.0,0.0,0.9668132066726685,0.9819232821464539,0.9871416091918945,0.9369655847549438,0.9664962887763977,0.9720702767372131,4.0
497,0.0,0.0,1.0,0.0,0.0,0.0,0.9558990597724915,0.9674789905548096,0.9934136271476746,0.8887385725975037,0.9536356329917908,0.9590004682540894,0.0
498,0.0,0.0,1.0,0.0,0.0,0.0,0.9792829155921936,0.9796748757362366,0.9864065051078796,0.9646105170249939,0.9777952432632446,0.9812291860580444,4.0
499,0.0,0.0,1.0,0.0,0.0,0.0,0.9627578258514404,0.9664302468299866,0.9913950562477112,0.9229218363761902,0.9637349247932434,0.9616405963897705,3.0
500,0.0,0.0,1.0,0.0,0.0,0.0,0.9805277585983276,0.9801526665687561,0.9877784848213196,0.9655694961547852,0.9762859344482422,0.9806117415428162,1.0
501,0.0,0.0,1.0,0.0,0.0,0.0,0.9805988073348999,0.9859730005264282,0.9670600891113281,0.9645821452140808,0.9783772826194763,0.9788035750389099,3.0
502,0.0,0.0,1.0,0.0,0.0,0.0,0.9732812643051147,0.9754093289375305,0.9905040860176086,0.9372109770774841,0.9629494547843933,0.9706923961639404,4.0
503,0.0,0.0,1.0,0.0,0.0,0.0,0.982528805732727,0.9815388321876526,0.9859029054641724,0.9595475196838379,0.9739958047866821,0.9808016419410706,2.0
504,0.0,0.0,1.0,0.0,0.0,0.0,0.9749596118927002,0.976125955581665,0.9814794659614563,0.9728108048439026,0.97865891456604,0.9803996086120605,3.0
505,0.0,0.0,1.0,0.0,0.0,0.0,0.9780601859092712,0.9793844223022461,0.9831264615058899,0.9719789624214172,0.9794327020645142,0.9802661538124084,1.0
506,0.0,0.0,1.0,0.0,0.0,0.0,0.960105836391449,0.9730475544929504,0.9919736385345459,0.9268467426300049,0.945949912071228,0.9605733156204224,1.0
507,0.0,0.0,1.0,0.0,0.0,0.0,0.9621723294258118,0.9793755412101746,0.9912552833557129,0.9346291422843933,0.9577176570892334,0.966289222240448,0.0
508,0.0,0.0,1.0,0.0,0.0,0.0,0.9668371677398682,0.9779807329177856,0.9871727228164673,0.9431778788566589,0.9660942554473877,0.9651682376861572,0.0
509,0.0,0.0,1.0,0.0,0.0,0.0,0.9438708424568176,0.9554509520530701,0.9922376275062561,0.8793394565582275,0.9452626705169678,0.9596487283706665,0.0
510,0.0,0.0,1.0,0.0,0.0,0.0,0.9523629546165466,0.9650505185127258,0.9933632612228394,0.915359377861023,0.9546591639518738,0.9598060846328735,3.0
511,0.0,0.0,1.0,0.0,0.0,0.0,0.9506831765174866,0.9636732339859009,0.9948556423187256,0.8484079241752625,0.9453853964805603,0.9593959450721741,1.0
512,0.0,0.0,1.0,0.0,0.0,0.0,0.9662051796913147,0.9786064028739929,0.9887353777885437,0.9534364938735962,0.9615478515625,0.9648624658584595,4.0
513,0.0,0.0,1.0,0.0,0.0,0.0,0.9662847518920898,0.9746202230453491,0.9787514805793762,0.9528349041938782,0.9673866033554077,0.9667369723320007,2.0
514,0.0,0.0,1.0,0.0,0.0,0.0,0.9518246650695801,0.9759213328361511,0.9924218058586121,0.8828797936439514,0.9484988451004028,0.9597379565238953,1.0
515,0.0,0.0,1.0,0.0,0.0,0.0,0.9680376648902893,0.9642971754074097,0.9902883768081665,0.9367895722389221,0.9668566584587097,0.9730359315872192,4.0
516,0.0,0.0,1.0,0.0,0.0,0.0,0.9801368713378906,0.9777096509933472,0.9890051484107971,0.9574056267738342,0.9712770581245422,0.9783680438995361,2.0
517,0.0,0.0,1.0,0.0,0.0,0.0,0.9665510654449463,0.977756917476654,0.9890457391738892,0.9507293105125427,0.9675940871238708,0.9673550724983215,3.0
518,0.0,0.0,1.0,0.0,0.0,0.0,0.9657617211341858,0.9611446261405945,0.99016273021698,0.9230483770370483,0.959393322467804,0.9733352661132812,1.0
519,0.0,0.0,1.0,0.0,0.0,0.0,0.9760491847991943,0.9756238460540771,0.9705764651298523,0.9780904054641724,0.979720413684845,0.9738174080848694,1.0
520,0.0,0.0,1.0,0.0,0.0,0.0,0.9752370715141296,0.9728225469589233,0.9920098781585693,0.9392254948616028,0.9613064527511597,0.975536584854126,2.0
521,0.0,0.0,1.0,0.0,0.0,0.0,0.9562833905220032,0.9697281122207642,0.9937390089035034,0.8830239176750183,0.9506610035896301,0.9610888957977295,4.0
522,0.0,0.0,1.0,0.0,0.0,0.0,0.978553056716919,0.9826829433441162,0.9824793338775635,0.964747428894043,0.9708483219146729,0.9770569205284119,0.0
523,0.0,0.0,1.0,1.0,0.0,0.0,0.9740309715270996,0.9720057845115662,0.9778231382369995,0.9834383130073547,0.9738346934318542,0.9727686047554016,3.0
524,0.0,0.0,1.0,0.0,0.0,0.0,0.9712543487548828,0.9831469655036926,0.9894191026687622,0.9312454462051392,0.967729926109314,0.9716081023216248,4.0
525,0.0,0.0,1.0,0.0,0.0,0.0,0.9765551686286926,0.9759244918823242,0.9913028478622437,0.9441258311271667,0.965548038482666,0.9755414724349976,3.0
526,0.0,0.0,1.0,0.0,0.0,0.0,0.9698354005813599,0.968890905380249,0.99302738904953,0.9270051717758179,0.9594301581382751,0.9649795889854431,2.0
527,0.0,0.0,1.0,0.0,0.0,0.0,0.9559419751167297,0.9630725979804993,0.9921011328697205,0.9284043908119202,0.9567152261734009,0.9598556756973267,0.0
528,0.0,0.0,1.0,0.0,0.0,0.0,0.9698315262794495,0.9727615118026733,0.9933748841285706,0.9320862889289856,0.965255856513977,0.971628725528717,0.0
529,0.0,0.0,1.0,0.0,0.0,0.0,0.9377268552780151,0.9632795453071594,0.995468258857727,0.8348268866539001,0.9322770833969116,0.9471846222877502,1.0
530,0.0,0.0,1.0,0.0,0.0,0.0,0.9403316974639893,0.9652194380760193,0.9943621158599854,0.8672878742218018,0.9410731792449951,0.9450271129608154,0.0
531,0.0,0.0,1.0,0.0,0.0,0.0,0.9750381112098694,0.9746564626693726,0.9883714318275452,0.9524535536766052,0.9713526368141174,0.9748850464820862,2.0
532,0.0,0.0,1.0,0.0,0.0,0.0,0.9418876767158508,0.9648602604866028,0.9940797090530396,0.9110549092292786,0.9503386616706848,0.9554654359817505,0.0
533,0.0,0.0,1.0,0.0,0.0,0.0,0.945793628692627,0.9625676870346069,0.9950767159461975,0.893720805644989,0.9346607327461243,0.9492880702018738,3.0
534,0.0,0.0,1.0,0.0,0.0,0.0,0.9633395075798035,0.9713903069496155,0.9914970993995667,0.9340826869010925,0.9687105417251587,0.9728816747665405,1.0
535,0.0,0.0,1.0,0.0,0.0,0.0,0.9405786395072937,0.9504378437995911,0.9952067732810974,0.8653771877288818,0.9394814372062683,0.9496687054634094,1.0
536,0.0,0.0,1.0,0.0,0.0,0.0,0.981378436088562,0.9762285351753235,0.9885334372520447,0.9731235504150391,0.9685993790626526,0.9773439764976501,3.0
537,0.0,0.0,1.0,0.0,0.0,0.0,0.9619396328926086,0.9685353636741638,0.991327702999115,0.9507514834403992,0.9632698893547058,0.965487003326416,4.0
538,0.0,0.0,1.0,0.0,0.0,0.0,0.9579914212226868,0.9588695764541626,0.993559718132019,0.9059832692146301,0.9501141309738159,0.9630315899848938,1.0
539,0.0,0.0,1.0,0.0,0.0,0.0,0.9763203859329224,0.9766644239425659,0.9851625561714172,0.9664388298988342,0.9743744730949402,0.9745663404464722,3.0
540,0.0,0.0,1.0,0.0,0.0,0.0,0.975842297077179,0.9672929048538208,0.9908583760261536,0.94927579164505,0.9604653120040894,0.9727013111114502,4.0
541,0.0,0.0,1.0,0.0,0.0,0.0,0.9752076268196106,0.9730457663536072,0.9893265962600708,0.9536505937576294,0.9674149751663208,0.9767608642578125,3.0
542,0.0,0.0,1.0,0.0,0.0,0.0,0.9811518788337708,0.9771425724029541,0.9862627983093262,0.9621105194091797,0.9757201075553894,0.9797092080116272,3.0
543,0.0,0.0,1.0,0.0,0.0,0.0,0.9539642930030823,0.9697142243385315,0.9917829036712646,0.9121981859207153,0.960212230682373,0.9611522555351257,1.0
544,0.0,0.0,1.0,0.0,1.0,0.0,0.9576187133789062,0.977100133895874,0.9870240688323975,0.940431535243988,0.965822160243988,0.9675248861312866,0.0
545,0.0,0.0,1.0,0.0,1.0,0.0,0.9708424806594849,0.9793968200683594,0.9886183738708496,0.9453924298286438,0.9733368158340454,0.9707483053207397,3.0
546,0.0,0.0,1.0,0.0,0.0,0.0,0.9767993092536926,0.9788559079170227,0.9809594750404358,0.9669017791748047,0.9698284864425659,0.9758662581443787,4.0
547,0.0,0.0,1.0,0.0,0.0,0.0,0.9748467803001404,0.9830991625785828,0.9817503690719604,0.9626004099845886,0.9730715155601501,0.9761101603507996,2.0
548,0.0,0.0,1.0,0.0,0.0,0.0,0.9660007953643799,0.9775955677032471,0.9902511835098267,0.9254915118217468,0.9650254249572754,0.9705386161804199,1.0
549,0.0,0.0,1.0,0.0,0.0,0.0,0.9671789407730103,0.9773678779602051,0.9852792024612427,0.9479904174804688,0.9677414894104004,0.9701414108276367,2.0
550,0.0,0.0,1.0,0.0,0.0,0.0,0.9814152717590332,0.9786531925201416,0.9797088503837585,0.9759159088134766,0.9776356816291809,0.976992130279541,4.0
551,0.0,0.0,1.0,0.0,0.0,0.0,0.9599730968475342,0.9728691577911377,0.9904727339744568,0.935674250125885,0.9685249924659729,0.9707829356193542,2.0
552,0.0,0.0,1.0,0.0,0.0,0.0,0.9511359333992004,0.9697321653366089,0.9924100637435913,0.892003059387207,0.9599366784095764,0.9619148373603821,1.0
553,0.0,0.0,1.0,0.0,0.0,0.0,0.9469431638717651,0.9685208797454834,0.9905098080635071,0.9160134196281433,0.9626396894454956,0.957112193107605,2.0
554,0.0,0.0,1.0,0.0,0.0,0.0,0.9811500310897827,0.9840189218521118,0.9817584753036499,0.9708866477012634,0.9792485237121582,0.9816375374794006,0.0
555,0.0,0.0,1.0,0.0,0.0,0.0,0.9407187104225159,0.968169629573822,0.9935553669929504,0.8904638290405273,0.9418171644210815,0.9481165409088135,0.0
556,0.0,0.0,1.0,0.0,0.0,0.0,0.9694271087646484,0.9601214528083801,0.9890748858451843,0.9131762981414795,0.9596801996231079,0.9768130779266357,1.0
557,0.0,0.0,1.0,0.0,0.0,0.0,0.9795956611633301,0.9800216555595398,0.9872315526008606,0.9613524079322815,0.9720997214317322,0.9807217121124268,1.0
558,0.0,0.0,1.0,0.0,0.0,0.0,0.9826810956001282,0.9792243838310242,0.9849964380264282,0.9557530283927917,0.9776763916015625,0.982808530330658,2.0
559,0.0,0.0,1.0,0.0,0.0,0.0,0.9716576337814331,0.9586645364761353,0.9720895886421204,0.9611750245094299,0.977018415927887,0.9761724472045898,4.0
560,0.0,0.0,1.0,0.0,0.0,0.0,0.9695148468017578,0.9558046460151672,0.9827057123184204,0.9312639832496643,0.9613291621208191,0.9770225286483765,2.0
561,0.0,0.0,1.0,0.0,0.0,0.0,0.9696992039680481,0.9665927290916443,0.9889822602272034,0.9039736390113831,0.9529167413711548,0.9748538732528687,1.0
562,0.0,0.0,1.0,0.0,0.0,0.0,0.9784907698631287,0.9678482413291931,0.9781827926635742,0.9761242866516113,0.9817193150520325,0.9819943308830261,4.0
563,0.0,0.0,1.0,0.0,0.0,0.0,0.9712187647819519,0.9702296853065491,0.9898737668991089,0.9377550482749939,0.9683259725570679,0.97625333070755,4.0
564,0.0,0.0,1.0,0.0,0.0,0.0,0.9474182724952698,0.9583935737609863,0.9925228953361511,0.8612024784088135,0.9443360567092896,0.9570996165275574,0.0
565,0.0,0.0,1.0,0.0,0.0,0.0,0.9819841980934143,0.967198371887207,0.9807143807411194,0.9714741110801697,0.9810755252838135,0.9819854497909546,0.0
566,0.0,0.0,1.0,0.0,0.0,0.0,0.9632075428962708,0.9716473817825317,0.9887043833732605,0.9446454048156738,0.9704104065895081,0.9740601778030396,2.0
567,0.0,0.0,1.0,0.0,0.0,0.0,0.97930908203125,0.9805614352226257,0.9858543276786804,0.9671827554702759,0.9706789255142212,0.97765052318573,1.0
568,0.0,0.0,1.0,0.0,0.0,0.0,0.9763807058334351,0.9802424311637878,0.9826671481132507,0.9558883905410767,0.9711822271347046,0.9770583510398865,3.0
569,0.0,0.0,1.0,0.0,0.0,0.0,0.9434416890144348,0.9654690027236938,0.9948242902755737,0.885182797908783,0.9449495077133179,0.9514658451080322,4.0
570,0.0,0.0,1.0,0.0,0.0,0.0,0.9703977108001709,0.9693435430526733,0.9865518808364868,0.9526275992393494,0.9558361172676086,0.9707483053207397,1.0
571,0.0,0.0,1.0,0.0,0.0,0.0,0.9711766242980957,0.9815007448196411,0.9910954236984253,0.9218799471855164,0.9677044749259949,0.9751706123352051,1.0
572,0.0,0.0,1.0,0.0,0.0,0.0,0.9770492911338806,0.9758255481719971,0.9868584871292114,0.9570547938346863,0.9721235632896423,0.9793947339057922,1.0
573,0.0,0.0,1.0,0.0,0.0,0.0,0.9513466954231262,0.9562011361122131,0.9941178560256958,0.8807745575904846,0.9317830801010132,0.9516189694404602,2.0
574,0.0,0.0,1.0,0.0,0.0,0.0,0.9619545340538025,0.964958906173706,0.9934927821159363,0.9150460958480835,0.9607807993888855,0.9675238728523254,4.0
575,0.0,0.0,1.0,0.0,0.0,0.0,0.9351312518119812,0.9568665623664856,0.9944995641708374,0.8544142246246338,0.9390636682510376,0.9431806206703186,0.0
576,0.0,0.0,1.0,0.0,0.0,0.0,0.9671035408973694,0.9796842336654663,0.985798180103302,0.9384421706199646,0.9614625573158264,0.9670052528381348,1.0
577,0.0,0.0,1.0,0.0,0.0,0.0,0.9827848076820374,0.9823238849639893,0.9863324761390686,0.9565505981445312,0.9757044315338135,0.981539785861969,3.0
578,0.0,0.0,1.0,0.0,0.0,0.0,0.9578424692153931,0.9625433087348938,0.99339759349823,0.9032398462295532,0.9424971342086792,0.955801784992218,2.0
579,0.0,0.0,1.0,0.0,0.0,0.0,0.9785701632499695,0.9798278212547302,0.977796733379364,0.9806830883026123,0.9702199697494507,0.9740481376647949,1.0
580,0.0,0.0,1.0,0.0,0.0,0.0,0.9640041589736938,0.9661009311676025,0.9916166663169861,0.9341713190078735,0.9522674679756165,0.9657952785491943,4.0
581,0.0,0.0,1.0,0.0,0.0,0.0,0.9776304364204407,0.9770111441612244,0.9869982004165649,0.95991051197052,0.9729655981063843,0.9812344908714294,0.0
582,0.0,0.0,1.0,0.0,0.0,0.0,0.9706537127494812,0.9768423438072205,0.9908706545829773,0.9340868592262268,0.9685890674591064,0.9753122329711914,0.0
583,0.0,0.0,1.0,0.0,0.0,0.0,0.9789151549339294,0.9790991544723511,0.9877673387527466,0.9572539925575256,0.9729798436164856,0.9800062775611877,1.0
584,0.0,0.0,1.0,0.0,0.0,0.0,0.9651966691017151,0.9785999655723572,0.9902376532554626,0.9273715615272522,0.9607322812080383,0.9692881107330322,1.0
585,0.0,0.0,1.0,0.0,0.0,0.0,0.9780318140983582,0.9791531562805176,0.9828012585639954,0.9642901420593262,0.9784860610961914,0.9791939854621887,1.0
586,0.0,0.0,1.0,0.0,0.0,0.0,0.9831823110580444,0.9778363704681396,0.986664891242981,0.9688429236412048,0.9776594042778015,0.9823692440986633,4.0
587,0.0,0.0,1.0,0.0,0.0,0.0,0.9416086673736572,0.9647635221481323,0.9934948086738586,0.9068750739097595,0.9502136707305908,0.9453153014183044,3.0
588,0.0,0.0,1.0,0.0,0.0,0.0,0.9458353519439697,0.9715500473976135,0.9933846592903137,0.8683204054832458,0.9440752267837524,0.9474384784698486,1.0
589,0.0,0.0,0.0,1.0,1.0,0.0,0.9774569869041443,0.9651704430580139,0.9562862515449524,0.9871646165847778,0.9732497334480286,0.9633442163467407,2.0
590,0.0,0.0,0.0,1.0,0.0,0.0,0.9759563207626343,0.9645646810531616,0.9609211087226868,0.9864046573638916,0.9839445948600769,0.9735502004623413,1.0
591,0.0,0.0,0.0,1.0,1.0,0.0,0.973293662071228,0.968373715877533,0.9614298343658447,0.9854595065116882,0.9837640523910522,0.9699695706367493,1.0
592,0.0,0.0,0.0,1.0,0.0,0.0,0.9696144461631775,0.9693607091903687,0.9595382809638977,0.9902740120887756,0.9735812544822693,0.9546092748641968,2.0
593,0.0,0.0,0.0,1.0,0.0,0.0,0.9759984612464905,0.971365749835968,0.9833313226699829,0.9843431711196899,0.9681884050369263,0.9690784811973572,2.0
594,0.0,0.0,0.0,1.0,0.0,0.0,0.9793940782546997,0.9781534671783447,0.9813698530197144,0.9807265400886536,0.9778308868408203,0.9783938527107239,3.0
595,0.0,0.0,0.0,1.0,0.0,0.0,0.9705628752708435,0.961944580078125,0.9684960246086121,0.9901066422462463,0.9574726223945618,0.9528969526290894,3.0
596,0.0,0.0,0.0,1.0,0.0,0.0,0.9694482088088989,0.977235734462738,0.9548671245574951,0.9840996265411377,0.9709957242012024,0.9665209054946899,0.0
597,0.0,0.0,0.0,1.0,0.0,0.0,0.9741302728652954,0.9651054739952087,0.9642364382743835,0.9912049174308777,0.9699374437332153,0.9596041440963745,2.0
598,0.0,0.0,0.0,1.0,0.0,0.0,0.9783977270126343,0.960695207118988,0.9621352553367615,0.9905571937561035,0.9755131006240845,0.9685999155044556,0.0
599,0.0,0.0,0.0,1.0,0.0,0.0,0.9732310175895691,0.9654384851455688,0.9540268182754517,0.9855544567108154,0.9756516218185425,0.9661104083061218,0.0
600,0.0,0.0,0.0,1.0,0.0,0.0,0.9813306927680969,0.9814106822013855,0.9851670861244202,0.970282793045044,0.9779185652732849,0.9802237749099731,4.0
601,0.0,0.0,0.0,1.0,0.0,0.0,0.964237630367279,0.9514187574386597,0.9490197896957397,0.9804682731628418,0.980556070804596,0.9614650011062622,1.0
602,0.0,0.0,0.0,1.0,0.0,0.0,0.9791051745414734,0.9681476354598999,0.9692122936248779,0.9799244403839111,0.9861152172088623,0.9822079539299011,0.0
603,0.0,0.0,0.0,1.0,0.0,0.0,0.9761679172515869,0.9746724367141724,0.9839189648628235,0.9745302200317383,0.9765982627868652,0.9741798639297485,3.0
604,0.0,0.0,0.0,1.0,0.0,0.0,0.9778932929039001,0.9570299983024597,0.9615077376365662,0.9867355823516846,0.9717881083488464,0.9684416651725769,4.0
605,0.0,0.0,0.0,1.0,0.0,0.0,0.9792594909667969,0.9767627120018005,0.9780449271202087,0.985504686832428,0.9655829668045044,0.9686611890792847,1.0
606,0.0,0.0,0.0,1.0,0.0,0.0,0.9584692120552063,0.9641380906105042,0.9770196676254272,0.9550086855888367,0.9691179990768433,0.9705681800842285,4.0
607,0.0,0.0,0.0,0.0,1.0,0.0,0.9765241146087646,0.9755091667175293,0.9800679087638855,0.9738431572914124,0.9762183427810669,0.9744032025337219,2.0
608,0.0,0.0,0.0,1.0,0.0,0.0,0.9716324210166931,0.9675429463386536,0.9720795154571533,0.9816374182701111,0.9826906323432922,0.9706812500953674,4.0
609,0.0,0.0,0.0,1.0,0.0,0.0,0.9835489988327026,0.9725739359855652,0.958509624004364,0.989192545413971,0.9840484857559204,0.9776986241340637,2.0
610,0.0,0.0,0.0,1.0,0.0,0.0,0.978133499622345,0.9783705472946167,0.9724480509757996,0.9819034337997437,0.9624428749084473,0.9682760238647461,0.0
611,0.0,0.0,0.0,1.0,0.0,0.0,0.9816261529922485,0.9740113019943237,0.9783479571342468,0.9865922331809998,0.9805474281311035,0.9811035394668579,0.0
612,0.0,0.0,0.0,1.0,1.0,0.0,0.9719660878181458,0.9659138321876526,0.9753400087356567,0.9828894734382629,0.978692352771759,0.9699884057044983,3.0
613,0.0,0.0,0.0,1.0,0.0,0.0,0.9717996716499329,0.9574477672576904,0.9677362442016602,0.990384578704834,0.9667947292327881,0.955794632434845,0.0
614,0.0,0.0,0.0,1.0,0.0,0.0,0.9682061672210693,0.9582770466804504,0.9508609771728516,0.982793927192688,0.9855722784996033,0.9728496074676514,2.0
615,0.0,0.0,0.0,1.0,0.0,0.0,0.9751008152961731,0.9702101945877075,0.9694059491157532,0.9878749251365662,0.9759037494659424,0.9659126996994019,2.0
616,0.0,0.0,0.0,1.0,0.0,0.0,0.9767469763755798,0.9663575887680054,0.9709191918373108,0.9894168972969055,0.9734802842140198,0.9666190147399902,4.0
617,0.0,0.0,0.0,1.0,0.0,0.0,0.9729914665222168,0.9594829678535461,0.9713564515113831,0.9913676381111145,0.9673250317573547,0.96209317445755,0.0
618,0.0,0.0,0.0,1.0,0.0,0.0,0.9695424437522888,0.9654181599617004,0.9639853239059448,0.9779296517372131,0.9675717353820801,0.9674427509307861,0.0
619,0.0,0.0,0.0,1.0,0.0,0.0,0.9785864949226379,0.9780892729759216,0.9794023036956787,0.983614444732666,0.9773721098899841,0.9742963910102844,2.0
620,0.0,0.0,0.0,1.0,0.0,0.0,0.9685642123222351,0.9606310725212097,0.9666321873664856,0.9915319085121155,0.9656016230583191,0.9566139578819275,0.0
621,0.0,0.0,0.0,1.0,0.0,0.0,0.9705047011375427,0.9619495272636414,0.9681737422943115,0.9879513382911682,0.9720985889434814,0.9601259827613831,0.0
622,0.0,0.0,0.0,1.0,0.0,0.0,0.9810425043106079,0.9606503248214722,0.966202974319458,0.9887890219688416,0.9794251322746277,0.9759172797203064,3.0
623,0.0,0.0,0.0,1.0,0.0,0.0,0.9752100706100464,0.9631401896476746,0.963813066482544,0.9897659420967102,0.9851661324501038,0.9719475507736206,4.0
624,0.0,0.0,0.0,1.0,0.0,0.0,0.9824877381324768,0.9764150381088257,0.9780580401420593,0.9872229099273682,0.9760389924049377,0.9757300615310669,3.0
625,0.0,0.0,0.0,1.0,0.0,0.0,0.9735663533210754,0.9653558135032654,0.966586172580719,0.9908578991889954,0.9775590300559998,0.9657539129257202,4.0
626,0.0,0.0,0.0,1.0,0.0,0.0,0.9774006009101868,0.9709535837173462,0.9642948508262634,0.9891091585159302,0.9777771234512329,0.9719688296318054,2.0
627,0.0,0.0,0.0,1.0,0.0,0.0,0.967652440071106,0.9710444211959839,0.9593377709388733,0.988105058670044,0.9482148289680481,0.9493761658668518,4.0
628,0.0,0.0,0.0,1.0,0.0,0.0,0.9707540273666382,0.973181426525116,0.9637230634689331,0.9877443909645081,0.9768974781036377,0.9641363620758057,2.0
629,0.0,0.0,0.0,1.0,0.0,0.0,0.9779581427574158,0.9619420766830444,0.9641591906547546,0.9895381927490234,0.9686951041221619,0.972262978553772,0.0
630,0.0,0.0,0.0,1.0,0.0,0.0,0.97959303855896,0.9605913758277893,0.9705744385719299,0.9885594248771667,0.9733649492263794,0.9724379777908325,0.0
631,0.0,0.0,0.0,1.0,0.0,0.0,0.9727903008460999,0.9673229455947876,0.9734009504318237,0.987023115158081,0.9745705127716064,0.9704667925834656,2.0
632,0.0,0.0,0.0,1.0,0.0,0.0,0.9763978719711304,0.9802727103233337,0.9756012558937073,0.9785439372062683,0.9677044749259949,0.9752084016799927,0.0
633,0.0,0.0,0.0,1.0,0.0,0.0,0.9774125218391418,0.9839029312133789,0.9776850342750549,0.9621994495391846,0.9735323786735535,0.9760000109672546,4.0
634,0.0,0.0,0.0,1.0,0.0,0.0,0.9794517755508423,0.9674726724624634,0.9767107367515564,0.9860087037086487,0.9718252420425415,0.9729272723197937,1.0
635,0.0,0.0,0.0,1.0,0.0,0.0,0.9750834703445435,0.9681407809257507,0.954559326171875,0.9927976727485657,0.9643654227256775,0.9536850452423096,4.0
636,0.0,0.0,0.0,1.0,0.0,0.0,0.9688801765441895,0.9610990285873413,0.9680963158607483,0.9827950596809387,0.9737482070922852,0.9697238802909851,0.0
637,0.0,0.0,0.0,1.0,0.0,0.0,0.9714035987854004,0.97262042760849,0.9748134613037109,0.9820066094398499,0.9715229272842407,0.967158317565918,1.0
638,0.0,0.0,0.0,1.0,0.0,0.0,0.9645165801048279,0.9488489031791687,0.9550100564956665,0.9899932742118835,0.9457849264144897,0.9420507550239563,3.0
639,0.0,0.0,0.0,1.0,0.0,0.0,0.978118360042572,0.9738243818283081,0.9767023324966431,0.984555184841156,0.9745011329650879,0.9707329273223877,4.0
640,0.0,0.0,0.0,1.0,0.0,0.0,0.9699118137359619,0.9573758840560913,0.9659607410430908,0.9914762377738953,0.965602695941925,0.9549241065979004,4.0
641,0.0,0.0,0.0,1.0,0.0,0.0,0.980701744556427,0.9717294573783875,0.9687454700469971,0.9898492097854614,0.981505811214447,0.9750364422798157,4.0
642,0.0,0.0,0.0,1.0,0.0,0.0,0.9752657413482666,0.9515315294265747,0.9595593810081482,0.9848142266273499,0.9818856120109558,0.9740356206893921,0.0
643,0.0,0.0,0.0,1.0,1.0,0.0,0.9801305532455444,0.9669012427330017,0.9640676379203796,0.9915068745613098,0.9815256595611572,0.974363386631012,1.0
644,0.0,0.0,0.0,1.0,0.0,0.0,0.9688019156455994,0.9725367426872253,0.9485186338424683,0.9842010140419006,0.966249406337738,0.9554148316383362,3.0
645,0.0,0.0,0.0,1.0,0.0,0.0,0.9657527804374695,0.9590324759483337,0.9721273183822632,0.9679420590400696,0.9757978320121765,0.9761561751365662,2.0
646,0.0,0.0,0.0,1.0,0.0,0.0,0.9624379277229309,0.9655953645706177,0.9448224306106567,0.9800987243652344,0.9773557186126709,0.9575698971748352,4.0
647,0.0,0.0,0.0,1.0,1.0,0.0,0.9723159074783325,0.958633542060852,0.9520882964134216,0.9849503040313721,0.9799913167953491,0.9621488451957703,1.0
648,0.0,0.0,0.0,1.0,0.0,0.0,0.9720325469970703,0.9588428139686584,0.9558447003364563,0.98775315284729,0.978362500667572,0.9570327997207642,4.0
649,0.0,0.0,0.0,1.0,0.0,0.0,0.9725930094718933,0.9721695780754089,0.9663840532302856,0.9832678437232971,0.984830379486084,0.9685297012329102,0.0
650,0.0,0.0,0.0,1.0,0.0,0.0,0.9721125364303589,0.9576929807662964,0.9666277170181274,0.9911512732505798,0.9692976474761963,0.9605450630187988,0.0
651,0.0,0.0,0.0,1.0,0.0,0.0,0.9717435240745544,0.9489147067070007,0.9448754191398621,0.9833725094795227,0.9875152111053467,0.9726764559745789,0.0
652,0.0,0.0,0.0,1.0,0.0,0.0,0.9654474854469299,0.9587410092353821,0.9537763595581055,0.9809169173240662,0.9852188229560852,0.972461462020874,3.0
653,0.0,0.0,0.0,1.0,0.0,0.0,0.9659149050712585,0.9616804718971252,0.9462369084358215,0.9814600944519043,0.9892336130142212,0.9627341628074646,2.0
654,0.0,0.0,0.0,1.0,0.0,0.0,0.9764150381088257,0.9558490514755249,0.9534221887588501,0.9918935894966125,0.967499315738678,0.959688127040863,1.0
655,0.0,0.0,0.0,1.0,0.0,0.0,0.9810731410980225,0.9540892243385315,0.9571260809898376,0.99146968126297,0.9742794036865234,0.9709326028823853,3.0
656,0.0,0.0,0.0,1.0,0.0,0.0,0.9844207763671875,0.968230664730072,0.9602303504943848,0.9855314493179321,0.9696893692016602,0.972895085811615,4.0
657,0.0,0.0,0.0,1.0,0.0,0.0,0.983740508556366,0.9511643052101135,0.9609694480895996,0.9878306984901428,0.9749248027801514,0.9766929745674133,3.0
658,0.0,0.0,0.0,1.0,1.0,0.0,0.9751357436180115,0.9610990285873413,0.9696723222732544,0.9852756261825562,0.9789052605628967,0.9687787890434265,4.0
659,0.0,0.0,0.0,1.0,0.0,0.0,0.9762600064277649,0.9688858389854431,0.9759603142738342,0.9892227649688721,0.9714745283126831,0.967617392539978,4.0
660,0.0,0.0,0.0,1.0,0.0,0.0,0.98115473985672,0.9748924970626831,0.9855103492736816,0.9827176928520203,0.9738346934318542,0.9755592942237854,2.0
661,0.0,0.0,0.0,1.0,1.0,0.0,0.985039234161377,0.9479025602340698,0.9525930881500244,0.9783952236175537,0.9822704195976257,0.974195122718811,3.0
662,0.0,0.0,0.0,1.0,0.0,0.0,0.9682281017303467,0.9692587852478027,0.9643064737319946,0.9889608025550842,0.9509211778640747,0.9525026679039001,3.0
663,0.0,0.0,0.0,1.0,1.0,0.0,0.9822551012039185,0.9585339426994324,0.968593180179596,0.9890695214271545,0.9760622382164001,0.9748035073280334,4.0
664,0.0,0.0,0.0,1.0,0.0,0.0,0.9776297807693481,0.9677383899688721,0.977799654006958,0.9887401461601257,0.9693354964256287,0.9671585559844971,2.0
665,0.0,0.0,0.0,1.0,0.0,0.0,0.9744918346405029,0.9624527096748352,0.9795997142791748,0.9851005673408508,0.9667511582374573,0.9669196605682373,3.0
666,0.0,0.0,0.0,1.0,0.0,0.0,0.9799420833587646,0.9715060591697693,0.9846581220626831,0.9816646575927734,0.9707424640655518,0.9754011631011963,3.0
667,0.0,0.0,0.0,1.0,0.0,0.0,0.9745734930038452,0.958896279335022,0.9659496545791626,0.9900856018066406,0.962374210357666,0.9611256718635559,3.0
668,0.0,0.0,0.0,1.0,0.0,0.0,0.9820680022239685,0.9496167898178101,0.9559105038642883,0.9873995780944824,0.9825040698051453,0.9801080822944641,0.0
669,0.0,0.0,0.0,1.0,0.0,0.0,0.9789528846740723,0.9732310175895691,0.9728171229362488,0.9886670112609863,0.9711443781852722,0.9698914885520935,2.0
670,0.0,0.0,0.0,1.0,0.0,0.0,0.976100742816925,0.9579969048500061,0.9591813683509827,0.9850990772247314,0.987063467502594,0.9778255820274353,0.0
671,0.0,0.0,0.0,1.0,0.0,0.0,0.9782644510269165,0.9533559083938599,0.9596855044364929,0.9886849522590637,0.9780794382095337,0.9703889489173889,3.0
672,0.0,0.0,0.0,1.0,0.0,0.0,0.9809879064559937,0.9582418203353882,0.9650779366493225,0.9898033142089844,0.9780594706535339,0.9753016829490662,0.0
673,0.0,0.0,0.0,1.0,0.0,0.0,0.9712410569190979,0.9631587266921997,0.9603234529495239,0.9922211766242981,0.9597287774085999,0.9519069790840149,3.0
674,0.0,0.0,0.0,1.0,0.0,0.0,0.9729860424995422,0.9577046632766724,0.9542226791381836,0.9887319803237915,0.9579286575317383,0.9584867358207703,1.0
675,0.0,0.0,0.0,1.0,0.0,0.0,0.9756032824516296,0.9696812629699707,0.9636281132698059,0.9890650510787964,0.9765779376029968,0.961882472038269,4.0
676,0.0,0.0,0.0,1.0,0.0,0.0,0.970301628112793,0.9574891924858093,0.9619966745376587,0.9910813570022583,0.9654480218887329,0.9520441889762878,3.0
677,0.0,0.0,0.0,1.0,0.0,0.0,0.9732425212860107,0.9679251909255981,0.9666605591773987,0.9896224737167358,0.9726444482803345,0.9595988988876343,1.0
678,0.0,0.0,0.0,1.0,0.0,0.0,0.9737126231193542,0.9727655649185181,0.9602407217025757,0.9859593510627747,0.9751763939857483,0.9613247513771057,1.0
679,0.0,0.0,0.0,1.0,0.0,0.0,0.9797448515892029,0.9542583227157593,0.958016037940979,0.9884640574455261,0.9858323335647583,0.9767323136329651,1.0
680,0.0,0.0,0.0,1.0,0.0,0.0,0.9834274649620056,0.9610368609428406,0.9628864526748657,0.9885727167129517,0.9719411134719849,0.9730715155601501,1.0
681,0.0,0.0,0.0,1.0,0.0,0.0,0.9780026078224182,0.9640787243843079,0.952162504196167,0.99090576171875,0.9642796516418457,0.9574781656265259,4.0
682,0.0,0.0,0.0,1.0,1.0,0.0,0.9798830151557922,0.9680376648902893,0.9677446484565735,0.9886420369148254,0.978849470615387,0.9716567397117615,2.0
683,0.0,0.0,0.0,1.0,0.0,0.0,0.9803434610366821,0.9508038759231567,0.9566702246665955,0.9860943555831909,0.9859911799430847,0.9759880900382996,4.0
684,0.0,0.0,0.0,1.0,0.0,0.0,0.9778348803520203,0.9483329653739929,0.9530777335166931,0.9870079159736633,0.9865679740905762,0.9765947461128235,4.0
685,0.0,0.0,0.0,1.0,0.0,0.0,0.9758682250976562,0.947754979133606,0.9457692503929138,0.9812615513801575,0.987403154373169,0.9774188995361328,1.0
686,0.0,0.0,0.0,1.0,0.0,0.0,0.9772103428840637,0.9531655311584473,0.9590989947319031,0.988959550857544,0.9786136746406555,0.969739556312561,1.0
687,0.0,0.0,0.0,1.0,0.0,0.0,0.9731482267379761,0.9547281265258789,0.9531746506690979,0.989378035068512,0.9668762683868408,0.9592198729515076,2.0
688,0.0,0.0,0.0,1.0,0.0,0.0,0.9848842620849609,0.9772747755050659,0.9784489870071411,0.9827156066894531,0.9828417897224426,0.9823964834213257,3.0
689,0.0,0.0,0.0,1.0,0.0,0.0,0.9770781993865967,0.970425009727478,0.966765284538269,0.990301787853241,0.9778795838356018,0.9637218713760376,4.0
690,0.0,0.0,0.0,1.0,0.0,0.0,0.96435546875,0.9642481803894043,0.9681193232536316,0.9870287179946899,0.9689560532569885,0.9514211416244507,4.0
691,0.0,0.0,0.0,1.0,0.0,0.0,0.9721235632896423,0.9752312898635864,0.9768667817115784,0.9771708250045776,0.9729486703872681,0.9739168882369995,3.0
692,0.0,0.0,0.0,1.0,0.0,0.0,0.9774477481842041,0.9723159074783325,0.9696124792098999,0.987119197845459,0.9818366169929504,0.97440105676651,2.0
693,0.0,0.0,0.0,1.0,0.0,0.0,0.9696193933486938,0.9757229089736938,0.9802982211112976,0.9662985801696777,0.9764902591705322,0.9722043871879578,1.0
694,0.0,0.0,0.0,1.0,0.0,0.0,0.9833374619483948,0.9769371747970581,0.973917543888092,0.9859346151351929,0.980156421661377,0.9794875979423523,0.0
695,0.0,0.0,0.0,1.0,0.0,0.0,0.9693918228149414,0.9697738885879517,0.9584287405014038,0.983849287033081,0.9746196866035461,0.9614612460136414,1.0
696,0.0,0.0,0.0,1.0,0.0,0.0,0.9733456373214722,0.9623569846153259,0.9661785960197449,0.9833976626396179,0.9797012805938721,0.9681758880615234,4.0
697,0.0,0.0,0.0,1.0,0.0,0.0,0.9757642149925232,0.9596828818321228,0.9648946523666382,0.9885270595550537,0.9753316640853882,0.9664907455444336,3.0
698,0.0,0.0,0.0,1.0,0.0,0.0,0.9597432613372803,0.9488538503646851,0.9517063498497009,0.9909602999687195,0.9399864077568054,0.9334409832954407,4.0
699,0.0,0.0,0.0,1.0,1.0,0.0,0.9766079187393188,0.9689175486564636,0.9672048091888428,0.9895429611206055,0.9841315150260925,0.972285807132721,4.0
700,0.0,0.0,0.0,1.0,0.0,0.0,0.9787716269493103,0.9667227268218994,0.9483030438423157,0.9849586486816406,0.9614373445510864,0.9658300876617432,1.0
701,0.0,0.0,0.0,1.0,0.0,0.0,0.9823076725006104,0.9770893454551697,0.9769341349601746,0.9833155870437622,0.9691566228866577,0.9748251438140869,2.0
702,0.0,0.0,0.0,1.0,1.0,0.0,0.9790672659873962,0.9777037501335144,0.9791784286499023,0.9795185923576355,0.9770088791847229,0.9779276847839355,4.0
703,0.0,0.0,0.0,1.0,0.0,0.0,0.9757276773452759,0.966211199760437,0.9594671726226807,0.990439772605896,0.9614951610565186,0.9629749059677124,4.0
704,0.0,0.0,0.0,1.0,0.0,0.0,0.9799820184707642,0.9701365828514099,0.9616104960441589,0.9876712560653687,0.9700598120689392,0.9668164253234863,1.0
705,0.0,0.0,0.0,1.0,0.0,0.0,0.9681037068367004,0.9773957133293152,0.9837945103645325,0.9560866951942444,0.9727497696876526,0.9750315546989441,1.0
706,0.0,0.0,0.0,1.0,0.0,0.0,0.9764049053192139,0.9713639616966248,0.9769967198371887,0.9870228171348572,0.978373110294342,0.9749128222465515,2.0
707,0.0,0.0,0.0,1.0,0.0,0.0,0.9767373204231262,0.9638391137123108,0.9704444408416748,0.9903109073638916,0.9677467942237854,0.963949978351593,1.0
708,0.0,0.0,0.0,1.0,0.0,0.0,0.9773882031440735,0.9658445119857788,0.9705279469490051,0.9870797991752625,0.9780859351158142,0.973435640335083,3.0
709,0.0,0.0,0.0,1.0,0.0,0.0,0.9800991415977478,0.9862467050552368,0.9815861582756042,0.9769113659858704,0.9700726270675659,0.9749323129653931,4.0
710,0.0,0.0,0.0,1.0,1.0,0.0,0.9754685163497925,0.9769555330276489,0.9796267747879028,0.9840445518493652,0.9736369848251343,0.9704181551933289,2.0
711,0.0,0.0,0.0,1.0,0.0,0.0,0.9738100171089172,0.9755014181137085,0.9512209296226501,0.98164302110672,0.9642294049263,0.9609581232070923,2.0
712,0.0,0.0,0.0,1.0,0.0,0.0,0.9781965613365173,0.9729530811309814,0.9839484095573425,0.9766819477081299,0.9739330410957336,0.975849449634552,2.0
713,0.0,0.0,0.0,1.0,0.0,0.0,0.9756786823272705,0.956588625907898,0.9603053331375122,0.9894689321517944,0.9698716402053833,0.9600017666816711,3.0
714,0.0,0.0,0.0,1.0,0.0,0.0,0.9754402041435242,0.9767541885375977,0.9485881924629211,0.9883474707603455,0.9603621959686279,0.9486278295516968,2.0
715,0.0,0.0,0.0,1.0,0.0,0.0,0.9735637903213501,0.9760436415672302,0.9868376851081848,0.9790236949920654,0.9660953879356384,0.9689420461654663,1.0
716,0.0,0.0,0.0,1.0,0.0,0.0,0.9725260734558105,0.9595751762390137,0.9603001475334167,0.9896010756492615,0.9743923544883728,0.9592264294624329,3.0
717,0.0,0.0,0.0,1.0,0.0,0.0,0.9733930826187134,0.9784389138221741,0.9817569851875305,0.9803292751312256,0.9639723896980286,0.9677372574806213,3.0
718,0.0,0.0,0.0,1.0,0.0,0.0,0.9635603427886963,0.966222882270813,0.9748020172119141,0.9695200324058533,0.9502313137054443,0.9591016173362732,3.0
719,0.0,0.0,0.0,1.0,0.0,0.0,0.9838269948959351,0.9581005573272705,0.9617878794670105,0.9874663949012756,0.9820818305015564,0.977773129940033,1.0
720,0.0,0.0,0.0,1.0,0.0,0.0,0.9788274765014648,0.9710990190505981,0.9614349007606506,0.9924391508102417,0.9735166430473328,0.9628356099128723,2.0
721,0.0,0.0,0.0,1.0,1.0,0.0,0.9693707823753357,0.967094898223877,0.9560816884040833,0.9856666922569275,0.9793485403060913,0.9605225920677185,2.0
722,0.0,0.0,0.0,1.0,0.0,0.0,0.9737173318862915,0.9741362929344177,0.9495908617973328,0.9841062426567078,0.9625261425971985,0.9559090733528137,2.0
723,0.0,0.0,0.0,1.0,0.0,0.0,0.9754589200019836,0.9745683670043945,0.9766443371772766,0.9886054396629333,0.9703694581985474,0.9662173390388489,2.0
724,0.0,0.0,0.0,1.0,0.0,0.0,0.97306889295578,0.971663236618042,0.966005265712738,0.9879752993583679,0.9627177119255066,0.9570174217224121,2.0
725,0.0,0.0,0.0,1.0,0.0,0.0,0.9765210747718811,0.9558761715888977,0.9622684717178345,0.989577054977417,0.9688419103622437,0.9609631896018982,3.0
726,0.0,0.0,0.0,1.0,0.0,0.0,0.980920672416687,0.9636067152023315,0.9635138511657715,0.9883198738098145,0.9784572124481201,0.9712576866149902,4.0
727,0.0,0.0,0.0,1.0,0.0,0.0,0.9805656671524048,0.9634255766868591,0.9709976315498352,0.9853833913803101,0.9792764186859131,0.9757389426231384,0.0
728,0.0,0.0,0.0,1.0,0.0,0.0,0.9665313959121704,0.9717522859573364,0.9325079917907715,0.9880573749542236,0.9382239580154419,0.9400036931037903,4.0
729,0.0,0.0,0.0,1.0,0.0,0.0,0.9618898630142212,0.9612029194831848,0.9908498525619507,0.9203779101371765,0.9520202279090881,0.9630352258682251,1.0
730,0.0,0.0,0.0,1.0,0.0,0.0,0.9754337072372437,0.9774466156959534,0.9782182574272156,0.9816582202911377,0.9716482758522034,0.9700568318367004,2.0
731,0.0,0.0,0.0,1.0,0.0,0.0,0.971230149269104,0.9651829600334167,0.967712938785553,0.9855080246925354,0.9781840443611145,0.9697002172470093,3.0
732,0.0,0.0,0.0,1.0,0.0,0.0,0.9772581458091736,0.9702179431915283,0.9771592020988464,0.9892521500587463,0.9738170504570007,0.9681905508041382,3.0
733,0.0,0.0,0.0,1.0,0.0,0.0,0.9752300381660461,0.9592344760894775,0.9657527804374695,0.9874809384346008,0.9777061343193054,0.9686786532402039,0.0
734,0.0,0.0,0.0,1.0,0.0,0.0,0.9702904224395752,0.9659339785575867,0.9731753468513489,0.9836233854293823,0.973125696182251,0.9681169986724854,3.0
735,0.0,0.0,0.0,1.0,0.0,0.0,0.9780950546264648,0.9633992314338684,0.9680900573730469,0.9884096384048462,0.9764924049377441,0.9729700088500977,3.0
736,0.0,0.0,0.0,1.0,0.0,0.0,0.9773007035255432,0.95728999376297,0.9681528806686401,0.9819924831390381,0.9801846146583557,0.9786983728408813,1.0
737,0.0,0.0,0.0,1.0,0.0,0.0,0.9757605791091919,0.9669381380081177,0.9665533304214478,0.9898925423622131,0.9637230634689331,0.9591149091720581,3.0
738,0.0,0.0,0.0,1.0,0.0,0.0,0.9787442088127136,0.9623029232025146,0.9660231471061707,0.985640287399292,0.9840641021728516,0.9748634099960327,3.0
739,0.0,0.0,0.0,1.0,0.0,0.0,0.9749612808227539,0.9733311533927917,0.9590697288513184,0.9903514981269836,0.9643601179122925,0.9561982750892639,3.0
740,0.0,0.0,0.0,1.0,0.0,0.0,0.9718628525733948,0.9652126431465149,0.9577423930168152,0.9906646013259888,0.9663498997688293,0.9559390544891357,4.0
741,0.0,0.0,0.0,1.0,0.0,0.0,0.9772446155548096,0.9510191679000854,0.9667892456054688,0.9852397441864014,0.967600405216217,0.9711148142814636,0.0
742,0.0,0.0,0.0,1.0,0.0,0.0,0.972510576248169,0.9698096513748169,0.9817418456077576,0.9703960418701172,0.9720315337181091,0.9736748337745667,1.0
743,0.0,0.0,0.0,1.0,0.0,0.0,0.9771865606307983,0.9827306866645813,0.9427282214164734,0.9855594635009766,0.9622179269790649,0.9546268582344055,2.0
744,0.0,0.0,0.0,1.0,1.0,0.0,0.9807852506637573,0.9650940299034119,0.9595540761947632,0.9882673621177673,0.9740343689918518,0.9678988456726074,1.0
745,0.0,0.0,0.0,1.0,0.0,0.0,0.9737681150436401,0.9641996026039124,0.963949978351593,0.9926555156707764,0.9679756760597229,0.9572039246559143,2.0
746,0.0,0.0,0.0,1.0,0.0,0.0,0.97171550989151,0.960064172744751,0.9743108749389648,0.9870014190673828,0.9624698162078857,0.9601771831512451,1.0
747,0.0,0.0,0.0,1.0,0.0,0.0,0.9805452823638916,0.9686859250068665,0.9770286679267883,0.9795989990234375,0.9798292517662048,0.980823278427124,4.0
748,0.0,0.0,0.0,1.0,0.0,0.0,0.9787253737449646,0.9701884984970093,0.9718039631843567,0.9878442287445068,0.9779922366142273,0.9734798073768616,1.0
749,0.0,0.0,0.0,1.0,0.0,0.0,0.9800564646720886,0.9590510725975037,0.970198392868042,0.9815819263458252,0.9755831360816956,0.972727358341217,3.0
750,0.0,0.0,0.0,1.0,0.0,0.0,0.9702062606811523,0.9535485506057739,0.9599366784095764,0.9915214776992798,0.9683222770690918,0.9587222933769226,3.0
751,0.0,0.0,0.0,1.0,0.0,0.0,0.9741345643997192,0.9696224331855774,0.9719946980476379,0.9881551265716553,0.9788874387741089,0.9669982194900513,3.0
752,0.0,0.0,0.0,1.0,1.0,0.0,0.9768402576446533,0.9573426842689514,0.9624845385551453,0.9888646602630615,0.9714825749397278,0.9617249369621277,1.0
753,0.0,0.0,0.0,1.0,0.0,0.0,0.974275529384613,0.964436948299408,0.9592715501785278,0.9881431460380554,0.9763051271438599,0.9622339010238647,4.0
754,0.0,0.0,0.0,1.0,0.0,0.0,0.9779149293899536,0.9793755412101746,0.9848938584327698,0.975737988948822,0.9758318662643433,0.9753702282905579,2.0
755,0.0,0.0,0.0,1.0,0.0,0.0,0.9730269908905029,0.974595308303833,0.9737690091133118,0.9854507446289062,0.9802456498146057,0.971215546131134,0.0
756,0.0,0.0,0.0,1.0,0.0,0.0,0.974881649017334,0.972041666507721,0.9646989107131958,0.9880235195159912,0.9761044979095459,0.9666387438774109,1.0
757,0.0,0.0,0.0,1.0,0.0,0.0,0.9740343689918518,0.9722638726234436,0.9753081798553467,0.9856683015823364,0.9626043438911438,0.9626750349998474,2.0
758,0.0,0.0,0.0,1.0,0.0,0.0,0.976938009262085,0.9711728096008301,0.9844724535942078,0.9750128388404846,0.969866156578064,0.9740343689918518,3.0
759,0.0,0.0,0.0,1.0,0.0,0.0,0.976356029510498,0.9728440046310425,0.9803740978240967,0.9791427850723267,0.9803948998451233,0.9799855947494507,0.0
760,0.0,0.0,0.0,1.0,0.0,0.0,0.9791556000709534,0.9698185920715332,0.9603028297424316,0.9878981709480286,0.9869838953018188,0.9745751619338989,4.0
761,0.0,0.0,0.0,1.0,0.0,0.0,0.9703323841094971,0.9710681438446045,0.9684877395629883,0.9857441782951355,0.9664226174354553,0.9613233804702759,4.0
762,0.0,0.0,0.0,1.0,0.0,0.0,0.980918824672699,0.9634948372840881,0.9655638337135315,0.9902125000953674,0.9761126041412354,0.9711950421333313,3.0
763,0.0,0.0,0.0,1.0,0.0,0.0,0.976631224155426,0.9699265956878662,0.9713356494903564,0.9866855144500732,0.9773155450820923,0.9703744053840637,4.0
764,0.0,0.0,0.0,1.0,0.0,0.0,0.966912031173706,0.9733051061630249,0.9529440999031067,0.987667977809906,0.9573260545730591,0.9492653012275696,0.0
765,0.0,0.0,0.0,1.0,0.0,0.0,0.9689143896102905,0.9655153751373291,0.9575884342193604,0.9918442368507385,0.970696747303009,0.9525977373123169,0.0
766,0.0,0.0,0.0,0.0,1.0,0.0,0.9654825925827026,0.9630774855613708,0.938709557056427,0.9807486534118652,0.9900402426719666,0.9638827443122864,4.0
767,0.0,0.0,0.0,0.0,1.0,0.0,0.9668589234352112,0.9588428139686584,0.9515096545219421,0.9822282195091248,0.9855914115905762,0.962722897529602,0.0
768,0.0,0.0,0.0,0.0,1.0,0.0,0.9750340580940247,0.9578985571861267,0.9553931355476379,0.9855997562408447,0.9871927499771118,0.9698771238327026,4.0
769,0.0,0.0,0.0,0.0,1.0,0.0,0.979243278503418,0.9539539217948914,0.9506387114524841,0.9832651615142822,0.9878653883934021,0.9769619703292847,4.0
770,0.0,0.0,0.0,0.0,1.0,0.0,0.9748945832252502,0.9543114900588989,0.9439641237258911,0.983250081539154,0.9881981015205383,0.9747109413146973,3.0
771,0.0,0.0,0.0,0.0,1.0,0.0,0.9725998044013977,0.9633298516273499,0.9550567269325256,0.9867236018180847,0.9864680767059326,0.966536283493042,1.0
772,0.0,0.0,0.0,0.0,1.0,0.0,0.9452802538871765,0.956058919429779,0.9285277128219604,0.9765987396240234,0.9877451062202454,0.9530519843101501,1.0
773,0.0,0.0,0.0,0.0,1.0,0.0,0.9602898359298706,0.9428672790527344,0.9320498704910278,0.9801519513130188,0.9889161586761475,0.9637497663497925,4.0
774,0.0,0.0,0.0,0.0,1.0,0.0,0.9529440999031067,0.95257169008255,0.9298883080482483,0.9762442111968994,0.9888046383857727,0.9489179253578186,2.0
775,0.0,0.0,0.0,0.0,1.0,0.0,0.9779485464096069,0.9528009295463562,0.9466837048530579,0.9819376468658447,0.9885927438735962,0.9784799218177795,4.0
776,0.0,0.0,0.0,0.0,1.0,0.0,0.9728708267211914,0.9567909240722656,0.9530838131904602,0.9866397976875305,0.9840437769889832,0.9707174301147461,2.0
777,0.0,0.0,0.0,0.0,1.0,0.0,0.9805328845977783,0.9690499305725098,0.9752762913703918,0.9779225587844849,0.9811211228370667,0.9809302091598511,2.0
778,0.0,0.0,0.0,0.0,1.0,0.0,0.9833694100379944,0.9586551189422607,0.9512335658073425,0.9803587198257446,0.9831172227859497,0.975894570350647,2.0
779,0.0,0.0,0.0,0.0,1.0,0.0,0.96209317445755,0.9735532402992249,0.9377228617668152,0.979806125164032,0.9868513941764832,0.9586658477783203,4.0
780,0.0,0.0,0.0,0.0,1.0,0.0,0.964937150478363,0.9631834030151367,0.9456055760383606,0.9823586344718933,0.9867627024650574,0.957727313041687,2.0
781,0.0,0.0,0.0,0.0,1.0,0.0,0.9606784582138062,0.9652944803237915,0.9408659934997559,0.9805659055709839,0.9899162650108337,0.9653081297874451,1.0
782,0.0,0.0,0.0,0.0,1.0,0.0,0.9664896130561829,0.9655502438545227,0.944236159324646,0.9833252429962158,0.9884080290794373,0.9625078439712524,1.0
783,0.0,0.0,0.0,0.0,1.0,0.0,0.9581140875816345,0.9525961875915527,0.9349665641784668,0.9807486534118652,0.9879143834114075,0.9512507915496826,3.0
784,0.0,0.0,0.0,0.0,1.0,0.0,0.9736925959587097,0.960936427116394,0.9487400650978088,0.9840158224105835,0.9897623658180237,0.9769769310951233,4.0
785,0.0,0.0,0.0,0.0,1.0,0.0,0.9680858254432678,0.9610939621925354,0.9504920840263367,0.983470618724823,0.9883995056152344,0.9696608781814575,0.0
786,0.0,0.0,0.0,0.0,1.0,0.0,0.9813404679298401,0.9730854630470276,0.9667086005210876,0.9850634336471558,0.9833094477653503,0.9783844947814941,0.0
787,0.0,0.0,0.0,0.0,1.0,0.0,0.977603018283844,0.968593180179596,0.9550043344497681,0.9844093918800354,0.9863588213920593,0.9719402194023132,0.0
788,0.0,0.0,0.0,0.0,1.0,0.0,0.9676036834716797,0.9509938955307007,0.9477853178977966,0.9826222658157349,0.9897409677505493,0.9698523283004761,0.0
789,0.0,0.0,0.0,0.0,1.0,0.0,0.9794354438781738,0.9765897393226624,0.9621451497077942,0.9809384346008301,0.9865728616714478,0.9783118367195129,4.0
790,0.0,0.0,0.0,0.0,1.0,0.0,0.9711632132530212,0.977713406085968,0.9500691294670105,0.9837640523910522,0.9853799939155579,0.9670959711074829,0.0
791,0.0,0.0,0.0,0.0,1.0,0.0,0.9748604893684387,0.96051424741745,0.9523506164550781,0.9838016629219055,0.9879626631736755,0.9763986468315125,4.0
792,0.0,0.0,0.0,0.0,1.0,0.0,0.9738778471946716,0.9673508405685425,0.9522828459739685,0.9834708571434021,0.9890262484550476,0.9757730960845947,0.0
793,0.0,0.0,0.0,0.0,1.0,0.0,0.966032087802887,0.954559326171875,0.9437233805656433,0.9796883463859558,0.9882211089134216,0.9730411171913147,3.0
794,0.0,0.0,0.0,0.0,1.0,0.0,0.9693435430526733,0.9675983190536499,0.9571650624275208,0.9860995411872864,0.9854564070701599,0.9619396328926086,3.0
795,0.0,0.0,0.0,0.0,1.0,0.0,0.9722656607627869,0.9690235257148743,0.9528984427452087,0.9846956133842468,0.9888203740119934,0.9667440056800842,4.0
796,0.0,0.0,0.0,0.0,1.0,0.0,0.9655300378799438,0.9561641812324524,0.9557415843009949,0.9784808158874512,0.982718288898468,0.9760584831237793,3.0
797,0.0,0.0,0.0,1.0,1.0,0.0,0.9744225740432739,0.9718919992446899,0.9628064632415771,0.9851545691490173,0.9861347079277039,0.9755846858024597,4.0
798,0.0,0.0,0.0,1.0,1.0,0.0,0.9796016216278076,0.9525134563446045,0.9479058980941772,0.9837499260902405,0.9873255491256714,0.9748026728630066,1.0
799,0.0,0.0,0.0,0.0,1.0,0.0,0.9751657843589783,0.9606015682220459,0.957687497138977,0.9849961996078491,0.9870240688323975,0.9748895764350891,2.0
800,0.0,0.0,0.0,0.0,1.0,0.0,0.9740200042724609,0.9791138768196106,0.936994194984436,0.9740704298019409,0.9857127666473389,0.9787499904632568,1.0
801,0.0,0.0,0.0,0.0,1.0,0.0,0.9771815538406372,0.9777414202690125,0.9585339426994324,0.9812887907028198,0.9881678223609924,0.9801867604255676,4.0
802,0.0,0.0,0.0,0.0,1.0,0.0,0.9701846241950989,0.9791545271873474,0.9512209296226501,0.9814013838768005,0.9850469827651978,0.9652478694915771,1.0
803,0.0,0.0,0.0,0.0,1.0,0.0,0.9747649431228638,0.9513654708862305,0.9411746859550476,0.9763086438179016,0.9882858395576477,0.9778467416763306,3.0
804,0.0,0.0,0.0,0.0,1.0,0.0,0.9663047194480896,0.9728359580039978,0.9527308344841003,0.9819155931472778,0.9834123849868774,0.967373788356781,4.0
805,0.0,0.0,0.0,0.0,1.0,0.0,0.9697371125221252,0.9779989719390869,0.9502266049385071,0.981012761592865,0.981448233127594,0.9700686931610107,3.0
806,0.0,0.0,0.0,0.0,1.0,0.0,0.9641767740249634,0.9625310301780701,0.9498305320739746,0.9808463454246521,0.9866146445274353,0.9763196706771851,2.0
807,0.0,0.0,0.0,0.0,1.0,0.0,0.9699286222457886,0.9803772568702698,0.9413995742797852,0.9785478115081787,0.983727216720581,0.9730964303016663,0.0
808,0.0,0.0,0.0,1.0,1.0,0.0,0.9701168537139893,0.9687701463699341,0.9606682658195496,0.989983320236206,0.9779008030891418,0.9580787420272827,1.0
809,0.0,0.0,0.0,1.0,1.0,0.0,0.9748084545135498,0.9689705967903137,0.9602691531181335,0.9879377484321594,0.986315131187439,0.970082700252533,1.0
810,0.0,0.0,0.0,0.0,1.0,0.0,0.9687557220458984,0.957841157913208,0.9386783838272095,0.9788632988929749,0.9888483285903931,0.9774361252784729,1.0
811,0.0,0.0,0.0,0.0,1.0,0.0,0.9709497690200806,0.9662471413612366,0.9458527565002441,0.9838528633117676,0.9876575469970703,0.9719843864440918,3.0
812,0.0,0.0,0.0,0.0,1.0,0.0,0.9657919406890869,0.9736961126327515,0.941932201385498,0.9773348569869995,0.9835203289985657,0.9695369005203247,2.0
813,0.0,0.0,0.0,0.0,1.0,0.0,0.969415009021759,0.9663752913475037,0.945831835269928,0.9823603630065918,0.9893883466720581,0.9732515811920166,2.0
814,0.0,0.0,0.0,0.0,1.0,0.0,0.9555590152740479,0.9586470127105713,0.950740396976471,0.9745146036148071,0.9820080995559692,0.9697129726409912,3.0
815,0.0,0.0,0.0,0.0,1.0,0.0,0.9714515209197998,0.9741277098655701,0.9619495272636414,0.9831433892250061,0.9856788516044617,0.9697589874267578,4.0
816,0.0,0.0,0.0,0.0,1.0,0.0,0.9577218294143677,0.9501976370811462,0.9395391941070557,0.9753824472427368,0.9820183515548706,0.9617906212806702,2.0
817,0.0,0.0,0.0,0.0,1.0,0.0,0.9775121212005615,0.9704988598823547,0.9738225936889648,0.9829034209251404,0.9856154918670654,0.9782482385635376,0.0
818,0.0,0.0,0.0,0.0,1.0,0.0,0.96435546875,0.9708290696144104,0.9434598088264465,0.9816589951515198,0.9864953756332397,0.966460645198822,2.0
819,0.0,0.0,0.0,1.0,1.0,0.0,0.972456157207489,0.9636114835739136,0.974413275718689,0.9822651147842407,0.9788129329681396,0.9714335799217224,0.0
820,0.0,0.0,0.0,0.0,1.0,0.0,0.9800223112106323,0.9710138440132141,0.9631328582763672,0.9838894605636597,0.9862826466560364,0.9768104553222656,2.0
821,0.0,0.0,0.0,0.0,1.0,0.0,0.9669987559318542,0.9683446288108826,0.9481964707374573,0.9817703366279602,0.9871362447738647,0.9739233255386353,0.0
822,0.0,0.0,0.0,0.0,1.0,0.0,0.9749621152877808,0.9652217626571655,0.954653263092041,0.9840003848075867,0.9873809814453125,0.9723196625709534,3.0
823,0.0,0.0,0.0,0.0,1.0,0.0,0.9797455668449402,0.9548466801643372,0.9503099322319031,0.9799197316169739,0.9867877960205078,0.9789867997169495,3.0
824,0.0,0.0,0.0,0.0,1.0,0.0,0.9811614751815796,0.9649382829666138,0.9637041687965393,0.9859083294868469,0.9852051138877869,0.9741341471672058,2.0
825,0.0,0.0,0.0,0.0,1.0,0.0,0.9806752800941467,0.9782207608222961,0.9593192338943481,0.9839532971382141,0.9864235520362854,0.9779390692710876,4.0
826,0.0,0.0,0.0,0.0,1.0,0.0,0.9685941934585571,0.9720921516418457,0.9598374962806702,0.98646080493927,0.980414628982544,0.9626482129096985,3.0
827,0.0,0.0,0.0,0.0,1.0,0.0,0.973116397857666,0.9728507399559021,0.9576435685157776,0.9865522980690002,0.9810256361961365,0.9625884294509888,2.0
828,0.0,0.0,0.0,0.0,1.0,0.0,0.9712954759597778,0.9784761071205139,0.954788088798523,0.9811057448387146,0.9856194257736206,0.9734991192817688,3.0
829,0.0,0.0,0.0,0.0,1.0,0.0,0.9838266968727112,0.9675472974777222,0.9664347171783447,0.9819923639297485,0.9790034890174866,0.9825747609138489,1.0
830,0.0,0.0,0.0,0.0,1.0,0.0,0.9851049780845642,0.9621747732162476,0.9598948955535889,0.9789474010467529,0.9854580163955688,0.9831936359405518,4.0
831,0.0,0.0,0.0,0.0,1.0,0.0,0.9807629585266113,0.9676408171653748,0.970430850982666,0.9783364534378052,0.9829365015029907,0.9832465052604675,1.0
832,0.0,0.0,0.0,0.0,1.0,0.0,0.9793715476989746,0.9686570763587952,0.9777812361717224,0.9806106090545654,0.9779654145240784,0.9815496802330017,2.0
833,0.0,0.0,0.0,0.0,1.0,0.0,0.9719378352165222,0.9716978073120117,0.9728557467460632,0.9766488671302795,0.9779998660087585,0.9736630916595459,4.0
834,0.0,0.0,0.0,0.0,1.0,0.0,0.9685245156288147,0.9609389901161194,0.9466939568519592,0.9762662649154663,0.9868220090866089,0.9730551242828369,0.0
835,0.0,0.0,0.0,0.0,1.0,0.0,0.9666408896446228,0.9631762504577637,0.9633753299713135,0.9776023030281067,0.9804018139839172,0.9702152609825134,4.0
836,0.0,0.0,0.0,0.0,1.0,0.0,0.9752419590950012,0.9810270071029663,0.9674170613288879,0.9822258949279785,0.9720048308372498,0.9754093289375305,0.0
837,0.0,0.0,0.0,0.0,1.0,0.0,0.9721383452415466,0.9739218354225159,0.9545121788978577,0.9851974844932556,0.9838018417358398,0.9599601626396179,4.0
838,0.0,0.0,0.0,0.0,1.0,0.0,0.9869039058685303,0.9538629055023193,0.9530959129333496,0.976631224155426,0.9823565483093262,0.9808942675590515,0.0
839,0.0,0.0,0.0,1.0,1.0,0.0,0.9743307828903198,0.9575581550598145,0.9626312255859375,0.9885877370834351,0.9798315167427063,0.9661940932273865,1.0
840,0.0,0.0,0.0,1.0,1.0,0.0,0.9761883616447449,0.9703918695449829,0.977022647857666,0.982910692691803,0.9798234701156616,0.9746493101119995,0.0
841,0.0,0.0,0.0,0.0,1.0,0.0,0.967405378818512,0.9733790755271912,0.9635971784591675,0.979095458984375,0.983738899230957,0.979437530040741,0.0
842,0.0,0.0,0.0,0.0,1.0,0.0,0.9682666063308716,0.9789560437202454,0.9614424109458923,0.9793954491615295,0.9774705171585083,0.9707550406455994,3.0
843,0.0,0.0,0.0,0.0,1.0,0.0,0.9822711944580078,0.9624575972557068,0.9682009220123291,0.984552264213562,0.9823978543281555,0.9803453087806702,2.0
844,0.0,0.0,0.0,0.0,1.0,0.0,0.979725182056427,0.9644973874092102,0.9764953851699829,0.9793832898139954,0.9736273884773254,0.9743531942367554,2.0
845,0.0,0.0,0.0,0.0,1.0,0.0,0.9727632999420166,0.9690865278244019,0.9836552739143372,0.9615142345428467,0.9691504836082458,0.9761516451835632,0.0
846,0.0,0.0,0.0,0.0,1.0,0.0,0.9783586859703064,0.9701237678527832,0.9769631624221802,0.9832059741020203,0.9775367975234985,0.9774734973907471,2.0
847,0.0,0.0,0.0,0.0,1.0,0.0,0.9680628180503845,0.9649864435195923,0.9505462646484375,0.9813113808631897,0.9886015057563782,0.977310299873352,3.0
848,0.0,0.0,0.0,0.0,1.0,0.0,0.9699611067771912,0.9702630639076233,0.9507974982261658,0.9847913384437561,0.9890338182449341,0.9656449556350708,4.0
849,0.0,0.0,0.0,0.0,1.0,0.0,0.9733403325080872,0.9822919368743896,0.9510286450386047,0.9801874756813049,0.9799737930297852,0.9696254730224609,1.0
850,0.0,0.0,0.0,0.0,1.0,0.0,0.9718549847602844,0.9727534055709839,0.9565773010253906,0.9839784502983093,0.9859944581985474,0.9729580879211426,3.0
851,0.0,0.0,0.0,0.0,1.0,0.0,0.9778870940208435,0.9474013447761536,0.9419025778770447,0.9820874333381653,0.9870098829269409,0.9760286211967468,4.0
852,0.0,0.0,0.0,0.0,1.0,0.0,0.9674251079559326,0.9617279767990112,0.9466528296470642,0.9799131155014038,0.9871405959129333,0.9697877764701843,3.0
853,0.0,0.0,0.0,0.0,1.0,0.0,0.9664962887763977,0.975186288356781,0.9536325931549072,0.9813867211341858,0.9828793406486511,0.9686214923858643,4.0
854,0.0,0.0,0.0,0.0,1.0,0.0,0.9739356637001038,0.9744614958763123,0.9722135066986084,0.976067841053009,0.9821828007698059,0.9783568978309631,4.0
855,0.0,0.0,0.0,0.0,1.0,0.0,0.9726056456565857,0.965255856513977,0.9612458348274231,0.9791613221168518,0.9806373119354248,0.9745422005653381,1.0
856,0.0,0.0,0.0,0.0,1.0,0.0,0.9757794141769409,0.9748547077178955,0.9533680081367493,0.9816644191741943,0.9876716136932373,0.9798175692558289,1.0
857,0.0,0.0,0.0,0.0,1.0,0.0,0.9775676727294922,0.9778081178665161,0.9420063495635986,0.980144739151001,0.9854261875152588,0.976858377456665,0.0
858,0.0,0.0,0.0,0.0,1.0,0.0,0.9715868234634399,0.9729780554771423,0.949943482875824,0.9794940948486328,0.9856582283973694,0.9781596064567566,3.0
859,0.0,0.0,0.0,0.0,1.0,0.0,0.9748322367668152,0.9725821018218994,0.9653375744819641,0.9799128770828247,0.9821451902389526,0.9786880016326904,0.0
860,0.0,0.0,0.0,0.0,1.0,0.0,0.978190541267395,0.9721832871437073,0.9472693204879761,0.9765963554382324,0.9862921237945557,0.9759431481361389,4.0
861,0.0,0.0,0.0,0.0,1.0,0.0,0.9684391021728516,0.9583882093429565,0.9561328887939453,0.9762347936630249,0.9827355146408081,0.9744371771812439,1.0
862,0.0,0.0,0.0,0.0,1.0,0.0,0.9628561735153198,0.9662670493125916,0.955312192440033,0.9775450229644775,0.9847514033317566,0.9755344390869141,0.0
863,0.0,0.0,0.0,0.0,1.0,0.0,0.9685353636741638,0.976493775844574,0.9527460336685181,0.9801350235939026,0.9847068190574646,0.9713233709335327,4.0
864,0.0,0.0,0.0,0.0,1.0,0.0,0.9804064035415649,0.9788767695426941,0.9591548442840576,0.9793461561203003,0.9847829937934875,0.9786294102668762,2.0
865,0.0,0.0,0.0,0.0,1.0,0.0,0.9731327891349792,0.979263961315155,0.9472591876983643,0.9822981357574463,0.9853562712669373,0.9750628471374512,2.0
866,0.0,0.0,0.0,0.0,1.0,0.0,0.9744728207588196,0.9779253005981445,0.9326316714286804,0.9795882701873779,0.9868825078010559,0.976463794708252,3.0
867,0.0,0.0,0.0,0.0,1.0,0.0,0.9668175578117371,0.9638012647628784,0.950056254863739,0.9811180233955383,0.9873493313789368,0.9733697772026062,0.0
868,0.0,0.0,0.0,0.0,1.0,0.0,0.97513347864151,0.9524490237236023,0.9494966268539429,0.9816786646842957,0.9840441346168518,0.978192925453186,3.0
869,0.0,0.0,0.0,0.0,1.0,0.0,0.9843968749046326,0.976301372051239,0.9560532569885254,0.9797402024269104,0.9855653643608093,0.9809066653251648,1.0
870,0.0,0.0,0.0,0.0,1.0,0.0,0.9613996744155884,0.9701492786407471,0.9351806640625,0.977622389793396,0.9842979907989502,0.972745954990387,4.0
871,0.0,0.0,0.0,0.0,1.0,0.0,0.9793055653572083,0.9817033410072327,0.9695984721183777,0.9771403074264526,0.9850847125053406,0.9806137084960938,2.0
872,0.0,0.0,0.0,0.0,1.0,0.0,0.9656089544296265,0.9678999781608582,0.9428234100341797,0.9782305955886841,0.9881937503814697,0.9693822860717773,3.0
873,0.0,0.0,0.0,0.0,1.0,0.0,0.9751003384590149,0.9608472585678101,0.9526605010032654,0.9790230393409729,0.9865756630897522,0.9784350395202637,0.0
874,0.0,0.0,0.0,0.0,1.0,0.0,0.9766976237297058,0.954650342464447,0.9517251253128052,0.9820181131362915,0.986544668674469,0.9791288375854492,1.0
875,0.0,0.0,0.0,0.0,1.0,0.0,0.9677731990814209,0.9665401577949524,0.9535185694694519,0.9808634519577026,0.9855205416679382,0.9710260033607483,3.0
876,0.0,0.0,0.0,0.0,1.0,0.0,0.9739282727241516,0.9681113362312317,0.9476609230041504,0.9771531820297241,0.9880121946334839,0.9771338105201721,4.0
877,0.0,0.0,0.0,0.0,1.0,0.0,0.9695098996162415,0.9632092714309692,0.9455253481864929,0.9753163456916809,0.9874250292778015,0.9732425212860107,4.0
878,0.0,0.0,0.0,0.0,1.0,0.0,0.961955726146698,0.9619519710540771,0.9422726035118103,0.9798261523246765,0.9871039986610413,0.9692406058311462,4.0
879,0.0,0.0,0.0,0.0,1.0,0.0,0.9629567265510559,0.964701235294342,0.9517530798912048,0.9825984239578247,0.9848671555519104,0.9691397547721863,0.0
880,0.0,0.0,0.0,0.0,1.0,0.0,0.9787140488624573,0.9653387069702148,0.9669131636619568,0.9836850166320801,0.9857021570205688,0.9741678237915039,4.0
881,0.0,0.0,0.0,0.0,1.0,0.0,0.9762340188026428,0.9704551100730896,0.9671962261199951,0.9852434396743774,0.9797350168228149,0.9727165102958679,0.0
882,0.0,0.0,0.0,0.0,1.0,0.0,0.9593205451965332,0.9580650925636292,0.9527673721313477,0.9736951589584351,0.9827743172645569,0.9778982996940613,3.0
883,0.0,0.0,0.0,0.0,1.0,0.0,0.973204493522644,0.961169958114624,0.9491704702377319,0.9773191809654236,0.9882671236991882,0.975095808506012,0.0
884,0.0,0.0,0.0,0.0,1.0,0.0,0.9700332283973694,0.9603131413459778,0.9453783631324768,0.9824234247207642,0.9852741956710815,0.9727079272270203,3.0
885,0.0,0.0,0.0,0.0,1.0,0.0,0.9832224249839783,0.9711290597915649,0.9752755165100098,0.9862110018730164,0.9840899109840393,0.9811719655990601,3.0
886,0.0,0.0,0.0,0.0,1.0,0.0,0.968110978603363,0.9627383947372437,0.9424456357955933,0.9817988276481628,0.9840478897094727,0.9605482220649719,1.0
887,0.0,0.0,0.0,0.0,1.0,0.0,0.979127824306488,0.9576799869537354,0.9494088292121887,0.976778507232666,0.986242413520813,0.9802306294441223,2.0
888,0.0,0.0,0.0,0.0,1.0,0.0,0.9726518988609314,0.95207279920578,0.9607757329940796,0.982201874256134,0.9826960563659668,0.971470832824707,1.0
889,0.0,0.0,0.0,0.0,1.0,0.0,0.9668012857437134,0.9560019373893738,0.9705842137336731,0.9730021953582764,0.9767740964889526,0.9745519757270813,0.0
890,0.0,0.0,0.0,0.0,1.0,0.0,0.9625616073608398,0.9560560584068298,0.9347187280654907,0.9758046269416809,0.9868152737617493,0.9718082547187805,3.0
891,0.0,0.0,0.0,0.0,1.0,0.0,0.9775505661964417,0.9496816992759705,0.9567853808403015,0.9828243255615234,0.9843320846557617,0.9767093658447266,0.0
892,0.0,0.0,0.0,0.0,1.0,0.0,0.9796735048294067,0.9668197631835938,0.9803246855735779,0.9839605689048767,0.9737017154693604,0.9742908477783203,1.0
893,0.0,0.0,0.0,0.0,1.0,0.0,0.9740027189254761,0.9506959319114685,0.9466425776481628,0.9849550724029541,0.9866893887519836,0.966978132724762,2.0
894,0.0,0.0,0.0,0.0,1.0,0.0,0.9721795916557312,0.962347149848938,0.9607322812080383,0.9836387634277344,0.9852489829063416,0.9741417169570923,3.0
895,0.0,0.0,0.0,0.0,1.0,0.0,0.9753384590148926,0.9520047307014465,0.9493892788887024,0.9795433878898621,0.987504780292511,0.9826692342758179,4.0
896,0.0,0.0,0.0,0.0,1.0,0.0,0.9736026525497437,0.9587986469268799,0.9496362209320068,0.9802271127700806,0.9870882034301758,0.9736363291740417,4.0
897,0.0,0.0,0.0,0.0,1.0,0.0,0.9737663865089417,0.9611522555351257,0.9628380537033081,0.9858478307723999,0.9836702346801758,0.9736135005950928,2.0
898,0.0,0.0,0.0,0.0,1.0,0.0,0.9802004098892212,0.9439461827278137,0.9380231499671936,0.9786206483840942,0.9875335693359375,0.9835244417190552,3.0
899,0.0,0.0,0.0,0.0,1.0,0.0,0.9725296497344971,0.9607475996017456,0.9671574234962463,0.9836764931678772,0.9813752174377441,0.9711188077926636,3.0
900,0.0,0.0,0.0,0.0,1.0,0.0,0.9766071438789368,0.9637230634689331,0.9629905819892883,0.9846376776695251,0.987055778503418,0.9760249853134155,1.0
901,0.0,0.0,0.0,1.0,1.0,0.0,0.9678070545196533,0.9674491286277771,0.9552194476127625,0.9816848635673523,0.9829435348510742,0.9713122248649597,2.0
902,0.0,0.0,0.0,0.0,1.0,0.0,0.973383367061615,0.9655593633651733,0.9581059813499451,0.9849449992179871,0.9855095744132996,0.9732310175895691,1.0
903,0.0,0.0,0.0,0.0,1.0,0.0,0.9625040888786316,0.9698394536972046,0.9445638060569763,0.9789144992828369,0.9869270920753479,0.9735814929008484,0.0
904,0.0,0.0,0.0,1.0,1.0,0.0,0.9777997732162476,0.9664745926856995,0.9473708868026733,0.9835736751556396,0.9855929017066956,0.9787068367004395,2.0
905,0.0,0.0,0.0,0.0,1.0,0.0,0.975209653377533,0.9523136615753174,0.9492424130439758,0.9840520620346069,0.989165723323822,0.9783852696418762,2.0
906,0.0,0.0,0.0,0.0,1.0,0.0,0.962012767791748,0.9603376388549805,0.9567937850952148,0.9768722057342529,0.9814056754112244,0.9713292121887207,1.0
907,0.0,0.0,0.0,0.0,1.0,0.0,0.9723943471908569,0.9673497080802917,0.9584178924560547,0.9831190705299377,0.9838210344314575,0.973176121711731,0.0
908,0.0,0.0,0.0,0.0,1.0,0.0,0.980741560459137,0.967706561088562,0.9622783064842224,0.9852643609046936,0.9838406443595886,0.9756399393081665,3.0
909,0.0,0.0,0.0,0.0,1.0,0.0,0.9775543808937073,0.9673871994018555,0.9622979164123535,0.9867517948150635,0.9837474226951599,0.9778914451599121,2.0
910,0.0,0.0,0.0,0.0,1.0,0.0,0.9685612320899963,0.9626457691192627,0.9585716128349304,0.9826170802116394,0.9834015369415283,0.9729775786399841,2.0
911,0.0,0.0,0.0,0.0,1.0,0.0,0.9815324544906616,0.9743184447288513,0.9687454700469971,0.9843478202819824,0.9829371571540833,0.9777015447616577,4.0
912,0.0,0.0,0.0,0.0,1.0,0.0,0.9842056035995483,0.9756827354431152,0.978894829750061,0.9772736430168152,0.9816772937774658,0.982932448387146,3.0
913,0.0,0.0,0.0,0.0,1.0,0.0,0.9830286502838135,0.9801816344261169,0.982466995716095,0.9781998991966248,0.9795763492584229,0.9793258905410767,0.0
914,0.0,0.0,0.0,0.0,1.0,0.0,0.9829546809196472,0.9693707823753357,0.9586954116821289,0.9835525751113892,0.9837071299552917,0.9792815446853638,2.0
915,0.0,0.0,0.0,0.0,1.0,0.0,0.978438138961792,0.951038122177124,0.9565632343292236,0.9765955209732056,0.9861213564872742,0.9796120524406433,1.0
916,0.0,0.0,0.0,0.0,1.0,0.0,0.9720859527587891,0.956653356552124,0.9398083686828613,0.9820898771286011,0.9892450571060181,0.9737541675567627,1.0
917,0.0,0.0,0.0,0.0,1.0,0.0,0.9669228792190552,0.9456300139427185,0.9353899359703064,0.9755843877792358,0.9868925213813782,0.9758363962173462,2.0
918,0.0,0.0,0.0,0.0,1.0,0.0,0.9701002240180969,0.9726597666740417,0.9614600539207458,0.9857985973358154,0.985741138458252,0.968258798122406,3.0
919,0.0,0.0,0.0,0.0,1.0,0.0,0.9812780022621155,0.9636079668998718,0.9518619775772095,0.980171799659729,0.9877529144287109,0.9811115860939026,3.0
920,0.0,0.0,0.0,0.0,1.0,0.0,0.9630870819091797,0.9477012753486633,0.9351148009300232,0.9808863997459412,0.9883694648742676,0.9616692066192627,4.0
921,0.0,0.0,0.0,0.0,1.0,0.0,0.9501848220825195,0.9518837928771973,0.9279540181159973,0.9737671613693237,0.9874657988548279,0.9601207971572876,2.0
922,0.0,0.0,0.0,0.0,1.0,0.0,0.9632266759872437,0.9566842317581177,0.9467965364456177,0.976475179195404,0.9829301238059998,0.9707730412483215,2.0
923,0.0,0.0,0.0,1.0,1.0,0.0,0.9730269908905029,0.9606221318244934,0.961575448513031,0.9811446070671082,0.9855316877365112,0.973120391368866,1.0
924,0.0,0.0,0.0,0.0,1.0,0.0,0.961439847946167,0.9654644727706909,0.9380902051925659,0.9759244918823242,0.9868302941322327,0.9749543070793152,3.0
925,0.0,0.0,0.0,0.0,1.0,0.0,0.9728095531463623,0.951302707195282,0.9445886015892029,0.9800806045532227,0.9873412251472473,0.9816474318504333,1.0
926,0.0,0.0,0.0,0.0,1.0,0.0,0.9703207015991211,0.9733288884162903,0.9530078768730164,0.9828454852104187,0.9875164031982422,0.972520649433136,0.0
927,0.0,0.0,0.0,0.0,1.0,0.0,0.964232325553894,0.9552339911460876,0.9455113410949707,0.9782796502113342,0.9882526993751526,0.9771184921264648,0.0
928,0.0,0.0,0.0,0.0,1.0,0.0,0.9713969230651855,0.9734333753585815,0.946922779083252,0.9764454960823059,0.985886812210083,0.9781395792961121,3.0
929,0.0,0.0,0.0,0.0,1.0,0.0,0.9742798805236816,0.9573925137519836,0.9537703990936279,0.9790859818458557,0.9861834049224854,0.9817867875099182,0.0
930,0.0,0.0,0.0,0.0,1.0,0.0,0.9782906770706177,0.9540416598320007,0.9560731649398804,0.9840083122253418,0.9841734170913696,0.9747756123542786,0.0
931,0.0,0.0,0.0,0.0,1.0,0.0,0.9806967377662659,0.9523413181304932,0.9556698203086853,0.985691249370575,0.9857634902000427,0.980282187461853,1.0
932,0.0,0.0,0.0,0.0,1.0,0.0,0.9820157289505005,0.9675344824790955,0.9614172577857971,0.9828934073448181,0.9870520830154419,0.9819596409797668,0.0
933,0.0,0.0,0.0,0.0,1.0,0.0,0.966424822807312,0.9667696356773376,0.9404343962669373,0.9805898666381836,0.9883245229721069,0.9697022438049316,3.0
934,0.0,0.0,0.0,0.0,1.0,0.0,0.9787174463272095,0.9557731747627258,0.9513247013092041,0.9849011301994324,0.9884275794029236,0.9809609651565552,3.0
935,0.0,0.0,0.0,0.0,1.0,0.0,0.9659472703933716,0.9634280204772949,0.9556841850280762,0.9829884171485901,0.9866581559181213,0.9758560657501221,2.0
936,0.0,0.0,0.0,0.0,1.0,0.0,0.9585258364677429,0.959112286567688,0.9399807453155518,0.9779500365257263,0.9868690371513367,0.9796273708343506,2.0
937,0.0,0.0,0.0,0.0,1.0,0.0,0.9748973846435547,0.9572678208351135,0.9579724073410034,0.9869980812072754,0.9866228699684143,0.9747441411018372,0.0
938,0.0,0.0,0.0,0.0,1.0,0.0,0.9711542725563049,0.9733306169509888,0.9704171419143677,0.981840193271637,0.984907865524292,0.9768995642662048,2.0
939,0.0,0.0,0.0,0.0,1.0,0.0,0.9616617560386658,0.958698034286499,0.9485848546028137,0.9822315573692322,0.9830504059791565,0.9644453525543213,2.0
940,0.0,0.0,0.0,0.0,1.0,0.0,0.9766682982444763,0.9490951895713806,0.964867115020752,0.9859523773193359,0.9774218797683716,0.9728206396102905,0.0
941,0.0,0.0,0.0,0.0,1.0,0.0,0.9793978333473206,0.974380373954773,0.9562862515449524,0.9812179803848267,0.9871707558631897,0.9813724756240845,1.0
942,0.0,0.0,0.0,0.0,1.0,0.0,0.9784092307090759,0.9644277691841125,0.9580814838409424,0.9868359565734863,0.988438069820404,0.9782583117485046,1.0
943,0.0,0.0,0.0,0.0,1.0,0.0,0.9702483415603638,0.947539746761322,0.9504920840263367,0.9792795181274414,0.9814940690994263,0.9706934094429016,2.0
944,0.0,0.0,0.0,0.0,1.0,0.0,0.9665631055831909,0.969906747341156,0.9632627367973328,0.9745251536369324,0.9833295345306396,0.9799478054046631,0.0
945,0.0,0.0,0.0,0.0,1.0,0.0,0.9757413268089294,0.965649425983429,0.9573731422424316,0.9858550429344177,0.9867871999740601,0.9716455936431885,3.0
946,0.0,0.0,0.0,0.0,1.0,0.0,0.9742938876152039,0.9577149748802185,0.9497497081756592,0.9845904111862183,0.9881238341331482,0.9756375551223755,2.0
947,0.0,0.0,0.0,0.0,1.0,0.0,0.973438024520874,0.9553931355476379,0.9592450857162476,0.9834035038948059,0.9843971133232117,0.9782623052597046,3.0
948,0.0,0.0,0.0,0.0,1.0,0.0,0.9737251400947571,0.9577725529670715,0.9669586420059204,0.9811422228813171,0.9823808670043945,0.9741623997688293,0.0
949,0.0,0.0,0.0,0.0,1.0,0.0,0.973292350769043,0.9628961682319641,0.9549781084060669,0.9814112782478333,0.9850344061851501,0.9732969403266907,0.0
950,0.0,0.0,0.0,0.0,1.0,0.0,0.969903826713562,0.9677573442459106,0.9511957764625549,0.981115460395813,0.9884787201881409,0.981799304485321,2.0
951,0.0,0.0,0.0,0.0,1.0,0.0,0.9708669781684875,0.9588909149169922,0.9599131345748901,0.9788566827774048,0.9839848875999451,0.9758167862892151,2.0
952,0.0,0.0,0.0,0.0,1.0,0.0,0.9812387228012085,0.9709775447845459,0.9521284699440002,0.9792990684509277,0.981609046459198,0.9778147339820862,1.0
953,0.0,0.0,0.0,0.0,1.0,0.0,0.9714204668998718,0.9633896946907043,0.9448612928390503,0.9824476838111877,0.9890216588973999,0.9771702885627747,3.0
954,0.0,0.0,0.0,0.0,1.0,0.0,0.9757594466209412,0.9506895542144775,0.945956826210022,0.9821125268936157,0.9877526760101318,0.9785693883895874,4.0
955,0.0,0.0,0.0,0.0,1.0,0.0,0.9878419637680054,0.9434852004051208,0.9406619668006897,0.9732301235198975,0.9831969738006592,0.9811804294586182,4.0
956,0.0,0.0,0.0,0.0,1.0,0.0,0.9678092002868652,0.9607910513877869,0.9508324265480042,0.977696418762207,0.9874416589736938,0.978396475315094,4.0
957,0.0,0.0,0.0,0.0,1.0,0.0,0.9770570993423462,0.9583150744438171,0.943394660949707,0.9791476726531982,0.986602783203125,0.9793148040771484,4.0
958,0.0,0.0,0.0,0.0,1.0,0.0,0.9720573425292969,0.9679430723190308,0.9618152379989624,0.9829924702644348,0.9858036041259766,0.9739935398101807,3.0
959,0.0,0.0,0.0,0.0,1.0,0.0,0.9785946011543274,0.9561386704444885,0.9623913168907166,0.9773123264312744,0.9845575094223022,0.9819250106811523,4.0
960,0.0,0.0,0.0,0.0,1.0,0.0,0.9824716448783875,0.9659985899925232,0.9684587717056274,0.98325115442276,0.9848714470863342,0.9799556136131287,4.0
961,0.0,0.0,0.0,0.0,1.0,0.0,0.9677854180335999,0.9589470624923706,0.9424309730529785,0.9753799438476562,0.9868084788322449,0.9769773483276367,1.0
962,0.0,0.0,0.0,0.0,1.0,0.0,0.9713677167892456,0.9486179947853088,0.9419062733650208,0.9817090034484863,0.9882649183273315,0.9772257208824158,0.0
963,0.0,0.0,0.0,0.0,1.0,0.0,0.9791445136070251,0.9512555599212646,0.9532532691955566,0.9814600944519043,0.9875259399414062,0.9801906943321228,1.0
964,0.0,0.0,0.0,0.0,1.0,0.0,0.9827952980995178,0.9696743488311768,0.9754775166511536,0.9817245006561279,0.9833694100379944,0.9833849668502808,0.0
965,0.0,0.0,0.0,0.0,1.0,0.0,0.9728153347969055,0.969222366809845,0.9640288352966309,0.9792360663414001,0.9817802309989929,0.9745271801948547,0.0
966,0.0,0.0,0.0,0.0,1.0,0.0,0.9606413245201111,0.9552542567253113,0.9440932273864746,0.9805472493171692,0.9883741140365601,0.972249448299408,2.0
967,0.0,0.0,0.0,0.0,1.0,0.0,0.9711719155311584,0.9631545543670654,0.9684028029441833,0.9724942445755005,0.9825159311294556,0.9773300886154175,3.0
968,0.0,0.0,0.0,0.0,1.0,0.0,0.9765058159828186,0.9548013806343079,0.9542137980461121,0.9766783118247986,0.9835240244865417,0.9818388223648071,2.0
969,0.0,0.0,0.0,0.0,1.0,0.0,0.9772292375564575,0.9648923277854919,0.9611091613769531,0.9826909899711609,0.9855467081069946,0.9772481322288513,4.0
970,0.0,0.0,0.0,0.0,1.0,0.0,0.9783281087875366,0.9745195508003235,0.963212251663208,0.9837135076522827,0.9852964282035828,0.9751033186912537,3.0
971,0.0,0.0,0.0,0.0,1.0,0.0,0.9779364466667175,0.9747669100761414,0.9613870978355408,0.9750801920890808,0.9839037656784058,0.9762371778488159,4.0
972,0.0,0.0,0.0,0.0,1.0,0.0,0.9817416071891785,0.951661229133606,0.9457414150238037,0.9738019108772278,0.9829801321029663,0.9800252914428711,4.0
973,0.0,0.0,0.0,0.0,1.0,0.0,0.9787153005599976,0.9359817504882812,0.9450869560241699,0.9797327518463135,0.9868046045303345,0.9823797941207886,1.0
974,0.0,0.0,0.0,0.0,1.0,0.0,0.9754499197006226,0.9679620862007141,0.9521130323410034,0.9831053614616394,0.9872762560844421,0.9788604378700256,0.0
975,0.0,0.0,0.0,0.0,1.0,0.0,0.9756597280502319,0.9508355855941772,0.9493011832237244,0.9814693927764893,0.9882498979568481,0.9800783395767212,4.0
976,0.0,0.0,0.0,0.0,1.0,0.0,0.9837400317192078,0.9384045004844666,0.9532079100608826,0.9850517511367798,0.9799581170082092,0.9776816368103027,0.0
977,0.0,0.0,0.0,0.0,1.0,0.0,0.978390634059906,0.9509654641151428,0.954050600528717,0.9884850978851318,0.9850499033927917,0.9745609164237976,3.0
978,0.0,0.0,0.0,0.0,1.0,0.0,0.9771324992179871,0.9472118020057678,0.9583584070205688,0.9879994988441467,0.9760100245475769,0.9674416184425354,1.0
979,0.0,0.0,0.0,0.0,1.0,0.0,0.9798004031181335,0.9669608473777771,0.9606298804283142,0.9871609210968018,0.9773612022399902,0.9755244851112366,0.0
980,0.0,0.0,0.0,0.0,1.0,0.0,0.9678134322166443,0.9560190439224243,0.9503034353256226,0.9790859818458557,0.985923171043396,0.9752198457717896,4.0
981,0.0,0.0,0.0,0.0,1.0,0.0,0.9631569981575012,0.9571289420127869,0.9423978328704834,0.9770424365997314,0.9844509363174438,0.9700047373771667,2.0
982,0.0,0.0,0.0,0.0,1.0,0.0,0.964363694190979,0.9533016085624695,0.9431697130203247,0.9806194305419922,0.9850623607635498,0.9634201526641846,2.0
983,0.0,0.0,0.0,0.0,1.0,0.0,0.973074197769165,0.9689705967903137,0.9728655219078064,0.9859236478805542,0.9758630990982056,0.9681800007820129,3.0
984,0.0,0.0,0.0,0.0,1.0,0.0,0.9822876453399658,0.9825292825698853,0.9660187363624573,0.9832999110221863,0.9835097193717957,0.9813961386680603,2.0
985,0.0,0.0,0.0,0.0,1.0,0.0,0.9832014441490173,0.9753229022026062,0.9689624309539795,0.9859529733657837,0.9823843836784363,0.9782816767692566,2.0
986,0.0,0.0,0.0,0.0,1.0,0.0,0.9673292636871338,0.9698493480682373,0.9554538726806641,0.9832596778869629,0.9829675555229187,0.9674475193023682,1.0
987,0.0,0.0,0.0,0.0,1.0,0.0,0.9680334329605103,0.9633322954177856,0.9625261425971985,0.9749040603637695,0.9820568561553955,0.9768500328063965,2.0
988,0.0,0.0,0.0,0.0,1.0,0.0,0.9746233820915222,0.959897518157959,0.9583611488342285,0.9763486385345459,0.9852945804595947,0.9798879623413086,0.0
989,0.0,0.0,0.0,1.0,1.0,0.0,0.9728346467018127,0.961530327796936,0.9655728340148926,0.9850738048553467,0.9841311573982239,0.970914363861084,3.0
990,0.0,0.0,0.0,0.0,1.0,0.0,0.9676980972290039,0.9738010168075562,0.9377347230911255,0.9798181056976318,0.988075852394104,0.9682905673980713,0.0
991,0.0,0.0,0.0,0.0,1.0,0.0,0.9670225381851196,0.9671359062194824,0.942794144153595,0.9802007675170898,0.9884703159332275,0.9624428749084473,4.0
992,0.0,0.0,0.0,0.0,1.0,0.0,0.981437087059021,0.9546210169792175,0.9591415524482727,0.9794913530349731,0.9833857417106628,0.9792806506156921,4.0
993,0.0,0.0,0.0,0.0,1.0,0.0,0.9659138321876526,0.9563032388687134,0.94675213098526,0.9817484021186829,0.9817301034927368,0.9621907472610474,2.0
994,0.0,0.0,0.0,0.0,1.0,0.0,0.9666451811790466,0.9637633562088013,0.9463093280792236,0.9821470379829407,0.9839232563972473,0.9709459543228149,2.0
995,0.0,0.0,0.0,0.0,1.0,0.0,0.9739992022514343,0.9676238894462585,0.9763768315315247,0.9797479510307312,0.9806533455848694,0.9744754433631897,4.0
996,0.0,0.0,0.0,0.0,1.0,0.0,0.9837040305137634,0.9761402010917664,0.9780018925666809,0.9800989627838135,0.9839794635772705,0.9839575290679932,4.0
997,0.0,0.0,0.0,0.0,1.0,0.0,0.9822967648506165,0.9736369848251343,0.9689052104949951,0.9870080351829529,0.9806677103042603,0.974660336971283,2.0
998,0.0,0.0,0.0,0.0,1.0,0.0,0.977594792842865,0.9591587781906128,0.9430824518203735,0.983579695224762,0.9890499114990234,0.9741225838661194,1.0
999,0.0,0.0,0.0,0.0,0.0,1.0,0.9827359914779663,0.9833636283874512,0.9826028347015381,0.9663047194480896,0.9749388694763184,0.9813176989555359,2.0
1000,0.0,0.0,0.0,0.0,0.0,1.0,0.9803640842437744,0.9584692120552063,0.9674042463302612,0.9769371747970581,0.9795936346054077,0.9838955402374268,1.0
1001,0.0,0.0,0.0,0.0,0.0,1.0,0.9742743372917175,0.9614877104759216,0.9706769585609436,0.9700381755828857,0.9852597713470459,0.9846810102462769,0.0
1002,0.0,0.0,0.0,0.0,0.0,1.0,0.9705017805099487,0.9672757387161255,0.9825797080993652,0.9498063325881958,0.9757990837097168,0.9812719225883484,2.0
1003,0.0,0.0,0.0,0.0,0.0,1.0,0.9747493267059326,0.9674341678619385,0.9715688228607178,0.9771406650543213,0.9808003902435303,0.9826090335845947,2.0
1004,0.0,0.0,0.0,0.0,0.0,1.0,0.9780972599983215,0.9780994057655334,0.9792264699935913,0.9762932062149048,0.9834551811218262,0.9804577231407166,1.0
1005,0.0,0.0,0.0,0.0,0.0,1.0,0.9713025689125061,0.9642224311828613,0.9600069522857666,0.9823793768882751,0.9856709837913513,0.9781392216682434,1.0
1006,0.0,0.0,0.0,0.0,0.0,1.0,0.9726877808570862,0.9659160375595093,0.9646919369697571,0.9781292080879211,0.9833782911300659,0.9792100787162781,2.0
1007,0.0,0.0,0.0,0.0,0.0,1.0,0.9835906624794006,0.9777782559394836,0.9865875840187073,0.9632555246353149,0.9778665900230408,0.9840201139450073,2.0
1008,0.0,0.0,0.0,0.0,0.0,1.0,0.9815146327018738,0.9747992753982544,0.9734019041061401,0.9797738194465637,0.9859722852706909,0.9822316765785217,4.0
1009,0.0,0.0,0.0,0.0,0.0,1.0,0.9808835387229919,0.9706131815910339,0.9709766507148743,0.9729405641555786,0.9854925274848938,0.9858540892601013,2.0
1010,0.0,0.0,0.0,0.0,0.0,1.0,0.9783687591552734,0.978812038898468,0.9758829474449158,0.9749028086662292,0.9819359183311462,0.9820783734321594,0.0
1011,0.0,0.0,0.0,0.0,0.0,1.0,0.9789178967475891,0.9799859523773193,0.9684432744979858,0.9748093485832214,0.9819689393043518,0.978652834892273,4.0
1012,0.0,0.0,0.0,0.0,0.0,1.0,0.978190541267395,0.9661254286766052,0.9677954316139221,0.9772170186042786,0.9849201440811157,0.981289267539978,4.0
1013,0.0,0.0,0.0,0.0,0.0,1.0,0.9822853803634644,0.9526176452636719,0.9561641812324524,0.97386234998703,0.9822626113891602,0.9828751087188721,2.0
1014,0.0,0.0,0.0,0.0,0.0,1.0,0.9786402583122253,0.9606580138206482,0.9625749588012695,0.979699432849884,0.9855095744132996,0.9835556149482727,1.0
1015,0.0,0.0,0.0,0.0,0.0,1.0,0.972366988658905,0.9637159705162048,0.9617829322814941,0.98023921251297,0.9863585829734802,0.9804474115371704,4.0
1016,0.0,0.0,0.0,0.0,0.0,1.0,0.9797680974006653,0.9718837141990662,0.9821264147758484,0.9679135680198669,0.9827290773391724,0.985096275806427,4.0
1017,0.0,0.0,0.0,0.0,0.0,1.0,0.9761709570884705,0.9678018093109131,0.9768323302268982,0.9704886674880981,0.9796376824378967,0.9845186471939087,0.0
1018,0.0,0.0,0.0,0.0,0.0,1.0,0.9773837327957153,0.9660163521766663,0.9705666899681091,0.978322446346283,0.9832346439361572,0.9823428988456726,1.0
1019,0.0,0.0,0.0,0.0,0.0,1.0,0.976477861404419,0.9668154120445251,0.966797947883606,0.9799984097480774,0.9867950081825256,0.9795545339584351,3.0
1020,0.0,0.0,0.0,0.0,0.0,1.0,0.9770379066467285,0.970790684223175,0.9884867668151855,0.952009379863739,0.9720950722694397,0.9770249128341675,4.0
1021,0.0,0.0,0.0,0.0,0.0,1.0,0.9825122356414795,0.9729611277580261,0.9718503355979919,0.9792546629905701,0.9832842946052551,0.9838904738426208,4.0
1022,0.0,0.0,0.0,0.0,0.0,1.0,0.9664742350578308,0.9401946067810059,0.9347931146621704,0.9750834703445435,0.9873496890068054,0.9793478846549988,2.0
1023,0.0,0.0,0.0,0.0,0.0,1.0,0.9812105894088745,0.9770317673683167,0.987308919429779,0.9663112759590149,0.9789878129959106,0.9833678007125854,0.0
1024,0.0,0.0,0.0,0.0,0.0,1.0,0.9760130643844604,0.9529988169670105,0.9484888315200806,0.9835171103477478,0.988970160484314,0.979300320148468,3.0
1025,0.0,0.0,0.0,0.0,0.0,1.0,0.9763644337654114,0.9505558609962463,0.952245831489563,0.9829822182655334,0.9866629242897034,0.9811277389526367,0.0
1026,0.0,0.0,0.0,0.0,0.0,1.0,0.9739537239074707,0.9613089561462402,0.9602821469306946,0.9827927947044373,0.9843847751617432,0.9782389998435974,3.0
1027,0.0,0.0,0.0,0.0,0.0,1.0,0.9824410080909729,0.9752968549728394,0.9654418230056763,0.9827359914779663,0.9868348240852356,0.981510579586029,0.0
1028,0.0,0.0,0.0,0.0,0.0,1.0,0.9748634099960327,0.9666910767555237,0.9708626866340637,0.9733763337135315,0.9791535139083862,0.9791430234909058,4.0
1029,0.0,0.0,0.0,0.0,0.0,1.0,0.980406641960144,0.9774869084358215,0.9803978800773621,0.9717250466346741,0.980670690536499,0.983123779296875,0.0
1030,0.0,0.0,0.0,0.0,0.0,1.0,0.9695974588394165,0.963635265827179,0.9719008207321167,0.9715266227722168,0.9817357659339905,0.9782925248146057,3.0
1031,0.0,0.0,0.0,0.0,0.0,1.0,0.9637989401817322,0.9589870572090149,0.9445424675941467,0.9797906279563904,0.9875791668891907,0.9761373400688171,3.0
1032,0.0,0.0,0.0,0.0,0.0,1.0,0.9662262201309204,0.9642247557640076,0.9475160837173462,0.9808329343795776,0.9882221817970276,0.9719780683517456,3.0
1033,0.0,0.0,0.0,0.0,0.0,1.0,0.9683071970939636,0.9682071805000305,0.9541189670562744,0.9834856986999512,0.9872538447380066,0.9712287783622742,0.0
1034,0.0,0.0,0.0,0.0,0.0,1.0,0.970125675201416,0.9650505185127258,0.9497044086456299,0.9841567873954773,0.9862833023071289,0.9658227562904358,1.0
1035,0.0,0.0,0.0,0.0,0.0,1.0,0.9697480797767639,0.9711271524429321,0.9601084589958191,0.9812107086181641,0.9859814643859863,0.9751919507980347,3.0
1036,0.0,0.0,0.0,0.0,0.0,1.0,0.9795941114425659,0.947526216506958,0.9440788626670837,0.980097770690918,0.9869996905326843,0.9805580973625183,1.0
1037,0.0,0.0,0.0,0.0,0.0,1.0,0.9810349345207214,0.9475228190422058,0.9398466944694519,0.970454216003418,0.9826574921607971,0.9789059162139893,1.0
1038,0.0,0.0,0.0,0.0,0.0,1.0,0.9645704627037048,0.9674235582351685,0.9442111849784851,0.981192946434021,0.9870579838752747,0.9656454920768738,4.0
1039,0.0,0.0,0.0,0.0,0.0,1.0,0.9732768535614014,0.9600616693496704,0.948246419429779,0.9835154414176941,0.9885631799697876,0.9741098284721375,4.0
1040,0.0,0.0,0.0,0.0,0.0,1.0,0.9780183434486389,0.9736717939376831,0.9501110315322876,0.9798516631126404,0.9862052798271179,0.9821915030479431,2.0
1041,0.0,0.0,0.0,0.0,0.0,1.0,0.9694039225578308,0.9682697653770447,0.9620040655136108,0.9777701497077942,0.9856072664260864,0.980736494064331,0.0
1042,0.0,0.0,0.0,0.0,0.0,1.0,0.9621697664260864,0.9484026432037354,0.9287972450256348,0.9786191582679749,0.988672137260437,0.9676662683486938,3.0
1043,0.0,0.0,0.0,0.0,0.0,1.0,0.9666616916656494,0.9557099938392639,0.9581305384635925,0.9798774123191833,0.9847851991653442,0.9752501249313354,1.0
1044,0.0,0.0,0.0,0.0,0.0,1.0,0.9794434309005737,0.9594011902809143,0.9464401006698608,0.9818768501281738,0.9864130020141602,0.9761631488800049,1.0
1045,0.0,0.0,0.0,0.0,0.0,1.0,0.9693989157676697,0.9727391004562378,0.9650962352752686,0.9793160557746887,0.984306812286377,0.9745793342590332,4.0
1046,0.0,0.0,0.0,0.0,0.0,1.0,0.9670554995536804,0.972153902053833,0.9336933493614197,0.9758781790733337,0.9876376390457153,0.9694617390632629,3.0
1047,0.0,0.0,0.0,0.0,0.0,1.0,0.9586093425750732,0.9586470127105713,0.9453993439674377,0.972809910774231,0.9860024452209473,0.975267231464386,1.0
1048,0.0,0.0,0.0,0.0,0.0,1.0,0.9743329286575317,0.9674277901649475,0.971083402633667,0.9800094962120056,0.9819015860557556,0.9793548583984375,3.0
1049,0.0,0.0,0.0,0.0,0.0,1.0,0.9715725779533386,0.9665401577949524,0.9505431652069092,0.984689474105835,0.9888153672218323,0.9754089713096619,3.0
1050,0.0,0.0,0.0,0.0,0.0,1.0,0.969070315361023,0.9634923934936523,0.9484955072402954,0.98036789894104,0.9879468083381653,0.9759834408760071,1.0
1051,0.0,0.0,0.0,0.0,0.0,1.0,0.9797597527503967,0.9648647904396057,0.9641709327697754,0.9841083884239197,0.9823076725006104,0.981573760509491,4.0
1052,0.0,0.0,0.0,0.0,0.0,1.0,0.9794920682907104,0.9670344591140747,0.9584826827049255,0.981582522392273,0.9838764071464539,0.9812706708908081,2.0
1053,0.0,0.0,0.0,0.0,0.0,1.0,0.9786235094070435,0.9545062780380249,0.96051424741745,0.9759722352027893,0.9863792657852173,0.9837523698806763,0.0
1054,0.0,0.0,0.0,0.0,0.0,1.0,0.9807031154632568,0.9748309850692749,0.9747100472450256,0.9784332513809204,0.9846897125244141,0.9818236231803894,1.0
1055,0.0,0.0,0.0,0.0,0.0,1.0,0.9647808074951172,0.9534041881561279,0.9471268653869629,0.9740293025970459,0.9860206246376038,0.9743478894233704,0.0
1056,0.0,0.0,0.0,0.0,0.0,1.0,0.9733759164810181,0.9553526639938354,0.961361825466156,0.9776393175125122,0.9832428097724915,0.982862114906311,1.0
1057,0.0,0.0,0.0,0.0,0.0,1.0,0.9854854941368103,0.9795118570327759,0.9752469658851624,0.9780470728874207,0.9820521473884583,0.985008716583252,0.0
1058,0.0,0.0,0.0,0.0,0.0,1.0,0.9583652019500732,0.9621895551681519,0.9360264539718628,0.9792815446853638,0.9885343909263611,0.9716095924377441,2.0
1059,0.0,0.0,0.0,0.0,0.0,1.0,0.9812415838241577,0.9612029194831848,0.9602640271186829,0.9848076105117798,0.9855167269706726,0.9805358648300171,4.0
1060,0.0,0.0,0.0,0.0,0.0,1.0,0.9770172834396362,0.9463282823562622,0.9210129380226135,0.9729745388031006,0.9831956028938293,0.9756190776824951,4.0
1061,0.0,0.0,0.0,0.0,0.0,1.0,0.9568161368370056,0.9597693681716919,0.936123788356781,0.9772650003433228,0.9845975637435913,0.9711959362030029,0.0
1062,0.0,0.0,0.0,0.0,0.0,1.0,0.9725454449653625,0.9545739889144897,0.9530321359634399,0.9834128618240356,0.9885795712471008,0.9768986105918884,3.0
1063,0.0,0.0,0.0,0.0,0.0,1.0,0.9702145457267761,0.9554364681243896,0.9666342735290527,0.9755458831787109,0.9787336587905884,0.9763127565383911,3.0
1064,0.0,0.0,0.0,0.0,0.0,1.0,0.976947546005249,0.9727560877799988,0.9685344099998474,0.9847700595855713,0.986946165561676,0.9809344410896301,2.0
1065,0.0,0.0,0.0,0.0,0.0,1.0,0.9822907447814941,0.9578384160995483,0.9603466987609863,0.9835174083709717,0.9854549169540405,0.9801216125488281,3.0
1066,0.0,0.0,0.0,0.0,0.0,1.0,0.970295250415802,0.9424052238464355,0.941928505897522,0.976885199546814,0.9864523410797119,0.9764203429222107,4.0
1067,0.0,0.0,0.0,0.0,0.0,1.0,0.9686055183410645,0.980219304561615,0.9621254205703735,0.9806784987449646,0.9728312492370605,0.9683986306190491,1.0
1068,0.0,0.0,0.0,0.0,0.0,1.0,0.9766126871109009,0.9635281562805176,0.9502362012863159,0.980951189994812,0.9852863550186157,0.9780201315879822,0.0
1069,0.0,0.0,0.0,0.0,0.0,1.0,0.9729329943656921,0.9733129739761353,0.9529713988304138,0.9745793342590332,0.9853857755661011,0.9806698560714722,4.0
1070,0.0,0.0,0.0,0.0,0.0,1.0,0.9727314114570618,0.9605244994163513,0.9606170058250427,0.9788423180580139,0.9857786893844604,0.9796493649482727,4.0
1071,0.0,0.0,0.0,0.0,0.0,1.0,0.9667854905128479,0.9678893685340881,0.9473099708557129,0.9759658575057983,0.9886155724525452,0.9765943884849548,1.0
1072,0.0,0.0,0.0,0.0,0.0,1.0,0.9643753170967102,0.962334930896759,0.9590257406234741,0.9679178595542908,0.9814313650131226,0.980156421661377,2.0
1073,0.0,0.0,0.0,0.0,0.0,1.0,0.9776245355606079,0.9782071113586426,0.968110978603363,0.9754080772399902,0.9842220544815063,0.9798877239227295,1.0
1074,0.0,0.0,0.0,0.0,0.0,1.0,0.9752236008644104,0.9743582606315613,0.9632530808448792,0.9819265007972717,0.9868487119674683,0.9801461100578308,3.0
1075,0.0,0.0,0.0,0.0,0.0,1.0,0.9759515523910522,0.966191828250885,0.9545004367828369,0.9815450310707092,0.9857490658760071,0.9786387085914612,0.0
1076,0.0,0.0,0.0,0.0,0.0,1.0,0.9755447506904602,0.9586604833602905,0.9455357789993286,0.9797489047050476,0.9875388145446777,0.9807646870613098,4.0
1077,0.0,0.0,0.0,0.0,0.0,1.0,0.9709594249725342,0.9619519710540771,0.9501623511314392,0.9812528491020203,0.9874342083930969,0.973125696182251,4.0
1078,0.0,0.0,0.0,0.0,0.0,1.0,0.9564532041549683,0.9667183756828308,0.9338191151618958,0.9748251438140869,0.9863651990890503,0.9753891229629517,0.0
1079,0.0,0.0,0.0,0.0,0.0,1.0,0.9810802340507507,0.9709785580635071,0.9747409820556641,0.9787884950637817,0.98267662525177,0.981873631477356,3.0
1080,0.0,0.0,0.0,0.0,0.0,1.0,0.9792871475219727,0.9475902318954468,0.9506227374076843,0.9830625057220459,0.9869519472122192,0.9820881485939026,2.0
1081,0.0,0.0,0.0,0.0,0.0,1.0,0.9803434610366821,0.9580773115158081,0.9630944132804871,0.9761863946914673,0.9841832518577576,0.9832761287689209,4.0
1082,0.0,0.0,0.0,0.0,0.0,1.0,0.9851449728012085,0.968315601348877,0.9781690835952759,0.9713100790977478,0.9790129661560059,0.9852831363677979,4.0
1083,0.0,0.0,0.0,0.0,0.0,1.0,0.9831664562225342,0.9836695194244385,0.9651910066604614,0.9783411622047424,0.9811365008354187,0.9820022583007812,1.0
1084,0.0,0.0,0.0,0.0,0.0,1.0,0.979023277759552,0.9429913759231567,0.9464126229286194,0.9802014231681824,0.986395001411438,0.9821325540542603,1.0
1085,0.0,0.0,0.0,0.0,0.0,1.0,0.9767073392868042,0.9554740190505981,0.9505462646484375,0.9847338795661926,0.9887751340866089,0.9784982800483704,1.0
1086,0.0,0.0,0.0,0.0,0.0,1.0,0.975069522857666,0.977614164352417,0.9583326578140259,0.9818698763847351,0.9822108149528503,0.9747851490974426,2.0
1087,0.0,0.0,0.0,0.0,0.0,1.0,0.9736652374267578,0.9473506212234497,0.9529167413711548,0.9778444766998291,0.9846077561378479,0.9830188155174255,2.0
1088,0.0,0.0,0.0,0.0,0.0,1.0,0.9812871813774109,0.9598399996757507,0.9742262363433838,0.9646319150924683,0.9790052175521851,0.9805386066436768,3.0
1089,0.0,0.0,0.0,0.0,0.0,1.0,0.9842209815979004,0.9463799595832825,0.9441896677017212,0.9764953851699829,0.9852936863899231,0.9812582731246948,1.0
1090,0.0,0.0,0.0,0.0,0.0,1.0,0.9813257455825806,0.9702844619750977,0.98350590467453,0.9714439511299133,0.9808844327926636,0.9836758971214294,1.0
1091,0.0,0.0,0.0,0.0,0.0,1.0,0.9773716926574707,0.9837985038757324,0.9834915995597839,0.9531844854354858,0.9723132252693176,0.9769509434700012,0.0
1092,0.0,0.0,0.0,0.0,0.0,1.0,0.9705995917320251,0.972135066986084,0.9497367739677429,0.9814249277114868,0.9858403205871582,0.9631858468055725,4.0
1093,0.0,0.0,0.0,0.0,0.0,1.0,0.9796109199523926,0.9528253674507141,0.9600251913070679,0.9791864156723022,0.983254611492157,0.9793053269386292,3.0
1094,0.0,0.0,0.0,0.0,0.0,1.0,0.9827524423599243,0.9668175578117371,0.9746891856193542,0.9828484058380127,0.9838056564331055,0.9840637445449829,1.0
1095,0.0,0.0,0.0,0.0,0.0,1.0,0.9785772562026978,0.9726823568344116,0.9736644625663757,0.9806358218193054,0.984423816204071,0.9800090789794922,4.0
1096,0.0,0.0,0.0,0.0,0.0,1.0,0.9758314490318298,0.9669066071510315,0.9719984531402588,0.9799418449401855,0.9804759621620178,0.9811542630195618,3.0
1097,0.0,0.0,0.0,0.0,0.0,1.0,0.9776884317398071,0.9530200362205505,0.9255698323249817,0.9778745770454407,0.9879580736160278,0.9811171889305115,3.0
1098,0.0,0.0,0.0,0.0,0.0,1.0,0.9702003002166748,0.9559162855148315,0.9443895220756531,0.9809346795082092,0.9880552887916565,0.9771489500999451,4.0
1099,0.0,0.0,0.0,0.0,0.0,1.0,0.9783469438552856,0.9601344466209412,0.9467315673828125,0.9783005118370056,0.9870944619178772,0.9817297458648682,4.0
1100,0.0,0.0,0.0,0.0,0.0,1.0,0.979263961315155,0.9608803987503052,0.9729138016700745,0.9794827699661255,0.9840453863143921,0.9788343906402588,1.0
1101,0.0,0.0,0.0,0.0,0.0,1.0,0.9778044819831848,0.9632771015167236,0.9672563672065735,0.9775070548057556,0.9849610328674316,0.984328031539917,3.0
1102,0.0,0.0,0.0,0.0,0.0,1.0,0.9725857973098755,0.9513435959815979,0.9490558505058289,0.9801440834999084,0.988085150718689,0.9816939234733582,1.0
1103,0.0,0.0,0.0,0.0,0.0,1.0,0.9765268564224243,0.9548787474632263,0.9566758275032043,0.9810358285903931,0.9848645925521851,0.9815296530723572,1.0
1104,0.0,0.0,0.0,0.0,0.0,1.0,0.9809556603431702,0.9686158895492554,0.9620437622070312,0.9803991913795471,0.9843956232070923,0.9807909727096558,1.0
1105,0.0,0.0,0.0,0.0,0.0,1.0,0.9771609306335449,0.9659160375595093,0.9663597941398621,0.9794289469718933,0.9870337247848511,0.9819231629371643,1.0
1106,0.0,0.0,0.0,0.0,0.0,1.0,0.9772371053695679,0.9802560806274414,0.9666474461555481,0.975700318813324,0.9805523753166199,0.9788517951965332,0.0
1107,0.0,0.0,0.0,0.0,0.0,1.0,0.9733807444572449,0.9579614400863647,0.9482132196426392,0.9835813045501709,0.9894178509712219,0.976830005645752,2.0
1108,0.0,0.0,0.0,0.0,0.0,1.0,0.9809609651565552,0.9773522019386292,0.9685910940170288,0.9784725904464722,0.9869990944862366,0.983817458152771,3.0
1109,0.0,0.0,0.0,0.0,0.0,1.0,0.9793314933776855,0.9649153351783752,0.959380030632019,0.9760444164276123,0.9841779470443726,0.9838093519210815,4.0
1110,0.0,0.0,0.0,0.0,0.0,1.0,0.9709947109222412,0.9445922374725342,0.9424420595169067,0.97718346118927,0.9873528480529785,0.9842341542243958,0.0
1111,0.0,0.0,0.0,0.0,0.0,1.0,0.9756420254707336,0.9601239562034607,0.9689338803291321,0.9780892729759216,0.9840341806411743,0.9812304973602295,2.0
1112,0.0,0.0,0.0,0.0,0.0,1.0,0.9679188132286072,0.9608906507492065,0.9650951623916626,0.9730563759803772,0.9820939898490906,0.9802659153938293,0.0
1113,0.0,0.0,0.0,0.0,0.0,1.0,0.978139340877533,0.978232741355896,0.9884464740753174,0.9501189589500427,0.9710242748260498,0.9765955209732056,2.0
1114,0.0,0.0,0.0,0.0,0.0,1.0,0.980699896812439,0.9610990285873413,0.9564080238342285,0.9815837740898132,0.9880189299583435,0.9791355729103088,0.0
1115,0.0,0.0,0.0,0.0,0.0,1.0,0.9747774004936218,0.9579914212226868,0.9477348923683167,0.9832332730293274,0.9877689480781555,0.9759811758995056,4.0
1116,0.0,0.0,0.0,0.0,0.0,1.0,0.9809203147888184,0.9552136659622192,0.9321098923683167,0.9677828550338745,0.9806792736053467,0.9777628779411316,1.0
1117,0.0,0.0,0.0,0.0,0.0,1.0,0.982286274433136,0.9704590439796448,0.9439031481742859,0.9726462364196777,0.9826005101203918,0.9801740646362305,2.0
1118,0.0,0.0,0.0,0.0,0.0,1.0,0.9602510333061218,0.9630123376846313,0.9418505430221558,0.9797354936599731,0.9896476864814758,0.9777732491493225,2.0
1119,0.0,0.0,0.0,0.0,0.0,1.0,0.9649806618690491,0.9562494158744812,0.9434852004051208,0.9793688058853149,0.9882169365882874,0.9755649566650391,4.0
1120,0.0,0.0,0.0,0.0,0.0,1.0,0.9705191850662231,0.9587973356246948,0.9590643644332886,0.9817851781845093,0.9860154390335083,0.9790136814117432,2.0
1121,0.0,0.0,0.0,0.0,0.0,1.0,0.9724002480506897,0.9557458162307739,0.9306229948997498,0.9754564166069031,0.9865737557411194,0.9785234928131104,0.0
1122,0.0,0.0,0.0,0.0,1.0,1.0,0.9657987356185913,0.9577972888946533,0.9434128403663635,0.9807063341140747,0.9888189435005188,0.9785341024398804,3.0
1123,0.0,0.0,0.0,0.0,0.0,1.0,0.9574588537216187,0.9619247317314148,0.9343867897987366,0.9729834794998169,0.9842855334281921,0.9755520224571228,4.0
1124,0.0,0.0,0.0,0.0,0.0,1.0,0.9664137959480286,0.9604679346084595,0.9455462098121643,0.9809517860412598,0.9876383543014526,0.9787788987159729,1.0
1125,0.0,0.0,0.0,0.0,0.0,1.0,0.9824895858764648,0.9670841693878174,0.9640606641769409,0.983986496925354,0.9861035943031311,0.9808449745178223,0.0
1126,0.0,0.0,0.0,0.0,0.0,1.0,0.974794328212738,0.9475902318954468,0.9503546953201294,0.9752116799354553,0.9855843186378479,0.9808201193809509,4.0
1127,0.0,0.0,0.0,0.0,0.0,1.0,0.9732751846313477,0.978569507598877,0.9770071506500244,0.9703177213668823,0.9757750034332275,0.9775465130805969,2.0
1128,0.0,0.0,0.0,0.0,0.0,1.0,0.9761604070663452,0.9631112217903137,0.9675110578536987,0.9716530442237854,0.9828588366508484,0.9841549396514893,0.0
1129,0.0,0.0,0.0,0.0,0.0,1.0,0.9721726775169373,0.9426769614219666,0.9355005025863647,0.9803515076637268,0.9875652194023132,0.9765878319740295,4.0
1130,0.0,0.0,0.0,0.0,0.0,1.0,0.9706963300704956,0.9539822340011597,0.9468818306922913,0.9809814691543579,0.9871613383293152,0.9768660664558411,4.0
1131,0.0,0.0,0.0,0.0,0.0,1.0,0.9772182106971741,0.946022629737854,0.9399577975273132,0.9823855757713318,0.9886928796768188,0.9793792963027954,1.0
1132,0.0,0.0,0.0,0.0,0.0,1.0,0.9637527465820312,0.9495778679847717,0.9413658380508423,0.9742181897163391,0.9876829981803894,0.979518711566925,0.0
1133,0.0,0.0,0.0,0.0,0.0,1.0,0.9667805433273315,0.9479996562004089,0.9409527778625488,0.9761149883270264,0.9887185096740723,0.979411780834198,0.0
1134,0.0,0.0,0.0,0.0,0.0,1.0,0.9717943072319031,0.9487500786781311,0.942283570766449,0.972648024559021,0.9850724339485168,0.9791335463523865,1.0
1135,0.0,0.0,0.0,0.0,0.0,1.0,0.9590058326721191,0.9632963538169861,0.949891984462738,0.9756739139556885,0.9842102527618408,0.9706059098243713,1.0
1136,0.0,0.0,0.0,0.0,0.0,1.0,0.971510648727417,0.9536415934562683,0.954910933971405,0.9775338768959045,0.9866255521774292,0.9810258746147156,4.0
1137,0.0,0.0,0.0,0.0,0.0,1.0,0.9660108089447021,0.9734019041061401,0.9445460438728333,0.979826807975769,0.9887784123420715,0.9784891605377197,0.0
1138,0.0,0.0,0.0,0.0,0.0,1.0,0.9760648608207703,0.9708540439605713,0.9555115699768066,0.9826783537864685,0.9878125786781311,0.9785063862800598,1.0
1139,0.0,0.0,0.0,0.0,0.0,1.0,0.980780303478241,0.9708415865898132,0.9662339091300964,0.981153130531311,0.981975257396698,0.9825136065483093,4.0
1140,0.0,0.0,0.0,0.0,0.0,1.0,0.9642247557640076,0.9516938924789429,0.954706072807312,0.9747535586357117,0.9854511022567749,0.980475127696991,3.0
1141,0.0,0.0,0.0,0.0,0.0,1.0,0.9746339321136475,0.9720131754875183,0.9509369730949402,0.9797017574310303,0.9879146814346313,0.9809876680374146,4.0
1142,0.0,0.0,0.0,0.0,0.0,1.0,0.9803917407989502,0.9460746049880981,0.9376078844070435,0.9769707322120667,0.985065758228302,0.9800415635108948,3.0
1143,0.0,0.0,0.0,0.0,0.0,1.0,0.9718309044837952,0.9824200868606567,0.9466871619224548,0.9771725535392761,0.9809916615486145,0.9723538160324097,2.0
1144,0.0,0.0,0.0,0.0,0.0,1.0,0.9819815754890442,0.9748334884643555,0.9781625866889954,0.9712457656860352,0.9835451245307922,0.983854353427887,3.0
1145,0.0,0.0,0.0,0.0,0.0,1.0,0.9769647121429443,0.9774540066719055,0.9862948060035706,0.9525763392448425,0.9768591523170471,0.9834696054458618,3.0
1146,0.0,0.0,0.0,0.0,0.0,1.0,0.9651271104812622,0.9535816311836243,0.9517251253128052,0.9734184741973877,0.9851598739624023,0.980868399143219,0.0
1147,0.0,0.0,0.0,0.0,0.0,1.0,0.9734184741973877,0.9486609101295471,0.9447410702705383,0.9786255359649658,0.9825335144996643,0.9708443880081177,4.0
1148,0.0,0.0,0.0,0.0,0.0,1.0,0.9708126783370972,0.9694350957870483,0.9512115120887756,0.9774443507194519,0.9858428835868835,0.9754103422164917,4.0
1149,0.0,0.0,0.0,0.0,0.0,1.0,0.9675653576850891,0.9724207520484924,0.9798335433006287,0.9706093668937683,0.9743841886520386,0.971435546875,3.0
1150,0.0,0.0,0.0,0.0,0.0,1.0,0.9716591238975525,0.969947338104248,0.9637918472290039,0.9762701392173767,0.9843630194664001,0.9798428416252136,4.0
1151,0.0,0.0,0.0,0.0,0.0,1.0,0.9775888919830322,0.9796328544616699,0.977860689163208,0.9706001877784729,0.9836392402648926,0.9831845164299011,1.0
1152,0.0,0.0,0.0,0.0,0.0,1.0,0.9731664061546326,0.9815837740898132,0.9458561539649963,0.9789081811904907,0.9826623201370239,0.967591404914856,4.0
1153,0.0,0.0,0.0,0.0,0.0,1.0,0.9812909364700317,0.9834270477294922,0.9846125841140747,0.9603931903839111,0.9789997339248657,0.9810263514518738,4.0
1154,0.0,0.0,0.0,0.0,0.0,1.0,0.9773187041282654,0.9743565917015076,0.9856957793235779,0.9620264768600464,0.9808844327926636,0.9823704957962036,4.0
1155,0.0,0.0,0.0,0.0,0.0,1.0,0.9728753566741943,0.9704167246818542,0.9523106217384338,0.978480339050293,0.9874245524406433,0.9804489016532898,3.0
1156,0.0,0.0,0.0,0.0,0.0,1.0,0.9686457514762878,0.9684733152389526,0.9553758502006531,0.9801836609840393,0.9847632050514221,0.9748170971870422,3.0
1157,0.0,0.0,0.0,0.0,0.0,1.0,0.9674256443977356,0.9673315286636353,0.9705231189727783,0.9697489738464355,0.9840677976608276,0.9818923473358154,2.0
1158,0.0,0.0,0.0,0.0,0.0,1.0,0.96842360496521,0.9595593810081482,0.9513058066368103,0.9805083870887756,0.9867221117019653,0.9744486212730408,4.0
1159,0.0,0.0,0.0,0.0,0.0,1.0,0.9839043617248535,0.9771630764007568,0.9772500395774841,0.9795718789100647,0.981357991695404,0.9827439188957214,1.0
1160,0.0,0.0,0.0,0.0,0.0,1.0,0.9740280508995056,0.9718540906906128,0.9855254292488098,0.9591754674911499,0.9741182923316956,0.9749488234519958,3.0
1161,0.0,0.0,0.0,0.0,0.0,1.0,0.9629687666893005,0.9550100564956665,0.9495810866355896,0.9700470566749573,0.9829142689704895,0.9761620759963989,1.0
1162,0.0,0.0,0.0,0.0,0.0,1.0,0.983803391456604,0.9598811864852905,0.954937219619751,0.9837415218353271,0.9846459031105042,0.9767165184020996,4.0
1163,0.0,0.0,0.0,0.0,0.0,1.0,0.9670863151550293,0.9649107456207275,0.9559077024459839,0.9755900502204895,0.9868314266204834,0.9807834029197693,1.0
1164,0.0,0.0,0.0,0.0,0.0,1.0,0.973207950592041,0.9557874202728271,0.9500272870063782,0.9818291664123535,0.986710250377655,0.9772915244102478,2.0
1165,0.0,0.0,0.0,0.0,0.0,1.0,0.9654486775398254,0.9501720070838928,0.9544354677200317,0.9694511890411377,0.9811615943908691,0.9792366027832031,0.0
1166,0.0,0.0,0.0,1.0,0.0,1.0,0.9726543426513672,0.9529167413711548,0.9494608044624329,0.9823215007781982,0.9866770505905151,0.9732479453086853,4.0
1167,0.0,0.0,0.0,0.0,0.0,1.0,0.9585581421852112,0.9649658203125,0.9360750913619995,0.9775599241256714,0.9880605340003967,0.9662670493125916,3.0
1168,0.0,0.0,0.0,0.0,0.0,1.0,0.9768974781036377,0.9676684141159058,0.9590936303138733,0.9846833348274231,0.9879894256591797,0.9763251543045044,3.0
1169,0.0,0.0,0.0,0.0,0.0,1.0,0.9756617546081543,0.9779420495033264,0.9767812490463257,0.9743298888206482,0.9828760027885437,0.9814454913139343,3.0
1170,0.0,0.0,0.0,0.0,0.0,1.0,0.9642270803451538,0.9539434909820557,0.9721075892448425,0.9644684195518494,0.9743417501449585,0.9781252145767212,0.0
1171,0.0,0.0,0.0,0.0,0.0,1.0,0.9642866253852844,0.9656561613082886,0.9662173390388489,0.9663939476013184,0.9789842963218689,0.9732888340950012,1.0
1172,0.0,0.0,0.0,0.0,0.0,1.0,0.9659295082092285,0.977198600769043,0.988899290561676,0.9452486038208008,0.9678757190704346,0.9703918695449829,3.0
1173,0.0,0.0,0.0,0.0,0.0,1.0,0.9786894917488098,0.9681214690208435,0.9701758623123169,0.976475179195404,0.9825703501701355,0.9831656217575073,0.0
1174,0.0,0.0,0.0,0.0,0.0,1.0,0.9705754518508911,0.9628088474273682,0.9411971569061279,0.9817429780960083,0.9891633987426758,0.9776620268821716,3.0
1175,0.0,0.0,0.0,0.0,0.0,1.0,0.9735017418861389,0.9497269988059998,0.9466630816459656,0.9809314608573914,0.9881121516227722,0.9787984490394592,0.0
1176,0.0,0.0,0.0,0.0,0.0,1.0,0.97762531042099,0.9457380175590515,0.9638249278068542,0.9745187759399414,0.9749115705490112,0.9786781668663025,0.0
1177,0.0,0.0,0.0,0.0,0.0,1.0,0.953877866268158,0.9544562101364136,0.9473912119865417,0.9708031415939331,0.9827346205711365,0.9738346934318542,1.0
1178,0.0,0.0,0.0,0.0,0.0,1.0,0.9429967999458313,0.9220184683799744,0.9206372499465942,0.9610025882720947,0.981493353843689,0.9716639518737793,0.0
1179,0.0,0.0,0.0,0.0,0.0,1.0,0.9642364382743835,0.9523690938949585,0.9609593152999878,0.9758821725845337,0.9801948070526123,0.9742704629898071,1.0
1180,0.0,0.0,0.0,0.0,0.0,1.0,0.960942804813385,0.9517872929573059,0.9605579376220703,0.9748051762580872,0.9801745414733887,0.9727756381034851,4.0
1181,0.0,0.0,0.0,0.0,0.0,1.0,0.9760539531707764,0.9488652944564819,0.942797839641571,0.9795141220092773,0.9868274927139282,0.9833153486251831,2.0
1182,0.0,0.0,0.0,0.0,0.0,1.0,0.9782271385192871,0.9467931389808655,0.950590968132019,0.9740798473358154,0.9845225811004639,0.9843100309371948,2.0
1183,0.0,0.0,0.0,0.0,0.0,1.0,0.9695534110069275,0.9547706246376038,0.9548057317733765,0.9798610210418701,0.9860674738883972,0.978036105632782,4.0
1184,0.0,0.0,0.0,0.0,0.0,1.0,0.9823441505432129,0.9700489640235901,0.9686138033866882,0.9801070690155029,0.9863203167915344,0.9831488132476807,4.0
1185,0.0,0.0,0.0,0.0,0.0,1.0,0.9739623069763184,0.9531111121177673,0.9454344511032104,0.9798107743263245,0.9872391819953918,0.9796035885810852,2.0
1186,0.0,0.0,0.0,0.0,0.0,1.0,0.9776687622070312,0.9507800936698914,0.9451889991760254,0.9802191853523254,0.9858344197273254,0.9835193753242493,3.0
1187,0.0,0.0,0.0,0.0,0.0,1.0,0.9787838459014893,0.9609440565109253,0.9602640271186829,0.985081136226654,0.9850063920021057,0.9796508550643921,1.0
1188,0.0,0.0,0.0,0.0,0.0,1.0,0.9741865992546082,0.9590697288513184,0.9535214900970459,0.9851720333099365,0.9891078472137451,0.9739798307418823,3.0
1189,0.0,0.0,0.0,0.0,0.0,1.0,0.9815050959587097,0.9502745866775513,0.9542079567909241,0.9834429621696472,0.987514078617096,0.9791483879089355,1.0
1190,0.0,0.0,0.0,0.0,0.0,1.0,0.9722378253936768,0.9512995481491089,0.9483296275138855,0.9823038578033447,0.987539529800415,0.9805682301521301,2.0
1191,0.0,0.0,0.0,0.0,0.0,1.0,0.9685695171356201,0.9599679708480835,0.9433910846710205,0.9813020825386047,0.9881327748298645,0.9733418822288513,4.0
1192,0.0,0.0,0.0,0.0,0.0,1.0,0.9729388952255249,0.9600902199745178,0.95168137550354,0.9829276204109192,0.9870837926864624,0.9783057570457458,1.0
1193,0.0,0.0,0.0,0.0,0.0,1.0,0.9744471311569214,0.955202043056488,0.9474182724952698,0.9811415076255798,0.9889929890632629,0.9796825051307678,1.0
1194,0.0,0.0,0.0,0.0,0.0,1.0,0.9723067879676819,0.9622388482093811,0.9570788145065308,0.9853214621543884,0.9876354336738586,0.975330650806427,1.0
1195,0.0,0.0,0.0,0.0,0.0,1.0,0.9716221690177917,0.9693324565887451,0.9682196974754333,0.9814165830612183,0.9853408932685852,0.9769477844238281,1.0
1196,0.0,0.0,0.0,0.0,0.0,1.0,0.9727268815040588,0.9735157489776611,0.9558990597724915,0.9807088375091553,0.9874545335769653,0.9803549647331238,1.0
1197,0.0,0.0,0.0,0.0,0.0,1.0,0.9637147784233093,0.9500691294670105,0.9426476359367371,0.9782356023788452,0.9832919239997864,0.9762476682662964,3.0
1198,0.0,0.0,0.0,0.0,0.0,1.0,0.9750257730484009,0.9576049447059631,0.9508863091468811,0.9848563075065613,0.9884666204452515,0.980705738067627,2.0
1199,0.0,0.0,0.0,0.0,0.0,1.0,0.9820115566253662,0.9422393441200256,0.9465088844299316,0.9805794358253479,0.9851755499839783,0.9804694056510925,0.0
1200,0.0,0.0,0.0,0.0,0.0,1.0,0.9712097644805908,0.958084225654602,0.9534372687339783,0.9826054573059082,0.9861964583396912,0.9757834076881409,1.0
1201,0.0,0.0,0.0,0.0,0.0,1.0,0.9807319045066833,0.9582608938217163,0.9520882964134216,0.9825366139411926,0.984660804271698,0.9770569205284119,3.0
1202,0.0,0.0,0.0,0.0,0.0,1.0,0.9730662107467651,0.9619644284248352,0.956824541091919,0.9770614504814148,0.9874225854873657,0.9812790155410767,2.0
1203,0.0,0.0,0.0,0.0,0.0,1.0,0.9769381284713745,0.9466699361801147,0.9610838294029236,0.9772250056266785,0.981791615486145,0.9796192646026611,4.0
1204,0.0,0.0,0.0,0.0,0.0,1.0,0.9721305966377258,0.9555360674858093,0.9483893513679504,0.980928361415863,0.9863384366035461,0.9757537841796875,1.0
1205,0.0,0.0,0.0,0.0,0.0,1.0,0.9719439148902893,0.9508577585220337,0.945427417755127,0.9813337922096252,0.9881687760353088,0.9794705510139465,3.0
1206,0.0,0.0,0.0,0.0,0.0,1.0,0.9707483053207397,0.962509036064148,0.9542049765586853,0.9826881289482117,0.9857211112976074,0.9740392565727234,3.0
1207,0.0,0.0,0.0,0.0,0.0,1.0,0.9687352776527405,0.9654101133346558,0.9858046174049377,0.956367015838623,0.9730613231658936,0.9733873009681702,1.0
1208,0.0,0.0,0.0,0.0,0.0,1.0,0.9833905100822449,0.978405237197876,0.9800117015838623,0.9774890542030334,0.9823262095451355,0.9830912947654724,1.0
1209,0.0,0.0,0.0,0.0,0.0,1.0,0.977603554725647,0.9458943009376526,0.950819730758667,0.9757104516029358,0.9830873608589172,0.9808893799781799,3.0
1210,0.0,0.0,0.0,0.0,0.0,1.0,0.9761441349983215,0.9530868530273438,0.9629881381988525,0.9680050611495972,0.9801698327064514,0.9839845299720764,0.0
1211,1.0,0.0,0.0,0.0,1.0,0.0,0.9809181690216064,0.9795912504196167,0.9709039330482483,0.9788604378700256,0.9794289469718933,0.9811521768569946,1.0
1212,1.0,0.0,0.0,0.0,0.0,0.0,0.9858157634735107,0.9624967575073242,0.9545033574104309,0.9840256571769714,0.978773295879364,0.9798007011413574,4.0
1213,1.0,0.0,0.0,0.0,0.0,0.0,0.9756077527999878,0.9632723331451416,0.9641333222389221,0.985490083694458,0.9836448431015015,0.9764933586120605,3.0
1214,1.0,0.0,0.0,0.0,1.0,0.0,0.9815291166305542,0.9770956039428711,0.9748101830482483,0.9848944544792175,0.9778543710708618,0.9772182106971741,3.0
1215,1.0,0.0,0.0,0.0,0.0,0.0,0.9813953042030334,0.9536281228065491,0.9507436752319336,0.9790352582931519,0.9867357015609741,0.9837821125984192,4.0
1216,1.0,0.0,0.0,0.0,0.0,0.0,0.9808392524719238,0.9810212850570679,0.9845952987670898,0.9676121473312378,0.9770439267158508,0.9820964336395264,0.0
1217,1.0,0.0,0.0,0.0,0.0,0.0,0.9852487444877625,0.9683613181114197,0.9748367667198181,0.9836716055870056,0.9801612496376038,0.9830206632614136,3.0
1218,1.0,0.0,0.0,0.0,0.0,0.0,0.9854962229728699,0.9594539999961853,0.9591867327690125,0.9820665121078491,0.9825984239578247,0.9841959476470947,4.0
1219,1.0,0.0,0.0,0.0,0.0,0.0,0.9830280542373657,0.9701884984970093,0.9696983098983765,0.9847820401191711,0.9828055500984192,0.9792587757110596,4.0
1220,1.0,0.0,0.0,0.0,0.0,0.0,0.9784479737281799,0.9742760062217712,0.9774720072746277,0.9849212765693665,0.9795801043510437,0.9776734113693237,0.0
1221,1.0,0.0,0.0,0.0,0.0,0.0,0.9709181785583496,0.9683654308319092,0.9538390636444092,0.9797899723052979,0.9884489178657532,0.9782856702804565,2.0
1222,1.0,0.0,0.0,0.0,0.0,0.0,0.9852222800254822,0.9452556371688843,0.9529258608818054,0.9784814715385437,0.9835330843925476,0.9787589311599731,0.0
1223,1.0,0.0,0.0,0.0,0.0,0.0,0.9768210649490356,0.9607450366020203,0.9576022028923035,0.9840078353881836,0.987566351890564,0.9783702492713928,1.0
1224,1.0,0.0,0.0,0.0,0.0,0.0,0.988547682762146,0.9456613063812256,0.9470419883728027,0.9769689440727234,0.9805044531822205,0.9799930453300476,3.0
1225,1.0,0.0,0.0,0.0,0.0,0.0,0.98600172996521,0.9482198357582092,0.9540148973464966,0.9789738655090332,0.9842404127120972,0.983666181564331,1.0
1226,1.0,0.0,0.0,0.0,0.0,0.0,0.9813512563705444,0.9763595461845398,0.9791320562362671,0.9716169834136963,0.9821059703826904,0.9807661771774292,1.0
1227,1.0,0.0,0.0,0.0,0.0,0.0,0.9816495776176453,0.966250479221344,0.968431830406189,0.9829050302505493,0.9806776642799377,0.976312518119812,4.0
1228,1.0,0.0,0.0,0.0,1.0,0.0,0.9832355976104736,0.9441862106323242,0.9428344368934631,0.9765847325325012,0.9862382411956787,0.9816540479660034,0.0
1229,1.0,0.0,0.0,0.0,0.0,0.0,0.983168363571167,0.9729754328727722,0.976161539554596,0.9819461703300476,0.9817996621131897,0.9827650189399719,2.0
1230,1.0,0.0,0.0,0.0,0.0,0.0,0.9868023991584778,0.9463799595832825,0.9380902051925659,0.9761607646942139,0.9791476726531982,0.9772619009017944,3.0
1231,1.0,0.0,0.0,0.0,1.0,0.0,0.9826929569244385,0.9569476842880249,0.9653806686401367,0.9830796718597412,0.9827778935432434,0.9818164110183716,0.0
1232,1.0,0.0,0.0,0.0,0.0,0.0,0.9825040698051453,0.9805704951286316,0.9797008037567139,0.9771365523338318,0.9843410849571228,0.9836012721061707,0.0
1233,1.0,0.0,0.0,0.0,0.0,0.0,0.9852057099342346,0.9575338959693909,0.9319982528686523,0.9783744812011719,0.9824224710464478,0.9818629622459412,2.0
1234,1.0,0.0,0.0,0.0,0.0,0.0,0.9754202365875244,0.9631954431533813,0.9657886028289795,0.9897750616073608,0.978937566280365,0.9741409420967102,0.0
1235,1.0,0.0,0.0,0.0,0.0,0.0,0.981495201587677,0.9823945164680481,0.9812836050987244,0.9761765003204346,0.9797315001487732,0.9818399548530579,3.0
1236,1.0,0.0,0.0,0.0,0.0,0.0,0.9836621880531311,0.9828148484230042,0.9766640067100525,0.9728668928146362,0.980635941028595,0.9831846356391907,3.0
1237,1.0,0.0,0.0,0.0,0.0,0.0,0.9858347773551941,0.9434091448783875,0.9446204900741577,0.9702786207199097,0.974044680595398,0.9743599891662598,0.0
1238,1.0,0.0,0.0,0.0,1.0,0.0,0.9833123087882996,0.9767554402351379,0.9768484830856323,0.9793636202812195,0.980787992477417,0.9801822900772095,4.0
1239,1.0,0.0,0.0,0.0,0.0,0.0,0.9826884865760803,0.9448330998420715,0.9301310181617737,0.9802072644233704,0.9848554730415344,0.9817156195640564,3.0
1240,1.0,0.0,0.0,0.0,0.0,0.0,0.9812519550323486,0.9793481826782227,0.9772151112556458,0.9678798913955688,0.9733974933624268,0.9802943468093872,3.0
1241,1.0,0.0,0.0,0.0,0.0,0.0,0.9864887595176697,0.9513466954231262,0.9603363275527954,0.9848653078079224,0.9802086353302002,0.9811365008354187,0.0
1242,1.0,0.0,0.0,0.0,0.0,0.0,0.9864078760147095,0.9508229494094849,0.9576325416564941,0.9847842454910278,0.9792781472206116,0.9797476530075073,1.0
1243,1.0,0.0,0.0,0.0,0.0,0.0,0.9860777854919434,0.9590896964073181,0.9544827342033386,0.981833279132843,0.9832226634025574,0.9811035394668579,4.0
1244,1.0,0.0,0.0,0.0,0.0,0.0,0.9874165058135986,0.9537913203239441,0.9494218230247498,0.9806484580039978,0.9791130423545837,0.9814637303352356,1.0
1245,1.0,0.0,0.0,0.0,0.0,0.0,0.984495222568512,0.9704563021659851,0.927822470664978,0.975665807723999,0.9771186709403992,0.9745928049087524,2.0
1246,1.0,0.0,0.0,0.0,0.0,0.0,0.9862542152404785,0.9621562361717224,0.9525042772293091,0.9835620522499084,0.9787620306015015,0.9805729985237122,4.0
1247,1.0,0.0,0.0,0.0,0.0,1.0,0.9795865416526794,0.9667761921882629,0.9735428690910339,0.9761985540390015,0.9831318855285645,0.9839643239974976,0.0
1248,1.0,0.0,0.0,0.0,0.0,0.0,0.9825459718704224,0.9633395075798035,0.9642037153244019,0.9847591519355774,0.9827491044998169,0.9797938466072083,2.0
1249,1.0,0.0,0.0,0.0,0.0,0.0,0.9813946485519409,0.9747610092163086,0.9704968333244324,0.9849274158477783,0.9823241233825684,0.9796745181083679,0.0
1250,1.0,0.0,0.0,0.0,0.0,0.0,0.9880656003952026,0.9629989862442017,0.9594539999961853,0.9840998649597168,0.9832785725593567,0.9815413951873779,3.0
1251,1.0,0.0,0.0,0.0,0.0,0.0,0.9854208827018738,0.9730386734008789,0.9664039015769958,0.9845495223999023,0.9803423285484314,0.9815186262130737,1.0
1252,1.0,0.0,0.0,0.0,0.0,0.0,0.9851199984550476,0.9622018933296204,0.9652625918388367,0.9832528829574585,0.9819445610046387,0.9824433326721191,3.0
1253,1.0,0.0,0.0,0.0,0.0,0.0,0.9845147132873535,0.9596379399299622,0.945643961429596,0.9768376350402832,0.9842813611030579,0.9828368425369263,3.0
1254,1.0,0.0,0.0,0.0,0.0,0.0,0.9874498844146729,0.9534448385238647,0.9570342302322388,0.9788538217544556,0.9836947917938232,0.9826077818870544,3.0
1255,1.0,0.0,0.0,0.0,0.0,0.0,0.9853644967079163,0.9769807457923889,0.9848979115486145,0.9776380658149719,0.9805378317832947,0.9840784072875977,1.0
1256,1.0,0.0,0.0,0.0,0.0,0.0,0.9790311455726624,0.9583150744438171,0.9652921557426453,0.983385443687439,0.9827947020530701,0.9735061526298523,3.0
1257,1.0,0.0,0.0,0.0,0.0,0.0,0.9737120270729065,0.9603880047798157,0.9610711932182312,0.985077440738678,0.9841715693473816,0.9751805067062378,4.0
1258,1.0,0.0,0.0,0.0,0.0,0.0,0.9614172577857971,0.9502650499343872,0.9345446228981018,0.9746749401092529,0.9855124354362488,0.9755542874336243,2.0
1259,1.0,0.0,0.0,0.0,0.0,0.0,0.9855543375015259,0.942121148109436,0.9492914080619812,0.9775189161300659,0.9820543527603149,0.98105788230896,0.0
1260,1.0,0.0,0.0,0.0,0.0,0.0,0.9849622249603271,0.9431333541870117,0.9486575722694397,0.9789298176765442,0.9853203892707825,0.9815714955329895,0.0
1261,1.0,0.0,0.0,0.0,0.0,0.0,0.9848611354827881,0.9619370698928833,0.9695704579353333,0.9793021082878113,0.9786099195480347,0.9832146167755127,1.0
1262,1.0,0.0,0.0,0.0,0.0,0.0,0.9749165177345276,0.9670279622077942,0.9648257493972778,0.9793131947517395,0.9842960834503174,0.9807676672935486,3.0
1263,1.0,0.0,0.0,0.0,0.0,0.0,0.9856888055801392,0.9654214978218079,0.9723268747329712,0.9816327095031738,0.9817196726799011,0.9821645021438599,2.0
1264,1.0,0.0,0.0,0.0,0.0,0.0,0.9839460253715515,0.960722029209137,0.9632771015167236,0.9810793399810791,0.9867955446243286,0.9822409749031067,1.0
1265,1.0,0.0,0.0,0.0,0.0,0.0,0.986273467540741,0.936781644821167,0.9434852004051208,0.9733178615570068,0.9796997904777527,0.9787958264350891,3.0
1266,1.0,0.0,0.0,0.0,0.0,1.0,0.9862180352210999,0.9461678862571716,0.9532834887504578,0.9785196185112,0.9796416759490967,0.9793998599052429,0.0
1267,1.0,0.0,0.0,0.0,0.0,0.0,0.9833555817604065,0.9650207757949829,0.9600902199745178,0.9746783375740051,0.9845654368400574,0.9813762903213501,4.0
1268,1.0,0.0,0.0,0.0,0.0,0.0,0.9848858714103699,0.9595244526863098,0.9523782730102539,0.980162501335144,0.9847989678382874,0.9800077080726624,2.0
1269,1.0,0.0,0.0,0.0,0.0,1.0,0.9799914360046387,0.9751526117324829,0.983107328414917,0.9674693942070007,0.9817967414855957,0.9850912094116211,2.0
1270,1.0,0.0,0.0,0.0,0.0,0.0,0.9835175275802612,0.9578493237495422,0.9568581581115723,0.9820569753646851,0.9847173094749451,0.9840797781944275,1.0
1271,1.0,0.0,0.0,0.0,0.0,0.0,0.9790608286857605,0.9536145925521851,0.9456473588943481,0.9784268140792847,0.9779916405677795,0.9793837666511536,2.0
1272,1.0,0.0,0.0,0.0,0.0,0.0,0.9866107702255249,0.9644892811775208,0.9453993439674377,0.9823498129844666,0.9796889424324036,0.9809093475341797,1.0
1273,1.0,0.0,0.0,0.0,0.0,0.0,0.986727774143219,0.968180239200592,0.9696713089942932,0.9788394570350647,0.9836521148681641,0.9844022989273071,1.0
1274,1.0,0.0,0.0,0.0,0.0,0.0,0.9876415729522705,0.9631257057189941,0.9626726508140564,0.9844297170639038,0.9799944162368774,0.9839944839477539,3.0
1275,1.0,0.0,0.0,0.0,0.0,0.0,0.9819027185440063,0.9759411811828613,0.9734264016151428,0.9773492217063904,0.9847806692123413,0.9841262102127075,4.0
1276,1.0,0.0,0.0,0.0,0.0,0.0,0.9829005599021912,0.9485170841217041,0.9458804726600647,0.9835319519042969,0.9868636131286621,0.9778914451599121,4.0
1277,1.0,0.0,0.0,0.0,0.0,0.0,0.9803791046142578,0.9587866067886353,0.9646249413490295,0.9818193912506104,0.9856680631637573,0.9831647276878357,4.0
1278,1.0,0.0,0.0,0.0,0.0,0.0,0.9888005256652832,0.9511910676956177,0.9456300139427185,0.9787944555282593,0.9849545955657959,0.9814693927764893,1.0
1279,1.0,0.0,0.0,0.0,0.0,0.0,0.9782164096832275,0.955491304397583,0.9558132290840149,0.9813977479934692,0.9878473281860352,0.9798822402954102,1.0
1280,1.0,0.0,0.0,0.0,0.0,0.0,0.9834660887718201,0.9450271129608154,0.9518806338310242,0.9819075465202332,0.9870409965515137,0.9820441007614136,3.0
1281,1.0,0.0,0.0,0.0,0.0,0.0,0.9833920001983643,0.956574559211731,0.9567375779151917,0.9801533222198486,0.9870249032974243,0.9807881116867065,0.0
1282,1.0,0.0,0.0,0.0,0.0,0.0,0.9828368425369263,0.9713885188102722,0.9771054983139038,0.979820191860199,0.9838294386863708,0.9805092811584473,4.0
1283,1.0,0.0,0.0,0.0,0.0,0.0,0.9854524731636047,0.9445513486862183,0.9387446641921997,0.9785609245300293,0.9854575395584106,0.9802389144897461,1.0
1284,1.0,0.0,0.0,0.0,0.0,0.0,0.9734562039375305,0.9642153382301331,0.9824537038803101,0.9563839435577393,0.9707781076431274,0.9801610112190247,2.0
1285,1.0,0.0,0.0,0.0,0.0,0.0,0.9796403050422668,0.9492619633674622,0.953159511089325,0.9821255207061768,0.9887535572052002,0.9805193543434143,0.0
1286,1.0,0.0,0.0,0.0,0.0,0.0,0.9842294454574585,0.9400151968002319,0.9462817311286926,0.9786673188209534,0.984528124332428,0.9807863831520081,0.0
1287,1.0,0.0,0.0,0.0,0.0,1.0,0.9757117033004761,0.9524213075637817,0.9489901661872864,0.9815634489059448,0.9863812327384949,0.9719873070716858,1.0
1288,1.0,0.0,0.0,0.0,0.0,0.0,0.9840711355209351,0.9443352222442627,0.937305748462677,0.976992130279541,0.9837935566902161,0.9811283349990845,0.0
1289,1.0,0.0,0.0,0.0,0.0,0.0,0.9772079586982727,0.9496427774429321,0.9519830346107483,0.9805309772491455,0.9878901839256287,0.9840594530105591,2.0
1290,1.0,0.0,0.0,0.0,0.0,0.0,0.9873946905136108,0.9786548018455505,0.9685735106468201,0.9739421010017395,0.9831324219703674,0.9843285083770752,2.0
1291,1.0,0.0,0.0,0.0,0.0,0.0,0.9859108924865723,0.9438654780387878,0.9445460438728333,0.9801612496376038,0.9871992468833923,0.9830053448677063,4.0
1292,1.0,0.0,0.0,0.0,0.0,0.0,0.9873489141464233,0.9535906314849854,0.9536115527153015,0.9816519021987915,0.9784925580024719,0.9808061122894287,1.0
1293,1.0,0.0,0.0,0.0,0.0,0.0,0.9842721223831177,0.942110002040863,0.9430715441703796,0.9820306301116943,0.9853096604347229,0.9818269610404968,2.0
1294,1.0,0.0,0.0,0.0,0.0,0.0,0.9787898659706116,0.9645949006080627,0.964490532875061,0.9814956784248352,0.9817101359367371,0.9737199544906616,4.0
1295,1.0,0.0,0.0,0.0,0.0,0.0,0.9854245781898499,0.9535755515098572,0.9541338086128235,0.9816846251487732,0.9838535785675049,0.9811791777610779,1.0
1296,1.0,0.0,0.0,0.0,0.0,0.0,0.9849949479103088,0.9529501795768738,0.9554364681243896,0.9812109470367432,0.981860876083374,0.9786127805709839,3.0
1297,1.0,0.0,0.0,0.0,0.0,0.0,0.9848679900169373,0.9505638480186462,0.9478992819786072,0.9776401519775391,0.9862396121025085,0.9846295118331909,4.0
1298,1.0,0.0,0.0,0.0,0.0,0.0,0.9877015948295593,0.9321228861808777,0.9394968748092651,0.9772586226463318,0.9779046773910522,0.9806265234947205,0.0
1299,1.0,0.0,0.0,0.0,0.0,0.0,0.9824873805046082,0.9525992274284363,0.9424603581428528,0.9791476726531982,0.9862435460090637,0.9802172183990479,0.0
1300,1.0,0.0,0.0,0.0,0.0,0.0,0.9859970808029175,0.9597687125205994,0.9559162855148315,0.978890597820282,0.9862256050109863,0.983009397983551,4.0
1301,1.0,0.0,0.0,0.0,0.0,0.0,0.9827073216438293,0.9733077883720398,0.9780877828598022,0.9743167161941528,0.9843606352806091,0.9834778904914856,0.0
1302,1.0,0.0,0.0,0.0,0.0,0.0,0.9851201176643372,0.9533714056015015,0.9215098023414612,0.971763014793396,0.9848312139511108,0.9801090359687805,0.0
1303,1.0,0.0,0.0,0.0,0.0,0.0,0.9826241135597229,0.9682697653770447,0.9775152802467346,0.9725635647773743,0.9778026342391968,0.9807249307632446,0.0
1304,1.0,0.0,0.0,0.0,0.0,0.0,0.9828696846961975,0.9737343192100525,0.9674822688102722,0.9749959707260132,0.9830220937728882,0.9818397164344788,2.0
1305,1.0,0.0,0.0,0.0,0.0,0.0,0.9869384765625,0.967850387096405,0.9710625410079956,0.987004816532135,0.9807657599449158,0.9800096154212952,3.0
1306,1.0,0.0,0.0,0.0,0.0,0.0,0.985313892364502,0.966080904006958,0.9668393135070801,0.9861443042755127,0.9833796620368958,0.978496789932251,4.0
1307,1.0,0.0,0.0,0.0,0.0,0.0,0.9817740321159363,0.9793111681938171,0.9654328227043152,0.9846957325935364,0.9832226634025574,0.9814339280128479,2.0
1308,1.0,0.0,0.0,0.0,0.0,0.0,0.9815523028373718,0.9759544730186462,0.9532985687255859,0.9795223474502563,0.984315812587738,0.9798325300216675,4.0
1309,1.0,0.0,0.0,0.0,0.0,0.0,0.9807831645011902,0.9804401993751526,0.9715554714202881,0.9706518054008484,0.9790950417518616,0.9803401827812195,0.0
1310,1.0,0.0,0.0,0.0,0.0,0.0,0.9876783490180969,0.9620331525802612,0.9419471025466919,0.9782096147537231,0.9840584397315979,0.9811938405036926,0.0
1311,1.0,0.0,0.0,0.0,0.0,0.0,0.9867868423461914,0.963773787021637,0.9534192681312561,0.971642792224884,0.9810276031494141,0.9810068011283875,2.0
1312,1.0,0.0,0.0,0.0,0.0,0.0,0.9851660132408142,0.9662627577781677,0.9565970301628113,0.9798422455787659,0.9858601093292236,0.9818472266197205,4.0
1313,1.0,0.0,0.0,0.0,0.0,0.0,0.9823783040046692,0.9710638523101807,0.972486138343811,0.9747426509857178,0.9841150045394897,0.9837155938148499,1.0
1314,1.0,0.0,0.0,0.0,0.0,0.0,0.9814547896385193,0.9717313647270203,0.960686206817627,0.9779295325279236,0.9850496649742126,0.9819803237915039,2.0
1315,1.0,0.0,0.0,0.0,0.0,0.0,0.9816919565200806,0.9441262483596802,0.9408736228942871,0.9611294269561768,0.9800036549568176,0.9794391989707947,2.0
1316,1.0,0.0,0.0,0.0,0.0,0.0,0.9865083694458008,0.9497659206390381,0.9448824524879456,0.9788331389427185,0.9859645366668701,0.9814372062683105,0.0
1317,1.0,0.0,0.0,0.0,0.0,0.0,0.9860712885856628,0.9364777207374573,0.9334914684295654,0.9767176508903503,0.9850769639015198,0.9812528491020203,2.0
1318,1.0,0.0,0.0,0.0,0.0,0.0,0.9812245965003967,0.9512618184089661,0.9484292268753052,0.9841892123222351,0.9881454706192017,0.9807460308074951,2.0
1319,1.0,0.0,0.0,0.0,1.0,0.0,0.9843029975891113,0.9493044018745422,0.9556698203086853,0.9856798648834229,0.9839370250701904,0.9803047776222229,2.0
1320,1.0,0.0,0.0,0.0,0.0,0.0,0.9763893485069275,0.9655852913856506,0.9495193958282471,0.979373574256897,0.9887886643409729,0.978346586227417,2.0
1321,1.0,0.0,0.0,0.0,0.0,0.0,0.9845027327537537,0.9759698510169983,0.9793851375579834,0.9813825488090515,0.9838016629219055,0.9835911393165588,0.0
1322,1.0,0.0,0.0,0.0,0.0,0.0,0.9861109256744385,0.9526589512825012,0.9511516690254211,0.9834340810775757,0.9807594418525696,0.9808844327926636,2.0
1323,1.0,0.0,0.0,0.0,1.0,0.0,0.9822465777397156,0.9768916964530945,0.9669370055198669,0.986210286617279,0.9838468432426453,0.9807222485542297,2.0
1324,1.0,0.0,0.0,0.0,0.0,0.0,0.9818925857543945,0.9493044018745422,0.9557932019233704,0.9852720499038696,0.9872220158576965,0.9823770523071289,3.0
1325,1.0,0.0,0.0,0.0,0.0,0.0,0.9751328825950623,0.9713299870491028,0.9701837301254272,0.9760199189186096,0.9835925102233887,0.9786473512649536,4.0
1326,1.0,0.0,0.0,0.0,0.0,0.0,0.977060854434967,0.954761803150177,0.9640724062919617,0.9757621884346008,0.9852313995361328,0.9836862683296204,3.0
1327,1.0,0.0,0.0,0.0,0.0,0.0,0.9842225909233093,0.9622880816459656,0.9508419036865234,0.9801921844482422,0.985864520072937,0.979720950126648,4.0
1328,1.0,0.0,0.0,0.0,0.0,0.0,0.9844858646392822,0.9733537435531616,0.9513089656829834,0.9810131192207336,0.9846326112747192,0.9807081818580627,3.0
1329,1.0,0.0,0.0,0.0,0.0,0.0,0.9874709248542786,0.959709107875824,0.9505781531333923,0.978890597820282,0.9856719970703125,0.9811490774154663,3.0
1330,1.0,0.0,0.0,0.0,0.0,0.0,0.9846694469451904,0.9600954055786133,0.9565491676330566,0.9843968749046326,0.9867753982543945,0.9794043302536011,2.0
1331,1.0,0.0,0.0,0.0,0.0,0.0,0.9837313890457153,0.9766594171524048,0.9715988039970398,0.9665148854255676,0.9827002286911011,0.9837579131126404,3.0
1332,1.0,0.0,0.0,0.0,0.0,0.0,0.9873286485671997,0.9674769043922424,0.962068498134613,0.9841240048408508,0.9762536883354187,0.9815641045570374,0.0
1333,1.0,0.0,0.0,0.0,0.0,0.0,0.9775397777557373,0.9565632343292236,0.9525808691978455,0.9828580617904663,0.9881513118743896,0.9782142639160156,0.0
1334,1.0,0.0,0.0,0.0,0.0,0.0,0.9817889332771301,0.9461955428123474,0.9343744516372681,0.976162314414978,0.9824037551879883,0.977321445941925,0.0
1335,1.0,0.0,0.0,0.0,0.0,0.0,0.9869333505630493,0.9673036336898804,0.9606503248214722,0.9781364798545837,0.9835478663444519,0.9851531982421875,3.0
1336,1.0,0.0,0.0,0.0,0.0,1.0,0.982626736164093,0.9647381901741028,0.9837425947189331,0.9495527148246765,0.9720684885978699,0.9811763167381287,2.0
1337,1.0,0.0,0.0,0.0,0.0,0.0,0.9877088069915771,0.9604671001434326,0.9406770467758179,0.9771826863288879,0.9744454026222229,0.9796416759490967,1.0
1338,1.0,0.0,0.0,0.0,0.0,0.0,0.9839788675308228,0.9746053814888,0.9757052063941956,0.9761310815811157,0.980076253414154,0.9831565022468567,2.0
1339,1.0,0.0,0.0,0.0,0.0,0.0,0.9832674860954285,0.9457492828369141,0.9179455041885376,0.9620437622070312,0.979428231716156,0.977667510509491,3.0
1340,1.0,0.0,0.0,0.0,0.0,0.0,0.9839341044425964,0.9409602284431458,0.9343867897987366,0.9731788635253906,0.983299970626831,0.9791192412376404,0.0
1341,1.0,0.0,0.0,0.0,0.0,1.0,0.9768706560134888,0.9717983603477478,0.9880595803260803,0.9545798301696777,0.977100133895874,0.9798275232315063,1.0
1342,1.0,0.0,0.0,0.0,0.0,0.0,0.9825789928436279,0.9724707007408142,0.9716586470603943,0.9800205230712891,0.9813843965530396,0.9805025458335876,2.0
1343,1.0,0.0,0.0,0.0,1.0,0.0,0.9762387871742249,0.971585750579834,0.9796003699302673,0.9767537117004395,0.9773033261299133,0.9793344736099243,3.0
1344,1.0,0.0,0.0,0.0,0.0,0.0,0.9835929870605469,0.9593391418457031,0.9512115120887756,0.9798636436462402,0.9867128133773804,0.9823365807533264,0.0
1345,1.0,0.0,0.0,0.0,0.0,0.0,0.9839074611663818,0.9644137620925903,0.9673057794570923,0.9846572279930115,0.982431948184967,0.98225337266922,2.0
1346,1.0,0.0,0.0,0.0,0.0,0.0,0.9868366718292236,0.9682593941688538,0.9701797962188721,0.9762523174285889,0.9842245578765869,0.9822601675987244,4.0
1347,1.0,0.0,0.0,0.0,0.0,0.0,0.9790775179862976,0.9593112468719482,0.956393837928772,0.9843995571136475,0.9876876473426819,0.9818913340568542,2.0
1348,1.0,0.0,0.0,0.0,0.0,0.0,0.984015703201294,0.9442789554595947,0.9451573491096497,0.9790184497833252,0.9862492680549622,0.9819445610046387,4.0
1349,1.0,0.0,0.0,0.0,0.0,0.0,0.9824831485748291,0.9522242546081543,0.9614977240562439,0.9851940274238586,0.9813319444656372,0.9763337969779968,0.0
1350,1.0,0.0,0.0,0.0,0.0,0.0,0.9851319193840027,0.9511516690254211,0.9600017666816711,0.9748318195343018,0.9820936322212219,0.9797755479812622,3.0
1351,1.0,0.0,0.0,0.0,0.0,0.0,0.9815364480018616,0.951745331287384,0.9476407766342163,0.9798141121864319,0.9852256178855896,0.9791226387023926,2.0
1352,1.0,0.0,0.0,0.0,0.0,0.0,0.974586009979248,0.9476811289787292,0.9453678131103516,0.9820444583892822,0.988059937953949,0.9798288941383362,0.0
1353,1.0,0.0,0.0,0.0,0.0,0.0,0.9871750473976135,0.9262861013412476,0.9292265772819519,0.9726128578186035,0.9815007448196411,0.9792815446853638,3.0
1354,1.0,0.0,0.0,0.0,0.0,0.0,0.9835599660873413,0.9534177780151367,0.9478556513786316,0.9805009365081787,0.986090898513794,0.9798261523246765,4.0
1355,1.0,0.0,0.0,0.0,0.0,0.0,0.9849602580070496,0.9659718871116638,0.9784135818481445,0.9752681255340576,0.9799491763114929,0.9842867851257324,1.0
1356,1.0,0.0,0.0,0.0,0.0,0.0,0.9799697995185852,0.9802753329277039,0.9748138785362244,0.9728713035583496,0.9811082482337952,0.9810721278190613,1.0
1357,1.0,0.0,0.0,0.0,0.0,0.0,0.9799755215644836,0.9444135427474976,0.9215490818023682,0.9655051231384277,0.9816179871559143,0.9823864698410034,2.0
1358,1.0,0.0,0.0,0.0,0.0,0.0,0.9833434820175171,0.9503322839736938,0.9598321914672852,0.9829936027526855,0.9768630266189575,0.9769365191459656,3.0
1359,1.0,0.0,0.0,0.0,0.0,0.0,0.9836989641189575,0.9511800408363342,0.9504090547561646,0.983009397983551,0.9876036643981934,0.9835094809532166,2.0
1360,1.0,0.0,0.0,0.0,0.0,0.0,0.9823980927467346,0.9507880210876465,0.9531868100166321,0.9818187952041626,0.9865930676460266,0.9798760414123535,0.0
1361,1.0,0.0,0.0,0.0,0.0,0.0,0.9823111295700073,0.9468255043029785,0.9457206130027771,0.9808965921401978,0.9841293096542358,0.9785224795341492,1.0
1362,1.0,0.0,0.0,0.0,0.0,0.0,0.9867460131645203,0.93413907289505,0.926521897315979,0.9713752269744873,0.9829508662223816,0.9829593896865845,2.0
1363,1.0,0.0,0.0,0.0,0.0,0.0,0.9840446710586548,0.9509084224700928,0.9455147981643677,0.9780842661857605,0.9858666062355042,0.9800199270248413,4.0
1364,1.0,0.0,0.0,0.0,1.0,0.0,0.97889244556427,0.9664962887763977,0.9692810773849487,0.9781270027160645,0.9855087399482727,0.9832704067230225,0.0
1365,1.0,0.0,0.0,0.0,0.0,0.0,0.9770301580429077,0.9524981379508972,0.9555460810661316,0.9847440123558044,0.9874153733253479,0.9773858785629272,3.0
1366,1.0,0.0,0.0,0.0,1.0,0.0,0.9868165850639343,0.9728631377220154,0.9699394702911377,0.972934365272522,0.9830300211906433,0.9843239784240723,2.0
1367,1.0,0.0,0.0,0.0,0.0,0.0,0.9843841791152954,0.9625200033187866,0.9727551937103271,0.9830257296562195,0.9805116057395935,0.9813058972358704,4.0
1368,1.0,0.0,0.0,0.0,0.0,0.0,0.9860792756080627,0.9654158353805542,0.9690947532653809,0.9781762957572937,0.9829603433609009,0.9800613522529602,0.0
1369,1.0,0.0,0.0,0.0,0.0,0.0,0.9804199934005737,0.9604266881942749,0.9583746194839478,0.9850597381591797,0.9877716302871704,0.9777513742446899,4.0
1370,1.0,0.0,0.0,0.0,0.0,0.0,0.9710586667060852,0.9675865769386292,0.9645391702651978,0.9820113182067871,0.98421311378479,0.9759081602096558,0.0
1371,1.0,0.0,0.0,0.0,0.0,0.0,0.9844813346862793,0.9537433981895447,0.9415788650512695,0.978363037109375,0.9868518710136414,0.9811151623725891,3.0
1372,1.0,0.0,0.0,0.0,1.0,0.0,0.9883056879043579,0.9651739001274109,0.9589897990226746,0.9814403057098389,0.9825456142425537,0.9801908731460571,2.0
1373,1.0,0.0,0.0,0.0,0.0,0.0,0.975288987159729,0.9531019926071167,0.9591946601867676,0.9818836450576782,0.9829227924346924,0.9783099889755249,3.0
1374,1.0,0.0,0.0,0.0,0.0,0.0,0.9810263514518738,0.9495291709899902,0.9555143713951111,0.9841863512992859,0.9838719964027405,0.9796923398971558,0.0
1375,1.0,0.0,0.0,0.0,0.0,0.0,0.9856953024864197,0.9593271613121033,0.9682071805000305,0.9766401052474976,0.9735017418861389,0.9809897541999817,2.0
1376,1.0,0.0,0.0,1.0,0.0,0.0,0.9814130067825317,0.9551846385002136,0.9634899497032166,0.9855847954750061,0.9795895218849182,0.9762505888938904,0.0
1377,1.0,0.0,0.0,0.0,0.0,0.0,0.9877915978431702,0.949281632900238,0.9511737823486328,0.9797811508178711,0.9814748764038086,0.9815707802772522,2.0
1378,1.0,0.0,0.0,0.0,0.0,0.0,0.9760301113128662,0.9474283456802368,0.9684514999389648,0.9755095839500427,0.9747493267059326,0.9776315689086914,0.0
1379,1.0,0.0,0.0,0.0,0.0,0.0,0.9811651706695557,0.9526543021202087,0.9567825198173523,0.9857984781265259,0.9850568175315857,0.9785609245300293,1.0
1380,1.0,0.0,0.0,0.0,0.0,1.0,0.9829878807067871,0.9568274021148682,0.9621500372886658,0.9872926473617554,0.9809609651565552,0.9767037630081177,2.0
1381,1.0,0.0,0.0,0.0,0.0,0.0,0.981147825717926,0.9704016447067261,0.9688786864280701,0.9824513792991638,0.9802461266517639,0.9773026704788208,0.0
1382,1.0,0.0,0.0,0.0,0.0,0.0,0.979622483253479,0.9738864302635193,0.9862480759620667,0.9649726748466492,0.9792726039886475,0.9825711846351624,0.0
1383,1.0,0.0,0.0,0.0,0.0,0.0,0.976189136505127,0.9516752362251282,0.9559162855148315,0.9821350574493408,0.9858524799346924,0.9785749912261963,0.0
1384,1.0,0.0,0.0,0.0,1.0,0.0,0.9881807565689087,0.9638295769691467,0.9639735817909241,0.9720785021781921,0.9817490577697754,0.9834518432617188,3.0
1385,1.0,0.0,0.0,0.0,1.0,0.0,0.980985164642334,0.9628040194511414,0.9572705626487732,0.9873069524765015,0.9833056330680847,0.9718177914619446,1.0
1386,1.0,0.0,0.0,0.0,0.0,0.0,0.9835793375968933,0.9432497024536133,0.9559761881828308,0.9829087257385254,0.9787836074829102,0.9784020781517029,0.0
1387,1.0,0.0,0.0,0.0,1.0,0.0,0.9835161566734314,0.9514376521110535,0.9414107203483582,0.9803984761238098,0.983643114566803,0.9830263257026672,2.0
1388,1.0,0.0,0.0,0.0,0.0,0.0,0.9824891090393066,0.9857040047645569,0.9852347373962402,0.9532336592674255,0.9785053730010986,0.982465386390686,3.0
1389,1.0,0.0,0.0,0.0,0.0,0.0,0.9669542908668518,0.9747109413146973,0.9450060725212097,0.9782838821411133,0.9876978993415833,0.9753897190093994,1.0
1390,1.0,0.0,0.0,0.0,1.0,0.0,0.9836499691009521,0.9724434018135071,0.9796465039253235,0.9792571067810059,0.9744225740432739,0.981272280216217,4.0
1391,1.0,0.0,0.0,0.0,1.0,0.0,0.9798930883407593,0.9751855134963989,0.9861652851104736,0.9772815108299255,0.9741994142532349,0.9796207547187805,1.0
1392,1.0,0.0,0.0,0.0,0.0,0.0,0.9745982885360718,0.9612863063812256,0.9590430855751038,0.9822450876235962,0.9844802021980286,0.97967529296875,3.0
1393,1.0,0.0,0.0,0.0,0.0,0.0,0.9815126657485962,0.9436458945274353,0.9343411326408386,0.9780164957046509,0.9862635135650635,0.9838696122169495,2.0
1394,1.0,0.0,0.0,0.0,0.0,0.0,0.9828603863716125,0.9695233702659607,0.9743235111236572,0.9676551222801208,0.9821273684501648,0.9828621745109558,1.0
1395,1.0,0.0,0.0,0.0,0.0,0.0,0.9713752269744873,0.9458284378051758,0.9423056840896606,0.9839794635772705,0.9865402579307556,0.96914142370224,1.0
1396,1.0,0.0,0.0,0.0,0.0,0.0,0.9843602776527405,0.9404723644256592,0.9282300472259521,0.9698116779327393,0.9848435521125793,0.9789658784866333,3.0
1397,1.0,0.0,0.0,0.0,0.0,0.0,0.9862411022186279,0.9421359300613403,0.9498434662818909,0.9784210324287415,0.9809618592262268,0.9817436933517456,3.0
1398,1.0,0.0,0.0,0.0,0.0,0.0,0.9767287969589233,0.9455776810646057,0.9471676349639893,0.9787197709083557,0.9867408871650696,0.9773979783058167,1.0
1399,1.0,0.0,0.0,0.0,0.0,0.0,0.9844347834587097,0.9585233330726624,0.9218426942825317,0.9687701463699341,0.9816174507141113,0.9773927330970764,4.0
1400,1.0,0.0,0.0,0.0,0.0,0.0,0.9884840846061707,0.9569752812385559,0.9548028111457825,0.9733095169067383,0.9810181856155396,0.9826829433441162,4.0
1401,1.0,0.0,0.0,0.0,0.0,0.0,0.9815139174461365,0.9490480422973633,0.9369821548461914,0.9691819548606873,0.9830206632614136,0.9789085388183594,0.0
1402,1.0,0.0,0.0,0.0,0.0,0.0,0.9814938306808472,0.954145610332489,0.9618426561355591,0.9856371283531189,0.9841327667236328,0.9796186685562134,0.0
1403,1.0,0.0,0.0,0.0,0.0,0.0,0.9845178723335266,0.9689093828201294,0.9697101712226868,0.9819980263710022,0.9823802709579468,0.9812986254692078,2.0
1404,1.0,0.0,0.0,0.0,1.0,0.0,0.985853910446167,0.9771077632904053,0.9789354205131531,0.9818434119224548,0.9784935712814331,0.982209324836731,2.0
1405,1.0,0.0,0.0,0.0,0.0,0.0,0.9813060164451599,0.964264452457428,0.9685312509536743,0.981181263923645,0.9838991165161133,0.9799404740333557,1.0
1406,1.0,0.0,0.0,0.0,0.0,0.0,0.9832825064659119,0.9742581248283386,0.9840391278266907,0.9659071564674377,0.9813946485519409,0.9842029809951782,1.0
1407,1.0,0.0,0.0,0.0,0.0,0.0,0.9854009747505188,0.9752492904663086,0.9784996509552002,0.9736396074295044,0.982779860496521,0.9850104451179504,3.0
1408,1.0,0.0,0.0,0.0,0.0,0.0,0.984641969203949,0.9532759189605713,0.9621846675872803,0.9799464344978333,0.9809010624885559,0.9805575609207153,4.0
1409,1.0,0.0,0.0,0.0,0.0,0.0,0.9838520884513855,0.9580432772636414,0.9529379606246948,0.9787408709526062,0.986497700214386,0.9829880595207214,4.0
1410,1.0,0.0,0.0,0.0,0.0,0.0,0.9801926016807556,0.9661231637001038,0.9665773510932922,0.9820647835731506,0.9821236729621887,0.9789403080940247,0.0
1411,0.0,1.0,0.0,0.0,0.0,0.0,0.9754145741462708,0.976965069770813,0.9696962833404541,0.9684576988220215,0.97989422082901,0.9757509231567383,1.0
1412,0.0,1.0,0.0,0.0,0.0,0.0,0.9744429588317871,0.9938818216323853,0.9361845850944519,0.9517126083374023,0.9595066905021667,0.960529625415802,0.0
1413,0.0,1.0,0.0,0.0,0.0,0.0,0.9699543118476868,0.9935545921325684,0.9587885737419128,0.9273029565811157,0.9567684531211853,0.9531989097595215,1.0
1414,0.0,1.0,0.0,0.0,0.0,0.0,0.9708309769630432,0.9955556988716125,0.9105597138404846,0.9341015219688416,0.9482231736183167,0.9463747143745422,1.0
1415,0.0,1.0,0.0,0.0,0.0,0.0,0.970873236656189,0.9963944554328918,0.8257967233657837,0.9198007583618164,0.9397008419036865,0.9336933493614197,4.0
1416,0.0,1.0,0.0,0.0,0.0,0.0,0.971461832523346,0.9877731204032898,0.9721556901931763,0.9273632764816284,0.9618750214576721,0.9628500938415527,3.0
1417,0.0,1.0,0.0,0.0,0.0,0.0,0.975700318813324,0.9900151491165161,0.954653263092041,0.9635461568832397,0.9656133651733398,0.9616029858589172,4.0
1418,0.0,1.0,0.0,0.0,0.0,0.0,0.968125581741333,0.9854692816734314,0.9765333533287048,0.9218789339065552,0.9631690382957458,0.963640034198761,1.0
1419,0.0,1.0,0.0,0.0,0.0,0.0,0.9706730842590332,0.9959815740585327,0.8895494341850281,0.918688178062439,0.9375761151313782,0.9402707815170288,1.0
1420,0.0,1.0,0.0,0.0,0.0,0.0,0.9701414108276367,0.9944962859153748,0.8130365014076233,0.9388615489006042,0.9325421452522278,0.9251388907432556,1.0
1421,0.0,1.0,0.0,0.0,0.0,0.0,0.9715145230293274,0.9920308589935303,0.9494998455047607,0.9253101348876953,0.939942479133606,0.9466769099235535,0.0
1422,0.0,1.0,0.0,0.0,0.0,0.0,0.969950258731842,0.9961165189743042,0.7891682982444763,0.9127337336540222,0.9189613461494446,0.9225289225578308,2.0
1423,0.0,1.0,0.0,0.0,0.0,0.0,0.9727470874786377,0.9952049255371094,0.905660092830658,0.9212519526481628,0.9484988451004028,0.9473134279251099,1.0
1424,0.0,1.0,0.0,0.0,0.0,0.0,0.9729816317558289,0.9902828931808472,0.9707851409912109,0.9332769513130188,0.9623103141784668,0.9611192941665649,3.0
1425,0.0,1.0,0.0,0.0,0.0,0.0,0.9764072895050049,0.9933786392211914,0.9304126501083374,0.9545150995254517,0.9648279547691345,0.9586443901062012,3.0
1426,0.0,1.0,0.0,0.0,0.0,0.0,0.9827451109886169,0.9808475971221924,0.969743013381958,0.9728860855102539,0.9848220944404602,0.9841094613075256,3.0
1427,0.0,1.0,0.0,0.0,0.0,0.0,0.9716044068336487,0.9864582419395447,0.9245213270187378,0.9716296195983887,0.9804757237434387,0.9724807143211365,0.0
1428,0.0,1.0,0.0,0.0,0.0,0.0,0.9780514240264893,0.9820709228515625,0.9454519152641296,0.9782774448394775,0.9786818623542786,0.9754713773727417,3.0
1429,0.0,1.0,0.0,0.0,0.0,0.0,0.9705124497413635,0.981799840927124,0.9338149428367615,0.9745784401893616,0.9818981289863586,0.9738830924034119,0.0
1430,0.0,1.0,0.0,0.0,0.0,0.0,0.9804167151451111,0.9867239594459534,0.9408396482467651,0.9762795567512512,0.9788962006568909,0.9761709570884705,2.0
1431,0.0,1.0,0.0,0.0,0.0,0.0,0.9814406633377075,0.9812750220298767,0.9447481632232666,0.9807969331741333,0.982698380947113,0.9748210310935974,3.0
1432,0.0,1.0,0.0,0.0,0.0,0.0,0.9797543883323669,0.9714637398719788,0.9497852921485901,0.9842934012413025,0.988760232925415,0.9788868427276611,3.0
1433,0.0,1.0,0.0,0.0,0.0,0.0,0.9726473689079285,0.9890729784965515,0.8519459366798401,0.9444500207901001,0.9517033100128174,0.9533287882804871,1.0
1434,0.0,1.0,0.0,0.0,0.0,0.0,0.9710681438446045,0.9948410391807556,0.8335862755775452,0.9484391808509827,0.9398620128631592,0.9267295002937317,4.0
1435,0.0,1.0,0.0,0.0,0.0,0.0,0.9788836240768433,0.9877580404281616,0.9296137094497681,0.9718039631843567,0.9806188941001892,0.9760861396789551,0.0
1436,0.0,1.0,0.0,0.0,0.0,0.0,0.9727003574371338,0.9950346946716309,0.907035768032074,0.9152814149856567,0.9427356719970703,0.9412384629249573,2.0
1437,0.0,1.0,0.0,0.0,0.0,0.0,0.9682050347328186,0.983555257320404,0.9230073094367981,0.9739347100257874,0.9836926460266113,0.9708948135375977,2.0
1438,0.0,1.0,0.0,0.0,0.0,0.0,0.973703920841217,0.988153874874115,0.921998918056488,0.9721778035163879,0.9790883660316467,0.9672757387161255,4.0
1439,0.0,1.0,0.0,0.0,0.0,0.0,0.9747835397720337,0.9963623881340027,0.809176504611969,0.9323413372039795,0.9498887062072754,0.9381806254386902,4.0
1440,0.0,1.0,0.0,0.0,0.0,0.0,0.9761390686035156,0.9891675710678101,0.9092141389846802,0.9698319435119629,0.9747592806816101,0.9635424017906189,4.0
1441,0.0,1.0,0.0,0.0,0.0,0.0,0.977933943271637,0.9884831309318542,0.9232912659645081,0.9743531942367554,0.980198085308075,0.9726002216339111,0.0
1442,0.0,1.0,0.0,0.0,0.0,0.0,0.9729567170143127,0.993770182132721,0.9165324568748474,0.962399959564209,0.9575388431549072,0.955727219581604,0.0
1443,0.0,1.0,0.0,0.0,0.0,0.0,0.976586103439331,0.9799374938011169,0.9240990281105042,0.9734019041061401,0.9836869835853577,0.978955864906311,4.0
1444,0.0,1.0,0.0,0.0,0.0,0.0,0.977910041809082,0.984183132648468,0.937156081199646,0.9743971824645996,0.9789898991584778,0.9751312136650085,0.0
1445,0.0,1.0,0.0,0.0,0.0,0.0,0.975390613079071,0.984254002571106,0.97493976354599,0.9692720770835876,0.967585563659668,0.9703977108001709,4.0
1446,0.0,1.0,0.0,0.0,0.0,0.0,0.9721181988716125,0.9865235686302185,0.9302456378936768,0.9737603068351746,0.9793393015861511,0.9729682207107544,1.0
1447,0.0,1.0,0.0,0.0,0.0,0.0,0.9700421094894409,0.9755911827087402,0.9526512622833252,0.9829577803611755,0.9850454926490784,0.9668479561805725,0.0
1448,0.0,1.0,0.0,0.0,0.0,0.0,0.9791825413703918,0.9873595833778381,0.9581372737884521,0.9634673595428467,0.9793878793716431,0.9770895838737488,1.0
1449,0.0,1.0,0.0,0.0,0.0,0.0,0.9738864302635193,0.9866012930870056,0.9346607327461243,0.9749964475631714,0.9819143414497375,0.9736673831939697,1.0
1450,0.0,1.0,0.0,0.0,0.0,0.0,0.9833342432975769,0.9871153831481934,0.970895528793335,0.9645618200302124,0.9785609245300293,0.9788162708282471,4.0
1451,0.0,1.0,0.0,0.0,0.0,0.0,0.9818336367607117,0.9852842688560486,0.962023913860321,0.9744365811347961,0.9828900694847107,0.9818184971809387,2.0
1452,0.0,1.0,0.0,0.0,0.0,0.0,0.9777576327323914,0.9841687083244324,0.9640570878982544,0.9772732853889465,0.9817624092102051,0.978812038898468,2.0
1453,0.0,1.0,0.0,0.0,0.0,0.0,0.9652796983718872,0.9819591641426086,0.920854926109314,0.9703996181488037,0.9820220470428467,0.968835175037384,1.0
1454,0.0,1.0,0.0,0.0,0.0,0.0,0.9780248403549194,0.9823511838912964,0.9711889028549194,0.9755337834358215,0.9796150326728821,0.9808730483055115,0.0
1455,0.0,1.0,0.0,0.0,0.0,0.0,0.9730080366134644,0.9872012138366699,0.8865442872047424,0.9552904367446899,0.9632399082183838,0.9599666595458984,1.0
1456,0.0,1.0,0.0,0.0,0.0,0.0,0.9745717644691467,0.9892131686210632,0.9117046594619751,0.96625816822052,0.9571983814239502,0.9518464803695679,2.0
1457,0.0,1.0,0.0,0.0,0.0,0.0,0.9695344567298889,0.9950906038284302,0.8013933897018433,0.939596951007843,0.922843337059021,0.91957026720047,0.0
1458,0.0,1.0,0.0,0.0,0.0,0.0,0.9758266806602478,0.9871312975883484,0.9445814490318298,0.9756222367286682,0.9767539501190186,0.9730724096298218,4.0
1459,0.0,1.0,0.0,0.0,0.0,0.0,0.9799110889434814,0.9873335361480713,0.9441325068473816,0.9739183187484741,0.976813554763794,0.9731664061546326,2.0
1460,0.0,1.0,0.0,0.0,0.0,0.0,0.977176308631897,0.9878560900688171,0.9091147184371948,0.9601836800575256,0.975085973739624,0.9725595116615295,3.0
1461,0.0,1.0,0.0,0.0,0.0,0.0,0.9780062437057495,0.9868656992912292,0.9340493083000183,0.9776265621185303,0.9700647592544556,0.9657639265060425,1.0
1462,0.0,1.0,0.0,0.0,0.0,0.0,0.979788601398468,0.9885295033454895,0.931938111782074,0.9717677235603333,0.9728189706802368,0.9698651432991028,0.0
1463,0.0,1.0,0.0,0.0,0.0,0.0,0.9788296222686768,0.9884374737739563,0.9222959280014038,0.9676938652992249,0.9756150245666504,0.9690784811973572,0.0
1464,0.0,1.0,0.0,0.0,0.0,0.0,0.9744386672973633,0.983025848865509,0.9690621495246887,0.9771975874900818,0.9816771745681763,0.9784049391746521,3.0
1465,0.0,1.0,0.0,0.0,0.0,0.0,0.9777790307998657,0.9840675592422485,0.9715510606765747,0.9767342805862427,0.9701335430145264,0.9695093631744385,2.0
1466,0.0,1.0,0.0,0.0,0.0,0.0,0.974346399307251,0.9954938888549805,0.8653734922409058,0.9365442395210266,0.9523629546165466,0.9412797689437866,1.0
1467,0.0,1.0,0.0,0.0,0.0,0.0,0.971889317035675,0.9956525564193726,0.8911681771278381,0.932324230670929,0.9377821683883667,0.9386510252952576,0.0
1468,0.0,1.0,0.0,0.0,0.0,0.0,0.9747676849365234,0.9942003488540649,0.9079354405403137,0.9592457413673401,0.9582147002220154,0.9571844935417175,1.0
1469,0.0,1.0,0.0,0.0,0.0,0.0,0.9756794571876526,0.9910374879837036,0.8630678057670593,0.9596526622772217,0.9627165198326111,0.9505781531333923,3.0
1470,0.0,1.0,0.0,0.0,0.0,0.0,0.9786213040351868,0.9908909201622009,0.9439049363136292,0.9646503329277039,0.968400776386261,0.9633633494377136,4.0
1471,0.0,1.0,0.0,0.0,0.0,0.0,0.9825671315193176,0.9846231341362,0.9622660279273987,0.9787703156471252,0.9722437858581543,0.9791676998138428,1.0
1472,0.0,1.0,0.0,0.0,0.0,0.0,0.9750736355781555,0.9927617907524109,0.907127320766449,0.9628598093986511,0.9504602551460266,0.9478959441184998,2.0
1473,0.0,1.0,0.0,0.0,0.0,0.0,0.98002028465271,0.9912617206573486,0.9577836394309998,0.9647196531295776,0.9698215126991272,0.9715219140052795,3.0
1474,0.0,1.0,0.0,0.0,0.0,0.0,0.9801315665245056,0.9848183393478394,0.9689388871192932,0.9744880795478821,0.974346399307251,0.9787550568580627,3.0
1475,0.0,1.0,0.0,0.0,0.0,0.0,0.9771585464477539,0.9945212602615356,0.9146721363067627,0.9540818333625793,0.9549692869186401,0.9520109295845032,2.0
1476,0.0,1.0,0.0,0.0,0.0,0.0,0.9744915962219238,0.9794510006904602,0.9501430988311768,0.9808704257011414,0.9816176295280457,0.9738640785217285,3.0
1477,0.0,1.0,0.0,0.0,0.0,0.0,0.9744500517845154,0.9946801066398621,0.8495022654533386,0.9466065764427185,0.9526375532150269,0.9443610310554504,2.0
1478,0.0,1.0,0.0,0.0,0.0,0.0,0.9829413294792175,0.9826452732086182,0.9562636017799377,0.9828006029129028,0.9850532412528992,0.9810503125190735,4.0
1479,0.0,1.0,0.0,0.0,0.0,0.0,0.9803580045700073,0.9894599914550781,0.9372698068618774,0.9686189293861389,0.9795732498168945,0.9759889245033264,4.0
1480,0.0,1.0,0.0,0.0,0.0,0.0,0.9756633639335632,0.9928198456764221,0.8997807502746582,0.9566941261291504,0.9559677243232727,0.959748387336731,0.0
1481,0.0,1.0,0.0,0.0,0.0,0.0,0.9785606265068054,0.9848071336746216,0.9259985685348511,0.9723979830741882,0.9831660985946655,0.9770933389663696,3.0
1482,0.0,1.0,0.0,0.0,0.0,0.0,0.9835662245750427,0.9848402142524719,0.9770849943161011,0.9761400818824768,0.9779742360115051,0.9805445671081543,4.0
1483,0.0,1.0,0.0,0.0,0.0,0.0,0.9812909364700317,0.9813416004180908,0.9362858533859253,0.9706818461418152,0.9717909097671509,0.9710472226142883,0.0
1484,0.0,1.0,0.0,0.0,0.0,0.0,0.9684194326400757,0.9949245452880859,0.8508433699607849,0.9199007153511047,0.928482711315155,0.9376276731491089,4.0
1485,0.0,1.0,0.0,0.0,0.0,0.0,0.9781930446624756,0.9766986966133118,0.9471065402030945,0.9769784808158875,0.9855287671089172,0.9793248772621155,4.0
1486,0.0,1.0,0.0,0.0,0.0,0.0,0.9718262553215027,0.9931570887565613,0.9150207042694092,0.9486336708068848,0.9439390301704407,0.9470794200897217,0.0
1487,0.0,1.0,0.0,0.0,0.0,0.0,0.9814941883087158,0.9764381051063538,0.949009895324707,0.9785157442092896,0.9763054847717285,0.9754109382629395,0.0
1488,0.0,1.0,0.0,0.0,0.0,0.0,0.9667871594429016,0.9952697157859802,0.9258776307106018,0.9270946979522705,0.9369621276855469,0.9364151358604431,1.0
1489,0.0,1.0,0.0,0.0,0.0,0.0,0.9763532876968384,0.9745153784751892,0.9663112759590149,0.9787405133247375,0.9857257604598999,0.9833161234855652,3.0
1490,0.0,1.0,0.0,0.0,0.0,0.0,0.9712173342704773,0.9711804389953613,0.9767870306968689,0.9698601961135864,0.9806500673294067,0.9782137274742126,0.0
1491,0.0,1.0,0.0,0.0,0.0,0.0,0.9757902026176453,0.9880962371826172,0.9745415449142456,0.9466023445129395,0.9655255079269409,0.9651761054992676,2.0
1492,0.0,1.0,0.0,0.0,0.0,0.0,0.9747776389122009,0.9881997108459473,0.9564884901046753,0.9453503489494324,0.9739726185798645,0.9724445343017578,3.0
1493,0.0,1.0,0.0,0.0,0.0,0.0,0.9754263162612915,0.9705967903137207,0.9593456983566284,0.9792436957359314,0.986702024936676,0.9801958203315735,1.0
1494,0.0,1.0,0.0,0.0,0.0,0.0,0.9669207334518433,0.9796621799468994,0.939176082611084,0.9796112179756165,0.9877116084098816,0.9742105007171631,1.0
1495,0.0,1.0,0.0,0.0,0.0,0.0,0.9784546494483948,0.9784925580024719,0.9598740339279175,0.9850888848304749,0.9833394289016724,0.974437415599823,4.0
1496,0.0,1.0,0.0,0.0,0.0,0.0,0.9718127250671387,0.9719716310501099,0.931519627571106,0.9740978479385376,0.9860799908638,0.9750706553459167,4.0
1497,0.0,1.0,0.0,0.0,0.0,0.0,0.9792760610580444,0.9905579090118408,0.9730805158615112,0.958084225654602,0.9765567779541016,0.9772589206695557,2.0
1498,0.0,1.0,0.0,0.0,0.0,0.0,0.9710644483566284,0.9970914125442505,0.8547886610031128,0.9252139925956726,0.9430896639823914,0.9366328120231628,4.0
1499,0.0,1.0,0.0,0.0,0.0,0.0,0.9710185527801514,0.9948004484176636,0.8594762682914734,0.9527169466018677,0.9398236870765686,0.9344865083694458,2.0
1500,0.0,1.0,0.0,0.0,0.0,0.0,0.983665406703949,0.9861780405044556,0.9638437628746033,0.9757385849952698,0.9840914607048035,0.9829353094100952,4.0
1501,0.0,1.0,0.0,0.0,0.0,0.0,0.9698473215103149,0.9961671233177185,0.9008185863494873,0.9169800877571106,0.9394968748092651,0.9423315525054932,0.0
1502,0.0,1.0,0.0,0.0,0.0,0.0,0.9726985692977905,0.9931065440177917,0.93112713098526,0.9340283870697021,0.9593033790588379,0.9564193487167358,1.0
1503,0.0,1.0,0.0,0.0,0.0,0.0,0.9806704521179199,0.9792448282241821,0.9455532431602478,0.9810187816619873,0.9857810139656067,0.9797965884208679,1.0
1504,0.0,1.0,0.0,0.0,0.0,0.0,0.9710872173309326,0.9949324727058411,0.8978875875473022,0.9303687214851379,0.9507022500038147,0.9424825310707092,4.0
1505,0.0,1.0,0.0,0.0,0.0,0.0,0.9693133234977722,0.9961844086647034,0.7742534279823303,0.9119254350662231,0.9162179827690125,0.9224319458007812,2.0
1506,0.0,1.0,0.0,0.0,0.0,0.0,0.9794111847877502,0.9876432418823242,0.9563429355621338,0.9768200516700745,0.966183066368103,0.9668566584587097,0.0
1507,0.0,1.0,0.0,0.0,0.0,0.0,0.9655458331108093,0.9951567053794861,0.820797324180603,0.9254810214042664,0.9508577585220337,0.9416124820709229,3.0
1508,0.0,1.0,0.0,0.0,0.0,0.0,0.9782752990722656,0.9908637404441833,0.9022364020347595,0.9679062366485596,0.9692850708961487,0.968713641166687,2.0
1509,0.0,1.0,0.0,0.0,0.0,0.0,0.9729102253913879,0.9902591705322266,0.944983720779419,0.9532713890075684,0.9706537127494812,0.968197762966156,2.0
1510,0.0,1.0,0.0,0.0,0.0,0.0,0.9716007113456726,0.9920696020126343,0.8753621578216553,0.9597799181938171,0.9369060397148132,0.9421359300613403,2.0
1511,0.0,1.0,0.0,0.0,0.0,0.0,0.9713582396507263,0.9922323226928711,0.9283789992332458,0.9527139067649841,0.9661131501197815,0.9646897315979004,1.0
1512,0.0,1.0,0.0,0.0,0.0,0.0,0.9752002358436584,0.9942793846130371,0.8288339972496033,0.9514187574386597,0.9522335529327393,0.9376158714294434,2.0
1513,0.0,1.0,0.0,0.0,0.0,0.0,0.980999231338501,0.9919353723526001,0.9201452136039734,0.9638721346855164,0.9769822359085083,0.9749193787574768,2.0
1514,0.0,1.0,0.0,0.0,0.0,0.0,0.977590799331665,0.9871391654014587,0.9336429238319397,0.9697440266609192,0.9751878976821899,0.9713422656059265,3.0
1515,0.0,1.0,0.0,0.0,0.0,0.0,0.973167359828949,0.9869591593742371,0.9349665641784668,0.9738317131996155,0.9750075340270996,0.9674657583236694,4.0
1516,0.0,1.0,0.0,0.0,0.0,0.0,0.9756066203117371,0.9819715619087219,0.9612104892730713,0.9745002388954163,0.9827305674552917,0.9795491099357605,4.0
1517,0.0,1.0,0.0,0.0,0.0,0.0,0.9760405421257019,0.9845579266548157,0.9413134455680847,0.9792230129241943,0.9835507273674011,0.9761141538619995,0.0
1518,0.0,1.0,0.0,0.0,0.0,0.0,0.9730724096298218,0.9929686188697815,0.9064279198646545,0.96244877576828,0.9601706862449646,0.9505176544189453,0.0
1519,0.0,1.0,0.0,0.0,0.0,0.0,0.9781321287155151,0.9834538102149963,0.9259172081947327,0.9659138321876526,0.9804979562759399,0.9787856340408325,3.0
1520,0.0,1.0,0.0,0.0,0.0,0.0,0.9849401116371155,0.985363781452179,0.9565688967704773,0.9771932363510132,0.9776467680931091,0.9782738089561462,4.0
1521,0.0,1.0,0.0,0.0,0.0,0.0,0.976778507232666,0.9930208325386047,0.8606394529342651,0.9525839686393738,0.9665006399154663,0.9592078924179077,0.0
1522,0.0,1.0,0.0,0.0,0.0,0.0,0.9752047657966614,0.990753173828125,0.8783117532730103,0.9613694548606873,0.9703529477119446,0.9555936455726624,4.0
1523,0.0,1.0,0.0,0.0,0.0,0.0,0.9730315208435059,0.9933737516403198,0.9417967200279236,0.9562114477157593,0.9537015557289124,0.9559361934661865,0.0
1524,0.0,1.0,0.0,0.0,0.0,0.0,0.9773033261299133,0.9849063754081726,0.9538241624832153,0.9746776223182678,0.9781241416931152,0.9760515689849854,4.0
1525,0.0,1.0,0.0,0.0,0.0,0.0,0.9812011122703552,0.9840825796127319,0.9658635258674622,0.9799343943595886,0.9808717966079712,0.9808486700057983,2.0
1526,0.0,1.0,0.0,0.0,0.0,0.0,0.9832243919372559,0.9896522164344788,0.9337688684463501,0.9740219116210938,0.9803050756454468,0.9779369235038757,0.0
1527,0.0,1.0,0.0,0.0,0.0,0.0,0.9773499369621277,0.9827849268913269,0.9815526604652405,0.9557910561561584,0.9762364029884338,0.9787905812263489,4.0
1528,0.0,1.0,0.0,0.0,0.0,0.0,0.9759005904197693,0.9953622221946716,0.8349646329879761,0.933381974697113,0.9479326605796814,0.9404723644256592,4.0
1529,0.0,1.0,0.0,0.0,0.0,0.0,0.9633142352104187,0.9753000140190125,0.9347848892211914,0.9766389727592468,0.9866841435432434,0.972201406955719,4.0
1530,0.0,1.0,0.0,0.0,0.0,0.0,0.976600170135498,0.9915819764137268,0.9047244787216187,0.9713700413703918,0.9752829074859619,0.968431830406189,2.0
1531,0.0,1.0,0.0,0.0,0.0,0.0,0.9741844534873962,0.9903166890144348,0.8731433153152466,0.9533619284629822,0.9635233879089355,0.9568610191345215,3.0
1532,0.0,1.0,0.0,0.0,0.0,0.0,0.9724997878074646,0.9916507601737976,0.8873043060302734,0.9621920585632324,0.9732786417007446,0.9641473889350891,3.0
1533,0.0,1.0,0.0,0.0,0.0,0.0,0.9754124879837036,0.9829166531562805,0.9283046126365662,0.9742854237556458,0.9825197458267212,0.975543200969696,0.0
1534,0.0,1.0,0.0,0.0,0.0,0.0,0.9777525067329407,0.9931827187538147,0.9623104333877563,0.9462335109710693,0.9701817035675049,0.9688315987586975,4.0
1535,0.0,1.0,0.0,0.0,0.0,0.0,0.9799270629882812,0.9867622256278992,0.9475093483924866,0.9627821445465088,0.9783170819282532,0.9775531888008118,1.0
1536,0.0,1.0,0.0,0.0,0.0,0.0,0.966080904006958,0.9961614608764648,0.8224695324897766,0.9261285066604614,0.9452346563339233,0.9415042400360107,3.0
1537,0.0,1.0,0.0,0.0,0.0,0.0,0.972375214099884,0.9930592775344849,0.8421331644058228,0.9333018064498901,0.9519984722137451,0.9513184428215027,2.0
1538,0.0,1.0,0.0,0.0,0.0,0.0,0.9731717109680176,0.9938027858734131,0.9196004271507263,0.9561840891838074,0.9658020734786987,0.9602277278900146,0.0
1539,0.0,1.0,0.0,0.0,0.0,0.0,0.9800323247909546,0.9894569516181946,0.9645311236381531,0.9695442318916321,0.9751657843589783,0.9747510552406311,2.0
1540,0.0,1.0,0.0,0.0,0.0,0.0,0.9701124429702759,0.9822441935539246,0.9020777940750122,0.9701316356658936,0.9808475971221924,0.9675259590148926,3.0
1541,0.0,1.0,0.0,0.0,0.0,0.0,0.9714383482933044,0.9637699127197266,0.9163895845413208,0.9724211692810059,0.9761489033699036,0.9659250378608704,2.0
1542,0.0,1.0,0.0,0.0,0.0,0.0,0.975543200969696,0.9917904138565063,0.894934356212616,0.9665379524230957,0.9708252549171448,0.9546972513198853,3.0
1543,0.0,1.0,0.0,0.0,0.0,0.0,0.9743481874465942,0.9937503933906555,0.905660092830658,0.9456177353858948,0.9548466801643372,0.9556812644004822,3.0
1544,0.0,1.0,0.0,0.0,0.0,0.0,0.9786312580108643,0.9824846386909485,0.9434380531311035,0.9791815280914307,0.9810802340507507,0.975430428981781,2.0
1545,0.0,1.0,0.0,0.0,0.0,0.0,0.9721273183822632,0.9964702129364014,0.7523393630981445,0.9189462065696716,0.9331834316253662,0.9250166416168213,2.0
1546,0.0,1.0,0.0,0.0,0.0,0.0,0.9646503329277039,0.9945567846298218,0.8841331005096436,0.9321699738502502,0.9228771328926086,0.9332426190376282,3.0
1547,0.0,1.0,0.0,0.0,0.0,0.0,0.9740129709243774,0.9901314973831177,0.904962420463562,0.9690551161766052,0.9671703577041626,0.9605052471160889,0.0
1548,0.0,1.0,0.0,0.0,0.0,0.0,0.9798105955123901,0.983335018157959,0.940538763999939,0.9766343235969543,0.9739295244216919,0.9701856374740601,3.0
1549,0.0,1.0,0.0,0.0,0.0,0.0,0.9725793600082397,0.9967030882835388,0.8205428123474121,0.9299103617668152,0.947539746761322,0.940862238407135,3.0
1550,0.0,1.0,0.0,0.0,0.0,0.0,0.9787527322769165,0.9777491688728333,0.9670906066894531,0.9792951345443726,0.9849969148635864,0.9821880459785461,0.0
1551,0.0,1.0,0.0,0.0,0.0,0.0,0.9740909337997437,0.986641526222229,0.9001287817955017,0.9662803411483765,0.972663402557373,0.9615177512168884,0.0
1552,0.0,1.0,0.0,0.0,0.0,0.0,0.9740216135978699,0.9881030917167664,0.9356456995010376,0.9653897881507874,0.9793680906295776,0.9759125113487244,0.0
1553,0.0,1.0,0.0,0.0,0.0,0.0,0.9752198457717896,0.9894830584526062,0.9181138277053833,0.9710147380828857,0.9467110633850098,0.9448436498641968,2.0
1554,0.0,1.0,0.0,0.0,0.0,0.0,0.9818224906921387,0.9868438839912415,0.9440681338310242,0.9751911759376526,0.982837438583374,0.9768208265304565,3.0
1555,0.0,1.0,0.0,0.0,0.0,0.0,0.9752566814422607,0.9936639070510864,0.9040810465812683,0.9589163661003113,0.9651556611061096,0.9596356749534607,3.0
1556,0.0,1.0,0.0,0.0,0.0,0.0,0.971382737159729,0.988837718963623,0.8616105914115906,0.954937219619751,0.9690519571304321,0.9573593139648438,1.0
1557,0.0,1.0,0.0,0.0,0.0,0.0,0.9765241146087646,0.9931977987289429,0.8936037421226501,0.9556414484977722,0.9462576508522034,0.9373295903205872,2.0
1558,0.0,1.0,0.0,0.0,0.0,0.0,0.9753555655479431,0.992263913154602,0.8994806408882141,0.96028733253479,0.9620895385742188,0.9508546590805054,2.0
1559,0.0,1.0,0.0,0.0,0.0,0.0,0.9752510190010071,0.9922539591789246,0.8652588725090027,0.9593655467033386,0.9632483124732971,0.9517344236373901,2.0
1560,0.0,1.0,0.0,0.0,0.0,0.0,0.9796078205108643,0.9867488741874695,0.944624125957489,0.9774850010871887,0.9767951369285583,0.971416711807251,1.0
1561,0.0,1.0,0.0,0.0,0.0,0.0,0.9737064838409424,0.9942558407783508,0.882581889629364,0.9486196041107178,0.947982907295227,0.9368297457695007,1.0
1562,0.0,1.0,0.0,0.0,0.0,0.0,0.9829694032669067,0.9765132069587708,0.9653375744819641,0.9853755235671997,0.9844790101051331,0.9793461561203003,1.0
1563,0.0,1.0,0.0,0.0,0.0,0.0,0.971538782119751,0.9949204325675964,0.92922443151474,0.9408717155456543,0.9496071338653564,0.9469568729400635,0.0
1564,0.0,1.0,0.0,0.0,0.0,0.0,0.9700489640235901,0.9934138655662537,0.9672244191169739,0.9307281374931335,0.9527368545532227,0.9585985541343689,3.0
1565,0.0,1.0,0.0,0.0,0.0,0.0,0.9734184741973877,0.994568943977356,0.8835098743438721,0.9581726789474487,0.9672520756721497,0.9588214159011841,0.0
1566,0.0,1.0,0.0,0.0,0.0,0.0,0.9722345471382141,0.9918867945671082,0.9483329653739929,0.9491197466850281,0.9681538939476013,0.9622438549995422,1.0
1567,0.0,1.0,0.0,0.0,0.0,0.0,0.9706054329872131,0.9966719150543213,0.8032997846603394,0.922203540802002,0.9424236416816711,0.932823121547699,1.0
1568,0.0,1.0,0.0,0.0,0.0,0.0,0.972366988658905,0.9957762360572815,0.9098892211914062,0.9303950071334839,0.9542583227157593,0.9518091082572937,4.0
1569,0.0,1.0,0.0,0.0,0.0,0.0,0.9737411737442017,0.9935697317123413,0.9048924446105957,0.9478724598884583,0.9646202921867371,0.9620338678359985,0.0
1570,0.0,1.0,0.0,0.0,0.0,0.0,0.9686262011528015,0.9967628717422485,0.7943713665008545,0.9294047951698303,0.9306011199951172,0.9229302406311035,4.0
1571,0.0,1.0,0.0,0.0,0.0,0.0,0.9716847538948059,0.9956387877464294,0.865472137928009,0.9369821548461914,0.9512964487075806,0.9442504644393921,3.0
1572,0.0,1.0,0.0,0.0,0.0,0.0,0.9836010336875916,0.9776204228401184,0.9756878614425659,0.9696733355522156,0.9779255390167236,0.9815032482147217,0.0
1573,0.0,1.0,0.0,0.0,0.0,0.0,0.9721332788467407,0.9842233061790466,0.9352791905403137,0.9764400124549866,0.9715684056282043,0.9679998159408569,0.0
1574,0.0,1.0,0.0,0.0,0.0,0.0,0.9711785316467285,0.9833987951278687,0.9294671416282654,0.9761741161346436,0.9798945784568787,0.9650081992149353,3.0
1575,0.0,1.0,0.0,0.0,0.0,0.0,0.9768638014793396,0.9842352867126465,0.942706286907196,0.9810478091239929,0.9832094311714172,0.976496160030365,3.0
1576,0.0,1.0,0.0,0.0,0.0,0.0,0.971135675907135,0.9918727278709412,0.9403907656669617,0.9640032649040222,0.9607475996017456,0.9573287963867188,0.0
1577,0.0,1.0,0.0,0.0,0.0,0.0,0.9800176620483398,0.9886316657066345,0.9470665454864502,0.9604105353355408,0.9689103960990906,0.972727358341217,3.0
1578,0.0,1.0,0.0,0.0,0.0,0.0,0.9724079966545105,0.9884015917778015,0.8868049383163452,0.9578274488449097,0.9772095084190369,0.9622893333435059,0.0
1579,0.0,1.0,0.0,0.0,0.0,0.0,0.9786602854728699,0.9911385178565979,0.9239466786384583,0.9612268805503845,0.9583286643028259,0.9642130136489868,4.0
1580,0.0,1.0,0.0,0.0,0.0,0.0,0.9784518480300903,0.9905549883842468,0.9623925685882568,0.9699464440345764,0.9653444886207581,0.9726552963256836,0.0
1581,0.0,1.0,0.0,0.0,0.0,0.0,0.9724316596984863,0.9818951487541199,0.9432604908943176,0.9788899421691895,0.9857128858566284,0.9666747450828552,3.0
1582,0.0,1.0,0.0,0.0,0.0,0.0,0.9757598042488098,0.9921072125434875,0.9044655561447144,0.9579300880432129,0.9516627192497253,0.9538987874984741,2.0
1583,0.0,1.0,0.0,0.0,0.0,0.0,0.9712826609611511,0.9953523874282837,0.8804231286048889,0.941275954246521,0.9552310705184937,0.9487400650978088,0.0
1584,0.0,1.0,0.0,0.0,0.0,0.0,0.9727182984352112,0.995968222618103,0.7940139174461365,0.9269087910652161,0.9476004242897034,0.9400151968002319,1.0
1585,0.0,1.0,0.0,0.0,0.0,0.0,0.9787570834159851,0.9788094162940979,0.9708160758018494,0.9762935638427734,0.9773281812667847,0.978687584400177,4.0
1586,0.0,1.0,0.0,0.0,0.0,0.0,0.9729200601577759,0.9907526969909668,0.9195879101753235,0.9708508849143982,0.9678608775138855,0.9557358026504517,3.0
1587,0.0,1.0,0.0,0.0,0.0,0.0,0.9715313911437988,0.9942008852958679,0.8937455415725708,0.9581182599067688,0.9618252515792847,0.9456369280815125,3.0
1588,0.0,1.0,0.0,0.0,0.0,0.0,0.97691810131073,0.9937594532966614,0.8887206315994263,0.9638674855232239,0.9665610194206238,0.9565039873123169,3.0
1589,0.0,1.0,0.0,0.0,0.0,0.0,0.9752591848373413,0.9949265718460083,0.9098642468452454,0.926521897315979,0.9533589482307434,0.9503162503242493,4.0
1590,0.0,1.0,0.0,0.0,0.0,0.0,0.974319338798523,0.9937688708305359,0.9592483639717102,0.9348344802856445,0.9597824215888977,0.9642528295516968,3.0
1591,0.0,1.0,0.0,0.0,0.0,0.0,0.9809131026268005,0.9940570592880249,0.9253944158554077,0.9566575884819031,0.9657336473464966,0.9682343602180481,0.0
1592,0.0,1.0,0.0,0.0,0.0,0.0,0.9686693549156189,0.9951861500740051,0.9222716093063354,0.8989336490631104,0.9427611827850342,0.9404533505439758,1.0
1593,0.0,1.0,0.0,0.0,0.0,0.0,0.9733298420906067,0.9853997826576233,0.9587222933769226,0.977458119392395,0.9810619950294495,0.9785651564598083,0.0
1594,0.0,1.0,0.0,0.0,0.0,0.0,0.9755839109420776,0.9912251830101013,0.9098613858222961,0.9595909714698792,0.968791663646698,0.9620561003684998,2.0
1595,0.0,1.0,0.0,0.0,0.0,0.0,0.9803959727287292,0.991462767124176,0.9329759478569031,0.960686206817627,0.9745128750801086,0.9711937308311462,4.0
1596,0.0,1.0,0.0,0.0,0.0,0.0,0.9763744473457336,0.98896723985672,0.95076584815979,0.9678888916969299,0.9590856432914734,0.9635663032531738,3.0
1597,0.0,1.0,0.0,0.0,0.0,0.0,0.9699186086654663,0.9956322312355042,0.8397303223609924,0.9050033092498779,0.9251013398170471,0.9255324602127075,4.0
1598,0.0,1.0,0.0,0.0,0.0,0.0,0.9688868522644043,0.9965657591819763,0.8048728704452515,0.9144096970558167,0.930417001247406,0.9227998852729797,2.0
1599,0.0,1.0,0.0,0.0,0.0,0.0,0.9816833734512329,0.9894081354141235,0.9706578850746155,0.9668241143226624,0.9726967811584473,0.9773852229118347,1.0
1600,0.0,1.0,0.0,0.0,0.0,0.0,0.9769464135169983,0.9894682765007019,0.9284286499023438,0.9704205989837646,0.9733632206916809,0.9700164198875427,4.0
1601,0.0,1.0,0.0,0.0,0.0,0.0,0.970840573310852,0.9959034323692322,0.8976417183876038,0.926051914691925,0.9361278414726257,0.9449424743652344,0.0
1602,0.0,1.0,0.0,0.0,0.0,0.0,0.9704502820968628,0.9947797060012817,0.8538793325424194,0.9436494708061218,0.9475194811820984,0.9473099708557129,1.0
1603,0.0,1.0,0.0,0.0,0.0,0.0,0.9725577235221863,0.9967830181121826,0.8201805353164673,0.9232239723205566,0.9503130316734314,0.9431114792823792,4.0
1604,0.0,1.0,0.0,0.0,0.0,0.0,0.9833425283432007,0.9785072803497314,0.9752575755119324,0.9751595258712769,0.9819965362548828,0.9839518666267395,1.0
1605,0.0,1.0,0.0,0.0,0.0,0.0,0.9843416810035706,0.9728637337684631,0.9648763537406921,0.983842134475708,0.9772701859474182,0.9822518825531006,0.0
1606,0.0,1.0,0.0,0.0,0.0,0.0,0.9761227965354919,0.9940676689147949,0.875609815120697,0.9488356709480286,0.9619519710540771,0.9604987502098083,2.0
1607,0.0,1.0,0.0,0.0,0.0,0.0,0.9684277176856995,0.9970032572746277,0.8400313258171082,0.9039427042007446,0.921710729598999,0.931942343711853,0.0
1608,0.0,1.0,0.0,0.0,0.0,0.0,0.9720684885978699,0.9951005578041077,0.896202802658081,0.9378218054771423,0.956141471862793,0.9476307034492493,3.0
1609,0.0,1.0,0.0,0.0,0.0,0.0,0.9755390882492065,0.9919106364250183,0.9696808457374573,0.9414369463920593,0.9690327048301697,0.9666933417320251,2.0
1610,0.0,0.0,1.0,0.0,0.0,0.0,0.9553150534629822,0.967717170715332,0.9935727119445801,0.9022213816642761,0.9604163765907288,0.9641497731208801,2.0
1611,0.0,0.0,1.0,0.0,0.0,0.0,0.9582011103630066,0.9640770554542542,0.9941966533660889,0.8812698721885681,0.9476239681243896,0.964775025844574,1.0
1612,0.0,0.0,1.0,0.0,0.0,0.0,0.9731132388114929,0.9792966246604919,0.9905091524124146,0.9393182396888733,0.9634183645248413,0.9712457656860352,3.0
1613,0.0,0.0,1.0,0.0,0.0,0.0,0.9630268216133118,0.9680396914482117,0.9928061366081238,0.9074090123176575,0.9627189040184021,0.9728932976722717,1.0
1614,0.0,0.0,1.0,0.0,0.0,0.0,0.9419099688529968,0.9681339859962463,0.9941993951797485,0.905505359172821,0.9401258826255798,0.9475868940353394,0.0
1615,0.0,0.0,1.0,1.0,0.0,0.0,0.9746732115745544,0.984072744846344,0.98770672082901,0.9558082222938538,0.9694641828536987,0.9740798473358154,1.0
1616,0.0,0.0,1.0,1.0,0.0,0.0,0.9792760610580444,0.9773476123809814,0.9814196825027466,0.981006920337677,0.9774513840675354,0.978442907333374,1.0
1617,0.0,0.0,1.0,0.0,1.0,0.0,0.9519364833831787,0.959122896194458,0.9907830953598022,0.9323664307594299,0.9444180130958557,0.954028308391571,3.0
1618,0.0,0.0,1.0,1.0,0.0,0.0,0.9801889657974243,0.9813777804374695,0.9811999201774597,0.9754649996757507,0.9717006087303162,0.9742258787155151,2.0
1619,0.0,0.0,1.0,0.0,0.0,0.0,0.9717639088630676,0.9676662683486938,0.9826020002365112,0.9820669889450073,0.9662173390388489,0.9698145985603333,0.0
1620,0.0,0.0,1.0,1.0,0.0,0.0,0.9714092016220093,0.9775807857513428,0.9922016859054565,0.9441406726837158,0.9629107713699341,0.973739504814148,1.0
1621,0.0,0.0,1.0,1.0,0.0,0.0,0.9820393919944763,0.9807286858558655,0.9870579838752747,0.9645910859107971,0.9735576510429382,0.9779273271560669,2.0
1622,0.0,0.0,1.0,0.0,0.0,0.0,0.9527246356010437,0.9671854376792908,0.9936659932136536,0.9095680713653564,0.956362783908844,0.9663024544715881,0.0
1623,0.0,0.0,1.0,0.0,0.0,0.0,0.9767469763755798,0.9874453544616699,0.9757204055786133,0.9577890634536743,0.9766258001327515,0.9774876236915588,3.0
1624,0.0,0.0,1.0,0.0,0.0,0.0,0.9856461882591248,0.9781827926635742,0.9871676564216614,0.9695018529891968,0.9764095544815063,0.98511803150177,0.0
1625,0.0,0.0,1.0,1.0,0.0,0.0,0.9773896336555481,0.9807792901992798,0.984984278678894,0.9759200811386108,0.9659796953201294,0.9720306396484375,4.0
1626,0.0,0.0,1.0,0.0,0.0,0.0,0.9729263782501221,0.9790031313896179,0.9904300570487976,0.940451443195343,0.9659585356712341,0.9756336212158203,3.0
1627,0.0,0.0,1.0,0.0,0.0,0.0,0.966202974319458,0.9693979024887085,0.989119291305542,0.9400046467781067,0.9672778844833374,0.9753527641296387,2.0
1628,0.0,0.0,1.0,0.0,0.0,0.0,0.9732918739318848,0.9747083187103271,0.9916563034057617,0.9439435005187988,0.9573979377746582,0.9710529446601868,2.0
1629,0.0,0.0,1.0,0.0,0.0,0.0,0.9724288582801819,0.9679935574531555,0.9917518496513367,0.947955310344696,0.9641169309616089,0.9731354117393494,2.0
1630,0.0,0.0,1.0,1.0,0.0,0.0,0.9716734886169434,0.9758510589599609,0.9875984787940979,0.9765179753303528,0.9641954898834229,0.9712987542152405,4.0
1631,0.0,0.0,1.0,0.0,0.0,0.0,0.978812038898468,0.9825113415718079,0.9772118330001831,0.9735170006752014,0.9763904809951782,0.9775256514549255,4.0
1632,0.0,0.0,1.0,0.0,0.0,0.0,0.9835039377212524,0.9789794683456421,0.9885830879211426,0.9690545201301575,0.9747275710105896,0.9819099307060242,2.0
1633,0.0,0.0,1.0,0.0,0.0,0.0,0.9817479252815247,0.9857048988342285,0.9733704924583435,0.970790684223175,0.98131263256073,0.9818134307861328,3.0
1634,0.0,0.0,1.0,1.0,0.0,0.0,0.9835944771766663,0.9902085065841675,0.9792764186859131,0.9648584723472595,0.9718140959739685,0.9753832221031189,4.0
1635,0.0,0.0,1.0,0.0,0.0,0.0,0.9719641804695129,0.9767208695411682,0.9862098097801208,0.9554415941238403,0.9754117131233215,0.9757083654403687,4.0
1636,0.0,0.0,1.0,0.0,0.0,0.0,0.9781429767608643,0.9787366390228271,0.9887871146202087,0.9759581089019775,0.9699956774711609,0.9757525324821472,4.0
1637,0.0,0.0,1.0,0.0,0.0,0.0,0.9436079859733582,0.9637182950973511,0.9950737357139587,0.8981075286865234,0.9426696300506592,0.9471540451049805,0.0
1638,0.0,0.0,1.0,0.0,0.0,0.0,0.9783558249473572,0.9774861335754395,0.9876627922058105,0.9693018794059753,0.9708107709884644,0.9764556288719177,4.0
1639,0.0,0.0,1.0,0.0,0.0,0.0,0.9695874452590942,0.9713270664215088,0.9797709584236145,0.9690636992454529,0.9744539260864258,0.9723953008651733,2.0
1640,0.0,0.0,1.0,0.0,0.0,0.0,0.9766064286231995,0.983116626739502,0.9849759936332703,0.9585850834846497,0.9729798436164856,0.9782283902168274,2.0
1641,0.0,0.0,1.0,0.0,1.0,0.0,0.9831064939498901,0.9713469743728638,0.9732583165168762,0.9845775961875916,0.9829584956169128,0.9810749888420105,2.0
1642,0.0,0.0,1.0,0.0,1.0,0.0,0.9824784398078918,0.9758022427558899,0.9832128882408142,0.969617486000061,0.9806632399559021,0.982992947101593,2.0
1643,0.0,0.0,1.0,0.0,0.0,0.0,0.9813970327377319,0.9818203449249268,0.9824357032775879,0.9611712694168091,0.9772008657455444,0.9801631569862366,4.0
1644,0.0,0.0,1.0,0.0,0.0,0.0,0.9692708849906921,0.9686693549156189,0.9914167523384094,0.933090329170227,0.9653852581977844,0.9726372361183167,1.0
1645,0.0,0.0,1.0,0.0,0.0,0.0,0.9737386107444763,0.9853199124336243,0.9795567989349365,0.9582405090332031,0.9717398285865784,0.9734132885932922,3.0
1646,0.0,0.0,1.0,0.0,0.0,0.0,0.9695964455604553,0.9726426601409912,0.9878491163253784,0.957268476486206,0.9639217257499695,0.9721235632896423,0.0
1647,0.0,0.0,1.0,0.0,0.0,0.0,0.9855771660804749,0.9815894961357117,0.9659607410430908,0.9823448657989502,0.9839353561401367,0.982822597026825,2.0
1648,0.0,0.0,1.0,0.0,0.0,0.0,0.9687392711639404,0.9819839596748352,0.985802412033081,0.9485840797424316,0.9689480662345886,0.9714750051498413,4.0
1649,0.0,0.0,1.0,0.0,0.0,0.0,0.9854894280433655,0.9832391738891602,0.9802887439727783,0.9739621877670288,0.9789983630180359,0.9828991889953613,4.0
1650,0.0,0.0,1.0,1.0,0.0,0.0,0.978286623954773,0.9700666666030884,0.9854555726051331,0.964775025844574,0.977976381778717,0.9817458391189575,0.0
1651,0.0,0.0,1.0,1.0,0.0,0.0,0.9816330671310425,0.9756391644477844,0.9838120341300964,0.9689991474151611,0.9776549339294434,0.9829912185668945,0.0
1652,0.0,0.0,1.0,1.0,0.0,0.0,0.9819484353065491,0.9851325750350952,0.9869312644004822,0.9586140513420105,0.976628839969635,0.9801710844039917,2.0
1653,0.0,0.0,1.0,0.0,0.0,0.0,0.9810358285903931,0.9770005941390991,0.9869017004966736,0.960773229598999,0.9771554470062256,0.9827497005462646,2.0
1654,0.0,0.0,1.0,0.0,0.0,0.0,0.9557330012321472,0.969817578792572,0.9932435154914856,0.896138072013855,0.9463024735450745,0.9640100002288818,0.0
1655,0.0,0.0,1.0,0.0,0.0,0.0,0.9730919003486633,0.9737135171890259,0.9913759827613831,0.9469074606895447,0.9678525328636169,0.9775413870811462,3.0
1656,0.0,0.0,1.0,0.0,0.0,0.0,0.9470996856689453,0.9716137647628784,0.9926117062568665,0.9010515809059143,0.9515596032142639,0.9541783332824707,2.0
1657,0.0,0.0,1.0,0.0,0.0,0.0,0.9824397563934326,0.976813793182373,0.9616767168045044,0.9726381301879883,0.9813095331192017,0.9811208844184875,0.0
1658,0.0,0.0,1.0,0.0,0.0,0.0,0.9603621959686279,0.9698374271392822,0.9939162135124207,0.9180349707603455,0.9609771370887756,0.9679872989654541,0.0
1659,0.0,0.0,1.0,0.0,0.0,0.0,0.9795763492584229,0.9785178899765015,0.9781875610351562,0.9758095145225525,0.9763853549957275,0.9782543182373047,1.0
1660,0.0,0.0,1.0,0.0,0.0,0.0,0.9724316596984863,0.972693145275116,0.9868244528770447,0.9579511880874634,0.9678809642791748,0.9760254621505737,3.0
1661,0.0,0.0,1.0,0.0,0.0,0.0,0.9793362021446228,0.9743099808692932,0.9790094494819641,0.9756060242652893,0.9716614484786987,0.9796416759490967,4.0
1662,0.0,0.0,1.0,0.0,0.0,0.0,0.9670355319976807,0.9718057513237,0.992100179195404,0.9277456998825073,0.9696663618087769,0.9729477763175964,0.0
1663,0.0,0.0,1.0,0.0,0.0,0.0,0.9512051939964294,0.9648095369338989,0.9943009614944458,0.8999694585800171,0.9463988542556763,0.9582608938217163,4.0
1664,0.0,0.0,1.0,0.0,0.0,0.0,0.9666277170181274,0.9827790856361389,0.9896292090415955,0.9404334425926208,0.9535155296325684,0.9628549218177795,4.0
1665,0.0,0.0,1.0,0.0,0.0,0.0,0.9782946705818176,0.9770028591156006,0.9891344308853149,0.9630352258682251,0.9689072370529175,0.9768353700637817,2.0
1666,0.0,0.0,1.0,0.0,0.0,0.0,0.9732425212860107,0.9758958220481873,0.9855003952980042,0.9633130431175232,0.9758526682853699,0.9772586226463318,3.0
1667,0.0,0.0,1.0,0.0,0.0,0.0,0.9703118801116943,0.9788351058959961,0.9857034087181091,0.9554970860481262,0.9744554758071899,0.9761907458305359,2.0
1668,0.0,0.0,1.0,0.0,1.0,0.0,0.9817235469818115,0.9720500111579895,0.980975866317749,0.9814006090164185,0.9757590293884277,0.9803855419158936,2.0
1669,0.0,0.0,1.0,0.0,0.0,0.0,0.977760910987854,0.9805119037628174,0.9823271036148071,0.9658132791519165,0.9771562814712524,0.9804141521453857,0.0
1670,0.0,0.0,1.0,0.0,0.0,0.0,0.9668197631835938,0.9719226360321045,0.9906700849533081,0.9391945004463196,0.9654644727706909,0.9695253968238831,3.0
1671,0.0,0.0,1.0,0.0,0.0,0.0,0.9761489033699036,0.9815701842308044,0.9833930134773254,0.9575774073600769,0.9766636490821838,0.9773948788642883,3.0
1672,0.0,0.0,1.0,0.0,0.0,0.0,0.9584529995918274,0.972693145275116,0.9920891523361206,0.9255337119102478,0.9574284553527832,0.9678905010223389,0.0
1673,0.0,0.0,1.0,0.0,0.0,0.0,0.9737169146537781,0.9734326004981995,0.983653724193573,0.9711001515388489,0.9739282727241516,0.9758642315864563,0.0
1674,0.0,0.0,1.0,0.0,0.0,0.0,0.9774988889694214,0.9772287607192993,0.9911485910415649,0.9598762392997742,0.9667805433273315,0.9785274863243103,0.0
1675,0.0,0.0,1.0,0.0,0.0,0.0,0.9594987630844116,0.9710700511932373,0.9931020736694336,0.9234831929206848,0.956989586353302,0.9639428853988647,0.0
1676,0.0,0.0,1.0,0.0,0.0,0.0,0.9531111121177673,0.9700016379356384,0.9922620058059692,0.9181072115898132,0.9500176310539246,0.9568384885787964,3.0
1677,0.0,0.0,1.0,0.0,1.0,0.0,0.9833088517189026,0.9810020923614502,0.9787059426307678,0.9745839834213257,0.9806104898452759,0.9843942523002625,2.0
1678,0.0,0.0,1.0,0.0,0.0,0.0,0.9646874070167542,0.9759936928749084,0.9899024963378906,0.9468469023704529,0.967203676700592,0.9703284502029419,4.0
1679,0.0,0.0,1.0,0.0,0.0,0.0,0.9645183682441711,0.9672391414642334,0.9929423332214355,0.9114230871200562,0.963386058807373,0.9674960970878601,4.0
1680,0.0,0.0,1.0,0.0,0.0,0.0,0.982822597026825,0.9849222898483276,0.9870820045471191,0.9677494168281555,0.9773927330970764,0.9835960865020752,3.0
1681,0.0,0.0,1.0,0.0,0.0,0.0,0.9644137620925903,0.9787775278091431,0.9918478727340698,0.9194796681404114,0.9606400728225708,0.9673357605934143,0.0
1682,0.0,0.0,1.0,0.0,0.0,0.0,0.9764228463172913,0.9742172956466675,0.9912517666816711,0.9558290243148804,0.9678186774253845,0.9751574993133545,4.0
1683,0.0,0.0,1.0,0.0,0.0,0.0,0.9627748131752014,0.9715500473976135,0.9911292791366577,0.9420832395553589,0.9601214528083801,0.9701395034790039,3.0
1684,0.0,0.0,1.0,0.0,0.0,0.0,0.9752882122993469,0.9739665985107422,0.9789455533027649,0.9743295311927795,0.980741560459137,0.9811049103736877,3.0
1685,0.0,0.0,1.0,0.0,0.0,0.0,0.9791881442070007,0.9764915108680725,0.978727400302887,0.9711081385612488,0.9813375473022461,0.9811891317367554,4.0
1686,0.0,0.0,1.0,0.0,0.0,0.0,0.9555000066757202,0.9686940908432007,0.9919416904449463,0.925375759601593,0.9599757790565491,0.9686807990074158,4.0
1687,0.0,0.0,1.0,0.0,0.0,0.0,0.9759594798088074,0.9783408045768738,0.9895678162574768,0.953291118144989,0.960168182849884,0.969620406627655,4.0
1688,0.0,0.0,1.0,1.0,0.0,0.0,0.9725296497344971,0.9745810627937317,0.9835954904556274,0.9761648178100586,0.9640265107154846,0.9674026966094971,1.0
1689,0.0,0.0,1.0,0.0,0.0,0.0,0.9774487614631653,0.9811832904815674,0.9804255366325378,0.9730315208435059,0.9771528244018555,0.9787440896034241,0.0
1690,0.0,0.0,1.0,0.0,0.0,0.0,0.9814317226409912,0.9825333952903748,0.9849516749382019,0.9688576459884644,0.9737811088562012,0.9781429767608643,2.0
1691,0.0,0.0,1.0,0.0,0.0,0.0,0.9697161316871643,0.9719336628913879,0.989733874797821,0.9545033574104309,0.9674673080444336,0.9725667238235474,1.0
1692,0.0,0.0,1.0,0.0,0.0,0.0,0.9775428771972656,0.981891930103302,0.9856853485107422,0.9586309194564819,0.9706991314888,0.9798803925514221,2.0
1693,0.0,0.0,1.0,0.0,0.0,0.0,0.9779952764511108,0.9794562458992004,0.9859555959701538,0.9660992622375488,0.975126326084137,0.9785310626029968,4.0
1694,0.0,0.0,1.0,0.0,0.0,0.0,0.9728673696517944,0.9746549129486084,0.9922043085098267,0.9307668805122375,0.9625749588012695,0.9715341925621033,3.0
1695,0.0,0.0,1.0,0.0,0.0,0.0,0.951224148273468,0.9716623425483704,0.9928374886512756,0.8926582932472229,0.9421654939651489,0.9492782950401306,4.0
1696,0.0,0.0,1.0,0.0,0.0,0.0,0.9401717185974121,0.9621945023536682,0.9946553707122803,0.8790621757507324,0.9466528296470642,0.9474519491195679,4.0
1697,0.0,0.0,1.0,0.0,0.0,0.0,0.9671854376792908,0.9746297597885132,0.9923082590103149,0.9349087476730347,0.9608064293861389,0.9685208797454834,3.0
1698,0.0,0.0,1.0,0.0,0.0,0.0,0.9535305500030518,0.9751410484313965,0.9927120208740234,0.906043291091919,0.9462679624557495,0.9555633664131165,4.0
1699,0.0,0.0,1.0,0.0,0.0,0.0,0.9789759516716003,0.9774050116539001,0.9816650748252869,0.9723241329193115,0.9801387786865234,0.979876697063446,3.0
1700,0.0,0.0,1.0,0.0,0.0,0.0,0.9474823474884033,0.9729923605918884,0.9925065636634827,0.8828492760658264,0.9548290967941284,0.9513372182846069,2.0
1701,0.0,0.0,1.0,0.0,0.0,0.0,0.9753053188323975,0.965976357460022,0.9516158699989319,0.9694743156433105,0.9830506443977356,0.980448305606842,3.0
1702,0.0,0.0,1.0,0.0,0.0,0.0,0.966222882270813,0.9791219830513,0.9907269477844238,0.9273977875709534,0.9564306139945984,0.9682290554046631,0.0
1703,0.0,0.0,1.0,1.0,0.0,0.0,0.9795244336128235,0.9849826693534851,0.9788048267364502,0.9696668386459351,0.9668479561805725,0.9716941118240356,3.0
1704,0.0,0.0,1.0,0.0,0.0,0.0,0.9760738611221313,0.9812865853309631,0.9868457317352295,0.9512712955474854,0.9736456871032715,0.9782161116600037,4.0
1705,0.0,0.0,1.0,0.0,0.0,0.0,0.9465911984443665,0.9622536897659302,0.9946086406707764,0.8768509030342102,0.9375563263893127,0.9467760324478149,4.0
1706,0.0,0.0,1.0,0.0,0.0,0.0,0.9813982844352722,0.9838712215423584,0.9819076657295227,0.9592728614807129,0.9784367680549622,0.9802711009979248,3.0
1707,0.0,0.0,1.0,0.0,0.0,0.0,0.9396777749061584,0.9590989947319031,0.9945354461669922,0.8852849006652832,0.9343369603157043,0.9377386569976807,4.0
1708,0.0,0.0,1.0,0.0,0.0,0.0,0.9618650674819946,0.978308379650116,0.9882757663726807,0.9132397174835205,0.963813066482544,0.9632194638252258,3.0
1709,0.0,0.0,1.0,0.0,0.0,0.0,0.9460365176200867,0.9670149087905884,0.9927296042442322,0.8958796858787537,0.9401488900184631,0.9575140476226807,0.0
1710,0.0,0.0,1.0,0.0,0.0,0.0,0.9860109090805054,0.9842305779457092,0.9792167544364929,0.977075457572937,0.9816855192184448,0.9838453531265259,2.0
1711,0.0,0.0,1.0,0.0,0.0,0.0,0.9799804091453552,0.9802408218383789,0.9870375394821167,0.9579792022705078,0.976599395275116,0.9809942245483398,0.0
1712,0.0,0.0,1.0,0.0,0.0,0.0,0.9743777513504028,0.9706054329872131,0.9893991947174072,0.9403526782989502,0.9665533304214478,0.976914644241333,3.0
1713,0.0,0.0,1.0,0.0,0.0,0.0,0.9741644263267517,0.9728440046310425,0.992210865020752,0.9424548745155334,0.9647403955459595,0.9746564626693726,0.0
1714,0.0,0.0,1.0,0.0,0.0,0.0,0.9626482129096985,0.9695103764533997,0.9938270449638367,0.9076927900314331,0.9604369401931763,0.9674705266952515,1.0
1715,0.0,0.0,1.0,0.0,0.0,0.0,0.9656359553337097,0.9778459668159485,0.9847496747970581,0.9538442492485046,0.9621785283088684,0.963968813419342,4.0
1716,0.0,0.0,1.0,0.0,0.0,0.0,0.9688110947608948,0.9687864780426025,0.9769532084465027,0.9825026988983154,0.9672713875770569,0.9685198664665222,3.0
1717,0.0,0.0,1.0,0.0,0.0,0.0,0.9796977639198303,0.974758505821228,0.9859647750854492,0.9590311646461487,0.980889618396759,0.9832649827003479,1.0
1718,0.0,0.0,1.0,0.0,0.0,0.0,0.9609517455101013,0.9656471610069275,0.9947553873062134,0.9215801954269409,0.9410393238067627,0.9587543606758118,3.0
1719,0.0,0.0,1.0,0.0,0.0,0.0,0.972510576248169,0.9725505113601685,0.9921220541000366,0.960942804813385,0.9600460529327393,0.9716174602508545,0.0
1720,0.0,0.0,1.0,0.0,0.0,0.0,0.9657773971557617,0.9648257493972778,0.9915810227394104,0.9347166419029236,0.9538509845733643,0.9697002172470093,2.0
1721,0.0,0.0,1.0,0.0,0.0,0.0,0.9510160088539124,0.9612609148025513,0.9920435547828674,0.9142516255378723,0.9416906833648682,0.9617829322814941,0.0
1722,0.0,0.0,1.0,0.0,0.0,0.0,0.9749348163604736,0.9755197167396545,0.9894014000892639,0.9491932988166809,0.9621055722236633,0.973099946975708,4.0
1723,0.0,0.0,1.0,0.0,0.0,0.0,0.9518682360649109,0.9727903008460999,0.9938746094703674,0.9220575094223022,0.9399233460426331,0.9563881754875183,0.0
1724,0.0,0.0,1.0,0.0,0.0,0.0,0.9422098398208618,0.9530473947525024,0.9952410459518433,0.8497978448867798,0.9271519780158997,0.9506991505622864,1.0
1725,0.0,0.0,1.0,0.0,0.0,0.0,0.9573841691017151,0.963756263256073,0.9941652417182922,0.9282340407371521,0.9489014744758606,0.9612736105918884,0.0
1726,0.0,0.0,1.0,0.0,0.0,0.0,0.9736639857292175,0.9672370553016663,0.9850992560386658,0.9636375904083252,0.9583286643028259,0.9717806577682495,1.0
1727,0.0,0.0,1.0,0.0,0.0,0.0,0.9267570376396179,0.9538540244102478,0.9943074584007263,0.8345456719398499,0.9266788363456726,0.9308066964149475,0.0
1728,0.0,0.0,1.0,0.0,0.0,0.0,0.9728994965553284,0.9804239273071289,0.990875244140625,0.9526565670967102,0.9611725211143494,0.973013699054718,2.0
1729,0.0,0.0,1.0,0.0,0.0,0.0,0.9564560055732727,0.9657033085823059,0.9948549270629883,0.9216433763504028,0.9375721216201782,0.9520698189735413,2.0
1730,0.0,0.0,1.0,0.0,0.0,0.0,0.9527093768119812,0.9609262943267822,0.9938581585884094,0.9016921520233154,0.930425763130188,0.9556295871734619,3.0
1731,0.0,0.0,1.0,0.0,0.0,0.0,0.9604756236076355,0.9679641723632812,0.993390679359436,0.8973299264907837,0.9497140645980835,0.9664720296859741,1.0
1732,0.0,0.0,1.0,0.0,0.0,0.0,0.9605771899223328,0.9703450798988342,0.9917837381362915,0.9231740832328796,0.9641732573509216,0.9626092314720154,2.0
1733,0.0,0.0,1.0,0.0,0.0,0.0,0.97849041223526,0.9774734973907471,0.9858849048614502,0.969028651714325,0.9777864813804626,0.9808202981948853,4.0
1734,0.0,0.0,1.0,0.0,0.0,0.0,0.9762600064277649,0.9798957109451294,0.9888441562652588,0.9459385871887207,0.9724625945091248,0.9765987396240234,4.0
1735,0.0,0.0,1.0,0.0,0.0,0.0,0.9462506771087646,0.9617528915405273,0.9950783252716064,0.8848766088485718,0.9391838312149048,0.9453608989715576,2.0
1736,0.0,0.0,1.0,0.0,0.0,0.0,0.9374768137931824,0.9576709866523743,0.9941325783729553,0.8576037883758545,0.9237509965896606,0.9435538649559021,0.0
1737,0.0,0.0,1.0,0.0,0.0,0.0,0.9619247317314148,0.9589657783508301,0.9816452264785767,0.9348840713500977,0.967727780342102,0.9769967198371887,0.0
1738,0.0,0.0,1.0,0.0,0.0,0.0,0.9831946492195129,0.9801289439201355,0.9844003319740295,0.9765274524688721,0.9735751748085022,0.9808099865913391,1.0
1739,0.0,0.0,1.0,0.0,0.0,0.0,0.98271644115448,0.9848067760467529,0.9817765355110168,0.9630654454231262,0.9792436957359314,0.9834402799606323,0.0
1740,0.0,0.0,1.0,0.0,0.0,0.0,0.9633872509002686,0.9676980972290039,0.9905477166175842,0.9421109557151794,0.9630195498466492,0.9702062606811523,2.0
1741,0.0,0.0,1.0,1.0,0.0,0.0,0.9823159575462341,0.9766520261764526,0.9841728210449219,0.9687690734863281,0.9752673506736755,0.9806802868843079,3.0
1742,0.0,0.0,1.0,0.0,0.0,0.0,0.9726732969284058,0.9783077239990234,0.9911562204360962,0.9409856796264648,0.967092752456665,0.975357174873352,1.0
1743,0.0,0.0,1.0,0.0,0.0,0.0,0.9738044738769531,0.9722172021865845,0.9926422238349915,0.9437103271484375,0.9685705304145813,0.975858211517334,1.0
1744,0.0,0.0,1.0,0.0,0.0,0.0,0.9767593145370483,0.967380702495575,0.9847956895828247,0.9693738222122192,0.9787412285804749,0.9804940223693848,2.0
1745,0.0,0.0,1.0,0.0,0.0,0.0,0.970704972743988,0.9671250581741333,0.9746670126914978,0.967503547668457,0.9795661568641663,0.9744749665260315,1.0
1746,0.0,0.0,1.0,0.0,0.0,0.0,0.9647589325904846,0.9635258316993713,0.9919043183326721,0.9263677000999451,0.9647369980812073,0.9714661240577698,0.0
1747,0.0,0.0,1.0,0.0,0.0,0.0,0.9753111004829407,0.972622811794281,0.9761220216751099,0.9795814156532288,0.9770629405975342,0.9776695370674133,0.0
1748,0.0,0.0,1.0,0.0,0.0,0.0,0.9822923541069031,0.9637064933776855,0.9758198261260986,0.9795529246330261,0.9796470403671265,0.9808616042137146,1.0
1749,0.0,0.0,1.0,1.0,0.0,0.0,0.9861692190170288,0.9780601859092712,0.9856299757957458,0.9658491015434265,0.9794740080833435,0.9849737882614136,3.0
1750,0.0,0.0,1.0,0.0,0.0,0.0,0.9766451120376587,0.9681612253189087,0.973490297794342,0.9828435182571411,0.9771164059638977,0.977408766746521,2.0
1751,0.0,0.0,1.0,0.0,0.0,0.0,0.9482731223106384,0.9758813977241516,0.989992082118988,0.8896905779838562,0.9391295909881592,0.9482265114784241,4.0
1752,0.0,0.0,1.0,0.0,0.0,0.0,0.9603853821754456,0.9718132019042969,0.9918304085731506,0.9196214079856873,0.9605810046195984,0.960831880569458,2.0
1753,0.0,0.0,1.0,0.0,0.0,0.0,0.9628428220748901,0.9683383703231812,0.9920870661735535,0.9395387768745422,0.9528862237930298,0.964798092842102,1.0
1754,0.0,0.0,1.0,0.0,0.0,0.0,0.9734921455383301,0.9812304973602295,0.9909895062446594,0.9366429448127747,0.9708991050720215,0.9757935404777527,1.0
1755,0.0,0.0,1.0,0.0,0.0,0.0,0.9779083132743835,0.9761133790016174,0.9883169531822205,0.9568861126899719,0.9627991318702698,0.9774331450462341,3.0
1756,0.0,0.0,1.0,0.0,0.0,0.0,0.9528435468673706,0.9635710716247559,0.9945236444473267,0.8852629065513611,0.9454239010810852,0.9515877962112427,0.0
1757,0.0,0.0,1.0,0.0,0.0,0.0,0.9692506790161133,0.9704697132110596,0.9781205058097839,0.98574298620224,0.9659952521324158,0.9660287499427795,4.0
1758,0.0,0.0,1.0,0.0,0.0,0.0,0.9413546323776245,0.9568105936050415,0.9936928749084473,0.891636312007904,0.9490329027175903,0.9581468105316162,4.0
1759,0.0,0.0,1.0,0.0,0.0,0.0,0.9748309850692749,0.9679599404335022,0.9912104606628418,0.929110586643219,0.9576076865196228,0.9748991131782532,4.0
1760,0.0,0.0,1.0,0.0,0.0,0.0,0.9567319750785828,0.9662670493125916,0.9918774366378784,0.9379797577857971,0.9601007103919983,0.9634290933609009,2.0
1761,0.0,0.0,1.0,0.0,0.0,0.0,0.9373494982719421,0.9577203989028931,0.9956021308898926,0.8694300651550293,0.9375086426734924,0.9471268653869629,2.0
1762,0.0,0.0,1.0,0.0,0.0,0.0,0.9654983878135681,0.9762536883354187,0.9933345317840576,0.9241555333137512,0.9583908319473267,0.9669565558433533,3.0
1763,0.0,0.0,1.0,0.0,0.0,0.0,0.979353666305542,0.9857353568077087,0.9874968528747559,0.9505112767219543,0.9749554991722107,0.9771728515625,3.0
1764,0.0,0.0,1.0,0.0,0.0,0.0,0.9784382581710815,0.975019097328186,0.9853179454803467,0.9753895998001099,0.9786914587020874,0.98003089427948,0.0
1765,0.0,0.0,1.0,1.0,0.0,0.0,0.9644254446029663,0.9731167554855347,0.9929418563842773,0.9421548843383789,0.9620981812477112,0.9661176204681396,2.0
1766,0.0,0.0,1.0,0.0,0.0,0.0,0.9701650738716125,0.9675834774971008,0.9935684204101562,0.9398534297943115,0.9565407633781433,0.9709976315498352,1.0
1767,0.0,0.0,1.0,0.0,1.0,0.0,0.9626556038856506,0.9758766293525696,0.9910792708396912,0.9246826171875,0.9709048271179199,0.9662317037582397,1.0
1768,0.0,0.0,1.0,0.0,1.0,0.0,0.9550625085830688,0.9717165231704712,0.9896434545516968,0.920384407043457,0.9668360352516174,0.9584988951683044,4.0
1769,0.0,0.0,1.0,0.0,0.0,0.0,0.9689685702323914,0.967203676700592,0.9696738719940186,0.9767546057701111,0.9767007231712341,0.9680266380310059,2.0
1770,0.0,0.0,1.0,0.0,0.0,0.0,0.9683301448822021,0.9811051487922668,0.9836845397949219,0.9419794678688049,0.9713818430900574,0.9710386991500854,2.0
1771,0.0,0.0,1.0,0.0,0.0,0.0,0.9490329027175903,0.9600668549537659,0.9932218790054321,0.9090502858161926,0.9477012753486633,0.9534763693809509,3.0
1772,0.0,0.0,1.0,0.0,0.0,0.0,0.9470487236976624,0.9712429642677307,0.9946046471595764,0.89141845703125,0.9438456892967224,0.9484159350395203,3.0
1773,0.0,0.0,1.0,0.0,0.0,0.0,0.9772679209709167,0.9869360327720642,0.9830697774887085,0.9416618347167969,0.9713866114616394,0.9737238883972168,4.0
1774,0.0,0.0,1.0,0.0,0.0,0.0,0.9758406281471252,0.9833171963691711,0.9848382472991943,0.961516261100769,0.9737222194671631,0.9744757413864136,0.0
1775,0.0,0.0,1.0,0.0,0.0,0.0,0.9846561551094055,0.9864695072174072,0.9817824959754944,0.9712557792663574,0.9780885577201843,0.9832573533058167,0.0
1776,0.0,0.0,1.0,0.0,0.0,0.0,0.9793197512626648,0.9850945472717285,0.9805358648300171,0.9628580212593079,0.9752542972564697,0.9819335341453552,2.0
1777,0.0,0.0,1.0,0.0,0.0,0.0,0.9724770188331604,0.9689502120018005,0.9878000020980835,0.9508799910545349,0.9723359942436218,0.9764318466186523,2.0
1778,0.0,0.0,1.0,0.0,0.0,0.0,0.9695884585380554,0.9643112421035767,0.9727314114570618,0.9728646278381348,0.9813951849937439,0.9787882566452026,3.0
1779,0.0,0.0,1.0,0.0,0.0,0.0,0.9692567586898804,0.9683488011360168,0.9931491017341614,0.9324769973754883,0.9482265114784241,0.9685074090957642,3.0
1780,0.0,0.0,1.0,0.0,0.0,0.0,0.9699680805206299,0.9784811735153198,0.9844616055488586,0.9540356993675232,0.974320113658905,0.9770234227180481,2.0
1781,0.0,0.0,1.0,0.0,0.0,0.0,0.98139888048172,0.9730333685874939,0.9809367060661316,0.9649600386619568,0.9716212749481201,0.9808399081230164,4.0
1782,0.0,0.0,1.0,0.0,0.0,0.0,0.9496558308601379,0.9610990285873413,0.9938057661056519,0.8605501651763916,0.9448330998420715,0.9590883851051331,4.0
1783,0.0,0.0,1.0,0.0,0.0,0.0,0.9588053226470947,0.9682697653770447,0.991005539894104,0.9139758348464966,0.9558218717575073,0.970664381980896,0.0
1784,0.0,0.0,1.0,0.0,0.0,0.0,0.9784650802612305,0.9721731543540955,0.9845595955848694,0.9511185884475708,0.9715350866317749,0.9799281358718872,0.0
1785,0.0,0.0,1.0,0.0,0.0,0.0,0.9788436889648438,0.9774263501167297,0.9853229522705078,0.9645264148712158,0.9774793982505798,0.9822006225585938,4.0
1786,0.0,0.0,1.0,0.0,0.0,0.0,0.9723787903785706,0.9640277624130249,0.9810935854911804,0.9545577764511108,0.9650265574455261,0.9782305955886841,0.0
1787,0.0,0.0,1.0,0.0,0.0,0.0,0.9713422656059265,0.9670344591140747,0.9917094111442566,0.923697292804718,0.9561499953269958,0.9739605188369751,4.0
1788,0.0,0.0,1.0,0.0,0.0,0.0,0.9774143695831299,0.9712902903556824,0.990110456943512,0.9494462013244629,0.9700489640235901,0.9786936044692993,2.0
1789,0.0,0.0,1.0,0.0,0.0,0.0,0.9822340607643127,0.9693979024887085,0.9827039837837219,0.9705172777175903,0.9809695482254028,0.982319176197052,0.0
1790,0.0,0.0,1.0,0.0,0.0,0.0,0.9757349491119385,0.9807097911834717,0.9851927757263184,0.9661353230476379,0.9678313732147217,0.974398136138916,0.0
1791,0.0,0.0,1.0,0.0,0.0,0.0,0.9414668679237366,0.9679114818572998,0.9934450387954712,0.869337797164917,0.9416384696960449,0.9436872601509094,0.0
1792,0.0,0.0,1.0,0.0,0.0,0.0,0.9355946183204651,0.962248682975769,0.9929376244544983,0.9007420539855957,0.9525900483131409,0.9527398943901062,0.0
1793,0.0,0.0,1.0,0.0,0.0,0.0,0.9808067679405212,0.981174111366272,0.9804568886756897,0.9622068405151367,0.979010820388794,0.9831616878509521,3.0
1794,0.0,0.0,1.0,0.0,0.0,0.0,0.9789905548095703,0.9728798866271973,0.9862171411514282,0.9579983353614807,0.9794139266014099,0.9824709296226501,4.0
1795,0.0,0.0,1.0,0.0,0.0,0.0,0.9639240503311157,0.9723743200302124,0.9935873746871948,0.9166980981826782,0.9593297839164734,0.966249406337738,1.0
1796,0.0,0.0,1.0,0.0,0.0,0.0,0.9563032388687134,0.9624772667884827,0.9933731555938721,0.9183350801467896,0.9461748003959656,0.956588625907898,4.0
1797,0.0,0.0,1.0,0.0,0.0,0.0,0.9539940357208252,0.963836669921875,0.9914365410804749,0.9177819490432739,0.9467589259147644,0.9597379565238953,1.0
1798,0.0,0.0,1.0,0.0,1.0,0.0,0.9759132862091064,0.9865970015525818,0.9837733507156372,0.9534658789634705,0.9713535308837891,0.9727991819381714,0.0
1799,0.0,0.0,1.0,0.0,0.0,0.0,0.9593747854232788,0.9692243933677673,0.9914764761924744,0.9300621151924133,0.9525042772293091,0.9637823104858398,4.0
1800,0.0,0.0,1.0,0.0,0.0,0.0,0.9341286420822144,0.9561784267425537,0.9954743981361389,0.8534668684005737,0.9265080690383911,0.9351189732551575,3.0
1801,0.0,0.0,1.0,0.0,0.0,0.0,0.9774457812309265,0.9701277017593384,0.9869537949562073,0.9580582976341248,0.9734097719192505,0.9798619747161865,1.0
1802,0.0,0.0,1.0,0.0,0.0,0.0,0.970890462398529,0.9633657932281494,0.9925211071968079,0.9357542991638184,0.9556468725204468,0.9712382555007935,4.0
1803,0.0,0.0,1.0,0.0,0.0,0.0,0.9760500192642212,0.9620412588119507,0.9730652570724487,0.9733337759971619,0.9764095544815063,0.9816568493843079,3.0
1804,0.0,0.0,1.0,0.0,0.0,0.0,0.9812915325164795,0.9752327799797058,0.9696802496910095,0.9839211702346802,0.9772272706031799,0.9780339598655701,2.0
1805,0.0,0.0,1.0,0.0,0.0,0.0,0.978325605392456,0.9780645370483398,0.9827578663825989,0.9704155921936035,0.9765218496322632,0.9791963696479797,3.0
1806,0.0,0.0,1.0,0.0,0.0,0.0,0.9839611053466797,0.97806316614151,0.9846765398979187,0.969654381275177,0.9752370715141296,0.9830754995346069,4.0
1807,0.0,0.0,1.0,0.0,0.0,0.0,0.9473573565483093,0.9719077944755554,0.9938742518424988,0.8817105293273926,0.9460572004318237,0.9492195248603821,0.0
1808,0.0,0.0,1.0,0.0,0.0,0.0,0.9501398205757141,0.9743125438690186,0.9915968775749207,0.9070376753807068,0.9464092254638672,0.9513184428215027,2.0
1809,0.0,0.0,1.0,0.0,0.0,0.0,0.9711309671401978,0.9718707203865051,0.9832820296287537,0.9615227580070496,0.9788064360618591,0.9821188449859619,2.0
1810,0.0,0.0,0.0,1.0,0.0,0.0,0.9792405962944031,0.9764494895935059,0.9781086444854736,0.9772037267684937,0.9801166653633118,0.9787606596946716,4.0
1811,0.0,0.0,0.0,1.0,0.0,0.0,0.9704492688179016,0.9748093485832214,0.9791505336761475,0.9797438383102417,0.9621673822402954,0.9639146327972412,1.0
1812,0.0,0.0,0.0,1.0,1.0,0.0,0.9697101712226868,0.9614549875259399,0.9656449556350708,0.9911732077598572,0.9760810136795044,0.9587315917015076,3.0
1813,0.0,0.0,0.0,1.0,1.0,0.0,0.9754523038864136,0.9733869433403015,0.9621649384498596,0.9864565134048462,0.9841715693473816,0.9709445834159851,1.0
1814,0.0,0.0,0.0,1.0,0.0,0.0,0.9693324565887451,0.9720684885978699,0.9617429971694946,0.9887633323669434,0.976448118686676,0.962744414806366,0.0
1815,0.0,0.0,0.0,1.0,0.0,0.0,0.986116349697113,0.9618911147117615,0.9618401527404785,0.9855600595474243,0.9834482669830322,0.9817836880683899,1.0
1816,0.0,0.0,0.0,1.0,0.0,0.0,0.9730038642883301,0.9686076045036316,0.9809960126876831,0.9862949252128601,0.9641392230987549,0.9667511582374573,4.0
1817,0.0,0.0,0.0,1.0,0.0,0.0,0.9729821085929871,0.9619718194007874,0.9599027037620544,0.9900509715080261,0.9637740254402161,0.9615126848220825,0.0
1818,0.0,0.0,0.0,1.0,0.0,0.0,0.9703587889671326,0.9535755515098572,0.9684463739395142,0.9899927973747253,0.957995593547821,0.9594684839248657,0.0
1819,0.0,0.0,0.0,1.0,0.0,0.0,0.9740515351295471,0.9728825688362122,0.9590830206871033,0.9875539541244507,0.9724161028862,0.960831880569458,4.0
1820,0.0,0.0,0.0,1.0,1.0,0.0,0.9779258966445923,0.9686384797096252,0.9601655006408691,0.9909363389015198,0.9788302779197693,0.967499852180481,2.0
1821,0.0,0.0,0.0,1.0,0.0,0.0,0.9765112996101379,0.9660375118255615,0.9712173342704773,0.9883391857147217,0.9684375524520874,0.9643263220787048,3.0
1822,0.0,0.0,0.0,1.0,0.0,0.0,0.9732672572135925,0.9713771343231201,0.9744073748588562,0.9857982993125916,0.9746460318565369,0.9680618047714233,2.0
1823,0.0,0.0,0.0,1.0,1.0,0.0,0.9691179990768433,0.9670906066894531,0.9597746729850769,0.9899584650993347,0.9779441952705383,0.9587276577949524,4.0
1824,0.0,0.0,0.0,1.0,1.0,0.0,0.9751607775688171,0.9672391414642334,0.9617429971694946,0.9879327416419983,0.9858454465866089,0.9707130193710327,0.0
1825,0.0,0.0,0.0,1.0,1.0,0.0,0.9726101756095886,0.9624011516571045,0.9579176902770996,0.981374204158783,0.9874314069747925,0.9780374765396118,3.0
1826,0.0,0.0,0.0,1.0,0.0,0.0,0.9843747019767761,0.9592821598052979,0.9576489925384521,0.9877285957336426,0.9844618439674377,0.9808281064033508,2.0
1827,0.0,0.0,0.0,1.0,0.0,0.0,0.9772536754608154,0.9574698805809021,0.9630388617515564,0.989271879196167,0.9755026698112488,0.9733231663703918,3.0
1828,0.0,0.0,0.0,1.0,0.0,0.0,0.9745523929595947,0.976600170135498,0.9671897888183594,0.9881486296653748,0.9661254286766052,0.9594645500183105,2.0
1829,0.0,0.0,0.0,1.0,0.0,0.0,0.9792608618736267,0.9726214408874512,0.9680418372154236,0.9892095923423767,0.9756141901016235,0.9708961844444275,2.0
1830,0.0,0.0,0.0,1.0,0.0,0.0,0.9802520871162415,0.9746062159538269,0.9757485389709473,0.9837194681167603,0.977056086063385,0.9754977822303772,0.0
1831,0.0,0.0,0.0,1.0,0.0,0.0,0.9790463447570801,0.9745457172393799,0.9786900877952576,0.9876152276992798,0.9732513427734375,0.9733279943466187,0.0
1832,0.0,0.0,0.0,1.0,0.0,0.0,0.9829586148262024,0.9657751321792603,0.9667304158210754,0.9875248670578003,0.9835311770439148,0.9798730611801147,3.0
1833,0.0,0.0,0.0,1.0,0.0,0.0,0.9767076373100281,0.974770188331604,0.9739537239074707,0.9877572059631348,0.9748700857162476,0.9670549631118774,3.0
1834,0.0,0.0,0.0,1.0,1.0,0.0,0.9721071124076843,0.9687002301216125,0.9771811962127686,0.980897843837738,0.9794098138809204,0.9735363125801086,0.0
1835,0.0,0.0,0.0,1.0,0.0,0.0,0.9752902388572693,0.9740856289863586,0.9645462036132812,0.9769557118415833,0.9760276079177856,0.9711927175521851,1.0
1836,0.0,0.0,0.0,1.0,0.0,0.0,0.9743388295173645,0.9638391137123108,0.9654780030250549,0.9909301400184631,0.9710015058517456,0.9608893394470215,2.0
1837,0.0,0.0,0.0,1.0,0.0,0.0,0.9757446050643921,0.9729012846946716,0.9728833436965942,0.9895235896110535,0.9716230630874634,0.9683395028114319,2.0
1838,0.0,0.0,0.0,1.0,0.0,0.0,0.9794617295265198,0.964669942855835,0.9660030007362366,0.9829286336898804,0.9735367894172668,0.9755398631095886,2.0
1839,0.0,0.0,0.0,1.0,0.0,0.0,0.9753203988075256,0.9759785532951355,0.9827761650085449,0.9868872761726379,0.9715753793716431,0.9677987098693848,1.0
1840,0.0,0.0,0.0,1.0,0.0,0.0,0.9757325649261475,0.9790538549423218,0.9623643755912781,0.9862323999404907,0.9610203504562378,0.9558591246604919,2.0
1841,0.0,0.0,0.0,1.0,0.0,0.0,0.9684556722640991,0.9666846394538879,0.9773281812667847,0.9878637194633484,0.9616755247116089,0.9622352123260498,4.0
1842,0.0,0.0,0.0,1.0,0.0,0.0,0.9682468771934509,0.9710090160369873,0.9836894869804382,0.9767814874649048,0.9568721055984497,0.9648566842079163,3.0
1843,0.0,0.0,0.0,1.0,0.0,0.0,0.9718966484069824,0.9699286222457886,0.9632434844970703,0.9882386922836304,0.9536640048027039,0.955758810043335,4.0
1844,0.0,0.0,0.0,1.0,0.0,0.0,0.9731513857841492,0.968431830406189,0.9602407217025757,0.990708589553833,0.9585824608802795,0.9527185559272766,1.0
1845,0.0,0.0,0.0,1.0,0.0,0.0,0.9734189510345459,0.9664016366004944,0.9678292870521545,0.9819880127906799,0.9817458391189575,0.9751028418540955,1.0
1846,0.0,0.0,0.0,1.0,0.0,0.0,0.9818475246429443,0.9607782959938049,0.970280647277832,0.9867442846298218,0.9776171445846558,0.9767392873764038,1.0
1847,0.0,0.0,0.0,1.0,0.0,0.0,0.9793844223022461,0.9700016379356384,0.9670128226280212,0.9845280051231384,0.9848392009735107,0.9789361953735352,1.0
1848,0.0,0.0,0.0,1.0,0.0,0.0,0.9735463857650757,0.9764268398284912,0.9624698162078857,0.9880431890487671,0.9615177512168884,0.957995593547821,2.0
1849,0.0,0.0,0.0,1.0,0.0,0.0,0.9732275009155273,0.9741926193237305,0.9676152467727661,0.9815032482147217,0.9826610684394836,0.975138783454895,2.0
1850,0.0,0.0,0.0,1.0,0.0,0.0,0.9640159010887146,0.9658445119857788,0.9712335467338562,0.9857324957847595,0.9673914313316345,0.9608108401298523,0.0
1851,0.0,0.0,0.0,1.0,0.0,0.0,0.9708713293075562,0.9628500938415527,0.9621846675872803,0.9922548532485962,0.9733196496963501,0.9552150964736938,0.0
1852,0.0,0.0,0.0,1.0,0.0,0.0,0.9617379307746887,0.9597563147544861,0.972262978553772,0.9895564913749695,0.9486939311027527,0.9460572004318237,0.0
1853,0.0,0.0,0.0,1.0,0.0,0.0,0.9676928520202637,0.9632914662361145,0.9613518118858337,0.9888866543769836,0.9711247682571411,0.9521053433418274,4.0
1854,0.0,0.0,0.0,1.0,0.0,0.0,0.9742292761802673,0.9720712304115295,0.9789801836013794,0.9745705127716064,0.9708290696144104,0.9745268225669861,1.0
1855,0.0,0.0,0.0,1.0,0.0,0.0,0.9777724146842957,0.9718652367591858,0.9738104939460754,0.9895749688148499,0.9802070260047913,0.9759904742240906,2.0
1856,0.0,0.0,0.0,1.0,0.0,0.0,0.972091019153595,0.9508324265480042,0.9571956396102905,0.991731584072113,0.9584557414054871,0.9538972973823547,3.0
1857,0.0,0.0,0.0,1.0,1.0,0.0,0.9763438701629639,0.9635400772094727,0.9616079330444336,0.9863767027854919,0.983995258808136,0.9733754396438599,2.0
1858,0.0,0.0,0.0,1.0,0.0,0.0,0.9753343462944031,0.965994119644165,0.9788853526115417,0.983171820640564,0.966648519039154,0.9681538939476013,4.0
1859,0.0,0.0,0.0,1.0,0.0,0.0,0.9717192053794861,0.9663532376289368,0.9648969769477844,0.9803764820098877,0.9783812761306763,0.9701789617538452,2.0
1860,0.0,0.0,0.0,1.0,0.0,0.0,0.9804940223693848,0.9698255658149719,0.9712845683097839,0.9879420399665833,0.9816581010818481,0.9785736203193665,4.0
1861,0.0,0.0,0.0,1.0,0.0,0.0,0.9818753600120544,0.9723305702209473,0.9646133780479431,0.9915659427642822,0.9789766073226929,0.9763845801353455,2.0
1862,0.0,0.0,0.0,1.0,0.0,0.0,0.9812020063400269,0.9703313708305359,0.977516770362854,0.9844356179237366,0.9762808084487915,0.9782161116600037,3.0
1863,0.0,0.0,0.0,1.0,0.0,0.0,0.9769219756126404,0.981468677520752,0.9759156703948975,0.9814613461494446,0.9681204557418823,0.969884991645813,4.0
1864,0.0,0.0,0.0,1.0,0.0,0.0,0.9815199375152588,0.9707502126693726,0.980859100818634,0.9820476770401001,0.9760092496871948,0.978042721748352,3.0
1865,0.0,0.0,0.0,1.0,0.0,0.0,0.9713526368141174,0.9679988026618958,0.9693153500556946,0.9874138832092285,0.9708194136619568,0.9665959477424622,4.0
1866,0.0,0.0,0.0,1.0,0.0,0.0,0.9718614816665649,0.9761213064193726,0.9855227470397949,0.97370445728302,0.9640793800354004,0.9676811099052429,2.0
1867,0.0,0.0,0.0,1.0,0.0,0.0,0.9784632325172424,0.9797663688659668,0.9814555048942566,0.9800335764884949,0.9676163792610168,0.9740232825279236,1.0
1868,0.0,0.0,0.0,1.0,0.0,0.0,0.9790470004081726,0.9740532636642456,0.9778203368186951,0.9853057265281677,0.9725903272628784,0.9731850624084473,3.0
1869,0.0,0.0,0.0,1.0,0.0,0.0,0.9734802842140198,0.963260293006897,0.965239942073822,0.9891642928123474,0.9586470127105713,0.956044614315033,1.0
1870,0.0,0.0,0.0,1.0,1.0,0.0,0.9749984741210938,0.9693636894226074,0.9633896946907043,0.9893143177032471,0.9817490577697754,0.9720228910446167,2.0
1871,0.0,0.0,0.0,1.0,1.0,0.0,0.9781897664070129,0.9682968258857727,0.9670408964157104,0.9884942173957825,0.9782231450080872,0.9666682481765747,2.0
1872,0.0,0.0,0.0,1.0,0.0,0.0,0.9635686278343201,0.9455951452255249,0.9370461702346802,0.9776089191436768,0.9835239052772522,0.9623656272888184,2.0
1873,0.0,0.0,0.0,1.0,0.0,0.0,0.9807172417640686,0.9550159573554993,0.9600668549537659,0.9911634922027588,0.9767528176307678,0.969688355922699,1.0
1874,0.0,0.0,0.0,1.0,0.0,0.0,0.976880669593811,0.9683009386062622,0.9801631569862366,0.9812440276145935,0.9731540083885193,0.9699591994285583,2.0
1875,0.0,0.0,0.0,1.0,0.0,0.0,0.9799900650978088,0.9650917053222656,0.9617454409599304,0.9900494813919067,0.9830053448677063,0.9700283408164978,3.0
1876,0.0,0.0,0.0,1.0,0.0,0.0,0.965976357460022,0.9634888768196106,0.9497108459472656,0.9870581030845642,0.9664203524589539,0.9448949098587036,1.0
1877,0.0,0.0,0.0,1.0,0.0,0.0,0.9691494703292847,0.9742044806480408,0.9770966172218323,0.9696348905563354,0.9734224081039429,0.9682003855705261,1.0
1878,0.0,0.0,0.0,1.0,0.0,0.0,0.9746695160865784,0.9577287435531616,0.9585393071174622,0.9854195713996887,0.9847394227981567,0.9716549515724182,0.0
1879,0.0,0.0,0.0,1.0,0.0,0.0,0.9818692803382874,0.9499210119247437,0.9521934390068054,0.9880141615867615,0.9794074296951294,0.9744690656661987,1.0
1880,0.0,0.0,0.0,1.0,0.0,0.0,0.9789764285087585,0.9521161317825317,0.9658289551734924,0.9831874966621399,0.9682613611221313,0.9734501242637634,0.0
1881,0.0,0.0,0.0,1.0,0.0,0.0,0.9815524220466614,0.9544650316238403,0.9608498215675354,0.9905609488487244,0.9789986610412598,0.9726913571357727,4.0
1882,0.0,0.0,0.0,1.0,0.0,0.0,0.9812474846839905,0.963901698589325,0.9607450366020203,0.9908662438392639,0.9689328670501709,0.9671639204025269,1.0
1883,0.0,0.0,0.0,1.0,0.0,0.0,0.9823349714279175,0.9517530798912048,0.9595382809638977,0.990142822265625,0.9746003150939941,0.9739209413528442,0.0
1884,0.0,0.0,0.0,1.0,0.0,0.0,0.978748619556427,0.9702962636947632,0.9782291054725647,0.9886562824249268,0.9715355634689331,0.9705386161804199,4.0
1885,0.0,0.0,0.0,1.0,1.0,0.0,0.9803698062896729,0.9667664170265198,0.9711375832557678,0.9908636212348938,0.972532331943512,0.967094898223877,1.0
1886,0.0,0.0,0.0,1.0,1.0,0.0,0.9799244403839111,0.9726697206497192,0.9812090992927551,0.9844322204589844,0.9767131209373474,0.9764606952667236,3.0
1887,0.0,0.0,0.0,1.0,1.0,0.0,0.9788868427276611,0.9656943082809448,0.9635043740272522,0.990056574344635,0.9819673299789429,0.9713818430900574,2.0
1888,0.0,0.0,0.0,1.0,0.0,0.0,0.9780187010765076,0.9716137647628784,0.9817636609077454,0.9837656617164612,0.9764021635055542,0.9766130447387695,0.0
1889,0.0,0.0,0.0,1.0,0.0,0.0,0.9675838947296143,0.9601966142654419,0.968698263168335,0.9884530901908875,0.9750111699104309,0.9642674326896667,0.0
1890,0.0,0.0,0.0,1.0,0.0,0.0,0.9710900783538818,0.9657594561576843,0.9843935370445251,0.9658624529838562,0.9674000144004822,0.9719632863998413,4.0
1891,0.0,0.0,0.0,1.0,1.0,0.0,0.9704988598823547,0.964436948299408,0.9675089120864868,0.9876825213432312,0.9802483916282654,0.963119626045227,3.0
1892,0.0,0.0,0.0,1.0,0.0,0.0,0.9642528295516968,0.9561101198196411,0.9607884883880615,0.9849569201469421,0.9759557247161865,0.9611061811447144,4.0
1893,0.0,0.0,0.0,1.0,0.0,0.0,0.9788479208946228,0.9636281132698059,0.9525870084762573,0.9911064505577087,0.975314736366272,0.968377947807312,1.0
1894,0.0,0.0,0.0,1.0,0.0,0.0,0.9780634641647339,0.9620957374572754,0.9587838649749756,0.9907101988792419,0.9730119109153748,0.9717601537704468,3.0
1895,0.0,0.0,0.0,1.0,0.0,0.0,0.970344066619873,0.9645043611526489,0.9578438997268677,0.99092698097229,0.9631431698799133,0.9518557786941528,4.0
1896,0.0,0.0,0.0,1.0,0.0,0.0,0.9820656180381775,0.9522303938865662,0.9562522172927856,0.9865411520004272,0.9815381765365601,0.9737948775291443,3.0
1897,0.0,0.0,0.0,1.0,0.0,0.0,0.9764837026596069,0.9607577919960022,0.9561669826507568,0.9904617667198181,0.9719180464744568,0.963507890701294,2.0
1898,0.0,0.0,0.0,1.0,0.0,0.0,0.9819048047065735,0.9599027037620544,0.9652625918388367,0.9890083074569702,0.9759678840637207,0.9747947454452515,3.0
1899,0.0,0.0,0.0,1.0,0.0,0.0,0.9824121594429016,0.9535816311836243,0.964775025844574,0.9877248406410217,0.9800409078598022,0.976098358631134,4.0
1900,0.0,0.0,0.0,1.0,0.0,0.0,0.9691813588142395,0.9602691531181335,0.9609339237213135,0.9925292134284973,0.9600447416305542,0.9506641030311584,0.0
1901,0.0,0.0,0.0,1.0,0.0,0.0,0.9814837574958801,0.9523751735687256,0.9576049447059631,0.9867048859596252,0.9816262722015381,0.9762301445007324,1.0
1902,0.0,0.0,0.0,1.0,1.0,0.0,0.9797670841217041,0.963024377822876,0.9646087288856506,0.9900296330451965,0.9819790124893188,0.9730599522590637,3.0
1903,0.0,0.0,0.0,1.0,0.0,0.0,0.9676408171653748,0.9685441255569458,0.9618724584579468,0.9888049364089966,0.9523859620094299,0.9536176323890686,0.0
1904,0.0,0.0,0.0,1.0,0.0,0.0,0.9745364189147949,0.9595093131065369,0.9664720296859741,0.989046037197113,0.9747722148895264,0.9708544611930847,2.0
1905,0.0,0.0,0.0,1.0,0.0,0.0,0.9782666563987732,0.9618127942085266,0.9689562320709229,0.9894494414329529,0.9804775714874268,0.9743718504905701,0.0
1906,0.0,0.0,0.0,1.0,0.0,0.0,0.9790177941322327,0.9743777513504028,0.9685084223747253,0.987851083278656,0.9761867523193359,0.9720136523246765,4.0
1907,0.0,0.0,0.0,1.0,0.0,0.0,0.9781190156936646,0.9689277410507202,0.9770424365997314,0.9901605844497681,0.9734277725219727,0.972153902053833,0.0
1908,0.0,0.0,0.0,1.0,0.0,0.0,0.970607340335846,0.9701806902885437,0.9711937308311462,0.9902209043502808,0.9616842269897461,0.9608421325683594,0.0
1909,0.0,0.0,0.0,1.0,0.0,0.0,0.9677181839942932,0.9690693020820618,0.9772282242774963,0.9716720581054688,0.9673036336898804,0.9653348326683044,2.0
1910,0.0,0.0,0.0,1.0,0.0,0.0,0.977260410785675,0.9766611456871033,0.9682175517082214,0.9794865846633911,0.9817405939102173,0.9761828780174255,3.0
1911,0.0,0.0,0.0,1.0,0.0,0.0,0.9781168699264526,0.9764553904533386,0.9626312255859375,0.9890245795249939,0.9734000563621521,0.9728807806968689,2.0
1912,0.0,0.0,0.0,1.0,0.0,0.0,0.9747392535209656,0.9774787425994873,0.9737498760223389,0.9858840107917786,0.973213255405426,0.9715426564216614,1.0
1913,0.0,0.0,0.0,1.0,0.0,0.0,0.9683758616447449,0.9575719237327576,0.9577149748802185,0.9889752864837646,0.9650968313217163,0.9511090517044067,2.0
1914,0.0,0.0,0.0,1.0,0.0,0.0,0.9723442196846008,0.9649027585983276,0.9684733152389526,0.9875549674034119,0.9633788466453552,0.9612433314323425,0.0
1915,0.0,0.0,0.0,1.0,0.0,0.0,0.9810762405395508,0.979641318321228,0.9769043326377869,0.9836031198501587,0.9661475419998169,0.9726805090904236,0.0
1916,0.0,0.0,0.0,1.0,0.0,0.0,0.978855550289154,0.9839035272598267,0.978603184223175,0.9774542450904846,0.9734009504318237,0.9743879437446594,1.0
1917,0.0,0.0,0.0,1.0,0.0,0.0,0.9843117594718933,0.9736291766166687,0.9657796025276184,0.9880977272987366,0.973332405090332,0.9723970890045166,2.0
1918,0.0,0.0,0.0,1.0,0.0,0.0,0.98183274269104,0.9782529473304749,0.9786971211433411,0.9820494055747986,0.9801589250564575,0.980679988861084,2.0
1919,0.0,0.0,0.0,1.0,0.0,0.0,0.9765598177909851,0.9771891832351685,0.9703831076622009,0.9812579154968262,0.9565012454986572,0.9680293202400208,4.0
1920,0.0,0.0,0.0,1.0,0.0,0.0,0.978373110294342,0.9768706560134888,0.9753196239471436,0.9813904762268066,0.9680260419845581,0.973870038986206,2.0
1921,0.0,0.0,0.0,1.0,0.0,0.0,0.9726462364196777,0.9790279269218445,0.9812031388282776,0.9696893692016602,0.958896279335022,0.9679661989212036,4.0
1922,0.0,0.0,0.0,1.0,0.0,0.0,0.9684960246086121,0.9698374271392822,0.965064287185669,0.9907243847846985,0.9614436030387878,0.9568175673484802,0.0
1923,0.0,0.0,0.0,1.0,0.0,0.0,0.9703215956687927,0.9762992262840271,0.9686117768287659,0.9804967045783997,0.9669131636619568,0.9643450379371643,4.0
1924,0.0,0.0,0.0,1.0,1.0,0.0,0.9790846109390259,0.967606782913208,0.9741883277893066,0.9901296496391296,0.9802087545394897,0.971663236618042,1.0
1925,0.0,0.0,0.0,1.0,1.0,0.0,0.9749115705490112,0.9720426797866821,0.9786174297332764,0.9783096313476562,0.9767970442771912,0.9750567078590393,2.0
1926,0.0,0.0,0.0,1.0,1.0,0.0,0.9774495363235474,0.9752976298332214,0.9707540273666382,0.9869052767753601,0.9726764559745789,0.9674310088157654,4.0
1927,0.0,0.0,0.0,1.0,0.0,0.0,0.9683623313903809,0.9449072480201721,0.9329123497009277,0.9804710149765015,0.9836507439613342,0.9609275460243225,3.0
1928,0.0,0.0,0.0,1.0,0.0,0.0,0.9823127388954163,0.9547178149223328,0.9603828191757202,0.9879887104034424,0.9806331992149353,0.9787006974220276,3.0
1929,0.0,0.0,0.0,1.0,0.0,0.0,0.9812731742858887,0.9707098007202148,0.9686899781227112,0.9897781014442444,0.9777937531471252,0.9753856062889099,4.0
1930,0.0,0.0,0.0,1.0,1.0,0.0,0.9810135960578918,0.9685580730438232,0.9664061069488525,0.9904912114143372,0.9749463200569153,0.9692971706390381,4.0
1931,0.0,0.0,0.0,1.0,0.0,0.0,0.9770203828811646,0.9719741344451904,0.9630436301231384,0.9902026653289795,0.9693728089332581,0.9608842730522156,4.0
1932,0.0,0.0,0.0,1.0,0.0,0.0,0.9724707007408142,0.9566758275032043,0.9607425332069397,0.9928405284881592,0.9684538841247559,0.9550581574440002,0.0
1933,0.0,0.0,0.0,1.0,1.0,0.0,0.9824827909469604,0.9777517914772034,0.9866600036621094,0.9798750281333923,0.9754344820976257,0.9777414202690125,3.0
1934,0.0,0.0,0.0,1.0,0.0,0.0,0.9716128706932068,0.9739097356796265,0.9675281047821045,0.9856776595115662,0.9771660566329956,0.9645519256591797,1.0
1935,0.0,0.0,0.0,1.0,0.0,0.0,0.9826493263244629,0.955207884311676,0.9663532376289368,0.9853627681732178,0.972958505153656,0.9773010611534119,0.0
1936,0.0,0.0,0.0,1.0,1.0,0.0,0.9795771837234497,0.9708559513092041,0.9763235449790955,0.985897421836853,0.981780469417572,0.9766308069229126,0.0
1937,0.0,0.0,0.0,1.0,1.0,0.0,0.976584255695343,0.9576407074928284,0.960563063621521,0.9883205890655518,0.966551661491394,0.9622068405151367,1.0
1938,0.0,0.0,0.0,1.0,0.0,0.0,0.9831655025482178,0.9763565063476562,0.974346399307251,0.9851003289222717,0.9785122275352478,0.9791212677955627,3.0
1939,0.0,0.0,0.0,1.0,0.0,0.0,0.979559063911438,0.9832256436347961,0.9829848408699036,0.9740235209465027,0.9754741787910461,0.978232741355896,0.0
1940,0.0,0.0,0.0,1.0,0.0,0.0,0.9853228330612183,0.9659461975097656,0.9678777456283569,0.9844714999198914,0.9851512312889099,0.9829915165901184,0.0
1941,0.0,0.0,0.0,1.0,1.0,0.0,0.9743481874465942,0.9716847538948059,0.9697222113609314,0.9865288734436035,0.979754626750946,0.9744830131530762,0.0
1942,0.0,0.0,0.0,1.0,0.0,0.0,0.9711400866508484,0.9708569645881653,0.9600486159324646,0.9836807250976562,0.9830491542816162,0.9733923673629761,0.0
1943,0.0,0.0,0.0,1.0,0.0,0.0,0.9768602848052979,0.9818356037139893,0.9712761640548706,0.9756110310554504,0.9692840576171875,0.9670230746269226,3.0
1944,0.0,0.0,0.0,1.0,0.0,0.0,0.9763872027397156,0.9635686278343201,0.9671423435211182,0.9880350232124329,0.9823099970817566,0.9721429347991943,1.0
1945,0.0,0.0,0.0,1.0,0.0,0.0,0.9708338975906372,0.9651167988777161,0.9680293202400208,0.9857721924781799,0.98065185546875,0.9718127250671387,4.0
1946,0.0,0.0,0.0,1.0,0.0,0.0,0.9747104644775391,0.9624306559562683,0.9801310896873474,0.9741193056106567,0.9669337868690491,0.972435712814331,2.0
1947,0.0,0.0,0.0,1.0,0.0,0.0,0.9772038459777832,0.967045247554779,0.9613845348358154,0.9884870052337646,0.9840414524078369,0.9738631844520569,2.0
1948,0.0,0.0,0.0,1.0,1.0,0.0,0.9794836044311523,0.9656764268875122,0.9762560725212097,0.9863362312316895,0.9766401052474976,0.974129855632782,0.0
1949,0.0,0.0,0.0,1.0,0.0,0.0,0.9747651815414429,0.9764696955680847,0.9793530106544495,0.9843190312385559,0.9759348630905151,0.9701414108276367,1.0
1950,0.0,0.0,0.0,1.0,0.0,0.0,0.9802799224853516,0.9717509746551514,0.9754466414451599,0.9822102785110474,0.9786620736122131,0.9801751971244812,1.0
1951,0.0,0.0,0.0,1.0,1.0,0.0,0.9737986326217651,0.9577836394309998,0.9678102731704712,0.9854323267936707,0.9798134565353394,0.9729008674621582,1.0
1952,0.0,0.0,0.0,1.0,1.0,0.0,0.9807933568954468,0.974202036857605,0.9755099415779114,0.987231433391571,0.9830638766288757,0.9763078689575195,4.0
1953,0.0,0.0,0.0,1.0,0.0,0.0,0.9825106263160706,0.9774707555770874,0.9757389426231384,0.985123336315155,0.9756577610969543,0.9750414490699768,3.0
1954,0.0,0.0,0.0,1.0,0.0,0.0,0.9828571081161499,0.973869264125824,0.9829932451248169,0.9791232347488403,0.9800209403038025,0.9833008050918579,2.0
1955,0.0,0.0,0.0,1.0,0.0,0.0,0.9819484353065491,0.9563188552856445,0.9576160311698914,0.9890480637550354,0.9847379922866821,0.978995144367218,4.0
1956,0.0,0.0,0.0,1.0,0.0,0.0,0.9752157330513,0.9678292870521545,0.9734536409378052,0.978661060333252,0.9685746431350708,0.9714985489845276,1.0
1957,0.0,0.0,0.0,1.0,0.0,0.0,0.9719207286834717,0.9772687554359436,0.9851744771003723,0.969356894493103,0.9678651094436646,0.9717686176300049,3.0
1958,0.0,0.0,0.0,1.0,0.0,0.0,0.9632266759872437,0.9711480736732483,0.9639405608177185,0.981116771697998,0.9764735698699951,0.9668479561805725,0.0
1959,0.0,0.0,0.0,1.0,0.0,0.0,0.9731345772743225,0.9757437705993652,0.9858623147010803,0.9719770550727844,0.9711927175521851,0.9722574353218079,4.0
1960,0.0,0.0,0.0,1.0,0.0,0.0,0.9747992753982544,0.9591600894927979,0.96901535987854,0.9862169027328491,0.9686416387557983,0.9670317769050598,3.0
1961,0.0,0.0,0.0,1.0,1.0,0.0,0.9726146459579468,0.9646202921867371,0.9594434499740601,0.9899235367774963,0.9747510552406311,0.9553295373916626,1.0
1962,0.0,0.0,0.0,1.0,1.0,0.0,0.9778313636779785,0.949480414390564,0.9492064118385315,0.9823926687240601,0.9860302805900574,0.9750005006790161,1.0
1963,0.0,0.0,0.0,1.0,0.0,0.0,0.9733991622924805,0.97307950258255,0.965649425983429,0.9837855100631714,0.9806397557258606,0.9729291796684265,2.0
1964,0.0,0.0,0.0,1.0,0.0,0.0,0.9778783321380615,0.9757188558578491,0.9802677631378174,0.9865846037864685,0.9760490655899048,0.9717732667922974,3.0
1965,0.0,0.0,0.0,1.0,1.0,0.0,0.9771315455436707,0.9627286195755005,0.9593033790588379,0.9883829951286316,0.9863072037696838,0.9744327664375305,2.0
1966,0.0,0.0,0.0,1.0,0.0,0.0,0.9807592034339905,0.959926187992096,0.9730812907218933,0.9856047034263611,0.9774510264396667,0.9784451127052307,3.0
1967,0.0,0.0,0.0,1.0,0.0,0.0,0.9755908250808716,0.9754433631896973,0.9684484004974365,0.9860467314720154,0.9623545408248901,0.963944137096405,1.0
1968,0.0,0.0,0.0,1.0,0.0,0.0,0.9740978479385376,0.9615604281425476,0.9732372164726257,0.9855237007141113,0.9593271613121033,0.9636626243591309,0.0
1969,0.0,0.0,0.0,1.0,0.0,0.0,0.97295081615448,0.9618924260139465,0.9688008427619934,0.983335018157959,0.9813129901885986,0.9761548042297363,4.0
1970,0.0,0.0,0.0,1.0,0.0,0.0,0.9786659479141235,0.9783292412757874,0.9695624709129333,0.9874303340911865,0.9679251909255981,0.963512659072876,2.0
1971,0.0,0.0,0.0,1.0,0.0,0.0,0.9768350124359131,0.963029146194458,0.9681569933891296,0.9890479445457458,0.9761674404144287,0.9731433987617493,3.0
1972,0.0,0.0,0.0,1.0,0.0,0.0,0.9826343655586243,0.9792904853820801,0.973223090171814,0.9829887747764587,0.9755261540412903,0.9770872592926025,0.0
1973,0.0,0.0,0.0,1.0,0.0,0.0,0.9765172004699707,0.9747592806816101,0.974823534488678,0.9887245297431946,0.9724152088165283,0.9683456420898438,2.0
1974,0.0,0.0,0.0,1.0,1.0,0.0,0.9841676354408264,0.9707310199737549,0.976527988910675,0.9797818660736084,0.975847065448761,0.9808535575866699,4.0
1975,0.0,0.0,0.0,1.0,0.0,0.0,0.9802172183990479,0.9808361530303955,0.9667783379554749,0.9850753545761108,0.9800547361373901,0.9761961698532104,2.0
1976,0.0,0.0,0.0,1.0,1.0,0.0,0.9750273823738098,0.9588723182678223,0.9695844650268555,0.9834321141242981,0.9779671430587769,0.9713936448097229,0.0
1977,0.0,0.0,0.0,1.0,0.0,0.0,0.9794678092002869,0.97020423412323,0.974264919757843,0.9893684983253479,0.9779346585273743,0.9739966988563538,2.0
1978,0.0,0.0,0.0,1.0,0.0,0.0,0.9735585451126099,0.9691221714019775,0.9668154120445251,0.9832956194877625,0.9712046384811401,0.9659785628318787,0.0
1979,0.0,0.0,0.0,1.0,0.0,0.0,0.9794443845748901,0.982801079750061,0.9615103006362915,0.9821591973304749,0.9756327867507935,0.9742556214332581,3.0
1980,0.0,0.0,0.0,1.0,0.0,0.0,0.9788777232170105,0.9600719809532166,0.967589795589447,0.9896097183227539,0.9786245226860046,0.9735367894172668,1.0
1981,0.0,0.0,0.0,1.0,0.0,0.0,0.9828243255615234,0.9711974263191223,0.9748084545135498,0.9878758192062378,0.9764595627784729,0.9784783124923706,4.0
1982,0.0,0.0,0.0,1.0,0.0,0.0,0.9752690196037292,0.9678714871406555,0.9626312255859375,0.9913612008094788,0.9737871885299683,0.9606963992118835,4.0
1983,0.0,0.0,0.0,1.0,0.0,0.0,0.9756162166595459,0.9688110947608948,0.9736579060554504,0.9814733862876892,0.9790289402008057,0.978661835193634,2.0
1984,0.0,0.0,0.0,1.0,0.0,0.0,0.9798478484153748,0.9690601229667664,0.9703060388565063,0.9830002784729004,0.9815619587898254,0.9754478931427002,3.0
1985,0.0,0.0,0.0,1.0,0.0,0.0,0.9652751684188843,0.9653841257095337,0.9651396870613098,0.9874773025512695,0.9659016132354736,0.9472083449363708,1.0
1986,0.0,0.0,0.0,1.0,0.0,0.0,0.9775420427322388,0.9604628086090088,0.9665116667747498,0.9918559789657593,0.980841875076294,0.9666758179664612,4.0
1987,0.0,0.0,0.0,1.0,0.0,0.0,0.971311092376709,0.9643624424934387,0.9665949940681458,0.9911788105964661,0.9754081964492798,0.958370566368103,1.0
1988,0.0,0.0,0.0,1.0,0.0,0.0,0.9803805947303772,0.9601888060569763,0.9609923362731934,0.9916430711746216,0.9803606867790222,0.9719475507736206,0.0
1989,0.0,0.0,0.0,1.0,0.0,0.0,0.9850984811782837,0.9586228132247925,0.9605425000190735,0.9867021441459656,0.9858434796333313,0.9837084412574768,2.0
1990,0.0,0.0,0.0,1.0,0.0,0.0,0.979836106300354,0.9611586332321167,0.9646874070167542,0.9887159466743469,0.9842901825904846,0.9762961864471436,1.0
1991,0.0,0.0,0.0,1.0,0.0,0.0,0.9742564558982849,0.9643881916999817,0.9709651470184326,0.9834886193275452,0.9791425466537476,0.9686307907104492,3.0
1992,0.0,0.0,0.0,1.0,0.0,0.0,0.9790883660316467,0.969817578792572,0.9716810584068298,0.9876818060874939,0.9754945039749146,0.9703694581985474,1.0
1993,0.0,0.0,0.0,1.0,0.0,0.0,0.9778914451599121,0.975095808506012,0.9677256941795349,0.9894812107086182,0.9728269577026367,0.9663619995117188,0.0
1994,0.0,0.0,0.0,1.0,0.0,0.0,0.9736534953117371,0.9778493642807007,0.9658110737800598,0.9868365526199341,0.978675365447998,0.9694873094558716,1.0
1995,0.0,0.0,0.0,1.0,0.0,0.0,0.9845431447029114,0.9689139723777771,0.956058919429779,0.9865308403968811,0.974994421005249,0.9792064428329468,3.0
1996,0.0,0.0,0.0,1.0,0.0,0.0,0.9869046807289124,0.9675377011299133,0.9638391137123108,0.982718288898468,0.9793927073478699,0.9839023947715759,0.0
1997,0.0,0.0,0.0,1.0,0.0,0.0,0.9847589135169983,0.9677359461784363,0.9623249769210815,0.9874453544616699,0.9740926027297974,0.9789577722549438,4.0
1998,0.0,0.0,0.0,1.0,0.0,0.0,0.9836968779563904,0.9674843549728394,0.9538061618804932,0.983150064945221,0.9788506627082825,0.9771388173103333,4.0
1999,0.0,0.0,0.0,1.0,0.0,0.0,0.9872332811355591,0.9630398750305176,0.9508355855941772,0.9827032089233398,0.9763720631599426,0.980292022228241,2.0
2000,0.0,0.0,0.0,1.0,0.0,0.0,0.9847623109817505,0.9606067538261414,0.9489935040473938,0.9875681400299072,0.9768369793891907,0.9790170788764954,2.0
2001,0.0,0.0,0.0,1.0,0.0,0.0,0.9862396121025085,0.9694180488586426,0.9756311178207397,0.983659029006958,0.9787606596946716,0.9827285408973694,3.0
2002,0.0,0.0,0.0,1.0,0.0,0.0,0.9813411235809326,0.9665982127189636,0.9730884432792664,0.988331139087677,0.9704561233520508,0.9747726917266846,0.0
2003,0.0,0.0,0.0,1.0,0.0,0.0,0.9833895564079285,0.9607284069061279,0.9606118202209473,0.9883741140365601,0.9706915020942688,0.9755463600158691,3.0
2004,0.0,0.0,0.0,1.0,0.0,0.0,0.9855985641479492,0.9762138724327087,0.9720932841300964,0.9801559448242188,0.9802336096763611,0.9835824966430664,3.0
2005,0.0,0.0,0.0,1.0,0.0,0.0,0.9859153032302856,0.963070273399353,0.9548203945159912,0.9855622053146362,0.9808354377746582,0.9830048084259033,2.0
2006,0.0,0.0,0.0,1.0,0.0,0.0,0.9853470325469971,0.9619706273078918,0.955146849155426,0.987827479839325,0.9753400087356567,0.9792085289955139,4.0
2007,0.0,0.0,0.0,0.0,1.0,0.0,0.9840530157089233,0.9502201676368713,0.9578136801719666,0.9832114577293396,0.9848196506500244,0.976909339427948,0.0
2008,0.0,0.0,0.0,0.0,1.0,0.0,0.9697887897491455,0.9588749408721924,0.9482897520065308,0.9807581901550293,0.9853034019470215,0.9626116752624512,1.0
2009,0.0,0.0,0.0,0.0,1.0,0.0,0.9729374051094055,0.954417884349823,0.9469534754753113,0.983153760433197,0.9874005913734436,0.9719674587249756,3.0
2010,0.0,0.0,0.0,0.0,1.0,0.0,0.9574671387672424,0.9487895369529724,0.9391295909881592,0.981015682220459,0.9884614944458008,0.961310863494873,0.0
2011,0.0,0.0,0.0,0.0,1.0,0.0,0.9548379182815552,0.9580705761909485,0.9384045004844666,0.9777584075927734,0.9848494529724121,0.9618377089500427,0.0
2012,0.0,0.0,0.0,0.0,1.0,0.0,0.9650677442550659,0.9642387628555298,0.9391838312149048,0.9798542857170105,0.9883171916007996,0.9673137664794922,2.0
2013,0.0,0.0,0.0,0.0,1.0,0.0,0.9663123488426208,0.9714081883430481,0.9408923983573914,0.9808533191680908,0.9886457920074463,0.9677473306655884,1.0
2014,0.0,0.0,0.0,0.0,1.0,0.0,0.9687505960464478,0.9603156447410583,0.9491541385650635,0.9828916788101196,0.9883624911308289,0.9680135846138,2.0
2015,0.0,0.0,0.0,0.0,1.0,0.0,0.957112193107605,0.9523259401321411,0.931653618812561,0.9789095520973206,0.9879336953163147,0.9516704678535461,2.0
2016,0.0,0.0,0.0,0.0,1.0,0.0,0.9727669358253479,0.9641779065132141,0.9556640982627869,0.9837805032730103,0.9825416803359985,0.9666162729263306,3.0
2017,0.0,0.0,0.0,0.0,1.0,0.0,0.9723013639450073,0.9669500589370728,0.957240104675293,0.9853046536445618,0.9878644347190857,0.9688612222671509,3.0
2018,0.0,0.0,0.0,0.0,1.0,0.0,0.9654430150985718,0.9633537530899048,0.9426660537719727,0.9798094034194946,0.9864053130149841,0.9664108157157898,1.0
2019,0.0,0.0,0.0,0.0,1.0,0.0,0.9550567269325256,0.9506068229675293,0.938443660736084,0.9816857576370239,0.9883120656013489,0.9460658431053162,0.0
2020,0.0,0.0,0.0,0.0,1.0,0.0,0.977525532245636,0.9568973183631897,0.954928457736969,0.978268027305603,0.986782431602478,0.977777361869812,1.0
2021,0.0,0.0,0.0,0.0,1.0,0.0,0.9520975947380066,0.9647288918495178,0.9222910404205322,0.9769616723060608,0.9874674677848816,0.9570676684379578,3.0
2022,0.0,0.0,0.0,0.0,1.0,0.0,0.9862369298934937,0.9656021595001221,0.9579996466636658,0.9741994142532349,0.9828335046768188,0.9813108444213867,2.0
2023,0.0,0.0,0.0,0.0,1.0,0.0,0.9649795889854431,0.9620883464813232,0.9464676380157471,0.9836697578430176,0.9869640469551086,0.9616680145263672,1.0
2024,0.0,0.0,0.0,0.0,1.0,0.0,0.9764423966407776,0.9577972888946533,0.9616004228591919,0.9788889288902283,0.9840314388275146,0.9754628539085388,2.0
2025,0.0,0.0,0.0,0.0,1.0,0.0,0.980972170829773,0.954700231552124,0.9475969672203064,0.980843722820282,0.9861671328544617,0.9759037494659424,1.0
2026,0.0,0.0,0.0,0.0,1.0,0.0,0.9668066501617432,0.9531716108322144,0.9492161870002747,0.9806007742881775,0.9861835241317749,0.9706902503967285,1.0
2027,0.0,0.0,0.0,0.0,1.0,0.0,0.9727174043655396,0.9776831269264221,0.9541367292404175,0.9827520251274109,0.9854835271835327,0.9634160399436951,4.0
2028,0.0,0.0,0.0,0.0,1.0,0.0,0.9753111004829407,0.9646458029747009,0.9638981223106384,0.9867203235626221,0.984140157699585,0.9771134853363037,2.0
2029,0.0,0.0,0.0,0.0,1.0,0.0,0.9736126065254211,0.9663422107696533,0.9673743844032288,0.9805426597595215,0.9855175614356995,0.9777036309242249,0.0
2030,0.0,0.0,0.0,0.0,1.0,0.0,0.9530989527702332,0.9531897902488708,0.9270190000534058,0.9784939289093018,0.9894254207611084,0.9545519351959229,3.0
2031,0.0,0.0,0.0,0.0,1.0,0.0,0.9782925248146057,0.9583611488342285,0.957511305809021,0.984038233757019,0.9876582026481628,0.9801233410835266,1.0
2032,0.0,0.0,0.0,0.0,1.0,0.0,0.9792488813400269,0.9585110545158386,0.9416161775588989,0.9812391996383667,0.9893931150436401,0.9780663251876831,3.0
2033,0.0,0.0,0.0,0.0,1.0,0.0,0.9663090109825134,0.9572150707244873,0.9607066512107849,0.9809973239898682,0.9790027141571045,0.9713671207427979,3.0
2034,0.0,0.0,0.0,1.0,1.0,0.0,0.9768967032432556,0.9564785957336426,0.9578575491905212,0.986717700958252,0.9869670271873474,0.9792464375495911,3.0
2035,0.0,0.0,0.0,1.0,1.0,0.0,0.9793224930763245,0.9696822762489319,0.9667915105819702,0.988673746585846,0.983667254447937,0.9706595540046692,0.0
2036,0.0,0.0,0.0,0.0,1.0,0.0,0.9690805077552795,0.9845362305641174,0.9454764127731323,0.9773911237716675,0.9788883328437805,0.9708516597747803,1.0
2037,0.0,0.0,0.0,0.0,1.0,0.0,0.9778429865837097,0.9769814610481262,0.948136568069458,0.9813257455825806,0.9867173433303833,0.975564181804657,2.0
2038,0.0,0.0,0.0,0.0,1.0,0.0,0.9693032503128052,0.9603776931762695,0.9557330012321472,0.9816387891769409,0.987733006477356,0.9740967154502869,4.0
2039,0.0,0.0,0.0,0.0,1.0,0.0,0.9640265107154846,0.9637230634689331,0.9570704102516174,0.979029655456543,0.9875147342681885,0.9740609526634216,0.0
2040,0.0,0.0,0.0,0.0,1.0,0.0,0.9764493703842163,0.9489803910255432,0.9408018589019775,0.9783530235290527,0.9859567880630493,0.9807921051979065,0.0
2041,0.0,0.0,0.0,1.0,1.0,0.0,0.979087233543396,0.9572012424468994,0.9519427418708801,0.9828574657440186,0.9868423342704773,0.9760366082191467,4.0
2042,0.0,0.0,0.0,0.0,1.0,0.0,0.9780685305595398,0.9533649682998657,0.9634422659873962,0.9805096387863159,0.9779451489448547,0.9752627015113831,0.0
2043,0.0,0.0,0.0,1.0,1.0,0.0,0.9766749143600464,0.9598556756973267,0.9536865949630737,0.9818503260612488,0.9874750971794128,0.9779165387153625,2.0
2044,0.0,0.0,0.0,0.0,1.0,0.0,0.977831244468689,0.9419730305671692,0.9449459910392761,0.9843175411224365,0.9863612651824951,0.978094756603241,0.0
2045,0.0,0.0,0.0,0.0,1.0,0.0,0.9640405774116516,0.9631960391998291,0.9514846205711365,0.9739106297492981,0.9837491512298584,0.9719681143760681,1.0
2046,0.0,0.0,0.0,0.0,1.0,0.0,0.9722364544868469,0.9767723679542542,0.9631690382957458,0.9817851781845093,0.9852744340896606,0.9732217788696289,0.0
2047,0.0,0.0,0.0,0.0,1.0,0.0,0.9766079187393188,0.9753538966178894,0.9684339761734009,0.982844352722168,0.9783549308776855,0.9754368662834167,4.0
2048,0.0,0.0,0.0,0.0,1.0,0.0,0.9789164066314697,0.9539196491241455,0.9553295373916626,0.9771780967712402,0.9829793572425842,0.9782036542892456,1.0
2049,0.0,0.0,0.0,0.0,1.0,0.0,0.9716320037841797,0.9814599752426147,0.9419358968734741,0.9752718806266785,0.983017086982727,0.9741883277893066,4.0
2050,0.0,0.0,0.0,0.0,1.0,0.0,0.9780339598655701,0.9720758199691772,0.9833170771598816,0.9650748372077942,0.9762694835662842,0.9810647368431091,1.0
2051,0.0,0.0,0.0,0.0,1.0,0.0,0.9756635427474976,0.9585123658180237,0.9314027428627014,0.975471019744873,0.9873408675193787,0.9780921339988708,1.0
2052,0.0,0.0,0.0,1.0,1.0,0.0,0.9710348844528198,0.9609822034835815,0.9587999582290649,0.9853181838989258,0.9834035038948059,0.9692016839981079,3.0
2053,0.0,0.0,0.0,0.0,1.0,0.0,0.9699399471282959,0.9630001783370972,0.9553324580192566,0.9808666706085205,0.9851545691490173,0.9747774004936218,0.0
2054,0.0,0.0,0.0,0.0,1.0,0.0,0.956905722618103,0.9525808691978455,0.9389626979827881,0.9761101603507996,0.9855203032493591,0.9704767465591431,2.0
2055,0.0,0.0,0.0,0.0,1.0,0.0,0.9703143239021301,0.9714148044586182,0.9633944630622864,0.9829042553901672,0.9843408465385437,0.9753434062004089,2.0
2056,0.0,0.0,0.0,0.0,1.0,0.0,0.9771440625190735,0.9720758199691772,0.9676620364189148,0.9788590669631958,0.9862986207008362,0.9808063507080078,4.0
2057,0.0,0.0,0.0,0.0,1.0,0.0,0.9554480910301208,0.9525532722473145,0.9384006261825562,0.9800289869308472,0.9871735572814941,0.9600768089294434,3.0
2058,0.0,0.0,0.0,0.0,1.0,0.0,0.9758323431015015,0.9548993110656738,0.9658535122871399,0.982722282409668,0.9783385992050171,0.9773895144462585,3.0
2059,0.0,0.0,0.0,0.0,1.0,0.0,0.9768261909484863,0.9799391031265259,0.9771326780319214,0.9786698818206787,0.976269006729126,0.9747709631919861,2.0
2060,0.0,0.0,0.0,0.0,1.0,0.0,0.9754312038421631,0.9612407684326172,0.9589230418205261,0.9858707785606384,0.9871768355369568,0.9770195484161377,1.0
2061,0.0,0.0,0.0,0.0,1.0,0.0,0.9604640007019043,0.9763888716697693,0.9279585480690002,0.9765490293502808,0.9855222702026367,0.9549984335899353,4.0
2062,0.0,0.0,0.0,0.0,1.0,0.0,0.9652990698814392,0.9681006073951721,0.9499725103378296,0.9810475707054138,0.988212525844574,0.9693958759307861,4.0
2063,0.0,0.0,0.0,0.0,1.0,0.0,0.9801211357116699,0.9546297788619995,0.9543203711509705,0.9844213724136353,0.9863917827606201,0.9780430793762207,2.0
2064,0.0,0.0,0.0,0.0,1.0,0.0,0.9777799844741821,0.9558333158493042,0.954653263092041,0.9836332201957703,0.9882549047470093,0.9793215394020081,2.0
2065,0.0,0.0,0.0,0.0,1.0,0.0,0.9599730968475342,0.9557099938392639,0.9447198510169983,0.983380138874054,0.9830183982849121,0.951360821723938,4.0
2066,0.0,0.0,0.0,0.0,1.0,0.0,0.9817490577697754,0.9798188209533691,0.9835303425788879,0.977556049823761,0.9701473712921143,0.9798402190208435,0.0
2067,0.0,0.0,0.0,0.0,1.0,0.0,0.965822160243988,0.9555864334106445,0.9482231736183167,0.9799745082855225,0.9874091148376465,0.9771536588668823,2.0
2068,0.0,0.0,0.0,0.0,1.0,0.0,0.9762119650840759,0.9750484228134155,0.9495908617973328,0.9818976521492004,0.9848775863647461,0.9744229912757874,4.0
2069,0.0,0.0,0.0,0.0,1.0,0.0,0.9848389625549316,0.9674416184425354,0.9488652944564819,0.9777892827987671,0.9842071533203125,0.9805898666381836,3.0
2070,0.0,0.0,0.0,0.0,1.0,0.0,0.9702032208442688,0.9620611071586609,0.9612054228782654,0.9839144945144653,0.9839194416999817,0.9703960418701172,3.0
2071,0.0,0.0,0.0,0.0,1.0,0.0,0.9815911054611206,0.9757653474807739,0.9771917462348938,0.9772356152534485,0.9845091700553894,0.9834174513816833,1.0
2072,0.0,0.0,0.0,0.0,1.0,0.0,0.9759382605552673,0.9552686810493469,0.9607680439949036,0.9825900197029114,0.9825078845024109,0.9761512875556946,1.0
2073,0.0,0.0,0.0,0.0,1.0,0.0,0.977959156036377,0.9705356955528259,0.9677150845527649,0.9857661724090576,0.9813046455383301,0.9756017327308655,4.0
2074,0.0,0.0,0.0,1.0,1.0,0.0,0.9718345999717712,0.9707396626472473,0.9707636833190918,0.9817377924919128,0.981385350227356,0.9705657958984375,4.0
2075,0.0,0.0,0.0,0.0,1.0,0.0,0.9666430950164795,0.9656752943992615,0.9592211842536926,0.9808034896850586,0.9820978045463562,0.967451810836792,3.0
2076,0.0,0.0,0.0,1.0,1.0,0.0,0.9760722517967224,0.9770933389663696,0.9746677875518799,0.9827321767807007,0.9797307848930359,0.9727947115898132,0.0
2077,0.0,0.0,0.0,0.0,1.0,0.0,0.965548038482666,0.9607527256011963,0.9406203031539917,0.9808189272880554,0.9889540672302246,0.9710164070129395,1.0
2078,0.0,0.0,0.0,0.0,1.0,0.0,0.9661263823509216,0.9681214690208435,0.9385532736778259,0.9789178967475891,0.9884572625160217,0.969801664352417,0.0
2079,0.0,0.0,0.0,0.0,1.0,0.0,0.9755200147628784,0.9649382829666138,0.9592556357383728,0.9848259091377258,0.9857767224311829,0.9711418747901917,3.0
2080,0.0,0.0,0.0,0.0,1.0,0.0,0.9681329727172852,0.9632194638252258,0.9482231736183167,0.9801004528999329,0.9867569208145142,0.9707730412483215,1.0
2081,0.0,0.0,0.0,0.0,1.0,0.0,0.9693082571029663,0.9731859564781189,0.9656404256820679,0.9789699912071228,0.9825793504714966,0.9759610891342163,3.0
2082,0.0,0.0,0.0,0.0,1.0,0.0,0.9765418767929077,0.9685766696929932,0.9567796587944031,0.9840313196182251,0.9882149696350098,0.9771642088890076,1.0
2083,0.0,0.0,0.0,0.0,1.0,0.0,0.9759753942489624,0.961250901222229,0.9645646810531616,0.9869871139526367,0.9850038290023804,0.9696024656295776,4.0
2084,0.0,0.0,0.0,0.0,1.0,0.0,0.9574891924858093,0.9707177877426147,0.938306450843811,0.9775286316871643,0.9826550483703613,0.9633196592330933,1.0
2085,0.0,0.0,0.0,0.0,1.0,0.0,0.9800792336463928,0.980101466178894,0.9516189694404602,0.9812784790992737,0.9853872060775757,0.978042721748352,4.0
2086,0.0,0.0,0.0,0.0,1.0,0.0,0.9644625782966614,0.9753302931785583,0.9493892788887024,0.977027177810669,0.9851342439651489,0.9745317101478577,2.0
2087,0.0,0.0,0.0,0.0,1.0,0.0,0.9822871088981628,0.9709507822990417,0.9522335529327393,0.983932375907898,0.9859128594398499,0.9766602516174316,3.0
2088,0.0,0.0,0.0,0.0,1.0,0.0,0.9672811031341553,0.9761773347854614,0.9425082206726074,0.9756906628608704,0.982209324836731,0.9727731347084045,4.0
2089,0.0,0.0,0.0,0.0,1.0,0.0,0.9692637920379639,0.9668838381767273,0.9545150995254517,0.9801411032676697,0.9847304821014404,0.9702933430671692,3.0
2090,0.0,0.0,0.0,0.0,1.0,0.0,0.9655287861824036,0.9585501551628113,0.9454483985900879,0.9805030822753906,0.9860956072807312,0.9735403656959534,1.0
2091,0.0,0.0,0.0,0.0,1.0,0.0,0.9815977811813354,0.9681486487388611,0.9599288702011108,0.9833342432975769,0.9884903430938721,0.9788087010383606,0.0
2092,0.0,0.0,0.0,0.0,1.0,0.0,0.9861074686050415,0.9612003564834595,0.9469398856163025,0.979109525680542,0.9845518469810486,0.9773304462432861,2.0
2093,0.0,0.0,0.0,0.0,1.0,0.0,0.9772966504096985,0.9811857342720032,0.9701944589614868,0.9793896079063416,0.9838792681694031,0.9767954349517822,3.0
2094,0.0,0.0,0.0,0.0,1.0,0.0,0.9591109752655029,0.9539999961853027,0.937750518321991,0.9766682982444763,0.9879388809204102,0.964771032333374,2.0
2095,0.0,0.0,0.0,0.0,1.0,0.0,0.9689797759056091,0.9598636031150818,0.9499467015266418,0.9767100214958191,0.9878498911857605,0.9759116768836975,2.0
2096,0.0,0.0,0.0,0.0,1.0,0.0,0.9730101823806763,0.9775558114051819,0.9486410617828369,0.9814489483833313,0.9875128865242004,0.9729647040367126,2.0
2097,0.0,0.0,0.0,0.0,1.0,0.0,0.972137451171875,0.9725033640861511,0.9536266326904297,0.9849404692649841,0.9872478246688843,0.9685332775115967,1.0
2098,0.0,0.0,0.0,0.0,1.0,0.0,0.9641205072402954,0.9693385362625122,0.9462541937828064,0.9790477156639099,0.9860357046127319,0.971583366394043,0.0
2099,0.0,0.0,0.0,0.0,1.0,0.0,0.9790497422218323,0.9767516851425171,0.982622504234314,0.9755939841270447,0.9808813333511353,0.9779760241508484,3.0
2100,0.0,0.0,0.0,0.0,1.0,0.0,0.9707415699958801,0.9707348346710205,0.9395199418067932,0.9799757599830627,0.9888118505477905,0.9706354141235352,3.0
2101,0.0,0.0,0.0,0.0,1.0,0.0,0.9631112217903137,0.9647773504257202,0.9485683441162109,0.9792546629905701,0.9852024912834167,0.9694665670394897,4.0
2102,0.0,0.0,0.0,0.0,1.0,0.0,0.9689093828201294,0.9793590903282166,0.9526818990707397,0.9752067923545837,0.984566867351532,0.9757079482078552,0.0
2103,0.0,0.0,0.0,0.0,1.0,0.0,0.9729370474815369,0.9786932468414307,0.9644811749458313,0.9773402214050293,0.9826303124427795,0.9744681715965271,1.0
2104,0.0,0.0,0.0,0.0,1.0,0.0,0.9667249917984009,0.9732844233512878,0.9424456357955933,0.9797939658164978,0.9847701787948608,0.9715506434440613,3.0
2105,0.0,0.0,0.0,0.0,1.0,0.0,0.971969723701477,0.9636471271514893,0.9506991505622864,0.9775397777557373,0.9859629273414612,0.9752748608589172,0.0
2106,0.0,0.0,0.0,0.0,1.0,0.0,0.9856816530227661,0.9699175953865051,0.9725631475448608,0.9808927774429321,0.9847570657730103,0.98391193151474,3.0
2107,0.0,0.0,0.0,0.0,1.0,0.0,0.9678139686584473,0.9547324776649475,0.9433294534683228,0.9779669046401978,0.9863989353179932,0.9662057757377625,1.0
2108,0.0,0.0,0.0,0.0,1.0,0.0,0.9760076403617859,0.9612988233566284,0.9513121843338013,0.9816992282867432,0.9861150979995728,0.9763680696487427,2.0
2109,0.0,0.0,0.0,0.0,1.0,0.0,0.9704648852348328,0.9678271412849426,0.9602458477020264,0.9826991558074951,0.9851431250572205,0.9729883074760437,1.0
2110,0.0,0.0,0.0,0.0,1.0,0.0,0.9758952260017395,0.9712703824043274,0.9626067876815796,0.9834253191947937,0.9865307211875916,0.9792894124984741,3.0
2111,0.0,0.0,0.0,0.0,1.0,0.0,0.9720730185508728,0.9583529233932495,0.9493795037269592,0.9760805368423462,0.9862254858016968,0.9737671613693237,1.0
2112,0.0,0.0,0.0,0.0,1.0,0.0,0.9651191234588623,0.9587463736534119,0.9498434662818909,0.977187991142273,0.9870275259017944,0.9748100638389587,1.0
2113,0.0,0.0,0.0,0.0,1.0,0.0,0.9755290150642395,0.9806482195854187,0.9655322432518005,0.9771032333374023,0.9814292192459106,0.9797078967094421,2.0
2114,0.0,0.0,0.0,0.0,1.0,0.0,0.9812377095222473,0.9728530049324036,0.9645901918411255,0.9812628626823425,0.9855371117591858,0.984575629234314,1.0
2115,0.0,0.0,0.0,0.0,1.0,0.0,0.9763513803482056,0.9666211605072021,0.9603931903839111,0.9857660531997681,0.987823486328125,0.9757705926895142,3.0
2116,0.0,0.0,0.0,0.0,1.0,0.0,0.9750422239303589,0.9699265956878662,0.9781476855278015,0.9783511757850647,0.9799966812133789,0.9765705466270447,3.0
2117,0.0,0.0,0.0,1.0,1.0,0.0,0.9687239527702332,0.9440143704414368,0.9628913402557373,0.9909095168113708,0.9547647833824158,0.9554336667060852,0.0
2118,0.0,0.0,0.0,0.0,1.0,0.0,0.9688873291015625,0.9474384784698486,0.9519334435462952,0.9762065410614014,0.9826852083206177,0.9789743423461914,2.0
2119,0.0,0.0,0.0,0.0,1.0,0.0,0.9761378765106201,0.9636898636817932,0.9645994305610657,0.984574019908905,0.9874773025512695,0.9775959253311157,0.0
2120,0.0,0.0,0.0,0.0,1.0,0.0,0.9772736430168152,0.9722894430160522,0.9588401913642883,0.9811599850654602,0.9875766038894653,0.9792064428329468,2.0
2121,0.0,0.0,0.0,0.0,1.0,0.0,0.9786850214004517,0.9612609148025513,0.957156777381897,0.9879484176635742,0.9843860268592834,0.9759873151779175,2.0
2122,0.0,0.0,0.0,1.0,1.0,0.0,0.9733790755271912,0.9598426222801208,0.9750084280967712,0.9826557636260986,0.9691666960716248,0.9657156467437744,1.0
2123,0.0,0.0,0.0,0.0,1.0,0.0,0.9691145420074463,0.9577451348304749,0.9588053226470947,0.9790157079696655,0.9801442623138428,0.9680027365684509,1.0
2124,0.0,0.0,0.0,0.0,1.0,0.0,0.9662471413612366,0.9563344120979309,0.96343994140625,0.9790921807289124,0.9788243770599365,0.969277560710907,0.0
2125,0.0,0.0,0.0,0.0,1.0,0.0,0.9708885550498962,0.96604984998703,0.9626702070236206,0.9833553433418274,0.9853674173355103,0.971135675907135,1.0
2126,0.0,0.0,0.0,1.0,1.0,0.0,0.9687536954879761,0.967596173286438,0.9733372926712036,0.9740297198295593,0.9792308211326599,0.9746596217155457,2.0
2127,0.0,0.0,0.0,0.0,1.0,0.0,0.9734009504318237,0.9525410532951355,0.9500240683555603,0.9820766448974609,0.9862236380577087,0.9748538732528687,2.0
2128,0.0,0.0,0.0,0.0,1.0,0.0,0.9689450860023499,0.9747476577758789,0.9491639137268066,0.9822413325309753,0.986549437046051,0.9735152721405029,0.0
2129,0.0,0.0,0.0,0.0,1.0,0.0,0.9820048809051514,0.9816054701805115,0.9655683636665344,0.9820647835731506,0.9852602481842041,0.9822964072227478,2.0
2130,0.0,0.0,0.0,0.0,1.0,0.0,0.9819206595420837,0.9630075097084045,0.9693757891654968,0.9860203862190247,0.9815913438796997,0.9779002070426941,1.0
2131,0.0,0.0,0.0,0.0,1.0,0.0,0.9756666421890259,0.9771236777305603,0.9797284007072449,0.9777372479438782,0.9754754304885864,0.9768591523170471,2.0
2132,0.0,0.0,0.0,0.0,1.0,0.0,0.9707329273223877,0.9652512669563293,0.954417884349823,0.9785836338996887,0.9845172762870789,0.9753409624099731,2.0
2133,0.0,0.0,0.0,1.0,1.0,0.0,0.9770799875259399,0.9708136916160583,0.9673764705657959,0.9898552894592285,0.9836511015892029,0.9741093516349792,2.0
2134,0.0,0.0,0.0,0.0,1.0,0.0,0.9697609543800354,0.9609339237213135,0.9588561654090881,0.9853046536445618,0.9838258624076843,0.9703021049499512,1.0
2135,0.0,0.0,0.0,0.0,1.0,0.0,0.9731682538986206,0.9587517380714417,0.9491867423057556,0.9784954190254211,0.9894008040428162,0.9761698246002197,4.0
2136,0.0,0.0,0.0,0.0,1.0,0.0,0.9767042398452759,0.9634613990783691,0.9575939178466797,0.9845170378684998,0.9875820875167847,0.9783443212509155,2.0
2137,0.0,0.0,0.0,0.0,1.0,0.0,0.9653739333152771,0.9557444453239441,0.9508830904960632,0.9810667037963867,0.9857096672058105,0.9700807332992554,0.0
2138,0.0,0.0,0.0,0.0,1.0,0.0,0.966457188129425,0.955491304397583,0.9378652572631836,0.9749148488044739,0.9858925938606262,0.9790142178535461,0.0
2139,0.0,0.0,0.0,0.0,1.0,0.0,0.9652354121208191,0.9601084589958191,0.9503546953201294,0.9803181886672974,0.9872053861618042,0.9725705981254578,4.0
2140,0.0,0.0,0.0,0.0,1.0,0.0,0.9710919857025146,0.9706131815910339,0.9597956538200378,0.981464684009552,0.984190046787262,0.9725219011306763,4.0
2141,0.0,0.0,0.0,0.0,1.0,0.0,0.9746053814888,0.9740930795669556,0.9739984273910522,0.9841668605804443,0.9801534414291382,0.9725291728973389,1.0
2142,0.0,0.0,0.0,0.0,1.0,0.0,0.9660997986793518,0.9703860282897949,0.9438348412513733,0.9828808307647705,0.9892237782478333,0.9616804718971252,3.0
2143,0.0,0.0,0.0,0.0,1.0,0.0,0.9551745057106018,0.9463885426521301,0.945259153842926,0.9744539260864258,0.9771546721458435,0.9639822244644165,0.0
2144,0.0,0.0,0.0,0.0,1.0,0.0,0.9716521501541138,0.9622732996940613,0.9587061405181885,0.985139787197113,0.9873248338699341,0.9754543304443359,1.0
2145,0.0,0.0,0.0,0.0,1.0,0.0,0.970958411693573,0.9683799743652344,0.9580650925636292,0.9789451956748962,0.9853744506835938,0.9735205769538879,1.0
2146,0.0,0.0,0.0,0.0,1.0,0.0,0.9713780283927917,0.954447329044342,0.9441146850585938,0.9802998304367065,0.9890268445014954,0.9763901233673096,4.0
2147,0.0,0.0,0.0,0.0,1.0,0.0,0.9780223369598389,0.9810106158256531,0.9851595759391785,0.9635520577430725,0.9735873937606812,0.9789961576461792,3.0
2148,0.0,0.0,0.0,0.0,1.0,0.0,0.9715069532394409,0.9796091914176941,0.9816655516624451,0.9692590832710266,0.9757059812545776,0.9771955013275146,0.0
2149,0.0,0.0,0.0,0.0,1.0,0.0,0.979744553565979,0.976132333278656,0.9809682965278625,0.9777952432632446,0.9832121729850769,0.9817013740539551,3.0
2150,0.0,0.0,0.0,0.0,1.0,0.0,0.9772713780403137,0.9640277624130249,0.9657145738601685,0.9807863831520081,0.9854050278663635,0.9745990633964539,1.0
2151,0.0,0.0,0.0,0.0,1.0,0.0,0.9742138981819153,0.9777683615684509,0.9594143629074097,0.981281578540802,0.986093282699585,0.9762732982635498,3.0
2152,0.0,0.0,0.0,0.0,1.0,0.0,0.9639052152633667,0.9730021953582764,0.9619172215461731,0.9785616397857666,0.983535885810852,0.9736459255218506,0.0
2153,0.0,0.0,0.0,0.0,1.0,0.0,0.9696403741836548,0.9708521366119385,0.9747985005378723,0.977827250957489,0.9801902174949646,0.9761983156204224,0.0
2154,0.0,0.0,0.0,0.0,1.0,0.0,0.9806194305419922,0.9788145422935486,0.9681674838066101,0.984142005443573,0.9847540855407715,0.9784600138664246,2.0
2155,0.0,0.0,0.0,0.0,1.0,0.0,0.9711490869522095,0.9724416136741638,0.9529774785041809,0.9820084571838379,0.9878337383270264,0.97330641746521,4.0
2156,0.0,0.0,0.0,0.0,1.0,0.0,0.9805922508239746,0.9542316198348999,0.9619097113609314,0.9852567315101624,0.9837477803230286,0.9753364324569702,0.0
2157,0.0,0.0,0.0,0.0,1.0,0.0,0.9723770022392273,0.9557645916938782,0.9558418989181519,0.9795297980308533,0.9851319193840027,0.9749660491943359,0.0
2158,0.0,0.0,0.0,0.0,1.0,0.0,0.9725478291511536,0.9627019166946411,0.9537643194198608,0.9848577976226807,0.9870833158493042,0.9716492891311646,2.0
2159,0.0,0.0,0.0,0.0,1.0,0.0,0.966621458530426,0.9521502256393433,0.9450975060462952,0.9757437705993652,0.9865939617156982,0.9694072008132935,1.0
2160,0.0,0.0,0.0,0.0,1.0,0.0,0.9723477363586426,0.9493175148963928,0.9288555979728699,0.9770348072052002,0.9864490628242493,0.9764476418495178,4.0
2161,0.0,0.0,0.0,0.0,1.0,0.0,0.9751977324485779,0.9640958905220032,0.9558190107345581,0.9853159785270691,0.9874535799026489,0.9731659889221191,3.0
2162,0.0,0.0,0.0,0.0,1.0,0.0,0.9733275771141052,0.968798816204071,0.9565463066101074,0.9870287179946899,0.9834707379341125,0.9673336148262024,3.0
2163,0.0,0.0,0.0,0.0,1.0,0.0,0.9690459370613098,0.9799037575721741,0.9293469190597534,0.9773273468017578,0.9835837483406067,0.9752523899078369,2.0
2164,0.0,0.0,0.0,0.0,1.0,0.0,0.9736513495445251,0.9603828191757202,0.9400839805603027,0.9792664647102356,0.9876112341880798,0.9743053317070007,2.0
2165,0.0,0.0,0.0,1.0,1.0,0.0,0.976164698600769,0.971030056476593,0.9674854874610901,0.9875105619430542,0.983588695526123,0.9706141948699951,1.0
2166,0.0,0.0,0.0,0.0,1.0,0.0,0.9697211980819702,0.972074031829834,0.9523906111717224,0.9825485944747925,0.9874330163002014,0.9719411134719849,2.0
2167,0.0,0.0,0.0,1.0,1.0,0.0,0.9732301235198975,0.9625628590583801,0.9587543606758118,0.9850261807441711,0.9875171780586243,0.9679893255233765,4.0
2168,0.0,0.0,0.0,0.0,1.0,0.0,0.9790316820144653,0.9744395613670349,0.9523875117301941,0.9836300015449524,0.9854062795639038,0.9790213108062744,4.0
2169,0.0,0.0,0.0,0.0,1.0,0.0,0.970764696598053,0.9660231471061707,0.9760276079177856,0.9763497710227966,0.9821516275405884,0.9753698706626892,4.0
2170,0.0,0.0,0.0,0.0,1.0,0.0,0.96795254945755,0.9543440937995911,0.9389665722846985,0.9832779765129089,0.9897638559341431,0.9662870168685913,3.0
2171,0.0,0.0,0.0,0.0,1.0,0.0,0.968663215637207,0.9652819633483887,0.9425376057624817,0.9790170788764954,0.9884849190711975,0.9703626036643982,2.0
2172,0.0,0.0,0.0,0.0,1.0,0.0,0.9610280394554138,0.9679494500160217,0.9415639638900757,0.9811351895332336,0.9874654412269592,0.9611579775810242,3.0
2173,0.0,0.0,0.0,0.0,1.0,0.0,0.9795246720314026,0.951522171497345,0.9486840963363647,0.9828968644142151,0.9879181981086731,0.9796835780143738,4.0
2174,0.0,0.0,0.0,0.0,1.0,0.0,0.977652907371521,0.9671164751052856,0.9765225648880005,0.9787417650222778,0.9807012677192688,0.9778602123260498,1.0
2175,0.0,0.0,0.0,1.0,1.0,0.0,0.9818210005760193,0.9703655242919922,0.9686920642852783,0.9826367497444153,0.9821115732192993,0.9830412864685059,1.0
2176,0.0,0.0,0.0,0.0,1.0,0.0,0.9829190969467163,0.9535605907440186,0.9491311311721802,0.9843856692314148,0.9825547337532043,0.9782341122627258,4.0
2177,0.0,0.0,0.0,1.0,1.0,0.0,0.9804511666297913,0.9702218770980835,0.9695103764533997,0.9898571968078613,0.9780957698822021,0.974085807800293,2.0
2178,0.0,0.0,0.0,0.0,1.0,0.0,0.9692274332046509,0.9598034024238586,0.9525073170661926,0.9824926853179932,0.9879866242408752,0.9758844375610352,1.0
2179,0.0,0.0,0.0,0.0,1.0,0.0,0.9805552363395691,0.9543322324752808,0.9537673592567444,0.9834670424461365,0.988184928894043,0.9766563773155212,2.0
2180,0.0,0.0,0.0,0.0,1.0,0.0,0.9747129678726196,0.9790129661560059,0.9722703099250793,0.9773195385932922,0.9856415390968323,0.9819849133491516,0.0
2181,0.0,0.0,0.0,0.0,1.0,0.0,0.9726548194885254,0.9512681365013123,0.964436948299408,0.9742462635040283,0.9815824031829834,0.9804757237434387,2.0
2182,0.0,0.0,0.0,0.0,1.0,0.0,0.9735751748085022,0.9749861359596252,0.9792535305023193,0.9668526649475098,0.9798016548156738,0.979420006275177,4.0
2183,0.0,0.0,0.0,0.0,1.0,0.0,0.9772713780403137,0.947181224822998,0.9501366019248962,0.9835610389709473,0.9879714846611023,0.9798572659492493,4.0
2184,0.0,0.0,0.0,0.0,1.0,0.0,0.969641387462616,0.9801380038261414,0.9697738885879517,0.9778940677642822,0.9777877330780029,0.9724556803703308,1.0
2185,0.0,0.0,0.0,0.0,1.0,0.0,0.9753425121307373,0.9889020919799805,0.9648751616477966,0.9645334482192993,0.9729067087173462,0.9714844822883606,0.0
2186,0.0,0.0,0.0,0.0,1.0,0.0,0.9615854620933533,0.9607245922088623,0.9439677596092224,0.9787084460258484,0.9879988431930542,0.9709264039993286,1.0
2187,0.0,0.0,0.0,0.0,1.0,0.0,0.9723901748657227,0.9673154354095459,0.9677722454071045,0.9709010124206543,0.9841966032981873,0.9805285334587097,1.0
2188,0.0,0.0,0.0,0.0,1.0,0.0,0.9835010766983032,0.9668827652931213,0.9599157571792603,0.9796461462974548,0.9852919578552246,0.983488142490387,3.0
2189,0.0,0.0,0.0,0.0,1.0,0.0,0.9707934856414795,0.9634804725646973,0.9519147872924805,0.9803240895271301,0.9885883331298828,0.97800612449646,1.0
2190,0.0,0.0,0.0,1.0,1.0,0.0,0.9812470078468323,0.9754636287689209,0.9851440787315369,0.9779466390609741,0.9780957698822021,0.9801149964332581,1.0
2191,0.0,0.0,0.0,0.0,1.0,0.0,0.9760004878044128,0.9604266881942749,0.9464126229286194,0.9846094846725464,0.987185537815094,0.9671423435211182,4.0
2192,0.0,0.0,0.0,0.0,1.0,0.0,0.9661862850189209,0.9501173496246338,0.9404837489128113,0.9806188941001892,0.9887173175811768,0.972597062587738,2.0
2193,0.0,0.0,0.0,0.0,1.0,0.0,0.9662461280822754,0.9602199196815491,0.9389471411705017,0.9817381501197815,0.9888321161270142,0.9710023999214172,1.0
2194,0.0,0.0,0.0,0.0,1.0,0.0,0.9805092811584473,0.9772295951843262,0.9640064835548401,0.9826777577400208,0.9837365746498108,0.9751230478286743,4.0
2195,0.0,0.0,0.0,0.0,1.0,0.0,0.9807817935943604,0.9586684703826904,0.9564984440803528,0.9843018054962158,0.9866217970848083,0.9825411438941956,1.0
2196,0.0,0.0,0.0,1.0,1.0,0.0,0.9689031839370728,0.9659484028816223,0.9635615944862366,0.9859300255775452,0.9815475940704346,0.9667739868164062,1.0
2197,0.0,0.0,0.0,0.0,1.0,0.0,0.9822522401809692,0.9701159596443176,0.967719316482544,0.9806644916534424,0.9865843653678894,0.9834761619567871,3.0
2198,0.0,0.0,0.0,1.0,1.0,0.0,0.9808351993560791,0.9643531441688538,0.9727003574371338,0.9824590682983398,0.9817706942558289,0.978985071182251,4.0
2199,0.0,0.0,0.0,0.0,1.0,0.0,0.9706547260284424,0.9610051512718201,0.9424236416816711,0.9812541007995605,0.9881976246833801,0.9729665517807007,3.0
2200,0.0,0.0,0.0,0.0,1.0,0.0,0.969638466835022,0.9565379023551941,0.9472524523735046,0.9836593866348267,0.989228367805481,0.9746882915496826,4.0
2201,0.0,0.0,0.0,0.0,1.0,0.0,0.9622942805290222,0.9717658162117004,0.9440250992774963,0.9771608114242554,0.9861905574798584,0.976003885269165,1.0
2202,0.0,0.0,0.0,0.0,1.0,0.0,0.9617778062820435,0.9657179713249207,0.9721841812133789,0.9781033992767334,0.9679040908813477,0.96565842628479,0.0
2203,0.0,0.0,0.0,0.0,1.0,0.0,0.9754579663276672,0.9703567624092102,0.97520512342453,0.9812222123146057,0.9822599291801453,0.9788276553153992,3.0
2204,0.0,0.0,0.0,0.0,1.0,0.0,0.9814520478248596,0.9776363968849182,0.9755973219871521,0.9796068072319031,0.9864099621772766,0.9811086058616638,3.0
2205,0.0,0.0,0.0,0.0,1.0,0.0,0.9723379015922546,0.973371148109436,0.9687321186065674,0.9802027940750122,0.9811145663261414,0.9740293025970459,1.0
2206,0.0,0.0,0.0,0.0,1.0,0.0,0.9822202920913696,0.974209725856781,0.9649176597595215,0.9899207353591919,0.9799908399581909,0.9734579920768738,3.0
2207,0.0,0.0,0.0,0.0,0.0,1.0,0.9758310914039612,0.9699819087982178,0.972969114780426,0.9759941101074219,0.9807499051094055,0.9807987809181213,1.0
2208,0.0,0.0,0.0,0.0,0.0,1.0,0.9745663404464722,0.9656156301498413,0.9702454209327698,0.9720085859298706,0.9832344055175781,0.9833475947380066,0.0
2209,0.0,0.0,0.0,0.0,0.0,1.0,0.9623828530311584,0.9572511315345764,0.9461402297019958,0.9762387871742249,0.9853326678276062,0.9774911403656006,2.0
2210,0.0,0.0,0.0,0.0,0.0,1.0,0.9768269658088684,0.9752477407455444,0.9852494597434998,0.9637550711631775,0.9734132885932922,0.9777092933654785,3.0
2211,0.0,0.0,0.0,0.0,0.0,1.0,0.9791125059127808,0.9623323678970337,0.962046205997467,0.9837565422058105,0.9823494553565979,0.981480062007904,2.0
2212,0.0,0.0,0.0,0.0,0.0,1.0,0.9805341362953186,0.9552745819091797,0.9593138694763184,0.9817919135093689,0.9839688539505005,0.9799835085868835,0.0
2213,0.0,0.0,0.0,0.0,0.0,1.0,0.9815913438796997,0.9744361639022827,0.9681298732757568,0.9821348190307617,0.9853615760803223,0.9831768870353699,0.0
2214,0.0,0.0,0.0,0.0,0.0,1.0,0.9817527532577515,0.9753856062889099,0.9827138781547546,0.9716623425483704,0.9834167957305908,0.9831258654594421,4.0
2215,0.0,0.0,0.0,0.0,0.0,1.0,0.9757600426673889,0.9578520655632019,0.9669889807701111,0.9749496579170227,0.9861082434654236,0.9824732542037964,1.0
2216,0.0,0.0,0.0,0.0,0.0,1.0,0.9797821640968323,0.9740249514579773,0.962090790271759,0.9819415807723999,0.9862254858016968,0.9779767394065857,4.0
2217,0.0,0.0,0.0,0.0,0.0,1.0,0.9778665900230408,0.9743565917015076,0.9813801646232605,0.965078592300415,0.9823103547096252,0.9818252325057983,4.0
2218,0.0,0.0,0.0,0.0,0.0,1.0,0.9805092811584473,0.975341260433197,0.9685705304145813,0.9762701392173767,0.9835388660430908,0.9837597608566284,2.0
2219,0.0,0.0,0.0,0.0,0.0,1.0,0.9797301292419434,0.9724143147468567,0.9820581078529358,0.9743642807006836,0.9832296967506409,0.9826188087463379,1.0
2220,0.0,0.0,0.0,0.0,0.0,1.0,0.9796862006187439,0.9572067856788635,0.9709737300872803,0.9685952067375183,0.9801321625709534,0.9855179786682129,3.0
2221,0.0,0.0,0.0,0.0,0.0,1.0,0.9806243777275085,0.9730812907218933,0.9815871119499207,0.9742590188980103,0.9815597534179688,0.984720766544342,2.0
2222,0.0,0.0,0.0,0.0,0.0,1.0,0.9787908792495728,0.9754044413566589,0.9724597334861755,0.9830626249313354,0.9854823350906372,0.9803417921066284,1.0
2223,0.0,0.0,0.0,0.0,0.0,1.0,0.9641345739364624,0.9639476537704468,0.9602795243263245,0.9681392312049866,0.9840916991233826,0.982390284538269,0.0
2224,0.0,0.0,0.0,0.0,0.0,1.0,0.9754759073257446,0.9615980386734009,0.9736243486404419,0.9760444164276123,0.9841845035552979,0.9825689792633057,4.0
2225,0.0,0.0,0.0,0.0,0.0,1.0,0.9740678668022156,0.9761318564414978,0.9582337141036987,0.9808297157287598,0.9860849380493164,0.9768165946006775,3.0
2226,0.0,0.0,0.0,0.0,0.0,1.0,0.9649978876113892,0.959897518157959,0.9476609230041504,0.976314127445221,0.9860399961471558,0.9785338640213013,2.0
2227,0.0,0.0,0.0,0.0,0.0,1.0,0.9725685715675354,0.9579833745956421,0.9573315382003784,0.9787755012512207,0.9859519004821777,0.983334481716156,0.0
2228,0.0,0.0,0.0,0.0,0.0,1.0,0.9739295244216919,0.9769631624221802,0.9743363261222839,0.974425196647644,0.982912540435791,0.9804803133010864,3.0
2229,0.0,0.0,0.0,0.0,0.0,1.0,0.959137499332428,0.9604576230049133,0.9472591876983643,0.972512423992157,0.9854791164398193,0.9774936437606812,4.0
2230,0.0,0.0,0.0,0.0,0.0,1.0,0.9774172306060791,0.9641205072402954,0.9505367875099182,0.9796038269996643,0.9875555634498596,0.9794424176216125,0.0
2231,0.0,0.0,0.0,0.0,0.0,1.0,0.9802687764167786,0.9595409035682678,0.9671250581741333,0.9753775596618652,0.9823952317237854,0.9839017987251282,3.0
2232,0.0,0.0,0.0,0.0,0.0,1.0,0.9793104529380798,0.9663400053977966,0.9604240655899048,0.979175329208374,0.9851241707801819,0.9821970462799072,2.0
2233,0.0,0.0,0.0,0.0,0.0,1.0,0.9713478684425354,0.947526216506958,0.9595698714256287,0.9686189293861389,0.9838665127754211,0.981676459312439,1.0
2234,0.0,0.0,0.0,0.0,0.0,1.0,0.9844775199890137,0.9672832489013672,0.951970636844635,0.9826966524124146,0.9808338284492493,0.9816778302192688,0.0
2235,0.0,0.0,0.0,0.0,0.0,1.0,0.9700134992599487,0.9556180238723755,0.9508070945739746,0.9797483086585999,0.9865810871124268,0.9720354676246643,4.0
2236,0.0,0.0,0.0,0.0,0.0,1.0,0.9547939896583557,0.9488686323165894,0.9347062110900879,0.9741747379302979,0.9869983792304993,0.9764701724052429,1.0
2237,0.0,0.0,0.0,0.0,0.0,1.0,0.9799930453300476,0.9740018248558044,0.985466480255127,0.9654887914657593,0.977257490158081,0.9825639128684998,4.0
2238,0.0,0.0,0.0,0.0,0.0,1.0,0.9704002141952515,0.9671164751052856,0.9507277011871338,0.9825096130371094,0.98868727684021,0.9775751829147339,0.0
2239,0.0,0.0,0.0,0.0,0.0,1.0,0.967019259929657,0.961010217666626,0.95332270860672,0.9817745685577393,0.9874868392944336,0.9769853353500366,3.0
2240,0.0,0.0,0.0,0.0,0.0,1.0,0.9729084372520447,0.9510854482650757,0.94908207654953,0.9836986064910889,0.9874500036239624,0.9765066504478455,3.0
2241,0.0,0.0,0.0,0.0,0.0,1.0,0.9684877395629883,0.9660342931747437,0.9614449143409729,0.9826369881629944,0.9834845662117004,0.9737207293510437,1.0
2242,0.0,0.0,0.0,0.0,0.0,1.0,0.9701414108276367,0.9684255719184875,0.9620511531829834,0.9772422909736633,0.9846306443214417,0.9748358726501465,3.0
2243,0.0,0.0,0.0,0.0,0.0,1.0,0.97934490442276,0.9600875973701477,0.9632986783981323,0.9813098907470703,0.9832606911659241,0.9761062264442444,0.0
2244,0.0,0.0,0.0,0.0,0.0,1.0,0.9656887650489807,0.962765097618103,0.9440250992774963,0.9782356023788452,0.989059567451477,0.9742242693901062,1.0
2245,0.0,0.0,0.0,0.0,0.0,1.0,0.9616480469703674,0.946347177028656,0.9256678819656372,0.9739364385604858,0.9882388114929199,0.969546914100647,2.0
2246,0.0,0.0,0.0,0.0,0.0,1.0,0.9780718088150024,0.977950394153595,0.9569476842880249,0.9731185436248779,0.985028862953186,0.9805468916893005,3.0
2247,0.0,0.0,0.0,0.0,0.0,1.0,0.964839518070221,0.969269871711731,0.9457727670669556,0.97930908203125,0.987379789352417,0.966651201248169,4.0
2248,0.0,0.0,0.0,0.0,0.0,1.0,0.9687978029251099,0.9534313082695007,0.9504665732383728,0.98420250415802,0.9859765768051147,0.9638804197311401,4.0
2249,0.0,0.0,0.0,0.0,0.0,1.0,0.9717381000518799,0.9616179466247559,0.9357374906539917,0.9764026403427124,0.9880276918411255,0.9796773791313171,1.0
2250,0.0,0.0,0.0,0.0,0.0,1.0,0.9800066351890564,0.9682093262672424,0.9745410680770874,0.972620964050293,0.9780521988868713,0.9822085499763489,1.0
2251,0.0,0.0,0.0,0.0,0.0,1.0,0.964491605758667,0.9490361213684082,0.9448436498641968,0.9767962694168091,0.9869827032089233,0.9728721976280212,4.0
2252,0.0,0.0,0.0,0.0,0.0,1.0,0.9831640124320984,0.964232861995697,0.9609975218772888,0.9804072976112366,0.9859938621520996,0.9832889437675476,2.0
2253,0.0,0.0,0.0,0.0,0.0,1.0,0.9688065052032471,0.9674021601676941,0.9682259559631348,0.9681884050369263,0.983723521232605,0.9805102944374084,4.0
2254,0.0,0.0,0.0,0.0,0.0,1.0,0.9745297431945801,0.9714788198471069,0.9685797691345215,0.9809371829032898,0.983653724193573,0.9769311547279358,4.0
2255,0.0,0.0,0.0,0.0,0.0,1.0,0.9718457460403442,0.9627748131752014,0.9577314853668213,0.9811490774154663,0.9828478097915649,0.9758583307266235,2.0
2256,0.0,0.0,0.0,0.0,0.0,1.0,0.9770187735557556,0.9669088125228882,0.9535485506057739,0.9827094078063965,0.9878415465354919,0.9760052561759949,2.0
2257,0.0,0.0,0.0,0.0,0.0,1.0,0.9733368158340454,0.9631257057189941,0.9670084714889526,0.9796721339225769,0.9863110184669495,0.9771823287010193,1.0
2258,0.0,0.0,0.0,0.0,0.0,1.0,0.9611496925354004,0.9557128548622131,0.962384045124054,0.9709641933441162,0.976852297782898,0.970029354095459,1.0
2259,0.0,0.0,0.0,0.0,0.0,1.0,0.9805920720100403,0.9721658229827881,0.9577149748802185,0.9819112420082092,0.9866265654563904,0.9818888306617737,2.0
2260,0.0,0.0,0.0,0.0,0.0,1.0,0.9707261919975281,0.9722565412521362,0.9548963904380798,0.9801955819129944,0.9802276492118835,0.9698523283004761,1.0
2261,0.0,0.0,0.0,0.0,0.0,1.0,0.9629179239273071,0.9477853178977966,0.9518122673034668,0.9742989540100098,0.9819121360778809,0.9727447032928467,0.0
2262,0.0,0.0,0.0,0.0,0.0,1.0,0.9803237915039062,0.9815689325332642,0.9826081395149231,0.9716198444366455,0.979910135269165,0.9813459515571594,1.0
2263,0.0,0.0,0.0,1.0,0.0,1.0,0.9847401976585388,0.9772325158119202,0.9805177450180054,0.9758357405662537,0.9777790307998657,0.9815757274627686,2.0
2264,0.0,0.0,0.0,0.0,0.0,1.0,0.9738649725914001,0.9762073159217834,0.9844151139259338,0.9719407558441162,0.9733921885490417,0.9750983119010925,4.0
2265,0.0,0.0,0.0,0.0,0.0,1.0,0.983906090259552,0.9684954881668091,0.9617803692817688,0.9811598658561707,0.9827836751937866,0.9846648573875427,4.0
2266,0.0,0.0,0.0,0.0,0.0,1.0,0.9819599390029907,0.9781473278999329,0.9855667352676392,0.9692400693893433,0.9829915165901184,0.98325115442276,1.0
2267,0.0,0.0,0.0,0.0,0.0,1.0,0.9807190895080566,0.9834527373313904,0.9531473517417908,0.9771406650543213,0.9842343926429749,0.9825156927108765,2.0
2268,0.0,0.0,0.0,0.0,0.0,1.0,0.9603466987609863,0.966935932636261,0.9392110109329224,0.97504723072052,0.9855403304100037,0.9728865027427673,3.0
2269,0.0,0.0,0.0,0.0,0.0,1.0,0.964241087436676,0.9634374976158142,0.9487698078155518,0.9783090949058533,0.9864456057548523,0.9760288596153259,1.0
2270,0.0,0.0,0.0,0.0,0.0,1.0,0.9643415212631226,0.9687598943710327,0.9540030360221863,0.9746983647346497,0.9865694642066956,0.9806135892868042,2.0
2271,0.0,0.0,0.0,0.0,0.0,1.0,0.9695850014686584,0.9615278244018555,0.9465499520301819,0.9782558083534241,0.9869803786277771,0.9786390066146851,4.0
2272,0.0,0.0,0.0,0.0,0.0,1.0,0.9751969575881958,0.976098358631134,0.9692891240119934,0.9772543907165527,0.9809834361076355,0.9766067862510681,3.0
2273,0.0,0.0,0.0,0.0,0.0,1.0,0.9703977108001709,0.953785240650177,0.9478288888931274,0.9806395173072815,0.9884880185127258,0.9778634905815125,4.0
2274,0.0,0.0,0.0,0.0,0.0,1.0,0.9771456718444824,0.9592503905296326,0.9580187797546387,0.9827908277511597,0.9872958064079285,0.9824239015579224,4.0
2275,0.0,0.0,0.0,0.0,0.0,1.0,0.9849765300750732,0.9574062824249268,0.9608446359634399,0.9739054441452026,0.9847474098205566,0.9813306927680969,1.0
2276,0.0,0.0,0.0,0.0,0.0,1.0,0.9811299443244934,0.9720988273620605,0.9581957459449768,0.9848729372024536,0.9844810962677002,0.9800401926040649,0.0
2277,0.0,0.0,0.0,0.0,0.0,1.0,0.983616054058075,0.9422264099121094,0.9432641863822937,0.9814392924308777,0.9796639680862427,0.979086697101593,1.0
2278,0.0,0.0,0.0,0.0,0.0,1.0,0.9820874333381653,0.9729843735694885,0.9775550365447998,0.9765006303787231,0.9810149669647217,0.9826110005378723,4.0
2279,0.0,0.0,0.0,0.0,0.0,1.0,0.9693486094474792,0.9568442106246948,0.9545769095420837,0.9815155267715454,0.9858457446098328,0.9738414883613586,0.0
2280,0.0,0.0,0.0,0.0,0.0,1.0,0.981651782989502,0.9620437622070312,0.9616405963897705,0.9842461347579956,0.9859902858734131,0.9791794419288635,1.0
2281,0.0,0.0,0.0,0.0,0.0,1.0,0.9704997539520264,0.950626015663147,0.9475228190422058,0.983328104019165,0.9877132177352905,0.9784126877784729,0.0
2282,0.0,0.0,0.0,0.0,0.0,1.0,0.9666004180908203,0.9651647806167603,0.9622228741645813,0.9686951041221619,0.9809670448303223,0.9828733801841736,3.0
2283,0.0,0.0,0.0,0.0,0.0,1.0,0.9702214002609253,0.9381334185600281,0.9477248191833496,0.9745818376541138,0.9808613657951355,0.9824983477592468,3.0
2284,0.0,0.0,0.0,0.0,0.0,1.0,0.9828831553459167,0.9555691480636597,0.9537105560302734,0.9816601276397705,0.9858500361442566,0.982475757598877,4.0
2285,0.0,0.0,0.0,0.0,0.0,1.0,0.9760634899139404,0.9732035994529724,0.9744850397109985,0.9716053009033203,0.9829824566841125,0.9838587641716003,2.0
2286,0.0,0.0,0.0,0.0,0.0,1.0,0.9736824035644531,0.9581930041313171,0.9616780281066895,0.9816375374794006,0.9829671382904053,0.976751983165741,1.0
2287,0.0,0.0,0.0,1.0,0.0,1.0,0.9795759916305542,0.970817506313324,0.9809670448303223,0.9836605787277222,0.9775903820991516,0.975387692451477,2.0
2288,0.0,0.0,0.0,1.0,0.0,1.0,0.9785507917404175,0.9638934135437012,0.9783852696418762,0.9859695434570312,0.9756129384040833,0.9722076058387756,3.0
2289,0.0,0.0,0.0,0.0,0.0,1.0,0.9825793504714966,0.9863429665565491,0.9824496507644653,0.9622573256492615,0.9795570373535156,0.9837206602096558,4.0
2290,0.0,0.0,0.0,0.0,0.0,1.0,0.9857938885688782,0.9779394268989563,0.9515284299850464,0.9800732731819153,0.9854001402854919,0.9819371104240417,3.0
2291,0.0,0.0,0.0,0.0,0.0,1.0,0.9868016242980957,0.9689279198646545,0.9504250288009644,0.9808163046836853,0.9847967624664307,0.9800062775611877,3.0
2292,0.0,0.0,0.0,0.0,0.0,1.0,0.9832941293716431,0.9484092593193054,0.9481332302093506,0.9810017943382263,0.9854907989501953,0.9807847738265991,4.0
2293,0.0,0.0,0.0,0.0,0.0,1.0,0.962583601474762,0.968131959438324,0.946827232837677,0.9755544066429138,0.9864634275436401,0.978387713432312,4.0
2294,0.0,0.0,0.0,0.0,0.0,1.0,0.9695774912834167,0.9582906365394592,0.9532744288444519,0.9824044108390808,0.988013744354248,0.9758656024932861,0.0
2295,0.0,0.0,0.0,0.0,0.0,1.0,0.9788017272949219,0.9638816714286804,0.9561072587966919,0.9844872355461121,0.9881417155265808,0.9793689250946045,3.0
2296,0.0,0.0,0.0,0.0,0.0,1.0,0.9718002676963806,0.9702199697494507,0.9597143530845642,0.9780936241149902,0.9875734448432922,0.9814931750297546,2.0
2297,0.0,0.0,0.0,0.0,0.0,1.0,0.9815597534179688,0.9775197505950928,0.9748347401618958,0.9720048308372498,0.983768880367279,0.9844543933868408,3.0
2298,0.0,0.0,0.0,0.0,0.0,1.0,0.9647231101989746,0.96321702003479,0.9575278162956238,0.9817134737968445,0.9859165549278259,0.9738576412200928,1.0
2299,0.0,0.0,0.0,0.0,0.0,1.0,0.9765164256095886,0.9484789967536926,0.9436188340187073,0.982313871383667,0.9889233112335205,0.9797973036766052,0.0
2300,0.0,0.0,0.0,0.0,0.0,1.0,0.9776366949081421,0.9560503959655762,0.9551265239715576,0.9837599992752075,0.9893597364425659,0.9789881706237793,4.0
2301,0.0,0.0,0.0,0.0,0.0,1.0,0.9710062146186829,0.9687824845314026,0.9397699236869812,0.9796234965324402,0.9887990355491638,0.9693887829780579,4.0
2302,0.0,0.0,0.0,0.0,0.0,1.0,0.9725233316421509,0.9602329134941101,0.9472998380661011,0.9822074770927429,0.9896107912063599,0.979653000831604,2.0
2303,0.0,0.0,0.0,0.0,0.0,1.0,0.9782915115356445,0.9624256491661072,0.962765097618103,0.9791825413703918,0.981817901134491,0.9830537438392639,3.0
2304,0.0,0.0,0.0,0.0,0.0,1.0,0.9654214978218079,0.9502489566802979,0.9495648741722107,0.9734886288642883,0.9846780300140381,0.9811842441558838,2.0
2305,0.0,0.0,0.0,0.0,0.0,1.0,0.9702394604682922,0.9718595743179321,0.9537343978881836,0.9826205372810364,0.9882900714874268,0.9756925106048584,0.0
2306,0.0,0.0,0.0,0.0,0.0,1.0,0.9667271971702576,0.9635258316993713,0.9386354088783264,0.9813474416732788,0.988387405872345,0.9717872142791748,3.0
2307,0.0,0.0,0.0,0.0,0.0,1.0,0.9746381044387817,0.9647589325904846,0.9418097138404846,0.978451132774353,0.9875423312187195,0.9811325669288635,4.0
2308,0.0,0.0,0.0,0.0,0.0,1.0,0.9804515242576599,0.9565998911857605,0.9587033987045288,0.9862144589424133,0.9873536825180054,0.9792405962944031,4.0
2309,0.0,0.0,0.0,0.0,0.0,1.0,0.9797431826591492,0.948009729385376,0.9435466527938843,0.9817411303520203,0.9864358305931091,0.9843473434448242,2.0
2310,0.0,0.0,0.0,0.0,0.0,1.0,0.9746724367141724,0.971435546875,0.9847041368484497,0.962104320526123,0.9738864302635193,0.9790012240409851,1.0
2311,0.0,0.0,0.0,0.0,0.0,1.0,0.9804242849349976,0.9820773601531982,0.9753167629241943,0.9698721170425415,0.9835297465324402,0.9836575388908386,4.0
2312,0.0,0.0,0.0,0.0,0.0,1.0,0.9734299182891846,0.9587302803993225,0.9669987559318542,0.9775670170783997,0.9799184799194336,0.9781233668327332,1.0
2313,0.0,0.0,0.0,0.0,0.0,1.0,0.9705628752708435,0.9655999541282654,0.9506991505622864,0.9833874702453613,0.9877287149429321,0.9753149747848511,3.0
2314,0.0,0.0,0.0,0.0,0.0,1.0,0.9642925262451172,0.9578055143356323,0.9419434070587158,0.9781625866889954,0.9870620369911194,0.9722021222114563,2.0
2315,0.0,0.0,0.0,0.0,0.0,1.0,0.961456298828125,0.9702081680297852,0.96435546875,0.9753196239471436,0.9778594970703125,0.9732863306999207,3.0
2316,0.0,0.0,0.0,0.0,0.0,1.0,0.9633633494377136,0.971232533454895,0.9549605846405029,0.9781321287155151,0.9806677103042603,0.9703750610351562,3.0
2317,0.0,0.0,0.0,0.0,0.0,1.0,0.9759121537208557,0.9665818214416504,0.9598479270935059,0.9788433313369751,0.985325276851654,0.9804322719573975,4.0
2318,0.0,0.0,0.0,0.0,0.0,1.0,0.956321656703949,0.9588374495506287,0.9444571733474731,0.9734212160110474,0.9839872121810913,0.9775891900062561,0.0
2319,0.0,0.0,0.0,0.0,0.0,1.0,0.9674373865127563,0.9738951921463013,0.9857286810874939,0.9493077397346497,0.9734956622123718,0.9774816632270813,0.0
2320,0.0,0.0,0.0,0.0,0.0,1.0,0.9788745045661926,0.9767823815345764,0.977837324142456,0.9786707758903503,0.9835972189903259,0.9808501601219177,1.0
2321,0.0,0.0,0.0,0.0,0.0,1.0,0.961378276348114,0.9518246650695801,0.9591787457466125,0.9683550596237183,0.981312096118927,0.9803556203842163,4.0
2322,0.0,0.0,0.0,0.0,0.0,1.0,0.9756911396980286,0.965954065322876,0.9744235873222351,0.9755433201789856,0.9839905500411987,0.9796841144561768,1.0
2323,0.0,0.0,0.0,0.0,0.0,1.0,0.972165584564209,0.9451503157615662,0.947526216506958,0.9768633842468262,0.9854324460029602,0.9801446199417114,1.0
2324,0.0,0.0,0.0,0.0,0.0,1.0,0.9690245389938354,0.9629567265510559,0.9486774206161499,0.981042742729187,0.9868583679199219,0.9726453423500061,4.0
2325,0.0,0.0,0.0,0.0,0.0,1.0,0.9692213535308838,0.9542641639709473,0.9569029211997986,0.9765998721122742,0.9840279221534729,0.9792351126670837,4.0
2326,0.0,0.0,0.0,0.0,0.0,1.0,0.9792284965515137,0.9714298844337463,0.9780769348144531,0.9806638956069946,0.9818432927131653,0.9806186556816101,2.0
2327,0.0,0.0,0.0,0.0,0.0,1.0,0.9659406542778015,0.9508546590805054,0.9422762989997864,0.9795073866844177,0.988334059715271,0.978249728679657,1.0
2328,0.0,0.0,0.0,0.0,0.0,1.0,0.9792784452438354,0.9758696556091309,0.9702336192131042,0.9755810499191284,0.9850116968154907,0.9808093309402466,1.0
2329,0.0,0.0,0.0,0.0,0.0,1.0,0.9564291834831238,0.9520140290260315,0.9472965002059937,0.9734798073768616,0.9842500686645508,0.9789879322052002,0.0
2330,0.0,0.0,0.0,0.0,0.0,1.0,0.9711158275604248,0.977233350276947,0.9750364422798157,0.9770704507827759,0.9798967242240906,0.9794434309005737,0.0
2331,0.0,0.0,0.0,0.0,0.0,1.0,0.9814786911010742,0.9598636031150818,0.9591707587242126,0.9817296862602234,0.9863254427909851,0.9829423427581787,2.0
2332,0.0,0.0,0.0,0.0,0.0,1.0,0.9614675045013428,0.9597353339195251,0.9421359300613403,0.9800991415977478,0.9898155927658081,0.97614586353302,2.0
2333,0.0,0.0,0.0,0.0,0.0,1.0,0.9746934175491333,0.9505080580711365,0.948103129863739,0.977603018283844,0.9852050542831421,0.9750272631645203,4.0
2334,0.0,0.0,0.0,0.0,0.0,1.0,0.9713441729545593,0.9663664698600769,0.9817196726799011,0.9594368934631348,0.9739373326301575,0.9810096025466919,0.0
2335,0.0,0.0,0.0,0.0,0.0,1.0,0.9736213088035583,0.9685849547386169,0.9760137796401978,0.9758828282356262,0.9817091822624207,0.9759300947189331,3.0
2336,0.0,0.0,0.0,0.0,0.0,1.0,0.9738882780075073,0.9674897193908691,0.9632387161254883,0.9810515642166138,0.9837194085121155,0.9770557880401611,3.0
2337,0.0,0.0,0.0,0.0,0.0,1.0,0.9818544387817383,0.9649485945701599,0.9490033388137817,0.9799478054046631,0.9874624609947205,0.9816411733627319,4.0
2338,0.0,0.0,0.0,0.0,0.0,1.0,0.9613442420959473,0.9578548073768616,0.9391295909881592,0.9778738617897034,0.98804771900177,0.958482027053833,4.0
2339,0.0,0.0,0.0,0.0,0.0,1.0,0.9727233052253723,0.9536176323890686,0.9611167907714844,0.9764556288719177,0.9848309755325317,0.9806243777275085,1.0
2340,0.0,0.0,0.0,0.0,0.0,1.0,0.9763000011444092,0.9804620742797852,0.9457727670669556,0.9794207215309143,0.9845252633094788,0.9724652767181396,4.0
2341,0.0,0.0,0.0,0.0,0.0,1.0,0.9747880697250366,0.9752428531646729,0.9544119238853455,0.9783608913421631,0.9870331287384033,0.980954647064209,4.0
2342,0.0,0.0,0.0,0.0,0.0,1.0,0.9737948775291443,0.9663763642311096,0.9586738348007202,0.9797630906105042,0.9853361248970032,0.9836130142211914,3.0
2343,0.0,0.0,0.0,0.0,0.0,1.0,0.9794809818267822,0.9364877939224243,0.9268766641616821,0.9678292870521545,0.983752965927124,0.9813036918640137,3.0
2344,0.0,0.0,0.0,1.0,0.0,1.0,0.9764252305030823,0.9655570387840271,0.9646133780479431,0.9858112335205078,0.9850488305091858,0.976630687713623,4.0
2345,0.0,0.0,0.0,0.0,0.0,1.0,0.9675919413566589,0.9772405028343201,0.9466803073883057,0.9765085577964783,0.9844374656677246,0.97283935546875,4.0
2346,0.0,0.0,0.0,0.0,0.0,1.0,0.9655987024307251,0.9747992753982544,0.9530473947525024,0.9821017384529114,0.9812963604927063,0.9678481221199036,1.0
2347,0.0,0.0,0.0,0.0,0.0,1.0,0.9809285998344421,0.9410167336463928,0.9416571855545044,0.9823562502861023,0.9870440363883972,0.9803655743598938,4.0
2348,0.0,0.0,0.0,0.0,0.0,1.0,0.958046019077301,0.9433149099349976,0.9487664699554443,0.9644114375114441,0.9825071692466736,0.9836279153823853,2.0
2349,0.0,0.0,0.0,0.0,0.0,1.0,0.9704123139381409,0.9664984345436096,0.9642434120178223,0.9772385358810425,0.9861223101615906,0.9786418676376343,2.0
2350,0.0,0.0,0.0,0.0,0.0,1.0,0.9781947731971741,0.9616179466247559,0.9771471619606018,0.9680507779121399,0.977614164352417,0.980993390083313,4.0
2351,0.0,0.0,0.0,0.0,0.0,1.0,0.9744554758071899,0.9782494902610779,0.9538688659667969,0.9799491763114929,0.9851952791213989,0.9774841666221619,0.0
2352,0.0,0.0,0.0,0.0,0.0,1.0,0.9641966223716736,0.9683238863945007,0.948113203048706,0.9739829301834106,0.9858554005622864,0.9732252359390259,4.0
2353,0.0,0.0,0.0,0.0,0.0,1.0,0.9794119000434875,0.9635281562805176,0.9602458477020264,0.979955792427063,0.9872545599937439,0.9847870469093323,4.0
2354,0.0,0.0,0.0,0.0,0.0,1.0,0.975348174571991,0.976360023021698,0.9682687520980835,0.9776540398597717,0.9782644510269165,0.9768216013908386,4.0
2355,0.0,0.0,0.0,0.0,0.0,1.0,0.9711822271347046,0.9693002104759216,0.9426953196525574,0.9795834422111511,0.9871068596839905,0.9777919054031372,2.0
2356,0.0,0.0,0.0,0.0,0.0,1.0,0.9735498428344727,0.9628768563270569,0.9746636152267456,0.9708808660507202,0.9835725426673889,0.9834555387496948,4.0
2357,0.0,0.0,0.0,0.0,0.0,1.0,0.9758666157722473,0.952035665512085,0.9439964294433594,0.9800062775611877,0.9886322617530823,0.9792815446853638,2.0
2358,0.0,0.0,0.0,0.0,0.0,1.0,0.9768526554107666,0.9659518599510193,0.9673914313316345,0.9800177812576294,0.9804267883300781,0.982526957988739,4.0
2359,0.0,0.0,0.0,0.0,0.0,1.0,0.9760206937789917,0.9449707269668579,0.9514187574386597,0.9838706254959106,0.9874851107597351,0.9761006236076355,4.0
2360,0.0,0.0,0.0,0.0,0.0,1.0,0.9804213047027588,0.9498176574707031,0.9486146569252014,0.9835604429244995,0.987405002117157,0.9829623103141785,0.0
2361,0.0,0.0,0.0,0.0,0.0,1.0,0.9792993664741516,0.9803946018218994,0.973183274269104,0.9794625639915466,0.9796420335769653,0.9787430763244629,3.0
2362,0.0,0.0,0.0,0.0,0.0,1.0,0.9536520838737488,0.951104462146759,0.9325506091117859,0.9719835519790649,0.9855943322181702,0.9745771884918213,3.0
2363,0.0,0.0,0.0,0.0,0.0,1.0,0.9860619902610779,0.9812933802604675,0.982099175453186,0.9757537841796875,0.9817241430282593,0.984894335269928,4.0
2364,0.0,0.0,0.0,0.0,0.0,1.0,0.979640543460846,0.9712826609611511,0.9764002561569214,0.9757168889045715,0.9795525670051575,0.9793933629989624,3.0
2365,0.0,0.0,0.0,1.0,0.0,1.0,0.980556845664978,0.9790777564048767,0.9741038084030151,0.9850038290023804,0.9752362966537476,0.9740120768547058,1.0
2366,0.0,0.0,0.0,0.0,0.0,1.0,0.9839710593223572,0.9388245940208435,0.9375126361846924,0.9739614129066467,0.985527515411377,0.9803591966629028,4.0
2367,0.0,0.0,0.0,0.0,0.0,1.0,0.9700676798820496,0.9576297998428345,0.9481698870658875,0.979771077632904,0.9887653589248657,0.9795021414756775,4.0
2368,0.0,0.0,0.0,0.0,0.0,1.0,0.9743388295173645,0.9713960289955139,0.9577040076255798,0.9807408452033997,0.9870533347129822,0.9768943190574646,2.0
2369,0.0,0.0,0.0,0.0,0.0,1.0,0.9652159810066223,0.9777097702026367,0.9301222562789917,0.9773957133293152,0.9835741519927979,0.969046950340271,3.0
2370,0.0,0.0,0.0,0.0,0.0,1.0,0.9564942121505737,0.9479594826698303,0.9413508176803589,0.9724335074424744,0.9830800294876099,0.9732017517089844,2.0
2371,0.0,0.0,0.0,0.0,0.0,1.0,0.977566659450531,0.9529167413711548,0.9487467408180237,0.9807345271110535,0.9872004985809326,0.9781731963157654,4.0
2372,0.0,0.0,0.0,0.0,0.0,1.0,0.9686487913131714,0.9709134697914124,0.9507022500038147,0.9833275675773621,0.9882603883743286,0.9686786532402039,1.0
2373,0.0,0.0,0.0,0.0,0.0,1.0,0.9807095527648926,0.9759053587913513,0.9818675518035889,0.9726232290267944,0.9802959561347961,0.9815515875816345,0.0
2374,0.0,0.0,0.0,0.0,0.0,1.0,0.973411500453949,0.9804235696792603,0.9535470604896545,0.9733161330223083,0.9818416833877563,0.9759814143180847,1.0
2375,0.0,0.0,0.0,0.0,0.0,1.0,0.9692749977111816,0.9639593958854675,0.9448684453964233,0.9758742451667786,0.9863563776016235,0.9759710431098938,1.0
2376,0.0,0.0,0.0,0.0,0.0,1.0,0.9743558168411255,0.9776801466941833,0.9875031113624573,0.949584424495697,0.9735960960388184,0.9779134392738342,4.0
2377,0.0,0.0,0.0,0.0,0.0,1.0,0.9728972315788269,0.947007954120636,0.9418876767158508,0.9824605584144592,0.9877683520317078,0.9762444496154785,3.0
2378,0.0,0.0,0.0,0.0,0.0,1.0,0.971088171005249,0.9551903605461121,0.9494738578796387,0.9809131026268005,0.9879674315452576,0.9763703346252441,0.0
2379,0.0,0.0,0.0,0.0,0.0,1.0,0.9748300909996033,0.9509813189506531,0.9466803073883057,0.9777546525001526,0.9863894581794739,0.9835737943649292,2.0
2380,0.0,0.0,0.0,0.0,0.0,1.0,0.9803072810173035,0.9556496739387512,0.9584178924560547,0.984804630279541,0.9864437580108643,0.9803047776222229,1.0
2381,0.0,0.0,0.0,0.0,0.0,1.0,0.9690290093421936,0.939261257648468,0.9284106492996216,0.9676535725593567,0.9800096154212952,0.9736277461051941,1.0
2382,0.0,0.0,0.0,0.0,0.0,1.0,0.9730941653251648,0.9688438773155212,0.9628598093986511,0.9834758043289185,0.9855114221572876,0.9801775217056274,2.0
2383,0.0,0.0,0.0,0.0,0.0,1.0,0.9709287881851196,0.9557932019233704,0.9570536613464355,0.9775614142417908,0.9833196997642517,0.9808763861656189,3.0
2384,0.0,0.0,0.0,0.0,0.0,1.0,0.9741024374961853,0.9698413610458374,0.9761123657226562,0.9726670980453491,0.96205735206604,0.9722281098365784,1.0
2385,0.0,0.0,0.0,0.0,0.0,1.0,0.979526698589325,0.9688725471496582,0.9730092883110046,0.9833616614341736,0.9779515266418457,0.9783985018730164,1.0
2386,0.0,0.0,0.0,0.0,0.0,1.0,0.9755911827087402,0.9433547854423523,0.9449248313903809,0.9793974757194519,0.985295295715332,0.98245769739151,4.0
2387,0.0,0.0,0.0,0.0,0.0,1.0,0.979172945022583,0.9578493237495422,0.9638863205909729,0.9842697381973267,0.9852837324142456,0.9786978363990784,4.0
2388,0.0,0.0,0.0,0.0,0.0,1.0,0.97139972448349,0.9618799686431885,0.9491017460823059,0.9822140336036682,0.9892560243606567,0.97846519947052,1.0
2389,0.0,0.0,0.0,0.0,0.0,1.0,0.9788211584091187,0.9614247679710388,0.9578657746315002,0.9814038276672363,0.9871851801872253,0.979804277420044,0.0
2390,0.0,0.0,0.0,0.0,0.0,1.0,0.9846817255020142,0.9782012701034546,0.9697560667991638,0.9796180129051208,0.9792167544364929,0.9837005734443665,4.0
2391,0.0,0.0,0.0,0.0,0.0,1.0,0.9751210808753967,0.9482963681221008,0.9420692920684814,0.9780653119087219,0.9869838953018188,0.9820611476898193,4.0
2392,0.0,0.0,0.0,0.0,0.0,1.0,0.9753461480140686,0.9643811583518982,0.9585016369819641,0.9846920371055603,0.9845976829528809,0.9742547273635864,1.0
2393,0.0,0.0,0.0,0.0,0.0,1.0,0.9653488993644714,0.9602355360984802,0.9494088292121887,0.9782918691635132,0.9865977764129639,0.9729653000831604,1.0
2394,0.0,0.0,0.0,0.0,0.0,1.0,0.970686674118042,0.9521687030792236,0.9448542594909668,0.9782968759536743,0.9877573251724243,0.9791197180747986,2.0
2395,0.0,0.0,0.0,0.0,0.0,1.0,0.9692749977111816,0.9638674855232239,0.950168788433075,0.9764165878295898,0.9869710206985474,0.9811346530914307,2.0
2396,0.0,0.0,0.0,0.0,0.0,1.0,0.9769418835639954,0.9733077883720398,0.9894912242889404,0.9548846483230591,0.9728296399116516,0.9788514375686646,0.0
2397,0.0,0.0,0.0,0.0,0.0,1.0,0.9708980917930603,0.9547969102859497,0.9602485299110413,0.9807908535003662,0.9856479167938232,0.9783371686935425,2.0
2398,0.0,0.0,0.0,0.0,0.0,1.0,0.9754173755645752,0.9489606618881226,0.9472355246543884,0.9822003841400146,0.9884041547775269,0.9810119867324829,0.0
2399,0.0,0.0,0.0,0.0,0.0,1.0,0.9709985852241516,0.9539762735366821,0.9514376521110535,0.9822501540184021,0.9875212907791138,0.9743006825447083,3.0
2400,0.0,0.0,0.0,0.0,0.0,1.0,0.974230945110321,0.9574809074401855,0.9493761658668518,0.9820342063903809,0.9876205325126648,0.9762347936630249,1.0
2401,0.0,0.0,0.0,0.0,0.0,1.0,0.9748638868331909,0.9691576361656189,0.9580323696136475,0.9821125268936157,0.9875565767288208,0.9760228395462036,3.0
2402,0.0,0.0,0.0,0.0,0.0,1.0,0.960715651512146,0.9535335302352905,0.9592477083206177,0.9692143201828003,0.9773911237716675,0.9802078604698181,0.0
2403,0.0,0.0,0.0,0.0,0.0,1.0,0.9712467789649963,0.9656921029090881,0.9614349007606506,0.9839670062065125,0.9849667549133301,0.9756200909614563,3.0
2404,0.0,0.0,0.0,0.0,0.0,1.0,0.9757830500602722,0.9617254734039307,0.954559326171875,0.9842876195907593,0.9872552156448364,0.9777933955192566,2.0
2405,0.0,0.0,0.0,0.0,0.0,1.0,0.9763984084129333,0.9488652944564819,0.9650116562843323,0.9732151031494141,0.9796034693717957,0.9831891059875488,1.0
2406,0.0,0.0,0.0,0.0,0.0,1.0,0.9851868748664856,0.9399118423461914,0.9283789992332458,0.9730759859085083,0.9817624092102051,0.9815038442611694,4.0
