,True_T0,True_T1,True_T2,True_T3,True_T4,True_T5,Pred_Proba_T0,Pred_Proba_T1,Pred_Proba_T2,Pred_Proba_T3,Pred_Proba_T4,Pred_Proba_T5,kFolds
0,1.0,0.0,0.0,0.0,1.0,0.0,0.9219689965248108,0.6142807602882385,0.7038711309432983,0.7013666033744812,0.8921369910240173,0.9074322581291199,3.0
1,1.0,0.0,0.0,0.0,0.0,1.0,0.9256631731987,0.714285671710968,0.8008350133895874,0.6400328278541565,0.8473443388938904,0.9254693984985352,4.0
2,1.0,0.0,0.0,0.0,0.0,0.0,0.8929528594017029,0.6020523309707642,0.6778730750083923,0.9030275940895081,0.893020510673523,0.87530118227005,1.0
3,1.0,0.0,0.0,0.0,0.0,0.0,0.922838568687439,0.8378424048423767,0.7602211236953735,0.8423122763633728,0.8706130981445312,0.8520731925964355,2.0
4,1.0,0.0,0.0,0.0,0.0,0.0,0.8583633303642273,0.6766083836555481,0.6356670260429382,0.8677923083305359,0.907051682472229,0.8960623741149902,4.0
5,1.0,0.0,0.0,0.0,0.0,0.0,0.9065557718276978,0.7324084639549255,0.7118313908576965,0.8035813570022583,0.9103399515151978,0.9021061062812805,2.0
6,1.0,0.0,0.0,0.0,0.0,0.0,0.922123908996582,0.7553493976593018,0.6409454345703125,0.8680475950241089,0.870840847492218,0.8650487661361694,2.0
7,1.0,0.0,0.0,0.0,1.0,0.0,0.9008105993270874,0.6427186727523804,0.6892285346984863,0.7593621611595154,0.8723480701446533,0.918468177318573,3.0
8,1.0,0.0,0.0,0.0,0.0,0.0,0.8670850992202759,0.6781090497970581,0.6228822469711304,0.9200380444526672,0.8797212243080139,0.7997150421142578,1.0
9,1.0,0.0,0.0,0.0,0.0,0.0,0.8689866662025452,0.7533189058303833,0.602442741394043,0.9014092087745667,0.9215459823608398,0.7700567841529846,3.0
10,1.0,0.0,0.0,0.0,0.0,0.0,0.857803225517273,0.6777295470237732,0.5240352749824524,0.8008586168289185,0.9336520433425903,0.8882668018341064,2.0
11,1.0,0.0,0.0,0.0,1.0,0.0,0.9117640852928162,0.775802493095398,0.6820338368415833,0.7663313150405884,0.8996002078056335,0.8999872803688049,4.0
12,1.0,0.0,0.0,0.0,0.0,0.0,0.8975677490234375,0.5466406941413879,0.6554229855537415,0.8296217322349548,0.931256115436554,0.8886467814445496,2.0
13,1.0,0.0,0.0,0.0,0.0,0.0,0.8853871822357178,0.4241146743297577,0.437649667263031,0.8218361139297485,0.9016658663749695,0.8915072679519653,1.0
14,1.0,0.0,0.0,0.0,0.0,0.0,0.9034846425056458,0.6840242743492126,0.7758570313453674,0.8543174266815186,0.8837509155273438,0.8929750919342041,2.0
15,1.0,0.0,0.0,0.0,1.0,0.0,0.8637715578079224,0.5899854302406311,0.7936326861381531,0.9067925214767456,0.8861001133918762,0.7771897912025452,2.0
16,1.0,0.0,0.0,0.0,1.0,0.0,0.9188299775123596,0.7832266688346863,0.8519994020462036,0.7996322512626648,0.8456906080245972,0.8265587091445923,4.0
17,1.0,0.0,0.0,0.0,0.0,0.0,0.8764622807502747,0.6505237221717834,0.6955248117446899,0.9088748693466187,0.912789523601532,0.7865101099014282,2.0
18,1.0,0.0,0.0,0.0,0.0,0.0,0.8490269780158997,0.7349889874458313,0.882679283618927,0.8666490316390991,0.8717820048332214,0.8679138422012329,0.0
19,1.0,0.0,0.0,0.0,0.0,0.0,0.9018382430076599,0.7832986116409302,0.8315324187278748,0.8092772364616394,0.8905797004699707,0.8734360933303833,4.0
20,1.0,0.0,0.0,0.0,0.0,0.0,0.9357976317405701,0.7082807421684265,0.7494416832923889,0.7484796643257141,0.8016635179519653,0.8458922505378723,1.0
21,1.0,0.0,0.0,0.0,0.0,0.0,0.925230085849762,0.5271868109703064,0.7201123833656311,0.8327184915542603,0.8736639618873596,0.8557454943656921,4.0
22,1.0,0.0,0.0,0.0,0.0,0.0,0.9087837338447571,0.5636110901832581,0.6739651560783386,0.8732929825782776,0.8800624012947083,0.8185244202613831,4.0
23,1.0,0.0,0.0,0.0,0.0,0.0,0.8445438146591187,0.6812005043029785,0.6610143780708313,0.8252553343772888,0.9101777076721191,0.9241876006126404,1.0
24,1.0,0.0,0.0,0.0,0.0,0.0,0.895620584487915,0.546638548374176,0.5326668620109558,0.8136899471282959,0.9002121686935425,0.9043614268302917,3.0
25,1.0,0.0,0.0,0.0,0.0,0.0,0.9294915199279785,0.6317039728164673,0.7872657179832458,0.7426456809043884,0.8710284233093262,0.8173561692237854,0.0
26,1.0,0.0,0.0,0.0,0.0,0.0,0.9375929832458496,0.8089519143104553,0.7516911625862122,0.6619938015937805,0.8440755009651184,0.8920151591300964,2.0
27,1.0,0.0,0.0,0.0,0.0,0.0,0.8588895797729492,0.5252529382705688,0.5893926620483398,0.9135326147079468,0.9151870608329773,0.8353229761123657,3.0
28,1.0,0.0,0.0,0.0,0.0,0.0,0.9011102914810181,0.5921511650085449,0.7734345197677612,0.7749228477478027,0.8600956797599792,0.897467851638794,3.0
29,1.0,0.0,0.0,0.0,0.0,0.0,0.8866363167762756,0.4773138761520386,0.5403625965118408,0.85862797498703,0.8747695684432983,0.8650650978088379,0.0
30,1.0,0.0,0.0,0.0,0.0,0.0,0.8704459071159363,0.6319208741188049,0.8587377667427063,0.8661773204803467,0.8646674752235413,0.8639688491821289,1.0
31,1.0,0.0,0.0,0.0,0.0,1.0,0.9165423512458801,0.5845605731010437,0.7109385132789612,0.8887758851051331,0.818885087966919,0.7662048935890198,2.0
32,1.0,0.0,0.0,0.0,0.0,0.0,0.9226844906806946,0.6049332618713379,0.5001271963119507,0.7696031332015991,0.9050857424736023,0.8660092353820801,1.0
33,1.0,0.0,0.0,0.0,0.0,0.0,0.9346811175346375,0.8131807446479797,0.80705326795578,0.7965996861457825,0.7453018426895142,0.82746821641922,3.0
34,1.0,0.0,0.0,0.0,0.0,0.0,0.8341288566589355,0.6592410802841187,0.7710047960281372,0.9318023920059204,0.9166532158851624,0.7671833634376526,4.0
35,1.0,0.0,0.0,0.0,0.0,0.0,0.9021543264389038,0.6172571182250977,0.46096622943878174,0.8708316683769226,0.8621013164520264,0.8221448659896851,4.0
36,1.0,0.0,0.0,0.0,0.0,0.0,0.8930001854896545,0.5967350602149963,0.6675035357475281,0.8612685799598694,0.9206220507621765,0.8794841766357422,3.0
37,1.0,0.0,0.0,0.0,0.0,0.0,0.8966860175132751,0.5618735551834106,0.5937389135360718,0.8677144646644592,0.8515446186065674,0.877208411693573,1.0
38,1.0,0.0,0.0,0.0,1.0,0.0,0.9231434464454651,0.6950901746749878,0.7355961799621582,0.7763566970825195,0.8885411024093628,0.8741046786308289,3.0
39,1.0,0.0,0.0,0.0,0.0,0.0,0.879705548286438,0.7088260054588318,0.8112224340438843,0.8957176208496094,0.8694628477096558,0.8660397529602051,1.0
40,1.0,0.0,0.0,0.0,0.0,0.0,0.912864625453949,0.5421727895736694,0.3856560289859772,0.8030967116355896,0.8832042813301086,0.8689743280410767,3.0
41,1.0,0.0,0.0,0.0,0.0,0.0,0.8992908000946045,0.5616612434387207,0.5960546135902405,0.8405755162239075,0.9312967658042908,0.8487964868545532,2.0
42,1.0,0.0,0.0,0.0,0.0,0.0,0.921014130115509,0.5553099513053894,0.7404251098632812,0.63359135389328,0.8925734758377075,0.9318636059761047,3.0
43,1.0,0.0,0.0,0.0,0.0,0.0,0.8320838212966919,0.5525665879249573,0.6671111583709717,0.799424409866333,0.93841552734375,0.9103185534477234,1.0
44,1.0,0.0,0.0,0.0,0.0,0.0,0.8465723991394043,0.3842761218547821,0.5207738876342773,0.9231926798820496,0.9032008647918701,0.7861911058425903,0.0
45,1.0,0.0,0.0,0.0,0.0,0.0,0.8551103472709656,0.6380216479301453,0.5817596316337585,0.8867474794387817,0.9295905828475952,0.8855394721031189,1.0
46,1.0,0.0,0.0,0.0,0.0,0.0,0.8767035603523254,0.7269324064254761,0.7686789631843567,0.8992642760276794,0.8727256059646606,0.8368663787841797,4.0
47,1.0,0.0,0.0,0.0,0.0,0.0,0.8138981461524963,0.5279072523117065,0.6060115694999695,0.8830335736274719,0.9426047205924988,0.8696738481521606,3.0
48,1.0,0.0,0.0,0.0,0.0,0.0,0.9014092087745667,0.8338363766670227,0.6584925651550293,0.777887761592865,0.8831395506858826,0.9142941832542419,0.0
49,1.0,0.0,0.0,0.0,0.0,0.0,0.8787607550621033,0.5344429612159729,0.5199021697044373,0.8104560375213623,0.9199736714363098,0.9135606288909912,0.0
50,1.0,0.0,0.0,0.0,0.0,0.0,0.907712996006012,0.7554133534431458,0.6234670281410217,0.7728579640388489,0.8884164690971375,0.891325831413269,4.0
51,1.0,0.0,0.0,0.0,0.0,0.0,0.9138187170028687,0.8330965042114258,0.7914601564407349,0.6771275401115417,0.8570323586463928,0.9235777258872986,0.0
52,1.0,0.0,0.0,0.0,0.0,0.0,0.932681143283844,0.7746118307113647,0.8139200806617737,0.5833315253257751,0.8196412920951843,0.9268410205841064,3.0
53,1.0,0.0,0.0,0.0,0.0,0.0,0.9140414595603943,0.7562982439994812,0.7967552542686462,0.8317781090736389,0.8849108815193176,0.8384241461753845,1.0
54,1.0,0.0,0.0,0.0,0.0,0.0,0.8768516182899475,0.6276596188545227,0.6811378598213196,0.8672003746032715,0.8869060277938843,0.9062202572822571,2.0
55,1.0,0.0,0.0,0.0,0.0,0.0,0.9195502400398254,0.798987865447998,0.7503907084465027,0.7316401600837708,0.8895461559295654,0.8558166027069092,3.0
56,1.0,0.0,0.0,0.0,0.0,0.0,0.8813605308532715,0.7608901262283325,0.9076145887374878,0.8431661128997803,0.8116252422332764,0.7580500841140747,0.0
57,1.0,0.0,0.0,0.0,0.0,0.0,0.9067695736885071,0.39968135952949524,0.4938459098339081,0.7317334413528442,0.9043936133384705,0.8685621619224548,3.0
58,1.0,0.0,0.0,0.0,0.0,0.0,0.8921434283256531,0.43135008215904236,0.5358083844184875,0.8617682456970215,0.8759799003601074,0.8491019010543823,2.0
59,1.0,0.0,0.0,0.0,0.0,0.0,0.923478364944458,0.5390359163284302,0.664625346660614,0.8036831617355347,0.8315145969390869,0.7774494886398315,1.0
60,1.0,0.0,0.0,0.0,0.0,0.0,0.9263782501220703,0.45167186856269836,0.6701847314834595,0.7621862888336182,0.8967663645744324,0.8867738842964172,3.0
61,1.0,0.0,0.0,0.0,1.0,0.0,0.9071215391159058,0.7004411816596985,0.716647207736969,0.7415440678596497,0.9147176742553711,0.9021645784378052,3.0
62,1.0,0.0,0.0,0.0,0.0,0.0,0.9231656789779663,0.5987387299537659,0.8068535923957825,0.790510356426239,0.8618897795677185,0.825627863407135,3.0
63,1.0,0.0,0.0,0.0,0.0,0.0,0.9239508509635925,0.49008360505104065,0.5767878293991089,0.734505295753479,0.8631088733673096,0.8391144871711731,1.0
64,1.0,0.0,0.0,0.0,0.0,0.0,0.9039626717567444,0.7167574167251587,0.6302926540374756,0.8025298118591309,0.9048195481300354,0.8554151654243469,4.0
65,1.0,0.0,0.0,0.0,0.0,0.0,0.9347946643829346,0.6676211357116699,0.701984167098999,0.7265076637268066,0.8446131348609924,0.7888591885566711,1.0
66,1.0,0.0,0.0,0.0,0.0,0.0,0.8884381651878357,0.4096270501613617,0.38283097743988037,0.7589227557182312,0.9119001626968384,0.9076387882232666,3.0
67,1.0,0.0,0.0,0.0,0.0,0.0,0.9128866791725159,0.7866097688674927,0.7592824101448059,0.795291006565094,0.8756245970726013,0.9023394584655762,0.0
68,1.0,0.0,0.0,0.0,0.0,0.0,0.838480532169342,0.7616665959358215,0.8574036955833435,0.9212420582771301,0.842669665813446,0.7717306017875671,3.0
69,1.0,0.0,0.0,0.0,1.0,0.0,0.8681721091270447,0.6711499691009521,0.6954848766326904,0.8849900364875793,0.9163675308227539,0.8789246678352356,0.0
70,1.0,0.0,0.0,0.0,0.0,0.0,0.8596502542495728,0.5483638644218445,0.7075955867767334,0.900367796421051,0.8827233910560608,0.8866312503814697,0.0
71,1.0,0.0,0.0,0.0,0.0,0.0,0.8939177393913269,0.443599134683609,0.497722864151001,0.889915406703949,0.8750301003456116,0.7575848698616028,1.0
72,1.0,0.0,0.0,0.0,0.0,0.0,0.9479938745498657,0.7400497794151306,0.8080712556838989,0.7668023109436035,0.7893029451370239,0.8463311195373535,2.0
73,1.0,0.0,0.0,0.0,0.0,0.0,0.9095103740692139,0.45730334520339966,0.43396666646003723,0.8571457862854004,0.876382052898407,0.8407359719276428,0.0
74,1.0,0.0,0.0,0.0,0.0,0.0,0.8853062391281128,0.4977027177810669,0.593894362449646,0.9151156544685364,0.90590900182724,0.8560332655906677,3.0
75,1.0,0.0,0.0,0.0,0.0,0.0,0.9085038900375366,0.8425328135490417,0.5496305227279663,0.8269962072372437,0.8878262639045715,0.8437002897262573,3.0
76,1.0,0.0,0.0,0.0,0.0,0.0,0.8496161103248596,0.3778781592845917,0.4261568486690521,0.8111491203308105,0.9042838215827942,0.9247304201126099,0.0
77,1.0,0.0,0.0,0.0,0.0,0.0,0.9342789053916931,0.6521360278129578,0.5468318462371826,0.7000866532325745,0.8800457715988159,0.8937471508979797,3.0
78,1.0,0.0,0.0,0.0,0.0,0.0,0.876131534576416,0.7429161667823792,0.8409257531166077,0.8704010248184204,0.8813108801841736,0.8678939342498779,1.0
79,1.0,0.0,0.0,0.0,0.0,0.0,0.9108858108520508,0.6996378898620605,0.7709164619445801,0.7957540154457092,0.8837565183639526,0.9130728244781494,3.0
80,1.0,0.0,0.0,0.0,0.0,0.0,0.9153194427490234,0.6365317106246948,0.6004665493965149,0.8043724298477173,0.8729780316352844,0.8837496042251587,3.0
81,1.0,0.0,0.0,0.0,0.0,0.0,0.9169142246246338,0.6589289307594299,0.776810884475708,0.8819655179977417,0.7900978326797485,0.7595240473747253,2.0
82,1.0,0.0,0.0,0.0,0.0,0.0,0.8991013765335083,0.4395418167114258,0.5580385327339172,0.7599820494651794,0.9105178117752075,0.9231337904930115,3.0
83,1.0,0.0,0.0,0.0,0.0,0.0,0.9053265452384949,0.806712806224823,0.7351623177528381,0.7187297940254211,0.8593314290046692,0.8859426379203796,1.0
84,1.0,0.0,0.0,0.0,0.0,0.0,0.8718806505203247,0.5013563632965088,0.39609941840171814,0.7950296998023987,0.9175119400024414,0.9163336753845215,0.0
85,1.0,0.0,0.0,0.0,0.0,0.0,0.8705863356590271,0.6940606236457825,0.40816211700439453,0.7677400708198547,0.9425432682037354,0.8983374834060669,3.0
86,1.0,0.0,0.0,0.0,0.0,0.0,0.9285816550254822,0.5145912766456604,0.45215365290641785,0.8115324974060059,0.9053076505661011,0.8383421897888184,2.0
87,1.0,0.0,0.0,0.0,0.0,0.0,0.8950000405311584,0.8130576610565186,0.49443289637565613,0.8299070000648499,0.887654185295105,0.8709840774536133,1.0
88,1.0,0.0,0.0,0.0,0.0,0.0,0.8868134617805481,0.6007106304168701,0.4769924283027649,0.9103537797927856,0.8663132190704346,0.7870621681213379,2.0
89,1.0,0.0,0.0,0.0,1.0,0.0,0.930990993976593,0.8402031660079956,0.7657015323638916,0.8604644536972046,0.7983416318893433,0.7775187492370605,4.0
90,1.0,0.0,0.0,0.0,0.0,0.0,0.833960771560669,0.48414677381515503,0.4978298842906952,0.8367533683776855,0.935639500617981,0.9185976386070251,3.0
91,1.0,0.0,0.0,0.0,0.0,0.0,0.8691474795341492,0.8769570589065552,0.9059959053993225,0.8505204319953918,0.740073025226593,0.7498043179512024,1.0
92,1.0,0.0,0.0,0.0,0.0,0.0,0.8907189965248108,0.7150291204452515,0.5164057612419128,0.6597424149513245,0.9281449913978577,0.9048544764518738,3.0
93,1.0,0.0,0.0,0.0,0.0,0.0,0.9436467289924622,0.8403601050376892,0.7712463736534119,0.7736780643463135,0.8117755055427551,0.7904404997825623,4.0
94,1.0,0.0,0.0,0.0,0.0,0.0,0.9001424908638,0.8506183624267578,0.8278074860572815,0.838407039642334,0.8350898027420044,0.8017053008079529,3.0
95,1.0,0.0,0.0,0.0,0.0,0.0,0.9014896154403687,0.729550838470459,0.5962985157966614,0.7961759567260742,0.8875842094421387,0.891597330570221,4.0
96,1.0,0.0,0.0,0.0,0.0,0.0,0.9106200337409973,0.6066464185714722,0.5993719696998596,0.7544692158699036,0.877662181854248,0.8952351808547974,0.0
97,1.0,0.0,0.0,0.0,0.0,0.0,0.9194278717041016,0.8843430876731873,0.7943537831306458,0.6873830556869507,0.8395252227783203,0.8617460131645203,3.0
98,1.0,0.0,0.0,0.0,0.0,0.0,0.8949223160743713,0.5470597743988037,0.7771949172019958,0.8972375988960266,0.8899738788604736,0.8319938778877258,4.0
99,1.0,0.0,0.0,0.0,0.0,0.0,0.8472428917884827,0.5729550719261169,0.5719612836837769,0.9350705742835999,0.9094559550285339,0.7851242423057556,1.0
100,1.0,0.0,0.0,0.0,1.0,0.0,0.8873535394668579,0.5784589648246765,0.7959358096122742,0.9189688563346863,0.7823261022567749,0.7363156080245972,0.0
101,1.0,0.0,0.0,0.0,0.0,0.0,0.9319294095039368,0.762214720249176,0.7643880248069763,0.7258756160736084,0.8388585448265076,0.9307696223258972,2.0
102,1.0,0.0,0.0,0.0,0.0,0.0,0.8991797566413879,0.8374492526054382,0.8635291457176208,0.8718144297599792,0.7634407877922058,0.7727437615394592,3.0
103,1.0,0.0,0.0,0.0,0.0,0.0,0.9100381731987,0.6477367281913757,0.7591026425361633,0.8959634304046631,0.7721406817436218,0.6533496975898743,4.0
104,1.0,0.0,0.0,0.0,0.0,0.0,0.9016034603118896,0.7707285284996033,0.8610745668411255,0.8476966619491577,0.8052474856376648,0.8905780911445618,3.0
105,1.0,0.0,0.0,0.0,0.0,0.0,0.8847004175186157,0.6084710955619812,0.5774644017219543,0.6781885623931885,0.9050675630569458,0.9347890615463257,1.0
106,1.0,0.0,0.0,0.0,0.0,0.0,0.8918092250823975,0.6693344712257385,0.6889311075210571,0.8596983551979065,0.8697718977928162,0.9005744457244873,3.0
107,1.0,0.0,0.0,0.0,0.0,0.0,0.922487735748291,0.8866413831710815,0.7751834988594055,0.7503241896629333,0.8470149040222168,0.8724151849746704,2.0
108,1.0,0.0,0.0,0.0,0.0,0.0,0.885506808757782,0.5160755515098572,0.5006484985351562,0.8809237480163574,0.9121898412704468,0.893168568611145,3.0
109,1.0,0.0,0.0,0.0,1.0,0.0,0.8626876473426819,0.5193224549293518,0.5741888284683228,0.8033278584480286,0.9262803792953491,0.8952980637550354,0.0
110,1.0,0.0,0.0,0.0,0.0,0.0,0.9352627992630005,0.7357049584388733,0.7466983199119568,0.724740207195282,0.8560585975646973,0.877931535243988,3.0
111,1.0,0.0,0.0,0.0,0.0,0.0,0.9040619134902954,0.8316713571548462,0.8758174180984497,0.7980315685272217,0.8168554306030273,0.891328752040863,0.0
112,1.0,0.0,0.0,0.0,0.0,0.0,0.9169864654541016,0.5494939088821411,0.6224246621131897,0.7062307596206665,0.9023772478103638,0.9340006113052368,2.0
113,1.0,0.0,0.0,0.0,0.0,0.0,0.9118451476097107,0.496240496635437,0.347912073135376,0.7943631410598755,0.8899725675582886,0.8905866742134094,2.0
114,1.0,0.0,0.0,0.0,0.0,0.0,0.9141479134559631,0.7343511581420898,0.5336877703666687,0.6918249726295471,0.8951306939125061,0.8729727268218994,4.0
115,1.0,0.0,0.0,0.0,0.0,0.0,0.8838179707527161,0.655769407749176,0.7989315390586853,0.7939837574958801,0.8996798992156982,0.87592613697052,1.0
116,1.0,0.0,0.0,0.0,0.0,0.0,0.9392022490501404,0.7155658006668091,0.4904389977455139,0.6556048393249512,0.8539097905158997,0.8544988036155701,4.0
117,1.0,0.0,0.0,0.0,0.0,0.0,0.8944686651229858,0.57582688331604,0.6722650527954102,0.8943990468978882,0.8934001922607422,0.8024817109107971,3.0
118,1.0,0.0,0.0,0.0,0.0,0.0,0.8853210210800171,0.4587237536907196,0.5108457803726196,0.7342717051506042,0.9253114461898804,0.9152722358703613,0.0
119,1.0,0.0,0.0,0.0,0.0,0.0,0.9245738983154297,0.43039798736572266,0.49190083146095276,0.6526152491569519,0.8664800524711609,0.8641934394836426,4.0
120,1.0,0.0,0.0,0.0,0.0,1.0,0.8320969343185425,0.40904292464256287,0.3780815005302429,0.791684627532959,0.9422454833984375,0.9170718193054199,1.0
121,1.0,0.0,0.0,0.0,0.0,0.0,0.9167142510414124,0.5995867252349854,0.6696552038192749,0.8131250143051147,0.8854110240936279,0.8812062740325928,1.0
122,1.0,0.0,0.0,0.0,0.0,0.0,0.889776885509491,0.6083731651306152,0.7318781614303589,0.8541494011878967,0.9122001528739929,0.8690995573997498,4.0
123,1.0,0.0,0.0,0.0,0.0,0.0,0.874758780002594,0.3104351758956909,0.30683428049087524,0.8332685828208923,0.9094507098197937,0.8556138277053833,1.0
124,1.0,0.0,0.0,0.0,0.0,0.0,0.898464560508728,0.39728015661239624,0.37016966938972473,0.7633046507835388,0.8767789602279663,0.8854379057884216,0.0
125,1.0,0.0,0.0,0.0,1.0,0.0,0.8967717885971069,0.6641154289245605,0.7613386511802673,0.8072687387466431,0.90943443775177,0.8782563805580139,3.0
126,1.0,0.0,0.0,0.0,0.0,0.0,0.8991367816925049,0.4750978946685791,0.5125328898429871,0.7679213881492615,0.918834388256073,0.870394766330719,2.0
127,1.0,0.0,0.0,0.0,0.0,0.0,0.9212825894355774,0.6237565279006958,0.8308312296867371,0.8409563899040222,0.8784253597259521,0.8631761074066162,4.0
128,1.0,0.0,0.0,0.0,0.0,0.0,0.9159448742866516,0.7105028033256531,0.7664321064949036,0.7297882437705994,0.868488609790802,0.9024441242218018,0.0
129,1.0,0.0,0.0,0.0,0.0,0.0,0.9172180891036987,0.7175372242927551,0.5843655467033386,0.7669811844825745,0.9131903648376465,0.9040898084640503,2.0
130,1.0,0.0,0.0,0.0,0.0,0.0,0.8998775482177734,0.7009989619255066,0.7075541615486145,0.9031581878662109,0.8511266708374023,0.724588930606842,4.0
131,1.0,0.0,0.0,0.0,0.0,0.0,0.9087610840797424,0.7507818341255188,0.6877235770225525,0.7056367993354797,0.8890337944030762,0.9229673147201538,2.0
132,1.0,0.0,0.0,0.0,0.0,1.0,0.9246141314506531,0.7911823391914368,0.8967366218566895,0.5832481384277344,0.7246870398521423,0.8381605744361877,3.0
133,1.0,0.0,0.0,0.0,0.0,0.0,0.9485203623771667,0.6580535173416138,0.7498299479484558,0.5271778106689453,0.8409222960472107,0.905037522315979,3.0
134,1.0,0.0,0.0,0.0,0.0,0.0,0.9143333435058594,0.513839602470398,0.544436514377594,0.8100298047065735,0.843387246131897,0.8770512938499451,0.0
135,1.0,0.0,0.0,0.0,0.0,0.0,0.9213429093360901,0.7149667739868164,0.8611515164375305,0.8132290244102478,0.809421181678772,0.8311916589736938,0.0
136,1.0,0.0,0.0,0.0,0.0,0.0,0.9009729623794556,0.4390031695365906,0.6085205674171448,0.8797091245651245,0.8818764686584473,0.813656747341156,2.0
137,1.0,0.0,0.0,0.0,0.0,0.0,0.9438864588737488,0.7696502804756165,0.7064830660820007,0.7177541255950928,0.7584059238433838,0.7682754993438721,3.0
138,1.0,0.0,0.0,0.0,0.0,1.0,0.9244683980941772,0.6405023336410522,0.6452316641807556,0.6560525298118591,0.887120246887207,0.902403712272644,2.0
139,1.0,0.0,0.0,0.0,0.0,0.0,0.9364131093025208,0.6304289698600769,0.7712697982788086,0.753035843372345,0.807511031627655,0.7907822132110596,2.0
140,1.0,0.0,0.0,0.0,0.0,0.0,0.9297295212745667,0.647527813911438,0.6746412515640259,0.7184610962867737,0.8674666285514832,0.8533709049224854,2.0
141,1.0,0.0,0.0,0.0,0.0,0.0,0.9279336333274841,0.608460009098053,0.5744809508323669,0.7476629018783569,0.8433141112327576,0.8410888314247131,1.0
142,1.0,0.0,0.0,0.0,0.0,0.0,0.9054802656173706,0.43135419487953186,0.4768560230731964,0.8392491340637207,0.8912268877029419,0.7802267670631409,2.0
143,1.0,0.0,0.0,0.0,0.0,0.0,0.9165765047073364,0.693272590637207,0.8102774024009705,0.70487380027771,0.857883870601654,0.8999548554420471,3.0
144,1.0,0.0,0.0,0.0,0.0,0.0,0.9122093915939331,0.6181939840316772,0.6989320516586304,0.7603470087051392,0.886030375957489,0.8945909738540649,3.0
145,1.0,0.0,0.0,0.0,0.0,0.0,0.8931353688240051,0.3353217542171478,0.40579965710639954,0.8308571577072144,0.8948239684104919,0.8842502236366272,3.0
146,1.0,0.0,0.0,0.0,0.0,1.0,0.913445770740509,0.6941677331924438,0.7449122667312622,0.8696715235710144,0.8732711672782898,0.8502050638198853,4.0
147,1.0,0.0,0.0,0.0,0.0,0.0,0.913117527961731,0.4820733070373535,0.5609028935432434,0.8123331665992737,0.9220776557922363,0.8898522853851318,2.0
148,1.0,0.0,0.0,0.0,0.0,0.0,0.8836082220077515,0.4495134651660919,0.6337802410125732,0.835669219493866,0.9157087206840515,0.8946182131767273,2.0
149,1.0,0.0,0.0,0.0,1.0,0.0,0.9038049578666687,0.4801146984100342,0.6491691470146179,0.7562263011932373,0.9099721312522888,0.8962935209274292,0.0
150,1.0,0.0,0.0,0.0,0.0,0.0,0.8815730810165405,0.7896326780319214,0.5813151001930237,0.8499087691307068,0.9222776889801025,0.8869571089744568,2.0
151,1.0,0.0,0.0,0.0,0.0,0.0,0.8477510809898376,0.6217879056930542,0.7655547261238098,0.7843887805938721,0.9027261734008789,0.9366942048072815,2.0
152,1.0,0.0,0.0,0.0,0.0,0.0,0.9321053624153137,0.5544394850730896,0.5729550719261169,0.7359784245491028,0.8703596591949463,0.8710020184516907,1.0
153,1.0,0.0,0.0,0.0,0.0,0.0,0.9159494638442993,0.7149045467376709,0.49998724460601807,0.7414465546607971,0.9108868837356567,0.8991994261741638,4.0
154,1.0,0.0,0.0,0.0,0.0,0.0,0.8834863305091858,0.6059994697570801,0.7122310996055603,0.8756560683250427,0.9121556878089905,0.8742033839225769,4.0
155,1.0,0.0,0.0,0.0,0.0,0.0,0.9043093919754028,0.3617923855781555,0.36679449677467346,0.7485195994377136,0.8975577354431152,0.8516570329666138,2.0
156,1.0,0.0,0.0,0.0,1.0,0.0,0.8886056542396545,0.7916500568389893,0.5215185284614563,0.7700687646865845,0.9227309823036194,0.8229986429214478,2.0
157,1.0,0.0,0.0,0.0,0.0,0.0,0.9002346396446228,0.5936101078987122,0.6872181296348572,0.777170717716217,0.9190605878829956,0.9062522649765015,0.0
158,1.0,0.0,0.0,0.0,0.0,0.0,0.925962507724762,0.6501545906066895,0.6408789753913879,0.7481021285057068,0.8796376585960388,0.8485952615737915,2.0
159,1.0,0.0,0.0,0.0,0.0,1.0,0.8529453277587891,0.5419665575027466,0.45794713497161865,0.8196486234664917,0.925696074962616,0.9273866415023804,4.0
160,1.0,0.0,0.0,0.0,0.0,1.0,0.8447599411010742,0.5556286573410034,0.4320753514766693,0.756523072719574,0.9322193264961243,0.9131757020950317,4.0
161,1.0,0.0,0.0,0.0,1.0,0.0,0.8832235932350159,0.610248327255249,0.7038058042526245,0.8499996066093445,0.926088809967041,0.82773756980896,4.0
162,1.0,0.0,0.0,0.0,0.0,0.0,0.9138293266296387,0.7634623050689697,0.8602495193481445,0.5699958205223083,0.7838644981384277,0.9172828793525696,1.0
163,1.0,0.0,0.0,0.0,0.0,0.0,0.8707114458084106,0.5230382084846497,0.6245633959770203,0.744631826877594,0.930671751499176,0.9299411177635193,0.0
164,1.0,0.0,0.0,0.0,0.0,0.0,0.9326944351196289,0.5705660581588745,0.571452260017395,0.8201497197151184,0.8346624374389648,0.7757291197776794,2.0
165,1.0,0.0,0.0,0.0,0.0,0.0,0.8807440400123596,0.33307334780693054,0.48493918776512146,0.8742256760597229,0.8705624938011169,0.8268052935600281,3.0
166,1.0,0.0,0.0,0.0,0.0,0.0,0.925540030002594,0.7943367958068848,0.7806813716888428,0.7298722863197327,0.8604298830032349,0.8706503510475159,3.0
167,1.0,0.0,0.0,0.0,0.0,0.0,0.930306077003479,0.4450872838497162,0.45473361015319824,0.7394388318061829,0.8508887887001038,0.7840903401374817,2.0
168,1.0,0.0,0.0,0.0,0.0,0.0,0.9263481497764587,0.4770579934120178,0.68806391954422,0.762245774269104,0.8803550004959106,0.8231474757194519,0.0
169,1.0,0.0,0.0,0.0,0.0,0.0,0.8915465474128723,0.5533680319786072,0.6956522464752197,0.873206615447998,0.9176883697509766,0.8153359889984131,3.0
170,1.0,0.0,0.0,0.0,0.0,0.0,0.8965146541595459,0.4587090015411377,0.5080970525741577,0.8134146928787231,0.9188191294670105,0.8776596784591675,2.0
171,1.0,0.0,0.0,0.0,0.0,0.0,0.9409541487693787,0.8448417782783508,0.7449032664299011,0.7642393708229065,0.855172336101532,0.8803771138191223,2.0
172,1.0,0.0,0.0,0.0,0.0,0.0,0.8789207935333252,0.8537691235542297,0.7300532460212708,0.7356324195861816,0.8840557932853699,0.9078957438468933,3.0
173,1.0,0.0,0.0,0.0,1.0,0.0,0.8971038460731506,0.5401372909545898,0.4371897578239441,0.7930458188056946,0.9164897799491882,0.8830501437187195,0.0
174,1.0,0.0,0.0,0.0,0.0,0.0,0.9058863520622253,0.815681517124176,0.8032187223434448,0.8037467002868652,0.816631019115448,0.8085988163948059,1.0
175,1.0,0.0,0.0,0.0,0.0,0.0,0.9288196563720703,0.7289000749588013,0.784359335899353,0.797306478023529,0.8251727223396301,0.8511543869972229,1.0
176,1.0,0.0,0.0,0.0,0.0,0.0,0.9407035112380981,0.7259730696678162,0.7143850922584534,0.6232914328575134,0.8508531451225281,0.9173645377159119,3.0
177,1.0,0.0,0.0,0.0,0.0,0.0,0.9334232211112976,0.7729000449180603,0.6688953042030334,0.699383556842804,0.817870557308197,0.8506320118904114,0.0
178,1.0,0.0,0.0,0.0,0.0,0.0,0.8854682445526123,0.47005656361579895,0.36328721046447754,0.7547794580459595,0.8882768154144287,0.896754264831543,0.0
179,1.0,0.0,0.0,0.0,0.0,0.0,0.9272710084915161,0.8138648867607117,0.8492148518562317,0.669536828994751,0.8423119187355042,0.8678523898124695,0.0
180,1.0,0.0,0.0,0.0,0.0,0.0,0.9147549271583557,0.7148588299751282,0.6967253684997559,0.8414500951766968,0.8430978655815125,0.8496826887130737,4.0
181,1.0,0.0,0.0,0.0,0.0,0.0,0.8879284262657166,0.5700945258140564,0.543067991733551,0.7921414375305176,0.922762393951416,0.8998013734817505,2.0
182,1.0,0.0,0.0,0.0,0.0,0.0,0.9216735363006592,0.5366116166114807,0.6171950101852417,0.8505440354347229,0.8924180865287781,0.8430648446083069,2.0
183,1.0,0.0,0.0,0.0,0.0,0.0,0.944470226764679,0.6328648924827576,0.598901629447937,0.743297278881073,0.8815391063690186,0.7806963324546814,3.0
184,1.0,0.0,0.0,0.0,0.0,0.0,0.9079463481903076,0.7338017225265503,0.7404589056968689,0.8090822696685791,0.8647347092628479,0.8409545421600342,0.0
185,1.0,0.0,0.0,0.0,0.0,0.0,0.9140938520431519,0.7812903523445129,0.709044337272644,0.754416823387146,0.843108057975769,0.8513067364692688,1.0
186,1.0,0.0,0.0,0.0,0.0,0.0,0.9220781922340393,0.5821509957313538,0.750497043132782,0.727850615978241,0.8635289072990417,0.9123409390449524,4.0
187,1.0,0.0,0.0,0.0,0.0,0.0,0.9295137524604797,0.6320313215255737,0.7891534566879272,0.7627339363098145,0.8215451836585999,0.9070932865142822,2.0
188,1.0,0.0,0.0,0.0,0.0,0.0,0.918171226978302,0.8410606980323792,0.8481125235557556,0.7018648386001587,0.8177534937858582,0.8806500434875488,0.0
189,1.0,0.0,0.0,0.0,0.0,0.0,0.9103717803955078,0.7359158992767334,0.840067446231842,0.815102219581604,0.852728009223938,0.8818410038948059,4.0
190,1.0,0.0,0.0,0.0,0.0,0.0,0.875812828540802,0.6302788257598877,0.8035313487052917,0.8583009839057922,0.8846081495285034,0.8981218338012695,4.0
191,1.0,0.0,0.0,0.0,0.0,1.0,0.9116421341896057,0.8836110234260559,0.860375165939331,0.7439281940460205,0.8218389749526978,0.8662538528442383,3.0
192,1.0,0.0,0.0,0.0,0.0,1.0,0.8874020576477051,0.9384583234786987,0.8566571474075317,0.5454597473144531,0.7629318237304688,0.8300338983535767,0.0
193,1.0,0.0,0.0,0.0,1.0,0.0,0.9021819829940796,0.6639410257339478,0.6187645196914673,0.7970371246337891,0.9177370667457581,0.9129835367202759,2.0
194,1.0,0.0,0.0,0.0,0.0,0.0,0.8533497452735901,0.38290512561798096,0.5055035352706909,0.9127930998802185,0.9267499446868896,0.8746389746665955,1.0
195,1.0,0.0,0.0,0.0,0.0,0.0,0.843722403049469,0.5116750597953796,0.6196755170822144,0.899779200553894,0.8975687026977539,0.8906614780426025,2.0
196,1.0,0.0,0.0,0.0,0.0,1.0,0.8568097352981567,0.4406907260417938,0.3964157700538635,0.7558948397636414,0.9307746291160583,0.904812216758728,0.0
197,1.0,0.0,0.0,0.0,1.0,0.0,0.8565437197685242,0.6371994018554688,0.7407256364822388,0.8526438474655151,0.9199783205986023,0.9101120829582214,4.0
198,1.0,0.0,0.0,0.0,0.0,0.0,0.9110735058784485,0.7040937542915344,0.789212703704834,0.676079511642456,0.8757638931274414,0.915873110294342,1.0
199,1.0,0.0,0.0,0.0,0.0,0.0,0.8777106404304504,0.6851454377174377,0.868581235408783,0.8310890197753906,0.8823364973068237,0.8686433434486389,0.0
200,1.0,0.0,0.0,0.0,0.0,1.0,0.8980118632316589,0.7554832696914673,0.7225438356399536,0.6638520956039429,0.910854160785675,0.8849295973777771,4.0
201,1.0,0.0,0.0,0.0,0.0,0.0,0.8750851154327393,0.4427917003631592,0.6394612789154053,0.9112244248390198,0.8863582611083984,0.8561208844184875,4.0
202,1.0,0.0,0.0,0.0,0.0,0.0,0.9059551954269409,0.5307373404502869,0.7479198575019836,0.8539639115333557,0.8242117762565613,0.8127914667129517,4.0
203,1.0,0.0,0.0,0.0,1.0,0.0,0.912140429019928,0.7785735130310059,0.7049028873443604,0.7447694540023804,0.8911677002906799,0.9102014899253845,1.0
204,1.0,0.0,0.0,0.0,0.0,0.0,0.8553922176361084,0.3342437744140625,0.3787165582180023,0.76515132188797,0.9443439245223999,0.8929135203361511,3.0
205,1.0,0.0,0.0,0.0,0.0,0.0,0.914306640625,0.7028559446334839,0.7985397577285767,0.8039619326591492,0.8724492192268372,0.8758087158203125,1.0
206,1.0,0.0,0.0,0.0,0.0,0.0,0.8461502194404602,0.45097172260284424,0.45792195200920105,0.800966739654541,0.9409018158912659,0.9113549590110779,4.0
207,1.0,0.0,0.0,0.0,0.0,0.0,0.9153624176979065,0.6922422647476196,0.5842851996421814,0.8731310963630676,0.8332809209823608,0.8513990044593811,1.0
208,1.0,0.0,0.0,0.0,0.0,0.0,0.8999945521354675,0.5808383226394653,0.788444995880127,0.7059765458106995,0.9005786180496216,0.8888412117958069,0.0
209,1.0,0.0,0.0,0.0,0.0,0.0,0.9045957922935486,0.6981635093688965,0.7237829566001892,0.8354663848876953,0.899761974811554,0.8334727883338928,1.0
210,1.0,0.0,0.0,0.0,0.0,0.0,0.9130868911743164,0.7932210564613342,0.8549485206604004,0.6899058222770691,0.8209767937660217,0.8710193634033203,0.0
211,1.0,0.0,0.0,0.0,0.0,0.0,0.9222533702850342,0.7394492030143738,0.7346619367599487,0.5999224781990051,0.8932943344116211,0.9110826849937439,0.0
212,1.0,0.0,0.0,0.0,0.0,0.0,0.8885998129844666,0.6065478324890137,0.7446660399436951,0.7209846377372742,0.8980514407157898,0.9228273630142212,0.0
213,1.0,0.0,0.0,0.0,0.0,0.0,0.8681954145431519,0.41805267333984375,0.5300384759902954,0.7821915149688721,0.9351497292518616,0.9088585376739502,3.0
214,1.0,0.0,0.0,0.0,0.0,0.0,0.8490840196609497,0.4941510856151581,0.5487070679664612,0.9097069501876831,0.9390261769294739,0.8422217965126038,2.0
215,1.0,0.0,0.0,0.0,0.0,0.0,0.8769301176071167,0.6243452429771423,0.33707165718078613,0.8228294253349304,0.9250741004943848,0.8882957100868225,2.0
216,1.0,0.0,0.0,0.0,0.0,0.0,0.906472384929657,0.6604461669921875,0.6615460515022278,0.7619741559028625,0.8910764455795288,0.9055361747741699,3.0
217,1.0,0.0,0.0,0.0,1.0,0.0,0.8433369994163513,0.5538027882575989,0.4708126187324524,0.8595919013023376,0.9438329339027405,0.8616146445274353,4.0
218,1.0,0.0,0.0,0.0,0.0,0.0,0.9155049324035645,0.7732353806495667,0.6676117181777954,0.7997188568115234,0.8076229095458984,0.8452478051185608,0.0
219,1.0,0.0,0.0,0.0,1.0,0.0,0.9012846946716309,0.5926353931427002,0.487123966217041,0.842423677444458,0.9276376962661743,0.8570945262908936,0.0
220,1.0,0.0,0.0,0.0,0.0,0.0,0.8442692756652832,0.507476270198822,0.4778468906879425,0.890519380569458,0.9119495153427124,0.9147342443466187,0.0
221,1.0,0.0,0.0,0.0,0.0,0.0,0.8517266511917114,0.6348401308059692,0.5349644422531128,0.8419331908226013,0.9360386729240417,0.8886199593544006,1.0
222,1.0,0.0,0.0,0.0,0.0,0.0,0.849213719367981,0.534685492515564,0.5282790660858154,0.7803371548652649,0.9215359091758728,0.9231939315795898,1.0
223,1.0,0.0,0.0,0.0,0.0,0.0,0.9012153744697571,0.8851683139801025,0.8016559481620789,0.7482529878616333,0.7942289710044861,0.9090278148651123,3.0
224,1.0,0.0,0.0,0.0,0.0,0.0,0.9115788340568542,0.681634783744812,0.705176591873169,0.8003767728805542,0.9091634154319763,0.8736269474029541,2.0
225,1.0,0.0,0.0,0.0,0.0,0.0,0.7787360548973083,0.4797254204750061,0.5140407085418701,0.9036729335784912,0.9481551051139832,0.8699460625648499,4.0
226,1.0,0.0,0.0,0.0,0.0,0.0,0.899315595626831,0.5832264423370361,0.48668140172958374,0.6488326191902161,0.9160510897636414,0.9096739888191223,1.0
227,0.0,1.0,0.0,0.0,0.0,0.0,0.864787757396698,0.9730808734893799,0.8620098829269409,0.5473449230194092,0.46940547227859497,0.5277001857757568,3.0
228,0.0,1.0,0.0,0.0,0.0,0.0,0.8823215961456299,0.9656713008880615,0.8353873491287231,0.6580315232276917,0.624806821346283,0.7251982688903809,3.0
229,0.0,1.0,0.0,0.0,0.0,0.0,0.8922780156135559,0.9690487384796143,0.8440120816230774,0.6391894221305847,0.43639516830444336,0.6302926540374756,0.0
230,0.0,1.0,0.0,0.0,0.0,0.0,0.9100589752197266,0.9275414347648621,0.7943329811096191,0.5857638716697693,0.7602894306182861,0.8810437917709351,1.0
231,0.0,1.0,0.0,0.0,0.0,0.0,0.7551808953285217,0.9598761200904846,0.5583270192146301,0.5607296228408813,0.8496214151382446,0.7846325039863586,0.0
232,0.0,1.0,0.0,0.0,0.0,0.0,0.8868423700332642,0.9638532996177673,0.7683433890342712,0.4938819706439972,0.5611596703529358,0.8050365447998047,3.0
233,0.0,1.0,0.0,0.0,0.0,0.0,0.8271776437759399,0.971611738204956,0.841264545917511,0.33682072162628174,0.435734361410141,0.7586745619773865,0.0
234,0.0,1.0,0.0,0.0,0.0,0.0,0.795726478099823,0.9827629327774048,0.5779172778129578,0.2629236578941345,0.2752741277217865,0.5078237056732178,3.0
235,0.0,1.0,0.0,0.0,0.0,0.0,0.8139623999595642,0.9782397150993347,0.4999321699142456,0.3162442445755005,0.448849618434906,0.533358633518219,3.0
236,0.0,1.0,0.0,0.0,0.0,0.0,0.8530133366584778,0.9285085797309875,0.6090373992919922,0.5871351957321167,0.856671154499054,0.9065629243850708,2.0
237,0.0,1.0,0.0,0.0,0.0,0.0,0.8864402770996094,0.9604304432868958,0.5996660590171814,0.46878817677497864,0.6645771861076355,0.8505790829658508,0.0
238,0.0,1.0,0.0,0.0,0.0,0.0,0.7984248399734497,0.979223906993866,0.5186547636985779,0.2585940659046173,0.413653165102005,0.5957881808280945,3.0
239,0.0,1.0,0.0,0.0,0.0,0.0,0.8669174313545227,0.9692935943603516,0.6989440321922302,0.5560932755470276,0.6766769886016846,0.7798311114311218,0.0
240,0.0,1.0,0.0,0.0,0.0,0.0,0.8028761148452759,0.9764605164527893,0.5741701126098633,0.3038741648197174,0.4228087365627289,0.5533963441848755,0.0
241,0.0,1.0,0.0,0.0,0.0,0.0,0.8187031149864197,0.9738662242889404,0.40570706129074097,0.38167399168014526,0.4370875060558319,0.5243692994117737,4.0
242,0.0,1.0,0.0,0.0,0.0,0.0,0.8920447826385498,0.962758481502533,0.7675933837890625,0.5413288474082947,0.6578085422515869,0.798668622970581,3.0
243,0.0,1.0,0.0,0.0,0.0,0.0,0.7596045732498169,0.9827485680580139,0.5944401025772095,0.2773684561252594,0.3518465757369995,0.5030008554458618,2.0
244,0.0,1.0,0.0,0.0,0.0,0.0,0.816825807094574,0.9732707738876343,0.7464186549186707,0.3841919004917145,0.5153598785400391,0.7291596531867981,1.0
245,0.0,1.0,0.0,0.0,0.0,0.0,0.890110433101654,0.9737905859947205,0.763681173324585,0.5129532814025879,0.45775437355041504,0.5479344725608826,4.0
246,0.0,1.0,0.0,0.0,0.0,0.0,0.8534960150718689,0.9730620384216309,0.7640833258628845,0.3655274510383606,0.4888404607772827,0.6951296925544739,4.0
247,0.0,1.0,0.0,0.0,0.0,0.0,0.8039979934692383,0.9847639203071594,0.6572938561439514,0.2306644171476364,0.2266397476196289,0.4202311038970947,0.0
248,0.0,1.0,0.0,0.0,0.0,0.0,0.8545169830322266,0.9708071947097778,0.4673144221305847,0.34855082631111145,0.5178734660148621,0.7203481197357178,3.0
249,0.0,1.0,0.0,0.0,0.0,0.0,0.8384255170822144,0.9771915674209595,0.753872275352478,0.38970276713371277,0.4380200505256653,0.5428733825683594,3.0
250,0.0,1.0,0.0,0.0,0.0,0.0,0.8962568044662476,0.9206558465957642,0.7710949778556824,0.7631866931915283,0.8435738682746887,0.8402146100997925,2.0
251,0.0,1.0,0.0,0.0,0.0,0.0,0.9006555676460266,0.9736604690551758,0.6170227527618408,0.40629178285598755,0.4651447832584381,0.7108200192451477,0.0
252,0.0,1.0,0.0,0.0,0.0,0.0,0.8656339645385742,0.9773050546646118,0.6254380941390991,0.3988970220088959,0.43605953454971313,0.5884547829627991,0.0
253,0.0,1.0,0.0,0.0,0.0,0.0,0.8351094126701355,0.9788118004798889,0.6548091173171997,0.28207632899284363,0.3138916790485382,0.4579092860221863,4.0
254,0.0,1.0,0.0,0.0,0.0,0.0,0.7885187864303589,0.9834840893745422,0.5459178686141968,0.2701360881328583,0.3360918462276459,0.4750302731990814,0.0
255,0.0,1.0,0.0,0.0,0.0,0.0,0.7678277492523193,0.9802180528640747,0.7395732998847961,0.2649150490760803,0.33299994468688965,0.5276157259941101,3.0
256,0.0,1.0,0.0,0.0,0.0,0.0,0.8585019707679749,0.9621549844741821,0.8699700832366943,0.5473769307136536,0.6244496703147888,0.7641943693161011,1.0
257,0.0,1.0,0.0,0.0,0.0,0.0,0.8566911816596985,0.9703512787818909,0.5975039005279541,0.38047635555267334,0.5868289470672607,0.7409196496009827,4.0
258,0.0,1.0,0.0,0.0,0.0,0.0,0.8060736060142517,0.9837164878845215,0.6598209738731384,0.31647613644599915,0.40553537011146545,0.5440175533294678,2.0
259,0.0,1.0,0.0,0.0,0.0,0.0,0.8093492388725281,0.9828029870986938,0.7692229151725769,0.3721086084842682,0.3111819326877594,0.5498403906822205,0.0
260,0.0,1.0,0.0,0.0,0.0,0.0,0.8203155994415283,0.9778971672058105,0.5388062596321106,0.2879365384578705,0.3342173397541046,0.5699407458305359,2.0
261,0.0,1.0,0.0,0.0,0.0,0.0,0.8387742638587952,0.9823524355888367,0.5976883769035339,0.3818340599536896,0.34879806637763977,0.5316028594970703,1.0
262,0.0,1.0,0.0,0.0,0.0,0.0,0.816622793674469,0.9816684126853943,0.6415997743606567,0.24973319470882416,0.34900617599487305,0.47395649552345276,4.0
263,0.0,1.0,0.0,0.0,0.0,0.0,0.7802034616470337,0.9791141152381897,0.8121689558029175,0.4123317003250122,0.43497997522354126,0.5859931707382202,1.0
264,0.0,1.0,0.0,0.0,0.0,0.0,0.9073384404182434,0.9685139060020447,0.6863784790039062,0.41836103796958923,0.4647388160228729,0.6277230381965637,3.0
265,0.0,1.0,0.0,0.0,0.0,0.0,0.9076441526412964,0.9644494652748108,0.7506446838378906,0.3561122715473175,0.5161259174346924,0.7438750863075256,1.0
266,0.0,1.0,0.0,0.0,0.0,0.0,0.7241759300231934,0.9816263914108276,0.7037147879600525,0.2363792508840561,0.3884061574935913,0.5328353643417358,1.0
267,0.0,1.0,0.0,0.0,0.0,0.0,0.8625298142433167,0.9676344394683838,0.49078643321990967,0.4912535846233368,0.6341692209243774,0.6887948513031006,3.0
268,0.0,1.0,0.0,0.0,0.0,0.0,0.7709142565727234,0.9825499653816223,0.7370485663414001,0.2940608859062195,0.37701332569122314,0.5115692019462585,4.0
269,0.0,1.0,0.0,0.0,0.0,0.0,0.8006367683410645,0.9777122735977173,0.7675510048866272,0.2835143506526947,0.35701224207878113,0.5566707253456116,2.0
270,0.0,1.0,0.0,0.0,0.0,0.0,0.7730153799057007,0.9795162081718445,0.716852068901062,0.3659680187702179,0.4973467290401459,0.6402407288551331,1.0
271,0.0,1.0,0.0,0.0,0.0,0.0,0.8324400782585144,0.9746492505073547,0.5697807669639587,0.38086411356925964,0.4521075189113617,0.6737583875656128,1.0
272,0.0,1.0,0.0,0.0,0.0,0.0,0.8189219236373901,0.9817256331443787,0.7527403235435486,0.35563915967941284,0.29421180486679077,0.5059930086135864,2.0
273,0.0,1.0,0.0,0.0,0.0,0.0,0.7984357476234436,0.9748533368110657,0.8403648138046265,0.35389474034309387,0.4011024236679077,0.605539858341217,2.0
274,0.0,1.0,0.0,0.0,0.0,0.0,0.8085474371910095,0.9751162528991699,0.6737053394317627,0.2601606547832489,0.43642646074295044,0.6487167477607727,2.0
275,0.0,1.0,0.0,0.0,0.0,0.0,0.8200780749320984,0.9699349999427795,0.5307478904724121,0.3445942997932434,0.5873571038246155,0.6938184499740601,1.0
276,0.0,1.0,0.0,0.0,0.0,0.0,0.8311545252799988,0.9782990217208862,0.5338059067726135,0.3574565052986145,0.4650361239910126,0.5358642935752869,3.0
277,0.0,1.0,0.0,0.0,0.0,0.0,0.8718485236167908,0.9575574994087219,0.6128033995628357,0.5138819813728333,0.6845095753669739,0.8212318420410156,1.0
278,0.0,1.0,0.0,0.0,0.0,0.0,0.8362827301025391,0.9686066508293152,0.754533052444458,0.3847716748714447,0.492947518825531,0.7484397888183594,3.0
279,0.0,1.0,0.0,0.0,0.0,0.0,0.8120370507240295,0.980899453163147,0.6067900657653809,0.3091844618320465,0.45844805240631104,0.6077316999435425,0.0
280,0.0,1.0,0.0,0.0,0.0,0.0,0.8626986145973206,0.9670057892799377,0.4059278070926666,0.5206977128982544,0.5287715196609497,0.6533705592155457,3.0
281,0.0,1.0,0.0,0.0,0.0,0.0,0.82082599401474,0.9577664732933044,0.4451166093349457,0.5339155793190002,0.6356770396232605,0.6371107697486877,0.0
282,0.0,1.0,0.0,0.0,0.0,0.0,0.8695138692855835,0.9666706919670105,0.812508225440979,0.39400967955589294,0.3917793929576874,0.7084969878196716,0.0
283,0.0,1.0,0.0,0.0,0.0,0.0,0.8716503977775574,0.9723672270774841,0.7295722961425781,0.5194514989852905,0.6040144562721252,0.7381241321563721,1.0
284,0.0,1.0,0.0,0.0,0.0,0.0,0.9124788641929626,0.9426852464675903,0.7996865510940552,0.5713167190551758,0.7301316261291504,0.8320513963699341,4.0
285,0.0,1.0,0.0,0.0,0.0,0.0,0.7686367630958557,0.9800695180892944,0.5709295272827148,0.27614590525627136,0.4081948399543762,0.5403815507888794,2.0
286,0.0,1.0,0.0,0.0,0.0,0.0,0.8213677406311035,0.9690937399864197,0.7695959806442261,0.4008290469646454,0.507459282875061,0.7006275057792664,1.0
287,0.0,1.0,0.0,0.0,0.0,0.0,0.8449446558952332,0.9691707491874695,0.7424787282943726,0.5405489206314087,0.6654336452484131,0.7872238159179688,1.0
288,0.0,1.0,0.0,0.0,0.0,0.0,0.8850802183151245,0.9458022713661194,0.8930310010910034,0.7432276606559753,0.6373581886291504,0.7231248617172241,2.0
289,0.0,1.0,0.0,0.0,0.0,0.0,0.8680973649024963,0.9616879820823669,0.8721217513084412,0.5967289805412292,0.5552141666412354,0.7551079988479614,0.0
290,0.0,1.0,0.0,0.0,0.0,0.0,0.8562806248664856,0.9749958515167236,0.6586459875106812,0.45554718375205994,0.5223519206047058,0.737774133682251,0.0
291,0.0,1.0,0.0,0.0,0.0,0.0,0.8563474416732788,0.9675731062889099,0.818484365940094,0.420000284910202,0.5573573112487793,0.6415596604347229,0.0
292,0.0,1.0,0.0,0.0,0.0,0.0,0.8636857271194458,0.9728162288665771,0.8350603580474854,0.37533774971961975,0.4353409707546234,0.6385167837142944,1.0
293,0.0,1.0,0.0,0.0,0.0,0.0,0.8892526030540466,0.9770073890686035,0.7108497023582458,0.3952277600765228,0.5044376254081726,0.6322875618934631,4.0
294,0.0,1.0,0.0,0.0,0.0,0.0,0.8787983059883118,0.9734323620796204,0.701297402381897,0.2875604033470154,0.4059889316558838,0.6247109770774841,1.0
295,0.0,1.0,0.0,0.0,0.0,0.0,0.7974352240562439,0.9770218729972839,0.526172399520874,0.308632493019104,0.3920036256313324,0.5961066484451294,2.0
296,0.0,1.0,0.0,0.0,0.0,0.0,0.877200722694397,0.9537456631660461,0.8521388173103333,0.5299751162528992,0.7288975715637207,0.7944857478141785,0.0
297,0.0,1.0,0.0,0.0,0.0,0.0,0.8128920793533325,0.9671536087989807,0.8081560134887695,0.3432018458843231,0.5315057039260864,0.6957473754882812,1.0
298,0.0,1.0,0.0,0.0,0.0,0.0,0.8107267022132874,0.9783187508583069,0.8229937553405762,0.31686457991600037,0.4130898714065552,0.6269223690032959,0.0
299,0.0,1.0,0.0,0.0,0.0,0.0,0.7992041110992432,0.9823904037475586,0.5955115556716919,0.2916964888572693,0.4239780008792877,0.6028964519500732,0.0
300,0.0,1.0,0.0,0.0,0.0,0.0,0.8675644993782043,0.9598321914672852,0.8377986550331116,0.6815506219863892,0.7130560278892517,0.8192623257637024,1.0
301,0.0,1.0,0.0,0.0,0.0,0.0,0.7995629906654358,0.9597543478012085,0.888305127620697,0.7066829800605774,0.6144494414329529,0.660533607006073,4.0
302,0.0,1.0,0.0,0.0,0.0,0.0,0.7927841544151306,0.9806827306747437,0.47461599111557007,0.3526308834552765,0.33954620361328125,0.4980078637599945,3.0
303,0.0,1.0,0.0,0.0,0.0,0.0,0.8078957200050354,0.974000096321106,0.7745125889778137,0.49433010816574097,0.49857398867607117,0.6880839467048645,0.0
304,0.0,1.0,0.0,0.0,0.0,0.0,0.7800813317298889,0.9687219262123108,0.6337847113609314,0.3126388192176819,0.49556657671928406,0.6479398012161255,1.0
305,0.0,1.0,0.0,0.0,0.0,0.0,0.7083569169044495,0.9817689657211304,0.7205914258956909,0.3195372521877289,0.4817865490913391,0.5918706655502319,1.0
306,0.0,1.0,0.0,0.0,0.0,0.0,0.8334922194480896,0.9688218832015991,0.8258664608001709,0.6165990233421326,0.5772988796234131,0.7761008739471436,1.0
307,0.0,1.0,0.0,0.0,0.0,0.0,0.8910841941833496,0.9586490988731384,0.8510971069335938,0.42928507924079895,0.43731698393821716,0.7904056906700134,0.0
308,0.0,1.0,0.0,0.0,0.0,0.0,0.9136595726013184,0.9381315112113953,0.7180215120315552,0.6694456338882446,0.7664796710014343,0.8701214790344238,1.0
309,0.0,1.0,0.0,0.0,0.0,0.0,0.9155498147010803,0.9477197527885437,0.8056677579879761,0.6589465737342834,0.6855713129043579,0.7464689612388611,1.0
310,0.0,1.0,0.0,0.0,0.0,0.0,0.8629133701324463,0.9605595469474792,0.8926140069961548,0.46182572841644287,0.5360819101333618,0.6283448338508606,2.0
311,0.0,1.0,0.0,0.0,0.0,0.0,0.8575983643531799,0.966877281665802,0.7587356567382812,0.5154382586479187,0.5395855903625488,0.6889583468437195,1.0
312,0.0,1.0,0.0,0.0,0.0,0.0,0.7682927846908569,0.9775534272193909,0.5770320296287537,0.26250723004341125,0.3761194944381714,0.5781653523445129,2.0
313,0.0,1.0,0.0,0.0,0.0,0.0,0.8474467992782593,0.9766384959220886,0.794613242149353,0.5868170857429504,0.513090968132019,0.5501424670219421,1.0
314,0.0,1.0,0.0,0.0,0.0,0.0,0.8270394206047058,0.9678124189376831,0.45607706904411316,0.4431566894054413,0.6410409212112427,0.6511932015419006,3.0
315,0.0,1.0,0.0,0.0,0.0,0.0,0.7716201543807983,0.9753843545913696,0.8143447041511536,0.3272663354873657,0.4361533522605896,0.6888166666030884,1.0
316,0.0,1.0,0.0,0.0,0.0,0.0,0.8435221910476685,0.9540268182754517,0.5642489790916443,0.5172815918922424,0.7607941627502441,0.808348536491394,1.0
317,0.0,1.0,0.0,0.0,0.0,0.0,0.839561402797699,0.9784049391746521,0.7898651957511902,0.45681315660476685,0.3702743947505951,0.5783183574676514,4.0
318,0.0,1.0,0.0,0.0,0.0,0.0,0.7819718718528748,0.9778174757957458,0.7156762480735779,0.2760827839374542,0.40062394738197327,0.6517859697341919,1.0
319,0.0,1.0,0.0,0.0,0.0,0.0,0.8760597109794617,0.9500256776809692,0.6771847605705261,0.6663030385971069,0.7597028017044067,0.8577573895454407,2.0
320,0.0,1.0,0.0,0.0,0.0,0.0,0.8990216255187988,0.9476894736289978,0.7564840912818909,0.6734578609466553,0.7334854602813721,0.8478879928588867,2.0
321,0.0,1.0,0.0,0.0,0.0,0.0,0.7865556478500366,0.9411380290985107,0.4958251118659973,0.5377655029296875,0.829056441783905,0.853297233581543,0.0
322,0.0,1.0,0.0,0.0,0.0,0.0,0.7770503163337708,0.9796736836433411,0.5007427930831909,0.3282146751880646,0.38594019412994385,0.5819236040115356,1.0
323,0.0,1.0,0.0,0.0,0.0,0.0,0.8238368034362793,0.9745199084281921,0.6929047107696533,0.23392535746097565,0.39258769154548645,0.6326934695243835,2.0
324,0.0,1.0,0.0,0.0,0.0,0.0,0.8043717741966248,0.9765704274177551,0.7371562123298645,0.29568731784820557,0.40547609329223633,0.670893132686615,0.0
325,0.0,1.0,0.0,0.0,0.0,0.0,0.8511916995048523,0.973324716091156,0.6212196350097656,0.4705159068107605,0.5327309370040894,0.6828477382659912,2.0
326,0.0,1.0,0.0,0.0,0.0,0.0,0.8295591473579407,0.9767383337020874,0.8335786461830139,0.41739651560783386,0.3031448423862457,0.5123401880264282,2.0
327,0.0,1.0,0.0,0.0,0.0,0.0,0.8428720831871033,0.9799230694770813,0.5036440491676331,0.2597692310810089,0.38623562455177307,0.6225422024726868,2.0
328,0.0,1.0,0.0,0.0,0.0,0.0,0.8285306692123413,0.974518358707428,0.5450246334075928,0.28487086296081543,0.4594478905200958,0.6751580834388733,2.0
329,0.0,1.0,0.0,0.0,0.0,0.0,0.8355991244316101,0.9696751236915588,0.8155209422111511,0.31795671582221985,0.4520973265171051,0.6595292687416077,2.0
330,0.0,1.0,0.0,0.0,0.0,0.0,0.9024123549461365,0.9386715292930603,0.7408228516578674,0.6221218109130859,0.8061076998710632,0.8675397634506226,4.0
331,0.0,1.0,0.0,0.0,0.0,0.0,0.8660515546798706,0.9587242603302002,0.818769097328186,0.4015015959739685,0.6491213440895081,0.8327364325523376,1.0
332,0.0,1.0,0.0,0.0,0.0,0.0,0.8421883583068848,0.9584982395172119,0.8414114713668823,0.4613875150680542,0.729435384273529,0.7620106935501099,0.0
333,0.0,1.0,0.0,0.0,0.0,0.0,0.8271679282188416,0.9745859503746033,0.5027539730072021,0.2695348262786865,0.443835586309433,0.6152644753456116,2.0
334,0.0,1.0,0.0,0.0,0.0,0.0,0.8247846364974976,0.971783459186554,0.7450974583625793,0.3475092351436615,0.4722449481487274,0.6708299517631531,2.0
335,0.0,1.0,0.0,0.0,0.0,0.0,0.8029888272285461,0.9813452363014221,0.5862399339675903,0.25533267855644226,0.39536914229393005,0.4994235634803772,4.0
336,0.0,1.0,0.0,0.0,0.0,0.0,0.8560885787010193,0.9648596048355103,0.8647881746292114,0.7207769751548767,0.5399793982505798,0.5069677233695984,3.0
337,0.0,1.0,0.0,0.0,0.0,0.0,0.8989875316619873,0.9585063457489014,0.7604626417160034,0.3550051152706146,0.609791100025177,0.7657813429832458,4.0
338,0.0,1.0,0.0,0.0,0.0,0.0,0.8978172540664673,0.9677557945251465,0.6973357796669006,0.5070058703422546,0.6213056445121765,0.7243316769599915,3.0
339,0.0,1.0,0.0,0.0,0.0,0.0,0.8563286066055298,0.9621741771697998,0.5434392094612122,0.48281413316726685,0.6745833158493042,0.8103500008583069,1.0
340,0.0,1.0,0.0,0.0,0.0,0.0,0.754421591758728,0.9815058708190918,0.7071198225021362,0.3104419708251953,0.4460590183734894,0.549622118473053,4.0
341,0.0,1.0,0.0,0.0,0.0,0.0,0.7889933586120605,0.9804500341415405,0.7535016536712646,0.2718912661075592,0.38967809081077576,0.6627161502838135,2.0
342,0.0,1.0,0.0,0.0,0.0,0.0,0.862559974193573,0.9772506356239319,0.765056848526001,0.32958388328552246,0.3486745059490204,0.664485514163971,0.0
343,0.0,1.0,0.0,0.0,0.0,0.0,0.8515520095825195,0.9674977660179138,0.8344570398330688,0.3996671438217163,0.5462257266044617,0.7156952619552612,1.0
344,0.0,1.0,0.0,0.0,0.0,0.0,0.824897289276123,0.9788408279418945,0.7407211065292358,0.6122199296951294,0.4457968771457672,0.5813872814178467,1.0
345,0.0,1.0,0.0,0.0,0.0,0.0,0.8621777296066284,0.9534658789634705,0.8549619317054749,0.7504152655601501,0.5791102647781372,0.7246227264404297,3.0
346,0.0,1.0,0.0,0.0,0.0,0.0,0.8304347395896912,0.9730163812637329,0.7632847428321838,0.37225914001464844,0.4388854503631592,0.5943828821182251,2.0
347,0.0,1.0,0.0,0.0,0.0,0.0,0.8089302778244019,0.977948784828186,0.7088854908943176,0.34200069308280945,0.3890976011753082,0.6655751466751099,3.0
348,0.0,1.0,0.0,0.0,0.0,0.0,0.8968207836151123,0.9498854279518127,0.6375026702880859,0.6156004667282104,0.7290613055229187,0.8511723279953003,2.0
349,0.0,1.0,0.0,0.0,0.0,0.0,0.8154162764549255,0.9802299737930298,0.7209471464157104,0.32226091623306274,0.3238345980644226,0.5074931979179382,3.0
350,0.0,1.0,0.0,0.0,0.0,0.0,0.8237236142158508,0.9706723690032959,0.7565949559211731,0.3010626435279846,0.48131245374679565,0.6674367189407349,0.0
351,0.0,1.0,0.0,0.0,0.0,0.0,0.7518873810768127,0.9802126884460449,0.6228927373886108,0.20967397093772888,0.3543134033679962,0.551174521446228,1.0
352,0.0,1.0,0.0,0.0,0.0,0.0,0.8440272808074951,0.9679267406463623,0.7585535049438477,0.3903047740459442,0.5552945137023926,0.7385998368263245,1.0
353,0.0,1.0,0.0,0.0,0.0,0.0,0.8600242137908936,0.9659579992294312,0.715427815914154,0.511380672454834,0.678196907043457,0.810276210308075,0.0
354,0.0,1.0,0.0,0.0,0.0,0.0,0.869081437587738,0.9545629024505615,0.8226162791252136,0.613128662109375,0.7135506868362427,0.8821476101875305,0.0
355,0.0,1.0,0.0,0.0,0.0,0.0,0.9082598686218262,0.9443510174751282,0.5873714089393616,0.5983445644378662,0.7254002690315247,0.8654584288597107,2.0
356,0.0,1.0,0.0,0.0,0.0,0.0,0.8307972550392151,0.9668881893157959,0.7175187468528748,0.3652355372905731,0.6483771800994873,0.7773723006248474,4.0
357,0.0,1.0,0.0,0.0,0.0,0.0,0.8782083988189697,0.969767153263092,0.8508899807929993,0.5170503854751587,0.4012989401817322,0.5339409112930298,3.0
358,0.0,1.0,0.0,0.0,0.0,0.0,0.8498812317848206,0.9639623761177063,0.6635465025901794,0.5032678842544556,0.7003853917121887,0.751285970211029,1.0
359,0.0,1.0,0.0,0.0,0.0,0.0,0.8747411966323853,0.9566195011138916,0.7320510745048523,0.7705847024917603,0.7101766467094421,0.7166532874107361,3.0
360,0.0,1.0,0.0,0.0,0.0,0.0,0.8373095989227295,0.9060021042823792,0.6921393275260925,0.7966398596763611,0.8726419806480408,0.8852981328964233,1.0
361,0.0,1.0,0.0,0.0,0.0,0.0,0.7860599756240845,0.9800552129745483,0.4869757294654846,0.2927458584308624,0.38895556330680847,0.5264831185340881,0.0
362,0.0,1.0,0.0,0.0,0.0,0.0,0.9018344283103943,0.9474921226501465,0.7762446999549866,0.5653241872787476,0.7268280982971191,0.8749878406524658,3.0
363,0.0,1.0,0.0,0.0,0.0,0.0,0.807887852191925,0.974837601184845,0.5690533518791199,0.4270033836364746,0.5826741456985474,0.7160228490829468,2.0
364,0.0,1.0,0.0,0.0,0.0,0.0,0.8275554180145264,0.8814545273780823,0.4827834665775299,0.7659637331962585,0.9174734354019165,0.8844965100288391,3.0
365,0.0,1.0,0.0,0.0,0.0,0.0,0.7908446192741394,0.982448399066925,0.6117987632751465,0.5173489451408386,0.39588242769241333,0.43649527430534363,1.0
366,0.0,1.0,0.0,0.0,0.0,0.0,0.8186753988265991,0.977168083190918,0.5553743243217468,0.5405268669128418,0.44767293334007263,0.49513423442840576,0.0
367,0.0,1.0,0.0,0.0,0.0,0.0,0.8230875730514526,0.970740556716919,0.6674659848213196,0.6971895098686218,0.6201838254928589,0.6721221208572388,0.0
368,0.0,1.0,0.0,0.0,0.0,0.0,0.8176715970039368,0.9834259748458862,0.639822781085968,0.4554273188114166,0.33958232402801514,0.4468885660171509,0.0
369,0.0,1.0,0.0,0.0,0.0,0.0,0.8044465184211731,0.9829245209693909,0.7059985399246216,0.5340579748153687,0.46769535541534424,0.5180568695068359,4.0
370,0.0,1.0,0.0,0.0,0.0,0.0,0.8269254565238953,0.9651139974594116,0.7065252065658569,0.7753695845603943,0.726155161857605,0.6255075931549072,2.0
371,0.0,1.0,0.0,0.0,0.0,0.0,0.842664361000061,0.9549630880355835,0.5800105333328247,0.803824245929718,0.7513522505760193,0.7336344122886658,2.0
372,0.0,1.0,0.0,0.0,0.0,0.0,0.8233491778373718,0.9586631059646606,0.7453551292419434,0.7751120328903198,0.7686042785644531,0.6873884797096252,3.0
373,0.0,1.0,0.0,0.0,0.0,0.0,0.8237063884735107,0.9794890880584717,0.46764788031578064,0.32729339599609375,0.4586940109729767,0.564430296421051,3.0
374,0.0,1.0,0.0,0.0,0.0,0.0,0.9330109357833862,0.9168463945388794,0.8165053725242615,0.6742924451828003,0.7379127144813538,0.8471426963806152,1.0
375,0.0,1.0,0.0,0.0,0.0,0.0,0.8651401996612549,0.9780238270759583,0.8176759481430054,0.3743334114551544,0.2900223433971405,0.5646887421607971,2.0
376,0.0,1.0,0.0,0.0,0.0,0.0,0.9207093715667725,0.9016516208648682,0.8703387975692749,0.7128481268882751,0.7617692351341248,0.8419837355613708,1.0
377,0.0,1.0,0.0,0.0,0.0,0.0,0.8263228535652161,0.9742772579193115,0.8404449820518494,0.4961652159690857,0.4962921738624573,0.6461664438247681,1.0
378,0.0,1.0,0.0,0.0,0.0,0.0,0.9126217365264893,0.9501832127571106,0.8582749962806702,0.5163486003875732,0.5937299132347107,0.7865857481956482,4.0
379,0.0,1.0,0.0,0.0,0.0,0.0,0.8969417214393616,0.9274696707725525,0.8357000350952148,0.6701804995536804,0.8049433827400208,0.8574699759483337,4.0
380,0.0,1.0,0.0,0.0,0.0,0.0,0.8750798106193542,0.9432271122932434,0.6472955942153931,0.7047793865203857,0.7670065760612488,0.8547019958496094,1.0
381,0.0,1.0,0.0,0.0,0.0,0.0,0.7871642112731934,0.9599933624267578,0.8673959374427795,0.5397751331329346,0.6898260712623596,0.824091374874115,1.0
382,0.0,1.0,0.0,0.0,0.0,0.0,0.8135924935340881,0.9294903874397278,0.8997665643692017,0.817482590675354,0.7871528267860413,0.809279203414917,1.0
383,0.0,1.0,0.0,0.0,0.0,0.0,0.9294237494468689,0.9435312747955322,0.7188668847084045,0.710865318775177,0.7145692706108093,0.8043424487113953,0.0
384,0.0,1.0,0.0,0.0,0.0,0.0,0.8928896188735962,0.9371823072433472,0.7213422060012817,0.6990318894386292,0.7277326583862305,0.8713912963867188,3.0
385,0.0,1.0,0.0,0.0,0.0,0.0,0.9013755321502686,0.9558096528053284,0.7872465252876282,0.6553291082382202,0.7033774852752686,0.788520097732544,2.0
386,0.0,1.0,0.0,0.0,0.0,0.0,0.8167954087257385,0.9765839576721191,0.4507388174533844,0.2977091670036316,0.4298016130924225,0.5959474444389343,3.0
387,0.0,1.0,0.0,0.0,0.0,0.0,0.8771229982376099,0.9310934543609619,0.817014753818512,0.6034889221191406,0.7801235318183899,0.8396310806274414,0.0
388,0.0,1.0,0.0,0.0,0.0,0.0,0.8916510939598083,0.9520771503448486,0.7005563378334045,0.5648345947265625,0.6710966229438782,0.8295639753341675,3.0
389,0.0,1.0,0.0,0.0,0.0,0.0,0.8783037662506104,0.9258135557174683,0.871842086315155,0.6418519616127014,0.7617842555046082,0.8531914949417114,3.0
390,0.0,1.0,0.0,0.0,0.0,0.0,0.8881072998046875,0.9562118053436279,0.8325831890106201,0.5668057203292847,0.5820121169090271,0.7730361819267273,2.0
391,0.0,1.0,0.0,0.0,0.0,0.0,0.8888357877731323,0.9375168085098267,0.7014394402503967,0.7624010443687439,0.8020453453063965,0.848942220211029,4.0
392,0.0,0.0,1.0,0.0,0.0,0.0,0.8240593671798706,0.8700400590896606,0.928005576133728,0.8290563821792603,0.7643735408782959,0.7627642154693604,4.0
393,0.0,0.0,1.0,1.0,0.0,0.0,0.732082724571228,0.9289115071296692,0.9427804946899414,0.8597131371498108,0.553047239780426,0.4530368447303772,1.0
394,0.0,0.0,1.0,0.0,0.0,0.0,0.8355037569999695,0.9254436492919922,0.926471471786499,0.8084135055541992,0.6948010325431824,0.6896975040435791,1.0
395,0.0,0.0,1.0,1.0,0.0,0.0,0.7733840346336365,0.8794541358947754,0.9455578327178955,0.8300673365592957,0.5023778080940247,0.4367152452468872,3.0
396,0.0,0.0,1.0,0.0,0.0,0.0,0.8479666709899902,0.896251916885376,0.9402806162834167,0.5351793766021729,0.531358540058136,0.6605493426322937,4.0
397,0.0,0.0,1.0,0.0,0.0,0.0,0.851159393787384,0.9422439932823181,0.9060649275779724,0.6015165448188782,0.6824509501457214,0.7804272174835205,4.0
398,0.0,0.0,1.0,0.0,0.0,0.0,0.8474594354629517,0.9161905646324158,0.9174373745918274,0.771561861038208,0.7744719982147217,0.7452952861785889,1.0
399,0.0,0.0,1.0,1.0,1.0,0.0,0.7284392714500427,0.7164518237113953,0.8984025120735168,0.9334924817085266,0.7722853422164917,0.5668269991874695,4.0
400,0.0,0.0,1.0,0.0,0.0,0.0,0.9313073754310608,0.847797155380249,0.9109225869178772,0.7110776305198669,0.6970028877258301,0.7517212629318237,4.0
401,0.0,0.0,1.0,1.0,0.0,0.0,0.8313601613044739,0.8953837752342224,0.9419471025466919,0.8130964040756226,0.5455485582351685,0.4560791850090027,2.0
402,0.0,0.0,1.0,0.0,0.0,0.0,0.8447046279907227,0.9134346842765808,0.9387583136558533,0.7209761738777161,0.5590908527374268,0.684873104095459,0.0
403,0.0,0.0,1.0,0.0,1.0,0.0,0.8395397067070007,0.7316302061080933,0.9231992959976196,0.8962091207504272,0.6434065103530884,0.5778416991233826,4.0
404,0.0,0.0,1.0,0.0,0.0,0.0,0.7740014791488647,0.914330244064331,0.9470279812812805,0.583375096321106,0.4566796123981476,0.6192208528518677,3.0
405,0.0,0.0,1.0,0.0,0.0,0.0,0.866507887840271,0.8481928110122681,0.8531558513641357,0.8449369072914124,0.8532721996307373,0.9028497338294983,2.0
406,0.0,0.0,1.0,0.0,0.0,0.0,0.8424022793769836,0.932887852191925,0.9163734316825867,0.7364675402641296,0.6988998055458069,0.7886607050895691,0.0
407,0.0,0.0,1.0,0.0,0.0,0.0,0.6623180508613586,0.9178701639175415,0.9524948596954346,0.6788551807403564,0.45988795161247253,0.49903151392936707,0.0
408,0.0,0.0,1.0,0.0,0.0,0.0,0.729449987411499,0.9193465709686279,0.9544016122817993,0.45713937282562256,0.37187984585762024,0.5151471495628357,0.0
409,0.0,0.0,1.0,0.0,0.0,0.0,0.837196946144104,0.9226495623588562,0.937019407749176,0.7196694612503052,0.6679022908210754,0.6248489022254944,1.0
410,0.0,0.0,1.0,1.0,0.0,0.0,0.7220211625099182,0.8958086967468262,0.9522503018379211,0.7082535624504089,0.35722291469573975,0.4386289119720459,0.0
411,0.0,0.0,1.0,1.0,0.0,0.0,0.7564918398857117,0.9006601572036743,0.939156711101532,0.8564720153808594,0.7030015587806702,0.5805380940437317,1.0
412,0.0,0.0,1.0,0.0,0.0,0.0,0.9038198590278625,0.7800696492195129,0.891757071018219,0.7967552542686462,0.8505531549453735,0.8601676821708679,4.0
413,0.0,0.0,1.0,0.0,0.0,0.0,0.8154425024986267,0.675301194190979,0.9250836968421936,0.887823760509491,0.8178490996360779,0.7181433439254761,2.0
414,0.0,0.0,1.0,0.0,0.0,0.0,0.8798816800117493,0.9100601077079773,0.929088294506073,0.762776792049408,0.7191028594970703,0.6925467252731323,0.0
415,0.0,0.0,1.0,0.0,0.0,0.0,0.8619201183319092,0.9349665641784668,0.9204320907592773,0.6120734810829163,0.5955533981323242,0.7625006437301636,2.0
416,0.0,0.0,1.0,0.0,0.0,0.0,0.8598893880844116,0.9547757506370544,0.9137582778930664,0.6824877858161926,0.43604791164398193,0.6837644577026367,0.0
417,0.0,0.0,1.0,0.0,0.0,0.0,0.9310095906257629,0.9040471911430359,0.8515113592147827,0.6626592874526978,0.777568519115448,0.7967931628227234,4.0
418,0.0,0.0,1.0,0.0,0.0,0.0,0.7307838797569275,0.906735360622406,0.9493535757064819,0.7306032180786133,0.5843008756637573,0.5515414476394653,4.0
419,0.0,0.0,1.0,0.0,0.0,0.0,0.8257385492324829,0.8982648253440857,0.9122691750526428,0.7674867510795593,0.7719281911849976,0.8592498302459717,2.0
420,0.0,0.0,1.0,1.0,0.0,0.0,0.8148471713066101,0.9293079972267151,0.9234331250190735,0.7870753407478333,0.6611995100975037,0.5658087134361267,1.0
421,0.0,0.0,1.0,0.0,1.0,0.0,0.8229097723960876,0.6785566806793213,0.8133178353309631,0.8992443084716797,0.9208710193634033,0.846656322479248,2.0
422,0.0,0.0,1.0,0.0,0.0,0.0,0.7901539206504822,0.8954071998596191,0.9212587475776672,0.7093777060508728,0.7589356303215027,0.8055835366249084,0.0
423,0.0,0.0,1.0,0.0,1.0,0.0,0.9027836322784424,0.8413165807723999,0.8917231559753418,0.8554272651672363,0.8176184892654419,0.7754631042480469,1.0
424,0.0,0.0,1.0,0.0,0.0,0.0,0.8469222187995911,0.928496241569519,0.9241284728050232,0.38067466020584106,0.3960410952568054,0.6947343349456787,3.0
425,0.0,0.0,1.0,0.0,0.0,0.0,0.8619447946548462,0.8814440965652466,0.916115939617157,0.6933637857437134,0.7224498987197876,0.8464056849479675,2.0
426,0.0,0.0,1.0,0.0,0.0,0.0,0.8332661390304565,0.917934000492096,0.9201200008392334,0.5277857780456543,0.6004726886749268,0.8196980357170105,0.0
427,0.0,0.0,1.0,0.0,0.0,0.0,0.8066427707672119,0.8994730710983276,0.9309840202331543,0.5904498100280762,0.6812447905540466,0.8377435207366943,1.0
428,0.0,0.0,1.0,0.0,0.0,0.0,0.791673481464386,0.9616705775260925,0.910805881023407,0.28586187958717346,0.2596013844013214,0.45406532287597656,2.0
429,0.0,0.0,1.0,0.0,0.0,0.0,0.848155677318573,0.9421266317367554,0.9172342419624329,0.6329465508460999,0.49051040410995483,0.6482350826263428,1.0
430,0.0,0.0,1.0,0.0,0.0,0.0,0.8950506448745728,0.8710203766822815,0.8951579332351685,0.7366284132003784,0.7778781652450562,0.8744138479232788,0.0
431,0.0,0.0,1.0,0.0,0.0,0.0,0.8843081593513489,0.8647930026054382,0.9029585719108582,0.7518746852874756,0.8293048739433289,0.8413465023040771,4.0
432,0.0,0.0,1.0,0.0,0.0,0.0,0.8036772012710571,0.9508368372917175,0.9165632724761963,0.48909544944763184,0.47105976939201355,0.6489485502243042,0.0
433,0.0,0.0,1.0,0.0,0.0,0.0,0.7897290587425232,0.8908892869949341,0.9359306693077087,0.8460873365402222,0.6764312386512756,0.6833844780921936,0.0
434,0.0,0.0,1.0,0.0,0.0,0.0,0.840040385723114,0.7614602446556091,0.9152147769927979,0.8831988573074341,0.8331484198570251,0.6974958777427673,3.0
435,0.0,0.0,1.0,0.0,0.0,0.0,0.885260283946991,0.8740951418876648,0.8690006136894226,0.751085102558136,0.8462554812431335,0.8935163021087646,0.0
436,0.0,0.0,1.0,0.0,0.0,0.0,0.7511881589889526,0.9119816422462463,0.9232017397880554,0.44747117161750793,0.6992409825325012,0.7489784359931946,1.0
437,0.0,0.0,1.0,0.0,0.0,0.0,0.7299508452415466,0.874914824962616,0.951288104057312,0.7664436101913452,0.43596363067626953,0.45314502716064453,3.0
438,0.0,0.0,1.0,0.0,0.0,0.0,0.8732249736785889,0.827015221118927,0.9096307754516602,0.7740036249160767,0.8305594325065613,0.8703686594963074,0.0
439,0.0,0.0,1.0,0.0,0.0,0.0,0.7984357476234436,0.8647401332855225,0.9419843554496765,0.7726544141769409,0.7244848012924194,0.6868404150009155,1.0
440,0.0,0.0,1.0,0.0,0.0,0.0,0.8448069095611572,0.9576607346534729,0.918925404548645,0.5889556407928467,0.3601508140563965,0.6459493041038513,0.0
441,0.0,0.0,1.0,0.0,0.0,0.0,0.8207923769950867,0.8728905320167542,0.9341001510620117,0.779362142086029,0.7775193452835083,0.7837485671043396,4.0
442,0.0,0.0,1.0,0.0,0.0,0.0,0.852455735206604,0.8662890791893005,0.9207354784011841,0.7135654091835022,0.831471860408783,0.8502050638198853,2.0
443,0.0,0.0,1.0,0.0,0.0,0.0,0.8843795657157898,0.7638295292854309,0.9298660755157471,0.7744667530059814,0.7115461230278015,0.823366105556488,0.0
444,0.0,0.0,1.0,0.0,0.0,0.0,0.8697167634963989,0.8479524850845337,0.9214812517166138,0.6933311223983765,0.722243070602417,0.8117368817329407,3.0
445,0.0,0.0,1.0,0.0,0.0,0.0,0.7655470967292786,0.8595479726791382,0.959353506565094,0.7354848980903625,0.49748536944389343,0.6479724049568176,0.0
446,0.0,0.0,1.0,0.0,0.0,0.0,0.7474457025527954,0.8666130304336548,0.9516516923904419,0.7831928133964539,0.5933012366294861,0.5654096007347107,3.0
447,0.0,0.0,1.0,0.0,0.0,0.0,0.8106655478477478,0.9296157360076904,0.9200605750083923,0.566433846950531,0.629994809627533,0.7382732033729553,1.0
448,0.0,0.0,1.0,0.0,0.0,0.0,0.7698735594749451,0.9505283832550049,0.9234979152679443,0.45315659046173096,0.43883195519447327,0.5524994730949402,3.0
449,0.0,0.0,1.0,0.0,0.0,0.0,0.7587180137634277,0.8956416249275208,0.9522802233695984,0.6611095666885376,0.46072953939437866,0.465410441160202,3.0
450,0.0,0.0,1.0,0.0,0.0,0.0,0.8160432577133179,0.9262879490852356,0.9442631602287292,0.7095201015472412,0.46219250559806824,0.5242141485214233,0.0
451,0.0,0.0,1.0,0.0,0.0,0.0,0.8560486435890198,0.9076747298240662,0.9322963953018188,0.5924214124679565,0.49982935190200806,0.7093934416770935,2.0
452,0.0,0.0,1.0,0.0,0.0,0.0,0.8678164482116699,0.9099323153495789,0.9209211468696594,0.6034691333770752,0.6679506897926331,0.7299871444702148,4.0
453,0.0,0.0,1.0,0.0,0.0,0.0,0.7936212420463562,0.9227412939071655,0.9495609998703003,0.5864372849464417,0.44945159554481506,0.555986225605011,1.0
454,0.0,0.0,1.0,0.0,0.0,0.0,0.7849058508872986,0.9130845069885254,0.940647542476654,0.7609633207321167,0.5625889301300049,0.5879233479499817,3.0
455,0.0,0.0,1.0,0.0,0.0,0.0,0.7766388058662415,0.9072146415710449,0.9474026560783386,0.5668759942054749,0.5224336385726929,0.621698260307312,4.0
456,0.0,0.0,1.0,0.0,0.0,0.0,0.8932080268859863,0.9527021050453186,0.8646395206451416,0.5035455226898193,0.5413487553596497,0.7636287808418274,4.0
457,0.0,0.0,1.0,0.0,0.0,0.0,0.8670899271965027,0.9230387210845947,0.9133445024490356,0.631200909614563,0.583904504776001,0.7872441411018372,1.0
458,0.0,0.0,1.0,0.0,0.0,0.0,0.8052507042884827,0.9373911023139954,0.8999136686325073,0.26834970712661743,0.4544393718242645,0.7461973428726196,1.0
459,0.0,0.0,1.0,0.0,0.0,0.0,0.8233996629714966,0.9211246967315674,0.9360860586166382,0.6846935749053955,0.511743426322937,0.5991908311843872,4.0
460,0.0,0.0,1.0,0.0,0.0,0.0,0.7249287962913513,0.9428393840789795,0.9403976798057556,0.33388349413871765,0.285045325756073,0.4523049294948578,3.0
461,0.0,0.0,1.0,0.0,0.0,0.0,0.7543461918830872,0.9142712950706482,0.9517222046852112,0.5710395574569702,0.4248104691505432,0.6526666283607483,0.0
462,0.0,0.0,1.0,0.0,0.0,0.0,0.7672862410545349,0.9186723828315735,0.9306216835975647,0.7442713975906372,0.7032207250595093,0.6748121380805969,1.0
463,0.0,0.0,1.0,0.0,0.0,0.0,0.8015175461769104,0.9549663662910461,0.901797890663147,0.4516269862651825,0.4675712585449219,0.6669925451278687,0.0
464,0.0,0.0,1.0,0.0,0.0,0.0,0.8801183104515076,0.9037197828292847,0.8999521732330322,0.7681878209114075,0.7333809733390808,0.8494077324867249,0.0
465,0.0,0.0,1.0,0.0,0.0,0.0,0.8226007223129272,0.9377930760383606,0.9107102155685425,0.4154554009437561,0.5543367862701416,0.7247309684753418,2.0
466,0.0,0.0,1.0,0.0,0.0,0.0,0.8459077477455139,0.8087390065193176,0.9236955046653748,0.8663776516914368,0.8239856362342834,0.765558123588562,4.0
467,0.0,0.0,1.0,0.0,0.0,0.0,0.808398425579071,0.7252954244613647,0.9032595753669739,0.8481272459030151,0.8911105990409851,0.8766227960586548,2.0
468,0.0,0.0,1.0,0.0,0.0,0.0,0.7536212801933289,0.8128869533538818,0.9352684617042542,0.9113162755966187,0.7819985747337341,0.5744581818580627,2.0
469,0.0,0.0,1.0,0.0,0.0,0.0,0.8296598196029663,0.9469245076179504,0.9205273985862732,0.7147446870803833,0.6116026639938354,0.5793020725250244,4.0
470,0.0,0.0,1.0,0.0,0.0,0.0,0.7904797792434692,0.8851504325866699,0.9407421350479126,0.7658778429031372,0.40978744626045227,0.43245553970336914,3.0
471,0.0,0.0,1.0,0.0,0.0,0.0,0.7303295135498047,0.9583147168159485,0.9407273530960083,0.49047502875328064,0.21652589738368988,0.3642544448375702,0.0
472,0.0,0.0,1.0,0.0,0.0,0.0,0.7522990703582764,0.9242929220199585,0.9450252056121826,0.48534518480300903,0.4966791570186615,0.5964045524597168,0.0
473,0.0,0.0,1.0,0.0,0.0,0.0,0.8775594830513,0.9479854106903076,0.878677248954773,0.41340696811676025,0.4412940442562103,0.6991282105445862,4.0
474,0.0,0.0,1.0,0.0,0.0,0.0,0.7849802374839783,0.94132000207901,0.9319859743118286,0.5251261591911316,0.5139496922492981,0.581296443939209,4.0
475,0.0,0.0,1.0,0.0,0.0,0.0,0.8266049027442932,0.9690853357315063,0.8864011764526367,0.5657745599746704,0.30530524253845215,0.45504051446914673,3.0
476,0.0,0.0,1.0,0.0,0.0,0.0,0.881597101688385,0.930253267288208,0.9168936014175415,0.7196594476699829,0.6517297625541687,0.6906633973121643,2.0
477,0.0,0.0,1.0,0.0,0.0,0.0,0.7880079746246338,0.9397158026695251,0.9380396604537964,0.5266841053962708,0.4460882842540741,0.5817229747772217,2.0
478,0.0,0.0,1.0,0.0,0.0,0.0,0.7756873965263367,0.9593225717544556,0.9137856364250183,0.4480518102645874,0.40005287528038025,0.6246433854103088,0.0
479,0.0,0.0,1.0,0.0,0.0,0.0,0.7781556248664856,0.9723923206329346,0.8904856443405151,0.3068709969520569,0.24848291277885437,0.5089339017868042,0.0
480,0.0,0.0,1.0,0.0,0.0,0.0,0.809531033039093,0.9456648230552673,0.9310852885246277,0.507464587688446,0.469283789396286,0.6192517876625061,0.0
481,0.0,0.0,1.0,0.0,0.0,0.0,0.8339211344718933,0.9350314736366272,0.9060486555099487,0.3316783010959625,0.4777982234954834,0.5980807542800903,2.0
482,0.0,0.0,1.0,0.0,0.0,0.0,0.787570059299469,0.9203606843948364,0.9430034756660461,0.7572149038314819,0.4276635944843292,0.5115368366241455,0.0
483,0.0,0.0,1.0,0.0,0.0,0.0,0.8832263946533203,0.9342422485351562,0.8946322798728943,0.5212604403495789,0.5875886678695679,0.814795732498169,1.0
484,0.0,0.0,1.0,0.0,0.0,0.0,0.7553062438964844,0.9224923849105835,0.9336381554603577,0.48586753010749817,0.41034889221191406,0.623987078666687,3.0
485,0.0,0.0,1.0,0.0,0.0,0.0,0.737441897392273,0.9750127792358398,0.8699878454208374,0.2631288766860962,0.2727976143360138,0.5269479751586914,0.0
486,0.0,0.0,1.0,0.0,0.0,0.0,0.8718769550323486,0.9541812539100647,0.8980538845062256,0.4660891890525818,0.4230828285217285,0.6581230759620667,0.0
487,0.0,0.0,1.0,0.0,0.0,0.0,0.7896755337715149,0.9590770602226257,0.9176192283630371,0.5460373759269714,0.49424639344215393,0.5830724239349365,4.0
488,0.0,0.0,1.0,0.0,0.0,0.0,0.7238473296165466,0.9461199641227722,0.9342722296714783,0.49610960483551025,0.410575270652771,0.4717230796813965,4.0
489,0.0,0.0,1.0,0.0,0.0,0.0,0.8801708221435547,0.9325823187828064,0.8441751599311829,0.3812629282474518,0.6494441628456116,0.9009003043174744,2.0
490,0.0,0.0,1.0,0.0,0.0,0.0,0.8852306008338928,0.9302175641059875,0.8862753510475159,0.4174767732620239,0.5453194975852966,0.7472578883171082,2.0
491,0.0,0.0,1.0,0.0,0.0,0.0,0.8314897418022156,0.9072257876396179,0.9354557991027832,0.8223482370376587,0.5106300115585327,0.44945260882377625,3.0
492,0.0,0.0,1.0,0.0,0.0,0.0,0.9152311682701111,0.9209608435630798,0.8879996538162231,0.6046572327613831,0.6853702664375305,0.7635499835014343,4.0
493,0.0,0.0,1.0,0.0,0.0,0.0,0.8862617015838623,0.9243038892745972,0.9061863422393799,0.48495399951934814,0.5971001982688904,0.7217769026756287,2.0
494,0.0,0.0,1.0,0.0,0.0,0.0,0.8645913600921631,0.893149197101593,0.9272727370262146,0.6364175081253052,0.6424719095230103,0.7541083097457886,1.0
495,0.0,0.0,1.0,0.0,0.0,0.0,0.797102153301239,0.940267026424408,0.9376852512359619,0.5222445726394653,0.45778006315231323,0.5629500150680542,0.0
496,0.0,0.0,1.0,0.0,0.0,0.0,0.9008844494819641,0.9404698014259338,0.8462401628494263,0.45021212100982666,0.6280092000961304,0.8694059252738953,4.0
497,0.0,0.0,1.0,0.0,0.0,0.0,0.7553219199180603,0.934714674949646,0.9274625182151794,0.5173128843307495,0.5368413925170898,0.6839501857757568,0.0
498,0.0,0.0,1.0,0.0,0.0,0.0,0.8951286673545837,0.8140163421630859,0.9078293442726135,0.6521398425102234,0.8472456336021423,0.8617600798606873,4.0
499,0.0,0.0,1.0,0.0,0.0,0.0,0.821128785610199,0.8494611382484436,0.9422176480293274,0.5271561145782471,0.5846403241157532,0.628688395023346,3.0
500,0.0,0.0,1.0,0.0,0.0,0.0,0.8420913815498352,0.8956332802772522,0.9229654669761658,0.7988038063049316,0.7775997519493103,0.7379907369613647,1.0
501,0.0,0.0,1.0,0.0,0.0,0.0,0.84597247838974,0.9678827524185181,0.7644517421722412,0.400505930185318,0.601272702217102,0.791837215423584,3.0
502,0.0,0.0,1.0,0.0,0.0,0.0,0.8847016096115112,0.9465345740318298,0.9093882441520691,0.44265779852867126,0.4605525732040405,0.6483148336410522,4.0
503,0.0,0.0,1.0,0.0,0.0,0.0,0.8453728556632996,0.9078257083892822,0.9307226538658142,0.5266307592391968,0.5578678250312805,0.7238860130310059,2.0
504,0.0,0.0,1.0,0.0,0.0,0.0,0.9115024209022522,0.8921332955360413,0.9002005457878113,0.7164064645767212,0.7577179670333862,0.8243376016616821,3.0
505,0.0,0.0,1.0,0.0,0.0,0.0,0.8703516721725464,0.8825783729553223,0.8812004327774048,0.8277657628059387,0.8611885905265808,0.8618020415306091,1.0
506,0.0,0.0,1.0,0.0,0.0,0.0,0.7658102512359619,0.9514826536178589,0.9351320862770081,0.5705358982086182,0.3586294949054718,0.4347008168697357,1.0
507,0.0,0.0,1.0,0.0,0.0,0.0,0.7497797012329102,0.9465860724449158,0.9421883225440979,0.4920600354671478,0.35785481333732605,0.5112387537956238,0.0
508,0.0,0.0,1.0,0.0,0.0,0.0,0.7803851366043091,0.9104607105255127,0.9208595752716064,0.6931055188179016,0.634057343006134,0.6828100681304932,0.0
509,0.0,0.0,1.0,0.0,0.0,0.0,0.7756579518318176,0.7846624255180359,0.941490113735199,0.6685337424278259,0.7320455312728882,0.808077871799469,0.0
510,0.0,0.0,1.0,0.0,0.0,0.0,0.8781002759933472,0.7570723295211792,0.9083490371704102,0.606279730796814,0.7817554473876953,0.8657374382019043,3.0
511,0.0,0.0,1.0,0.0,0.0,0.0,0.7969006299972534,0.8639001846313477,0.9395148754119873,0.3592641353607178,0.5032053589820862,0.7007616758346558,1.0
512,0.0,0.0,1.0,0.0,0.0,0.0,0.7043268084526062,0.9155302047729492,0.9465233683586121,0.736368715763092,0.4881533086299896,0.45740798115730286,4.0
513,0.0,0.0,1.0,0.0,0.0,0.0,0.8501340746879578,0.8676449060440063,0.916881263256073,0.7751116752624512,0.8217511177062988,0.8157137036323547,2.0
514,0.0,0.0,1.0,0.0,0.0,0.0,0.7989537119865417,0.9562547206878662,0.9225673675537109,0.3531109392642975,0.3422298729419708,0.5735979676246643,1.0
515,0.0,0.0,1.0,0.0,0.0,0.0,0.8027700781822205,0.8228257298469543,0.9454632997512817,0.6992431879043579,0.743262767791748,0.7950005531311035,4.0
516,0.0,0.0,1.0,0.0,0.0,0.0,0.8353084921836853,0.7649303078651428,0.9422762989997864,0.800957441329956,0.6692913174629211,0.7488412261009216,2.0
517,0.0,0.0,1.0,0.0,0.0,0.0,0.7531503438949585,0.9062594771385193,0.9503095149993896,0.7249270677566528,0.4906127154827118,0.5398467183113098,3.0
518,0.0,0.0,1.0,0.0,0.0,0.0,0.7454884648323059,0.7760706543922424,0.9513038992881775,0.71775883436203,0.6978351473808289,0.6293519139289856,1.0
519,0.0,0.0,1.0,0.0,0.0,0.0,0.8378475904464722,0.8895145654678345,0.9044867157936096,0.8353543877601624,0.8521185517311096,0.7211317420005798,1.0
520,0.0,0.0,1.0,0.0,0.0,0.0,0.851886510848999,0.8951897025108337,0.9431208372116089,0.5718678832054138,0.4360949993133545,0.6194432377815247,2.0
521,0.0,0.0,1.0,0.0,0.0,0.0,0.8627737760543823,0.9136406183242798,0.9104665517807007,0.406169056892395,0.46232616901397705,0.7221274375915527,4.0
522,0.0,0.0,1.0,0.0,0.0,0.0,0.9244914650917053,0.8694119453430176,0.8666315078735352,0.70152747631073,0.7929098010063171,0.8907520174980164,0.0
523,0.0,0.0,1.0,1.0,0.0,0.0,0.7489135265350342,0.7980616688728333,0.9387627243995667,0.8874737620353699,0.7767359018325806,0.7100273966789246,3.0
524,0.0,0.0,1.0,0.0,0.0,0.0,0.8556138277053833,0.9426258206367493,0.9159533977508545,0.49248456954956055,0.42656373977661133,0.6424596905708313,4.0
525,0.0,0.0,1.0,0.0,0.0,0.0,0.8641740083694458,0.8580698370933533,0.9418599605560303,0.6232416033744812,0.5373145341873169,0.6705500483512878,3.0
526,0.0,0.0,1.0,0.0,0.0,0.0,0.7807844281196594,0.8379241824150085,0.9507017135620117,0.6173840165138245,0.4454568326473236,0.5161795020103455,2.0
527,0.0,0.0,1.0,0.0,0.0,0.0,0.7735325694084167,0.8462352156639099,0.9458061456680298,0.6460201144218445,0.6896809339523315,0.7045236229896545,0.0
528,0.0,0.0,1.0,0.0,0.0,0.0,0.7751116752624512,0.863170862197876,0.9518319368362427,0.6057969927787781,0.42991331219673157,0.5890761613845825,0.0
529,0.0,0.0,1.0,0.0,0.0,0.0,0.7360933423042297,0.9376946687698364,0.9336651563644409,0.2865932583808899,0.321856290102005,0.513530433177948,1.0
530,0.0,0.0,1.0,0.0,0.0,0.0,0.743904173374176,0.9041861891746521,0.9412901997566223,0.3477462828159332,0.38667380809783936,0.6582565903663635,0.0
531,0.0,0.0,1.0,0.0,0.0,0.0,0.7806392908096313,0.8271340131759644,0.9317291378974915,0.7619572877883911,0.7514403462409973,0.7364183068275452,2.0
532,0.0,0.0,1.0,0.0,0.0,0.0,0.7128822207450867,0.890748143196106,0.9521386623382568,0.5284522175788879,0.4441453218460083,0.5847576856613159,0.0
533,0.0,0.0,1.0,0.0,0.0,0.0,0.748614490032196,0.8474698066711426,0.9544869661331177,0.4629579782485962,0.39458563923835754,0.49477773904800415,3.0
534,0.0,0.0,1.0,0.0,0.0,0.0,0.7692511677742004,0.884845495223999,0.938973605632782,0.6455259323120117,0.6323816776275635,0.7189589142799377,1.0
535,0.0,0.0,1.0,0.0,0.0,0.0,0.6749572157859802,0.767065167427063,0.9600154161453247,0.7018096446990967,0.5763317942619324,0.62837153673172,1.0
536,0.0,0.0,1.0,0.0,0.0,0.0,0.7752298712730408,0.8519555330276489,0.9495972394943237,0.8271582722663879,0.5135253667831421,0.48033297061920166,3.0
537,0.0,0.0,1.0,0.0,0.0,0.0,0.7051790356636047,0.863990843296051,0.9564486145973206,0.8024726510047913,0.5599439144134521,0.5331780314445496,4.0
538,0.0,0.0,1.0,0.0,0.0,0.0,0.7230840921401978,0.8604155778884888,0.951511561870575,0.655133068561554,0.5658230185508728,0.708688497543335,1.0
539,0.0,0.0,1.0,0.0,0.0,0.0,0.9210299253463745,0.8576398491859436,0.8974148631095886,0.7277036905288696,0.7691259384155273,0.7889994978904724,3.0
540,0.0,0.0,1.0,0.0,0.0,0.0,0.8374876379966736,0.85392165184021,0.9483697414398193,0.6986607909202576,0.5345879197120667,0.6196819543838501,4.0
541,0.0,0.0,1.0,0.0,0.0,0.0,0.8426980376243591,0.8673911094665527,0.9398758411407471,0.6691461205482483,0.6057884097099304,0.7139891982078552,3.0
542,0.0,0.0,1.0,0.0,0.0,0.0,0.9094954133033752,0.733221709728241,0.9050784111022949,0.6117247343063354,0.8013688325881958,0.8709523677825928,3.0
543,0.0,0.0,1.0,0.0,0.0,0.0,0.7959468364715576,0.8290286660194397,0.9270808696746826,0.5931248068809509,0.7691143155097961,0.7970120906829834,1.0
544,0.0,0.0,1.0,0.0,1.0,0.0,0.8134118318557739,0.9244512319564819,0.9246731400489807,0.5884712338447571,0.6103566884994507,0.8028249740600586,0.0
545,0.0,0.0,1.0,0.0,1.0,0.0,0.8705756068229675,0.8064311146736145,0.9093863368034363,0.7764416933059692,0.8418996930122375,0.816279411315918,3.0
546,0.0,0.0,1.0,0.0,0.0,0.0,0.9017564058303833,0.8883256912231445,0.890022337436676,0.7425728440284729,0.7786155939102173,0.8435037136077881,4.0
547,0.0,0.0,1.0,0.0,0.0,0.0,0.8724104762077332,0.914629340171814,0.907354474067688,0.7559066414833069,0.7584495544433594,0.8258124589920044,2.0
548,0.0,0.0,1.0,0.0,0.0,0.0,0.877566397190094,0.874369204044342,0.8865187168121338,0.6672923564910889,0.7708374857902527,0.8606581091880798,1.0
549,0.0,0.0,1.0,0.0,0.0,0.0,0.834898054599762,0.9221070408821106,0.9279677867889404,0.7731848359107971,0.7266054153442383,0.7175984382629395,2.0
550,0.0,0.0,1.0,0.0,0.0,0.0,0.8770889639854431,0.7961092591285706,0.878899872303009,0.8716002106666565,0.8860979676246643,0.8131034970283508,4.0
551,0.0,0.0,1.0,0.0,0.0,0.0,0.8110712170600891,0.8853433728218079,0.9439678192138672,0.5996441841125488,0.6284962892532349,0.8023994565010071,2.0
552,0.0,0.0,1.0,0.0,0.0,0.0,0.7378028631210327,0.9160646200180054,0.9364970922470093,0.6018924117088318,0.6522312164306641,0.675290048122406,1.0
553,0.0,0.0,1.0,0.0,0.0,0.0,0.761192262172699,0.9124076962471008,0.9441124200820923,0.5560179352760315,0.4839455187320709,0.6347811818122864,2.0
554,0.0,0.0,1.0,0.0,0.0,0.0,0.8594685196876526,0.9228360056877136,0.9165307283401489,0.6744856238365173,0.6726114153862,0.7849223017692566,0.0
555,0.0,0.0,1.0,0.0,0.0,0.0,0.704928457736969,0.9469283223152161,0.9424055218696594,0.44254958629608154,0.304236501455307,0.4735296070575714,0.0
556,0.0,0.0,1.0,0.0,0.0,0.0,0.8840392827987671,0.7112990021705627,0.8941758871078491,0.5511682033538818,0.7455901503562927,0.9085615277290344,1.0
557,0.0,0.0,1.0,0.0,0.0,0.0,0.860052227973938,0.9271628856658936,0.9184690117835999,0.5804513692855835,0.6101681590080261,0.7782356142997742,1.0
558,0.0,0.0,1.0,0.0,0.0,0.0,0.929755449295044,0.8624403476715088,0.8161945939064026,0.5331856608390808,0.8333527445793152,0.8723987936973572,2.0
559,0.0,0.0,1.0,0.0,0.0,0.0,0.9082000851631165,0.8971296548843384,0.883804440498352,0.5195911526679993,0.705376148223877,0.8609766364097595,4.0
560,0.0,0.0,1.0,0.0,0.0,0.0,0.9313756227493286,0.8452370762825012,0.8334065675735474,0.5283044576644897,0.764602780342102,0.9188070297241211,2.0
561,0.0,0.0,1.0,0.0,0.0,0.0,0.8454889059066772,0.9255521893501282,0.9242955446243286,0.31337523460388184,0.4525989294052124,0.7232043743133545,1.0
562,0.0,0.0,1.0,0.0,0.0,0.0,0.9058167934417725,0.861495316028595,0.8769349455833435,0.6734825968742371,0.8579164743423462,0.8362917304039001,4.0
563,0.0,0.0,1.0,0.0,0.0,0.0,0.8715976476669312,0.8574638366699219,0.9067441821098328,0.6103042960166931,0.7314254641532898,0.8711074590682983,4.0
564,0.0,0.0,1.0,0.0,0.0,0.0,0.8609474897384644,0.8243616223335266,0.9052639007568359,0.4648284316062927,0.6811673641204834,0.8652143478393555,0.0
565,0.0,0.0,1.0,0.0,0.0,0.0,0.8777225017547607,0.8564245104789734,0.9194169044494629,0.6870582699775696,0.7384639382362366,0.8616746664047241,0.0
566,0.0,0.0,1.0,0.0,0.0,0.0,0.8272066712379456,0.9326981902122498,0.9248677492141724,0.41932591795921326,0.5061561465263367,0.7319355607032776,2.0
567,0.0,0.0,1.0,0.0,0.0,0.0,0.832793653011322,0.8849537968635559,0.9331610202789307,0.7508377432823181,0.7175217866897583,0.712714672088623,1.0
568,0.0,0.0,1.0,0.0,0.0,0.0,0.8771416544914246,0.91185063123703,0.8880733847618103,0.6596415638923645,0.7745833396911621,0.8509405255317688,3.0
569,0.0,0.0,1.0,0.0,0.0,0.0,0.7278788089752197,0.924424946308136,0.9402003884315491,0.4191463887691498,0.49671992659568787,0.5419686436653137,4.0
570,0.0,0.0,1.0,0.0,0.0,0.0,0.8266228437423706,0.8320898413658142,0.9397997856140137,0.8015256524085999,0.7169106602668762,0.678369402885437,1.0
571,0.0,0.0,1.0,0.0,0.0,0.0,0.7714019417762756,0.94161057472229,0.9304449558258057,0.36409661173820496,0.3985627293586731,0.6252176761627197,1.0
572,0.0,0.0,1.0,0.0,0.0,0.0,0.8113217949867249,0.8367603421211243,0.9363287687301636,0.5282716751098633,0.6984979510307312,0.8134881854057312,1.0
573,0.0,0.0,1.0,0.0,0.0,0.0,0.8002170324325562,0.8534144163131714,0.9508399963378906,0.5941847562789917,0.45756515860557556,0.5123094320297241,2.0
574,0.0,0.0,1.0,0.0,0.0,0.0,0.7720726728439331,0.9025793671607971,0.9437111616134644,0.4474334716796875,0.5022739768028259,0.6055237054824829,4.0
575,0.0,0.0,1.0,0.0,0.0,0.0,0.7839568257331848,0.8081849813461304,0.9375500082969666,0.5549268126487732,0.6985483765602112,0.8130754232406616,0.0
576,0.0,0.0,1.0,0.0,0.0,0.0,0.799039363861084,0.9183276295661926,0.9297610521316528,0.7508342266082764,0.7647331953048706,0.7334571480751038,1.0
577,0.0,0.0,1.0,0.0,0.0,0.0,0.8966585993766785,0.8985509872436523,0.9119805693626404,0.6609117984771729,0.7203546762466431,0.7934190630912781,3.0
578,0.0,0.0,1.0,0.0,0.0,0.0,0.7874792814254761,0.8450145125389099,0.9497304558753967,0.6133618950843811,0.5416550636291504,0.6149548888206482,2.0
579,0.0,0.0,1.0,0.0,0.0,0.0,0.7959936857223511,0.917681872844696,0.8665580749511719,0.8970921039581299,0.8068320751190186,0.699334442615509,1.0
580,0.0,0.0,1.0,0.0,0.0,0.0,0.8296997547149658,0.8690775632858276,0.9308411478996277,0.7243883609771729,0.7253891825675964,0.8019471168518066,4.0
581,0.0,0.0,1.0,0.0,0.0,0.0,0.845188558101654,0.8812310695648193,0.930755078792572,0.6422311663627625,0.6976467967033386,0.8549236059188843,0.0
582,0.0,0.0,1.0,0.0,0.0,0.0,0.8121522068977356,0.8885691165924072,0.930417537689209,0.5577457547187805,0.6881921887397766,0.7999400496482849,0.0
583,0.0,0.0,1.0,0.0,0.0,0.0,0.8789325952529907,0.8994154930114746,0.9070892333984375,0.6692847013473511,0.7487744092941284,0.8201019763946533,1.0
584,0.0,0.0,1.0,0.0,0.0,0.0,0.7829544544219971,0.9232840538024902,0.922391951084137,0.6350981593132019,0.7257355451583862,0.7565706968307495,1.0
585,0.0,0.0,1.0,0.0,0.0,0.0,0.8500844836235046,0.9291357398033142,0.901354968547821,0.6360152959823608,0.7277032732963562,0.8186776638031006,1.0
586,0.0,0.0,1.0,0.0,0.0,0.0,0.8883587121963501,0.837239146232605,0.9193128943443298,0.7617442607879639,0.7223062515258789,0.7765578627586365,4.0
587,0.0,0.0,1.0,0.0,0.0,0.0,0.71826171875,0.922584593296051,0.948320746421814,0.655335009098053,0.4843754768371582,0.5478163957595825,3.0
588,0.0,0.0,1.0,0.0,0.0,0.0,0.7110917568206787,0.9498118162155151,0.938838541507721,0.4005155861377716,0.35304316878318787,0.4125741720199585,1.0
589,0.0,0.0,0.0,1.0,1.0,0.0,0.571497917175293,0.5394487380981445,0.7558541893959045,0.9648838043212891,0.8443679213523865,0.4662415683269501,2.0
590,0.0,0.0,0.0,1.0,0.0,0.0,0.710265576839447,0.7701936960220337,0.7649714350700378,0.9426082372665405,0.8842711448669434,0.8056279420852661,1.0
591,0.0,0.0,0.0,1.0,1.0,0.0,0.7262895703315735,0.7456009984016418,0.8226056098937988,0.9501004815101624,0.8625655770301819,0.6446881890296936,1.0
592,0.0,0.0,0.0,1.0,0.0,0.0,0.5860630869865417,0.7537392973899841,0.8546023368835449,0.9642960429191589,0.7987568378448486,0.4259708523750305,2.0
593,0.0,0.0,0.0,1.0,0.0,0.0,0.687386691570282,0.6612251996994019,0.8969700932502747,0.9463696479797363,0.7677313089370728,0.5568267107009888,2.0
594,0.0,0.0,0.0,1.0,0.0,0.0,0.7300360202789307,0.8033265471458435,0.9151030778884888,0.9227055907249451,0.8053018450737,0.6884215474128723,3.0
595,0.0,0.0,0.0,1.0,0.0,0.0,0.7130869626998901,0.700492262840271,0.8263422846794128,0.9480605721473694,0.8100612759590149,0.5542111992835999,3.0
596,0.0,0.0,0.0,1.0,0.0,0.0,0.7247918248176575,0.9535365104675293,0.8871356844902039,0.8500034213066101,0.7380340099334717,0.6448745131492615,0.0
597,0.0,0.0,0.0,1.0,0.0,0.0,0.5961270332336426,0.7269753217697144,0.8411931991577148,0.966381847858429,0.7303124070167542,0.4280182123184204,2.0
598,0.0,0.0,0.0,1.0,0.0,0.0,0.6343486905097961,0.50031578540802,0.7362814545631409,0.9697495698928833,0.8835306167602539,0.5722684264183044,0.0
599,0.0,0.0,0.0,1.0,0.0,0.0,0.8694965839385986,0.8247658610343933,0.697881817817688,0.9193569421768188,0.8262662887573242,0.7754291892051697,0.0
600,0.0,0.0,0.0,1.0,0.0,0.0,0.9216751456260681,0.8805021047592163,0.9059594869613647,0.7733082175254822,0.6863474249839783,0.8325979113578796,4.0
601,0.0,0.0,0.0,1.0,0.0,0.0,0.7045849561691284,0.5522500872612,0.7782192826271057,0.9572234153747559,0.913945734500885,0.7664104700088501,1.0
602,0.0,0.0,0.0,1.0,0.0,0.0,0.8718759417533875,0.6799215078353882,0.7075296640396118,0.8728128671646118,0.9263626933097839,0.8726212978363037,0.0
603,0.0,0.0,0.0,1.0,0.0,0.0,0.8722514510154724,0.7721902132034302,0.8836807608604431,0.8797144889831543,0.8682671785354614,0.7997986078262329,3.0
604,0.0,0.0,0.0,1.0,0.0,0.0,0.7471932172775269,0.5543422102928162,0.7337387800216675,0.9374609589576721,0.8643907308578491,0.713516891002655,4.0
605,0.0,0.0,0.0,1.0,0.0,0.0,0.739043116569519,0.6748140454292297,0.905915379524231,0.9327741861343384,0.7827156782150269,0.5774622559547424,1.0
606,0.0,0.0,0.0,1.0,0.0,0.0,0.8011801838874817,0.7860457301139832,0.8921238780021667,0.8587755560874939,0.8870553970336914,0.8730656504631042,4.0
607,0.0,0.0,0.0,0.0,1.0,0.0,0.7269677519798279,0.6486819982528687,0.879640519618988,0.9326731562614441,0.8549070358276367,0.7784632444381714,2.0
608,0.0,0.0,0.0,1.0,0.0,0.0,0.7537184357643127,0.6505998373031616,0.87663334608078,0.9290714859962463,0.9009870290756226,0.7853214144706726,4.0
609,0.0,0.0,0.0,1.0,0.0,0.0,0.8345178961753845,0.7686472535133362,0.7524088621139526,0.9340441226959229,0.8604446053504944,0.7286973595619202,2.0
610,0.0,0.0,0.0,1.0,0.0,0.0,0.8735081553459167,0.9229097366333008,0.8690313100814819,0.8793678283691406,0.5144928097724915,0.6074355840682983,0.0
611,0.0,0.0,0.0,1.0,0.0,0.0,0.7208311557769775,0.8104924559593201,0.891822099685669,0.9327168464660645,0.827996015548706,0.6567709445953369,0.0
612,0.0,0.0,0.0,1.0,1.0,0.0,0.6621740460395813,0.6532275080680847,0.8189175128936768,0.9507222175598145,0.8763851523399353,0.6757972836494446,3.0
613,0.0,0.0,0.0,1.0,0.0,0.0,0.6704404950141907,0.615525484085083,0.8051204085350037,0.9636150002479553,0.7400968670845032,0.45448142290115356,0.0
614,0.0,0.0,0.0,1.0,0.0,0.0,0.6648539304733276,0.5948191285133362,0.7039797902107239,0.9511375427246094,0.9316348433494568,0.8401270508766174,2.0
615,0.0,0.0,0.0,1.0,0.0,0.0,0.8209867477416992,0.7823906540870667,0.8616045713424683,0.9317744374275208,0.8112555742263794,0.635871171951294,2.0
616,0.0,0.0,0.0,1.0,0.0,0.0,0.7458855509757996,0.748294472694397,0.8143818378448486,0.9537007808685303,0.7576790452003479,0.46731868386268616,4.0
617,0.0,0.0,0.0,1.0,0.0,0.0,0.6646007299423218,0.7168529033660889,0.8673384785652161,0.9546980261802673,0.7661734223365784,0.4275650680065155,0.0
618,0.0,0.0,0.0,1.0,0.0,0.0,0.8994408249855042,0.9167894721031189,0.8689072728157043,0.8655018210411072,0.7080984711647034,0.665991485118866,0.0
619,0.0,0.0,0.0,1.0,0.0,0.0,0.6814286708831787,0.7849717140197754,0.9241174459457397,0.9290737509727478,0.8137454390525818,0.6433073282241821,2.0
620,0.0,0.0,0.0,1.0,0.0,0.0,0.7829068899154663,0.779297947883606,0.8921535015106201,0.9387348890304565,0.7248597145080566,0.5177256464958191,0.0
621,0.0,0.0,0.0,1.0,0.0,0.0,0.7398915886878967,0.7278501987457275,0.8638815879821777,0.9444535374641418,0.8380364775657654,0.5986995697021484,0.0
622,0.0,0.0,0.0,1.0,0.0,0.0,0.7261450886726379,0.6251113414764404,0.7638937830924988,0.9595171809196472,0.8470289707183838,0.6464225053787231,3.0
623,0.0,0.0,0.0,1.0,0.0,0.0,0.6776400208473206,0.6258231997489929,0.7638646960258484,0.9644114375114441,0.8960826396942139,0.6090686917304993,4.0
624,0.0,0.0,0.0,1.0,0.0,0.0,0.7972027063369751,0.8065105080604553,0.8977437019348145,0.9169980883598328,0.744961142539978,0.5924224257469177,3.0
625,0.0,0.0,0.0,1.0,0.0,0.0,0.7505010366439819,0.857746422290802,0.8333839774131775,0.9404135346412659,0.783968985080719,0.6690369844436646,4.0
626,0.0,0.0,0.0,1.0,0.0,0.0,0.7546060085296631,0.8505764007568359,0.8786019086837769,0.9353950619697571,0.8395597338676453,0.5709627270698547,2.0
627,0.0,0.0,0.0,1.0,0.0,0.0,0.7526124715805054,0.7564232349395752,0.8977375030517578,0.9366992115974426,0.7777940034866333,0.5449003577232361,4.0
628,0.0,0.0,0.0,1.0,0.0,0.0,0.668258547782898,0.7271965146064758,0.8391029834747314,0.9562550783157349,0.8207424283027649,0.5261005759239197,2.0
629,0.0,0.0,0.0,1.0,0.0,0.0,0.810214638710022,0.815694272518158,0.8386131525039673,0.9416413307189941,0.7554444670677185,0.628441333770752,0.0
630,0.0,0.0,0.0,1.0,0.0,0.0,0.7872196435928345,0.5912562012672424,0.8136760592460632,0.9530147314071655,0.8529375791549683,0.7157629132270813,0.0
631,0.0,0.0,0.0,1.0,0.0,0.0,0.7426019310951233,0.6978892683982849,0.8524078726768494,0.9548685550689697,0.8757573962211609,0.7017979025840759,2.0
632,0.0,0.0,0.0,1.0,0.0,0.0,0.903715193271637,0.915208101272583,0.8831956386566162,0.8021695017814636,0.7326126098632812,0.8046513199806213,0.0
633,0.0,0.0,0.0,1.0,0.0,0.0,0.8956800699234009,0.9136382341384888,0.8439731597900391,0.6718399524688721,0.8313423991203308,0.8722863793373108,4.0
634,0.0,0.0,0.0,1.0,0.0,0.0,0.8400979042053223,0.7654345035552979,0.8426396250724792,0.9358322024345398,0.7871911525726318,0.6064830422401428,1.0
635,0.0,0.0,0.0,1.0,0.0,0.0,0.6451613306999207,0.6454451084136963,0.8125153183937073,0.967456579208374,0.7851690649986267,0.4601525068283081,4.0
636,0.0,0.0,0.0,1.0,0.0,0.0,0.8649501800537109,0.785241961479187,0.7800811529159546,0.904279351234436,0.8636707663536072,0.8629662990570068,0.0
637,0.0,0.0,0.0,1.0,0.0,0.0,0.8149766325950623,0.8405000567436218,0.9187924265861511,0.8984775543212891,0.8310579061508179,0.7011420726776123,1.0
638,0.0,0.0,0.0,1.0,0.0,0.0,0.7661039233207703,0.7351557016372681,0.8103284239768982,0.952536404132843,0.7502231597900391,0.48836302757263184,3.0
639,0.0,0.0,0.0,1.0,0.0,0.0,0.8152287006378174,0.805338442325592,0.8907946348190308,0.9248436093330383,0.7618265748023987,0.546459972858429,4.0
640,0.0,0.0,0.0,1.0,0.0,0.0,0.5786532759666443,0.6684670448303223,0.8461921811103821,0.9614279866218567,0.8227546215057373,0.48730507493019104,4.0
641,0.0,0.0,0.0,1.0,0.0,0.0,0.6257438659667969,0.767700731754303,0.8650615215301514,0.9591368436813354,0.8478779792785645,0.5562596321105957,4.0
642,0.0,0.0,0.0,1.0,0.0,0.0,0.6800084710121155,0.525297224521637,0.7549551725387573,0.961137056350708,0.9022009968757629,0.6846990585327148,0.0
643,0.0,0.0,0.0,1.0,1.0,0.0,0.6974329948425293,0.77861487865448,0.7361810803413391,0.9590357542037964,0.8460035920143127,0.6573101282119751,1.0
644,0.0,0.0,0.0,1.0,0.0,0.0,0.8576308488845825,0.8974515795707703,0.7089838981628418,0.9177038669586182,0.8206233382225037,0.6296207904815674,3.0
645,0.0,0.0,0.0,1.0,0.0,0.0,0.7970597743988037,0.6222792267799377,0.8625792264938354,0.9196091890335083,0.9057354927062988,0.8700060844421387,2.0
646,0.0,0.0,0.0,1.0,0.0,0.0,0.6902032494544983,0.5836343765258789,0.6741496324539185,0.9623515009880066,0.8975765109062195,0.6443968415260315,4.0
647,0.0,0.0,0.0,1.0,1.0,0.0,0.7968533039093018,0.507052481174469,0.6841442584991455,0.9561179876327515,0.890500009059906,0.7377355694770813,1.0
648,0.0,0.0,0.0,1.0,0.0,0.0,0.7926156520843506,0.5762434601783752,0.6053536534309387,0.9553483128547668,0.9002182483673096,0.7116230726242065,4.0
649,0.0,0.0,0.0,1.0,0.0,0.0,0.7285590767860413,0.5971144437789917,0.7991891503334045,0.9488208889961243,0.9289417862892151,0.7505149245262146,0.0
650,0.0,0.0,0.0,1.0,0.0,0.0,0.5432941317558289,0.6376025676727295,0.7894057631492615,0.9722437858581543,0.7666256427764893,0.35423681139945984,0.0
651,0.0,0.0,0.0,1.0,0.0,0.0,0.8111523389816284,0.41255974769592285,0.5786222219467163,0.9273052215576172,0.9359158277511597,0.8341241478919983,0.0
652,0.0,0.0,0.0,1.0,0.0,0.0,0.736030101776123,0.5625078678131104,0.8304898142814636,0.9315487742424011,0.9232399463653564,0.8494133949279785,3.0
653,0.0,0.0,0.0,1.0,0.0,0.0,0.5922443270683289,0.4226287603378296,0.5382055640220642,0.8851487040519714,0.9604911804199219,0.8808900117874146,2.0
654,0.0,0.0,0.0,1.0,0.0,0.0,0.8620457053184509,0.6880311369895935,0.6559310555458069,0.9448224306106567,0.7858417630195618,0.5795189738273621,1.0
655,0.0,0.0,0.0,1.0,0.0,0.0,0.8434790968894958,0.6910897493362427,0.7419175505638123,0.9410713315010071,0.8086063861846924,0.6591103672981262,3.0
656,0.0,0.0,0.0,1.0,0.0,0.0,0.9426780343055725,0.7150779366493225,0.7447446584701538,0.8738878965377808,0.6522889137268066,0.644646406173706,4.0
657,0.0,0.0,0.0,1.0,0.0,0.0,0.8489182591438293,0.6416882276535034,0.7325272560119629,0.9324994087219238,0.7997491955757141,0.6825612187385559,3.0
658,0.0,0.0,0.0,1.0,1.0,0.0,0.8108618855476379,0.5675511956214905,0.8256227374076843,0.9293491840362549,0.8990848064422607,0.7766208648681641,4.0
659,0.0,0.0,0.0,1.0,0.0,0.0,0.6864410042762756,0.6765879988670349,0.8921595811843872,0.9520674347877502,0.7694798707962036,0.4224094748497009,4.0
660,0.0,0.0,0.0,1.0,0.0,0.0,0.662443220615387,0.7786864042282104,0.9498351812362671,0.9174166917800903,0.48679491877555847,0.37541380524635315,2.0
661,0.0,0.0,0.0,1.0,1.0,0.0,0.8422559499740601,0.5199233889579773,0.7839094996452332,0.9198770523071289,0.8976667523384094,0.8314329385757446,3.0
662,0.0,0.0,0.0,1.0,0.0,0.0,0.7592917084693909,0.8968861103057861,0.9124315977096558,0.9117885828018188,0.5071024894714355,0.37416383624076843,3.0
663,0.0,0.0,0.0,1.0,1.0,0.0,0.6763458847999573,0.7155796885490417,0.8450528979301453,0.9483096599578857,0.8760066628456116,0.6250292062759399,4.0
664,0.0,0.0,0.0,1.0,0.0,0.0,0.5638717412948608,0.712104320526123,0.9106652736663818,0.9514132738113403,0.7064628005027771,0.3655805289745331,2.0
665,0.0,0.0,0.0,1.0,0.0,0.0,0.7568976283073425,0.6890456080436707,0.9090536236763,0.9218537211418152,0.8195332288742065,0.6282122135162354,3.0
666,0.0,0.0,0.0,1.0,0.0,0.0,0.8167319297790527,0.710917592048645,0.9177279472351074,0.9171811938285828,0.7478755116462708,0.5892049670219421,3.0
667,0.0,0.0,0.0,1.0,0.0,0.0,0.8108109831809998,0.7694181799888611,0.8634247183799744,0.9299777746200562,0.7462244033813477,0.5465051531791687,3.0
668,0.0,0.0,0.0,1.0,0.0,0.0,0.7784551978111267,0.5387409329414368,0.5852608680725098,0.9453555941581726,0.9141930341720581,0.8204177021980286,0.0
669,0.0,0.0,0.0,1.0,0.0,0.0,0.8278600573539734,0.8490269780158997,0.8626484870910645,0.9245673418045044,0.6941056251525879,0.49007248878479004,2.0
670,0.0,0.0,0.0,1.0,0.0,0.0,0.7764949798583984,0.6986777186393738,0.6736801266670227,0.9312368035316467,0.9159377813339233,0.8708544969558716,0.0
671,0.0,0.0,0.0,1.0,0.0,0.0,0.7305294275283813,0.4603070020675659,0.6688708662986755,0.9607962369918823,0.8624110817909241,0.697445809841156,3.0
672,0.0,0.0,0.0,1.0,0.0,0.0,0.8099319934844971,0.603038489818573,0.8032113313674927,0.9467871785163879,0.8354380130767822,0.6956324577331543,0.0
673,0.0,0.0,0.0,1.0,0.0,0.0,0.6087870597839355,0.6171680092811584,0.7958651185035706,0.9644596576690674,0.6957401633262634,0.38814643025398254,3.0
674,0.0,0.0,0.0,1.0,0.0,0.0,0.622199296951294,0.539198100566864,0.6913722157478333,0.9700676798820496,0.7148653864860535,0.4283500611782074,1.0
675,0.0,0.0,0.0,1.0,0.0,0.0,0.7190948724746704,0.7150945663452148,0.758617103099823,0.9573599696159363,0.8582741022109985,0.5233226418495178,4.0
676,0.0,0.0,0.0,1.0,0.0,0.0,0.6889039278030396,0.7627205848693848,0.8339840173721313,0.955703616142273,0.7768424153327942,0.41775059700012207,3.0
677,0.0,0.0,0.0,1.0,0.0,0.0,0.5904282927513123,0.6801096796989441,0.860019326210022,0.9592377543449402,0.7962427139282227,0.5001865029335022,1.0
678,0.0,0.0,0.0,1.0,0.0,0.0,0.7696005702018738,0.7681629657745361,0.7939466834068298,0.9538741707801819,0.7869943976402283,0.5410510301589966,1.0
679,0.0,0.0,0.0,1.0,0.0,0.0,0.6611191630363464,0.4431891143321991,0.6752138137817383,0.9705507755279541,0.8937847018241882,0.6695483326911926,1.0
680,0.0,0.0,0.0,1.0,0.0,0.0,0.8502485752105713,0.4998556673526764,0.7600795030593872,0.9369470477104187,0.7919028401374817,0.7099671959877014,1.0
681,0.0,0.0,0.0,1.0,0.0,0.0,0.7001187205314636,0.7165706753730774,0.8336638808250427,0.957791805267334,0.7644006013870239,0.426841139793396,4.0
682,0.0,0.0,0.0,1.0,1.0,0.0,0.7109424471855164,0.7798835039138794,0.843404233455658,0.9503034353256226,0.8411901593208313,0.5587806105613708,2.0
683,0.0,0.0,0.0,1.0,0.0,0.0,0.769363284111023,0.37717896699905396,0.6647424697875977,0.9457484483718872,0.9266630411148071,0.7818251252174377,4.0
684,0.0,0.0,0.0,1.0,0.0,0.0,0.727875828742981,0.4407576024532318,0.6461179852485657,0.9536693096160889,0.9227871894836426,0.8157143592834473,4.0
685,0.0,0.0,0.0,1.0,0.0,0.0,0.8612726926803589,0.524202287197113,0.5485087037086487,0.8995189666748047,0.9207859039306641,0.8600680232048035,1.0
686,0.0,0.0,0.0,1.0,0.0,0.0,0.6566762924194336,0.5244665741920471,0.6652863621711731,0.9673850536346436,0.8487754464149475,0.5450267195701599,1.0
687,0.0,0.0,0.0,1.0,0.0,0.0,0.5752673149108887,0.4736648201942444,0.7002717852592468,0.9703304767608643,0.8089792728424072,0.4329414665699005,2.0
688,0.0,0.0,0.0,1.0,0.0,0.0,0.8763033747673035,0.7933740019798279,0.8239977955818176,0.9123018980026245,0.8568732142448425,0.6858946681022644,3.0
689,0.0,0.0,0.0,1.0,0.0,0.0,0.5859561562538147,0.7716016173362732,0.7996743321418762,0.9625744223594666,0.7928419709205627,0.4376736879348755,4.0
690,0.0,0.0,0.0,1.0,0.0,0.0,0.5809745788574219,0.6736279726028442,0.8540014624595642,0.959300696849823,0.8574044704437256,0.5524533987045288,4.0
691,0.0,0.0,0.0,1.0,0.0,0.0,0.877807080745697,0.8675499558448792,0.8890862464904785,0.8742890954017639,0.8429983854293823,0.7732068300247192,3.0
692,0.0,0.0,0.0,1.0,0.0,0.0,0.8068992495536804,0.7632525563240051,0.7606386542320251,0.9432015419006348,0.8908262848854065,0.7053937315940857,2.0
693,0.0,0.0,0.0,1.0,0.0,0.0,0.7374993562698364,0.819283664226532,0.9297633171081543,0.8784891963005066,0.8684878945350647,0.7648049592971802,1.0
694,0.0,0.0,0.0,1.0,0.0,0.0,0.7627708315849304,0.569304883480072,0.8426958322525024,0.9594196677207947,0.885781466960907,0.6679098010063171,0.0
695,0.0,0.0,0.0,1.0,0.0,0.0,0.7754247784614563,0.9026006460189819,0.8347533345222473,0.9156723618507385,0.8365815877914429,0.7296494841575623,1.0
696,0.0,0.0,0.0,1.0,0.0,0.0,0.8190358877182007,0.7418948411941528,0.8013442754745483,0.9272012114524841,0.8865110278129578,0.829071044921875,4.0
697,0.0,0.0,0.0,1.0,0.0,0.0,0.7041640877723694,0.5856599807739258,0.791312575340271,0.9566680788993835,0.8713788986206055,0.6497761011123657,3.0
698,0.0,0.0,0.0,1.0,0.0,0.0,0.7595871686935425,0.6427440047264099,0.834547758102417,0.9534056186676025,0.7792789936065674,0.5191985964775085,4.0
699,0.0,0.0,0.0,1.0,1.0,0.0,0.7116400599479675,0.5942888259887695,0.8222887516021729,0.9600719809532166,0.9086970686912537,0.5266310572624207,4.0
700,0.0,0.0,0.0,1.0,0.0,0.0,0.9123013019561768,0.8658722043037415,0.7496683597564697,0.8984690308570862,0.7608104944229126,0.6790603399276733,1.0
701,0.0,0.0,0.0,1.0,0.0,0.0,0.9078790545463562,0.8306673169136047,0.8742603063583374,0.8841105699539185,0.7305001616477966,0.7153022289276123,2.0
702,0.0,0.0,0.0,1.0,1.0,0.0,0.80204838514328,0.8262717127799988,0.892174482345581,0.9167655110359192,0.8518710732460022,0.6729519367218018,4.0
703,0.0,0.0,0.0,1.0,0.0,0.0,0.8384736776351929,0.5870580673217773,0.836354672908783,0.9278326034545898,0.8082898855209351,0.6552252769470215,4.0
704,0.0,0.0,0.0,1.0,0.0,0.0,0.8593159317970276,0.8459459543228149,0.7962743043899536,0.929857611656189,0.6490808725357056,0.5468843579292297,1.0
705,0.0,0.0,0.0,1.0,0.0,0.0,0.8394631743431091,0.9231145977973938,0.8789365887641907,0.6499877572059631,0.7663430571556091,0.8888764381408691,1.0
706,0.0,0.0,0.0,1.0,0.0,0.0,0.8073240518569946,0.6751004457473755,0.9087642431259155,0.9256037473678589,0.7874974012374878,0.7435891032218933,2.0
707,0.0,0.0,0.0,1.0,0.0,0.0,0.8146725296974182,0.8608995079994202,0.7969903349876404,0.9350653886795044,0.7489905953407288,0.5351811051368713,1.0
708,0.0,0.0,0.0,1.0,0.0,0.0,0.8369439244270325,0.6480712890625,0.727008581161499,0.9460546374320984,0.8782761693000793,0.7436853051185608,3.0
709,0.0,0.0,0.0,1.0,0.0,0.0,0.8396040797233582,0.894992470741272,0.9117653965950012,0.8791923522949219,0.554405152797699,0.5236969590187073,4.0
710,0.0,0.0,0.0,1.0,1.0,0.0,0.6657034158706665,0.6921231150627136,0.8875266313552856,0.9562494158744812,0.7623636722564697,0.5552900433540344,2.0
711,0.0,0.0,0.0,1.0,0.0,0.0,0.7376847267150879,0.909171462059021,0.8536192178726196,0.9399929642677307,0.5083407163619995,0.4085327982902527,2.0
712,0.0,0.0,0.0,1.0,0.0,0.0,0.8022683262825012,0.738972008228302,0.9156081676483154,0.9181011915206909,0.8227905631065369,0.6457767486572266,2.0
713,0.0,0.0,0.0,1.0,0.0,0.0,0.7194532752037048,0.4738391637802124,0.6419961452484131,0.9515581130981445,0.9015923142433167,0.5715441107749939,3.0
714,0.0,0.0,0.0,1.0,0.0,0.0,0.7452497482299805,0.6886040568351746,0.8312091827392578,0.944082498550415,0.7656391859054565,0.524394690990448,2.0
715,0.0,0.0,0.0,1.0,0.0,0.0,0.657420814037323,0.7908473610877991,0.9150698184967041,0.9362059235572815,0.7215743660926819,0.4767957925796509,1.0
716,0.0,0.0,0.0,1.0,0.0,0.0,0.7316653728485107,0.6677114367485046,0.6575238704681396,0.9614769816398621,0.8487777709960938,0.535203218460083,3.0
717,0.0,0.0,0.0,1.0,0.0,0.0,0.7684957385063171,0.7636765241622925,0.9163545370101929,0.924069344997406,0.7537956833839417,0.5518898963928223,3.0
718,0.0,0.0,0.0,1.0,0.0,0.0,0.7822073698043823,0.720465898513794,0.9014303684234619,0.916437029838562,0.8570945262908936,0.7740674018859863,3.0
719,0.0,0.0,0.0,1.0,0.0,0.0,0.7101761698722839,0.5462520122528076,0.6554592847824097,0.962429404258728,0.8908723592758179,0.7554863691329956,1.0
720,0.0,0.0,0.0,1.0,0.0,0.0,0.6088072657585144,0.750664472579956,0.8654367327690125,0.9575843214988708,0.7364102602005005,0.3901807367801666,2.0
721,0.0,0.0,0.0,1.0,1.0,0.0,0.6320056915283203,0.7163002490997314,0.721530020236969,0.9696264863014221,0.8288463354110718,0.5085462331771851,2.0
722,0.0,0.0,0.0,1.0,0.0,0.0,0.7792512774467468,0.9325112104415894,0.8189960718154907,0.9235053062438965,0.5423716306686401,0.4489136040210724,2.0
723,0.0,0.0,0.0,1.0,0.0,0.0,0.7430262565612793,0.7807103395462036,0.8988568186759949,0.932873010635376,0.6976829767227173,0.5296018123626709,2.0
724,0.0,0.0,0.0,1.0,0.0,0.0,0.6928938627243042,0.7256719470024109,0.8360503911972046,0.953822672367096,0.755541980266571,0.48467501997947693,2.0
725,0.0,0.0,0.0,1.0,0.0,0.0,0.8316916227340698,0.5325536131858826,0.7312288880348206,0.9331411719322205,0.876442015171051,0.7414774298667908,3.0
726,0.0,0.0,0.0,1.0,0.0,0.0,0.8424743413925171,0.7578727602958679,0.8127463459968567,0.9281498193740845,0.8708106875419617,0.6798827648162842,4.0
727,0.0,0.0,0.0,1.0,0.0,0.0,0.756430983543396,0.5118233561515808,0.7915378212928772,0.9562004804611206,0.8814219236373901,0.6239196062088013,0.0
728,0.0,0.0,0.0,1.0,0.0,0.0,0.8267160058021545,0.882397472858429,0.7213545441627502,0.923668622970581,0.6069422364234924,0.5033817887306213,4.0
729,0.0,0.0,0.0,1.0,0.0,0.0,0.8390209078788757,0.7170456647872925,0.9335407018661499,0.7658793926239014,0.7346379160881042,0.7562411427497864,1.0
730,0.0,0.0,0.0,1.0,0.0,0.0,0.6694957613945007,0.7141991257667542,0.9091050028800964,0.9408904910087585,0.8353753685951233,0.6705551743507385,2.0
731,0.0,0.0,0.0,1.0,0.0,0.0,0.8404683470726013,0.8578991889953613,0.8551462292671204,0.902334988117218,0.8225512504577637,0.777283787727356,3.0
732,0.0,0.0,0.0,1.0,0.0,0.0,0.643654465675354,0.705007791519165,0.8567473888397217,0.9520534873008728,0.8329119682312012,0.5595108866691589,3.0
733,0.0,0.0,0.0,1.0,0.0,0.0,0.7496818900108337,0.6474015116691589,0.7690364718437195,0.9580576419830322,0.8501357436180115,0.565510094165802,0.0
734,0.0,0.0,0.0,1.0,0.0,0.0,0.7285297513008118,0.7994108200073242,0.893532395362854,0.9337971806526184,0.8457677364349365,0.6062382459640503,3.0
735,0.0,0.0,0.0,1.0,0.0,0.0,0.6836274862289429,0.7261931300163269,0.8084279894828796,0.951477587223053,0.8647156953811646,0.6937824487686157,3.0
736,0.0,0.0,0.0,1.0,0.0,0.0,0.7596293091773987,0.5833026766777039,0.7862958312034607,0.9411681294441223,0.9102419018745422,0.8232895731925964,1.0
737,0.0,0.0,0.0,1.0,0.0,0.0,0.6755335330963135,0.7733245491981506,0.832655668258667,0.9471490383148193,0.7298271059989929,0.476126492023468,3.0
738,0.0,0.0,0.0,1.0,0.0,0.0,0.8282908797264099,0.5952726006507874,0.7806780934333801,0.9112449884414673,0.9212794899940491,0.8579216003417969,3.0
739,0.0,0.0,0.0,1.0,0.0,0.0,0.7004451751708984,0.6833761930465698,0.8413358330726624,0.9380074143409729,0.8415631651878357,0.6745595932006836,3.0
740,0.0,0.0,0.0,1.0,0.0,0.0,0.7687678337097168,0.8326327800750732,0.8146225810050964,0.9432387351989746,0.7641700506210327,0.575340747833252,4.0
741,0.0,0.0,0.0,1.0,0.0,0.0,0.8406465649604797,0.5750839114189148,0.7782090306282043,0.942390501499176,0.8552039861679077,0.714526891708374,0.0
742,0.0,0.0,0.0,1.0,0.0,0.0,0.7996852397918701,0.6945760846138,0.8956076502799988,0.9023185968399048,0.8764734268188477,0.8317612409591675,1.0
743,0.0,0.0,0.0,1.0,0.0,0.0,0.7167530655860901,0.7800842523574829,0.862350344657898,0.9421082139015198,0.699243426322937,0.5414972305297852,2.0
744,0.0,0.0,0.0,1.0,1.0,0.0,0.8299471735954285,0.6721706986427307,0.7586140036582947,0.9452003836631775,0.7949977517127991,0.6102216243743896,1.0
745,0.0,0.0,0.0,1.0,0.0,0.0,0.6635493636131287,0.5837600231170654,0.8067299723625183,0.9586450457572937,0.8014979958534241,0.46271640062332153,2.0
746,0.0,0.0,0.0,1.0,0.0,0.0,0.7970353960990906,0.8083964586257935,0.8712587356567383,0.9234111905097961,0.7948369383811951,0.6050345301628113,1.0
747,0.0,0.0,0.0,1.0,0.0,0.0,0.8302651643753052,0.7579194903373718,0.8697282671928406,0.9004133939743042,0.8741087317466736,0.8326079845428467,4.0
748,0.0,0.0,0.0,1.0,0.0,0.0,0.7293868660926819,0.6640563607215881,0.800196647644043,0.9500313997268677,0.8588658571243286,0.6861457228660583,1.0
749,0.0,0.0,0.0,1.0,0.0,0.0,0.6614167094230652,0.6087759733200073,0.8232886791229248,0.9506999254226685,0.8758735656738281,0.6900350451469421,3.0
750,0.0,0.0,0.0,1.0,0.0,0.0,0.6410331130027771,0.614375114440918,0.7946475148200989,0.9628512859344482,0.8448327779769897,0.6046566367149353,3.0
751,0.0,0.0,0.0,1.0,0.0,0.0,0.675369918346405,0.7644681930541992,0.8184197545051575,0.9519861936569214,0.8383163213729858,0.580651044845581,3.0
752,0.0,0.0,0.0,1.0,1.0,0.0,0.7211029529571533,0.48199814558029175,0.6166120171546936,0.9648602604866028,0.8451265096664429,0.570619523525238,1.0
753,0.0,0.0,0.0,1.0,0.0,0.0,0.8037160038948059,0.571556568145752,0.6568889021873474,0.9514704942703247,0.8443896770477295,0.6239162087440491,4.0
754,0.0,0.0,0.0,1.0,0.0,0.0,0.7246870398521423,0.7329315543174744,0.9436021447181702,0.9085344672203064,0.7546568512916565,0.5653038024902344,2.0
755,0.0,0.0,0.0,1.0,0.0,0.0,0.7740505337715149,0.7786499261856079,0.8611617088317871,0.9314048886299133,0.8724178075790405,0.6898967623710632,0.0
756,0.0,0.0,0.0,1.0,0.0,0.0,0.7437354326248169,0.8429619669914246,0.8984791040420532,0.9301839470863342,0.8117930293083191,0.677774965763092,1.0
757,0.0,0.0,0.0,1.0,0.0,0.0,0.7000613212585449,0.6628695726394653,0.8482544422149658,0.9509393572807312,0.8240708112716675,0.5930365324020386,2.0
758,0.0,0.0,0.0,1.0,0.0,0.0,0.7859088778495789,0.6300378441810608,0.9248474836349487,0.90478515625,0.8580920100212097,0.7570534348487854,3.0
759,0.0,0.0,0.0,1.0,0.0,0.0,0.8216057419776917,0.690804660320282,0.8545409440994263,0.928498387336731,0.881925642490387,0.7982133626937866,0.0
760,0.0,0.0,0.0,1.0,0.0,0.0,0.817719578742981,0.7879859805107117,0.7782654166221619,0.9372159838676453,0.8965696692466736,0.7369795441627502,4.0
761,0.0,0.0,0.0,1.0,0.0,0.0,0.7039806842803955,0.808508038520813,0.8835709691047668,0.9398534297943115,0.811090886592865,0.6306872367858887,4.0
762,0.0,0.0,0.0,1.0,0.0,0.0,0.7009047865867615,0.5726605653762817,0.7282882928848267,0.9635823965072632,0.8107351660728455,0.5088905096054077,3.0
763,0.0,0.0,0.0,1.0,0.0,0.0,0.6970306634902954,0.7226765155792236,0.8691238760948181,0.9406818151473999,0.8791000247001648,0.6683966517448425,4.0
764,0.0,0.0,0.0,1.0,0.0,0.0,0.5940844416618347,0.8211088180541992,0.8050046563148499,0.9519085884094238,0.7404483556747437,0.4578693211078644,0.0
765,0.0,0.0,0.0,1.0,0.0,0.0,0.5526880621910095,0.663311779499054,0.7918845415115356,0.9694235324859619,0.7938273549079895,0.4219028353691101,0.0
766,0.0,0.0,0.0,0.0,1.0,0.0,0.7822903990745544,0.5791863799095154,0.36830392479896545,0.8394471406936646,0.9572785496711731,0.8827565908432007,4.0
767,0.0,0.0,0.0,0.0,1.0,0.0,0.8316084146499634,0.5511241555213928,0.6168582439422607,0.9075590372085571,0.9387262463569641,0.8638891577720642,0.0
768,0.0,0.0,0.0,0.0,1.0,0.0,0.8424338102340698,0.5316112637519836,0.5459851622581482,0.8857612609863281,0.9407097697257996,0.8777011036872864,4.0
769,0.0,0.0,0.0,0.0,1.0,0.0,0.8336156606674194,0.4441851079463959,0.4729209840297699,0.854415774345398,0.9505067467689514,0.8819240927696228,4.0
770,0.0,0.0,0.0,0.0,1.0,0.0,0.7796106934547424,0.3382337987422943,0.34066203236579895,0.8271970748901367,0.9573715329170227,0.893515944480896,3.0
771,0.0,0.0,0.0,0.0,1.0,0.0,0.8139079213142395,0.4733225107192993,0.605194091796875,0.902897834777832,0.9259213805198669,0.9137338995933533,1.0
772,0.0,0.0,0.0,0.0,1.0,0.0,0.593941330909729,0.6012431979179382,0.5960413217544556,0.9497237801551819,0.9453887939453125,0.7897385954856873,1.0
773,0.0,0.0,0.0,0.0,1.0,0.0,0.7656322717666626,0.5078067779541016,0.4644382894039154,0.9047162532806396,0.9521668553352356,0.8585999011993408,4.0
774,0.0,0.0,0.0,0.0,1.0,0.0,0.6643673777580261,0.4732506275177002,0.460525780916214,0.9363728165626526,0.9622411131858826,0.7809656858444214,2.0
775,0.0,0.0,0.0,0.0,1.0,0.0,0.829352855682373,0.45533907413482666,0.36290884017944336,0.7408936023712158,0.9522261619567871,0.9143094420433044,4.0
776,0.0,0.0,0.0,0.0,1.0,0.0,0.8020820021629333,0.4498155415058136,0.6187195181846619,0.9143312573432922,0.9402515888214111,0.8621610403060913,2.0
777,0.0,0.0,0.0,0.0,1.0,0.0,0.9155389070510864,0.769580602645874,0.7623410224914551,0.7116139531135559,0.8983866572380066,0.9087920784950256,2.0
778,0.0,0.0,0.0,0.0,1.0,0.0,0.8881075382232666,0.5980506539344788,0.579279363155365,0.812289834022522,0.928422749042511,0.8807689547538757,2.0
779,0.0,0.0,0.0,0.0,1.0,0.0,0.7219449877738953,0.6580811142921448,0.5204237103462219,0.9156517386436462,0.9565944075584412,0.7955917716026306,4.0
780,0.0,0.0,0.0,0.0,1.0,0.0,0.7922810316085815,0.4457867443561554,0.44331514835357666,0.9286064505577087,0.9512462615966797,0.8474643230438232,2.0
781,0.0,0.0,0.0,0.0,1.0,0.0,0.7389156222343445,0.6418948769569397,0.39839300513267517,0.8475903868675232,0.958861768245697,0.8776805996894836,1.0
782,0.0,0.0,0.0,0.0,1.0,0.0,0.770975649356842,0.5989362597465515,0.47781139612197876,0.9163349866867065,0.9552934765815735,0.8364486694335938,1.0
783,0.0,0.0,0.0,0.0,1.0,0.0,0.6718497276306152,0.4188727140426636,0.5588045716285706,0.9555677175521851,0.9493579864501953,0.7597871422767639,3.0
784,0.0,0.0,0.0,0.0,1.0,0.0,0.7807167768478394,0.6235018968582153,0.4375067949295044,0.8389507532119751,0.9529113173484802,0.885279655456543,4.0
785,0.0,0.0,0.0,0.0,1.0,0.0,0.7210230231285095,0.6068027019500732,0.6498633623123169,0.9160405993461609,0.9515554904937744,0.8177928328514099,0.0
786,0.0,0.0,0.0,0.0,1.0,0.0,0.8084255456924438,0.7792534232139587,0.80413818359375,0.9053277969360352,0.9228082299232483,0.7863898277282715,0.0
787,0.0,0.0,0.0,0.0,1.0,0.0,0.7789919972419739,0.6245539784431458,0.5709331631660461,0.8934150338172913,0.9465879797935486,0.8590025901794434,0.0
788,0.0,0.0,0.0,0.0,1.0,0.0,0.7858717441558838,0.5435254573822021,0.590949296951294,0.9040552973747253,0.950984001159668,0.827454686164856,0.0
789,0.0,0.0,0.0,0.0,1.0,0.0,0.8640924096107483,0.7375108003616333,0.7113807797431946,0.7504327297210693,0.9313231110572815,0.900601327419281,4.0
790,0.0,0.0,0.0,0.0,1.0,0.0,0.7341675162315369,0.7833129167556763,0.7981060743331909,0.9174614548683167,0.9347360134124756,0.7942132949829102,0.0
791,0.0,0.0,0.0,0.0,1.0,0.0,0.8364706635475159,0.7963111400604248,0.48214104771614075,0.8345729112625122,0.9232490062713623,0.8893765807151794,4.0
792,0.0,0.0,0.0,0.0,1.0,0.0,0.8183961510658264,0.7722975611686707,0.6502153277397156,0.8717105984687805,0.9231480956077576,0.8989551663398743,0.0
793,0.0,0.0,0.0,0.0,1.0,0.0,0.8208372592926025,0.520508348941803,0.6292668581008911,0.9122341871261597,0.9262075424194336,0.9040368795394897,3.0
794,0.0,0.0,0.0,0.0,1.0,0.0,0.6688013076782227,0.6400489211082458,0.7506018280982971,0.9534748792648315,0.9235180616378784,0.742891252040863,3.0
795,0.0,0.0,0.0,0.0,1.0,0.0,0.8090223073959351,0.7351614832878113,0.770685076713562,0.893426775932312,0.9205743074417114,0.8294029235839844,4.0
796,0.0,0.0,0.0,0.0,1.0,0.0,0.7735626101493835,0.6153808236122131,0.8432617783546448,0.9315088391304016,0.9191750884056091,0.8158254623413086,3.0
797,0.0,0.0,0.0,1.0,1.0,0.0,0.807653546333313,0.7508425116539001,0.7096720933914185,0.883537769317627,0.9344701766967773,0.8856733441352844,4.0
798,0.0,0.0,0.0,1.0,1.0,0.0,0.8466429114341736,0.44504544138908386,0.5316472053527832,0.9292054176330566,0.9323332905769348,0.7536629438400269,1.0
799,0.0,0.0,0.0,0.0,1.0,0.0,0.7662098407745361,0.48291683197021484,0.5069987177848816,0.9226885437965393,0.9543318152427673,0.8346580266952515,2.0
800,0.0,0.0,0.0,0.0,1.0,0.0,0.8601434826850891,0.898356020450592,0.5473317503929138,0.6321811079978943,0.9121094942092896,0.8710803389549255,1.0
801,0.0,0.0,0.0,0.0,1.0,0.0,0.8853617906570435,0.7709632515907288,0.6347044706344604,0.7742059826850891,0.9335362315177917,0.8873974680900574,4.0
802,0.0,0.0,0.0,0.0,1.0,0.0,0.8290907144546509,0.9055731296539307,0.6160607933998108,0.8212199807167053,0.8939180374145508,0.7606488466262817,1.0
803,0.0,0.0,0.0,0.0,1.0,0.0,0.8082550168037415,0.533405065536499,0.6089223623275757,0.7912145256996155,0.9529553651809692,0.894832193851471,3.0
804,0.0,0.0,0.0,0.0,1.0,0.0,0.8055500984191895,0.8378681540489197,0.6612935662269592,0.8306154608726501,0.9250459671020508,0.8919132351875305,4.0
805,0.0,0.0,0.0,0.0,1.0,0.0,0.8592790961265564,0.901681661605835,0.7620833516120911,0.810458779335022,0.8833242654800415,0.879934549331665,3.0
806,0.0,0.0,0.0,0.0,1.0,0.0,0.7478302121162415,0.7250365018844604,0.7084059119224548,0.9152590036392212,0.9341188669204712,0.8648501634597778,2.0
807,0.0,0.0,0.0,0.0,1.0,0.0,0.7824998497962952,0.7513155341148376,0.751774251461029,0.8559563159942627,0.936063289642334,0.868757963180542,0.0
808,0.0,0.0,0.0,1.0,1.0,0.0,0.6282439231872559,0.781977653503418,0.8001777529716492,0.9553772807121277,0.8698875904083252,0.5167731046676636,1.0
809,0.0,0.0,0.0,1.0,1.0,0.0,0.657931387424469,0.4699045419692993,0.6594512462615967,0.9708147048950195,0.9329851865768433,0.5499010682106018,1.0
810,0.0,0.0,0.0,0.0,1.0,0.0,0.697246789932251,0.7538931369781494,0.34183305501937866,0.7044680118560791,0.9480136632919312,0.9037426710128784,1.0
811,0.0,0.0,0.0,0.0,1.0,0.0,0.8453401923179626,0.8175650238990784,0.56667560338974,0.8694716095924377,0.907863438129425,0.8953012228012085,3.0
812,0.0,0.0,0.0,0.0,1.0,0.0,0.7954058051109314,0.7118669748306274,0.49473950266838074,0.8538148403167725,0.9445293545722961,0.8714274168014526,2.0
813,0.0,0.0,0.0,0.0,1.0,0.0,0.8369821906089783,0.5476236939430237,0.43274986743927,0.8617374300956726,0.950850248336792,0.8780623078346252,2.0
814,0.0,0.0,0.0,0.0,1.0,0.0,0.7732887268066406,0.7035503387451172,0.7830018401145935,0.8600726127624512,0.9333267211914062,0.9002323150634766,3.0
815,0.0,0.0,0.0,0.0,1.0,0.0,0.8282812237739563,0.9132830500602722,0.8524495363235474,0.8468103408813477,0.8752456307411194,0.7614318132400513,4.0
816,0.0,0.0,0.0,0.0,1.0,0.0,0.6579168438911438,0.48088499903678894,0.661306619644165,0.9285434484481812,0.948320209980011,0.8754454255104065,2.0
817,0.0,0.0,0.0,0.0,1.0,0.0,0.8387048840522766,0.8408054709434509,0.8564899563789368,0.8737682700157166,0.8886129856109619,0.8580502271652222,0.0
818,0.0,0.0,0.0,0.0,1.0,0.0,0.743792712688446,0.8352161049842834,0.7545584440231323,0.9119092226028442,0.9185569882392883,0.7748936414718628,2.0
819,0.0,0.0,0.0,1.0,1.0,0.0,0.663318395614624,0.6482394337654114,0.823667049407959,0.9519023299217224,0.8744584918022156,0.6588202118873596,0.0
820,0.0,0.0,0.0,0.0,1.0,0.0,0.8054765462875366,0.7295846939086914,0.8323644399642944,0.884941577911377,0.9243050217628479,0.8650037050247192,2.0
821,0.0,0.0,0.0,0.0,1.0,0.0,0.7381536364555359,0.75896155834198,0.5599809288978577,0.8052693009376526,0.9395209550857544,0.8946872353553772,0.0
822,0.0,0.0,0.0,0.0,1.0,0.0,0.7820614576339722,0.585020124912262,0.7353479266166687,0.9125795960426331,0.9441084861755371,0.8419899940490723,3.0
823,0.0,0.0,0.0,0.0,1.0,0.0,0.8926534056663513,0.5971277356147766,0.5682361721992493,0.8238106966018677,0.9246418476104736,0.885219395160675,3.0
824,0.0,0.0,0.0,0.0,1.0,0.0,0.857776939868927,0.5135786533355713,0.5514284372329712,0.9093630909919739,0.9352744817733765,0.8164317607879639,2.0
825,0.0,0.0,0.0,0.0,1.0,0.0,0.8279299736022949,0.790949821472168,0.6269491314888,0.8175229430198669,0.9142752289772034,0.919090986251831,4.0
826,0.0,0.0,0.0,0.0,1.0,0.0,0.6986420154571533,0.8113996386528015,0.8583769202232361,0.9480222463607788,0.877151608467102,0.6053889989852905,3.0
827,0.0,0.0,0.0,0.0,1.0,0.0,0.5784217119216919,0.713665246963501,0.7936656475067139,0.9648423790931702,0.8982487916946411,0.5665798783302307,2.0
828,0.0,0.0,0.0,0.0,1.0,0.0,0.8043241500854492,0.8321881294250488,0.6586702466011047,0.8703708648681641,0.9184117913246155,0.882975697517395,3.0
829,0.0,0.0,0.0,0.0,1.0,0.0,0.9215133786201477,0.858376145362854,0.7769735455513,0.7943551540374756,0.8575037121772766,0.8311110138893127,1.0
830,0.0,0.0,0.0,0.0,1.0,0.0,0.9152958989143372,0.629353940486908,0.7081134915351868,0.8125385046005249,0.9055567979812622,0.8565319180488586,4.0
831,0.0,0.0,0.0,0.0,1.0,0.0,0.8782283663749695,0.7413458228111267,0.8558955192565918,0.8208774328231812,0.8930779695510864,0.8406386375427246,1.0
832,0.0,0.0,0.0,0.0,1.0,0.0,0.74739009141922,0.6349815726280212,0.8979940414428711,0.9351868033409119,0.8676193356513977,0.802991509437561,2.0
833,0.0,0.0,0.0,0.0,1.0,0.0,0.8789300918579102,0.8611885905265808,0.7749353647232056,0.6561176180839539,0.8919557332992554,0.8978084921836853,4.0
834,0.0,0.0,0.0,0.0,1.0,0.0,0.807391881942749,0.5159294009208679,0.5977934002876282,0.8432512879371643,0.954418420791626,0.8624736070632935,0.0
835,0.0,0.0,0.0,0.0,1.0,0.0,0.7743882536888123,0.7297084331512451,0.770789623260498,0.8121243715286255,0.9322262406349182,0.9061559438705444,4.0
836,0.0,0.0,0.0,0.0,1.0,0.0,0.8651490211486816,0.9193432331085205,0.8591659069061279,0.8493830561637878,0.824658989906311,0.8184109926223755,0.0
837,0.0,0.0,0.0,0.0,1.0,0.0,0.7973079681396484,0.7486904859542847,0.7108823657035828,0.9260089993476868,0.9217849373817444,0.8016625642776489,4.0
838,0.0,0.0,0.0,0.0,1.0,0.0,0.8935682773590088,0.6133242249488831,0.7160421013832092,0.7623399496078491,0.9101242423057556,0.8842199444770813,0.0
839,0.0,0.0,0.0,1.0,1.0,0.0,0.6429648995399475,0.5864552855491638,0.7779917120933533,0.9582500457763672,0.8788773417472839,0.6806048154830933,1.0
840,0.0,0.0,0.0,1.0,1.0,0.0,0.6149112582206726,0.6755260825157166,0.8378734588623047,0.9532283544540405,0.8897361755371094,0.6077074408531189,0.0
841,0.0,0.0,0.0,0.0,1.0,0.0,0.8084380030632019,0.9046857357025146,0.7607813477516174,0.7615988850593567,0.902024507522583,0.8557718992233276,0.0
842,0.0,0.0,0.0,0.0,1.0,0.0,0.8326675891876221,0.920190155506134,0.8402703404426575,0.8527269959449768,0.8588670492172241,0.7968510985374451,3.0
843,0.0,0.0,0.0,0.0,1.0,0.0,0.8467209935188293,0.5528934597969055,0.7809011936187744,0.9322203397750854,0.8962962031364441,0.8057025671005249,2.0
844,0.0,0.0,0.0,0.0,1.0,0.0,0.8340374231338501,0.5719716548919678,0.7704887986183167,0.9212765693664551,0.9057490825653076,0.8379497528076172,2.0
845,0.0,0.0,0.0,0.0,1.0,0.0,0.8563420176506042,0.7314870357513428,0.8953083753585815,0.8836197853088379,0.8808548450469971,0.7992312908172607,0.0
846,0.0,0.0,0.0,0.0,1.0,0.0,0.8466583490371704,0.64432692527771,0.8634804487228394,0.9195979237556458,0.8894180655479431,0.7916457056999207,2.0
847,0.0,0.0,0.0,0.0,1.0,0.0,0.743507444858551,0.47164487838745117,0.45548197627067566,0.8478354215621948,0.9471374750137329,0.9283925890922546,3.0
848,0.0,0.0,0.0,0.0,1.0,0.0,0.7841607332229614,0.8146546483039856,0.6739456057548523,0.899273157119751,0.9222306609153748,0.8346302509307861,4.0
849,0.0,0.0,0.0,0.0,1.0,0.0,0.7983183860778809,0.9235227108001709,0.803303062915802,0.8254765868186951,0.8739392161369324,0.7781476378440857,1.0
850,0.0,0.0,0.0,0.0,1.0,0.0,0.8681575655937195,0.8643038272857666,0.8235993981361389,0.8207599520683289,0.8974343538284302,0.8196683526039124,3.0
851,0.0,0.0,0.0,0.0,1.0,0.0,0.8568025231361389,0.6802092790603638,0.39514321088790894,0.8015256524085999,0.9336270093917847,0.8976619839668274,4.0
852,0.0,0.0,0.0,0.0,1.0,0.0,0.7559635043144226,0.7561718225479126,0.5477811694145203,0.8584843873977661,0.940041720867157,0.8619711995124817,3.0
853,0.0,0.0,0.0,0.0,1.0,0.0,0.8243938684463501,0.8563040494918823,0.7878187894821167,0.8601559996604919,0.9173451662063599,0.8574026226997375,4.0
854,0.0,0.0,0.0,0.0,1.0,0.0,0.8784430027008057,0.8349798321723938,0.8484035730361938,0.7592777609825134,0.9101394414901733,0.8612513542175293,4.0
855,0.0,0.0,0.0,0.0,1.0,0.0,0.8372671604156494,0.7537457346916199,0.5774235129356384,0.7623552680015564,0.9312474131584167,0.9165762066841125,1.0
856,0.0,0.0,0.0,0.0,1.0,0.0,0.7560786008834839,0.7248239517211914,0.6311022043228149,0.8387524485588074,0.9480879306793213,0.8963651061058044,1.0
857,0.0,0.0,0.0,0.0,1.0,0.0,0.8645243644714355,0.8708192706108093,0.6125821471214294,0.7372908592224121,0.9136762619018555,0.8776146769523621,0.0
858,0.0,0.0,0.0,0.0,1.0,0.0,0.8750272393226624,0.7399992942810059,0.6745647192001343,0.8291761875152588,0.93300461769104,0.8719573616981506,3.0
859,0.0,0.0,0.0,0.0,1.0,0.0,0.8869035840034485,0.8296391367912292,0.746101438999176,0.7935018539428711,0.9031727313995361,0.8936368227005005,0.0
860,0.0,0.0,0.0,0.0,1.0,0.0,0.7888482809066772,0.7746828198432922,0.7197261452674866,0.8500077128410339,0.9374964833259583,0.867592990398407,4.0
861,0.0,0.0,0.0,0.0,1.0,0.0,0.8152936100959778,0.6865079998970032,0.7812791466712952,0.8265209794044495,0.929311215877533,0.8977553248405457,1.0
862,0.0,0.0,0.0,0.0,1.0,0.0,0.754442572593689,0.7438039779663086,0.7194712162017822,0.8471792340278625,0.9434884786605835,0.8600159883499146,0.0
863,0.0,0.0,0.0,0.0,1.0,0.0,0.788121223449707,0.7882112860679626,0.6711274981498718,0.8359435200691223,0.9415599703788757,0.8550139665603638,4.0
864,0.0,0.0,0.0,0.0,1.0,0.0,0.8685587048530579,0.7587061524391174,0.5127648115158081,0.7394590377807617,0.9357537031173706,0.8890237212181091,2.0
865,0.0,0.0,0.0,0.0,1.0,0.0,0.8215094804763794,0.8968045115470886,0.5706906914710999,0.6993920207023621,0.9198206663131714,0.8803988099098206,2.0
866,0.0,0.0,0.0,0.0,1.0,0.0,0.7651840448379517,0.8652707934379578,0.5800250172615051,0.8107878565788269,0.9360710382461548,0.8160735964775085,3.0
867,0.0,0.0,0.0,0.0,1.0,0.0,0.8163948655128479,0.7569405436515808,0.554309606552124,0.7878422737121582,0.9390926957130432,0.8992946743965149,0.0
868,0.0,0.0,0.0,0.0,1.0,0.0,0.8456977605819702,0.4862218201160431,0.5190103054046631,0.7517386674880981,0.939301609992981,0.9241136312484741,3.0
869,0.0,0.0,0.0,0.0,1.0,0.0,0.860927164554596,0.5920129418373108,0.5833954215049744,0.7618726491928101,0.9499743580818176,0.8624977469444275,1.0
870,0.0,0.0,0.0,0.0,1.0,0.0,0.7741937637329102,0.8051846027374268,0.6203305125236511,0.8468942046165466,0.9356667399406433,0.8529131412506104,4.0
871,0.0,0.0,0.0,0.0,1.0,0.0,0.8321312069892883,0.7388379573822021,0.6804360151290894,0.7003180384635925,0.9452510476112366,0.9113301634788513,2.0
872,0.0,0.0,0.0,0.0,1.0,0.0,0.7876588702201843,0.6648634076118469,0.7054606676101685,0.8708511590957642,0.9435033202171326,0.8592094779014587,3.0
873,0.0,0.0,0.0,0.0,1.0,0.0,0.8432714343070984,0.7036402821540833,0.7227937579154968,0.7400073409080505,0.9388062953948975,0.8957381844520569,0.0
874,0.0,0.0,0.0,0.0,1.0,0.0,0.8121767044067383,0.47269701957702637,0.48769479990005493,0.8026103377342224,0.9468439221382141,0.9123466610908508,1.0
875,0.0,0.0,0.0,0.0,1.0,0.0,0.7699336409568787,0.631879448890686,0.7723393440246582,0.8999876976013184,0.9355096220970154,0.8563452959060669,3.0
876,0.0,0.0,0.0,0.0,1.0,0.0,0.8306959867477417,0.6923416256904602,0.7332640290260315,0.8044837713241577,0.9468598365783691,0.8623518943786621,4.0
877,0.0,0.0,0.0,0.0,1.0,0.0,0.8402612805366516,0.7755723595619202,0.7639403939247131,0.7955031991004944,0.9323797821998596,0.8761186003684998,4.0
878,0.0,0.0,0.0,0.0,1.0,0.0,0.8402601480484009,0.6024660468101501,0.5540289878845215,0.8892889022827148,0.9487786889076233,0.8160063624382019,4.0
879,0.0,0.0,0.0,0.0,1.0,0.0,0.7288544178009033,0.5632836818695068,0.7152215242385864,0.940294623374939,0.9401446580886841,0.8200167417526245,0.0
880,0.0,0.0,0.0,0.0,1.0,0.0,0.9014740586280823,0.6930922865867615,0.8474613428115845,0.8656586408615112,0.8875854015350342,0.8222317099571228,4.0
881,0.0,0.0,0.0,0.0,1.0,0.0,0.8878912329673767,0.8065634369850159,0.7944779992103577,0.8587287664413452,0.8905466794967651,0.8647897243499756,0.0
882,0.0,0.0,0.0,0.0,1.0,0.0,0.8083609938621521,0.8299902081489563,0.7345238924026489,0.7967689037322998,0.9229211807250977,0.898845911026001,3.0
883,0.0,0.0,0.0,0.0,1.0,0.0,0.8346583247184753,0.6245698928833008,0.6589046716690063,0.7455784678459167,0.9416013956069946,0.9181036949157715,0.0
884,0.0,0.0,0.0,0.0,1.0,0.0,0.6937401294708252,0.40344035625457764,0.4008835256099701,0.8724198937416077,0.966521143913269,0.890857458114624,3.0
885,0.0,0.0,0.0,0.0,1.0,0.0,0.8076103925704956,0.720960795879364,0.9096205234527588,0.886274516582489,0.8887221813201904,0.7899225950241089,3.0
886,0.0,0.0,0.0,0.0,1.0,0.0,0.7142175436019897,0.6034442782402039,0.6281508207321167,0.9521833658218384,0.9226261377334595,0.8383018970489502,1.0
887,0.0,0.0,0.0,0.0,1.0,0.0,0.8403386473655701,0.6687881946563721,0.7016151547431946,0.8214970827102661,0.9489255547523499,0.8390886783599854,2.0
888,0.0,0.0,0.0,0.0,1.0,0.0,0.842912495136261,0.5637132525444031,0.7892870903015137,0.8884957432746887,0.9305166006088257,0.8621878027915955,1.0
889,0.0,0.0,0.0,0.0,1.0,0.0,0.8011767864227295,0.6770515441894531,0.8476073741912842,0.8887507319450378,0.9224783182144165,0.8728152513504028,0.0
890,0.0,0.0,0.0,0.0,1.0,0.0,0.8097856044769287,0.6088809967041016,0.7135337591171265,0.8559419512748718,0.9469398856163025,0.8573114275932312,3.0
891,0.0,0.0,0.0,0.0,1.0,0.0,0.8657719492912292,0.6635706424713135,0.6772924661636353,0.881473958492279,0.917060375213623,0.8794963359832764,0.0
892,0.0,0.0,0.0,0.0,1.0,0.0,0.891376793384552,0.7620571851730347,0.891315221786499,0.8717518448829651,0.8557509183883667,0.8072232007980347,1.0
893,0.0,0.0,0.0,0.0,1.0,0.0,0.7661707401275635,0.49407482147216797,0.5891402959823608,0.9104946851730347,0.9390830397605896,0.8841105699539185,2.0
894,0.0,0.0,0.0,0.0,1.0,0.0,0.7496393322944641,0.6351858973503113,0.723297119140625,0.933565080165863,0.925265908241272,0.8465691804885864,3.0
895,0.0,0.0,0.0,0.0,1.0,0.0,0.8817930221557617,0.7580904960632324,0.6089364886283875,0.7612122893333435,0.9293141961097717,0.8978961110115051,4.0
896,0.0,0.0,0.0,0.0,1.0,0.0,0.8406619429588318,0.6485058069229126,0.6288020610809326,0.8483599424362183,0.9400804042816162,0.8588279485702515,4.0
897,0.0,0.0,0.0,0.0,1.0,0.0,0.8303344249725342,0.8192560076713562,0.8283364772796631,0.9021226763725281,0.8791801929473877,0.8211408853530884,2.0
898,0.0,0.0,0.0,0.0,1.0,0.0,0.8923162817955017,0.5214551091194153,0.5666800737380981,0.765945553779602,0.9183643460273743,0.9011411070823669,3.0
899,0.0,0.0,0.0,0.0,1.0,0.0,0.8137887716293335,0.6079267263412476,0.8382951021194458,0.9076089262962341,0.9291571378707886,0.8155017495155334,3.0
900,0.0,0.0,0.0,0.0,1.0,0.0,0.8122226595878601,0.6058193445205688,0.695794939994812,0.8766558170318604,0.940514087677002,0.8905400633811951,1.0
901,0.0,0.0,0.0,1.0,1.0,0.0,0.6519244313240051,0.6886676549911499,0.8593144416809082,0.9507849216461182,0.9196048378944397,0.6742677688598633,2.0
902,0.0,0.0,0.0,0.0,1.0,0.0,0.82196444272995,0.7611082792282104,0.8083642721176147,0.8902115821838379,0.8873546719551086,0.9069828987121582,1.0
903,0.0,0.0,0.0,0.0,1.0,0.0,0.725973904132843,0.7340036630630493,0.7041454315185547,0.852932333946228,0.9368294477462769,0.9033071398735046,0.0
904,0.0,0.0,0.0,1.0,1.0,0.0,0.7837513089179993,0.7834910154342651,0.6645346283912659,0.9302136301994324,0.9316284656524658,0.7914591431617737,2.0
905,0.0,0.0,0.0,0.0,1.0,0.0,0.8332260847091675,0.5530065894126892,0.37655386328697205,0.8311744332313538,0.9478108882904053,0.90008145570755,2.0
906,0.0,0.0,0.0,0.0,1.0,0.0,0.743081271648407,0.6020569205284119,0.7331172823905945,0.9174126982688904,0.9399478435516357,0.8832876682281494,1.0
907,0.0,0.0,0.0,0.0,1.0,0.0,0.816622793674469,0.5834808945655823,0.8391076922416687,0.8973687887191772,0.9360703229904175,0.8515660166740417,0.0
908,0.0,0.0,0.0,0.0,1.0,0.0,0.8484869003295898,0.5817998647689819,0.6629472374916077,0.9280911087989807,0.8962499499320984,0.8557008504867554,3.0
909,0.0,0.0,0.0,0.0,1.0,0.0,0.8227719664573669,0.5806072354316711,0.6286001801490784,0.9165220260620117,0.932399570941925,0.8803552985191345,2.0
910,0.0,0.0,0.0,0.0,1.0,0.0,0.8002840876579285,0.4930068254470825,0.6930480599403381,0.9192260503768921,0.9292245507240295,0.9075108170509338,2.0
911,0.0,0.0,0.0,0.0,1.0,0.0,0.850803017616272,0.7953652143478394,0.769642174243927,0.9258392453193665,0.8992919325828552,0.7860684990882874,4.0
912,0.0,0.0,0.0,0.0,1.0,0.0,0.9216552972793579,0.8341500163078308,0.819006621837616,0.8160508871078491,0.860234797000885,0.8734818696975708,3.0
913,0.0,0.0,0.0,0.0,1.0,0.0,0.8698127269744873,0.8705896735191345,0.896429717540741,0.867763102054596,0.819698691368103,0.7721275687217712,0.0
914,0.0,0.0,0.0,0.0,1.0,0.0,0.8918502330780029,0.7640252709388733,0.6871352195739746,0.8819425702095032,0.8874149322509766,0.8704936504364014,2.0
915,0.0,0.0,0.0,0.0,1.0,0.0,0.8558712601661682,0.705744206905365,0.8013577461242676,0.7289118766784668,0.9290350675582886,0.8839002251625061,1.0
916,0.0,0.0,0.0,0.0,1.0,0.0,0.8062307238578796,0.6435455679893494,0.5510025024414062,0.8433957099914551,0.9404636025428772,0.9049070477485657,1.0
917,0.0,0.0,0.0,0.0,1.0,0.0,0.7085673213005066,0.46773862838745117,0.6464881300926208,0.9103253483772278,0.948104977607727,0.895182728767395,2.0
918,0.0,0.0,0.0,0.0,1.0,0.0,0.7367240190505981,0.7156546711921692,0.8451951742172241,0.9341453313827515,0.9165952205657959,0.6789348721504211,3.0
919,0.0,0.0,0.0,0.0,1.0,0.0,0.795860767364502,0.5678450465202332,0.3828109800815582,0.7523014545440674,0.9561579823493958,0.9107392430305481,3.0
920,0.0,0.0,0.0,0.0,1.0,0.0,0.7502351403236389,0.513195812702179,0.4078017771244049,0.889863133430481,0.9569677710533142,0.8571732044219971,4.0
921,0.0,0.0,0.0,0.0,1.0,0.0,0.6333236694335938,0.5135261416435242,0.47023969888687134,0.8698540329933167,0.9655805826187134,0.834534227848053,2.0
922,0.0,0.0,0.0,0.0,1.0,0.0,0.8169285655021667,0.6082378029823303,0.6079685688018799,0.8869059085845947,0.9381590485572815,0.9004711508750916,2.0
923,0.0,0.0,0.0,1.0,1.0,0.0,0.7499396800994873,0.6553674340248108,0.8678176403045654,0.9389218688011169,0.911226212978363,0.7450132966041565,1.0
924,0.0,0.0,0.0,0.0,1.0,0.0,0.6501237750053406,0.673707127571106,0.3908677399158478,0.7489119172096252,0.9480404853820801,0.9101467728614807,3.0
925,0.0,0.0,0.0,0.0,1.0,0.0,0.770617663860321,0.4201650023460388,0.4386691153049469,0.7822376489639282,0.9499135613441467,0.9359400868415833,1.0
926,0.0,0.0,0.0,0.0,1.0,0.0,0.8518894910812378,0.8566890954971313,0.5331645011901855,0.7085320353507996,0.9255649447441101,0.8830187916755676,0.0
927,0.0,0.0,0.0,0.0,1.0,0.0,0.7806799411773682,0.7744963765144348,0.6093744039535522,0.8224794864654541,0.917244553565979,0.9209926128387451,0.0
928,0.0,0.0,0.0,0.0,1.0,0.0,0.767645537853241,0.8623099327087402,0.7049725651741028,0.7810222506523132,0.931685745716095,0.8625532388687134,3.0
929,0.0,0.0,0.0,0.0,1.0,0.0,0.8295674920082092,0.46297627687454224,0.5305283069610596,0.7601428627967834,0.9388944506645203,0.9334709644317627,0.0
930,0.0,0.0,0.0,0.0,1.0,0.0,0.8256170153617859,0.4972195029258728,0.6152955293655396,0.8651496767997742,0.9216465950012207,0.9184408783912659,0.0
931,0.0,0.0,0.0,0.0,1.0,0.0,0.8423854112625122,0.3837868571281433,0.5951101779937744,0.9248412847518921,0.9119696617126465,0.8435765504837036,1.0
932,0.0,0.0,0.0,0.0,1.0,0.0,0.913004457950592,0.7952969074249268,0.6011690497398376,0.7516068816184998,0.873857855796814,0.9219103455543518,0.0
933,0.0,0.0,0.0,0.0,1.0,0.0,0.7017101049423218,0.6400024890899658,0.41980260610580444,0.8494025468826294,0.944443941116333,0.9165033102035522,3.0
934,0.0,0.0,0.0,0.0,1.0,0.0,0.8196322917938232,0.5063744187355042,0.4156900942325592,0.8409461975097656,0.9506055116653442,0.8903233408927917,3.0
935,0.0,0.0,0.0,0.0,1.0,0.0,0.8107309341430664,0.6226816177368164,0.5111987590789795,0.8556734919548035,0.9523383975028992,0.8762620091438293,2.0
936,0.0,0.0,0.0,0.0,1.0,0.0,0.8252466320991516,0.6334417462348938,0.48540976643562317,0.8905678987503052,0.9322554469108582,0.8899470567703247,2.0
937,0.0,0.0,0.0,0.0,1.0,0.0,0.7030754089355469,0.40424856543540955,0.6506306529045105,0.9620511531829834,0.9211292266845703,0.8290743827819824,0.0
938,0.0,0.0,0.0,0.0,1.0,0.0,0.8500542044639587,0.8386917114257812,0.8228591680526733,0.8395431041717529,0.905647873878479,0.8473048806190491,2.0
939,0.0,0.0,0.0,0.0,1.0,0.0,0.7851511836051941,0.6666384935379028,0.7368069887161255,0.9379956126213074,0.9274740815162659,0.814230740070343,2.0
940,0.0,0.0,0.0,0.0,1.0,0.0,0.8151251673698425,0.5258501172065735,0.7730199694633484,0.9391101598739624,0.9016794562339783,0.7767792344093323,0.0
941,0.0,0.0,0.0,0.0,1.0,0.0,0.8793784379959106,0.7833186984062195,0.5282357931137085,0.690485954284668,0.9183202981948853,0.9221094846725464,1.0
942,0.0,0.0,0.0,0.0,1.0,0.0,0.846637487411499,0.6959034204483032,0.605742335319519,0.9255640506744385,0.9229779839515686,0.7966481447219849,1.0
943,0.0,0.0,0.0,0.0,1.0,0.0,0.8151342272758484,0.47012418508529663,0.5523737668991089,0.9000037312507629,0.9442108273506165,0.890334963798523,2.0
944,0.0,0.0,0.0,0.0,1.0,0.0,0.8123867511749268,0.7440268993377686,0.6708337068557739,0.7817781567573547,0.9411061406135559,0.8947891592979431,0.0
945,0.0,0.0,0.0,0.0,1.0,0.0,0.8580868244171143,0.5768665075302124,0.5590092539787292,0.8607451319694519,0.9290053248405457,0.9095689654350281,3.0
946,0.0,0.0,0.0,0.0,1.0,0.0,0.8217628598213196,0.3731688857078552,0.40537193417549133,0.8735343217849731,0.9471536874771118,0.8960380554199219,2.0
947,0.0,0.0,0.0,0.0,1.0,0.0,0.7529578804969788,0.44145455956459045,0.7043139934539795,0.9376267194747925,0.9448531866073608,0.8329975008964539,3.0
948,0.0,0.0,0.0,0.0,1.0,0.0,0.881144106388092,0.6172971725463867,0.7593974471092224,0.8827153444290161,0.92617267370224,0.8279880881309509,0.0
949,0.0,0.0,0.0,0.0,1.0,0.0,0.8093453645706177,0.8069473505020142,0.7516397833824158,0.8212308883666992,0.9215748310089111,0.9139528870582581,0.0
950,0.0,0.0,0.0,0.0,1.0,0.0,0.7404796481132507,0.6456409692764282,0.4411274790763855,0.7024272680282593,0.9412187337875366,0.9320240616798401,2.0
951,0.0,0.0,0.0,0.0,1.0,0.0,0.8170451521873474,0.6384561657905579,0.817375659942627,0.9235358238220215,0.9138379096984863,0.8571879863739014,2.0
952,0.0,0.0,0.0,0.0,1.0,0.0,0.9138347506523132,0.8540465831756592,0.6565707325935364,0.7059835195541382,0.8749964833259583,0.90676349401474,1.0
953,0.0,0.0,0.0,0.0,1.0,0.0,0.7613732814788818,0.6358883380889893,0.5232623815536499,0.8175767660140991,0.9434067606925964,0.9249879121780396,3.0
954,0.0,0.0,0.0,0.0,1.0,0.0,0.8328760266304016,0.4202021360397339,0.36948609352111816,0.7888182401657104,0.9460521936416626,0.9120694398880005,4.0
955,0.0,0.0,0.0,0.0,1.0,0.0,0.9168140292167664,0.574091374874115,0.46174147725105286,0.734215497970581,0.9113897681236267,0.8662501573562622,4.0
956,0.0,0.0,0.0,0.0,1.0,0.0,0.8304532170295715,0.653864324092865,0.5630710124969482,0.7556883692741394,0.9307722449302673,0.9347346425056458,4.0
957,0.0,0.0,0.0,0.0,1.0,0.0,0.8449512720108032,0.5839701294898987,0.4323900043964386,0.7181450724601746,0.925009548664093,0.9300186038017273,4.0
958,0.0,0.0,0.0,0.0,1.0,0.0,0.7885879874229431,0.7026115655899048,0.6938971877098083,0.8709955811500549,0.9341400861740112,0.9040241241455078,3.0
959,0.0,0.0,0.0,0.0,1.0,0.0,0.8386971950531006,0.7000951170921326,0.6903056502342224,0.7231927514076233,0.9316324591636658,0.9214919805526733,4.0
960,0.0,0.0,0.0,0.0,1.0,0.0,0.9107303619384766,0.6290909051895142,0.7220134735107422,0.8508735299110413,0.904714822769165,0.8341866135597229,4.0
961,0.0,0.0,0.0,0.0,1.0,0.0,0.8078667521476746,0.7774263620376587,0.6355001330375671,0.780668318271637,0.9416705965995789,0.8814351558685303,1.0
962,0.0,0.0,0.0,0.0,1.0,0.0,0.769523024559021,0.3996635675430298,0.36533480882644653,0.8727550506591797,0.9551061987876892,0.8877071738243103,0.0
963,0.0,0.0,0.0,0.0,1.0,0.0,0.8120758533477783,0.5815028548240662,0.4910660982131958,0.8311675190925598,0.9415266513824463,0.9178186058998108,1.0
964,0.0,0.0,0.0,0.0,1.0,0.0,0.9117380976676941,0.9017011523246765,0.8003758192062378,0.7487433552742004,0.836587131023407,0.8751062750816345,0.0
965,0.0,0.0,0.0,0.0,1.0,0.0,0.8266867399215698,0.7938738465309143,0.7916499376296997,0.8384354710578918,0.9217590093612671,0.901577889919281,0.0
966,0.0,0.0,0.0,0.0,1.0,0.0,0.7909290790557861,0.45496484637260437,0.4905703663825989,0.9137114882469177,0.9467611908912659,0.879443347454071,2.0
967,0.0,0.0,0.0,0.0,1.0,0.0,0.8988797068595886,0.7557900547981262,0.8147596120834351,0.8187898993492126,0.8907923102378845,0.8771846294403076,3.0
968,0.0,0.0,0.0,0.0,1.0,0.0,0.8662740588188171,0.5794260501861572,0.7237632274627686,0.8513281345367432,0.9311909675598145,0.8776719570159912,2.0
969,0.0,0.0,0.0,0.0,1.0,0.0,0.8630702495574951,0.6659825444221497,0.72993403673172,0.8206300735473633,0.9273163080215454,0.8941870927810669,4.0
970,0.0,0.0,0.0,0.0,1.0,0.0,0.8690717220306396,0.7792337536811829,0.8580046892166138,0.8161583542823792,0.8978479504585266,0.8750473260879517,3.0
971,0.0,0.0,0.0,0.0,1.0,0.0,0.907230019569397,0.7898613810539246,0.7450141906738281,0.7244230508804321,0.92304527759552,0.8766703009605408,4.0
972,0.0,0.0,0.0,0.0,1.0,0.0,0.8558444976806641,0.5313959717750549,0.5357757210731506,0.6562361717224121,0.9337383508682251,0.9136837124824524,4.0
973,0.0,0.0,0.0,0.0,1.0,0.0,0.843743622303009,0.543998658657074,0.43470290303230286,0.7479190826416016,0.9387619495391846,0.9252831935882568,1.0
974,0.0,0.0,0.0,0.0,1.0,0.0,0.8054860234260559,0.5223519206047058,0.33474382758140564,0.8266777992248535,0.9437360167503357,0.9135623574256897,0.0
975,0.0,0.0,0.0,0.0,1.0,0.0,0.815784752368927,0.40254300832748413,0.42190903425216675,0.7409132122993469,0.9502388834953308,0.9152024984359741,4.0
976,0.0,0.0,0.0,0.0,1.0,0.0,0.8624604940414429,0.44912126660346985,0.6210390329360962,0.9006093740463257,0.9010726809501648,0.8330022096633911,0.0
977,0.0,0.0,0.0,0.0,1.0,0.0,0.7889368534088135,0.33266109228134155,0.4898976683616638,0.9533627033233643,0.9169945120811462,0.7692538499832153,3.0
978,0.0,0.0,0.0,0.0,1.0,0.0,0.8270995020866394,0.4845024645328522,0.624316394329071,0.9413498640060425,0.8992623686790466,0.77686607837677,1.0
979,0.0,0.0,0.0,0.0,1.0,0.0,0.8463226556777954,0.9214053750038147,0.8478059768676758,0.9020478129386902,0.7155278921127319,0.658671498298645,0.0
980,0.0,0.0,0.0,0.0,1.0,0.0,0.8540822267532349,0.6906652450561523,0.6810200810432434,0.8100873231887817,0.925444483757019,0.910988986492157,4.0
981,0.0,0.0,0.0,0.0,1.0,0.0,0.8099187612533569,0.7121390700340271,0.6610884070396423,0.875646710395813,0.9364326596260071,0.868413507938385,2.0
982,0.0,0.0,0.0,0.0,1.0,0.0,0.8139611482620239,0.4921932518482208,0.5026766061782837,0.8927802443504333,0.9334111213684082,0.9027652144432068,2.0
983,0.0,0.0,0.0,0.0,1.0,0.0,0.726658046245575,0.8059118986129761,0.8718060255050659,0.9318940043449402,0.8717759847640991,0.652144730091095,3.0
984,0.0,0.0,0.0,0.0,1.0,0.0,0.9176038503646851,0.9003495573997498,0.6634689569473267,0.8099573850631714,0.8709336519241333,0.8485961556434631,2.0
985,0.0,0.0,0.0,0.0,1.0,0.0,0.7787107229232788,0.7347213625907898,0.8429271578788757,0.9256702661514282,0.9092767238616943,0.7578946948051453,2.0
986,0.0,0.0,0.0,0.0,1.0,0.0,0.7648575305938721,0.7400661110877991,0.8479687571525574,0.9066950082778931,0.9299001693725586,0.8002346158027649,1.0
987,0.0,0.0,0.0,0.0,1.0,0.0,0.8274210691452026,0.6083993911743164,0.6988365650177002,0.8245296478271484,0.9387388825416565,0.9176038503646851,2.0
988,0.0,0.0,0.0,0.0,1.0,0.0,0.779361367225647,0.5169392824172974,0.6030892133712769,0.7682566046714783,0.9614471197128296,0.8946189880371094,0.0
989,0.0,0.0,0.0,1.0,1.0,0.0,0.7563589215278625,0.5888366103172302,0.7650995254516602,0.9452574849128723,0.9207527041435242,0.7832242846488953,3.0
990,0.0,0.0,0.0,0.0,1.0,0.0,0.8051491379737854,0.8768908381462097,0.6538825035095215,0.8073319792747498,0.9174945950508118,0.8382074236869812,0.0
991,0.0,0.0,0.0,0.0,1.0,0.0,0.8518646955490112,0.8404483199119568,0.7464194297790527,0.8422430753707886,0.9132005572319031,0.8284569382667542,4.0
992,0.0,0.0,0.0,0.0,1.0,0.0,0.8464369177818298,0.5323035717010498,0.4902631342411041,0.7933100461959839,0.9541760087013245,0.8781082034111023,4.0
993,0.0,0.0,0.0,0.0,1.0,0.0,0.8772140145301819,0.6785085797309875,0.6419050693511963,0.878180742263794,0.9158855080604553,0.8919410109519958,2.0
994,0.0,0.0,0.0,0.0,1.0,0.0,0.726349413394928,0.44125285744667053,0.6448653340339661,0.9318746328353882,0.9439409971237183,0.877819299697876,2.0
995,0.0,0.0,0.0,0.0,1.0,0.0,0.7012068033218384,0.6830642819404602,0.8984957337379456,0.9237474799156189,0.9237422943115234,0.6746154427528381,4.0
996,0.0,0.0,0.0,0.0,1.0,0.0,0.8678643107414246,0.7236023545265198,0.8004300594329834,0.8531150817871094,0.9144166707992554,0.8995381593704224,4.0
997,0.0,0.0,0.0,0.0,1.0,0.0,0.788287341594696,0.7955362200737,0.8964000940322876,0.914673388004303,0.88400799036026,0.7354122400283813,2.0
998,0.0,0.0,0.0,0.0,1.0,0.0,0.8336758613586426,0.5141635537147522,0.6251997947692871,0.8567848205566406,0.9457910656929016,0.8536919951438904,1.0
999,0.0,0.0,0.0,0.0,0.0,1.0,0.9192890524864197,0.8243294954299927,0.7718788385391235,0.6645327210426331,0.8221047520637512,0.9351070523262024,2.0
1000,0.0,0.0,0.0,0.0,0.0,1.0,0.843590497970581,0.5390485525131226,0.7192971110343933,0.7435405850410461,0.9228846430778503,0.9365424513816833,1.0
1001,0.0,0.0,0.0,0.0,0.0,1.0,0.8328683376312256,0.5978219509124756,0.657987654209137,0.7673044204711914,0.9210076928138733,0.9394389986991882,0.0
1002,0.0,0.0,0.0,0.0,0.0,1.0,0.888127326965332,0.786438524723053,0.8418387174606323,0.6053252220153809,0.8420192003250122,0.9315784573554993,2.0
1003,0.0,0.0,0.0,0.0,0.0,1.0,0.8372757434844971,0.6834715604782104,0.6985097527503967,0.7720291614532471,0.9069370627403259,0.9334123134613037,2.0
1004,0.0,0.0,0.0,0.0,0.0,1.0,0.8584089279174805,0.7545471787452698,0.8033633828163147,0.761022686958313,0.8847586512565613,0.9293686747550964,1.0
1005,0.0,0.0,0.0,0.0,0.0,1.0,0.7889853119850159,0.6563422679901123,0.6953102350234985,0.8971108198165894,0.9313664436340332,0.9015568494796753,1.0
1006,0.0,0.0,0.0,0.0,0.0,1.0,0.79023677110672,0.6136941313743591,0.6535174250602722,0.830902099609375,0.9351273775100708,0.9189435839653015,2.0
1007,0.0,0.0,0.0,0.0,0.0,1.0,0.9141526222229004,0.8353171348571777,0.8578813076019287,0.5979828834533691,0.8216710090637207,0.8907865285873413,2.0
1008,0.0,0.0,0.0,0.0,0.0,1.0,0.8699681758880615,0.7338646650314331,0.6993006467819214,0.7214005589485168,0.9299048781394958,0.924208402633667,4.0
1009,0.0,0.0,0.0,0.0,0.0,1.0,0.8460895419120789,0.7050818204879761,0.7052271962165833,0.6756709814071655,0.9037110209465027,0.9461987018585205,2.0
1010,0.0,0.0,0.0,0.0,0.0,1.0,0.8183524012565613,0.7858096957206726,0.7236472964286804,0.7436892986297607,0.8741870522499084,0.9480016827583313,0.0
1011,0.0,0.0,0.0,0.0,0.0,1.0,0.8602985143661499,0.730410099029541,0.7169477939605713,0.7674436569213867,0.9214723706245422,0.9169042110443115,4.0
1012,0.0,0.0,0.0,0.0,0.0,1.0,0.8628672361373901,0.6521778702735901,0.6355092525482178,0.7880795001983643,0.9159181714057922,0.9337976574897766,4.0
1013,0.0,0.0,0.0,0.0,0.0,1.0,0.8769616484642029,0.48003852367401123,0.43177530169487,0.6366520524024963,0.9421499371528625,0.9285136461257935,2.0
1014,0.0,0.0,0.0,0.0,0.0,1.0,0.8423657417297363,0.7129507660865784,0.5697558522224426,0.6820099949836731,0.9278398752212524,0.9374986886978149,1.0
1015,0.0,0.0,0.0,0.0,0.0,1.0,0.7804626822471619,0.6665668487548828,0.6550456881523132,0.8378504514694214,0.9317444562911987,0.9262996912002563,4.0
1016,0.0,0.0,0.0,0.0,0.0,1.0,0.8537219762802124,0.6129602789878845,0.7226554155349731,0.7404833436012268,0.9183646440505981,0.9368962049484253,4.0
1017,0.0,0.0,0.0,0.0,0.0,1.0,0.8395088911056519,0.6325171589851379,0.6802701354026794,0.7360278964042664,0.9171831011772156,0.9379712343215942,0.0
1018,0.0,0.0,0.0,0.0,0.0,1.0,0.8845648765563965,0.6530892848968506,0.5596675872802734,0.712371826171875,0.9291415810585022,0.9274365305900574,1.0
1019,0.0,0.0,0.0,0.0,0.0,1.0,0.8702843189239502,0.7371496558189392,0.6131860017776489,0.7375928163528442,0.9213457703590393,0.9287131428718567,3.0
1020,0.0,0.0,0.0,0.0,0.0,1.0,0.8905817866325378,0.8540558815002441,0.8738659620285034,0.774078905582428,0.8393757343292236,0.8882910013198853,4.0
1021,0.0,0.0,0.0,0.0,0.0,1.0,0.8691813349723816,0.8444127440452576,0.7048947215080261,0.6087870597839355,0.8905333876609802,0.9382107257843018,4.0
1022,0.0,0.0,0.0,0.0,0.0,1.0,0.7644971609115601,0.46561193466186523,0.4006330966949463,0.74847811460495,0.9518069624900818,0.931787371635437,2.0
1023,0.0,0.0,0.0,0.0,0.0,1.0,0.9056521058082581,0.843488872051239,0.865360677242279,0.7452503442764282,0.7991387844085693,0.9027552008628845,0.0
1024,0.0,0.0,0.0,0.0,0.0,1.0,0.8477117419242859,0.6462062001228333,0.40403062105178833,0.6596777439117432,0.932138204574585,0.940432071685791,3.0
1025,0.0,0.0,0.0,0.0,0.0,1.0,0.8242307901382446,0.6817194223403931,0.49157243967056274,0.7686849236488342,0.9006194472312927,0.9442665576934814,0.0
1026,0.0,0.0,0.0,0.0,0.0,1.0,0.8751869201660156,0.6447619199752808,0.5479827523231506,0.7790295481681824,0.9093999266624451,0.9282770156860352,3.0
1027,0.0,0.0,0.0,0.0,0.0,1.0,0.8862197399139404,0.795315682888031,0.6946156620979309,0.7417259812355042,0.9096236824989319,0.9070605039596558,0.0
1028,0.0,0.0,0.0,0.0,0.0,1.0,0.8538385629653931,0.7287929058074951,0.727501630783081,0.8693698644638062,0.9100757837295532,0.9100538492202759,4.0
1029,0.0,0.0,0.0,0.0,0.0,1.0,0.896775484085083,0.7849572896957397,0.7424171566963196,0.7168821692466736,0.8743641972541809,0.9297966957092285,0.0
1030,0.0,0.0,0.0,0.0,0.0,1.0,0.8584755659103394,0.7961697578430176,0.760666012763977,0.7288925647735596,0.8928924202919006,0.9378435015678406,3.0
1031,0.0,0.0,0.0,0.0,0.0,1.0,0.6823033690452576,0.6235416531562805,0.6409540772438049,0.913116455078125,0.9383057355880737,0.8915178775787354,3.0
1032,0.0,0.0,0.0,0.0,0.0,1.0,0.7718169093132019,0.6670565605163574,0.5469082593917847,0.841035783290863,0.936467707157135,0.9198451638221741,3.0
1033,0.0,0.0,0.0,0.0,0.0,1.0,0.8004178404808044,0.87275630235672,0.7478296160697937,0.8131253719329834,0.8943376541137695,0.9175763726234436,0.0
1034,0.0,0.0,0.0,0.0,0.0,1.0,0.8247846364974976,0.7879633903503418,0.7349270582199097,0.8867700695991516,0.9038288593292236,0.9072408080101013,1.0
1035,0.0,0.0,0.0,0.0,0.0,1.0,0.8581059575080872,0.6207796335220337,0.604282021522522,0.8277386426925659,0.9266537427902222,0.9314711093902588,3.0
1036,0.0,0.0,0.0,0.0,0.0,1.0,0.8636887669563293,0.5469536781311035,0.42699721455574036,0.8385127186775208,0.9286321401596069,0.8903084993362427,1.0
1037,0.0,0.0,0.0,0.0,0.0,1.0,0.8985024690628052,0.764336884021759,0.6764061450958252,0.8108040690422058,0.8814399242401123,0.879187822341919,1.0
1038,0.0,0.0,0.0,0.0,0.0,1.0,0.8272442817687988,0.6175354719161987,0.6700273752212524,0.9177691340446472,0.9327144622802734,0.8611602187156677,4.0
1039,0.0,0.0,0.0,0.0,0.0,1.0,0.8299745917320251,0.5485973954200745,0.5260054469108582,0.8500800728797913,0.9402797222137451,0.8927555680274963,4.0
1040,0.0,0.0,0.0,0.0,0.0,1.0,0.8870705962181091,0.877628743648529,0.7007505893707275,0.7044751048088074,0.8921993374824524,0.8941525816917419,2.0
1041,0.0,0.0,0.0,0.0,0.0,1.0,0.8251652717590332,0.8336204290390015,0.7358331084251404,0.8073669672012329,0.9087116718292236,0.9112944006919861,0.0
1042,0.0,0.0,0.0,0.0,0.0,1.0,0.8208603262901306,0.718182384967804,0.41954654455184937,0.7813005447387695,0.9274095892906189,0.9285327196121216,3.0
1043,0.0,0.0,0.0,0.0,0.0,1.0,0.8786959648132324,0.5775987505912781,0.6104398369789124,0.8654139637947083,0.9173592329025269,0.9023574590682983,1.0
1044,0.0,0.0,0.0,0.0,0.0,1.0,0.8693897724151611,0.5129565000534058,0.4372313916683197,0.891238808631897,0.919837474822998,0.8520325422286987,1.0
1045,0.0,0.0,0.0,0.0,0.0,1.0,0.8573731184005737,0.8763742446899414,0.7451871633529663,0.7827051281929016,0.8859999775886536,0.909182608127594,4.0
1046,0.0,0.0,0.0,0.0,0.0,1.0,0.8605936169624329,0.8477890491485596,0.6399751305580139,0.712285041809082,0.9176474213600159,0.9087357521057129,3.0
1047,0.0,0.0,0.0,0.0,0.0,1.0,0.8422548174858093,0.8359028100967407,0.769363284111023,0.7558338642120361,0.8955767750740051,0.9216097593307495,1.0
1048,0.0,0.0,0.0,0.0,0.0,1.0,0.8739539980888367,0.7467923164367676,0.8389837741851807,0.8194755911827087,0.8679388165473938,0.9113779664039612,3.0
1049,0.0,0.0,0.0,0.0,0.0,1.0,0.8162287473678589,0.7350054979324341,0.5500730276107788,0.7806218862533569,0.9291160702705383,0.9300355315208435,3.0
1050,0.0,0.0,0.0,0.0,0.0,1.0,0.7826569676399231,0.7675098776817322,0.6059326529502869,0.7895967364311218,0.9420612454414368,0.9046834707260132,1.0
1051,0.0,0.0,0.0,0.0,0.0,1.0,0.8657266497612,0.8619105219841003,0.6891409158706665,0.7716073989868164,0.8833961486816406,0.924585223197937,4.0
1052,0.0,0.0,0.0,0.0,0.0,1.0,0.8768294453620911,0.8149853348731995,0.6657599806785583,0.7832727432250977,0.9036698341369629,0.9165855050086975,2.0
1053,0.0,0.0,0.0,0.0,0.0,1.0,0.8716015815734863,0.6363656520843506,0.5951120257377625,0.652685821056366,0.9182842373847961,0.9413602352142334,0.0
1054,0.0,0.0,0.0,0.0,0.0,1.0,0.8689202070236206,0.8890436887741089,0.8107759952545166,0.6635758280754089,0.880042552947998,0.9218428730964661,1.0
1055,0.0,0.0,0.0,0.0,0.0,1.0,0.8193737864494324,0.5536602735519409,0.5583207011222839,0.803066611289978,0.9323433041572571,0.9381718039512634,0.0
1056,0.0,0.0,0.0,0.0,0.0,1.0,0.8605204224586487,0.6954183578491211,0.6074678897857666,0.6945760846138,0.9017276167869568,0.9422674775123596,1.0
1057,0.0,0.0,0.0,0.0,0.0,1.0,0.901339590549469,0.8458276987075806,0.6781377196311951,0.6505199074745178,0.8722436428070068,0.9335512518882751,0.0
1058,0.0,0.0,0.0,0.0,0.0,1.0,0.7141035199165344,0.5471448302268982,0.5006591081619263,0.8336944580078125,0.9545295238494873,0.8905277252197266,2.0
1059,0.0,0.0,0.0,0.0,0.0,1.0,0.8805872797966003,0.7252658605575562,0.49466440081596375,0.7998549342155457,0.912442147731781,0.9240948557853699,4.0
1060,0.0,0.0,0.0,0.0,0.0,1.0,0.8825735449790955,0.5952797532081604,0.3527257442474365,0.7983947992324829,0.9287657141685486,0.8757537603378296,4.0
1061,0.0,0.0,0.0,0.0,0.0,1.0,0.7287744879722595,0.7133496403694153,0.7788543701171875,0.8971554636955261,0.9356857538223267,0.8802069425582886,0.0
1062,0.0,0.0,0.0,0.0,0.0,1.0,0.8043744564056396,0.4366328716278076,0.42110326886177063,0.8178636431694031,0.9448535442352295,0.9292026162147522,3.0
1063,0.0,0.0,0.0,0.0,0.0,1.0,0.8509702682495117,0.5573623180389404,0.7752889394760132,0.8925872445106506,0.9171087145805359,0.8779333829879761,3.0
1064,0.0,0.0,0.0,0.0,0.0,1.0,0.8587066531181335,0.8376781940460205,0.7446302175521851,0.8310423493385315,0.8819862008094788,0.9026731252670288,2.0
1065,0.0,0.0,0.0,0.0,0.0,1.0,0.8733928203582764,0.54634028673172,0.662483274936676,0.8442115187644958,0.9190679788589478,0.8996009826660156,3.0
1066,0.0,0.0,0.0,0.0,0.0,1.0,0.7250872254371643,0.48506778478622437,0.5069231986999512,0.7810078263282776,0.9477341175079346,0.9320739507675171,4.0
1067,0.0,0.0,0.0,0.0,0.0,1.0,0.8460106253623962,0.9259345531463623,0.8560097813606262,0.8348582983016968,0.8133506178855896,0.783706784248352,1.0
1068,0.0,0.0,0.0,0.0,0.0,1.0,0.8292604684829712,0.8444960117340088,0.5945494174957275,0.7306737303733826,0.911745548248291,0.9245420098304749,0.0
1069,0.0,0.0,0.0,0.0,0.0,1.0,0.8218069672584534,0.8108014464378357,0.6432324647903442,0.6730350255966187,0.9038312435150146,0.9376583099365234,4.0
1070,0.0,0.0,0.0,0.0,0.0,1.0,0.8694552183151245,0.6815428137779236,0.6999673843383789,0.7439736723899841,0.9271958470344543,0.9103794097900391,4.0
1071,0.0,0.0,0.0,0.0,0.0,1.0,0.8029324412345886,0.9119431972503662,0.7964971661567688,0.6603853106498718,0.8983063101768494,0.8489618897438049,1.0
1072,0.0,0.0,0.0,0.0,0.0,1.0,0.812366783618927,0.7415253520011902,0.6697359085083008,0.6936293840408325,0.8955773711204529,0.9414166808128357,2.0
1073,0.0,0.0,0.0,0.0,0.0,1.0,0.8230819702148438,0.7889488935470581,0.574068546295166,0.7177982926368713,0.931805431842804,0.9233044981956482,1.0
1074,0.0,0.0,0.0,0.0,0.0,1.0,0.7642930150032043,0.7858417630195618,0.5144187211990356,0.7303299903869629,0.9175570011138916,0.9365642070770264,3.0
1075,0.0,0.0,0.0,0.0,0.0,1.0,0.8042616844177246,0.49924975633621216,0.47440674901008606,0.8362451791763306,0.9350136518478394,0.93232262134552,0.0
1076,0.0,0.0,0.0,0.0,0.0,1.0,0.8209694027900696,0.4542187452316284,0.38156595826148987,0.7133747339248657,0.9392319917678833,0.937962532043457,4.0
1077,0.0,0.0,0.0,0.0,0.0,1.0,0.7618927359580994,0.469089537858963,0.5215428471565247,0.8340608477592468,0.9545282125473022,0.9002662301063538,4.0
1078,0.0,0.0,0.0,0.0,0.0,1.0,0.7234064340591431,0.6687469482421875,0.5761451721191406,0.7906398177146912,0.9446375370025635,0.9123246669769287,0.0
1079,0.0,0.0,0.0,0.0,0.0,1.0,0.9059725403785706,0.6467632055282593,0.7290574908256531,0.7047573924064636,0.8934303522109985,0.9300533533096313,3.0
1080,0.0,0.0,0.0,0.0,0.0,1.0,0.9002828001976013,0.640508234500885,0.5029478669166565,0.7358400821685791,0.9111136794090271,0.9237092137336731,2.0
1081,0.0,0.0,0.0,0.0,0.0,1.0,0.860867440700531,0.5584126710891724,0.6088213920593262,0.7359587550163269,0.9343340396881104,0.9239615201950073,4.0
1082,0.0,0.0,0.0,0.0,0.0,1.0,0.8992842435836792,0.6146080493927002,0.6448687314987183,0.6619235873222351,0.9140813946723938,0.9334449172019958,4.0
1083,0.0,0.0,0.0,0.0,0.0,1.0,0.862977921962738,0.9102811813354492,0.6240748167037964,0.5829832553863525,0.845931887626648,0.9308902621269226,1.0
1084,0.0,0.0,0.0,0.0,0.0,1.0,0.832806408405304,0.4696236848831177,0.34981071949005127,0.7562231421470642,0.9450643062591553,0.9294599294662476,1.0
1085,0.0,0.0,0.0,0.0,0.0,1.0,0.8500903248786926,0.6338943839073181,0.5592743158340454,0.7928732633590698,0.9183409810066223,0.934135913848877,1.0
1086,0.0,0.0,0.0,0.0,0.0,1.0,0.9274959564208984,0.8628296256065369,0.7018360495567322,0.7072663903236389,0.8490782976150513,0.9182260036468506,2.0
1087,0.0,0.0,0.0,0.0,0.0,1.0,0.86692875623703,0.6213712096214294,0.6305232644081116,0.767460286617279,0.8942209482192993,0.9415590167045593,2.0
1088,0.0,0.0,0.0,0.0,0.0,1.0,0.910503089427948,0.5879086256027222,0.7910012602806091,0.7406176924705505,0.8627957701683044,0.918366551399231,3.0
1089,0.0,0.0,0.0,0.0,0.0,1.0,0.8913472294807434,0.46809741854667664,0.455934077501297,0.7854057550430298,0.8974362015724182,0.9021196961402893,1.0
1090,0.0,0.0,0.0,0.0,0.0,1.0,0.914090633392334,0.8054713010787964,0.8399766087532043,0.649808406829834,0.8203793168067932,0.917251706123352,1.0
1091,0.0,0.0,0.0,0.0,0.0,1.0,0.8968494534492493,0.9361116886138916,0.8232341408729553,0.602047324180603,0.7424312233924866,0.8891390562057495,0.0
1092,0.0,0.0,0.0,0.0,0.0,1.0,0.8438520431518555,0.6543289422988892,0.7117374539375305,0.8854458928108215,0.9257504343986511,0.8876900672912598,4.0
1093,0.0,0.0,0.0,0.0,0.0,1.0,0.8684580326080322,0.5851621031761169,0.6799877285957336,0.8131833076477051,0.9121113419532776,0.9228293895721436,3.0
1094,0.0,0.0,0.0,0.0,0.0,1.0,0.8725723028182983,0.6500687599182129,0.7877834439277649,0.8865834474563599,0.9063656330108643,0.8960813283920288,1.0
1095,0.0,0.0,0.0,0.0,0.0,1.0,0.8056924343109131,0.7896526455879211,0.7747068405151367,0.8730494379997253,0.9213266372680664,0.8837382793426514,4.0
1096,0.0,0.0,0.0,0.0,0.0,1.0,0.8936553597450256,0.8209269642829895,0.790325403213501,0.8129565119743347,0.8547210097312927,0.9179186820983887,3.0
1097,0.0,0.0,0.0,0.0,0.0,1.0,0.8213080763816833,0.48012953996658325,0.40233710408210754,0.7654710412025452,0.9430564641952515,0.932928204536438,3.0
1098,0.0,0.0,0.0,0.0,0.0,1.0,0.8573673963546753,0.7692102193832397,0.42906635999679565,0.782696545124054,0.9077860713005066,0.9062566757202148,4.0
1099,0.0,0.0,0.0,0.0,0.0,1.0,0.7536901235580444,0.6254023313522339,0.4870435297489166,0.7898163795471191,0.9461337327957153,0.9276246428489685,4.0
1100,0.0,0.0,0.0,0.0,0.0,1.0,0.8509509563446045,0.6826714277267456,0.7337234020233154,0.818181574344635,0.9153953790664673,0.9291853308677673,1.0
1101,0.0,0.0,0.0,0.0,0.0,1.0,0.8578144907951355,0.7664018869400024,0.6443861722946167,0.7065498232841492,0.9032532572746277,0.9341264963150024,3.0
1102,0.0,0.0,0.0,0.0,0.0,1.0,0.7549420595169067,0.48404303193092346,0.5166365504264832,0.76956707239151,0.9459357261657715,0.9354427456855774,1.0
1103,0.0,0.0,0.0,0.0,0.0,1.0,0.7766077518463135,0.565049409866333,0.4419092535972595,0.7784715890884399,0.9359660744667053,0.9416906833648682,1.0
1104,0.0,0.0,0.0,0.0,0.0,1.0,0.8184735178947449,0.6670810580253601,0.5160120129585266,0.7608500123023987,0.917668342590332,0.9366227388381958,1.0
1105,0.0,0.0,0.0,0.0,0.0,1.0,0.8424370884895325,0.6768956184387207,0.5710707306861877,0.8431628942489624,0.9393036365509033,0.9075854420661926,1.0
1106,0.0,0.0,0.0,0.0,0.0,1.0,0.8343328833580017,0.887812077999115,0.7336096167564392,0.7798107266426086,0.8453689813613892,0.9355884790420532,0.0
1107,0.0,0.0,0.0,0.0,0.0,1.0,0.7911683320999146,0.5930782556533813,0.4536019563674927,0.7925305962562561,0.9366049766540527,0.9332129955291748,2.0
1108,0.0,0.0,0.0,0.0,0.0,1.0,0.8829297423362732,0.6919315457344055,0.601076602935791,0.7482737302780151,0.9333405494689941,0.9115468859672546,3.0
1109,0.0,0.0,0.0,0.0,0.0,1.0,0.88020259141922,0.8385218977928162,0.7029913663864136,0.6549978256225586,0.8749947547912598,0.9368994832038879,4.0
1110,0.0,0.0,0.0,0.0,0.0,1.0,0.75672447681427,0.534113883972168,0.4514766037464142,0.7652243971824646,0.9173298478126526,0.9515714049339294,0.0
1111,0.0,0.0,0.0,0.0,0.0,1.0,0.8843517899513245,0.8254469633102417,0.8407418727874756,0.7948805093765259,0.8919757008552551,0.8709993958473206,2.0
1112,0.0,0.0,0.0,0.0,0.0,1.0,0.8620869517326355,0.6770366430282593,0.6662238836288452,0.7362419366836548,0.9189329147338867,0.9433124661445618,0.0
1113,0.0,0.0,0.0,0.0,0.0,1.0,0.9126770496368408,0.8683398962020874,0.9103740453720093,0.6923163533210754,0.756692111492157,0.8275561332702637,2.0
1114,0.0,0.0,0.0,0.0,0.0,1.0,0.8382270932197571,0.5598691701889038,0.5435653924942017,0.7586311101913452,0.9505177140235901,0.8934828042984009,0.0
1115,0.0,0.0,0.0,0.0,0.0,1.0,0.7804515957832336,0.5184526443481445,0.41836056113243103,0.7929317355155945,0.9321377873420715,0.9476761221885681,4.0
1116,0.0,0.0,0.0,0.0,0.0,1.0,0.8949087858200073,0.763580322265625,0.5593468546867371,0.7244061231613159,0.8853172659873962,0.8997088074684143,1.0
1117,0.0,0.0,0.0,0.0,0.0,1.0,0.8691195249557495,0.8599368929862976,0.7073875069618225,0.742352306842804,0.8843994140625,0.913078784942627,2.0
1118,0.0,0.0,0.0,0.0,0.0,1.0,0.7643815279006958,0.7728948593139648,0.45638617873191833,0.7674466371536255,0.9390609264373779,0.9164316058158875,2.0
1119,0.0,0.0,0.0,0.0,0.0,1.0,0.8853384256362915,0.830351710319519,0.6818316578865051,0.6400728225708008,0.9150979518890381,0.9104357957839966,4.0
1120,0.0,0.0,0.0,0.0,0.0,1.0,0.8111400008201599,0.6376319527626038,0.6321515440940857,0.8400825262069702,0.9435103535652161,0.9001169204711914,2.0
1121,0.0,0.0,0.0,0.0,0.0,1.0,0.8207138180732727,0.7313286066055298,0.4105950593948364,0.7268970608711243,0.9364789724349976,0.9154416918754578,0.0
1122,0.0,0.0,0.0,0.0,1.0,1.0,0.7670440077781677,0.45442256331443787,0.4139842391014099,0.8336568474769592,0.9492921233177185,0.9080487489700317,3.0
1123,0.0,0.0,0.0,0.0,0.0,1.0,0.7714241147041321,0.6945032477378845,0.5636584758758545,0.7916175127029419,0.9452115893363953,0.9042925238609314,4.0
1124,0.0,0.0,0.0,0.0,0.0,1.0,0.8078452944755554,0.6271761059761047,0.6066337823867798,0.788541316986084,0.9238301515579224,0.9315953254699707,1.0
1125,0.0,0.0,0.0,0.0,0.0,1.0,0.8985971212387085,0.7116233110427856,0.6177646517753601,0.8177735805511475,0.9166499972343445,0.8966581225395203,0.0
1126,0.0,0.0,0.0,0.0,0.0,1.0,0.9010441899299622,0.8407657146453857,0.5719706416130066,0.6403969526290894,0.8959276080131531,0.9229051470756531,4.0
1127,0.0,0.0,0.0,0.0,0.0,1.0,0.8709967732429504,0.8915016651153564,0.8458907604217529,0.7413896918296814,0.8627287745475769,0.906243622303009,2.0
1128,0.0,0.0,0.0,0.0,0.0,1.0,0.8330909013748169,0.6965829133987427,0.6087482571601868,0.7055222988128662,0.9348729848861694,0.9268674254417419,0.0
1129,0.0,0.0,0.0,0.0,0.0,1.0,0.80271977186203,0.6135372519493103,0.4353008568286896,0.8133918642997742,0.946896493434906,0.9077900052070618,4.0
1130,0.0,0.0,0.0,0.0,0.0,1.0,0.8442832231521606,0.7964180111885071,0.6279834508895874,0.7274957299232483,0.9246765971183777,0.9113616347312927,4.0
1131,0.0,0.0,0.0,0.0,0.0,1.0,0.8591406345367432,0.5984290838241577,0.5611262917518616,0.7882387042045593,0.9250562191009521,0.9206241965293884,1.0
1132,0.0,0.0,0.0,0.0,0.0,1.0,0.7764155864715576,0.7465341091156006,0.5782553553581238,0.6794416308403015,0.9274951815605164,0.9346798658370972,0.0
1133,0.0,0.0,0.0,0.0,0.0,1.0,0.8143222332000732,0.6302749514579773,0.47028252482414246,0.7724287509918213,0.942999541759491,0.9156721234321594,0.0
1134,0.0,0.0,0.0,0.0,0.0,1.0,0.8472538590431213,0.6811084747314453,0.5741203427314758,0.7127364873886108,0.9298412799835205,0.9310030341148376,1.0
1135,0.0,0.0,0.0,0.0,0.0,1.0,0.8099567890167236,0.5937532186508179,0.5859554409980774,0.8544374704360962,0.9361853003501892,0.9102741479873657,1.0
1136,0.0,0.0,0.0,0.0,0.0,1.0,0.79100501537323,0.5544059872627258,0.6005774140357971,0.788648784160614,0.9256485104560852,0.9355378746986389,4.0
1137,0.0,0.0,0.0,0.0,0.0,1.0,0.7170974016189575,0.7619311213493347,0.5163952112197876,0.7437248826026917,0.9318605661392212,0.9300461411476135,0.0
1138,0.0,0.0,0.0,0.0,0.0,1.0,0.8168092966079712,0.8676132559776306,0.6689422726631165,0.7410726547241211,0.9180089831352234,0.8938692212104797,1.0
1139,0.0,0.0,0.0,0.0,0.0,1.0,0.9164103865623474,0.8668122887611389,0.6674492359161377,0.7167358994483948,0.8759593367576599,0.9129492044448853,4.0
1140,0.0,0.0,0.0,0.0,0.0,1.0,0.7985612750053406,0.6742212176322937,0.7178618907928467,0.7762444019317627,0.9350664019584656,0.9234831929206848,3.0
1141,0.0,0.0,0.0,0.0,0.0,1.0,0.7672711610794067,0.7906243205070496,0.5798969864845276,0.7403138875961304,0.9388874173164368,0.9207915663719177,4.0
1142,0.0,0.0,0.0,0.0,0.0,1.0,0.8476155400276184,0.4218883514404297,0.3449811339378357,0.7883065938949585,0.9432067275047302,0.9169055223464966,3.0
1143,0.0,0.0,0.0,0.0,0.0,1.0,0.856709897518158,0.812535285949707,0.6094284057617188,0.6932401061058044,0.8969274163246155,0.9459854364395142,2.0
1144,0.0,0.0,0.0,0.0,0.0,1.0,0.8650001287460327,0.7122893929481506,0.6931911706924438,0.7747094631195068,0.9082142114639282,0.9317308068275452,3.0
1145,0.0,0.0,0.0,0.0,0.0,1.0,0.8790995478630066,0.8361945152282715,0.780543863773346,0.616511881351471,0.8505328893661499,0.9322744011878967,3.0
1146,0.0,0.0,0.0,0.0,0.0,1.0,0.7924225330352783,0.6563470959663391,0.5468664765357971,0.7817087173461914,0.9254630208015442,0.926611065864563,0.0
1147,0.0,0.0,0.0,0.0,0.0,1.0,0.8712849020957947,0.8635356426239014,0.8150680661201477,0.8539369106292725,0.8843504786491394,0.8513287901878357,4.0
1148,0.0,0.0,0.0,0.0,0.0,1.0,0.8700587749481201,0.8347553610801697,0.6440451741218567,0.6668720245361328,0.8904311656951904,0.9361100196838379,4.0
1149,0.0,0.0,0.0,0.0,0.0,1.0,0.8821852803230286,0.8817579746246338,0.8829728960990906,0.7764527797698975,0.8328692317008972,0.8639987707138062,3.0
1150,0.0,0.0,0.0,0.0,0.0,1.0,0.83973228931427,0.6497457027435303,0.7104888558387756,0.7267321348190308,0.9261847138404846,0.9367669820785522,4.0
1151,0.0,0.0,0.0,0.0,0.0,1.0,0.8131000995635986,0.8857532143592834,0.6826586127281189,0.5716977119445801,0.8817157745361328,0.9321918487548828,1.0
1152,0.0,0.0,0.0,0.0,0.0,1.0,0.7787183523178101,0.8399953842163086,0.6664425134658813,0.8603391647338867,0.9291934370994568,0.8585852384567261,4.0
1153,0.0,0.0,0.0,0.0,0.0,1.0,0.9099461436271667,0.8500174283981323,0.8162111043930054,0.5428597331047058,0.8294458389282227,0.929508626461029,4.0
1154,0.0,0.0,0.0,0.0,0.0,1.0,0.8919898271560669,0.8671002388000488,0.8837864995002747,0.653809130191803,0.8218436241149902,0.9014422297477722,4.0
1155,0.0,0.0,0.0,0.0,0.0,1.0,0.8218235969543457,0.7224811315536499,0.6259344220161438,0.7252886891365051,0.9172687530517578,0.935581624507904,3.0
1156,0.0,0.0,0.0,0.0,0.0,1.0,0.8322292566299438,0.8303298950195312,0.6812556982040405,0.7556383013725281,0.9171349406242371,0.9115336537361145,3.0
1157,0.0,0.0,0.0,0.0,0.0,1.0,0.869602382183075,0.8354110717773438,0.7767828702926636,0.6395825147628784,0.8827320337295532,0.9251839518547058,2.0
1158,0.0,0.0,0.0,0.0,0.0,1.0,0.7841668725013733,0.6000719666481018,0.6970064640045166,0.8931402564048767,0.9380475282669067,0.8910175561904907,4.0
1159,0.0,0.0,0.0,0.0,0.0,1.0,0.908038854598999,0.7531183958053589,0.7325372099876404,0.714219868183136,0.8899308443069458,0.9201384782791138,1.0
1160,0.0,0.0,0.0,0.0,0.0,1.0,0.8872661590576172,0.7780532240867615,0.892654299736023,0.7737002968788147,0.8609552979469299,0.8681381344795227,3.0
1161,0.0,0.0,0.0,0.0,0.0,1.0,0.8237982988357544,0.5676661729812622,0.6467713713645935,0.8151898980140686,0.9464361667633057,0.915532112121582,1.0
1162,0.0,0.0,0.0,0.0,0.0,1.0,0.9040096998214722,0.6180538535118103,0.5383965373039246,0.8205652832984924,0.9210663437843323,0.8952996134757996,4.0
1163,0.0,0.0,0.0,0.0,0.0,1.0,0.840904176235199,0.752788245677948,0.5656688809394836,0.700982928276062,0.9178746342658997,0.9383652210235596,1.0
1164,0.0,0.0,0.0,0.0,0.0,1.0,0.7336642742156982,0.5866511464118958,0.4269391596317291,0.7653827667236328,0.9500458836555481,0.9135646224021912,2.0
1165,0.0,0.0,0.0,0.0,0.0,1.0,0.8048537969589233,0.5113404393196106,0.6669021844863892,0.7731045484542847,0.9288903474807739,0.9441357851028442,0.0
1166,0.0,0.0,0.0,1.0,0.0,1.0,0.7714357972145081,0.5693172812461853,0.6189000010490417,0.9196192026138306,0.9381919503211975,0.8844350576400757,4.0
1167,0.0,0.0,0.0,0.0,0.0,1.0,0.6832537651062012,0.4528047442436218,0.39149361848831177,0.8416376709938049,0.9559308886528015,0.9206012487411499,3.0
1168,0.0,0.0,0.0,0.0,0.0,1.0,0.8251502513885498,0.5607128739356995,0.4810431897640228,0.8422924876213074,0.9473844170570374,0.9081845283508301,3.0
1169,0.0,0.0,0.0,0.0,0.0,1.0,0.8419436812400818,0.8557655811309814,0.7512173652648926,0.748622477054596,0.8877282738685608,0.9284604787826538,3.0
1170,0.0,0.0,0.0,0.0,0.0,1.0,0.8389392495155334,0.5950407981872559,0.738448441028595,0.7649135589599609,0.8938227891921997,0.9397093653678894,0.0
1171,0.0,0.0,0.0,0.0,0.0,1.0,0.8763769268989563,0.8330829739570618,0.7809160351753235,0.7026805877685547,0.8842402696609497,0.9233437180519104,1.0
1172,0.0,0.0,0.0,0.0,0.0,1.0,0.8609400987625122,0.933652400970459,0.8879883885383606,0.6257701516151428,0.6941342353820801,0.79574054479599,3.0
1173,0.0,0.0,0.0,0.0,0.0,1.0,0.8703149557113647,0.7633926868438721,0.7162636518478394,0.7698330283164978,0.9035800099372864,0.9257163405418396,0.0
1174,0.0,0.0,0.0,0.0,0.0,1.0,0.7313205599784851,0.5224407911300659,0.346332848072052,0.7940901517868042,0.9419331550598145,0.9352895021438599,3.0
1175,0.0,0.0,0.0,0.0,0.0,1.0,0.7096101641654968,0.4050409197807312,0.47536852955818176,0.8441426157951355,0.9433128833770752,0.9339329600334167,0.0
1176,0.0,0.0,0.0,0.0,0.0,1.0,0.9107390642166138,0.6593807935714722,0.7715844511985779,0.7872048020362854,0.8646402359008789,0.9168193936347961,0.0
1177,0.0,0.0,0.0,0.0,0.0,1.0,0.8525599837303162,0.8625379204750061,0.6704227328300476,0.6935608983039856,0.8786070346832275,0.9251397848129272,1.0
1178,0.0,0.0,0.0,0.0,0.0,1.0,0.7600871920585632,0.6143450140953064,0.5904098153114319,0.8006746768951416,0.9274084568023682,0.933281660079956,0.0
1179,0.0,0.0,0.0,0.0,0.0,1.0,0.7340177297592163,0.46672576665878296,0.7521718740463257,0.8900200128555298,0.9174002408981323,0.9159218668937683,1.0
1180,0.0,0.0,0.0,0.0,0.0,1.0,0.7211982011795044,0.4577072560787201,0.7507818341255188,0.8861523866653442,0.9234750270843506,0.9137551188468933,4.0
1181,0.0,0.0,0.0,0.0,0.0,1.0,0.7426484823226929,0.4488339126110077,0.43899664282798767,0.8401064276695251,0.9372379779815674,0.9393683075904846,2.0
1182,0.0,0.0,0.0,0.0,0.0,1.0,0.8060625791549683,0.4481440782546997,0.5581923723220825,0.7861284017562866,0.9268199801445007,0.9434982538223267,2.0
1183,0.0,0.0,0.0,0.0,0.0,1.0,0.8018342852592468,0.4701663851737976,0.5274062752723694,0.8007693886756897,0.9261608123779297,0.9420362710952759,4.0
1184,0.0,0.0,0.0,0.0,0.0,1.0,0.8194571137428284,0.5579046607017517,0.4973520338535309,0.7407601475715637,0.9348615407943726,0.9419715404510498,4.0
1185,0.0,0.0,0.0,0.0,0.0,1.0,0.8121508359909058,0.4057929217815399,0.4639934003353119,0.8580068945884705,0.9327784180641174,0.9155623316764832,2.0
1186,0.0,0.0,0.0,0.0,0.0,1.0,0.811506450176239,0.5053340196609497,0.5716301798820496,0.8406738638877869,0.9224175214767456,0.9275195002555847,3.0
1187,0.0,0.0,0.0,0.0,0.0,1.0,0.8065699934959412,0.47897645831108093,0.6461877822875977,0.9235885143280029,0.9244540333747864,0.8895228505134583,1.0
1188,0.0,0.0,0.0,0.0,0.0,1.0,0.7468708157539368,0.4776565432548523,0.5592008829116821,0.9176679253578186,0.9376128911972046,0.9057961702346802,3.0
1189,0.0,0.0,0.0,0.0,0.0,1.0,0.8217909932136536,0.4574000835418701,0.5410569310188293,0.8503181338310242,0.9258918762207031,0.928366482257843,1.0
1190,0.0,0.0,0.0,0.0,0.0,1.0,0.8046064376831055,0.463701456785202,0.542187511920929,0.8967723846435547,0.9297811985015869,0.921557605266571,2.0
1191,0.0,0.0,0.0,0.0,0.0,1.0,0.8310509324073792,0.6783920526504517,0.47116538882255554,0.806126594543457,0.9324583411216736,0.9113984704017639,4.0
1192,0.0,0.0,0.0,0.0,0.0,1.0,0.7146075963973999,0.5809828639030457,0.5966014862060547,0.8720600605010986,0.941356360912323,0.9145714044570923,1.0
1193,0.0,0.0,0.0,0.0,0.0,1.0,0.7635151147842407,0.4550720453262329,0.4595489799976349,0.789458692073822,0.917675256729126,0.9550946950912476,1.0
1194,0.0,0.0,0.0,0.0,0.0,1.0,0.7011560797691345,0.5351094007492065,0.5151280760765076,0.9228734970092773,0.9469465017318726,0.8986015319824219,1.0
1195,0.0,0.0,0.0,0.0,0.0,1.0,0.8243812918663025,0.7325214147567749,0.810342013835907,0.8259763121604919,0.9208123683929443,0.9096435308456421,1.0
1196,0.0,0.0,0.0,0.0,0.0,1.0,0.7759590744972229,0.8155310750007629,0.5499222278594971,0.7439865469932556,0.9337228536605835,0.9118364453315735,1.0
1197,0.0,0.0,0.0,0.0,0.0,1.0,0.843117892742157,0.5780966877937317,0.6875590085983276,0.853671133518219,0.9012214541435242,0.9226247072219849,3.0
1198,0.0,0.0,0.0,0.0,0.0,1.0,0.7276402711868286,0.404132217168808,0.37994101643562317,0.8198277354240417,0.9459725022315979,0.9396143555641174,2.0
1199,0.0,0.0,0.0,0.0,0.0,1.0,0.811785876750946,0.3018820285797119,0.3647276759147644,0.791279673576355,0.9282624125480652,0.9418551921844482,0.0
1200,0.0,0.0,0.0,0.0,0.0,1.0,0.8120477199554443,0.5827338695526123,0.6023421883583069,0.8615642189979553,0.9100871086120605,0.9332810044288635,1.0
1201,0.0,0.0,0.0,0.0,0.0,1.0,0.8456751704216003,0.6909350156784058,0.7136242985725403,0.8783986568450928,0.9033907055854797,0.900274932384491,3.0
1202,0.0,0.0,0.0,0.0,0.0,1.0,0.8375185132026672,0.673526406288147,0.6535442471504211,0.7700597643852234,0.9040826559066772,0.9465618133544922,2.0
1203,0.0,0.0,0.0,0.0,0.0,1.0,0.8599859476089478,0.5962678790092468,0.7949596047401428,0.8635329604148865,0.912213921546936,0.8836184740066528,4.0
1204,0.0,0.0,0.0,0.0,0.0,1.0,0.6459699869155884,0.48926541209220886,0.45778095722198486,0.9011780619621277,0.9392471313476562,0.9247623682022095,1.0
1205,0.0,0.0,0.0,0.0,0.0,1.0,0.8156573176383972,0.5020344853401184,0.3662492632865906,0.8286799788475037,0.9375820159912109,0.9189983010292053,3.0
1206,0.0,0.0,0.0,0.0,0.0,1.0,0.714648425579071,0.5410467982292175,0.5684773921966553,0.8713545799255371,0.9235440492630005,0.9385484457015991,3.0
1207,0.0,0.0,0.0,0.0,0.0,1.0,0.8085896968841553,0.6674405336380005,0.8897567391395569,0.9033951759338379,0.9080610275268555,0.8161509037017822,1.0
1208,0.0,0.0,0.0,0.0,0.0,1.0,0.888058602809906,0.8377882838249207,0.8318824768066406,0.7390308976173401,0.8974124789237976,0.8660869598388672,1.0
1209,0.0,0.0,0.0,0.0,0.0,1.0,0.8816211223602295,0.40924376249313354,0.5168519020080566,0.7712822556495667,0.9106607437133789,0.9374898076057434,3.0
1210,0.0,0.0,0.0,0.0,0.0,1.0,0.8743398785591125,0.791698694229126,0.7981160283088684,0.7274193167686462,0.8467676043510437,0.9431069493293762,0.0
1211,1.0,0.0,0.0,0.0,1.0,0.0,0.9055078029632568,0.8440161347389221,0.8203951120376587,0.7975640296936035,0.8845380544662476,0.8545462489128113,1.0
1212,1.0,0.0,0.0,0.0,0.0,0.0,0.9283520579338074,0.8031285405158997,0.6462953090667725,0.8014869093894958,0.8542602062225342,0.8803776502609253,4.0
1213,1.0,0.0,0.0,0.0,0.0,0.0,0.875758171081543,0.5658844113349915,0.6768814325332642,0.9083385467529297,0.9263602495193481,0.7978397011756897,3.0
1214,1.0,0.0,0.0,0.0,1.0,0.0,0.8890010714530945,0.7739124894142151,0.8107408881187439,0.8907299637794495,0.8658532500267029,0.8351969718933105,3.0
1215,1.0,0.0,0.0,0.0,0.0,0.0,0.8499260544776917,0.6176806092262268,0.7284190654754639,0.8701308965682983,0.9325127601623535,0.871341347694397,4.0
1216,1.0,0.0,0.0,0.0,0.0,0.0,0.9060338735580444,0.9130879044532776,0.8960146903991699,0.7198249101638794,0.7345302104949951,0.8252142071723938,0.0
1217,1.0,0.0,0.0,0.0,0.0,0.0,0.9039912819862366,0.7014189958572388,0.7177863121032715,0.8424506783485413,0.8822203278541565,0.8903034925460815,3.0
1218,1.0,0.0,0.0,0.0,0.0,0.0,0.9052984118461609,0.7043991684913635,0.7454168796539307,0.848179042339325,0.887431800365448,0.8743822574615479,4.0
1219,1.0,0.0,0.0,0.0,0.0,0.0,0.9202063083648682,0.8453485369682312,0.818291425704956,0.8179904222488403,0.86454176902771,0.8487861752510071,4.0
1220,1.0,0.0,0.0,0.0,0.0,0.0,0.8745757341384888,0.7945504784584045,0.8014376759529114,0.842215359210968,0.892520010471344,0.8995721936225891,0.0
1221,1.0,0.0,0.0,0.0,0.0,0.0,0.8020827174186707,0.6587074398994446,0.5762269496917725,0.721509575843811,0.9514206051826477,0.9158962965011597,2.0
1222,1.0,0.0,0.0,0.0,0.0,0.0,0.8823347687721252,0.46382370591163635,0.7053321003913879,0.8170856833457947,0.9042776226997375,0.8929070234298706,0.0
1223,1.0,0.0,0.0,0.0,0.0,0.0,0.8884144425392151,0.8134445548057556,0.7149900794029236,0.7691488862037659,0.9006807208061218,0.9018858671188354,1.0
1224,1.0,0.0,0.0,0.0,0.0,0.0,0.9018910527229309,0.4915512502193451,0.49930062890052795,0.815136730670929,0.9099852442741394,0.8122588396072388,3.0
1225,1.0,0.0,0.0,0.0,0.0,0.0,0.8511508107185364,0.5040879845619202,0.6066611409187317,0.7980475425720215,0.9263010025024414,0.9047390818595886,1.0
1226,1.0,0.0,0.0,0.0,0.0,0.0,0.9071891903877258,0.8666531443595886,0.9064359664916992,0.6982657313346863,0.7441136837005615,0.834622323513031,1.0
1227,1.0,0.0,0.0,0.0,0.0,0.0,0.8798059225082397,0.6245599389076233,0.7653987407684326,0.8564287424087524,0.8869073987007141,0.8906435370445251,4.0
1228,1.0,0.0,0.0,0.0,1.0,0.0,0.8986483216285706,0.4560917913913727,0.5810633301734924,0.8027829527854919,0.9016974568367004,0.82416832447052,0.0
1229,1.0,0.0,0.0,0.0,0.0,0.0,0.917699933052063,0.678875744342804,0.6990220546722412,0.8358108997344971,0.8982326984405518,0.8921557068824768,2.0
1230,1.0,0.0,0.0,0.0,0.0,0.0,0.9192861914634705,0.40243491530418396,0.49216777086257935,0.8220136165618896,0.8574755787849426,0.7892253994941711,3.0
1231,1.0,0.0,0.0,0.0,1.0,0.0,0.9290848970413208,0.6083779335021973,0.7516627311706543,0.7549204230308533,0.8538301587104797,0.8621830344200134,0.0
1232,1.0,0.0,0.0,0.0,0.0,0.0,0.9161431789398193,0.8995316028594971,0.8499709367752075,0.6171249747276306,0.747198760509491,0.884682297706604,0.0
1233,1.0,0.0,0.0,0.0,0.0,0.0,0.937920093536377,0.700150728225708,0.6720525026321411,0.7796422839164734,0.798612654209137,0.7607318162918091,2.0
1234,1.0,0.0,0.0,0.0,0.0,0.0,0.8092602491378784,0.737432062625885,0.7836717367172241,0.9185246229171753,0.8790584802627563,0.8862320184707642,0.0
1235,1.0,0.0,0.0,0.0,0.0,0.0,0.9364615082740784,0.8977786898612976,0.8396561145782471,0.6581316590309143,0.7749210000038147,0.8478507995605469,3.0
1236,1.0,0.0,0.0,0.0,0.0,0.0,0.93816739320755,0.9055771231651306,0.8550999164581299,0.6401836276054382,0.690330982208252,0.8148625493049622,3.0
1237,1.0,0.0,0.0,0.0,0.0,0.0,0.9172884821891785,0.7053822875022888,0.7242063879966736,0.7158499956130981,0.8636897206306458,0.851161539554596,0.0
1238,1.0,0.0,0.0,0.0,1.0,0.0,0.921084463596344,0.8185356855392456,0.8312734961509705,0.8042503595352173,0.8557834029197693,0.7629536986351013,4.0
1239,1.0,0.0,0.0,0.0,0.0,0.0,0.911841094493866,0.7486200928688049,0.3919804096221924,0.7405680418014526,0.8786220550537109,0.9012404084205627,3.0
1240,1.0,0.0,0.0,0.0,0.0,0.0,0.91114342212677,0.8405036330223083,0.823401689529419,0.7113390564918518,0.860195517539978,0.9154760837554932,3.0
1241,1.0,0.0,0.0,0.0,0.0,0.0,0.9197793006896973,0.5503984093666077,0.5814399719238281,0.8853519558906555,0.8087028861045837,0.7616188526153564,0.0
1242,1.0,0.0,0.0,0.0,0.0,0.0,0.8750825524330139,0.4392850399017334,0.48253363370895386,0.9056383371353149,0.8589221239089966,0.7501671314239502,1.0
1243,1.0,0.0,0.0,0.0,0.0,0.0,0.9082834720611572,0.5727969408035278,0.7110005617141724,0.7803241014480591,0.8727802038192749,0.8496085405349731,4.0
1244,1.0,0.0,0.0,0.0,0.0,0.0,0.9202376008033752,0.7415505051612854,0.6527242660522461,0.7598985433578491,0.8337521553039551,0.8443222045898438,1.0
1245,1.0,0.0,0.0,0.0,0.0,0.0,0.9337663054466248,0.7723855376243591,0.4718571901321411,0.7627658247947693,0.8617636561393738,0.8390600681304932,2.0
1246,1.0,0.0,0.0,0.0,0.0,0.0,0.8940414190292358,0.6855626106262207,0.758194625377655,0.8623055815696716,0.8519032001495361,0.8600012063980103,4.0
1247,1.0,0.0,0.0,0.0,0.0,1.0,0.9109401106834412,0.6356199383735657,0.6650784611701965,0.6705266237258911,0.8998205065727234,0.929412305355072,0.0
1248,1.0,0.0,0.0,0.0,0.0,0.0,0.8798924684524536,0.5933365821838379,0.7758378386497498,0.8940414190292358,0.9031642079353333,0.8743999004364014,2.0
1249,1.0,0.0,0.0,0.0,0.0,0.0,0.8936763405799866,0.864522397518158,0.6917874813079834,0.798736572265625,0.8740028142929077,0.908875584602356,0.0
1250,1.0,0.0,0.0,0.0,0.0,0.0,0.9239219427108765,0.7518113851547241,0.7192076444625854,0.8570384383201599,0.8343896269798279,0.7484366297721863,3.0
1251,1.0,0.0,0.0,0.0,0.0,0.0,0.9426785707473755,0.8308830857276917,0.7064725160598755,0.8340114951133728,0.8219987154006958,0.734172523021698,1.0
1252,1.0,0.0,0.0,0.0,0.0,0.0,0.9344410300254822,0.6622384786605835,0.7062443494796753,0.839599072933197,0.8663719892501831,0.774549663066864,3.0
1253,1.0,0.0,0.0,0.0,0.0,0.0,0.922645092010498,0.568167507648468,0.523809015750885,0.697180986404419,0.9063715934753418,0.8867334127426147,3.0
1254,1.0,0.0,0.0,0.0,0.0,0.0,0.9100208878517151,0.5313748717308044,0.685326099395752,0.7616850137710571,0.9072587490081787,0.8600907921791077,3.0
1255,1.0,0.0,0.0,0.0,0.0,0.0,0.9116937518119812,0.6434289216995239,0.8589296936988831,0.8061649799346924,0.8195084929466248,0.8439521789550781,1.0
1256,1.0,0.0,0.0,0.0,0.0,0.0,0.8898730278015137,0.6466508507728577,0.7267977595329285,0.9101071953773499,0.8954088091850281,0.7783400416374207,3.0
1257,1.0,0.0,0.0,0.0,0.0,0.0,0.8838449716567993,0.5740436911582947,0.6434502601623535,0.8567973375320435,0.8866379857063293,0.9168005585670471,4.0
1258,1.0,0.0,0.0,0.0,0.0,0.0,0.8275033831596375,0.5545734763145447,0.4083474278450012,0.8769968152046204,0.9495161771774292,0.873685896396637,2.0
1259,1.0,0.0,0.0,0.0,0.0,0.0,0.940157949924469,0.7531635165214539,0.658482551574707,0.835470974445343,0.8153274059295654,0.8097283244132996,0.0
1260,1.0,0.0,0.0,0.0,0.0,0.0,0.9115420579910278,0.6828445196151733,0.5424273610115051,0.7272337675094604,0.8955239057540894,0.8729659914970398,0.0
1261,1.0,0.0,0.0,0.0,0.0,0.0,0.9199569225311279,0.6395688652992249,0.7298254370689392,0.8212738037109375,0.8562047481536865,0.8561530113220215,1.0
1262,1.0,0.0,0.0,0.0,0.0,0.0,0.9045153260231018,0.8588660359382629,0.8128535747528076,0.7332615852355957,0.8701171278953552,0.8925250172615051,3.0
1263,1.0,0.0,0.0,0.0,0.0,0.0,0.9312930107116699,0.7031903862953186,0.6618382334709167,0.7312071919441223,0.8788006901741028,0.9048628807067871,2.0
1264,1.0,0.0,0.0,0.0,0.0,0.0,0.9114980101585388,0.773362398147583,0.6738794445991516,0.7117844223976135,0.8929952383041382,0.9001454710960388,1.0
1265,1.0,0.0,0.0,0.0,0.0,0.0,0.893166184425354,0.4762079119682312,0.49600204825401306,0.8263124823570251,0.9170616865158081,0.8740076422691345,3.0
1266,1.0,0.0,0.0,0.0,0.0,1.0,0.9051350355148315,0.45738327503204346,0.5059103965759277,0.7926895022392273,0.9105151295661926,0.8310235738754272,0.0
1267,1.0,0.0,0.0,0.0,0.0,0.0,0.9366300106048584,0.6634357571601868,0.747208833694458,0.6720072627067566,0.8770793676376343,0.8634234070777893,4.0
1268,1.0,0.0,0.0,0.0,0.0,0.0,0.9282808899879456,0.6545525193214417,0.5505085587501526,0.7596138715744019,0.8834908604621887,0.867229163646698,2.0
1269,1.0,0.0,0.0,0.0,0.0,1.0,0.9147875308990479,0.8378962278366089,0.8194909691810608,0.7073822617530823,0.8494046926498413,0.9127994775772095,2.0
1270,1.0,0.0,0.0,0.0,0.0,0.0,0.8873755931854248,0.5031026005744934,0.5790024995803833,0.754749596118927,0.936018705368042,0.9149712324142456,1.0
1271,1.0,0.0,0.0,0.0,0.0,0.0,0.856580913066864,0.4791076183319092,0.5345399379730225,0.8919859528541565,0.8840513825416565,0.8472418189048767,2.0
1272,1.0,0.0,0.0,0.0,0.0,0.0,0.9305627346038818,0.7136831879615784,0.5333797335624695,0.8150506615638733,0.8302274942398071,0.7865556478500366,1.0
1273,1.0,0.0,0.0,0.0,0.0,0.0,0.9174473285675049,0.8637242913246155,0.8321928381919861,0.7714194655418396,0.8311840891838074,0.8329346179962158,1.0
1274,1.0,0.0,0.0,0.0,0.0,0.0,0.9296585917472839,0.5805535316467285,0.6347123384475708,0.7726777195930481,0.8590210676193237,0.9022483229637146,3.0
1275,1.0,0.0,0.0,0.0,0.0,0.0,0.8876634836196899,0.7817168235778809,0.6393586993217468,0.6468996405601501,0.8955520391464233,0.9423486590385437,4.0
1276,1.0,0.0,0.0,0.0,0.0,0.0,0.8896722793579102,0.4960010051727295,0.5068235993385315,0.8777388334274292,0.8966242074966431,0.8361189961433411,4.0
1277,1.0,0.0,0.0,0.0,0.0,0.0,0.8970963358879089,0.6767854690551758,0.6391622424125671,0.7582054734230042,0.9276717305183411,0.8985064625740051,4.0
1278,1.0,0.0,0.0,0.0,0.0,0.0,0.8930121660232544,0.593865692615509,0.6262906789779663,0.8492850661277771,0.9032883048057556,0.8322606682777405,1.0
1279,1.0,0.0,0.0,0.0,0.0,0.0,0.9133880734443665,0.7310938835144043,0.7429890036582947,0.8378284573554993,0.8804904818534851,0.8435803651809692,1.0
1280,1.0,0.0,0.0,0.0,0.0,0.0,0.9023133516311646,0.484462171792984,0.5760117173194885,0.8141741156578064,0.890155017375946,0.8399484753608704,3.0
1281,1.0,0.0,0.0,0.0,0.0,0.0,0.9098880290985107,0.6832259893417358,0.6165800094604492,0.7418737411499023,0.9147834181785583,0.8859150409698486,0.0
1282,1.0,0.0,0.0,0.0,0.0,0.0,0.9150569438934326,0.8209145665168762,0.8718371987342834,0.8079444169998169,0.8418034315109253,0.8335717916488647,4.0
1283,1.0,0.0,0.0,0.0,0.0,0.0,0.8830989599227905,0.6285731792449951,0.5028885006904602,0.7871733903884888,0.9039333462715149,0.8596967458724976,1.0
1284,1.0,0.0,0.0,0.0,0.0,0.0,0.9236721992492676,0.8401303291320801,0.8746735453605652,0.730685830116272,0.7702323198318481,0.8881837725639343,2.0
1285,1.0,0.0,0.0,0.0,0.0,0.0,0.8899934887886047,0.5252825617790222,0.5045987367630005,0.834298849105835,0.9225760698318481,0.8541211485862732,0.0
1286,1.0,0.0,0.0,0.0,0.0,0.0,0.8851754665374756,0.44698914885520935,0.49221548438072205,0.7978553175926208,0.9165769815444946,0.9089577198028564,0.0
1287,1.0,0.0,0.0,0.0,0.0,1.0,0.8944560885429382,0.5406973361968994,0.5749927163124084,0.7985121607780457,0.9152604341506958,0.9041515588760376,1.0
1288,1.0,0.0,0.0,0.0,0.0,0.0,0.9024842977523804,0.4787691533565521,0.5338417887687683,0.8989659547805786,0.8716492652893066,0.8101913928985596,0.0
1289,1.0,0.0,0.0,0.0,0.0,0.0,0.8325512409210205,0.4439109265804291,0.5004408359527588,0.8731024861335754,0.9351682662963867,0.9139745235443115,2.0
1290,1.0,0.0,0.0,0.0,0.0,0.0,0.9495673179626465,0.7174186706542969,0.6825447678565979,0.6324313879013062,0.8212591409683228,0.8637449741363525,2.0
1291,1.0,0.0,0.0,0.0,0.0,0.0,0.9149917960166931,0.6464406251907349,0.4817664623260498,0.8134403824806213,0.9046745896339417,0.8719571828842163,4.0
1292,1.0,0.0,0.0,0.0,0.0,0.0,0.9451536536216736,0.7447511553764343,0.6713230013847351,0.8323549628257751,0.7475785613059998,0.6802166700363159,1.0
1293,1.0,0.0,0.0,0.0,0.0,0.0,0.8799232840538025,0.4216671884059906,0.4208446145057678,0.855018138885498,0.9076530933380127,0.8682949542999268,2.0
1294,1.0,0.0,0.0,0.0,0.0,0.0,0.9070444107055664,0.7334538698196411,0.8016065359115601,0.8837835192680359,0.8763687014579773,0.8025861382484436,4.0
1295,1.0,0.0,0.0,0.0,0.0,0.0,0.8880776166915894,0.5385571122169495,0.5456373691558838,0.8266929388046265,0.9231035113334656,0.8633307814598083,1.0
1296,1.0,0.0,0.0,0.0,0.0,0.0,0.934287965297699,0.6414036750793457,0.7006416916847229,0.809760570526123,0.8572661280632019,0.8127565383911133,3.0
1297,1.0,0.0,0.0,0.0,0.0,0.0,0.9314780235290527,0.740157425403595,0.6830716133117676,0.631191074848175,0.8460316061973572,0.8945798873901367,4.0
1298,1.0,0.0,0.0,0.0,0.0,0.0,0.895832359790802,0.49279066920280457,0.5644425749778748,0.8389623165130615,0.8789463639259338,0.8613243103027344,0.0
1299,1.0,0.0,0.0,0.0,0.0,0.0,0.8892204761505127,0.5655699372291565,0.4359948933124542,0.7586714029312134,0.9184236526489258,0.8671032190322876,0.0
1300,1.0,0.0,0.0,0.0,0.0,0.0,0.9184380173683167,0.7736878991127014,0.6514742374420166,0.7880611419677734,0.8917348980903625,0.8335556983947754,4.0
1301,1.0,0.0,0.0,0.0,0.0,0.0,0.9286056160926819,0.798136830329895,0.742106556892395,0.6996665596961975,0.8600491285324097,0.9205839037895203,0.0
1302,1.0,0.0,0.0,0.0,0.0,0.0,0.930523693561554,0.7423280477523804,0.4473915696144104,0.6734228730201721,0.8819653391838074,0.8259631991386414,0.0
1303,1.0,0.0,0.0,0.0,0.0,0.0,0.9178663492202759,0.8009235262870789,0.7910662293434143,0.6808948516845703,0.8402191996574402,0.8910566568374634,0.0
1304,1.0,0.0,0.0,0.0,0.0,0.0,0.9255444407463074,0.7214890718460083,0.6561194658279419,0.6381332278251648,0.8725466132164001,0.9306362271308899,2.0
1305,1.0,0.0,0.0,0.0,0.0,0.0,0.9144614338874817,0.7352629899978638,0.7921389937400818,0.8965350985527039,0.805428147315979,0.7703105807304382,3.0
1306,1.0,0.0,0.0,0.0,0.0,0.0,0.9143287539482117,0.7007554769515991,0.7987316250801086,0.8801711797714233,0.8430942893028259,0.8205337524414062,4.0
1307,1.0,0.0,0.0,0.0,0.0,0.0,0.8785630464553833,0.8652706146240234,0.6470158696174622,0.8351781368255615,0.8880219459533691,0.9014426469802856,2.0
1308,1.0,0.0,0.0,0.0,0.0,0.0,0.8943589925765991,0.6569701433181763,0.7025315165519714,0.7698044776916504,0.9220498204231262,0.9172062873840332,4.0
1309,1.0,0.0,0.0,0.0,0.0,0.0,0.9303126931190491,0.7983039021492004,0.8539455533027649,0.7642375826835632,0.8064956665039062,0.8848381638526917,0.0
1310,1.0,0.0,0.0,0.0,0.0,0.0,0.9418715238571167,0.6663580536842346,0.5800188183784485,0.7133249640464783,0.8172940611839294,0.840847373008728,0.0
1311,1.0,0.0,0.0,0.0,0.0,0.0,0.9255436062812805,0.6801193952560425,0.6862744092941284,0.7651283144950867,0.852324903011322,0.8184551000595093,2.0
1312,1.0,0.0,0.0,0.0,0.0,0.0,0.9374151825904846,0.8493261933326721,0.6612631678581238,0.7509079575538635,0.8038755655288696,0.8389684557914734,4.0
1313,1.0,0.0,0.0,0.0,0.0,0.0,0.8948310613632202,0.7860480546951294,0.7705457806587219,0.6985894441604614,0.8893909454345703,0.9172493815422058,1.0
1314,1.0,0.0,0.0,0.0,0.0,0.0,0.924857497215271,0.7873253226280212,0.7041873335838318,0.7027532458305359,0.8548213243484497,0.9224803447723389,2.0
1315,1.0,0.0,0.0,0.0,0.0,0.0,0.9325786232948303,0.6943422555923462,0.6628449559211731,0.7014642953872681,0.8278955817222595,0.8475504517555237,2.0
1316,1.0,0.0,0.0,0.0,0.0,0.0,0.9084863066673279,0.6572375297546387,0.4935513436794281,0.7209266424179077,0.8871362805366516,0.8939418196678162,0.0
1317,1.0,0.0,0.0,0.0,0.0,0.0,0.9052987694740295,0.4918373227119446,0.4874989092350006,0.8301008343696594,0.8897491097450256,0.8770692944526672,2.0
1318,1.0,0.0,0.0,0.0,0.0,0.0,0.8889150023460388,0.45171695947647095,0.42719215154647827,0.8461381196975708,0.9272999167442322,0.8803401589393616,2.0
1319,1.0,0.0,0.0,0.0,1.0,0.0,0.8779124617576599,0.41776710748672485,0.4449072480201721,0.9048720002174377,0.8833729028701782,0.8147807121276855,2.0
1320,1.0,0.0,0.0,0.0,0.0,0.0,0.903266966342926,0.8140349984169006,0.5696187019348145,0.7728129625320435,0.9231049418449402,0.8887181282043457,2.0
1321,1.0,0.0,0.0,0.0,0.0,0.0,0.8992197513580322,0.7100213170051575,0.8593848943710327,0.7674844264984131,0.8644285202026367,0.8786406517028809,0.0
1322,1.0,0.0,0.0,0.0,0.0,0.0,0.9307123422622681,0.6637536883354187,0.5747089385986328,0.8551061749458313,0.8357890844345093,0.7742645144462585,2.0
1323,1.0,0.0,0.0,0.0,1.0,0.0,0.9391964673995972,0.8749565482139587,0.7164621949195862,0.7812766432762146,0.8350723385810852,0.826190173625946,2.0
1324,1.0,0.0,0.0,0.0,0.0,0.0,0.8750696182250977,0.5347761511802673,0.5355353355407715,0.8807133436203003,0.9072748422622681,0.8821419477462769,3.0
1325,1.0,0.0,0.0,0.0,0.0,0.0,0.8641859292984009,0.6396117806434631,0.7679818272590637,0.7775624394416809,0.9249513745307922,0.9068517088890076,4.0
1326,1.0,0.0,0.0,0.0,0.0,0.0,0.9152765274047852,0.7169527411460876,0.6632275581359863,0.6553444266319275,0.8696695566177368,0.9329600930213928,3.0
1327,1.0,0.0,0.0,0.0,0.0,0.0,0.8837409615516663,0.6245834827423096,0.5400362610816956,0.8427649140357971,0.9300835728645325,0.8356919288635254,4.0
1328,1.0,0.0,0.0,0.0,0.0,0.0,0.9163211584091187,0.7926560044288635,0.7157573103904724,0.7595483064651489,0.8837091326713562,0.8810051083564758,3.0
1329,1.0,0.0,0.0,0.0,0.0,0.0,0.9161554574966431,0.6222593188285828,0.6762864589691162,0.8018329739570618,0.8971422910690308,0.8274023532867432,3.0
1330,1.0,0.0,0.0,0.0,0.0,0.0,0.8841044902801514,0.44716939330101013,0.44831597805023193,0.8642963767051697,0.9338025450706482,0.8575581312179565,2.0
1331,1.0,0.0,0.0,0.0,0.0,0.0,0.9081788063049316,0.7507497072219849,0.7076730132102966,0.6160547733306885,0.8990805745124817,0.931859016418457,3.0
1332,1.0,0.0,0.0,0.0,0.0,0.0,0.9296566247940063,0.838391900062561,0.7365484833717346,0.8721569776535034,0.7565937638282776,0.7177708745002747,0.0
1333,1.0,0.0,0.0,0.0,0.0,0.0,0.8849827647209167,0.7161163091659546,0.520283043384552,0.7736572623252869,0.933962345123291,0.8830983638763428,0.0
1334,1.0,0.0,0.0,0.0,0.0,0.0,0.8881437182426453,0.34113532304763794,0.3453729748725891,0.8652805685997009,0.8736903071403503,0.8230091333389282,0.0
1335,1.0,0.0,0.0,0.0,0.0,0.0,0.9322921633720398,0.8190769553184509,0.6588103175163269,0.643809974193573,0.8740335702896118,0.9141879677772522,3.0
1336,1.0,0.0,0.0,0.0,0.0,1.0,0.943541944026947,0.5732620358467102,0.7115182280540466,0.5106604695320129,0.8274135589599609,0.9390258193016052,2.0
1337,1.0,0.0,0.0,0.0,0.0,0.0,0.930565595626831,0.6415187120437622,0.5733532905578613,0.7920702695846558,0.8035075664520264,0.7828966975212097,1.0
1338,1.0,0.0,0.0,0.0,0.0,0.0,0.9326230883598328,0.7750067710876465,0.7324301600456238,0.7531842589378357,0.8543688654899597,0.9099142551422119,2.0
1339,1.0,0.0,0.0,0.0,0.0,0.0,0.9120326042175293,0.5698410272598267,0.5138776898384094,0.6987321972846985,0.9112533926963806,0.8716807961463928,3.0
1340,1.0,0.0,0.0,0.0,0.0,0.0,0.877907931804657,0.3833819627761841,0.3888331651687622,0.8025875091552734,0.9231398701667786,0.8885511755943298,0.0
1341,1.0,0.0,0.0,0.0,0.0,1.0,0.9099225401878357,0.7960459589958191,0.8400745391845703,0.7257014513015747,0.8643162250518799,0.885627031326294,1.0
1342,1.0,0.0,0.0,0.0,0.0,0.0,0.9461467266082764,0.8605487942695618,0.8055406808853149,0.7601432800292969,0.7735230326652527,0.8126837611198425,2.0
1343,1.0,0.0,0.0,0.0,1.0,0.0,0.911686897277832,0.8539860844612122,0.8611257076263428,0.6876070499420166,0.8357527256011963,0.8753418326377869,3.0
1344,1.0,0.0,0.0,0.0,0.0,0.0,0.9355680346488953,0.8186461925506592,0.7176231741905212,0.6336936950683594,0.8554164171218872,0.8671624064445496,0.0
1345,1.0,0.0,0.0,0.0,0.0,0.0,0.9023734331130981,0.7251847982406616,0.7357578873634338,0.8639450073242188,0.8821916580200195,0.8870965242385864,2.0
1346,1.0,0.0,0.0,0.0,0.0,0.0,0.9352595806121826,0.6443191766738892,0.7496406435966492,0.7018883228302002,0.8688294887542725,0.8738953471183777,4.0
1347,1.0,0.0,0.0,0.0,0.0,0.0,0.8762801289558411,0.6079145669937134,0.4847416877746582,0.8307406306266785,0.9179814457893372,0.9169748425483704,2.0
1348,1.0,0.0,0.0,0.0,0.0,0.0,0.8865169286727905,0.41626882553100586,0.47086548805236816,0.6845197081565857,0.9225634336471558,0.9129549264907837,4.0
1349,1.0,0.0,0.0,0.0,0.0,0.0,0.8866376280784607,0.5094847679138184,0.6316348910331726,0.8612483739852905,0.8976673483848572,0.8732821941375732,0.0
1350,1.0,0.0,0.0,0.0,0.0,0.0,0.9308676719665527,0.6400884389877319,0.7696220874786377,0.6910101175308228,0.8576508164405823,0.8490334153175354,3.0
1351,1.0,0.0,0.0,0.0,0.0,0.0,0.8814792633056641,0.3989275097846985,0.4651521146297455,0.8521872162818909,0.9295654892921448,0.8250547647476196,2.0
1352,1.0,0.0,0.0,0.0,0.0,0.0,0.8037614226341248,0.4465198814868927,0.37214916944503784,0.8887271285057068,0.9446833729743958,0.8917840719223022,0.0
1353,1.0,0.0,0.0,0.0,0.0,0.0,0.9085513949394226,0.3824545443058014,0.5533534288406372,0.808434247970581,0.902884304523468,0.8261805772781372,3.0
1354,1.0,0.0,0.0,0.0,0.0,0.0,0.8843550086021423,0.5469825863838196,0.5509889125823975,0.8008721470832825,0.935569167137146,0.8784002065658569,4.0
1355,1.0,0.0,0.0,0.0,0.0,0.0,0.9201141595840454,0.5363196730613708,0.7250137329101562,0.8175172805786133,0.8852320909500122,0.8661195039749146,1.0
1356,1.0,0.0,0.0,0.0,0.0,0.0,0.9387641549110413,0.8739081621170044,0.8141831755638123,0.7503339052200317,0.826055645942688,0.8265243172645569,1.0
1357,1.0,0.0,0.0,0.0,0.0,0.0,0.8426508903503418,0.46471768617630005,0.36409151554107666,0.8288435339927673,0.9178619980812073,0.9207666516304016,2.0
1358,1.0,0.0,0.0,0.0,0.0,0.0,0.903998613357544,0.43132665753364563,0.7015405893325806,0.8668186664581299,0.8504359722137451,0.8375421166419983,3.0
1359,1.0,0.0,0.0,0.0,0.0,0.0,0.9006533622741699,0.46532297134399414,0.4761793613433838,0.840013861656189,0.9243032932281494,0.822408139705658,2.0
1360,1.0,0.0,0.0,0.0,0.0,0.0,0.90116947889328,0.47141674160957336,0.5670937299728394,0.7602981328964233,0.9023584127426147,0.8975776433944702,0.0
1361,1.0,0.0,0.0,0.0,0.0,0.0,0.8897849917411804,0.35497015714645386,0.4479469656944275,0.8164297938346863,0.903965950012207,0.8428024053573608,1.0
1362,1.0,0.0,0.0,0.0,0.0,0.0,0.9332119822502136,0.6632729768753052,0.4801591634750366,0.6847127676010132,0.8580151200294495,0.8690327405929565,2.0
1363,1.0,0.0,0.0,0.0,0.0,0.0,0.9148429036140442,0.5604686141014099,0.664063572883606,0.816469132900238,0.8582096695899963,0.8670163750648499,4.0
1364,1.0,0.0,0.0,0.0,1.0,0.0,0.8718543648719788,0.73660808801651,0.6673727631568909,0.7349823713302612,0.9204050302505493,0.9260833263397217,0.0
1365,1.0,0.0,0.0,0.0,0.0,0.0,0.8724176287651062,0.5176102519035339,0.5134308338165283,0.869354248046875,0.9230428338050842,0.887377142906189,3.0
1366,1.0,0.0,0.0,0.0,1.0,0.0,0.9423739910125732,0.7848078012466431,0.7829640507698059,0.6084872484207153,0.8229510188102722,0.8431986570358276,2.0
1367,1.0,0.0,0.0,0.0,0.0,0.0,0.9277562499046326,0.6105663776397705,0.7658413648605347,0.7944399118423462,0.8281069993972778,0.8699592351913452,4.0
1368,1.0,0.0,0.0,0.0,0.0,0.0,0.8961763978004456,0.6558918356895447,0.8440682888031006,0.7994033098220825,0.8696657419204712,0.8694456219673157,0.0
1369,1.0,0.0,0.0,0.0,0.0,0.0,0.8917495608329773,0.7831517457962036,0.6735347509384155,0.8355594873428345,0.8851189613342285,0.8851993083953857,4.0
1370,1.0,0.0,0.0,0.0,0.0,0.0,0.885897159576416,0.6611682176589966,0.7163863778114319,0.7843012809753418,0.9337354898452759,0.8915985822677612,0.0
1371,1.0,0.0,0.0,0.0,0.0,0.0,0.9075235724449158,0.47074082493782043,0.5587366819381714,0.7976897954940796,0.8945055603981018,0.8666953444480896,3.0
1372,1.0,0.0,0.0,0.0,1.0,0.0,0.9224121570587158,0.6387006640434265,0.6717475056648254,0.7181244492530823,0.8830615878105164,0.8649858832359314,2.0
1373,1.0,0.0,0.0,0.0,0.0,0.0,0.884099006652832,0.6008692383766174,0.6099695563316345,0.754826545715332,0.9242458939552307,0.9142343997955322,3.0
1374,1.0,0.0,0.0,0.0,0.0,0.0,0.8936604261398315,0.4419531226158142,0.5338649749755859,0.8391167521476746,0.9062646627426147,0.8881681561470032,0.0
1375,1.0,0.0,0.0,0.0,0.0,0.0,0.9092337489128113,0.7436278462409973,0.8586693406105042,0.8500331044197083,0.7855621576309204,0.771632969379425,2.0
1376,1.0,0.0,0.0,1.0,0.0,0.0,0.8750507235527039,0.6864569187164307,0.7714393138885498,0.8941041231155396,0.8354284167289734,0.853270947933197,0.0
1377,1.0,0.0,0.0,0.0,0.0,0.0,0.891558051109314,0.45029810070991516,0.5000805258750916,0.8811920285224915,0.9080673456192017,0.8296738266944885,2.0
1378,1.0,0.0,0.0,0.0,0.0,0.0,0.9187065958976746,0.5361467599868774,0.7593912482261658,0.7444077134132385,0.8801272511482239,0.8881474733352661,0.0
1379,1.0,0.0,0.0,0.0,0.0,0.0,0.8900616765022278,0.6986482739448547,0.6199861168861389,0.9186806678771973,0.8659058809280396,0.7561856508255005,1.0
1380,1.0,0.0,0.0,0.0,0.0,1.0,0.8837487101554871,0.48488783836364746,0.5622678399085999,0.9053045511245728,0.8491464853286743,0.7713324427604675,2.0
1381,1.0,0.0,0.0,0.0,0.0,0.0,0.8873280882835388,0.8299082517623901,0.8130639791488647,0.8092517852783203,0.860991358757019,0.8840412497520447,0.0
1382,1.0,0.0,0.0,0.0,0.0,0.0,0.8978620767593384,0.8006016612052917,0.8884575366973877,0.7304374575614929,0.8656670451164246,0.8751419186592102,0.0
1383,1.0,0.0,0.0,0.0,0.0,0.0,0.8405483961105347,0.5521583557128906,0.6814544796943665,0.8758939504623413,0.9203356504440308,0.8926830887794495,0.0
1384,1.0,0.0,0.0,0.0,1.0,0.0,0.9152978658676147,0.7170834541320801,0.7379342317581177,0.7370859980583191,0.8942444920539856,0.8612387180328369,3.0
1385,1.0,0.0,0.0,0.0,1.0,0.0,0.8396113514900208,0.4285431206226349,0.5634421706199646,0.9247008562088013,0.9203777313232422,0.8531331419944763,1.0
1386,1.0,0.0,0.0,0.0,0.0,0.0,0.9073349237442017,0.7839397192001343,0.7755742073059082,0.8146693706512451,0.854534387588501,0.8685461282730103,0.0
1387,1.0,0.0,0.0,0.0,1.0,0.0,0.893918514251709,0.4845554232597351,0.558220386505127,0.8728700876235962,0.9044255018234253,0.8358303904533386,2.0
1388,1.0,0.0,0.0,0.0,0.0,0.0,0.9184852838516235,0.9202960729598999,0.8625937104225159,0.5933012366294861,0.7372215390205383,0.8505833745002747,3.0
1389,1.0,0.0,0.0,0.0,0.0,0.0,0.814287006855011,0.8640256524085999,0.7234913110733032,0.8102970719337463,0.9227598905563354,0.8431581854820251,1.0
1390,1.0,0.0,0.0,0.0,1.0,0.0,0.9169490933418274,0.7495935559272766,0.8877512216567993,0.8036384582519531,0.7675061821937561,0.8242261409759521,4.0
1391,1.0,0.0,0.0,0.0,1.0,0.0,0.7678685188293457,0.8414500951766968,0.9095267653465271,0.8935714960098267,0.8270043134689331,0.7073041200637817,1.0
1392,1.0,0.0,0.0,0.0,0.0,0.0,0.8863577246665955,0.6909730434417725,0.7091067433357239,0.8620863556861877,0.8867602348327637,0.890606164932251,3.0
1393,1.0,0.0,0.0,0.0,0.0,0.0,0.8665140271186829,0.4557889699935913,0.4776005148887634,0.8086812496185303,0.9162953495979309,0.9098474383354187,2.0
1394,1.0,0.0,0.0,0.0,0.0,0.0,0.9183850288391113,0.7303808927536011,0.740797221660614,0.6106389164924622,0.8442898988723755,0.9352052807807922,1.0
1395,1.0,0.0,0.0,0.0,0.0,0.0,0.7535661458969116,0.3998568058013916,0.412841260433197,0.9353151917457581,0.9517039656639099,0.8303593397140503,1.0
1396,1.0,0.0,0.0,0.0,0.0,0.0,0.8865272402763367,0.47528398036956787,0.39772069454193115,0.7248324155807495,0.9269567131996155,0.8804391622543335,3.0
1397,1.0,0.0,0.0,0.0,0.0,0.0,0.8973796367645264,0.5044574737548828,0.6725553870201111,0.8449387550354004,0.8906951546669006,0.8534142374992371,3.0
1398,1.0,0.0,0.0,0.0,0.0,0.0,0.8555907607078552,0.3940694034099579,0.4257635474205017,0.7993105053901672,0.9326260685920715,0.9203254580497742,1.0
1399,1.0,0.0,0.0,0.0,0.0,0.0,0.927168607711792,0.7776716351509094,0.4800682067871094,0.7224862575531006,0.8829180598258972,0.837996244430542,4.0
1400,1.0,0.0,0.0,0.0,0.0,0.0,0.9461237192153931,0.7829728126525879,0.7983013391494751,0.7453839182853699,0.6842148900032043,0.7797895669937134,4.0
1401,1.0,0.0,0.0,0.0,0.0,0.0,0.9096476435661316,0.6019655466079712,0.6534320116043091,0.8411852717399597,0.8865256309509277,0.8068141937255859,0.0
1402,1.0,0.0,0.0,0.0,0.0,0.0,0.897212564945221,0.5936182737350464,0.591604471206665,0.8791211843490601,0.8552729487419128,0.8454635143280029,0.0
1403,1.0,0.0,0.0,0.0,0.0,0.0,0.9213679432868958,0.6869407296180725,0.7838606834411621,0.7381060719490051,0.8564980626106262,0.9250872731208801,2.0
1404,1.0,0.0,0.0,0.0,1.0,0.0,0.9472032189369202,0.773860514163971,0.7971120476722717,0.7421512007713318,0.7933195233345032,0.8281859755516052,2.0
1405,1.0,0.0,0.0,0.0,0.0,0.0,0.8730992078781128,0.5127235054969788,0.6995702385902405,0.88800448179245,0.9200803637504578,0.863461971282959,1.0
1406,1.0,0.0,0.0,0.0,0.0,0.0,0.9432160258293152,0.7269071936607361,0.7161898016929626,0.5658428072929382,0.8662751317024231,0.9116575717926025,1.0
1407,1.0,0.0,0.0,0.0,0.0,0.0,0.9293606281280518,0.7864019870758057,0.7740432620048523,0.6617082357406616,0.8610687255859375,0.9077901244163513,3.0
1408,1.0,0.0,0.0,0.0,0.0,0.0,0.9036598801612854,0.47939538955688477,0.6785733103752136,0.8698213696479797,0.9098430275917053,0.8362559676170349,4.0
1409,1.0,0.0,0.0,0.0,0.0,0.0,0.9166442155838013,0.5755529999732971,0.6420767307281494,0.8240237832069397,0.8887194991111755,0.8408957123756409,4.0
1410,1.0,0.0,0.0,0.0,0.0,0.0,0.9133539199829102,0.6632365584373474,0.6628620624542236,0.7690062522888184,0.8865134716033936,0.8888517022132874,0.0
1411,0.0,1.0,0.0,0.0,0.0,0.0,0.876591682434082,0.9358790516853333,0.7995874881744385,0.5252424478530884,0.8082526922225952,0.8755220770835876,1.0
1412,0.0,1.0,0.0,0.0,0.0,0.0,0.9059463143348694,0.9548656940460205,0.8180880546569824,0.5907660126686096,0.6400005221366882,0.8216103315353394,0.0
1413,0.0,1.0,0.0,0.0,0.0,0.0,0.8575611114501953,0.9655300378799438,0.8481955528259277,0.45526543259620667,0.5107557773590088,0.748934268951416,1.0
1414,0.0,1.0,0.0,0.0,0.0,0.0,0.8753399848937988,0.9687624573707581,0.7078948616981506,0.45248135924339294,0.45427122712135315,0.6893288493156433,1.0
1415,0.0,1.0,0.0,0.0,0.0,0.0,0.8568243980407715,0.9724888205528259,0.7869581580162048,0.40210574865341187,0.47721660137176514,0.5604581236839294,4.0
1416,0.0,1.0,0.0,0.0,0.0,0.0,0.8139830231666565,0.9667705297470093,0.8700865507125854,0.4328695833683014,0.440165251493454,0.6200210452079773,3.0
1417,0.0,1.0,0.0,0.0,0.0,0.0,0.8427553176879883,0.9701669812202454,0.8045950531959534,0.5908300280570984,0.5609655380249023,0.7102359533309937,4.0
1418,0.0,1.0,0.0,0.0,0.0,0.0,0.8477184176445007,0.9497173428535461,0.8925027251243591,0.37485262751579285,0.44057783484458923,0.7076559066772461,1.0
1419,0.0,1.0,0.0,0.0,0.0,0.0,0.7549425959587097,0.9850742816925049,0.6979468464851379,0.28118106722831726,0.3191656470298767,0.4984232485294342,1.0
1420,0.0,1.0,0.0,0.0,0.0,0.0,0.7975201606750488,0.9774790406227112,0.43826523423194885,0.3805842399597168,0.318501353263855,0.44071164727211,1.0
1421,0.0,1.0,0.0,0.0,0.0,0.0,0.7927674651145935,0.9804865717887878,0.8403352499008179,0.3995646834373474,0.2410275787115097,0.45157840847969055,0.0
1422,0.0,1.0,0.0,0.0,0.0,0.0,0.7969089150428772,0.9797486662864685,0.6535155773162842,0.37105923891067505,0.32891178131103516,0.4787607192993164,2.0
1423,0.0,1.0,0.0,0.0,0.0,0.0,0.8337931632995605,0.9710996150970459,0.7759858965873718,0.41651785373687744,0.5011380314826965,0.702161431312561,1.0
1424,0.0,1.0,0.0,0.0,0.0,0.0,0.7816363573074341,0.9632773995399475,0.8940551280975342,0.48424017429351807,0.49456536769866943,0.5836549997329712,3.0
1425,0.0,1.0,0.0,0.0,0.0,0.0,0.888270378112793,0.9514192342758179,0.7065441608428955,0.5318941473960876,0.65728360414505,0.8547752499580383,3.0
1426,0.0,1.0,0.0,0.0,0.0,0.0,0.9019054174423218,0.7644389867782593,0.6881958246231079,0.7340070009231567,0.9005007743835449,0.9290196299552917,3.0
1427,0.0,1.0,0.0,0.0,0.0,0.0,0.8255476951599121,0.9597769379615784,0.7124248147010803,0.6480557918548584,0.7576728463172913,0.7767108678817749,0.0
1428,0.0,1.0,0.0,0.0,0.0,0.0,0.9107491374015808,0.9434950351715088,0.7240743041038513,0.5872964859008789,0.7658336162567139,0.8499724864959717,3.0
1429,0.0,1.0,0.0,0.0,0.0,0.0,0.7812598943710327,0.9372037649154663,0.6950663924217224,0.6433043479919434,0.8454016447067261,0.8466902375221252,0.0
1430,0.0,1.0,0.0,0.0,0.0,0.0,0.8998066782951355,0.9336092472076416,0.7097873687744141,0.6971094608306885,0.8405364751815796,0.8438799381256104,2.0
1431,0.0,1.0,0.0,0.0,0.0,0.0,0.8886291980743408,0.922936201095581,0.6833677291870117,0.7817434072494507,0.8637526035308838,0.8158429861068726,3.0
1432,0.0,1.0,0.0,0.0,0.0,0.0,0.8677908778190613,0.7800627946853638,0.38176605105400085,0.7903393507003784,0.9288874864578247,0.8855977654457092,3.0
1433,0.0,1.0,0.0,0.0,0.0,0.0,0.7883162498474121,0.9705591797828674,0.48126164078712463,0.4004448354244232,0.4595605134963989,0.5824679732322693,1.0
1434,0.0,1.0,0.0,0.0,0.0,0.0,0.8332438468933105,0.9760539531707764,0.7046542167663574,0.5942347645759583,0.5358390212059021,0.5342952609062195,4.0
1435,0.0,1.0,0.0,0.0,0.0,0.0,0.8553476333618164,0.9604459404945374,0.6024275422096252,0.4382036626338959,0.6948772072792053,0.8328047394752502,0.0
1436,0.0,1.0,0.0,0.0,0.0,0.0,0.8006097674369812,0.979776918888092,0.6645218729972839,0.2311995029449463,0.3547780215740204,0.5735855102539062,2.0
1437,0.0,1.0,0.0,0.0,0.0,0.0,0.7913159728050232,0.9399218559265137,0.49785950779914856,0.734552800655365,0.8367466926574707,0.7690141797065735,2.0
1438,0.0,1.0,0.0,0.0,0.0,0.0,0.8265125155448914,0.9281803369522095,0.7238252758979797,0.7779858708381653,0.8762319087982178,0.791843056678772,4.0
1439,0.0,1.0,0.0,0.0,0.0,0.0,0.7907492518424988,0.9795851707458496,0.7146626114845276,0.2597512900829315,0.38998809456825256,0.605677604675293,4.0
1440,0.0,1.0,0.0,0.0,0.0,0.0,0.8202330470085144,0.9678876996040344,0.6919974684715271,0.6521898508071899,0.6940469145774841,0.5651304125785828,4.0
1441,0.0,1.0,0.0,0.0,0.0,0.0,0.8747133016586304,0.9594987630844116,0.5743401050567627,0.540241539478302,0.7558109164237976,0.7957767248153687,0.0
1442,0.0,1.0,0.0,0.0,0.0,0.0,0.8450600504875183,0.9786928296089172,0.6885517835617065,0.43767213821411133,0.4284144341945648,0.6180859208106995,0.0
1443,0.0,1.0,0.0,0.0,0.0,0.0,0.8663730621337891,0.9395810961723328,0.5697537660598755,0.4425678849220276,0.8098624348640442,0.8177924752235413,4.0
1444,0.0,1.0,0.0,0.0,0.0,0.0,0.8706914782524109,0.9490488767623901,0.7298112511634827,0.6464779376983643,0.6812474131584167,0.7996703386306763,0.0
1445,0.0,1.0,0.0,0.0,0.0,0.0,0.9046287536621094,0.9362554550170898,0.8709517121315002,0.7544499039649963,0.6943691372871399,0.7896755337715149,4.0
1446,0.0,1.0,0.0,0.0,0.0,0.0,0.8354453444480896,0.9633448123931885,0.7105855345726013,0.5136998295783997,0.7007119655609131,0.7330671548843384,1.0
1447,0.0,1.0,0.0,0.0,0.0,0.0,0.8630617260932922,0.9019659161567688,0.6834209561347961,0.7874082922935486,0.8838479518890381,0.8645883798599243,0.0
1448,0.0,1.0,0.0,0.0,0.0,0.0,0.8881984353065491,0.9514175653457642,0.6655907034873962,0.4447130560874939,0.6984787583351135,0.8354977369308472,1.0
1449,0.0,1.0,0.0,0.0,0.0,0.0,0.8027660846710205,0.9626256823539734,0.6423896551132202,0.5298969745635986,0.7796634435653687,0.7854598760604858,1.0
1450,0.0,1.0,0.0,0.0,0.0,0.0,0.9024320840835571,0.9421433806419373,0.8398382663726807,0.601275622844696,0.7501581907272339,0.8359417915344238,4.0
1451,0.0,1.0,0.0,0.0,0.0,0.0,0.8788966536521912,0.8626393675804138,0.582721471786499,0.6079387664794922,0.9014047980308533,0.9264525175094604,2.0
1452,0.0,1.0,0.0,0.0,0.0,0.0,0.8692576289176941,0.8803597092628479,0.7719739079475403,0.7123138904571533,0.858288586139679,0.925539493560791,2.0
1453,0.0,1.0,0.0,0.0,0.0,0.0,0.8363603949546814,0.9388206005096436,0.6018893718719482,0.6697245836257935,0.8358481526374817,0.8192033767700195,1.0
1454,0.0,1.0,0.0,0.0,0.0,0.0,0.9015653133392334,0.9622450470924377,0.7926992177963257,0.47312384843826294,0.559148371219635,0.7963420152664185,0.0
1455,0.0,1.0,0.0,0.0,0.0,0.0,0.7948549389839172,0.9635633230209351,0.6128554344177246,0.5884733200073242,0.6208889484405518,0.6689253449440002,1.0
1456,0.0,1.0,0.0,0.0,0.0,0.0,0.8062537312507629,0.9773874878883362,0.7344034314155579,0.6096801161766052,0.46368876099586487,0.5355859994888306,2.0
1457,0.0,1.0,0.0,0.0,0.0,0.0,0.8236128687858582,0.9791010618209839,0.5072479844093323,0.3813839554786682,0.25640442967414856,0.388514906167984,0.0
1458,0.0,1.0,0.0,0.0,0.0,0.0,0.8674388527870178,0.9634290933609009,0.717820405960083,0.4971241354942322,0.6951587200164795,0.8200711607933044,4.0
1459,0.0,1.0,0.0,0.0,0.0,0.0,0.8870531320571899,0.961439847946167,0.7536672949790955,0.6671401262283325,0.6480963826179504,0.701444685459137,2.0
1460,0.0,1.0,0.0,0.0,0.0,0.0,0.8622944951057434,0.9528838396072388,0.549534022808075,0.4403688907623291,0.6564177870750427,0.7484174966812134,3.0
1461,0.0,1.0,0.0,0.0,0.0,0.0,0.9213030338287354,0.9588508009910583,0.6902464032173157,0.6526824831962585,0.5960927605628967,0.7711319923400879,1.0
1462,0.0,1.0,0.0,0.0,0.0,0.0,0.8576273918151855,0.9807718992233276,0.7552931308746338,0.4083791673183441,0.41672202944755554,0.5805617570877075,0.0
1463,0.0,1.0,0.0,0.0,0.0,0.0,0.8809771537780762,0.9774869084358215,0.6707169413566589,0.42664670944213867,0.43342432379722595,0.6011334657669067,0.0
1464,0.0,1.0,0.0,0.0,0.0,0.0,0.8876903653144836,0.9587993025779724,0.8191732168197632,0.5850509405136108,0.6635143160820007,0.7653918862342834,3.0
1465,0.0,1.0,0.0,0.0,0.0,0.0,0.8659442663192749,0.9363363981246948,0.8520517349243164,0.842602550983429,0.7462942004203796,0.7067474722862244,2.0
1466,0.0,1.0,0.0,0.0,0.0,0.0,0.8620466589927673,0.9692492485046387,0.7416112422943115,0.5716406106948853,0.5756741762161255,0.669908344745636,1.0
1467,0.0,1.0,0.0,0.0,0.0,0.0,0.8052400350570679,0.9840643405914307,0.7342391014099121,0.2491396814584732,0.24105550348758698,0.4756391644477844,0.0
1468,0.0,1.0,0.0,0.0,0.0,0.0,0.8349739909172058,0.9772202372550964,0.7458157539367676,0.3877559304237366,0.42090660333633423,0.5766181349754333,1.0
1469,0.0,1.0,0.0,0.0,0.0,0.0,0.8265855312347412,0.9751908183097839,0.459953248500824,0.4214707911014557,0.3865049481391907,0.4866856336593628,3.0
1470,0.0,1.0,0.0,0.0,0.0,0.0,0.8148133158683777,0.9750567078590393,0.8699048161506653,0.6200450658798218,0.5526514053344727,0.5735938549041748,4.0
1471,0.0,1.0,0.0,0.0,0.0,0.0,0.9037806391716003,0.966936469078064,0.8332614302635193,0.6318588256835938,0.5504561066627502,0.6589871644973755,1.0
1472,0.0,1.0,0.0,0.0,0.0,0.0,0.8638413548469543,0.9713825583457947,0.8150486350059509,0.6353075504302979,0.4199742376804352,0.527163565158844,2.0
1473,0.0,1.0,0.0,0.0,0.0,0.0,0.8905648589134216,0.970004677772522,0.7331956624984741,0.5033674836158752,0.4976826310157776,0.733646035194397,3.0
1474,0.0,1.0,0.0,0.0,0.0,0.0,0.8769003748893738,0.9655768275260925,0.8663506507873535,0.5924971699714661,0.4684203267097473,0.6205800771713257,3.0
1475,0.0,1.0,0.0,0.0,0.0,0.0,0.833445131778717,0.9779328107833862,0.7375103831291199,0.4279007017612457,0.42624521255493164,0.6225650906562805,2.0
1476,0.0,1.0,0.0,0.0,0.0,0.0,0.8609238862991333,0.9677606225013733,0.7509947419166565,0.6830179691314697,0.6031709909439087,0.6500754952430725,3.0
1477,0.0,1.0,0.0,0.0,0.0,0.0,0.7908446192741394,0.9864253997802734,0.6376182436943054,0.2629234790802002,0.29601576924324036,0.4588858187198639,2.0
1478,0.0,1.0,0.0,0.0,0.0,0.0,0.8562170267105103,0.9678851962089539,0.6590608954429626,0.5746219158172607,0.7373712062835693,0.7364394664764404,4.0
1479,0.0,1.0,0.0,0.0,0.0,0.0,0.8397759795188904,0.9725038409233093,0.7182217240333557,0.33859822154045105,0.5966866612434387,0.6901180148124695,4.0
1480,0.0,1.0,0.0,0.0,0.0,0.0,0.8022340536117554,0.9750794172286987,0.7282100915908813,0.3248233497142792,0.4699341356754303,0.7477543950080872,0.0
1481,0.0,1.0,0.0,0.0,0.0,0.0,0.8605499267578125,0.9746749401092529,0.457838773727417,0.32214266061782837,0.4993208348751068,0.6945904493331909,3.0
1482,0.0,1.0,0.0,0.0,0.0,0.0,0.874400794506073,0.9625396132469177,0.8539380431175232,0.6699782013893127,0.5643469095230103,0.7005563378334045,4.0
1483,0.0,1.0,0.0,0.0,0.0,0.0,0.9018679261207581,0.969312310218811,0.6653446555137634,0.565384566783905,0.46027904748916626,0.6838235855102539,0.0
1484,0.0,1.0,0.0,0.0,0.0,0.0,0.8810055255889893,0.9728435277938843,0.6872013211250305,0.40924787521362305,0.3554224967956543,0.5555323362350464,4.0
1485,0.0,1.0,0.0,0.0,0.0,0.0,0.8742564916610718,0.9527925848960876,0.7087612748146057,0.4436943531036377,0.7580111622810364,0.865982174873352,4.0
1486,0.0,1.0,0.0,0.0,0.0,0.0,0.8893294334411621,0.9797738194465637,0.6612043380737305,0.3720729649066925,0.3665316700935364,0.5916576981544495,0.0
1487,0.0,1.0,0.0,0.0,0.0,0.0,0.9435827136039734,0.9324793815612793,0.6665847897529602,0.740551769733429,0.6180458664894104,0.7433918714523315,0.0
1488,0.0,1.0,0.0,0.0,0.0,0.0,0.8693945407867432,0.9749891757965088,0.7983425855636597,0.42073768377304077,0.27060267329216003,0.6214081048965454,1.0
1489,0.0,1.0,0.0,0.0,0.0,0.0,0.868757963180542,0.9415032863616943,0.7030621767044067,0.533702552318573,0.7821369171142578,0.908270001411438,3.0
1490,0.0,1.0,0.0,0.0,0.0,0.0,0.8602230548858643,0.9346244931221008,0.8854859471321106,0.7018591165542603,0.7224308252334595,0.8600568175315857,0.0
1491,0.0,1.0,0.0,0.0,0.0,0.0,0.8479021787643433,0.953009843826294,0.8820095658302307,0.5907777547836304,0.6116899847984314,0.7199756503105164,2.0
1492,0.0,1.0,0.0,0.0,0.0,0.0,0.8427553176879883,0.9582347273826599,0.7428303360939026,0.38669589161872864,0.6603506207466125,0.8337171077728271,3.0
1493,0.0,1.0,0.0,0.0,0.0,0.0,0.8543340563774109,0.9229012727737427,0.7348517775535583,0.5970940589904785,0.8838331699371338,0.850421667098999,1.0
1494,0.0,1.0,0.0,0.0,0.0,0.0,0.7948459386825562,0.9369959235191345,0.5923354029655457,0.6093078255653381,0.8588626980781555,0.7616065740585327,1.0
1495,0.0,1.0,0.0,0.0,0.0,0.0,0.9014111757278442,0.9472668766975403,0.8543747067451477,0.709696352481842,0.6882831454277039,0.771113395690918,4.0
1496,0.0,1.0,0.0,0.0,0.0,0.0,0.8622797727584839,0.9299898743629456,0.4590415954589844,0.50493985414505,0.8328278660774231,0.8508735299110413,4.0
1497,0.0,1.0,0.0,0.0,0.0,0.0,0.837592363357544,0.9685348272323608,0.8416208028793335,0.4643549919128418,0.4822269082069397,0.7317267656326294,2.0
1498,0.0,1.0,0.0,0.0,0.0,0.0,0.8084161877632141,0.9796798825263977,0.7279532551765442,0.3075229823589325,0.3413011431694031,0.5874402523040771,4.0
1499,0.0,1.0,0.0,0.0,0.0,0.0,0.818156361579895,0.9780179858207703,0.655898928642273,0.48655492067337036,0.3630107641220093,0.5478085279464722,2.0
1500,0.0,1.0,0.0,0.0,0.0,0.0,0.8890641927719116,0.9523305892944336,0.7120373845100403,0.5452132821083069,0.746312141418457,0.8490987420082092,4.0
1501,0.0,1.0,0.0,0.0,0.0,0.0,0.8490573763847351,0.9693385362625122,0.7842711210250854,0.39433974027633667,0.47380855679512024,0.7376699447631836,0.0
1502,0.0,1.0,0.0,0.0,0.0,0.0,0.8059145212173462,0.9679725766181946,0.8215392827987671,0.33233562111854553,0.3971177935600281,0.6583443284034729,1.0
1503,0.0,1.0,0.0,0.0,0.0,0.0,0.8358359336853027,0.9255920052528381,0.5823318362236023,0.7106736302375793,0.8428449034690857,0.8620779514312744,1.0
1504,0.0,1.0,0.0,0.0,0.0,0.0,0.7402551770210266,0.9791010618209839,0.7791323661804199,0.32057034969329834,0.3972126245498657,0.535872757434845,4.0
1505,0.0,1.0,0.0,0.0,0.0,0.0,0.8240336179733276,0.9754364490509033,0.5054791569709778,0.34836938977241516,0.36022117733955383,0.5838115215301514,2.0
1506,0.0,1.0,0.0,0.0,0.0,0.0,0.8794423937797546,0.9626585841178894,0.7927451729774475,0.7081887722015381,0.5361590385437012,0.6758232712745667,0.0
1507,0.0,1.0,0.0,0.0,0.0,0.0,0.801101803779602,0.9773625731468201,0.5287459492683411,0.31830906867980957,0.456059068441391,0.5677119493484497,3.0
1508,0.0,1.0,0.0,0.0,0.0,0.0,0.8755391240119934,0.9578717947006226,0.5234939455986023,0.52804034948349,0.6170573234558105,0.7582420110702515,2.0
1509,0.0,1.0,0.0,0.0,0.0,0.0,0.8523432612419128,0.957726001739502,0.7673718929290771,0.5201814770698547,0.7542518377304077,0.8324297666549683,2.0
1510,0.0,1.0,0.0,0.0,0.0,0.0,0.8725873231887817,0.968910813331604,0.6370105147361755,0.5853184461593628,0.4163813292980194,0.6268906593322754,2.0
1511,0.0,1.0,0.0,0.0,0.0,0.0,0.7877203226089478,0.9778496026992798,0.6398510932922363,0.3585588037967682,0.5606169104576111,0.7176815867424011,1.0
1512,0.0,1.0,0.0,0.0,0.0,0.0,0.8039284944534302,0.9839698672294617,0.5675205588340759,0.35025525093078613,0.29118797183036804,0.4432539641857147,2.0
1513,0.0,1.0,0.0,0.0,0.0,0.0,0.8940027356147766,0.9266096353530884,0.49038389325141907,0.4998839795589447,0.8364432454109192,0.8801551461219788,2.0
1514,0.0,1.0,0.0,0.0,0.0,0.0,0.8431099653244019,0.9715500473976135,0.766294002532959,0.5055819153785706,0.4669417142868042,0.6942864656448364,3.0
1515,0.0,1.0,0.0,0.0,0.0,0.0,0.8709345459938049,0.9159293174743652,0.670592188835144,0.6724733114242554,0.8346554040908813,0.9094886183738708,4.0
1516,0.0,1.0,0.0,0.0,0.0,0.0,0.8844522833824158,0.9252151846885681,0.7444854974746704,0.5892552137374878,0.8284428119659424,0.9040629863739014,4.0
1517,0.0,1.0,0.0,0.0,0.0,0.0,0.8525053858757019,0.9642919301986694,0.6967853307723999,0.5199021697044373,0.719801664352417,0.8313816785812378,0.0
1518,0.0,1.0,0.0,0.0,0.0,0.0,0.8337461948394775,0.9702624678611755,0.8088023662567139,0.600341260433197,0.6296601295471191,0.7059941291809082,0.0
1519,0.0,1.0,0.0,0.0,0.0,0.0,0.8666115403175354,0.9500486254692078,0.6640582084655762,0.4920875132083893,0.7017863392829895,0.8961334228515625,3.0
1520,0.0,1.0,0.0,0.0,0.0,0.0,0.9199672341346741,0.8902670741081238,0.8908603191375732,0.79093998670578,0.7831293940544128,0.7070915102958679,4.0
1521,0.0,1.0,0.0,0.0,0.0,0.0,0.8571755290031433,0.9807965755462646,0.5537954568862915,0.26243993639945984,0.3658243715763092,0.5302686095237732,0.0
1522,0.0,1.0,0.0,0.0,0.0,0.0,0.8148593902587891,0.9800236225128174,0.35522347688674927,0.2773030400276184,0.2979874908924103,0.43683722615242004,4.0
1523,0.0,1.0,0.0,0.0,0.0,0.0,0.8551671504974365,0.9705677032470703,0.868584156036377,0.47252795100212097,0.4637050926685333,0.6632691621780396,0.0
1524,0.0,1.0,0.0,0.0,0.0,0.0,0.8716267347335815,0.9664302468299866,0.7513152360916138,0.5348436832427979,0.7274276614189148,0.7514310479164124,4.0
1525,0.0,1.0,0.0,0.0,0.0,0.0,0.8919703960418701,0.9388362765312195,0.7397224307060242,0.732926070690155,0.8118402361869812,0.852964460849762,2.0
1526,0.0,1.0,0.0,0.0,0.0,0.0,0.8504195213317871,0.9714458584785461,0.6766631007194519,0.37610822916030884,0.5762465596199036,0.8032874464988708,0.0
1527,0.0,1.0,0.0,0.0,0.0,0.0,0.877628743648529,0.9370651245117188,0.8495901226997375,0.5157430768013,0.7818381190299988,0.8670520186424255,4.0
1528,0.0,1.0,0.0,0.0,0.0,0.0,0.8222317099571228,0.9812865853309631,0.6768606305122375,0.2628011107444763,0.38570019602775574,0.5181203484535217,4.0
1529,0.0,1.0,0.0,0.0,0.0,0.0,0.7739806771278381,0.9583763480186462,0.5360013246536255,0.5273790955543518,0.8551095724105835,0.7872710824012756,4.0
1530,0.0,1.0,0.0,0.0,0.0,0.0,0.8429911136627197,0.9670306444168091,0.5353603363037109,0.4698159098625183,0.6643115878105164,0.7893007397651672,2.0
1531,0.0,1.0,0.0,0.0,0.0,0.0,0.8157631158828735,0.9683830142021179,0.5076457262039185,0.40963318943977356,0.5538321137428284,0.6466431021690369,3.0
1532,0.0,1.0,0.0,0.0,0.0,0.0,0.8170160055160522,0.9681031703948975,0.5085398554801941,0.43005508184432983,0.688635528087616,0.6946659684181213,3.0
1533,0.0,1.0,0.0,0.0,0.0,0.0,0.8754717111587524,0.9515494704246521,0.6776277422904968,0.6053171157836914,0.7419543266296387,0.8530614376068115,0.0
1534,0.0,1.0,0.0,0.0,0.0,0.0,0.8610415458679199,0.9611833095550537,0.815188467502594,0.4431305229663849,0.6466605067253113,0.8323851823806763,4.0
1535,0.0,1.0,0.0,0.0,0.0,0.0,0.8725025057792664,0.9663840532302856,0.742776095867157,0.4178536832332611,0.595646321773529,0.781065046787262,1.0
1536,0.0,1.0,0.0,0.0,0.0,0.0,0.8450289964675903,0.971898078918457,0.7646787166595459,0.5458080768585205,0.5718979835510254,0.6385911703109741,3.0
1537,0.0,1.0,0.0,0.0,0.0,0.0,0.8311663866043091,0.9672737121582031,0.5658010840415955,0.3146589696407318,0.47953101992607117,0.6348420977592468,2.0
1538,0.0,1.0,0.0,0.0,0.0,0.0,0.8273327350616455,0.9741348028182983,0.7094698548316956,0.424021452665329,0.46155819296836853,0.7229279279708862,0.0
1539,0.0,1.0,0.0,0.0,0.0,0.0,0.8398033380508423,0.9789342284202576,0.7999491691589355,0.3424662947654724,0.3759172260761261,0.6059123873710632,2.0
1540,0.0,1.0,0.0,0.0,0.0,0.0,0.8817199468612671,0.9626135230064392,0.5067176818847656,0.5042087435722351,0.588702917098999,0.7313107252120972,3.0
1541,0.0,1.0,0.0,0.0,0.0,0.0,0.9067330360412598,0.9350602626800537,0.5483334064483643,0.8303857445716858,0.7172213792800903,0.6895811557769775,2.0
1542,0.0,1.0,0.0,0.0,0.0,0.0,0.8342695832252502,0.9723477363586426,0.552577018737793,0.4346698522567749,0.5803937911987305,0.6336227655410767,3.0
1543,0.0,1.0,0.0,0.0,0.0,0.0,0.8794397115707397,0.9756951332092285,0.6746070384979248,0.4124591052532196,0.4756486415863037,0.6167643070220947,3.0
1544,0.0,1.0,0.0,0.0,0.0,0.0,0.8754546046257019,0.975226640701294,0.6556229591369629,0.49005764722824097,0.4923113286495209,0.6372753977775574,2.0
1545,0.0,1.0,0.0,0.0,0.0,0.0,0.7709082365036011,0.9770753383636475,0.5067728161811829,0.2661453187465668,0.3668682873249054,0.571402907371521,2.0
1546,0.0,1.0,0.0,0.0,0.0,0.0,0.8376937508583069,0.9813430905342102,0.744464099407196,0.5036997199058533,0.3030731976032257,0.476087361574173,3.0
1547,0.0,1.0,0.0,0.0,0.0,0.0,0.864739179611206,0.9693276286125183,0.6383293867111206,0.5816972255706787,0.6006339192390442,0.7010007500648499,0.0
1548,0.0,1.0,0.0,0.0,0.0,0.0,0.8961607813835144,0.9280775189399719,0.6916670203208923,0.8169339895248413,0.7691864967346191,0.7906495928764343,3.0
1549,0.0,1.0,0.0,0.0,0.0,0.0,0.817997395992279,0.9737754464149475,0.5482630729675293,0.29234257340431213,0.410396009683609,0.6813146471977234,3.0
1550,0.0,1.0,0.0,0.0,0.0,0.0,0.8792163729667664,0.9589744806289673,0.8077417612075806,0.48716843128204346,0.6944573521614075,0.859898567199707,0.0
1551,0.0,1.0,0.0,0.0,0.0,0.0,0.8633400201797485,0.9725732803344727,0.5491846203804016,0.4834396541118622,0.464247465133667,0.638184130191803,0.0
1552,0.0,1.0,0.0,0.0,0.0,0.0,0.8082165718078613,0.9753339290618896,0.785580575466156,0.33822813630104065,0.4838625490665436,0.6969447135925293,0.0
1553,0.0,1.0,0.0,0.0,0.0,0.0,0.880081832408905,0.9672446250915527,0.8457890152931213,0.7208413481712341,0.43227145075798035,0.48560982942581177,2.0
1554,0.0,1.0,0.0,0.0,0.0,0.0,0.8826731443405151,0.9637452363967896,0.6571183800697327,0.4764362871646881,0.6019157767295837,0.8239546418190002,3.0
1555,0.0,1.0,0.0,0.0,0.0,0.0,0.8190023899078369,0.9746277332305908,0.5915102362632751,0.4254361093044281,0.4655992090702057,0.6986268758773804,3.0
1556,0.0,1.0,0.0,0.0,0.0,0.0,0.8219565153121948,0.9714208841323853,0.42295557260513306,0.41398268938064575,0.5046305060386658,0.5821297764778137,1.0
1557,0.0,1.0,0.0,0.0,0.0,0.0,0.8457027673721313,0.9747920632362366,0.7904472947120667,0.6014931797981262,0.35066723823547363,0.473128080368042,2.0
1558,0.0,1.0,0.0,0.0,0.0,0.0,0.7928844690322876,0.9830930233001709,0.6647355556488037,0.43978413939476013,0.44892725348472595,0.4991183280944824,2.0
1559,0.0,1.0,0.0,0.0,0.0,0.0,0.8141471743583679,0.9834672808647156,0.5032891035079956,0.3274371325969696,0.3071674704551697,0.421404629945755,2.0
1560,0.0,1.0,0.0,0.0,0.0,0.0,0.8173275589942932,0.9612008929252625,0.8728439211845398,0.7271959185600281,0.6382447481155396,0.6191979050636292,1.0
1561,0.0,1.0,0.0,0.0,0.0,0.0,0.7875275611877441,0.9840136170387268,0.7273445129394531,0.33775824308395386,0.3116123080253601,0.4372543692588806,1.0
1562,0.0,1.0,0.0,0.0,0.0,0.0,0.87708580493927,0.9153589010238647,0.7714323401451111,0.7920332551002502,0.8249576091766357,0.8944644927978516,1.0
1563,0.0,1.0,0.0,0.0,0.0,0.0,0.7862309813499451,0.9792085289955139,0.8117884397506714,0.48247402906417847,0.435685396194458,0.6032048463821411,0.0
1564,0.0,1.0,0.0,0.0,0.0,0.0,0.8450600504875183,0.9720119833946228,0.8511140942573547,0.5341683626174927,0.3870256841182709,0.6270056366920471,3.0
1565,0.0,1.0,0.0,0.0,0.0,0.0,0.7955831289291382,0.981357216835022,0.6790279150009155,0.31326761841773987,0.41970396041870117,0.5337468385696411,0.0
1566,0.0,1.0,0.0,0.0,0.0,0.0,0.8006070852279663,0.9713743329048157,0.7879400253295898,0.39006471633911133,0.6305524110794067,0.8076443076133728,1.0
1567,0.0,1.0,0.0,0.0,0.0,0.0,0.7534023523330688,0.9795570373535156,0.6122259497642517,0.30607888102531433,0.47219306230545044,0.6375731825828552,1.0
1568,0.0,1.0,0.0,0.0,0.0,0.0,0.8152171969413757,0.9760358929634094,0.7463134527206421,0.26686614751815796,0.4383334517478943,0.6671582460403442,4.0
1569,0.0,1.0,0.0,0.0,0.0,0.0,0.7785359621047974,0.9784669876098633,0.7876352667808533,0.31281009316444397,0.4829464554786682,0.7126600742340088,0.0
1570,0.0,1.0,0.0,0.0,0.0,0.0,0.8566266298294067,0.9785653948783875,0.5507927536964417,0.34251999855041504,0.3400278091430664,0.5020090937614441,4.0
1571,0.0,1.0,0.0,0.0,0.0,0.0,0.8245983123779297,0.9768423438072205,0.7297021746635437,0.4510803520679474,0.4852583110332489,0.6613694429397583,3.0
1572,0.0,1.0,0.0,0.0,0.0,0.0,0.9169639348983765,0.8990478515625,0.8822633028030396,0.8326363563537598,0.6838189959526062,0.6938341856002808,0.0
1573,0.0,1.0,0.0,0.0,0.0,0.0,0.8179444074630737,0.9542601704597473,0.6705771684646606,0.7135769128799438,0.8236728310585022,0.8522356152534485,0.0
1574,0.0,1.0,0.0,0.0,0.0,0.0,0.8833239078521729,0.9411981105804443,0.7423578500747681,0.7697353959083557,0.7701998949050903,0.848703145980835,3.0
1575,0.0,1.0,0.0,0.0,0.0,0.0,0.8599517345428467,0.9184929728507996,0.5974539518356323,0.716787576675415,0.861356258392334,0.8774246573448181,3.0
1576,0.0,1.0,0.0,0.0,0.0,0.0,0.8490617871284485,0.9726381301879883,0.7845563888549805,0.5210201144218445,0.4895619750022888,0.6875796914100647,0.0
1577,0.0,1.0,0.0,0.0,0.0,0.0,0.8795546889305115,0.9748355150222778,0.764562726020813,0.4315766990184784,0.394459992647171,0.6644193530082703,3.0
1578,0.0,1.0,0.0,0.0,0.0,0.0,0.856151282787323,0.9732301235198975,0.44431063532829285,0.34563151001930237,0.505365788936615,0.6246116161346436,0.0
1579,0.0,1.0,0.0,0.0,0.0,0.0,0.9340304732322693,0.968679666519165,0.7088965177536011,0.4128350615501404,0.429487943649292,0.6335559487342834,4.0
1580,0.0,1.0,0.0,0.0,0.0,0.0,0.9196195602416992,0.9608874320983887,0.8084529638290405,0.5302791595458984,0.5205281972885132,0.7996940016746521,0.0
1581,0.0,1.0,0.0,0.0,0.0,0.0,0.8185847997665405,0.9508550763130188,0.7001898884773254,0.7299424409866333,0.8346536159515381,0.7593726515769958,3.0
1582,0.0,1.0,0.0,0.0,0.0,0.0,0.8927837610244751,0.961950421333313,0.6768578290939331,0.5729037523269653,0.5585402250289917,0.8079575300216675,2.0
1583,0.0,1.0,0.0,0.0,0.0,0.0,0.8381450176239014,0.9778452515602112,0.7497478723526001,0.3096989095211029,0.3744387626647949,0.6415050029754639,0.0
1584,0.0,1.0,0.0,0.0,0.0,0.0,0.8067907691001892,0.975583016872406,0.42994287610054016,0.2762340307235718,0.4329706132411957,0.5779420733451843,1.0
1585,0.0,1.0,0.0,0.0,0.0,0.0,0.8763465881347656,0.9301420450210571,0.8035680651664734,0.7208772301673889,0.8207643628120422,0.8820604085922241,4.0
1586,0.0,1.0,0.0,0.0,0.0,0.0,0.7942010760307312,0.9742772579193115,0.8117803931236267,0.6351076364517212,0.6016455292701721,0.6435922384262085,3.0
1587,0.0,1.0,0.0,0.0,0.0,0.0,0.8141369223594666,0.9770984649658203,0.5682798027992249,0.4057786166667938,0.4528346657752991,0.6707101464271545,3.0
1588,0.0,1.0,0.0,0.0,0.0,0.0,0.8177271485328674,0.9728928208351135,0.5544227361679077,0.39532506465911865,0.4972279965877533,0.6356591582298279,3.0
1589,0.0,1.0,0.0,0.0,0.0,0.0,0.8105601668357849,0.9789897799491882,0.697334885597229,0.2863077223300934,0.4215700328350067,0.6069402098655701,4.0
1590,0.0,1.0,0.0,0.0,0.0,0.0,0.8309640884399414,0.9704709053039551,0.8273811340332031,0.3629833161830902,0.43661150336265564,0.6474368572235107,3.0
1591,0.0,1.0,0.0,0.0,0.0,0.0,0.8889885544776917,0.9673931002616882,0.8266906142234802,0.43410617113113403,0.40766051411628723,0.7302177548408508,0.0
1592,0.0,1.0,0.0,0.0,0.0,0.0,0.7605814933776855,0.981601893901825,0.7032594680786133,0.19059139490127563,0.306653767824173,0.514881432056427,1.0
1593,0.0,1.0,0.0,0.0,0.0,0.0,0.8501092791557312,0.9411868453025818,0.7235387563705444,0.6910725831985474,0.8449490666389465,0.8826945424079895,0.0
1594,0.0,1.0,0.0,0.0,0.0,0.0,0.769660234451294,0.9806801080703735,0.7433010935783386,0.4168502986431122,0.48056069016456604,0.6245161890983582,2.0
1595,0.0,1.0,0.0,0.0,0.0,0.0,0.8687850832939148,0.9723843336105347,0.7917965054512024,0.3804623782634735,0.46800458431243896,0.6848417520523071,4.0
1596,0.0,1.0,0.0,0.0,0.0,0.0,0.8716949224472046,0.9744015336036682,0.8199776411056519,0.5602692365646362,0.4143827259540558,0.6339051723480225,3.0
1597,0.0,1.0,0.0,0.0,0.0,0.0,0.8483259081840515,0.9767281413078308,0.6942793130874634,0.34190744161605835,0.3772003650665283,0.5660802125930786,4.0
1598,0.0,1.0,0.0,0.0,0.0,0.0,0.7553751468658447,0.9810515642166138,0.597419261932373,0.2861396074295044,0.3469405174255371,0.51125568151474,2.0
1599,0.0,1.0,0.0,0.0,0.0,0.0,0.8654623627662659,0.9598792195320129,0.878261923789978,0.6352301239967346,0.6679520606994629,0.7821083664894104,1.0
1600,0.0,1.0,0.0,0.0,0.0,0.0,0.859394371509552,0.9751850366592407,0.7284929156303406,0.3802625834941864,0.5528389811515808,0.6913403868675232,4.0
1601,0.0,1.0,0.0,0.0,0.0,0.0,0.8431817889213562,0.9696694016456604,0.8212177753448486,0.5275990962982178,0.44624096155166626,0.7256972193717957,0.0
1602,0.0,1.0,0.0,0.0,0.0,0.0,0.8276546001434326,0.9760965704917908,0.6162407398223877,0.35358938574790955,0.39436694979667664,0.5579005479812622,1.0
1603,0.0,1.0,0.0,0.0,0.0,0.0,0.789641797542572,0.9756729602813721,0.6260218024253845,0.26450115442276,0.49886614084243774,0.6903259754180908,4.0
1604,0.0,1.0,0.0,0.0,0.0,0.0,0.8959169983863831,0.8451305627822876,0.867531418800354,0.6565573811531067,0.8494139313697815,0.8833544850349426,1.0
1605,0.0,1.0,0.0,0.0,0.0,0.0,0.9340920448303223,0.9290379881858826,0.7703590989112854,0.6741069555282593,0.7319784760475159,0.8760003447532654,0.0
1606,0.0,1.0,0.0,0.0,0.0,0.0,0.8240385055541992,0.9816940426826477,0.6856151819229126,0.2515490651130676,0.3207392990589142,0.5242509245872498,2.0
1607,0.0,1.0,0.0,0.0,0.0,0.0,0.8443796634674072,0.9767381548881531,0.6817551255226135,0.3681732416152954,0.4009975492954254,0.6660504341125488,0.0
1608,0.0,1.0,0.0,0.0,0.0,0.0,0.8899511098861694,0.9682598114013672,0.6001818776130676,0.4480287432670593,0.5262686014175415,0.6558459401130676,3.0
1609,0.0,1.0,0.0,0.0,0.0,0.0,0.851045548915863,0.9561378955841064,0.8607766032218933,0.46637022495269775,0.5949866771697998,0.802717387676239,2.0
1610,0.0,0.0,1.0,0.0,0.0,0.0,0.8290935754776001,0.923977792263031,0.9218236207962036,0.4378184378147125,0.47800499200820923,0.7817260026931763,2.0
1611,0.0,0.0,1.0,0.0,0.0,0.0,0.807648241519928,0.8800665736198425,0.9362676739692688,0.5835157036781311,0.5967549681663513,0.7559801340103149,1.0
1612,0.0,0.0,1.0,0.0,0.0,0.0,0.8044130802154541,0.9140609502792358,0.9471509456634521,0.6353027820587158,0.4436519742012024,0.5300415754318237,3.0
1613,0.0,0.0,1.0,0.0,0.0,0.0,0.911043107509613,0.8261560797691345,0.8983049392700195,0.5125117301940918,0.676699697971344,0.8676120638847351,1.0
1614,0.0,0.0,1.0,0.0,0.0,0.0,0.7674314975738525,0.9599134922027588,0.9286959767341614,0.443537175655365,0.2565854787826538,0.4448235034942627,0.0
1615,0.0,0.0,1.0,1.0,0.0,0.0,0.72574782371521,0.9532585740089417,0.9370809197425842,0.7368941903114319,0.485688179731369,0.5478273630142212,1.0
1616,0.0,0.0,1.0,1.0,0.0,0.0,0.8197438716888428,0.8576454520225525,0.8853992223739624,0.9108823537826538,0.8135741949081421,0.6681090593338013,1.0
1617,0.0,0.0,1.0,0.0,1.0,0.0,0.7685552835464478,0.7948321104049683,0.9411518573760986,0.799561619758606,0.7146663665771484,0.6914393901824951,3.0
1618,0.0,0.0,1.0,1.0,0.0,0.0,0.7195397019386292,0.833453357219696,0.9402127265930176,0.8797270059585571,0.6603246331214905,0.5504686832427979,2.0
1619,0.0,0.0,1.0,0.0,0.0,0.0,0.689517617225647,0.7418753504753113,0.9326422810554504,0.9068641066551208,0.8130318522453308,0.6854956746101379,0.0
1620,0.0,0.0,1.0,1.0,0.0,0.0,0.8525527715682983,0.8355630040168762,0.9366167783737183,0.793694794178009,0.6468870043754578,0.7796807885169983,1.0
1621,0.0,0.0,1.0,1.0,0.0,0.0,0.7523172497749329,0.8733947277069092,0.9519132375717163,0.7496652007102966,0.44493862986564636,0.4125535786151886,2.0
1622,0.0,0.0,1.0,0.0,0.0,0.0,0.7891374826431274,0.8742555379867554,0.9446464776992798,0.5544174909591675,0.6556469202041626,0.7371281385421753,0.0
1623,0.0,0.0,1.0,0.0,0.0,0.0,0.857807457447052,0.939868688583374,0.8764498829841614,0.550087034702301,0.6837486624717712,0.8303499817848206,3.0
1624,0.0,0.0,1.0,0.0,0.0,0.0,0.8864826560020447,0.8967040181159973,0.9260960817337036,0.6495485901832581,0.5249338150024414,0.6972159743309021,0.0
1625,0.0,0.0,1.0,1.0,0.0,0.0,0.7261307239532471,0.9004567265510559,0.9351634383201599,0.8791937232017517,0.5330474376678467,0.40632498264312744,4.0
1626,0.0,0.0,1.0,0.0,0.0,0.0,0.8695619702339172,0.9112403392791748,0.9086970090866089,0.45661333203315735,0.5970262289047241,0.8248914480209351,3.0
1627,0.0,0.0,1.0,0.0,0.0,0.0,0.8849807977676392,0.8900905847549438,0.9244957566261292,0.6657958030700684,0.6714427471160889,0.7794233560562134,2.0
1628,0.0,0.0,1.0,0.0,0.0,0.0,0.8249291777610779,0.8976238369941711,0.9526149034500122,0.731371283531189,0.42124342918395996,0.4600074887275696,2.0
1629,0.0,0.0,1.0,0.0,0.0,0.0,0.8298178315162659,0.7520676255226135,0.9503214359283447,0.8062139749526978,0.6667963266372681,0.6957294344902039,2.0
1630,0.0,0.0,1.0,1.0,0.0,0.0,0.7286906242370605,0.838077187538147,0.9459213018417358,0.9013761281967163,0.5798817873001099,0.41055694222450256,4.0
1631,0.0,0.0,1.0,0.0,0.0,0.0,0.8558440208435059,0.9247086048126221,0.9264480471611023,0.7624121308326721,0.7462725639343262,0.7223888039588928,4.0
1632,0.0,0.0,1.0,0.0,0.0,0.0,0.869165301322937,0.8731300830841064,0.9318084120750427,0.7135372757911682,0.6500470638275146,0.7023457884788513,2.0
1633,0.0,0.0,1.0,0.0,0.0,0.0,0.8855977654457092,0.9385126233100891,0.8561924695968628,0.5798979997634888,0.705869197845459,0.868918776512146,3.0
1634,0.0,0.0,1.0,1.0,0.0,0.0,0.8353800177574158,0.912388026714325,0.9490480422973633,0.7810579538345337,0.5378982424736023,0.5145455598831177,4.0
1635,0.0,0.0,1.0,0.0,0.0,0.0,0.8821666240692139,0.860177218914032,0.8943461179733276,0.7369540929794312,0.8289109468460083,0.8629323244094849,4.0
1636,0.0,0.0,1.0,0.0,0.0,0.0,0.8060629963874817,0.8417969942092896,0.9458035826683044,0.8523575663566589,0.6052730679512024,0.5368292331695557,4.0
1637,0.0,0.0,1.0,0.0,0.0,0.0,0.7649775743484497,0.8871176838874817,0.9470545053482056,0.6489601135253906,0.51832515001297,0.6879748106002808,0.0
1638,0.0,0.0,1.0,0.0,0.0,0.0,0.7649974226951599,0.8387753963470459,0.9445375204086304,0.8880414366722107,0.7329347729682922,0.5877252817153931,4.0
1639,0.0,0.0,1.0,0.0,0.0,0.0,0.8196098208427429,0.848101019859314,0.9147765636444092,0.7977107167243958,0.8517022728919983,0.8705988526344299,2.0
1640,0.0,0.0,1.0,0.0,0.0,0.0,0.8876824378967285,0.8999976515769958,0.9214228987693787,0.638090193271637,0.6683872938156128,0.7779624462127686,2.0
1641,0.0,0.0,1.0,0.0,1.0,0.0,0.8856133222579956,0.7832352519035339,0.8458691835403442,0.8038884401321411,0.8818922638893127,0.8778325319290161,2.0
1642,0.0,0.0,1.0,0.0,1.0,0.0,0.8839297294616699,0.8200330138206482,0.9070415496826172,0.829932689666748,0.7887250185012817,0.7975903153419495,2.0
1643,0.0,0.0,1.0,0.0,0.0,0.0,0.8944542407989502,0.9400801658630371,0.8881601691246033,0.6433258056640625,0.733264684677124,0.7463681697845459,4.0
1644,0.0,0.0,1.0,0.0,0.0,0.0,0.7529453635215759,0.8548097610473633,0.9485794901847839,0.7469071745872498,0.6739528179168701,0.6422075629234314,1.0
1645,0.0,0.0,1.0,0.0,0.0,0.0,0.8631378412246704,0.9497643113136292,0.895408034324646,0.6868424415588379,0.6346524357795715,0.7231172323226929,3.0
1646,0.0,0.0,1.0,0.0,0.0,0.0,0.8431380391120911,0.9120936989784241,0.9400752186775208,0.7055222988128662,0.5426084995269775,0.5176078677177429,0.0
1647,0.0,0.0,1.0,0.0,0.0,0.0,0.9085965156555176,0.9112377762794495,0.8025115728378296,0.7010912895202637,0.8378230929374695,0.8838408589363098,2.0
1648,0.0,0.0,1.0,0.0,0.0,0.0,0.8149431347846985,0.9202374219894409,0.9247127175331116,0.762150764465332,0.7415566444396973,0.6828720569610596,4.0
1649,0.0,0.0,1.0,0.0,0.0,0.0,0.8826214075088501,0.8791323304176331,0.9081273078918457,0.8423201441764832,0.7581818103790283,0.7137237191200256,4.0
1650,0.0,0.0,1.0,1.0,0.0,0.0,0.8643818497657776,0.8837830424308777,0.9260304570198059,0.7195101976394653,0.7332022786140442,0.7932690978050232,0.0
1651,0.0,0.0,1.0,1.0,0.0,0.0,0.8973425626754761,0.9196007251739502,0.9132822751998901,0.6890621185302734,0.6022406816482544,0.7174264192581177,0.0
1652,0.0,0.0,1.0,1.0,0.0,0.0,0.8239672780036926,0.9430059194564819,0.9343218803405762,0.6454111933708191,0.4333379566669464,0.5265718698501587,2.0
1653,0.0,0.0,1.0,0.0,0.0,0.0,0.9174794554710388,0.8992859721183777,0.8936831951141357,0.6897305846214294,0.7355016469955444,0.8114341497421265,2.0
1654,0.0,0.0,1.0,0.0,0.0,0.0,0.862040638923645,0.9435303211212158,0.893768310546875,0.4450747072696686,0.4864516258239746,0.7380086183547974,0.0
1655,0.0,0.0,1.0,0.0,0.0,0.0,0.8640357851982117,0.9249582290649414,0.9150813221931458,0.5401372909545898,0.5443064570426941,0.6885397434234619,3.0
1656,0.0,0.0,1.0,0.0,0.0,0.0,0.7283067107200623,0.9360763430595398,0.9344016909599304,0.4468137323856354,0.4461469352245331,0.6304842233657837,2.0
1657,0.0,0.0,1.0,0.0,0.0,0.0,0.9020097851753235,0.9277758598327637,0.8607887625694275,0.6700340509414673,0.7515517473220825,0.8423274159431458,0.0
1658,0.0,0.0,1.0,0.0,0.0,0.0,0.7385368347167969,0.8769809007644653,0.9570937752723694,0.7115157246589661,0.4854573607444763,0.5628933310508728,0.0
1659,0.0,0.0,1.0,0.0,0.0,0.0,0.8376545906066895,0.9382210373878479,0.9125673174858093,0.7955665588378906,0.686444103717804,0.680595338344574,1.0
1660,0.0,0.0,1.0,0.0,0.0,0.0,0.8591790795326233,0.8585481643676758,0.9286563992500305,0.650496244430542,0.6744688749313354,0.8377476930618286,3.0
1661,0.0,0.0,1.0,0.0,0.0,0.0,0.886574923992157,0.8896293640136719,0.900690495967865,0.8089913725852966,0.7699156403541565,0.8057042956352234,4.0
1662,0.0,0.0,1.0,0.0,0.0,0.0,0.8624152541160583,0.8735581636428833,0.9281280636787415,0.5604701042175293,0.6868166327476501,0.8275390863418579,0.0
1663,0.0,0.0,1.0,0.0,0.0,0.0,0.7400334477424622,0.9020971655845642,0.9449642300605774,0.5247080326080322,0.5924930572509766,0.7066706418991089,4.0
1664,0.0,0.0,1.0,0.0,0.0,0.0,0.8321325182914734,0.9460408091545105,0.9237139821052551,0.6745116710662842,0.37654468417167664,0.45998063683509827,4.0
1665,0.0,0.0,1.0,0.0,0.0,0.0,0.8833060264587402,0.8331955075263977,0.9177799820899963,0.7911928296089172,0.7385433912277222,0.8043681383132935,2.0
1666,0.0,0.0,1.0,0.0,0.0,0.0,0.867631733417511,0.8919597864151001,0.9177969098091125,0.6476756930351257,0.703832745552063,0.8373408317565918,3.0
1667,0.0,0.0,1.0,0.0,0.0,0.0,0.8684617280960083,0.8904809951782227,0.9079599976539612,0.7698574066162109,0.8231635093688965,0.8791601657867432,2.0
1668,0.0,0.0,1.0,0.0,1.0,0.0,0.8244425654411316,0.8579397201538086,0.9217419028282166,0.841838538646698,0.779792308807373,0.7581186890602112,2.0
1669,0.0,0.0,1.0,0.0,0.0,0.0,0.8976216912269592,0.9198932647705078,0.8829095959663391,0.6181954145431519,0.7426090240478516,0.8497719764709473,0.0
1670,0.0,0.0,1.0,0.0,0.0,0.0,0.8112983703613281,0.9365437030792236,0.9255831241607666,0.43710893392562866,0.5467867255210876,0.7448133826255798,3.0
1671,0.0,0.0,1.0,0.0,0.0,0.0,0.8534340262413025,0.9269627928733826,0.898801326751709,0.4827347993850708,0.6834539175033569,0.7976306080818176,3.0
1672,0.0,0.0,1.0,0.0,0.0,0.0,0.7990081310272217,0.9586255550384521,0.9187831878662109,0.5169106721878052,0.39652323722839355,0.6111184358596802,0.0
1673,0.0,0.0,1.0,0.0,0.0,0.0,0.8856117129325867,0.8483346700668335,0.9005585312843323,0.7494890689849854,0.8206701278686523,0.8623608946800232,0.0
1674,0.0,0.0,1.0,0.0,0.0,0.0,0.8849534392356873,0.8475739359855652,0.9291775822639465,0.7830955982208252,0.6076090335845947,0.6463214755058289,0.0
1675,0.0,0.0,1.0,0.0,0.0,0.0,0.7867491245269775,0.9375813603401184,0.9255607724189758,0.5743288993835449,0.46811643242836,0.6445444226264954,0.0
1676,0.0,0.0,1.0,0.0,0.0,0.0,0.754727840423584,0.9391331672668457,0.9448725581169128,0.5865650177001953,0.40208232402801514,0.45133697986602783,3.0
1677,0.0,0.0,1.0,0.0,1.0,0.0,0.9225809574127197,0.8774774670600891,0.8347033858299255,0.6512317061424255,0.8276476860046387,0.898183286190033,2.0
1678,0.0,0.0,1.0,0.0,0.0,0.0,0.8377490043640137,0.9359307885169983,0.9273349642753601,0.6481746435165405,0.6071639060974121,0.7156335711479187,4.0
1679,0.0,0.0,1.0,0.0,0.0,0.0,0.7748308181762695,0.8798983097076416,0.9538596272468567,0.5295626521110535,0.5169556140899658,0.6077684164047241,4.0
1680,0.0,0.0,1.0,0.0,0.0,0.0,0.831200897693634,0.8920567035675049,0.9382978677749634,0.6637697815895081,0.5689467787742615,0.7245801091194153,3.0
1681,0.0,0.0,1.0,0.0,0.0,0.0,0.825025200843811,0.9447025060653687,0.9152337908744812,0.3420415222644806,0.40212711691856384,0.6732794046401978,0.0
1682,0.0,0.0,1.0,0.0,0.0,0.0,0.7749372124671936,0.8668147325515747,0.9565622210502625,0.787790834903717,0.5822741985321045,0.531948983669281,4.0
1683,0.0,0.0,1.0,0.0,0.0,0.0,0.873514711856842,0.8362106680870056,0.9329895377159119,0.7280668020248413,0.7171491980552673,0.7631553411483765,3.0
1684,0.0,0.0,1.0,0.0,0.0,0.0,0.8774392604827881,0.8450134992599487,0.9067344069480896,0.7720794677734375,0.8029894828796387,0.8810001015663147,3.0
1685,0.0,0.0,1.0,0.0,0.0,0.0,0.9440796971321106,0.8383730053901672,0.8560687303543091,0.5935139656066895,0.7685390710830688,0.8846064805984497,4.0
1686,0.0,0.0,1.0,0.0,0.0,0.0,0.8249058723449707,0.9027929902076721,0.9322286248207092,0.520593523979187,0.5761690139770508,0.6865572929382324,4.0
1687,0.0,0.0,1.0,0.0,0.0,0.0,0.7831345200538635,0.947401762008667,0.9360345602035522,0.6181492805480957,0.30089497566223145,0.40855124592781067,4.0
1688,0.0,0.0,1.0,1.0,0.0,0.0,0.7146902680397034,0.9011086821556091,0.9345807433128357,0.877902090549469,0.6454741954803467,0.4630068838596344,1.0
1689,0.0,0.0,1.0,0.0,0.0,0.0,0.8444508910179138,0.9490419030189514,0.9160919189453125,0.6836714744567871,0.6523871421813965,0.741409182548523,0.0
1690,0.0,0.0,1.0,0.0,0.0,0.0,0.9183557629585266,0.9032313823699951,0.8866183161735535,0.7576245665550232,0.7267827987670898,0.8016505241394043,2.0
1691,0.0,0.0,1.0,0.0,0.0,0.0,0.8145739436149597,0.8660299181938171,0.9291186332702637,0.8424731492996216,0.7231698036193848,0.6371133923530579,1.0
1692,0.0,0.0,1.0,0.0,0.0,0.0,0.8173490762710571,0.9202560782432556,0.9344629049301147,0.5432592630386353,0.5679142475128174,0.7639668583869934,2.0
1693,0.0,0.0,1.0,0.0,0.0,0.0,0.8223135471343994,0.9234777688980103,0.9212174415588379,0.7098568081855774,0.7186164259910583,0.7453948259353638,4.0
1694,0.0,0.0,1.0,0.0,0.0,0.0,0.8027338981628418,0.9025045037269592,0.9478534460067749,0.4535633623600006,0.4114084243774414,0.5315057039260864,3.0
1695,0.0,0.0,1.0,0.0,0.0,0.0,0.836398720741272,0.950875997543335,0.910834789276123,0.5696758031845093,0.42593714594841003,0.5786118507385254,4.0
1696,0.0,0.0,1.0,0.0,0.0,0.0,0.8278528451919556,0.9449667930603027,0.9089034199714661,0.32506245374679565,0.4285389482975006,0.7248957753181458,4.0
1697,0.0,0.0,1.0,0.0,0.0,0.0,0.857483446598053,0.8810250759124756,0.9296871423721313,0.6187120676040649,0.5685408115386963,0.7459964156150818,3.0
1698,0.0,0.0,1.0,0.0,0.0,0.0,0.855444073677063,0.956926703453064,0.8939340114593506,0.5348755717277527,0.5072415471076965,0.6158803105354309,4.0
1699,0.0,0.0,1.0,0.0,0.0,0.0,0.8959758281707764,0.8842615485191345,0.9063091278076172,0.7628540396690369,0.7801482677459717,0.8200339078903198,3.0
1700,0.0,0.0,1.0,0.0,0.0,0.0,0.8309735059738159,0.9479758739471436,0.897173285484314,0.4244469702243805,0.5658584237098694,0.7143444418907166,2.0
1701,0.0,0.0,1.0,0.0,0.0,0.0,0.8952362537384033,0.9253939390182495,0.8272915482521057,0.6041057705879211,0.7689531445503235,0.8759095668792725,3.0
1702,0.0,0.0,1.0,0.0,0.0,0.0,0.8898548483848572,0.9094077348709106,0.9179868698120117,0.5526787042617798,0.5093836188316345,0.7361398339271545,0.0
1703,0.0,0.0,1.0,1.0,0.0,0.0,0.8467177748680115,0.9447260499000549,0.9141951203346252,0.784868597984314,0.4912030100822449,0.5166542530059814,3.0
1704,0.0,0.0,1.0,0.0,0.0,0.0,0.8715147376060486,0.9201939105987549,0.8954322338104248,0.5551393628120422,0.6720557808876038,0.8685376644134521,4.0
1705,0.0,0.0,1.0,0.0,0.0,0.0,0.8399111032485962,0.8751891255378723,0.9315299391746521,0.5007597804069519,0.4723077118396759,0.6547583341598511,4.0
1706,0.0,0.0,1.0,0.0,0.0,0.0,0.8578667640686035,0.9246099591255188,0.913651168346405,0.4919389486312866,0.6013697981834412,0.8411917686462402,3.0
1707,0.0,0.0,1.0,0.0,0.0,0.0,0.8317769765853882,0.9257816076278687,0.9030972123146057,0.5814715623855591,0.5786709189414978,0.6833436489105225,4.0
1708,0.0,0.0,1.0,0.0,0.0,0.0,0.8162060379981995,0.9230263233184814,0.9067531228065491,0.3481186330318451,0.6073825359344482,0.7560309767723083,3.0
1709,0.0,0.0,1.0,0.0,0.0,0.0,0.7525699138641357,0.9428247809410095,0.9379459619522095,0.43316009640693665,0.37328386306762695,0.5755830407142639,0.0
1710,0.0,0.0,1.0,0.0,0.0,0.0,0.9415616393089294,0.8623242378234863,0.8835561275482178,0.693016529083252,0.7738531231880188,0.8177232146263123,2.0
1711,0.0,0.0,1.0,0.0,0.0,0.0,0.8963320851325989,0.9153417944908142,0.9036269187927246,0.6127825379371643,0.5945872664451599,0.8348851799964905,0.0
1712,0.0,0.0,1.0,0.0,0.0,0.0,0.8720884323120117,0.8677552938461304,0.9105228781700134,0.674263596534729,0.7197175621986389,0.8311464190483093,3.0
1713,0.0,0.0,1.0,0.0,0.0,0.0,0.8497965931892395,0.9008995294570923,0.9375474452972412,0.5342446565628052,0.40985897183418274,0.6948655247688293,0.0
1714,0.0,0.0,1.0,0.0,0.0,0.0,0.7081782817840576,0.8829065561294556,0.9588389992713928,0.617969810962677,0.4767545163631439,0.5296456813812256,1.0
1715,0.0,0.0,1.0,0.0,0.0,0.0,0.7671985030174255,0.9213117361068726,0.9392496943473816,0.7639399766921997,0.660001277923584,0.6662050485610962,4.0
1716,0.0,0.0,1.0,0.0,0.0,0.0,0.8203911781311035,0.856493353843689,0.9205708503723145,0.8786682486534119,0.7449252605438232,0.7161831259727478,3.0
1717,0.0,0.0,1.0,0.0,0.0,0.0,0.8447268605232239,0.9132905006408691,0.9196956157684326,0.39465245604515076,0.606594443321228,0.7942408323287964,1.0
1718,0.0,0.0,1.0,0.0,0.0,0.0,0.8552243113517761,0.8985503315925598,0.9332871437072754,0.743451714515686,0.5176626443862915,0.6522848010063171,3.0
1719,0.0,0.0,1.0,0.0,0.0,0.0,0.8027902245521545,0.8241614103317261,0.9402537941932678,0.7832165360450745,0.6798781752586365,0.6459454298019409,0.0
1720,0.0,0.0,1.0,0.0,0.0,0.0,0.8251560926437378,0.8810961246490479,0.9447177648544312,0.5535929799079895,0.5385544896125793,0.5753822922706604,2.0
1721,0.0,0.0,1.0,0.0,0.0,0.0,0.7719058394432068,0.8899602890014648,0.9462586045265198,0.6970011591911316,0.5988344550132751,0.6068006753921509,0.0
1722,0.0,0.0,1.0,0.0,0.0,0.0,0.9068197011947632,0.914465606212616,0.9032452702522278,0.6386263966560364,0.6001187562942505,0.6967456340789795,4.0
1723,0.0,0.0,1.0,0.0,0.0,0.0,0.7355689406394958,0.951358437538147,0.949355959892273,0.47814932465553284,0.2803132236003876,0.4245743155479431,0.0
1724,0.0,0.0,1.0,0.0,0.0,0.0,0.7075366377830505,0.8758542537689209,0.9539312124252319,0.4994126856327057,0.42069584131240845,0.5217887759208679,1.0
1725,0.0,0.0,1.0,0.0,0.0,0.0,0.7394002079963684,0.878303587436676,0.955098032951355,0.6656929850578308,0.4766541123390198,0.5708121657371521,0.0
1726,0.0,0.0,1.0,0.0,0.0,0.0,0.7708752751350403,0.7807466983795166,0.946631669998169,0.8514352440834045,0.7379643321037292,0.658501386642456,1.0
1727,0.0,0.0,1.0,0.0,0.0,0.0,0.7096546292304993,0.9217978119850159,0.9451876878738403,0.5715669393539429,0.4654431939125061,0.553665280342102,0.0
1728,0.0,0.0,1.0,0.0,0.0,0.0,0.7951968312263489,0.9235056042671204,0.9396961331367493,0.7399315237998962,0.389289528131485,0.4574964940547943,2.0
1729,0.0,0.0,1.0,0.0,0.0,0.0,0.826560914516449,0.8841331005096436,0.9470658302307129,0.6585720777511597,0.41300854086875916,0.5376644134521484,2.0
1730,0.0,0.0,1.0,0.0,0.0,0.0,0.8306882381439209,0.853532075881958,0.9434837102890015,0.6258758902549744,0.585010826587677,0.6035436987876892,3.0
1731,0.0,0.0,1.0,0.0,0.0,0.0,0.7896403670310974,0.8531873226165771,0.9388192296028137,0.6319689750671387,0.7022269368171692,0.6749000549316406,1.0
1732,0.0,0.0,1.0,0.0,0.0,0.0,0.8635419607162476,0.9201786518096924,0.9017068147659302,0.6897770762443542,0.6854642033576965,0.7165940999984741,2.0
1733,0.0,0.0,1.0,0.0,0.0,0.0,0.8335204124450684,0.9243472218513489,0.8961511254310608,0.6614429950714111,0.7580960988998413,0.8055393695831299,4.0
1734,0.0,0.0,1.0,0.0,0.0,0.0,0.8716049790382385,0.8951386213302612,0.9011762142181396,0.4755038619041443,0.7079083919525146,0.8425996899604797,4.0
1735,0.0,0.0,1.0,0.0,0.0,0.0,0.8063328266143799,0.9121108651161194,0.93393874168396,0.4541674852371216,0.4589599668979645,0.4888353943824768,2.0
1736,0.0,0.0,1.0,0.0,0.0,0.0,0.7510672807693481,0.92365562915802,0.9355143308639526,0.41651496291160583,0.37448540329933167,0.5946587324142456,0.0
1737,0.0,0.0,1.0,0.0,0.0,0.0,0.80876225233078,0.8958367109298706,0.9315733313560486,0.5853256583213806,0.7035353779792786,0.7913590669631958,0.0
1738,0.0,0.0,1.0,0.0,0.0,0.0,0.7873533368110657,0.9366841316223145,0.9356486797332764,0.8211461901664734,0.5760188698768616,0.5282014608383179,1.0
1739,0.0,0.0,1.0,0.0,0.0,0.0,0.8520520329475403,0.9333545565605164,0.920706570148468,0.5390969514846802,0.5897865295410156,0.7688028216362,0.0
1740,0.0,0.0,1.0,0.0,0.0,0.0,0.7327937483787537,0.9042789340019226,0.9426250457763672,0.6696630716323853,0.6110117435455322,0.5583620667457581,2.0
1741,0.0,0.0,1.0,1.0,0.0,0.0,0.8902538418769836,0.7848572134971619,0.9205648899078369,0.7548530101776123,0.7874645590782166,0.8330305218696594,3.0
1742,0.0,0.0,1.0,0.0,0.0,0.0,0.8021976947784424,0.8608771562576294,0.9428755044937134,0.7743867635726929,0.5926048159599304,0.6304783821105957,1.0
1743,0.0,0.0,1.0,0.0,0.0,0.0,0.7510323524475098,0.8214075565338135,0.9483364820480347,0.7923786044120789,0.6415486335754395,0.6015561819076538,1.0
1744,0.0,0.0,1.0,0.0,0.0,0.0,0.8829021453857422,0.8574471473693848,0.914089024066925,0.7059144973754883,0.7496237754821777,0.8576309680938721,2.0
1745,0.0,0.0,1.0,0.0,0.0,0.0,0.890781819820404,0.8860633373260498,0.89325350522995,0.6704437732696533,0.8104690313339233,0.7990112900733948,1.0
1746,0.0,0.0,1.0,0.0,0.0,0.0,0.7985475659370422,0.8751326203346252,0.9476222395896912,0.481170654296875,0.5432641506195068,0.6587982177734375,0.0
1747,0.0,0.0,1.0,0.0,0.0,0.0,0.818697452545166,0.91448575258255,0.9242386221885681,0.7942453622817993,0.746779203414917,0.7656350135803223,0.0
1748,0.0,0.0,1.0,0.0,0.0,0.0,0.9197670221328735,0.7387495636940002,0.8420078158378601,0.7582443952560425,0.8278268575668335,0.8592811226844788,1.0
1749,0.0,0.0,1.0,1.0,0.0,0.0,0.905691921710968,0.8693686127662659,0.9212132096290588,0.5701858997344971,0.6448881030082703,0.7369963526725769,3.0
1750,0.0,0.0,1.0,0.0,0.0,0.0,0.8466246724128723,0.8386824727058411,0.9068748950958252,0.8780904412269592,0.8270216584205627,0.7424966096878052,2.0
1751,0.0,0.0,1.0,0.0,0.0,0.0,0.7674829363822937,0.9662140011787415,0.8962733745574951,0.3145045340061188,0.27808523178100586,0.45209071040153503,4.0
1752,0.0,0.0,1.0,0.0,0.0,0.0,0.8042963743209839,0.852631151676178,0.9329003095626831,0.7002777457237244,0.7874881625175476,0.7115289568901062,2.0
1753,0.0,0.0,1.0,0.0,0.0,0.0,0.7539249062538147,0.8557195067405701,0.9413443207740784,0.7543563842773438,0.6343157887458801,0.6538954973220825,1.0
1754,0.0,0.0,1.0,0.0,0.0,0.0,0.788550853729248,0.9533442854881287,0.9310660362243652,0.5164486765861511,0.43739208579063416,0.6221397519111633,1.0
1755,0.0,0.0,1.0,0.0,0.0,0.0,0.8603240847587585,0.9021182060241699,0.9319765567779541,0.7100229859352112,0.4876614511013031,0.6669633388519287,3.0
1756,0.0,0.0,1.0,0.0,0.0,0.0,0.7742921113967896,0.914202094078064,0.9349421858787537,0.4028312563896179,0.45942580699920654,0.6147646903991699,0.0
1757,0.0,0.0,1.0,0.0,0.0,0.0,0.6917056441307068,0.8328489065170288,0.9294635057449341,0.9116991758346558,0.7327605485916138,0.5404826402664185,4.0
1758,0.0,0.0,1.0,0.0,0.0,0.0,0.7503660917282104,0.8378297090530396,0.9470974802970886,0.5667253136634827,0.6619511246681213,0.6693539619445801,4.0
1759,0.0,0.0,1.0,0.0,0.0,0.0,0.9164818525314331,0.8333603739738464,0.8933762907981873,0.6460782289505005,0.7153000831604004,0.8264971375465393,4.0
1760,0.0,0.0,1.0,0.0,0.0,0.0,0.7499465942382812,0.8099710941314697,0.9519482254981995,0.7514086961746216,0.6251165866851807,0.708026647567749,2.0
1761,0.0,0.0,1.0,0.0,0.0,0.0,0.6986072659492493,0.8572999238967896,0.9561711549758911,0.536176323890686,0.3802686035633087,0.4426717162132263,2.0
1762,0.0,0.0,1.0,0.0,0.0,0.0,0.7934893369674683,0.9454768300056458,0.9302744269371033,0.44299808144569397,0.3864818215370178,0.6130648255348206,3.0
1763,0.0,0.0,1.0,0.0,0.0,0.0,0.8371536135673523,0.9560894966125488,0.9075733423233032,0.4505743086338043,0.35693687200546265,0.5705723166465759,3.0
1764,0.0,0.0,1.0,0.0,0.0,0.0,0.8757336735725403,0.8367418646812439,0.9206463098526001,0.8518603444099426,0.7539464235305786,0.7410848140716553,0.0
1765,0.0,0.0,1.0,1.0,0.0,0.0,0.6720736026763916,0.874495804309845,0.9529277682304382,0.7742775082588196,0.5597396492958069,0.479124516248703,2.0
1766,0.0,0.0,1.0,0.0,0.0,0.0,0.8068040013313293,0.8296274542808533,0.9500415921211243,0.7312430143356323,0.44802820682525635,0.5557197332382202,1.0
1767,0.0,0.0,1.0,0.0,1.0,0.0,0.7883458137512207,0.8340185880661011,0.9248993992805481,0.7018097639083862,0.8369351029396057,0.8124613165855408,1.0
1768,0.0,0.0,1.0,0.0,1.0,0.0,0.7624044418334961,0.8311782479286194,0.9290657639503479,0.6393136978149414,0.8283686637878418,0.777905285358429,4.0
1769,0.0,0.0,1.0,0.0,0.0,0.0,0.825639009475708,0.8420260548591614,0.889892041683197,0.8769040703773499,0.8933746814727783,0.8208487629890442,2.0
1770,0.0,0.0,1.0,0.0,0.0,0.0,0.7992503643035889,0.9197782874107361,0.9383991360664368,0.5986817479133606,0.5951379537582397,0.7059981822967529,2.0
1771,0.0,0.0,1.0,0.0,0.0,0.0,0.7781088352203369,0.8061543703079224,0.950640082359314,0.7716109752655029,0.6317658424377441,0.6392367482185364,3.0
1772,0.0,0.0,1.0,0.0,0.0,0.0,0.7882423996925354,0.9516233205795288,0.925983726978302,0.4597715735435486,0.3113723397254944,0.5115946531295776,3.0
1773,0.0,0.0,1.0,0.0,0.0,0.0,0.863091766834259,0.9464216232299805,0.8740326762199402,0.5691604018211365,0.7019082903862,0.7146695256233215,4.0
1774,0.0,0.0,1.0,0.0,0.0,0.0,0.857870876789093,0.8796669840812683,0.9173865914344788,0.720918595790863,0.802311360836029,0.829403281211853,0.0
1775,0.0,0.0,1.0,0.0,0.0,0.0,0.9165933132171631,0.9340607523918152,0.8807578086853027,0.5965566039085388,0.6619629859924316,0.8091490268707275,0.0
1776,0.0,0.0,1.0,0.0,0.0,0.0,0.8815840482711792,0.9510874152183533,0.8518076539039612,0.5450415015220642,0.6447216868400574,0.8531367778778076,2.0
1777,0.0,0.0,1.0,0.0,0.0,0.0,0.8860881328582764,0.7441059947013855,0.9047603011131287,0.806141197681427,0.8150674104690552,0.8842412233352661,2.0
1778,0.0,0.0,1.0,0.0,0.0,0.0,0.8963147401809692,0.8424090147018433,0.7935233116149902,0.6948909163475037,0.86465984582901,0.9306644201278687,3.0
1779,0.0,0.0,1.0,0.0,0.0,0.0,0.7569881677627563,0.9121444821357727,0.9485556483268738,0.5909560322761536,0.37125730514526367,0.5128516554832458,3.0
1780,0.0,0.0,1.0,0.0,0.0,0.0,0.8545991778373718,0.9170023202896118,0.896484375,0.5143859386444092,0.7376542091369629,0.8572366833686829,2.0
1781,0.0,0.0,1.0,0.0,0.0,0.0,0.9052339792251587,0.9051470756530762,0.8786682486534119,0.6787341237068176,0.7639135718345642,0.7983443737030029,4.0
1782,0.0,0.0,1.0,0.0,0.0,0.0,0.7906075119972229,0.9096689820289612,0.9140174388885498,0.3607478439807892,0.6074689626693726,0.8002305626869202,4.0
1783,0.0,0.0,1.0,0.0,0.0,0.0,0.8686391115188599,0.8647428750991821,0.908894956111908,0.6189073324203491,0.7616396546363831,0.861365795135498,0.0
1784,0.0,0.0,1.0,0.0,0.0,0.0,0.911628246307373,0.8979846239089966,0.9010623693466187,0.6120105981826782,0.6438478827476501,0.8108307719230652,0.0
1785,0.0,0.0,1.0,0.0,0.0,0.0,0.9167409539222717,0.8872083425521851,0.8855351209640503,0.6576476097106934,0.7881679534912109,0.8242124319076538,4.0
1786,0.0,0.0,1.0,0.0,0.0,0.0,0.8945676684379578,0.8986084461212158,0.9097412824630737,0.6903964281082153,0.6782723069190979,0.8239805102348328,0.0
1787,0.0,0.0,1.0,0.0,0.0,0.0,0.8737464547157288,0.8868576884269714,0.9040233492851257,0.4432979226112366,0.645761251449585,0.8142853379249573,4.0
1788,0.0,0.0,1.0,0.0,0.0,0.0,0.9115776419639587,0.8423910140991211,0.8982279300689697,0.6671911478042603,0.720981240272522,0.8669161200523376,2.0
1789,0.0,0.0,1.0,0.0,0.0,0.0,0.873729944229126,0.8422987461090088,0.9196994304656982,0.6824696660041809,0.7496870160102844,0.8734791278839111,0.0
1790,0.0,0.0,1.0,0.0,0.0,0.0,0.8443058729171753,0.8598240613937378,0.9193465709686279,0.8198215365409851,0.788398265838623,0.790645182132721,0.0
1791,0.0,0.0,1.0,0.0,0.0,0.0,0.7229330539703369,0.9314157962799072,0.9411540627479553,0.38560253381729126,0.33404338359832764,0.49787864089012146,0.0
1792,0.0,0.0,1.0,0.0,0.0,0.0,0.7493357062339783,0.88097083568573,0.9458358883857727,0.6353697776794434,0.6747072339057922,0.6949422955513,0.0
1793,0.0,0.0,1.0,0.0,0.0,0.0,0.8783144950866699,0.9094738960266113,0.9060893654823303,0.6651445627212524,0.7661406993865967,0.7936394810676575,3.0
1794,0.0,0.0,1.0,0.0,0.0,0.0,0.9193971157073975,0.8564766645431519,0.8948394656181335,0.6933392286300659,0.7791718244552612,0.8533807396888733,4.0
1795,0.0,0.0,1.0,0.0,0.0,0.0,0.8425823450088501,0.9002646803855896,0.9371917247772217,0.5493931174278259,0.5317983627319336,0.6542906165122986,1.0
1796,0.0,0.0,1.0,0.0,0.0,0.0,0.7828608155250549,0.8650591373443604,0.9475545883178711,0.6199061870574951,0.5519112348556519,0.5602962970733643,4.0
1797,0.0,0.0,1.0,0.0,0.0,0.0,0.7528602480888367,0.8484828472137451,0.9470832347869873,0.7159909605979919,0.6339179873466492,0.6106177568435669,1.0
1798,0.0,0.0,1.0,0.0,1.0,0.0,0.7959316968917847,0.919090986251831,0.9291892647743225,0.7303521633148193,0.7032316327095032,0.7117033004760742,0.0
1799,0.0,0.0,1.0,0.0,0.0,0.0,0.8067032098770142,0.8475629687309265,0.9460417628288269,0.7208924889564514,0.6267410516738892,0.6280151605606079,4.0
1800,0.0,0.0,1.0,0.0,0.0,0.0,0.7031347155570984,0.9010378122329712,0.943855345249176,0.502114474773407,0.4052860736846924,0.5211610198020935,3.0
1801,0.0,0.0,1.0,0.0,0.0,0.0,0.8647708892822266,0.8786705732345581,0.9284837245941162,0.6176396012306213,0.6231973171234131,0.776569664478302,1.0
1802,0.0,0.0,1.0,0.0,0.0,0.0,0.815636932849884,0.8151188492774963,0.9524389505386353,0.6430853009223938,0.5000699758529663,0.564700186252594,4.0
1803,0.0,0.0,1.0,0.0,0.0,0.0,0.8926912546157837,0.8617055416107178,0.8834931254386902,0.7534628510475159,0.8271467685699463,0.8723215460777283,3.0
1804,0.0,0.0,1.0,0.0,0.0,0.0,0.9056687951087952,0.6615648865699768,0.729094386100769,0.8690958619117737,0.8931677937507629,0.8693117499351501,2.0
1805,0.0,0.0,1.0,0.0,0.0,0.0,0.8198704719543457,0.8743512630462646,0.8973453640937805,0.8376937508583069,0.8708668947219849,0.8427461385726929,3.0
1806,0.0,0.0,1.0,0.0,0.0,0.0,0.9060394763946533,0.9250616431236267,0.911357045173645,0.690243124961853,0.5664606690406799,0.6722398400306702,4.0
1807,0.0,0.0,1.0,0.0,0.0,0.0,0.8050910830497742,0.9201440215110779,0.9351040720939636,0.4811911880970001,0.42167702317237854,0.6141049861907959,0.0
1808,0.0,0.0,1.0,0.0,0.0,0.0,0.734595775604248,0.9497424960136414,0.9403009414672852,0.6135790348052979,0.340725839138031,0.382560670375824,2.0
1809,0.0,0.0,1.0,0.0,0.0,0.0,0.893022894859314,0.9057195782661438,0.8827311396598816,0.6706652045249939,0.7192860841751099,0.8727024793624878,2.0
1810,0.0,0.0,0.0,1.0,0.0,0.0,0.7910925149917603,0.7469428777694702,0.9090566039085388,0.8965948820114136,0.9056854248046875,0.7423321008682251,4.0
1811,0.0,0.0,0.0,1.0,0.0,0.0,0.7006239295005798,0.9104520082473755,0.9034556150436401,0.9259427785873413,0.7422627210617065,0.4510567784309387,1.0
1812,0.0,0.0,0.0,1.0,1.0,0.0,0.6283962726593018,0.643269419670105,0.8351467251777649,0.9579204320907593,0.8533250689506531,0.5451914668083191,3.0
1813,0.0,0.0,0.0,1.0,1.0,0.0,0.7804384827613831,0.809959352016449,0.8210217356681824,0.9435004591941833,0.8669075965881348,0.71873539686203,1.0
1814,0.0,0.0,0.0,1.0,0.0,0.0,0.6047945022583008,0.7962165474891663,0.8336389660835266,0.9537554383277893,0.875832200050354,0.5620107054710388,0.0
1815,0.0,0.0,0.0,1.0,0.0,0.0,0.8403738737106323,0.7752143144607544,0.769935131072998,0.9327508211135864,0.8785125613212585,0.6235635280609131,1.0
1816,0.0,0.0,0.0,1.0,0.0,0.0,0.6882131099700928,0.6706764698028564,0.8801866173744202,0.9501053094863892,0.7848718166351318,0.5529026389122009,4.0
1817,0.0,0.0,0.0,1.0,0.0,0.0,0.7163708806037903,0.8486985564231873,0.8302220702171326,0.9511162042617798,0.7627996206283569,0.430958092212677,0.0
1818,0.0,0.0,0.0,1.0,0.0,0.0,0.6907721161842346,0.7452197670936584,0.8621855974197388,0.9524381756782532,0.7712891101837158,0.5400778651237488,0.0
1819,0.0,0.0,0.0,1.0,0.0,0.0,0.7267960906028748,0.8694148063659668,0.7901890277862549,0.9523429274559021,0.7744805812835693,0.4798200726509094,4.0
1820,0.0,0.0,0.0,1.0,1.0,0.0,0.5909529328346252,0.6156376004219055,0.8321176767349243,0.9658194184303284,0.8420329689979553,0.5040138363838196,2.0
1821,0.0,0.0,0.0,1.0,0.0,0.0,0.7610042095184326,0.7369130253791809,0.8179847598075867,0.9495307803153992,0.7442988157272339,0.5522563457489014,3.0
1822,0.0,0.0,0.0,1.0,0.0,0.0,0.7250622510910034,0.7950973510742188,0.9137572646141052,0.9308657050132751,0.8276418447494507,0.5692248344421387,2.0
1823,0.0,0.0,0.0,1.0,1.0,0.0,0.6418051719665527,0.7617989182472229,0.7996200919151306,0.9551903605461121,0.8734381198883057,0.5418192148208618,4.0
1824,0.0,0.0,0.0,1.0,1.0,0.0,0.653624951839447,0.4555240273475647,0.6536114811897278,0.9705492854118347,0.9317747950553894,0.5743540525436401,0.0
1825,0.0,0.0,0.0,1.0,1.0,0.0,0.826167643070221,0.6817046999931335,0.7456203699111938,0.9161632657051086,0.9223949909210205,0.8725430369377136,3.0
1826,0.0,0.0,0.0,1.0,0.0,0.0,0.8474421501159668,0.6247785687446594,0.5883870124816895,0.9411484003067017,0.8904505968093872,0.8063570261001587,2.0
1827,0.0,0.0,0.0,1.0,0.0,0.0,0.8193877935409546,0.6420923471450806,0.7460083961486816,0.9438815712928772,0.8540199995040894,0.8130255341529846,3.0
1828,0.0,0.0,0.0,1.0,0.0,0.0,0.7532314658164978,0.8660739064216614,0.8857883810997009,0.9264792203903198,0.7437628507614136,0.5149967670440674,2.0
1829,0.0,0.0,0.0,1.0,0.0,0.0,0.895384669303894,0.8302269577980042,0.8095558285713196,0.9060980677604675,0.7519316673278809,0.6464609503746033,2.0
1830,0.0,0.0,0.0,1.0,0.0,0.0,0.8735483288764954,0.7662827372550964,0.8854233622550964,0.9148042798042297,0.7934273481369019,0.715216338634491,0.0
1831,0.0,0.0,0.0,1.0,0.0,0.0,0.7482196688652039,0.7104783654212952,0.8803218603134155,0.937834620475769,0.8797889351844788,0.6503796577453613,0.0
1832,0.0,0.0,0.0,1.0,0.0,0.0,0.8524443507194519,0.6854050159454346,0.7330459952354431,0.9376674294471741,0.8832499384880066,0.707042396068573,3.0
1833,0.0,0.0,0.0,1.0,0.0,0.0,0.6229723691940308,0.7571611404418945,0.8348383903503418,0.9556891918182373,0.7553851008415222,0.46085458993911743,3.0
1834,0.0,0.0,0.0,1.0,1.0,0.0,0.7144845724105835,0.6907394528388977,0.8773380517959595,0.9452618360519409,0.8536107540130615,0.7143080830574036,0.0
1835,0.0,0.0,0.0,1.0,0.0,0.0,0.7823590040206909,0.8886175155639648,0.8615039587020874,0.9276132583618164,0.8182888031005859,0.6142290830612183,1.0
1836,0.0,0.0,0.0,1.0,0.0,0.0,0.6492034196853638,0.6919081211090088,0.8407567143440247,0.9547303318977356,0.7298954129219055,0.49871039390563965,2.0
1837,0.0,0.0,0.0,1.0,0.0,0.0,0.7029798626899719,0.8215057253837585,0.9126421809196472,0.9394274353981018,0.8015273213386536,0.6078104972839355,2.0
1838,0.0,0.0,0.0,1.0,0.0,0.0,0.8423910140991211,0.703807532787323,0.775161862373352,0.9291597008705139,0.8740555047988892,0.7947076559066772,2.0
1839,0.0,0.0,0.0,1.0,0.0,0.0,0.628752589225769,0.753341019153595,0.9249913692474365,0.9339165091514587,0.7326757907867432,0.5007178783416748,1.0
1840,0.0,0.0,0.0,1.0,0.0,0.0,0.746910035610199,0.7597995400428772,0.9292166233062744,0.923423171043396,0.6487872004508972,0.43535423278808594,2.0
1841,0.0,0.0,0.0,1.0,0.0,0.0,0.7896213531494141,0.6691111922264099,0.8878818154335022,0.9244301319122314,0.777370274066925,0.640846848487854,4.0
1842,0.0,0.0,0.0,1.0,0.0,0.0,0.7467169165611267,0.8001587390899658,0.9453599452972412,0.8847586512565613,0.5918092727661133,0.4932399094104767,3.0
1843,0.0,0.0,0.0,1.0,0.0,0.0,0.7201679348945618,0.7720440626144409,0.8720661997795105,0.9430205225944519,0.7658995985984802,0.5233850479125977,4.0
1844,0.0,0.0,0.0,1.0,0.0,0.0,0.7291138768196106,0.7677974700927734,0.8314658999443054,0.9503883123397827,0.7737385034561157,0.5018649697303772,1.0
1845,0.0,0.0,0.0,1.0,0.0,0.0,0.8443645238876343,0.7797117233276367,0.8137337565422058,0.9114819169044495,0.892851710319519,0.8275436162948608,1.0
1846,0.0,0.0,0.0,1.0,0.0,0.0,0.8238934278488159,0.6057301759719849,0.8300385475158691,0.9273898005485535,0.8485000729560852,0.7720261812210083,1.0
1847,0.0,0.0,0.0,1.0,0.0,0.0,0.8468260169029236,0.7410270571708679,0.7857633233070374,0.9212223887443542,0.8856686353683472,0.8153374791145325,1.0
1848,0.0,0.0,0.0,1.0,0.0,0.0,0.6221277713775635,0.8153422474861145,0.9129161834716797,0.9480139017105103,0.6131202578544617,0.3659728765487671,2.0
1849,0.0,0.0,0.0,1.0,0.0,0.0,0.826740026473999,0.8102386593818665,0.8408837914466858,0.8990321159362793,0.8898231983184814,0.8779095411300659,2.0
1850,0.0,0.0,0.0,1.0,0.0,0.0,0.7529296278953552,0.7642513513565063,0.8983265161514282,0.9352412223815918,0.7957740426063538,0.5468538999557495,0.0
1851,0.0,0.0,0.0,1.0,0.0,0.0,0.6502538919448853,0.6446260213851929,0.8014744520187378,0.9615560173988342,0.8527472019195557,0.5254339575767517,0.0
1852,0.0,0.0,0.0,1.0,0.0,0.0,0.613304078578949,0.746179461479187,0.8991908431053162,0.9482572674751282,0.7545574903488159,0.4233642518520355,0.0
1853,0.0,0.0,0.0,1.0,0.0,0.0,0.7095845937728882,0.7643612623214722,0.8633450269699097,0.9518806338310242,0.8391126990318298,0.4832301139831543,4.0
1854,0.0,0.0,0.0,1.0,0.0,0.0,0.8279328346252441,0.793337881565094,0.9040829539299011,0.886387288570404,0.8466885089874268,0.7859081029891968,1.0
1855,0.0,0.0,0.0,1.0,0.0,0.0,0.5792649388313293,0.6278468370437622,0.8489204049110413,0.9668566584587097,0.8973186612129211,0.6003944277763367,2.0
1856,0.0,0.0,0.0,1.0,0.0,0.0,0.7472106218338013,0.6860955357551575,0.7248848080635071,0.9549751877784729,0.7675550580024719,0.4838080108165741,3.0
1857,0.0,0.0,0.0,1.0,1.0,0.0,0.653221845626831,0.5665162801742554,0.724567711353302,0.948103129863739,0.9418424367904663,0.6748101115226746,2.0
1858,0.0,0.0,0.0,1.0,0.0,0.0,0.8145093321800232,0.7081852555274963,0.8656231760978699,0.9352607727050781,0.8591243028640747,0.6934986710548401,4.0
1859,0.0,0.0,0.0,1.0,0.0,0.0,0.8438642621040344,0.6126324534416199,0.8135018348693848,0.9115243554115295,0.9125190377235413,0.869433581829071,2.0
1860,0.0,0.0,0.0,1.0,0.0,0.0,0.7499819397926331,0.7386350631713867,0.8070945143699646,0.9499016404151917,0.8716809153556824,0.7210302352905273,4.0
1861,0.0,0.0,0.0,1.0,0.0,0.0,0.7541261315345764,0.7659424543380737,0.8034430146217346,0.9529113173484802,0.8309890627861023,0.6123104691505432,2.0
1862,0.0,0.0,0.0,1.0,0.0,0.0,0.8422604203224182,0.7020869851112366,0.8402391076087952,0.93590247631073,0.8195909261703491,0.6937878131866455,3.0
1863,0.0,0.0,0.0,1.0,0.0,0.0,0.7904931902885437,0.8464556932449341,0.9070544242858887,0.9220086336135864,0.7903196811676025,0.5934050679206848,4.0
1864,0.0,0.0,0.0,1.0,0.0,0.0,0.8028615117073059,0.6975352764129639,0.8572971224784851,0.9348303079605103,0.8661807179450989,0.6320204734802246,3.0
1865,0.0,0.0,0.0,1.0,0.0,0.0,0.6886294484138489,0.8060603737831116,0.8684253096580505,0.9504346251487732,0.8067643046379089,0.5666527152061462,4.0
1866,0.0,0.0,0.0,1.0,0.0,0.0,0.7390979528427124,0.8655531406402588,0.9246805906295776,0.9214939475059509,0.7054694890975952,0.5350765585899353,2.0
1867,0.0,0.0,0.0,1.0,0.0,0.0,0.8220011591911316,0.8178851008415222,0.902977705001831,0.9048026204109192,0.7602004408836365,0.6300522089004517,1.0
1868,0.0,0.0,0.0,1.0,0.0,0.0,0.7960158586502075,0.7848743200302124,0.8374009728431702,0.9357221722602844,0.8617475032806396,0.6491305232048035,3.0
1869,0.0,0.0,0.0,1.0,0.0,0.0,0.8694214820861816,0.7443029284477234,0.8110222816467285,0.933448314666748,0.7497730851173401,0.5755250453948975,1.0
1870,0.0,0.0,0.0,1.0,1.0,0.0,0.5368551015853882,0.6287842392921448,0.8191103935241699,0.9693657159805298,0.899992048740387,0.565451979637146,2.0
1871,0.0,0.0,0.0,1.0,1.0,0.0,0.7146790027618408,0.623907744884491,0.8016712665557861,0.9564927816390991,0.856391191482544,0.6707832217216492,2.0
1872,0.0,0.0,0.0,1.0,0.0,0.0,0.8294218182563782,0.4745102822780609,0.537712812423706,0.932685911655426,0.9253829717636108,0.8568868041038513,2.0
1873,0.0,0.0,0.0,1.0,0.0,0.0,0.7072684168815613,0.5751563906669617,0.7785797119140625,0.9604781866073608,0.8198497891426086,0.5335885882377625,1.0
1874,0.0,0.0,0.0,1.0,0.0,0.0,0.7193936109542847,0.659003734588623,0.8813410997390747,0.9442155957221985,0.7883596420288086,0.5096842050552368,2.0
1875,0.0,0.0,0.0,1.0,0.0,0.0,0.7789759635925293,0.552478551864624,0.7267965078353882,0.9583908319473267,0.8790832757949829,0.6610941886901855,3.0
1876,0.0,0.0,0.0,1.0,0.0,0.0,0.7264643907546997,0.7669137120246887,0.723697304725647,0.9651402235031128,0.7194216251373291,0.4496728777885437,1.0
1877,0.0,0.0,0.0,1.0,0.0,0.0,0.7216287851333618,0.8446378707885742,0.9236948490142822,0.9188754558563232,0.7701568007469177,0.6235496401786804,1.0
1878,0.0,0.0,0.0,1.0,0.0,0.0,0.7875955700874329,0.5515666007995605,0.753250777721405,0.9217535257339478,0.9322818517684937,0.8399763107299805,0.0
1879,0.0,0.0,0.0,1.0,0.0,0.0,0.9049362540245056,0.678020179271698,0.5446294546127319,0.9053205847740173,0.743056058883667,0.7054064869880676,1.0
1880,0.0,0.0,0.0,1.0,0.0,0.0,0.8708926439285278,0.6162753105163574,0.7410640716552734,0.9267132878303528,0.8707867860794067,0.7345395684242249,0.0
1881,0.0,0.0,0.0,1.0,0.0,0.0,0.7693637609481812,0.48839902877807617,0.6130467653274536,0.9612698554992676,0.8723762631416321,0.6479475498199463,4.0
1882,0.0,0.0,0.0,1.0,0.0,0.0,0.7932961583137512,0.6068249344825745,0.766804575920105,0.9488825798034668,0.7931166887283325,0.5217459201812744,1.0
1883,0.0,0.0,0.0,1.0,0.0,0.0,0.807369589805603,0.47713837027549744,0.6304566264152527,0.9551337957382202,0.8262338638305664,0.7092396020889282,0.0
1884,0.0,0.0,0.0,1.0,0.0,0.0,0.7497075200080872,0.6830881237983704,0.9099909663200378,0.9366318583488464,0.7818851470947266,0.5450119972229004,4.0
1885,0.0,0.0,0.0,1.0,1.0,0.0,0.7407878637313843,0.550515353679657,0.8383598923683167,0.947697103023529,0.8407096266746521,0.6193158030509949,1.0
1886,0.0,0.0,0.0,1.0,1.0,0.0,0.7057512402534485,0.7435826659202576,0.9335293769836426,0.9170677661895752,0.7829172611236572,0.580335795879364,3.0
1887,0.0,0.0,0.0,1.0,1.0,0.0,0.6522783041000366,0.49140506982803345,0.6320786476135254,0.9681177735328674,0.8989758491516113,0.518581748008728,2.0
1888,0.0,0.0,0.0,1.0,0.0,0.0,0.7359933257102966,0.6206200122833252,0.9205936789512634,0.9257051944732666,0.8106366395950317,0.6292431354522705,0.0
1889,0.0,0.0,0.0,1.0,0.0,0.0,0.550125777721405,0.6559020280838013,0.800682783126831,0.9661974310874939,0.8499016165733337,0.5746706128120422,0.0
1890,0.0,0.0,0.0,1.0,0.0,0.0,0.7607967853546143,0.729444146156311,0.9492393136024475,0.8608750700950623,0.7146694660186768,0.6278795003890991,4.0
1891,0.0,0.0,0.0,1.0,1.0,0.0,0.6398579478263855,0.5932337641716003,0.8602392673492432,0.9519054889678955,0.8770342469215393,0.6583090424537659,3.0
1892,0.0,0.0,0.0,1.0,0.0,0.0,0.6657609343528748,0.566243588924408,0.8223159909248352,0.9608019590377808,0.8772138953208923,0.6407682299613953,4.0
1893,0.0,0.0,0.0,1.0,0.0,0.0,0.6433374881744385,0.7124603986740112,0.8415551781654358,0.9539315700531006,0.855253279209137,0.606231153011322,1.0
1894,0.0,0.0,0.0,1.0,0.0,0.0,0.7206835150718689,0.8682894706726074,0.8739766478538513,0.9313886761665344,0.7892969250679016,0.567378044128418,3.0
1895,0.0,0.0,0.0,1.0,0.0,0.0,0.5419012904167175,0.7282211184501648,0.812932014465332,0.9648872017860413,0.7586256861686707,0.34412920475006104,4.0
1896,0.0,0.0,0.0,1.0,0.0,0.0,0.8507519364356995,0.40689921379089355,0.5733926892280579,0.9340795874595642,0.840465247631073,0.7612584829330444,3.0
1897,0.0,0.0,0.0,1.0,0.0,0.0,0.7912201881408691,0.6815465092658997,0.783360481262207,0.9549627900123596,0.7767307162284851,0.5417540073394775,2.0
1898,0.0,0.0,0.0,1.0,0.0,0.0,0.7910184264183044,0.48447492718696594,0.6531776189804077,0.9581644535064697,0.8481507897377014,0.6651071906089783,3.0
1899,0.0,0.0,0.0,1.0,0.0,0.0,0.8248023986816406,0.4885680675506592,0.6661635637283325,0.9457771182060242,0.8763136863708496,0.7746734023094177,4.0
1900,0.0,0.0,0.0,1.0,0.0,0.0,0.5586948990821838,0.6424305438995361,0.7783595323562622,0.9658344984054565,0.7573528289794922,0.3374004364013672,0.0
1901,0.0,0.0,0.0,1.0,0.0,0.0,0.8399036526679993,0.4034240245819092,0.5848348736763,0.9358026385307312,0.8805265426635742,0.733352780342102,1.0
1902,0.0,0.0,0.0,1.0,1.0,0.0,0.6468619704246521,0.6080613136291504,0.8468491435050964,0.9592769145965576,0.8664929866790771,0.6208634972572327,3.0
1903,0.0,0.0,0.0,1.0,0.0,0.0,0.6135212182998657,0.7735622525215149,0.862366259098053,0.9555280804634094,0.5747159123420715,0.37782639265060425,0.0
1904,0.0,0.0,0.0,1.0,0.0,0.0,0.5703022480010986,0.588848888874054,0.8018881678581238,0.9688597917556763,0.8827880024909973,0.5124947428703308,2.0
1905,0.0,0.0,0.0,1.0,0.0,0.0,0.7917266488075256,0.577560544013977,0.8109620809555054,0.9450483322143555,0.8679393529891968,0.7423661947250366,0.0
1906,0.0,0.0,0.0,1.0,0.0,0.0,0.6962639093399048,0.782520592212677,0.7968190312385559,0.9517063498497009,0.8580470085144043,0.5312175750732422,4.0
1907,0.0,0.0,0.0,1.0,0.0,0.0,0.7817014455795288,0.6903934478759766,0.8874483108520508,0.936752438545227,0.7817495465278625,0.5673748850822449,0.0
1908,0.0,0.0,0.0,1.0,0.0,0.0,0.6988312602043152,0.849010705947876,0.900269627571106,0.9399453401565552,0.7101120352745056,0.4898829162120819,0.0
1909,0.0,0.0,0.0,1.0,0.0,0.0,0.7882556319236755,0.7783166170120239,0.9261180758476257,0.9032322764396667,0.7672517895698547,0.7529619336128235,2.0
1910,0.0,0.0,0.0,1.0,0.0,0.0,0.7301074266433716,0.8109263181686401,0.8210378885269165,0.929597020149231,0.9016953706741333,0.7889789938926697,3.0
1911,0.0,0.0,0.0,1.0,0.0,0.0,0.7847755551338196,0.915532112121582,0.8648935556411743,0.9237247705459595,0.7923684120178223,0.6361926794052124,2.0
1912,0.0,0.0,0.0,1.0,0.0,0.0,0.6081872582435608,0.8655118942260742,0.8440708518028259,0.9495632648468018,0.7863065004348755,0.48056289553642273,1.0
1913,0.0,0.0,0.0,1.0,0.0,0.0,0.7209061980247498,0.6760461330413818,0.7509832978248596,0.9623797535896301,0.8351271748542786,0.5459178686141968,2.0
1914,0.0,0.0,0.0,1.0,0.0,0.0,0.7242927551269531,0.7498432993888855,0.8810657858848572,0.9473901987075806,0.5835529565811157,0.46417686343193054,0.0
1915,0.0,0.0,0.0,1.0,0.0,0.0,0.8285451531410217,0.7912691235542297,0.8929288983345032,0.9261763691902161,0.6205002665519714,0.5256535410881042,0.0
1916,0.0,0.0,0.0,1.0,0.0,0.0,0.8022475242614746,0.9260681867599487,0.9115489721298218,0.8946086168289185,0.6686868071556091,0.5475825071334839,1.0
1917,0.0,0.0,0.0,1.0,0.0,0.0,0.8266656398773193,0.7163209319114685,0.7794787287712097,0.9494852423667908,0.803943395614624,0.5221785306930542,2.0
1918,0.0,0.0,0.0,1.0,0.0,0.0,0.8617854118347168,0.8329556584358215,0.8020974397659302,0.9082128405570984,0.854739785194397,0.814900279045105,2.0
1919,0.0,0.0,0.0,1.0,0.0,0.0,0.834457278251648,0.8650185465812683,0.9180023074150085,0.8933060169219971,0.6896615028381348,0.5772947072982788,4.0
1920,0.0,0.0,0.0,1.0,0.0,0.0,0.8933599591255188,0.8446444869041443,0.8625372648239136,0.9040074944496155,0.8095276951789856,0.7313268184661865,2.0
1921,0.0,0.0,0.0,1.0,0.0,0.0,0.8008281588554382,0.7811164259910583,0.9345721006393433,0.875549852848053,0.7849142551422119,0.6981193423271179,4.0
1922,0.0,0.0,0.0,1.0,0.0,0.0,0.6306027770042419,0.800008237361908,0.8830641508102417,0.9489671587944031,0.7120371460914612,0.3576872944831848,0.0
1923,0.0,0.0,0.0,1.0,0.0,0.0,0.7380061149597168,0.8282173871994019,0.9029467105865479,0.9126918315887451,0.8495789170265198,0.6023848652839661,4.0
1924,0.0,0.0,0.0,1.0,1.0,0.0,0.5993516445159912,0.681769073009491,0.8593093752861023,0.9605316519737244,0.8600614070892334,0.5425178408622742,1.0
1925,0.0,0.0,0.0,1.0,1.0,0.0,0.7703416347503662,0.6644231677055359,0.8647930026054382,0.9341286420822144,0.8804266452789307,0.8344555497169495,2.0
1926,0.0,0.0,0.0,1.0,1.0,0.0,0.7010406851768494,0.7428578734397888,0.9077116250991821,0.9481623768806458,0.834091305732727,0.5307220220565796,4.0
1927,0.0,0.0,0.0,1.0,0.0,0.0,0.8166329264640808,0.6762948632240295,0.4843796491622925,0.9246808886528015,0.914681077003479,0.8538978695869446,3.0
1928,0.0,0.0,0.0,1.0,0.0,0.0,0.7357733845710754,0.6070796847343445,0.7888718843460083,0.9540141224861145,0.8435408473014832,0.6756096482276917,3.0
1929,0.0,0.0,0.0,1.0,0.0,0.0,0.7633686661720276,0.8144587278366089,0.8437961339950562,0.9484201073646545,0.8402627110481262,0.567893922328949,4.0
1930,0.0,0.0,0.0,1.0,1.0,0.0,0.755800187587738,0.5547381043434143,0.8509219288825989,0.9490230083465576,0.8393163084983826,0.6224963665008545,4.0
1931,0.0,0.0,0.0,1.0,0.0,0.0,0.7153260111808777,0.707690954208374,0.8195103406906128,0.9512909054756165,0.7652883529663086,0.5343153476715088,4.0
1932,0.0,0.0,0.0,1.0,0.0,0.0,0.6264005303382874,0.5696353316307068,0.7564928531646729,0.9655317068099976,0.7925680875778198,0.4810566306114197,0.0
1933,0.0,0.0,0.0,1.0,1.0,0.0,0.8527844548225403,0.7876566052436829,0.9105272889137268,0.856334924697876,0.7702518701553345,0.7658888697624207,3.0
1934,0.0,0.0,0.0,1.0,0.0,0.0,0.5515854954719543,0.7950090765953064,0.8728424906730652,0.9526268243789673,0.8431163430213928,0.49832388758659363,1.0
1935,0.0,0.0,0.0,1.0,0.0,0.0,0.826890230178833,0.5028482675552368,0.7872210144996643,0.909630298614502,0.8905009627342224,0.8478732109069824,0.0
1936,0.0,0.0,0.0,1.0,1.0,0.0,0.598789632320404,0.5957555174827576,0.8391624689102173,0.9551534056663513,0.9008880257606506,0.6562933921813965,0.0
1937,0.0,0.0,0.0,1.0,1.0,0.0,0.7399796843528748,0.46488335728645325,0.6394965052604675,0.9654927253723145,0.8113389611244202,0.5462067723274231,1.0
1938,0.0,0.0,0.0,1.0,0.0,0.0,0.8056817054748535,0.6725926995277405,0.8814730644226074,0.9402527809143066,0.8553109169006348,0.6814839243888855,3.0
1939,0.0,0.0,0.0,1.0,0.0,0.0,0.8535795211791992,0.7726730108261108,0.8957087397575378,0.8787404894828796,0.842756450176239,0.7746942639350891,0.0
1940,0.0,0.0,0.0,1.0,0.0,0.0,0.842584490776062,0.7379540205001831,0.7876877188682556,0.9418097138404846,0.8617038130760193,0.696961522102356,0.0
1941,0.0,0.0,0.0,1.0,1.0,0.0,0.8032246828079224,0.7400113344192505,0.8176431059837341,0.9366922378540039,0.8997893929481506,0.8039084672927856,0.0
1942,0.0,0.0,0.0,1.0,0.0,0.0,0.626655638217926,0.7915168404579163,0.7422582507133484,0.9508745074272156,0.8762766122817993,0.6981902122497559,0.0
1943,0.0,0.0,0.0,1.0,0.0,0.0,0.8225215673446655,0.9154151082038879,0.9300655126571655,0.8764311075210571,0.5505468249320984,0.482776015996933,3.0
1944,0.0,0.0,0.0,1.0,0.0,0.0,0.6752889752388,0.5773919820785522,0.7884204983711243,0.9565076231956482,0.9040528535842896,0.6519649028778076,1.0
1945,0.0,0.0,0.0,1.0,0.0,0.0,0.7574493885040283,0.6676926016807556,0.837860643863678,0.9330543279647827,0.9230703115463257,0.8106035590171814,4.0
1946,0.0,0.0,0.0,1.0,0.0,0.0,0.8291230201721191,0.6868144273757935,0.9011867642402649,0.9114518165588379,0.8638113141059875,0.7915785312652588,2.0
1947,0.0,0.0,0.0,1.0,0.0,0.0,0.7388322949409485,0.7992402911186218,0.6991656422615051,0.9487186074256897,0.871457040309906,0.7614352703094482,2.0
1948,0.0,0.0,0.0,1.0,1.0,0.0,0.7415511608123779,0.631605327129364,0.8669052720069885,0.9411596655845642,0.8617808222770691,0.6747884154319763,0.0
1949,0.0,0.0,0.0,1.0,0.0,0.0,0.6066812872886658,0.7214244604110718,0.8721101880073547,0.948839008808136,0.8371989727020264,0.5612035393714905,1.0
1950,0.0,0.0,0.0,1.0,0.0,0.0,0.79420405626297,0.7741586565971375,0.8179734349250793,0.9113204479217529,0.9021211266517639,0.8579076528549194,1.0
1951,0.0,0.0,0.0,1.0,1.0,0.0,0.5979340076446533,0.6280795335769653,0.8584722280502319,0.9571851491928101,0.8947556614875793,0.6980808973312378,1.0
1952,0.0,0.0,0.0,1.0,1.0,0.0,0.6173893213272095,0.7339341640472412,0.8277742266654968,0.960527777671814,0.8729826211929321,0.5074561238288879,4.0
1953,0.0,0.0,0.0,1.0,0.0,0.0,0.8779433965682983,0.7412173748016357,0.8970544934272766,0.8976523876190186,0.6966108083724976,0.6168384552001953,3.0
1954,0.0,0.0,0.0,1.0,0.0,0.0,0.9053176045417786,0.719828724861145,0.8217536211013794,0.8918620944023132,0.8323265910148621,0.8061230778694153,2.0
1955,0.0,0.0,0.0,1.0,0.0,0.0,0.8098458051681519,0.5545944571495056,0.5974285006523132,0.9450007081031799,0.8776773810386658,0.7874104380607605,4.0
1956,0.0,0.0,0.0,1.0,0.0,0.0,0.8689183592796326,0.8161958456039429,0.8644786477088928,0.8974577784538269,0.840648889541626,0.7466399669647217,1.0
1957,0.0,0.0,0.0,1.0,0.0,0.0,0.7437119483947754,0.8991069793701172,0.9345762729644775,0.863944411277771,0.733834981918335,0.6853793859481812,3.0
1958,0.0,0.0,0.0,1.0,0.0,0.0,0.6599500775337219,0.824286699295044,0.8686497807502747,0.9236363172531128,0.9038167595863342,0.7823232412338257,0.0
1959,0.0,0.0,0.0,1.0,0.0,0.0,0.7878705859184265,0.8118377327919006,0.9325495958328247,0.9002501964569092,0.6650588512420654,0.5646117329597473,4.0
1960,0.0,0.0,0.0,1.0,0.0,0.0,0.658088743686676,0.5984678268432617,0.8443232178688049,0.9570195078849792,0.8706027269363403,0.6506674289703369,3.0
1961,0.0,0.0,0.0,1.0,1.0,0.0,0.5512080192565918,0.6226736307144165,0.756588339805603,0.9692036509513855,0.8406426310539246,0.4382600784301758,1.0
1962,0.0,0.0,0.0,1.0,1.0,0.0,0.7331123352050781,0.4596331715583801,0.6839555501937866,0.9572587609291077,0.9275321364402771,0.7623844742774963,1.0
1963,0.0,0.0,0.0,1.0,0.0,0.0,0.7412970662117004,0.8405113816261292,0.8185514211654663,0.937791109085083,0.8644742369651794,0.7145928144454956,2.0
1964,0.0,0.0,0.0,1.0,0.0,0.0,0.6211986541748047,0.7061735391616821,0.8932387828826904,0.9499669671058655,0.7815746665000916,0.5208160281181335,3.0
1965,0.0,0.0,0.0,1.0,1.0,0.0,0.754533052444458,0.5188907384872437,0.5546750426292419,0.9546070098876953,0.9155901670455933,0.8185514211654663,2.0
1966,0.0,0.0,0.0,1.0,0.0,0.0,0.8113528490066528,0.620041012763977,0.8418963551521301,0.9301839470863342,0.8540171980857849,0.7937248349189758,3.0
1967,0.0,0.0,0.0,1.0,0.0,0.0,0.7993115186691284,0.7219113707542419,0.8800576329231262,0.9319466948509216,0.8302324414253235,0.6736134886741638,1.0
1968,0.0,0.0,0.0,1.0,0.0,0.0,0.8717063665390015,0.6753783226013184,0.807174026966095,0.9299346804618835,0.7984479665756226,0.665905237197876,0.0
1969,0.0,0.0,0.0,1.0,0.0,0.0,0.8310390710830688,0.5356091856956482,0.7462340593338013,0.9203493595123291,0.9306600093841553,0.8792283535003662,4.0
1970,0.0,0.0,0.0,1.0,0.0,0.0,0.8290778994560242,0.7552937269210815,0.8887736201286316,0.9152498245239258,0.7491939663887024,0.5420370697975159,2.0
1971,0.0,0.0,0.0,1.0,0.0,0.0,0.7319430112838745,0.5779044032096863,0.7666703462600708,0.9530997276306152,0.8850387334823608,0.7734905481338501,3.0
1972,0.0,0.0,0.0,1.0,0.0,0.0,0.8962560296058655,0.7878365516662598,0.8503867983818054,0.9013188481330872,0.7626205682754517,0.6931626200675964,0.0
1973,0.0,0.0,0.0,1.0,0.0,0.0,0.6853755116462708,0.7230654954910278,0.86101895570755,0.949026346206665,0.8090338110923767,0.4886458218097687,2.0
1974,0.0,0.0,0.0,1.0,1.0,0.0,0.8647257685661316,0.7857803702354431,0.8713881373405457,0.9180463552474976,0.8204692602157593,0.7082657814025879,4.0
1975,0.0,0.0,0.0,1.0,0.0,0.0,0.8322296142578125,0.8501104116439819,0.8522162437438965,0.9048413634300232,0.8487992286682129,0.7730453014373779,2.0
1976,0.0,0.0,0.0,1.0,1.0,0.0,0.7593824863433838,0.6550073623657227,0.8679873943328857,0.9360994100570679,0.8992888927459717,0.7353587746620178,0.0
1977,0.0,0.0,0.0,1.0,0.0,0.0,0.6205840706825256,0.6819235682487488,0.8190023899078369,0.9569092392921448,0.813914954662323,0.45355576276779175,2.0
1978,0.0,0.0,0.0,1.0,0.0,0.0,0.7531424760818481,0.6601723432540894,0.8544906973838806,0.9378593564033508,0.8841904401779175,0.7610728144645691,0.0
1979,0.0,0.0,0.0,1.0,0.0,0.0,0.8476176857948303,0.798831045627594,0.8538142442703247,0.912725567817688,0.8598332405090332,0.7875686287879944,3.0
1980,0.0,0.0,0.0,1.0,0.0,0.0,0.7326410412788391,0.5705681443214417,0.7776929140090942,0.9492546319961548,0.8873369097709656,0.7785535454750061,1.0
1981,0.0,0.0,0.0,1.0,0.0,0.0,0.7710630893707275,0.6509909629821777,0.8245922327041626,0.9430851936340332,0.8712955713272095,0.7076339721679688,4.0
1982,0.0,0.0,0.0,1.0,0.0,0.0,0.7167298793792725,0.755710244178772,0.8596574664115906,0.9441110491752625,0.8474342823028564,0.638168454170227,4.0
1983,0.0,0.0,0.0,1.0,0.0,0.0,0.6800156235694885,0.6548579335212708,0.8690155744552612,0.9448630809783936,0.8965600728988647,0.7731967568397522,2.0
1984,0.0,0.0,0.0,1.0,0.0,0.0,0.8771253228187561,0.8616229891777039,0.8867946863174438,0.8817906975746155,0.8068007230758667,0.7744718790054321,3.0
1985,0.0,0.0,0.0,1.0,0.0,0.0,0.5733699202537537,0.7306804060935974,0.8611158132553101,0.9596579074859619,0.7660565972328186,0.3993016183376312,1.0
1986,0.0,0.0,0.0,1.0,0.0,0.0,0.6304013133049011,0.5474976301193237,0.6936293840408325,0.9668496251106262,0.8646478652954102,0.47748035192489624,4.0
1987,0.0,0.0,0.0,1.0,0.0,0.0,0.5420738458633423,0.6323979496955872,0.8388063907623291,0.9693390727043152,0.8299984931945801,0.4125489592552185,1.0
1988,0.0,0.0,0.0,1.0,0.0,0.0,0.8186099529266357,0.5162308812141418,0.7799140214920044,0.9353930950164795,0.8865028619766235,0.7943668961524963,0.0
1989,0.0,0.0,0.0,1.0,0.0,0.0,0.8231355547904968,0.6060115694999695,0.7041573524475098,0.9497585892677307,0.8600962162017822,0.7001647353172302,2.0
1990,0.0,0.0,0.0,1.0,0.0,0.0,0.7622523903846741,0.6421266794204712,0.8255306482315063,0.9419211149215698,0.8771602511405945,0.8005480170249939,1.0
1991,0.0,0.0,0.0,1.0,0.0,0.0,0.7630100250244141,0.6178858280181885,0.8308210372924805,0.9462301135063171,0.8584185838699341,0.7014380693435669,3.0
1992,0.0,0.0,0.0,1.0,0.0,0.0,0.7336899638175964,0.6082216501235962,0.8464066982269287,0.9514915943145752,0.7981688976287842,0.5885472297668457,1.0
1993,0.0,0.0,0.0,1.0,0.0,0.0,0.5727145075798035,0.618209958076477,0.8069585561752319,0.9663184881210327,0.8008065819740295,0.4400869309902191,0.0
1994,0.0,0.0,0.0,1.0,0.0,0.0,0.7455640435218811,0.9005879163742065,0.8950642347335815,0.9109002351760864,0.8406848907470703,0.706100583076477,1.0
1995,0.0,0.0,0.0,1.0,0.0,0.0,0.9179863333702087,0.8754067420959473,0.7838370203971863,0.8679903745651245,0.7717095613479614,0.7878361344337463,3.0
1996,0.0,0.0,0.0,1.0,0.0,0.0,0.9225167632102966,0.9002019166946411,0.7949644327163696,0.8006020784378052,0.7552333474159241,0.8671206831932068,0.0
1997,0.0,0.0,0.0,1.0,0.0,0.0,0.82426518201828,0.8634412288665771,0.8601205945014954,0.9183977246284485,0.7412905097007751,0.6868909597396851,4.0
1998,0.0,0.0,0.0,1.0,0.0,0.0,0.8824471831321716,0.9355414509773254,0.8437179327011108,0.8501514196395874,0.6909940838813782,0.641604483127594,4.0
1999,0.0,0.0,0.0,1.0,0.0,0.0,0.9158607125282288,0.8014253973960876,0.8343662619590759,0.8673911094665527,0.7733218669891357,0.7917852997779846,2.0
2000,0.0,0.0,0.0,1.0,0.0,0.0,0.8944606781005859,0.787211000919342,0.8133042454719543,0.8964973092079163,0.7814428210258484,0.7994977831840515,2.0
2001,0.0,0.0,0.0,1.0,0.0,0.0,0.9176268577575684,0.8484823107719421,0.8670341968536377,0.8322058916091919,0.7377452254295349,0.7925528883934021,3.0
2002,0.0,0.0,0.0,1.0,0.0,0.0,0.8111104369163513,0.8635204434394836,0.8873839974403381,0.9205179214477539,0.6968489289283752,0.6150647401809692,0.0
2003,0.0,0.0,0.0,1.0,0.0,0.0,0.8590199947357178,0.8739383220672607,0.8097955584526062,0.9161805510520935,0.7415869235992432,0.6766343116760254,3.0
2004,0.0,0.0,0.0,1.0,0.0,0.0,0.9104637503623962,0.8753312230110168,0.8648303747177124,0.8460775017738342,0.7691895365715027,0.8166075944900513,3.0
2005,0.0,0.0,0.0,1.0,0.0,0.0,0.9038708806037903,0.7792688012123108,0.8156841397285461,0.8917962908744812,0.8478187918663025,0.7746948599815369,2.0
2006,0.0,0.0,0.0,1.0,0.0,0.0,0.916419506072998,0.747629702091217,0.8156853914260864,0.901332437992096,0.7612186074256897,0.6879501938819885,4.0
2007,0.0,0.0,0.0,0.0,1.0,0.0,0.854293942451477,0.41268253326416016,0.5675101280212402,0.8095778822898865,0.9550891518592834,0.8806177377700806,0.0
2008,0.0,0.0,0.0,0.0,1.0,0.0,0.7667180895805359,0.5021553039550781,0.5496798157691956,0.8948315978050232,0.9539179801940918,0.8610481023788452,1.0
2009,0.0,0.0,0.0,0.0,1.0,0.0,0.7930263876914978,0.3916167616844177,0.39735525846481323,0.840495228767395,0.9546695947647095,0.9075499176979065,3.0
2010,0.0,0.0,0.0,0.0,1.0,0.0,0.6175054311752319,0.5301714539527893,0.43653589487075806,0.8990488052368164,0.9646914005279541,0.8733844757080078,0.0
2011,0.0,0.0,0.0,0.0,1.0,0.0,0.7790579795837402,0.5769244432449341,0.6557434797286987,0.8790311217308044,0.9498545527458191,0.8850882649421692,0.0
2012,0.0,0.0,0.0,0.0,1.0,0.0,0.7562649846076965,0.7020231485366821,0.5083502531051636,0.8015822768211365,0.9344878792762756,0.9224390387535095,2.0
2013,0.0,0.0,0.0,0.0,1.0,0.0,0.7792131900787354,0.726176381111145,0.5038613080978394,0.8755590915679932,0.9473321437835693,0.863994300365448,1.0
2014,0.0,0.0,0.0,0.0,1.0,0.0,0.8119237422943115,0.653143048286438,0.5496143102645874,0.9282312989234924,0.9276971817016602,0.8662362694740295,2.0
2015,0.0,0.0,0.0,0.0,1.0,0.0,0.7289087176322937,0.45209071040153503,0.4784560799598694,0.9302687048912048,0.9536523222923279,0.8456412553787231,2.0
2016,0.0,0.0,0.0,0.0,1.0,0.0,0.7408431768417358,0.5335232019424438,0.5711506605148315,0.9105928540229797,0.937533974647522,0.8981456756591797,3.0
2017,0.0,0.0,0.0,0.0,1.0,0.0,0.80244380235672,0.633307933807373,0.7372990846633911,0.9153766632080078,0.9371719360351562,0.8279672265052795,3.0
2018,0.0,0.0,0.0,0.0,1.0,0.0,0.8175957202911377,0.600800096988678,0.5576381087303162,0.8992366194725037,0.9479779005050659,0.8683082461357117,1.0
2019,0.0,0.0,0.0,0.0,1.0,0.0,0.6010201573371887,0.4276465177536011,0.5847551226615906,0.9531640410423279,0.9530936479568481,0.7970162630081177,0.0
2020,0.0,0.0,0.0,0.0,1.0,0.0,0.8074539303779602,0.5544672608375549,0.5270705819129944,0.7350484132766724,0.9456612467765808,0.9272072315216064,1.0
2021,0.0,0.0,0.0,0.0,1.0,0.0,0.7099831700325012,0.6994098424911499,0.526504635810852,0.9144222736358643,0.9393458366394043,0.8537523746490479,3.0
2022,0.0,0.0,0.0,0.0,1.0,0.0,0.8781448602676392,0.5288974642753601,0.5009473562240601,0.6618363857269287,0.944694995880127,0.8966177105903625,2.0
2023,0.0,0.0,0.0,0.0,1.0,0.0,0.8334388732910156,0.6866174340248108,0.5464053750038147,0.9106935858726501,0.9036390781402588,0.8930885195732117,1.0
2024,0.0,0.0,0.0,0.0,1.0,0.0,0.8569942712783813,0.5535220503807068,0.5853611826896667,0.8093727827072144,0.9431623816490173,0.915733814239502,2.0
2025,0.0,0.0,0.0,0.0,1.0,0.0,0.8471001982688904,0.42038390040397644,0.3969188928604126,0.8036036491394043,0.9448748230934143,0.9001611471176147,1.0
2026,0.0,0.0,0.0,0.0,1.0,0.0,0.8373534679412842,0.6611027121543884,0.7221376299858093,0.8679230213165283,0.9226933121681213,0.8965256810188293,1.0
2027,0.0,0.0,0.0,0.0,1.0,0.0,0.7136397361755371,0.7798776626586914,0.7733339071273804,0.9082621932029724,0.941127359867096,0.691190242767334,4.0
2028,0.0,0.0,0.0,0.0,1.0,0.0,0.7948795557022095,0.7402389049530029,0.7429680228233337,0.921404242515564,0.9287925362586975,0.8341033458709717,2.0
2029,0.0,0.0,0.0,0.0,1.0,0.0,0.7452844977378845,0.5961255431175232,0.8147174119949341,0.9253054261207581,0.9343863129615784,0.8388976454734802,0.0
2030,0.0,0.0,0.0,0.0,1.0,0.0,0.6361534595489502,0.6190299391746521,0.5658636093139648,0.9289025664329529,0.9480496644973755,0.8276539444923401,3.0
2031,0.0,0.0,0.0,0.0,1.0,0.0,0.8696753978729248,0.5095483064651489,0.5216268301010132,0.8865757584571838,0.9326775074005127,0.8628404140472412,1.0
2032,0.0,0.0,0.0,0.0,1.0,0.0,0.8792983293533325,0.5742571949958801,0.5378319025039673,0.8339106440544128,0.9422213435173035,0.8545781373977661,3.0
2033,0.0,0.0,0.0,0.0,1.0,0.0,0.7272990942001343,0.6966080069541931,0.8149258494377136,0.9370771646499634,0.9188181757926941,0.8142267465591431,3.0
2034,0.0,0.0,0.0,1.0,1.0,0.0,0.8372414112091064,0.5580118298530579,0.7018369436264038,0.8954949378967285,0.9312372803688049,0.8747504949569702,3.0
2035,0.0,0.0,0.0,1.0,1.0,0.0,0.7678329944610596,0.5798763036727905,0.7861166000366211,0.9481973648071289,0.8956174254417419,0.7251399755477905,0.0
2036,0.0,0.0,0.0,0.0,1.0,0.0,0.8169158101081848,0.910365641117096,0.832501232624054,0.7848979830741882,0.891257107257843,0.841974139213562,1.0
2037,0.0,0.0,0.0,0.0,1.0,0.0,0.7340809106826782,0.8235615491867065,0.5227940082550049,0.827826201915741,0.9384227395057678,0.844791054725647,2.0
2038,0.0,0.0,0.0,0.0,1.0,0.0,0.7397419214248657,0.6509965658187866,0.7428918480873108,0.9206359386444092,0.92545086145401,0.8811357617378235,4.0
2039,0.0,0.0,0.0,0.0,1.0,0.0,0.7219811677932739,0.6595540642738342,0.7775521278381348,0.905549943447113,0.9417151212692261,0.8681097626686096,0.0
2040,0.0,0.0,0.0,0.0,1.0,0.0,0.848502516746521,0.39054280519485474,0.3807561695575714,0.8201505541801453,0.9242659211158752,0.9255735278129578,0.0
2041,0.0,0.0,0.0,1.0,1.0,0.0,0.84671550989151,0.4487259089946747,0.4809357225894928,0.7981382012367249,0.9462265968322754,0.9095475673675537,4.0
2042,0.0,0.0,0.0,0.0,1.0,0.0,0.8510503768920898,0.5370026230812073,0.7156073451042175,0.8969244360923767,0.921294629573822,0.8403496742248535,0.0
2043,0.0,0.0,0.0,1.0,1.0,0.0,0.8434047102928162,0.49149829149246216,0.4161328673362732,0.8741287589073181,0.9462175965309143,0.879940390586853,2.0
2044,0.0,0.0,0.0,0.0,1.0,0.0,0.8321893215179443,0.5914713144302368,0.40346279740333557,0.8928900361061096,0.920556902885437,0.8936790823936462,0.0
2045,0.0,0.0,0.0,0.0,1.0,0.0,0.7372235059738159,0.6665310859680176,0.6760016083717346,0.8276642560958862,0.9506814479827881,0.892961323261261,1.0
2046,0.0,0.0,0.0,0.0,1.0,0.0,0.7662553191184998,0.774886965751648,0.8503084778785706,0.9126580357551575,0.9156713485717773,0.7516034245491028,0.0
2047,0.0,0.0,0.0,0.0,1.0,0.0,0.9145097732543945,0.8755894899368286,0.7786762118339539,0.7603692412376404,0.8678508996963501,0.8723996877670288,4.0
2048,0.0,0.0,0.0,0.0,1.0,0.0,0.8371428847312927,0.5979217886924744,0.5681716799736023,0.7687332034111023,0.9501411318778992,0.8871533274650574,1.0
2049,0.0,0.0,0.0,0.0,1.0,0.0,0.84468013048172,0.7805957198143005,0.6963356137275696,0.8020617961883545,0.9363401532173157,0.852283239364624,4.0
2050,0.0,0.0,0.0,0.0,1.0,0.0,0.9097204804420471,0.7126149535179138,0.7549515962600708,0.6985769271850586,0.8975671529769897,0.9259334802627563,1.0
2051,0.0,0.0,0.0,0.0,1.0,0.0,0.8603249788284302,0.7172757983207703,0.5868114233016968,0.7817868590354919,0.9162113070487976,0.9194917678833008,1.0
2052,0.0,0.0,0.0,1.0,1.0,0.0,0.8471286296844482,0.6376794576644897,0.7743949294090271,0.9196593165397644,0.9042414426803589,0.8284121751785278,3.0
2053,0.0,0.0,0.0,0.0,1.0,0.0,0.7784610390663147,0.6956288814544678,0.6326420903205872,0.8323318958282471,0.931766927242279,0.9185768365859985,0.0
2054,0.0,0.0,0.0,0.0,1.0,0.0,0.7306566834449768,0.4629973769187927,0.5394465923309326,0.8798543810844421,0.9573252201080322,0.8983916640281677,2.0
2055,0.0,0.0,0.0,0.0,1.0,0.0,0.8272448778152466,0.7036471366882324,0.7882853746414185,0.9138132929801941,0.9168645143508911,0.8494188189506531,2.0
2056,0.0,0.0,0.0,0.0,1.0,0.0,0.8840932846069336,0.6817736625671387,0.6246592998504639,0.8170540928840637,0.9309874773025513,0.8812018632888794,4.0
2057,0.0,0.0,0.0,0.0,1.0,0.0,0.6422741413116455,0.4276132881641388,0.6088603138923645,0.9511099457740784,0.9529833197593689,0.8279856443405151,3.0
2058,0.0,0.0,0.0,0.0,1.0,0.0,0.8022340536117554,0.5929781198501587,0.7640367150306702,0.9414228796958923,0.9107933640480042,0.8040599822998047,3.0
2059,0.0,0.0,0.0,0.0,1.0,0.0,0.7318731546401978,0.7561075687408447,0.8851590156555176,0.934320330619812,0.897808313369751,0.7133738994598389,2.0
2060,0.0,0.0,0.0,0.0,1.0,0.0,0.7463379502296448,0.5667432546615601,0.7146797180175781,0.9171187281608582,0.9439911842346191,0.8588443994522095,1.0
2061,0.0,0.0,0.0,0.0,1.0,0.0,0.7905577421188354,0.8245449662208557,0.6523091197013855,0.8737630844116211,0.9292356371879578,0.8384844064712524,4.0
2062,0.0,0.0,0.0,0.0,1.0,0.0,0.7891337275505066,0.7017637491226196,0.6518715620040894,0.8948218822479248,0.9485577940940857,0.8184468746185303,4.0
2063,0.0,0.0,0.0,0.0,1.0,0.0,0.7881367802619934,0.41232967376708984,0.38587796688079834,0.8451865911483765,0.9530436396598816,0.8963442444801331,2.0
2064,0.0,0.0,0.0,0.0,1.0,0.0,0.8289551734924316,0.5150126814842224,0.4261123239994049,0.8378216624259949,0.9528605341911316,0.8797890543937683,2.0
2065,0.0,0.0,0.0,0.0,1.0,0.0,0.6300497055053711,0.4724518656730652,0.7524459958076477,0.948890745639801,0.9414811134338379,0.8579418659210205,4.0
2066,0.0,0.0,0.0,0.0,1.0,0.0,0.8899389505386353,0.9238715767860413,0.8913324475288391,0.7767270803451538,0.6459086537361145,0.801730751991272,0.0
2067,0.0,0.0,0.0,0.0,1.0,0.0,0.8297820091247559,0.5650659203529358,0.647617757320404,0.9023531675338745,0.9444902539253235,0.8475826978683472,2.0
2068,0.0,0.0,0.0,0.0,1.0,0.0,0.843591570854187,0.8029565811157227,0.5574153065681458,0.7810280323028564,0.9230152368545532,0.9016133546829224,4.0
2069,0.0,0.0,0.0,0.0,1.0,0.0,0.9129040837287903,0.6814658045768738,0.5164978504180908,0.8071156740188599,0.9102485775947571,0.8620803952217102,3.0
2070,0.0,0.0,0.0,0.0,1.0,0.0,0.7299359440803528,0.6329534649848938,0.7625924944877625,0.9446887969970703,0.9307384490966797,0.767022967338562,3.0
2071,0.0,0.0,0.0,0.0,1.0,0.0,0.906963050365448,0.7409684658050537,0.8175058960914612,0.7811164259910583,0.8959130644798279,0.8840427398681641,1.0
2072,0.0,0.0,0.0,0.0,1.0,0.0,0.8004595041275024,0.6000598073005676,0.8244232535362244,0.912914514541626,0.910240113735199,0.8625459671020508,1.0
2073,0.0,0.0,0.0,0.0,1.0,0.0,0.7628885507583618,0.8372368216514587,0.8540205359458923,0.9232720732688904,0.8942264914512634,0.6783860325813293,4.0
2074,0.0,0.0,0.0,1.0,1.0,0.0,0.638994038105011,0.7195054888725281,0.8704338073730469,0.9484830498695374,0.9041208624839783,0.638096034526825,4.0
2075,0.0,0.0,0.0,0.0,1.0,0.0,0.832623302936554,0.7976025938987732,0.7009598612785339,0.8168444037437439,0.9166109561920166,0.8940277695655823,3.0
2076,0.0,0.0,0.0,1.0,1.0,0.0,0.6985251307487488,0.7759527564048767,0.9149508476257324,0.9241346716880798,0.8574571013450623,0.6914792060852051,0.0
2077,0.0,0.0,0.0,0.0,1.0,0.0,0.7885776162147522,0.719247043132782,0.5711413025856018,0.8240851759910583,0.9415721893310547,0.873111367225647,1.0
2078,0.0,0.0,0.0,0.0,1.0,0.0,0.8264390230178833,0.8389929533004761,0.6014484763145447,0.7525098919868469,0.9260525107383728,0.8769077062606812,0.0
2079,0.0,0.0,0.0,0.0,1.0,0.0,0.865500271320343,0.5851414799690247,0.6513433456420898,0.8705112934112549,0.9353757500648499,0.8557018041610718,3.0
2080,0.0,0.0,0.0,0.0,1.0,0.0,0.7975981831550598,0.5611096024513245,0.6322141289710999,0.8955894708633423,0.9490530490875244,0.8836982250213623,1.0
2081,0.0,0.0,0.0,0.0,1.0,0.0,0.8460162281990051,0.7556663751602173,0.8133023381233215,0.8494004011154175,0.9095996618270874,0.8960462212562561,3.0
2082,0.0,0.0,0.0,0.0,1.0,0.0,0.840002179145813,0.683957576751709,0.6731546521186829,0.86722332239151,0.9345967769622803,0.8836345672607422,1.0
2083,0.0,0.0,0.0,0.0,1.0,0.0,0.6319839358329773,0.5787193775177002,0.7373520731925964,0.9689847826957703,0.9245510697364807,0.5296285152435303,4.0
2084,0.0,0.0,0.0,0.0,1.0,0.0,0.7215248942375183,0.7298488020896912,0.6809643507003784,0.9244526624679565,0.9406540393829346,0.807868242263794,1.0
2085,0.0,0.0,0.0,0.0,1.0,0.0,0.790198802947998,0.7205747365951538,0.6301069855690002,0.8588272333145142,0.9507154226303101,0.835064172744751,4.0
2086,0.0,0.0,0.0,0.0,1.0,0.0,0.6943153142929077,0.7385565042495728,0.45248183608055115,0.6964108943939209,0.9508587718009949,0.9059121608734131,2.0
2087,0.0,0.0,0.0,0.0,1.0,0.0,0.8495147228240967,0.6910006403923035,0.48957201838493347,0.8268489837646484,0.9360278844833374,0.8936275839805603,3.0
2088,0.0,0.0,0.0,0.0,1.0,0.0,0.806635856628418,0.7665528655052185,0.5862851738929749,0.8714256882667542,0.9281313419342041,0.8563997149467468,4.0
2089,0.0,0.0,0.0,0.0,1.0,0.0,0.7915787696838379,0.6835541129112244,0.5372584462165833,0.8067009449005127,0.9336599707603455,0.9155046343803406,3.0
2090,0.0,0.0,0.0,0.0,1.0,0.0,0.6720866560935974,0.5569593906402588,0.5276031494140625,0.9287748336791992,0.9564222097396851,0.8571277260780334,1.0
2091,0.0,0.0,0.0,0.0,1.0,0.0,0.8857774138450623,0.7227427959442139,0.5766708850860596,0.7344999313354492,0.9431227445602417,0.8678438067436218,0.0
2092,0.0,0.0,0.0,0.0,1.0,0.0,0.9098634719848633,0.7153600454330444,0.47257447242736816,0.7317667007446289,0.9289459586143494,0.8330634832382202,2.0
2093,0.0,0.0,0.0,0.0,1.0,0.0,0.866159975528717,0.8954377770423889,0.7960432171821594,0.8056809902191162,0.8958945274353027,0.8465883731842041,3.0
2094,0.0,0.0,0.0,0.0,1.0,0.0,0.6796661615371704,0.4896085262298584,0.4720826745033264,0.8225759267807007,0.961717963218689,0.9089514017105103,2.0
2095,0.0,0.0,0.0,0.0,1.0,0.0,0.8161157369613647,0.5640498995780945,0.6126585602760315,0.7803110480308533,0.9424688220024109,0.9204524755477905,2.0
2096,0.0,0.0,0.0,0.0,1.0,0.0,0.6856206655502319,0.7571284770965576,0.5862193703651428,0.8186753988265991,0.9527672529220581,0.8604390025138855,2.0
2097,0.0,0.0,0.0,0.0,1.0,0.0,0.714859664440155,0.7822015881538391,0.6344897747039795,0.889234721660614,0.9424840211868286,0.8509687185287476,1.0
2098,0.0,0.0,0.0,0.0,1.0,0.0,0.7367519736289978,0.8805123567581177,0.6581526398658752,0.7844331860542297,0.9256352186203003,0.8952646255493164,0.0
2099,0.0,0.0,0.0,0.0,1.0,0.0,0.9059191942214966,0.8311324119567871,0.8595719933509827,0.8094773888587952,0.8842402696609497,0.8592734336853027,3.0
2100,0.0,0.0,0.0,0.0,1.0,0.0,0.8009853363037109,0.698468029499054,0.5325673818588257,0.7817983627319336,0.9474337697029114,0.8802762031555176,3.0
2101,0.0,0.0,0.0,0.0,1.0,0.0,0.6442181468009949,0.61844402551651,0.7837454080581665,0.9357354044914246,0.945911705493927,0.7943626046180725,4.0
2102,0.0,0.0,0.0,0.0,1.0,0.0,0.7942443490028381,0.839935302734375,0.6883167624473572,0.7462308406829834,0.9404237270355225,0.8935216069221497,0.0
2103,0.0,0.0,0.0,0.0,1.0,0.0,0.8259721398353577,0.8818447589874268,0.7698172926902771,0.7120034694671631,0.9031074047088623,0.8792872428894043,1.0
2104,0.0,0.0,0.0,0.0,1.0,0.0,0.7078632712364197,0.8466516733169556,0.7123666405677795,0.8725835084915161,0.9319174289703369,0.7918943166732788,3.0
2105,0.0,0.0,0.0,0.0,1.0,0.0,0.8252276182174683,0.7017606496810913,0.7214618921279907,0.752254068851471,0.9282339215278625,0.931566596031189,0.0
2106,0.0,0.0,0.0,0.0,1.0,0.0,0.9079070687294006,0.6615025997161865,0.7782213091850281,0.7347081303596497,0.9175644516944885,0.8846124410629272,3.0
2107,0.0,0.0,0.0,0.0,1.0,0.0,0.7598330974578857,0.4787331819534302,0.6358084082603455,0.9379295110702515,0.9462924599647522,0.8646409511566162,1.0
2108,0.0,0.0,0.0,0.0,1.0,0.0,0.8118513226509094,0.5476614832878113,0.6239753365516663,0.8731695413589478,0.9354633092880249,0.9035149812698364,2.0
2109,0.0,0.0,0.0,0.0,1.0,0.0,0.7564029097557068,0.6813358068466187,0.7762260437011719,0.9285659193992615,0.9409162402153015,0.7776753306388855,1.0
2110,0.0,0.0,0.0,0.0,1.0,0.0,0.8179007768630981,0.724300742149353,0.6152142882347107,0.8387957215309143,0.9366811513900757,0.9195047616958618,3.0
2111,0.0,0.0,0.0,0.0,1.0,0.0,0.8613374829292297,0.815985918045044,0.7586849927902222,0.77800053358078,0.9152088165283203,0.8790475130081177,1.0
2112,0.0,0.0,0.0,0.0,1.0,0.0,0.8138032555580139,0.5553502440452576,0.6679164171218872,0.8674381375312805,0.9512661099433899,0.875235378742218,1.0
2113,0.0,0.0,0.0,0.0,1.0,0.0,0.8810242414474487,0.8148292899131775,0.7092260718345642,0.7417000532150269,0.9228711724281311,0.8771997094154358,2.0
2114,0.0,0.0,0.0,0.0,1.0,0.0,0.8405364155769348,0.7663289904594421,0.7490835189819336,0.768793523311615,0.9371964931488037,0.8801085948944092,1.0
2115,0.0,0.0,0.0,0.0,1.0,0.0,0.8616268038749695,0.6490262746810913,0.7250618934631348,0.8460768461227417,0.9160072207450867,0.906894862651825,3.0
2116,0.0,0.0,0.0,0.0,1.0,0.0,0.8851461410522461,0.8240385055541992,0.8485493659973145,0.8543936610221863,0.8872356414794922,0.853522002696991,3.0
2117,0.0,0.0,0.0,1.0,1.0,0.0,0.8577477335929871,0.7908782362937927,0.8521338105201721,0.9174756407737732,0.8158522844314575,0.7594636678695679,0.0
2118,0.0,0.0,0.0,0.0,1.0,0.0,0.8527726531028748,0.6699844002723694,0.7855205535888672,0.8728707432746887,0.9051236510276794,0.9027897715568542,2.0
2119,0.0,0.0,0.0,0.0,1.0,0.0,0.7810925841331482,0.6057767868041992,0.7799344062805176,0.9266569018363953,0.9269304275512695,0.8374602198600769,0.0
2120,0.0,0.0,0.0,0.0,1.0,0.0,0.90000981092453,0.8522213101387024,0.7021277546882629,0.7781630158424377,0.9218825101852417,0.8611297607421875,2.0
2121,0.0,0.0,0.0,0.0,1.0,0.0,0.7834150791168213,0.6586902737617493,0.7778028249740601,0.9372649192810059,0.9136795401573181,0.8334919214248657,2.0
2122,0.0,0.0,0.0,1.0,1.0,0.0,0.8246763944625854,0.8093701601028442,0.8964138031005859,0.8908008933067322,0.8091568946838379,0.8293441534042358,1.0
2123,0.0,0.0,0.0,0.0,1.0,0.0,0.779630184173584,0.57801753282547,0.8183769583702087,0.9208846688270569,0.9349015355110168,0.8455368280410767,1.0
2124,0.0,0.0,0.0,0.0,1.0,0.0,0.8088313937187195,0.6942883133888245,0.8562045097351074,0.8820908665657043,0.9186970591545105,0.8711993098258972,0.0
2125,0.0,0.0,0.0,0.0,1.0,0.0,0.7352283000946045,0.6594122052192688,0.7868245244026184,0.9352361559867859,0.9256619811058044,0.8255239725112915,1.0
2126,0.0,0.0,0.0,1.0,1.0,0.0,0.8534069657325745,0.7434856295585632,0.8809148669242859,0.9089633226394653,0.8764246106147766,0.798658013343811,2.0
2127,0.0,0.0,0.0,0.0,1.0,0.0,0.8609708547592163,0.5995998978614807,0.5428743958473206,0.8313441276550293,0.9394388198852539,0.9034742712974548,2.0
2128,0.0,0.0,0.0,0.0,1.0,0.0,0.8153014183044434,0.8407022953033447,0.6335873603820801,0.8500217795372009,0.9286494851112366,0.8719810843467712,0.0
2129,0.0,0.0,0.0,0.0,1.0,0.0,0.892267107963562,0.9121471643447876,0.6274634599685669,0.7175475358963013,0.8965821266174316,0.8549126386642456,2.0
2130,0.0,0.0,0.0,0.0,1.0,0.0,0.724394679069519,0.48259082436561584,0.7167651653289795,0.9511792659759521,0.9149256944656372,0.7383651733398438,1.0
2131,0.0,0.0,0.0,0.0,1.0,0.0,0.7357197999954224,0.8127760291099548,0.9233989119529724,0.9189133048057556,0.8532679677009583,0.7248368859291077,2.0
2132,0.0,0.0,0.0,0.0,1.0,0.0,0.8644344806671143,0.7755000591278076,0.6029466390609741,0.8050937056541443,0.9194990396499634,0.9189616441726685,2.0
2133,0.0,0.0,0.0,1.0,1.0,0.0,0.6915302872657776,0.5660760402679443,0.8274731040000916,0.9605251550674438,0.9106641411781311,0.533014714717865,2.0
2134,0.0,0.0,0.0,0.0,1.0,0.0,0.8474797606468201,0.6655751466751099,0.7975708246231079,0.9159103035926819,0.9137179851531982,0.8453158140182495,1.0
2135,0.0,0.0,0.0,0.0,1.0,0.0,0.7987111806869507,0.6657010316848755,0.6256505846977234,0.7836954593658447,0.9477287530899048,0.9110531806945801,4.0
2136,0.0,0.0,0.0,0.0,1.0,0.0,0.7894903421401978,0.42698684334754944,0.5599203705787659,0.8853372931480408,0.9504466652870178,0.902824342250824,2.0
2137,0.0,0.0,0.0,0.0,1.0,0.0,0.8615846037864685,0.5050572156906128,0.6831467151641846,0.8848376870155334,0.9320447444915771,0.8469117879867554,0.0
2138,0.0,0.0,0.0,0.0,1.0,0.0,0.8518400192260742,0.5926987528800964,0.5057045817375183,0.7856976389884949,0.9372144341468811,0.892052948474884,0.0
2139,0.0,0.0,0.0,0.0,1.0,0.0,0.7812443375587463,0.6727703213691711,0.6809850931167603,0.8796329498291016,0.9369797110557556,0.890979528427124,4.0
2140,0.0,0.0,0.0,0.0,1.0,0.0,0.8722174763679504,0.8253284692764282,0.7943586111068726,0.856117844581604,0.9000962376594543,0.8634082674980164,4.0
2141,0.0,0.0,0.0,0.0,1.0,0.0,0.8537182211875916,0.8348782062530518,0.8870756030082703,0.8867164254188538,0.8168469667434692,0.836184024810791,1.0
2142,0.0,0.0,0.0,0.0,1.0,0.0,0.8373671770095825,0.7594125866889954,0.5236614942550659,0.864291250705719,0.9395583271980286,0.8374006152153015,3.0
2143,0.0,0.0,0.0,0.0,1.0,0.0,0.8171793818473816,0.7499871253967285,0.7702904939651489,0.8984798789024353,0.897216260433197,0.9008897542953491,0.0
2144,0.0,0.0,0.0,0.0,1.0,0.0,0.6621683239936829,0.6818421483039856,0.743126630783081,0.9358973503112793,0.9394649863243103,0.8473821878433228,1.0
2145,0.0,0.0,0.0,0.0,1.0,0.0,0.8542829155921936,0.6632862091064453,0.8100307583808899,0.8781775832176208,0.92411869764328,0.8478181958198547,1.0
2146,0.0,0.0,0.0,0.0,1.0,0.0,0.805247962474823,0.7237669825553894,0.43688729405403137,0.7134302258491516,0.9362029433250427,0.9218092560768127,4.0
2147,0.0,0.0,0.0,0.0,1.0,0.0,0.9151906371116638,0.8858541250228882,0.8977369666099548,0.7857646942138672,0.7650911211967468,0.8094581961631775,3.0
2148,0.0,0.0,0.0,0.0,1.0,0.0,0.8611906170845032,0.8901498317718506,0.8912758231163025,0.7725944519042969,0.855901300907135,0.8826501369476318,0.0
2149,0.0,0.0,0.0,0.0,1.0,0.0,0.8756374716758728,0.85849928855896,0.8713343143463135,0.8111017346382141,0.8923414945602417,0.8429340124130249,3.0
2150,0.0,0.0,0.0,0.0,1.0,0.0,0.8872280120849609,0.6188040375709534,0.6719483733177185,0.786838710308075,0.9275696873664856,0.91241854429245,1.0
2151,0.0,0.0,0.0,0.0,1.0,0.0,0.8381901383399963,0.8826609253883362,0.7968073487281799,0.7307971715927124,0.8950967788696289,0.8995924592018127,3.0
2152,0.0,0.0,0.0,0.0,1.0,0.0,0.6777388453483582,0.6906417012214661,0.7945582866668701,0.9108065962791443,0.9325012564659119,0.880484938621521,0.0
2153,0.0,0.0,0.0,0.0,1.0,0.0,0.8698328733444214,0.7426343560218811,0.8153864741325378,0.8593016266822815,0.8774625658988953,0.9052464365959167,0.0
2154,0.0,0.0,0.0,0.0,1.0,0.0,0.7378290295600891,0.6907177567481995,0.8605031371116638,0.9380783438682556,0.92244553565979,0.7781249284744263,2.0
2155,0.0,0.0,0.0,0.0,1.0,0.0,0.810158908367157,0.7758148312568665,0.5627873539924622,0.8405863642692566,0.9342020750045776,0.8925997018814087,4.0
2156,0.0,0.0,0.0,0.0,1.0,0.0,0.8434897065162659,0.4991437494754791,0.7362008094787598,0.8986254930496216,0.9284719228744507,0.8323023319244385,0.0
2157,0.0,0.0,0.0,0.0,1.0,0.0,0.816307783126831,0.5761752128601074,0.5893218517303467,0.8533541560173035,0.9533617496490479,0.8696138858795166,0.0
2158,0.0,0.0,0.0,0.0,1.0,0.0,0.8568083047866821,0.5558834671974182,0.5053106546401978,0.8247520923614502,0.9365097284317017,0.9088826775550842,2.0
2159,0.0,0.0,0.0,0.0,1.0,0.0,0.8735623955726624,0.619656503200531,0.7239760756492615,0.8655033111572266,0.9277592301368713,0.8875786662101746,1.0
2160,0.0,0.0,0.0,0.0,1.0,0.0,0.8157822489738464,0.4947253167629242,0.3235307037830353,0.751213014125824,0.9514827728271484,0.9028485417366028,4.0
2161,0.0,0.0,0.0,0.0,1.0,0.0,0.7524364590644836,0.726026177406311,0.5183230042457581,0.8956732749938965,0.9333692789077759,0.8968249559402466,3.0
2162,0.0,0.0,0.0,0.0,1.0,0.0,0.8501645922660828,0.8926592469215393,0.7807515859603882,0.8816032409667969,0.8704352974891663,0.8026798367500305,3.0
2163,0.0,0.0,0.0,0.0,1.0,0.0,0.8140333294868469,0.8579288721084595,0.5105757117271423,0.7870305776596069,0.9389728903770447,0.8825154900550842,2.0
2164,0.0,0.0,0.0,0.0,1.0,0.0,0.8390199542045593,0.8072623014450073,0.6000389456748962,0.7925082445144653,0.9214822053909302,0.9099283218383789,2.0
2165,0.0,0.0,0.0,1.0,1.0,0.0,0.5653221011161804,0.6028781533241272,0.8257197737693787,0.9631521105766296,0.9225856065750122,0.5649054050445557,1.0
2166,0.0,0.0,0.0,0.0,1.0,0.0,0.8399361968040466,0.6748107075691223,0.6782339215278625,0.8746042251586914,0.9367957711219788,0.8769901394844055,2.0
2167,0.0,0.0,0.0,1.0,1.0,0.0,0.7613071203231812,0.7438799738883972,0.8031456470489502,0.9325751662254333,0.915347695350647,0.7700001001358032,4.0
2168,0.0,0.0,0.0,0.0,1.0,0.0,0.8805183172225952,0.8133932948112488,0.5131618976593018,0.7406429648399353,0.9267996549606323,0.8939024209976196,4.0
2169,0.0,0.0,0.0,0.0,1.0,0.0,0.7919003963470459,0.7437377572059631,0.886855959892273,0.8900432586669922,0.922134518623352,0.8111966252326965,4.0
2170,0.0,0.0,0.0,0.0,1.0,0.0,0.7317683100700378,0.596096396446228,0.5894880890846252,0.8981088399887085,0.9361319541931152,0.9154678583145142,3.0
2171,0.0,0.0,0.0,0.0,1.0,0.0,0.7885866761207581,0.8084887266159058,0.5208098292350769,0.7967771887779236,0.9368318915367126,0.8782379031181335,2.0
2172,0.0,0.0,0.0,0.0,1.0,0.0,0.8885871767997742,0.776086151599884,0.6532712578773499,0.8208217024803162,0.9107437133789062,0.9048385620117188,3.0
2173,0.0,0.0,0.0,0.0,1.0,0.0,0.7960211634635925,0.38556864857673645,0.4267076551914215,0.8505268096923828,0.9459751844406128,0.9129404425621033,4.0
2174,0.0,0.0,0.0,0.0,1.0,0.0,0.8536846041679382,0.6849076151847839,0.8068222403526306,0.8750510811805725,0.9077499508857727,0.8790450096130371,1.0
2175,0.0,0.0,0.0,1.0,1.0,0.0,0.8661733865737915,0.7773879170417786,0.8566954135894775,0.9096971750259399,0.8712853193283081,0.7944897413253784,1.0
2176,0.0,0.0,0.0,0.0,1.0,0.0,0.8807377815246582,0.8671202659606934,0.6693175435066223,0.902050793170929,0.8533356785774231,0.7596403360366821,4.0
2177,0.0,0.0,0.0,1.0,1.0,0.0,0.808663547039032,0.7030152082443237,0.88850337266922,0.9394187331199646,0.8295777440071106,0.5980848073959351,2.0
2178,0.0,0.0,0.0,0.0,1.0,0.0,0.8142979145050049,0.6396625638008118,0.42791834473609924,0.7984575629234314,0.9355799555778503,0.9251881837844849,1.0
2179,0.0,0.0,0.0,0.0,1.0,0.0,0.7979099750518799,0.42173540592193604,0.4615234136581421,0.8542259335517883,0.9527254104614258,0.9000326991081238,2.0
2180,0.0,0.0,0.0,0.0,1.0,0.0,0.8781431317329407,0.7230232357978821,0.7022039890289307,0.780500590801239,0.9215870499610901,0.9177599549293518,0.0
2181,0.0,0.0,0.0,0.0,1.0,0.0,0.8350533843040466,0.5539038181304932,0.8120056390762329,0.8868985176086426,0.9261854290962219,0.8878300189971924,2.0
2182,0.0,0.0,0.0,0.0,1.0,0.0,0.8558748960494995,0.8307490348815918,0.8439537286758423,0.8184487819671631,0.9044944643974304,0.8733769059181213,4.0
2183,0.0,0.0,0.0,0.0,1.0,0.0,0.811583399772644,0.4986266791820526,0.6023117899894714,0.9070916175842285,0.9388269782066345,0.8718464374542236,4.0
2184,0.0,0.0,0.0,0.0,1.0,0.0,0.8075091242790222,0.845830500125885,0.8607039451599121,0.9041603207588196,0.8835301399230957,0.823505163192749,1.0
2185,0.0,0.0,0.0,0.0,1.0,0.0,0.8458796739578247,0.9477844834327698,0.891694188117981,0.626534640789032,0.7530072927474976,0.7560997009277344,0.0
2186,0.0,0.0,0.0,0.0,1.0,0.0,0.7797998785972595,0.7008941173553467,0.7462693452835083,0.8357877135276794,0.9350794553756714,0.8981988430023193,1.0
2187,0.0,0.0,0.0,0.0,1.0,0.0,0.8670836687088013,0.736870288848877,0.7724660038948059,0.70854252576828,0.9212728142738342,0.9084739685058594,1.0
2188,0.0,0.0,0.0,0.0,1.0,0.0,0.8872846364974976,0.7656958103179932,0.6470971703529358,0.7450023889541626,0.9238336086273193,0.8947923183441162,3.0
2189,0.0,0.0,0.0,0.0,1.0,0.0,0.7754542827606201,0.7534615993499756,0.5270494222640991,0.7842180728912354,0.940359354019165,0.9174290299415588,1.0
2190,0.0,0.0,0.0,1.0,1.0,0.0,0.7222583889961243,0.6494620442390442,0.8852587938308716,0.9424236416816711,0.8897338509559631,0.6064911484718323,1.0
2191,0.0,0.0,0.0,0.0,1.0,0.0,0.772641122341156,0.745055615901947,0.6664632558822632,0.9298406839370728,0.9270644783973694,0.7736623883247375,4.0
2192,0.0,0.0,0.0,0.0,1.0,0.0,0.8102397322654724,0.48076650500297546,0.39248961210250854,0.8263447284698486,0.9401740431785583,0.9082128405570984,2.0
2193,0.0,0.0,0.0,0.0,1.0,0.0,0.7724511027336121,0.749656617641449,0.6254162192344666,0.8350790739059448,0.9360747933387756,0.8866112232208252,1.0
2194,0.0,0.0,0.0,0.0,1.0,0.0,0.7992401719093323,0.7601528763771057,0.6648681163787842,0.8717369437217712,0.9371563196182251,0.886240541934967,4.0
2195,0.0,0.0,0.0,0.0,1.0,0.0,0.81220942735672,0.5005679726600647,0.4826522469520569,0.8605198860168457,0.9465072751045227,0.8971484303474426,1.0
2196,0.0,0.0,0.0,1.0,1.0,0.0,0.7516564130783081,0.7096982598304749,0.8018437027931213,0.9452021718025208,0.9057049751281738,0.7121368646621704,1.0
2197,0.0,0.0,0.0,0.0,1.0,0.0,0.8718153238296509,0.6409702301025391,0.7144292593002319,0.7612970471382141,0.9350773692131042,0.9038038849830627,3.0
2198,0.0,0.0,0.0,1.0,1.0,0.0,0.8669477105140686,0.5208331346511841,0.8024726510047913,0.9172146916389465,0.8739243745803833,0.8266027569770813,4.0
2199,0.0,0.0,0.0,0.0,1.0,0.0,0.807951807975769,0.4610210061073303,0.3829531967639923,0.8818673491477966,0.9547317028045654,0.8632490634918213,3.0
2200,0.0,0.0,0.0,0.0,1.0,0.0,0.8173969388008118,0.8166202306747437,0.5627904534339905,0.7279728055000305,0.9264176487922668,0.9185242056846619,4.0
2201,0.0,0.0,0.0,0.0,1.0,0.0,0.8753631114959717,0.9310846328735352,0.6869332790374756,0.6873101592063904,0.8550867438316345,0.8769342303276062,1.0
2202,0.0,0.0,0.0,0.0,1.0,0.0,0.7368250489234924,0.8762747645378113,0.9227237701416016,0.8934182524681091,0.8269498944282532,0.7914892435073853,0.0
2203,0.0,0.0,0.0,0.0,1.0,0.0,0.8881845474243164,0.8682749271392822,0.8749485015869141,0.8132030963897705,0.8411005735397339,0.8700965642929077,3.0
2204,0.0,0.0,0.0,0.0,1.0,0.0,0.8573787808418274,0.6440646052360535,0.8189175128936768,0.8606913089752197,0.9197752475738525,0.8860436677932739,3.0
2205,0.0,0.0,0.0,0.0,1.0,0.0,0.7610751390457153,0.7939133644104004,0.863294243812561,0.8843795657157898,0.9183369874954224,0.8402140736579895,1.0
2206,0.0,0.0,0.0,0.0,1.0,0.0,0.8269087672233582,0.759814977645874,0.8349477052688599,0.9246323704719543,0.8606231808662415,0.6798588037490845,3.0
2207,0.0,0.0,0.0,0.0,0.0,1.0,0.8283916115760803,0.7144854068756104,0.7166141867637634,0.7950939536094666,0.9197447896003723,0.9257226586341858,1.0
2208,0.0,0.0,0.0,0.0,0.0,1.0,0.8546913266181946,0.7969127297401428,0.6722575426101685,0.6898224353790283,0.8905833959579468,0.946885347366333,0.0
2209,0.0,0.0,0.0,0.0,0.0,1.0,0.8354913592338562,0.6430631279945374,0.6133151650428772,0.8751904964447021,0.9335145950317383,0.9083865284919739,2.0
2210,0.0,0.0,0.0,0.0,0.0,1.0,0.8610678911209106,0.7258760929107666,0.8650586009025574,0.7905079126358032,0.8818895816802979,0.9165285229682922,3.0
2211,0.0,0.0,0.0,0.0,0.0,1.0,0.7884331941604614,0.7022110819816589,0.6500728726387024,0.8061543703079224,0.9026367664337158,0.9429844617843628,2.0
2212,0.0,0.0,0.0,0.0,0.0,1.0,0.8155052065849304,0.46173298358917236,0.47032904624938965,0.7598645091056824,0.9353566765785217,0.9378909468650818,0.0
2213,0.0,0.0,0.0,0.0,0.0,1.0,0.8376917243003845,0.8316929936408997,0.6529464721679688,0.7023812532424927,0.9037102460861206,0.9301941394805908,0.0
2214,0.0,0.0,0.0,0.0,0.0,1.0,0.8921982049942017,0.7334737777709961,0.8681832551956177,0.7890397906303406,0.8842832446098328,0.8701267242431641,4.0
2215,0.0,0.0,0.0,0.0,0.0,1.0,0.8047503232955933,0.5297428369522095,0.6912336349487305,0.8326568603515625,0.9450931549072266,0.9176551699638367,1.0
2216,0.0,0.0,0.0,0.0,0.0,1.0,0.8160547018051147,0.5731500387191772,0.6506691575050354,0.8629264235496521,0.9484399557113647,0.8842607140541077,4.0
2217,0.0,0.0,0.0,0.0,0.0,1.0,0.9003753662109375,0.7129794359207153,0.8322881460189819,0.6811453104019165,0.9009305834770203,0.9126763343811035,4.0
2218,0.0,0.0,0.0,0.0,0.0,1.0,0.8919165730476379,0.8170451521873474,0.7409406304359436,0.6934671401977539,0.8958037495613098,0.9255722165107727,2.0
2219,0.0,0.0,0.0,0.0,0.0,1.0,0.908389151096344,0.8080798387527466,0.8160394430160522,0.6577959060668945,0.8826824426651001,0.9166361093521118,1.0
2220,0.0,0.0,0.0,0.0,0.0,1.0,0.8981329202651978,0.7014375925064087,0.7312497496604919,0.7154847383499146,0.8729512691497803,0.9341640472412109,3.0
2221,0.0,0.0,0.0,0.0,0.0,1.0,0.8905144929885864,0.736329197883606,0.7465405464172363,0.6906633973121643,0.8863171339035034,0.9372900128364563,2.0
2222,0.0,0.0,0.0,0.0,0.0,1.0,0.8461563587188721,0.6752303242683411,0.6519209146499634,0.8241565823554993,0.940214216709137,0.9081209301948547,1.0
2223,0.0,0.0,0.0,0.0,0.0,1.0,0.7778833508491516,0.8798705339431763,0.8081284761428833,0.7323237061500549,0.8683615326881409,0.9170596599578857,0.0
2224,0.0,0.0,0.0,0.0,0.0,1.0,0.8379824161529541,0.6696425080299377,0.7099078893661499,0.8038597702980042,0.9236640334129333,0.9209051728248596,4.0
2225,0.0,0.0,0.0,0.0,0.0,1.0,0.8126004934310913,0.7929867506027222,0.6873593926429749,0.8190413117408752,0.9214099049568176,0.9199105501174927,3.0
2226,0.0,0.0,0.0,0.0,0.0,1.0,0.8130202293395996,0.6092917323112488,0.47805947065353394,0.7909707427024841,0.94511878490448,0.9158194661140442,2.0
2227,0.0,0.0,0.0,0.0,0.0,1.0,0.8527514338493347,0.4915957748889923,0.5760571956634521,0.8121638298034668,0.926490306854248,0.9212881922721863,0.0
2228,0.0,0.0,0.0,0.0,0.0,1.0,0.824237585067749,0.8082448244094849,0.7420761585235596,0.7656566500663757,0.9049564599990845,0.9284780621528625,3.0
2229,0.0,0.0,0.0,0.0,0.0,1.0,0.81193608045578,0.6973943710327148,0.7173112630844116,0.7370215058326721,0.9303990602493286,0.9198936820030212,4.0
2230,0.0,0.0,0.0,0.0,0.0,1.0,0.8074783086776733,0.574775218963623,0.41568803787231445,0.81450355052948,0.939099133014679,0.9211522340774536,0.0
2231,0.0,0.0,0.0,0.0,0.0,1.0,0.8899582028388977,0.5524344444274902,0.6376436948776245,0.7123162746429443,0.9399833679199219,0.9206131100654602,3.0
2232,0.0,0.0,0.0,0.0,0.0,1.0,0.8279905319213867,0.6988089084625244,0.7005314826965332,0.7932739853858948,0.9398394227027893,0.9038646817207336,2.0
2233,0.0,0.0,0.0,0.0,0.0,1.0,0.8548521995544434,0.6384404897689819,0.6423681974411011,0.63322913646698,0.9162349104881287,0.9448927044868469,1.0
2234,0.0,0.0,0.0,0.0,0.0,1.0,0.8906142115592957,0.8413556814193726,0.5884640216827393,0.7347444891929626,0.8913370370864868,0.9212976098060608,0.0
2235,0.0,0.0,0.0,0.0,0.0,1.0,0.8142267465591431,0.7907758355140686,0.7318015694618225,0.8419874310493469,0.9175581932067871,0.9032465815544128,4.0
2236,0.0,0.0,0.0,0.0,0.0,1.0,0.7012618780136108,0.5784093141555786,0.463306188583374,0.7386775612831116,0.9485930800437927,0.9282870292663574,1.0
2237,0.0,0.0,0.0,0.0,0.0,1.0,0.8777252435684204,0.7271427512168884,0.8475005626678467,0.8472340703010559,0.8520526885986328,0.9113552570343018,4.0
2238,0.0,0.0,0.0,0.0,0.0,1.0,0.8197250366210938,0.7084969878196716,0.5845425128936768,0.7757611870765686,0.931281566619873,0.9086204171180725,0.0
2239,0.0,0.0,0.0,0.0,0.0,1.0,0.7863755822181702,0.756644070148468,0.5314022898674011,0.8150076270103455,0.9310475587844849,0.9130024313926697,3.0
2240,0.0,0.0,0.0,0.0,0.0,1.0,0.7845678925514221,0.4821632504463196,0.5467877388000488,0.9126756191253662,0.9323920011520386,0.8962112665176392,3.0
2241,0.0,0.0,0.0,0.0,0.0,1.0,0.8224162459373474,0.8000251650810242,0.7435422539710999,0.8338853120803833,0.9159902930259705,0.9097431898117065,1.0
2242,0.0,0.0,0.0,0.0,0.0,1.0,0.8895811438560486,0.734984815120697,0.7082820534706116,0.8165618777275085,0.9275432825088501,0.8709726929664612,3.0
2243,0.0,0.0,0.0,0.0,0.0,1.0,0.8891962170600891,0.815716564655304,0.7832071781158447,0.7985830903053284,0.8887197375297546,0.881963849067688,0.0
2244,0.0,0.0,0.0,0.0,0.0,1.0,0.7357197999954224,0.7061208486557007,0.67143714427948,0.8920497894287109,0.9366772770881653,0.8947609066963196,1.0
2245,0.0,0.0,0.0,0.0,0.0,1.0,0.803533673286438,0.7473989129066467,0.45821648836135864,0.7826215624809265,0.9353426098823547,0.9163625240325928,2.0
2246,0.0,0.0,0.0,0.0,0.0,1.0,0.8884173631668091,0.8852202296257019,0.7536960244178772,0.7007625699043274,0.871255099773407,0.8938431739807129,3.0
2247,0.0,0.0,0.0,0.0,0.0,1.0,0.8766113519668579,0.7108269929885864,0.6302511692047119,0.7863114476203918,0.9257365465164185,0.9130749702453613,4.0
2248,0.0,0.0,0.0,0.0,0.0,1.0,0.8332892656326294,0.5319616794586182,0.6303835511207581,0.8851323127746582,0.9230889678001404,0.898176372051239,4.0
2249,0.0,0.0,0.0,0.0,0.0,1.0,0.8663381934165955,0.7276991009712219,0.5417392253875732,0.7735474109649658,0.9294156432151794,0.8908190727233887,1.0
2250,0.0,0.0,0.0,0.0,0.0,1.0,0.8835866451263428,0.7500928640365601,0.7774149775505066,0.7338050007820129,0.8770756125450134,0.9369100332260132,1.0
2251,0.0,0.0,0.0,0.0,0.0,1.0,0.8150290250778198,0.6358672976493835,0.5733916759490967,0.760711133480072,0.9336948990821838,0.9244644641876221,4.0
2252,0.0,0.0,0.0,0.0,0.0,1.0,0.8906482458114624,0.6784734725952148,0.5826019644737244,0.7510926127433777,0.9345164895057678,0.8996002078056335,2.0
2253,0.0,0.0,0.0,0.0,0.0,1.0,0.8338069319725037,0.8380757570266724,0.7360449433326721,0.6376593708992004,0.9175735712051392,0.9209328889846802,4.0
2254,0.0,0.0,0.0,0.0,0.0,1.0,0.8496171236038208,0.7336418628692627,0.7708367705345154,0.8719753623008728,0.924593985080719,0.8890709280967712,4.0
2255,0.0,0.0,0.0,0.0,0.0,1.0,0.7243549227714539,0.6296899914741516,0.696373462677002,0.8652421236038208,0.9299169778823853,0.9285885691642761,2.0
2256,0.0,0.0,0.0,0.0,0.0,1.0,0.8407683372497559,0.6623968482017517,0.4802565276622772,0.7814134955406189,0.9392455816268921,0.9147887229919434,2.0
2257,0.0,0.0,0.0,0.0,0.0,1.0,0.8346058130264282,0.8520148992538452,0.716612696647644,0.762112557888031,0.9142200350761414,0.9129370450973511,1.0
2258,0.0,0.0,0.0,0.0,0.0,1.0,0.8503996133804321,0.6264158487319946,0.7964661121368408,0.8868236541748047,0.9207091927528381,0.8762399554252625,1.0
2259,0.0,0.0,0.0,0.0,0.0,1.0,0.8970603942871094,0.8123376369476318,0.661736786365509,0.7380397319793701,0.9045599699020386,0.9206594824790955,2.0
2260,0.0,0.0,0.0,0.0,0.0,1.0,0.8482085466384888,0.7980143427848816,0.722621738910675,0.8253664970397949,0.9130122065544128,0.8940366506576538,1.0
2261,0.0,0.0,0.0,0.0,0.0,1.0,0.8967189788818359,0.630769670009613,0.7050219178199768,0.8028667569160461,0.9140259027481079,0.9083518981933594,0.0
2262,0.0,0.0,0.0,0.0,0.0,1.0,0.8735135793685913,0.8916301727294922,0.8526535034179688,0.7396419048309326,0.8460014462471008,0.900307297706604,1.0
2263,0.0,0.0,0.0,1.0,0.0,1.0,0.9104838371276855,0.8718058466911316,0.8419499397277832,0.8020103573799133,0.7939140796661377,0.8771517872810364,2.0
2264,0.0,0.0,0.0,0.0,0.0,1.0,0.799474835395813,0.8622622489929199,0.9205561876296997,0.8087789416313171,0.8425660133361816,0.8169583082199097,4.0
2265,0.0,0.0,0.0,0.0,0.0,1.0,0.9113045930862427,0.9228362441062927,0.665890097618103,0.7463182806968689,0.736862063407898,0.8679954409599304,4.0
2266,0.0,0.0,0.0,0.0,0.0,1.0,0.9049362540245056,0.825045108795166,0.7957436442375183,0.6267855167388916,0.8861328959465027,0.9183459281921387,1.0
2267,0.0,0.0,0.0,0.0,0.0,1.0,0.807996392250061,0.834359347820282,0.6502394676208496,0.6877909302711487,0.9178333878517151,0.9230411648750305,2.0
2268,0.0,0.0,0.0,0.0,0.0,1.0,0.7086046934127808,0.815561056137085,0.41755473613739014,0.7290390729904175,0.9429057240486145,0.8928791880607605,3.0
2269,0.0,0.0,0.0,0.0,0.0,1.0,0.7920409440994263,0.7863896489143372,0.5304332971572876,0.6584166884422302,0.9327148795127869,0.9328749179840088,1.0
2270,0.0,0.0,0.0,0.0,0.0,1.0,0.8341023325920105,0.8552536964416504,0.7274070978164673,0.6947091817855835,0.8943431377410889,0.9199210405349731,2.0
2271,0.0,0.0,0.0,0.0,0.0,1.0,0.7150928974151611,0.5313368439674377,0.45444777607917786,0.8017979264259338,0.9488013386726379,0.9297724366188049,4.0
2272,0.0,0.0,0.0,0.0,0.0,1.0,0.8472045063972473,0.7155123353004456,0.6343892812728882,0.7967476844787598,0.9268812537193298,0.9221110343933105,3.0
2273,0.0,0.0,0.0,0.0,0.0,1.0,0.8138430118560791,0.7126170992851257,0.5947302579879761,0.7474521398544312,0.9319558143615723,0.9190540313720703,4.0
2274,0.0,0.0,0.0,0.0,0.0,1.0,0.7850279211997986,0.7664200663566589,0.6514521241188049,0.8331366777420044,0.9160537123680115,0.9144986271858215,4.0
2275,0.0,0.0,0.0,0.0,0.0,1.0,0.8959699273109436,0.6103123426437378,0.6946911811828613,0.764336884021759,0.9188930988311768,0.8979237079620361,1.0
2276,0.0,0.0,0.0,0.0,0.0,1.0,0.8966639637947083,0.8806580901145935,0.7056297063827515,0.7271224856376648,0.8656631112098694,0.9196978211402893,0.0
2277,0.0,0.0,0.0,0.0,0.0,1.0,0.8523507714271545,0.4070976972579956,0.5068384408950806,0.8861565589904785,0.9055889248847961,0.8907250761985779,1.0
2278,0.0,0.0,0.0,0.0,0.0,1.0,0.9138320088386536,0.773259162902832,0.8080969452857971,0.7303299903869629,0.8661497831344604,0.9116098880767822,4.0
2279,0.0,0.0,0.0,0.0,0.0,1.0,0.7372151017189026,0.5537734627723694,0.5513265132904053,0.8296501636505127,0.938776969909668,0.9246259331703186,0.0
2280,0.0,0.0,0.0,0.0,0.0,1.0,0.8487224578857422,0.7487488985061646,0.5323774814605713,0.8166599273681641,0.8908983469009399,0.9321039915084839,1.0
2281,0.0,0.0,0.0,0.0,0.0,1.0,0.765407145023346,0.4847671091556549,0.3608749210834503,0.8871065974235535,0.9402408599853516,0.9206625819206238,0.0
2282,0.0,0.0,0.0,0.0,0.0,1.0,0.9098405838012695,0.7661234140396118,0.6582362651824951,0.6650352478027344,0.8754093050956726,0.9340832233428955,3.0
2283,0.0,0.0,0.0,0.0,0.0,1.0,0.8417882323265076,0.45262834429740906,0.5376548171043396,0.8021138906478882,0.9310798645019531,0.9307305216789246,3.0
2284,0.0,0.0,0.0,0.0,0.0,1.0,0.9061277508735657,0.8011653423309326,0.6196575164794922,0.7997701168060303,0.8961244821548462,0.8866844773292542,4.0
2285,0.0,0.0,0.0,0.0,0.0,1.0,0.8762233853340149,0.7550116181373596,0.7237251996994019,0.7074875235557556,0.9271934032440186,0.915062665939331,2.0
2286,0.0,0.0,0.0,0.0,0.0,1.0,0.8202981352806091,0.7086790204048157,0.8540505766868591,0.8693994283676147,0.9057918190956116,0.8810304403305054,1.0
2287,0.0,0.0,0.0,1.0,0.0,1.0,0.7007474899291992,0.6177216172218323,0.8919193744659424,0.947358250617981,0.8716119527816772,0.6168084144592285,2.0
2288,0.0,0.0,0.0,1.0,0.0,1.0,0.7826290726661682,0.49647989869117737,0.8591535091400146,0.9339886903762817,0.8935344815254211,0.7337204813957214,3.0
2289,0.0,0.0,0.0,0.0,0.0,1.0,0.8848186135292053,0.9539307951927185,0.7891626358032227,0.5200714468955994,0.696873128414154,0.8476746678352356,4.0
2290,0.0,0.0,0.0,0.0,0.0,1.0,0.8502048254013062,0.8751010894775391,0.5370215773582458,0.7340202331542969,0.9046756625175476,0.8949358463287354,3.0
2291,0.0,0.0,0.0,0.0,0.0,1.0,0.8989648818969727,0.7609535455703735,0.5898172855377197,0.790375828742981,0.900195837020874,0.9125045537948608,3.0
2292,0.0,0.0,0.0,0.0,0.0,1.0,0.899963915348053,0.6797824501991272,0.698441207408905,0.8441799879074097,0.90297532081604,0.895971953868866,4.0
2293,0.0,0.0,0.0,0.0,0.0,1.0,0.71778804063797,0.6727700233459473,0.4724201560020447,0.7157849669456482,0.9527145624160767,0.912303626537323,4.0
2294,0.0,0.0,0.0,0.0,0.0,1.0,0.8271782398223877,0.5900838375091553,0.5045722126960754,0.8067775964736938,0.9380685091018677,0.9001378417015076,0.0
2295,0.0,0.0,0.0,0.0,0.0,1.0,0.8030619025230408,0.5829461812973022,0.4206462800502777,0.805878758430481,0.9458255171775818,0.9205341935157776,3.0
2296,0.0,0.0,0.0,0.0,0.0,1.0,0.6637206077575684,0.6440442204475403,0.5099942088127136,0.7143271565437317,0.9585517048835754,0.9164103865623474,2.0
2297,0.0,0.0,0.0,0.0,0.0,1.0,0.8917586803436279,0.7652456760406494,0.772331714630127,0.6590760350227356,0.8953003287315369,0.9219952821731567,3.0
2298,0.0,0.0,0.0,0.0,0.0,1.0,0.7753933668136597,0.7427226901054382,0.7166289687156677,0.8596085906028748,0.918525218963623,0.9109669327735901,1.0
2299,0.0,0.0,0.0,0.0,0.0,1.0,0.7693820595741272,0.6308712363243103,0.5250481963157654,0.8575181365013123,0.944428026676178,0.9068319201469421,0.0
2300,0.0,0.0,0.0,0.0,0.0,1.0,0.8508423566818237,0.6025676131248474,0.5945777893066406,0.8650631308555603,0.9284307956695557,0.913055419921875,4.0
2301,0.0,0.0,0.0,0.0,0.0,1.0,0.7164345979690552,0.8245627880096436,0.5247646570205688,0.836883008480072,0.9310339093208313,0.8813973665237427,4.0
2302,0.0,0.0,0.0,0.0,0.0,1.0,0.7328394055366516,0.6563489437103271,0.42316100001335144,0.7182377576828003,0.9491556286811829,0.9231716394424438,2.0
2303,0.0,0.0,0.0,0.0,0.0,1.0,0.8523004651069641,0.5760634541511536,0.6852565407752991,0.7932252883911133,0.9212700724601746,0.9345176815986633,3.0
2304,0.0,0.0,0.0,0.0,0.0,1.0,0.8206247687339783,0.5121452808380127,0.5007723569869995,0.7707554697990417,0.9377491474151611,0.9222947359085083,2.0
2305,0.0,0.0,0.0,0.0,0.0,1.0,0.7965070009231567,0.6844574213027954,0.6377396583557129,0.8792406320571899,0.9359546899795532,0.893892765045166,0.0
2306,0.0,0.0,0.0,0.0,0.0,1.0,0.7363365888595581,0.5082390308380127,0.35357385873794556,0.8729636669158936,0.9417905807495117,0.9109070897102356,3.0
2307,0.0,0.0,0.0,0.0,0.0,1.0,0.743051290512085,0.5843778252601624,0.4047059714794159,0.738314151763916,0.9527194499969482,0.9387388825416565,4.0
2308,0.0,0.0,0.0,0.0,0.0,1.0,0.771357536315918,0.4927610754966736,0.6362970471382141,0.9422799944877625,0.9227361083030701,0.8414392471313477,4.0
2309,0.0,0.0,0.0,0.0,0.0,1.0,0.8624011874198914,0.5426545739173889,0.4616919755935669,0.8561064004898071,0.9168198108673096,0.926377534866333,2.0
2310,0.0,0.0,0.0,0.0,0.0,1.0,0.8795681595802307,0.8268453478813171,0.9021030068397522,0.7366142272949219,0.791290819644928,0.8896960020065308,1.0
2311,0.0,0.0,0.0,0.0,0.0,1.0,0.878311276435852,0.9043959379196167,0.7292827367782593,0.5266648530960083,0.8438302278518677,0.9245055317878723,4.0
2312,0.0,0.0,0.0,0.0,0.0,1.0,0.8127150535583496,0.5593176484107971,0.564611554145813,0.8019043207168579,0.931601345539093,0.9357160329818726,1.0
2313,0.0,0.0,0.0,0.0,0.0,1.0,0.7174912691116333,0.6700282692909241,0.5896809101104736,0.8406886458396912,0.9261499643325806,0.9232550859451294,3.0
2314,0.0,0.0,0.0,0.0,0.0,1.0,0.6428005695343018,0.45591092109680176,0.5047534108161926,0.8265611529350281,0.9631324410438538,0.9068293571472168,2.0
2315,0.0,0.0,0.0,0.0,0.0,1.0,0.8896539807319641,0.908711850643158,0.8093224167823792,0.781464159488678,0.8442339301109314,0.8867972493171692,3.0
2316,0.0,0.0,0.0,0.0,0.0,1.0,0.8728171586990356,0.8625503182411194,0.7741696834564209,0.8044056296348572,0.8951596021652222,0.8805497884750366,3.0
2317,0.0,0.0,0.0,0.0,0.0,1.0,0.8621532320976257,0.8573829531669617,0.7383714914321899,0.6873939633369446,0.9126891493797302,0.880935788154602,4.0
2318,0.0,0.0,0.0,0.0,0.0,1.0,0.8138167262077332,0.662048876285553,0.5658333897590637,0.7814279794692993,0.9428950548171997,0.9068741798400879,0.0
2319,0.0,0.0,0.0,0.0,0.0,1.0,0.8451311588287354,0.9102721810340881,0.8724232912063599,0.5819648504257202,0.764126718044281,0.9043482542037964,0.0
2320,0.0,0.0,0.0,0.0,0.0,1.0,0.8565178513526917,0.7668939828872681,0.7348468899726868,0.807426929473877,0.9210203289985657,0.9139131903648376,1.0
2321,0.0,0.0,0.0,0.0,0.0,1.0,0.8030960559844971,0.5213509202003479,0.6053171157836914,0.738801896572113,0.9283256530761719,0.9473616480827332,4.0
2322,0.0,0.0,0.0,0.0,0.0,1.0,0.865959107875824,0.6876981854438782,0.6477096676826477,0.7986430525779724,0.9300553202629089,0.9194303750991821,1.0
2323,0.0,0.0,0.0,0.0,0.0,1.0,0.7808917760848999,0.4578419625759125,0.5293394327163696,0.8226056098937988,0.9507488012313843,0.9180973768234253,1.0
2324,0.0,0.0,0.0,0.0,0.0,1.0,0.743000864982605,0.567820131778717,0.5944329500198364,0.8616180419921875,0.9398841261863708,0.9215900897979736,4.0
2325,0.0,0.0,0.0,0.0,0.0,1.0,0.8031604290008545,0.580883800983429,0.721477210521698,0.8685833811759949,0.9381237626075745,0.8989487886428833,4.0
2326,0.0,0.0,0.0,0.0,0.0,1.0,0.8619659543037415,0.7291194796562195,0.845893919467926,0.9111887812614441,0.8991159796714783,0.7801511287689209,2.0
2327,0.0,0.0,0.0,0.0,0.0,1.0,0.7060926556587219,0.41868698596954346,0.42028889060020447,0.8683340549468994,0.9596925377845764,0.8910297155380249,1.0
2328,0.0,0.0,0.0,0.0,0.0,1.0,0.8839679956436157,0.8654326796531677,0.7301378846168518,0.7241894602775574,0.9082310199737549,0.8776533603668213,1.0
2329,0.0,0.0,0.0,0.0,0.0,1.0,0.8158146739006042,0.7596545219421387,0.8045821189880371,0.7902880907058716,0.9018749594688416,0.9307728409767151,0.0
2330,0.0,0.0,0.0,0.0,0.0,1.0,0.8864407539367676,0.8746835589408875,0.7814018130302429,0.7786758542060852,0.8851616382598877,0.9008359909057617,0.0
2331,0.0,0.0,0.0,0.0,0.0,1.0,0.8864908218383789,0.5629542469978333,0.5867242813110352,0.8245136737823486,0.9283264875411987,0.8887825608253479,2.0
2332,0.0,0.0,0.0,0.0,0.0,1.0,0.6943568587303162,0.6677242517471313,0.408385306596756,0.7372810244560242,0.9460717439651489,0.9323344230651855,2.0
2333,0.0,0.0,0.0,0.0,0.0,1.0,0.899369478225708,0.8242844939231873,0.6199746131896973,0.6899929046630859,0.8915351033210754,0.9329582452774048,4.0
2334,0.0,0.0,0.0,0.0,0.0,1.0,0.8909146189689636,0.7579785585403442,0.8940627574920654,0.6755645275115967,0.8081867694854736,0.9120534658432007,0.0
2335,0.0,0.0,0.0,0.0,0.0,1.0,0.855812668800354,0.599522590637207,0.8474782109260559,0.8700956702232361,0.9031933546066284,0.8981639742851257,3.0
2336,0.0,0.0,0.0,0.0,0.0,1.0,0.8791508674621582,0.7557344436645508,0.6710078120231628,0.7357708811759949,0.9114822149276733,0.923318088054657,3.0
2337,0.0,0.0,0.0,0.0,0.0,1.0,0.8916875123977661,0.7743152976036072,0.6328588724136353,0.7560106515884399,0.9060235023498535,0.8991889953613281,4.0
2338,0.0,0.0,0.0,0.0,0.0,1.0,0.6786669492721558,0.6258233189582825,0.5697260499000549,0.8827232122421265,0.950579047203064,0.8902429342269897,4.0
2339,0.0,0.0,0.0,0.0,0.0,1.0,0.8096074461936951,0.5768082737922668,0.6148541569709778,0.7909490466117859,0.9128767848014832,0.9419516921043396,1.0
2340,0.0,0.0,0.0,0.0,0.0,1.0,0.8369940519332886,0.859756588935852,0.5830121040344238,0.7191494703292847,0.9090602397918701,0.906884491443634,4.0
2341,0.0,0.0,0.0,0.0,0.0,1.0,0.8569948077201843,0.7704543471336365,0.6152704954147339,0.7054659128189087,0.9299563765525818,0.9259363412857056,4.0
2342,0.0,0.0,0.0,0.0,0.0,1.0,0.8139841556549072,0.7764681577682495,0.6178838014602661,0.7342122197151184,0.9227991700172424,0.9340261220932007,3.0
2343,0.0,0.0,0.0,0.0,0.0,1.0,0.8690032958984375,0.4230259656906128,0.435747891664505,0.7401443719863892,0.9338212609291077,0.917966365814209,3.0
2344,0.0,0.0,0.0,1.0,0.0,1.0,0.7572375535964966,0.6168590188026428,0.7597655653953552,0.945786714553833,0.9164858460426331,0.8408486247062683,4.0
2345,0.0,0.0,0.0,0.0,0.0,1.0,0.7884697914123535,0.9020500183105469,0.8441241383552551,0.7786622643470764,0.8984706401824951,0.8591442704200745,4.0
2346,0.0,0.0,0.0,0.0,0.0,1.0,0.8212346434593201,0.7707936763763428,0.6757619976997375,0.8786212205886841,0.9302626252174377,0.9018779993057251,1.0
2347,0.0,0.0,0.0,0.0,0.0,1.0,0.9100724458694458,0.7955403923988342,0.6396939158439636,0.8202211856842041,0.8595318794250488,0.8857532143592834,4.0
2348,0.0,0.0,0.0,0.0,0.0,1.0,0.7779442071914673,0.6037525534629822,0.6999121904373169,0.7564043998718262,0.9196546673774719,0.9474937915802002,2.0
2349,0.0,0.0,0.0,0.0,0.0,1.0,0.7717433571815491,0.6108283400535583,0.6669642925262451,0.7291228771209717,0.934177577495575,0.9387763738632202,2.0
2350,0.0,0.0,0.0,0.0,0.0,1.0,0.9227847456932068,0.6403461694717407,0.7275406718254089,0.7407642602920532,0.8723312616348267,0.9288196563720703,4.0
2351,0.0,0.0,0.0,0.0,0.0,1.0,0.8465889692306519,0.8176392912864685,0.632926344871521,0.7058674097061157,0.898363471031189,0.9395753741264343,0.0
2352,0.0,0.0,0.0,0.0,0.0,1.0,0.8380694389343262,0.8198863863945007,0.7534272074699402,0.7496381402015686,0.9001291990280151,0.9173387885093689,4.0
2353,0.0,0.0,0.0,0.0,0.0,1.0,0.8391839861869812,0.825760543346405,0.6908825039863586,0.6598376035690308,0.8986769318580627,0.9388729333877563,4.0
2354,0.0,0.0,0.0,0.0,0.0,1.0,0.8712477684020996,0.7852563261985779,0.6841375827789307,0.750505805015564,0.9212124943733215,0.9084969758987427,4.0
2355,0.0,0.0,0.0,0.0,0.0,1.0,0.7177399396896362,0.6172590851783752,0.5529458522796631,0.8355781435966492,0.9395043849945068,0.9312623143196106,2.0
2356,0.0,0.0,0.0,0.0,0.0,1.0,0.8838580250740051,0.6946929693222046,0.7235692739486694,0.5711400508880615,0.8734803199768066,0.9549515843391418,4.0
2357,0.0,0.0,0.0,0.0,0.0,1.0,0.8002192378044128,0.6549047231674194,0.4356103539466858,0.6363068222999573,0.9229026436805725,0.9484969973564148,2.0
2358,0.0,0.0,0.0,0.0,0.0,1.0,0.8583839535713196,0.8719573616981506,0.7856833934783936,0.734379231929779,0.8767520785331726,0.9184248447418213,4.0
2359,0.0,0.0,0.0,0.0,0.0,1.0,0.8409183621406555,0.5769947171211243,0.6150156259536743,0.9229218363761902,0.9238792061805725,0.8395026922225952,4.0
2360,0.0,0.0,0.0,0.0,0.0,1.0,0.8218261003494263,0.6794896721839905,0.5799269080162048,0.8708775639533997,0.9215525388717651,0.9100836515426636,0.0
2361,0.0,0.0,0.0,0.0,0.0,1.0,0.908399224281311,0.840463399887085,0.7386817932128906,0.8064403533935547,0.8778262138366699,0.9066808819770813,3.0
2362,0.0,0.0,0.0,0.0,0.0,1.0,0.7426791787147522,0.5171890258789062,0.4669705331325531,0.8319429159164429,0.9560836553573608,0.902092695236206,3.0
2363,0.0,0.0,0.0,0.0,0.0,1.0,0.9155006408691406,0.8665478825569153,0.9032514095306396,0.6224067807197571,0.7456299662590027,0.8596309423446655,4.0
2364,0.0,0.0,0.0,0.0,0.0,1.0,0.913726806640625,0.8456159234046936,0.8447990417480469,0.7717031836509705,0.8470990657806396,0.8807644844055176,3.0
2365,0.0,0.0,0.0,1.0,0.0,1.0,0.7896393537521362,0.8435871005058289,0.8598171472549438,0.9220379590988159,0.844796359539032,0.7765527963638306,1.0
2366,0.0,0.0,0.0,0.0,0.0,1.0,0.868147611618042,0.329522043466568,0.41763922572135925,0.7600346207618713,0.9398482441902161,0.8902074098587036,4.0
2367,0.0,0.0,0.0,0.0,0.0,1.0,0.7105106115341187,0.4900025725364685,0.466368168592453,0.7946578860282898,0.9517340660095215,0.930817186832428,4.0
2368,0.0,0.0,0.0,0.0,0.0,1.0,0.8346346020698547,0.6994709372520447,0.6843796372413635,0.7971200942993164,0.9253839254379272,0.9181693196296692,2.0
2369,0.0,0.0,0.0,0.0,0.0,1.0,0.8423611521720886,0.8098611235618591,0.6191439628601074,0.7807321548461914,0.906329333782196,0.9270092844963074,3.0
2370,0.0,0.0,0.0,0.0,0.0,1.0,0.8265540599822998,0.6472762227058411,0.6074800491333008,0.759285569190979,0.9247403144836426,0.9368534088134766,2.0
2371,0.0,0.0,0.0,0.0,0.0,1.0,0.7935025095939636,0.6122722029685974,0.4843182861804962,0.8282607197761536,0.9350006580352783,0.9182730317115784,4.0
2372,0.0,0.0,0.0,0.0,0.0,1.0,0.7302339673042297,0.6182019710540771,0.5240859389305115,0.8751344084739685,0.9501058459281921,0.9076888561248779,1.0
2373,0.0,0.0,0.0,0.0,0.0,1.0,0.9310999512672424,0.8051436543464661,0.8030350208282471,0.7496262192726135,0.8454886078834534,0.9036733508110046,0.0
2374,0.0,0.0,0.0,0.0,0.0,1.0,0.8786849975585938,0.9201465249061584,0.6345486640930176,0.6105844974517822,0.8349015116691589,0.9279279708862305,1.0
2375,0.0,0.0,0.0,0.0,0.0,1.0,0.798650860786438,0.5554444193840027,0.5785499215126038,0.8512850403785706,0.9453179836273193,0.9162971377372742,1.0
2376,0.0,0.0,0.0,0.0,0.0,1.0,0.8838479518890381,0.9237678050994873,0.8641464114189148,0.607475996017456,0.7260723114013672,0.88072270154953,4.0
2377,0.0,0.0,0.0,0.0,0.0,1.0,0.7975954413414001,0.3916046619415283,0.37340137362480164,0.8317490220069885,0.9362856149673462,0.9278202056884766,3.0
2378,0.0,0.0,0.0,0.0,0.0,1.0,0.8374711871147156,0.46517321467399597,0.48207011818885803,0.8157579898834229,0.9498123526573181,0.8816131949424744,0.0
2379,0.0,0.0,0.0,0.0,0.0,1.0,0.822001039981842,0.5990469455718994,0.6028710603713989,0.8283758759498596,0.9153022766113281,0.9343681931495667,2.0
2380,0.0,0.0,0.0,0.0,0.0,1.0,0.8012915849685669,0.39668557047843933,0.5406047105789185,0.8886129260063171,0.9332019090652466,0.9206210374832153,1.0
2381,0.0,0.0,0.0,0.0,0.0,1.0,0.7567662000656128,0.5580489635467529,0.3622113764286041,0.8701488375663757,0.934929609298706,0.9173496961593628,1.0
2382,0.0,0.0,0.0,0.0,0.0,1.0,0.8607420921325684,0.8658217191696167,0.6317813992500305,0.8438453078269958,0.8851151466369629,0.9018768072128296,2.0
2383,0.0,0.0,0.0,0.0,0.0,1.0,0.8167306780815125,0.5670672059059143,0.680374264717102,0.8083609938621521,0.9304686784744263,0.92982417345047,3.0
2384,0.0,0.0,0.0,0.0,0.0,1.0,0.8834924697875977,0.8483738899230957,0.8937385082244873,0.8278286457061768,0.8168334364891052,0.861811637878418,1.0
2385,0.0,0.0,0.0,0.0,0.0,1.0,0.8624916672706604,0.8680734634399414,0.7949221134185791,0.8444564342498779,0.8645277619361877,0.9040922522544861,1.0
2386,0.0,0.0,0.0,0.0,0.0,1.0,0.7877122163772583,0.5253142714500427,0.6282914280891418,0.8754754662513733,0.9091731905937195,0.9275345802307129,4.0
2387,0.0,0.0,0.0,0.0,0.0,1.0,0.8579768538475037,0.5700945258140564,0.6488963961601257,0.7988801002502441,0.9280726313591003,0.9133254289627075,4.0
2388,0.0,0.0,0.0,0.0,0.0,1.0,0.6580188870429993,0.5604623556137085,0.3877337872982025,0.8040487766265869,0.941493809223175,0.9354094862937927,1.0
2389,0.0,0.0,0.0,0.0,0.0,1.0,0.8630044460296631,0.49127793312072754,0.48966363072395325,0.8290115594863892,0.9397486448287964,0.9106339812278748,0.0
2390,0.0,0.0,0.0,0.0,0.0,1.0,0.9318110942840576,0.9046996831893921,0.7183367609977722,0.6757164597511292,0.8243885636329651,0.8848603367805481,4.0
2391,0.0,0.0,0.0,0.0,0.0,1.0,0.8331752419471741,0.5974407196044922,0.54481440782547,0.8329514861106873,0.9033408164978027,0.938099205493927,4.0
2392,0.0,0.0,0.0,0.0,0.0,1.0,0.7024237513542175,0.5884506702423096,0.5543630123138428,0.9022505879402161,0.9197443127632141,0.9359217882156372,1.0
2393,0.0,0.0,0.0,0.0,0.0,1.0,0.7496349215507507,0.47887277603149414,0.5371524095535278,0.900823175907135,0.951259195804596,0.8946022391319275,1.0
2394,0.0,0.0,0.0,0.0,0.0,1.0,0.8269405961036682,0.42896249890327454,0.4819473624229431,0.8071024417877197,0.9369570016860962,0.9304285645484924,2.0
2395,0.0,0.0,0.0,0.0,0.0,1.0,0.7385323643684387,0.5461868643760681,0.661285936832428,0.8068752884864807,0.9485242366790771,0.9243305921554565,2.0
2396,0.0,0.0,0.0,0.0,0.0,1.0,0.9191857576370239,0.8243504762649536,0.8598005771636963,0.6480190753936768,0.7634209990501404,0.900599479675293,0.0
2397,0.0,0.0,0.0,0.0,0.0,1.0,0.8568474054336548,0.6447668075561523,0.6942288875579834,0.8554073572158813,0.9131977558135986,0.9156829118728638,2.0
2398,0.0,0.0,0.0,0.0,0.0,1.0,0.8207799196243286,0.6456982493400574,0.40957993268966675,0.8230178952217102,0.9131783843040466,0.935335636138916,0.0
2399,0.0,0.0,0.0,0.0,0.0,1.0,0.8060791492462158,0.4430714547634125,0.5704486966133118,0.874634325504303,0.9351638555526733,0.9200667142868042,3.0
2400,0.0,0.0,0.0,0.0,0.0,1.0,0.6761062145233154,0.4941849708557129,0.5146124958992004,0.8852652311325073,0.9378582835197449,0.9290547370910645,1.0
2401,0.0,0.0,0.0,0.0,0.0,1.0,0.7548328638076782,0.5596853494644165,0.5245389342308044,0.8228653073310852,0.934607744216919,0.9365991353988647,3.0
2402,0.0,0.0,0.0,0.0,0.0,1.0,0.7905564308166504,0.6986188888549805,0.813896656036377,0.7921345233917236,0.9010878801345825,0.9343793392181396,0.0
2403,0.0,0.0,0.0,0.0,0.0,1.0,0.8107680082321167,0.5969880223274231,0.5734481811523438,0.8146154880523682,0.9346755146980286,0.9354948997497559,3.0
2404,0.0,0.0,0.0,0.0,0.0,1.0,0.7369540333747864,0.6366637945175171,0.5883114337921143,0.845830500125885,0.9299742579460144,0.9380980730056763,2.0
2405,0.0,0.0,0.0,0.0,0.0,1.0,0.8861805200576782,0.6505343317985535,0.7645809650421143,0.7411405444145203,0.885623037815094,0.9332270622253418,1.0
2406,0.0,0.0,0.0,0.0,0.0,1.0,0.8687522411346436,0.5086648464202881,0.638418972492218,0.8619593977928162,0.9078402519226074,0.8980832695960999,4.0
