,True_FPV,True_ATV,True_IDV,True_LPV,True_NFV,True_SQV,True_TPV,True_DRV,Pred_Proba_FPV,Pred_Proba_ATV,Pred_Proba_IDV,Pred_Proba_LPV,Pred_Proba_NFV,Pred_Proba_SQV,Pred_Proba_TPV,Pred_Proba_DRV,kFolds
0,0.0,0.0,0.0,0.0,0.0,0.0,0.0,0.0,0.5370784997940063,0.7335532903671265,0.7491063475608826,0.6147867441177368,0.6084703207015991,0.5460794568061829,0.5724033117294312,0.34520769119262695,1.0
1,1.0,1.0,1.0,1.0,1.0,1.0,1.0,0.0,0.4213881194591522,0.8696570992469788,0.7926571369171143,0.6985519528388977,0.7576261758804321,0.7065814733505249,0.14813706278800964,0.4063694477081299,4.0
2,1.0,1.0,1.0,1.0,1.0,1.0,1.0,0.0,0.5922032594680786,0.8529992699623108,0.7249045968055725,0.4985864758491516,0.6808948516845703,0.7208055257797241,0.22939281165599823,0.6319603323936462,0.0
3,0.0,0.0,0.0,0.0,0.0,0.0,0.0,0.0,0.5548456907272339,0.8605915904045105,0.7141126394271851,0.4020985960960388,0.7419580817222595,0.7711267471313477,0.2884904444217682,0.4633156657218933,0.0
4,0.0,0.0,0.0,0.0,0.0,0.0,0.0,0.0,0.4740568697452545,0.818749189376831,0.6715118288993835,0.4170682430267334,0.7125394344329834,0.7723796367645264,0.3417205512523651,0.5305628776550293,4.0
5,0.0,0.0,0.0,0.0,0.0,0.0,0.0,0.0,0.4789721965789795,0.703399121761322,0.7656794786453247,0.6000994443893433,0.5413427352905273,0.5356028079986572,0.5768507122993469,0.3258485794067383,1.0
6,0.0,0.0,0.0,0.0,0.0,0.0,0.0,0.0,0.4975670874118805,0.7076848149299622,0.7442294955253601,0.6091181039810181,0.5822968482971191,0.5572767853736877,0.614357054233551,0.36219522356987,1.0
7,1.0,1.0,1.0,1.0,1.0,0.0,1.0,0.0,0.730394721031189,0.8039979934692383,0.7808610796928406,0.6638625264167786,0.4765057861804962,0.47225329279899597,0.406548410654068,0.6472660303115845,1.0
8,0.0,0.0,0.0,0.0,0.0,0.0,0.0,0.0,0.4713452160358429,0.8294800519943237,0.732630729675293,0.4411671459674835,0.7739158272743225,0.8082481026649475,0.25604093074798584,0.4721994400024414,3.0
9,1.0,1.0,1.0,1.0,1.0,1.0,1.0,0.0,0.690804660320282,0.8139510750770569,0.766446590423584,0.7644460201263428,0.6475611329078674,0.4208967983722687,0.33496055006980896,0.50386643409729,1.0
10,1.0,1.0,1.0,1.0,1.0,1.0,1.0,1.0,0.5233079791069031,0.8575590252876282,0.7864430546760559,0.5979577302932739,0.692579448223114,0.6903771758079529,0.2274148017168045,0.5797808766365051,0.0
11,1.0,1.0,1.0,1.0,1.0,1.0,1.0,1.0,0.6329652667045593,0.8109697699546814,0.8186646103858948,0.8185369372367859,0.6778332591056824,0.3449006676673889,0.25125083327293396,0.5926240086555481,2.0
12,0.0,0.0,0.0,0.0,0.0,0.0,0.0,0.0,0.604539155960083,0.7339909672737122,0.7561067342758179,0.6130411624908447,0.6690557599067688,0.35125643014907837,0.40256744623184204,0.4780751168727875,2.0
13,0.0,0.0,0.0,0.0,0.0,0.0,0.0,0.0,0.42238056659698486,0.7943221926689148,0.6584858298301697,0.37553298473358154,0.7248569130897522,0.8131668567657471,0.2927476167678833,0.5168066620826721,4.0
14,1.0,1.0,1.0,1.0,1.0,1.0,1.0,1.0,0.5269672870635986,0.8728119730949402,0.7651158571243286,0.6270714998245239,0.7342573404312134,0.707736611366272,0.18480892479419708,0.5394918918609619,4.0
15,0.0,0.0,0.0,0.0,0.0,0.0,0.0,0.0,0.6060460209846497,0.7145829796791077,0.7480350136756897,0.5760729908943176,0.6976291537284851,0.35856711864471436,0.42405253648757935,0.528875470161438,2.0
16,0.0,0.0,0.0,0.0,0.0,0.0,0.0,0.0,0.49438202381134033,0.8489291667938232,0.6291056871414185,0.3325256109237671,0.6410155892372131,0.7662295699119568,0.3452994227409363,0.3768753409385681,3.0
17,0.0,1.0,0.0,0.0,1.0,1.0,0.0,0.0,0.47602394223213196,0.8540093898773193,0.7068643569946289,0.5213736295700073,0.8147390484809875,0.7758216261863708,0.1130247712135315,0.35829079151153564,3.0
18,1.0,1.0,0.0,0.0,1.0,1.0,0.0,0.0,0.4459479749202728,0.8257015347480774,0.7465862035751343,0.7218007445335388,0.8061795830726624,0.4760223627090454,0.08854679018259048,0.35110482573509216,2.0
19,1.0,1.0,1.0,1.0,1.0,1.0,1.0,1.0,0.6897403001785278,0.8051079511642456,0.7964109778404236,0.772919774055481,0.6806070804595947,0.38699349761009216,0.29051831364631653,0.6035147905349731,2.0
20,0.0,0.0,0.0,0.0,0.0,0.0,0.0,0.0,0.4381723403930664,0.7932162880897522,0.5931739211082458,0.3637579381465912,0.7141588926315308,0.7808888554573059,0.3386381268501282,0.37120604515075684,4.0
21,1.0,1.0,1.0,1.0,1.0,1.0,1.0,0.0,0.48583856225013733,0.8647847771644592,0.795219898223877,0.6917363405227661,0.7534862756729126,0.7007448077201843,0.15141785144805908,0.5022803544998169,4.0
22,0.0,0.0,0.0,0.0,0.0,0.0,0.0,0.0,0.5507088899612427,0.6910797953605652,0.7320095300674438,0.5642135739326477,0.6818938851356506,0.3520118296146393,0.4464821219444275,0.4378322660923004,2.0
23,0.0,1.0,1.0,1.0,1.0,1.0,0.0,0.0,0.48192620277404785,0.876539945602417,0.8084391355514526,0.6725051999092102,0.7661203742027283,0.6664387583732605,0.14253894984722137,0.4053492844104767,0.0
24,1.0,1.0,1.0,1.0,1.0,1.0,0.0,0.0,0.74547278881073,0.8503219485282898,0.8030994534492493,0.7314937114715576,0.6075760722160339,0.2521899938583374,0.11879907548427582,0.524263322353363,2.0
25,0.0,1.0,1.0,0.0,1.0,0.0,1.0,0.0,0.5932950973510742,0.8741949796676636,0.7656543850898743,0.5023428201675415,0.6699575185775757,0.6663238406181335,0.20191101729869843,0.5684126615524292,0.0
26,1.0,1.0,1.0,1.0,1.0,1.0,1.0,1.0,0.5066244602203369,0.8606067895889282,0.7783942818641663,0.635975182056427,0.7205134630203247,0.7352200746536255,0.19952493906021118,0.591973066329956,3.0
27,1.0,1.0,1.0,0.0,1.0,0.0,1.0,0.0,0.5417203307151794,0.875262975692749,0.7730358242988586,0.48572126030921936,0.7306841611862183,0.7256634831428528,0.1780633181333542,0.4836598336696625,4.0
28,0.0,0.0,0.0,0.0,0.0,0.0,0.0,0.0,0.5461700558662415,0.6839317083358765,0.6838254332542419,0.5641692876815796,0.5704309940338135,0.6070807576179504,0.6013814210891724,0.3546987473964691,1.0
29,0.0,0.0,0.0,0.0,0.0,0.0,0.0,0.0,0.5814367532730103,0.7159631252288818,0.7519094347953796,0.6224007606506348,0.6157557368278503,0.5793753862380981,0.5795376300811768,0.38301077485084534,1.0
30,0.0,0.0,0.0,0.0,0.0,0.0,0.0,0.0,0.48985642194747925,0.8209357261657715,0.631550133228302,0.34448710083961487,0.721912682056427,0.812721848487854,0.35202541947364807,0.3628414571285248,0.0
31,0.0,0.0,0.0,0.0,0.0,0.0,0.0,0.0,0.44870811700820923,0.8196914196014404,0.7136104702949524,0.374907523393631,0.7462902069091797,0.809872567653656,0.2958807647228241,0.432608425617218,0.0
32,0.0,0.0,0.0,0.0,0.0,0.0,0.0,0.0,0.5053399205207825,0.8468163013458252,0.7399882078170776,0.4524865746498108,0.7645177245140076,0.7548421621322632,0.22719447314739227,0.4723636507987976,4.0
33,1.0,1.0,1.0,1.0,1.0,1.0,0.0,0.0,0.7104243040084839,0.803377091884613,0.8037641048431396,0.7807234525680542,0.591777503490448,0.27664777636528015,0.30678287148475647,0.5762311220169067,1.0
34,0.0,1.0,1.0,0.0,1.0,1.0,1.0,0.0,0.5419539213180542,0.8496869802474976,0.7212241291999817,0.5477486252784729,0.706047773361206,0.7663168907165527,0.22889195382595062,0.6049808859825134,4.0
35,0.0,1.0,1.0,0.0,1.0,1.0,0.0,0.0,0.3793278634548187,0.87410968542099,0.794948935508728,0.5389179587364197,0.7771750688552856,0.7521339654922485,0.16141155362129211,0.30068105459213257,4.0
36,1.0,1.0,1.0,1.0,1.0,1.0,1.0,1.0,0.6381028294563293,0.8721475601196289,0.7249495387077332,0.49674275517463684,0.6359261870384216,0.6732345819473267,0.20830415189266205,0.5870528817176819,3.0
37,0.0,1.0,1.0,0.0,1.0,0.0,1.0,0.0,0.5635360479354858,0.854542076587677,0.7119302749633789,0.49799302220344543,0.7609941959381104,0.7523460984230042,0.17422956228256226,0.4773292541503906,3.0
38,0.0,0.0,0.0,0.0,0.0,0.0,0.0,0.0,0.7033384442329407,0.7721551656723022,0.7523967623710632,0.6255120635032654,0.6534320116043091,0.3570246398448944,0.36945250630378723,0.5462124943733215,2.0
39,0.0,0.0,0.0,0.0,0.0,0.0,0.0,0.0,0.4464779496192932,0.8202480673789978,0.6809067726135254,0.3555876314640045,0.7447841167449951,0.7938945889472961,0.3146863877773285,0.3610117733478546,0.0
40,0.0,0.0,0.0,0.0,0.0,0.0,0.0,0.0,0.3999849557876587,0.7830862402915955,0.6946830749511719,0.39890262484550476,0.7502370476722717,0.8004360198974609,0.2989530861377716,0.4807833433151245,4.0
41,1.0,1.0,1.0,0.0,1.0,1.0,0.0,0.0,0.6144052147865295,0.8138302564620972,0.8162761330604553,0.7940748929977417,0.719103217124939,0.3617652356624603,0.24130979180335999,0.5406678915023804,2.0
42,1.0,1.0,1.0,1.0,1.0,1.0,1.0,1.0,0.646681547164917,0.8104488253593445,0.8024182319641113,0.7937609553337097,0.6525959968566895,0.34980493783950806,0.22107920050621033,0.6152461171150208,2.0
43,0.0,0.0,0.0,0.0,0.0,0.0,0.0,0.0,0.4837042987346649,0.6449240446090698,0.7348271608352661,0.5782839059829712,0.5581178069114685,0.5950285792350769,0.6248659491539001,0.31565290689468384,1.0
44,0.0,0.0,0.0,0.0,0.0,0.0,0.0,0.0,0.4133159816265106,0.8014393448829651,0.5922228693962097,0.28394225239753723,0.7053039073944092,0.8047090172767639,0.3155471980571747,0.43446651101112366,0.0
45,1.0,1.0,1.0,1.0,1.0,1.0,1.0,0.0,0.49510034918785095,0.8669059872627258,0.7835844159126282,0.6623920202255249,0.746306300163269,0.7211142182350159,0.18236255645751953,0.5141078233718872,3.0
46,1.0,1.0,1.0,1.0,1.0,1.0,0.0,0.0,0.6557923555374146,0.8352563977241516,0.824289858341217,0.7727311849594116,0.6855895519256592,0.3041432201862335,0.18036893010139465,0.514812171459198,2.0
47,1.0,1.0,1.0,1.0,1.0,1.0,1.0,1.0,0.5984117984771729,0.8713788390159607,0.7519047856330872,0.568313479423523,0.7240328192710876,0.6752593517303467,0.17609241604804993,0.5516677498817444,4.0
48,1.0,1.0,0.0,0.0,1.0,1.0,0.0,0.0,0.5303670763969421,0.8543188571929932,0.7658661007881165,0.6465268731117249,0.7590265274047852,0.7372896671295166,0.1815960556268692,0.5370491147041321,3.0
49,0.0,0.0,0.0,0.0,0.0,0.0,0.0,0.0,0.6219125390052795,0.7293611764907837,0.7199974656105042,0.6143701076507568,0.5661805272102356,0.5294260382652283,0.5887298583984375,0.3560653626918793,1.0
50,0.0,0.0,0.0,0.0,0.0,0.0,0.0,0.0,0.5613016486167908,0.7463862299919128,0.7778224349021912,0.5967096090316772,0.6706675887107849,0.3509201407432556,0.38111400604248047,0.46981799602508545,2.0
51,1.0,1.0,1.0,1.0,1.0,1.0,1.0,1.0,0.7046914100646973,0.804116427898407,0.7682249546051025,0.7272494435310364,0.6203617453575134,0.33868783712387085,0.2442263960838318,0.60441654920578,2.0
52,0.0,1.0,0.0,0.0,0.0,0.0,1.0,0.0,0.5114082098007202,0.841698169708252,0.7503895163536072,0.5195937752723694,0.7417283654212952,0.7688958644866943,0.2310619205236435,0.5605184435844421,4.0
53,1.0,1.0,1.0,1.0,1.0,1.0,1.0,0.0,0.5666475296020508,0.8844534754753113,0.7937000393867493,0.6220585107803345,0.7005640268325806,0.6619008779525757,0.18263478577136993,0.5237244367599487,3.0
54,0.0,0.0,0.0,0.0,1.0,0.0,0.0,0.0,0.5693297982215881,0.8673461675643921,0.7142425775527954,0.4326688051223755,0.7122928500175476,0.7334737777709961,0.18985150754451752,0.46770232915878296,0.0
55,0.0,0.0,0.0,0.0,0.0,0.0,0.0,0.0,0.4455060362815857,0.804552435874939,0.6866457462310791,0.352910578250885,0.7523807883262634,0.8027231693267822,0.3066841959953308,0.48104748129844666,0.0
56,0.0,0.0,0.0,0.0,0.0,0.0,0.0,0.0,0.5830739736557007,0.6505478024482727,0.5843026638031006,0.4702899158000946,0.522225022315979,0.23670916259288788,0.4261755645275116,0.3745882213115692,2.0
57,1.0,1.0,1.0,1.0,1.0,1.0,1.0,1.0,0.7047662138938904,0.7853566408157349,0.7746525406837463,0.7467488646507263,0.6366882920265198,0.39226728677749634,0.28149259090423584,0.6370450854301453,2.0
58,1.0,1.0,1.0,1.0,1.0,1.0,0.0,1.0,0.5088237524032593,0.8512532711029053,0.7859052419662476,0.6625522375106812,0.7672533392906189,0.7057309746742249,0.16951575875282288,0.559349000453949,4.0
59,1.0,1.0,1.0,1.0,1.0,1.0,1.0,1.0,0.496681272983551,0.8425080180168152,0.7625038027763367,0.6296719312667847,0.7520266175270081,0.7489932179450989,0.21286050975322723,0.6145533919334412,0.0
60,1.0,1.0,1.0,1.0,1.0,1.0,0.0,1.0,0.5589558482170105,0.8653877973556519,0.7547917366027832,0.5726652145385742,0.6825387477874756,0.6405726075172424,0.202592134475708,0.595506489276886,0.0
61,1.0,1.0,1.0,1.0,1.0,1.0,1.0,0.0,0.6687967777252197,0.8110403418540955,0.8228436708450317,0.7936990261077881,0.6834015846252441,0.3681619167327881,0.2802174687385559,0.561702311038971,2.0
62,0.0,0.0,1.0,0.0,1.0,0.0,0.0,0.0,0.5771610140800476,0.8510318398475647,0.7384471297264099,0.4938300549983978,0.7465914487838745,0.7264016270637512,0.22123835980892181,0.5492488741874695,4.0
63,1.0,1.0,1.0,1.0,1.0,0.0,0.0,0.0,0.5760809779167175,0.8652098774909973,0.7578067183494568,0.5261766314506531,0.7211118936538696,0.7368312478065491,0.21256665885448456,0.5283467173576355,0.0
64,0.0,0.0,0.0,0.0,0.0,0.0,0.0,0.0,0.47472161054611206,0.822636604309082,0.689673662185669,0.3951508402824402,0.7438738942146301,0.7779009342193604,0.2985055446624756,0.45598557591438293,4.0
65,0.0,0.0,0.0,0.0,0.0,0.0,0.0,0.0,0.5606169104576111,0.7118130922317505,0.7387683987617493,0.5904872417449951,0.5459184646606445,0.5837559103965759,0.6000658869743347,0.4716525077819824,1.0
66,1.0,0.0,0.0,0.0,0.0,0.0,1.0,0.0,0.6142415404319763,0.856349527835846,0.6995974183082581,0.4023064970970154,0.6756070852279663,0.7229109406471252,0.22088874876499176,0.5646589398384094,0.0
67,1.0,0.0,1.0,1.0,1.0,0.0,0.0,1.0,0.592991054058075,0.8615350127220154,0.7784164547920227,0.5170090794563293,0.7067151069641113,0.7441245317459106,0.18735173344612122,0.5702856183052063,0.0
68,0.0,0.0,0.0,0.0,0.0,0.0,0.0,0.0,0.6539319753646851,0.7517409920692444,0.7550566792488098,0.5928961634635925,0.6446959376335144,0.3600482940673828,0.4485571086406708,0.491205096244812,2.0
69,0.0,0.0,0.0,0.0,0.0,0.0,0.0,0.0,0.5177181959152222,0.686554491519928,0.7434775829315186,0.6308653950691223,0.5958423018455505,0.5941130518913269,0.5925871729850769,0.39707642793655396,1.0
70,1.0,1.0,0.0,0.0,1.0,0.0,0.0,0.0,0.5445368885993958,0.8903242349624634,0.774870753288269,0.45692044496536255,0.7296131253242493,0.7398832440376282,0.1474434733390808,0.4286801218986511,0.0
71,1.0,1.0,1.0,1.0,1.0,1.0,0.0,0.0,0.5947098135948181,0.7989917397499084,0.8246228694915771,0.7666922211647034,0.670478880405426,0.4564177691936493,0.3884373605251312,0.4767153859138489,1.0
72,1.0,0.0,1.0,1.0,1.0,0.0,0.0,0.0,0.5102246403694153,0.8513440489768982,0.7789621949195862,0.6112068295478821,0.7322183847427368,0.721455991268158,0.23757678270339966,0.5612953901290894,0.0
73,1.0,1.0,1.0,1.0,1.0,1.0,0.0,1.0,0.6620929837226868,0.7956384420394897,0.7961890697479248,0.7962068915367126,0.6799217462539673,0.36631813645362854,0.26194632053375244,0.6286488175392151,2.0
74,0.0,0.0,0.0,0.0,0.0,0.0,0.0,0.0,0.5487616658210754,0.7694911956787109,0.7785935997962952,0.6997759938240051,0.7461029291152954,0.4239780008792877,0.3740650713443756,0.4119035303592682,2.0
75,1.0,1.0,1.0,0.0,1.0,1.0,0.0,0.0,0.6926814317703247,0.7759822607040405,0.7736209034919739,0.7223128080368042,0.6604989171028137,0.3828730583190918,0.3538665175437927,0.6161445379257202,2.0
76,0.0,0.0,0.0,0.0,0.0,0.0,0.0,0.0,0.47297170758247375,0.8173041343688965,0.5969324111938477,0.31292855739593506,0.719671368598938,0.8027687668800354,0.33174899220466614,0.4220697581768036,0.0
77,1.0,0.0,0.0,0.0,0.0,0.0,0.0,0.0,0.6134528517723083,0.7341228127479553,0.7722043991088867,0.6955211758613586,0.5719113349914551,0.4952424168586731,0.5630918741226196,0.5110247731208801,1.0
78,0.0,1.0,1.0,1.0,1.0,1.0,1.0,0.0,0.650840699672699,0.7880752086639404,0.8139784336090088,0.7970817685127258,0.6553521156311035,0.41640886664390564,0.34377148747444153,0.5138316750526428,1.0
79,0.0,0.0,0.0,0.0,0.0,0.0,0.0,0.0,0.6596167683601379,0.7563493847846985,0.7356283068656921,0.6420117616653442,0.5741649270057678,0.5365842580795288,0.5232486128807068,0.48328617215156555,1.0
80,1.0,1.0,1.0,1.0,1.0,1.0,1.0,0.0,0.57523512840271,0.8855772018432617,0.7549786567687988,0.5410223007202148,0.7308288216590881,0.6854374408721924,0.1333909034729004,0.4508941173553467,4.0
81,0.0,0.0,0.0,0.0,0.0,0.0,0.0,0.0,0.6441106796264648,0.7701902985572815,0.7447286248207092,0.659197986125946,0.5586749911308289,0.5127235054969788,0.5396614074707031,0.43254008889198303,1.0
82,0.0,0.0,1.0,0.0,0.0,0.0,0.0,0.0,0.7344614863395691,0.8013695478439331,0.8036892414093018,0.7565197944641113,0.5691256523132324,0.39201778173446655,0.3349813222885132,0.6061871647834778,1.0
83,0.0,0.0,0.0,0.0,0.0,0.0,0.0,0.0,0.5522772669792175,0.6717633605003357,0.6878527998924255,0.5148109793663025,0.6316459774971008,0.336477130651474,0.4363117814064026,0.43681538105010986,2.0
84,1.0,1.0,1.0,0.0,1.0,1.0,0.0,1.0,0.6452200412750244,0.7892274856567383,0.7888938188552856,0.7799227833747864,0.6786407828330994,0.4577430784702301,0.3801887035369873,0.5104078054428101,1.0
85,0.0,0.0,0.0,0.0,0.0,0.0,0.0,0.0,0.4323255121707916,0.7986041307449341,0.5982732772827148,0.3610137104988098,0.7123520970344543,0.789850115776062,0.3518050014972687,0.4206734001636505,4.0
86,1.0,1.0,1.0,1.0,1.0,1.0,1.0,1.0,0.5016657710075378,0.8748688101768494,0.7797080874443054,0.6344730257987976,0.7486332654953003,0.6853930950164795,0.17797832190990448,0.49417227506637573,0.0
87,1.0,1.0,1.0,1.0,1.0,1.0,1.0,0.0,0.4648822247982025,0.8565881252288818,0.7777331471443176,0.6835036873817444,0.753128170967102,0.7042455673217773,0.18786464631557465,0.507853090763092,4.0
88,0.0,0.0,0.0,0.0,0.0,0.0,0.0,0.0,0.4820108711719513,0.8285354971885681,0.5780650973320007,0.32889682054519653,0.6924260258674622,0.7714766263961792,0.34336143732070923,0.3108309209346771,0.0
89,1.0,1.0,1.0,1.0,1.0,1.0,1.0,1.0,0.665445864200592,0.8173540830612183,0.8085808753967285,0.7697939872741699,0.70512455701828,0.3790866434574127,0.241258442401886,0.6030400395393372,2.0
90,1.0,1.0,1.0,0.0,1.0,1.0,1.0,0.0,0.6003038883209229,0.7746806144714355,0.7905124425888062,0.7589057087898254,0.6720390319824219,0.5402004718780518,0.4504255950450897,0.4882131814956665,1.0
91,0.0,1.0,1.0,0.0,1.0,1.0,0.0,0.0,0.45148766040802,0.8760771751403809,0.7834905982017517,0.5717138051986694,0.7911248803138733,0.7124795317649841,0.14456944167613983,0.3630460500717163,4.0
92,0.0,0.0,0.0,0.0,0.0,0.0,0.0,0.0,0.4929983913898468,0.8123860955238342,0.5910820960998535,0.32954078912734985,0.7464683055877686,0.8062590956687927,0.34321328997612,0.3670976161956787,0.0
93,0.0,0.0,0.0,0.0,0.0,0.0,0.0,0.0,0.5520551204681396,0.7089384198188782,0.7668746709823608,0.5600655674934387,0.6855279207229614,0.3471325635910034,0.4076850712299347,0.4128093421459198,2.0
94,1.0,1.0,1.0,1.0,1.0,1.0,1.0,0.0,0.6781761050224304,0.8098978996276855,0.8225258588790894,0.7833949327468872,0.5932660102844238,0.3215561509132385,0.30121293663978577,0.5576909184455872,1.0
95,0.0,0.0,0.0,0.0,0.0,0.0,0.0,0.0,0.35808175802230835,0.7407776713371277,0.5985192656517029,0.3481409251689911,0.7192280292510986,0.7982467412948608,0.33598899841308594,0.36240965127944946,4.0
96,1.0,1.0,1.0,1.0,1.0,1.0,1.0,1.0,0.5361383557319641,0.8365355730056763,0.7649618983268738,0.6066877245903015,0.7715960144996643,0.7510070204734802,0.19289737939834595,0.5660504102706909,0.0
97,0.0,0.0,0.0,0.0,0.0,0.0,0.0,0.0,0.5998197197914124,0.7388832569122314,0.7454361915588379,0.633307933807373,0.5851051211357117,0.5610219240188599,0.5805086493492126,0.36836183071136475,1.0
98,0.0,1.0,1.0,0.0,1.0,1.0,0.0,0.0,0.378075510263443,0.8529189229011536,0.7632364630699158,0.4806792140007019,0.8297017216682434,0.7712575793266296,0.22519584000110626,0.33547669649124146,4.0
99,1.0,1.0,1.0,1.0,1.0,1.0,1.0,1.0,0.48118969798088074,0.8368610143661499,0.7718769311904907,0.6494312286376953,0.7513787746429443,0.759311854839325,0.20920449495315552,0.5510164499282837,4.0
100,1.0,1.0,1.0,1.0,1.0,1.0,1.0,1.0,0.49262121319770813,0.870436429977417,0.7888179421424866,0.6349049210548401,0.7249667644500732,0.6840150356292725,0.19243867695331573,0.5431721210479736,0.0
101,1.0,1.0,1.0,1.0,1.0,1.0,1.0,0.0,0.5114611387252808,0.885226309299469,0.7690224051475525,0.6178327202796936,0.7377524375915527,0.6667995452880859,0.1421479433774948,0.4656182527542114,0.0
102,1.0,1.0,1.0,1.0,1.0,1.0,1.0,1.0,0.6598242521286011,0.7973864078521729,0.8143264651298523,0.7943387031555176,0.6687368154525757,0.35224395990371704,0.2800789773464203,0.599675714969635,2.0
103,0.0,0.0,0.0,0.0,0.0,0.0,0.0,0.0,0.5357378125190735,0.8269587755203247,0.6924688816070557,0.42607447504997253,0.7101288437843323,0.8001556992530823,0.2849676012992859,0.5152865648269653,3.0
104,0.0,0.0,0.0,0.0,0.0,0.0,0.0,0.0,0.6003221869468689,0.711777925491333,0.732546329498291,0.5997647643089294,0.6794171929359436,0.36693254113197327,0.4390698969364166,0.5097513198852539,2.0
105,0.0,0.0,0.0,0.0,0.0,0.0,0.0,0.0,0.37146905064582825,0.8027202486991882,0.6396723389625549,0.3508472740650177,0.7412950396537781,0.7908263206481934,0.34980493783950806,0.37522345781326294,4.0
106,0.0,0.0,0.0,0.0,0.0,0.0,0.0,0.0,0.4678737223148346,0.8170018196105957,0.5992487668991089,0.31388622522354126,0.7252755761146545,0.7956410050392151,0.35252833366394043,0.40602901577949524,0.0
107,0.0,1.0,0.0,0.0,0.0,0.0,0.0,0.0,0.6016323566436768,0.8452592492103577,0.7168055772781372,0.4568431079387665,0.724129319190979,0.7799111604690552,0.22296586632728577,0.535633385181427,0.0
108,1.0,1.0,1.0,1.0,1.0,1.0,1.0,0.0,0.6833394765853882,0.824230968952179,0.8101869225502014,0.789401650428772,0.6851952075958252,0.31876546144485474,0.1896687150001526,0.5568458437919617,2.0
109,0.0,0.0,0.0,0.0,1.0,0.0,0.0,0.0,0.4238247871398926,0.860404372215271,0.7786257863044739,0.4027794897556305,0.7623172998428345,0.799492359161377,0.2267170548439026,0.4039882719516754,0.0
110,0.0,0.0,0.0,0.0,0.0,0.0,0.0,0.0,0.4329706132411957,0.7953900098800659,0.6575430631637573,0.32516366243362427,0.6872573494911194,0.780659556388855,0.323888897895813,0.42591384053230286,0.0
111,1.0,1.0,1.0,1.0,1.0,1.0,0.0,0.0,0.5708817839622498,0.8757431507110596,0.7734259366989136,0.5878556966781616,0.6954597234725952,0.6910725831985474,0.15149329602718353,0.49553319811820984,3.0
112,0.0,0.0,0.0,0.0,0.0,0.0,0.0,0.0,0.6022142767906189,0.8704438209533691,0.755964457988739,0.45215269923210144,0.6798532605171204,0.7405509352684021,0.1832663118839264,0.5194673538208008,3.0
113,0.0,0.0,0.0,0.0,1.0,0.0,0.0,0.0,0.5934383273124695,0.7920255661010742,0.8181462287902832,0.680069088935852,0.7425995469093323,0.3561375141143799,0.34938088059425354,0.5052537322044373,2.0
114,0.0,0.0,0.0,0.0,0.0,0.0,0.0,0.0,0.573203980922699,0.7571346163749695,0.7486216425895691,0.5992497801780701,0.7128163576126099,0.35664504766464233,0.3822145462036133,0.42366039752960205,2.0
115,0.0,0.0,0.0,0.0,0.0,0.0,0.0,0.0,0.5177213549613953,0.8284069895744324,0.5071870684623718,0.3504568934440613,0.6711761355400085,0.7766388058662415,0.360177218914032,0.3059317171573639,3.0
116,0.0,0.0,0.0,0.0,0.0,0.0,0.0,0.0,0.6198123097419739,0.6765114665031433,0.5804374814033508,0.49138176441192627,0.5429933071136475,0.24505740404129028,0.43952620029449463,0.33500534296035767,2.0
117,1.0,1.0,1.0,1.0,1.0,1.0,1.0,1.0,0.6357789039611816,0.7809048295021057,0.8149316310882568,0.7909383177757263,0.6559721827507019,0.3862597346305847,0.2965813875198364,0.6282086372375488,2.0
118,0.0,0.0,0.0,0.0,0.0,0.0,0.0,0.0,0.5006654858589172,0.6969518661499023,0.7528082132339478,0.6347379088401794,0.5639915466308594,0.5546247959136963,0.5948691368103027,0.3558103144168854,1.0
119,1.0,1.0,1.0,1.0,1.0,1.0,1.0,1.0,0.6466256380081177,0.8745859861373901,0.735314667224884,0.5133842825889587,0.6833410859107971,0.7246590852737427,0.17468266189098358,0.5524308085441589,3.0
120,1.0,1.0,1.0,1.0,1.0,0.0,1.0,1.0,0.5609332323074341,0.8745682835578918,0.7813504338264465,0.5425831079483032,0.6947001814842224,0.6894105076789856,0.18705902993679047,0.5462712645530701,0.0
121,1.0,1.0,1.0,0.0,1.0,1.0,0.0,0.0,0.5283276438713074,0.8539349436759949,0.7710647583007812,0.6186631917953491,0.7557286620140076,0.7436439990997314,0.19543355703353882,0.5282875299453735,4.0
122,0.0,0.0,0.0,0.0,0.0,0.0,0.0,0.0,0.5122925043106079,0.8297160863876343,0.6267032027244568,0.3974323868751526,0.698977530002594,0.8018242120742798,0.3572394549846649,0.3753132224082947,3.0
123,0.0,0.0,0.0,0.0,0.0,0.0,0.0,0.0,0.4669536352157593,0.814124584197998,0.5895557403564453,0.32539528608322144,0.6796774864196777,0.7972900867462158,0.3273214101791382,0.4115748405456543,3.0
124,0.0,0.0,0.0,0.0,0.0,0.0,0.0,0.0,0.5901279449462891,0.6887712478637695,0.6765851974487305,0.5382838249206543,0.660567045211792,0.3320140242576599,0.454876571893692,0.4183075726032257,2.0
125,0.0,0.0,0.0,0.0,0.0,0.0,0.0,0.0,0.5072728395462036,0.7021011710166931,0.755829930305481,0.6248223185539246,0.6035670042037964,0.5690121650695801,0.5791285634040833,0.3497582972049713,1.0
126,1.0,1.0,1.0,1.0,1.0,1.0,1.0,1.0,0.7081131935119629,0.8376508355140686,0.8005427122116089,0.744114100933075,0.6627881526947021,0.2990894615650177,0.1957927644252777,0.5648785829544067,2.0
127,0.0,1.0,1.0,0.0,1.0,1.0,0.0,0.0,0.5979655981063843,0.8533706665039062,0.7242885231971741,0.47225940227508545,0.7078955769538879,0.7357407212257385,0.24238398671150208,0.551819920539856,3.0
128,1.0,0.0,0.0,1.0,0.0,0.0,0.0,0.0,0.5356154441833496,0.882744312286377,0.7499539852142334,0.5778889060020447,0.6959791779518127,0.6742575168609619,0.1958390772342682,0.5571177005767822,4.0
129,1.0,1.0,0.0,1.0,1.0,0.0,1.0,0.0,0.5924251079559326,0.8838471174240112,0.7360386848449707,0.49583306908607483,0.6563698053359985,0.7001756429672241,0.2199619561433792,0.48957812786102295,3.0
130,0.0,1.0,0.0,0.0,1.0,0.0,1.0,0.0,0.4819854497909546,0.8735172748565674,0.7616168856620789,0.5649003386497498,0.7121955156326294,0.6951656341552734,0.21727177500724792,0.49303436279296875,4.0
131,0.0,0.0,0.0,0.0,0.0,0.0,0.0,0.0,0.6106394529342651,0.7008247971534729,0.6676681637763977,0.5980880856513977,0.5768014192581177,0.5509396195411682,0.5983293056488037,0.35100826621055603,1.0
132,0.0,0.0,0.0,0.0,0.0,0.0,0.0,0.0,0.5549838542938232,0.759323239326477,0.7668776512145996,0.6184380650520325,0.6638224720954895,0.35276055335998535,0.4157971739768982,0.4699024260044098,2.0
133,0.0,0.0,0.0,0.0,0.0,0.0,0.0,0.0,0.6020711660385132,0.7504875063896179,0.7523052096366882,0.6251004338264465,0.5593690872192383,0.5095769166946411,0.5659916996955872,0.3754276633262634,1.0
134,1.0,1.0,1.0,1.0,1.0,1.0,1.0,0.0,0.56648188829422,0.8376107215881348,0.7307857275009155,0.5630033612251282,0.724293053150177,0.7704647779464722,0.23258964717388153,0.6051449775695801,4.0
135,0.0,0.0,0.0,0.0,0.0,0.0,0.0,0.0,0.582853376865387,0.7090630531311035,0.7026354670524597,0.5907706022262573,0.5843407511711121,0.5539326667785645,0.5949345827102661,0.34607720375061035,1.0
136,1.0,1.0,1.0,1.0,1.0,1.0,1.0,0.0,0.44133856892585754,0.8770585656166077,0.8016035556793213,0.6561443209648132,0.7261880040168762,0.6603958010673523,0.16000516712665558,0.44384104013442993,0.0
137,0.0,0.0,0.0,0.0,0.0,0.0,0.0,0.0,0.48555901646614075,0.66544109582901,0.7247800230979919,0.5566403269767761,0.5532691478729248,0.5800188183784485,0.6007675528526306,0.35020655393600464,1.0
138,0.0,0.0,0.0,0.0,0.0,0.0,0.0,0.0,0.4173753261566162,0.8213719725608826,0.6439937353134155,0.38306137919425964,0.6988082528114319,0.7959427237510681,0.31791651248931885,0.462637722492218,4.0
139,0.0,0.0,0.0,0.0,0.0,0.0,0.0,0.0,0.5519625544548035,0.8612058162689209,0.7565988302230835,0.4040525555610657,0.7267354726791382,0.7483503818511963,0.22984306514263153,0.4883529841899872,0.0
140,1.0,1.0,1.0,1.0,1.0,1.0,1.0,0.0,0.6182739734649658,0.7935841083526611,0.8348880410194397,0.7842969298362732,0.6393652558326721,0.39878422021865845,0.3591572046279907,0.5301503539085388,1.0
141,0.0,0.0,0.0,0.0,0.0,0.0,0.0,0.0,0.6502768397331238,0.7837442755699158,0.7600356340408325,0.7059628963470459,0.6189334988594055,0.5138459205627441,0.4949489235877991,0.4192523956298828,1.0
142,1.0,1.0,1.0,1.0,1.0,1.0,1.0,1.0,0.7067874073982239,0.8367284536361694,0.8011457324028015,0.7541103959083557,0.6657580733299255,0.3275923430919647,0.271616131067276,0.5491046905517578,2.0
143,1.0,1.0,1.0,1.0,1.0,1.0,1.0,1.0,0.5514906048774719,0.8724799156188965,0.7736760973930359,0.601742148399353,0.7281405329704285,0.7249448299407959,0.19879144430160522,0.5473076105117798,3.0
144,1.0,1.0,1.0,1.0,1.0,1.0,0.0,0.0,0.6568067669868469,0.7883518934249878,0.8225679397583008,0.8050897717475891,0.6521100401878357,0.33017414808273315,0.2851114273071289,0.4965766668319702,1.0
145,0.0,0.0,0.0,0.0,0.0,0.0,0.0,0.0,0.6094112992286682,0.6644127368927002,0.6397993564605713,0.5061720609664917,0.6354618668556213,0.3083305060863495,0.4356134831905365,0.4234175682067871,2.0
146,1.0,1.0,0.0,1.0,1.0,0.0,0.0,1.0,0.6515318155288696,0.8713722825050354,0.7214184403419495,0.5267704725265503,0.5745524764060974,0.6140598058700562,0.24213393032550812,0.6180518865585327,3.0
147,1.0,1.0,1.0,1.0,1.0,1.0,1.0,0.0,0.565353274345398,0.8769493699073792,0.7811346650123596,0.5791587233543396,0.7487066984176636,0.7015920877456665,0.1628016084432602,0.46666666865348816,3.0
148,0.0,1.0,0.0,0.0,1.0,0.0,0.0,0.0,0.7107851505279541,0.7859059572219849,0.7698322534561157,0.6577410101890564,0.5511975288391113,0.5150994658470154,0.42742034792900085,0.6610847115516663,1.0
149,1.0,1.0,1.0,1.0,1.0,1.0,1.0,1.0,0.6229365468025208,0.793372631072998,0.8298274874687195,0.812813401222229,0.7057732343673706,0.38800349831581116,0.271407812833786,0.5117995142936707,2.0
150,1.0,1.0,1.0,1.0,1.0,1.0,0.0,0.0,0.5241113901138306,0.8757703900337219,0.7682128548622131,0.6500747203826904,0.7411742806434631,0.6906452775001526,0.14618097245693207,0.49474650621414185,3.0
151,0.0,0.0,0.0,0.0,0.0,0.0,0.0,0.0,0.4569246768951416,0.8056458830833435,0.625078558921814,0.3720155358314514,0.7152961492538452,0.8213956952095032,0.35357677936553955,0.3575592339038849,3.0
152,0.0,0.0,0.0,0.0,0.0,0.0,0.0,0.0,0.5053573250770569,0.8352899551391602,0.6965936422348022,0.4184105694293976,0.6954542994499207,0.784839928150177,0.3476793169975281,0.42946404218673706,3.0
153,0.0,0.0,0.0,0.0,0.0,0.0,0.0,0.0,0.5434833765029907,0.7775859832763672,0.7727493643760681,0.5816946625709534,0.7095183730125427,0.337058424949646,0.370286226272583,0.40507033467292786,2.0
154,1.0,1.0,1.0,1.0,1.0,1.0,1.0,1.0,0.5180203318595886,0.8535217642784119,0.7674973607063293,0.6090738773345947,0.7495895624160767,0.7476041316986084,0.19272373616695404,0.5673272013664246,3.0
155,1.0,1.0,1.0,1.0,1.0,1.0,0.0,0.0,0.6495973467826843,0.7973943948745728,0.8102058172225952,0.7844762206077576,0.6230470538139343,0.37608855962753296,0.30408668518066406,0.5551848411560059,1.0
156,1.0,1.0,1.0,1.0,1.0,1.0,1.0,1.0,0.47547000646591187,0.8400187492370605,0.7734448909759521,0.6662564277648926,0.7534543871879578,0.762320339679718,0.199279323220253,0.5517532229423523,4.0
157,0.0,0.0,0.0,0.0,0.0,0.0,0.0,0.0,0.4685554504394531,0.8049460649490356,0.6580458283424377,0.36860376596450806,0.7200431823730469,0.813201367855072,0.330689936876297,0.39626744389533997,3.0
158,1.0,1.0,1.0,1.0,1.0,1.0,1.0,1.0,0.5420423150062561,0.8655092120170593,0.7519237995147705,0.5600321292877197,0.6815285682678223,0.7322202324867249,0.214206725358963,0.5553706288337708,0.0
159,0.0,0.0,0.0,0.0,0.0,0.0,0.0,0.0,0.36672359704971313,0.7795711159706116,0.630828857421875,0.33545494079589844,0.7043598890304565,0.7897403836250305,0.33493828773498535,0.41674548387527466,4.0
160,0.0,0.0,0.0,0.0,0.0,0.0,0.0,0.0,0.3540157973766327,0.7780817151069641,0.6387946009635925,0.33025336265563965,0.6736475229263306,0.7529706358909607,0.3396565020084381,0.4602196216583252,4.0
161,0.0,0.0,0.0,0.0,0.0,0.0,0.0,0.0,0.41320911049842834,0.7655140161514282,0.6532616019248962,0.3871654272079468,0.7495218515396118,0.8080739378929138,0.33696940541267395,0.41314128041267395,4.0
162,1.0,1.0,1.0,1.0,1.0,1.0,1.0,0.0,0.6326517462730408,0.8824865221977234,0.7840509414672852,0.5576582551002502,0.6657178401947021,0.6272979974746704,0.17269089818000793,0.5578453540802002,3.0
163,1.0,1.0,0.0,0.0,1.0,0.0,0.0,0.0,0.6934023499488831,0.8019480109214783,0.7680626511573792,0.7302598357200623,0.6859024167060852,0.3161972761154175,0.23256202042102814,0.5399622917175293,2.0
164,0.0,0.0,0.0,0.0,1.0,0.0,0.0,0.0,0.6726813912391663,0.7942495346069336,0.7475664615631104,0.7287560105323792,0.6222259402275085,0.4542749226093292,0.41385406255722046,0.4062797427177429,1.0
165,1.0,0.0,1.0,1.0,1.0,0.0,0.0,0.0,0.6802811622619629,0.8086583018302917,0.8089227080345154,0.750869870185852,0.6208745241165161,0.4465368986129761,0.3729378879070282,0.5917485952377319,1.0
166,0.0,0.0,0.0,0.0,0.0,0.0,0.0,0.0,0.44406789541244507,0.7845033407211304,0.5571162700653076,0.3603237569332123,0.707737922668457,0.7760088443756104,0.3404402434825897,0.3483847975730896,4.0
167,1.0,1.0,1.0,1.0,1.0,1.0,0.0,1.0,0.6031439900398254,0.7577171921730042,0.8067088723182678,0.8328810334205627,0.7403627634048462,0.3961581587791443,0.23803849518299103,0.5753968358039856,2.0
168,0.0,0.0,0.0,0.0,0.0,0.0,0.0,0.0,0.5121241211891174,0.8338824510574341,0.688319981098175,0.3713721036911011,0.7329148650169373,0.788133978843689,0.31648531556129456,0.45657840371131897,0.0
169,0.0,1.0,0.0,0.0,1.0,0.0,0.0,0.0,0.7576611638069153,0.8027029633522034,0.73819500207901,0.6627805829048157,0.5610991716384888,0.5221912264823914,0.36073037981987,0.5734445452690125,1.0
170,1.0,1.0,1.0,1.0,1.0,1.0,0.0,0.0,0.45382577180862427,0.8923598527908325,0.7802063822746277,0.6690013408660889,0.7296866774559021,0.6992957592010498,0.1437099575996399,0.42320388555526733,4.0
171,1.0,1.0,1.0,1.0,1.0,1.0,1.0,1.0,0.5123698115348816,0.8644528388977051,0.7822744846343994,0.6748437881469727,0.7604653239250183,0.7185609936714172,0.17472225427627563,0.4941446781158447,3.0
172,0.0,0.0,0.0,0.0,0.0,0.0,0.0,0.0,0.4776861369609833,0.6983108520507812,0.7667621374130249,0.6226896047592163,0.6004635691642761,0.5558609962463379,0.5810871124267578,0.34942376613616943,1.0
173,0.0,0.0,0.0,0.0,0.0,0.0,0.0,0.0,0.5661467909812927,0.7047609090805054,0.6890928149223328,0.6030182242393494,0.6055153608322144,0.5732350945472717,0.5855396389961243,0.33257898688316345,1.0
174,0.0,0.0,0.0,0.0,0.0,0.0,0.0,0.0,0.4707365930080414,0.8176331520080566,0.6862762570381165,0.350177139043808,0.7540884613990784,0.8011545538902283,0.28287485241889954,0.45473286509513855,0.0
175,1.0,1.0,1.0,1.0,1.0,1.0,1.0,1.0,0.628602147102356,0.8024150133132935,0.8128700256347656,0.78751540184021,0.6330551505088806,0.4026469588279724,0.2960625886917114,0.5547488331794739,2.0
176,1.0,1.0,1.0,1.0,1.0,1.0,1.0,0.0,0.5864742994308472,0.8213618397712708,0.8198164701461792,0.7418997287750244,0.7615834474563599,0.42826491594314575,0.2701653838157654,0.4728354215621948,2.0
177,0.0,0.0,0.0,0.0,0.0,0.0,0.0,0.0,0.5911496877670288,0.7385155558586121,0.7471014857292175,0.6223947405815125,0.5976201295852661,0.5704082250595093,0.5586656332015991,0.38456422090530396,1.0
178,1.0,1.0,1.0,1.0,1.0,1.0,0.0,1.0,0.6467534899711609,0.7893036007881165,0.7996495962142944,0.7644357681274414,0.6280686259269714,0.4548934996128082,0.3971236050128937,0.570138156414032,1.0
179,1.0,1.0,1.0,0.0,1.0,1.0,1.0,0.0,0.6416152119636536,0.8332202434539795,0.8037548065185547,0.6451864838600159,0.7520796060562134,0.3566676676273346,0.15547870099544525,0.4380147159099579,2.0
180,1.0,1.0,1.0,1.0,1.0,1.0,0.0,1.0,0.5526566505432129,0.878775954246521,0.7956231236457825,0.6305403113365173,0.697087287902832,0.658741295337677,0.15553909540176392,0.5260255336761475,3.0
181,1.0,0.0,1.0,0.0,1.0,1.0,1.0,0.0,0.6572375297546387,0.7615808248519897,0.7795606851577759,0.7049742937088013,0.6186280846595764,0.5870498418807983,0.4555177390575409,0.5901225805282593,1.0
182,1.0,1.0,1.0,1.0,1.0,1.0,1.0,0.0,0.5738565921783447,0.8285064697265625,0.8123533725738525,0.8189834952354431,0.7501214146614075,0.3468339145183563,0.16086554527282715,0.4947178363800049,2.0
183,0.0,1.0,1.0,0.0,1.0,0.0,0.0,0.0,0.6279982924461365,0.8678486943244934,0.7142782211303711,0.4760165214538574,0.6689159274101257,0.7288692593574524,0.18555280566215515,0.5243507623672485,3.0
184,1.0,1.0,1.0,1.0,1.0,1.0,0.0,0.0,0.5083661079406738,0.8838741183280945,0.7760317325592041,0.5934709906578064,0.7476539015769958,0.6982302665710449,0.17063213884830475,0.4304700493812561,0.0
185,0.0,0.0,0.0,0.0,0.0,0.0,0.0,0.0,0.6475819945335388,0.8020833730697632,0.7790182828903198,0.622312605381012,0.6726557612419128,0.33290907740592957,0.3652384877204895,0.5353845953941345,2.0
186,0.0,0.0,0.0,0.0,0.0,0.0,0.0,0.0,0.4706500172615051,0.8095235228538513,0.5385229587554932,0.3030194640159607,0.6777194142341614,0.8116434216499329,0.36186483502388,0.36851128935813904,3.0
187,0.0,0.0,0.0,0.0,0.0,0.0,0.0,0.0,0.4207015633583069,0.7977770566940308,0.5377423167228699,0.33013293147087097,0.6966612935066223,0.7755486965179443,0.3694051206111908,0.3385351300239563,4.0
188,1.0,0.0,1.0,1.0,1.0,1.0,0.0,1.0,0.7370122671127319,0.832047164440155,0.7759070992469788,0.7577296495437622,0.6287565231323242,0.2508549392223358,0.1142854392528534,0.581436276435852,2.0
189,0.0,0.0,0.0,0.0,0.0,0.0,0.0,0.0,0.3756507933139801,0.8124428391456604,0.7466925382614136,0.5289714336395264,0.8260245323181152,0.7959688901901245,0.284482479095459,0.41408059000968933,4.0
190,0.0,0.0,0.0,0.0,0.0,0.0,0.0,0.0,0.4986521601676941,0.8335461020469666,0.6773026585578918,0.363754004240036,0.6874820590019226,0.7995114326477051,0.35081204771995544,0.5037486553192139,3.0
191,0.0,0.0,0.0,0.0,1.0,0.0,0.0,0.0,0.38085809350013733,0.8669881224632263,0.7801777124404907,0.7075244188308716,0.7526140809059143,0.7079504132270813,0.1656329482793808,0.3382357358932495,4.0
192,0.0,0.0,0.0,0.0,0.0,0.0,0.0,0.0,0.45472103357315063,0.8159083127975464,0.6258684396743774,0.3237960934638977,0.7515852451324463,0.8011882901191711,0.3461543917655945,0.42178142070770264,0.0
193,1.0,1.0,1.0,1.0,1.0,1.0,0.0,1.0,0.7070715427398682,0.8171245455741882,0.7529603838920593,0.758534848690033,0.6929038166999817,0.38091805577278137,0.2587265372276306,0.4553651213645935,1.0
194,0.0,0.0,0.0,0.0,0.0,0.0,0.0,0.0,0.4576736092567444,0.8148167133331299,0.6383240222930908,0.4320613145828247,0.7632551789283752,0.8093805909156799,0.3263254761695862,0.3716328740119934,3.0
195,0.0,0.0,0.0,0.0,0.0,0.0,0.0,0.0,0.6362602114677429,0.7131632566452026,0.6874092221260071,0.5675476789474487,0.6473177075386047,0.33532965183258057,0.43881940841674805,0.4348406195640564,2.0
196,1.0,1.0,1.0,1.0,1.0,1.0,0.0,1.0,0.7157512903213501,0.8076798319816589,0.7785021066665649,0.7579911351203918,0.6252340078353882,0.37558916211128235,0.35631659626960754,0.5358911752700806,1.0
197,1.0,1.0,1.0,1.0,1.0,1.0,0.0,0.0,0.5577353239059448,0.8808202743530273,0.7611396908760071,0.6219739317893982,0.7098537087440491,0.6927964687347412,0.1479407399892807,0.4924888014793396,3.0
198,0.0,1.0,1.0,0.0,1.0,1.0,1.0,0.0,0.38610100746154785,0.8458905816078186,0.7835783362388611,0.513725757598877,0.8330199122428894,0.7889456748962402,0.14495684206485748,0.30035296082496643,0.0
199,0.0,0.0,0.0,0.0,0.0,0.0,0.0,0.0,0.4743707776069641,0.8106187582015991,0.6064031720161438,0.3397591710090637,0.7229465842247009,0.7980534434318542,0.33699777722358704,0.3137299120426178,0.0
200,0.0,1.0,1.0,0.0,1.0,0.0,0.0,0.0,0.5424328446388245,0.8534900546073914,0.7546707987785339,0.5868955850601196,0.7251632809638977,0.7491191029548645,0.18582935631275177,0.5493572354316711,4.0
201,0.0,0.0,0.0,0.0,0.0,0.0,0.0,0.0,0.45884791016578674,0.7970014810562134,0.5352264046669006,0.34934234619140625,0.6969339847564697,0.7707375288009644,0.3531090319156647,0.32976511120796204,4.0
202,0.0,1.0,1.0,0.0,1.0,0.0,0.0,0.0,0.5377444624900818,0.8471155762672424,0.7064329385757446,0.40237122774124146,0.6940016746520996,0.777519941329956,0.28899356722831726,0.4846416413784027,3.0
203,0.0,0.0,0.0,0.0,0.0,0.0,0.0,0.0,0.6662898659706116,0.739726185798645,0.728531002998352,0.5777601599693298,0.6698333024978638,0.360031396150589,0.4695371389389038,0.5172403454780579,2.0
204,0.0,0.0,0.0,0.0,0.0,0.0,0.0,0.0,0.5748167037963867,0.7100344300270081,0.7186295390129089,0.6089526414871216,0.5866398215293884,0.5761793851852417,0.5989769697189331,0.3360159993171692,1.0
205,0.0,0.0,0.0,0.0,0.0,0.0,0.0,0.0,0.36692047119140625,0.7823783755302429,0.6408321261405945,0.3342720568180084,0.72724449634552,0.8036223649978638,0.3353954553604126,0.4198283851146698,4.0
206,1.0,1.0,0.0,0.0,0.0,0.0,0.0,0.0,0.5997138619422913,0.8764030933380127,0.7540935277938843,0.4417767822742462,0.6939985156059265,0.6813458800315857,0.184310182929039,0.507729709148407,4.0
207,1.0,1.0,1.0,1.0,1.0,1.0,1.0,1.0,0.550031304359436,0.8634809851646423,0.775786280632019,0.6354746222496033,0.7398666143417358,0.7264479398727417,0.177228644490242,0.5555553436279297,3.0
208,1.0,1.0,1.0,1.0,1.0,1.0,0.0,0.0,0.5077728629112244,0.8714558482170105,0.782235860824585,0.6372942328453064,0.7225049734115601,0.6679822206497192,0.15742561221122742,0.48463162779808044,0.0
209,0.0,0.0,0.0,0.0,0.0,0.0,0.0,0.0,0.47574910521507263,0.821049153804779,0.682944118976593,0.43478310108184814,0.7433886528015137,0.801239550113678,0.3071936368942261,0.4009517431259155,0.0
210,0.0,0.0,0.0,0.0,0.0,0.0,0.0,0.0,0.5083576440811157,0.8377025127410889,0.7049072980880737,0.3761798143386841,0.7338960766792297,0.7962670922279358,0.3007541298866272,0.4291408360004425,0.0
211,0.0,1.0,1.0,1.0,1.0,1.0,0.0,0.0,0.6119039058685303,0.7879170179367065,0.8227701187133789,0.8121697902679443,0.6732215285301208,0.3322697877883911,0.3191312253475189,0.44774681329727173,1.0
212,1.0,1.0,1.0,1.0,1.0,1.0,1.0,1.0,0.6563127040863037,0.798115611076355,0.8107019066810608,0.7708677649497986,0.6661400198936462,0.4466550946235657,0.3679184317588806,0.5671699643135071,1.0
213,0.0,0.0,0.0,0.0,0.0,0.0,0.0,0.0,0.483890563249588,0.84152752161026,0.6801926493644714,0.3599037528038025,0.7261256575584412,0.782630205154419,0.3330526351928711,0.46926215291023254,0.0
214,1.0,1.0,1.0,1.0,1.0,1.0,1.0,0.0,0.4838271141052246,0.8495868444442749,0.8007003664970398,0.6826879382133484,0.7575157880783081,0.7170146107673645,0.17755289375782013,0.48880359530448914,4.0
215,1.0,1.0,1.0,1.0,1.0,1.0,0.0,0.0,0.6016495823860168,0.7815901041030884,0.8286422491073608,0.7827566862106323,0.6749962568283081,0.458858460187912,0.3783857524394989,0.47140932083129883,1.0
216,1.0,0.0,0.0,1.0,0.0,0.0,0.0,0.0,0.5186991691589355,0.8554056882858276,0.757691502571106,0.5673871040344238,0.7032837271690369,0.7243452072143555,0.2414962202310562,0.5896467566490173,4.0
217,0.0,0.0,0.0,0.0,0.0,0.0,0.0,0.0,0.4637058675289154,0.7939723134040833,0.6811231374740601,0.3696885108947754,0.7088647484779358,0.7936539053916931,0.2787119150161743,0.5060099959373474,4.0
218,0.0,0.0,0.0,0.0,0.0,0.0,0.0,0.0,0.4511669874191284,0.7949661612510681,0.6225999593734741,0.3392668068408966,0.6754647493362427,0.79449462890625,0.3144140839576721,0.4506809711456299,0.0
219,0.0,0.0,0.0,0.0,1.0,0.0,0.0,0.0,0.5073835849761963,0.8703195452690125,0.7657106518745422,0.4907059371471405,0.7811911106109619,0.7664473652839661,0.1289839744567871,0.4363659918308258,3.0
220,0.0,1.0,1.0,0.0,1.0,0.0,0.0,0.0,0.7219120860099792,0.845483660697937,0.7948375940322876,0.6116864681243896,0.6456834077835083,0.24892638623714447,0.22928832471370697,0.48621758818626404,2.0
221,0.0,0.0,0.0,0.0,0.0,0.0,0.0,0.0,0.8185319304466248,0.7679622173309326,0.7264837026596069,0.6122607588768005,0.4511276185512543,0.39253464341163635,0.28807124495506287,0.6658921241760254,1.0
222,0.0,1.0,1.0,1.0,1.0,1.0,1.0,0.0,0.6134317517280579,0.825063943862915,0.8263366222381592,0.8113458156585693,0.7313088774681091,0.31684303283691406,0.19488230347633362,0.4418710768222809,2.0
223,1.0,1.0,1.0,1.0,1.0,1.0,0.0,0.0,0.6605443358421326,0.8316131830215454,0.8164748549461365,0.7674989104270935,0.6597974300384521,0.31615957617759705,0.25070470571517944,0.5087618231773376,2.0
224,1.0,1.0,1.0,1.0,1.0,1.0,0.0,1.0,0.5556996464729309,0.8551284074783325,0.7687600255012512,0.6225113272666931,0.7620601058006287,0.7420946359634399,0.1862540990114212,0.5639217495918274,3.0
225,1.0,1.0,1.0,1.0,1.0,1.0,1.0,1.0,0.5864923000335693,0.8611983060836792,0.7774933576583862,0.6187788248062134,0.7303207516670227,0.728023111820221,0.18700608611106873,0.5783390402793884,3.0
226,1.0,1.0,1.0,1.0,1.0,1.0,1.0,1.0,0.5901535749435425,0.8634948134422302,0.7772530317306519,0.6145221590995789,0.7218971252441406,0.7222865223884583,0.17966631054878235,0.5744944214820862,3.0
227,0.0,0.0,0.0,0.0,0.0,0.0,0.0,0.0,0.5838980674743652,0.7686442732810974,0.7785748243331909,0.6677772402763367,0.5924408435821533,0.5269458889961243,0.5539347529411316,0.39328551292419434,1.0
228,1.0,1.0,1.0,1.0,1.0,1.0,0.0,1.0,0.6838254332542419,0.8120778203010559,0.8033707737922668,0.7585616111755371,0.6531699299812317,0.4494956433773041,0.36403214931488037,0.5630955100059509,1.0
229,1.0,1.0,1.0,1.0,1.0,1.0,1.0,1.0,0.5620279312133789,0.8794673681259155,0.7685959935188293,0.616572916507721,0.7258658409118652,0.7047520875930786,0.16012541949748993,0.5392302870750427,3.0
230,0.0,0.0,0.0,0.0,0.0,0.0,0.0,0.0,0.4522482454776764,0.7743275165557861,0.5901915431022644,0.3597787916660309,0.716778039932251,0.7880079746246338,0.35308966040611267,0.3722643554210663,4.0
231,1.0,0.0,0.0,0.0,0.0,0.0,0.0,0.0,0.7343809008598328,0.8004757761955261,0.7531841993331909,0.6646102070808411,0.5334103107452393,0.5537985563278198,0.39353716373443604,0.588860273361206,1.0
232,1.0,1.0,1.0,1.0,1.0,1.0,1.0,0.0,0.518822968006134,0.8730155229568481,0.7696008682250977,0.6411023736000061,0.7266559600830078,0.7143876552581787,0.18536585569381714,0.5306644439697266,3.0
233,1.0,1.0,1.0,1.0,1.0,1.0,0.0,1.0,0.6485216617584229,0.8710317611694336,0.7548717856407166,0.5178969502449036,0.6839781999588013,0.6737912893295288,0.11378370225429535,0.5579005479812622,3.0
234,1.0,0.0,1.0,1.0,1.0,0.0,0.0,0.0,0.6682825088500977,0.8068333864212036,0.8287872076034546,0.7786495685577393,0.6702579855918884,0.31583720445632935,0.274274080991745,0.5499048829078674,2.0
235,1.0,1.0,1.0,1.0,1.0,1.0,1.0,1.0,0.5645636916160583,0.7590065002441406,0.8290119171142578,0.7921913266181946,0.6640364527702332,0.4471759796142578,0.3689174950122833,0.5269418954849243,1.0
236,1.0,1.0,1.0,1.0,1.0,1.0,1.0,0.0,0.6114649176597595,0.7624873518943787,0.8121253252029419,0.8248523473739624,0.7451891899108887,0.40666037797927856,0.2497260570526123,0.5356679558753967,2.0
237,0.0,0.0,0.0,0.0,0.0,0.0,0.0,0.0,0.5062928199768066,0.8221475481987,0.6648089289665222,0.3890979588031769,0.7089117765426636,0.8295232057571411,0.354576975107193,0.5058033466339111,0.0
238,0.0,0.0,0.0,0.0,0.0,0.0,0.0,0.0,0.6277329325675964,0.7461284399032593,0.7408798336982727,0.664200484752655,0.6774781942367554,0.4106971025466919,0.4068644642829895,0.49741196632385254,2.0
239,1.0,1.0,1.0,1.0,1.0,1.0,1.0,1.0,0.6313962340354919,0.7999327778816223,0.8175258040428162,0.7760088443756104,0.6679338216781616,0.434892475605011,0.33427488803863525,0.5542865991592407,1.0
240,1.0,1.0,1.0,1.0,1.0,1.0,1.0,1.0,0.47407063841819763,0.8328854441642761,0.7819146513938904,0.6698595881462097,0.7534511685371399,0.743564248085022,0.197693333029747,0.5606920719146729,4.0
241,0.0,0.0,0.0,0.0,0.0,0.0,0.0,0.0,0.35481488704681396,0.7584163546562195,0.580060601234436,0.30997079610824585,0.6788820028305054,0.7989659309387207,0.355055570602417,0.3129342198371887,4.0
242,0.0,1.0,1.0,0.0,1.0,1.0,0.0,0.0,0.3578440845012665,0.8413094878196716,0.7326542735099792,0.53724604845047,0.7940874695777893,0.7950538992881775,0.25200578570365906,0.33323097229003906,4.0
243,1.0,1.0,1.0,1.0,1.0,1.0,1.0,1.0,0.4514440596103668,0.8312442898750305,0.7997531890869141,0.6842143535614014,0.7850303053855896,0.7460252642631531,0.20740249752998352,0.49869608879089355,4.0
244,0.0,0.0,0.0,0.0,0.0,0.0,0.0,0.0,0.445217102766037,0.7907534241676331,0.7058361768722534,0.37881529331207275,0.7431621551513672,0.7848994135856628,0.2952778935432434,0.45204928517341614,0.0
245,1.0,1.0,1.0,1.0,1.0,1.0,1.0,0.0,0.6894821524620056,0.8148874640464783,0.8041061758995056,0.7783565521240234,0.6661834120750427,0.3330215513706207,0.2347167581319809,0.49865904450416565,2.0
246,1.0,1.0,1.0,1.0,1.0,0.0,1.0,0.0,0.6446823477745056,0.8612878918647766,0.7414249777793884,0.5233212113380432,0.6687102913856506,0.7365217208862305,0.19010819494724274,0.59444260597229,3.0
247,1.0,1.0,1.0,1.0,1.0,1.0,0.0,1.0,0.4942527413368225,0.8704738616943359,0.7841999530792236,0.6641386151313782,0.7575440406799316,0.6922116279602051,0.1401207447052002,0.500824511051178,0.0
248,1.0,1.0,1.0,1.0,1.0,1.0,1.0,1.0,0.5883151888847351,0.8062466979026794,0.8312954306602478,0.7983001470565796,0.7066693305969238,0.41687247157096863,0.305234432220459,0.5144904851913452,2.0
249,1.0,1.0,1.0,1.0,1.0,1.0,1.0,1.0,0.6573243737220764,0.7970128655433655,0.7845297455787659,0.7375789880752563,0.5635128021240234,0.5247663855552673,0.4127672612667084,0.6089435815811157,1.0
250,1.0,1.0,1.0,0.0,1.0,1.0,0.0,0.0,0.6411871314048767,0.7893659472465515,0.8028774261474609,0.7660818696022034,0.6565783619880676,0.4931800663471222,0.3849181830883026,0.5264379978179932,1.0
251,0.0,0.0,0.0,0.0,0.0,0.0,0.0,0.0,0.37495121359825134,0.7591858506202698,0.5825297832489014,0.3069014251232147,0.745485246181488,0.8153629302978516,0.35132962465286255,0.38499245047569275,4.0
252,0.0,0.0,0.0,0.0,0.0,0.0,0.0,0.0,0.4421413540840149,0.8295363783836365,0.6922283172607422,0.3892704248428345,0.7458068132400513,0.7741408944129944,0.3005046248435974,0.40256235003471375,4.0
253,0.0,0.0,0.0,0.0,0.0,0.0,0.0,0.0,0.4280407726764679,0.8081836700439453,0.6908182501792908,0.327847957611084,0.6311710476875305,0.7709980607032776,0.3145767152309418,0.3269388675689697,3.0
254,0.0,0.0,0.0,0.0,0.0,0.0,0.0,0.0,0.5383175015449524,0.6822856664657593,0.7164328694343567,0.5939229130744934,0.5760571956634521,0.5617572069168091,0.6006354093551636,0.3235374689102173,1.0
255,0.0,0.0,0.0,0.0,0.0,0.0,0.0,0.0,0.47229763865470886,0.8638408184051514,0.7300247550010681,0.44225841760635376,0.7746828198432922,0.7614279389381409,0.21500401198863983,0.4315226078033447,3.0
256,0.0,1.0,1.0,1.0,1.0,1.0,0.0,0.0,0.5257634520530701,0.879904568195343,0.7912936210632324,0.6430684328079224,0.7000764012336731,0.6466740965843201,0.13860635459423065,0.4769755005836487,0.0
257,1.0,1.0,1.0,1.0,1.0,1.0,1.0,0.0,0.6518417596817017,0.8387089371681213,0.8126330971717834,0.7823301553726196,0.6887022256851196,0.31927889585494995,0.21736226975917816,0.5145717263221741,2.0
258,1.0,1.0,1.0,1.0,1.0,1.0,1.0,1.0,0.5042892694473267,0.8688885569572449,0.7798290848731995,0.654880940914154,0.7856341004371643,0.730722963809967,0.16444864869117737,0.44550397992134094,3.0
259,1.0,1.0,1.0,1.0,1.0,1.0,1.0,0.0,0.6504418253898621,0.8023996949195862,0.8350603580474854,0.7717881202697754,0.6454140543937683,0.43620964884757996,0.33693885803222656,0.5231315493583679,1.0
260,0.0,0.0,0.0,0.0,0.0,0.0,0.0,0.0,0.4931509494781494,0.8256515264511108,0.6356993913650513,0.3303016424179077,0.7293362617492676,0.8011667132377625,0.34271278977394104,0.3349142372608185,0.0
261,0.0,0.0,0.0,0.0,0.0,0.0,0.0,0.0,0.467282772064209,0.8237359523773193,0.5863468647003174,0.3185896575450897,0.7168710231781006,0.8002305626869202,0.3465670049190521,0.3256130516529083,0.0
262,1.0,1.0,1.0,1.0,1.0,1.0,1.0,1.0,0.5969329476356506,0.8703727126121521,0.7626118063926697,0.6100803017616272,0.6873969435691833,0.6854169368743896,0.1911037415266037,0.5944231152534485,3.0
263,0.0,0.0,0.0,0.0,0.0,0.0,0.0,0.0,0.5314635634422302,0.711888313293457,0.7448018789291382,0.5715503692626953,0.6781368255615234,0.3514334559440613,0.40952250361442566,0.4610315263271332,2.0
264,0.0,0.0,0.0,0.0,0.0,0.0,0.0,0.0,0.547871470451355,0.7723812460899353,0.8040393590927124,0.636059582233429,0.7073532938957214,0.3364451825618744,0.38502052426338196,0.4336301386356354,2.0
265,0.0,0.0,0.0,0.0,0.0,0.0,0.0,0.0,0.6136538982391357,0.775967538356781,0.7629651427268982,0.6843676567077637,0.6170713305473328,0.5160342454910278,0.531305193901062,0.41460129618644714,1.0
266,1.0,1.0,1.0,1.0,1.0,1.0,1.0,1.0,0.631060779094696,0.7620541453361511,0.8111141920089722,0.7587412595748901,0.6559246182441711,0.5251790285110474,0.43371161818504333,0.5744644403457642,1.0
267,0.0,0.0,0.0,0.0,0.0,1.0,1.0,0.0,0.5127679705619812,0.8263310790061951,0.6980174779891968,0.41020119190216064,0.7205367684364319,0.8119017481803894,0.28570398688316345,0.4854772388935089,3.0
268,0.0,0.0,0.0,0.0,1.0,0.0,0.0,0.0,0.5575554370880127,0.7998203039169312,0.8039342164993286,0.6612024307250977,0.7599698305130005,0.3895707428455353,0.35630273818969727,0.5128728151321411,2.0
269,0.0,0.0,0.0,0.0,0.0,0.0,0.0,0.0,0.4544645845890045,0.7978530526161194,0.5807929635047913,0.36366966366767883,0.6994141340255737,0.7817723155021667,0.3590605556964874,0.3766668140888214,4.0
270,1.0,1.0,1.0,1.0,1.0,1.0,1.0,1.0,0.512865424156189,0.8421144485473633,0.7765270471572876,0.6066158413887024,0.7240203022956848,0.7561856508255005,0.1811007261276245,0.573145866394043,4.0
271,1.0,1.0,0.0,0.0,0.0,0.0,1.0,0.0,0.7618066668510437,0.8064867258071899,0.7373172044754028,0.6364366412162781,0.5922126173973083,0.29387569427490234,0.2918655574321747,0.5640405416488647,2.0
272,1.0,1.0,1.0,1.0,1.0,1.0,1.0,0.0,0.578921914100647,0.7993788123130798,0.8329988121986389,0.8189926743507385,0.7507882118225098,0.35411807894706726,0.1979539841413498,0.4074352979660034,2.0
273,0.0,0.0,0.0,0.0,0.0,0.0,0.0,0.0,0.4649306535720825,0.783279538154602,0.6079605221748352,0.29589080810546875,0.7160210609436035,0.7952161431312561,0.33460602164268494,0.5091335773468018,4.0
274,1.0,1.0,1.0,1.0,1.0,1.0,1.0,0.0,0.6684276461601257,0.7964723110198975,0.8147730231285095,0.7732621431350708,0.5760197043418884,0.3917248249053955,0.330288290977478,0.6472394466400146,1.0
275,0.0,0.0,0.0,0.0,0.0,0.0,0.0,0.0,0.4569036364555359,0.8300284743309021,0.6595749855041504,0.36679843068122864,0.7270685434341431,0.8126273155212402,0.3158979117870331,0.44463592767715454,0.0
276,1.0,1.0,1.0,1.0,1.0,1.0,1.0,0.0,0.5116793513298035,0.8763050436973572,0.7877441048622131,0.641687273979187,0.7446088790893555,0.6703808307647705,0.16762268543243408,0.5114009380340576,4.0
277,0.0,0.0,0.0,0.0,0.0,0.0,0.0,0.0,0.5248386859893799,0.8430208563804626,0.6398286819458008,0.3341796398162842,0.7063708305358887,0.7722349762916565,0.3395652174949646,0.39393308758735657,0.0
278,0.0,0.0,0.0,0.0,0.0,0.0,0.0,0.0,0.5970573425292969,0.6911775469779968,0.6982733607292175,0.5183827877044678,0.6791598200798035,0.31947919726371765,0.4675191342830658,0.4197283089160919,2.0
279,0.0,0.0,0.0,0.0,0.0,0.0,0.0,0.0,0.4142865240573883,0.8100232481956482,0.5993770360946655,0.3238619565963745,0.6848078966140747,0.8198199272155762,0.34402015805244446,0.3205389380455017,3.0
280,0.0,0.0,0.0,0.0,0.0,0.0,0.0,0.0,0.5926281213760376,0.7216858863830566,0.7140346765518188,0.6099736094474792,0.5700368881225586,0.5586718916893005,0.6003038883209229,0.32963186502456665,1.0
281,1.0,1.0,1.0,1.0,1.0,1.0,0.0,0.0,0.6478585600852966,0.799321711063385,0.8014588952064514,0.7689486145973206,0.6657477617263794,0.48741415143013,0.3576030433177948,0.5309257507324219,1.0
282,0.0,0.0,0.0,0.0,0.0,0.0,0.0,0.0,0.43230050802230835,0.7930859923362732,0.5988354682922363,0.3373918831348419,0.6899457573890686,0.8361184000968933,0.36468639969825745,0.3130132853984833,3.0
283,0.0,0.0,0.0,0.0,0.0,0.0,0.0,0.0,0.43728774785995483,0.7977975010871887,0.6492950916290283,0.3174442648887634,0.6982796788215637,0.8081455826759338,0.3432897627353668,0.44916945695877075,3.0
284,0.0,1.0,1.0,0.0,1.0,1.0,0.0,0.0,0.530640184879303,0.8105317950248718,0.8042003512382507,0.6956495046615601,0.8064178824424744,0.3519355058670044,0.22484883666038513,0.44076648354530334,2.0
285,0.0,1.0,1.0,0.0,1.0,0.0,0.0,0.0,0.7017481923103333,0.834550678730011,0.7843912839889526,0.6120890974998474,0.646949052810669,0.2871454954147339,0.261916846036911,0.49984365701675415,2.0
286,0.0,0.0,0.0,0.0,0.0,0.0,0.0,0.0,0.4702761769294739,0.8147205710411072,0.6404505968093872,0.3340400755405426,0.7186029553413391,0.7849572896957397,0.31069087982177734,0.44471776485443115,0.0
287,0.0,0.0,0.0,0.0,0.0,0.0,0.0,0.0,0.5235700607299805,0.838114857673645,0.6912639141082764,0.4450485408306122,0.7260860800743103,0.7843851447105408,0.277347207069397,0.4790145456790924,3.0
288,0.0,0.0,0.0,0.0,1.0,0.0,0.0,0.0,0.538131058216095,0.8490701913833618,0.7468674182891846,0.5500767827033997,0.7335619926452637,0.7457658052444458,0.18718014657497406,0.5545439124107361,4.0
289,1.0,1.0,1.0,0.0,1.0,0.0,0.0,0.0,0.5715088248252869,0.887391984462738,0.7503811120986938,0.47488388419151306,0.6986607909202576,0.6977712512016296,0.20128780603408813,0.4686061143875122,0.0
290,0.0,0.0,0.0,0.0,0.0,0.0,0.0,0.0,0.5930982232093811,0.8630086183547974,0.7577048540115356,0.5193795561790466,0.7001876831054688,0.7455214262008667,0.1849677413702011,0.49454331398010254,0.0
291,1.0,0.0,0.0,0.0,0.0,0.0,0.0,0.0,0.7012200951576233,0.8292971253395081,0.7556894421577454,0.7374739050865173,0.5847691893577576,0.4579598009586334,0.2550761103630066,0.4886796772480011,1.0
292,0.0,0.0,0.0,0.0,0.0,0.0,0.0,0.0,0.5931764841079712,0.7045221924781799,0.6987339854240417,0.5996910333633423,0.5699647665023804,0.565717339515686,0.5862029194831848,0.38001614809036255,1.0
293,0.0,0.0,0.0,0.0,0.0,0.0,0.0,0.0,0.48505717515945435,0.8248315453529358,0.5726677775382996,0.34947723150253296,0.7083510756492615,0.7983920574188232,0.364488810300827,0.34203335642814636,3.0
294,0.0,0.0,0.0,0.0,0.0,0.0,0.0,0.0,0.4208343029022217,0.8077732920646667,0.682316243648529,0.3459721505641937,0.7413601279258728,0.8106017708778381,0.30955761671066284,0.433883935213089,0.0
295,0.0,0.0,0.0,0.0,0.0,0.0,0.0,0.0,0.3780037462711334,0.7511858940124512,0.6172766089439392,0.32461583614349365,0.7436383962631226,0.810916543006897,0.34610065817832947,0.43643999099731445,4.0
296,1.0,0.0,1.0,1.0,1.0,0.0,0.0,0.0,0.5467289090156555,0.7985571622848511,0.5679584741592407,0.2823442220687866,0.6606761813163757,0.8177069425582886,0.3599379062652588,0.4727292060852051,0.0
297,1.0,1.0,1.0,1.0,1.0,1.0,0.0,0.0,0.6038269400596619,0.8747685551643372,0.7645471096038818,0.613532543182373,0.7156517505645752,0.6487442851066589,0.19595742225646973,0.49639424681663513,3.0
298,0.0,0.0,0.0,0.0,0.0,0.0,0.0,0.0,0.5210235118865967,0.8345597386360168,0.7057283520698547,0.3699285686016083,0.7193292379379272,0.8053171634674072,0.3256400227546692,0.44237834215164185,0.0
299,1.0,1.0,1.0,1.0,1.0,1.0,1.0,1.0,0.46711400151252747,0.8722060918807983,0.7924607396125793,0.6560178399085999,0.7542403340339661,0.7022430300712585,0.1543724536895752,0.4716363847255707,0.0
300,1.0,1.0,1.0,1.0,1.0,1.0,1.0,1.0,0.6593122482299805,0.7690525054931641,0.8020309209823608,0.7850760817527771,0.5933951139450073,0.4055502116680145,0.34603065252304077,0.6301549077033997,1.0
301,0.0,0.0,0.0,0.0,0.0,0.0,0.0,0.0,0.44098329544067383,0.8079283237457275,0.6573082208633423,0.384624719619751,0.7084969878196716,0.8196914792060852,0.35358354449272156,0.46538832783699036,3.0
302,1.0,1.0,1.0,1.0,1.0,1.0,0.0,0.0,0.6621275544166565,0.7929971814155579,0.8019938468933105,0.786636233329773,0.6723724007606506,0.40163201093673706,0.37101417779922485,0.4951958656311035,1.0
303,0.0,0.0,0.0,0.0,0.0,0.0,0.0,0.0,0.42382892966270447,0.76754230260849,0.594257652759552,0.26070109009742737,0.583225429058075,0.7982392311096191,0.32954639196395874,0.4181777536869049,3.0
304,0.0,0.0,0.0,0.0,0.0,0.0,0.0,0.0,0.561969518661499,0.6945185661315918,0.7249270677566528,0.5858162641525269,0.6975888609886169,0.3521305322647095,0.4249906837940216,0.4452061355113983,2.0
305,1.0,1.0,1.0,1.0,1.0,0.0,0.0,1.0,0.7672014832496643,0.8262609839439392,0.769687294960022,0.7439345717430115,0.5318096876144409,0.3665448725223541,0.26982763409614563,0.628470242023468,1.0
306,0.0,0.0,0.0,0.0,0.0,0.0,0.0,0.0,0.5593615174293518,0.680657148361206,0.7069697380065918,0.5896695852279663,0.592626690864563,0.5694326758384705,0.5866377949714661,0.32853010296821594,1.0
307,1.0,1.0,1.0,1.0,1.0,1.0,1.0,1.0,0.6593255996704102,0.7877585887908936,0.8029460906982422,0.759785532951355,0.5969505310058594,0.4681478440761566,0.3887253701686859,0.6018944382667542,1.0
308,1.0,1.0,1.0,1.0,1.0,1.0,1.0,0.0,0.4873654246330261,0.8620834350585938,0.7668609023094177,0.6476486921310425,0.7547029852867126,0.7026566863059998,0.22796624898910522,0.5200122594833374,4.0
309,0.0,0.0,0.0,0.0,0.0,0.0,0.0,0.0,0.45436370372772217,0.827569305896759,0.7017225027084351,0.37577012181282043,0.7633214592933655,0.7905983328819275,0.30540817975997925,0.36980804800987244,0.0
310,0.0,0.0,0.0,0.0,0.0,0.0,0.0,0.0,0.5132805109024048,0.8327381610870361,0.6483667492866516,0.3977653980255127,0.7442821264266968,0.8122103214263916,0.3421630561351776,0.41571301221847534,0.0
311,0.0,0.0,0.0,0.0,0.0,0.0,0.0,0.0,0.7084017992019653,0.7729350328445435,0.7243486046791077,0.6080411672592163,0.5301123261451721,0.5758004784584045,0.4596492350101471,0.6191638708114624,1.0
312,1.0,1.0,1.0,1.0,1.0,1.0,1.0,1.0,0.5051030516624451,0.842187762260437,0.7611579298973083,0.6169023513793945,0.734887957572937,0.7394981980323792,0.20951741933822632,0.589030385017395,0.0
313,1.0,1.0,1.0,0.0,1.0,1.0,0.0,0.0,0.5225296020507812,0.8679097294807434,0.781832754611969,0.6570541858673096,0.7695468068122864,0.6972973346710205,0.16354060173034668,0.48060354590415955,4.0
314,1.0,1.0,1.0,1.0,1.0,1.0,1.0,0.0,0.5535359382629395,0.8628071546554565,0.7772998809814453,0.5710139274597168,0.7607033848762512,0.7468512058258057,0.16952143609523773,0.5199043154716492,0.0
315,1.0,1.0,1.0,1.0,1.0,0.0,1.0,0.0,0.562063455581665,0.8571441173553467,0.7373827695846558,0.49105972051620483,0.718989372253418,0.733563244342804,0.2179645448923111,0.5466787815093994,4.0
316,0.0,0.0,0.0,0.0,0.0,0.0,0.0,0.0,0.550205409526825,0.7007394433021545,0.7448893189430237,0.5880893468856812,0.5967702269554138,0.5742924213409424,0.571178674697876,0.3887006938457489,1.0
317,0.0,0.0,0.0,0.0,1.0,0.0,0.0,0.0,0.4367538094520569,0.8488191366195679,0.768293559551239,0.571603000164032,0.7926957011222839,0.7816551327705383,0.22863547503948212,0.39546287059783936,3.0
318,0.0,0.0,0.0,0.0,0.0,0.0,0.0,0.0,0.4741509258747101,0.8216996192932129,0.6663079857826233,0.34783703088760376,0.7528101801872253,0.8076131343841553,0.32595986127853394,0.3256312310695648,0.0
319,1.0,1.0,1.0,1.0,1.0,1.0,1.0,0.0,0.6635058522224426,0.806080162525177,0.815511167049408,0.7826907634735107,0.6580296158790588,0.4412601590156555,0.3467762768268585,0.5520739555358887,1.0
320,0.0,0.0,0.0,0.0,0.0,0.0,0.0,0.0,0.6290735602378845,0.7711362838745117,0.7528634071350098,0.6009058356285095,0.7241522073745728,0.3283277750015259,0.39168646931648254,0.48013660311698914,2.0
321,0.0,0.0,0.0,0.0,0.0,0.0,0.0,0.0,0.5509836673736572,0.8472950458526611,0.727988064289093,0.4314654469490051,0.6935200095176697,0.7683818936347961,0.2801354229450226,0.5228739380836487,0.0
322,1.0,1.0,1.0,1.0,1.0,1.0,1.0,1.0,0.5205962061882019,0.8698775768280029,0.7795082330703735,0.666034460067749,0.7533732652664185,0.6913421750068665,0.18306924402713776,0.5116731524467468,3.0
323,1.0,1.0,1.0,1.0,1.0,1.0,0.0,0.0,0.4302420914173126,0.8677709102630615,0.7906319499015808,0.6575618386268616,0.7504525780677795,0.7132568955421448,0.16302284598350525,0.46133431792259216,0.0
324,1.0,1.0,1.0,0.0,1.0,1.0,0.0,0.0,0.6130560040473938,0.7994598746299744,0.8010532259941101,0.7306903004646301,0.7560200095176697,0.4326813220977783,0.291713148355484,0.5030734539031982,2.0
325,0.0,0.0,0.0,0.0,0.0,0.0,0.0,0.0,0.4768528938293457,0.8493073582649231,0.7320104241371155,0.4992719888687134,0.7675628066062927,0.7998223304748535,0.1975616216659546,0.43323373794555664,3.0
326,1.0,1.0,1.0,1.0,1.0,1.0,1.0,0.0,0.6540489196777344,0.8040068745613098,0.8040143251419067,0.770309567451477,0.6447915434837341,0.42390450835227966,0.3531780242919922,0.5722570419311523,1.0
327,1.0,1.0,1.0,1.0,1.0,1.0,0.0,1.0,0.5944768786430359,0.8799716830253601,0.7430867552757263,0.5553620457649231,0.692397952079773,0.6764557957649231,0.1508573442697525,0.5272374749183655,0.0
328,0.0,0.0,0.0,0.0,0.0,0.0,0.0,0.0,0.4819283187389374,0.8221226930618286,0.6680442094802856,0.358671635389328,0.7026556134223938,0.8160826563835144,0.3296513259410858,0.4944577217102051,0.0
329,0.0,0.0,0.0,0.0,0.0,0.0,0.0,0.0,0.5219331383705139,0.6588836908340454,0.6938031315803528,0.5390221476554871,0.5732300877571106,0.5812202095985413,0.6211986541748047,0.30212584137916565,1.0
330,1.0,1.0,1.0,1.0,1.0,1.0,1.0,1.0,0.44682154059410095,0.8323307633399963,0.7801285982131958,0.681717574596405,0.7525163888931274,0.7427979111671448,0.18875612318515778,0.5741245150566101,4.0
331,1.0,1.0,1.0,0.0,1.0,1.0,0.0,0.0,0.6348018050193787,0.8234806656837463,0.7719992995262146,0.8051841855049133,0.6994516849517822,0.3393295109272003,0.24514365196228027,0.4096229672431946,1.0
332,1.0,1.0,1.0,1.0,1.0,1.0,1.0,1.0,0.49796974658966064,0.8493005633354187,0.7653316855430603,0.6234521269798279,0.7291430830955505,0.7381733059883118,0.19099777936935425,0.6074550747871399,0.0
333,0.0,0.0,0.0,0.0,0.0,0.0,0.0,0.0,0.49344125390052795,0.8137210607528687,0.5836781859397888,0.34571322798728943,0.7359904050827026,0.8060073256492615,0.3380611836910248,0.35834449529647827,0.0
334,1.0,1.0,1.0,1.0,1.0,1.0,1.0,0.0,0.4341238737106323,0.8377133011817932,0.7916790843009949,0.6788265109062195,0.7621158361434937,0.7426570653915405,0.21699562668800354,0.5442719459533691,0.0
335,1.0,1.0,1.0,1.0,1.0,0.0,0.0,0.0,0.6852624416351318,0.8276196718215942,0.8156885504722595,0.7905057072639465,0.6886467337608337,0.2939843237400055,0.240010604262352,0.4873056411743164,2.0
336,1.0,1.0,1.0,1.0,1.0,1.0,1.0,0.0,0.6463757157325745,0.7869155406951904,0.8169221878051758,0.755946934223175,0.6188980340957642,0.5034298300743103,0.3835563063621521,0.5604936480522156,1.0
337,0.0,0.0,0.0,0.0,0.0,0.0,0.0,0.0,0.4585627615451813,0.8178673982620239,0.6601676940917969,0.37687036395072937,0.7247111797332764,0.7932516932487488,0.30024808645248413,0.47296205163002014,4.0
338,0.0,0.0,0.0,0.0,0.0,0.0,0.0,0.0,0.5386545658111572,0.7262815833091736,0.7170559167861938,0.5625954270362854,0.6750876307487488,0.3470490276813507,0.44294437766075134,0.44456183910369873,2.0
339,0.0,0.0,0.0,0.0,0.0,0.0,0.0,0.0,0.5265560150146484,0.8285530209541321,0.6903738379478455,0.39884012937545776,0.7314687371253967,0.7689953446388245,0.29392144083976746,0.5131462812423706,4.0
340,0.0,0.0,0.0,0.0,0.0,0.0,0.0,0.0,0.5391095876693726,0.6704592108726501,0.6781904101371765,0.5528221726417542,0.6017552614212036,0.34165000915527344,0.4610673785209656,0.42880818247795105,2.0
341,0.0,0.0,0.0,0.0,0.0,0.0,0.0,0.0,0.5541588068008423,0.7306528687477112,0.7553289532661438,0.6418198347091675,0.6706750392913818,0.37026119232177734,0.4345029592514038,0.5190621018409729,2.0
342,1.0,1.0,1.0,1.0,1.0,0.0,1.0,0.0,0.6958547234535217,0.8013749122619629,0.8184211254119873,0.7576724886894226,0.5708341002464294,0.42561644315719604,0.3461140990257263,0.630031168460846,1.0
343,0.0,0.0,0.0,0.0,0.0,0.0,0.0,0.0,0.49820733070373535,0.8245546221733093,0.6666433811187744,0.372030109167099,0.7269284129142761,0.7865712642669678,0.2757495939731598,0.5081044435501099,4.0
344,1.0,1.0,1.0,1.0,1.0,0.0,1.0,1.0,0.5632414817810059,0.8759133219718933,0.7606256008148193,0.5903339982032776,0.673728346824646,0.6913747191429138,0.18802927434444427,0.5826765894889832,0.0
345,1.0,1.0,1.0,1.0,1.0,1.0,0.0,1.0,0.5594534277915955,0.874722957611084,0.7651532292366028,0.6685678362846375,0.7217640280723572,0.6723621487617493,0.1439385563135147,0.5263732075691223,4.0
346,1.0,1.0,1.0,1.0,1.0,1.0,0.0,1.0,0.7256930470466614,0.8009600043296814,0.7872834205627441,0.7726909518241882,0.6174178123474121,0.36581847071647644,0.3060264587402344,0.5907078385353088,1.0
347,0.0,0.0,0.0,0.0,0.0,0.0,0.0,0.0,0.5056158304214478,0.8318679332733154,0.6602275371551514,0.3720729649066925,0.7272772789001465,0.7977732419967651,0.317435085773468,0.4887956976890564,3.0
348,1.0,1.0,1.0,1.0,1.0,1.0,1.0,1.0,0.5816502571105957,0.8775636553764343,0.7492087483406067,0.5893296003341675,0.7338770627975464,0.6724788546562195,0.14804404973983765,0.5275477170944214,3.0
349,1.0,1.0,1.0,1.0,0.0,0.0,1.0,1.0,0.637723982334137,0.7456364035606384,0.8008180856704712,0.7803220748901367,0.6476671099662781,0.36463463306427,0.34126684069633484,0.644051194190979,2.0
350,0.0,1.0,0.0,0.0,0.0,0.0,0.0,0.0,0.6095167398452759,0.8645635843276978,0.7564957141876221,0.4976062774658203,0.6872591376304626,0.710340142250061,0.17868852615356445,0.5433140993118286,0.0
351,1.0,1.0,1.0,1.0,1.0,1.0,1.0,0.0,0.4498470425605774,0.8570685386657715,0.7775693535804749,0.6512678265571594,0.7757574915885925,0.7271124124526978,0.18881842494010925,0.49366265535354614,0.0
352,1.0,0.0,1.0,1.0,1.0,0.0,0.0,0.0,0.577864944934845,0.8858500719070435,0.7841540575027466,0.5771524906158447,0.7033370137214661,0.6491440534591675,0.1652492731809616,0.49362239241600037,0.0
353,0.0,0.0,0.0,0.0,0.0,0.0,0.0,0.0,0.6307902932167053,0.7512028217315674,0.7299174070358276,0.6279014945030212,0.7184006571769714,0.3549500107765198,0.3923764228820801,0.4628167748451233,2.0
354,1.0,1.0,1.0,1.0,1.0,1.0,0.0,0.0,0.6938341856002808,0.8291314244270325,0.8048385977745056,0.7595580816268921,0.681450366973877,0.3065796494483948,0.11265330016613007,0.5480213761329651,2.0
355,0.0,0.0,0.0,0.0,0.0,0.0,0.0,0.0,0.5159908533096313,0.7333651781082153,0.7849494218826294,0.6451463103294373,0.5951806902885437,0.5460387468338013,0.5858410000801086,0.35187557339668274,1.0
356,0.0,0.0,0.0,0.0,0.0,0.0,0.0,0.0,0.618738055229187,0.7134904861450195,0.661359965801239,0.5365979075431824,0.6494205594062805,0.3131965398788452,0.42515432834625244,0.4158875644207001,2.0
357,1.0,1.0,1.0,0.0,1.0,0.0,0.0,0.0,0.6656279563903809,0.8159165978431702,0.7883943319320679,0.740448534488678,0.6132126450538635,0.4995591938495636,0.3992893695831299,0.5246634483337402,1.0
358,0.0,1.0,1.0,0.0,1.0,1.0,0.0,0.0,0.5337932705879211,0.8665159940719604,0.75492924451828,0.5736326575279236,0.739142119884491,0.7469369173049927,0.11607460677623749,0.48067525029182434,3.0
359,1.0,1.0,1.0,1.0,1.0,1.0,1.0,0.0,0.4439109265804291,0.8777222037315369,0.8028580546379089,0.6625192165374756,0.7513366341590881,0.660472571849823,0.1368841826915741,0.4174063205718994,0.0
360,0.0,0.0,0.0,0.0,0.0,0.0,0.0,0.0,0.629472553730011,0.7668019533157349,0.7644239664077759,0.6107961535453796,0.6705003976821899,0.3052980601787567,0.42582985758781433,0.5190501809120178,2.0
361,0.0,0.0,0.0,0.0,0.0,0.0,0.0,0.0,0.4724012315273285,0.8338835835456848,0.6745163202285767,0.3377729058265686,0.7242821455001831,0.7956265211105347,0.3065652549266815,0.380677193403244,0.0
362,1.0,1.0,1.0,1.0,1.0,1.0,1.0,0.0,0.44319120049476624,0.8420891761779785,0.7525753974914551,0.5999112725257874,0.7561500668525696,0.7881594300270081,0.2307497262954712,0.35222265124320984,0.0
363,0.0,1.0,1.0,1.0,1.0,1.0,1.0,0.0,0.6436777710914612,0.7749890089035034,0.7972140312194824,0.7661371231079102,0.5834108591079712,0.5232835412025452,0.3835858702659607,0.5173490047454834,1.0
364,0.0,0.0,0.0,0.0,0.0,0.0,0.0,0.0,0.5062822699546814,0.8271333575248718,0.6702971458435059,0.3843282461166382,0.6961840987205505,0.7993686199188232,0.3093746304512024,0.4671551585197449,3.0
365,1.0,1.0,1.0,1.0,1.0,1.0,0.0,0.0,0.6011253595352173,0.7926309108734131,0.7886261343955994,0.770160973072052,0.7035618424415588,0.4691336154937744,0.4150046110153198,0.42447027564048767,1.0
366,1.0,1.0,1.0,1.0,1.0,1.0,1.0,0.0,0.45974478125572205,0.830493152141571,0.7721883654594421,0.661360502243042,0.7648255228996277,0.766209065914154,0.20339101552963257,0.5258987545967102,4.0
367,0.0,0.0,0.0,0.0,0.0,0.0,0.0,0.0,0.6505323648452759,0.7922266721725464,0.7948335409164429,0.6394056081771851,0.633432149887085,0.2985623776912689,0.40676215291023254,0.53182053565979,2.0
368,0.0,0.0,0.0,0.0,0.0,0.0,0.0,0.0,0.4150643050670624,0.6473090648651123,0.6699514389038086,0.4465533494949341,0.5233628153800964,0.3118596374988556,0.415508896112442,0.417386531829834,2.0
369,1.0,1.0,1.0,0.0,1.0,0.0,0.0,0.0,0.6706389784812927,0.7976667284965515,0.7724289894104004,0.6956778168678284,0.668589174747467,0.33970484137535095,0.2982954978942871,0.5817698240280151,2.0
370,1.0,1.0,1.0,1.0,1.0,0.0,1.0,1.0,0.7363322973251343,0.8034189343452454,0.7761303782463074,0.6575155854225159,0.47998666763305664,0.49092838168144226,0.3650793135166168,0.6492135524749756,1.0
371,1.0,1.0,1.0,1.0,1.0,0.0,0.0,1.0,0.5630188584327698,0.877644956111908,0.8046343922615051,0.6112015843391418,0.6855794787406921,0.6617376804351807,0.18304674327373505,0.5472928881645203,0.0
372,0.0,0.0,0.0,0.0,0.0,0.0,0.0,0.0,0.4163614809513092,0.8190714716911316,0.7155356407165527,0.4722062349319458,0.774002194404602,0.7999073266983032,0.32363927364349365,0.37438613176345825,4.0
373,0.0,0.0,0.0,0.0,1.0,0.0,0.0,0.0,0.37658971548080444,0.8621648550033569,0.7492513060569763,0.5318642854690552,0.8212185502052307,0.8077785968780518,0.1273203194141388,0.28606027364730835,3.0
374,0.0,1.0,0.0,0.0,1.0,1.0,0.0,0.0,0.5237556099891663,0.86789870262146,0.7738308906555176,0.5434529185295105,0.7641153335571289,0.7414295673370361,0.1726451963186264,0.44469061493873596,3.0
375,1.0,1.0,1.0,1.0,1.0,1.0,1.0,0.0,0.6079277992248535,0.8366882801055908,0.8144561648368835,0.7996057271957397,0.690234899520874,0.32262566685676575,0.22187651693820953,0.41873911023139954,2.0
376,0.0,0.0,0.0,0.0,0.0,0.0,0.0,0.0,0.48795419931411743,0.8140189051628113,0.5500407814979553,0.33504027128219604,0.6816585063934326,0.8081271648406982,0.3692663609981537,0.3344841003417969,3.0
377,0.0,0.0,0.0,0.0,0.0,0.0,0.0,0.0,0.6092780828475952,0.6988115310668945,0.6800432801246643,0.5737441182136536,0.5594401359558105,0.5471910238265991,0.6083180904388428,0.3444860875606537,1.0
378,1.0,1.0,1.0,0.0,1.0,0.0,1.0,0.0,0.5518302917480469,0.8699865937232971,0.7360884547233582,0.49602147936820984,0.6908602118492126,0.7108792066574097,0.18632268905639648,0.5629249811172485,4.0
379,0.0,1.0,0.0,0.0,1.0,0.0,0.0,0.0,0.5420917272567749,0.8586194515228271,0.7037846446037292,0.41139328479766846,0.7821029424667358,0.7638402581214905,0.21549804508686066,0.4706706702709198,4.0
380,1.0,1.0,1.0,1.0,1.0,1.0,0.0,1.0,0.7187334299087524,0.7639014720916748,0.7417840361595154,0.7609656453132629,0.6197201609611511,0.5016318559646606,0.37009358406066895,0.605541467666626,1.0
381,1.0,1.0,1.0,1.0,1.0,1.0,1.0,1.0,0.6692250967025757,0.7783370614051819,0.8160635828971863,0.7351208329200745,0.5530035495758057,0.4909135401248932,0.4261837899684906,0.6510850787162781,1.0
382,0.0,0.0,0.0,0.0,0.0,0.0,0.0,0.0,0.5247432589530945,0.8560454845428467,0.7684524059295654,0.4743453562259674,0.7444964051246643,0.7734783887863159,0.18935206532478333,0.44224274158477783,0.0
383,1.0,1.0,1.0,1.0,1.0,1.0,1.0,1.0,0.673491895198822,0.8071715831756592,0.8031409382820129,0.7281254529953003,0.7273066639900208,0.40237581729888916,0.27451375126838684,0.5443347692489624,2.0
384,0.0,0.0,0.0,0.0,0.0,0.0,0.0,0.0,0.4920109808444977,0.8216364979743958,0.701525092124939,0.3842620849609375,0.7120540738105774,0.7885639667510986,0.2804539203643799,0.4945293366909027,3.0
385,0.0,0.0,0.0,0.0,0.0,0.0,0.0,0.0,0.366247296333313,0.7827864289283752,0.671043336391449,0.37815922498703003,0.7198543548583984,0.8016496896743774,0.34551382064819336,0.4635103642940521,4.0
386,1.0,1.0,1.0,1.0,1.0,1.0,0.0,0.0,0.5603582859039307,0.8840523362159729,0.7995120286941528,0.6472241878509521,0.7126287221908569,0.6414772272109985,0.14395307004451752,0.4546285569667816,3.0
387,0.0,0.0,0.0,0.0,0.0,0.0,0.0,0.0,0.4381481409072876,0.7936837077140808,0.5132556557655334,0.327158123254776,0.6971192359924316,0.7687060832977295,0.367893785238266,0.32584670186042786,4.0
388,0.0,1.0,1.0,0.0,1.0,1.0,0.0,0.0,0.5630695819854736,0.8708540797233582,0.7847018837928772,0.5009809136390686,0.7471051812171936,0.7242622375488281,0.11686363071203232,0.47224166989326477,0.0
389,1.0,1.0,0.0,0.0,1.0,1.0,0.0,0.0,0.496066689491272,0.8312585353851318,0.7340119481086731,0.588422417640686,0.7501437067985535,0.7689124941825867,0.2505839169025421,0.5116913914680481,4.0
390,1.0,1.0,1.0,1.0,1.0,1.0,1.0,1.0,0.6873393058776855,0.7987865805625916,0.8007572293281555,0.786440372467041,0.7131854295730591,0.3463081419467926,0.23182114958763123,0.5846672654151917,2.0
391,1.0,1.0,1.0,1.0,1.0,1.0,0.0,0.0,0.4878208339214325,0.857398509979248,0.7761914134025574,0.6446897983551025,0.7351876497268677,0.7103143930435181,0.23251323401927948,0.5532402396202087,4.0
392,1.0,0.0,1.0,1.0,1.0,0.0,0.0,0.0,0.42080947756767273,0.8538339138031006,0.8058933019638062,0.6876712441444397,0.7571370005607605,0.713998019695282,0.17448629438877106,0.43447694182395935,4.0
393,1.0,1.0,1.0,1.0,1.0,1.0,0.0,1.0,0.6499385833740234,0.769669234752655,0.7968471646308899,0.8112461566925049,0.6823240518569946,0.37303200364112854,0.21182994544506073,0.665573239326477,2.0
394,1.0,1.0,1.0,1.0,1.0,1.0,0.0,1.0,0.49780869483947754,0.8561880588531494,0.7872193455696106,0.6373608708381653,0.7786898612976074,0.7150255441665649,0.17299193143844604,0.5087743997573853,0.0
395,0.0,0.0,0.0,0.0,0.0,0.0,0.0,0.0,0.6287862062454224,0.773998498916626,0.7724893093109131,0.5992212891578674,0.6654005646705627,0.34773319959640503,0.36993053555488586,0.5058351755142212,2.0
396,1.0,1.0,1.0,1.0,1.0,1.0,1.0,0.0,0.7021735310554504,0.8030997514724731,0.8005325794219971,0.7810182571411133,0.6593434810638428,0.31124886870384216,0.24405057728290558,0.5669074654579163,2.0
397,0.0,1.0,1.0,0.0,1.0,0.0,0.0,0.0,0.5424328446388245,0.8534900546073914,0.7546707987785339,0.5868955850601196,0.7251632809638977,0.7491191029548645,0.18582935631275177,0.5493572354316711,4.0
398,0.0,0.0,0.0,0.0,0.0,0.0,0.0,0.0,0.5038379430770874,0.8544700741767883,0.7067317366600037,0.392627090215683,0.7159482836723328,0.7883250117301941,0.2989282011985779,0.43818360567092896,0.0
399,0.0,0.0,0.0,0.0,0.0,0.0,0.0,0.0,0.622397243976593,0.7026363611221313,0.6368510127067566,0.5244427919387817,0.6154763698577881,0.2895495295524597,0.4296931028366089,0.3465055823326111,2.0
400,1.0,1.0,1.0,1.0,1.0,1.0,1.0,1.0,0.5224873423576355,0.8716326355934143,0.7678178548812866,0.634610652923584,0.7464940547943115,0.7319642305374146,0.18389633297920227,0.5355913639068604,3.0
401,1.0,1.0,1.0,1.0,1.0,1.0,1.0,1.0,0.5415467023849487,0.8426755666732788,0.7545338273048401,0.6078464984893799,0.7464627623558044,0.7648922204971313,0.1966453492641449,0.6004106998443604,4.0
402,1.0,1.0,1.0,1.0,1.0,1.0,1.0,1.0,0.5872101783752441,0.8719366788864136,0.7528334856033325,0.6137739419937134,0.7335706949234009,0.7179120779037476,0.1843031644821167,0.5649453997612,3.0
403,1.0,1.0,1.0,1.0,1.0,1.0,1.0,1.0,0.4978722631931305,0.8547660112380981,0.761786162853241,0.6232267022132874,0.7553842067718506,0.7619956731796265,0.23717203736305237,0.5378940105438232,3.0
404,1.0,1.0,1.0,1.0,1.0,1.0,0.0,0.0,0.7054306864738464,0.8125526905059814,0.8190359473228455,0.7809162735939026,0.5796772241592407,0.29662030935287476,0.2665196657180786,0.6035035848617554,1.0
405,0.0,0.0,0.0,0.0,0.0,0.0,0.0,0.0,0.5942776203155518,0.8650323748588562,0.7196080684661865,0.3835863769054413,0.7038357853889465,0.7563138604164124,0.23604431748390198,0.46593356132507324,0.0
406,0.0,0.0,0.0,0.0,0.0,0.0,0.0,0.0,0.5443382263183594,0.8556740880012512,0.6799436807632446,0.40580928325653076,0.7135446071624756,0.756499707698822,0.2607795000076294,0.4852011501789093,4.0
407,0.0,1.0,1.0,0.0,1.0,1.0,0.0,0.0,0.3455900549888611,0.8260961174964905,0.8374904990196228,0.5908997058868408,0.8176058530807495,0.4997863471508026,0.1271621733903885,0.22178083658218384,2.0
408,0.0,0.0,0.0,0.0,0.0,0.0,0.0,0.0,0.5071203112602234,0.681414008140564,0.7267296314239502,0.5847327709197998,0.5760225057601929,0.5532994866371155,0.6263132095336914,0.3386271893978119,1.0
409,0.0,0.0,0.0,0.0,0.0,0.0,0.0,0.0,0.48692283034324646,0.8122684955596924,0.6288496851921082,0.309975802898407,0.7374008297920227,0.7964640855789185,0.3086472153663635,0.45170125365257263,0.0
410,0.0,0.0,0.0,0.0,0.0,0.0,0.0,0.0,0.6237600445747375,0.8623226881027222,0.7226167917251587,0.5388687252998352,0.7156850695610046,0.7392564415931702,0.15357351303100586,0.5714788436889648,3.0
411,0.0,0.0,0.0,0.0,0.0,0.0,0.0,0.0,0.4687686860561371,0.8373798727989197,0.6802606582641602,0.33756816387176514,0.7378491759300232,0.7939723134040833,0.3317132890224457,0.34064728021621704,0.0
412,1.0,1.0,1.0,1.0,1.0,1.0,1.0,0.0,0.670058012008667,0.7986891269683838,0.8047927021980286,0.807395339012146,0.6979956030845642,0.35837408900260925,0.2693049907684326,0.5940607190132141,2.0
413,0.0,0.0,0.0,0.0,0.0,0.0,0.0,0.0,0.3538917005062103,0.8042530417442322,0.6943692564964294,0.3819621205329895,0.7732605934143066,0.8010826110839844,0.31817391514778137,0.36102741956710815,4.0
414,1.0,1.0,1.0,1.0,1.0,1.0,0.0,1.0,0.5659099817276001,0.8546445369720459,0.774652898311615,0.6107588410377502,0.726727306842804,0.7322198748588562,0.2058294713497162,0.5659571886062622,3.0
415,0.0,0.0,0.0,0.0,0.0,0.0,0.0,0.0,0.44870811700820923,0.8175145387649536,0.6736540198326111,0.3578362762928009,0.7182073593139648,0.8108047842979431,0.3434273600578308,0.42664074897766113,3.0
416,1.0,1.0,1.0,1.0,1.0,1.0,1.0,1.0,0.6775564551353455,0.7861284017562866,0.7852123379707336,0.7854043841362,0.6545369029045105,0.3703633248806,0.2376565784215927,0.6652750372886658,2.0
417,1.0,1.0,1.0,1.0,1.0,1.0,1.0,1.0,0.5910062789916992,0.80501389503479,0.8436582684516907,0.821929931640625,0.7328435778617859,0.35820114612579346,0.2234615683555603,0.483481764793396,2.0
418,1.0,1.0,1.0,1.0,1.0,1.0,1.0,1.0,0.4363868236541748,0.838241696357727,0.7679863572120667,0.6715399026870728,0.7360070943832397,0.7525509595870972,0.21165941655635834,0.5788144469261169,4.0
419,1.0,1.0,1.0,1.0,1.0,1.0,0.0,1.0,0.6062147617340088,0.8696542382240295,0.7529805302619934,0.5932580232620239,0.6811917424201965,0.6957796216011047,0.1957770735025406,0.6179613471031189,3.0
420,1.0,1.0,1.0,1.0,1.0,1.0,1.0,1.0,0.4448193609714508,0.8409393429756165,0.7788025140762329,0.6544481515884399,0.7765395641326904,0.7448477745056152,0.1984901875257492,0.5058500170707703,0.0
421,0.0,0.0,0.0,0.0,0.0,0.0,0.0,0.0,0.4333951771259308,0.8127114772796631,0.6271171569824219,0.35241222381591797,0.7161107659339905,0.8244474530220032,0.3340664505958557,0.4482647478580475,3.0
422,1.0,1.0,1.0,1.0,1.0,1.0,0.0,0.0,0.6925167441368103,0.8324182033538818,0.8152573704719543,0.7845709323883057,0.6663010716438293,0.2962632477283478,0.17383171617984772,0.5205458998680115,2.0
423,1.0,1.0,1.0,1.0,1.0,1.0,1.0,0.0,0.46548110246658325,0.8756629228591919,0.7944111824035645,0.6382562518119812,0.7657440900802612,0.6935473680496216,0.16573144495487213,0.4494604766368866,0.0
424,0.0,0.0,0.0,0.0,0.0,0.0,0.0,0.0,0.5698119401931763,0.6818583011627197,0.6855484247207642,0.5965086221694946,0.5944631099700928,0.5860260725021362,0.6111869812011719,0.3437820076942444,1.0
425,0.0,1.0,1.0,0.0,1.0,0.0,0.0,0.0,0.7113694548606873,0.7953983545303345,0.7382699251174927,0.6989462971687317,0.58868008852005,0.5084177851676941,0.37113067507743835,0.4512530267238617,1.0
426,0.0,0.0,0.0,0.0,0.0,0.0,0.0,0.0,0.5603787899017334,0.7023245692253113,0.7209803462028503,0.6195955872535706,0.6902453899383545,0.368080198764801,0.4149490296840668,0.504058301448822,2.0
427,1.0,1.0,1.0,1.0,1.0,1.0,1.0,1.0,0.469866544008255,0.8448516726493835,0.7886541485786438,0.6934888362884521,0.7794579267501831,0.7178704142570496,0.17587913572788239,0.5172123312950134,4.0
428,0.0,0.0,0.0,0.0,0.0,0.0,0.0,0.0,0.5059050917625427,0.816990315914154,0.6220605373382568,0.342098206281662,0.7502064108848572,0.7855063080787659,0.3410477042198181,0.3326472342014313,0.0
429,0.0,0.0,0.0,0.0,1.0,0.0,0.0,0.0,0.7225168347358704,0.7924713492393494,0.734978437423706,0.7213519811630249,0.5913254618644714,0.4531661868095398,0.39786285161972046,0.4543941617012024,1.0
430,1.0,1.0,1.0,1.0,1.0,1.0,1.0,0.0,0.4155953824520111,0.8303607106208801,0.7900695204734802,0.6771140694618225,0.7932474613189697,0.7530876398086548,0.18015384674072266,0.502716600894928,0.0
431,0.0,0.0,0.0,0.0,0.0,0.0,0.0,0.0,0.5529689192771912,0.7257335186004639,0.7681463956832886,0.6183739900588989,0.7597098350524902,0.3601791262626648,0.4003095328807831,0.49724844098091125,2.0
432,0.0,0.0,0.0,0.0,0.0,1.0,0.0,0.0,0.5646970272064209,0.8378146886825562,0.7048407196998596,0.47244027256965637,0.7218705415725708,0.7872117757797241,0.2550618350505829,0.5571666359901428,0.0
433,0.0,0.0,0.0,0.0,0.0,0.0,0.0,0.0,0.6106449365615845,0.7332731485366821,0.7526708841323853,0.6440354585647583,0.572492241859436,0.5316936373710632,0.5445007085800171,0.44678622484207153,1.0
434,0.0,0.0,0.0,0.0,0.0,0.0,0.0,0.0,0.5131618976593018,0.690243124961853,0.6875651478767395,0.5106943249702454,0.6415947079658508,0.3368803858757019,0.41354215145111084,0.42810308933258057,2.0
435,0.0,0.0,0.0,0.0,0.0,0.0,0.0,0.0,0.6599498391151428,0.8149846792221069,0.7894601225852966,0.6256208419799805,0.6991246342658997,0.3020282983779907,0.2922840118408203,0.48838210105895996,2.0
436,0.0,0.0,0.0,0.0,0.0,0.0,1.0,0.0,0.6332330703735352,0.7438627481460571,0.7273158431053162,0.6214873790740967,0.5985338091850281,0.57523512840271,0.5754795074462891,0.48708540201187134,1.0
437,0.0,0.0,0.0,0.0,0.0,0.0,0.0,0.0,0.4627992808818817,0.8057845234870911,0.5305811166763306,0.32651931047439575,0.6205748915672302,0.7963018417358398,0.3482438623905182,0.29862096905708313,3.0
438,0.0,0.0,0.0,0.0,0.0,0.0,0.0,0.0,0.48745232820510864,0.8174684643745422,0.6194057464599609,0.34160611033439636,0.7318232655525208,0.8198546767234802,0.3416280746459961,0.38965079188346863,3.0
439,0.0,1.0,1.0,1.0,1.0,1.0,0.0,0.0,0.6257002353668213,0.7983500957489014,0.8178673982620239,0.8014683127403259,0.6779254078865051,0.3208353519439697,0.26656490564346313,0.4326256513595581,1.0
440,1.0,1.0,1.0,0.0,1.0,0.0,0.0,0.0,0.5492989420890808,0.86629319190979,0.7725915312767029,0.6000404953956604,0.7428086400032043,0.7377732992172241,0.18922202289104462,0.47836726903915405,0.0
441,1.0,1.0,1.0,1.0,1.0,1.0,1.0,1.0,0.5818659663200378,0.8776721358299255,0.7775074243545532,0.5848119258880615,0.6524633765220642,0.638086199760437,0.22100143134593964,0.5880675315856934,3.0
442,0.0,0.0,0.0,0.0,0.0,0.0,0.0,0.0,0.6268311738967896,0.7463656663894653,0.7280398607254028,0.6445172429084778,0.5946768522262573,0.5642967820167542,0.5582119822502136,0.36581483483314514,1.0
443,0.0,0.0,0.0,0.0,0.0,0.0,0.0,0.0,0.5516693592071533,0.7774742245674133,0.8208284974098206,0.6795104146003723,0.696718156337738,0.3996203541755676,0.3758138120174408,0.46096110343933105,2.0
444,1.0,1.0,1.0,1.0,1.0,1.0,1.0,1.0,0.6814250349998474,0.7932972311973572,0.7979810237884521,0.7921436429023743,0.6935298442840576,0.37162941694259644,0.21667976677417755,0.6222352385520935,2.0
445,0.0,0.0,0.0,0.0,0.0,0.0,0.0,0.0,0.5675808787345886,0.6844918727874756,0.690443754196167,0.5618547201156616,0.6840769052505493,0.3434935510158539,0.4586963653564453,0.39856550097465515,2.0
446,1.0,1.0,1.0,0.0,1.0,1.0,0.0,0.0,0.7008718848228455,0.8286691904067993,0.8083038330078125,0.7198485732078552,0.6366794109344482,0.3350544571876526,0.30061420798301697,0.5313107371330261,2.0
447,0.0,0.0,0.0,0.0,1.0,0.0,0.0,0.0,0.5986878275871277,0.7766549587249756,0.7781043648719788,0.7604680061340332,0.6966870427131653,0.49749502539634705,0.43223991990089417,0.39063864946365356,1.0
448,1.0,1.0,1.0,1.0,1.0,1.0,1.0,1.0,0.6856042146682739,0.7906762957572937,0.7841750383377075,0.7539787292480469,0.6319202780723572,0.46094414591789246,0.4024558663368225,0.5970119833946228,1.0
449,0.0,0.0,0.0,0.0,0.0,0.0,0.0,0.0,0.5191478133201599,0.8603718280792236,0.7722976803779602,0.376812607049942,0.7175535559654236,0.7506581544876099,0.26473209261894226,0.45605865120887756,0.0
450,1.0,1.0,1.0,1.0,1.0,1.0,1.0,1.0,0.6274288296699524,0.794458270072937,0.8201013207435608,0.8165701627731323,0.6896435022354126,0.37539634108543396,0.2542141079902649,0.547677755355835,2.0
451,0.0,0.0,0.0,0.0,0.0,0.0,0.0,0.0,0.4654347002506256,0.8198151588439941,0.6633108258247375,0.3364090323448181,0.7319746613502502,0.8024813532829285,0.3330639600753784,0.2970329821109772,0.0
452,0.0,0.0,0.0,0.0,0.0,0.0,0.0,0.0,0.44006818532943726,0.7868878245353699,0.6333925724029541,0.3386153280735016,0.6787230372428894,0.8211237788200378,0.33974772691726685,0.3957728445529938,3.0
453,1.0,1.0,1.0,1.0,1.0,1.0,1.0,1.0,0.5025600790977478,0.8459315896034241,0.7813001275062561,0.6177701950073242,0.7435280680656433,0.747746467590332,0.21785765886306763,0.5713328123092651,0.0
454,0.0,0.0,0.0,0.0,0.0,0.0,0.0,0.0,0.4575936794281006,0.8130989670753479,0.6703437566757202,0.3547896444797516,0.689275324344635,0.7892218828201294,0.3279469609260559,0.513304591178894,4.0
455,1.0,1.0,1.0,1.0,1.0,0.0,0.0,0.0,0.545009970664978,0.8747478723526001,0.7681720852851868,0.5415242314338684,0.7030267715454102,0.7044495344161987,0.18997931480407715,0.5111603736877441,4.0
456,0.0,0.0,0.0,0.0,0.0,0.0,0.0,0.0,0.5603247880935669,0.693341076374054,0.697359025478363,0.569880485534668,0.6134809851646423,0.3391167223453522,0.48749038577079773,0.4748331606388092,2.0
457,0.0,0.0,0.0,0.0,0.0,0.0,0.0,0.0,0.5753220915794373,0.7173387408256531,0.7041140794754028,0.5873416662216187,0.5563030242919922,0.5549210906028748,0.5812665820121765,0.3263735771179199,1.0
458,0.0,0.0,0.0,0.0,0.0,0.0,0.0,0.0,0.45242777466773987,0.8385705947875977,0.7236947417259216,0.4291660189628601,0.7371492385864258,0.7550361752510071,0.2709926962852478,0.45151281356811523,4.0
459,0.0,1.0,1.0,1.0,1.0,0.0,1.0,0.0,0.45188915729522705,0.8518812656402588,0.7773053646087646,0.6764183044433594,0.7235319018363953,0.7258676886558533,0.22030939161777496,0.48062893748283386,4.0
460,0.0,0.0,0.0,0.0,0.0,0.0,0.0,0.0,0.4097767174243927,0.7994100451469421,0.617408275604248,0.3432104289531708,0.7564820647239685,0.7894355654716492,0.3277340531349182,0.45328131318092346,4.0
461,0.0,0.0,0.0,0.0,0.0,0.0,0.0,0.0,0.38325169682502747,0.7877953052520752,0.6500068306922913,0.38829943537712097,0.7302350997924805,0.7934764623641968,0.3628147840499878,0.38026556372642517,4.0
462,0.0,0.0,0.0,0.0,0.0,0.0,0.0,0.0,0.4316224455833435,0.7972448468208313,0.6130326986312866,0.2968124449253082,0.7135896682739258,0.7971900701522827,0.31605181097984314,0.4620901942253113,0.0
463,0.0,0.0,0.0,0.0,0.0,0.0,1.0,0.0,0.5091331005096436,0.8313184380531311,0.687597930431366,0.4019355773925781,0.7350309491157532,0.7957860231399536,0.29795023798942566,0.48970651626586914,3.0
464,1.0,1.0,1.0,1.0,1.0,0.0,1.0,1.0,0.7012574076652527,0.7997257113456726,0.7766321897506714,0.729421854019165,0.5822317004203796,0.5300906896591187,0.4066118001937866,0.5947682857513428,1.0
465,0.0,0.0,0.0,0.0,0.0,0.0,1.0,0.0,0.6209853291511536,0.6633714437484741,0.7573314309120178,0.6876621246337891,0.6673085689544678,0.31054043769836426,0.4133036732673645,0.5044196248054504,2.0
466,0.0,0.0,0.0,0.0,0.0,0.0,0.0,0.0,0.4318636655807495,0.7947111129760742,0.6396772861480713,0.36550188064575195,0.7550280690193176,0.7901763916015625,0.3670977056026459,0.38524332642555237,4.0
467,0.0,1.0,1.0,0.0,1.0,1.0,0.0,0.0,0.6444844603538513,0.835411548614502,0.7554300427436829,0.7540597915649414,0.6937777400016785,0.40005409717559814,0.2525094747543335,0.3948793411254883,1.0
468,1.0,1.0,1.0,1.0,1.0,1.0,1.0,0.0,0.48474594950675964,0.8544697165489197,0.7853259444236755,0.6243814826011658,0.7734814882278442,0.7334169745445251,0.20426587760448456,0.5179113745689392,0.0
469,1.0,1.0,1.0,1.0,1.0,1.0,0.0,0.0,0.5554611682891846,0.8861126899719238,0.8006985187530518,0.6231086850166321,0.6889601349830627,0.6493086218833923,0.18084393441677094,0.5148607492446899,3.0
470,0.0,0.0,0.0,0.0,0.0,0.0,0.0,0.0,0.5540666580200195,0.7170112133026123,0.7460116744041443,0.6300731897354126,0.7148484587669373,0.366436243057251,0.40131011605262756,0.5086678862571716,2.0
471,1.0,1.0,1.0,1.0,1.0,1.0,1.0,0.0,0.45442256331443787,0.8788907527923584,0.7955197095870972,0.679149866104126,0.7541348338127136,0.6678557991981506,0.14063790440559387,0.4675814211368561,4.0
472,1.0,1.0,1.0,1.0,1.0,1.0,1.0,1.0,0.5254289507865906,0.8608136177062988,0.7562715411186218,0.6169000267982483,0.7555094957351685,0.7598587870597839,0.16891929507255554,0.541525661945343,3.0
473,1.0,1.0,1.0,1.0,1.0,1.0,0.0,0.0,0.6263868808746338,0.830702543258667,0.8226582407951355,0.8255806565284729,0.7184554934501648,0.30559659004211426,0.15539495646953583,0.43865975737571716,2.0
474,1.0,0.0,1.0,1.0,0.0,1.0,1.0,1.0,0.5865763425827026,0.8460628390312195,0.7290533185005188,0.5500635504722595,0.7023839950561523,0.7708947658538818,0.19546285271644592,0.5870324373245239,4.0
475,1.0,1.0,1.0,1.0,1.0,1.0,0.0,0.0,0.44638577103614807,0.8553263545036316,0.7756815552711487,0.6559628844261169,0.7882747650146484,0.7366195321083069,0.17248693108558655,0.4533572196960449,4.0
476,0.0,0.0,1.0,1.0,1.0,0.0,0.0,0.0,0.45319125056266785,0.878669798374176,0.759360671043396,0.6743814945220947,0.7355407476425171,0.6879183053970337,0.15609662234783173,0.4017990529537201,4.0
477,0.0,0.0,0.0,0.0,0.0,0.0,0.0,0.0,0.5024911761283875,0.8240422010421753,0.6623730659484863,0.35160690546035767,0.6801170706748962,0.7908726334571838,0.30103573203086853,0.48340603709220886,0.0
478,1.0,1.0,1.0,0.0,1.0,1.0,0.0,0.0,0.5455858111381531,0.8341991901397705,0.8223878741264343,0.6587502956390381,0.7771500945091248,0.3738124370574951,0.16431567072868347,0.392392635345459,2.0
479,1.0,1.0,1.0,0.0,1.0,1.0,0.0,0.0,0.546134352684021,0.8739999532699585,0.7635496258735657,0.591257631778717,0.7254153490066528,0.6797370314598083,0.14086449146270752,0.5167851448059082,0.0
480,0.0,0.0,0.0,0.0,0.0,0.0,0.0,0.0,0.5213595628738403,0.8457719683647156,0.6779198050498962,0.3809380531311035,0.7300109267234802,0.7909132838249207,0.2664334774017334,0.4556075930595398,3.0
481,0.0,0.0,0.0,0.0,0.0,0.0,0.0,0.0,0.5609342455863953,0.7198534607887268,0.712935209274292,0.5886498093605042,0.5822215676307678,0.5521473288536072,0.5689576268196106,0.35393577814102173,1.0
482,0.0,0.0,0.0,0.0,0.0,0.0,1.0,0.0,0.6856773495674133,0.7940167188644409,0.7696177959442139,0.6802516579627991,0.6133543848991394,0.5183721780776978,0.45561447739601135,0.4970557987689972,1.0
483,0.0,0.0,0.0,0.0,0.0,0.0,0.0,0.0,0.6127673983573914,0.7708246111869812,0.7695204615592957,0.6431954503059387,0.6784727573394775,0.3462013900279999,0.36151060461997986,0.5551730990409851,2.0
484,1.0,1.0,1.0,1.0,1.0,1.0,1.0,1.0,0.5745757818222046,0.8427581191062927,0.739679217338562,0.5567477345466614,0.7109537720680237,0.7624151706695557,0.1922951340675354,0.5818173885345459,4.0
485,0.0,0.0,0.0,0.0,0.0,0.0,0.0,0.0,0.4855569303035736,0.8389118313789368,0.6767651438713074,0.3651343286037445,0.75489342212677,0.8008664846420288,0.3094398081302643,0.4389066696166992,0.0
486,1.0,1.0,1.0,1.0,1.0,1.0,1.0,0.0,0.699855625629425,0.7968944907188416,0.7969751358032227,0.7504875063896179,0.6322155594825745,0.4824320673942566,0.3638001084327698,0.6110308766365051,1.0
487,0.0,0.0,0.0,0.0,0.0,0.0,0.0,0.0,0.6048254370689392,0.7208285927772522,0.7358697652816772,0.6333265900611877,0.6981356143951416,0.3698461055755615,0.4173341393470764,0.5322510600090027,2.0
488,1.0,1.0,1.0,0.0,1.0,1.0,0.0,0.0,0.6647793054580688,0.8834155797958374,0.7360694408416748,0.4404389262199402,0.6955750584602356,0.6646140217781067,0.10309231281280518,0.48908495903015137,3.0
489,0.0,1.0,1.0,0.0,1.0,0.0,0.0,0.0,0.5747379064559937,0.882319450378418,0.7398752570152283,0.49100303649902344,0.7187387943267822,0.7292869091033936,0.1470007449388504,0.44548410177230835,4.0
490,0.0,1.0,1.0,1.0,1.0,1.0,0.0,0.0,0.5816967487335205,0.7722334861755371,0.8325228691101074,0.8117752075195312,0.6857047080993652,0.2969847619533539,0.30194589495658875,0.39240071177482605,1.0
491,0.0,0.0,0.0,0.0,0.0,0.0,0.0,0.0,0.41113266348838806,0.7660526037216187,0.610890805721283,0.3373909294605255,0.6798864603042603,0.8084962964057922,0.32450738549232483,0.5234408378601074,4.0
492,1.0,1.0,1.0,1.0,1.0,1.0,1.0,1.0,0.5200291275978088,0.8461776971817017,0.7657719850540161,0.6585837602615356,0.7750977873802185,0.7307338118553162,0.16866447031497955,0.5638393759727478,4.0
493,1.0,1.0,1.0,1.0,1.0,1.0,1.0,1.0,0.6165037751197815,0.759418785572052,0.8116291165351868,0.7743784785270691,0.6613019108772278,0.46828633546829224,0.4178866744041443,0.5194282531738281,1.0
494,1.0,1.0,1.0,1.0,1.0,1.0,1.0,1.0,0.5321758985519409,0.8745753169059753,0.7500230669975281,0.554548978805542,0.7071973085403442,0.7424479722976685,0.19126500189304352,0.531362771987915,0.0
495,1.0,1.0,1.0,1.0,1.0,0.0,1.0,0.0,0.7348263263702393,0.7909315228462219,0.7994090914726257,0.7089747190475464,0.4798354506492615,0.433611661195755,0.27536851167678833,0.6484767198562622,1.0
496,0.0,0.0,0.0,0.0,0.0,0.0,0.0,0.0,0.49746906757354736,0.8100718855857849,0.5670554637908936,0.35027840733528137,0.737421452999115,0.8141883015632629,0.3780395984649658,0.35922279953956604,3.0
497,1.0,1.0,1.0,1.0,1.0,1.0,1.0,1.0,0.5158765316009521,0.8459233045578003,0.7842276692390442,0.6092758178710938,0.7473375797271729,0.7488417625427246,0.2077074944972992,0.5684223175048828,0.0
498,1.0,1.0,1.0,1.0,1.0,0.0,1.0,1.0,0.5292966961860657,0.8681092858314514,0.7646840810775757,0.6080639958381653,0.6927160620689392,0.7134440541267395,0.1744871884584427,0.5543389320373535,4.0
499,0.0,0.0,1.0,0.0,1.0,0.0,0.0,0.0,0.43733781576156616,0.8127624988555908,0.8394003510475159,0.6019132137298584,0.8179216980934143,0.41773515939712524,0.17829668521881104,0.32108014822006226,2.0
500,1.0,1.0,1.0,1.0,1.0,1.0,1.0,0.0,0.6264880299568176,0.8237908482551575,0.8156528472900391,0.7849922776222229,0.7019007802009583,0.33918318152427673,0.2435206025838852,0.46762150526046753,2.0
501,1.0,1.0,1.0,1.0,1.0,1.0,0.0,1.0,0.7190172076225281,0.799799919128418,0.7720149755477905,0.7488316297531128,0.5716037750244141,0.41294193267822266,0.3277919292449951,0.6548130512237549,1.0
502,0.0,0.0,0.0,0.0,0.0,0.0,0.0,0.0,0.3376098573207855,0.7561114430427551,0.6413081288337708,0.30939406156539917,0.6133769750595093,0.7462276816368103,0.3186241686344147,0.44003134965896606,4.0
503,0.0,0.0,0.0,0.0,0.0,0.0,0.0,0.0,0.44744187593460083,0.8022266626358032,0.6097396016120911,0.31634461879730225,0.7207842469215393,0.8179797530174255,0.3357431888580322,0.4083428382873535,3.0
504,0.0,0.0,0.0,0.0,0.0,0.0,0.0,0.0,0.5251969695091248,0.7953720688819885,0.6751049757003784,0.44360023736953735,0.714479923248291,0.8014653325080872,0.29918408393859863,0.5267858505249023,4.0
505,1.0,1.0,1.0,1.0,1.0,1.0,1.0,0.0,0.5501760840415955,0.8642998933792114,0.7846351861953735,0.6567627787590027,0.7561894655227661,0.7172889113426208,0.183100625872612,0.5092400312423706,3.0
506,1.0,1.0,1.0,1.0,1.0,1.0,1.0,0.0,0.5614162087440491,0.8759289979934692,0.7583535313606262,0.5531981587409973,0.7034394145011902,0.7130835056304932,0.20316381752490997,0.5511844158172607,0.0
507,1.0,1.0,1.0,1.0,1.0,1.0,1.0,0.0,0.4530484080314636,0.881178081035614,0.7954300045967102,0.6512413024902344,0.7599905729293823,0.7014749050140381,0.15085570514202118,0.4569753110408783,0.0
508,0.0,0.0,0.0,0.0,0.0,0.0,0.0,0.0,0.37456586956977844,0.7973893880844116,0.6763755679130554,0.370700478553772,0.7617496252059937,0.7937808632850647,0.31388986110687256,0.4216630160808563,4.0
509,0.0,0.0,0.0,0.0,0.0,0.0,0.0,0.0,0.5220039486885071,0.8278504014015198,0.7020373940467834,0.4368956387042999,0.7227657437324524,0.7986477017402649,0.2969706058502197,0.48079636693000793,3.0
510,0.0,1.0,1.0,1.0,1.0,1.0,1.0,0.0,0.513064444065094,0.8760173320770264,0.7823399901390076,0.6359506845474243,0.7264742851257324,0.6925716400146484,0.15588344633579254,0.5034236311912537,4.0
511,1.0,1.0,1.0,1.0,1.0,1.0,1.0,1.0,0.5931938290596008,0.8624585270881653,0.7571550011634827,0.5814269185066223,0.7194963097572327,0.7357197999954224,0.22058770060539246,0.5718080997467041,3.0
512,0.0,0.0,0.0,0.0,0.0,0.0,0.0,0.0,0.5459935069084167,0.7217156887054443,0.7585480213165283,0.5626538395881653,0.7205513119697571,0.34660443663597107,0.42172712087631226,0.49750930070877075,2.0
513,1.0,1.0,1.0,0.0,1.0,0.0,1.0,0.0,0.7600330710411072,0.7851920127868652,0.7392954230308533,0.5909289121627808,0.4663156270980835,0.5101161003112793,0.2733975350856781,0.6467620134353638,1.0
514,1.0,1.0,1.0,1.0,1.0,1.0,1.0,0.0,0.6634963154792786,0.7965794801712036,0.7972825169563293,0.7687732577323914,0.6439475417137146,0.4736202359199524,0.36841487884521484,0.5596174001693726,1.0
515,0.0,1.0,1.0,0.0,1.0,0.0,0.0,0.0,0.6273301839828491,0.86879962682724,0.708416759967804,0.455908864736557,0.6894177794456482,0.7230908870697021,0.14990423619747162,0.5322790145874023,3.0
516,0.0,0.0,0.0,0.0,1.0,0.0,0.0,0.0,0.6153888702392578,0.8301289081573486,0.78512042760849,0.6140034794807434,0.7288649678230286,0.29062315821647644,0.2957192361354828,0.43290239572525024,2.0
517,0.0,0.0,0.0,0.0,0.0,0.0,0.0,0.0,0.5059114098548889,0.8244057297706604,0.6386488676071167,0.3623993992805481,0.6875043511390686,0.8073781132698059,0.3098040223121643,0.4366334080696106,3.0
518,1.0,1.0,1.0,1.0,1.0,1.0,1.0,1.0,0.6423467397689819,0.7974653244018555,0.8196285367012024,0.7592777609825134,0.6002040505409241,0.4755434989929199,0.4333118796348572,0.5564494729042053,1.0
519,0.0,1.0,1.0,0.0,1.0,0.0,1.0,0.0,0.7539238929748535,0.8530682921409607,0.785353422164917,0.6061998009681702,0.6170768141746521,0.22841274738311768,0.16705380380153656,0.5332655310630798,2.0
520,0.0,1.0,0.0,0.0,1.0,0.0,0.0,0.0,0.4319344162940979,0.8387361764907837,0.7506141066551208,0.465761661529541,0.8025149703025818,0.7505946755409241,0.1800946444272995,0.4227435290813446,4.0
521,0.0,0.0,0.0,0.0,1.0,0.0,0.0,0.0,0.5435506701469421,0.8577287793159485,0.7713268399238586,0.5472414493560791,0.7515424489974976,0.272209107875824,0.12280299514532089,0.34151580929756165,2.0
522,1.0,1.0,1.0,1.0,1.0,1.0,1.0,1.0,0.7247438430786133,0.8290876150131226,0.7703136801719666,0.7134267687797546,0.5333818793296814,0.4793942868709564,0.3462493419647217,0.6053420305252075,1.0
523,0.0,0.0,0.0,0.0,0.0,0.0,0.0,0.0,0.4842378497123718,0.8237162828445435,0.6812718510627747,0.3579171299934387,0.7235340476036072,0.8008099794387817,0.29683345556259155,0.4945269823074341,0.0
524,1.0,1.0,1.0,1.0,1.0,1.0,1.0,0.0,0.4630816876888275,0.8665738105773926,0.7900301218032837,0.6928830146789551,0.7651322484016418,0.6624356508255005,0.1619354784488678,0.4344893991947174,4.0
525,1.0,1.0,1.0,1.0,1.0,0.0,1.0,1.0,0.5353282690048218,0.8508573770523071,0.7636165022850037,0.5848739743232727,0.6850457191467285,0.6946911811828613,0.22864367067813873,0.6006640195846558,0.0
526,0.0,1.0,1.0,1.0,1.0,1.0,0.0,0.0,0.4610462784767151,0.8666272163391113,0.7594304084777832,0.6310988068580627,0.806265652179718,0.7413539290428162,0.18307717144489288,0.3544055223464966,0.0
527,1.0,1.0,1.0,1.0,1.0,1.0,1.0,1.0,0.664719820022583,0.7493484616279602,0.8049530386924744,0.8048439025878906,0.6733846664428711,0.39718472957611084,0.3192709684371948,0.6652774214744568,2.0
528,1.0,1.0,1.0,1.0,1.0,1.0,1.0,1.0,0.5832964777946472,0.7616480588912964,0.8160648345947266,0.7957967519760132,0.6788210272789001,0.45255693793296814,0.3421916663646698,0.5315490365028381,1.0
529,0.0,0.0,0.0,0.0,0.0,0.0,0.0,0.0,0.5384355187416077,0.6906054615974426,0.7232020497322083,0.5701256990432739,0.6007018685340881,0.5621155500411987,0.5920877456665039,0.3252111077308655,1.0
530,0.0,0.0,0.0,0.0,0.0,0.0,0.0,0.0,0.4982452094554901,0.8122788667678833,0.610088050365448,0.36420732736587524,0.7401853799819946,0.7993224263191223,0.3353160619735718,0.36899301409721375,0.0
531,0.0,0.0,0.0,0.0,0.0,0.0,0.0,0.0,0.4828321635723114,0.6897335648536682,0.7943727374076843,0.6288277506828308,0.5833645462989807,0.550736129283905,0.5951694846153259,0.33717963099479675,1.0
532,0.0,0.0,0.0,0.0,0.0,0.0,0.0,0.0,0.43556973338127136,0.809485912322998,0.5995317697525024,0.3160664737224579,0.6860544681549072,0.7937184572219849,0.31181418895721436,0.35035058856010437,0.0
533,1.0,1.0,1.0,1.0,1.0,1.0,0.0,1.0,0.5956248641014099,0.8624041676521301,0.7302128672599792,0.5109760761260986,0.6488094329833984,0.6888566017150879,0.26450198888778687,0.6270120143890381,0.0
534,0.0,0.0,0.0,0.0,0.0,0.0,0.0,0.0,0.4378969669342041,0.7955251932144165,0.6473362445831299,0.31538423895835876,0.7272478342056274,0.8081797361373901,0.31053319573402405,0.4277813732624054,0.0
535,0.0,1.0,1.0,0.0,1.0,1.0,0.0,0.0,0.5915420055389404,0.8639559745788574,0.7591002583503723,0.47441306710243225,0.7228990197181702,0.7493675947189331,0.19170136749744415,0.5267054438591003,0.0
536,1.0,1.0,1.0,1.0,1.0,1.0,1.0,1.0,0.6918299198150635,0.8184292912483215,0.7969557642936707,0.7825478911399841,0.66738361120224,0.35342469811439514,0.2208905816078186,0.5801851153373718,2.0
537,1.0,1.0,1.0,1.0,1.0,1.0,0.0,0.0,0.6434696912765503,0.8342001438140869,0.8232436776161194,0.8124829530715942,0.7202695608139038,0.362687885761261,0.2017396241426468,0.5312910079956055,2.0
538,1.0,1.0,1.0,1.0,1.0,1.0,1.0,0.0,0.6250607371330261,0.8018994331359863,0.8240747451782227,0.8147314786911011,0.7092518210411072,0.34495049715042114,0.28857916593551636,0.5287541747093201,2.0
539,0.0,0.0,0.0,0.0,0.0,0.0,0.0,0.0,0.4609367251396179,0.7919320464134216,0.6152123212814331,0.3191853165626526,0.7130210399627686,0.8058176636695862,0.3296568989753723,0.33297640085220337,0.0
540,1.0,1.0,1.0,1.0,1.0,1.0,0.0,0.0,0.5319321155548096,0.8771430253982544,0.7699682116508484,0.5831348896026611,0.7173480987548828,0.7070412039756775,0.18262502551078796,0.4650202989578247,4.0
541,0.0,0.0,0.0,0.0,0.0,0.0,0.0,0.0,0.6218846440315247,0.6584787368774414,0.6356238126754761,0.5091761946678162,0.6123391389846802,0.28813907504081726,0.4463082551956177,0.42125481367111206,2.0
542,0.0,0.0,0.0,0.0,1.0,0.0,0.0,0.0,0.45754319429397583,0.8656378984451294,0.6985407471656799,0.41245701909065247,0.8146709203720093,0.7553587555885315,0.19490227103233337,0.35602089762687683,0.0
543,0.0,0.0,0.0,0.0,1.0,0.0,0.0,0.0,0.6465374827384949,0.7780107259750366,0.7162953615188599,0.767180323600769,0.6786019206047058,0.47023290395736694,0.2432919144630432,0.3637157380580902,1.0
544,1.0,1.0,1.0,1.0,1.0,1.0,1.0,0.0,0.6126565337181091,0.7958532571792603,0.816936731338501,0.8161131739616394,0.6836284399032593,0.3776490390300751,0.30192646384239197,0.48362383246421814,1.0
545,0.0,0.0,0.0,0.0,0.0,0.0,0.0,0.0,0.49863094091415405,0.8390085697174072,0.6611710786819458,0.3417167067527771,0.6945046186447144,0.7883943319320679,0.3383609652519226,0.39778998494148254,0.0
546,1.0,1.0,1.0,1.0,1.0,1.0,0.0,1.0,0.5131412744522095,0.8654869794845581,0.7717874050140381,0.6028239130973816,0.6752853989601135,0.6597691178321838,0.2078752964735031,0.6065346598625183,4.0
547,1.0,1.0,1.0,1.0,1.0,1.0,1.0,0.0,0.5164967775344849,0.8701406121253967,0.7739058136940002,0.6247745752334595,0.7091913223266602,0.6896006464958191,0.16156750917434692,0.5729854106903076,0.0
548,0.0,0.0,0.0,0.0,0.0,0.0,0.0,0.0,0.5495738983154297,0.8509972095489502,0.7306562662124634,0.3735138773918152,0.7469781637191772,0.7869850993156433,0.25873467326164246,0.45207130908966064,0.0
549,1.0,1.0,1.0,1.0,1.0,1.0,1.0,1.0,0.5029076337814331,0.8729480504989624,0.7873040437698364,0.603309154510498,0.7537156343460083,0.7345548868179321,0.1896236389875412,0.5043269395828247,0.0
550,0.0,0.0,0.0,0.0,0.0,0.0,0.0,0.0,0.47358980774879456,0.8090763688087463,0.5360445380210876,0.33145400881767273,0.6486949920654297,0.8047370314598083,0.3570255935192108,0.3213675320148468,3.0
551,0.0,0.0,0.0,0.0,0.0,0.0,0.0,0.0,0.560631513595581,0.670821487903595,0.6500253677368164,0.5378613471984863,0.5249269008636475,0.5559006929397583,0.6142445802688599,0.32987359166145325,1.0
552,0.0,0.0,0.0,0.0,0.0,0.0,0.0,0.0,0.5435675382614136,0.706109344959259,0.719809889793396,0.5391223430633545,0.6284379363059998,0.357499361038208,0.42071855068206787,0.3604693114757538,2.0
553,0.0,0.0,0.0,0.0,0.0,0.0,0.0,0.0,0.3994520902633667,0.7706918716430664,0.6226646304130554,0.3138827979564667,0.6982037425041199,0.7935591340065002,0.34651514887809753,0.48330315947532654,4.0
554,1.0,1.0,1.0,1.0,1.0,1.0,1.0,1.0,0.713968813419342,0.8223692774772644,0.7859161496162415,0.7177615165710449,0.6290959119796753,0.31219086050987244,0.3157476782798767,0.5873593688011169,2.0
555,1.0,1.0,1.0,1.0,1.0,1.0,0.0,0.0,0.492227166891098,0.8305684328079224,0.7526893019676208,0.5802555084228516,0.7806986570358276,0.7902002930641174,0.21666687726974487,0.5125046372413635,4.0
556,1.0,1.0,1.0,1.0,1.0,1.0,1.0,0.0,0.47568145394325256,0.8433111906051636,0.7843164801597595,0.6572527885437012,0.7546229958534241,0.7461634278297424,0.20948372781276703,0.5463604927062988,4.0
557,1.0,1.0,1.0,0.0,1.0,1.0,0.0,0.0,0.6644231677055359,0.7911112308502197,0.7873338460922241,0.7444067001342773,0.6175544857978821,0.48864978551864624,0.39516517519950867,0.5003328919410706,1.0
558,1.0,1.0,1.0,1.0,1.0,0.0,1.0,1.0,0.7585573196411133,0.8302030563354492,0.7685227990150452,0.6954834461212158,0.578502893447876,0.2201368808746338,0.22188520431518555,0.5880445241928101,2.0
559,0.0,0.0,0.0,0.0,0.0,0.0,0.0,0.0,0.48883751034736633,0.6309502720832825,0.6426135301589966,0.4645911753177643,0.6207137703895569,0.3332786560058594,0.44672098755836487,0.3955606520175934,2.0
560,0.0,0.0,0.0,0.0,0.0,0.0,0.0,0.0,0.4183610677719116,0.8545524477958679,0.7425735592842102,0.4816233813762665,0.7967020273208618,0.7557462453842163,0.26304998993873596,0.39424043893814087,4.0
561,0.0,0.0,0.0,0.0,0.0,0.0,0.0,0.0,0.42295974493026733,0.8159714937210083,0.6886367797851562,0.41525575518608093,0.7083280086517334,0.785563588142395,0.3300185799598694,0.4250331521034241,4.0
562,0.0,0.0,0.0,0.0,0.0,0.0,0.0,0.0,0.3894255757331848,0.7706236243247986,0.5520917773246765,0.33814844489097595,0.6702475547790527,0.7686759233474731,0.3698633909225464,0.30064454674720764,4.0
563,1.0,1.0,1.0,1.0,1.0,1.0,1.0,1.0,0.488966703414917,0.8461601734161377,0.780708909034729,0.6573354005813599,0.7067672610282898,0.7226392030715942,0.1981145441532135,0.5933416485786438,4.0
564,1.0,1.0,1.0,1.0,1.0,1.0,1.0,1.0,0.5304697155952454,0.8460850715637207,0.7529323697090149,0.6102412939071655,0.6762344241142273,0.7364748120307922,0.21085220575332642,0.6225611567497253,4.0
565,0.0,0.0,0.0,0.0,0.0,0.0,0.0,0.0,0.4151342511177063,0.8033633828163147,0.6147968173027039,0.41002485156059265,0.7244111895561218,0.8067009449005127,0.34617358446121216,0.4599844217300415,4.0
566,0.0,0.0,0.0,0.0,0.0,0.0,0.0,0.0,0.43688103556632996,0.8190310001373291,0.6757033467292786,0.3746274411678314,0.7220364809036255,0.7675571441650391,0.3236791491508484,0.46479570865631104,4.0
567,1.0,1.0,1.0,1.0,1.0,1.0,0.0,1.0,0.6475778222084045,0.823839545249939,0.8025376200675964,0.8048754930496216,0.7240133285522461,0.3190793991088867,0.2093837410211563,0.5671683549880981,2.0
568,1.0,1.0,1.0,1.0,1.0,1.0,0.0,1.0,0.7040796279907227,0.7908979058265686,0.7992435693740845,0.750076413154602,0.5864995121955872,0.438239187002182,0.36210811138153076,0.6368451118469238,1.0
569,0.0,0.0,0.0,0.0,0.0,0.0,0.0,0.0,0.4835307002067566,0.8376863598823547,0.6962316036224365,0.4208343029022217,0.7405533790588379,0.8140560388565063,0.29865825176239014,0.39521360397338867,3.0
570,1.0,1.0,1.0,1.0,1.0,1.0,1.0,0.0,0.692704439163208,0.8159387111663818,0.8133711814880371,0.7682226300239563,0.5929102301597595,0.39182785153388977,0.30918627977371216,0.5881067514419556,1.0
571,0.0,0.0,0.0,0.0,0.0,0.0,0.0,0.0,0.5094634890556335,0.8392171263694763,0.6840993762016296,0.3992202877998352,0.7108391523361206,0.792019248008728,0.30069708824157715,0.4396974742412567,3.0
572,1.0,1.0,1.0,1.0,1.0,0.0,1.0,1.0,0.6994383931159973,0.8054423332214355,0.7852884531021118,0.705176591873169,0.5184986591339111,0.4855166971683502,0.3995459973812103,0.6187757253646851,1.0
573,0.0,0.0,0.0,0.0,0.0,0.0,0.0,0.0,0.4408578872680664,0.7845677137374878,0.6699663996696472,0.3521632254123688,0.7943215370178223,0.8034470081329346,0.3201891779899597,0.4689396321773529,4.0
574,0.0,0.0,0.0,0.0,0.0,0.0,0.0,0.0,0.4127662479877472,0.8090276122093201,0.670361340045929,0.39624133706092834,0.7555587887763977,0.7879925966262817,0.27497825026512146,0.43538734316825867,4.0
575,1.0,1.0,1.0,1.0,1.0,1.0,1.0,1.0,0.7033377885818481,0.8042057752609253,0.7910520434379578,0.7852926850318909,0.6868909597396851,0.3488588333129883,0.24849945306777954,0.6331395506858826,2.0
576,1.0,1.0,1.0,1.0,1.0,1.0,1.0,0.0,0.4792472720146179,0.8598954081535339,0.7865762114524841,0.6082145571708679,0.6875177621841431,0.7091723084449768,0.19856876134872437,0.5966082811355591,0.0
577,1.0,1.0,1.0,1.0,1.0,1.0,1.0,1.0,0.542337954044342,0.859804093837738,0.7407097220420837,0.5674939155578613,0.6693838238716125,0.7203088402748108,0.21297791600227356,0.5779485702514648,4.0
578,0.0,1.0,1.0,1.0,1.0,0.0,1.0,0.0,0.5487223267555237,0.8678185343742371,0.7548980116844177,0.5053043365478516,0.7064007520675659,0.746740996837616,0.20582357048988342,0.5082752704620361,0.0
579,0.0,0.0,0.0,0.0,0.0,0.0,0.0,0.0,0.5720027685165405,0.8479486107826233,0.7154298424720764,0.4611831605434418,0.7165525555610657,0.7886911034584045,0.23277541995048523,0.49658241868019104,3.0
580,1.0,1.0,1.0,1.0,1.0,1.0,1.0,1.0,0.6277210712432861,0.8097606897354126,0.8215779066085815,0.8198652863502502,0.6925061345100403,0.3566916882991791,0.21241150796413422,0.5359159111976624,2.0
581,1.0,1.0,1.0,1.0,1.0,1.0,1.0,0.0,0.6228728294372559,0.8786420226097107,0.7620858550071716,0.5100429654121399,0.7098528742790222,0.6937383413314819,0.16581366956233978,0.5259640216827393,0.0
582,1.0,1.0,1.0,1.0,1.0,1.0,1.0,1.0,0.6842898726463318,0.8021444082260132,0.8168588876724243,0.7689570784568787,0.6489078998565674,0.32591933012008667,0.2877519130706787,0.576964795589447,2.0
583,1.0,1.0,1.0,1.0,1.0,0.0,0.0,1.0,0.6769440174102783,0.8083754777908325,0.8307400941848755,0.7619150280952454,0.5771726965904236,0.3889681398868561,0.35822778940200806,0.5770816802978516,1.0
584,1.0,1.0,1.0,1.0,1.0,0.0,0.0,1.0,0.6800829172134399,0.8140679001808167,0.8257514834403992,0.7586638927459717,0.5712066888809204,0.41376161575317383,0.3636818826198578,0.5782447457313538,1.0
585,0.0,0.0,0.0,0.0,0.0,0.0,0.0,0.0,0.46773019433021545,0.7880985736846924,0.6163855791091919,0.3199530243873596,0.7085070610046387,0.8019434213638306,0.32810768485069275,0.3155105710029602,0.0
586,1.0,1.0,1.0,1.0,1.0,0.0,1.0,1.0,0.5520131587982178,0.8500455021858215,0.7335830926895142,0.5199836492538452,0.6843777298927307,0.7866303324699402,0.24495862424373627,0.6115709543228149,3.0
587,1.0,1.0,1.0,1.0,1.0,1.0,1.0,1.0,0.5486016273498535,0.8699834942817688,0.7632173299789429,0.5563685297966003,0.7266203165054321,0.7031267285346985,0.21019844710826874,0.5686106085777283,0.0
588,0.0,0.0,0.0,0.0,1.0,0.0,0.0,0.0,0.7439445853233337,0.8215343356132507,0.7549222111701965,0.6975620985031128,0.5344066619873047,0.5248492360115051,0.3933211863040924,0.5348119139671326,1.0
589,0.0,0.0,0.0,0.0,0.0,0.0,0.0,0.0,0.540175199508667,0.6881658434867859,0.718540370464325,0.6040182113647461,0.5917681455612183,0.5711652040481567,0.5851106643676758,0.34041526913642883,1.0
590,0.0,0.0,0.0,0.0,0.0,0.0,0.0,0.0,0.49517667293548584,0.6398316025733948,0.7117670178413391,0.5422443151473999,0.5519853830337524,0.6006048917770386,0.6216533780097961,0.3259468674659729,1.0
591,0.0,0.0,1.0,1.0,1.0,0.0,0.0,0.0,0.6636080145835876,0.8327556252479553,0.8066860437393188,0.7847118377685547,0.6878737211227417,0.3194388747215271,0.1877249926328659,0.4595402777194977,2.0
592,0.0,0.0,0.0,0.0,0.0,0.0,0.0,0.0,0.34799858927726746,0.7343496680259705,0.616295337677002,0.31423866748809814,0.7430376410484314,0.8044291138648987,0.355875164270401,0.4037438929080963,4.0
593,0.0,0.0,0.0,0.0,0.0,0.0,0.0,0.0,0.6134119033813477,0.6849021315574646,0.6800663471221924,0.5154742002487183,0.6753556132316589,0.29390382766723633,0.4410555362701416,0.4122495949268341,2.0
594,1.0,1.0,1.0,1.0,1.0,1.0,0.0,0.0,0.511857271194458,0.8634431958198547,0.7874774932861328,0.6086132526397705,0.795726478099823,0.7178888916969299,0.16646838188171387,0.45056459307670593,0.0
595,0.0,0.0,0.0,0.0,0.0,0.0,0.0,0.0,0.47854912281036377,0.8252331614494324,0.6969160437583923,0.3594858944416046,0.7334414124488831,0.7959063649177551,0.280459463596344,0.42548173666000366,0.0
596,0.0,0.0,0.0,0.0,0.0,0.0,0.0,0.0,0.5563443303108215,0.7245914340019226,0.7517631649971008,0.634570837020874,0.6648171544075012,0.3576999604701996,0.4288586974143982,0.46768200397491455,2.0
597,0.0,0.0,0.0,0.0,0.0,0.0,1.0,0.0,0.7522832751274109,0.8033921718597412,0.7547158598899841,0.6674339175224304,0.5331873893737793,0.5495193004608154,0.38192710280418396,0.5951812267303467,1.0
598,0.0,0.0,0.0,0.0,0.0,0.0,0.0,0.0,0.5690221190452576,0.7343031764030457,0.7323411703109741,0.6269355416297913,0.6057196855545044,0.5913949608802795,0.5583479404449463,0.42955467104911804,1.0
599,1.0,1.0,1.0,1.0,1.0,1.0,1.0,1.0,0.7349228858947754,0.7856109142303467,0.7839561104774475,0.6826645731925964,0.5192641019821167,0.5016276240348816,0.3714987337589264,0.6498884558677673,1.0
600,1.0,1.0,1.0,1.0,1.0,1.0,1.0,0.0,0.47035646438598633,0.8464049696922302,0.7749040722846985,0.659734845161438,0.7834402918815613,0.7474198341369629,0.19523930549621582,0.5429714322090149,4.0
601,0.0,0.0,0.0,0.0,0.0,0.0,0.0,0.0,0.6317434310913086,0.7468555569648743,0.7536488175392151,0.6481350064277649,0.5933945178985596,0.5718222260475159,0.5227368474006653,0.504789412021637,1.0
602,1.0,1.0,1.0,1.0,1.0,1.0,0.0,0.0,0.6007512807846069,0.7804548144340515,0.8309807181358337,0.8028895854949951,0.6632071733474731,0.3925909101963043,0.3170449137687683,0.5103757977485657,1.0
603,0.0,0.0,0.0,0.0,0.0,0.0,0.0,0.0,0.5183277726173401,0.6944339871406555,0.7643960118293762,0.6273215413093567,0.613157331943512,0.5585422515869141,0.5939986109733582,0.3717620372772217,1.0
604,1.0,1.0,1.0,1.0,1.0,1.0,1.0,1.0,0.4515364468097687,0.8553380966186523,0.7899205684661865,0.6237765550613403,0.752095639705658,0.7440236806869507,0.19961296021938324,0.4969896078109741,0.0
605,1.0,1.0,1.0,0.0,1.0,0.0,0.0,0.0,0.7288322448730469,0.8105289340019226,0.7853834629058838,0.711127519607544,0.5689929723739624,0.5238597393035889,0.3971817195415497,0.6047998070716858,1.0
606,0.0,0.0,0.0,0.0,0.0,0.0,0.0,0.0,0.5072834491729736,0.8710062503814697,0.7758879661560059,0.4966181814670563,0.7741811871528625,0.7432391047477722,0.16719423234462738,0.41318756341934204,3.0
607,1.0,1.0,1.0,1.0,1.0,1.0,1.0,0.0,0.5479759573936462,0.8791221380233765,0.7659196853637695,0.5984821915626526,0.7052024006843567,0.7023980617523193,0.15868283808231354,0.5423011183738708,3.0
608,0.0,0.0,0.0,0.0,0.0,0.0,0.0,0.0,0.43537795543670654,0.7870352268218994,0.6210078597068787,0.29695820808410645,0.6218647360801697,0.7892627120018005,0.349587082862854,0.426688015460968,3.0
609,0.0,0.0,0.0,0.0,0.0,0.0,0.0,0.0,0.5177213549613953,0.8284069895744324,0.5071870684623718,0.3504568934440613,0.6711761355400085,0.7766388058662415,0.360177218914032,0.3059317171573639,3.0
610,0.0,0.0,0.0,0.0,0.0,0.0,0.0,0.0,0.44338783621788025,0.8033891320228577,0.6078640818595886,0.3470211327075958,0.7137665748596191,0.8105341196060181,0.3811599612236023,0.3478725850582123,3.0
611,1.0,1.0,1.0,0.0,1.0,1.0,1.0,0.0,0.5300785899162292,0.8612495064735413,0.7891224026679993,0.5862180590629578,0.77010178565979,0.7512653470039368,0.19767063856124878,0.49118420481681824,0.0
612,1.0,1.0,1.0,1.0,1.0,1.0,0.0,1.0,0.5697256922721863,0.8401041626930237,0.7367460131645203,0.5943368673324585,0.7315648794174194,0.7394590377807617,0.18976132571697235,0.5963928699493408,4.0
613,1.0,1.0,1.0,1.0,1.0,1.0,1.0,1.0,0.6807234883308411,0.7895745038986206,0.7942813634872437,0.7770668268203735,0.6585754156112671,0.3499123454093933,0.2660857141017914,0.6444997787475586,2.0
614,0.0,0.0,0.0,0.0,0.0,0.0,0.0,0.0,0.5385450720787048,0.8214594721794128,0.6775509119033813,0.3400896489620209,0.7094162106513977,0.792781412601471,0.300520658493042,0.5153676867485046,0.0
615,1.0,1.0,1.0,1.0,1.0,0.0,0.0,0.0,0.6273198127746582,0.882315456867218,0.7369475960731506,0.46968600153923035,0.6725936532020569,0.6517494320869446,0.20038947463035583,0.5076334476470947,0.0
616,1.0,1.0,0.0,1.0,0.0,0.0,1.0,1.0,0.7142737507820129,0.7938898205757141,0.7659143805503845,0.7266176342964172,0.6245517134666443,0.3183651864528656,0.3020249903202057,0.6104530096054077,2.0
617,0.0,1.0,0.0,0.0,0.0,0.0,0.0,0.0,0.6373605728149414,0.8704573512077332,0.7202804684638977,0.4310506582260132,0.6793486475944519,0.7180661559104919,0.1638723760843277,0.5203126668930054,0.0
618,1.0,1.0,1.0,1.0,1.0,1.0,1.0,1.0,0.5145320296287537,0.8714454770088196,0.7792903184890747,0.6159365773200989,0.7685835361480713,0.7259922623634338,0.16814005374908447,0.4692141115665436,0.0
619,0.0,1.0,1.0,1.0,1.0,1.0,0.0,0.0,0.35601121187210083,0.8584740161895752,0.7808173894882202,0.7039099931716919,0.778130829334259,0.7265334129333496,0.15703687071800232,0.3544103503227234,4.0
620,0.0,0.0,0.0,0.0,0.0,0.0,0.0,0.0,0.49600738286972046,0.8313813805580139,0.6803690791130066,0.3682250380516052,0.7557361125946045,0.7969751358032227,0.3075031042098999,0.44950661063194275,0.0
621,0.0,0.0,0.0,0.0,0.0,0.0,0.0,0.0,0.5151016116142273,0.6915637254714966,0.7098031044006348,0.5782817006111145,0.5621891617774963,0.5861679911613464,0.6196455359458923,0.3460428714752197,1.0
622,0.0,0.0,0.0,0.0,0.0,0.0,0.0,0.0,0.5329915285110474,0.6742836833000183,0.7426181435585022,0.5807616114616394,0.5698399543762207,0.5787875652313232,0.605556070804596,0.3986257016658783,1.0
623,1.0,0.0,1.0,1.0,1.0,0.0,0.0,0.0,0.6355453133583069,0.8839057683944702,0.7406262755393982,0.4295772314071655,0.6727728247642517,0.6534060835838318,0.1273047924041748,0.5309684872627258,3.0
624,1.0,1.0,1.0,1.0,1.0,1.0,1.0,0.0,0.5367833971977234,0.8665742874145508,0.7821199297904968,0.6494224667549133,0.7502334713935852,0.7004532217979431,0.2157435566186905,0.5143283009529114,3.0
625,0.0,0.0,0.0,0.0,0.0,0.0,0.0,0.0,0.44681316614151,0.8170207738876343,0.6500234603881836,0.33304888010025024,0.736691951751709,0.8116109371185303,0.31149592995643616,0.396058052778244,0.0
626,0.0,1.0,1.0,1.0,1.0,1.0,0.0,0.0,0.40230244398117065,0.8387759923934937,0.807116687297821,0.6967087984085083,0.7924233078956604,0.6859384775161743,0.1546759158372879,0.3465527594089508,0.0
627,1.0,1.0,1.0,0.0,1.0,0.0,1.0,0.0,0.6336939930915833,0.8796839118003845,0.7424725294113159,0.5239966511726379,0.6522210836410522,0.6894868016242981,0.13065692782402039,0.5511094927787781,3.0
628,0.0,0.0,0.0,0.0,0.0,0.0,0.0,0.0,0.5415351390838623,0.7259688377380371,0.7672544717788696,0.659324586391449,0.5972636938095093,0.5357953906059265,0.5779585838317871,0.35855916142463684,1.0
629,1.0,1.0,1.0,1.0,1.0,1.0,1.0,1.0,0.45205292105674744,0.8353369235992432,0.801826536655426,0.680805504322052,0.7836067080497742,0.7217181324958801,0.18938776850700378,0.4882110357284546,0.0
630,1.0,1.0,1.0,1.0,0.0,0.0,1.0,0.0,0.7626325488090515,0.8391544818878174,0.7595009207725525,0.6400108337402344,0.5849387645721436,0.18466538190841675,0.215285986661911,0.5574331283569336,2.0
631,0.0,0.0,0.0,0.0,0.0,0.0,1.0,0.0,0.6326432824134827,0.7788302898406982,0.783779501914978,0.6606060266494751,0.5608783960342407,0.4968719780445099,0.5126938223838806,0.481364369392395,1.0
632,0.0,0.0,0.0,0.0,1.0,0.0,0.0,0.0,0.47529247403144836,0.8371571898460388,0.6727495193481445,0.35486534237861633,0.7161605358123779,0.808137059211731,0.3098076581954956,0.44301649928092957,3.0
633,0.0,1.0,1.0,0.0,1.0,1.0,0.0,0.0,0.5317484736442566,0.8346704244613647,0.8304889798164368,0.697747528553009,0.7798718214035034,0.43319419026374817,0.13996562361717224,0.3555186688899994,2.0
634,0.0,0.0,0.0,0.0,0.0,0.0,0.0,0.0,0.504789412021637,0.6632493734359741,0.7083796858787537,0.5564003586769104,0.5515213012695312,0.5932214260101318,0.6193897724151611,0.36888131499290466,1.0
635,1.0,1.0,1.0,1.0,1.0,1.0,1.0,0.0,0.677647590637207,0.8039021492004395,0.7957594990730286,0.7812204957008362,0.6683240532875061,0.33034008741378784,0.242995023727417,0.6439165472984314,2.0
636,0.0,0.0,0.0,0.0,0.0,0.0,0.0,0.0,0.6125438809394836,0.7458670735359192,0.7688955068588257,0.641374409198761,0.7139115929603577,0.34220802783966064,0.4001721441745758,0.5021718740463257,2.0
637,1.0,1.0,1.0,0.0,1.0,0.0,0.0,0.0,0.643059253692627,0.8783099055290222,0.7200140953063965,0.5271608829498291,0.6605207324028015,0.6666591167449951,0.08821554481983185,0.5314777493476868,3.0
638,0.0,0.0,0.0,0.0,0.0,0.0,0.0,0.0,0.5459972023963928,0.8210157752037048,0.5509406328201294,0.3573533296585083,0.7340256571769714,0.7907941341400146,0.3505328297615051,0.3260156214237213,0.0
639,0.0,0.0,0.0,0.0,0.0,0.0,0.0,0.0,0.5079757571220398,0.8368874788284302,0.6756189465522766,0.39329037070274353,0.6866067051887512,0.7944450974464417,0.32237598299980164,0.39454033970832825,3.0
640,0.0,0.0,0.0,0.0,0.0,0.0,0.0,0.0,0.6168014407157898,0.874118447303772,0.7374944686889648,0.4808003306388855,0.6630708575248718,0.6619767546653748,0.1967913806438446,0.5623384714126587,3.0
641,1.0,1.0,1.0,1.0,1.0,1.0,1.0,1.0,0.5572031140327454,0.8799188733100891,0.7705912590026855,0.5866606831550598,0.6828991174697876,0.7018697261810303,0.1910972148180008,0.5379066467285156,3.0
642,1.0,1.0,1.0,1.0,1.0,1.0,0.0,1.0,0.47015589475631714,0.8510412573814392,0.7656878232955933,0.6238526105880737,0.7657414674758911,0.7503026127815247,0.17673596739768982,0.49545902013778687,4.0
643,0.0,1.0,1.0,1.0,1.0,1.0,1.0,0.0,0.5978280305862427,0.8214342594146729,0.8422220945358276,0.8222255110740662,0.7282765507698059,0.331645667552948,0.17833147943019867,0.48175743222236633,2.0
644,0.0,0.0,0.0,0.0,0.0,0.0,0.0,0.0,0.5597479939460754,0.6714240312576294,0.7008532881736755,0.5775460600852966,0.5767120122909546,0.5966423153877258,0.6138066053390503,0.3543861210346222,1.0
645,1.0,1.0,1.0,1.0,1.0,1.0,0.0,0.0,0.4856140613555908,0.8816652894020081,0.7901819348335266,0.6931639313697815,0.7221574783325195,0.6497052311897278,0.13707157969474792,0.46094515919685364,4.0
646,1.0,1.0,1.0,1.0,1.0,1.0,0.0,1.0,0.4839329421520233,0.8683768510818481,0.7721444368362427,0.6775444149971008,0.746926486492157,0.6915863156318665,0.13602115213871002,0.44313257932662964,4.0
647,1.0,1.0,1.0,1.0,1.0,1.0,1.0,0.0,0.46917399764060974,0.8581482768058777,0.7933799624443054,0.680335521697998,0.7645450234413147,0.7007594704627991,0.17245306074619293,0.4742622375488281,4.0
648,0.0,0.0,0.0,0.0,0.0,0.0,0.0,0.0,0.4986775517463684,0.8297892212867737,0.6903382539749146,0.40878474712371826,0.7355722784996033,0.8038236498832703,0.30579447746276855,0.44449329376220703,3.0
649,1.0,1.0,1.0,1.0,1.0,1.0,0.0,1.0,0.6705266237258911,0.7802598476409912,0.7895231246948242,0.7761266231536865,0.6774570345878601,0.48398321866989136,0.3696593940258026,0.538659393787384,1.0
650,0.0,0.0,0.0,0.0,0.0,0.0,0.0,0.0,0.5130602717399597,0.6907177567481995,0.7200884819030762,0.557875394821167,0.6755757331848145,0.3488703966140747,0.4421120285987854,0.4287722408771515,2.0
651,1.0,1.0,1.0,1.0,1.0,1.0,0.0,0.0,0.5438598990440369,0.8675727844238281,0.7884353399276733,0.6729183793067932,0.7557358741760254,0.6897861361503601,0.1622271090745926,0.4632977545261383,3.0
652,1.0,1.0,1.0,1.0,1.0,1.0,0.0,0.0,0.562167763710022,0.7699531316757202,0.7804563641548157,0.8224961757659912,0.7425404191017151,0.3990779519081116,0.1958257257938385,0.45588070154190063,2.0
653,1.0,1.0,1.0,1.0,1.0,1.0,1.0,1.0,0.682137131690979,0.8128618001937866,0.8074636459350586,0.7414402961730957,0.5816762447357178,0.47097209095954895,0.39940935373306274,0.5948007106781006,1.0
654,1.0,1.0,1.0,1.0,1.0,1.0,0.0,0.0,0.5288198590278625,0.8466120362281799,0.7615151405334473,0.6169455647468567,0.7463089823722839,0.7481896281242371,0.1865745335817337,0.5907168984413147,4.0
655,0.0,0.0,0.0,0.0,0.0,0.0,0.0,0.0,0.6326507329940796,0.6798842549324036,0.633100688457489,0.4899008870124817,0.6030182242393494,0.29666274785995483,0.4567647874355316,0.3724503219127655,2.0
656,1.0,1.0,1.0,1.0,1.0,1.0,1.0,1.0,0.5154483318328857,0.8586441278457642,0.7599740624427795,0.5285093188285828,0.6909314393997192,0.711544394493103,0.2196047008037567,0.5882648825645447,0.0
657,0.0,0.0,0.0,0.0,0.0,0.0,0.0,0.0,0.6278735399246216,0.7398785352706909,0.7530986666679382,0.640483558177948,0.6864352226257324,0.3512822985649109,0.40483254194259644,0.4807114601135254,2.0
658,1.0,1.0,1.0,1.0,1.0,1.0,1.0,0.0,0.4893035292625427,0.8707792162895203,0.7879917025566101,0.641962468624115,0.7636149525642395,0.7119517922401428,0.16918306052684784,0.4506435990333557,3.0
659,1.0,1.0,1.0,1.0,1.0,1.0,1.0,1.0,0.5712957382202148,0.8679604530334473,0.7757293581962585,0.6121625304222107,0.7123427391052246,0.7039108872413635,0.18745757639408112,0.5731545686721802,3.0
660,0.0,0.0,0.0,0.0,0.0,0.0,0.0,0.0,0.5629375576972961,0.7095035314559937,0.7227147817611694,0.6086841225624084,0.5548107028007507,0.5763635635375977,0.598783552646637,0.4199886620044708,1.0
661,0.0,0.0,0.0,0.0,0.0,0.0,0.0,0.0,0.3840254545211792,0.7808051109313965,0.536098301410675,0.3010260760784149,0.665382444858551,0.7829673886299133,0.3731966018676758,0.33169662952423096,4.0
662,0.0,0.0,0.0,0.0,0.0,0.0,0.0,0.0,0.5954247713088989,0.7542011737823486,0.7452914118766785,0.6888566017150879,0.6807600259780884,0.5413225293159485,0.5285072326660156,0.4186161160469055,1.0
663,0.0,0.0,0.0,0.0,0.0,0.0,0.0,0.0,0.4034281075000763,0.8322155475616455,0.7107089161872864,0.4344956576824188,0.7388436794281006,0.7744764089584351,0.2842702865600586,0.4389059841632843,4.0
664,1.0,1.0,1.0,1.0,1.0,1.0,1.0,1.0,0.6556155681610107,0.7973575592041016,0.7893198728561401,0.7354373931884766,0.6087588667869568,0.5310835242271423,0.4049326777458191,0.5838949084281921,1.0
665,0.0,0.0,0.0,0.0,0.0,0.0,0.0,0.0,0.5346412062644958,0.6926620006561279,0.7438193559646606,0.5988065004348755,0.5792468190193176,0.5437841415405273,0.5870416760444641,0.34063491225242615,1.0
666,1.0,1.0,1.0,1.0,1.0,1.0,1.0,1.0,0.6594922542572021,0.8369379639625549,0.8373540639877319,0.7836193442344666,0.6713201403617859,0.328163743019104,0.24249936640262604,0.52251797914505,2.0
667,0.0,0.0,0.0,0.0,0.0,0.0,0.0,0.0,0.5528599619865417,0.7110151648521423,0.7061902284622192,0.6014800071716309,0.6054872274398804,0.586319088935852,0.6014464497566223,0.4067939817905426,1.0
668,0.0,0.0,0.0,0.0,0.0,0.0,0.0,0.0,0.4795498251914978,0.8095901608467102,0.5895757675170898,0.3385355770587921,0.7187929749488831,0.790544331073761,0.31636568903923035,0.34697794914245605,0.0
669,1.0,1.0,1.0,1.0,1.0,1.0,0.0,0.0,0.4941425919532776,0.8875859975814819,0.7990560531616211,0.6143347024917603,0.7383987307548523,0.6892248392105103,0.16271784901618958,0.43219777941703796,0.0
670,0.0,0.0,0.0,0.0,0.0,0.0,0.0,0.0,0.5885533094406128,0.769802987575531,0.745487630367279,0.6547377109527588,0.6076407432556152,0.5425353050231934,0.5471448302268982,0.3809550702571869,1.0
671,1.0,1.0,1.0,0.0,1.0,1.0,0.0,0.0,0.5561120510101318,0.8764824867248535,0.7581507563591003,0.6003807783126831,0.7722957730293274,0.7255639433860779,0.12246987223625183,0.4649016857147217,3.0
672,1.0,0.0,1.0,1.0,1.0,1.0,0.0,0.0,0.5631129741668701,0.8727006316184998,0.8018477559089661,0.6435723900794983,0.6877672672271729,0.6443172097206116,0.16553831100463867,0.5106488466262817,3.0
673,0.0,1.0,0.0,0.0,1.0,1.0,0.0,0.0,0.5007926225662231,0.8390560746192932,0.7064979672431946,0.4499644935131073,0.7476537227630615,0.8069784045219421,0.2773215174674988,0.44724488258361816,0.0
674,1.0,1.0,1.0,1.0,1.0,1.0,1.0,1.0,0.5608974099159241,0.848292887210846,0.7353405356407166,0.5841074585914612,0.6650956273078918,0.7190176248550415,0.210527241230011,0.6155278086662292,4.0
675,1.0,1.0,1.0,1.0,1.0,1.0,1.0,1.0,0.4946744441986084,0.8673350811004639,0.780205249786377,0.6194769144058228,0.7279165387153625,0.7225372195243835,0.1877269446849823,0.4919135570526123,0.0
676,1.0,1.0,1.0,1.0,1.0,1.0,0.0,0.0,0.5397635698318481,0.8791337609291077,0.7892372012138367,0.649673342704773,0.7491499185562134,0.6969912052154541,0.15126881003379822,0.4616386294364929,3.0
677,0.0,0.0,0.0,0.0,0.0,0.0,0.0,0.0,0.6651708483695984,0.7764251828193665,0.77805095911026,0.7134421467781067,0.6053780317306519,0.4827553629875183,0.4732701778411865,0.5272393822669983,1.0
678,0.0,0.0,0.0,0.0,0.0,0.0,0.0,0.0,0.6040729880332947,0.7525918483734131,0.7776011228561401,0.6578216552734375,0.6122249364852905,0.5634317994117737,0.5179954767227173,0.49152809381484985,1.0
679,1.0,1.0,1.0,1.0,1.0,1.0,1.0,1.0,0.5628597736358643,0.8572237491607666,0.7475085258483887,0.5954636931419373,0.6977447867393494,0.7466158866882324,0.20997686684131622,0.6099050045013428,3.0
680,0.0,0.0,0.0,0.0,0.0,0.0,0.0,0.0,0.47445106506347656,0.817842423915863,0.6285556554794312,0.3434569537639618,0.7027862071990967,0.8081902265548706,0.37473270297050476,0.5144433379173279,3.0
681,1.0,1.0,1.0,1.0,1.0,1.0,1.0,1.0,0.5310371518135071,0.8436837792396545,0.7515473961830139,0.6276806592941284,0.7207270860671997,0.7444254159927368,0.19343097507953644,0.6084921956062317,4.0
682,1.0,1.0,1.0,1.0,1.0,1.0,1.0,1.0,0.5465514063835144,0.8513075709342957,0.7626033425331116,0.6313039660453796,0.7353145480155945,0.7435486912727356,0.20316928625106812,0.5917723774909973,3.0
683,1.0,1.0,1.0,1.0,1.0,1.0,1.0,1.0,0.49188390374183655,0.8272648453712463,0.7504752278327942,0.65221107006073,0.7540794014930725,0.739845871925354,0.18796026706695557,0.5995815992355347,4.0
684,0.0,0.0,0.0,0.0,0.0,0.0,0.0,0.0,0.588840663433075,0.7622247338294983,0.7809696793556213,0.649097740650177,0.756814181804657,0.34624844789505005,0.3730844259262085,0.5076190233230591,2.0
685,0.0,0.0,0.0,0.0,0.0,0.0,0.0,0.0,0.5781363248825073,0.7493452429771423,0.7171213030815125,0.6121252775192261,0.5888029336929321,0.5635620951652527,0.5693007111549377,0.35169529914855957,1.0
686,0.0,0.0,0.0,0.0,0.0,0.0,0.0,0.0,0.41485437750816345,0.7797526121139526,0.5930016040802002,0.33629927039146423,0.7237447500228882,0.7761532068252563,0.36399537324905396,0.38379836082458496,4.0
687,1.0,1.0,1.0,1.0,1.0,1.0,1.0,0.0,0.5092496275901794,0.8668829798698425,0.7837845683097839,0.6572484970092773,0.7266378402709961,0.7020546197891235,0.19594764709472656,0.5215989351272583,3.0
688,1.0,1.0,1.0,1.0,1.0,1.0,1.0,0.0,0.6891636252403259,0.7896991968154907,0.8012912273406982,0.7733491063117981,0.5959882736206055,0.35853785276412964,0.3563552498817444,0.6224246621131897,1.0
689,1.0,0.0,0.0,0.0,0.0,0.0,1.0,0.0,0.6389843225479126,0.7604889273643494,0.772576630115509,0.7253980040550232,0.648645281791687,0.545220136642456,0.477321594953537,0.5753459334373474,1.0
690,0.0,0.0,0.0,0.0,0.0,0.0,0.0,0.0,0.5556286573410034,0.7932218313217163,0.6024092435836792,0.3207947015762329,0.6965721249580383,0.8225957751274109,0.28028371930122375,0.5305089950561523,4.0
691,0.0,0.0,0.0,0.0,1.0,0.0,0.0,0.0,0.5787802934646606,0.8442361354827881,0.7338774800300598,0.4273186922073364,0.7173190116882324,0.780500590801239,0.30366620421409607,0.5197847485542297,3.0
692,0.0,0.0,0.0,0.0,0.0,0.0,0.0,0.0,0.5209600329399109,0.6690229177474976,0.683483898639679,0.5190197825431824,0.6407833695411682,0.33491945266723633,0.4340406358242035,0.42465484142303467,2.0
693,0.0,0.0,0.0,0.0,0.0,0.0,1.0,0.0,0.5024053454399109,0.8220255374908447,0.6312936544418335,0.3267895579338074,0.6757248640060425,0.7918174266815186,0.3259747326374054,0.44494935870170593,3.0
694,1.0,1.0,1.0,1.0,1.0,1.0,0.0,0.0,0.4814690351486206,0.8842325210571289,0.8142974972724915,0.6576518416404724,0.7597063183784485,0.6306856870651245,0.12547458708286285,0.4030762314796448,0.0
695,0.0,1.0,1.0,0.0,1.0,1.0,0.0,0.0,0.5505893230438232,0.8331106901168823,0.8211064338684082,0.6396308541297913,0.7760804891586304,0.3930618166923523,0.15220895409584045,0.4061754643917084,2.0
696,0.0,1.0,1.0,1.0,1.0,1.0,0.0,0.0,0.5263047814369202,0.8793759346008301,0.7789432406425476,0.5980205535888672,0.7384287714958191,0.7138772010803223,0.1699732095003128,0.43744418025016785,0.0
697,0.0,0.0,0.0,0.0,0.0,0.0,0.0,0.0,0.5865113735198975,0.7632622718811035,0.7978290915489197,0.638624370098114,0.6834918856620789,0.3468742370605469,0.4422040283679962,0.46400007605552673,2.0
698,1.0,1.0,1.0,1.0,1.0,1.0,1.0,1.0,0.5688952803611755,0.842803955078125,0.7379955053329468,0.5825262665748596,0.7336186766624451,0.7441632747650146,0.21290403604507446,0.614121675491333,4.0
699,0.0,0.0,0.0,0.0,0.0,0.0,0.0,0.0,0.5501970648765564,0.8070047497749329,0.6352988481521606,0.33937299251556396,0.7136610746383667,0.7915419936180115,0.2929301857948303,0.5346240997314453,4.0
700,0.0,0.0,0.0,0.0,0.0,0.0,0.0,0.0,0.5787937641143799,0.7367338538169861,0.7023369073867798,0.5503004193305969,0.6270512342453003,0.3515421748161316,0.44167718291282654,0.472207635641098,2.0
701,1.0,1.0,1.0,1.0,1.0,1.0,1.0,1.0,0.5570221543312073,0.8713347315788269,0.7783735990524292,0.6121243238449097,0.7216528058052063,0.6720913052558899,0.14895233511924744,0.5086370706558228,4.0
702,1.0,1.0,1.0,1.0,1.0,1.0,1.0,1.0,0.5512720346450806,0.8458216786384583,0.7596945762634277,0.6086255311965942,0.7370266318321228,0.732330322265625,0.20840761065483093,0.5972031950950623,4.0
703,0.0,0.0,0.0,0.0,0.0,0.0,0.0,0.0,0.5613976716995239,0.679015040397644,0.696282684803009,0.5911017656326294,0.5981255769729614,0.5923436284065247,0.6181539297103882,0.35576745867729187,1.0
704,1.0,1.0,1.0,1.0,1.0,1.0,1.0,1.0,0.4374295771121979,0.8672321438789368,0.8016027808189392,0.6812852025032043,0.7629348635673523,0.7097262740135193,0.16817858815193176,0.4784107506275177,0.0
705,1.0,1.0,1.0,1.0,1.0,1.0,0.0,0.0,0.5124396681785583,0.8857707977294922,0.7885333895683289,0.6607293486595154,0.7301317453384399,0.6603901386260986,0.1409890502691269,0.5081669688224792,0.0
706,0.0,1.0,1.0,1.0,1.0,1.0,0.0,0.0,0.34787553548812866,0.8482484221458435,0.8006436228752136,0.7111788988113403,0.8011345863342285,0.6878674030303955,0.12609247863292694,0.28849565982818604,0.0
707,1.0,1.0,1.0,1.0,1.0,1.0,1.0,0.0,0.5038231015205383,0.8618572950363159,0.7858112454414368,0.6541878581047058,0.7497079372406006,0.7301396131515503,0.20266610383987427,0.5041308999061584,3.0
708,0.0,0.0,0.0,0.0,0.0,0.0,0.0,0.0,0.5609927177429199,0.67851322889328,0.6990379095077515,0.5309790372848511,0.6207996606826782,0.3575149476528168,0.4600564241409302,0.47807052731513977,2.0
709,1.0,1.0,1.0,0.0,1.0,1.0,0.0,0.0,0.6273301839828491,0.86879962682724,0.708416759967804,0.455908864736557,0.6894177794456482,0.7230908870697021,0.14990423619747162,0.5322790145874023,3.0
710,0.0,0.0,0.0,0.0,0.0,0.0,0.0,0.0,0.547777533531189,0.8278548717498779,0.6669784784317017,0.41808584332466125,0.6949913501739502,0.8125126957893372,0.3012615740299225,0.5380037426948547,3.0
711,0.0,0.0,0.0,0.0,0.0,0.0,0.0,0.0,0.4675465524196625,0.8149265050888062,0.6669426560401917,0.3437356650829315,0.6725255250930786,0.7963182926177979,0.3712078630924225,0.4867052435874939,3.0
712,0.0,0.0,0.0,0.0,0.0,0.0,0.0,0.0,0.4572654664516449,0.8246557712554932,0.6974086761474609,0.34384557604789734,0.693476676940918,0.8091145753860474,0.308091938495636,0.4476765990257263,3.0
713,0.0,1.0,1.0,1.0,1.0,1.0,0.0,0.0,0.45225244760513306,0.8707391023635864,0.800809383392334,0.6252279281616211,0.7572473883628845,0.73047935962677,0.14521339535713196,0.4431399405002594,0.0
714,0.0,0.0,0.0,0.0,0.0,0.0,0.0,0.0,0.464325487613678,0.806780219078064,0.5761731266975403,0.3236466944217682,0.6748642325401306,0.817893922328949,0.35482457280158997,0.3292010724544525,3.0
715,0.0,0.0,0.0,0.0,0.0,0.0,0.0,0.0,0.4126172661781311,0.8072106242179871,0.6809597015380859,0.33502987027168274,0.6995595097541809,0.7843837141990662,0.30131199955940247,0.48428764939308167,0.0
716,0.0,0.0,0.0,0.0,0.0,0.0,0.0,0.0,0.5130941271781921,0.8240785002708435,0.5934035181999207,0.3347570598125458,0.7137840986251831,0.7886685132980347,0.35622504353523254,0.3604399859905243,0.0
717,0.0,0.0,0.0,0.0,0.0,0.0,0.0,0.0,0.594865083694458,0.6869676113128662,0.6703749299049377,0.5312408208847046,0.6516294479370117,0.33709821105003357,0.47496265172958374,0.40400511026382446,2.0
718,0.0,0.0,0.0,0.0,0.0,0.0,0.0,0.0,0.5784341096878052,0.7138183116912842,0.7402606010437012,0.5546740293502808,0.64876788854599,0.3221704661846161,0.4468466639518738,0.4932667016983032,2.0
719,0.0,1.0,1.0,0.0,1.0,1.0,0.0,0.0,0.606864869594574,0.8697413802146912,0.7596939206123352,0.5711528658866882,0.7324337363243103,0.6764600276947021,0.14028482139110565,0.5170567631721497,4.0
720,0.0,0.0,0.0,0.0,0.0,0.0,0.0,0.0,0.5695750117301941,0.7223622798919678,0.7305936813354492,0.5653033256530762,0.7131285667419434,0.34003230929374695,0.42167335748672485,0.46085986495018005,2.0
721,0.0,0.0,0.0,0.0,0.0,0.0,0.0,0.0,0.4832555055618286,0.8172389268875122,0.7140066027641296,0.44249364733695984,0.7843074798583984,0.8087514042854309,0.31084102392196655,0.4199897348880768,0.0
722,1.0,1.0,1.0,1.0,1.0,1.0,0.0,1.0,0.6668480634689331,0.7957233786582947,0.8030679225921631,0.8070403933525085,0.6864895224571228,0.33249929547309875,0.24957537651062012,0.6254644393920898,2.0
723,0.0,0.0,0.0,0.0,0.0,0.0,0.0,0.0,0.4349862337112427,0.8109490871429443,0.6673901677131653,0.34318846464157104,0.716836154460907,0.7969802618026733,0.306808203458786,0.34619084000587463,0.0
724,0.0,0.0,0.0,0.0,0.0,0.0,0.0,0.0,0.35546720027923584,0.7767407894134521,0.6196175813674927,0.3264922797679901,0.7229966521263123,0.804425835609436,0.3305267095565796,0.404794305562973,4.0
725,1.0,1.0,1.0,0.0,1.0,1.0,1.0,0.0,0.5278137922286987,0.865500271320343,0.7706707119941711,0.6199772953987122,0.7517361044883728,0.6927892565727234,0.14128048717975616,0.5101162791252136,4.0
726,1.0,1.0,1.0,1.0,1.0,1.0,1.0,0.0,0.5390263795852661,0.859965443611145,0.7526129484176636,0.6009581685066223,0.7242618799209595,0.7397039532661438,0.19853539764881134,0.5519528985023499,4.0
727,0.0,0.0,0.0,0.0,0.0,0.0,0.0,0.0,0.329080194234848,0.7372012138366699,0.528946578502655,0.27043822407722473,0.6529433131217957,0.806560754776001,0.3513025641441345,0.36107340455055237,4.0
728,0.0,0.0,0.0,0.0,0.0,0.0,0.0,0.0,0.4908621907234192,0.8351185321807861,0.7014796733856201,0.3839151859283447,0.7155058979988098,0.7924901247024536,0.3157147169113159,0.44223514199256897,3.0
729,1.0,1.0,1.0,1.0,1.0,1.0,0.0,0.0,0.46504664421081543,0.8259051442146301,0.759763240814209,0.6366034746170044,0.7467790842056274,0.7824037075042725,0.21369758248329163,0.5779315233230591,4.0
730,1.0,0.0,1.0,1.0,1.0,1.0,0.0,0.0,0.5775445103645325,0.8781943321228027,0.7790390253067017,0.5716215372085571,0.725745439529419,0.6666761636734009,0.11873532831668854,0.5044056177139282,3.0
731,0.0,0.0,0.0,0.0,0.0,0.0,0.0,0.0,0.6961612701416016,0.8503352999687195,0.8197600841522217,0.6996133923530579,0.6753444075584412,0.3178709149360657,0.20466792583465576,0.4838297367095947,2.0
732,0.0,1.0,1.0,1.0,1.0,1.0,1.0,0.0,0.6809777021408081,0.8299902081489563,0.8186138868331909,0.7701325416564941,0.6858266592025757,0.3264167904853821,0.2410883605480194,0.5012376308441162,2.0
733,1.0,1.0,1.0,1.0,1.0,0.0,0.0,0.0,0.532446026802063,0.8541715741157532,0.7340690493583679,0.5241314768791199,0.685636579990387,0.7271191477775574,0.23633258044719696,0.5443024635314941,4.0
734,0.0,0.0,0.0,0.0,0.0,0.0,0.0,0.0,0.5369267463684082,0.7034593224525452,0.7324898838996887,0.6076927781105042,0.6046250462532043,0.5690751671791077,0.5968289375305176,0.367750883102417,1.0
735,0.0,1.0,1.0,0.0,1.0,1.0,0.0,0.0,0.5215957760810852,0.8724142909049988,0.7457385063171387,0.5669849514961243,0.7725273966789246,0.7529327869415283,0.1330590695142746,0.4385230243206024,3.0
736,1.0,1.0,1.0,1.0,1.0,1.0,1.0,0.0,0.4907228648662567,0.8643972277641296,0.7764533162117004,0.6651107668876648,0.764165461063385,0.7341684103012085,0.182282954454422,0.5021841526031494,3.0
737,0.0,1.0,1.0,0.0,1.0,1.0,0.0,0.0,0.5055321455001831,0.8241816163063049,0.8212321400642395,0.6487813591957092,0.8106642961502075,0.39860841631889343,0.2161106914281845,0.3539673089981079,2.0
738,0.0,0.0,0.0,0.0,0.0,0.0,0.0,0.0,0.41763100028038025,0.7938036322593689,0.6196607351303101,0.3614303767681122,0.7418790459632874,0.7907767295837402,0.32510972023010254,0.42682740092277527,4.0
739,0.0,0.0,0.0,0.0,0.0,0.0,0.0,0.0,0.44799521565437317,0.7974399924278259,0.6320934295654297,0.3268885314464569,0.68809574842453,0.818044126033783,0.3574429154396057,0.41894081234931946,3.0
740,0.0,0.0,0.0,0.0,0.0,0.0,0.0,0.0,0.46719643473625183,0.7992285490036011,0.6560841202735901,0.3308500051498413,0.717976450920105,0.8122174739837646,0.3325763940811157,0.47006505727767944,0.0
741,1.0,1.0,1.0,1.0,1.0,1.0,1.0,1.0,0.45823752880096436,0.8447157144546509,0.7770610451698303,0.6194694638252258,0.7464480400085449,0.763603150844574,0.21947558224201202,0.5530942678451538,0.0
742,0.0,0.0,0.0,0.0,0.0,0.0,0.0,0.0,0.3569212853908539,0.7346800565719604,0.5829235315322876,0.3379543721675873,0.658859372138977,0.7758894562721252,0.33938270807266235,0.41357430815696716,4.0
743,1.0,1.0,1.0,1.0,1.0,1.0,1.0,1.0,0.4459165930747986,0.832476794719696,0.7734973430633545,0.6391008496284485,0.76300048828125,0.7511600255966187,0.22661340236663818,0.5482599139213562,0.0
744,1.0,1.0,1.0,1.0,1.0,1.0,1.0,1.0,0.5251940488815308,0.8587668538093567,0.7473993301391602,0.5892937183380127,0.7490376234054565,0.7700462341308594,0.22329135239124298,0.557612955570221,3.0
745,1.0,1.0,1.0,1.0,1.0,1.0,1.0,1.0,0.5857494473457336,0.8696921467781067,0.7519727945327759,0.6163690090179443,0.7300004959106445,0.7093576192855835,0.17382074892520905,0.5748794078826904,3.0
746,0.0,0.0,0.0,0.0,0.0,0.0,0.0,0.0,0.4546874165534973,0.8117647171020508,0.6767154932022095,0.38454216718673706,0.7307015061378479,0.8202843070030212,0.32695379853248596,0.3838038742542267,3.0
747,1.0,0.0,1.0,1.0,0.0,0.0,0.0,1.0,0.509308934211731,0.8428826928138733,0.7664042115211487,0.6148826479911804,0.7231081128120422,0.7156175971031189,0.19871316850185394,0.5920805335044861,4.0
748,0.0,0.0,0.0,0.0,0.0,0.0,0.0,0.0,0.35190168023109436,0.7963011264801025,0.6211288571357727,0.32188358902931213,0.6554076075553894,0.7120869755744934,0.30966269969940186,0.3835168778896332,4.0
749,0.0,0.0,0.0,0.0,1.0,0.0,0.0,0.0,0.600908100605011,0.7150048017501831,0.7248053550720215,0.5501635074615479,0.6861357092857361,0.32954078912734985,0.44311586022377014,0.4946618378162384,2.0
750,0.0,0.0,0.0,0.0,0.0,0.0,0.0,0.0,0.4966833293437958,0.8104715943336487,0.5863242745399475,0.35020607709884644,0.6739902496337891,0.804854154586792,0.3451835513114929,0.37441694736480713,3.0
751,0.0,0.0,0.0,0.0,0.0,0.0,1.0,0.0,0.6461470723152161,0.7500352263450623,0.7703632116317749,0.6760609745979309,0.5618657469749451,0.5593708753585815,0.5071966052055359,0.5762303471565247,1.0
752,1.0,1.0,1.0,1.0,1.0,1.0,1.0,1.0,0.54218590259552,0.8607142567634583,0.7552553415298462,0.6093053817749023,0.7203261256217957,0.7637944221496582,0.2058647871017456,0.6163113713264465,3.0
753,0.0,0.0,0.0,0.0,0.0,0.0,0.0,0.0,0.5141535401344299,0.8248779773712158,0.6211526989936829,0.35081204771995544,0.7347089648246765,0.80244380235672,0.34924790263175964,0.3360951840877533,0.0
754,0.0,0.0,0.0,0.0,0.0,0.0,0.0,0.0,0.613460898399353,0.757253885269165,0.7617465257644653,0.6259622573852539,0.5714747309684753,0.5423895120620728,0.550125777721405,0.389651358127594,1.0
755,0.0,0.0,0.0,0.0,0.0,0.0,0.0,0.0,0.7691307663917542,0.7715730667114258,0.71821528673172,0.6578179001808167,0.5398920178413391,0.4641873836517334,0.35622599720954895,0.5687559843063354,1.0
756,0.0,0.0,0.0,0.0,0.0,0.0,0.0,0.0,0.4816299080848694,0.8085861206054688,0.6075871586799622,0.3155590891838074,0.709956705570221,0.809919536113739,0.35616669058799744,0.42490315437316895,0.0
757,1.0,1.0,1.0,1.0,1.0,1.0,1.0,0.0,0.6204063892364502,0.7654588222503662,0.8064032793045044,0.8287900686264038,0.7392213344573975,0.3784942030906677,0.2271488755941391,0.5563435554504395,2.0
758,0.0,0.0,0.0,0.0,0.0,0.0,0.0,0.0,0.5431459546089172,0.8500757813453674,0.6626469492912292,0.29849669337272644,0.6746819615364075,0.7618389129638672,0.29430463910102844,0.49383801221847534,0.0
759,1.0,1.0,1.0,1.0,1.0,1.0,0.0,0.0,0.6053191423416138,0.8138539791107178,0.8356760144233704,0.8224138617515564,0.7091792821884155,0.33965930342674255,0.20434243977069855,0.46537014842033386,2.0
760,1.0,1.0,1.0,1.0,1.0,1.0,0.0,1.0,0.5839804410934448,0.8657458424568176,0.7510280609130859,0.5229007601737976,0.7255396246910095,0.7069503664970398,0.20895637571811676,0.5679066181182861,0.0
761,0.0,0.0,0.0,0.0,0.0,0.0,0.0,0.0,0.4947316646575928,0.8151405453681946,0.6067435145378113,0.322488933801651,0.6895330548286438,0.7857890129089355,0.3724929392337799,0.38158097863197327,0.0
762,1.0,1.0,1.0,1.0,1.0,1.0,0.0,0.0,0.7292376756668091,0.7855841517448425,0.7797372341156006,0.75398188829422,0.6424249410629272,0.32432132959365845,0.2419538050889969,0.65385901927948,2.0
763,0.0,0.0,0.0,0.0,0.0,0.0,0.0,0.0,0.399468332529068,0.8278313279151917,0.7181870937347412,0.45611411333084106,0.7700310349464417,0.8075587153434753,0.2717771828174591,0.4680432379245758,4.0
764,0.0,0.0,0.0,0.0,0.0,0.0,0.0,0.0,0.4871642589569092,0.8410549163818359,0.7534661889076233,0.43287569284439087,0.7546178102493286,0.7806182503700256,0.24073192477226257,0.5069224238395691,0.0
765,0.0,0.0,0.0,0.0,0.0,0.0,0.0,0.0,0.5677889585494995,0.6897480487823486,0.6695154905319214,0.5343902111053467,0.6365481019020081,0.3287995457649231,0.45910054445266724,0.410998672246933,2.0
766,0.0,0.0,0.0,0.0,0.0,0.0,0.0,0.0,0.4541241228580475,0.7884003520011902,0.6749935150146484,0.3807896077632904,0.7291990518569946,0.8005261421203613,0.2854307293891907,0.5445148348808289,4.0
767,1.0,1.0,1.0,1.0,1.0,1.0,1.0,1.0,0.6704325079917908,0.7945126295089722,0.8141118288040161,0.7747509479522705,0.6175614595413208,0.45304635167121887,0.3494926691055298,0.5926843881607056,1.0
768,0.0,0.0,0.0,0.0,0.0,0.0,0.0,0.0,0.45884791016578674,0.7970014810562134,0.5352264046669006,0.34934234619140625,0.6969339847564697,0.7707375288009644,0.3531090319156647,0.32976511120796204,4.0
769,1.0,1.0,1.0,0.0,1.0,0.0,1.0,0.0,0.5461679697036743,0.8554762601852417,0.7408570647239685,0.5547869801521301,0.7077190279960632,0.7188699245452881,0.22766810655593872,0.5527103543281555,4.0
770,0.0,0.0,0.0,0.0,0.0,0.0,0.0,0.0,0.5405415892601013,0.8533564209938049,0.7572999000549316,0.4504638910293579,0.6802228689193726,0.7582443952560425,0.2660178244113922,0.49591994285583496,3.0
771,1.0,1.0,1.0,1.0,1.0,0.0,1.0,0.0,0.4909558892250061,0.8620197176933289,0.7772755026817322,0.6511157155036926,0.7230973839759827,0.6677669286727905,0.1638229340314865,0.5034274458885193,4.0
772,0.0,0.0,0.0,0.0,0.0,0.0,0.0,0.0,0.44291508197784424,0.8231154084205627,0.6623846888542175,0.4469488561153412,0.772117555141449,0.8002278804779053,0.3125889301300049,0.39021724462509155,4.0
773,1.0,1.0,1.0,1.0,1.0,1.0,1.0,1.0,0.5845180749893188,0.8553187847137451,0.7605357766151428,0.5766546130180359,0.7357882857322693,0.7506946325302124,0.18160192668437958,0.5637375712394714,3.0
774,1.0,1.0,1.0,1.0,1.0,1.0,0.0,0.0,0.5926403999328613,0.8903510570526123,0.7734775543212891,0.5010395050048828,0.6816660761833191,0.669968843460083,0.16624075174331665,0.4805760085582733,0.0
775,0.0,1.0,1.0,1.0,1.0,1.0,0.0,0.0,0.47303298115730286,0.8646460771560669,0.7754085063934326,0.6827062368392944,0.7629891633987427,0.7037633657455444,0.16406522691249847,0.5267056226730347,4.0
776,0.0,1.0,1.0,1.0,1.0,1.0,0.0,0.0,0.49425700306892395,0.884299099445343,0.7814793586730957,0.6568081974983215,0.7357465028762817,0.6698342561721802,0.13553869724273682,0.4597131907939911,4.0
777,0.0,0.0,0.0,0.0,0.0,0.0,0.0,0.0,0.4801655411720276,0.8420330882072449,0.6480035781860352,0.36496931314468384,0.7017779350280762,0.8094695210456848,0.3099835216999054,0.3731004297733307,3.0
778,0.0,0.0,0.0,0.0,0.0,0.0,0.0,0.0,0.39880964159965515,0.7937641739845276,0.6586241126060486,0.32172632217407227,0.7254102826118469,0.8110204935073853,0.31191059947013855,0.36168915033340454,0.0
779,0.0,0.0,0.0,0.0,0.0,0.0,0.0,0.0,0.4076174795627594,0.7635588049888611,0.5180991888046265,0.3060401976108551,0.6743422746658325,0.7877486944198608,0.38137394189834595,0.37494322657585144,4.0
780,0.0,1.0,1.0,1.0,1.0,1.0,0.0,0.0,0.7130678296089172,0.801049530506134,0.7974749803543091,0.7775492072105408,0.6049895286560059,0.3450615704059601,0.2832348346710205,0.5951342582702637,1.0
781,0.0,0.0,0.0,0.0,0.0,0.0,0.0,0.0,0.4671477675437927,0.8203768134117126,0.7046956419944763,0.3931446969509125,0.7433878183364868,0.8119943141937256,0.3105858266353607,0.388063907623291,3.0
782,1.0,1.0,1.0,1.0,1.0,1.0,1.0,0.0,0.5053488612174988,0.870771050453186,0.7728744149208069,0.628800094127655,0.749515950679779,0.7202746868133545,0.16464677453041077,0.48468589782714844,4.0
783,1.0,1.0,1.0,1.0,1.0,1.0,1.0,0.0,0.6088032722473145,0.8072335720062256,0.8005204200744629,0.8166434168815613,0.7376880049705505,0.36086416244506836,0.21018049120903015,0.45805975794792175,2.0
784,0.0,0.0,0.0,0.0,1.0,0.0,0.0,0.0,0.4684647023677826,0.8238909244537354,0.7928718328475952,0.7654018402099609,0.7426310777664185,0.46933653950691223,0.32420918345451355,0.26618874073028564,1.0
785,1.0,1.0,1.0,1.0,1.0,1.0,1.0,1.0,0.6781640648841858,0.8290125727653503,0.8082040548324585,0.7840515375137329,0.6962377429008484,0.33181852102279663,0.20559805631637573,0.5020260214805603,2.0
786,1.0,1.0,1.0,1.0,1.0,1.0,0.0,0.0,0.6079993844032288,0.8854085803031921,0.756581723690033,0.6051793098449707,0.7072591781616211,0.6159368753433228,0.1289587914943695,0.5181330442428589,3.0
787,1.0,1.0,1.0,1.0,1.0,1.0,1.0,1.0,0.5625849962234497,0.8566888570785522,0.7607481479644775,0.5781829357147217,0.7286690473556519,0.753997266292572,0.21624277532100677,0.5807269811630249,3.0
788,0.0,0.0,0.0,0.0,0.0,0.0,0.0,0.0,0.5931396484375,0.7046074271202087,0.7028072476387024,0.5646429061889648,0.6598202586174011,0.3358509838581085,0.4602038264274597,0.5227783918380737,2.0
789,0.0,0.0,0.0,0.0,0.0,0.0,0.0,0.0,0.47344082593917847,0.8302341103553772,0.725633978843689,0.4646676480770111,0.7555868625640869,0.8163967728614807,0.30961012840270996,0.4376674294471741,3.0
790,0.0,0.0,0.0,0.0,0.0,0.0,0.0,0.0,0.6004726886749268,0.7221759557723999,0.7259924411773682,0.6106902956962585,0.5516371130943298,0.5544813275337219,0.5880071520805359,0.37778422236442566,1.0
791,0.0,0.0,0.0,0.0,1.0,0.0,0.0,0.0,0.3808900713920593,0.8279737830162048,0.7251012325286865,0.503339409828186,0.7921656966209412,0.7903603315353394,0.2983050048351288,0.3714878261089325,4.0
792,0.0,0.0,0.0,0.0,0.0,0.0,0.0,0.0,0.46719834208488464,0.8132708072662354,0.6168449521064758,0.3252660036087036,0.7067734599113464,0.8046197891235352,0.33208170533180237,0.3955206274986267,3.0
793,0.0,0.0,0.0,0.0,0.0,0.0,0.0,0.0,0.6296860575675964,0.770412266254425,0.7937026023864746,0.6918095946311951,0.6008186340332031,0.5739965438842773,0.4815569221973419,0.5238254070281982,1.0
794,0.0,0.0,0.0,0.0,0.0,0.0,0.0,0.0,0.42427510023117065,0.7553205490112305,0.5152762532234192,0.30074343085289,0.6610229015350342,0.7602788209915161,0.3464614450931549,0.3791963756084442,4.0
795,1.0,1.0,1.0,1.0,1.0,1.0,1.0,1.0,0.49156028032302856,0.8452515006065369,0.7778817415237427,0.6307689547538757,0.7484684586524963,0.7356488704681396,0.22611573338508606,0.5619642734527588,4.0
796,0.0,0.0,0.0,0.0,0.0,0.0,0.0,0.0,0.4904114902019501,0.8224237561225891,0.635441243648529,0.3578245937824249,0.7343907952308655,0.8056312203407288,0.33026230335235596,0.42895403504371643,0.0
797,1.0,1.0,1.0,1.0,1.0,1.0,1.0,1.0,0.4720124304294586,0.8737704753875732,0.7929961085319519,0.6626474857330322,0.7526851296424866,0.6807732582092285,0.14080652594566345,0.43003275990486145,3.0
798,0.0,0.0,0.0,0.0,0.0,0.0,0.0,0.0,0.42030543088912964,0.7907365560531616,0.5491804480552673,0.2701745629310608,0.7082746028900146,0.8163891434669495,0.33530664443969727,0.373614102602005,0.0
799,0.0,0.0,0.0,0.0,0.0,0.0,0.0,0.0,0.4782572388648987,0.8337669968605042,0.6787803173065186,0.35004788637161255,0.7552892565727234,0.8047782778739929,0.29312777519226074,0.41343677043914795,0.0
800,0.0,0.0,0.0,0.0,0.0,0.0,0.0,0.0,0.4863637387752533,0.8297736048698425,0.6796087622642517,0.35360488295555115,0.7741926908493042,0.790519118309021,0.3059708774089813,0.40629276633262634,0.0
801,0.0,0.0,0.0,0.0,0.0,0.0,0.0,0.0,0.5404194593429565,0.8334275484085083,0.6562009453773499,0.35632219910621643,0.7189319729804993,0.7859145402908325,0.31502312421798706,0.4806484878063202,0.0
802,0.0,0.0,0.0,0.0,0.0,0.0,0.0,0.0,0.5240838527679443,0.834619402885437,0.6950497031211853,0.39436694979667664,0.7495899796485901,0.7824240326881409,0.292782723903656,0.4604097604751587,0.0
803,0.0,0.0,0.0,0.0,0.0,0.0,0.0,0.0,0.571636974811554,0.8418957591056824,0.693608283996582,0.4059321880340576,0.6936598420143127,0.7887476682662964,0.24828942120075226,0.5322264432907104,3.0
804,0.0,0.0,0.0,0.0,0.0,0.0,0.0,0.0,0.37476846575737,0.7772272825241089,0.5991485118865967,0.30345630645751953,0.711041271686554,0.7997531294822693,0.3433585464954376,0.45934972167015076,4.0
805,1.0,1.0,1.0,1.0,1.0,1.0,1.0,1.0,0.550318717956543,0.8523458242416382,0.7595133185386658,0.5471155643463135,0.7337100505828857,0.7487891316413879,0.2031404823064804,0.5441914200782776,4.0
806,0.0,0.0,0.0,0.0,1.0,0.0,0.0,0.0,0.5627580881118774,0.7681909203529358,0.7562126517295837,0.7663441896438599,0.7200654149055481,0.474086195230484,0.4024084508419037,0.3466166853904724,1.0
807,1.0,1.0,1.0,1.0,1.0,1.0,0.0,0.0,0.5894898772239685,0.8740938901901245,0.7748470902442932,0.5989635586738586,0.7229076027870178,0.6878002882003784,0.22392456233501434,0.48561450839042664,3.0
808,1.0,1.0,1.0,1.0,1.0,0.0,0.0,0.0,0.536212146282196,0.8632987141609192,0.7802467346191406,0.6185170412063599,0.7737463116645813,0.7025460004806519,0.16580018401145935,0.47381791472435,0.0
809,1.0,1.0,1.0,0.0,1.0,0.0,1.0,0.0,0.6059733629226685,0.8655383586883545,0.7266350388526917,0.5136722326278687,0.6731800436973572,0.749704897403717,0.21877935528755188,0.5417318940162659,3.0
810,0.0,0.0,0.0,0.0,0.0,0.0,0.0,0.0,0.6238400936126709,0.6944708824157715,0.6470264792442322,0.5693204402923584,0.5553548336029053,0.5318012833595276,0.5913279056549072,0.3308967053890228,1.0
811,0.0,1.0,1.0,1.0,1.0,1.0,1.0,0.0,0.5146791934967041,0.8745746612548828,0.7588383555412292,0.6488963961601257,0.7510573863983154,0.6714211702346802,0.14337722957134247,0.4495334029197693,3.0
812,1.0,1.0,1.0,1.0,1.0,1.0,1.0,0.0,0.4390574097633362,0.8613139390945435,0.7982276678085327,0.6785507202148438,0.7275460958480835,0.6954265236854553,0.20399156212806702,0.5020318627357483,4.0
813,0.0,0.0,0.0,0.0,0.0,0.0,0.0,0.0,0.5603339076042175,0.7123753428459167,0.697195291519165,0.5566414594650269,0.6714858412742615,0.3380194306373596,0.42437344789505005,0.4146691560745239,2.0
814,1.0,1.0,1.0,1.0,1.0,1.0,1.0,0.0,0.669838011264801,0.7980985641479492,0.8032327890396118,0.7970227599143982,0.6654977202415466,0.3892643451690674,0.31767159700393677,0.5193930268287659,1.0
815,1.0,1.0,1.0,1.0,1.0,1.0,1.0,1.0,0.4942866563796997,0.8700716495513916,0.7750403881072998,0.6275006532669067,0.6837743520736694,0.6714062690734863,0.20193186402320862,0.5541871190071106,4.0
816,0.0,0.0,0.0,0.0,0.0,0.0,0.0,0.0,0.5579172372817993,0.7548814415931702,0.744588315486908,0.6420974731445312,0.6095119118690491,0.5725541114807129,0.5883275270462036,0.38395968079566956,1.0
817,1.0,1.0,1.0,1.0,1.0,1.0,1.0,1.0,0.6985793709754944,0.8119636178016663,0.8072561621665955,0.7771949172019958,0.6708170771598816,0.3469107151031494,0.24425122141838074,0.6481691002845764,2.0
818,0.0,1.0,1.0,0.0,1.0,1.0,0.0,0.0,0.5447471737861633,0.8717471361160278,0.7899373173713684,0.5556647181510925,0.7835854887962341,0.725031852722168,0.15686385333538055,0.42582467198371887,4.0
819,1.0,1.0,1.0,1.0,1.0,1.0,1.0,0.0,0.6295990943908691,0.8416464924812317,0.8217079639434814,0.8042657375335693,0.7032636404037476,0.32789555191993713,0.14741788804531097,0.48594656586647034,2.0
820,0.0,0.0,0.0,0.0,0.0,0.0,0.0,0.0,0.49302271008491516,0.8269254565238953,0.537857174873352,0.3081633150577545,0.6480069756507874,0.7800086140632629,0.3574477434158325,0.3223055899143219,3.0
821,1.0,1.0,1.0,1.0,1.0,1.0,1.0,0.0,0.45899108052253723,0.8662607073783875,0.8029230833053589,0.6722734570503235,0.7731112241744995,0.7097577452659607,0.1660717874765396,0.43079909682273865,4.0
822,1.0,1.0,1.0,1.0,1.0,1.0,0.0,0.0,0.4195373058319092,0.8388785719871521,0.765960693359375,0.6737068891525269,0.7830179929733276,0.7397071719169617,0.14178980886936188,0.4154837131500244,0.0
823,1.0,1.0,1.0,1.0,1.0,1.0,0.0,1.0,0.6887144446372986,0.7822174429893494,0.7735132575035095,0.7558409571647644,0.631695568561554,0.31018391251564026,0.3011714518070221,0.6567983627319336,2.0
824,1.0,1.0,1.0,1.0,1.0,1.0,1.0,1.0,0.6536489129066467,0.7940260171890259,0.7959394454956055,0.7612076997756958,0.6528698205947876,0.48035234212875366,0.370033323764801,0.5732881426811218,1.0
825,1.0,1.0,1.0,1.0,1.0,1.0,0.0,0.0,0.5565070509910583,0.8742735981941223,0.7969967126846313,0.6434012055397034,0.7346543073654175,0.6563012003898621,0.15345729887485504,0.5017070770263672,3.0
826,1.0,1.0,1.0,1.0,1.0,1.0,1.0,1.0,0.6541870832443237,0.7980032563209534,0.8196868300437927,0.8064238429069519,0.6995787024497986,0.35828447341918945,0.27625808119773865,0.5765883922576904,2.0
827,1.0,1.0,1.0,1.0,1.0,1.0,1.0,1.0,0.6356468796730042,0.7396941184997559,0.7800413370132446,0.8046571016311646,0.6710531115531921,0.4026000201702118,0.27948370575904846,0.6895042657852173,2.0
828,0.0,1.0,1.0,1.0,1.0,1.0,0.0,0.0,0.6883622407913208,0.7958493828773499,0.8148101568222046,0.7922224402427673,0.647034227848053,0.3722839057445526,0.3173721730709076,0.5716455578804016,1.0
829,0.0,0.0,0.0,0.0,0.0,0.0,0.0,0.0,0.4977705180644989,0.8315656185150146,0.6827943325042725,0.3588206171989441,0.7315048575401306,0.804763674736023,0.32109031081199646,0.4809405207633972,0.0
830,0.0,0.0,0.0,0.0,0.0,0.0,0.0,0.0,0.612554669380188,0.693268895149231,0.6682782173156738,0.5681735277175903,0.5619584321975708,0.5420486330986023,0.5895364284515381,0.32008376717567444,1.0
831,1.0,1.0,1.0,1.0,1.0,1.0,1.0,1.0,0.4755587875843048,0.825165867805481,0.7483779191970825,0.6134213209152222,0.6918728351593018,0.7662888169288635,0.22519437968730927,0.6342341303825378,4.0
832,0.0,0.0,0.0,0.0,0.0,0.0,0.0,0.0,0.5806970000267029,0.7042341232299805,0.7264652252197266,0.5369672775268555,0.6287485957145691,0.33941125869750977,0.44115883111953735,0.5079759359359741,2.0
833,0.0,0.0,0.0,0.0,0.0,0.0,0.0,0.0,0.45852798223495483,0.8029727339744568,0.6571382284164429,0.31552979350090027,0.7226510643959045,0.808581531047821,0.3317245543003082,0.43878236413002014,0.0
834,0.0,1.0,1.0,0.0,1.0,0.0,0.0,0.0,0.6417696475982666,0.8857598304748535,0.7500590682029724,0.5110803842544556,0.6811443567276001,0.6691038012504578,0.10857190936803818,0.5091913342475891,3.0
835,1.0,1.0,1.0,0.0,1.0,1.0,1.0,0.0,0.5545358061790466,0.8619641065597534,0.74839186668396,0.5666614770889282,0.7262280583381653,0.7587366104125977,0.195352241396904,0.5497013926506042,3.0
836,0.0,0.0,0.0,0.0,0.0,0.0,0.0,0.0,0.6055075526237488,0.669975757598877,0.5893213748931885,0.47784581780433655,0.5619569420814514,0.27271267771720886,0.45065903663635254,0.3405458331108093,2.0
837,0.0,0.0,0.0,0.0,0.0,0.0,0.0,0.0,0.546233057975769,0.6529625058174133,0.6163214445114136,0.492497980594635,0.5822040438652039,0.32326361536979675,0.49831733107566833,0.4652906656265259,2.0
838,0.0,0.0,0.0,0.0,0.0,0.0,0.0,0.0,0.46165087819099426,0.8064016699790955,0.5678450465202332,0.3618961572647095,0.7216781377792358,0.7857090830802917,0.359931081533432,0.3347218632698059,4.0
839,0.0,0.0,0.0,0.0,0.0,0.0,0.0,0.0,0.37922829389572144,0.7989537119865417,0.6423059105873108,0.3310352861881256,0.7447575330734253,0.7986307144165039,0.3280404210090637,0.46081772446632385,4.0
840,1.0,1.0,1.0,1.0,1.0,1.0,1.0,1.0,0.4713195860385895,0.843544602394104,0.7773193120956421,0.6415966749191284,0.7592777609825134,0.7421122789382935,0.2214713841676712,0.5748218297958374,4.0
841,1.0,1.0,1.0,1.0,1.0,1.0,1.0,1.0,0.46104201674461365,0.8431256413459778,0.7810571193695068,0.6059250235557556,0.704253077507019,0.748142421245575,0.2272227555513382,0.601546049118042,0.0
842,1.0,0.0,0.0,0.0,0.0,0.0,1.0,0.0,0.5302020907402039,0.8249459266662598,0.6624356508255005,0.41432973742485046,0.6961473822593689,0.812859833240509,0.30314573645591736,0.5215476155281067,3.0
843,0.0,0.0,0.0,0.0,0.0,0.0,0.0,0.0,0.5205962061882019,0.8198264837265015,0.6417447924613953,0.3545742928981781,0.767036497592926,0.7961972951889038,0.33520933985710144,0.36680859327316284,0.0
844,0.0,0.0,0.0,0.0,0.0,0.0,0.0,0.0,0.5197128653526306,0.8306231498718262,0.6478663086891174,0.3854612410068512,0.7111864686012268,0.8298506140708923,0.35375213623046875,0.424012690782547,0.0
845,0.0,0.0,1.0,0.0,1.0,0.0,0.0,0.0,0.5288493633270264,0.7630513906478882,0.7643162608146667,0.774023711681366,0.7203766703605652,0.45936551690101624,0.4395877718925476,0.36962682008743286,1.0
846,1.0,1.0,1.0,1.0,1.0,1.0,1.0,0.0,0.6872094869613647,0.8175715804100037,0.8196874856948853,0.7958887219429016,0.659990668296814,0.33149346709251404,0.2498205453157425,0.5910906791687012,2.0
847,0.0,0.0,0.0,0.0,0.0,0.0,0.0,0.0,0.4599890112876892,0.8213885426521301,0.6533633470535278,0.3659384548664093,0.711704432964325,0.8121842741966248,0.2972750961780548,0.40503934025764465,3.0
848,0.0,0.0,0.0,0.0,0.0,0.0,0.0,0.0,0.5550718307495117,0.7362222075462341,0.7609286308288574,0.6557310819625854,0.5904092788696289,0.5351197123527527,0.5673041343688965,0.39553403854370117,1.0
849,0.0,0.0,0.0,0.0,0.0,0.0,0.0,0.0,0.5693713426589966,0.7477216720581055,0.7789521813392639,0.5937143564224243,0.6873056292533875,0.346745103597641,0.41747021675109863,0.4756433665752411,2.0
850,1.0,1.0,1.0,1.0,1.0,1.0,1.0,0.0,0.6241886615753174,0.7888761758804321,0.8216452598571777,0.803520679473877,0.6783377528190613,0.38925230503082275,0.29308801889419556,0.5613126158714294,2.0
851,0.0,1.0,1.0,0.0,1.0,1.0,0.0,0.0,0.5098660588264465,0.8124030828475952,0.7461746335029602,0.765648365020752,0.76007080078125,0.40482237935066223,0.18036580085754395,0.2716454863548279,1.0
852,1.0,0.0,1.0,1.0,1.0,0.0,1.0,1.0,0.7344949245452881,0.7977868914604187,0.7993245124816895,0.6924661993980408,0.474827378988266,0.422436386346817,0.3834218978881836,0.6609649658203125,1.0
853,0.0,0.0,0.0,0.0,0.0,0.0,0.0,0.0,0.47422704100608826,0.6512085199356079,0.6792699098587036,0.519494891166687,0.51923668384552,0.5944809913635254,0.6320786476135254,0.3363139033317566,1.0
854,1.0,1.0,1.0,1.0,1.0,1.0,1.0,1.0,0.4939815402030945,0.8651568293571472,0.7701080441474915,0.6582862138748169,0.779013991355896,0.6605678796768188,0.14128638803958893,0.43531808257102966,0.0
855,0.0,0.0,0.0,0.0,0.0,0.0,0.0,0.0,0.5198091268539429,0.6862780451774597,0.7693994045257568,0.6103440523147583,0.5825967788696289,0.5546237826347351,0.5914160013198853,0.3791651725769043,1.0
856,0.0,1.0,1.0,0.0,1.0,1.0,0.0,0.0,0.5124799609184265,0.8636177182197571,0.7746155261993408,0.5978332161903381,0.7645525336265564,0.7112275958061218,0.1640750914812088,0.4486545920372009,4.0
857,0.0,0.0,0.0,0.0,0.0,0.0,0.0,0.0,0.5578440427780151,0.6897706985473633,0.7144412994384766,0.5867621302604675,0.5618611574172974,0.5540876388549805,0.6015490889549255,0.31495314836502075,1.0
858,0.0,0.0,0.0,0.0,0.0,0.0,0.0,0.0,0.42028889060020447,0.7850789427757263,0.6078276634216309,0.3151131868362427,0.697654128074646,0.8167535066604614,0.34179946780204773,0.3592110872268677,3.0
859,0.0,0.0,0.0,0.0,0.0,0.0,0.0,0.0,0.4629594683647156,0.8097940683364868,0.7085162401199341,0.3658420741558075,0.7317542433738708,0.7948272824287415,0.3163285553455353,0.41809600591659546,3.0
860,0.0,0.0,0.0,0.0,1.0,0.0,0.0,0.0,0.4613875150680542,0.8765825033187866,0.7788518071174622,0.6243536472320557,0.7126264572143555,0.7115398645401001,0.24034591019153595,0.4675043523311615,4.0
861,0.0,0.0,0.0,0.0,0.0,0.0,0.0,0.0,0.6189632415771484,0.7024291157722473,0.6531574130058289,0.5423811078071594,0.6431801319122314,0.3051578402519226,0.42504972219467163,0.40720587968826294,2.0
862,0.0,1.0,1.0,1.0,1.0,1.0,1.0,0.0,0.46802568435668945,0.8693371415138245,0.797813892364502,0.6977021098136902,0.7710683941841125,0.6709909439086914,0.1529926061630249,0.4439088702201843,4.0
863,0.0,0.0,0.0,0.0,0.0,0.0,0.0,0.0,0.44945892691612244,0.8326245546340942,0.6853922009468079,0.3484565019607544,0.7543850541114807,0.8054612874984741,0.31540346145629883,0.41931021213531494,0.0
864,0.0,1.0,1.0,1.0,1.0,1.0,0.0,0.0,0.46876025199890137,0.8620935082435608,0.7777244448661804,0.6592470407485962,0.7972120046615601,0.7268213033676147,0.1567000299692154,0.3571966290473938,0.0
865,0.0,0.0,0.0,0.0,0.0,0.0,0.0,0.0,0.6105442047119141,0.7213887572288513,0.7160758376121521,0.6055550575256348,0.5781254768371582,0.5368529558181763,0.5907090902328491,0.3604341149330139,1.0
866,0.0,0.0,0.0,0.0,0.0,0.0,0.0,0.0,0.6043810844421387,0.8687734603881836,0.7390452027320862,0.49394816160202026,0.689060389995575,0.7159125208854675,0.1521058827638626,0.5507277250289917,3.0
867,1.0,1.0,1.0,1.0,1.0,1.0,1.0,0.0,0.6123316287994385,0.8273060917854309,0.8225059509277344,0.8025978803634644,0.6913019418716431,0.3461351990699768,0.20518411695957184,0.4878441393375397,2.0
868,0.0,0.0,0.0,0.0,0.0,0.0,0.0,0.0,0.4529307782649994,0.8054637908935547,0.6090000867843628,0.3731113374233246,0.6964166760444641,0.8233777284622192,0.3717620372772217,0.36089888215065,3.0
869,0.0,1.0,1.0,1.0,1.0,1.0,0.0,0.0,0.5702815055847168,0.8240820169448853,0.8358703255653381,0.8363755345344543,0.7377946376800537,0.32087966799736023,0.1657576709985733,0.45073720812797546,2.0
870,0.0,0.0,0.0,0.0,0.0,0.0,0.0,0.0,0.49025464057922363,0.8408605456352234,0.6927207112312317,0.4150746166706085,0.7250407338142395,0.7999420762062073,0.31480705738067627,0.4154093265533447,3.0
871,0.0,0.0,0.0,0.0,0.0,0.0,0.0,0.0,0.44316190481185913,0.7645016312599182,0.6228269934654236,0.35815760493278503,0.7184375524520874,0.8093230724334717,0.3690418601036072,0.4971589148044586,4.0
872,0.0,0.0,0.0,0.0,0.0,0.0,0.0,0.0,0.5530183911323547,0.8426910042762756,0.6621161699295044,0.3492167890071869,0.6958621740341187,0.7838908433914185,0.31017667055130005,0.47838258743286133,0.0
873,1.0,1.0,1.0,1.0,1.0,1.0,1.0,0.0,0.6727868914604187,0.8467918634414673,0.7974187731742859,0.7294428944587708,0.7182497382164001,0.34239208698272705,0.1399776190519333,0.5060927867889404,2.0
874,1.0,1.0,1.0,1.0,1.0,1.0,1.0,1.0,0.4517253637313843,0.8200705051422119,0.7577930092811584,0.6306983232498169,0.6982119679450989,0.7794436812400818,0.21782372891902924,0.62271648645401,4.0
875,1.0,1.0,1.0,1.0,1.0,1.0,1.0,1.0,0.5000339150428772,0.8339259028434753,0.7635778784751892,0.6304692029953003,0.7171697020530701,0.7580625414848328,0.21275916695594788,0.6031739711761475,4.0
876,0.0,0.0,0.0,0.0,0.0,0.0,0.0,0.0,0.46719416975975037,0.7897114753723145,0.704139232635498,0.41352158784866333,0.7799920439720154,0.7686246633529663,0.3038938641548157,0.4964497685432434,4.0
877,1.0,0.0,1.0,1.0,1.0,0.0,0.0,0.0,0.5071499347686768,0.872077465057373,0.819865882396698,0.6689213514328003,0.7552314400672913,0.6758678555488586,0.15668347477912903,0.49738165736198425,0.0
878,1.0,0.0,1.0,1.0,0.0,0.0,0.0,0.0,0.5123729705810547,0.8802900910377502,0.7949551343917847,0.6448051333427429,0.6860126852989197,0.6284693479537964,0.17407941818237305,0.5539478063583374,4.0
879,1.0,1.0,1.0,1.0,1.0,1.0,1.0,0.0,0.5415014624595642,0.8792031407356262,0.7836788892745972,0.626011312007904,0.7408226728439331,0.6862297058105469,0.17377586662769318,0.5156182050704956,3.0
880,0.0,0.0,0.0,0.0,0.0,0.0,0.0,0.0,0.4946850538253784,0.8166142702102661,0.650402307510376,0.36489856243133545,0.7619993090629578,0.8009746670722961,0.33579614758491516,0.4246644377708435,0.0
881,1.0,1.0,1.0,1.0,1.0,1.0,1.0,0.0,0.5685744285583496,0.8832515478134155,0.7764670848846436,0.5735564827919006,0.6700901389122009,0.672661304473877,0.17366741597652435,0.48010095953941345,3.0
882,0.0,0.0,0.0,0.0,0.0,0.0,0.0,0.0,0.5008731484413147,0.8333463668823242,0.701342761516571,0.3968174457550049,0.7207607626914978,0.8091571927070618,0.3331618905067444,0.4963120222091675,3.0
883,1.0,1.0,1.0,1.0,1.0,1.0,1.0,1.0,0.5058107972145081,0.8486261367797852,0.748322069644928,0.6369054913520813,0.7446531057357788,0.7478919625282288,0.18642158806324005,0.5828271508216858,4.0
884,1.0,1.0,1.0,1.0,1.0,1.0,1.0,1.0,0.6085346937179565,0.7665027976036072,0.807140052318573,0.7470070123672485,0.616359531879425,0.5301228761672974,0.4259519875049591,0.5876600742340088,1.0
885,0.0,0.0,0.0,0.0,0.0,0.0,0.0,0.0,0.3640502989292145,0.7691691517829895,0.5717755556106567,0.3093673586845398,0.6976317763328552,0.7848857641220093,0.34206002950668335,0.3874439597129822,4.0
886,0.0,1.0,0.0,0.0,1.0,0.0,0.0,0.0,0.5016387104988098,0.8606287837028503,0.7447423338890076,0.5678443312644958,0.7838886976242065,0.7625986337661743,0.1523577868938446,0.46137064695358276,3.0
887,0.0,1.0,1.0,0.0,1.0,1.0,0.0,0.0,0.622588038444519,0.8834418654441833,0.7579054236412048,0.5520529747009277,0.6870787739753723,0.6799178123474121,0.14450693130493164,0.5290638208389282,3.0
888,0.0,0.0,0.0,0.0,0.0,0.0,0.0,0.0,0.6408087611198425,0.7727519273757935,0.7610631585121155,0.6148916482925415,0.6986179947853088,0.33190783858299255,0.374649316072464,0.5011394619941711,2.0
889,1.0,1.0,1.0,1.0,1.0,1.0,1.0,1.0,0.6441977024078369,0.781783938407898,0.8030064702033997,0.7946877479553223,0.6726470589637756,0.3690754175186157,0.2447107434272766,0.668961226940155,2.0
890,0.0,0.0,0.0,0.0,0.0,0.0,0.0,0.0,0.6643096804618835,0.7706454396247864,0.7429068088531494,0.6551836133003235,0.6024245023727417,0.5406878590583801,0.5206215381622314,0.4512750804424286,1.0
891,0.0,1.0,1.0,1.0,1.0,1.0,0.0,0.0,0.6369538307189941,0.85968416929245,0.8296010494232178,0.726030170917511,0.7248656153678894,0.3344184160232544,0.1254335343837738,0.46436557173728943,2.0
892,1.0,1.0,1.0,1.0,1.0,1.0,1.0,1.0,0.5039142370223999,0.8784489035606384,0.7859530448913574,0.6688690185546875,0.7368324995040894,0.6710695028305054,0.1373525708913803,0.4119974672794342,3.0
893,0.0,0.0,0.0,0.0,0.0,0.0,0.0,0.0,0.5698161125183105,0.7353487610816956,0.7514248490333557,0.6024133563041687,0.5506963133811951,0.5423431992530823,0.5880205035209656,0.3769221007823944,1.0
894,1.0,1.0,1.0,1.0,1.0,1.0,1.0,1.0,0.6426174640655518,0.7582086324691772,0.7924943566322327,0.8056402206420898,0.6611495614051819,0.3808460831642151,0.2731374502182007,0.7005906105041504,2.0
895,0.0,0.0,0.0,0.0,0.0,0.0,0.0,0.0,0.5228182673454285,0.8432691693305969,0.6755102872848511,0.4646839201450348,0.7122289538383484,0.7879102826118469,0.2742302119731903,0.4837307929992676,0.0
896,0.0,1.0,0.0,0.0,0.0,0.0,0.0,0.0,0.821800172328949,0.7720452547073364,0.6865458488464355,0.6095500588417053,0.43414047360420227,0.37809616327285767,0.17711247503757477,0.6236894130706787,1.0
897,0.0,0.0,0.0,0.0,0.0,0.0,0.0,0.0,0.4444969594478607,0.8091773390769958,0.6463989615440369,0.36752521991729736,0.7446519732475281,0.8020294904708862,0.31526070833206177,0.4431796967983246,4.0
898,1.0,1.0,1.0,1.0,1.0,1.0,1.0,1.0,0.6422379612922668,0.774379312992096,0.7818865776062012,0.8115059733390808,0.66920405626297,0.39559057354927063,0.24166882038116455,0.6725342869758606,2.0
899,1.0,1.0,1.0,1.0,1.0,1.0,1.0,1.0,0.57598477602005,0.8657907247543335,0.7585042715072632,0.5542861223220825,0.7024213671684265,0.68159019947052,0.18662360310554504,0.5707935094833374,0.0
900,0.0,1.0,1.0,0.0,1.0,1.0,0.0,0.0,0.5266312956809998,0.8855347037315369,0.7838383913040161,0.5555163025856018,0.7704887986183167,0.7239184975624084,0.11001470685005188,0.43121692538261414,0.0
901,0.0,0.0,0.0,0.0,0.0,0.0,0.0,0.0,0.4937230348587036,0.8615337610244751,0.7578988671302795,0.41648924350738525,0.7354097962379456,0.773295521736145,0.2163066267967224,0.3963731825351715,0.0
902,0.0,1.0,1.0,1.0,1.0,1.0,0.0,0.0,0.7326808571815491,0.8187257051467896,0.7709718942642212,0.736606240272522,0.5871238112449646,0.4027688205242157,0.3281416893005371,0.5844746232032776,1.0
903,0.0,0.0,0.0,0.0,0.0,0.0,0.0,0.0,0.4958508312702179,0.8155755400657654,0.5552246570587158,0.3332657217979431,0.6754150986671448,0.8132168054580688,0.35278186202049255,0.3311021327972412,3.0
904,1.0,1.0,0.0,0.0,1.0,0.0,0.0,0.0,0.7498918175697327,0.8159929513931274,0.748602569103241,0.6856176853179932,0.5314079523086548,0.46791699528694153,0.2971228361129761,0.6084400415420532,1.0
905,0.0,0.0,0.0,0.0,0.0,0.0,0.0,0.0,0.48795419931411743,0.8140189051628113,0.5500407814979553,0.33504027128219604,0.6816585063934326,0.8081271648406982,0.3692663609981537,0.3344841003417969,3.0
906,1.0,1.0,1.0,1.0,1.0,1.0,1.0,1.0,0.5564207434654236,0.8437163829803467,0.752933919429779,0.5931723713874817,0.7329132556915283,0.7450475692749023,0.2016720473766327,0.5949746370315552,4.0
907,0.0,0.0,0.0,0.0,0.0,0.0,0.0,0.0,0.4717167019844055,0.8276581764221191,0.6705902814865112,0.35238128900527954,0.7313563227653503,0.8022799491882324,0.33050045371055603,0.44851934909820557,0.0
908,0.0,0.0,0.0,0.0,1.0,1.0,0.0,0.0,0.46031978726387024,0.8561950922012329,0.7678329944610596,0.5997377634048462,0.7994420528411865,0.7428838014602661,0.16885802149772644,0.3783945143222809,4.0
909,1.0,1.0,1.0,0.0,1.0,0.0,1.0,1.0,0.6498674750328064,0.7996023893356323,0.8042102456092834,0.7448735237121582,0.6491947174072266,0.36804312467575073,0.29396364092826843,0.5669131278991699,2.0
910,1.0,1.0,1.0,1.0,1.0,1.0,1.0,1.0,0.6487910747528076,0.7784131169319153,0.8069677948951721,0.7998413443565369,0.6681771278381348,0.347014456987381,0.2900238633155823,0.6528052091598511,2.0
911,0.0,0.0,1.0,0.0,1.0,0.0,1.0,0.0,0.5499956011772156,0.8672116994857788,0.7828860878944397,0.47877711057662964,0.7706652283668518,0.7160331606864929,0.1448819935321808,0.46216708421707153,0.0
912,1.0,1.0,1.0,1.0,1.0,1.0,1.0,0.0,0.6596870422363281,0.7925615906715393,0.8231779336929321,0.7754483819007874,0.6726028323173523,0.3560276925563812,0.3196192681789398,0.519995927810669,2.0
913,0.0,0.0,0.0,0.0,0.0,0.0,0.0,0.0,0.6367501020431519,0.7843449711799622,0.7729175090789795,0.6784842610359192,0.7387978434562683,0.3507499694824219,0.3922228515148163,0.477434366941452,2.0
914,1.0,1.0,1.0,1.0,1.0,0.0,1.0,1.0,0.7286337018013,0.8170879483222961,0.784965991973877,0.7276704907417297,0.5712596774101257,0.2093167006969452,0.22762343287467957,0.6297149658203125,2.0
915,1.0,1.0,1.0,1.0,1.0,1.0,0.0,0.0,0.5362498164176941,0.8784648180007935,0.7859817743301392,0.6338769197463989,0.734308123588562,0.6740713715553284,0.1590232104063034,0.45633363723754883,3.0
916,0.0,0.0,0.0,0.0,0.0,0.0,0.0,0.0,0.48037707805633545,0.8181866407394409,0.6183090209960938,0.403795450925827,0.7135833501815796,0.8252840638160706,0.34862586855888367,0.4389338493347168,3.0
917,0.0,0.0,0.0,0.0,0.0,0.0,0.0,0.0,0.48095691204071045,0.8174504041671753,0.5782904624938965,0.36435064673423767,0.7166920304298401,0.8025673627853394,0.3760683834552765,0.41227269172668457,3.0
918,0.0,0.0,0.0,0.0,0.0,0.0,0.0,0.0,0.5209150910377502,0.799495279788971,0.6810657978057861,0.39919838309288025,0.7321670651435852,0.7813128232955933,0.29011136293411255,0.5313864946365356,4.0
919,1.0,1.0,1.0,1.0,1.0,1.0,0.0,1.0,0.6401665210723877,0.7814047336578369,0.8266911506652832,0.8054640293121338,0.6964209675788879,0.3793799877166748,0.2721160054206848,0.6051246523857117,2.0
920,1.0,1.0,1.0,1.0,1.0,1.0,0.0,1.0,0.6762197017669678,0.7604518532752991,0.7896487712860107,0.6996461749076843,0.5411191582679749,0.5030644536018372,0.49027377367019653,0.6606600284576416,1.0
921,0.0,0.0,0.0,0.0,0.0,0.0,0.0,0.0,0.4705592095851898,0.8096681833267212,0.63322913646698,0.33612900972366333,0.7122682929039001,0.8069784045219421,0.35109394788742065,0.34889569878578186,0.0
922,0.0,0.0,0.0,0.0,0.0,0.0,0.0,0.0,0.5836673378944397,0.7245922684669495,0.7628471255302429,0.6255413889884949,0.7114130258560181,0.35804155468940735,0.40675806999206543,0.43475237488746643,2.0
923,0.0,0.0,0.0,0.0,0.0,0.0,0.0,0.0,0.643047571182251,0.7524616718292236,0.744832456111908,0.6072925329208374,0.5437799096107483,0.5911046266555786,0.48862144351005554,0.6094781160354614,1.0
924,0.0,0.0,0.0,0.0,0.0,0.0,0.0,0.0,0.47476598620414734,0.8142160773277283,0.6424850225448608,0.3483237028121948,0.6942000985145569,0.8061398267745972,0.3731410503387451,0.4090552031993866,3.0
925,0.0,0.0,0.0,0.0,0.0,0.0,0.0,0.0,0.5370542407035828,0.8398169875144958,0.7112690806388855,0.40445786714553833,0.7489955425262451,0.7621824145317078,0.23415176570415497,0.4887915849685669,4.0
926,1.0,1.0,1.0,1.0,1.0,1.0,0.0,0.0,0.44625169038772583,0.8604298830032349,0.7757976651191711,0.6448259949684143,0.789570689201355,0.7400465607643127,0.1398220807313919,0.4313250482082367,3.0
927,1.0,1.0,1.0,1.0,1.0,1.0,0.0,0.0,0.5332721471786499,0.8772276043891907,0.7716761231422424,0.6126731634140015,0.7657737731933594,0.7118580937385559,0.1481287032365799,0.4660453796386719,0.0
928,1.0,1.0,1.0,1.0,1.0,1.0,1.0,1.0,0.5079455375671387,0.8514432311058044,0.7510272860527039,0.6004668474197388,0.7478773593902588,0.7839626669883728,0.22311128675937653,0.5732024312019348,3.0
929,1.0,1.0,1.0,1.0,1.0,1.0,1.0,0.0,0.6977041959762573,0.8345237970352173,0.7999315857887268,0.6437925100326538,0.6825685501098633,0.3726692795753479,0.19000278413295746,0.5246531367301941,2.0
930,1.0,1.0,1.0,1.0,1.0,1.0,1.0,1.0,0.629662275314331,0.7694377303123474,0.8109906315803528,0.7634600400924683,0.6106598377227783,0.5290923118591309,0.4035382568836212,0.5786382555961609,1.0
931,1.0,1.0,1.0,0.0,1.0,1.0,1.0,0.0,0.48609164357185364,0.8573131561279297,0.7585331201553345,0.48306816816329956,0.8228535056114197,0.7532138228416443,0.16459445655345917,0.3816389739513397,4.0
932,0.0,0.0,0.0,0.0,0.0,0.0,0.0,0.0,0.6023117899894714,0.7286034822463989,0.7495847940444946,0.6181686520576477,0.6045467853546143,0.545613169670105,0.563886284828186,0.42234525084495544,1.0
933,0.0,0.0,0.0,0.0,0.0,0.0,0.0,0.0,0.43596571683883667,0.7829087376594543,0.555471658706665,0.305814266204834,0.6999548673629761,0.7977938055992126,0.3644390106201172,0.3998102843761444,4.0
934,0.0,0.0,0.0,0.0,0.0,0.0,0.0,0.0,0.46835702657699585,0.8175743818283081,0.6524081230163574,0.3779639005661011,0.7019588947296143,0.7967442870140076,0.34749481081962585,0.41582924127578735,3.0
935,1.0,1.0,1.0,1.0,1.0,1.0,1.0,0.0,0.7072304487228394,0.7929925918579102,0.7763398289680481,0.7548865675926208,0.6110091209411621,0.4798354506492615,0.35658562183380127,0.6019073724746704,1.0
936,0.0,1.0,0.0,0.0,0.0,0.0,0.0,0.0,0.7776694297790527,0.8355537056922913,0.7787875533103943,0.6156536936759949,0.590225875377655,0.24344253540039062,0.21722131967544556,0.5478874444961548,2.0
937,1.0,1.0,1.0,1.0,1.0,1.0,0.0,0.0,0.5818201899528503,0.8830121159553528,0.7700100541114807,0.589970588684082,0.7469977140426636,0.6662210822105408,0.12463343888521194,0.4826928973197937,3.0
938,1.0,1.0,1.0,1.0,1.0,1.0,1.0,0.0,0.4911847412586212,0.8593943119049072,0.7697331309318542,0.60362309217453,0.7596076130867004,0.7597469091415405,0.17534004151821136,0.490329384803772,0.0
939,0.0,0.0,0.0,0.0,0.0,0.0,0.0,0.0,0.5526167750358582,0.8465160131454468,0.7271935343742371,0.4516183137893677,0.7469428777694702,0.7669606804847717,0.2391423135995865,0.4849725067615509,3.0
940,0.0,0.0,0.0,0.0,0.0,0.0,0.0,0.0,0.5479470491409302,0.6957240104675293,0.7331442832946777,0.5447871088981628,0.6758065819740295,0.3523535132408142,0.4133633077144623,0.39369288086891174,2.0
941,0.0,0.0,0.0,0.0,0.0,0.0,0.0,0.0,0.42479801177978516,0.7893688082695007,0.6070848107337952,0.352170467376709,0.6920833587646484,0.8081061244010925,0.36160844564437866,0.347532719373703,3.0
942,0.0,0.0,0.0,0.0,0.0,0.0,0.0,0.0,0.4221034049987793,0.7743234038352966,0.5427345037460327,0.320680171251297,0.6385574340820312,0.7604023814201355,0.3282684087753296,0.3553059697151184,4.0
943,0.0,0.0,0.0,0.0,0.0,0.0,0.0,0.0,0.453653484582901,0.8048853278160095,0.6551941633224487,0.3503357768058777,0.7024574279785156,0.8117291331291199,0.3228113055229187,0.45717868208885193,3.0
944,1.0,1.0,1.0,1.0,1.0,1.0,1.0,1.0,0.4728217124938965,0.8625436425209045,0.7851781845092773,0.6528640389442444,0.7417237162590027,0.6912372708320618,0.17089439928531647,0.534321665763855,0.0
945,0.0,0.0,0.0,0.0,0.0,0.0,0.0,0.0,0.45732858777046204,0.8069376349449158,0.5890972018241882,0.34815534949302673,0.7330495715141296,0.8197926878929138,0.3640502989292145,0.3828667998313904,3.0
946,1.0,1.0,1.0,1.0,1.0,1.0,1.0,1.0,0.46003955602645874,0.8665297031402588,0.7846277356147766,0.628372311592102,0.7402163147926331,0.7163019776344299,0.20652110874652863,0.5165895819664001,0.0
947,1.0,1.0,0.0,0.0,1.0,1.0,0.0,0.0,0.7573091983795166,0.792931079864502,0.7388141751289368,0.730313241481781,0.5650820136070251,0.39218243956565857,0.30617791414260864,0.6073764562606812,1.0
948,1.0,1.0,1.0,1.0,1.0,1.0,1.0,0.0,0.47664982080459595,0.8673285841941833,0.7791297435760498,0.6718979477882385,0.7454812526702881,0.7097498178482056,0.17980004847049713,0.5020514130592346,3.0
949,1.0,1.0,1.0,1.0,1.0,1.0,1.0,0.0,0.6053292751312256,0.8061370253562927,0.8313613533973694,0.8118389844894409,0.6998026371002197,0.3734663426876068,0.2910830080509186,0.5477708578109741,2.0
950,0.0,0.0,0.0,0.0,0.0,0.0,0.0,0.0,0.6883112788200378,0.8467985987663269,0.8033525943756104,0.7401055693626404,0.6785733103752136,0.3094898462295532,0.12531083822250366,0.5088905096054077,2.0
951,1.0,1.0,1.0,1.0,1.0,1.0,1.0,1.0,0.6142004132270813,0.761971116065979,0.8130499720573425,0.7903280854225159,0.6778198480606079,0.47240355610847473,0.3646795451641083,0.5530022978782654,1.0
952,0.0,1.0,1.0,0.0,1.0,1.0,0.0,0.0,0.5250574350357056,0.8743696212768555,0.771937370300293,0.6213931441307068,0.7686879634857178,0.7142388820648193,0.1463993340730667,0.46774864196777344,3.0
953,1.0,1.0,1.0,1.0,1.0,1.0,1.0,0.0,0.48155373334884644,0.8757450580596924,0.8177094459533691,0.6744555830955505,0.7370771765708923,0.6492612957954407,0.13878002762794495,0.4257926046848297,0.0
954,1.0,1.0,1.0,1.0,1.0,1.0,1.0,0.0,0.682372510433197,0.7904236316680908,0.8214547634124756,0.7722818851470947,0.6087507605552673,0.3725028336048126,0.33842089772224426,0.5904472470283508,1.0
955,0.0,0.0,0.0,0.0,0.0,0.0,0.0,0.0,0.3775056004524231,0.7670844793319702,0.5905205607414246,0.32125917077064514,0.7269946336746216,0.8048884868621826,0.3432897627353668,0.3658755123615265,4.0
956,1.0,1.0,1.0,1.0,1.0,1.0,1.0,1.0,0.6456880569458008,0.7755399346351624,0.8024880886077881,0.8014630675315857,0.6933730244636536,0.3660390079021454,0.2703969180583954,0.6282904148101807,2.0
957,0.0,0.0,1.0,0.0,0.0,0.0,0.0,0.0,0.4222564399242401,0.826579213142395,0.7106587886810303,0.4611789882183075,0.7590747475624084,0.7654847502708435,0.3043280243873596,0.45492857694625854,4.0
958,1.0,1.0,1.0,1.0,1.0,1.0,1.0,1.0,0.6557138562202454,0.7798107266426086,0.812521755695343,0.8028781414031982,0.6883474588394165,0.3973024785518646,0.24754774570465088,0.6272497177124023,2.0
959,1.0,1.0,1.0,1.0,1.0,1.0,1.0,1.0,0.48671314120292664,0.8343687057495117,0.7684542536735535,0.6584538817405701,0.7197659015655518,0.7411929965019226,0.2037820667028427,0.5989973545074463,4.0
960,0.0,0.0,0.0,0.0,0.0,0.0,0.0,0.0,0.5855777263641357,0.8610380291938782,0.7231840491294861,0.38298726081848145,0.6864333748817444,0.7286118865013123,0.19165341556072235,0.5055618286132812,3.0
961,1.0,1.0,1.0,1.0,1.0,1.0,1.0,1.0,0.4957472085952759,0.8541479706764221,0.7786867618560791,0.6043211817741394,0.7616390585899353,0.7528164386749268,0.20241759717464447,0.5323061943054199,0.0
962,0.0,0.0,0.0,0.0,0.0,0.0,0.0,0.0,0.5540878772735596,0.8399156332015991,0.7125049829483032,0.42136844992637634,0.7023240923881531,0.8058018088340759,0.26027897000312805,0.5054997801780701,3.0
963,1.0,1.0,1.0,1.0,1.0,1.0,1.0,1.0,0.6812639832496643,0.7916741967201233,0.7837957143783569,0.730292797088623,0.5763751864433289,0.5238206386566162,0.422282338142395,0.6155672073364258,1.0
964,0.0,0.0,0.0,0.0,0.0,0.0,0.0,0.0,0.5177266597747803,0.7681781053543091,0.79380863904953,0.7598780393600464,0.7243587374687195,0.49297404289245605,0.4400911331176758,0.3484286069869995,1.0
965,1.0,0.0,1.0,0.0,1.0,1.0,0.0,0.0,0.5493367314338684,0.8040489554405212,0.7793387174606323,0.7675979733467102,0.7292232513427734,0.4772779047489166,0.3554370701313019,0.3222218155860901,1.0
966,1.0,1.0,1.0,1.0,1.0,1.0,1.0,0.0,0.6783698797225952,0.7954245805740356,0.8102865815162659,0.763558030128479,0.6101626753807068,0.5020281076431274,0.36522176861763,0.5904662609100342,1.0
967,0.0,0.0,0.0,0.0,0.0,0.0,0.0,0.0,0.4598584771156311,0.8203030824661255,0.6895375847816467,0.3296622037887573,0.7128041386604309,0.8055701851844788,0.31602615118026733,0.3910524249076843,0.0
968,1.0,1.0,0.0,0.0,0.0,0.0,0.0,0.0,0.4916709065437317,0.8835102319717407,0.7692527174949646,0.6200039386749268,0.7036059498786926,0.6974995136260986,0.1950526088476181,0.4774090647697449,4.0
969,0.0,0.0,0.0,0.0,0.0,0.0,0.0,0.0,0.6936212182044983,0.7523121237754822,0.7699727416038513,0.6836788058280945,0.5428281426429749,0.412919819355011,0.49583736062049866,0.5476910471916199,1.0
970,0.0,0.0,0.0,0.0,0.0,0.0,0.0,0.0,0.5371459126472473,0.6945338249206543,0.7541324496269226,0.6194257140159607,0.56048983335495,0.5276812314987183,0.60450679063797,0.34341397881507874,1.0
971,1.0,1.0,1.0,1.0,1.0,1.0,0.0,1.0,0.6913692951202393,0.8107466697692871,0.792388379573822,0.783504843711853,0.6897127032279968,0.3518564701080322,0.22575505077838898,0.5914433002471924,2.0
972,0.0,0.0,0.0,0.0,0.0,0.0,0.0,0.0,0.4735654592514038,0.8019635677337646,0.6142606139183044,0.33511582016944885,0.7121663689613342,0.7997666597366333,0.3480101525783539,0.32838156819343567,0.0
973,0.0,0.0,0.0,0.0,0.0,0.0,0.0,0.0,0.4998622238636017,0.8210288882255554,0.6269491314888,0.3610142171382904,0.7197487950325012,0.8159452080726624,0.3370034694671631,0.36728882789611816,0.0
974,0.0,1.0,1.0,1.0,1.0,0.0,1.0,0.0,0.6492719650268555,0.8864402174949646,0.7351189851760864,0.5459367632865906,0.6443531513214111,0.647835373878479,0.18576332926750183,0.535601794719696,3.0
975,1.0,1.0,1.0,0.0,1.0,1.0,1.0,1.0,0.547413170337677,0.8543809652328491,0.7559386491775513,0.55878084897995,0.7268282771110535,0.7483439445495605,0.19812260568141937,0.5781810283660889,4.0
976,1.0,1.0,1.0,0.0,1.0,0.0,1.0,0.0,0.5842151641845703,0.8590149283409119,0.7073927521705627,0.5064570903778076,0.6928789615631104,0.7672144174575806,0.19914957880973816,0.5439416170120239,3.0
977,0.0,0.0,0.0,0.0,0.0,0.0,0.0,0.0,0.507997453212738,0.8247295022010803,0.6367990970611572,0.33961084485054016,0.7473857402801514,0.8101909160614014,0.3287602365016937,0.4284154176712036,0.0
978,1.0,1.0,1.0,0.0,1.0,1.0,0.0,0.0,0.4060668349266052,0.8021847605705261,0.7389981746673584,0.6121006608009338,0.7836883068084717,0.8044145107269287,0.27804309129714966,0.5063543319702148,4.0
979,0.0,0.0,1.0,0.0,0.0,0.0,0.0,0.0,0.6050398945808411,0.8621172904968262,0.7367504239082336,0.4375130832195282,0.6843109130859375,0.7022412419319153,0.1572980284690857,0.5086303353309631,0.0
980,0.0,0.0,0.0,0.0,0.0,0.0,0.0,0.0,0.575119137763977,0.6821965575218201,0.6773721575737,0.5557817816734314,0.562181293964386,0.581709086894989,0.5857916474342346,0.3123564124107361,1.0
981,1.0,1.0,1.0,1.0,1.0,1.0,1.0,1.0,0.5334367156028748,0.839373767375946,0.7583123445510864,0.626937747001648,0.737979531288147,0.7483280897140503,0.19842851161956787,0.595678448677063,4.0
982,0.0,0.0,0.0,0.0,0.0,0.0,0.0,0.0,0.48811206221580505,0.8346614241600037,0.7113664150238037,0.35109975934028625,0.6729696989059448,0.7889565825462341,0.30080050230026245,0.4640115201473236,3.0
983,1.0,1.0,1.0,1.0,1.0,0.0,0.0,0.0,0.7278152108192444,0.8354505896568298,0.8195325136184692,0.7643200755119324,0.6436131596565247,0.2547798156738281,0.1867729127407074,0.5481445789337158,2.0
984,1.0,1.0,1.0,1.0,1.0,1.0,0.0,0.0,0.4397590458393097,0.8575502634048462,0.7985564470291138,0.6900990009307861,0.779729425907135,0.7136190533638,0.1740521788597107,0.4826980233192444,0.0
985,1.0,1.0,1.0,1.0,1.0,1.0,0.0,0.0,0.5309901237487793,0.8690365552902222,0.7664331793785095,0.6160319447517395,0.7227320075035095,0.7090674042701721,0.17204393446445465,0.5203248858451843,4.0
986,1.0,1.0,1.0,1.0,1.0,1.0,1.0,1.0,0.567125678062439,0.8743273019790649,0.7733678221702576,0.6011350154876709,0.7139347791671753,0.7188223600387573,0.19365094602108002,0.5698451399803162,3.0
987,1.0,1.0,1.0,1.0,1.0,1.0,1.0,1.0,0.5603892803192139,0.8690211176872253,0.768523097038269,0.6001060605049133,0.7167959213256836,0.7286168932914734,0.20324067771434784,0.5834922790527344,3.0
988,1.0,1.0,1.0,1.0,1.0,1.0,0.0,1.0,0.573492169380188,0.8599284291267395,0.7523708939552307,0.5627531409263611,0.686454713344574,0.7279459238052368,0.18610334396362305,0.5787485837936401,4.0
989,0.0,0.0,0.0,0.0,0.0,0.0,0.0,0.0,0.4809018671512604,0.851681649684906,0.7309276461601257,0.4212537407875061,0.7377257347106934,0.7820688486099243,0.28307998180389404,0.43343260884284973,0.0
990,1.0,0.0,1.0,1.0,1.0,0.0,0.0,0.0,0.5103702545166016,0.854811429977417,0.7805388569831848,0.5714662671089172,0.7492696046829224,0.7573583126068115,0.21011120080947876,0.4885627031326294,0.0
991,0.0,0.0,1.0,0.0,1.0,0.0,0.0,0.0,0.46141916513442993,0.8467051982879639,0.7624666094779968,0.5070948600769043,0.79253751039505,0.7542458176612854,0.18445102870464325,0.44351625442504883,4.0
992,1.0,1.0,1.0,1.0,1.0,1.0,1.0,0.0,0.6199197173118591,0.8758354187011719,0.7626381516456604,0.534320592880249,0.7175490856170654,0.7108730673789978,0.1269066482782364,0.5241367220878601,3.0
993,1.0,1.0,1.0,1.0,1.0,1.0,1.0,0.0,0.45141884684562683,0.8377847671508789,0.8031983971595764,0.6703786849975586,0.7738059759140015,0.7240234613418579,0.18295739591121674,0.5293141007423401,0.0
994,1.0,1.0,1.0,1.0,1.0,1.0,1.0,0.0,0.5373145341873169,0.8082054257392883,0.8378893733024597,0.8456430435180664,0.7365300059318542,0.3330526351928711,0.1641634851694107,0.4142022132873535,2.0
995,0.0,0.0,0.0,0.0,0.0,0.0,0.0,0.0,0.6483979821205139,0.7778278589248657,0.7686246633529663,0.6573792695999146,0.5649733543395996,0.5064041018486023,0.5484045147895813,0.45518580079078674,1.0
996,0.0,0.0,0.0,0.0,0.0,0.0,0.0,0.0,0.46118950843811035,0.8194173574447632,0.7003740072250366,0.42696401476860046,0.7599233388900757,0.7807912230491638,0.3087283670902252,0.5221487283706665,4.0
997,0.0,0.0,0.0,0.0,0.0,0.0,0.0,0.0,0.4560602605342865,0.813905656337738,0.5980695486068726,0.34966129064559937,0.7111997604370117,0.8197664022445679,0.3734901547431946,0.38441234827041626,3.0
998,1.0,1.0,1.0,1.0,1.0,1.0,1.0,0.0,0.5069189667701721,0.8685455918312073,0.7594990730285645,0.6616352200508118,0.7455520033836365,0.7118592262268066,0.1802530586719513,0.526724636554718,3.0
999,0.0,0.0,0.0,0.0,0.0,0.0,0.0,0.0,0.5698680281639099,0.851306676864624,0.7428685426712036,0.4533574879169464,0.6747376322746277,0.7575334906578064,0.2784154713153839,0.5308492183685303,3.0
1000,0.0,0.0,0.0,0.0,0.0,0.0,0.0,0.0,0.605786919593811,0.7055166363716125,0.7121416926383972,0.5246222019195557,0.6384551525115967,0.3567909002304077,0.4948715269565582,0.42353978753089905,2.0
1001,0.0,0.0,0.0,0.0,0.0,0.0,0.0,0.0,0.48878246545791626,0.815264105796814,0.6238619685173035,0.3349533975124359,0.7134215831756592,0.8177372813224792,0.35593152046203613,0.3985109031200409,3.0
1002,1.0,1.0,1.0,1.0,1.0,1.0,0.0,1.0,0.6104716658592224,0.8721625804901123,0.7348758578300476,0.5271698832511902,0.6600794196128845,0.7020409107208252,0.20080000162124634,0.5525772571563721,3.0
1003,0.0,1.0,0.0,0.0,0.0,0.0,1.0,0.0,0.680906355381012,0.8735619187355042,0.7306123971939087,0.4872511923313141,0.6498990058898926,0.6977515816688538,0.18277719616889954,0.5899823307991028,3.0
1004,1.0,1.0,1.0,1.0,1.0,1.0,0.0,0.0,0.5751771330833435,0.883884847164154,0.7623863816261292,0.6100963950157166,0.70465087890625,0.6647377610206604,0.11995847523212433,0.4711664021015167,4.0
1005,1.0,1.0,1.0,1.0,1.0,0.0,1.0,1.0,0.5425052046775818,0.8632097244262695,0.7740222215652466,0.6040217280387878,0.7178360819816589,0.7370458245277405,0.21295519173145294,0.5776732563972473,3.0
1006,1.0,1.0,1.0,1.0,1.0,1.0,0.0,1.0,0.5401562452316284,0.8765825033187866,0.7668625116348267,0.6172300577163696,0.7304123640060425,0.7144473791122437,0.18250133097171783,0.5216171741485596,3.0
1007,1.0,1.0,1.0,0.0,1.0,1.0,0.0,0.0,0.6825050115585327,0.8329238891601562,0.7822780609130859,0.7484822273254395,0.6239640116691589,0.4753010869026184,0.36862054467201233,0.5428658723831177,1.0
1008,1.0,1.0,1.0,1.0,1.0,1.0,1.0,0.0,0.6347477436065674,0.7915238738059998,0.7785308957099915,0.7419846057891846,0.7179949283599854,0.5371291041374207,0.3945694863796234,0.47711509466171265,1.0
1009,0.0,0.0,0.0,0.0,0.0,0.0,0.0,0.0,0.5567125678062439,0.7126583456993103,0.7578408718109131,0.6273074150085449,0.5595584511756897,0.562588632106781,0.5968921780586243,0.4482284486293793,1.0
1010,0.0,0.0,0.0,0.0,0.0,0.0,0.0,0.0,0.39211371541023254,0.7712320685386658,0.5468160510063171,0.3262229859828949,0.6204308867454529,0.731484591960907,0.30751755833625793,0.36986202001571655,4.0
1011,1.0,1.0,1.0,1.0,1.0,1.0,1.0,1.0,0.5919280648231506,0.7686593532562256,0.8142597079277039,0.7897079586982727,0.6721809506416321,0.4831559658050537,0.3709922432899475,0.5259790420532227,1.0
1012,1.0,1.0,1.0,1.0,1.0,1.0,0.0,1.0,0.6647783517837524,0.7971852421760559,0.7954004406929016,0.7492696046829224,0.6578464508056641,0.5168503522872925,0.3877342939376831,0.548938512802124,1.0
1013,0.0,0.0,0.0,0.0,0.0,0.0,0.0,0.0,0.524016261100769,0.8181462287902832,0.6000648736953735,0.3512987196445465,0.742106556892395,0.7937489748001099,0.3515295684337616,0.33162495493888855,0.0
1014,0.0,0.0,0.0,0.0,1.0,0.0,0.0,0.0,0.4366912245750427,0.8511667847633362,0.7755697965621948,0.5146198868751526,0.8189753293991089,0.793675422668457,0.20876167714595795,0.39689457416534424,4.0
1015,0.0,0.0,0.0,0.0,0.0,0.0,0.0,0.0,0.4632166028022766,0.8205024600028992,0.6017847657203674,0.3677518367767334,0.7365443110466003,0.8211325407028198,0.3488665521144867,0.3685988187789917,3.0
1016,0.0,1.0,0.0,0.0,0.0,0.0,0.0,0.0,0.6183504462242126,0.8628626465797424,0.7317728400230408,0.4629984498023987,0.7132584452629089,0.7095603346824646,0.1970621794462204,0.5382416844367981,4.0
1017,0.0,0.0,0.0,0.0,0.0,0.0,0.0,0.0,0.530452311038971,0.6990388035774231,0.7182703018188477,0.5754007697105408,0.6840457916259766,0.3671627342700958,0.4488171637058258,0.4151141941547394,2.0
1018,1.0,0.0,1.0,0.0,1.0,1.0,1.0,0.0,0.5475693345069885,0.8612407445907593,0.7449261546134949,0.579115629196167,0.7282765507698059,0.7689411640167236,0.21663808822631836,0.5742339491844177,3.0
1019,1.0,1.0,1.0,1.0,1.0,1.0,1.0,1.0,0.5310666561126709,0.8690146803855896,0.7702428698539734,0.6000912189483643,0.7171105146408081,0.7182089686393738,0.1973869800567627,0.5707716941833496,0.0
1020,0.0,0.0,0.0,0.0,0.0,0.0,1.0,0.0,0.6398853063583374,0.7830432653427124,0.7794073224067688,0.6294201612472534,0.689221203327179,0.30775952339172363,0.38284698128700256,0.5424591898918152,2.0
1021,1.0,1.0,1.0,1.0,1.0,1.0,1.0,1.0,0.5797286629676819,0.8687799572944641,0.7774703502655029,0.5918628573417664,0.7247897386550903,0.7125255465507507,0.19802701473236084,0.5775472521781921,3.0
1022,1.0,1.0,1.0,1.0,1.0,0.0,1.0,0.0,0.5707862377166748,0.8266340494155884,0.8178269267082214,0.6900129318237305,0.7591973543167114,0.374230295419693,0.26410263776779175,0.4474774897098541,2.0
1023,1.0,1.0,1.0,1.0,1.0,1.0,1.0,0.0,0.5645707249641418,0.8737018704414368,0.7368953824043274,0.4827580749988556,0.6746191382408142,0.7050800323486328,0.22473837435245514,0.5524268746376038,0.0
1024,0.0,1.0,1.0,0.0,1.0,1.0,1.0,0.0,0.5612776875495911,0.8291320204734802,0.8019235730171204,0.6121786236763,0.7884960770606995,0.37454402446746826,0.15771952271461487,0.4022667109966278,2.0
1025,1.0,1.0,1.0,1.0,1.0,1.0,0.0,0.0,0.6226184368133545,0.7788076400756836,0.8142982125282288,0.8018733263015747,0.633567750453949,0.39021098613739014,0.3075474798679352,0.5688220262527466,1.0
