,True_FPV,True_ATV,True_IDV,True_LPV,True_NFV,True_SQV,True_TPV,True_DRV,Pred_Proba_FPV,Pred_Proba_ATV,Pred_Proba_IDV,Pred_Proba_LPV,Pred_Proba_NFV,Pred_Proba_SQV,Pred_Proba_TPV,Pred_Proba_DRV,kFolds
0,0.0,0.0,0.0,0.0,0.0,0.0,0.0,0.0,0.9774857759475708,0.9747538566589355,0.9805309772491455,0.9804161190986633,0.9528299570083618,0.9449141025543213,0.9735785722732544,0.972754955291748,1.0
1,1.0,1.0,1.0,1.0,1.0,1.0,1.0,0.0,0.9949948787689209,0.9916514754295349,0.9907592535018921,0.9951412677764893,0.9874914884567261,0.9225702881813049,0.9663401246070862,0.9892220497131348,4.0
2,1.0,1.0,1.0,1.0,1.0,1.0,1.0,0.0,0.9936747550964355,0.988471508026123,0.9858701229095459,0.9922550916671753,0.977685272693634,0.9069161415100098,0.9641110897064209,0.9919987320899963,0.0
3,0.0,0.0,0.0,0.0,0.0,0.0,0.0,0.0,0.9805105328559875,0.9699563384056091,0.9716315269470215,0.9747651815414429,0.9511466026306152,0.774422287940979,0.9629591703414917,0.9706467986106873,0.0
4,0.0,0.0,0.0,0.0,0.0,0.0,0.0,0.0,0.9762263894081116,0.9579718708992004,0.9534335732460022,0.9673336148262024,0.9558447003364563,0.7928091883659363,0.9584134817123413,0.967766523361206,4.0
5,0.0,0.0,0.0,0.0,0.0,0.0,0.0,0.0,0.980649471282959,0.9770340323448181,0.985709547996521,0.984356701374054,0.9544126987457275,0.9434534907341003,0.9540814161300659,0.9777126312255859,1.0
6,0.0,0.0,0.0,0.0,0.0,0.0,0.0,0.0,0.9759425520896912,0.9724287390708923,0.9792764186859131,0.9801915884017944,0.9438304305076599,0.9411944150924683,0.9682652950286865,0.9726402759552002,1.0
7,1.0,1.0,1.0,1.0,1.0,0.0,1.0,0.0,0.9947781562805176,0.9927534461021423,0.9946527481079102,0.994178295135498,0.9794292449951172,0.9202877879142761,0.9375394582748413,0.9927350282669067,1.0
8,0.0,0.0,0.0,0.0,0.0,0.0,0.0,0.0,0.9782853126525879,0.9605585932731628,0.9685095548629761,0.975333571434021,0.9660454392433167,0.8337631821632385,0.9328199028968811,0.9738476872444153,3.0
9,1.0,1.0,1.0,1.0,1.0,1.0,1.0,0.0,0.995037853717804,0.9935792684555054,0.9948984980583191,0.9950200319290161,0.9840040802955627,0.8935956954956055,0.9064882397651672,0.9912954568862915,1.0
10,1.0,1.0,1.0,1.0,1.0,1.0,1.0,1.0,0.995622456073761,0.9920837879180908,0.9907994866371155,0.9952173233032227,0.9836539626121521,0.877241313457489,0.9632723331451416,0.993854284286499,0.0
11,1.0,1.0,1.0,1.0,1.0,1.0,1.0,1.0,0.9918428659439087,0.9932287931442261,0.9935657382011414,0.9937981963157654,0.9786312580108643,0.9470155835151672,0.9709851741790771,0.9917677640914917,2.0
12,0.0,0.0,0.0,0.0,0.0,0.0,0.0,0.0,0.9336455464363098,0.9556941986083984,0.9600719809532166,0.9532230496406555,0.9006457328796387,0.869771420955658,0.9462136626243591,0.9450275301933289,2.0
13,0.0,0.0,0.0,0.0,0.0,0.0,0.0,0.0,0.974336564540863,0.9630405306816101,0.9512838125228882,0.9512068033218384,0.9397430419921875,0.8075778484344482,0.95647794008255,0.9732930064201355,4.0
14,1.0,1.0,1.0,1.0,1.0,1.0,1.0,1.0,0.9941208958625793,0.9921938180923462,0.9904094934463501,0.9944630265235901,0.9838655591011047,0.9065263867378235,0.9617341756820679,0.9913713932037354,4.0
15,0.0,0.0,0.0,0.0,0.0,0.0,0.0,0.0,0.9004999995231628,0.9294032454490662,0.9131016135215759,0.8934037089347839,0.8523987531661987,0.8159770369529724,0.9352268576622009,0.9153497219085693,2.0
16,0.0,0.0,0.0,0.0,0.0,0.0,0.0,0.0,0.9743672013282776,0.9570385217666626,0.954916775226593,0.9613555669784546,0.9081364274024963,0.6996026635169983,0.9460693597793579,0.9634126424789429,3.0
17,0.0,1.0,0.0,0.0,1.0,1.0,0.0,0.0,0.9922592043876648,0.988298773765564,0.9883376955986023,0.9915415644645691,0.9789898991584778,0.8702259063720703,0.9161372780799866,0.985879123210907,3.0
18,1.0,1.0,0.0,0.0,1.0,1.0,0.0,0.0,0.9803711175918579,0.9922161102294922,0.9885178804397583,0.9890671372413635,0.9804895520210266,0.9298716187477112,0.8865630626678467,0.9743422269821167,2.0
19,1.0,1.0,1.0,1.0,1.0,1.0,1.0,1.0,0.991169810295105,0.9921827912330627,0.992760181427002,0.9942691326141357,0.9847913384437561,0.9562958478927612,0.9659026861190796,0.9911361932754517,2.0
20,0.0,0.0,0.0,0.0,0.0,0.0,0.0,0.0,0.969817578792572,0.9439967274665833,0.9304664134979248,0.9284849166870117,0.9007746577262878,0.6303816437721252,0.9322117567062378,0.9506056308746338,4.0
21,1.0,1.0,1.0,1.0,1.0,1.0,1.0,0.0,0.9951165914535522,0.9909390211105347,0.9892759323120117,0.9939866065979004,0.9853125214576721,0.9216225743293762,0.9658524394035339,0.9905219078063965,4.0
22,0.0,0.0,0.0,0.0,0.0,0.0,0.0,0.0,0.9179965853691101,0.9312765002250671,0.9168857336044312,0.922203540802002,0.8503909707069397,0.7861854434013367,0.9367497563362122,0.9202299118041992,2.0
23,0.0,1.0,1.0,1.0,1.0,1.0,0.0,0.0,0.9954547882080078,0.9926424622535706,0.9929532408714294,0.9955352544784546,0.9844207763671875,0.9283206462860107,0.9631099700927734,0.9902302622795105,0.0
24,1.0,1.0,1.0,1.0,1.0,1.0,0.0,0.0,0.9908708930015564,0.9938934445381165,0.9939935803413391,0.9942124485969543,0.9755465984344482,0.8986446857452393,0.9266464710235596,0.9835149049758911,2.0
25,0.0,1.0,1.0,0.0,1.0,0.0,1.0,0.0,0.9948338270187378,0.9909219145774841,0.9889445304870605,0.992581844329834,0.9734570980072021,0.8622069358825684,0.9506752490997314,0.9905318021774292,0.0
26,1.0,1.0,1.0,1.0,1.0,1.0,1.0,1.0,0.9941099286079407,0.9925359487533569,0.9905231595039368,0.9942439198493958,0.9755192399024963,0.912581205368042,0.9791936278343201,0.9944175481796265,3.0
27,1.0,1.0,1.0,0.0,1.0,0.0,1.0,0.0,0.9931356906890869,0.9899362325668335,0.9887845516204834,0.9910502433776855,0.9776360392570496,0.8749445676803589,0.9407894015312195,0.9877957105636597,4.0
28,0.0,0.0,0.0,0.0,0.0,0.0,0.0,0.0,0.9739425182342529,0.9716696739196777,0.977177083492279,0.9776475429534912,0.9436864256858826,0.9330708384513855,0.9689873456954956,0.9667824506759644,1.0
29,0.0,0.0,0.0,0.0,0.0,0.0,0.0,0.0,0.9770137667655945,0.9752197265625,0.9808370471000671,0.9815364480018616,0.9541864395141602,0.9308744072914124,0.966934323310852,0.9761540293693542,1.0
30,0.0,0.0,0.0,0.0,0.0,0.0,0.0,0.0,0.9728386998176575,0.9519593715667725,0.9351251125335693,0.9277997016906738,0.8990513682365417,0.5752516984939575,0.9195671677589417,0.9442843794822693,0.0
31,0.0,0.0,0.0,0.0,0.0,0.0,0.0,0.0,0.9753947854042053,0.9595462083816528,0.9586403369903564,0.9623692631721497,0.9321463704109192,0.7609117031097412,0.9566153883934021,0.9642671346664429,0.0
32,0.0,0.0,0.0,0.0,0.0,0.0,0.0,0.0,0.9831045269966125,0.9739803075790405,0.9751278758049011,0.98296058177948,0.9748212695121765,0.7897233963012695,0.9162206053733826,0.9738174080848694,4.0
33,1.0,1.0,1.0,1.0,1.0,1.0,0.0,0.0,0.995932400226593,0.9951196908950806,0.9958972930908203,0.9954721927642822,0.9810328483581543,0.8993073105812073,0.9329828023910522,0.991373598575592,1.0
34,0.0,1.0,1.0,0.0,1.0,1.0,1.0,0.0,0.994937539100647,0.9902877807617188,0.9886559247970581,0.9926732182502747,0.9794552326202393,0.8911948800086975,0.9549582004547119,0.9896592497825623,4.0
35,0.0,1.0,1.0,0.0,1.0,1.0,0.0,0.0,0.9924517273902893,0.9889763593673706,0.9897814989089966,0.9913718700408936,0.9761354923248291,0.8777288198471069,0.8974140882492065,0.9816650748252869,4.0
36,1.0,1.0,1.0,1.0,1.0,1.0,1.0,1.0,0.9940809607505798,0.9892716407775879,0.9870538115501404,0.9929673671722412,0.9819594025611877,0.8791038990020752,0.9564943909645081,0.9913424253463745,3.0
37,0.0,1.0,1.0,0.0,1.0,0.0,1.0,0.0,0.9876223206520081,0.981890082359314,0.9824873805046082,0.987174391746521,0.9722803235054016,0.8380944728851318,0.8987763524055481,0.9805044531822205,3.0
38,0.0,0.0,0.0,0.0,0.0,0.0,0.0,0.0,0.9611145853996277,0.9666264653205872,0.9736865758895874,0.9727327823638916,0.931393027305603,0.8892393112182617,0.955794632434845,0.9606618881225586,2.0
39,0.0,0.0,0.0,0.0,0.0,0.0,0.0,0.0,0.9696808457374573,0.9504518508911133,0.9381059408187866,0.9322770833969116,0.8948211073875427,0.5988385081291199,0.9327253103256226,0.9540004730224609,0.0
40,0.0,0.0,0.0,0.0,0.0,0.0,0.0,0.0,0.9716973900794983,0.9531364440917969,0.9457988739013672,0.9589924216270447,0.9612912535667419,0.784579336643219,0.9364534616470337,0.9571619033813477,4.0
41,1.0,1.0,1.0,0.0,1.0,1.0,0.0,0.0,0.9911381602287292,0.9909253120422363,0.9925243258476257,0.991640567779541,0.9662676453590393,0.9142157435417175,0.9439699649810791,0.9856086373329163,2.0
42,1.0,1.0,1.0,1.0,1.0,1.0,1.0,1.0,0.9932491779327393,0.9942249655723572,0.9952352643013,0.9965916872024536,0.9848339557647705,0.9492031931877136,0.9686899781227112,0.9934105277061462,2.0
43,0.0,0.0,0.0,0.0,0.0,0.0,0.0,0.0,0.9720941781997681,0.9737484455108643,0.9780274629592896,0.9783802628517151,0.9405861496925354,0.937437117099762,0.969502866268158,0.9696136713027954,1.0
44,0.0,0.0,0.0,0.0,0.0,0.0,0.0,0.0,0.9606868624687195,0.9481092691421509,0.9218390583992004,0.937468945980072,0.8993103504180908,0.57064288854599,0.9370201230049133,0.9556179046630859,0.0
45,1.0,1.0,1.0,1.0,1.0,1.0,1.0,0.0,0.9947261214256287,0.9918928146362305,0.9910221695899963,0.9947155117988586,0.9801836609840393,0.9194255471229553,0.9756597280502319,0.9937201738357544,3.0
46,1.0,1.0,1.0,1.0,1.0,1.0,0.0,0.0,0.9923669695854187,0.9935857653617859,0.994652509689331,0.9952675104141235,0.9800534844398499,0.9360857605934143,0.9501627683639526,0.986169695854187,2.0
47,1.0,1.0,1.0,1.0,1.0,1.0,1.0,1.0,0.9924853444099426,0.9884187579154968,0.9849108457565308,0.9913785457611084,0.9757866859436035,0.8551450967788696,0.9570766091346741,0.990371584892273,4.0
48,1.0,1.0,0.0,0.0,1.0,1.0,0.0,0.0,0.9938310384750366,0.9890457987785339,0.9884259700775146,0.9929147958755493,0.9743133783340454,0.8686529994010925,0.958306610584259,0.98970627784729,3.0
49,0.0,0.0,0.0,0.0,0.0,0.0,0.0,0.0,0.9773373603820801,0.9765301942825317,0.9826630353927612,0.9838275909423828,0.9437508583068848,0.912914514541626,0.961513340473175,0.9695521593093872,1.0
50,0.0,0.0,0.0,0.0,0.0,0.0,0.0,0.0,0.9204785227775574,0.9436622262001038,0.9484556913375854,0.9308940172195435,0.8774921298027039,0.8397958874702454,0.9413899183273315,0.9260969161987305,2.0
51,1.0,1.0,1.0,1.0,1.0,1.0,1.0,1.0,0.9921427965164185,0.9938390851020813,0.9925058484077454,0.9931426048278809,0.981764018535614,0.9444345235824585,0.962794303894043,0.9918864369392395,2.0
52,0.0,1.0,0.0,0.0,0.0,0.0,1.0,0.0,0.9919856786727905,0.9861209988594055,0.9854823350906372,0.9902556538581848,0.9830407500267029,0.9119901657104492,0.9449294209480286,0.9855269193649292,4.0
53,1.0,1.0,1.0,1.0,1.0,1.0,1.0,0.0,0.995316743850708,0.993368923664093,0.9922727346420288,0.995206892490387,0.9822918176651001,0.8894070386886597,0.9745246767997742,0.9937322735786438,3.0
54,0.0,0.0,0.0,0.0,1.0,0.0,0.0,0.0,0.9893788695335388,0.9850003719329834,0.9791362881660461,0.9854350090026855,0.9707803130149841,0.8319239616394043,0.927486777305603,0.9806575179100037,0.0
55,0.0,0.0,0.0,0.0,0.0,0.0,0.0,0.0,0.9689449667930603,0.9489639401435852,0.9426146745681763,0.9492571353912354,0.9329907894134521,0.7290525436401367,0.9548057317733765,0.9644096493721008,0.0
56,0.0,0.0,0.0,0.0,0.0,0.0,0.0,0.0,0.9209882616996765,0.9218152165412903,0.8949247002601624,0.9048399329185486,0.8031899333000183,0.6185020208358765,0.8994001150131226,0.8992400765419006,2.0
57,1.0,1.0,1.0,1.0,1.0,1.0,1.0,1.0,0.9899146556854248,0.9919331669807434,0.9924076199531555,0.9926632642745972,0.9832673668861389,0.9289129376411438,0.9426732659339905,0.986990749835968,2.0
58,1.0,1.0,1.0,1.0,1.0,1.0,0.0,1.0,0.9944188594818115,0.9915528893470764,0.9897358417510986,0.9945959448814392,0.9853044152259827,0.9038141965866089,0.9653018116950989,0.9928147792816162,4.0
59,1.0,1.0,1.0,1.0,1.0,1.0,1.0,1.0,0.9939106702804565,0.9899514317512512,0.9885789155960083,0.9939329028129578,0.9791977405548096,0.8919629454612732,0.9686557054519653,0.9941225647926331,0.0
60,1.0,1.0,1.0,1.0,1.0,1.0,0.0,1.0,0.992713987827301,0.9891752600669861,0.9859223365783691,0.9922284483909607,0.9796234965324402,0.880923330783844,0.9635490775108337,0.9925038814544678,0.0
61,1.0,1.0,1.0,1.0,1.0,1.0,1.0,0.0,0.9915462136268616,0.9929266571998596,0.992301344871521,0.9917663931846619,0.972135066986084,0.9409499168395996,0.9690021276473999,0.9915880560874939,2.0
62,0.0,0.0,1.0,0.0,1.0,0.0,0.0,0.0,0.9862715005874634,0.9797948598861694,0.977933943271637,0.985396683216095,0.9787472486495972,0.8580698370933533,0.9260356426239014,0.9777289032936096,4.0
63,1.0,1.0,1.0,1.0,1.0,0.0,0.0,0.0,0.9954485297203064,0.9902098178863525,0.989730954170227,0.9933847784996033,0.9814370274543762,0.8561568856239319,0.9474688768386841,0.9915025234222412,0.0
64,0.0,0.0,0.0,0.0,0.0,0.0,0.0,0.0,0.9741747379302979,0.9622895121574402,0.9518028497695923,0.9498466849327087,0.9444962739944458,0.80069899559021,0.9503355622291565,0.9682032465934753,4.0
65,0.0,0.0,0.0,0.0,0.0,0.0,0.0,0.0,0.9804125428199768,0.9794287085533142,0.9829185009002686,0.9839490056037903,0.9666211605072021,0.9603593945503235,0.9740259051322937,0.9799274206161499,1.0
66,1.0,0.0,0.0,0.0,0.0,0.0,1.0,0.0,0.9923502802848816,0.9848201274871826,0.9822378754615784,0.9886313080787659,0.9759997129440308,0.8629024028778076,0.9431333541870117,0.9865500926971436,0.0
67,1.0,0.0,1.0,1.0,1.0,0.0,0.0,1.0,0.9951262474060059,0.989210844039917,0.9898173213005066,0.9932141304016113,0.9820446968078613,0.8882585167884827,0.9499580264091492,0.9906044602394104,0.0
68,0.0,0.0,0.0,0.0,0.0,0.0,0.0,0.0,0.9399586319923401,0.9455195665359497,0.9517827033996582,0.9366931319236755,0.8884050250053406,0.8906309604644775,0.9553537964820862,0.9459213018417358,2.0
69,0.0,0.0,0.0,0.0,0.0,0.0,0.0,0.0,0.9737817645072937,0.9766654372215271,0.9798629879951477,0.9822507500648499,0.9514619708061218,0.955365002155304,0.9695194363594055,0.9787736535072327,1.0
70,1.0,1.0,0.0,0.0,1.0,0.0,0.0,0.0,0.9941645264625549,0.9906656742095947,0.9888839721679688,0.991023063659668,0.9746798872947693,0.880071759223938,0.9207362532615662,0.987583339214325,0.0
71,1.0,1.0,1.0,1.0,1.0,1.0,0.0,0.0,0.9949895739555359,0.9941599369049072,0.9931856393814087,0.9941692352294922,0.984977126121521,0.9190478324890137,0.9314151406288147,0.9916491508483887,1.0
72,1.0,0.0,1.0,1.0,1.0,0.0,0.0,0.0,0.9948270916938782,0.9903139472007751,0.9891359806060791,0.9940231442451477,0.9796302318572998,0.8599026799201965,0.9524275064468384,0.9903112649917603,0.0
73,1.0,1.0,1.0,1.0,1.0,1.0,0.0,1.0,0.9923028945922852,0.9927343130111694,0.994330644607544,0.9951440095901489,0.978373110294342,0.9569427371025085,0.9721388220787048,0.9921620488166809,2.0
74,0.0,0.0,0.0,0.0,0.0,0.0,0.0,0.0,0.9647335410118103,0.9793426990509033,0.9841687083244324,0.9802191853523254,0.9693460464477539,0.9268352389335632,0.9287748336791992,0.9660219550132751,2.0
75,1.0,1.0,1.0,0.0,1.0,1.0,0.0,0.0,0.9867716431617737,0.9884190559387207,0.9895809888839722,0.9920077323913574,0.9640624523162842,0.9219586849212646,0.9352433085441589,0.980741560459137,2.0
76,0.0,0.0,0.0,0.0,0.0,0.0,0.0,0.0,0.963925302028656,0.9428684115409851,0.9237605929374695,0.9319014549255371,0.9068089723587036,0.6291007399559021,0.9409319758415222,0.9504135847091675,0.0
77,1.0,0.0,0.0,0.0,0.0,0.0,0.0,0.0,0.9888750314712524,0.9873188138008118,0.9914814233779907,0.9929094910621643,0.966907799243927,0.9483544826507568,0.9600492715835571,0.9862412214279175,1.0
78,0.0,1.0,1.0,1.0,1.0,1.0,1.0,0.0,0.9949853420257568,0.993918776512146,0.9954551458358765,0.9953858256340027,0.9859403371810913,0.940445065498352,0.9427968859672546,0.9925997257232666,1.0
79,0.0,0.0,0.0,0.0,0.0,0.0,0.0,0.0,0.9810869097709656,0.9788192510604858,0.9827337265014648,0.9852707386016846,0.9594288468360901,0.9512366652488708,0.9428735375404358,0.9789462685585022,1.0
80,1.0,1.0,1.0,1.0,1.0,1.0,1.0,0.0,0.9939799308776855,0.9906942248344421,0.9896922707557678,0.9920026063919067,0.9787856340408325,0.8786746263504028,0.9407923817634583,0.988613486289978,4.0
81,0.0,0.0,0.0,0.0,0.0,0.0,0.0,0.0,0.9834656715393066,0.9823300838470459,0.9859097003936768,0.9868645071983337,0.9638485312461853,0.949026346206665,0.9639481902122498,0.9807257056236267,1.0
82,0.0,0.0,1.0,0.0,0.0,0.0,0.0,0.0,0.9949586987495422,0.9937422871589661,0.9952170848846436,0.9947609305381775,0.9812129139900208,0.9275637269020081,0.9369180798530579,0.989897608757019,1.0
83,0.0,0.0,0.0,0.0,0.0,0.0,0.0,0.0,0.9114258885383606,0.9295864105224609,0.9102028608322144,0.9048223495483398,0.859070360660553,0.7918803095817566,0.9424105286598206,0.9159194827079773,2.0
84,1.0,1.0,1.0,0.0,1.0,1.0,0.0,1.0,0.9944193959236145,0.9931856393814087,0.9940306544303894,0.9945165514945984,0.9851299524307251,0.9311739206314087,0.9459182024002075,0.9919432401657104,1.0
85,0.0,0.0,0.0,0.0,0.0,0.0,0.0,0.0,0.964436948299408,0.9432011842727661,0.925548791885376,0.92390376329422,0.8816671371459961,0.6049565672874451,0.9283565282821655,0.9534094333648682,4.0
86,1.0,1.0,1.0,1.0,1.0,1.0,1.0,1.0,0.9962704181671143,0.992906928062439,0.9926156997680664,0.9961889386177063,0.9852299094200134,0.9139719009399414,0.973414957523346,0.9920211434364319,0.0
87,1.0,1.0,1.0,1.0,1.0,1.0,1.0,0.0,0.9961541295051575,0.9925951361656189,0.9913948178291321,0.9956151247024536,0.9850986003875732,0.8991361856460571,0.9655206799507141,0.9920039772987366,4.0
88,0.0,0.0,0.0,0.0,0.0,0.0,0.0,0.0,0.9742904901504517,0.9465143084526062,0.9379600286483765,0.9460191130638123,0.8920749425888062,0.5824019908905029,0.9209352135658264,0.9488496780395508,0.0
89,1.0,1.0,1.0,1.0,1.0,1.0,1.0,1.0,0.9924291968345642,0.9932524561882019,0.9944577217102051,0.9945949912071228,0.9853723645210266,0.9542833566665649,0.9595343470573425,0.991267740726471,2.0
90,1.0,1.0,1.0,0.0,1.0,1.0,1.0,0.0,0.9939233660697937,0.9920680522918701,0.9934173822402954,0.9949209094047546,0.9819449186325073,0.9297510385513306,0.9351456165313721,0.9909771680831909,1.0
91,0.0,1.0,1.0,0.0,1.0,1.0,0.0,0.0,0.9925875067710876,0.9895859360694885,0.9901444911956787,0.991313636302948,0.9785879850387573,0.8840497136116028,0.9133327603340149,0.9845476746559143,4.0
92,0.0,0.0,0.0,0.0,0.0,0.0,0.0,0.0,0.9667292833328247,0.9437236189842224,0.9181368947029114,0.9287636280059814,0.8683781623840332,0.46773019433021545,0.9130107164382935,0.9429676532745361,0.0
93,0.0,0.0,0.0,0.0,0.0,0.0,0.0,0.0,0.9136343002319336,0.9397503137588501,0.9434996247291565,0.92266446352005,0.8611956238746643,0.8309259414672852,0.9333821535110474,0.909162700176239,2.0
94,1.0,1.0,1.0,1.0,1.0,1.0,1.0,0.0,0.9956704378128052,0.994661271572113,0.9954789876937866,0.9951837658882141,0.98109370470047,0.9267547726631165,0.9548148512840271,0.9922519326210022,1.0
95,0.0,0.0,0.0,0.0,0.0,0.0,0.0,0.0,0.9656004905700684,0.936785101890564,0.9257355332374573,0.948258101940155,0.9293335676193237,0.6986072659492493,0.9391576647758484,0.9556489586830139,4.0
96,1.0,1.0,1.0,1.0,1.0,1.0,1.0,1.0,0.9941021800041199,0.9873504042625427,0.9880602955818176,0.991783618927002,0.9786917567253113,0.8526790738105774,0.9524240493774414,0.9910439252853394,0.0
97,0.0,0.0,0.0,0.0,0.0,0.0,0.0,0.0,0.9811739921569824,0.9803399443626404,0.9866867065429688,0.9864734411239624,0.9603583216667175,0.9498790502548218,0.9679083228111267,0.9797653555870056,1.0
98,0.0,1.0,1.0,0.0,1.0,1.0,0.0,0.0,0.9856075048446655,0.979824423789978,0.9837513566017151,0.9838908314704895,0.9751579165458679,0.8331601619720459,0.9029667377471924,0.9746322631835938,4.0
99,1.0,1.0,1.0,1.0,1.0,1.0,1.0,1.0,0.9952202439308167,0.9932749271392822,0.9916139841079712,0.9950017333030701,0.9869292974472046,0.9298502802848816,0.9778672456741333,0.9938322305679321,4.0
100,1.0,1.0,1.0,1.0,1.0,1.0,1.0,1.0,0.9941443800926208,0.9923473596572876,0.9903467297554016,0.9948775768280029,0.9809406399726868,0.9068456292152405,0.971345067024231,0.9925788044929504,0.0
101,1.0,1.0,1.0,1.0,1.0,1.0,1.0,0.0,0.9951853156089783,0.9921315312385559,0.9894269704818726,0.9944844841957092,0.9853366017341614,0.8941802382469177,0.9629905819892883,0.9906789660453796,0.0
102,1.0,1.0,1.0,1.0,1.0,1.0,1.0,1.0,0.9924410581588745,0.9934466481208801,0.994948148727417,0.9935705661773682,0.9767670035362244,0.9468728303909302,0.9728941917419434,0.9933184385299683,2.0
103,0.0,0.0,0.0,0.0,0.0,0.0,0.0,0.0,0.9757032990455627,0.9609277248382568,0.9597804546356201,0.9688019156455994,0.9449954032897949,0.8072739243507385,0.9584839940071106,0.9733889102935791,3.0
104,0.0,0.0,0.0,0.0,0.0,0.0,0.0,0.0,0.9187957644462585,0.9340552091598511,0.9273600578308105,0.9363303780555725,0.8469375967979431,0.7796039581298828,0.9416472315788269,0.9254429340362549,2.0
105,0.0,0.0,0.0,0.0,0.0,0.0,0.0,0.0,0.9699305295944214,0.9493951797485352,0.941249668598175,0.9473912119865417,0.9436007738113403,0.7525131106376648,0.9450077414512634,0.9629494547843933,4.0
106,0.0,0.0,0.0,0.0,0.0,0.0,0.0,0.0,0.9659740924835205,0.9383186101913452,0.9251047968864441,0.9301751852035522,0.8914535045623779,0.5878347158432007,0.9402384161949158,0.9483835697174072,0.0
107,0.0,1.0,0.0,0.0,0.0,0.0,0.0,0.0,0.9851373434066772,0.9797277450561523,0.9758797883987427,0.9813548922538757,0.9673277139663696,0.8415518403053284,0.9369580745697021,0.9782853126525879,0.0
108,1.0,1.0,1.0,1.0,1.0,1.0,1.0,0.0,0.9920105934143066,0.9919835925102234,0.9940211176872253,0.9937806725502014,0.9806349277496338,0.9454178214073181,0.9484258890151978,0.9879806637763977,2.0
109,0.0,0.0,0.0,0.0,1.0,0.0,0.0,0.0,0.99132239818573,0.9863656759262085,0.9868040680885315,0.9883158206939697,0.9788752198219299,0.8633160591125488,0.9012991786003113,0.980634331703186,0.0
110,0.0,0.0,0.0,0.0,0.0,0.0,0.0,0.0,0.9688628315925598,0.9494107365608215,0.9388186931610107,0.9420619010925293,0.9380054473876953,0.6979535818099976,0.9443013072013855,0.9563295245170593,0.0
111,1.0,1.0,1.0,1.0,1.0,1.0,0.0,0.0,0.9952157735824585,0.9919539093971252,0.9915870428085327,0.9947618842124939,0.9804216027259827,0.8174692392349243,0.9401555061340332,0.9866951704025269,3.0
112,0.0,0.0,0.0,0.0,0.0,0.0,0.0,0.0,0.9904030561447144,0.9848986268043518,0.984283447265625,0.9882013201713562,0.973170816898346,0.8322851657867432,0.910075306892395,0.9822997450828552,3.0
113,0.0,0.0,0.0,0.0,1.0,0.0,0.0,0.0,0.9686240553855896,0.9838674068450928,0.9855206608772278,0.9850541949272156,0.9609204530715942,0.909961462020874,0.921074628829956,0.9680670499801636,2.0
114,0.0,0.0,0.0,0.0,0.0,0.0,0.0,0.0,0.9339070320129395,0.9517322182655334,0.9478003978729248,0.937841534614563,0.8950075507164001,0.8217107653617859,0.9316099286079407,0.9437964558601379,2.0
115,0.0,0.0,0.0,0.0,0.0,0.0,0.0,0.0,0.9708261489868164,0.9488708972930908,0.9235585927963257,0.9391606450080872,0.8358627557754517,0.45522549748420715,0.9025290608406067,0.9314590096473694,3.0
116,0.0,0.0,0.0,0.0,0.0,0.0,0.0,0.0,0.9237439036369324,0.9289294481277466,0.895144522190094,0.8814279437065125,0.7665588855743408,0.6801723837852478,0.9027034044265747,0.9028432965278625,2.0
117,1.0,1.0,1.0,1.0,1.0,1.0,1.0,1.0,0.9908682107925415,0.9923375248908997,0.9931151270866394,0.9915617108345032,0.9682102203369141,0.9566386342048645,0.9758647084236145,0.9924252033233643,2.0
118,0.0,0.0,0.0,0.0,0.0,0.0,0.0,0.0,0.976216733455658,0.9761202931404114,0.9825270771980286,0.9834543466567993,0.9561777114868164,0.9430832862854004,0.9712802767753601,0.9770484566688538,1.0
119,1.0,1.0,1.0,1.0,1.0,1.0,1.0,1.0,0.9944301247596741,0.9897236824035645,0.9875670671463013,0.9923740029335022,0.966797947883606,0.8419640064239502,0.948749840259552,0.9901586174964905,3.0
120,1.0,1.0,1.0,1.0,1.0,0.0,1.0,1.0,0.9943628311157227,0.9906684756278992,0.9891073107719421,0.992601215839386,0.9775696396827698,0.8625258207321167,0.9555636048316956,0.9899682402610779,0.0
121,1.0,1.0,1.0,0.0,1.0,1.0,0.0,0.0,0.9932363629341125,0.9888590574264526,0.988324761390686,0.992565393447876,0.9823703765869141,0.8882540464401245,0.934808611869812,0.9884796738624573,4.0
122,0.0,0.0,0.0,0.0,0.0,0.0,0.0,0.0,0.9725411534309387,0.9528967142105103,0.9543994665145874,0.952262818813324,0.8862591981887817,0.617909848690033,0.9369109869003296,0.9613920450210571,3.0
123,0.0,0.0,0.0,0.0,0.0,0.0,0.0,0.0,0.9645949006080627,0.945824921131134,0.921595573425293,0.9367374181747437,0.8289470076560974,0.5290859937667847,0.9320154786109924,0.9444429278373718,3.0
124,0.0,0.0,0.0,0.0,0.0,0.0,0.0,0.0,0.9149890542030334,0.9197750687599182,0.903739333152771,0.9204635620117188,0.8093937039375305,0.648500382900238,0.9259499907493591,0.8978090286254883,2.0
125,0.0,0.0,0.0,0.0,0.0,0.0,0.0,0.0,0.9764680862426758,0.975055456161499,0.9818325042724609,0.9820832014083862,0.9545769095420837,0.9455392956733704,0.9662787914276123,0.9762242436408997,1.0
126,1.0,1.0,1.0,1.0,1.0,1.0,1.0,1.0,0.9922820925712585,0.9930388331413269,0.9937400817871094,0.9950043559074402,0.981787919998169,0.9298068881034851,0.9528326392173767,0.9901148080825806,2.0
127,0.0,1.0,1.0,0.0,1.0,1.0,0.0,0.0,0.9823997020721436,0.9702202677726746,0.9663840532302856,0.9766547679901123,0.9568694233894348,0.7802092432975769,0.9179543852806091,0.9755818843841553,3.0
128,1.0,0.0,0.0,1.0,0.0,0.0,0.0,0.0,0.9949330687522888,0.9916490316390991,0.9897531270980835,0.993384063243866,0.9861939549446106,0.9099717140197754,0.9560649991035461,0.9902425408363342,4.0
129,1.0,1.0,0.0,1.0,1.0,0.0,1.0,0.0,0.9946784973144531,0.9915915727615356,0.9890327453613281,0.993586003780365,0.9837005734443665,0.8178294897079468,0.9552040696144104,0.988993227481842,3.0
130,0.0,1.0,0.0,0.0,1.0,0.0,1.0,0.0,0.9941389560699463,0.9904014468193054,0.9894271492958069,0.9933452606201172,0.9823764562606812,0.9022110104560852,0.9593260884284973,0.9873483180999756,4.0
131,0.0,0.0,0.0,0.0,0.0,0.0,0.0,0.0,0.9725821018218994,0.9714658856391907,0.979178786277771,0.9795922636985779,0.9395357966423035,0.896722137928009,0.9642042517662048,0.9655607342720032,1.0
132,0.0,0.0,0.0,0.0,0.0,0.0,0.0,0.0,0.9315963983535767,0.9538851380348206,0.9603073000907898,0.9462610483169556,0.9166321754455566,0.8441967964172363,0.9504936933517456,0.9332290887832642,2.0
133,0.0,0.0,0.0,0.0,0.0,0.0,0.0,0.0,0.9854890704154968,0.9819860458374023,0.9875496029853821,0.9880388379096985,0.9675259590148926,0.9444193243980408,0.955158531665802,0.9808488488197327,1.0
134,1.0,1.0,1.0,1.0,1.0,1.0,1.0,0.0,0.9947149157524109,0.9887314438819885,0.9879409074783325,0.9930554032325745,0.9863888621330261,0.9117024540901184,0.9641299247741699,0.9910495281219482,4.0
135,0.0,0.0,0.0,0.0,0.0,0.0,0.0,0.0,0.9763462543487549,0.9733636975288391,0.9808146953582764,0.9796437621116638,0.9486798644065857,0.9240716695785522,0.97043377161026,0.9688214063644409,1.0
136,1.0,1.0,1.0,1.0,1.0,1.0,1.0,0.0,0.9956488013267517,0.9925628304481506,0.9922274351119995,0.9959290623664856,0.9878712892532349,0.9050522446632385,0.9710463285446167,0.990544319152832,0.0
137,0.0,0.0,0.0,0.0,0.0,0.0,0.0,0.0,0.975723922252655,0.9750510454177856,0.9806311130523682,0.9808456897735596,0.9598151445388794,0.950305700302124,0.968027651309967,0.9729740619659424,1.0
138,0.0,0.0,0.0,0.0,0.0,0.0,0.0,0.0,0.9726976752281189,0.9560996294021606,0.9438959360122681,0.9563881754875183,0.9470759630203247,0.7804040312767029,0.9446595311164856,0.9659239649772644,4.0
139,0.0,0.0,0.0,0.0,0.0,0.0,0.0,0.0,0.9877968430519104,0.9822468161582947,0.9810048937797546,0.9850754737854004,0.9782208800315857,0.8963753581047058,0.9468861222267151,0.9800262451171875,0.0
140,1.0,1.0,1.0,1.0,1.0,1.0,1.0,0.0,0.9945740103721619,0.9934532642364502,0.9952951073646545,0.9950308799743652,0.9853625297546387,0.9374659061431885,0.9535185694694519,0.99303138256073,1.0
141,0.0,0.0,0.0,0.0,0.0,0.0,0.0,0.0,0.9893327951431274,0.9885939359664917,0.9913427829742432,0.9933007955551147,0.9791669845581055,0.9413171410560608,0.8960670828819275,0.9858771562576294,1.0
142,1.0,1.0,1.0,1.0,1.0,1.0,1.0,1.0,0.9929399490356445,0.9930406808853149,0.9935805797576904,0.9943354725837708,0.9796909689903259,0.948876142501831,0.9675195217132568,0.9916736483573914,2.0
143,1.0,1.0,1.0,1.0,1.0,1.0,1.0,1.0,0.993416428565979,0.9913454055786133,0.9890252947807312,0.9929094314575195,0.977773129940033,0.8759157061576843,0.9674438834190369,0.9925820827484131,3.0
144,1.0,1.0,1.0,1.0,1.0,1.0,0.0,0.0,0.9952176809310913,0.9942668080329895,0.9956966638565063,0.9960953593254089,0.9845858216285706,0.9261981248855591,0.9367866516113281,0.9917436242103577,1.0
145,0.0,0.0,0.0,0.0,0.0,0.0,0.0,0.0,0.9136797785758972,0.9246896505355835,0.9009169340133667,0.9003297090530396,0.7974489331245422,0.7044398188591003,0.9308138489723206,0.8984528183937073,2.0
146,1.0,1.0,0.0,1.0,1.0,0.0,0.0,1.0,0.9952555298805237,0.9901155233383179,0.9889378547668457,0.9920440912246704,0.9768810868263245,0.8181689977645874,0.9581255912780762,0.9916297793388367,3.0
147,1.0,1.0,1.0,1.0,1.0,1.0,1.0,0.0,0.9924846291542053,0.9886291027069092,0.9891725778579712,0.9914525747299194,0.9795989990234375,0.8275176286697388,0.9039014577865601,0.986954391002655,3.0
148,0.0,1.0,0.0,0.0,1.0,0.0,0.0,0.0,0.992388904094696,0.9890867471694946,0.9913769960403442,0.9905287623405457,0.9796702861785889,0.9291201829910278,0.9176416993141174,0.9895285964012146,1.0
149,1.0,1.0,1.0,1.0,1.0,1.0,1.0,1.0,0.9921493530273438,0.9936177730560303,0.9948011636734009,0.9952249526977539,0.9813058972358704,0.9496892690658569,0.9707955121994019,0.9901530146598816,2.0
150,1.0,1.0,1.0,1.0,1.0,1.0,0.0,0.0,0.9946777820587158,0.9916826486587524,0.9907044768333435,0.9947081804275513,0.9818145632743835,0.8836262822151184,0.9584785103797913,0.9887117147445679,3.0
151,0.0,0.0,0.0,0.0,0.0,0.0,0.0,0.0,0.9683966040611267,0.9482036828994751,0.9392051100730896,0.950057864189148,0.8770430684089661,0.6207956671714783,0.9388673305511475,0.9538707137107849,3.0
152,0.0,0.0,0.0,0.0,0.0,0.0,0.0,0.0,0.9739885926246643,0.9577194452285767,0.9620678424835205,0.9672467708587646,0.9403184056282043,0.7055258750915527,0.9503850936889648,0.9646339416503906,3.0
153,0.0,0.0,0.0,0.0,0.0,0.0,0.0,0.0,0.9201876521110535,0.9537420868873596,0.9500932693481445,0.9404230117797852,0.8949964046478271,0.85548335313797,0.9486811757087708,0.9347387552261353,2.0
154,1.0,1.0,1.0,1.0,1.0,1.0,1.0,1.0,0.9943389296531677,0.9893208742141724,0.9892170429229736,0.9941467046737671,0.9816341996192932,0.8705572485923767,0.9406951665878296,0.9920395612716675,3.0
155,1.0,1.0,1.0,1.0,1.0,1.0,0.0,0.0,0.9958322644233704,0.9951446652412415,0.9958509206771851,0.9959858059883118,0.9871672987937927,0.9318272471427917,0.9446755051612854,0.9928801655769348,1.0
156,1.0,1.0,1.0,1.0,1.0,1.0,1.0,1.0,0.9948443174362183,0.9926297664642334,0.9911098480224609,0.9956861734390259,0.985602617263794,0.9151768684387207,0.975684642791748,0.9930332899093628,4.0
157,0.0,0.0,0.0,0.0,0.0,0.0,0.0,0.0,0.9659885764122009,0.9454970955848694,0.9384329319000244,0.9479209780693054,0.8985416889190674,0.64031982421875,0.9382749795913696,0.954701840877533,3.0
158,1.0,1.0,1.0,1.0,1.0,1.0,1.0,1.0,0.9956788420677185,0.992212176322937,0.990435004234314,0.9944769740104675,0.9831405282020569,0.8857762813568115,0.966795802116394,0.9923601746559143,0.0
159,0.0,0.0,0.0,0.0,0.0,0.0,0.0,0.0,0.9634208083152771,0.9387429356575012,0.919670581817627,0.9283226728439331,0.912797212600708,0.6872190237045288,0.9331442713737488,0.9561125040054321,4.0
160,0.0,0.0,0.0,0.0,0.0,0.0,0.0,0.0,0.9696208834648132,0.949023425579071,0.942287266254425,0.9419471025466919,0.9432314038276672,0.7957781553268433,0.9514156579971313,0.9635788202285767,4.0
161,0.0,0.0,0.0,0.0,0.0,0.0,0.0,0.0,0.9614052772521973,0.9366840720176697,0.9289541244506836,0.9477214813232422,0.9243152141571045,0.7155882716178894,0.9307499527931213,0.9529646039009094,4.0
162,1.0,1.0,1.0,1.0,1.0,1.0,1.0,0.0,0.9943366646766663,0.9900292754173279,0.9880863428115845,0.9914131164550781,0.9712427258491516,0.7312330603599548,0.9387656450271606,0.9876301884651184,3.0
163,1.0,1.0,0.0,0.0,1.0,0.0,0.0,0.0,0.9883854389190674,0.9893352389335632,0.9912897348403931,0.9907584190368652,0.9538125991821289,0.9128044247627258,0.9293959736824036,0.9796686768531799,2.0
164,0.0,0.0,0.0,0.0,1.0,0.0,0.0,0.0,0.9884187579154968,0.988334059715271,0.9908672571182251,0.9928684830665588,0.9704679846763611,0.906527042388916,0.8463564515113831,0.9833938479423523,1.0
165,1.0,0.0,1.0,1.0,1.0,0.0,0.0,0.0,0.994491457939148,0.9924361109733582,0.9939919114112854,0.9925448298454285,0.9825465679168701,0.9084535241127014,0.9392576813697815,0.991658627986908,1.0
166,0.0,0.0,0.0,0.0,0.0,0.0,0.0,0.0,0.9659239649772644,0.9396684169769287,0.9223372340202332,0.927622377872467,0.8853691816329956,0.6011131405830383,0.9282053112983704,0.945368766784668,4.0
167,1.0,1.0,1.0,1.0,1.0,1.0,0.0,1.0,0.9912353754043579,0.9909868836402893,0.9932448267936707,0.9941628575325012,0.9699118137359619,0.9244686365127563,0.9549221396446228,0.9891595244407654,2.0
168,0.0,0.0,0.0,0.0,0.0,0.0,0.0,0.0,0.976464569568634,0.962537407875061,0.9609135389328003,0.9663482308387756,0.9623115062713623,0.8118221759796143,0.9628974199295044,0.9705744385719299,0.0
169,0.0,1.0,0.0,0.0,1.0,0.0,0.0,0.0,0.9906522035598755,0.9898570775985718,0.9888064861297607,0.991241455078125,0.9783408045768738,0.926151692867279,0.8416829705238342,0.9839891791343689,1.0
170,1.0,1.0,1.0,1.0,1.0,1.0,0.0,0.0,0.9947481751441956,0.9918935894966125,0.9905449151992798,0.9941838383674622,0.9823706150054932,0.8985034823417664,0.9459064602851868,0.9862006306648254,4.0
171,1.0,1.0,1.0,1.0,1.0,1.0,1.0,1.0,0.994981586933136,0.9913724660873413,0.9908440709114075,0.9951614737510681,0.984257698059082,0.9006070494651794,0.9606503248214722,0.9923883080482483,3.0
172,0.0,0.0,0.0,0.0,0.0,0.0,0.0,0.0,0.9771989583969116,0.9745240807533264,0.9814180731773376,0.9821813702583313,0.9523198008537292,0.9441580176353455,0.9609749913215637,0.9756963849067688,1.0
173,0.0,0.0,0.0,0.0,0.0,0.0,0.0,0.0,0.9764976501464844,0.9743978977203369,0.9818909764289856,0.9826303124427795,0.9451133608818054,0.9162570238113403,0.9691129922866821,0.9708695411682129,1.0
174,0.0,0.0,0.0,0.0,0.0,0.0,0.0,0.0,0.9740835428237915,0.9548866152763367,0.9540238976478577,0.9533559083938599,0.9298485517501831,0.6615099906921387,0.9418153166770935,0.9644695520401001,0.0
175,1.0,1.0,1.0,1.0,1.0,1.0,1.0,1.0,0.9920881390571594,0.9943156838417053,0.9943740367889404,0.9949760437011719,0.9810289740562439,0.9335419535636902,0.968315601348877,0.9923909306526184,2.0
176,1.0,1.0,1.0,1.0,1.0,1.0,1.0,0.0,0.9862746596336365,0.9918374419212341,0.9922977089881897,0.9919467568397522,0.9764915108680725,0.915882408618927,0.9226875305175781,0.9800169467926025,2.0
177,0.0,0.0,0.0,0.0,0.0,0.0,0.0,0.0,0.9807454347610474,0.9800421595573425,0.982637345790863,0.9846100807189941,0.965121328830719,0.9592940211296082,0.9703201651573181,0.9792413115501404,1.0
178,1.0,1.0,1.0,1.0,1.0,1.0,0.0,1.0,0.9948298335075378,0.9935625791549683,0.9941840767860413,0.9949252605438232,0.985859215259552,0.9341254234313965,0.957578182220459,0.9936688542366028,1.0
179,1.0,1.0,1.0,0.0,1.0,1.0,1.0,0.0,0.9857423305511475,0.9906387329101562,0.9923856258392334,0.9894382357597351,0.9798449277877808,0.9313643574714661,0.9119663834571838,0.9788962006568909,2.0
180,1.0,1.0,1.0,1.0,1.0,1.0,0.0,1.0,0.995970606803894,0.9924252033233643,0.9924187660217285,0.9949467778205872,0.9826902151107788,0.8711668848991394,0.9563691020011902,0.9909364581108093,3.0
181,1.0,0.0,1.0,0.0,1.0,1.0,1.0,0.0,0.991636335849762,0.9897714257240295,0.991096019744873,0.9935412406921387,0.981819748878479,0.9523429274559021,0.9272275567054749,0.9889005422592163,1.0
182,1.0,1.0,1.0,1.0,1.0,1.0,1.0,0.0,0.9918345212936401,0.9938586354255676,0.9950049519538879,0.9945685863494873,0.9842472076416016,0.9529790878295898,0.951188862323761,0.9864561557769775,2.0
183,0.0,1.0,1.0,0.0,1.0,0.0,0.0,0.0,0.9911417961120605,0.9857608675956726,0.9839950799942017,0.9882011413574219,0.9664348363876343,0.7945531010627747,0.8949694037437439,0.9824255108833313,3.0
184,1.0,1.0,1.0,1.0,1.0,1.0,0.0,0.0,0.9948044419288635,0.9922240972518921,0.991100013256073,0.9941832423210144,0.9848471283912659,0.8765848278999329,0.9496946334838867,0.9884810447692871,0.0
185,0.0,0.0,0.0,0.0,0.0,0.0,0.0,0.0,0.9451203942298889,0.9677965641021729,0.9720693826675415,0.9617953896522522,0.9410224556922913,0.8672935366630554,0.9237915873527527,0.955207884311676,2.0
186,0.0,0.0,0.0,0.0,0.0,0.0,0.0,0.0,0.9670646786689758,0.9448783993721008,0.9184268712997437,0.9296779632568359,0.8762937784194946,0.5713281631469727,0.9169129133224487,0.9371146559715271,3.0
187,0.0,0.0,0.0,0.0,0.0,0.0,0.0,0.0,0.9669619798660278,0.9390729069709778,0.9188007712364197,0.9225022196769714,0.8897227048873901,0.5632545351982117,0.9167396426200867,0.9445691108703613,4.0
188,1.0,0.0,1.0,1.0,1.0,1.0,0.0,1.0,0.9934679865837097,0.9945942759513855,0.9945551156997681,0.9957346320152283,0.9797179698944092,0.9204213619232178,0.9418104887008667,0.9885423183441162,2.0
189,0.0,0.0,0.0,0.0,0.0,0.0,0.0,0.0,0.9842377305030823,0.9738981127738953,0.9780754446983337,0.9838373064994812,0.9780771732330322,0.8236656785011292,0.9211306571960449,0.9734198451042175,4.0
190,0.0,0.0,0.0,0.0,0.0,0.0,0.0,0.0,0.9724364280700684,0.95774906873703,0.9544679522514343,0.9453731775283813,0.9163856506347656,0.7257377505302429,0.9535485506057739,0.9672327041625977,3.0
191,0.0,0.0,0.0,0.0,1.0,0.0,0.0,0.0,0.9937002658843994,0.9911887645721436,0.990648090839386,0.9940634369850159,0.9808603525161743,0.8703225255012512,0.9484209418296814,0.9832762479782104,4.0
192,0.0,0.0,0.0,0.0,0.0,0.0,0.0,0.0,0.9655277132987976,0.9440792798995972,0.9253545999526978,0.9294248819351196,0.9187967777252197,0.6203485131263733,0.9404666423797607,0.9499666094779968,0.0
193,1.0,1.0,1.0,1.0,1.0,1.0,0.0,1.0,0.9952560067176819,0.9939273595809937,0.9946416616439819,0.995222270488739,0.9853305816650391,0.9334630966186523,0.9187125563621521,0.9910765886306763,1.0
194,0.0,0.0,0.0,0.0,0.0,0.0,0.0,0.0,0.9740952253341675,0.9507336020469666,0.9589150547981262,0.9654554724693298,0.9131178259849548,0.6167722940444946,0.9255967140197754,0.9600817561149597,3.0
195,0.0,0.0,0.0,0.0,0.0,0.0,0.0,0.0,0.9389656186103821,0.9472584128379822,0.937491238117218,0.93526691198349,0.8796193599700928,0.799606442451477,0.9344531297683716,0.9283534288406372,2.0
196,1.0,1.0,1.0,1.0,1.0,1.0,0.0,1.0,0.9954349398612976,0.9940861463546753,0.9943023920059204,0.9945067763328552,0.977288544178009,0.8984241485595703,0.8910151124000549,0.9905311465263367,1.0
197,1.0,1.0,1.0,1.0,1.0,1.0,0.0,0.0,0.9944145679473877,0.9917575716972351,0.9905194044113159,0.994408905506134,0.9790776371955872,0.8133323192596436,0.9460710883140564,0.9871112704277039,3.0
198,0.0,1.0,1.0,0.0,1.0,1.0,1.0,0.0,0.992188572883606,0.9841032028198242,0.9882374405860901,0.990426242351532,0.9827927947044373,0.8200799226760864,0.8805462121963501,0.9798101186752319,0.0
199,0.0,0.0,0.0,0.0,0.0,0.0,0.0,0.0,0.9676163792610168,0.9482585191726685,0.9267306327819824,0.9412871599197388,0.8685991168022156,0.5308513045310974,0.9125228524208069,0.9412394165992737,0.0
200,0.0,1.0,1.0,0.0,1.0,0.0,0.0,0.0,0.9946495890617371,0.988950788974762,0.9881488680839539,0.9924144148826599,0.9835245609283447,0.8857424259185791,0.9559009075164795,0.9898021817207336,4.0
201,0.0,0.0,0.0,0.0,0.0,0.0,0.0,0.0,0.9688562154769897,0.9389211535453796,0.9217730760574341,0.9300252199172974,0.8700247406959534,0.5479428768157959,0.91828453540802,0.9420129060745239,4.0
202,0.0,1.0,1.0,0.0,1.0,0.0,0.0,0.0,0.9833180904388428,0.9741601347923279,0.9736444354057312,0.9794132709503174,0.9536685943603516,0.8160915970802307,0.9540727138519287,0.9782651662826538,3.0
203,0.0,0.0,0.0,0.0,0.0,0.0,0.0,0.0,0.9294148087501526,0.945845365524292,0.9482148289680481,0.9490624070167542,0.88823002576828,0.849126935005188,0.9660395979881287,0.9476752281188965,2.0
204,0.0,0.0,0.0,0.0,0.0,0.0,0.0,0.0,0.9706721305847168,0.9689450860023499,0.9800620675086975,0.9829577803611755,0.948305606842041,0.911628246307373,0.965571403503418,0.9700639843940735,1.0
205,0.0,0.0,0.0,0.0,0.0,0.0,0.0,0.0,0.9688209891319275,0.9493381381034851,0.9394177794456482,0.9432278275489807,0.9397871494293213,0.7718321084976196,0.9414518475532532,0.9614298343658447,4.0
206,1.0,1.0,0.0,0.0,0.0,0.0,0.0,0.0,0.9922423362731934,0.9893660545349121,0.9861921668052673,0.989871084690094,0.9807580709457397,0.8825950622558594,0.9304444193840027,0.985064685344696,4.0
207,1.0,1.0,1.0,1.0,1.0,1.0,1.0,1.0,0.9950543642044067,0.9916290044784546,0.9905471205711365,0.9940553903579712,0.9811760783195496,0.893950879573822,0.9633783102035522,0.9927252531051636,3.0
208,1.0,1.0,1.0,1.0,1.0,1.0,0.0,0.0,0.995768666267395,0.992155909538269,0.9915392994880676,0.995406985282898,0.9835994243621826,0.8511573076248169,0.9597310423851013,0.9904084205627441,0.0
209,0.0,0.0,0.0,0.0,0.0,0.0,0.0,0.0,0.9757446050643921,0.9602652192115784,0.9579709768295288,0.9657561182975769,0.9202977418899536,0.6620943546295166,0.9476525187492371,0.9604081511497498,0.0
210,0.0,0.0,0.0,0.0,0.0,0.0,0.0,0.0,0.977412760257721,0.959196925163269,0.9629820585250854,0.9622548818588257,0.9304795265197754,0.7330924272537231,0.9474178552627563,0.9682909846305847,0.0
211,0.0,1.0,1.0,1.0,1.0,1.0,0.0,0.0,0.9946021437644958,0.9944171905517578,0.9955297112464905,0.9968165755271912,0.9834423661231995,0.9205014705657959,0.9282933473587036,0.9901586174964905,1.0
212,1.0,1.0,1.0,1.0,1.0,1.0,1.0,1.0,0.9932303428649902,0.9926211833953857,0.9907853603363037,0.9924941062927246,0.9847175478935242,0.9338183403015137,0.9401660561561584,0.9912123084068298,1.0
213,0.0,0.0,0.0,0.0,0.0,0.0,0.0,0.0,0.9749128222465515,0.9561936855316162,0.9571762084960938,0.9604021906852722,0.9326624870300293,0.7170146107673645,0.9616029858589172,0.9653136134147644,0.0
214,1.0,1.0,1.0,1.0,1.0,1.0,1.0,0.0,0.996227502822876,0.9927968382835388,0.9921993613243103,0.9954647421836853,0.9864417314529419,0.919085681438446,0.970246434211731,0.9927345514297485,4.0
215,1.0,1.0,1.0,1.0,1.0,1.0,0.0,0.0,0.9938987493515015,0.9929860234260559,0.993727445602417,0.9947916269302368,0.9794638156890869,0.9266223311424255,0.9230338335037231,0.9899256229400635,1.0
216,1.0,0.0,0.0,1.0,0.0,0.0,0.0,0.0,0.9933425784111023,0.9880379438400269,0.986746609210968,0.9918307662010193,0.9788615703582764,0.8831390142440796,0.9483544826507568,0.9882948398590088,4.0
217,0.0,0.0,0.0,0.0,0.0,0.0,0.0,0.0,0.9764798283576965,0.9597977995872498,0.9605951905250549,0.9718698263168335,0.9667118191719055,0.844109296798706,0.9541885256767273,0.97306889295578,4.0
218,0.0,0.0,0.0,0.0,0.0,0.0,0.0,0.0,0.968973696231842,0.9543178081512451,0.9467862844467163,0.9451819658279419,0.9084246158599854,0.7331985235214233,0.9440295696258545,0.9612741470336914,0.0
219,0.0,0.0,0.0,0.0,1.0,0.0,0.0,0.0,0.9872402548789978,0.9824575781822205,0.9870957136154175,0.9885721206665039,0.9779230356216431,0.84483802318573,0.8728322386741638,0.9812653660774231,3.0
220,0.0,1.0,1.0,0.0,1.0,0.0,0.0,0.0,0.9763853549957275,0.9873633980751038,0.98503577709198,0.9841448664665222,0.9631922841072083,0.9076989889144897,0.8838931918144226,0.9650058746337891,2.0
221,0.0,0.0,0.0,0.0,0.0,0.0,0.0,0.0,0.993826687335968,0.9920414090156555,0.9922587275505066,0.9911617040634155,0.9653672575950623,0.8873873949050903,0.8598076701164246,0.9883220791816711,1.0
222,0.0,1.0,1.0,1.0,1.0,1.0,1.0,0.0,0.9910467267036438,0.994875967502594,0.9954593777656555,0.9968846440315247,0.9849207997322083,0.9406100511550903,0.9518862366676331,0.9847216010093689,2.0
223,1.0,1.0,1.0,1.0,1.0,1.0,0.0,0.0,0.9907209873199463,0.9908287525177002,0.9924803972244263,0.9902567863464355,0.960461437702179,0.9133650064468384,0.9447088241577148,0.9848887920379639,2.0
224,1.0,1.0,1.0,1.0,1.0,1.0,0.0,1.0,0.993366539478302,0.9889238476753235,0.9883283972740173,0.9922657608985901,0.970038652420044,0.8710403442382812,0.9558670520782471,0.9916579127311707,3.0
225,1.0,1.0,1.0,1.0,1.0,1.0,1.0,1.0,0.9945423603057861,0.9908558130264282,0.989766538143158,0.9934408068656921,0.9785199761390686,0.8497177958488464,0.9697749018669128,0.9927031993865967,3.0
226,1.0,1.0,1.0,1.0,1.0,1.0,1.0,1.0,0.9943845272064209,0.9908439517021179,0.9896209239959717,0.9934085607528687,0.9787521958351135,0.8515691757202148,0.9683877825737,0.9925823211669922,3.0
227,0.0,0.0,0.0,0.0,0.0,0.0,0.0,0.0,0.9831044673919678,0.9801968336105347,0.9880505204200745,0.9887463450431824,0.9713034629821777,0.9583759307861328,0.9581158757209778,0.9799360036849976,1.0
228,1.0,1.0,1.0,1.0,1.0,1.0,0.0,1.0,0.9943814873695374,0.9917128086090088,0.9926002621650696,0.9926171898841858,0.9814245700836182,0.9271684885025024,0.942915678024292,0.9916493892669678,1.0
229,1.0,1.0,1.0,1.0,1.0,1.0,1.0,1.0,0.993791401386261,0.990404486656189,0.9871789216995239,0.9930058121681213,0.9773364663124084,0.8885059952735901,0.9612294435501099,0.9913311004638672,3.0
230,0.0,0.0,0.0,0.0,0.0,0.0,0.0,0.0,0.9670701026916504,0.9434416890144348,0.9297577142715454,0.936687171459198,0.9073641896247864,0.6615478992462158,0.9388557076454163,0.952032208442688,4.0
231,1.0,0.0,0.0,0.0,0.0,0.0,0.0,0.0,0.9921377301216125,0.9907968044281006,0.9910955429077148,0.9933783411979675,0.9793104529380798,0.956880509853363,0.92432701587677,0.9879447221755981,1.0
232,1.0,1.0,1.0,1.0,1.0,1.0,1.0,0.0,0.99491286277771,0.9930551648139954,0.9913694262504578,0.9952040910720825,0.9795989990234375,0.8992166519165039,0.9664495587348938,0.9922676682472229,3.0
233,1.0,1.0,1.0,1.0,1.0,1.0,0.0,1.0,0.9914737939834595,0.9866541028022766,0.9860196113586426,0.9901599287986755,0.9694247841835022,0.7821430563926697,0.9109703898429871,0.9857090711593628,3.0
234,1.0,0.0,1.0,1.0,1.0,0.0,0.0,0.0,0.990949809551239,0.9907374978065491,0.9931307435035706,0.9940237402915955,0.9610406756401062,0.9269620776176453,0.9489158987998962,0.9850414395332336,2.0
235,1.0,1.0,1.0,1.0,1.0,1.0,1.0,1.0,0.9943220615386963,0.9934130311012268,0.9949849843978882,0.9958204030990601,0.9865173101425171,0.94756680727005,0.9626445770263672,0.9932639598846436,1.0
236,1.0,1.0,1.0,1.0,1.0,1.0,1.0,0.0,0.9918872714042664,0.9926302433013916,0.9948122501373291,0.995802104473114,0.9858493804931641,0.9560727477073669,0.9607053399085999,0.989215075969696,2.0
237,0.0,0.0,0.0,0.0,0.0,0.0,0.0,0.0,0.9787473678588867,0.9707788825035095,0.9672467708587646,0.9727452993392944,0.949962854385376,0.7806015610694885,0.969106912612915,0.9716320037841797,0.0
238,0.0,0.0,0.0,0.0,0.0,0.0,0.0,0.0,0.9635763764381409,0.9759700298309326,0.9753351807594299,0.9806652069091797,0.9550854563713074,0.9119009375572205,0.9596520066261292,0.969196617603302,2.0
239,1.0,1.0,1.0,1.0,1.0,1.0,1.0,1.0,0.9937232136726379,0.993728518486023,0.9938534498214722,0.9942309856414795,0.9846113324165344,0.9266729950904846,0.950648307800293,0.9917904138565063,1.0
240,1.0,1.0,1.0,1.0,1.0,1.0,1.0,1.0,0.9956740736961365,0.9931007623672485,0.9919639825820923,0.9958332777023315,0.9836692214012146,0.9269371628761292,0.9808958768844604,0.9946505427360535,4.0
241,0.0,0.0,0.0,0.0,0.0,0.0,0.0,0.0,0.9591149091720581,0.9377459287643433,0.9198757410049438,0.92069411277771,0.9185627698898315,0.707185685634613,0.924034833908081,0.9464319944381714,4.0
242,0.0,1.0,1.0,0.0,1.0,1.0,0.0,0.0,0.9856445789337158,0.9790859818458557,0.9790998101234436,0.9844623804092407,0.9576961398124695,0.7694347500801086,0.9167603850364685,0.9737557768821716,4.0
243,1.0,1.0,1.0,1.0,1.0,1.0,1.0,1.0,0.995705783367157,0.9907417297363281,0.9907596111297607,0.9942460656166077,0.9841734170913696,0.886540949344635,0.9642422795295715,0.9921727180480957,4.0
244,0.0,0.0,0.0,0.0,0.0,0.0,0.0,0.0,0.9777629971504211,0.9591966271400452,0.9537927508354187,0.9570481181144714,0.9508118629455566,0.7754631042480469,0.9347559213638306,0.9701522588729858,0.0
245,1.0,1.0,1.0,1.0,1.0,1.0,1.0,0.0,0.9901530146598816,0.9905760288238525,0.9921337366104126,0.9938225746154785,0.9632173776626587,0.9144231677055359,0.9377057552337646,0.9831273555755615,2.0
246,1.0,1.0,1.0,1.0,1.0,0.0,1.0,0.0,0.9939749836921692,0.9878332614898682,0.9865280985832214,0.9917532205581665,0.9815495610237122,0.8465614318847656,0.9473370313644409,0.9890116453170776,3.0
247,1.0,1.0,1.0,1.0,1.0,1.0,0.0,1.0,0.9951152801513672,0.991259753704071,0.9884142875671387,0.9934937357902527,0.9823592305183411,0.9063757061958313,0.9588729739189148,0.99115389585495,0.0
248,1.0,1.0,1.0,1.0,1.0,1.0,1.0,1.0,0.9927296042442322,0.9933971166610718,0.9951401948928833,0.9947507977485657,0.9811779260635376,0.9508609771728516,0.9676381349563599,0.989829957485199,2.0
249,1.0,1.0,1.0,1.0,1.0,1.0,1.0,1.0,0.9940524697303772,0.9931557774543762,0.9945819973945618,0.9950041174888611,0.9853039383888245,0.9331760406494141,0.9497457146644592,0.9940610527992249,1.0
250,1.0,1.0,1.0,0.0,1.0,1.0,0.0,0.0,0.993349015712738,0.9922038316726685,0.993757963180542,0.9943195581436157,0.9843475818634033,0.930138111114502,0.9175185561180115,0.9902781844139099,1.0
251,0.0,0.0,0.0,0.0,0.0,0.0,0.0,0.0,0.9656021595001221,0.9431394934654236,0.9270923733711243,0.9340137243270874,0.9348732233047485,0.7143720984458923,0.938799262046814,0.9494738578796387,4.0
252,0.0,0.0,0.0,0.0,0.0,0.0,0.0,0.0,0.9696564078330994,0.9528987407684326,0.9527490735054016,0.9580719470977783,0.9472228288650513,0.7622323632240295,0.9482672214508057,0.9633150100708008,4.0
253,0.0,0.0,0.0,0.0,0.0,0.0,0.0,0.0,0.976161777973175,0.9520605206489563,0.9641028642654419,0.9626128673553467,0.9017432332038879,0.7239930033683777,0.9433133006095886,0.9574270248413086,3.0
254,0.0,0.0,0.0,0.0,0.0,0.0,0.0,0.0,0.9748268127441406,0.9735581278800964,0.9818010330200195,0.9824867844581604,0.9498786330223083,0.917559027671814,0.9669319987297058,0.9698613286018372,1.0
255,0.0,0.0,0.0,0.0,0.0,0.0,0.0,0.0,0.9772672653198242,0.9715988039970398,0.9687321186065674,0.9780314564704895,0.9612714052200317,0.8018410205841064,0.9151920080184937,0.9697330594062805,3.0
256,0.0,1.0,1.0,1.0,1.0,1.0,0.0,0.0,0.9962659478187561,0.9927182197570801,0.9920990467071533,0.9958510398864746,0.9842467308044434,0.8697867393493652,0.9597852826118469,0.9905114769935608,0.0
257,1.0,1.0,1.0,1.0,1.0,1.0,1.0,0.0,0.9923267960548401,0.9939702749252319,0.9945490956306458,0.9934284090995789,0.9693421125411987,0.9407366514205933,0.9602231979370117,0.9877370595932007,2.0
258,1.0,1.0,1.0,1.0,1.0,1.0,1.0,1.0,0.9951409101486206,0.9911621809005737,0.9911817312240601,0.9949324727058411,0.9863226413726807,0.916205108165741,0.9581831693649292,0.99105304479599,3.0
259,1.0,1.0,1.0,1.0,1.0,1.0,1.0,0.0,0.995507001876831,0.9941098690032959,0.9949491024017334,0.994653582572937,0.9840347766876221,0.9326876997947693,0.937962532043457,0.9914876222610474,1.0
260,0.0,0.0,0.0,0.0,0.0,0.0,0.0,0.0,0.971676766872406,0.9512718319892883,0.932205319404602,0.9267824292182922,0.901333212852478,0.5417203307151794,0.9086710810661316,0.9422633647918701,0.0
261,0.0,0.0,0.0,0.0,0.0,0.0,0.0,0.0,0.9684463739395142,0.9470755457878113,0.9189070463180542,0.9295204877853394,0.8768273591995239,0.5179553031921387,0.913831353187561,0.9450200796127319,0.0
262,1.0,1.0,1.0,1.0,1.0,1.0,1.0,1.0,0.9950786828994751,0.9921259880065918,0.9903792142868042,0.994276225566864,0.9805050492286682,0.8848580121994019,0.967624306678772,0.9941120743751526,3.0
263,0.0,0.0,0.0,0.0,0.0,0.0,0.0,0.0,0.9080912470817566,0.9354174733161926,0.9267892837524414,0.9232816100120544,0.8608750700950623,0.8116382360458374,0.9344258308410645,0.9235504865646362,2.0
264,0.0,0.0,0.0,0.0,0.0,0.0,0.0,0.0,0.9383525252342224,0.9643936157226562,0.9734019041061401,0.9644672274589539,0.9268376231193542,0.8571298122406006,0.9325655698776245,0.9466794729232788,2.0
265,0.0,0.0,0.0,0.0,0.0,0.0,0.0,0.0,0.985982358455658,0.9836187958717346,0.9873918890953064,0.9889471530914307,0.9672853350639343,0.9476054310798645,0.9448091387748718,0.9798683524131775,1.0
266,1.0,1.0,1.0,1.0,1.0,1.0,1.0,1.0,0.9923503994941711,0.9902527332305908,0.9920910596847534,0.9918767213821411,0.9782572984695435,0.9126695990562439,0.9459195137023926,0.9914296269416809,1.0
267,0.0,0.0,0.0,0.0,0.0,1.0,1.0,0.0,0.9809751510620117,0.9711496233940125,0.9662450551986694,0.9780409336090088,0.9562550783157349,0.8390538096427917,0.9632812738418579,0.975071132183075,3.0
268,0.0,0.0,0.0,0.0,1.0,0.0,0.0,0.0,0.973131000995636,0.9845647811889648,0.9873031973838806,0.9866675734519958,0.9794019460678101,0.9264272451400757,0.9019668102264404,0.9710034132003784,2.0
269,0.0,0.0,0.0,0.0,0.0,0.0,0.0,0.0,0.9727534055709839,0.9435898065567017,0.927467405796051,0.9263509511947632,0.8962169885635376,0.6078215837478638,0.9262120723724365,0.9498128294944763,4.0
270,1.0,1.0,1.0,1.0,1.0,1.0,1.0,1.0,0.9950929880142212,0.9915662407875061,0.9911366701126099,0.9939932227134705,0.9850327968597412,0.9118117690086365,0.967602550983429,0.9925227761268616,4.0
271,1.0,1.0,0.0,0.0,0.0,0.0,1.0,0.0,0.9805474281311035,0.9806491136550903,0.9838571548461914,0.9839693307876587,0.9543573260307312,0.918721079826355,0.9338212609291077,0.974966287612915,2.0
272,1.0,1.0,1.0,1.0,1.0,1.0,1.0,0.0,0.9919187426567078,0.9934553503990173,0.9955871105194092,0.9967447519302368,0.9840860366821289,0.9478254914283752,0.9535136818885803,0.9841861128807068,2.0
273,0.0,0.0,0.0,0.0,0.0,0.0,0.0,0.0,0.9773185849189758,0.9529968500137329,0.9416422843933105,0.9645426273345947,0.9522566795349121,0.7761591076850891,0.9676051139831543,0.9710589051246643,4.0
274,1.0,1.0,1.0,1.0,1.0,1.0,1.0,0.0,0.9951372742652893,0.9938026666641235,0.9951247572898865,0.9949851036071777,0.9828852415084839,0.9270904064178467,0.9561286568641663,0.993359386920929,1.0
275,0.0,0.0,0.0,0.0,0.0,0.0,0.0,0.0,0.9690601229667664,0.9445602297782898,0.9356578588485718,0.9341244101524353,0.9087597131729126,0.6038783192634583,0.9246433973312378,0.9523782134056091,0.0
276,1.0,1.0,1.0,1.0,1.0,1.0,1.0,0.0,0.9943485856056213,0.9913709163665771,0.9892182350158691,0.99367356300354,0.984429121017456,0.9025266766548157,0.962976336479187,0.9919539093971252,4.0
277,0.0,0.0,0.0,0.0,0.0,0.0,0.0,0.0,0.9757108688354492,0.952975869178772,0.9540758728981018,0.9413321614265442,0.9105460047721863,0.6448279619216919,0.9350602626800537,0.9568784832954407,0.0
278,0.0,0.0,0.0,0.0,0.0,0.0,0.0,0.0,0.9196179509162903,0.9219403266906738,0.9068254828453064,0.9087681770324707,0.8290154933929443,0.6691055297851562,0.9296551942825317,0.9204777479171753,2.0
279,0.0,0.0,0.0,0.0,0.0,0.0,0.0,0.0,0.967584490776062,0.9482036828994751,0.9334377646446228,0.9395199418067932,0.886059045791626,0.6680724024772644,0.9382945895195007,0.9499731659889221,3.0
280,0.0,0.0,0.0,0.0,0.0,0.0,0.0,0.0,0.9757397174835205,0.9733577370643616,0.9807697534561157,0.9806619882583618,0.942612886428833,0.9086331129074097,0.9642928242683411,0.9669591784477234,1.0
281,1.0,1.0,1.0,1.0,1.0,1.0,0.0,0.0,0.9934705495834351,0.9928881525993347,0.9928039908409119,0.9939181804656982,0.9835695624351501,0.9182819724082947,0.9356140494346619,0.9918436408042908,1.0
282,0.0,0.0,0.0,0.0,0.0,0.0,0.0,0.0,0.969337522983551,0.945987343788147,0.9211769104003906,0.9314308762550354,0.8656625747680664,0.5465818643569946,0.9146985411643982,0.9392431378364563,3.0
283,0.0,0.0,0.0,0.0,0.0,0.0,0.0,0.0,0.9655863642692566,0.9450374841690063,0.925319492816925,0.9212813973426819,0.8915654420852661,0.6156135201454163,0.9311423301696777,0.9512362480163574,3.0
284,0.0,1.0,1.0,0.0,1.0,1.0,0.0,0.0,0.9775525331497192,0.9866939187049866,0.9901010990142822,0.9891458749771118,0.9743693470954895,0.917069673538208,0.8827469348907471,0.971763014793396,2.0
285,0.0,1.0,1.0,0.0,1.0,0.0,0.0,0.0,0.9684960246086121,0.9838862419128418,0.9823932647705078,0.9790449738502502,0.9534293413162231,0.8977662920951843,0.8955131769180298,0.9618152379989624,2.0
286,0.0,0.0,0.0,0.0,0.0,0.0,0.0,0.0,0.972135066986084,0.9539309144020081,0.9457762837409973,0.9477230906486511,0.9278525114059448,0.6334575414657593,0.9381846189498901,0.9550038576126099,0.0
287,0.0,0.0,0.0,0.0,0.0,0.0,0.0,0.0,0.9796586036682129,0.9678736329078674,0.9649187326431274,0.9722189903259277,0.9501479268074036,0.8207898736000061,0.9540160894393921,0.974297285079956,3.0
288,0.0,0.0,0.0,0.0,1.0,0.0,0.0,0.0,0.9894862174987793,0.9853148460388184,0.9851190447807312,0.9896558523178101,0.973640501499176,0.8599072694778442,0.9341036081314087,0.9837967753410339,4.0
289,1.0,1.0,1.0,0.0,1.0,0.0,0.0,0.0,0.9948714971542358,0.990261971950531,0.9890000224113464,0.9914262294769287,0.9772736430168152,0.891689121723175,0.951255202293396,0.9885134100914001,0.0
290,0.0,0.0,0.0,0.0,0.0,0.0,0.0,0.0,0.9932395219802856,0.9880350232124329,0.9865735769271851,0.9907957911491394,0.973249077796936,0.8261938691139221,0.9100170135498047,0.9863572120666504,0.0
291,1.0,0.0,0.0,0.0,0.0,0.0,0.0,0.0,0.9903250932693481,0.9917368292808533,0.9927436113357544,0.9936631917953491,0.9749438762664795,0.90116947889328,0.8460608720779419,0.9857239127159119,1.0
292,0.0,0.0,0.0,0.0,0.0,0.0,0.0,0.0,0.9724498391151428,0.9738370776176453,0.9808377623558044,0.9808622002601624,0.9455885291099548,0.9183837175369263,0.963350772857666,0.9686049222946167,1.0
293,0.0,0.0,0.0,0.0,0.0,0.0,0.0,0.0,0.9703626036643982,0.9486778378486633,0.9284905791282654,0.9425283670425415,0.8472993969917297,0.4866178333759308,0.924433708190918,0.9424015879631042,3.0
294,0.0,0.0,0.0,0.0,0.0,0.0,0.0,0.0,0.9669920802116394,0.9505857229232788,0.9383123517036438,0.9296380877494812,0.9140587449073792,0.7260008454322815,0.9507102370262146,0.9592854976654053,0.0
295,0.0,0.0,0.0,0.0,0.0,0.0,0.0,0.0,0.97030109167099,0.9410997033119202,0.9266096353530884,0.9452802538871765,0.9538957476615906,0.7461007833480835,0.9473861455917358,0.9614943265914917,4.0
296,1.0,0.0,1.0,1.0,1.0,0.0,0.0,0.0,0.984226644039154,0.9696316123008728,0.9551018476486206,0.9720472097396851,0.959771990776062,0.8252105116844177,0.9755520224571228,0.9754921197891235,0.0
297,1.0,1.0,1.0,1.0,1.0,1.0,0.0,0.0,0.9951540231704712,0.9904991984367371,0.9906224608421326,0.994120180606842,0.9794132709503174,0.8032066226005554,0.9441343545913696,0.9886447191238403,3.0
298,0.0,0.0,0.0,0.0,0.0,0.0,0.0,0.0,0.9762417078018188,0.9668349623680115,0.9723597764968872,0.9687259793281555,0.9434380531311035,0.7410498261451721,0.9614099860191345,0.9645294547080994,0.0
299,1.0,1.0,1.0,1.0,1.0,1.0,1.0,1.0,0.9942052960395813,0.9908986687660217,0.9880408644676208,0.9944581985473633,0.9851057529449463,0.9080218076705933,0.9598599672317505,0.9892277717590332,0.0
300,1.0,1.0,1.0,1.0,1.0,1.0,1.0,1.0,0.9957621693611145,0.9944591522216797,0.9956613183021545,0.9959113597869873,0.9875218272209167,0.9468284845352173,0.9595804214477539,0.9943262934684753,1.0
301,0.0,0.0,0.0,0.0,0.0,0.0,0.0,0.0,0.9684903025627136,0.9575638771057129,0.9367996454238892,0.9549766182899475,0.8897227048873901,0.7034681439399719,0.9572927355766296,0.9666069746017456,3.0
302,1.0,1.0,1.0,1.0,1.0,1.0,0.0,0.0,0.9946292042732239,0.9938918352127075,0.9936380982398987,0.9954615235328674,0.9851363301277161,0.9351901412010193,0.9329231381416321,0.9921194314956665,1.0
303,0.0,0.0,0.0,0.0,0.0,0.0,0.0,0.0,0.9675659537315369,0.9488608241081238,0.9327635765075684,0.9516331553459167,0.8634340763092041,0.6145056486129761,0.9363020062446594,0.9576272368431091,3.0
304,0.0,0.0,0.0,0.0,0.0,0.0,0.0,0.0,0.9164740443229675,0.931667149066925,0.9205975532531738,0.9305442571640015,0.8640087246894836,0.787061870098114,0.9317657947540283,0.9255954623222351,2.0
305,1.0,1.0,1.0,1.0,1.0,0.0,0.0,1.0,0.9948850274085999,0.9933620691299438,0.9937828183174133,0.993375837802887,0.9805952310562134,0.8970639109611511,0.9294803738594055,0.9921324849128723,1.0
306,0.0,0.0,0.0,0.0,0.0,0.0,0.0,0.0,0.9733226895332336,0.9720183610916138,0.9787454605102539,0.9743431210517883,0.9375532865524292,0.9312092065811157,0.9675297737121582,0.9676042199134827,1.0
307,1.0,1.0,1.0,1.0,1.0,1.0,1.0,1.0,0.9947572946548462,0.9932278990745544,0.9949575066566467,0.9948469400405884,0.9823724627494812,0.9243074655532837,0.9430440664291382,0.9925920963287354,1.0
308,1.0,1.0,1.0,1.0,1.0,1.0,1.0,0.0,0.9950227737426758,0.9914492964744568,0.9898523688316345,0.9950340986251831,0.9863794445991516,0.881663978099823,0.9600715637207031,0.9905154705047607,4.0
309,0.0,0.0,0.0,0.0,0.0,0.0,0.0,0.0,0.9739090800285339,0.9477521181106567,0.9531254768371582,0.9523983001708984,0.9221499562263489,0.6107437014579773,0.9321646094322205,0.956720769405365,0.0
310,0.0,0.0,0.0,0.0,0.0,0.0,0.0,0.0,0.9836268424987793,0.9713418483734131,0.9742189645767212,0.9785552620887756,0.9539404511451721,0.7996934056282043,0.9629852771759033,0.9746564626693726,0.0
311,0.0,0.0,0.0,0.0,0.0,0.0,0.0,0.0,0.9894856214523315,0.9861881136894226,0.98739093542099,0.9900099635124207,0.9759761691093445,0.9507491588592529,0.9369341135025024,0.9851319193840027,1.0
312,1.0,1.0,1.0,1.0,1.0,1.0,1.0,1.0,0.9938492178916931,0.9899669885635376,0.9867329001426697,0.9928961396217346,0.9760968089103699,0.8815872669219971,0.9683171510696411,0.9925652742385864,0.0
313,1.0,1.0,1.0,0.0,1.0,1.0,0.0,0.0,0.9955096244812012,0.9911996722221375,0.9906371235847473,0.994851291179657,0.9860808849334717,0.9156087636947632,0.9674843549728394,0.9907636046409607,4.0
314,1.0,1.0,1.0,1.0,1.0,1.0,1.0,0.0,0.9939946532249451,0.9890102744102478,0.9901198148727417,0.9924276471138,0.9796133041381836,0.8592194318771362,0.9301354289054871,0.9882802963256836,0.0
315,1.0,1.0,1.0,1.0,1.0,0.0,1.0,0.0,0.9928292632102966,0.9873815178871155,0.9855479598045349,0.9911359548568726,0.9817022085189819,0.8883309960365295,0.9444080591201782,0.9864481687545776,4.0
316,0.0,0.0,0.0,0.0,0.0,0.0,0.0,0.0,0.974994957447052,0.9736037850379944,0.9812949895858765,0.9805891513824463,0.9523805379867554,0.9406707286834717,0.9723358750343323,0.9738727807998657,1.0
317,0.0,0.0,0.0,0.0,1.0,0.0,0.0,0.0,0.9890537261962891,0.984416663646698,0.988172709941864,0.9887380599975586,0.9779485464096069,0.8300691246986389,0.8953703045845032,0.9802191853523254,3.0
318,0.0,0.0,0.0,0.0,0.0,0.0,0.0,0.0,0.9722511172294617,0.9430757761001587,0.9399299621582031,0.9427959322929382,0.901813805103302,0.5417118668556213,0.9048764109611511,0.9411697387695312,0.0
319,1.0,1.0,1.0,1.0,1.0,1.0,1.0,0.0,0.995105504989624,0.9933358430862427,0.9943530559539795,0.994568943977356,0.983320951461792,0.943115234375,0.9585487246513367,0.9925290942192078,1.0
320,0.0,0.0,0.0,0.0,0.0,0.0,0.0,0.0,0.9339510202407837,0.946945309638977,0.9537554383277893,0.9428927898406982,0.9154075384140015,0.816038191318512,0.9287905693054199,0.9429193139076233,2.0
321,0.0,0.0,0.0,0.0,0.0,0.0,0.0,0.0,0.9837534427642822,0.9724159240722656,0.9738830924034119,0.976134717464447,0.9653818011283875,0.829679012298584,0.9455724358558655,0.9740892052650452,0.0
322,1.0,1.0,1.0,1.0,1.0,1.0,1.0,1.0,0.9939561486244202,0.9915037751197815,0.9900578856468201,0.9943704009056091,0.9816927909851074,0.8938732743263245,0.9685875177383423,0.9910594820976257,3.0
323,1.0,1.0,1.0,1.0,1.0,1.0,0.0,0.0,0.9954598546028137,0.9931650757789612,0.991378664970398,0.9957602620124817,0.988128125667572,0.9216528534889221,0.9686143398284912,0.9910831451416016,0.0
324,1.0,1.0,1.0,0.0,1.0,1.0,0.0,0.0,0.9849382638931274,0.9900245666503906,0.9912837743759155,0.9925272464752197,0.9779676198959351,0.9144095182418823,0.9066662788391113,0.978467583656311,2.0
325,0.0,0.0,0.0,0.0,0.0,0.0,0.0,0.0,0.9868218898773193,0.9838083386421204,0.9836817979812622,0.9868006706237793,0.9699251055717468,0.8276932239532471,0.9040750861167908,0.9810421466827393,3.0
326,1.0,1.0,1.0,1.0,1.0,1.0,1.0,0.0,0.994111955165863,0.9931377172470093,0.9929606318473816,0.9937001466751099,0.9824568033218384,0.9313960075378418,0.9490590691566467,0.9916042685508728,1.0
327,1.0,1.0,1.0,1.0,1.0,1.0,0.0,1.0,0.9950070381164551,0.9905348420143127,0.9893569350242615,0.9935176372528076,0.9825981855392456,0.8890926837921143,0.9531579613685608,0.9899845123291016,0.0
328,0.0,0.0,0.0,0.0,0.0,0.0,0.0,0.0,0.9714609384536743,0.9590340852737427,0.937449038028717,0.9510049223899841,0.9182628989219666,0.7220339179039001,0.953886091709137,0.9587346315383911,0.0
329,0.0,0.0,0.0,0.0,0.0,0.0,0.0,0.0,0.9723778963088989,0.970503032207489,0.9777657389640808,0.9745885133743286,0.937160074710846,0.9306384921073914,0.9686199426651001,0.9655040502548218,1.0
330,1.0,1.0,1.0,1.0,1.0,1.0,1.0,1.0,0.9950045943260193,0.991717517375946,0.9906066656112671,0.9943293929100037,0.9831414222717285,0.922289252281189,0.9802253842353821,0.9924432635307312,4.0
331,1.0,1.0,1.0,0.0,1.0,1.0,0.0,0.0,0.9944841265678406,0.9936664700508118,0.9942861199378967,0.9944260120391846,0.9816046953201294,0.9109359383583069,0.8977724313735962,0.9895562529563904,1.0
332,1.0,1.0,1.0,1.0,1.0,1.0,1.0,1.0,0.9954968690872192,0.9921338558197021,0.9907004237174988,0.9951632022857666,0.984160840511322,0.9156825542449951,0.9726493954658508,0.994844913482666,0.0
333,0.0,0.0,0.0,0.0,0.0,0.0,0.0,0.0,0.968926727771759,0.9491249918937683,0.9253968000411987,0.9281306266784668,0.8639639616012573,0.5372471213340759,0.9305902123451233,0.9404671788215637,0.0
334,1.0,1.0,1.0,1.0,1.0,1.0,1.0,0.0,0.9951034784317017,0.9923219084739685,0.9911366701126099,0.9951578974723816,0.9795657396316528,0.9130168557167053,0.9740781188011169,0.9931344985961914,0.0
335,1.0,1.0,1.0,1.0,1.0,0.0,0.0,0.0,0.9917945265769958,0.9919231534004211,0.9934532642364502,0.9946257472038269,0.9771777987480164,0.9231337904930115,0.9422266483306885,0.9837616086006165,2.0
336,1.0,1.0,1.0,1.0,1.0,1.0,1.0,0.0,0.994009256362915,0.9935868978500366,0.9945070147514343,0.9939874410629272,0.9836978316307068,0.9054483771324158,0.9289053678512573,0.9914988875389099,1.0
337,0.0,0.0,0.0,0.0,0.0,0.0,0.0,0.0,0.9778775572776794,0.9659026861190796,0.9613555669784546,0.9669272303581238,0.9641005396842957,0.8275094628334045,0.9499596357345581,0.9733288884162903,4.0
338,0.0,0.0,0.0,0.0,0.0,0.0,0.0,0.0,0.8977475762367249,0.9272412657737732,0.9041309952735901,0.9050644636154175,0.852962076663971,0.7734434008598328,0.9383334517478943,0.909612238407135,2.0
339,0.0,0.0,0.0,0.0,0.0,0.0,0.0,0.0,0.97662353515625,0.9664953947067261,0.963813066482544,0.9749951958656311,0.9652171730995178,0.8339857459068298,0.958263635635376,0.9718549847602844,4.0
340,0.0,0.0,0.0,0.0,0.0,0.0,0.0,0.0,0.9084612727165222,0.9235116243362427,0.9016757011413574,0.9039544463157654,0.8025351166725159,0.7179631590843201,0.9264165163040161,0.914074718952179,2.0
341,0.0,0.0,0.0,0.0,0.0,0.0,0.0,0.0,0.9230796098709106,0.9472030997276306,0.9486129283905029,0.9454203844070435,0.8841904401779175,0.8370981216430664,0.9427832365036011,0.9317031502723694,2.0
342,1.0,1.0,1.0,1.0,1.0,0.0,1.0,0.0,0.9942023158073425,0.9933435916900635,0.9945541620254517,0.9946394562721252,0.982484757900238,0.9307406544685364,0.9231173992156982,0.9924261569976807,1.0
343,0.0,0.0,0.0,0.0,0.0,0.0,0.0,0.0,0.9749793410301208,0.9560577869415283,0.9502570629119873,0.9560375213623047,0.9574394822120667,0.8125075101852417,0.9535909295082092,0.9694134593009949,4.0
344,1.0,1.0,1.0,1.0,1.0,0.0,1.0,1.0,0.996192455291748,0.9923925399780273,0.9910706281661987,0.9956366419792175,0.9812906384468079,0.8938807845115662,0.9655435085296631,0.9929763078689575,0.0
345,1.0,1.0,1.0,1.0,1.0,1.0,0.0,1.0,0.9959056377410889,0.9921789169311523,0.9902445077896118,0.9949028491973877,0.9861419796943665,0.9389653205871582,0.9687749743461609,0.9917397499084473,4.0
346,1.0,1.0,1.0,1.0,1.0,1.0,0.0,1.0,0.9951587319374084,0.9938913583755493,0.9945924878120422,0.9949186444282532,0.9856993556022644,0.9324541091918945,0.9300712943077087,0.9925490617752075,1.0
347,0.0,0.0,0.0,0.0,0.0,0.0,0.0,0.0,0.9663846492767334,0.9506208300590515,0.9251330494880676,0.9432750344276428,0.8986452221870422,0.6553635597229004,0.9478808641433716,0.961150050163269,3.0
348,1.0,1.0,1.0,1.0,1.0,1.0,1.0,1.0,0.9941542744636536,0.9900216460227966,0.9898707270622253,0.9933874607086182,0.9773145914077759,0.8465306162834167,0.9516276121139526,0.9922428727149963,3.0
349,1.0,1.0,1.0,1.0,0.0,0.0,1.0,1.0,0.9903814196586609,0.9930198788642883,0.9928576946258545,0.9937427639961243,0.9714282155036926,0.9377654194831848,0.977829098701477,0.9933602213859558,2.0
350,0.0,1.0,0.0,0.0,0.0,0.0,0.0,0.0,0.9933053851127625,0.9890916347503662,0.98777174949646,0.9904842376708984,0.970182478427887,0.8528456091880798,0.9432015419006348,0.9882338047027588,0.0
351,1.0,1.0,1.0,1.0,1.0,1.0,1.0,0.0,0.9957354068756104,0.9915397763252258,0.9909641742706299,0.9951382875442505,0.9852727055549622,0.8873704075813293,0.9644360542297363,0.9917416572570801,0.0
352,1.0,0.0,1.0,1.0,1.0,0.0,0.0,0.0,0.9952467083930969,0.9911008477210999,0.9914222359657288,0.9946278929710388,0.986415445804596,0.8811237215995789,0.950817346572876,0.98918217420578,0.0
353,0.0,0.0,0.0,0.0,0.0,0.0,0.0,0.0,0.9393990635871887,0.9608424305915833,0.9611895680427551,0.9601784944534302,0.9118627905845642,0.8416738510131836,0.9394175410270691,0.9451906681060791,2.0
354,1.0,1.0,1.0,1.0,1.0,1.0,0.0,0.0,0.9927905797958374,0.9934360980987549,0.9953959584236145,0.9955275654792786,0.9850836396217346,0.951040506362915,0.9625616073608398,0.9909740090370178,2.0
355,0.0,0.0,0.0,0.0,0.0,0.0,0.0,0.0,0.9828821420669556,0.9796392917633057,0.9868913292884827,0.98583984375,0.9567432403564453,0.9451850652694702,0.9594451189041138,0.9781252145767212,1.0
356,0.0,0.0,0.0,0.0,0.0,0.0,0.0,0.0,0.9085457921028137,0.928101658821106,0.8994653224945068,0.8923041224479675,0.7822838425636292,0.7168425917625427,0.91255122423172,0.8865340948104858,2.0
357,1.0,1.0,1.0,0.0,1.0,0.0,0.0,0.0,0.9942633509635925,0.9923547506332397,0.9937998652458191,0.9944477081298828,0.9803221821784973,0.9010258913040161,0.9274098873138428,0.9905942678451538,1.0
358,0.0,1.0,1.0,0.0,1.0,1.0,0.0,0.0,0.993687093257904,0.9898776412010193,0.9897342920303345,0.992432713508606,0.9747872948646545,0.7918538451194763,0.9126445651054382,0.9879504442214966,3.0
359,1.0,1.0,1.0,1.0,1.0,1.0,1.0,0.0,0.9954249262809753,0.9924657344818115,0.991737425327301,0.9957937002182007,0.9861834049224854,0.9118603467941284,0.9673561453819275,0.9911350011825562,0.0
360,0.0,0.0,0.0,0.0,0.0,0.0,0.0,0.0,0.9405329823493958,0.9612904787063599,0.9719993472099304,0.9636898636817932,0.9336496591567993,0.8421612977981567,0.9447534680366516,0.954785168170929,2.0
361,0.0,0.0,0.0,0.0,0.0,0.0,0.0,0.0,0.9730489253997803,0.9571789503097534,0.9505701661109924,0.939240038394928,0.9298860430717468,0.6697583198547363,0.9300858378410339,0.9572684168815613,0.0
362,1.0,1.0,1.0,1.0,1.0,1.0,1.0,0.0,0.9931852221488953,0.9898217916488647,0.9889956712722778,0.9938580393791199,0.9813306927680969,0.8367556929588318,0.9343319535255432,0.9831570982933044,0.0
363,0.0,1.0,1.0,1.0,1.0,1.0,1.0,0.0,0.9939960241317749,0.9931364059448242,0.9930753707885742,0.9952622652053833,0.9839677214622498,0.9337630867958069,0.9323102831840515,0.9893674254417419,1.0
364,0.0,0.0,0.0,0.0,0.0,0.0,0.0,0.0,0.9703012108802795,0.9510565400123596,0.9276872277259827,0.9395025968551636,0.8938325047492981,0.6302275061607361,0.9379580616950989,0.9572404026985168,3.0
365,1.0,1.0,1.0,1.0,1.0,1.0,0.0,0.0,0.99456787109375,0.9928931593894958,0.9938734769821167,0.9948561191558838,0.9804041981697083,0.9151761531829834,0.9010078310966492,0.9891999959945679,1.0
366,1.0,1.0,1.0,1.0,1.0,1.0,1.0,0.0,0.9952476620674133,0.9923473596572876,0.9912567138671875,0.9953688383102417,0.986793041229248,0.9229333996772766,0.9759997725486755,0.9920788407325745,4.0
367,0.0,0.0,0.0,0.0,0.0,0.0,0.0,0.0,0.9668430685997009,0.9791622161865234,0.9818593859672546,0.9812528491020203,0.9602017998695374,0.9195427894592285,0.9522335529327393,0.9674950838088989,2.0
368,0.0,0.0,0.0,0.0,0.0,0.0,0.0,0.0,0.8840722441673279,0.9165018796920776,0.8976697325706482,0.8679439425468445,0.7994597554206848,0.6595026254653931,0.9296674728393555,0.9027001857757568,2.0
369,1.0,1.0,1.0,0.0,1.0,0.0,0.0,0.0,0.9810131192207336,0.9867123365402222,0.9882374405860901,0.9886049032211304,0.9550273418426514,0.914746105670929,0.9275722503662109,0.9756230711936951,2.0
370,1.0,1.0,1.0,1.0,1.0,0.0,1.0,1.0,0.9942952990531921,0.9925554394721985,0.9932693839073181,0.992464542388916,0.9791933298110962,0.9252952337265015,0.9329743981361389,0.9914788603782654,1.0
371,1.0,1.0,1.0,1.0,1.0,0.0,0.0,1.0,0.9953253269195557,0.9914810657501221,0.9920563101768494,0.994583785533905,0.982466995716095,0.8683311939239502,0.9572853446006775,0.9911264777183533,0.0
372,0.0,0.0,0.0,0.0,0.0,0.0,0.0,0.0,0.9816644191741943,0.9686434268951416,0.9718716144561768,0.9774038791656494,0.9569001793861389,0.781010627746582,0.9287501573562622,0.9676738977432251,4.0
373,0.0,0.0,0.0,0.0,1.0,0.0,0.0,0.0,0.9916086792945862,0.9877908229827881,0.9906037449836731,0.9912636280059814,0.9666807651519775,0.7872393727302551,0.8874838948249817,0.9822631478309631,3.0
374,0.0,1.0,0.0,0.0,1.0,1.0,0.0,0.0,0.99216228723526,0.9877669811248779,0.9896504878997803,0.990731418132782,0.9711875319480896,0.7847391963005066,0.8969041109085083,0.9837740659713745,3.0
375,1.0,1.0,1.0,1.0,1.0,1.0,1.0,0.0,0.9915608763694763,0.9950459003448486,0.9950280785560608,0.9966769218444824,0.9867218732833862,0.9468035101890564,0.9555311799049377,0.9840317368507385,2.0
376,0.0,0.0,0.0,0.0,0.0,0.0,0.0,0.0,0.9695954322814941,0.9450263977050781,0.9128079414367676,0.923626720905304,0.8102918267250061,0.44276031851768494,0.8909904360771179,0.9257903099060059,3.0
377,0.0,0.0,0.0,0.0,0.0,0.0,0.0,0.0,0.9713167548179626,0.9696459770202637,0.9789092540740967,0.9806220531463623,0.9337568283081055,0.8691093921661377,0.9486468434333801,0.961687445640564,1.0
378,1.0,1.0,1.0,0.0,1.0,0.0,1.0,0.0,0.9931840300559998,0.9887872338294983,0.9869503378868103,0.9909487366676331,0.9776386618614197,0.8606124520301819,0.9484620094299316,0.9897504448890686,4.0
379,0.0,1.0,0.0,0.0,1.0,0.0,0.0,0.0,0.9805445671081543,0.9744166731834412,0.9659484028816223,0.9779971241950989,0.9685825705528259,0.8121172189712524,0.931821882724762,0.9732786417007446,4.0
380,1.0,1.0,1.0,1.0,1.0,1.0,0.0,1.0,0.9917627573013306,0.990520715713501,0.9919220209121704,0.993671178817749,0.9788182973861694,0.9091070294380188,0.8982461094856262,0.9896268844604492,1.0
381,1.0,1.0,1.0,1.0,1.0,1.0,1.0,1.0,0.9951974749565125,0.9937858581542969,0.9946457147598267,0.9944692850112915,0.9846341013908386,0.938581109046936,0.9591548442840576,0.9936025738716125,1.0
382,0.0,0.0,0.0,0.0,0.0,0.0,0.0,0.0,0.9841670393943787,0.9819371104240417,0.9807683825492859,0.9814348220825195,0.968988299369812,0.7929373383522034,0.8923919796943665,0.9783098697662354,0.0
383,1.0,1.0,1.0,1.0,1.0,1.0,1.0,1.0,0.9897745847702026,0.9895031452178955,0.992695689201355,0.9906980395317078,0.9662814140319824,0.93467777967453,0.9524105191230774,0.988223135471344,2.0
384,0.0,0.0,0.0,0.0,0.0,0.0,0.0,0.0,0.9684075713157654,0.9477944374084473,0.9398773312568665,0.9476281404495239,0.9198358058929443,0.7114642858505249,0.9380704760551453,0.9595593810081482,3.0
385,0.0,0.0,0.0,0.0,0.0,0.0,0.0,0.0,0.968377947807312,0.9479416608810425,0.939774751663208,0.944897472858429,0.9549415707588196,0.813875138759613,0.9552586078643799,0.9656908512115479,4.0
386,1.0,1.0,1.0,1.0,1.0,1.0,0.0,0.0,0.9940633177757263,0.9911075234413147,0.99111407995224,0.9942108392715454,0.9766114354133606,0.8094793558120728,0.9404372572898865,0.9856151342391968,3.0
387,0.0,0.0,0.0,0.0,0.0,0.0,0.0,0.0,0.9642854928970337,0.9383202195167542,0.9112463593482971,0.9215760231018066,0.8777843117713928,0.5592131614685059,0.9173407554626465,0.9390995502471924,4.0
388,0.0,1.0,1.0,0.0,1.0,1.0,0.0,0.0,0.9929673671722412,0.9885916113853455,0.9893720746040344,0.9923962950706482,0.9772883057594299,0.8233743906021118,0.9197982549667358,0.9872905611991882,0.0
389,1.0,1.0,0.0,0.0,1.0,1.0,0.0,0.0,0.9938861727714539,0.9882544279098511,0.9884989857673645,0.9929062128067017,0.9788134098052979,0.8638070225715637,0.9526577591896057,0.9865127801895142,4.0
390,1.0,1.0,1.0,1.0,1.0,1.0,1.0,1.0,0.9934319853782654,0.9933412671089172,0.9950195550918579,0.9955878257751465,0.9853541851043701,0.9516869187355042,0.9628715515136719,0.9915153980255127,2.0
391,1.0,1.0,1.0,1.0,1.0,1.0,0.0,0.0,0.9951730370521545,0.9916377663612366,0.990811824798584,0.9951299428939819,0.9868602156639099,0.890909731388092,0.9570547938346863,0.9913089275360107,4.0
392,1.0,0.0,1.0,1.0,1.0,0.0,0.0,0.0,0.9948145747184753,0.9920350909233093,0.9918647408485413,0.9951342940330505,0.9852017760276794,0.9139562845230103,0.9609755277633667,0.9901463389396667,4.0
393,1.0,1.0,1.0,1.0,1.0,1.0,0.0,1.0,0.9918777942657471,0.9930325746536255,0.9939901828765869,0.993885338306427,0.9758898019790649,0.9387348890304565,0.9591497778892517,0.9929149150848389,2.0
394,1.0,1.0,1.0,1.0,1.0,1.0,0.0,1.0,0.995815098285675,0.9919852018356323,0.9911239147186279,0.9946084022521973,0.9802592992782593,0.8741063475608826,0.9674609303474426,0.9927547574043274,0.0
395,0.0,0.0,0.0,0.0,0.0,0.0,0.0,0.0,0.9499467015266418,0.9644098877906799,0.9730919003486633,0.9714674949645996,0.9452784657478333,0.8842268586158752,0.9506831765174866,0.9572331309318542,2.0
396,1.0,1.0,1.0,1.0,1.0,1.0,1.0,0.0,0.9943222999572754,0.9944400787353516,0.9954901337623596,0.9967742562294006,0.9836773872375488,0.9445424675941467,0.9664676785469055,0.9924250841140747,2.0
397,0.0,1.0,1.0,0.0,1.0,0.0,0.0,0.0,0.9946495890617371,0.988950788974762,0.9881488680839539,0.9924144148826599,0.9835245609283447,0.8857424259185791,0.9559009075164795,0.9898021817207336,4.0
398,0.0,0.0,0.0,0.0,0.0,0.0,0.0,0.0,0.9756061434745789,0.9599724411964417,0.9531731605529785,0.9517266154289246,0.9524397253990173,0.7450185418128967,0.942314088344574,0.9694451689720154,0.0
399,0.0,0.0,0.0,0.0,0.0,0.0,0.0,0.0,0.9298462271690369,0.9374290108680725,0.9229253530502319,0.9108355641365051,0.8399834632873535,0.6717128753662109,0.8949279189109802,0.9126708507537842,2.0
400,1.0,1.0,1.0,1.0,1.0,1.0,1.0,1.0,0.9945959448814392,0.9913573265075684,0.9891422986984253,0.9936224818229675,0.9818212389945984,0.8931666016578674,0.9642831683158875,0.9917663931846619,3.0
401,1.0,1.0,1.0,1.0,1.0,1.0,1.0,1.0,0.9957950115203857,0.9911623001098633,0.9906007051467896,0.9937766790390015,0.9821678400039673,0.9070343971252441,0.968488872051239,0.9936999082565308,4.0
402,1.0,1.0,1.0,1.0,1.0,1.0,1.0,1.0,0.9944517016410828,0.9915819764137268,0.9896752238273621,0.9936696887016296,0.979590892791748,0.8941683173179626,0.9648774862289429,0.9931581616401672,3.0
403,1.0,1.0,1.0,1.0,1.0,1.0,1.0,1.0,0.994171679019928,0.9913486838340759,0.9889397025108337,0.9947773218154907,0.9851003289222717,0.9319794178009033,0.9772457480430603,0.994726836681366,3.0
404,1.0,1.0,1.0,1.0,1.0,1.0,0.0,0.0,0.9953773021697998,0.9939082860946655,0.9945546388626099,0.9939501285552979,0.9814754724502563,0.9250854253768921,0.9428389668464661,0.9910905361175537,1.0
405,0.0,0.0,0.0,0.0,0.0,0.0,0.0,0.0,0.9880132675170898,0.9831832647323608,0.9804014563560486,0.9851323962211609,0.972052276134491,0.8658015131950378,0.9463213682174683,0.9806806445121765,0.0
406,0.0,0.0,0.0,0.0,0.0,0.0,0.0,0.0,0.9815472364425659,0.9730013012886047,0.9693385362625122,0.9762202501296997,0.9695083498954773,0.8319950699806213,0.9530162215232849,0.9729812145233154,4.0
407,0.0,1.0,1.0,0.0,1.0,1.0,0.0,0.0,0.9762395620346069,0.9916056394577026,0.9927043914794922,0.9872735738754272,0.979684591293335,0.9373258352279663,0.8724364042282104,0.9682406187057495,2.0
408,0.0,0.0,0.0,0.0,0.0,0.0,0.0,0.0,0.9766938090324402,0.9735914468765259,0.9787111878395081,0.9772785305976868,0.9474198818206787,0.9278877377510071,0.9685524106025696,0.9689583778381348,1.0
409,0.0,0.0,0.0,0.0,0.0,0.0,0.0,0.0,0.9637651443481445,0.9393834471702576,0.9256072044372559,0.9272366762161255,0.9195928573608398,0.5520551204681396,0.9248965978622437,0.9455268979072571,0.0
410,0.0,0.0,0.0,0.0,0.0,0.0,0.0,0.0,0.9917140603065491,0.985413134098053,0.9842472076416016,0.9910703897476196,0.977797269821167,0.8284268379211426,0.9299672842025757,0.9880651831626892,3.0
411,0.0,0.0,0.0,0.0,0.0,0.0,0.0,0.0,0.9686735272407532,0.9406648278236389,0.9394726753234863,0.9388265013694763,0.9172179102897644,0.5973224639892578,0.9245673418045044,0.9502466320991516,0.0
412,1.0,1.0,1.0,1.0,1.0,1.0,1.0,0.0,0.9921093583106995,0.9936987161636353,0.9933231472969055,0.9939886331558228,0.9830121397972107,0.9593362808227539,0.9721697568893433,0.9914267063140869,2.0
413,0.0,0.0,0.0,0.0,0.0,0.0,0.0,0.0,0.9647402167320251,0.9473597407341003,0.9410600066184998,0.9464710354804993,0.94270259141922,0.7220339179039001,0.929253339767456,0.9533707499504089,4.0
414,1.0,1.0,1.0,1.0,1.0,1.0,0.0,1.0,0.9936244487762451,0.989409327507019,0.9876505732536316,0.9928445219993591,0.9785014986991882,0.8552085161209106,0.9508140087127686,0.9919497966766357,3.0
415,0.0,0.0,0.0,0.0,0.0,0.0,0.0,0.0,0.9670268893241882,0.9452331066131592,0.9297887682914734,0.933900773525238,0.8783950805664062,0.5406342148780823,0.9253804683685303,0.9495291709899902,3.0
416,1.0,1.0,1.0,1.0,1.0,1.0,1.0,1.0,0.9909130334854126,0.9917173981666565,0.9934877157211304,0.9944015145301819,0.9792312383651733,0.9378954172134399,0.9637809991836548,0.9917953610420227,2.0
417,1.0,1.0,1.0,1.0,1.0,1.0,1.0,1.0,0.9923467636108398,0.9927247762680054,0.9951841235160828,0.9958600401878357,0.9839757680892944,0.9566347002983093,0.9615679383277893,0.9882885217666626,2.0
418,1.0,1.0,1.0,1.0,1.0,1.0,1.0,1.0,0.9950683116912842,0.9921219348907471,0.9913249015808105,0.9953168630599976,0.9844748973846436,0.9369083642959595,0.9748151302337646,0.9940569400787354,4.0
419,1.0,1.0,1.0,1.0,1.0,1.0,0.0,1.0,0.9947465062141418,0.9922999143600464,0.9894892573356628,0.9942560791969299,0.9787065982818604,0.8932300209999084,0.9751890897750854,0.994731068611145,3.0
420,1.0,1.0,1.0,1.0,1.0,1.0,1.0,1.0,0.9953195452690125,0.9918854236602783,0.9911181330680847,0.9951959252357483,0.9853942394256592,0.9280552864074707,0.9723095893859863,0.9930804371833801,0.0
421,0.0,0.0,0.0,0.0,0.0,0.0,0.0,0.0,0.9667549133300781,0.9474053382873535,0.9298771619796753,0.9238728284835815,0.8744827508926392,0.5573599338531494,0.927147388458252,0.9515000581741333,3.0
422,1.0,1.0,1.0,1.0,1.0,1.0,0.0,0.0,0.9927206039428711,0.9938443899154663,0.994606077671051,0.9959486126899719,0.9796227812767029,0.9168253540992737,0.9437513947486877,0.9870492815971375,2.0
423,1.0,1.0,1.0,1.0,1.0,1.0,1.0,0.0,0.994615375995636,0.9916443228721619,0.9906166195869446,0.9944599866867065,0.9846361875534058,0.8853930830955505,0.9579517245292664,0.9898786544799805,0.0
424,0.0,0.0,0.0,0.0,0.0,0.0,0.0,0.0,0.968883752822876,0.9690977334976196,0.9756818413734436,0.9759610891342163,0.9409564733505249,0.9222294092178345,0.9681162238121033,0.9644340872764587,1.0
425,0.0,1.0,1.0,0.0,1.0,0.0,0.0,0.0,0.9883028864860535,0.988688051700592,0.9897066354751587,0.9926161766052246,0.9746818542480469,0.9409024119377136,0.8943654894828796,0.9851987957954407,1.0
426,0.0,0.0,0.0,0.0,0.0,0.0,0.0,0.0,0.9076600670814514,0.9356619715690613,0.9105224609375,0.8975450992584229,0.8507550954818726,0.7637102603912354,0.9434864521026611,0.9215306639671326,2.0
427,1.0,1.0,1.0,1.0,1.0,1.0,1.0,1.0,0.994884192943573,0.9916054010391235,0.9909362196922302,0.9952530860900879,0.9851453304290771,0.9227031469345093,0.9687978029251099,0.9921363592147827,4.0
428,0.0,0.0,0.0,0.0,0.0,0.0,0.0,0.0,0.9720486998558044,0.9399792551994324,0.9370681643486023,0.9430677890777588,0.899361789226532,0.5293310284614563,0.9228127598762512,0.9455597400665283,0.0
429,0.0,0.0,0.0,0.0,1.0,0.0,0.0,0.0,0.9896601438522339,0.9886381030082703,0.990242063999176,0.9935210347175598,0.9671894311904907,0.8922519087791443,0.8701320290565491,0.9828213453292847,1.0
430,1.0,1.0,1.0,1.0,1.0,1.0,1.0,0.0,0.9948862195014954,0.9915743470191956,0.99069744348526,0.9950011372566223,0.9783715009689331,0.8739374279975891,0.9656684398651123,0.9915019273757935,0.0
431,0.0,0.0,0.0,0.0,0.0,0.0,0.0,0.0,0.913946807384491,0.936889111995697,0.9424364566802979,0.9477986693382263,0.8918454051017761,0.7914384603500366,0.9316028952598572,0.921838104724884,2.0
432,0.0,0.0,0.0,0.0,0.0,1.0,0.0,0.0,0.9876732230186462,0.9796565771102905,0.9724715948104858,0.9861911535263062,0.9676980972290039,0.8432322144508362,0.9570705890655518,0.9807620644569397,0.0
433,0.0,0.0,0.0,0.0,0.0,0.0,0.0,0.0,0.9825985431671143,0.9817812442779541,0.9844415783882141,0.9867525100708008,0.966296911239624,0.954311728477478,0.9568497538566589,0.9824862480163574,1.0
434,0.0,0.0,0.0,0.0,0.0,0.0,0.0,0.0,0.8764898180961609,0.9113149046897888,0.8749416470527649,0.8511443734169006,0.7915419936180115,0.7181141376495361,0.9306405782699585,0.8761609196662903,2.0
435,0.0,0.0,0.0,0.0,0.0,0.0,0.0,0.0,0.9639293551445007,0.9825142025947571,0.9839656352996826,0.9788885712623596,0.9547856450080872,0.9092421531677246,0.9142023921012878,0.9629820585250854,2.0
436,0.0,0.0,0.0,0.0,0.0,0.0,1.0,0.0,0.9782968759536743,0.979203462600708,0.9845420122146606,0.9875620603561401,0.966877281665802,0.9571052193641663,0.9756181836128235,0.9795892834663391,1.0
437,0.0,0.0,0.0,0.0,0.0,0.0,0.0,0.0,0.9676493406295776,0.9440468549728394,0.9148095846176147,0.92777019739151,0.8015281558036804,0.4402937591075897,0.8943654894828796,0.9245662689208984,3.0
438,0.0,0.0,0.0,0.0,0.0,0.0,0.0,0.0,0.9683020710945129,0.9460383057594299,0.9261899590492249,0.9383123517036438,0.8369796276092529,0.4421078860759735,0.9219281673431396,0.9389394521713257,3.0
439,0.0,1.0,1.0,1.0,1.0,1.0,0.0,0.0,0.9947953820228577,0.9943363070487976,0.9946972131729126,0.995399534702301,0.9853572249412537,0.9169855117797852,0.9180029630661011,0.9900714159011841,1.0
440,1.0,1.0,1.0,0.0,1.0,0.0,0.0,0.0,0.9938083291053772,0.9897270798683167,0.9879921674728394,0.9931521415710449,0.9768790602684021,0.7873358726501465,0.9286816716194153,0.9863976836204529,0.0
441,1.0,1.0,1.0,1.0,1.0,1.0,1.0,1.0,0.9952747821807861,0.9920839071273804,0.9919342994689941,0.9947251677513123,0.9803142547607422,0.8646330237388611,0.97203528881073,0.994175374507904,3.0
442,0.0,0.0,0.0,0.0,0.0,0.0,0.0,0.0,0.9778593182563782,0.9747202396392822,0.9819827079772949,0.984155535697937,0.9600427746772766,0.9366499781608582,0.9638455510139465,0.9766711592674255,1.0
443,0.0,0.0,0.0,0.0,0.0,0.0,0.0,0.0,0.9689072370529175,0.9781226515769958,0.9817703366279602,0.9813412427902222,0.9539494514465332,0.9190925359725952,0.9423370361328125,0.9642106890678406,2.0
444,1.0,1.0,1.0,1.0,1.0,1.0,1.0,1.0,0.991897463798523,0.9940102100372314,0.9939936995506287,0.9941099286079407,0.9855896830558777,0.9526768922805786,0.963841438293457,0.9925816059112549,2.0
445,0.0,0.0,0.0,0.0,0.0,0.0,0.0,0.0,0.9096693992614746,0.9215796589851379,0.8992244005203247,0.9160616397857666,0.830040454864502,0.7004852294921875,0.921783447265625,0.9037674069404602,2.0
446,1.0,1.0,1.0,0.0,1.0,1.0,0.0,0.0,0.9902039766311646,0.9924185276031494,0.9918529391288757,0.991779625415802,0.9725168943405151,0.9116016030311584,0.9361253380775452,0.9851750731468201,2.0
447,0.0,0.0,0.0,0.0,1.0,0.0,0.0,0.0,0.9915906190872192,0.9913119077682495,0.992525577545166,0.9946414232254028,0.9832434058189392,0.9096317887306213,0.8452464938163757,0.9861701726913452,1.0
448,1.0,1.0,1.0,1.0,1.0,1.0,1.0,1.0,0.9955320358276367,0.9936163425445557,0.9945300221443176,0.995703399181366,0.9863558411598206,0.9343015551567078,0.955158531665802,0.9939782619476318,1.0
449,0.0,0.0,0.0,0.0,0.0,0.0,0.0,0.0,0.988052487373352,0.9805228114128113,0.9808392524719238,0.9821520447731018,0.976168692111969,0.8616631627082825,0.923901379108429,0.9781038761138916,0.0
450,1.0,1.0,1.0,1.0,1.0,1.0,1.0,1.0,0.9911180138587952,0.9936874508857727,0.9943156838417053,0.9952168464660645,0.9803155064582825,0.9302543997764587,0.9650499820709229,0.9913980960845947,2.0
451,0.0,0.0,0.0,0.0,0.0,0.0,0.0,0.0,0.9697489738464355,0.9474323987960815,0.9332193732261658,0.9341745376586914,0.8817813992500305,0.5554319024085999,0.9149415493011475,0.9435619115829468,0.0
452,0.0,0.0,0.0,0.0,0.0,0.0,0.0,0.0,0.959495484828949,0.9375362992286682,0.9148412942886353,0.922677755355835,0.8683573603630066,0.5443456172943115,0.9127094149589539,0.9330130219459534,3.0
453,1.0,1.0,1.0,1.0,1.0,1.0,1.0,1.0,0.9949030876159668,0.9919984936714172,0.9901188611984253,0.9938528537750244,0.9786511063575745,0.8635139465332031,0.9720771908760071,0.9943197965621948,0.0
454,0.0,0.0,0.0,0.0,0.0,0.0,0.0,0.0,0.9772142171859741,0.9638455510139465,0.959027111530304,0.9696902632713318,0.9657773971557617,0.8422671556472778,0.9581966996192932,0.9717844128608704,4.0
455,1.0,1.0,1.0,1.0,1.0,0.0,0.0,0.0,0.9946117401123047,0.9896557331085205,0.9899721145629883,0.9929545521736145,0.9855191707611084,0.8947783708572388,0.9504684209823608,0.9886334538459778,4.0
456,0.0,0.0,0.0,0.0,0.0,0.0,0.0,0.0,0.9005364775657654,0.9231030941009521,0.9084217548370361,0.9013143181800842,0.8053861856460571,0.7742445468902588,0.9421301484107971,0.9269951581954956,2.0
457,0.0,0.0,0.0,0.0,0.0,0.0,0.0,0.0,0.9749861359596252,0.9733415842056274,0.9765140414237976,0.9774600267410278,0.9293105006217957,0.9249202013015747,0.9674057960510254,0.9630455374717712,1.0
458,0.0,0.0,0.0,0.0,0.0,0.0,0.0,0.0,0.9806677103042603,0.9708780646324158,0.9729620218276978,0.9787182807922363,0.9762973189353943,0.8650650978088379,0.9545486569404602,0.9716017246246338,4.0
459,0.0,1.0,1.0,1.0,1.0,0.0,1.0,0.0,0.9949407577514648,0.990738570690155,0.9914002418518066,0.9955103397369385,0.9851937890052795,0.9001699090003967,0.9611155390739441,0.9858255982398987,4.0
460,0.0,0.0,0.0,0.0,0.0,0.0,0.0,0.0,0.9649302959442139,0.9414228796958923,0.9337939620018005,0.9397853016853333,0.9418050646781921,0.7123197317123413,0.9514259099960327,0.9578452110290527,4.0
461,0.0,0.0,0.0,0.0,0.0,0.0,0.0,0.0,0.9752256274223328,0.9540640115737915,0.9463093280792236,0.9557430148124695,0.9387660622596741,0.7213835120201111,0.9367775917053223,0.9629278779029846,4.0
462,0.0,0.0,0.0,0.0,0.0,0.0,0.0,0.0,0.9617348313331604,0.9413529634475708,0.9252374768257141,0.930012047290802,0.91831374168396,0.6000028252601624,0.9331580996513367,0.9520404934883118,0.0
463,0.0,0.0,0.0,0.0,0.0,0.0,1.0,0.0,0.9668415188789368,0.945950448513031,0.9384574294090271,0.9262884259223938,0.8875955939292908,0.6437555551528931,0.934762179851532,0.9545206427574158,3.0
464,1.0,1.0,1.0,1.0,1.0,0.0,1.0,1.0,0.9943341016769409,0.9933383464813232,0.9941326975822449,0.9944666028022766,0.9823103547096252,0.9385654330253601,0.953413188457489,0.9923593401908875,1.0
465,0.0,0.0,0.0,0.0,0.0,0.0,1.0,0.0,0.9680507779121399,0.9688994288444519,0.9777907729148865,0.9804089069366455,0.9329822659492493,0.9030914902687073,0.9603483080863953,0.9615089893341064,2.0
466,0.0,0.0,0.0,0.0,0.0,0.0,0.0,0.0,0.9750592112541199,0.9500552415847778,0.9446471929550171,0.9506688714027405,0.9388089179992676,0.6928072571754456,0.9426220059394836,0.9606542587280273,4.0
467,0.0,1.0,1.0,0.0,1.0,1.0,0.0,0.0,0.9934738278388977,0.9935272336006165,0.9936822652816772,0.9943564534187317,0.9794111847877502,0.9075378179550171,0.848818302154541,0.9871622920036316,1.0
468,1.0,1.0,1.0,1.0,1.0,1.0,1.0,0.0,0.9946790933609009,0.9904099702835083,0.9898373484611511,0.9948028326034546,0.9865593910217285,0.8962534666061401,0.9623653888702393,0.9906308054924011,0.0
469,1.0,1.0,1.0,1.0,1.0,1.0,0.0,0.0,0.9957274198532104,0.9932630658149719,0.9926823973655701,0.9957003593444824,0.9827094078063965,0.8499497771263123,0.967019259929657,0.9923669695854187,3.0
470,0.0,0.0,0.0,0.0,0.0,0.0,0.0,0.0,0.9079240560531616,0.9303560256958008,0.9281612634658813,0.9319595694541931,0.8649482727050781,0.787550151348114,0.9327231645584106,0.926619827747345,2.0
471,1.0,1.0,1.0,1.0,1.0,1.0,1.0,0.0,0.9952329993247986,0.9919701218605042,0.9906512498855591,0.9950436353683472,0.982794463634491,0.9114525318145752,0.9617611765861511,0.9903464913368225,4.0
472,1.0,1.0,1.0,1.0,1.0,1.0,1.0,1.0,0.9934158325195312,0.9896097183227539,0.9878008365631104,0.9929718375205994,0.983805239200592,0.8837512731552124,0.9432686567306519,0.9881744384765625,3.0
473,1.0,1.0,1.0,1.0,1.0,1.0,0.0,0.0,0.9911656975746155,0.9940183162689209,0.9946186542510986,0.994785726070404,0.9802775979042053,0.9352545738220215,0.954506516456604,0.9862146973609924,2.0
474,1.0,0.0,1.0,1.0,0.0,1.0,1.0,1.0,0.9929337501525879,0.987765908241272,0.9855467081069946,0.9907037615776062,0.9784828424453735,0.8925412893295288,0.9505031108856201,0.9897856712341309,4.0
475,1.0,1.0,1.0,1.0,1.0,1.0,0.0,0.0,0.9949240684509277,0.9915071129798889,0.9900566935539246,0.9941851496696472,0.9830020070075989,0.902535080909729,0.9537112712860107,0.9895427227020264,4.0
476,0.0,0.0,1.0,1.0,1.0,0.0,0.0,0.0,0.9955658316612244,0.9917814135551453,0.9903535842895508,0.9945012331008911,0.9816931486129761,0.8481141328811646,0.9407168030738831,0.9871171116828918,4.0
477,0.0,0.0,0.0,0.0,0.0,0.0,0.0,0.0,0.9859985113143921,0.9759747982025146,0.9679494500160217,0.9766849279403687,0.967140257358551,0.8767484426498413,0.9709195494651794,0.9793481826782227,0.0
478,1.0,1.0,1.0,0.0,1.0,1.0,0.0,0.0,0.983625590801239,0.9928680658340454,0.9929224252700806,0.9900380373001099,0.9840280413627625,0.9207115173339844,0.8723270297050476,0.9744344353675842,2.0
479,1.0,1.0,1.0,0.0,1.0,1.0,0.0,0.0,0.994612455368042,0.9902200102806091,0.9880260825157166,0.9934350252151489,0.9810689091682434,0.8482080698013306,0.9577757716178894,0.9898866415023804,0.0
480,0.0,0.0,0.0,0.0,0.0,0.0,0.0,0.0,0.9723310470581055,0.9613559246063232,0.9559333920478821,0.9609231352806091,0.9391818642616272,0.811983048915863,0.9604858756065369,0.9713238477706909,3.0
481,0.0,0.0,0.0,0.0,0.0,0.0,0.0,0.0,0.976219117641449,0.973995566368103,0.9805539846420288,0.9786092042922974,0.9494161605834961,0.9286912679672241,0.9703419208526611,0.9693255424499512,1.0
482,0.0,0.0,0.0,0.0,0.0,0.0,1.0,0.0,0.9893346428871155,0.9882286787033081,0.9895415306091309,0.9897743463516235,0.9744752049446106,0.9411075115203857,0.8972797393798828,0.9844207763671875,1.0
483,0.0,0.0,0.0,0.0,0.0,0.0,0.0,0.0,0.9272246360778809,0.9380838871002197,0.9431788325309753,0.9253124594688416,0.8773407936096191,0.7829300165176392,0.9125606417655945,0.9219233393669128,2.0
484,1.0,1.0,1.0,1.0,1.0,1.0,1.0,1.0,0.9952924251556396,0.9890542030334473,0.9887601137161255,0.9932524561882019,0.9837815761566162,0.8782102465629578,0.9622893333435059,0.9906901121139526,4.0
485,0.0,0.0,0.0,0.0,0.0,0.0,0.0,0.0,0.9732416272163391,0.9526111483573914,0.958255410194397,0.9610381722450256,0.9234717488288879,0.6095741987228394,0.9506406188011169,0.9656903147697449,0.0
486,1.0,1.0,1.0,1.0,1.0,1.0,1.0,0.0,0.9937254786491394,0.9907335042953491,0.9916361570358276,0.9925369620323181,0.9796842336654663,0.9030528664588928,0.9307808876037598,0.9904984831809998,1.0
487,0.0,0.0,0.0,0.0,0.0,0.0,0.0,0.0,0.9358688592910767,0.9457885026931763,0.9459255933761597,0.954785168170929,0.8916580080986023,0.8226823210716248,0.9407300353050232,0.9362493753433228,2.0
488,1.0,1.0,1.0,0.0,1.0,1.0,0.0,0.0,0.9912204146385193,0.9844833016395569,0.9845119714736938,0.9883634448051453,0.9695904850959778,0.7365907430648804,0.8936746716499329,0.9847918748855591,3.0
489,0.0,1.0,1.0,0.0,1.0,0.0,0.0,0.0,0.9905999302864075,0.9886888861656189,0.9840151071548462,0.989496648311615,0.9782572984695435,0.8895134329795837,0.9142197370529175,0.9827842712402344,4.0
490,0.0,1.0,1.0,1.0,1.0,1.0,0.0,0.0,0.9950087070465088,0.9949418902397156,0.9953585267066956,0.9960812926292419,0.9847984910011292,0.9013746380805969,0.9249849319458008,0.9900229573249817,1.0
491,0.0,0.0,0.0,0.0,0.0,0.0,0.0,0.0,0.9748459458351135,0.9629802107810974,0.9468784332275391,0.9501703977584839,0.941669225692749,0.8015162348747253,0.9561618566513062,0.9710996150970459,4.0
492,1.0,1.0,1.0,1.0,1.0,1.0,1.0,1.0,0.9938165545463562,0.9889674782752991,0.9875806570053101,0.9927986860275269,0.9810289740562439,0.8962140083312988,0.9555457234382629,0.9916257858276367,4.0
493,1.0,1.0,1.0,1.0,1.0,1.0,1.0,1.0,0.9937461614608765,0.9917653203010559,0.9935522079467773,0.9941881895065308,0.9829954504966736,0.9378823041915894,0.9471852779388428,0.9922488927841187,1.0
494,1.0,1.0,1.0,1.0,1.0,1.0,1.0,1.0,0.9959796667098999,0.9914305806159973,0.9898943305015564,0.9938655495643616,0.984555184841156,0.882347583770752,0.9623435139656067,0.9915703535079956,0.0
495,1.0,1.0,1.0,1.0,1.0,0.0,1.0,0.0,0.9951091408729553,0.9938604831695557,0.995400607585907,0.9943565726280212,0.9821015000343323,0.9225793480873108,0.9361197352409363,0.992466151714325,1.0
496,0.0,0.0,0.0,0.0,0.0,0.0,0.0,0.0,0.9716652035713196,0.949819803237915,0.9214594960212708,0.935559868812561,0.8567416667938232,0.43366995453834534,0.898652970790863,0.9363330602645874,3.0
497,1.0,1.0,1.0,1.0,1.0,1.0,1.0,1.0,0.9938641786575317,0.9882723689079285,0.9878140687942505,0.9919583797454834,0.9770564436912537,0.8733099102973938,0.9533469080924988,0.990371584892273,0.0
498,1.0,1.0,1.0,1.0,1.0,0.0,1.0,1.0,0.9941375255584717,0.9917417764663696,0.9885918498039246,0.9930705428123474,0.980519711971283,0.8888692855834961,0.9629657864570618,0.992729127407074,4.0
499,0.0,0.0,1.0,0.0,1.0,0.0,0.0,0.0,0.972101628780365,0.9840445518493652,0.9899638295173645,0.9835753440856934,0.9724096059799194,0.9068481922149658,0.8435624837875366,0.9624035954475403,2.0
500,1.0,1.0,1.0,1.0,1.0,1.0,1.0,0.0,0.9919390082359314,0.9925294518470764,0.9932665824890137,0.9928488731384277,0.9744547009468079,0.9228429198265076,0.9524788856506348,0.9856742024421692,2.0
501,1.0,1.0,1.0,1.0,1.0,1.0,0.0,1.0,0.995299220085144,0.9944936037063599,0.9952389001846313,0.995161235332489,0.9868000745773315,0.9409593343734741,0.945793628692627,0.9942060112953186,1.0
502,0.0,0.0,0.0,0.0,0.0,0.0,0.0,0.0,0.9690787196159363,0.9431365132331848,0.935943067073822,0.9482048153877258,0.9379956126213074,0.7749346494674683,0.9380902051925659,0.9617423415184021,4.0
503,0.0,0.0,0.0,0.0,0.0,0.0,0.0,0.0,0.9644044637680054,0.9442263841629028,0.9201925992965698,0.9260263442993164,0.8657539486885071,0.5022125244140625,0.9202548861503601,0.9379101991653442,3.0
504,0.0,0.0,0.0,0.0,0.0,0.0,0.0,0.0,0.9901090860366821,0.9795922636985779,0.9801368713378906,0.9877234697341919,0.9722556471824646,0.8546434044837952,0.9689772129058838,0.9833541512489319,4.0
505,1.0,1.0,1.0,1.0,1.0,1.0,1.0,0.0,0.9945726990699768,0.9909414649009705,0.9897465705871582,0.9942084550857544,0.9816393852233887,0.8928113579750061,0.9601693749427795,0.9924282431602478,3.0
506,1.0,1.0,1.0,1.0,1.0,1.0,1.0,0.0,0.9945939183235168,0.9907288551330566,0.9879509806632996,0.9927040338516235,0.9775480031967163,0.8760507106781006,0.9572091698646545,0.9909906387329102,0.0
507,1.0,1.0,1.0,1.0,1.0,1.0,1.0,0.0,0.9948623776435852,0.9916472434997559,0.9912691116333008,0.9949106574058533,0.9855576157569885,0.9153149724006653,0.9675094485282898,0.9904503226280212,0.0
508,0.0,0.0,0.0,0.0,0.0,0.0,0.0,0.0,0.9669565558433533,0.9454735517501831,0.9389898777008057,0.9443396925926208,0.9469943046569824,0.7375666499137878,0.9353063106536865,0.9542937874794006,4.0
509,0.0,0.0,0.0,0.0,0.0,0.0,0.0,0.0,0.9759851694107056,0.9626315236091614,0.9651944041252136,0.9676408171653748,0.9462352395057678,0.8243603110313416,0.962483286857605,0.973517656326294,3.0
510,0.0,1.0,1.0,1.0,1.0,1.0,1.0,0.0,0.9949670433998108,0.992134690284729,0.9900994896888733,0.994255006313324,0.9812626242637634,0.9045014381408691,0.9596724510192871,0.9916158318519592,4.0
511,1.0,1.0,1.0,1.0,1.0,1.0,1.0,1.0,0.9963145852088928,0.9919288158416748,0.9918683767318726,0.9951794147491455,0.9840052127838135,0.7993890643119812,0.9548013806343079,0.9930698275566101,3.0
512,0.0,0.0,0.0,0.0,0.0,0.0,0.0,0.0,0.9114026427268982,0.9318793416023254,0.9228397011756897,0.9151867032051086,0.8737326860427856,0.7713510990142822,0.935181736946106,0.9296834468841553,2.0
513,1.0,1.0,1.0,0.0,1.0,0.0,1.0,0.0,0.9944106936454773,0.9925409555435181,0.9934921860694885,0.9920921921730042,0.9735561013221741,0.9018625617027283,0.9300453066825867,0.9912459254264832,1.0
514,1.0,1.0,1.0,1.0,1.0,1.0,1.0,0.0,0.9934119582176208,0.9928049445152283,0.9938845038414001,0.994485080242157,0.9820103049278259,0.9150819778442383,0.9158658981323242,0.9903821349143982,1.0
515,0.0,1.0,1.0,0.0,1.0,0.0,0.0,0.0,0.9907323122024536,0.9847084283828735,0.9811625480651855,0.9881231188774109,0.9689114689826965,0.862311601638794,0.9158607125282288,0.9840918779373169,3.0
516,0.0,0.0,0.0,0.0,1.0,0.0,0.0,0.0,0.96821129322052,0.9874134063720703,0.9858550429344177,0.981810986995697,0.9625539779663086,0.8985973000526428,0.8909739851951599,0.9640005826950073,2.0
517,0.0,0.0,0.0,0.0,0.0,0.0,0.0,0.0,0.967369556427002,0.950106680393219,0.9326038956642151,0.9349541664123535,0.8704248666763306,0.6605032682418823,0.9368478655815125,0.9509599804878235,3.0
518,1.0,1.0,1.0,1.0,1.0,1.0,1.0,1.0,0.9944323897361755,0.9929590225219727,0.9941527247428894,0.9939688444137573,0.9805600643157959,0.9245821237564087,0.9473877549171448,0.993314802646637,1.0
519,0.0,1.0,1.0,0.0,1.0,0.0,1.0,0.0,0.9862931966781616,0.991083025932312,0.9893442988395691,0.989721953868866,0.9704331159591675,0.8762418031692505,0.8961144685745239,0.9778533577919006,2.0
520,0.0,1.0,0.0,0.0,1.0,0.0,0.0,0.0,0.984535276889801,0.9801780581474304,0.982541024684906,0.987335205078125,0.9782493114471436,0.8446784615516663,0.9238632321357727,0.9743048548698425,4.0
521,0.0,0.0,0.0,0.0,1.0,0.0,0.0,0.0,0.9574284553527832,0.9874688386917114,0.9819527268409729,0.9753538966178894,0.9569832682609558,0.8764817714691162,0.8278841972351074,0.9548231959342957,2.0
522,1.0,1.0,1.0,1.0,1.0,1.0,1.0,1.0,0.9944045543670654,0.9935986995697021,0.9942594766616821,0.9940577745437622,0.9781849384307861,0.9174941778182983,0.9507229328155518,0.9915153980255127,1.0
523,0.0,0.0,0.0,0.0,0.0,0.0,0.0,0.0,0.973311722278595,0.9574398398399353,0.9524305462837219,0.9531443119049072,0.9552426934242249,0.7702277898788452,0.9540625214576721,0.9711072444915771,0.0
524,1.0,1.0,1.0,1.0,1.0,1.0,1.0,0.0,0.9957349300384521,0.9924485683441162,0.9916564226150513,0.9949990510940552,0.983900785446167,0.9157946705818176,0.9645070433616638,0.9907833337783813,4.0
525,1.0,1.0,1.0,1.0,1.0,0.0,1.0,1.0,0.9947102069854736,0.9905869364738464,0.9881145358085632,0.9943812489509583,0.9815149903297424,0.8924263715744019,0.9643623232841492,0.9928747415542603,0.0
526,0.0,1.0,1.0,1.0,1.0,1.0,0.0,0.0,0.9915962815284729,0.987349808216095,0.9864102005958557,0.9923369288444519,0.9746606349945068,0.7636643648147583,0.9133529663085938,0.9801216125488281,0.0
527,1.0,1.0,1.0,1.0,1.0,1.0,1.0,1.0,0.991138756275177,0.9919133186340332,0.9924929738044739,0.9935749173164368,0.9785516858100891,0.9420678019523621,0.9717736840248108,0.9932913780212402,2.0
528,1.0,1.0,1.0,1.0,1.0,1.0,1.0,1.0,0.9949166774749756,0.993776798248291,0.9950729012489319,0.9958004355430603,0.9857633113861084,0.9332135319709778,0.9588723182678223,0.993582010269165,1.0
529,0.0,0.0,0.0,0.0,0.0,0.0,0.0,0.0,0.9759880900382996,0.9748484492301941,0.9810840487480164,0.9793667197227478,0.9483910799026489,0.9336649775505066,0.9735302329063416,0.9699769616127014,1.0
530,0.0,0.0,0.0,0.0,0.0,0.0,0.0,0.0,0.966529130935669,0.94683438539505,0.9229036569595337,0.9249107837677002,0.8800835609436035,0.6022224426269531,0.93613600730896,0.9460405707359314,0.0
531,0.0,0.0,0.0,0.0,0.0,0.0,0.0,0.0,0.9785440564155579,0.9734193682670593,0.9840376377105713,0.982466995716095,0.958044707775116,0.9484086632728577,0.957687497138977,0.9734911322593689,1.0
532,0.0,0.0,0.0,0.0,0.0,0.0,0.0,0.0,0.9691169857978821,0.9483191967010498,0.9260275959968567,0.9378929138183594,0.8823312520980835,0.5830451250076294,0.9294159412384033,0.949908971786499,0.0
533,1.0,1.0,1.0,1.0,1.0,1.0,0.0,1.0,0.9959793090820312,0.9907529354095459,0.9897312521934509,0.9940390586853027,0.9830000400543213,0.8664620518684387,0.963054895401001,0.9938516616821289,0.0
534,0.0,0.0,0.0,0.0,0.0,0.0,0.0,0.0,0.9712335467338562,0.9505757093429565,0.9328166842460632,0.9379324316978455,0.9149046540260315,0.702898383140564,0.9415769577026367,0.9605936408042908,0.0
535,0.0,1.0,1.0,0.0,1.0,1.0,0.0,0.0,0.9930747747421265,0.9874802231788635,0.9877634644508362,0.9911466240882874,0.9723765850067139,0.8875854015350342,0.9273589253425598,0.9865258932113647,0.0
536,1.0,1.0,1.0,1.0,1.0,1.0,1.0,1.0,0.9923885464668274,0.9942250847816467,0.9942371845245361,0.9953411817550659,0.9814008474349976,0.9355005025863647,0.9676177501678467,0.9926385879516602,2.0
537,1.0,1.0,1.0,1.0,1.0,1.0,0.0,0.0,0.9902852177619934,0.991838276386261,0.992066502571106,0.9901490211486816,0.9768161773681641,0.941954493522644,0.9508570432662964,0.9877216219902039,2.0
538,1.0,1.0,1.0,1.0,1.0,1.0,1.0,0.0,0.992497980594635,0.9940754175186157,0.9946897029876709,0.9953527450561523,0.9722693562507629,0.9380707144737244,0.9707304835319519,0.9903871417045593,2.0
539,0.0,0.0,0.0,0.0,0.0,0.0,0.0,0.0,0.965965211391449,0.949203610420227,0.9301366209983826,0.933955192565918,0.9004338979721069,0.6284675598144531,0.9283294677734375,0.9445224404335022,0.0
540,1.0,1.0,1.0,1.0,1.0,1.0,0.0,0.0,0.9941945672035217,0.9898378849029541,0.9890272617340088,0.9917049407958984,0.9814196825027466,0.8717482686042786,0.948786199092865,0.9864761829376221,4.0
541,0.0,0.0,0.0,0.0,0.0,0.0,0.0,0.0,0.9238703846931458,0.9298996329307556,0.908490777015686,0.9066233038902283,0.8020039796829224,0.6932797431945801,0.9269108176231384,0.9125190377235413,2.0
542,0.0,0.0,0.0,0.0,1.0,0.0,0.0,0.0,0.9817867875099182,0.9782062768936157,0.9772083759307861,0.9810654520988464,0.9766860604286194,0.8267093896865845,0.926922619342804,0.9708813428878784,0.0
543,0.0,0.0,0.0,0.0,1.0,0.0,0.0,0.0,0.9888540506362915,0.989294171333313,0.990649402141571,0.9928427934646606,0.9724665284156799,0.8905251622200012,0.8213478326797485,0.9839240908622742,1.0
544,1.0,1.0,1.0,1.0,1.0,1.0,1.0,0.0,0.9941264390945435,0.9929448962211609,0.9945846199989319,0.994247555732727,0.9830244779586792,0.9189310073852539,0.9359464049339294,0.9918727278709412,1.0
545,0.0,0.0,0.0,0.0,0.0,0.0,0.0,0.0,0.9772993326187134,0.963175892829895,0.9648785591125488,0.9623410105705261,0.9411230683326721,0.7666256427764893,0.9539568424224854,0.966501772403717,0.0
546,1.0,1.0,1.0,1.0,1.0,1.0,0.0,1.0,0.9950697422027588,0.9912120699882507,0.9904549717903137,0.9944679737091064,0.9830150604248047,0.8971796035766602,0.9542611241340637,0.9925380349159241,4.0
547,1.0,1.0,1.0,1.0,1.0,1.0,1.0,0.0,0.9951046705245972,0.9914950132369995,0.9900521636009216,0.9946568012237549,0.9842562079429626,0.9077367782592773,0.9627267718315125,0.9927432537078857,0.0
548,0.0,0.0,0.0,0.0,0.0,0.0,0.0,0.0,0.9894711971282959,0.9835503101348877,0.9847521185874939,0.985101580619812,0.9779086709022522,0.9075819253921509,0.9424374103546143,0.9801651239395142,0.0
549,1.0,1.0,1.0,1.0,1.0,1.0,1.0,1.0,0.995834469795227,0.9914966821670532,0.9919577836990356,0.9946581721305847,0.9816229343414307,0.8843846917152405,0.9583867788314819,0.9921808242797852,0.0
550,0.0,0.0,0.0,0.0,0.0,0.0,0.0,0.0,0.9687382578849792,0.9438672661781311,0.9131568074226379,0.9248212575912476,0.8066120743751526,0.4618425965309143,0.889837384223938,0.9264196753501892,3.0
551,0.0,0.0,0.0,0.0,0.0,0.0,0.0,0.0,0.9732062816619873,0.9725431799888611,0.978598952293396,0.9786829948425293,0.9387319087982178,0.9097083210945129,0.9611936211585999,0.9655130505561829,1.0
552,0.0,0.0,0.0,0.0,0.0,0.0,0.0,0.0,0.9125795960426331,0.9276707172393799,0.9198495149612427,0.8919222354888916,0.8556954860687256,0.7595580816268921,0.9242064356803894,0.8965303897857666,2.0
553,0.0,0.0,0.0,0.0,0.0,0.0,0.0,0.0,0.9661595821380615,0.9489743709564209,0.9384720921516418,0.9382661581039429,0.9435248970985413,0.7998970150947571,0.9544930458068848,0.9671956896781921,4.0
554,1.0,1.0,1.0,1.0,1.0,1.0,1.0,1.0,0.9913113117218018,0.9926040768623352,0.9927356243133545,0.9939355254173279,0.9721410274505615,0.9462378025054932,0.9634667038917542,0.9915273785591125,2.0
555,1.0,1.0,1.0,1.0,1.0,1.0,0.0,0.0,0.9942019581794739,0.9899502992630005,0.9893206357955933,0.9936414361000061,0.98252272605896,0.8965838551521301,0.957943320274353,0.9900174736976624,4.0
556,1.0,1.0,1.0,1.0,1.0,1.0,1.0,0.0,0.9955689311027527,0.9929176568984985,0.9919633865356445,0.9954916834831238,0.9821276664733887,0.9285882115364075,0.9796399474143982,0.9934241771697998,4.0
557,1.0,1.0,1.0,0.0,1.0,1.0,0.0,0.0,0.9903669357299805,0.9903609752655029,0.992630124092102,0.9936575293540955,0.9764012694358826,0.9249008297920227,0.8715697526931763,0.9873465895652771,1.0
558,1.0,1.0,1.0,1.0,1.0,0.0,1.0,1.0,0.9917616844177246,0.9932481050491333,0.9924212098121643,0.9938899278640747,0.978111982345581,0.906529426574707,0.9439002871513367,0.9896802306175232,2.0
559,0.0,0.0,0.0,0.0,0.0,0.0,0.0,0.0,0.9003707766532898,0.9292959570884705,0.8975591063499451,0.8866209387779236,0.8279422521591187,0.7090639472007751,0.9270212650299072,0.9103335738182068,2.0
560,0.0,0.0,0.0,0.0,0.0,0.0,0.0,0.0,0.9871501922607422,0.9808324575424194,0.9802467823028564,0.9857025742530823,0.9822371602058411,0.8524541854858398,0.8834068775177002,0.9756875038146973,4.0
561,0.0,0.0,0.0,0.0,0.0,0.0,0.0,0.0,0.9764552712440491,0.9628403782844543,0.9631665945053101,0.9693168997764587,0.9497585892677307,0.7786557674407959,0.9480438828468323,0.9645893573760986,4.0
562,0.0,0.0,0.0,0.0,0.0,0.0,0.0,0.0,0.9723259806632996,0.9450135231018066,0.9275015592575073,0.944377064704895,0.913284420967102,0.653135359287262,0.9193317294120789,0.9545765519142151,4.0
563,1.0,1.0,1.0,1.0,1.0,1.0,1.0,1.0,0.9955190420150757,0.9926455020904541,0.9906376600265503,0.9947222471237183,0.9841673970222473,0.9066362380981445,0.9753445982933044,0.9939613938331604,4.0
564,1.0,1.0,1.0,1.0,1.0,1.0,1.0,1.0,0.9955142140388489,0.9919664859771729,0.9899201393127441,0.9940215945243835,0.9801107048988342,0.8941942453384399,0.9722700715065002,0.9941577911376953,4.0
565,0.0,0.0,0.0,0.0,0.0,0.0,0.0,0.0,0.9750884771347046,0.959881603717804,0.9460062384605408,0.9588160514831543,0.9391770362854004,0.7466864585876465,0.9509105086326599,0.9638526439666748,4.0
566,0.0,0.0,0.0,0.0,0.0,0.0,0.0,0.0,0.9712632894515991,0.9498909115791321,0.9459602236747742,0.9526099562644958,0.9597589373588562,0.8001953363418579,0.9517974853515625,0.9672752022743225,4.0
567,1.0,1.0,1.0,1.0,1.0,1.0,0.0,1.0,0.9914802312850952,0.9923804998397827,0.993385374546051,0.9920772314071655,0.9726976752281189,0.9361347556114197,0.9548096060752869,0.988361656665802,2.0
568,1.0,1.0,1.0,1.0,1.0,1.0,0.0,1.0,0.9952829480171204,0.9940230250358582,0.9950960278511047,0.995231568813324,0.9861094355583191,0.9388255476951599,0.9501866698265076,0.992626965045929,1.0
569,0.0,0.0,0.0,0.0,0.0,0.0,0.0,0.0,0.9720646739006042,0.9561545848846436,0.9599170684814453,0.9540729522705078,0.9231566190719604,0.7922255992889404,0.9584219455718994,0.9694601893424988,3.0
570,1.0,1.0,1.0,1.0,1.0,1.0,1.0,0.0,0.9946274161338806,0.9936808347702026,0.9955427050590515,0.9948793649673462,0.9867750406265259,0.9346752166748047,0.9456456899642944,0.9927006959915161,1.0
571,0.0,0.0,0.0,0.0,0.0,0.0,0.0,0.0,0.975126326084137,0.9582713842391968,0.960547685623169,0.9676439762115479,0.932989776134491,0.7639855146408081,0.9526757597923279,0.9682672023773193,3.0
572,1.0,1.0,1.0,1.0,1.0,0.0,1.0,1.0,0.9950344562530518,0.9932548403739929,0.9948351383209229,0.9945507645606995,0.9810237884521484,0.8926896452903748,0.9331527948379517,0.9925845265388489,1.0
573,0.0,0.0,0.0,0.0,0.0,0.0,0.0,0.0,0.9682701230049133,0.9493790864944458,0.941191554069519,0.9589805006980896,0.9586039781570435,0.7936990261077881,0.957695722579956,0.9667396545410156,4.0
574,0.0,0.0,0.0,0.0,0.0,0.0,0.0,0.0,0.9686129093170166,0.9503860473632812,0.9408547282218933,0.9446790218353271,0.9406780004501343,0.7628862261772156,0.9434570670127869,0.9616212844848633,4.0
575,1.0,1.0,1.0,1.0,1.0,1.0,1.0,1.0,0.9902623891830444,0.9921398758888245,0.9923573732376099,0.9940316081047058,0.9777480363845825,0.9252187013626099,0.9492567181587219,0.990426242351532,2.0
576,1.0,1.0,1.0,1.0,1.0,1.0,1.0,0.0,0.9943161606788635,0.9917620420455933,0.9890062808990479,0.9942876696586609,0.9841138124465942,0.9100971817970276,0.9707255959510803,0.9928812980651855,0.0
577,1.0,1.0,1.0,1.0,1.0,1.0,1.0,1.0,0.995418906211853,0.9915627241134644,0.9894883036613464,0.9936059713363647,0.9860689640045166,0.9170845150947571,0.9749701619148254,0.9927339553833008,4.0
578,0.0,1.0,1.0,1.0,1.0,0.0,1.0,0.0,0.9921825528144836,0.9874303340911865,0.984418511390686,0.9892162084579468,0.9713073968887329,0.8171097636222839,0.9363899230957031,0.9833447337150574,0.0
579,0.0,0.0,0.0,0.0,0.0,0.0,0.0,0.0,0.9834761619567871,0.97516268491745,0.9735288619995117,0.9806523323059082,0.957053005695343,0.8669888377189636,0.950350284576416,0.9776408076286316,3.0
580,1.0,1.0,1.0,1.0,1.0,1.0,1.0,1.0,0.9935484528541565,0.9936240911483765,0.9951646327972412,0.9957323670387268,0.9846326112747192,0.9595916271209717,0.9697540402412415,0.990285336971283,2.0
581,1.0,1.0,1.0,1.0,1.0,1.0,1.0,0.0,0.9937413334846497,0.9894718527793884,0.9885308146476746,0.9921620488166809,0.973013699054718,0.8495455980300903,0.9270648956298828,0.9882436990737915,0.0
582,1.0,1.0,1.0,1.0,1.0,1.0,1.0,1.0,0.9921377301216125,0.9923766851425171,0.9934489130973816,0.9938154220581055,0.9760302305221558,0.9182737469673157,0.9555530548095703,0.9903295040130615,2.0
583,1.0,1.0,1.0,1.0,1.0,0.0,0.0,1.0,0.9955412745475769,0.9945911169052124,0.9954352974891663,0.9949883818626404,0.9823592305183411,0.9221681952476501,0.9376663565635681,0.9924762845039368,1.0
584,1.0,1.0,1.0,1.0,1.0,0.0,0.0,1.0,0.9952990412712097,0.9943428039550781,0.9945640563964844,0.9935657382011414,0.9833313226699829,0.9124849438667297,0.9345259666442871,0.9916698932647705,1.0
585,0.0,0.0,0.0,0.0,0.0,0.0,0.0,0.0,0.9670484662055969,0.9495794773101807,0.9347156286239624,0.9359939694404602,0.9071630239486694,0.6419104933738708,0.9305157661437988,0.9441986083984375,0.0
586,1.0,1.0,1.0,1.0,1.0,0.0,1.0,1.0,0.9927927255630493,0.9882591962814331,0.986248791217804,0.9920463562011719,0.9799287915229797,0.9042283892631531,0.9575662612915039,0.9909364581108093,3.0
587,1.0,1.0,1.0,1.0,1.0,1.0,1.0,1.0,0.9932264685630798,0.9881809949874878,0.9859640598297119,0.9915421009063721,0.983514666557312,0.9009302258491516,0.9593265056610107,0.9901620149612427,0.0
588,0.0,0.0,0.0,0.0,1.0,0.0,0.0,0.0,0.9931457042694092,0.9923582673072815,0.9923957586288452,0.9929827451705933,0.9808252453804016,0.9412332773208618,0.8955337405204773,0.9882053136825562,1.0
589,0.0,0.0,0.0,0.0,0.0,0.0,0.0,0.0,0.9713247418403625,0.9710845351219177,0.9746029376983643,0.9757542610168457,0.9429612755775452,0.9427110552787781,0.9709257483482361,0.9694564938545227,1.0
590,0.0,0.0,0.0,0.0,0.0,0.0,0.0,0.0,0.9692724347114563,0.96923828125,0.9725862741470337,0.9724570512771606,0.940192699432373,0.9380478262901306,0.9722885489463806,0.9643438458442688,1.0
591,0.0,0.0,1.0,1.0,1.0,0.0,0.0,0.0,0.9902580976486206,0.9943304061889648,0.9946448802947998,0.996674656867981,0.9852350950241089,0.9322492480278015,0.9431529641151428,0.9839966893196106,2.0
592,0.0,0.0,0.0,0.0,0.0,0.0,0.0,0.0,0.9581027030944824,0.9356343746185303,0.9210178852081299,0.9316601157188416,0.9300053119659424,0.7548297047615051,0.947199285030365,0.9539468288421631,4.0
593,0.0,0.0,0.0,0.0,0.0,0.0,0.0,0.0,0.9258660078048706,0.9306017756462097,0.9083399176597595,0.903325617313385,0.8402572870254517,0.6638445854187012,0.910632848739624,0.9132187366485596,2.0
594,1.0,1.0,1.0,1.0,1.0,1.0,0.0,0.0,0.9947956204414368,0.9899797439575195,0.9901469349861145,0.9933611154556274,0.9833325147628784,0.8542425632476807,0.9396238923072815,0.9896367192268372,0.0
595,0.0,0.0,0.0,0.0,0.0,0.0,0.0,0.0,0.973228394985199,0.9576916694641113,0.9605283141136169,0.9605386853218079,0.9413667917251587,0.7675495147705078,0.9559504985809326,0.9665011763572693,0.0
596,0.0,0.0,0.0,0.0,0.0,0.0,0.0,0.0,0.9161808490753174,0.9351586699485779,0.939132571220398,0.9273029565811157,0.844709038734436,0.8356736302375793,0.9382723569869995,0.927486777305603,2.0
597,0.0,0.0,0.0,0.0,0.0,0.0,1.0,0.0,0.9932323694229126,0.9917693138122559,0.9918666481971741,0.9933991432189941,0.9821325540542603,0.9566616415977478,0.9292221665382385,0.9883509874343872,1.0
598,0.0,0.0,0.0,0.0,0.0,0.0,0.0,0.0,0.9762607216835022,0.9789993762969971,0.9821047186851501,0.9844494462013245,0.9683603048324585,0.9551454782485962,0.9720647931098938,0.9784417748451233,1.0
599,1.0,1.0,1.0,1.0,1.0,1.0,1.0,1.0,0.9940146803855896,0.992586076259613,0.9933798313140869,0.9933785200119019,0.9804352521896362,0.936850905418396,0.9530974626541138,0.9928503036499023,1.0
600,1.0,1.0,1.0,1.0,1.0,1.0,1.0,0.0,0.9949917197227478,0.9902923703193665,0.9898603558540344,0.9946200847625732,0.9835313558578491,0.9122059941291809,0.9717592597007751,0.9926725029945374,4.0
601,0.0,0.0,0.0,0.0,0.0,0.0,0.0,0.0,0.9864237904548645,0.984748899936676,0.9889028668403625,0.9913381338119507,0.9753433465957642,0.9666602611541748,0.9688848853111267,0.9866076707839966,1.0
602,1.0,1.0,1.0,1.0,1.0,1.0,0.0,0.0,0.9949014186859131,0.994441568851471,0.9956310987472534,0.9956921935081482,0.9857252836227417,0.9414429664611816,0.9476683735847473,0.9921849370002747,1.0
603,0.0,0.0,0.0,0.0,0.0,0.0,0.0,0.0,0.9745109677314758,0.9719237685203552,0.9786984920501709,0.9795148372650146,0.9564419388771057,0.9384010434150696,0.9724579453468323,0.9730024337768555,1.0
604,1.0,1.0,1.0,1.0,1.0,1.0,1.0,1.0,0.9952672719955444,0.991814136505127,0.9902375340461731,0.9949511289596558,0.9831121563911438,0.8951954245567322,0.9626040458679199,0.9933764338493347,0.0
605,1.0,1.0,1.0,0.0,1.0,0.0,0.0,0.0,0.9934182167053223,0.9924494028091431,0.9928830862045288,0.9931286573410034,0.9826635718345642,0.9414446353912354,0.9172877073287964,0.9900454878807068,1.0
606,0.0,0.0,0.0,0.0,0.0,0.0,0.0,0.0,0.9894640445709229,0.9848572015762329,0.9876264929771423,0.988507866859436,0.9716840982437134,0.7622454762458801,0.8753917813301086,0.9802624583244324,3.0
607,1.0,1.0,1.0,1.0,1.0,1.0,1.0,0.0,0.9955572485923767,0.9919658899307251,0.9911770820617676,0.9943792223930359,0.9778203368186951,0.8416720032691956,0.959701657295227,0.9927250146865845,3.0
608,0.0,0.0,0.0,0.0,0.0,0.0,0.0,0.0,0.9672752022743225,0.9425306916236877,0.9225591421127319,0.9261006712913513,0.8951557278633118,0.6236093044281006,0.9346089363098145,0.9535802006721497,3.0
609,0.0,0.0,0.0,0.0,0.0,0.0,0.0,0.0,0.9708261489868164,0.9488708972930908,0.9235585927963257,0.9391606450080872,0.8358627557754517,0.45522549748420715,0.9025290608406067,0.9314590096473694,3.0
610,0.0,0.0,0.0,0.0,0.0,0.0,0.0,0.0,0.9721997380256653,0.9466224908828735,0.942539393901825,0.9430677890777588,0.8745682835578918,0.5590961575508118,0.9383633732795715,0.9566093683242798,3.0
611,1.0,1.0,1.0,0.0,1.0,1.0,1.0,0.0,0.9935562014579773,0.9885187745094299,0.9872857928276062,0.9918632507324219,0.977336049079895,0.801160454750061,0.9407820105552673,0.987069845199585,0.0
612,1.0,1.0,1.0,1.0,1.0,1.0,0.0,1.0,0.994610071182251,0.98867267370224,0.9868459701538086,0.9929446578025818,0.9848582744598389,0.8879551291465759,0.9599586129188538,0.9904202818870544,4.0
613,1.0,1.0,1.0,1.0,1.0,1.0,1.0,1.0,0.9915948510169983,0.9939325451850891,0.9934629201889038,0.9945710301399231,0.9783177375793457,0.9474916458129883,0.9758829474449158,0.9942076206207275,2.0
614,0.0,0.0,0.0,0.0,0.0,0.0,0.0,0.0,0.972734808921814,0.9523413181304932,0.9434362649917603,0.9416086673736572,0.9381216764450073,0.7613524794578552,0.9575836658477783,0.9679462313652039,0.0
615,1.0,1.0,1.0,1.0,1.0,0.0,0.0,0.0,0.9939563870429993,0.9893186688423157,0.9883300065994263,0.9916815161705017,0.9807246923446655,0.8433834314346313,0.9460235238075256,0.9880280494689941,0.0
616,1.0,1.0,0.0,1.0,0.0,0.0,1.0,1.0,0.9900597333908081,0.9915140867233276,0.9922608733177185,0.9936020970344543,0.9743400812149048,0.92449551820755,0.9556085467338562,0.9872686862945557,2.0
617,0.0,1.0,0.0,0.0,0.0,0.0,0.0,0.0,0.9912009239196777,0.9875482320785522,0.9835416674613953,0.988872230052948,0.9734945297241211,0.8629816770553589,0.9306307435035706,0.985742449760437,0.0
618,1.0,1.0,1.0,1.0,1.0,1.0,1.0,1.0,0.9937750101089478,0.9901930093765259,0.9888362288475037,0.9941043257713318,0.9838841557502747,0.8733800053596497,0.9478607177734375,0.9865766763687134,0.0
619,0.0,1.0,1.0,1.0,1.0,1.0,0.0,0.0,0.9933250546455383,0.9896182417869568,0.9903380274772644,0.9935937523841858,0.980872392654419,0.8627493977546692,0.9500900506973267,0.9838888645172119,4.0
620,0.0,0.0,0.0,0.0,0.0,0.0,0.0,0.0,0.9727214574813843,0.9484372735023499,0.9506664872169495,0.9588708877563477,0.940913200378418,0.6134247779846191,0.9504873752593994,0.9618796110153198,0.0
621,0.0,0.0,0.0,0.0,0.0,0.0,0.0,0.0,0.9720877408981323,0.9704080820083618,0.9782312512397766,0.9805147647857666,0.9496889114379883,0.9264763593673706,0.9634502530097961,0.971727192401886,1.0
622,0.0,0.0,0.0,0.0,0.0,0.0,0.0,0.0,0.9689674377441406,0.9664083123207092,0.9759336113929749,0.9765117764472961,0.947754979133606,0.9297056794166565,0.9661752581596375,0.9689198732376099,1.0
623,1.0,0.0,1.0,1.0,1.0,0.0,0.0,0.0,0.9929446578025818,0.9877644181251526,0.9858497381210327,0.9898045063018799,0.9672735333442688,0.7539736032485962,0.9160420894622803,0.9868707656860352,3.0
624,1.0,1.0,1.0,1.0,1.0,1.0,1.0,0.0,0.9946821331977844,0.9924873113632202,0.9921687245368958,0.9954019784927368,0.9808821082115173,0.8979194760322571,0.9716866612434387,0.9935303330421448,3.0
625,0.0,0.0,0.0,0.0,0.0,0.0,0.0,0.0,0.9606766104698181,0.946039080619812,0.9343744516372681,0.9311009645462036,0.9000235199928284,0.6772165298461914,0.9355373382568359,0.9532121419906616,0.0
626,0.0,1.0,1.0,1.0,1.0,1.0,0.0,0.0,0.9945932030677795,0.9902098178863525,0.9917019009590149,0.9955219030380249,0.9817107319831848,0.8340784311294556,0.939907968044281,0.9853208661079407,0.0
627,1.0,1.0,1.0,0.0,1.0,0.0,1.0,0.0,0.9940813183784485,0.9895574450492859,0.9877580404281616,0.9915221929550171,0.9685699343681335,0.8351340889930725,0.9522153735160828,0.9902287721633911,3.0
628,0.0,0.0,0.0,0.0,0.0,0.0,0.0,0.0,0.9815315008163452,0.9803157448768616,0.9885836839675903,0.9892822504043579,0.9669463038444519,0.945949912071228,0.9646466970443726,0.980989933013916,1.0
629,1.0,1.0,1.0,1.0,1.0,1.0,1.0,1.0,0.9959120750427246,0.991665780544281,0.9921545386314392,0.9962083101272583,0.985443651676178,0.914559543132782,0.9744960069656372,0.9932268261909485,0.0
630,1.0,1.0,1.0,1.0,0.0,0.0,1.0,0.0,0.9911085367202759,0.9921296238899231,0.9917169213294983,0.9927517175674438,0.970116376876831,0.9155855774879456,0.9474648237228394,0.9875785708427429,2.0
631,0.0,0.0,0.0,0.0,0.0,0.0,1.0,0.0,0.9884840846061707,0.9859535098075867,0.9890530705451965,0.9888314008712769,0.9719707369804382,0.9596841931343079,0.9446855187416077,0.9848384857177734,1.0
632,0.0,0.0,0.0,0.0,1.0,0.0,0.0,0.0,0.9731087684631348,0.9560706615447998,0.9592769145965576,0.9567853808403015,0.9261192679405212,0.7576137185096741,0.9522289037704468,0.9651966691017151,3.0
633,0.0,1.0,1.0,0.0,1.0,1.0,0.0,0.0,0.9872788190841675,0.9936468601226807,0.9935212731361389,0.9922524094581604,0.9855776429176331,0.9292388558387756,0.8997226357460022,0.9797502756118774,2.0
634,0.0,0.0,0.0,0.0,0.0,0.0,0.0,0.0,0.9690825343132019,0.972385823726654,0.9759320020675659,0.977246105670929,0.9596940279006958,0.9435306191444397,0.9709200859069824,0.9691799283027649,1.0
635,1.0,1.0,1.0,1.0,1.0,1.0,1.0,0.0,0.9922261238098145,0.9944713115692139,0.9940688610076904,0.9948846697807312,0.9782305955886841,0.9422125816345215,0.9735209345817566,0.9941907525062561,2.0
636,0.0,0.0,0.0,0.0,0.0,0.0,0.0,0.0,0.9309313893318176,0.9518095850944519,0.9586538076400757,0.9419841170310974,0.8949039578437805,0.8552930355072021,0.9364590048789978,0.9464123249053955,2.0
637,1.0,1.0,1.0,0.0,1.0,0.0,0.0,0.0,0.9932136535644531,0.989471971988678,0.9883628487586975,0.9916649460792542,0.9747743606567383,0.8535071611404419,0.9451210498809814,0.9895097017288208,3.0
638,0.0,0.0,0.0,0.0,0.0,0.0,0.0,0.0,0.9703655242919922,0.9475228190422058,0.9221049547195435,0.9301575422286987,0.8575279712677002,0.4542502164840698,0.906646192073822,0.9333650469779968,0.0
639,0.0,0.0,0.0,0.0,0.0,0.0,0.0,0.0,0.9748738408088684,0.9568048119544983,0.9612369537353516,0.960155189037323,0.9052119255065918,0.7178996205329895,0.9435704946517944,0.9651458859443665,3.0
640,0.0,0.0,0.0,0.0,0.0,0.0,0.0,0.0,0.9937981963157654,0.9891089200973511,0.9871931672096252,0.9921735525131226,0.9788267612457275,0.8504082560539246,0.9560631513595581,0.9914210438728333,3.0
641,1.0,1.0,1.0,1.0,1.0,1.0,1.0,1.0,0.9954754710197449,0.9924474954605103,0.9911426305770874,0.9947205781936646,0.9799391031265259,0.849791407585144,0.9684048891067505,0.9940608143806458,3.0
642,1.0,1.0,1.0,1.0,1.0,1.0,0.0,1.0,0.9954859614372253,0.9926126003265381,0.9916540384292603,0.9944878220558167,0.984778106212616,0.9054335355758667,0.9685751795768738,0.9921061992645264,4.0
643,0.0,1.0,1.0,1.0,1.0,1.0,1.0,0.0,0.9912559986114502,0.9937335848808289,0.9955969452857971,0.996085524559021,0.9848399758338928,0.9557508230209351,0.9606544971466064,0.9880478382110596,2.0
644,0.0,0.0,0.0,0.0,0.0,0.0,0.0,0.0,0.9714674949645996,0.9715983271598816,0.9785562753677368,0.9801328182220459,0.949586033821106,0.9284443259239197,0.9668197631835938,0.9692515730857849,1.0
645,1.0,1.0,1.0,1.0,1.0,1.0,0.0,0.0,0.9954278469085693,0.9930031895637512,0.9915571212768555,0.9951136708259583,0.9820590615272522,0.911544144153595,0.9595633149147034,0.9902964234352112,4.0
646,1.0,1.0,1.0,1.0,1.0,1.0,0.0,1.0,0.9946297407150269,0.9911631345748901,0.9906737208366394,0.9942122101783752,0.9842082858085632,0.9162977933883667,0.9462119340896606,0.9883339405059814,4.0
647,1.0,1.0,1.0,1.0,1.0,1.0,1.0,0.0,0.9951255917549133,0.9917711615562439,0.9913954138755798,0.9951010346412659,0.9845024943351746,0.9129416346549988,0.9637438058853149,0.9904910326004028,4.0
648,0.0,0.0,0.0,0.0,0.0,0.0,0.0,0.0,0.971396267414093,0.9562231302261353,0.9587557911872864,0.9624453186988831,0.9378342032432556,0.7722946405410767,0.9570634961128235,0.9671871066093445,3.0
649,1.0,1.0,1.0,1.0,1.0,1.0,0.0,1.0,0.9933130145072937,0.9920353293418884,0.9924774765968323,0.994149923324585,0.9840019941329956,0.9436158537864685,0.937272310256958,0.9914449453353882,1.0
650,0.0,0.0,0.0,0.0,0.0,0.0,0.0,0.0,0.8988350033760071,0.9254950881004333,0.9112381935119629,0.9023051261901855,0.8524019718170166,0.7894558906555176,0.9520329833030701,0.9170445203781128,2.0
651,1.0,1.0,1.0,1.0,1.0,1.0,0.0,0.0,0.9942078590393066,0.9908018708229065,0.991324782371521,0.9946441650390625,0.9737822413444519,0.814836323261261,0.9414495229721069,0.9877062439918518,3.0
652,1.0,1.0,1.0,1.0,1.0,1.0,0.0,0.0,0.9926471710205078,0.9927462935447693,0.993809163570404,0.996203601360321,0.9831324219703674,0.9516893625259399,0.9483574032783508,0.9874807000160217,2.0
653,1.0,1.0,1.0,1.0,1.0,1.0,1.0,1.0,0.9955505132675171,0.9940992593765259,0.9939287900924683,0.994850218296051,0.9821891188621521,0.9341964721679688,0.9528946280479431,0.9932323694229126,1.0
654,1.0,1.0,1.0,1.0,1.0,1.0,0.0,0.0,0.995254635810852,0.9910706281661987,0.9892588257789612,0.994288444519043,0.9855231046676636,0.9028264284133911,0.9687342643737793,0.991901695728302,4.0
655,0.0,0.0,0.0,0.0,0.0,0.0,0.0,0.0,0.9251307249069214,0.927717387676239,0.903201162815094,0.9121214151382446,0.8371767401695251,0.6605374813079834,0.9161238670349121,0.9013780355453491,2.0
656,1.0,1.0,1.0,1.0,1.0,1.0,1.0,1.0,0.994568943977356,0.9910987019538879,0.9881887435913086,0.9932762384414673,0.982885479927063,0.8885567784309387,0.9717839360237122,0.9932344555854797,0.0
657,0.0,0.0,0.0,0.0,0.0,0.0,0.0,0.0,0.9305233955383301,0.9555051326751709,0.960949182510376,0.9502297043800354,0.9107694029808044,0.857602596282959,0.9295193552970886,0.9374277591705322,2.0
658,1.0,1.0,1.0,1.0,1.0,1.0,1.0,0.0,0.9958245754241943,0.9921316504478455,0.9919071197509766,0.9945924878120422,0.9810048937797546,0.8785726428031921,0.9661131501197815,0.9896543025970459,3.0
659,1.0,1.0,1.0,1.0,1.0,1.0,1.0,1.0,0.995465099811554,0.9921993613243103,0.9914906620979309,0.9947541952133179,0.984043300151825,0.8667907118797302,0.9675173759460449,0.9933138489723206,3.0
660,0.0,0.0,0.0,0.0,0.0,0.0,0.0,0.0,0.9763146638870239,0.9764266014099121,0.9800487756729126,0.9831514358520508,0.9611687660217285,0.9567093253135681,0.9781006574630737,0.9787649512290955,1.0
661,0.0,0.0,0.0,0.0,0.0,0.0,0.0,0.0,0.9656437635421753,0.9410972595214844,0.9185183644294739,0.9115489721298218,0.8739027976989746,0.5845199227333069,0.9211879372596741,0.9479009509086609,4.0
662,0.0,0.0,0.0,0.0,0.0,0.0,0.0,0.0,0.9835988283157349,0.9825180172920227,0.9871459007263184,0.9886914491653442,0.9713063836097717,0.9561976194381714,0.9521470665931702,0.9830085039138794,1.0
663,0.0,0.0,0.0,0.0,0.0,0.0,0.0,0.0,0.9794593453407288,0.9619759321212769,0.9612736105918884,0.9724107384681702,0.9632986783981323,0.8015795946121216,0.9530029296875,0.9704938530921936,4.0
664,1.0,1.0,1.0,1.0,1.0,1.0,1.0,1.0,0.9934465289115906,0.9924444556236267,0.9932723641395569,0.9939655661582947,0.9814591407775879,0.9455072283744812,0.9360070824623108,0.992151141166687,1.0
665,0.0,0.0,0.0,0.0,0.0,0.0,0.0,0.0,0.9750022292137146,0.9747852683067322,0.9826427698135376,0.9831188321113586,0.9501679539680481,0.9339698553085327,0.9738995432853699,0.9747477769851685,1.0
666,1.0,1.0,1.0,1.0,1.0,1.0,1.0,1.0,0.9931730628013611,0.9943392872810364,0.995418906211853,0.9952788352966309,0.9744513034820557,0.9395700097084045,0.9698622226715088,0.9901577830314636,2.0
667,0.0,0.0,0.0,0.0,0.0,0.0,0.0,0.0,0.9754959940910339,0.9757674932479858,0.9805179834365845,0.9826117753982544,0.9542360305786133,0.9456945061683655,0.9730687737464905,0.97713303565979,1.0
668,0.0,0.0,0.0,0.0,0.0,0.0,0.0,0.0,0.9713950157165527,0.9497165679931641,0.9315888285636902,0.9406031966209412,0.8482383489608765,0.4859656095504761,0.9103109240531921,0.9436296224594116,0.0
669,1.0,1.0,1.0,1.0,1.0,1.0,0.0,0.0,0.9950143694877625,0.992298424243927,0.9912133812904358,0.9944489002227783,0.983014702796936,0.8573306202888489,0.9605146050453186,0.9896836280822754,0.0
670,0.0,0.0,0.0,0.0,0.0,0.0,0.0,0.0,0.9835773706436157,0.9823330044746399,0.9877666234970093,0.9882530570030212,0.9646832942962646,0.9572835564613342,0.9629579782485962,0.9818748831748962,1.0
671,1.0,1.0,1.0,0.0,1.0,1.0,0.0,0.0,0.9940857887268066,0.9907342195510864,0.9904752373695374,0.9933320879936218,0.9809746146202087,0.821523129940033,0.9311102628707886,0.9898125529289246,3.0
672,1.0,0.0,1.0,1.0,1.0,1.0,0.0,0.0,0.9959940910339355,0.9921350479125977,0.9929473400115967,0.9951401948928833,0.9794743061065674,0.8106147646903992,0.9524136781692505,0.9893714189529419,3.0
673,0.0,1.0,0.0,0.0,1.0,1.0,0.0,0.0,0.987804651260376,0.9795563220977783,0.9814656972885132,0.9853737354278564,0.9663951992988586,0.8552048802375793,0.9489442110061646,0.9803789854049683,0.0
674,1.0,1.0,1.0,1.0,1.0,1.0,1.0,1.0,0.9943656921386719,0.991520345211029,0.9896931052207947,0.9939929842948914,0.9859591126441956,0.9273281097412109,0.9747042655944824,0.993537962436676,4.0
675,1.0,1.0,1.0,1.0,1.0,1.0,1.0,1.0,0.9958374500274658,0.9917830228805542,0.992003858089447,0.9956575632095337,0.9847890138626099,0.8759473562240601,0.9673089981079102,0.9900116324424744,0.0
676,1.0,1.0,1.0,1.0,1.0,1.0,0.0,0.0,0.9958316683769226,0.9931706190109253,0.991942286491394,0.9951927661895752,0.9829861521720886,0.8704516887664795,0.96380215883255,0.992495059967041,3.0
677,0.0,0.0,0.0,0.0,0.0,0.0,0.0,0.0,0.9879939556121826,0.9868751168251038,0.9897252321243286,0.9910126328468323,0.9754214882850647,0.950696587562561,0.9240252375602722,0.9844207763671875,1.0
678,0.0,0.0,0.0,0.0,0.0,0.0,0.0,0.0,0.9820076823234558,0.9798853993415833,0.9869023561477661,0.9857748746871948,0.963753879070282,0.9436395168304443,0.945613443851471,0.9797315001487732,1.0
679,1.0,1.0,1.0,1.0,1.0,1.0,1.0,1.0,0.993159294128418,0.9907664060592651,0.9871011972427368,0.9937552213668823,0.9820265173912048,0.9064469337463379,0.9707949161529541,0.994056224822998,3.0
680,0.0,0.0,0.0,0.0,0.0,0.0,0.0,0.0,0.9729586243629456,0.9614028334617615,0.9443235993385315,0.9588923454284668,0.9246147274971008,0.6977319717407227,0.9511383175849915,0.9675908088684082,3.0
681,1.0,1.0,1.0,1.0,1.0,1.0,1.0,1.0,0.995225191116333,0.9922612309455872,0.9911254048347473,0.995093822479248,0.9867252111434937,0.9229660630226135,0.9732213020324707,0.9943207502365112,4.0
682,1.0,1.0,1.0,1.0,1.0,1.0,1.0,1.0,0.9932855367660522,0.9907907247543335,0.9884070754051208,0.9941723942756653,0.9762237668037415,0.9060201644897461,0.9743879437446594,0.9942663311958313,3.0
683,1.0,1.0,1.0,1.0,1.0,1.0,1.0,1.0,0.9935686588287354,0.9899249076843262,0.9873910546302795,0.9942305088043213,0.9845116138458252,0.9146717190742493,0.9683701395988464,0.994175374507904,4.0
684,0.0,0.0,0.0,0.0,0.0,0.0,0.0,0.0,0.9408032298088074,0.9651914238929749,0.9738856554031372,0.9715576171875,0.9278678297996521,0.8724440336227417,0.9529368877410889,0.9481490254402161,2.0
685,0.0,0.0,0.0,0.0,0.0,0.0,0.0,0.0,0.9743642807006836,0.9729874134063721,0.9773533344268799,0.9767962694168091,0.9458873867988586,0.9415401816368103,0.9741644263267517,0.9697611927986145,1.0
686,0.0,0.0,0.0,0.0,0.0,0.0,0.0,0.0,0.9640758633613586,0.9376728534698486,0.9237678050994873,0.927323579788208,0.9185177087783813,0.6610847115516663,0.9297886490821838,0.9489696621894836,4.0
687,1.0,1.0,1.0,1.0,1.0,1.0,1.0,0.0,0.9954323768615723,0.9928382039070129,0.9920368194580078,0.9953187108039856,0.9807168841362,0.8990078568458557,0.9745776653289795,0.9923567771911621,3.0
688,1.0,1.0,1.0,1.0,1.0,1.0,1.0,0.0,0.9951545000076294,0.9940419793128967,0.9949234127998352,0.9959496259689331,0.9834854006767273,0.9242000579833984,0.9420632719993591,0.9924807548522949,1.0
689,1.0,0.0,0.0,0.0,0.0,0.0,1.0,0.0,0.9937427639961243,0.9912204146385193,0.9929782748222351,0.9945728182792664,0.9822027683258057,0.9541022181510925,0.9524468779563904,0.9911380410194397,1.0
690,0.0,0.0,0.0,0.0,0.0,0.0,0.0,0.0,0.9844105243682861,0.968877375125885,0.9662295579910278,0.9794350862503052,0.9693859219551086,0.8502852320671082,0.9691486954689026,0.9741899967193604,4.0
691,0.0,0.0,0.0,0.0,1.0,0.0,0.0,0.0,0.9799345135688782,0.9650270938873291,0.9725847840309143,0.9744842648506165,0.9496249556541443,0.7884339094161987,0.962514340877533,0.9750401973724365,3.0
692,0.0,0.0,0.0,0.0,0.0,0.0,0.0,0.0,0.9024544954299927,0.9212555885314941,0.8995879292488098,0.8694446682929993,0.8148158192634583,0.7216287851333618,0.9304999709129333,0.9075079560279846,2.0
693,0.0,0.0,0.0,0.0,0.0,0.0,1.0,0.0,0.963131308555603,0.9499309062957764,0.9366821646690369,0.952372133731842,0.9336795806884766,0.7232029438018799,0.9531012177467346,0.9593303203582764,3.0
694,1.0,1.0,1.0,1.0,1.0,1.0,0.0,0.0,0.9956414699554443,0.9919642210006714,0.9920223951339722,0.9953371286392212,0.9809771180152893,0.8766487240791321,0.9618724584579468,0.9890636801719666,0.0
695,0.0,1.0,1.0,0.0,1.0,1.0,0.0,0.0,0.9775018692016602,0.990559458732605,0.9908759593963623,0.9847776889801025,0.9792419672012329,0.9186326265335083,0.8550578951835632,0.9695314168930054,2.0
696,0.0,1.0,1.0,1.0,1.0,1.0,0.0,0.0,0.9947319030761719,0.9919759631156921,0.9907219409942627,0.9948405623435974,0.9825485944747925,0.8571568131446838,0.9478033185005188,0.9855196475982666,0.0
697,0.0,0.0,0.0,0.0,0.0,0.0,0.0,0.0,0.9378241300582886,0.9578254818916321,0.9657594561576843,0.9628452062606812,0.9352463483810425,0.8345717787742615,0.9403850436210632,0.9462602138519287,2.0
698,1.0,1.0,1.0,1.0,1.0,1.0,1.0,1.0,0.9940747618675232,0.989625871181488,0.9878907203674316,0.9931615591049194,0.9858725070953369,0.9114046096801758,0.9696299433708191,0.9923909306526184,4.0
699,0.0,0.0,0.0,0.0,0.0,0.0,0.0,0.0,0.9806029200553894,0.9665310382843018,0.9615866541862488,0.9734570980072021,0.9660443067550659,0.8287137150764465,0.9694913029670715,0.9736769795417786,4.0
700,0.0,0.0,0.0,0.0,0.0,0.0,0.0,0.0,0.9227902293205261,0.935517430305481,0.9319746494293213,0.926017165184021,0.8756744265556335,0.7958807945251465,0.9467551112174988,0.9196654558181763,2.0
701,1.0,1.0,1.0,1.0,1.0,1.0,1.0,1.0,0.9935304522514343,0.9892480969429016,0.9885650277137756,0.9924322366714478,0.9829450249671936,0.884777843952179,0.9464160799980164,0.9873939752578735,4.0
702,1.0,1.0,1.0,1.0,1.0,1.0,1.0,1.0,0.9921677708625793,0.9895719289779663,0.987051248550415,0.9918197393417358,0.9783615469932556,0.8994991779327393,0.9696574211120605,0.9931672215461731,4.0
703,0.0,0.0,0.0,0.0,0.0,0.0,0.0,0.0,0.9716745018959045,0.9714156985282898,0.9790366291999817,0.977141797542572,0.9499064683914185,0.9409239292144775,0.9720727801322937,0.9700871109962463,1.0
704,1.0,1.0,1.0,1.0,1.0,1.0,1.0,1.0,0.9946164488792419,0.9921382069587708,0.9901489019393921,0.9949275255203247,0.9816951751708984,0.9045993089675903,0.9725608825683594,0.9920904636383057,0.0
705,1.0,1.0,1.0,1.0,1.0,1.0,0.0,0.0,0.9954609274864197,0.9930912256240845,0.9919421672821045,0.9953169822692871,0.9837570190429688,0.9225143194198608,0.970192015171051,0.992004930973053,0.0
706,0.0,1.0,1.0,1.0,1.0,1.0,0.0,0.0,0.9931320548057556,0.9902992248535156,0.9899360537528992,0.9943315982818604,0.9791774153709412,0.8062630295753479,0.934393048286438,0.983254611492157,0.0
707,1.0,1.0,1.0,1.0,1.0,1.0,1.0,0.0,0.9949382543563843,0.9924267530441284,0.9913972616195679,0.9946229457855225,0.9807533621788025,0.878472626209259,0.9702468514442444,0.9918408393859863,3.0
708,0.0,0.0,0.0,0.0,0.0,0.0,0.0,0.0,0.9129252433776855,0.9308763146400452,0.9178215265274048,0.9074239134788513,0.8582720756530762,0.802556574344635,0.9420632719993591,0.9227441549301147,2.0
709,1.0,1.0,1.0,0.0,1.0,1.0,0.0,0.0,0.9907323122024536,0.9847084283828735,0.9811625480651855,0.9881231188774109,0.9689114689826965,0.862311601638794,0.9158607125282288,0.9840918779373169,3.0
710,0.0,0.0,0.0,0.0,0.0,0.0,0.0,0.0,0.9836819171905518,0.9709632396697998,0.9715322852134705,0.9806039929389954,0.9423444271087646,0.8126521110534668,0.9714282155036926,0.977937638759613,3.0
711,0.0,0.0,0.0,0.0,0.0,0.0,0.0,0.0,0.9750633239746094,0.9542665481567383,0.9511848092079163,0.9536551237106323,0.9399233460426331,0.7528396844863892,0.9516673684120178,0.9672982692718506,3.0
712,0.0,0.0,0.0,0.0,0.0,0.0,0.0,0.0,0.9687232971191406,0.94952392578125,0.9440376162528992,0.9540877938270569,0.9298838973045349,0.6897680163383484,0.9380724430084229,0.9532253742218018,3.0
713,0.0,1.0,1.0,1.0,1.0,1.0,0.0,0.0,0.9955751895904541,0.9913220405578613,0.9908303022384644,0.9949648976325989,0.9837775230407715,0.8722209930419922,0.9518850445747375,0.9898443222045898,0.0
714,0.0,0.0,0.0,0.0,0.0,0.0,0.0,0.0,0.9604472517967224,0.9428809285163879,0.9162518382072449,0.9153287410736084,0.8348740935325623,0.5223562121391296,0.9113080501556396,0.9305989742279053,3.0
715,0.0,0.0,0.0,0.0,0.0,0.0,0.0,0.0,0.9694386720657349,0.9492899775505066,0.9393250942230225,0.9452775716781616,0.9379758834838867,0.7432042360305786,0.949783205986023,0.9666474461555481,0.0
716,0.0,0.0,0.0,0.0,0.0,0.0,0.0,0.0,0.9712022542953491,0.9460515379905701,0.9282256364822388,0.9249295592308044,0.8886114954948425,0.5572647452354431,0.9133683443069458,0.9430405497550964,0.0
717,0.0,0.0,0.0,0.0,0.0,0.0,0.0,0.0,0.918339192867279,0.9329994916915894,0.9109703898429871,0.9080713391304016,0.8262643814086914,0.7480916976928711,0.9249325394630432,0.914602518081665,2.0
718,0.0,0.0,0.0,0.0,0.0,0.0,0.0,0.0,0.9299744963645935,0.9415229558944702,0.9358281493186951,0.9155492186546326,0.8717424273490906,0.7996336221694946,0.9355792999267578,0.9268844127655029,2.0
719,0.0,1.0,1.0,0.0,1.0,1.0,0.0,0.0,0.9943000078201294,0.9888866543769836,0.9880276918411255,0.9928582906723022,0.9814748764038086,0.8671637177467346,0.9575088620185852,0.9882299900054932,4.0
720,0.0,0.0,0.0,0.0,0.0,0.0,0.0,0.0,0.9188653230667114,0.9421237707138062,0.9293436408042908,0.9263139367103577,0.884559690952301,0.7813816070556641,0.9309130907058716,0.9239325523376465,2.0
721,0.0,0.0,0.0,0.0,0.0,0.0,0.0,0.0,0.9806085228919983,0.9667780995368958,0.9749405384063721,0.9764782190322876,0.9634049534797668,0.8065977692604065,0.9567644000053406,0.9675772190093994,0.0
722,1.0,1.0,1.0,1.0,1.0,1.0,0.0,1.0,0.9928915500640869,0.9936589598655701,0.9944885969161987,0.9962052702903748,0.9814264178276062,0.9425320625305176,0.9721460938453674,0.9937970638275146,2.0
723,0.0,0.0,0.0,0.0,0.0,0.0,0.0,0.0,0.9698245525360107,0.9492140412330627,0.934679388999939,0.9467760324478149,0.8857583403587341,0.6177176237106323,0.932860255241394,0.953656017780304,0.0
724,0.0,0.0,0.0,0.0,0.0,0.0,0.0,0.0,0.9697867631912231,0.9442649483680725,0.9300009608268738,0.9358392953872681,0.9452645182609558,0.7752578854560852,0.9436665773391724,0.9607348442077637,4.0
725,1.0,1.0,1.0,0.0,1.0,1.0,1.0,0.0,0.9945441484451294,0.9901305437088013,0.9887375831604004,0.9936662316322327,0.9838058948516846,0.8577442765235901,0.9573814868927002,0.9896699786186218,4.0
726,1.0,1.0,1.0,1.0,1.0,1.0,1.0,0.0,0.995519757270813,0.9915326237678528,0.9898057579994202,0.9941743016242981,0.9850364923477173,0.9046784043312073,0.9697732925415039,0.9913153648376465,4.0
727,0.0,0.0,0.0,0.0,0.0,0.0,0.0,0.0,0.9639782309532166,0.9440191388130188,0.9165012836456299,0.9146164655685425,0.8955591917037964,0.690485954284668,0.9346399903297424,0.9537714719772339,4.0
728,0.0,0.0,0.0,0.0,0.0,0.0,0.0,0.0,0.9749400019645691,0.9573245644569397,0.9559926390647888,0.9561371207237244,0.9322471618652344,0.7007056474685669,0.9437989592552185,0.9632956981658936,3.0
729,1.0,1.0,1.0,1.0,1.0,1.0,0.0,0.0,0.9961227774620056,0.9912328124046326,0.9904986023902893,0.994793713092804,0.9837236404418945,0.9005983471870422,0.9652818441390991,0.9930533766746521,4.0
730,1.0,0.0,1.0,1.0,1.0,1.0,0.0,0.0,0.9943969249725342,0.9897614121437073,0.9916594624519348,0.9934251308441162,0.978213906288147,0.8587746024131775,0.9263023734092712,0.9877395033836365,3.0
731,0.0,0.0,0.0,0.0,0.0,0.0,0.0,0.0,0.9908762574195862,0.9927655458450317,0.9940035939216614,0.9942236542701721,0.983982264995575,0.9188741445541382,0.9346522092819214,0.9858878254890442,2.0
732,0.0,1.0,1.0,1.0,1.0,1.0,1.0,0.0,0.991823136806488,0.9933745265007019,0.9938684105873108,0.9956309795379639,0.9830299019813538,0.9322161078453064,0.9643641114234924,0.9872298836708069,2.0
733,1.0,1.0,1.0,1.0,1.0,0.0,0.0,0.0,0.9935969114303589,0.9886800050735474,0.9867638945579529,0.9914402961730957,0.9846847057342529,0.8873369097709656,0.9363446831703186,0.9887563586235046,4.0
734,0.0,0.0,0.0,0.0,0.0,0.0,0.0,0.0,0.9755337834358215,0.9752359390258789,0.9815959334373474,0.9801605343818665,0.9619283676147461,0.9501639604568481,0.9735791087150574,0.9764552712440491,1.0
735,0.0,1.0,1.0,0.0,1.0,1.0,0.0,0.0,0.9912539124488831,0.9883419871330261,0.9888706803321838,0.9906278848648071,0.9731114506721497,0.7842574715614319,0.8975138664245605,0.9844830632209778,3.0
736,1.0,1.0,1.0,1.0,1.0,1.0,1.0,0.0,0.9941158294677734,0.9915828108787537,0.9897084832191467,0.9945743680000305,0.9807292819023132,0.9072115421295166,0.9727910757064819,0.9921930432319641,3.0
737,0.0,1.0,1.0,0.0,1.0,1.0,0.0,0.0,0.9795305132865906,0.9902745485305786,0.9918861389160156,0.98936927318573,0.9841655492782593,0.9246774315834045,0.8768600821495056,0.9711785316467285,2.0
738,0.0,0.0,0.0,0.0,0.0,0.0,0.0,0.0,0.9703794121742249,0.945423424243927,0.9370631575584412,0.951094925403595,0.9436818957328796,0.6764952540397644,0.9446401000022888,0.9605258107185364,4.0
739,0.0,0.0,0.0,0.0,0.0,0.0,0.0,0.0,0.967491865158081,0.9464641213417053,0.9232539534568787,0.9181699156761169,0.8779923915863037,0.6110701560974121,0.9300406575202942,0.9476964473724365,3.0
740,0.0,0.0,0.0,0.0,0.0,0.0,0.0,0.0,0.9778528809547424,0.9633617401123047,0.957912266254425,0.9649726748466492,0.9548309445381165,0.8113035559654236,0.9574110507965088,0.9684375524520874,0.0
741,1.0,1.0,1.0,1.0,1.0,1.0,1.0,1.0,0.9954748749732971,0.9914519786834717,0.9909489750862122,0.9952013492584229,0.9853218793869019,0.8992263078689575,0.9633991122245789,0.9924341440200806,0.0
742,0.0,0.0,0.0,0.0,0.0,0.0,0.0,0.0,0.9668713808059692,0.9468942284584045,0.937186062335968,0.9475498795509338,0.9182718396186829,0.7162710428237915,0.9431642889976501,0.9617239236831665,4.0
743,1.0,1.0,1.0,1.0,1.0,1.0,1.0,1.0,0.9943264126777649,0.991524338722229,0.9904797673225403,0.995243489742279,0.9858741760253906,0.9335947036743164,0.9758502840995789,0.9947943091392517,0.0
744,1.0,1.0,1.0,1.0,1.0,1.0,1.0,1.0,0.9941441416740417,0.990666925907135,0.9883241653442383,0.9942362904548645,0.984072744846344,0.9320439696311951,0.9720394611358643,0.994654655456543,3.0
745,1.0,1.0,1.0,1.0,1.0,1.0,1.0,1.0,0.9947269558906555,0.9918377995491028,0.9903005361557007,0.994318425655365,0.9809473156929016,0.8993645906448364,0.9634613990783691,0.9935505390167236,3.0
746,0.0,0.0,0.0,0.0,0.0,0.0,0.0,0.0,0.9680832624435425,0.9467294216156006,0.9358673691749573,0.9393597841262817,0.9083427786827087,0.6377102732658386,0.9289272427558899,0.9534142017364502,3.0
747,1.0,0.0,1.0,1.0,0.0,0.0,0.0,1.0,0.9957239627838135,0.9900894165039062,0.9906811118125916,0.994123637676239,0.9815505743026733,0.8923472166061401,0.9520798325538635,0.9912309646606445,4.0
748,0.0,0.0,0.0,0.0,0.0,0.0,0.0,0.0,0.9736049771308899,0.9565371870994568,0.9586752653121948,0.9572927355766296,0.9444215297698975,0.7207270860671997,0.9336869716644287,0.9601408839225769,4.0
749,0.0,0.0,0.0,0.0,1.0,0.0,0.0,0.0,0.9236124157905579,0.9407556653022766,0.9327486753463745,0.9240610003471375,0.8625780940055847,0.7278249859809875,0.9364877939224243,0.9288387894630432,2.0
750,0.0,0.0,0.0,0.0,0.0,0.0,0.0,0.0,0.9693052768707275,0.943915605545044,0.9323146343231201,0.9359898567199707,0.857341468334198,0.5878511071205139,0.92415851354599,0.9445952773094177,3.0
751,0.0,0.0,0.0,0.0,0.0,0.0,1.0,0.0,0.986116349697113,0.9849290251731873,0.9893873929977417,0.9908310174942017,0.9700666666030884,0.9631202816963196,0.9595507979393005,0.9854497909545898,1.0
752,1.0,1.0,1.0,1.0,1.0,1.0,1.0,1.0,0.9946297407150269,0.9917056560516357,0.9893565773963928,0.9940695762634277,0.982490062713623,0.9109612703323364,0.9692036509513855,0.9939329028129578,3.0
753,0.0,0.0,0.0,0.0,0.0,0.0,0.0,0.0,0.9741324186325073,0.9518268704414368,0.9331961274147034,0.9330395460128784,0.8765210509300232,0.5002797245979309,0.9085761308670044,0.943105161190033,0.0
754,0.0,0.0,0.0,0.0,0.0,0.0,0.0,0.0,0.9815473556518555,0.9786080718040466,0.9849409461021423,0.9847012758255005,0.9540784358978271,0.9328528046607971,0.9664033055305481,0.9786000847816467,1.0
755,0.0,0.0,0.0,0.0,0.0,0.0,0.0,0.0,0.9928445219993591,0.9898887276649475,0.9909844398498535,0.9919809103012085,0.9720815420150757,0.9149594306945801,0.8650808930397034,0.9874217510223389,1.0
756,0.0,0.0,0.0,0.0,0.0,0.0,0.0,0.0,0.9674122929573059,0.9465012550354004,0.9276792407035828,0.9244739413261414,0.9105086326599121,0.6043081283569336,0.9290167689323425,0.9482443928718567,0.0
757,1.0,1.0,1.0,1.0,1.0,1.0,1.0,0.0,0.9917998909950256,0.9931432008743286,0.9945738911628723,0.9950939416885376,0.9841120839118958,0.9443972110748291,0.9496387243270874,0.9871461391448975,2.0
758,0.0,0.0,0.0,0.0,0.0,0.0,0.0,0.0,0.9826673865318298,0.9715278744697571,0.9713072776794434,0.9744322896003723,0.970119833946228,0.8355734944343567,0.9647701382637024,0.9759642481803894,0.0
759,1.0,1.0,1.0,1.0,1.0,1.0,0.0,0.0,0.9920884370803833,0.9931627511978149,0.9954747557640076,0.9966806769371033,0.9846985936164856,0.9444553256034851,0.960385799407959,0.9862284660339355,2.0
760,1.0,1.0,1.0,1.0,1.0,1.0,0.0,1.0,0.995448648929596,0.9902381300926208,0.9901573657989502,0.9937042593955994,0.984031081199646,0.8733848929405212,0.9610271453857422,0.9923900961875916,0.0
761,0.0,0.0,0.0,0.0,0.0,0.0,0.0,0.0,0.9717555642127991,0.9445841312408447,0.9302895665168762,0.9372339248657227,0.8984319567680359,0.5420570373535156,0.9121886491775513,0.9483389258384705,0.0
762,1.0,1.0,1.0,1.0,1.0,1.0,0.0,0.0,0.9931938648223877,0.9931163787841797,0.994475781917572,0.9956154823303223,0.9813839793205261,0.9356354475021362,0.9541200399398804,0.9917795062065125,2.0
763,0.0,0.0,0.0,0.0,0.0,0.0,0.0,0.0,0.9784073233604431,0.9656495451927185,0.9681015610694885,0.9773150682449341,0.9698051810264587,0.8230802416801453,0.9604073762893677,0.9688647985458374,4.0
764,0.0,0.0,0.0,0.0,0.0,0.0,0.0,0.0,0.9785317182540894,0.9645726084709167,0.9612950682640076,0.968679666519165,0.9480480551719666,0.7360575795173645,0.9264457821846008,0.9708348512649536,0.0
765,0.0,0.0,0.0,0.0,0.0,0.0,0.0,0.0,0.9084330797195435,0.9188147783279419,0.9021106362342834,0.8987578749656677,0.8082769513130188,0.6829174757003784,0.9294660091400146,0.9130000472068787,2.0
766,0.0,0.0,0.0,0.0,0.0,0.0,0.0,0.0,0.969122588634491,0.9513834714889526,0.9449089765548706,0.9497997760772705,0.9530200362205505,0.8388338685035706,0.951900839805603,0.966586172580719,4.0
767,1.0,1.0,1.0,1.0,1.0,1.0,1.0,1.0,0.9953604340553284,0.9940592050552368,0.994860827922821,0.995261013507843,0.9866300821304321,0.9443729519844055,0.9536835551261902,0.9933590292930603,1.0
768,0.0,0.0,0.0,0.0,0.0,0.0,0.0,0.0,0.9688562154769897,0.9389211535453796,0.9217730760574341,0.9300252199172974,0.8700247406959534,0.5479428768157959,0.91828453540802,0.9420129060745239,4.0
769,1.0,1.0,1.0,0.0,1.0,0.0,1.0,0.0,0.9936145544052124,0.9887621998786926,0.9885199666023254,0.9923621416091919,0.9849803447723389,0.8896195292472839,0.9517247080802917,0.989154040813446,4.0
770,0.0,0.0,0.0,0.0,0.0,0.0,0.0,0.0,0.984046995639801,0.9751288294792175,0.9755471348762512,0.9809397459030151,0.9443966746330261,0.8504276275634766,0.9434072971343994,0.9759268760681152,3.0
771,1.0,1.0,1.0,1.0,1.0,0.0,1.0,0.0,0.9952816367149353,0.990880012512207,0.9916507601737976,0.9943496584892273,0.9818556904792786,0.8832985758781433,0.9589665532112122,0.9894887804985046,4.0
772,0.0,0.0,0.0,0.0,0.0,0.0,0.0,0.0,0.9767370223999023,0.9578748345375061,0.9552825093269348,0.9685519337654114,0.9598479270935059,0.7818388938903809,0.9355112910270691,0.9685225486755371,4.0
773,1.0,1.0,1.0,1.0,1.0,1.0,1.0,1.0,0.9933943152427673,0.9870682954788208,0.9866721630096436,0.9920690059661865,0.9769357442855835,0.8621984720230103,0.9370155930519104,0.9899898767471313,3.0
774,1.0,1.0,1.0,1.0,1.0,1.0,0.0,0.0,0.9953252077102661,0.9916316866874695,0.991040050983429,0.9930914640426636,0.9783781170845032,0.8426924347877502,0.943303108215332,0.9894171357154846,0.0
775,0.0,1.0,1.0,1.0,1.0,1.0,0.0,0.0,0.9943496584892273,0.9920580983161926,0.9903703331947327,0.9952499866485596,0.9857577085494995,0.9278638362884521,0.9700716137886047,0.9912925362586975,4.0
776,0.0,1.0,1.0,1.0,1.0,1.0,0.0,0.0,0.9948806762695312,0.9911186099052429,0.9894156455993652,0.9937087297439575,0.9822351336479187,0.864576518535614,0.9517632126808167,0.9877914190292358,4.0
777,0.0,0.0,0.0,0.0,0.0,0.0,0.0,0.0,0.9673678874969482,0.9450797438621521,0.9330389499664307,0.9349335432052612,0.8752205967903137,0.6655678153038025,0.9296181201934814,0.9464499950408936,3.0
778,0.0,0.0,0.0,0.0,0.0,0.0,0.0,0.0,0.9655339121818542,0.9448306560516357,0.9345384836196899,0.94205641746521,0.9156056046485901,0.6289345622062683,0.9310422539710999,0.9486130475997925,0.0
779,0.0,0.0,0.0,0.0,0.0,0.0,0.0,0.0,0.9641263484954834,0.9417174458503723,0.9146614670753479,0.9042837619781494,0.8668265342712402,0.605790913105011,0.9314179420471191,0.9490914344787598,4.0
780,0.0,1.0,1.0,1.0,1.0,1.0,0.0,0.0,0.9952093958854675,0.994172990322113,0.9953403472900391,0.9952822327613831,0.9875090718269348,0.9263263940811157,0.9383710026741028,0.9926676154136658,1.0
781,0.0,0.0,0.0,0.0,0.0,0.0,0.0,0.0,0.9679740071296692,0.9425891637802124,0.9442771673202515,0.9473996162414551,0.9304597973823547,0.7250048518180847,0.9372817873954773,0.9613111615180969,3.0
782,1.0,1.0,1.0,1.0,1.0,1.0,1.0,0.0,0.9948740601539612,0.9909576177597046,0.9893448948860168,0.9943681359291077,0.9816796779632568,0.8715854287147522,0.9552368521690369,0.9879621863365173,4.0
783,1.0,1.0,1.0,1.0,1.0,1.0,1.0,0.0,0.9915169477462769,0.9936864972114563,0.9944075345993042,0.9939416646957397,0.9749129414558411,0.9364449381828308,0.9560567140579224,0.9844841361045837,2.0
784,0.0,0.0,0.0,0.0,1.0,0.0,0.0,0.0,0.989133894443512,0.990447998046875,0.9925811290740967,0.9933203458786011,0.9724801778793335,0.9030283689498901,0.8290407061576843,0.98264080286026,1.0
785,1.0,1.0,1.0,1.0,1.0,1.0,1.0,1.0,0.9914113283157349,0.9925002455711365,0.9939411878585815,0.9943852424621582,0.9802992343902588,0.9463403820991516,0.9565064907073975,0.987236499786377,2.0
786,1.0,1.0,1.0,1.0,1.0,1.0,0.0,0.0,0.9940472841262817,0.9920235872268677,0.9894055724143982,0.99335116147995,0.9794934391975403,0.8107712268829346,0.9561464190483093,0.9892579913139343,3.0
787,1.0,1.0,1.0,1.0,1.0,1.0,1.0,1.0,0.9948662519454956,0.9913327097892761,0.9893746376037598,0.9941089153289795,0.9808899164199829,0.8932228088378906,0.9709249138832092,0.9936513304710388,3.0
788,0.0,0.0,0.0,0.0,0.0,0.0,0.0,0.0,0.9131110906600952,0.9256568551063538,0.9116732478141785,0.8976604342460632,0.8354336619377136,0.77607661485672,0.9467986822128296,0.9245656132698059,2.0
789,0.0,0.0,0.0,0.0,0.0,0.0,0.0,0.0,0.9802237749099731,0.969972550868988,0.9754937291145325,0.9804161190986633,0.9518441557884216,0.8160126805305481,0.946437656879425,0.9735360741615295,3.0
790,0.0,0.0,0.0,0.0,0.0,0.0,0.0,0.0,0.9759328365325928,0.9752575755119324,0.9803594350814819,0.98234623670578,0.9484524130821228,0.9422910213470459,0.9654967188835144,0.9743191003799438,1.0
791,0.0,0.0,0.0,0.0,1.0,0.0,0.0,0.0,0.9803414344787598,0.9676227569580078,0.9733632206916809,0.9789060354232788,0.9611730575561523,0.7822607755661011,0.9370701313018799,0.9683240652084351,4.0
792,0.0,0.0,0.0,0.0,0.0,0.0,0.0,0.0,0.9610977172851562,0.9398385882377625,0.9173972606658936,0.9304608702659607,0.8870455622673035,0.5532287359237671,0.918632447719574,0.9405560493469238,3.0
793,0.0,0.0,0.0,0.0,0.0,0.0,0.0,0.0,0.9885064363479614,0.9877651929855347,0.9900175929069519,0.9917198419570923,0.9775387644767761,0.9502546787261963,0.9046806693077087,0.9859737157821655,1.0
794,0.0,0.0,0.0,0.0,0.0,0.0,0.0,0.0,0.9643099904060364,0.9385117888450623,0.921596884727478,0.9294581413269043,0.9023679494857788,0.6629965305328369,0.939404308795929,0.9535654783248901,4.0
795,1.0,1.0,1.0,1.0,1.0,1.0,1.0,1.0,0.9958198070526123,0.9918913841247559,0.9905806183815002,0.9947821497917175,0.9868116974830627,0.9129791855812073,0.9722364544868469,0.9929920434951782,4.0
796,0.0,0.0,0.0,0.0,0.0,0.0,0.0,0.0,0.972402036190033,0.9484076499938965,0.941334068775177,0.9421858191490173,0.9242451786994934,0.6339533925056458,0.9280163645744324,0.9472858905792236,0.0
797,1.0,1.0,1.0,1.0,1.0,1.0,1.0,1.0,0.9958661794662476,0.9925299286842346,0.991613507270813,0.9954654574394226,0.9813421368598938,0.9037028551101685,0.9700302481651306,0.9909799695014954,3.0
798,0.0,0.0,0.0,0.0,0.0,0.0,0.0,0.0,0.9644846320152283,0.9528237581253052,0.926303505897522,0.9326592683792114,0.9020275473594666,0.5970451235771179,0.9334661960601807,0.9478766918182373,0.0
799,0.0,0.0,0.0,0.0,0.0,0.0,0.0,0.0,0.9690420031547546,0.9522145390510559,0.9479302167892456,0.9448577761650085,0.9337425827980042,0.6576117277145386,0.9399994015693665,0.9591547250747681,0.0
800,0.0,0.0,0.0,0.0,0.0,0.0,0.0,0.0,0.9687624573707581,0.9471835494041443,0.9406760931015015,0.9428051710128784,0.9474426507949829,0.657000720500946,0.9343702793121338,0.9534526467323303,0.0
801,0.0,0.0,0.0,0.0,0.0,0.0,0.0,0.0,0.9710846543312073,0.9585592746734619,0.948904812335968,0.9542967081069946,0.9591694474220276,0.811998188495636,0.966057538986206,0.9699528217315674,0.0
802,0.0,0.0,0.0,0.0,0.0,0.0,0.0,0.0,0.9744378328323364,0.9555317163467407,0.9582025408744812,0.9629034399986267,0.9241323471069336,0.6048187613487244,0.9442344307899475,0.9630265235900879,0.0
803,0.0,0.0,0.0,0.0,0.0,0.0,0.0,0.0,0.978644073009491,0.9680168032646179,0.9655407071113586,0.9766806960105896,0.95924973487854,0.8594055771827698,0.9563804268836975,0.9757404923439026,3.0
804,0.0,0.0,0.0,0.0,0.0,0.0,0.0,0.0,0.9635781645774841,0.9444469213485718,0.9297821521759033,0.9264433979988098,0.9170317053794861,0.7399160265922546,0.9493178129196167,0.9617851376533508,4.0
805,1.0,1.0,1.0,1.0,1.0,1.0,1.0,1.0,0.9927731156349182,0.9883600473403931,0.9876844882965088,0.9918971657752991,0.9817533493041992,0.9095151424407959,0.9497173428535461,0.9890861511230469,4.0
806,0.0,0.0,0.0,0.0,1.0,0.0,0.0,0.0,0.9883697032928467,0.988617479801178,0.9904324412345886,0.9936029314994812,0.9706266522407532,0.879938542842865,0.8465327620506287,0.9834452271461487,1.0
807,1.0,1.0,1.0,1.0,1.0,1.0,0.0,0.0,0.9945946335792542,0.9900988936424255,0.9901784658432007,0.9940688610076904,0.9816662669181824,0.8065892457962036,0.9459757208824158,0.9879840612411499,3.0
808,1.0,1.0,1.0,1.0,1.0,0.0,0.0,0.0,0.9950426816940308,0.9910933375358582,0.9905768632888794,0.9940808415412903,0.9846669435501099,0.8577349781990051,0.9386481046676636,0.9902932643890381,0.0
809,1.0,1.0,1.0,0.0,1.0,0.0,1.0,0.0,0.9954729676246643,0.9909875988960266,0.9899346232414246,0.9934369921684265,0.9679331183433533,0.8285914659500122,0.9449939131736755,0.9914811849594116,3.0
810,0.0,0.0,0.0,0.0,0.0,0.0,0.0,0.0,0.9741294980049133,0.9720182418823242,0.9791569709777832,0.9787803888320923,0.9333552718162537,0.8778452277183533,0.9550122618675232,0.9613813757896423,1.0
811,0.0,1.0,1.0,1.0,1.0,1.0,1.0,0.0,0.9954044818878174,0.9918648600578308,0.9923593401908875,0.9951775074005127,0.9842782616615295,0.8594476580619812,0.9564511179924011,0.9902399778366089,3.0
812,1.0,1.0,1.0,1.0,1.0,1.0,1.0,0.0,0.9954438209533691,0.9925433397293091,0.9919345378875732,0.995907187461853,0.988634467124939,0.9168626070022583,0.9728466868400574,0.9920051693916321,4.0
813,0.0,0.0,0.0,0.0,0.0,0.0,0.0,0.0,0.911603569984436,0.9343311190605164,0.9178560972213745,0.8895794749259949,0.8341194987297058,0.7704468369483948,0.9166639447212219,0.9137004613876343,2.0
814,1.0,1.0,1.0,1.0,1.0,1.0,1.0,0.0,0.9955604076385498,0.9939531683921814,0.9944082498550415,0.9952103495597839,0.98371821641922,0.9402989149093628,0.9396021962165833,0.9924526810646057,1.0
815,1.0,1.0,1.0,1.0,1.0,1.0,1.0,1.0,0.9944477081298828,0.9911646246910095,0.9900593161582947,0.9938203692436218,0.9837443232536316,0.9030786156654358,0.9704468846321106,0.9925565123558044,4.0
816,0.0,0.0,0.0,0.0,0.0,0.0,0.0,0.0,0.9779847264289856,0.9786278605461121,0.9856137633323669,0.9874818325042725,0.9610914587974548,0.9510759711265564,0.9746327996253967,0.9795223474502563,1.0
817,1.0,1.0,1.0,1.0,1.0,1.0,1.0,1.0,0.9904583692550659,0.992709755897522,0.9932911396026611,0.9925349950790405,0.9682369232177734,0.9313420653343201,0.9682290554046631,0.9922234416007996,2.0
818,0.0,1.0,1.0,0.0,1.0,1.0,0.0,0.0,0.9929630160331726,0.9876676201820374,0.988994300365448,0.9915885329246521,0.9815723896026611,0.8504492044448853,0.9238178730010986,0.9844638705253601,4.0
819,1.0,1.0,1.0,1.0,1.0,1.0,1.0,0.0,0.9929042458534241,0.9950239658355713,0.9952032566070557,0.996423065662384,0.9854867458343506,0.9597477316856384,0.9715697169303894,0.989245593547821,2.0
820,0.0,0.0,0.0,0.0,0.0,0.0,0.0,0.0,0.9678286910057068,0.9485807418823242,0.9211497902870178,0.9313420653343201,0.8653912544250488,0.5665048956871033,0.9119336605072021,0.9378359913825989,3.0
821,1.0,1.0,1.0,1.0,1.0,1.0,1.0,0.0,0.9947748184204102,0.9920394420623779,0.9912931323051453,0.9947587847709656,0.9844862222671509,0.894930362701416,0.960106611251831,0.9885236620903015,4.0
822,1.0,1.0,1.0,1.0,1.0,1.0,0.0,0.0,0.9955032467842102,0.9915003776550293,0.9906001091003418,0.9959518909454346,0.984067440032959,0.9040362238883972,0.9619283676147461,0.9905988574028015,0.0
823,1.0,1.0,1.0,1.0,1.0,1.0,0.0,1.0,0.9910408854484558,0.9911549091339111,0.9917387366294861,0.9927345514297485,0.9726620316505432,0.9487856030464172,0.9684903025627136,0.9911835193634033,2.0
824,1.0,1.0,1.0,1.0,1.0,1.0,1.0,1.0,0.9944316744804382,0.9930803179740906,0.994060218334198,0.995083749294281,0.9843018054962158,0.9420411586761475,0.9609211087226868,0.992687463760376,1.0
825,1.0,1.0,1.0,1.0,1.0,1.0,0.0,0.0,0.9950395226478577,0.9905391931533813,0.9906030893325806,0.9940415024757385,0.9749656319618225,0.7959358096122742,0.9469150900840759,0.9888540506362915,3.0
826,1.0,1.0,1.0,1.0,1.0,1.0,1.0,1.0,0.992856502532959,0.9936293959617615,0.9945660829544067,0.9949114918708801,0.9803867936134338,0.9491000771522522,0.9722236394882202,0.9924305081367493,2.0
827,1.0,1.0,1.0,1.0,1.0,1.0,1.0,1.0,0.9912270903587341,0.9930833578109741,0.9942513704299927,0.9942134022712708,0.9813372492790222,0.962253749370575,0.9767993092536926,0.9946751594543457,2.0
828,0.0,1.0,1.0,1.0,1.0,1.0,0.0,0.0,0.9941533207893372,0.9933678507804871,0.9945152401924133,0.9944619536399841,0.9837967753410339,0.9363259673118591,0.946178674697876,0.9924013614654541,1.0
829,0.0,0.0,0.0,0.0,0.0,0.0,0.0,0.0,0.9788804650306702,0.9646101593971252,0.9654859304428101,0.9700528979301453,0.9506347179412842,0.7976049780845642,0.9622548818588257,0.9746860265731812,0.0
830,0.0,0.0,0.0,0.0,0.0,0.0,0.0,0.0,0.9753203988075256,0.9719060659408569,0.9789721965789795,0.9765194654464722,0.9289484620094299,0.8811050057411194,0.9567281603813171,0.963931143283844,1.0
831,1.0,1.0,1.0,1.0,1.0,1.0,1.0,1.0,0.9952019453048706,0.9926072359085083,0.9904671311378479,0.9945892095565796,0.9874823093414307,0.9286208152770996,0.9795417189598083,0.9942771792411804,4.0
832,0.0,0.0,0.0,0.0,0.0,0.0,0.0,0.0,0.9163921475410461,0.9335808753967285,0.9229832291603088,0.8797593116760254,0.8302341103553772,0.7398116588592529,0.9388834238052368,0.9142031073570251,2.0
833,0.0,0.0,0.0,0.0,0.0,0.0,0.0,0.0,0.9658792018890381,0.9474215507507324,0.9339447617530823,0.9395604729652405,0.9202852249145508,0.653469443321228,0.9439067840576172,0.9544580578804016,0.0
834,0.0,1.0,1.0,0.0,1.0,0.0,0.0,0.0,0.9932210445404053,0.9889146685600281,0.9879282116889954,0.990251898765564,0.966544508934021,0.7340714931488037,0.9040457606315613,0.9862619042396545,3.0
835,1.0,1.0,1.0,0.0,1.0,1.0,1.0,0.0,0.9952163696289062,0.99043208360672,0.9900926947593689,0.9940091371536255,0.9821844100952148,0.8561220169067383,0.9474402070045471,0.9913968443870544,3.0
836,0.0,0.0,0.0,0.0,0.0,0.0,0.0,0.0,0.9235453605651855,0.9295098781585693,0.9048107266426086,0.8978719711303711,0.8002576231956482,0.6546432971954346,0.906752347946167,0.8996573686599731,2.0
837,0.0,0.0,0.0,0.0,0.0,0.0,0.0,0.0,0.8927366733551025,0.9130973219871521,0.8822687864303589,0.8696100115776062,0.7706056833267212,0.7093855738639832,0.9302642941474915,0.9077475666999817,2.0
838,0.0,0.0,0.0,0.0,0.0,0.0,0.0,0.0,0.9708041548728943,0.9416298270225525,0.9280378222465515,0.9279630780220032,0.8847292065620422,0.5441521406173706,0.9134736061096191,0.9440000057220459,4.0
839,0.0,0.0,0.0,0.0,0.0,0.0,0.0,0.0,0.9635443091392517,0.9392293095588684,0.9293268918991089,0.9308176636695862,0.9415181875228882,0.7333494424819946,0.9415837526321411,0.9600740075111389,4.0
840,1.0,1.0,1.0,1.0,1.0,1.0,1.0,1.0,0.9945183396339417,0.9919750094413757,0.9899672269821167,0.9942386150360107,0.9875533580780029,0.9202940464019775,0.970280647277832,0.9938251972198486,4.0
841,1.0,1.0,1.0,1.0,1.0,1.0,1.0,1.0,0.9951287508010864,0.9927762746810913,0.9911563396453857,0.9947016835212708,0.9830943942070007,0.9214584827423096,0.9776864051818848,0.9941099286079407,0.0
842,1.0,0.0,0.0,0.0,0.0,0.0,1.0,0.0,0.9854620695114136,0.9752600789070129,0.9721603393554688,0.9834747910499573,0.9561940431594849,0.831800639629364,0.9713488221168518,0.9804511666297913,3.0
843,0.0,0.0,0.0,0.0,0.0,0.0,0.0,0.0,0.967004120349884,0.9426963329315186,0.9285457134246826,0.9353674054145813,0.8988122940063477,0.548824667930603,0.926722526550293,0.9422338604927063,0.0
844,0.0,0.0,0.0,0.0,0.0,0.0,0.0,0.0,0.9821439981460571,0.9695619344711304,0.9668458700180054,0.970092236995697,0.9382357001304626,0.754770040512085,0.9584563970565796,0.9679267406463623,0.0
845,0.0,0.0,1.0,0.0,1.0,0.0,0.0,0.0,0.9893635511398315,0.9898025393486023,0.9916600584983826,0.9944520592689514,0.974746823310852,0.9031702280044556,0.8634020686149597,0.9839575290679932,1.0
846,1.0,1.0,1.0,1.0,1.0,1.0,1.0,0.0,0.9928691983222961,0.9938732385635376,0.9941226840019226,0.9949443936347961,0.9788145422935486,0.9261772632598877,0.9497404098510742,0.990402102470398,2.0
847,0.0,0.0,0.0,0.0,0.0,0.0,0.0,0.0,0.9730336666107178,0.9538131356239319,0.947847306728363,0.9515972137451172,0.9113833904266357,0.6769514679908752,0.9332679510116577,0.9561076164245605,3.0
848,0.0,0.0,0.0,0.0,0.0,0.0,0.0,0.0,0.9805958271026611,0.9801703691482544,0.9846945405006409,0.9866622090339661,0.9647427201271057,0.945383608341217,0.9615252614021301,0.9812129139900208,1.0
849,0.0,0.0,0.0,0.0,0.0,0.0,0.0,0.0,0.9205852150917053,0.9390748143196106,0.9470895528793335,0.9385650157928467,0.8686574101448059,0.7923102974891663,0.9469643831253052,0.9285271763801575,2.0
850,1.0,1.0,1.0,1.0,1.0,1.0,1.0,0.0,0.9934006929397583,0.9947996139526367,0.9950609803199768,0.9954138398170471,0.9838809967041016,0.9620422124862671,0.9777318835258484,0.9928374886512756,2.0
851,0.0,1.0,1.0,0.0,1.0,1.0,0.0,0.0,0.9913967251777649,0.9924081563949585,0.9934578537940979,0.9931861162185669,0.9782604575157166,0.8809344172477722,0.8306447267532349,0.9848597645759583,1.0
852,1.0,0.0,1.0,1.0,1.0,0.0,1.0,1.0,0.9951211810112,0.9935304522514343,0.994684636592865,0.9936981797218323,0.9786018133163452,0.9215512275695801,0.9557846188545227,0.9933860898017883,1.0
853,0.0,0.0,0.0,0.0,0.0,0.0,0.0,0.0,0.9705323576927185,0.971441924571991,0.9731300473213196,0.9761741161346436,0.9457310438156128,0.9394447803497314,0.9744994044303894,0.9685509204864502,1.0
854,1.0,1.0,1.0,1.0,1.0,1.0,1.0,1.0,0.9960959553718567,0.9913712739944458,0.9917588829994202,0.9957712292671204,0.9851412773132324,0.9045284986495972,0.9575278162956238,0.9917041063308716,0.0
855,0.0,0.0,0.0,0.0,0.0,0.0,0.0,0.0,0.9787024855613708,0.9778656959533691,0.9813636541366577,0.982311487197876,0.954145610332489,0.9483726024627686,0.9609997272491455,0.9757475256919861,1.0
856,0.0,1.0,1.0,0.0,1.0,1.0,0.0,0.0,0.9923017024993896,0.9885708689689636,0.9885455965995789,0.9925951361656189,0.9823514819145203,0.8786135911941528,0.9288601279258728,0.9835116863250732,4.0
857,0.0,0.0,0.0,0.0,0.0,0.0,0.0,0.0,0.9757389426231384,0.9721562266349792,0.9815465807914734,0.9834327697753906,0.9420700073242188,0.896665632724762,0.9584065675735474,0.9666662812232971,1.0
858,0.0,0.0,0.0,0.0,0.0,0.0,0.0,0.0,0.9653937220573425,0.9382501244544983,0.929627001285553,0.9363059997558594,0.8885116577148438,0.5661967992782593,0.9165946245193481,0.9379972815513611,3.0
859,0.0,0.0,0.0,0.0,0.0,0.0,0.0,0.0,0.9696897864341736,0.9412345290184021,0.9379264712333679,0.943743109703064,0.8922135829925537,0.5470566153526306,0.9266442060470581,0.95074462890625,3.0
860,0.0,0.0,0.0,0.0,1.0,0.0,0.0,0.0,0.9926775693893433,0.9902308583259583,0.9904506802558899,0.9936680197715759,0.9820760488510132,0.872541606426239,0.9521679282188416,0.9838593602180481,4.0
861,0.0,0.0,0.0,0.0,0.0,0.0,0.0,0.0,0.9195377230644226,0.9318275451660156,0.907677173614502,0.9031211137771606,0.7867264151573181,0.7111927270889282,0.913085401058197,0.9092918038368225,2.0
862,0.0,1.0,1.0,1.0,1.0,1.0,1.0,0.0,0.9947949051856995,0.9913823008537292,0.9911559820175171,0.9949290752410889,0.9837661981582642,0.9126991629600525,0.9648634791374207,0.9897927045822144,4.0
863,0.0,0.0,0.0,0.0,0.0,0.0,0.0,0.0,0.9694757461547852,0.9473863840103149,0.9450544714927673,0.943571925163269,0.9174178242683411,0.5934996604919434,0.9393470883369446,0.9603953957557678,0.0
864,0.0,1.0,1.0,1.0,1.0,1.0,0.0,0.0,0.9925617575645447,0.9897921085357666,0.9885772466659546,0.9938111901283264,0.9799730777740479,0.8177919983863831,0.9315152764320374,0.9833492040634155,0.0
865,0.0,0.0,0.0,0.0,0.0,0.0,0.0,0.0,0.9761417508125305,0.9754974842071533,0.9832534193992615,0.9842098951339722,0.9456051588058472,0.9073641896247864,0.9619990587234497,0.9686058163642883,1.0
866,0.0,0.0,0.0,0.0,0.0,0.0,0.0,0.0,0.9921104311943054,0.9854114055633545,0.9834453463554382,0.9890531897544861,0.9683735966682434,0.8377006649971008,0.9122341871261597,0.9855089783668518,3.0
867,1.0,1.0,1.0,1.0,1.0,1.0,1.0,0.0,0.9931262731552124,0.9939157366752625,0.9954356551170349,0.9968795776367188,0.9860507845878601,0.9543144106864929,0.9635913372039795,0.9874588251113892,2.0
868,0.0,0.0,0.0,0.0,0.0,0.0,0.0,0.0,0.9672918319702148,0.9534932971000671,0.9425219893455505,0.9546224474906921,0.8686380386352539,0.696256697177887,0.9521022439002991,0.9588349461555481,3.0
869,0.0,1.0,1.0,1.0,1.0,1.0,0.0,0.0,0.9913502931594849,0.9931923747062683,0.9943933486938477,0.9955522418022156,0.9805132150650024,0.9363202452659607,0.9497537612915039,0.9848681092262268,2.0
870,0.0,0.0,0.0,0.0,0.0,0.0,0.0,0.0,0.9776484370231628,0.9564225077629089,0.9601726531982422,0.962967574596405,0.9161710739135742,0.6806147694587708,0.9498298168182373,0.970418393611908,3.0
871,0.0,0.0,0.0,0.0,0.0,0.0,0.0,0.0,0.9744005799293518,0.9526780247688293,0.9412853717803955,0.9475364089012146,0.9401755332946777,0.7194507122039795,0.9448162913322449,0.9619439244270325,4.0
872,0.0,0.0,0.0,0.0,0.0,0.0,0.0,0.0,0.9863443374633789,0.9770637154579163,0.9750009775161743,0.9754677414894104,0.9612634778022766,0.8264711499214172,0.9639281630516052,0.9781509637832642,0.0
873,1.0,1.0,1.0,1.0,1.0,1.0,1.0,0.0,0.9910690784454346,0.9928858876228333,0.992546021938324,0.9917442202568054,0.9762563705444336,0.9262858629226685,0.9485436677932739,0.9875122904777527,2.0
874,1.0,1.0,1.0,1.0,1.0,1.0,1.0,1.0,0.9949156045913696,0.9929759502410889,0.9907959699630737,0.9951063394546509,0.9876771569252014,0.9325557947158813,0.9775003790855408,0.9945970773696899,4.0
875,1.0,1.0,1.0,1.0,1.0,1.0,1.0,1.0,0.9947132468223572,0.9906935095787048,0.9894117712974548,0.9947419166564941,0.9837194681167603,0.9020117521286011,0.9644035696983337,0.9927892088890076,4.0
876,0.0,0.0,0.0,0.0,0.0,0.0,0.0,0.0,0.9795785546302795,0.9658249616622925,0.9686828255653381,0.9756222367286682,0.9654747247695923,0.8116719126701355,0.9609096646308899,0.972801923751831,4.0
877,1.0,0.0,1.0,1.0,1.0,0.0,0.0,0.0,0.9941856861114502,0.9895708560943604,0.9890368580818176,0.9932767748832703,0.9769062399864197,0.8478704690933228,0.9479212164878845,0.9883493185043335,0.0
878,1.0,0.0,1.0,1.0,0.0,0.0,0.0,0.0,0.9950149655342102,0.9910188913345337,0.990959644317627,0.9945526719093323,0.9856357574462891,0.9076685905456543,0.9496094584465027,0.9893978834152222,4.0
879,1.0,1.0,1.0,1.0,1.0,1.0,1.0,0.0,0.9949552416801453,0.9921239018440247,0.9900926947593689,0.9941828846931458,0.9817180633544922,0.8492756485939026,0.9657049775123596,0.9908792972564697,3.0
880,0.0,0.0,0.0,0.0,0.0,0.0,0.0,0.0,0.9719336628913879,0.9481586217880249,0.9490065574645996,0.9574394822120667,0.9459629058837891,0.6447502970695496,0.9429829120635986,0.9576759338378906,0.0
881,1.0,1.0,1.0,1.0,1.0,1.0,1.0,0.0,0.9940411448478699,0.9919945001602173,0.9913043975830078,0.994748055934906,0.9794248342514038,0.8046594858169556,0.9451094269752502,0.9860601425170898,3.0
882,0.0,0.0,0.0,0.0,0.0,0.0,0.0,0.0,0.9782249927520752,0.9604840278625488,0.9654571413993835,0.968536376953125,0.9124422669410706,0.7010895609855652,0.9582337141036987,0.9713696241378784,3.0
883,1.0,1.0,1.0,1.0,1.0,1.0,1.0,1.0,0.9942179918289185,0.9921180605888367,0.9887658953666687,0.9947655200958252,0.9848482012748718,0.9164872765541077,0.9747985005378723,0.994993269443512,4.0
884,1.0,1.0,1.0,1.0,1.0,1.0,1.0,1.0,0.9940656423568726,0.9931592345237732,0.994266927242279,0.9950813055038452,0.9868082404136658,0.9583325982093811,0.9718841314315796,0.994227409362793,1.0
885,0.0,0.0,0.0,0.0,0.0,0.0,0.0,0.0,0.9681413769721985,0.9409162402153015,0.9244715571403503,0.9322985410690308,0.9065126776695251,0.6229882836341858,0.922013521194458,0.9539173245429993,4.0
886,0.0,1.0,0.0,0.0,1.0,0.0,0.0,0.0,0.9924657344818115,0.9881607294082642,0.9876233339309692,0.9924565553665161,0.9743896126747131,0.838456928730011,0.9164960980415344,0.9861322641372681,3.0
887,0.0,1.0,1.0,0.0,1.0,1.0,0.0,0.0,0.9939849972724915,0.9893831610679626,0.9890667200088501,0.9919296503067017,0.9800865650177002,0.793803334236145,0.9187805652618408,0.9863648414611816,3.0
888,0.0,0.0,0.0,0.0,0.0,0.0,0.0,0.0,0.9424679279327393,0.9629130959510803,0.9670678973197937,0.9584799408912659,0.9199541211128235,0.8292136192321777,0.9427438378334045,0.9508934617042542,2.0
889,1.0,1.0,1.0,1.0,1.0,1.0,1.0,1.0,0.9910627603530884,0.9933686852455139,0.9933552742004395,0.9940199851989746,0.9753057956695557,0.9438984990119934,0.9741252064704895,0.993398904800415,2.0
890,0.0,0.0,0.0,0.0,0.0,0.0,0.0,0.0,0.9794714450836182,0.9800891876220703,0.9824184775352478,0.9847455620765686,0.9627808928489685,0.9600197076797485,0.9637382626533508,0.9787359833717346,1.0
891,0.0,1.0,1.0,1.0,1.0,1.0,0.0,0.0,0.988944947719574,0.9927491545677185,0.9941282272338867,0.9926828742027283,0.9842950105667114,0.9442594051361084,0.9292967915534973,0.984055757522583,2.0
892,1.0,1.0,1.0,1.0,1.0,1.0,1.0,1.0,0.9947530031204224,0.9928438067436218,0.9920904636383057,0.9953012466430664,0.9832872152328491,0.8527907729148865,0.9520688056945801,0.9876537919044495,3.0
893,0.0,0.0,0.0,0.0,0.0,0.0,0.0,0.0,0.9819709062576294,0.979473888874054,0.9854542016983032,0.9846300482749939,0.9637740254402161,0.9466168284416199,0.9680984616279602,0.9789360761642456,1.0
894,1.0,1.0,1.0,1.0,1.0,1.0,1.0,1.0,0.9914223551750183,0.9941524863243103,0.9942927360534668,0.9947846531867981,0.9791994690895081,0.9430131912231445,0.9708371758460999,0.9945616126060486,2.0
895,0.0,0.0,0.0,0.0,0.0,0.0,0.0,0.0,0.992638349533081,0.982137143611908,0.9820814728736877,0.9889011383056641,0.9565160274505615,0.8111816048622131,0.9434272646903992,0.9810023307800293,0.0
896,0.0,1.0,0.0,0.0,0.0,0.0,0.0,0.0,0.9931723475456238,0.9915140271186829,0.9910449981689453,0.9907519817352295,0.9615802764892578,0.8458200097084045,0.8044411540031433,0.9877607822418213,1.0
897,0.0,0.0,0.0,0.0,0.0,0.0,0.0,0.0,0.9696757793426514,0.9477602243423462,0.9381176829338074,0.9394351243972778,0.9349232316017151,0.722941517829895,0.9331982731819153,0.9552468061447144,4.0
898,1.0,1.0,1.0,1.0,1.0,1.0,1.0,1.0,0.99233478307724,0.9947149157524109,0.9938685297966003,0.9956632256507874,0.983730673789978,0.9589707255363464,0.9789557456970215,0.9954314231872559,2.0
899,1.0,1.0,1.0,1.0,1.0,1.0,1.0,1.0,0.9955633878707886,0.9913346171379089,0.9900757670402527,0.9945142269134521,0.9854062795639038,0.892730176448822,0.9654859304428101,0.9930557608604431,0.0
900,0.0,1.0,1.0,0.0,1.0,1.0,0.0,0.0,0.9951871037483215,0.9916079044342041,0.990938663482666,0.9935286641120911,0.9796613454818726,0.8739738464355469,0.940670907497406,0.9894105792045593,0.0
901,0.0,0.0,0.0,0.0,0.0,0.0,0.0,0.0,0.9804998636245728,0.9791232347488403,0.9777362942695618,0.9759491682052612,0.9581896066665649,0.8037574291229248,0.9155648946762085,0.9724120497703552,0.0
902,0.0,1.0,1.0,1.0,1.0,1.0,0.0,0.0,0.9934978485107422,0.9926500916481018,0.9934005737304688,0.9938866496086121,0.9824835658073425,0.9295352697372437,0.9114408493041992,0.9898363947868347,1.0
903,0.0,0.0,0.0,0.0,0.0,0.0,0.0,0.0,0.9683456420898438,0.9458784461021423,0.9211669564247131,0.9189335703849792,0.8205378651618958,0.48886290192604065,0.8974390625953674,0.9277233481407166,3.0
904,1.0,1.0,0.0,0.0,1.0,0.0,0.0,0.0,0.9937005043029785,0.9916248917579651,0.9923624992370605,0.9925070405006409,0.97913658618927,0.9236447215080261,0.9289339780807495,0.9906491637229919,1.0
905,0.0,0.0,0.0,0.0,0.0,0.0,0.0,0.0,0.9695954322814941,0.9450263977050781,0.9128079414367676,0.923626720905304,0.8102918267250061,0.44276031851768494,0.8909904360771179,0.9257903099060059,3.0
906,1.0,1.0,1.0,1.0,1.0,1.0,1.0,1.0,0.994763970375061,0.9905837774276733,0.989247739315033,0.9934180974960327,0.9819938540458679,0.9136579632759094,0.9697898030281067,0.9924476146697998,4.0
907,0.0,0.0,0.0,0.0,0.0,0.0,0.0,0.0,0.9757665991783142,0.9594104290008545,0.9638437628746033,0.9642048478126526,0.9589256644248962,0.8019137382507324,0.9586954116821289,0.9697285890579224,0.0
908,0.0,0.0,0.0,0.0,1.0,1.0,0.0,0.0,0.9903374910354614,0.985844612121582,0.9879055023193359,0.9922376275062561,0.9782124161720276,0.8651399612426758,0.9278019070625305,0.9798315167427063,4.0
909,1.0,1.0,1.0,0.0,1.0,0.0,1.0,1.0,0.9916022419929504,0.991909921169281,0.9930154085159302,0.992946207523346,0.9748517274856567,0.951644778251648,0.9630647301673889,0.9888911247253418,2.0
910,1.0,1.0,1.0,1.0,1.0,1.0,1.0,1.0,0.9910535216331482,0.9920477271080017,0.9932884573936462,0.9925892353057861,0.9724307656288147,0.9335067272186279,0.9698761105537415,0.9928523898124695,2.0
911,0.0,0.0,1.0,0.0,1.0,0.0,1.0,0.0,0.9902266263961792,0.9838827848434448,0.9845631718635559,0.9887905120849609,0.9745153784751892,0.7868485450744629,0.8981887698173523,0.9826973080635071,0.0
912,1.0,1.0,1.0,1.0,1.0,1.0,1.0,0.0,0.9912315011024475,0.9915353059768677,0.992708683013916,0.9930645823478699,0.9698771238327026,0.9284522533416748,0.9630202054977417,0.9881895780563354,2.0
913,0.0,0.0,0.0,0.0,0.0,0.0,0.0,0.0,0.9433411955833435,0.9606881737709045,0.9667968153953552,0.9600200057029724,0.919372022151947,0.8780196905136108,0.9285749793052673,0.9440448880195618,2.0
914,1.0,1.0,1.0,1.0,1.0,0.0,1.0,1.0,0.9931753277778625,0.9940609335899353,0.9944339394569397,0.9962511658668518,0.9792140126228333,0.9232732653617859,0.9659311771392822,0.9930768013000488,2.0
915,1.0,1.0,1.0,1.0,1.0,1.0,0.0,0.0,0.9949063062667847,0.9921401143074036,0.991894543170929,0.9945917725563049,0.9764879941940308,0.7932739853858948,0.9455863833427429,0.9890640377998352,3.0
916,0.0,0.0,0.0,0.0,0.0,0.0,0.0,0.0,0.979662299156189,0.9588689804077148,0.9574180841445923,0.9702199697494507,0.9126648306846619,0.7434242367744446,0.9543721079826355,0.9638818502426147,3.0
917,0.0,0.0,0.0,0.0,0.0,0.0,0.0,0.0,0.9638898372650146,0.9415795803070068,0.9214017987251282,0.9244999885559082,0.8711897730827332,0.48850706219673157,0.9182260036468506,0.9387469291687012,3.0
918,0.0,0.0,0.0,0.0,0.0,0.0,0.0,0.0,0.9728336334228516,0.9515706300735474,0.9488471746444702,0.9645508527755737,0.9610635042190552,0.8021775484085083,0.9606197476387024,0.9680119752883911,4.0
919,1.0,1.0,1.0,1.0,1.0,1.0,0.0,1.0,0.992794930934906,0.9937944412231445,0.9954231381416321,0.9959375858306885,0.9842261672019958,0.9430304765701294,0.9705870151519775,0.9931603670120239,2.0
920,1.0,1.0,1.0,1.0,1.0,1.0,0.0,1.0,0.9948263764381409,0.9918736815452576,0.9934356212615967,0.9932976365089417,0.982858419418335,0.9445673227310181,0.9546489119529724,0.9932085871696472,1.0
921,0.0,0.0,0.0,0.0,0.0,0.0,0.0,0.0,0.9703215956687927,0.9537785053253174,0.9361966848373413,0.9385200142860413,0.9018769264221191,0.6160187125205994,0.9352505207061768,0.9504242539405823,0.0
922,0.0,0.0,0.0,0.0,0.0,0.0,0.0,0.0,0.9120261669158936,0.9353657364845276,0.9222448468208313,0.9098502993583679,0.84468674659729,0.7764004468917847,0.9072400331497192,0.8977524638175964,2.0
923,0.0,0.0,0.0,0.0,0.0,0.0,0.0,0.0,0.9894675612449646,0.9862697720527649,0.9886375069618225,0.9911878108978271,0.9783399701118469,0.9747125506401062,0.9546121954917908,0.9858260750770569,1.0
924,0.0,0.0,0.0,0.0,0.0,0.0,0.0,0.0,0.9680066108703613,0.9545031785964966,0.9360700845718384,0.9503498673439026,0.9229236245155334,0.7227988839149475,0.9495421648025513,0.9618840217590332,3.0
925,0.0,0.0,0.0,0.0,0.0,0.0,0.0,0.0,0.9819594025611877,0.9700497388839722,0.9686070680618286,0.9788264036178589,0.9724616408348083,0.8296430706977844,0.9565897583961487,0.9723223447799683,4.0
926,1.0,1.0,1.0,1.0,1.0,1.0,0.0,0.0,0.9949701428413391,0.9900435209274292,0.9901297688484192,0.994584858417511,0.9797078967094421,0.8444375395774841,0.9481077194213867,0.9892187714576721,3.0
927,1.0,1.0,1.0,1.0,1.0,1.0,0.0,0.0,0.9940252900123596,0.9895648956298828,0.9877033233642578,0.9934369921684265,0.98432457447052,0.867974042892456,0.9500684142112732,0.9872711300849915,0.0
928,1.0,1.0,1.0,1.0,1.0,1.0,1.0,1.0,0.9948331117630005,0.9905621409416199,0.9892421364784241,0.9941405653953552,0.9763333201408386,0.8717859983444214,0.9659963250160217,0.9937636256217957,3.0
929,1.0,1.0,1.0,1.0,1.0,1.0,1.0,0.0,0.9878244400024414,0.9909043908119202,0.9917750358581543,0.9897958636283875,0.9770572185516357,0.9310754537582397,0.9267725944519043,0.9801309108734131,2.0
930,1.0,1.0,1.0,1.0,1.0,1.0,1.0,1.0,0.9925898313522339,0.9922873973846436,0.9938610792160034,0.9938753247261047,0.9777102470397949,0.9110109806060791,0.9303752779960632,0.9916900396347046,1.0
931,1.0,1.0,1.0,0.0,1.0,1.0,1.0,0.0,0.9885095953941345,0.9854004979133606,0.9858683347702026,0.9883646965026855,0.9826332330703735,0.8732155561447144,0.9210153818130493,0.9779361486434937,4.0
932,0.0,0.0,0.0,0.0,0.0,0.0,0.0,0.0,0.9743813872337341,0.9728336930274963,0.9793761968612671,0.9773814678192139,0.9500272870063782,0.9362311959266663,0.9692984223365784,0.9745392799377441,1.0
933,0.0,0.0,0.0,0.0,0.0,0.0,0.0,0.0,0.9610698819160461,0.9387239217758179,0.9189891219139099,0.9135057330131531,0.9033656120300293,0.6453946232795715,0.9310356378555298,0.9481269121170044,4.0
934,0.0,0.0,0.0,0.0,0.0,0.0,0.0,0.0,0.9715045094490051,0.9549452662467957,0.948091447353363,0.9568735361099243,0.9125444889068604,0.689012885093689,0.9517920613288879,0.9636160135269165,3.0
935,1.0,1.0,1.0,1.0,1.0,1.0,1.0,0.0,0.9931454658508301,0.9921231865882874,0.9918116331100464,0.9933347702026367,0.9772612452507019,0.9254967570304871,0.9218482375144958,0.9900109171867371,1.0
936,0.0,1.0,0.0,0.0,0.0,0.0,0.0,0.0,0.9848558306694031,0.9862483143806458,0.9855664968490601,0.9836196303367615,0.9545202255249023,0.8936741352081299,0.9081052541732788,0.9762017726898193,2.0
937,1.0,1.0,1.0,1.0,1.0,1.0,0.0,0.0,0.9931457042694092,0.9896609783172607,0.9889472723007202,0.9921269416809082,0.974440336227417,0.7837583422660828,0.9321528077125549,0.988795280456543,3.0
938,1.0,1.0,1.0,1.0,1.0,1.0,1.0,0.0,0.9937869310379028,0.9901500940322876,0.9885249733924866,0.993384063243866,0.9818666577339172,0.8773137927055359,0.9536247849464417,0.9897106289863586,0.0
939,0.0,0.0,0.0,0.0,0.0,0.0,0.0,0.0,0.9760262370109558,0.9605700969696045,0.9665006399154663,0.9711899161338806,0.9388401508331299,0.8059781789779663,0.9507189989089966,0.9720928072929382,3.0
940,0.0,0.0,0.0,0.0,0.0,0.0,0.0,0.0,0.9250448942184448,0.9438502788543701,0.9320219159126282,0.9136047959327698,0.879490077495575,0.7897839546203613,0.9282497763633728,0.9223793745040894,2.0
941,0.0,0.0,0.0,0.0,0.0,0.0,0.0,0.0,0.9652354121208191,0.9459198117256165,0.9247859120368958,0.9351785778999329,0.8700668811798096,0.5550592541694641,0.9345903396606445,0.9456941485404968,3.0
942,0.0,0.0,0.0,0.0,0.0,0.0,0.0,0.0,0.9667805433273315,0.9395522475242615,0.9265507459640503,0.9281374216079712,0.8647133708000183,0.5854666233062744,0.9200080633163452,0.9495267271995544,4.0
943,0.0,0.0,0.0,0.0,0.0,0.0,0.0,0.0,0.9624599814414978,0.9413613080978394,0.9188501834869385,0.9251130819320679,0.8930415511131287,0.6248142719268799,0.933539867401123,0.9531766176223755,3.0
944,1.0,1.0,1.0,1.0,1.0,1.0,1.0,1.0,0.9955156445503235,0.9913594126701355,0.9915096759796143,0.9952308535575867,0.9815353155136108,0.8909084796905518,0.9642822742462158,0.992694616317749,0.0
945,0.0,0.0,0.0,0.0,0.0,0.0,0.0,0.0,0.9685152769088745,0.9481340050697327,0.9214017987251282,0.9426531195640564,0.8789498805999756,0.4762481451034546,0.9140800833702087,0.9419835209846497,3.0
946,1.0,1.0,1.0,1.0,1.0,1.0,1.0,1.0,0.9951689839363098,0.9926362037658691,0.9907336235046387,0.9941971302032471,0.9829500913619995,0.8959359526634216,0.9708621501922607,0.9923112392425537,0.0
947,1.0,1.0,0.0,0.0,1.0,1.0,0.0,0.0,0.994929850101471,0.993100643157959,0.9941304326057434,0.9947439432144165,0.9819172024726868,0.8764402866363525,0.9057368040084839,0.991617739200592,1.0
948,1.0,1.0,1.0,1.0,1.0,1.0,1.0,0.0,0.9951234459877014,0.9927697777748108,0.9912434816360474,0.9954400062561035,0.980767011642456,0.9005571603775024,0.9729156494140625,0.993156373500824,3.0
949,1.0,1.0,1.0,1.0,1.0,1.0,1.0,0.0,0.9921159148216248,0.9930737018585205,0.9947490096092224,0.9935157299041748,0.9821891188621521,0.9609911441802979,0.9740489721298218,0.9920697212219238,2.0
950,0.0,0.0,0.0,0.0,0.0,0.0,0.0,0.0,0.9858508706092834,0.9912378191947937,0.9911961555480957,0.9920297861099243,0.9814675450325012,0.9146714210510254,0.9167525768280029,0.9804060459136963,2.0
951,1.0,1.0,1.0,1.0,1.0,1.0,1.0,1.0,0.9938619136810303,0.9931007623672485,0.9946457147598267,0.9956467747688293,0.9839186668395996,0.9539613127708435,0.9624636769294739,0.9928871989250183,1.0
952,0.0,1.0,1.0,0.0,1.0,1.0,0.0,0.0,0.992942214012146,0.9892908930778503,0.9883318543434143,0.9916018843650818,0.9665122032165527,0.821047842502594,0.9363141655921936,0.9873120784759521,3.0
953,1.0,1.0,1.0,1.0,1.0,1.0,1.0,0.0,0.9959027171134949,0.9921578168869019,0.9926407933235168,0.9960468411445618,0.9860261082649231,0.869136393070221,0.9568836688995361,0.988766610622406,0.0
954,1.0,1.0,1.0,1.0,1.0,1.0,1.0,0.0,0.9961608648300171,0.9951251149177551,0.9960674047470093,0.9963349103927612,0.9853333830833435,0.9317038059234619,0.9512051939964294,0.9922199845314026,1.0
955,0.0,0.0,0.0,0.0,0.0,0.0,0.0,0.0,0.9660515189170837,0.938556432723999,0.9243104457855225,0.9303488731384277,0.9190837740898132,0.6889583468437195,0.9251717329025269,0.9494041800498962,4.0
956,1.0,1.0,1.0,1.0,1.0,1.0,1.0,1.0,0.9916022419929504,0.9920834302902222,0.9939258694648743,0.9945501685142517,0.9767354130744934,0.9375817775726318,0.961341917514801,0.9905257225036621,2.0
957,0.0,0.0,1.0,0.0,0.0,0.0,0.0,0.0,0.9809904098510742,0.9734923839569092,0.9694100022315979,0.9778231382369995,0.9656932353973389,0.8495824337005615,0.9476289749145508,0.9721952676773071,4.0
958,1.0,1.0,1.0,1.0,1.0,1.0,1.0,1.0,0.9924544095993042,0.9949348568916321,0.9957128763198853,0.9960370659828186,0.9849132895469666,0.9615275859832764,0.9809643626213074,0.9947301149368286,2.0
959,1.0,1.0,1.0,1.0,1.0,1.0,1.0,1.0,0.9943264126777649,0.9904441237449646,0.9889211654663086,0.9942252039909363,0.9844064712524414,0.9349489808082581,0.9734256267547607,0.9931622743606567,4.0
960,0.0,0.0,0.0,0.0,0.0,0.0,0.0,0.0,0.981494665145874,0.973305881023407,0.9683020710945129,0.9781361222267151,0.9605721235275269,0.8191456198692322,0.9284095168113708,0.9785538911819458,3.0
961,1.0,1.0,1.0,1.0,1.0,1.0,1.0,1.0,0.9953345656394958,0.9919055700302124,0.9909125566482544,0.9936046004295349,0.9816562533378601,0.8936344385147095,0.9620542526245117,0.9938192963600159,0.0
962,0.0,0.0,0.0,0.0,0.0,0.0,0.0,0.0,0.9865672588348389,0.9766319394111633,0.9760381579399109,0.9855278134346008,0.9488027691841125,0.8068066239356995,0.9508217573165894,0.9808189272880554,3.0
963,1.0,1.0,1.0,1.0,1.0,1.0,1.0,1.0,0.9943069815635681,0.9931930899620056,0.993378221988678,0.9936810731887817,0.9817259907722473,0.944074809551239,0.9549940824508667,0.9925932288169861,1.0
964,0.0,0.0,0.0,0.0,0.0,0.0,0.0,0.0,0.9877927899360657,0.9893069863319397,0.9908735752105713,0.9932785630226135,0.9755439758300781,0.9196885228157043,0.8714444637298584,0.9821909666061401,1.0
965,1.0,0.0,1.0,0.0,1.0,1.0,0.0,0.0,0.9920414090156555,0.9916022419929504,0.992384135723114,0.9932831525802612,0.9747188687324524,0.8623448610305786,0.8302101492881775,0.9849610328674316,1.0
966,1.0,1.0,1.0,1.0,1.0,1.0,1.0,0.0,0.9953456521034241,0.9940358400344849,0.9948055148124695,0.9948364496231079,0.9842306971549988,0.9347192645072937,0.9468008279800415,0.9924854636192322,1.0
967,0.0,0.0,0.0,0.0,0.0,0.0,0.0,0.0,0.9625242948532104,0.9463310837745667,0.9348386526107788,0.9282075762748718,0.9201222062110901,0.6411306262016296,0.929972231388092,0.9518687725067139,0.0
968,1.0,1.0,0.0,0.0,0.0,0.0,0.0,0.0,0.9942092895507812,0.990578830242157,0.9903215765953064,0.9932732582092285,0.9789116382598877,0.872728168964386,0.9425238370895386,0.9848900437355042,4.0
969,0.0,0.0,0.0,0.0,0.0,0.0,0.0,0.0,0.9898136258125305,0.9893344044685364,0.9927083849906921,0.9932340979576111,0.9713483452796936,0.947401762008667,0.9304279088973999,0.9861729741096497,1.0
970,0.0,0.0,0.0,0.0,0.0,0.0,0.0,0.0,0.976898193359375,0.9733643531799316,0.9792560338973999,0.9809308648109436,0.9553208947181702,0.9293057918548584,0.9646018743515015,0.9711001515388489,1.0
971,1.0,1.0,1.0,1.0,1.0,1.0,0.0,1.0,0.9919449687004089,0.9933688044548035,0.9941815733909607,0.9952492713928223,0.9852821230888367,0.9438187479972839,0.9564123153686523,0.9903725385665894,2.0
972,0.0,0.0,0.0,0.0,0.0,0.0,0.0,0.0,0.9693918228149414,0.9505394101142883,0.9296846985816956,0.9387388825416565,0.8997466564178467,0.5866100192070007,0.92743319272995,0.9448719620704651,0.0
973,0.0,0.0,0.0,0.0,0.0,0.0,0.0,0.0,0.9730207920074463,0.9580137729644775,0.9450623989105225,0.9537374377250671,0.9233751893043518,0.6413801908493042,0.9311509728431702,0.9517227411270142,0.0
974,0.0,1.0,1.0,1.0,1.0,0.0,1.0,0.0,0.9929314851760864,0.99009108543396,0.9889968633651733,0.9927977919578552,0.9724820852279663,0.7476633191108704,0.9327976107597351,0.9834940433502197,3.0
975,1.0,1.0,1.0,0.0,1.0,1.0,1.0,1.0,0.9932905435562134,0.9877263903617859,0.9865639209747314,0.9912882447242737,0.982451856136322,0.9057986736297607,0.9510343670845032,0.9897425770759583,4.0
976,1.0,1.0,1.0,0.0,1.0,0.0,1.0,0.0,0.9938127994537354,0.9879070520401001,0.987116277217865,0.9923622608184814,0.9797499179840088,0.9066376090049744,0.9450782537460327,0.9879713654518127,3.0
977,0.0,0.0,0.0,0.0,0.0,0.0,0.0,0.0,0.969516396522522,0.9490503072738647,0.9353684782981873,0.9343867897987366,0.923792839050293,0.6480209827423096,0.9334524869918823,0.9529308080673218,0.0
978,1.0,1.0,1.0,0.0,1.0,1.0,0.0,0.0,0.9934269189834595,0.9876141548156738,0.9876242876052856,0.9925014972686768,0.9804878830909729,0.8880397081375122,0.9283159375190735,0.9861787557601929,4.0
979,0.0,0.0,1.0,0.0,0.0,0.0,0.0,0.0,0.9930423498153687,0.986817479133606,0.9853803515434265,0.9902044534683228,0.9747312068939209,0.808603823184967,0.922224223613739,0.9877378940582275,0.0
980,0.0,0.0,0.0,0.0,0.0,0.0,0.0,0.0,0.9738010168075562,0.9716883897781372,0.9751028418540955,0.9717760682106018,0.9212943315505981,0.9133260846138,0.9632758498191833,0.9595975279808044,1.0
981,1.0,1.0,1.0,1.0,1.0,1.0,1.0,1.0,0.993474543094635,0.9898805618286133,0.9868261218070984,0.9935553669929504,0.9866300821304321,0.9177427887916565,0.9653466939926147,0.9928646087646484,4.0
982,0.0,0.0,0.0,0.0,0.0,0.0,0.0,0.0,0.971088707447052,0.9544967412948608,0.9576126337051392,0.9550458788871765,0.9091945290565491,0.7568539977073669,0.9460287094116211,0.9580597281455994,3.0
983,1.0,1.0,1.0,1.0,1.0,0.0,0.0,0.0,0.9929683804512024,0.9935601949691772,0.9946711659431458,0.995341420173645,0.9789246320724487,0.9115175008773804,0.9441199898719788,0.9880913496017456,2.0
984,1.0,1.0,1.0,1.0,1.0,1.0,0.0,0.0,0.9942347407341003,0.9914372563362122,0.9905505180358887,0.9946711659431458,0.9840171933174133,0.9133227467536926,0.9671728014945984,0.9911617040634155,0.0
985,1.0,1.0,1.0,1.0,1.0,1.0,0.0,0.0,0.9954708814620972,0.9907915592193604,0.9893842339515686,0.9928526282310486,0.9835472702980042,0.9032481908798218,0.9638250470161438,0.9907317757606506,4.0
986,1.0,1.0,1.0,1.0,1.0,1.0,1.0,1.0,0.9943516254425049,0.99213045835495,0.9899216294288635,0.9941085577011108,0.9774839878082275,0.8880717158317566,0.9735785722732544,0.9936792254447937,3.0
987,1.0,1.0,1.0,1.0,1.0,1.0,1.0,1.0,0.9941410422325134,0.9919702410697937,0.9899175763130188,0.9941616654396057,0.9791206121444702,0.8983993530273438,0.9728525876998901,0.9938204884529114,3.0
988,1.0,1.0,1.0,1.0,1.0,1.0,0.0,1.0,0.9951217770576477,0.9913347363471985,0.9897943139076233,0.9928930401802063,0.9789029359817505,0.8808848261833191,0.9542612433433533,0.9914959669113159,4.0
989,0.0,0.0,0.0,0.0,0.0,0.0,0.0,0.0,0.979023277759552,0.964544951915741,0.9649636149406433,0.9631173014640808,0.9639004468917847,0.77742600440979,0.94118732213974,0.9712305665016174,0.0
990,1.0,0.0,1.0,1.0,1.0,0.0,0.0,0.0,0.9933843016624451,0.9886515736579895,0.9873850345611572,0.992152750492096,0.9781849384307861,0.8474674224853516,0.9421765804290771,0.9867861866950989,0.0
991,0.0,0.0,1.0,0.0,1.0,0.0,0.0,0.0,0.9885545372962952,0.9827085137367249,0.9847913384437561,0.9868398904800415,0.9750546813011169,0.8458001017570496,0.92069411277771,0.9796017408370972,4.0
992,1.0,1.0,1.0,1.0,1.0,1.0,1.0,0.0,0.9942569136619568,0.9894847273826599,0.9886407852172852,0.9918344020843506,0.9745082855224609,0.7872611284255981,0.9249231219291687,0.9882670044898987,3.0
993,1.0,1.0,1.0,1.0,1.0,1.0,1.0,0.0,0.9955930113792419,0.9913311004638672,0.9914535284042358,0.99472975730896,0.982437789440155,0.8899044990539551,0.9633820652961731,0.9921991229057312,0.0
994,1.0,1.0,1.0,1.0,1.0,1.0,1.0,0.0,0.9930250644683838,0.9943506121635437,0.99607253074646,0.9967083930969238,0.9849565625190735,0.9580119848251343,0.9698265790939331,0.987859308719635,2.0
995,0.0,0.0,0.0,0.0,0.0,0.0,0.0,0.0,0.9875446557998657,0.984498918056488,0.988868236541748,0.9896813035011292,0.9686292409896851,0.9537059664726257,0.951958179473877,0.9823144674301147,1.0
996,0.0,0.0,0.0,0.0,0.0,0.0,0.0,0.0,0.9744588732719421,0.962001383304596,0.9550362825393677,0.9677457809448242,0.9581794142723083,0.8389953970909119,0.9561556577682495,0.973365843296051,4.0
997,0.0,0.0,0.0,0.0,0.0,0.0,0.0,0.0,0.9662284255027771,0.9509363770484924,0.9309888482093811,0.9434996247291565,0.8612504005432129,0.5883685946464539,0.9452661871910095,0.9526483416557312,3.0
998,1.0,1.0,1.0,1.0,1.0,1.0,1.0,0.0,0.9949567914009094,0.9919970631599426,0.9900130033493042,0.9951110482215881,0.9841930270195007,0.9148533940315247,0.9705007672309875,0.9932102560997009,3.0
999,0.0,0.0,0.0,0.0,0.0,0.0,0.0,0.0,0.9814743399620056,0.9714752435684204,0.9729567170143127,0.9793608784675598,0.9575250744819641,0.8549575209617615,0.953606367111206,0.9747292995452881,3.0
1000,0.0,0.0,0.0,0.0,0.0,0.0,0.0,0.0,0.9197832345962524,0.9330034852027893,0.9358698725700378,0.9285547137260437,0.8613354563713074,0.8322650790214539,0.9630916118621826,0.9386090636253357,2.0
1001,0.0,0.0,0.0,0.0,0.0,0.0,0.0,0.0,0.9646816253662109,0.9434946179389954,0.9185740947723389,0.9180119037628174,0.8980258107185364,0.6029045581817627,0.9151209592819214,0.940264880657196,3.0
1002,1.0,1.0,1.0,1.0,1.0,1.0,0.0,1.0,0.9947512745857239,0.9904663562774658,0.9898110628128052,0.9931477904319763,0.9767739772796631,0.8119168281555176,0.9496517181396484,0.9899054169654846,3.0
1003,0.0,1.0,0.0,0.0,0.0,0.0,1.0,0.0,0.9929634928703308,0.986944317817688,0.9837813377380371,0.9879007339477539,0.95623379945755,0.7757125496864319,0.9346720576286316,0.9877561330795288,3.0
1004,1.0,1.0,1.0,1.0,1.0,1.0,0.0,0.0,0.9953479170799255,0.9913350939750671,0.9901295304298401,0.9936268329620361,0.9828108549118042,0.8871440887451172,0.9482423663139343,0.990770161151886,4.0
1005,1.0,1.0,1.0,1.0,1.0,0.0,1.0,1.0,0.992347240447998,0.9899861216545105,0.9869373440742493,0.9923987984657288,0.9786270260810852,0.8979579210281372,0.9702703356742859,0.9916874766349792,3.0
1006,1.0,1.0,1.0,1.0,1.0,1.0,0.0,1.0,0.9952765703201294,0.9918145537376404,0.9905643463134766,0.9946802258491516,0.9826762676239014,0.8836337327957153,0.9659740924835205,0.9918973445892334,3.0
1007,1.0,1.0,1.0,0.0,1.0,1.0,0.0,0.0,0.9930251836776733,0.9914425015449524,0.9905732274055481,0.9915391802787781,0.979282557964325,0.9098267555236816,0.8950084447860718,0.9892796874046326,1.0
1008,1.0,1.0,1.0,1.0,1.0,1.0,1.0,0.0,0.9941230416297913,0.9923213124275208,0.9937387704849243,0.9943050742149353,0.9877985119819641,0.9310934543609619,0.9234136343002319,0.9908477067947388,1.0
1009,0.0,0.0,0.0,0.0,0.0,0.0,0.0,0.0,0.9814035892486572,0.9799923300743103,0.9849510192871094,0.9864902496337891,0.968452513217926,0.9629027843475342,0.9729156494140625,0.9819778800010681,1.0
1010,0.0,0.0,0.0,0.0,0.0,0.0,0.0,0.0,0.9669955372810364,0.938559353351593,0.9243317246437073,0.9362696409225464,0.9136047959327698,0.7123953104019165,0.9357695579528809,0.9545658230781555,4.0
1011,1.0,1.0,1.0,1.0,1.0,1.0,1.0,1.0,0.9942703247070312,0.9930468201637268,0.9938886165618896,0.9950816631317139,0.9845037460327148,0.9470198154449463,0.9532215595245361,0.9928414821624756,1.0
1012,1.0,1.0,1.0,1.0,1.0,1.0,0.0,1.0,0.9947845339775085,0.9931783676147461,0.9925855994224548,0.9943947792053223,0.9855877161026001,0.921521782875061,0.9338107705116272,0.9918449521064758,1.0
1013,0.0,0.0,0.0,0.0,0.0,0.0,0.0,0.0,0.966261625289917,0.9451125264167786,0.9245638847351074,0.9319725036621094,0.8819973468780518,0.5369436144828796,0.9260287284851074,0.9405975341796875,0.0
1014,0.0,0.0,0.0,0.0,1.0,0.0,0.0,0.0,0.9873795509338379,0.9833110570907593,0.9858410358428955,0.9879977703094482,0.9790602922439575,0.8694041967391968,0.9262120723724365,0.9793796539306641,4.0
1015,0.0,0.0,0.0,0.0,0.0,0.0,0.0,0.0,0.9696983098983765,0.9487075805664062,0.9361744523048401,0.9497156739234924,0.8854676485061646,0.5859602689743042,0.9324162006378174,0.9492168426513672,3.0
1016,0.0,1.0,0.0,0.0,0.0,0.0,0.0,0.0,0.9891743659973145,0.984618604183197,0.9817206859588623,0.9876167178153992,0.9716604351997375,0.8299375772476196,0.9232360124588013,0.9808711409568787,4.0
1017,0.0,0.0,0.0,0.0,0.0,0.0,0.0,0.0,0.8975263237953186,0.9224470257759094,0.9064279198646545,0.9000951647758484,0.8279059529304504,0.7327539324760437,0.9232810139656067,0.9114880561828613,2.0
1018,1.0,0.0,1.0,0.0,1.0,1.0,1.0,0.0,0.9940130114555359,0.9883109927177429,0.9886564016342163,0.993630588054657,0.9723105430603027,0.8626940846443176,0.9510561227798462,0.9901676177978516,3.0
1019,1.0,1.0,1.0,1.0,1.0,1.0,1.0,1.0,0.9945587515830994,0.9919369220733643,0.9877546429634094,0.993421733379364,0.9824237823486328,0.9089447259902954,0.9725052118301392,0.9926581978797913,0.0
1020,0.0,0.0,0.0,0.0,0.0,0.0,1.0,0.0,0.9559191465377808,0.9717230200767517,0.9759387969970703,0.9704911112785339,0.9442665576934814,0.8909245729446411,0.940733790397644,0.960898220539093,2.0
1021,1.0,1.0,1.0,1.0,1.0,1.0,1.0,1.0,0.9933089017868042,0.9910265803337097,0.9888103008270264,0.9928441643714905,0.973341703414917,0.8551660776138306,0.9672595858573914,0.9933652281761169,3.0
1022,1.0,1.0,1.0,1.0,1.0,0.0,1.0,0.0,0.9845526218414307,0.9917358756065369,0.9922823309898376,0.9917309880256653,0.9738472104072571,0.9146478772163391,0.919776976108551,0.9793379306793213,2.0
1023,1.0,1.0,1.0,1.0,1.0,1.0,1.0,0.0,0.9949604272842407,0.9899391531944275,0.9887418150901794,0.9926097989082336,0.9752927422523499,0.8889350295066833,0.9650399684906006,0.991935133934021,0.0
1024,0.0,1.0,1.0,0.0,1.0,1.0,1.0,0.0,0.9790505766868591,0.9885076284408569,0.99097740650177,0.9878491163253784,0.9814730286598206,0.9288473725318909,0.8753547668457031,0.9724652767181396,2.0
1025,1.0,1.0,1.0,1.0,1.0,1.0,0.0,0.0,0.995554506778717,0.9943724870681763,0.9961250424385071,0.9950953722000122,0.9866356253623962,0.9355179667472839,0.9593483209609985,0.9937801957130432,1.0
